"Popolazione per età, vista per territorio - Comuni della Provincia di Barletta-Andria-Trani"

"Ricostruzione della popolazione intercensuaria - Popolazione al 1° gennaio per età"
"Tutte le cittadinanze - Anno: 2002 - Provincia: Barletta-Andria-Trani"
Territorio/Età;;0;1;2;3;4;5;6;7;8;9;10;11;12;13;14;15;16;17;18;19;20;21;22;23;24;25;26;27;28;29;30;31;32;33;34;35;36;37;38;39;40;41;42;43;44;45;46;47;48;49;50;51;52;53;54;55;56;57;58;59;60;61;62;63;64;65;66;67;68;69;70;71;72;73;74;75;76;77;78;79;80;81;82;83;84;85;86;87;88;89;90;91;92;93;94;95;96;97;98;99;100
Codice comune;Comune;Totale
110001;Andria;1194;1243;1286;1211;1237;1182;1194;1271;1258;1304;1338;1280;1279;1296;1262;1321;1264;1401;1306;1426;1436;1469;1517;1581;1595;1666;1656;1712;1630;1581;1726;1687;1674;1569;1602;1578;1457;1595;1403;1460;1480;1298;1322;1268;1231;1160;1098;1099;1032;1081;1074;1089;1146;1214;1041;1129;881;867;895;878;878;925;902;822;842;723;771;749;661;718;755;714;562;578;662;544;526;430;452;431;379;430;246;227;155;210;204;153;154;131;109;87;38;49;23;26;9;8;5;4;6
110002;Barletta;1151;1204;1215;1103;1102;1149;1085;1137;1125;1215;1234;1208;1230;1195;1205;1189;1162;1242;1285;1267;1351;1380;1389;1495;1539;1513;1537;1610;1517;1622;1580;1559;1575;1537;1524;1563;1515;1527;1424;1402;1324;1294;1281;1155;1239;1157;1160;1155;1099;996;1080;1071;1034;1211;1110;1130;971;866;907;874;903;967;869;789;839;773;788;759;735;673;763;657;657;598;674;581;466;461;461;445;373;371;204;185;160;160;175;155;108;108;95;75;38;39;17;17;21;3;4;7;7
110003;Bisceglie;502;585;567;543;611;540;555;585;582;644;652;632;606;585;621;619;612;577;642;652;663;690;732;735;757;797;775;832;814;827;891;841;898;896;924;967;930;969;910;836;760;750;700;696;699;700;671;717;625;619;677;630;640;630;609;649;547;496;517;526;471;592;500;491;515;487;454;462;420;481;496;434;407;380;330;403;333;349;283;289;269;295;136;98;100;113;123;90;102;79;68;55;30;27;22;16;14;6;8;2;6
110004;Canosa di Puglia;340;380;329;351;360;390;375;396;390;409;417;369;415;404;394;392;356;397;392;428;410;425;499;491;464;500;508;534;505;526;507;506;528;535;490;496;499;523;480;444;437;410;435;359;395;375;408;385;370;353;329;367;379;413;408;395;361;315;292;299;248;334;345;312;310;303;311;278;256;240;246;282;242;232;256;225;251;193;212;188;189;210;103;66;78;72;76;80;69;57;42;29;29;17;19;11;5;7;2;1;2
110005;Margherita di Savoia;120;128;126;119;133;133;128;165;155;148;187;153;155;149;167;151;138;152;130;151;154;179;166;158;182;151;185;186;168;186;163;188;190;184;181;217;206;196;246;167;189;177;175;148;157;154;149;159;132;160;127;159;152;181;142;166;158;139;120;126;163;153;134;141;128;125;129;129;115;129;143;120;137;115;101;113;89;95;86;89;80;86;55;45;32;20;36;39;29;18;23;19;12;14;3;5;2;1;2;1;2
110006;Minervino Murge;110;94;101;106;108;103;113;97;111;96;117;136;99;123;101;100;115;117;131;129;140;124;136;129;139;165;153;174;155;138;153;177;157;143;166;159;148;157;125;136;129;118;124;119;120;122;115;119;98;124;147;138;119;133;134;133;108;89;114;99;97;123;118;124;135;134;128;133;98;106;103;132;97;91;101;85;72;64;89;68;71;87;40;31;26;36;44;39;38;33;21;25;16;15;6;2;7;2;0;0;0
110007;San Ferdinando di Puglia;173;173;167;150;200;181;187;215;189;194;207;207;191;187;156;201;174;178;207;176;194;176;202;216;219;208;208;236;219;224;214;215;202;214;203;224;240;236;197;217;196;213;176;157;180;175;164;165;136;148;173;147;169;182;163;172;158;152;145;138;134;133;135;136;131;145;123;125;126;135;126;126;135;103;137;128;103;92;118;126;106;91;50;44;33;25;33;27;37;32;19;13;15;10;4;4;1;4;0;1;3
110008;Spinazzola;66;55;74;76;78;71;67;98;77;95;103;104;87;101;83;101;93;92;99;104;86;105;97;79;86;72;97;125;82;111;90;91;94;101;119;110;109;123;126;108;118;107;99;104;96;91;100;102;75;79;98;87;86;80;80;84;69;85;68;69;61;76;88;73;70;59;71;79;80;71;86;88;73;86;84;72;60;60;68;62;53;58;30;17;21;17;35;32;21;21;16;15;8;4;9;1;8;1;1;3;0
110009;Trani;618;627;629;617;611;613;615;649;598;633;671;691;660;690;671;714;697;720;751;813;744;757;769;762;834;785;859;900;859;869;893;874;912;886;870;933;887;888;900;903;866;800;844;733;759;694;720;659;658;615;641;659;675;700;694;631;557;494;481;531;503;539;483;478;478;437;473;441;397;428;422;372;358;345;328;318;289;278;270;242;236;245;153;106;109;115;98;90;90;86;67;56;40;16;13;13;10;14;1;3;4
110010;Trinitapoli;186;200;212;178;175;188;201;194;163;198;192;218;213;210;207;184;193;195;194;195;200;218;245;251;233;245;226;224;243;232;254;252;262;208;218;203;196;209;209;217;192;193;170;171;187;153;152;148;156;180;160;142;185;176;167;186;129;134;131;135;137;127;145;131;127;120;133;121;131;113;101;108;120;119;87;111;79;98;82;84;77;96;43;51;35;23;21;31;26;24;23;18;11;8;5;5;0;1;2;0;1
;Totale;4460;4689;4706;4454;4615;4550;4520;4807;4648;4936;5118;4998;4935;4940;4867;4972;4804;5071;5137;5341;5378;5523;5752;5897;6048;6102;6204;6533;6192;6316;6471;6390;6492;6273;6297;6450;6187;6423;6020;5890;5691;5360;5326;4910;5063;4781;4737;4708;4381;4355;4506;4489;4585;4920;4548;4675;3939;3637;3670;3675;3595;3969;3719;3497;3575;3306;3381;3276;3019;3094;3241;3033;2788;2647;2760;2580;2268;2120;2121;2024;1833;1969;1060;870;749;791;845;736;674;589;483;392;237;199;121;100;77;47;25;22;31
Territorio/Età;;0;1;2;3;4;5;6;7;8;9;10;11;12;13;14;15;16;17;18;19;20;21;22;23;24;25;26;27;28;29;30;31;32;33;34;35;36;37;38;39;40;41;42;43;44;45;46;47;48;49;50;51;52;53;54;55;56;57;58;59;60;61;62;63;64;65;66;67;68;69;70;71;72;73;74;75;76;77;78;79;80;81;82;83;84;85;86;87;88;89;90;91;92;93;94;95;96;97;98;99;100
Codice comune;Comune;Maschi
110001;Andria;601;615;671;634;661;618;640;660;638;680;699;648;660;663;641;682;646;677;687;698;713;736;764;817;830;833;840;836;787;794;891;819;793;824;800;761;721;759;703;753;692;639;666;611;631;574;528;538;521;536;523;542;575;610;535;567;445;455;457;403;422;452;432;404;410;335;356;331;300;330;335;307;267;254;321;244;233;189;172;172;151;177;91;80;62;79;75;54;53;41;38;34;14;12;10;7;3;0;2;2;1
110002;Barletta;574;587;624;586;545;611;545;578;543;633;655;658;651;626;651;617;634;672;674;656;693;693;716;771;791;821;788;821;763;854;802;795;757;802;814;799;737;788;734;678;682;627;635;574;645;563;577;550;548;513;519;537;530;615;536;559;453;419;451;442;445;485;425;388;422;388;388;400;333;303;349;301;286;297;303;276;202;191;183;179;170;147;74;81;57;64;73;62;43;44;38;29;11;14;3;5;9;3;0;2;1
110003;Bisceglie;257;282;295;280;307;277;267;315;306;346;340;335;310;334;329;334;293;305;329;346;349;369;356;391;364;404;373;408;402;386;450;424;445;464;486;449;480;492;464;407;406;366;372;350;335;370;330;362;298;302;311;330;322;324;288;321;283;222;264;256;219;290;238;221;255;238;210;224;193;222;218;209;198;187;145;193;151;148;128;114;113;124;52;32;39;50;48;27;31;28;21;14;9;7;6;5;3;2;2;0;1
110004;Canosa di Puglia;179;193;181;189;181;204;186;209;209;221;218;183;211;201;197;210;186;203;197;205;211;224;243;220;215;244;270;260;246;246;255;264;263;249;270;251;248;242;239;228;216;217;218;172;195;170;196;175;188;180;168;174;196;201;214;193;185;159;128;151;122;168;162;150;149;130;141;120;119;112;103;142;108;98;118;105;109;64;88;82;71;97;35;23;36;26;37;36;20;18;13;11;7;7;6;3;4;2;0;0;0
110005;Margherita di Savoia;75;64;59;65;64;79;61;98;83;76;99;95;75;74;78;79;74;79;64;79;88;80;90;82;94;86;89;76;75;89;89;93;100;102;81;109;103;96;119;72;104;79;87;71;75;71;63;71;61;79;57;79;75;90;62;93;74;66;57;67;79;78;66;78;48;55;65;58;50;58;67;54;56;55;41;50;41;37;44;37;29;35;22;20;9;11;17;13;16;7;9;5;5;5;0;2;1;1;1;0;0
110006;Minervino Murge;55;40;44;50;56;54;61;61;55;48;70;67;52;58;48;51;44;64;63;60;73;56;69;71;70;89;76;95;76;74;80;100;74;81;86;84;75;76;62;65;68;57;58;67;70;66;57;66;43;55;65;64;64;66;68;62;49;43;62;44;50;51;54;58;65;63;54;54;43;49;46;57;47;43;47;41;28;25;36;23;20;34;10;15;8;13;16;12;19;11;7;9;7;4;3;0;1;0;0;0;0
110007;San Ferdinando di Puglia;73;84;90;74;108;105;99;106;115;104;111;110;95;89;72;106;90;90;107;76;98;84;100;101;115;95;101;115;113;108;121;102;96;107;110;100;114;136;106;106;94;107;88;82;88;81;81;74;67;85;83;74;78;96;75;82;93;71;72;78;68;75;62;66;59;74;63;64;55;55;65;63;59;44;50;54;47;51;52;62;58;47;24;23;12;14;13;9;17;11;9;9;5;3;3;2;1;2;0;1;0
110008;Spinazzola;31;25;39;40;40;32;35;50;35;50;52;44;38;54;49;51;38;43;51;51;38;60;41;37;41;32;57;61;41;52;51;61;48;48;54;49;52;50;57;59;53;56;45;57;46;38;54;50;44;37;53;40;46;37;42;40;36;41;37;39;27;36;46;29;26;21;33;37;35;40;36;38;31;37;43;25;26;30;20;22;22;26;16;4;10;8;16;12;10;4;6;3;3;1;4;1;2;0;0;1;0
110009;Trani;292;318;324;304;306;329;325;350;308;315;360;369;355;372;350;394;366;370;369;410;386;399;399;401;407;395;422;455;428;423;423;424;440;449;439;448;454;424;455;460;434;412;403;327;371;356;386;304;328;296;316;308;318;358;323;312;259;256;240;248;230;265;233;225;237;207;230;206;183;203;197;169;161;160;160;133;121;110;105;89;103;107;40;38;44;42;36;33;28;22;20;25;14;5;4;2;1;2;0;0;1
110010;Trinitapoli;107;120;108;86;81;93;97;94;88;89;92;103;108;104;105;105;97;96;105;101;98;107;107;126;116;103;112;105;117;121;122;121;131;105;119;96;103;109;109;105;87;104;79;86;91;76;78;60;77;79;73;75;87;88;76;89;61;68;65;71;74;64;67;68;56;66;73;64;57;59;45;34;57;53;39;46;39;43;42;32;30;36;11;20;16;11;12;15;10;7;6;7;5;4;0;0;0;0;0;0;0
;Totale;2244;2328;2435;2308;2349;2402;2316;2521;2380;2562;2696;2612;2555;2575;2520;2629;2468;2599;2646;2682;2747;2808;2885;3017;3043;3102;3128;3232;3048;3147;3284;3203;3147;3231;3259;3146;3087;3172;3048;2933;2836;2664;2651;2397;2547;2365;2350;2250;2175;2162;2168;2223;2291;2485;2219;2318;1938;1800;1833;1799;1736;1964;1785;1687;1727;1577;1613;1558;1368;1431;1461;1374;1270;1228;1267;1167;997;888;870;812;767;830;375;336;293;318;343;273;247;193;167;146;80;62;39;27;25;12;5;6;4
Territorio/Età;;0;1;2;3;4;5;6;7;8;9;10;11;12;13;14;15;16;17;18;19;20;21;22;23;24;25;26;27;28;29;30;31;32;33;34;35;36;37;38;39;40;41;42;43;44;45;46;47;48;49;50;51;52;53;54;55;56;57;58;59;60;61;62;63;64;65;66;67;68;69;70;71;72;73;74;75;76;77;78;79;80;81;82;83;84;85;86;87;88;89;90;91;92;93;94;95;96;97;98;99;100
Codice comune;Comune;Femmine
110001;Andria;593;628;615;577;576;564;554;611;620;624;639;632;619;633;621;639;618;724;619;728;723;733;753;764;765;833;816;876;843;787;835;868;881;745;802;817;736;836;700;707;788;659;656;657;600;586;570;561;511;545;551;547;571;604;506;562;436;412;438;475;456;473;470;418;432;388;415;418;361;388;420;407;295;324;341;300;293;241;280;259;228;253;155;147;93;131;129;99;101;90;71;53;24;37;13;19;6;8;3;2;5
110002;Barletta;577;617;591;517;557;538;540;559;582;582;579;550;579;569;554;572;528;570;611;611;658;687;673;724;748;692;749;789;754;768;778;764;818;735;710;764;778;739;690;724;642;667;646;581;594;594;583;605;551;483;561;534;504;596;574;571;518;447;456;432;458;482;444;401;417;385;400;359;402;370;414;356;371;301;371;305;264;270;278;266;203;224;130;104;103;96;102;93;65;64;57;46;27;25;14;12;12;0;4;5;6
110003;Bisceglie;245;303;272;263;304;263;288;270;276;298;312;297;296;251;292;285;319;272;313;306;314;321;376;344;393;393;402;424;412;441;441;417;453;432;438;518;450;477;446;429;354;384;328;346;364;330;341;355;327;317;366;300;318;306;321;328;264;274;253;270;252;302;262;270;260;249;244;238;227;259;278;225;209;193;185;210;182;201;155;175;156;171;84;66;61;63;75;63;71;51;47;41;21;20;16;11;11;4;6;2;5
110004;Canosa di Puglia;161;187;148;162;179;186;189;187;181;188;199;186;204;203;197;182;170;194;195;223;199;201;256;271;249;256;238;274;259;280;252;242;265;286;220;245;251;281;241;216;221;193;217;187;200;205;212;210;182;173;161;193;183;212;194;202;176;156;164;148;126;166;183;162;161;173;170;158;137;128;143;140;134;134;138;120;142;129;124;106;118;113;68;43;42;46;39;44;49;39;29;18;22;10;13;8;1;5;2;1;2
110005;Margherita di Savoia;45;64;67;54;69;54;67;67;72;72;88;58;80;75;89;72;64;73;66;72;66;99;76;76;88;65;96;110;93;97;74;95;90;82;100;108;103;100;127;95;85;98;88;77;82;83;86;88;71;81;70;80;77;91;80;73;84;73;63;59;84;75;68;63;80;70;64;71;65;71;76;66;81;60;60;63;48;58;42;52;51;51;33;25;23;9;19;26;13;11;14;14;7;9;3;3;1;0;1;1;2
110006;Minervino Murge;55;54;57;56;52;49;52;36;56;48;47;69;47;65;53;49;71;53;68;69;67;68;67;58;69;76;77;79;79;64;73;77;83;62;80;75;73;81;63;71;61;61;66;52;50;56;58;53;55;69;82;74;55;67;66;71;59;46;52;55;47;72;64;66;70;71;74;79;55;57;57;75;50;48;54;44;44;39;53;45;51;53;30;16;18;23;28;27;19;22;14;16;9;11;3;2;6;2;0;0;0
110007;San Ferdinando di Puglia;100;89;77;76;92;76;88;109;74;90;96;97;96;98;84;95;84;88;100;100;96;92;102;115;104;113;107;121;106;116;93;113;106;107;93;124;126;100;91;111;102;106;88;75;92;94;83;91;69;63;90;73;91;86;88;90;65;81;73;60;66;58;73;70;72;71;60;61;71;80;61;63;76;59;87;74;56;41;66;64;48;44;26;21;21;11;20;18;20;21;10;4;10;7;1;2;0;2;0;0;3
110008;Spinazzola;35;30;35;36;38;39;32;48;42;45;51;60;49;47;34;50;55;49;48;53;48;45;56;42;45;40;40;64;41;59;39;30;46;53;65;61;57;73;69;49;65;51;54;47;50;53;46;52;31;42;45;47;40;43;38;44;33;44;31;30;34;40;42;44;44;38;38;42;45;31;50;50;42;49;41;47;34;30;48;40;31;32;14;13;11;9;19;20;11;17;10;12;5;3;5;0;6;1;1;2;0
110009;Trani;326;309;305;313;305;284;290;299;290;318;311;322;305;318;321;320;331;350;382;403;358;358;370;361;427;390;437;445;431;446;470;450;472;437;431;485;433;464;445;443;432;388;441;406;388;338;334;355;330;319;325;351;357;342;371;319;298;238;241;283;273;274;250;253;241;230;243;235;214;225;225;203;197;185;168;185;168;168;165;153;133;138;113;68;65;73;62;57;62;64;47;31;26;11;9;11;9;12;1;3;3
110010;Trinitapoli;79;80;104;92;94;95;104;100;75;109;100;115;105;106;102;79;96;99;89;94;102;111;138;125;117;142;114;119;126;111;132;131;131;103;99;107;93;100;100;112;105;89;91;85;96;77;74;88;79;101;87;67;98;88;91;97;68;66;66;64;63;63;78;63;71;54;60;57;74;54;56;74;63;66;48;65;40;55;40;52;47;60;32;31;19;12;9;16;16;17;17;11;6;4;5;5;0;1;2;0;1
;Totale;2216;2361;2271;2146;2266;2148;2204;2286;2268;2374;2422;2386;2380;2365;2347;2343;2336;2472;2491;2659;2631;2715;2867;2880;3005;3000;3076;3301;3144;3169;3187;3187;3345;3042;3038;3304;3100;3251;2972;2957;2855;2696;2675;2513;2516;2416;2387;2458;2206;2193;2338;2266;2294;2435;2329;2357;2001;1837;1837;1876;1859;2005;1934;1810;1848;1729;1768;1718;1651;1663;1780;1659;1518;1419;1493;1413;1271;1232;1251;1212;1066;1139;685;534;456;473;502;463;427;396;316;246;157;137;82;73;52;35;20;16;27

"Ricostruzione della popolazione intercensuaria - Popolazione al 1° gennaio per età"
"Tutte le cittadinanze - Anno: 2003 - Provincia: Barletta-Andria-Trani"
Territorio/Età;;0;1;2;3;4;5;6;7;8;9;10;11;12;13;14;15;16;17;18;19;20;21;22;23;24;25;26;27;28;29;30;31;32;33;34;35;36;37;38;39;40;41;42;43;44;45;46;47;48;49;50;51;52;53;54;55;56;57;58;59;60;61;62;63;64;65;66;67;68;69;70;71;72;73;74;75;76;77;78;79;80;81;82;83;84;85;86;87;88;89;90;91;92;93;94;95;96;97;98;99;100
Codice comune;Comune;Totale
110001;Andria;1255;1195;1241;1291;1208;1235;1182;1196;1270;1261;1303;1341;1276;1287;1296;1263;1320;1263;1404;1305;1422;1434;1467;1506;1571;1586;1659;1640;1705;1626;1568;1715;1667;1673;1565;1600;1568;1462;1596;1400;1460;1472;1302;1329;1267;1230;1157;1096;1099;1032;1076;1072;1087;1137;1213;1039;1120;876;861;892;874;872;914;896;818;833;714;757;738;654;702;741;704;549;561;645;519;505;415;431;407;360;400;226;207;146;192;179;136;131;108;82;66;32;40;17;18;4;5;5;3
110002;Barletta;1135;1147;1204;1205;1096;1096;1144;1084;1138;1111;1217;1225;1206;1221;1193;1202;1191;1161;1237;1285;1261;1334;1372;1372;1471;1525;1495;1525;1596;1492;1603;1551;1553;1558;1528;1509;1554;1499;1519;1420;1405;1323;1290;1285;1154;1235;1153;1152;1150;1092;987;1077;1066;1032;1213;1111;1130;966;865;895;865;900;957;857;781;827;759;776;748;730;664;753;644;636;577;657;561;442;440;440;416;355;344;187;168;137;144;160;136;87;90;76;62;33;34;15;11;15;3;4;14
110003;Bisceglie;616;510;588;560;549;609;546;559;584;584;647;650;634;610;591;625;627;617;572;648;655;663;689;737;735;756;797;778;838;806;828;898;846;904;895;935;971;931;972;910;840;764;756;704;699;705;707;671;715;627;617;675;625;640;625;606;653;542;492;519;528;465;588;494;491;510;479;451;454;418;470;488;423;401;363;322;387;318;330;271;277;257;272;125;88;87;98;107;79;91;67;58;49;22;22;19;9;9;4;7;3
110004;Canosa di Puglia;311;342;380;326;346;362;387;371;394;386;408;412;368;413;401;390;391;354;398;388;425;408;421;489;483;451;486;503;517;506;515;500;490;529;522;485;495;492;525;478;439;441;405;432;360;393;371;406;379;370;353;329;364;379;413;408;395;361;319;294;301;242;329;341;302;308;297;312;278;254;236;241;278;238;225;250;213;248;186;200;181;172;184;94;57;73;66;66;68;55;52;36;23;24;15;11;9;4;5;1;1
110005;Margherita di Savoia;128;117;129;128;126;131;137;137;165;159;145;192;156;155;147;166;149;131;154;131;156;152;174;171;155;187;158;177;183;160;192;166;190;191;184;186;220;206;196;250;169;183;179;174;143;162;151;149;159;133;162;132;158;149;176;142;167;161;139;121;127;162;154;135;140;129;124;128;125;116;126;143;118;137;111;100;107;87;95;88;87;74;82;51;35;29;17;29;34;27;14;16;14;9;5;1;4;2;1;1;1
110006;Minervino Murge;81;108;91;99;102;106;102;112;97;112;94;117;134;99;122;102;100;114;116;131;126;136;123;133;128;135;160;150;168;155;140;149;174;151;146;165;158;141;156;124;136;128;117;125;118;120;120;112;117;99;124;146;138;119;134;133;133;106;87;115;97;95;125;116;124;129;131;127;128;97;104;99;129;89;89;98;84;66;61;85;66;65;76;34;25;25;31;39;30;32;27;15;18;14;10;6;2;7;2;0;0
110007;San Ferdinando di Puglia;185;173;173;165;149;198;183;189;216;192;192;209;205;194;186;159;200;173;176;209;183;187;177;202;213;224;210;207;232;210;215;214;209;199;214;199;225;243;232;200;222;192;209;175;154;180;178;164;164;139;145;168;143;165;182;161;170;161;152;146;137;131;135;134;136;130;146;127;126;126;133;126;124;133;102;132;122;102;89;113;115;100;86;44;40;31;25;25;23;30;26;16;12;14;5;4;3;1;3;0;4
110008;Spinazzola;61;65;55;72;76;79;73;67;99;76;93;102;103;85;101;84;100;91;91;98;102;85;106;92;81;83;75;91;121;79;107;88;91;89;100;115;111;107;125;125;109;115;106;100;105;94;90;100;101;75;78;97;88;89;81;80;84;66;83;70;68;62;77;86;73;68;60;72;77;79;70;85;85;72;87;82;69;58;59;65;54;49;54;28;15;19;16;28;29;20;19;12;12;7;3;9;0;7;1;0;3
110009;Trani;616;610;629;631;626;615;614;614;648;600;633;672;697;662;689;675;718;700;730;753;808;740;751;777;760;827;779;863;906;855;881;886;882;909;896;856;943;889;888;903;907;875;796;835;741;761;700;719;661;657;613;644;660;679;699;696;627;554;494;477;532;501;542;482;473;473;434;471;439;389;425;411;363;346;340;320;311;282;275;259;231;222;234;141;92;95;104;83;75;75;70;50;47;27;12;10;12;6;9;0;3
110010;Trinitapoli;156;183;197;207;177;171;187;201;192;164;194;193;213;212;211;208;181;190;196;194;192;195;213;238;248;226;234;222;219;237;230;248;254;257;203;220;204;190;204;205;215;187;189;171;169;186;152;153;146;158;179;162;145;184;176;169;187;130;135;132;135;135;123;142;130;125;118;132;123;132;113;101;104;114;113;87;107;77;93;78;79;69;89;41;44;29;20;19;29;23;20;18;15;9;7;5;4;0;1;2;1
;Totale;4544;4450;4687;4684;4455;4602;4555;4530;4803;4645;4926;5113;4992;4938;4937;4874;4977;4794;5074;5142;5330;5334;5493;5717;5845;6000;6053;6156;6485;6126;6279;6415;6356;6460;6253;6270;6449;6160;6413;6015;5902;5680;5349;5330;4910;5066;4779;4722;4691;4382;4334;4502;4474;4573;4912;4545;4666;3923;3627;3661;3664;3565;3944;3683;3468;3532;3262;3353;3236;2995;3043;3188;2972;2715;2568;2693;2480;2185;2043;2030;1913;1723;1821;971;771;671;713;735;639;571;493;379;318;191;153;97;72;55;34;20;33
Territorio/Età;;0;1;2;3;4;5;6;7;8;9;10;11;12;13;14;15;16;17;18;19;20;21;22;23;24;25;26;27;28;29;30;31;32;33;34;35;36;37;38;39;40;41;42;43;44;45;46;47;48;49;50;51;52;53;54;55;56;57;58;59;60;61;62;63;64;65;66;67;68;69;70;71;72;73;74;75;76;77;78;79;80;81;82;83;84;85;86;87;88;89;90;91;92;93;94;95;96;97;98;99;100
Codice comune;Comune;Maschi
110001;Andria;628;602;613;679;632;660;619;641;658;636;678;700;648;661;664;641;683;647;678;686;694;715;735;761;811;829;827;834;830;783;788;882;808;786;819;800;756;725;763;699;753;688;639;670;610;629;570;526;538;519;532;521;540;567;608;533;560;445;454;458;402;419;446;427;402;402;328;352;325;293;322;327;302;263;243;311;228;222;178;162;159;141;159;82;71;57;72;66;50;48;36;27;25;10;10;10;6;2;0;2;0
110002;Barletta;578;566;584;620;579;541;612;544;580;536;634;653;656;648;623;650;620;633;669;672;652;684;689;708;762;780;812;783;813;745;840;784;788;749;794;806;790;730;782;735;682;677;628;632;571;643;559;568;548;545;509;517;538;529;618;534;559;451;417;445;434;445;477;420;382;416;377;382;388;326;297;341;294;271;283;293;263;189;182;172;161;160;135;64;71;45;58;63;52;35;37;29;21;11;11;2;4;6;3;0;3
110003;Bisceglie;320;261;283;292;286;305;282;268;312;308;349;341;334;311;340;333;338;296;302;335;346;351;367;358;393;362;400;375;405;402;382;455;427;440;466;492;450;479;493;468;405;408;367;373;353;338;374;332;360;302;299;311;324;321;318;287;325;279;219;264;252;217;288;234;224;254;231;208;219;197;212;214;202;192;180;142;182;145;140;123;107;108;110;47;27;32;41;40;25;28;25;15;13;5;5;6;2;3;2;2;1
110004;Canosa di Puglia;161;181;192;177;186;184;202;182;203;205;221;215;182;212;198;194;209;185;204;194;201;210;217;234;216;210;237;266;250;248;243;252;257;265;245;267;251;244;242;238;224;219;213;216;172;193;167;196;172;187;181;168;172;195;201;214;192;185;161;131;152;117;165;160;142;149;127;140;119;117;109;97;139;105;93;115;98;105;58;81;80;66;85;31;20;35;22;30;31;14;16;11;8;6;8;2;3;3;1;0;0
110005;Margherita di Savoia;61;74;66;60;69;62;80;64;97;83;74;101;97;75;75;76;78;69;84;67;82;86;77;92;78;98;90;88;72;74;91;89;95;102;99;84;110;102;96;120;74;101;79;87;70;79;70;64;71;62;79;59;78;74;87;62;95;75;64;57;69;79;79;67;76;47;55;65;56;51;55;67;53;55;53;39;45;42;37;45;37;25;30;19;17;9;10;12;8;16;3;7;2;2;1;0;1;1;1;1;0
110006;Minervino Murge;40;54;39;44;49;55;53;61;60;55;50;71;65;52;58;49;51;44;63;62;57;72;55;69;71;67;88;76;92;76;74;77;100;74;81;86;82;70;73;62;66;67;57;58;66;70;65;54;65;44;54;65;63;64;67;67;62;47;42;62;43;49;53;54;58;61;63;53;53;43;46;44;56;43;42;46;41;24;21;33;24;18;29;6;10;8;8;14;10;17;9;4;7;7;4;3;0;1;0;0;0
110007;San Ferdinando di Puglia;96;76;85;88;73;106;105;101;108;116;101;112;110;96;88;74;104;91;89;110;81;93;83;99;99;119;95;99;115;109;105;119;100;95;107;108;101;118;134;108;111;92;103;87;82;87;84;83;72;68;82;78;74;77;97;73;81;95;71;73;78;65;77;62;66;58;75;64;64;54;54;65;62;59;45;49;51;46;49;50;56;53;45;21;22;12;13;10;9;13;11;7;8;4;3;3;2;1;2;0;1
110008;Spinazzola;28;30;24;39;41;41;33;34;51;34;49;51;44;38;53;50;50;36;42;52;51;37;61;38;40;39;35;55;60;41;49;50;62;46;47;51;49;51;53;56;59;50;56;45;57;44;39;54;48;44;37;52;41;49;38;42;40;35;40;37;39;27;36;45;29;24;22;31;35;35;39;36;36;28;38;41;25;26;29;17;18;20;22;15;3;9;8;12;9;9;5;5;2;3;2;4;0;2;0;0;1
110009;Trani;307;291;317;330;309;313;331;321;348;311;316;360;369;357;376;353;396;367;377;370;409;382;398;400;399;397;391;419;454;425;430;418;429;444;458;434;453;456;425;453;459;440;413;399;330;372;361;388;304;324;296;317;307;321;358;324;310;259;258;239;250;228;267;231;220;236;204;226;205;178;200;191;164;151;155;158;129;118;108;101;82;91;104;38;28;36;35;30;24;21;18;14;22;8;5;3;2;1;0;0;1
110010;Trinitapoli;84;103;120;104;86;80;93;97;94;88;87;92;100;108;104;106;103;95;96;105;101;95;105;106;127;110;98;109;98;112;121;120;122;128;101;119;99;101;105;105;104;86;103;81;85;91;75;79;59;78;78;73;75;87;88;77;90;62;68;66;71;74;60;66;68;55;65;72;64;58;59;47;31;54;50;40;44;36;39;40;30;26;33;9;15;14;9;11;14;10;5;4;6;5;4;0;0;0;0;0;0
;Totale;2303;2238;2323;2433;2310;2347;2410;2313;2511;2372;2559;2696;2605;2558;2579;2526;2632;2463;2604;2653;2674;2725;2787;2865;2996;3011;3073;3104;3189;3015;3123;3246;3188;3129;3217;3247;3141;3076;3166;3044;2937;2828;2658;2648;2396;2546;2364;2344;2237;2173;2147;2161;2212;2284;2480;2213;2314;1933;1794;1832;1790;1720;1948;1766;1667;1702;1547;1593;1528;1352;1393;1429;1339;1221;1182;1234;1106;953;841;824;754;708;752;332;284;257;276;288;232;211;165;123;114;61;53;33;20;20;9;5;7
Territorio/Età;;0;1;2;3;4;5;6;7;8;9;10;11;12;13;14;15;16;17;18;19;20;21;22;23;24;25;26;27;28;29;30;31;32;33;34;35;36;37;38;39;40;41;42;43;44;45;46;47;48;49;50;51;52;53;54;55;56;57;58;59;60;61;62;63;64;65;66;67;68;69;70;71;72;73;74;75;76;77;78;79;80;81;82;83;84;85;86;87;88;89;90;91;92;93;94;95;96;97;98;99;100
Codice comune;Comune;Femmine
110001;Andria;627;593;628;612;576;575;563;555;612;625;625;641;628;626;632;622;637;616;726;619;728;719;732;745;760;757;832;806;875;843;780;833;859;887;746;800;812;737;833;701;707;784;663;659;657;601;587;570;561;513;544;551;547;570;605;506;560;431;407;434;472;453;468;469;416;431;386;405;413;361;380;414;402;286;318;334;291;283;237;269;248;219;241;144;136;89;120;113;86;83;72;55;41;22;30;7;12;2;5;3;3
110002;Barletta;557;581;620;585;517;555;532;540;558;575;583;572;550;573;570;552;571;528;568;613;609;650;683;664;709;745;683;742;783;747;763;767;765;809;734;703;764;769;737;685;723;646;662;653;583;592;594;584;602;547;478;560;528;503;595;577;571;515;448;450;431;455;480;437;399;411;382;394;360;404;367;412;350;365;294;364;298;253;258;268;255;195;209;123;97;92;86;97;84;52;53;47;41;22;23;13;7;9;0;4;11
110003;Bisceglie;296;249;305;268;263;304;264;291;272;276;298;309;300;299;251;292;289;321;270;313;309;312;322;379;342;394;397;403;433;404;446;443;419;464;429;443;521;452;479;442;435;356;389;331;346;367;333;339;355;325;318;364;301;319;307;319;328;263;273;255;276;248;300;260;267;256;248;243;235;221;258;274;221;209;183;180;205;173;190;148;170;149;162;78;61;55;57;67;54;63;42;43;36;17;17;13;7;6;2;5;2
110004;Canosa di Puglia;150;161;188;149;160;178;185;189;191;181;187;197;186;201;203;196;182;169;194;194;224;198;204;255;267;241;249;237;267;258;272;248;233;264;277;218;244;248;283;240;215;222;192;216;188;200;204;210;207;183;172;161;192;184;212;194;203;176;158;163;149;125;164;181;160;159;170;172;159;137;127;144;139;133;132;135;115;143;128;119;101;106;99;63;37;38;44;36;37;41;36;25;15;18;7;9;6;1;4;1;1
110005;Margherita di Savoia;67;43;63;68;57;69;57;73;68;76;71;91;59;80;72;90;71;62;70;64;74;66;97;79;77;89;68;89;111;86;101;77;95;89;85;102;110;104;100;130;95;82;100;87;73;83;81;85;88;71;83;73;80;75;89;80;72;86;75;64;58;83;75;68;64;82;69;63;69;65;71;76;65;82;58;61;62;45;58;43;50;49;52;32;18;20;7;17;26;11;11;9;12;7;4;1;3;1;0;0;1
110006;Minervino Murge;41;54;52;55;53;51;49;51;37;57;44;46;69;47;64;53;49;70;53;69;69;64;68;64;57;68;72;74;76;79;66;72;74;77;65;79;76;71;83;62;70;61;60;67;52;50;55;58;52;55;70;81;75;55;67;66;71;59;45;53;54;46;72;62;66;68;68;74;75;54;58;55;73;46;47;52;43;42;40;52;42;47;47;28;15;17;23;25;20;15;18;11;11;7;6;3;2;6;2;0;0
110007;San Ferdinando di Puglia;89;97;88;77;76;92;78;88;108;76;91;97;95;98;98;85;96;82;87;99;102;94;94;103;114;105;115;108;117;101;110;95;109;104;107;91;124;125;98;92;111;100;106;88;72;93;94;81;92;71;63;90;69;88;85;88;89;66;81;73;59;66;58;72;70;72;71;63;62;72;79;61;62;74;57;83;71;56;40;63;59;47;41;23;18;19;12;15;14;17;15;9;4;10;2;1;1;0;1;0;3
110008;Spinazzola;33;35;31;33;35;38;40;33;48;42;44;51;59;47;48;34;50;55;49;46;51;48;45;54;41;44;40;36;61;38;58;38;29;43;53;64;62;56;72;69;50;65;50;55;48;50;51;46;53;31;41;45;47;40;43;38;44;31;43;33;29;35;41;41;44;44;38;41;42;44;31;49;49;44;49;41;44;32;30;48;36;29;32;13;12;10;8;16;20;11;14;7;10;4;1;5;0;5;1;0;2
110009;Trani;309;319;312;301;317;302;283;293;300;289;317;312;328;305;313;322;322;333;353;383;399;358;353;377;361;430;388;444;452;430;451;468;453;465;438;422;490;433;463;450;448;435;383;436;411;389;339;331;357;333;317;327;353;358;341;372;317;295;236;238;282;273;275;251;253;237;230;245;234;211;225;220;199;195;185;162;182;164;167;158;149;131;130;103;64;59;69;53;51;54;52;36;25;19;7;7;10;5;9;0;2
110010;Trinitapoli;72;80;77;103;91;91;94;104;98;76;107;101;113;104;107;102;78;95;100;89;91;100;108;132;121;116;136;113;121;125;109;128;132;129;102;101;105;89;99;100;111;101;86;90;84;95;77;74;87;80;101;89;70;97;88;92;97;68;67;66;64;61;63;76;62;70;53;60;59;74;54;54;73;60;63;47;63;41;54;38;49;43;56;32;29;15;11;8;15;13;15;14;9;4;3;5;4;0;1;2;1
;Totale;2241;2212;2364;2251;2145;2255;2145;2217;2292;2273;2367;2417;2387;2380;2358;2348;2345;2331;2470;2489;2656;2609;2706;2852;2849;2989;2980;3052;3296;3111;3156;3169;3168;3331;3036;3023;3308;3084;3247;2971;2965;2852;2691;2682;2514;2520;2415;2378;2454;2209;2187;2341;2262;2289;2432;2332;2352;1990;1833;1829;1874;1845;1996;1917;1801;1830;1715;1760;1708;1643;1650;1759;1633;1494;1386;1459;1374;1232;1202;1206;1159;1015;1069;639;487;414;437;447;407;360;328;256;204;130;100;64;52;35;25;15;26

"Ricostruzione della popolazione intercensuaria - Popolazione al 1° gennaio per età"
"Tutte le cittadinanze - Anno: 2004 - Provincia: Barletta-Andria-Trani"
Territorio/Età;;0;1;2;3;4;5;6;7;8;9;10;11;12;13;14;15;16;17;18;19;20;21;22;23;24;25;26;27;28;29;30;31;32;33;34;35;36;37;38;39;40;41;42;43;44;45;46;47;48;49;50;51;52;53;54;55;56;57;58;59;60;61;62;63;64;65;66;67;68;69;70;71;72;73;74;75;76;77;78;79;80;81;82;83;84;85;86;87;88;89;90;91;92;93;94;95;96;97;98;99;100
Codice comune;Comune;Totale
110001;Andria;1187;1253;1200;1246;1294;1208;1237;1183;1195;1269;1258;1301;1339;1281;1285;1298;1264;1321;1259;1404;1301;1419;1432;1467;1491;1566;1582;1651;1637;1703;1616;1573;1719;1658;1685;1564;1601;1567;1468;1596;1400;1461;1474;1298;1333;1267;1236;1158;1092;1094;1036;1074;1070;1088;1130;1214;1039;1117;872;859;886;870;862;906;897;807;831;709;748;739;653;693;723;686;540;546;622;492;486;397;404;388;338;365;204;186;125;168;152;100;111;88;59;45;19;29;13;13;2;1;5
110002;Barletta;1043;1131;1135;1200;1209;1093;1093;1145;1087;1150;1115;1221;1232;1202;1219;1193;1208;1189;1160;1239;1283;1261;1339;1368;1361;1458;1505;1473;1516;1587;1488;1595;1549;1540;1559;1534;1507;1547;1500;1519;1422;1405;1327;1282;1279;1161;1232;1154;1146;1145;1090;981;1074;1069;1025;1208;1110;1129;958;853;886;859;891;939;849;776;820;755;752;738;723;646;741;629;617;557;640;539;427;422;409;390;332;318;173;163;125;124;137;118;71;81;63;51;24;30;13;8;11;0;9
110003;Bisceglie;612;618;518;595;578;552;618;553;562;592;585;655;658;635;617;594;629;628;611;578;658;666;673;702;748;751;755;808;779;865;835;853;922;854;913;911;940;976;932;969;922;847;765;764;710;704;712;705;681;720;635;627;685;630;639;624;616;651;541;488;519;528;463;585;493;490;504;472;451;448;414;466;478;410;392;348;306;374;288;320;254;260;231;258;112;81;79;84;92;63;81;55;43;37;14;13;13;9;7;2;6
110004;Canosa di Puglia;321;315;347;381;326;348;366;391;372;392;388;409;405;367;417;401;383;391;353;394;386;421;406;419;482;477;451;488;500;509;501;511;494;494;537;527;485;499;492;529;482;441;434;410;429;362;392;369;407;378;372;353;329;367;381;410;407;399;361;321;296;300;240;329;338;297;304;291;304;273;250;230;234;266;230;221;233;206;239;174;191;172;159;172;82;51;64;61;58;55;47;41;31;18;17;11;6;7;1;5;1
110005;Margherita di Savoia;130;128;119;129;128;124;135;137;140;169;163;145;196;158;158;151;172;149;133;153;131;151;146;172;169;161;190;159;179;186;157;197;165;199;195;189;181;219;207;204;247;170;186;180;176;149;168;152;154;163;142;164;138;159;154;178;145;173;165;138;121;129;160;155;134;140;130;122;124;122;116;125;141;116;132;110;95;103;88;86;79;83;67;74;46;27;25;15;25;30;23;10;13;10;5;4;1;3;1;1;2
110006;Minervino Murge;100;83;109;92;98;99;104;102;112;96;110;96;116;131;99;119;101;100;112;118;130;128;133;120;132;130;131;159;145;164;156;139;146;172;150;147;163;155;142;151;125;135;127;117;124;118;120;120;112;120;100;122;145;138;119;132;134;130;107;85;114;96;96;125;115;123;129;131;121;130;92;98;93;122;84;84;89;78;64;61;78;63;61;68;28;22;23;26;31;25;24;26;9;13;9;9;2;1;6;0;0
110007;San Ferdinando di Puglia;159;179;172;172;167;148;199;184;190;217;187;193;207;207;195;189;161;196;172;174;205;181;184;169;198;213;217;206;209;230;209;218;218;206;206;217;204;229;247;235;203;223;197;212;174;153;179;179;165;166;137;141;169;141;164;181;157;171;158;150;146;135;130;132;134;134;129;147;124;125;122;130;124;118;129;98;131;122;95;83;108;104;92;76;41;37;27;22;21;19;23;23;9;10;12;3;2;3;1;3;3
110008;Spinazzola;65;61;65;54;70;77;80;75;66;100;76;92;101;103;84;102;85;97;92;88;94;99;82;102;89;76;84;78;91;120;78;108;88;88;84;102;116;114;107;125;124;105;118;107;100;105;97;90;99;98;75;79;95;90;90;80;81;84;63;83;68;67;61;77;88;72;69;61;71;74;81;67;85;82;71;87;79;67;57;54;64;51;49;52;27;14;17;14;25;24;17;16;8;10;5;1;9;0;5;0;3
110009;Trani;625;622;610;623;624;631;616;612;613;653;600;635;673;704;663;689;678;719;702;735;754;814;739;758;777;765;840;791;879;913;844;882;893;893;913;904;861;950;888;895;901;906;874;804;845;747;762;700;722;666;658;615;644;658;678;699;697;639;557;494;476;530;508;539;477;468;471;430;472;431;385;420;401;352;337;326;310;294;273;263;249;216;209;217;127;83;86;91;71;66;53;57;35;36;22;9;7;11;5;7;0
110010;Trinitapoli;178;157;178;196;210;174;174;184;198;187;164;195;192;210;211;206;208;181;189;197;195;191;193;212;233;244;223;233;215;223;235;228;250;251;254;197;220;200;186;207;205;214;186;188;173;171;190;154;154;146;159;177;160;144;188;177;170;191;131;137;133;134;135;122;143;129;125;117;132;122;129;110;100;101;109;110;83;104;75;90;70;72;64;82;40;39;26;16;14;22;18;16;15;9;8;4;4;2;0;1;0
;Totale;4420;4547;4453;4688;4704;4454;4622;4566;4535;4825;4646;4942;5119;4998;4948;4942;4889;4971;4783;5080;5137;5331;5327;5489;5680;5841;5978;6046;6150;6500;6119;6304;6444;6355;6496;6292;6278;6456;6169;6430;6031;5907;5688;5362;5343;4937;5088;4781;4732;4696;4404;4333;4509;4484;4568;4903;4556;4684;3913;3608;3645;3648;3546;3909;3668;3436;3512;3235;3299;3202;2965;2985;3120;2882;2641;2487;2588;2379;2092;1950;1906;1799;1602;1682;880;703;597;621;626;522;468;413;285;239;135;113;70;57;39;20;29
Territorio/Età;;0;1;2;3;4;5;6;7;8;9;10;11;12;13;14;15;16;17;18;19;20;21;22;23;24;25;26;27;28;29;30;31;32;33;34;35;36;37;38;39;40;41;42;43;44;45;46;47;48;49;50;51;52;53;54;55;56;57;58;59;60;61;62;63;64;65;66;67;68;69;70;71;72;73;74;75;76;77;78;79;80;81;82;83;84;85;86;87;88;89;90;91;92;93;94;95;96;97;98;99;100
Codice comune;Comune;Maschi
110001;Andria;619;625;605;614;680;632;664;620;639;656;634;677;699;650;660;666;641;682;644;678;682;692;713;737;754;811;824;815;830;828;779;795;888;799;795;819;799;752;727;762;698;752;690;639;674;610;632;570;523;535;522;530;519;541;561;606;535;556;445;454;455;401;413;442;424;397;400;324;345;327;291;317;317;295;259;233;294;215;208;169;149;149;130;141;71;61;50;61;54;37;38;30;21;20;6;6;8;5;0;0;2
110002;Barletta;566;576;563;586;623;574;537;611;547;588;541;637;658;655;648;626;654;619;635;667;677;652;683;687;706;752;771;799;786;818;746;835;786;784;742;801;804;786;732;781;739;684;681;624;630;576;640;561;563;544;543;507;515;541;525;615;535;557;450;410;439;427;440;463;412;382;410;376;368;379;322;286;337;286;262;273;281;250;179;172;157;149;151;122;61;69;41;49;52;47;26;32;22;15;7;9;1;1;6;0;1
110003;Bisceglie;304;321;264;290;298;291;309;283;264;316;306;353;345;332;313;344;336;336;293;301;337;349;351;367;359;400;363;401;379;418;422;407;467;436;442;478;497;452;480;493;476;408;410;369;372;360;339;371;337;363;310;306;315;327;318;315;290;321;278;217;264;252;217;286;232;223;250;224;208;214;198;210;212;194;183;171;134;175;131;134;114;101;95;106;40;24;27;36;31;20;25;19;12;10;3;4;2;2;3;2;3
110004;Canosa di Puglia;179;164;183;194;177;186;188;207;183;202;207;223;211;181;214;197;192;209;184;205;194;200;205;215;233;213;210;238;267;246;245;242;247;256;272;248;268;254;246;244;240;225;216;220;212;173;194;167;195;169;185;181;167;171;195;197;213;193;185;162;134;149;115;165;159;139;146;125;134;117;115;107;92;131;100;89;107;92;100;52;77;73;61;76;26;16;29;19;24;28;10;14;8;6;4;5;0;1;1;1;0
110005;Margherita di Savoia;62;63;77;68;58;69;64;78;64;100;85;73;103;98;75;78;79;79;69;82;68;79;84;80;90;81;102;91;89;74;74;95;87;101;101;101;80;112;101;103;117;72;103;81;87;73;82;70;67;73;66;81;64;79;74;89;63;97;77;63;57;70;77;79;67;76;49;55;62;53;51;54;66;51;52;55;38;42;44;32;39;35;21;26;17;11;10;9;11;8;15;0;4;1;1;1;0;0;1;1;1
110006;Minervino Murge;52;42;55;40;42;47;53;54;62;60;54;52;71;63;52;56;49;51;44;64;60;58;71;54;70;70;66;87;72;89;76;74;76;101;74;81;86;81;71;72;63;64;67;58;58;66;69;64;54;65;45;54;66;63;64;66;67;59;48;41;61;42;49;52;54;55;61;63;51;53;41;42;41;51;39;40;41;36;21;22;30;21;17;24;6;9;7;8;10;9;11;10;2;5;4;3;1;0;0;0;0
110007;San Ferdinando di Puglia;90;92;74;85;88;72;107;105;103;107;114;101;110;111;96;89;75;101;90;88;108;80;92;77;94;97;116;90;99;115;107;108;122;97;96;110;111;105;120;135;110;112;94;105;86;81;86;85;83;72;69;79;78;71;76;97;72;81;93;70;73;78;64;75;62;66;57;76;62;64;52;53;64;58;57;43;49;51;39;46;49;51;48;37;18;20;10;13;9;8;11;10;3;7;3;1;1;2;1;2;1
110008;Spinazzola;30;29;29;24;39;41;42;34;34;52;34;48;51;45;39;53;50;48;37;42;50;48;36;59;37;34;40;38;56;61;38;50;50;62;42;46;50;52;52;52;56;56;51;56;45;57;45;38;53;47;45;38;52;42;50;37;42;40;33;40;37;39;25;36;46;29;25;23;31;33;37;36;35;34;28;39;40;26;27;27;17;17;18;21;14;3;8;6;12;8;7;4;3;2;1;0;4;0;1;0;1
110009;Trani;327;306;295;316;326;312;315;332;323;353;315;317;363;375;357;376;354;397;369;381;372;411;383;405;402;401;410;404;430;465;425;434;421;439;453;467;440;461;454;436;446;459;440;414;406;335;372;361;387;308;325;296;316;307;322;357;326;320;261;258;239;250;233;266;229;218;234;200;227;198;174;197;188;157;145;146;151;120;112;100;97;75;82;95;33;25;34;30;24;21;15;13;10;15;7;3;1;1;0;0;0
110010;Trinitapoli;79;84;100;116;107;83;81;91;99;90;87;87;93;98;109;102;107;103;94;97;107;101;92;103;102;124;108;100;104;103;114;121;118;122;125;97;118;98;98;110;105;104;87;101;82;84;93;75;80;60;78;78;72;74;87;88;78;90;61;69;66;70;74;60;66;68;56;64;73;64;57;57;46;30;51;48;39;42;34;37;35;26;24;32;9;11;12;7;7;10;7;4;3;4;4;3;0;0;0;0;0
;Totale;2308;2302;2245;2333;2438;2307;2360;2415;2318;2524;2377;2568;2704;2608;2563;2587;2537;2625;2459;2605;2655;2670;2710;2784;2847;2983;3010;3063;3112;3217;3026;3161;3262;3197;3142;3248;3253;3153;3081;3188;3050;2936;2839;2667;2652;2415;2552;2362;2342;2236;2188;2150;2164;2216;2272;2467;2221;2314;1931;1784;1825;1778;1707;1924;1751;1653;1688;1530;1561;1502;1338;1359;1398;1287;1176;1137;1174;1049;895;791;764;697;647;680;295;249;228;238;234;196;165;136;88;85;40;35;18;12;13;6;9
Territorio/Età;;0;1;2;3;4;5;6;7;8;9;10;11;12;13;14;15;16;17;18;19;20;21;22;23;24;25;26;27;28;29;30;31;32;33;34;35;36;37;38;39;40;41;42;43;44;45;46;47;48;49;50;51;52;53;54;55;56;57;58;59;60;61;62;63;64;65;66;67;68;69;70;71;72;73;74;75;76;77;78;79;80;81;82;83;84;85;86;87;88;89;90;91;92;93;94;95;96;97;98;99;100
Codice comune;Comune;Femmine
110001;Andria;568;628;595;632;614;576;573;563;556;613;624;624;640;631;625;632;623;639;615;726;619;727;719;730;737;755;758;836;807;875;837;778;831;859;890;745;802;815;741;834;702;709;784;659;659;657;604;588;569;559;514;544;551;547;569;608;504;561;427;405;431;469;449;464;473;410;431;385;403;412;362;376;406;391;281;313;328;277;278;228;255;239;208;224;133;125;75;107;98;63;73;58;38;25;13;23;5;8;2;1;3
110002;Barletta;477;555;572;614;586;519;556;534;540;562;574;584;574;547;571;567;554;570;525;572;606;609;656;681;655;706;734;674;730;769;742;760;763;756;817;733;703;761;768;738;683;721;646;658;649;585;592;593;583;601;547;474;559;528;500;593;575;572;508;443;447;432;451;476;437;394;410;379;384;359;401;360;404;343;355;284;359;289;248;250;252;241;181;196;112;94;84;75;85;71;45;49;41;36;17;21;12;7;5;0;8
110003;Bisceglie;308;297;254;305;280;261;309;270;298;276;279;302;313;303;304;250;293;292;318;277;321;317;322;335;389;351;392;407;400;447;413;446;455;418;471;433;443;524;452;476;446;439;355;395;338;344;373;334;344;357;325;321;370;303;321;309;326;330;263;271;255;276;246;299;261;267;254;248;243;234;216;256;266;216;209;177;172;199;157;186;140;159;136;152;72;57;52;48;61;43;56;36;31;27;11;9;11;7;4;0;3
110004;Canosa di Puglia;142;151;164;187;149;162;178;184;189;190;181;186;194;186;203;204;191;182;169;189;192;221;201;204;249;264;241;250;233;263;256;269;247;238;265;279;217;245;246;285;242;216;218;190;217;189;198;202;212;209;187;172;162;196;186;213;194;206;176;159;162;151;125;164;179;158;158;166;170;156;135;123;142;135;130;132;126;114;139;122;114;99;98;96;56;35;35;42;34;27;37;27;23;12;13;6;6;6;0;4;1
110005;Margherita di Savoia;68;65;42;61;70;55;71;59;76;69;78;72;93;60;83;73;93;70;64;71;63;72;62;92;79;80;88;68;90;112;83;102;78;98;94;88;101;107;106;101;130;98;83;99;89;76;86;82;87;90;76;83;74;80;80;89;82;76;88;75;64;59;83;76;67;64;81;67;62;69;65;71;75;65;80;55;57;61;44;54;40;48;46;48;29;16;15;6;14;22;8;10;9;9;4;3;1;3;0;0;1
110006;Minervino Murge;48;41;54;52;56;52;51;48;50;36;56;44;45;68;47;63;52;49;68;54;70;70;62;66;62;60;65;72;73;75;80;65;70;71;76;66;77;74;71;79;62;71;60;59;66;52;51;56;58;55;55;68;79;75;55;66;67;71;59;44;53;54;47;73;61;68;68;68;70;77;51;56;52;71;45;44;48;42;43;39;48;42;44;44;22;13;16;18;21;16;13;16;7;8;5;6;1;1;6;0;0
110007;San Ferdinando di Puglia;69;87;98;87;79;76;92;79;87;110;73;92;97;96;99;100;86;95;82;86;97;101;92;92;104;116;101;116;110;115;102;110;96;109;110;107;93;124;127;100;93;111;103;107;88;72;93;94;82;94;68;62;91;70;88;84;85;90;65;80;73;57;66;57;72;68;72;71;62;61;70;77;60;60;72;55;82;71;56;37;59;53;44;39;23;17;17;9;12;11;12;13;6;3;9;2;1;1;0;1;2
110008;Spinazzola;35;32;36;30;31;36;38;41;32;48;42;44;50;58;45;49;35;49;55;46;44;51;46;43;52;42;44;40;35;59;40;58;38;26;42;56;66;62;55;73;68;49;67;51;55;48;52;52;46;51;30;41;43;48;40;43;39;44;30;43;31;28;36;41;42;43;44;38;40;41;44;31;50;48;43;48;39;41;30;27;47;34;31;31;13;11;9;8;13;16;10;12;5;8;4;1;5;0;4;0;2
110009;Trani;298;316;315;307;298;319;301;280;290;300;285;318;310;329;306;313;324;322;333;354;382;403;356;353;375;364;430;387;449;448;419;448;472;454;460;437;421;489;434;459;455;447;434;390;439;412;390;339;335;358;333;319;328;351;356;342;371;319;296;236;237;280;275;273;248;250;237;230;245;233;211;223;213;195;192;180;159;174;161;163;152;141;127;122;94;58;52;61;47;45;38;44;25;21;15;6;6;10;5;7;0
110010;Trinitapoli;99;73;78;80;103;91;93;93;99;97;77;108;99;112;102;104;101;78;95;100;88;90;101;109;131;120;115;133;111;120;121;107;132;129;129;100;102;102;88;97;100;110;99;87;91;87;97;79;74;86;81;99;88;70;101;89;92;101;70;68;67;64;61;62;77;61;69;53;59;58;72;53;54;71;58;62;44;62;41;53;35;46;40;50;31;28;14;9;7;12;11;12;12;5;4;1;4;2;0;1;0
;Totale;2112;2245;2208;2355;2266;2147;2262;2151;2217;2301;2269;2374;2415;2390;2385;2355;2352;2346;2324;2475;2482;2661;2617;2705;2833;2858;2968;2983;3038;3283;3093;3143;3182;3158;3354;3044;3025;3303;3088;3242;2981;2971;2849;2695;2691;2522;2536;2419;2390;2460;2216;2183;2345;2268;2296;2436;2335;2370;1982;1824;1820;1870;1839;1985;1917;1783;1824;1705;1738;1700;1627;1626;1722;1595;1465;1350;1414;1330;1197;1159;1142;1102;955;1002;585;454;369;383;392;326;303;277;197;154;95;78;52;45;26;14;20

"Ricostruzione della popolazione intercensuaria - Popolazione al 1° gennaio per età"
"Tutte le cittadinanze - Anno: 2005 - Provincia: Barletta-Andria-Trani"
Territorio/Età;;0;1;2;3;4;5;6;7;8;9;10;11;12;13;14;15;16;17;18;19;20;21;22;23;24;25;26;27;28;29;30;31;32;33;34;35;36;37;38;39;40;41;42;43;44;45;46;47;48;49;50;51;52;53;54;55;56;57;58;59;60;61;62;63;64;65;66;67;68;69;70;71;72;73;74;75;76;77;78;79;80;81;82;83;84;85;86;87;88;89;90;91;92;93;94;95;96;97;98;99;100
Codice comune;Comune;Totale
110001;Andria;1151;1184;1255;1199;1246;1292;1209;1239;1187;1199;1272;1257;1302;1341;1281;1285;1302;1270;1324;1255;1402;1295;1416;1422;1468;1479;1562;1573;1641;1646;1691;1598;1563;1704;1657;1679;1566;1599;1567;1467;1589;1400;1463;1470;1296;1331;1262;1242;1156;1093;1093;1039;1069;1060;1088;1125;1210;1041;1116;873;860;883;868;854;906;896;800;822;698;731;725;640;677;709;672;529;532;590;468;477;379;371;358;308;329;185;167;112;141;124;82;90;74;53;39;13;26;4;8;2;6
110002;Barletta;1103;1038;1126;1133;1202;1209;1098;1090;1136;1088;1154;1113;1221;1230;1203;1222;1192;1208;1185;1156;1234;1277;1249;1330;1363;1334;1439;1496;1459;1498;1577;1483;1584;1560;1528;1564;1526;1507;1538;1503;1524;1423;1408;1321;1284;1281;1164;1226;1146;1147;1137;1083;976;1067;1065;1026;1205;1114;1123;954;850;880;854;887;932;836;775;810;747;737;727;711;625;725;608;599;536;604;511;406;402;377;366;309;286;165;143;117;106;109;98;60;66;52;40;18;24;10;3;5;10
110003;Bisceglie;675;617;622;528;598;583;556;625;554;564;600;589;657;653;641;623;602;637;627;610;582;660;673;678;712;754;760;775;828;791;877;856;872;938;873;920;923;945;982;939;972;927;857;773;772;718;708;720;710;685;724;638;613;688;628;638;620;621;656;539;488;518;533;468;584;496;483;496;466;441;437;407;462;465;397;384;335;301;355;279;300;238;237;210;241;101;70;69;69;80;51;64;36;36;27;11;10;7;9;3;7
110004;Canosa di Puglia;276;315;314;346;382;324;350;370;394;373;390;394;409;403;367;420;404;387;392;351;394;389;417;402;408;471;469;442;477;490;499;504;509;493;490;536;525;485;495;490;530;484;436;432;405;425;365;391;369;406;382;369;350;328;365;382;408;407;395;355;322;296;296;237;331;332;294;298;290;303;267;246;226;222;260;227;209;225;194;230;169;176;161;150;155;75;46;51;56;48;45;39;36;24;15;14;9;4;7;1;4
110005;Margherita di Savoia;108;123;128;119;128;126;120;137;135;141;168;163;145;195;155;157;152;173;150;131;156;128;148;146;170;164;160;183;159;178;186;151;194;165;200;191;193;180;224;209;198;242;167;183;183;179;150;170;152;155;160;148;162;135;162;155;176;147;171;166;138;126;129;154;154;135;141;131;118;118;120;113;120;139;110;122;107;95;100;86;81;77;75;64;67;43;20;23;11;20;26;20;7;8;10;4;4;2;3;0;3
110006;Minervino Murge;109;101;82;107;93;98;98;103;101;111;96;109;97;114;130;99;121;100;100;111;115;129;126;130;118;125;129;130;158;141;163;154;139;142;170;148;146;159;155;144;149;124;135;126;117;122;120;121;119;111;118;100;122;145;135;118;133;133;130;106;87;113;96;96;124;118;118;125;127;120;122;88;96;91;119;78;80;88;74;60;57;70;61;61;61;22;20;17;24;28;22;22;22;6;6;5;7;1;1;6;0
110007;San Ferdinando di Puglia;175;160;177;173;171;164;148;198;182;193;217;187;192;209;208;199;189;159;194;174;170;203;181;185;166;195;214;215;202;209;223;205;218;220;206;209;223;207;227;245;236;203;220;197;209;175;152;176;179;164;166;139;138;166;141;165;181;157;170;159;152;144;136;131;128;133;134;130;146;122;123;121;130;125;114;127;93;126;116;90;81;100;94;89;68;35;30;22;15;18;16;18;19;7;9;10;2;2;3;1;5
110008;Spinazzola;56;64;63;64;55;69;78;81;72;66;98;76;92;99;103;84;103;86;95;91;87;90;95;75;102;89;79;86;85;98;117;76;105;86;85;82;101;117;108;106;121;124;103;116;108;100;104;97;91;100;98;76;80;95;89;90;80;81;83;62;83;69;67;60;78;86;72;70;62;65;72;78;66;84;80;68;82;73;64;54;51;61;49;46;50;24;10;16;13;19;23;17;15;6;7;3;1;5;0;2;1
110009;Trani;584;618;624;606;630;625;634;622;608;615;652;601;636;669;699;663;689;678;722;701;732;751;801;741;757;784;764;838;784;877;905;829;872;887;890;904;903;864;939;884;900;902;904;878;802;844;740;759;692;726;668;654;611;643;661;671;695;705;634;555;493;467;525;503;533;476;464;470;420;469;425;379;412;393;347;322;316;294;282;261;252;233;199;188;199;109;70;74;78;58;54;44;44;28;26;18;6;3;7;3;4
110010;Trinitapoli;167;179;155;180;195;209;175;173;183;199;186;162;195;191;208;210;208;207;179;191;196;196;185;186;208;235;241;225;232;213;219;233;219;248;249;255;196;221;199;185;209;205;210;182;187;172;175;190;155;158;149;158;177;158;147;188;177;168;188;136;136;132;134;135;120;141;127;124;113;133;120;127;110;98;100;106;104;80;94;76;83;66;66;61;74;33;33;22;12;12;17;16;11;11;6;6;1;4;1;0;0
;Totale;4404;4399;4546;4455;4700;4699;4466;4638;4552;4549;4833;4651;4946;5104;4995;4962;4962;4905;4968;4771;5068;5118;5291;5295;5472;5630;5817;5963;6025;6141;6457;6089;6275;6443;6348;6488;6302;6284;6434;6172;6428;6034;5903;5678;5363;5347;4940;5092;4769;4745;4695;4404;4298;4485;4481;4558;4885;4574;4666;3905;3609;3628;3638;3525;3890;3649;3408;3476;3187;3239;3138;2910;2924;3051;2807;2562;2394;2476;2258;2019;1855;1769;1666;1486;1530;792;609;523;525;516;434;390;330;231;185;102;90;42;42;23;40
Territorio/Età;;0;1;2;3;4;5;6;7;8;9;10;11;12;13;14;15;16;17;18;19;20;21;22;23;24;25;26;27;28;29;30;31;32;33;34;35;36;37;38;39;40;41;42;43;44;45;46;47;48;49;50;51;52;53;54;55;56;57;58;59;60;61;62;63;64;65;66;67;68;69;70;71;72;73;74;75;76;77;78;79;80;81;82;83;84;85;86;87;88;89;90;91;92;93;94;95;96;97;98;99;100
Codice comune;Comune;Maschi
110001;Andria;575;618;627;605;615;679;631;666;622;642;657;635;677;698;646;660;669;643;682;643;674;681;693;705;740;744;808;820;813;839;820;773;796;877;795;789;822;795;751;729;754;699;754;689;641;673;605;634;569;523;534;522;527;513;540;558;602;540;554;445;455;452;399;405;443;423;392;394;319;335;319;282;311;310;290;251;228;273;207;204;159;136;141;113;118;61;53;44;48;41;30;28;26;22;18;4;6;3;3;0;2
110002;Barletta;587;561;572;561;587;624;574;536;607;547;589;539;640;656;659;648;626;653;618;633;664;674;648;678;683;688;745;771;794;775;806;741;826;793;779;745;790;801;777;729;782;740;686;681;624;629;576;638;556;566;538;538;506;509;542;526;614;533;554;448;410;437;425;438;461;405;380;406;367;356;372;316;271;328;274;249;254;262;234;168;162;138;136;137;104;60;57;36;39;41;38;24;25;20;11;3;8;1;0;3;2
110003;Bisceglie;353;307;323;268;290;300;293;313;283;265;322;308;352;340;337;316;347;339;334;292;303;334;349;352;369;361;399;367;415;375;425;430;414;470;447;446;484;502;454;481;496;475;411;413;373;377;361;343;372;342;367;312;297;315;326;317;311;294;326;277;217;263;252;218;287;234;218;245;221;201;209;193;207;208;186;175;165;131;164;126;122;105;87;80;97;36;18;25;29;25;16;20;10;9;10;2;3;1;2;0;4
110004;Canosa di Puglia;142;179;163;185;195;176;185;190;211;183;201;213;223;210;180;214;200;196;209;182;203;198;197;202;212;226;208;206;233;260;241;244;242;247;259;270;247;268;251;246;243;239;220;216;216;210;176;194;165;194;171;183;178;167;171;196;194;214;191;182;163;134;145;114;168;154;139;143;125;134;114;115;102;88;131;96;83;101;84;94;49;67;65;54;68;22;13;23;17;19;22;8;14;7;3;4;5;0;1;1;0
110005;Margherita di Savoia;57;60;63;76;68;59;66;67;76;65;99;85;73;101;95;75;80;80;81;68;85;64;78;82;81;88;82;97;89;87;80;70;92;88;98;95;102;81;112;100;101;114;73;101;84;88;74;83;70;67;71;70;78;63;80;74;89;62;96;78;63;59;69;75;80;66;78;49;55;61;52;49;50;66;47;47;52;37;41;42;31;38;31;19;22;14;9;10;6;8;8;12;0;3;1;0;1;0;0;0;2
110006;Minervino Murge;59;51;41;54;41;42;47;53;54;62;60;54;53;69;63;53;56;49;51;45;63;59;59;66;54;68;69;64;85;70;89;73;73;75;99;71;84;84;80;71;71;62;62;67;58;59;68;70;64;53;63;46;55;67;60;63;66;66;61;47;42;60;43;49;51;55;52;59;62;51;52;37;41;41;49;37;39;41;35;21;20;26;21;18;21;4;8;6;8;8;8;9;8;2;3;1;2;0;0;0;0
110007;San Ferdinando di Puglia;91;91;89;74;84;84;72;106;103;105;107;115;101;110;112;98;89;74;100;92;83;106;77;93;76;89;100;114;88;102;115;106;111;120;99;97;109;111;106;119;136;109;110;94;103;87;79;85;84;84;72;70;76;75;73;76;98;72;80;92;71;72;79;65;71;61;67;58;75;60;63;53;54;64;56;57;40;47;47;36;44;46;46;47;31;15;14;9;10;9;8;10;9;3;6;3;0;1;2;1;3
110008;Spinazzola;19;31;29;29;25;38;42;42;34;33;50;34;48;51;45;39;53;50;47;37;41;49;47;34;57;38;36;40;40;60;59;37;50;51;59;41;45;51;50;50;49;56;54;51;57;46;57;45;39;53;47;45;39;51;42;50;37;42;39;32;40;38;39;25;37;45;29;25;24;27;31;36;34;35;33;26;38;38;25;24;25;18;16;19;20;12;2;7;6;7;8;7;4;3;2;1;0;1;0;0;0
110009;Trani;296;318;309;295;321;328;314;320;330;324;354;316;318;362;373;358;376;356;400;368;381;374;404;386;402;405;405;414;403;432;462;418;430;422;439;450;465;441;459;450;438;445;458;442;412;407;329;370;354;388;309;323;295;313;309;319;353;332;317;261;257;233;246;234;263;229;217;230;199;226;195;172;193;181;155;136;137;140;119;108;93;91;64;70;85;29;21;26;26;18;17;13;11;7;10;5;2;1;1;0;0
110010;Trinitapoli;92;79;83;99;115;106;84;81;90;98;89;86;87;93;98;108;104;107;103;95;97;108;96;86;102;104;119;110;102;104;105;113;117;117;122;126;97;118;97;98;112;106;101;85;101;80;85;94;75;81;61;78;78;70;76;86;88;77;88;65;68;65;70;75;59;66;67;56;63;74;63;55;55;43;30;50;45;35;41;36;36;32;22;22;27;4;11;10;4;6;6;7;4;3;3;3;1;0;0;0;0
;Totale;2271;2295;2299;2246;2341;2436;2308;2374;2410;2324;2528;2385;2572;2690;2608;2569;2600;2547;2625;2455;2594;2647;2648;2684;2776;2811;2971;3003;3062;3104;3202;3005;3151;3260;3196;3130;3245;3252;3137;3073;3182;3045;2929;2839;2669;2656;2410;2556;2348;2351;2233;2187;2129;2143;2219;2265;2452;2232;2306;1927;1786;1813;1767;1698;1920;1738;1639;1665;1510;1525;1470;1308;1318;1364;1251;1124;1081;1105;997;859;741;697;629;579;593;257;206;196;193;182;161;138;111;79;67;26;28;8;9;5;13
Territorio/Età;;0;1;2;3;4;5;6;7;8;9;10;11;12;13;14;15;16;17;18;19;20;21;22;23;24;25;26;27;28;29;30;31;32;33;34;35;36;37;38;39;40;41;42;43;44;45;46;47;48;49;50;51;52;53;54;55;56;57;58;59;60;61;62;63;64;65;66;67;68;69;70;71;72;73;74;75;76;77;78;79;80;81;82;83;84;85;86;87;88;89;90;91;92;93;94;95;96;97;98;99;100
Codice comune;Comune;Femmine
110001;Andria;576;566;628;594;631;613;578;573;565;557;615;622;625;643;635;625;633;627;642;612;728;614;723;717;728;735;754;753;828;807;871;825;767;827;862;890;744;804;816;738;835;701;709;781;655;658;657;608;587;570;559;517;542;547;548;567;608;501;562;428;405;431;469;449;463;473;408;428;379;396;406;358;366;399;382;278;304;317;261;273;220;235;217;195;211;124;114;68;93;83;52;62;48;31;21;9;20;1;5;2;4
110002;Barletta;516;477;554;572;615;585;524;554;529;541;565;574;581;574;544;574;566;555;567;523;570;603;601;652;680;646;694;725;665;723;771;742;758;767;749;819;736;706;761;774;742;683;722;640;660;652;588;588;590;581;599;545;470;558;523;500;591;581;569;506;440;443;429;449;471;431;395;404;380;381;355;395;354;397;334;350;282;342;277;238;240;239;230;172;182;105;86;81;67;68;60;36;41;32;29;15;16;9;3;2;8
110003;Bisceglie;322;310;299;260;308;283;263;312;271;299;278;281;305;313;304;307;255;298;293;318;279;326;324;326;343;393;361;408;413;416;452;426;458;468;426;474;439;443;528;458;476;452;446;360;399;341;347;377;338;343;357;326;316;373;302;321;309;327;330;262;271;255;281;250;297;262;265;251;245;240;228;214;255;257;211;209;170;170;191;153;178;133;150;130;144;65;52;44;40;55;35;44;26;27;17;9;7;6;7;3;3
110004;Canosa di Puglia;134;136;151;161;187;148;165;180;183;190;189;181;186;193;187;206;204;191;183;169;191;191;220;200;196;245;261;236;244;230;258;260;267;246;231;266;278;217;244;244;287;245;216;216;189;215;189;197;204;212;211;186;172;161;194;186;214;193;204;173;159;162;151;123;163;178;155;155;165;169;153;131;124;134;129;131;126;124;110;136;120;109;96;96;87;53;33;28;39;29;23;31;22;17;12;10;4;4;6;0;4
110005;Margherita di Savoia;51;63;65;43;60;67;54;70;59;76;69;78;72;94;60;82;72;93;69;63;71;64;70;64;89;76;78;86;70;91;106;81;102;77;102;96;91;99;112;109;97;128;94;82;99;91;76;87;82;88;89;78;84;72;82;81;87;85;75;88;75;67;60;79;74;69;63;82;63;57;68;64;70;73;63;75;55;58;59;44;50;39;44;45;45;29;11;13;5;12;18;8;7;5;9;4;3;2;3;0;1
110006;Minervino Murge;50;50;41;53;52;56;51;50;47;49;36;55;44;45;67;46;65;51;49;66;52;70;67;64;64;57;60;66;73;71;74;81;66;67;71;77;62;75;75;73;78;62;73;59;59;63;52;51;55;58;55;54;67;78;75;55;67;67;69;59;45;53;53;47;73;63;66;66;65;69;70;51;55;50;70;41;41;47;39;39;37;44;40;43;40;18;12;11;16;20;14;13;14;4;3;4;5;1;1;6;0
110007;San Ferdinando di Puglia;84;69;88;99;87;80;76;92;79;88;110;72;91;99;96;101;100;85;94;82;87;97;104;92;90;106;114;101;114;107;108;99;107;100;107;112;114;96;121;126;100;94;110;103;106;88;73;91;95;80;94;69;62;91;68;89;83;85;90;67;81;72;57;66;57;72;67;72;71;62;60;68;76;61;58;70;53;79;69;54;37;54;48;42;37;20;16;13;5;9;8;8;10;4;3;7;2;1;1;0;2
110008;Spinazzola;37;33;34;35;30;31;36;39;38;33;48;42;44;48;58;45;50;36;48;54;46;41;48;41;45;51;43;46;45;38;58;39;55;35;26;41;56;66;58;56;72;68;49;65;51;54;47;52;52;47;51;31;41;44;47;40;43;39;44;30;43;31;28;35;41;41;43;45;38;38;41;42;32;49;47;42;44;35;39;30;26;43;33;27;30;12;8;9;7;12;15;10;11;3;5;2;1;4;0;2;1
110009;Trani;288;300;315;311;309;297;320;302;278;291;298;285;318;307;326;305;313;322;322;333;351;377;397;355;355;379;359;424;381;445;443;411;442;465;451;454;438;423;480;434;462;457;446;436;390;437;411;389;338;338;359;331;316;330;352;352;342;373;317;294;236;234;279;269;270;247;247;240;221;243;230;207;219;212;192;186;179;154;163;153;159;142;135;118;114;80;49;48;52;40;37;31;33;21;16;13;4;2;6;3;4
110010;Trinitapoli;75;100;72;81;80;103;91;92;93;101;97;76;108;98;110;102;104;100;76;96;99;88;89;100;106;131;122;115;130;109;114;120;102;131;127;129;99;103;102;87;97;99;109;97;86;92;90;96;80;77;88;80;99;88;71;102;89;91;100;71;68;67;64;60;61;75;60;68;50;59;57;72;55;55;70;56;59;45;53;40;47;34;44;39;47;29;22;12;8;6;11;9;7;8;3;3;0;4;1;0;0
;Totale;2133;2104;2247;2209;2359;2263;2158;2264;2142;2225;2305;2266;2374;2414;2387;2393;2362;2358;2343;2316;2474;2471;2643;2611;2696;2819;2846;2960;2963;3037;3255;3084;3124;3183;3152;3358;3057;3032;3297;3099;3246;2989;2974;2839;2694;2691;2530;2536;2421;2394;2462;2217;2169;2342;2262;2293;2433;2342;2360;1978;1823;1815;1871;1827;1970;1911;1769;1811;1677;1714;1668;1602;1606;1687;1556;1438;1313;1371;1261;1160;1114;1072;1037;907;937;535;403;327;332;334;273;252;219;152;118;76;62;34;33;18;27

"Ricostruzione della popolazione intercensuaria - Popolazione al 1° gennaio per età"
"Tutte le cittadinanze - Anno: 2006 - Provincia: Barletta-Andria-Trani"
Territorio/Età;;0;1;2;3;4;5;6;7;8;9;10;11;12;13;14;15;16;17;18;19;20;21;22;23;24;25;26;27;28;29;30;31;32;33;34;35;36;37;38;39;40;41;42;43;44;45;46;47;48;49;50;51;52;53;54;55;56;57;58;59;60;61;62;63;64;65;66;67;68;69;70;71;72;73;74;75;76;77;78;79;80;81;82;83;84;85;86;87;88;89;90;91;92;93;94;95;96;97;98;99;100
Codice comune;Comune;Totale
110001;Andria;1162;1155;1188;1252;1198;1244;1294;1210;1243;1193;1201;1274;1259;1307;1342;1278;1287;1302;1273;1326;1257;1405;1295;1404;1413;1455;1475;1555;1575;1628;1627;1680;1592;1569;1704;1656;1674;1562;1603;1565;1466;1593;1391;1454;1468;1297;1328;1264;1248;1153;1097;1090;1033;1069;1058;1085;1127;1212;1033;1114;870;851;878;861;846;905;891;787;822;683;716;711;630;663;690;646;511;511;572;444;455;359;351;323;284;290;162;148;99;119;107;71;73;55;39;25;8;21;2;4;4
110002;Barletta;989;1101;1030;1113;1122;1191;1208;1097;1083;1136;1092;1153;1103;1221;1227;1203;1210;1190;1203;1180;1152;1219;1277;1231;1316;1345;1322;1421;1463;1436;1490;1556;1478;1558;1540;1511;1556;1520;1491;1538;1505;1512;1420;1406;1313;1280;1272;1161;1225;1146;1145;1136;1076;975;1058;1062;1016;1197;1116;1120;955;842;864;849;876;927;832;764;801;734;731;717;694;613;702;587;571;517;582;489;382;383;353;336;286;259;153;128;104;91;88;83;47;52;39;26;16;18;5;1;9
110003;Bisceglie;539;664;613;625;529;591;588;557;627;550;569;605;594;659;659;641;626;601;640;629;610;587;660;669;674;713;738;751;784;828;787;884;869;885;954;896;916;935;945;979;945;978;928;859;774;775;722;709;723;706;683;722;640;607;688;628;643;618;624;655;534;487;517;532;469;565;486;470;490;464;431;425;400;453;458;389;372;317;289;332;263;283;222;218;190;219;88;63;57;56;67;39;43;29;31;20;8;7;3;7;10
110004;Canosa di Puglia;319;274;303;319;345;387;325;352;369;392;371;387;396;404;403;365;429;406;388;391;350;387;385;412;398;402;466;465;446;461;475;484;494;496;486;481;532;520;486;491;492;530;483;434;432;408;424;368;394;367;403;382;371;348;327;362;383;405;406;396;351;321;296;297;230;327;331;291;293;284;300;262;243;222;215;249;222;202;213;191;209;160;164;151;134;141;64;42;44;48;30;43;30;25;21;9;9;3;2;4;3
110005;Margherita di Savoia;93;108;127;127;118;130;120;121;142;133;140;170;164;146;195;160;159;156;174;148;132;151;126;146;145;161;165;151;178;155;177;195;155;193;167;194;193;197;179;226;205;197;242;169;181;180;174;150;164;150;155;158;147;161;136;160;159;181;145;170;163;137;127;127;158;151;135;139;130;117;120;117;110;117;135;107;121;103;91;93;85;81;72;72;61;62;37;21;19;9;16;25;17;6;5;9;3;4;2;3;3
110006;Minervino Murge;81;106;102;82;107;96;100;96;105;103;112;97;110;96;114;131;101;120;98;99;112;117;128;125;128;115;125;129;127;158;144;160;153;140;141;170;147;146;153;154;147;145;124;135;126;117;121;121;121;116;111;118;100;122;146;139;118;132;134;135;108;86;108;95;95;120;118;120;121;124;118;118;86;91;90;119;75;76;85;74;59;55;63;55;51;49;17;16;16;17;21;12;20;17;3;4;5;7;1;1;4
110007;San Ferdinando di Puglia;161;172;153;174;172;170;161;147;200;185;192;219;186;192;210;211;202;190;161;191;175;171;204;173;183;166;194;213;213;199;210;223;204;211;222;204;213;228;207;228;236;238;201;218;193;206;176;152;173;178;164;164;140;137;167;139;162;180;157;169;156;149;146;132;131;125;134;135;128;145;118;123;118;127;125;112;123;92;125;109;82;76;95;87;81;63;29;30;17;11;13;15;9;11;5;6;8;3;2;2;5
110008;Spinazzola;55;56;66;65;63;60;66;82;83;75;68;97;75;90;98;102;85;103;85;93;93;86;90;94;73;97;83;78;87;84;95;113;74;103;79;85;84;96;115;109;105;121;121;102;117;109;101;103;96;94;100;96;77;78;94;87;90;80;83;81;61;84;68;68;59;78;83;69;69;62;64;69;76;65;81;77;67;75;72;61;53;51;57;48;44;44;21;9;12;11;19;20;14;14;3;3;3;1;5;0;0
110009;Trani;587;584;611;625;603;629;620;630;625;614;621;650;607;639;670;701;666;686;676;720;694;738;747;811;733;756;782;771;835;775;865;895;827;863;898;878;910;900;863;941;882;910;899;904;880;799;843;735;761;686;723;666;655;612;639;655;661;689;703;634;553;490;462;522;498;531;467;461;464;411;465;415;370;404;390;341;316;312;276;267;245;235;217;182;173;176;101;61;66;72;44;50;31;29;23;19;14;5;0;6;3
110010;Trinitapoli;173;163;184;152;181;189;203;173;174;182;197;185;160;191;190;206;208;209;208;174;187;197;193;182;184;201;233;231;221;227;198;213;231;224;240;252;247;195;222;199;190;205;207;207;186;188;173;175;191;155;158;148;159;176;158;144;188;178;168;189;136;135;130;134;133;118;139;126;122;110;131;117;122;110;95;99;103;103;77;92;72;77;61;65;57;69;30;29;18;12;9;15;10;9;9;4;6;1;2;1;0
;Totale;4159;4383;4377;4534;4438;4687;4685;4465;4651;4563;4563;4837;4654;4945;5108;4998;4973;4963;4906;4951;4762;5058;5105;5247;5247;5411;5583;5765;5929;5951;6068;6403;6077;6242;6431;6327;6472;6299;6264;6430;6173;6429;6016;5888;5670;5359;5334;4938;5096;4751;4739;4680;4398;4285;4471;4461;4547;4872;4569;4663;3887;3582;3596;3617;3495;3847;3616;3362;3440;3134;3194;3074;2849;2865;2981;2726;2481;2308;2382;2152;1905;1760;1655;1537;1361;1372;702;547;452;446;414;373;294;247;178;125;80;70;24;29;41
Territorio/Età;;0;1;2;3;4;5;6;7;8;9;10;11;12;13;14;15;16;17;18;19;20;21;22;23;24;25;26;27;28;29;30;31;32;33;34;35;36;37;38;39;40;41;42;43;44;45;46;47;48;49;50;51;52;53;54;55;56;57;58;59;60;61;62;63;64;65;66;67;68;69;70;71;72;73;74;75;76;77;78;79;80;81;82;83;84;85;86;87;88;89;90;91;92;93;94;95;96;97;98;99;100
Codice comune;Comune;Maschi
110001;Andria;633;578;620;626;603;611;682;631;669;622;644;656;636;680;699;643;660;668;644;681;642;669;680;686;700;729;741;804;817;802;831;821;768;800;878;796;784;824;795;755;725;756;693;750;688;642;670;608;639;568;527;533;522;527;513;539;558;602;536;551;443;448;450;396;401;444;420;385;391;313;328;311;272;307;305;277;240;217;266;195;189;150;125;121;103;105;54;48;36;39;37;27;22;20;14;11;2;4;2;0;0
110002;Barletta;487;582;555;563;555;583;623;574;535;610;550;590;535;641;654;659;637;627;654;614;633;657;673;638;667;674;677;738;758;778;765;787;738;812;778;767;745;790;794;780;731;773;739;684;677;624;621;573;636;555;562;537;533;505;508;540;520;607;534;555;449;408;429;421;432;457;402;374;400;357;352;365;306;268;318;259;230;240;249;224;156;147;124;118;128;94;56;50;28;29;28;33;16;20;14;4;3;8;1;0;3
110003;Bisceglie;285;349;302;323;267;285;301;292;316;281;271;326;312;355;345;336;316;346;340;337;290;305;333;345;346;372;346;392;371;410;376;427;437;419;479;464;448;489;503;451;482;496;476;412;415;378;381;361;344;370;343;366;310;294;315;326;319;308;292;323;275;217;261;250;218;274;228;207;243;220;194;201;190;203;201;181;166;154;127;153;118;113;95;80;70;90;33;17;20;23;21;10;8;7;8;9;1;3;1;2;4
110004;Canosa di Puglia;167;140;173;167;184;199;178;188;187;209;182;200;215;222;210;179;218;202;196;207;179;199;193;192;195;208;228;206;210;225;253;235;237;233;247;254;266;244;267;248;242;243;240;217;217;219;211;178;194;165;191;172;185;179;165;169;197;192;214;193;180;162;135;143;111;163;155;138;141;124;131;114;114;100;85;126;91;81;91;81;82;48;60;61;45;62;17;12;21;15;9;22;7;8;5;2;2;2;0;1;0
110005;Margherita di Savoia;51;57;61;58;75;67;54;65;67;74;64;97;85;74;101;99;75;81;80;79;70;80;63;74;83;73;88;75;93;84;88;87;69;91;90;97;96;103;80;112;98;99;115;77;99;81;85;74;81;70;66;69;70;78;63;79;76;91;63;96;77;65;59;69;79;78;67;76;49;54;62;49;47;48;62;47;46;49;35;38;39;30;37;31;19;19;11;9;8;4;5;8;10;0;3;0;0;1;0;0;2
110006;Minervino Murge;45;57;51;41;52;42;43;45;55;55;62;60;55;53;68;64;53;56;48;51;46;64;59;59;66;54;68;70;61;85;72;86;73;73;74;99;71;84;80;79;73;70;61;61;68;58;59;68;70;61;53;64;46;55;69;59;63;64;68;65;48;41;56;42;50;49;54;52;58;60;49;49;36;38;40;50;36;36;38;34;21;20;23;18;13;15;3;7;6;4;4;3;9;5;1;2;1;2;0;0;0
110007;San Ferdinando di Puglia;85;91;88;89;75;83;83;71;107;105;106;108;115;100;111;113;99;89;75;99;93;84;105;73;93;76;85;100;113;90;104;116;104;109;120;97;98;112;110;108;116;137;105;109;91;100;88;79;82;84;85;72;70;76;74;72;76;97;72;79;89;69;74;77;65;70;63;68;56;74;57;63;51;54;64;56;54;39;46;43;30;41;43;42;41;29;14;14;6;7;7;6;8;5;2;4;1;0;1;2;3
110008;Spinazzola;24;19;34;28;28;28;37;44;44;35;33;49;33;49;49;43;39;53;49;47;39;40;48;46;33;54;34;35;40;39;58;57;36;50;47;59;43;43;52;50;50;48;54;53;51;56;46;56;45;40;53;47;46;39;50;42;50;37;44;37;31;41;37;40;24;37;42;29;24;24;27;29;36;34;33;32;27;34;37;23;24;25;18;15;18;18;10;2;4;5;7;6;6;4;1;0;1;0;1;0;0
110009;Trani;314;300;311;311;292;321;326;311;321;333;328;351;318;319;364;374;362;374;356;399;364;382;375;409;378;404;405;409;416;393;426;462;416;430;429;432;454;462;441;456;448;444;446;456;444;411;408;327;369;352;385;310;322;294;309;307;314;349;331;316;260;257;231;244;233;262;225;214;224;194;223;187;168;188;181;153;132;137;124;108;98;85;81;56;64;75;27;16;23;23;13;14;7;10;6;7;3;0;0;0;0
110010;Trinitapoli;87;92;82;83;99;111;102;85;81;89;98;88;86;85;92;97;107;105;107;100;95;99;107;92;85;98;102;114;108;99;98;101;111;119;113;125;123;95;118;97;99;109;106;99;89;101;80;85;95;75;80;61;78;77;71;74;87;90;77;88;64;67;65;70;75;58;65;66;55;63;71;60;51;55;42;30;47;44;34;39;34;33;30;23;22;24;4;11;8;5;5;6;4;3;2;1;3;1;0;0;0
;Totale;2178;2265;2277;2289;2230;2330;2429;2306;2382;2413;2338;2525;2390;2578;2693;2607;2566;2601;2549;2614;2451;2579;2636;2614;2646;2742;2774;2943;2987;3005;3071;3179;2989;3136;3255;3190;3128;3246;3240;3136;3064;3175;3035;2918;2839;2670;2649;2409;2555;2340;2345;2231;2182;2124;2137;2207;2260;2437;2231;2303;1916;1775;1797;1752;1688;1892;1721;1609;1641;1483;1494;1428;1271;1295;1331;1211;1069;1031;1047;938;791;692;636;565;523;531;229;186;160;154;136;135;97;82;56;40;17;21;6;5;12
Territorio/Età;;0;1;2;3;4;5;6;7;8;9;10;11;12;13;14;15;16;17;18;19;20;21;22;23;24;25;26;27;28;29;30;31;32;33;34;35;36;37;38;39;40;41;42;43;44;45;46;47;48;49;50;51;52;53;54;55;56;57;58;59;60;61;62;63;64;65;66;67;68;69;70;71;72;73;74;75;76;77;78;79;80;81;82;83;84;85;86;87;88;89;90;91;92;93;94;95;96;97;98;99;100
Codice comune;Comune;Femmine
110001;Andria;529;577;568;626;595;633;612;579;574;571;557;618;623;627;643;635;627;634;629;645;615;736;615;718;713;726;734;751;758;826;796;859;824;769;826;860;890;738;808;810;741;837;698;704;780;655;658;656;609;585;570;557;511;542;545;546;569;610;497;563;427;403;428;465;445;461;471;402;431;370;388;400;358;356;385;369;271;294;306;249;266;209;226;202;181;185;108;100;63;80;70;44;51;35;25;14;6;17;0;4;4
110002;Barletta;502;519;475;550;567;608;585;523;548;526;542;563;568;580;573;544;573;563;549;566;519;562;604;593;649;671;645;683;705;658;725;769;740;746;762;744;811;730;697;758;774;739;681;722;636;656;651;588;589;591;583;599;543;470;550;522;496;590;582;565;506;434;435;428;444;470;430;390;401;377;379;352;388;345;384;328;341;277;333;265;226;236;229;218;158;165;97;78;76;62;60;50;31;32;25;22;13;10;4;1;6
110003;Bisceglie;254;315;311;302;262;306;287;265;311;269;298;279;282;304;314;305;310;255;300;292;320;282;327;324;328;341;392;359;413;418;411;457;432;466;475;432;468;446;442;528;463;482;452;447;359;397;341;348;379;336;340;356;330;313;373;302;324;310;332;332;259;270;256;282;251;291;258;263;247;244;237;224;210;250;257;208;206;163;162;179;145;170;127;138;120;129;55;46;37;33;46;29;35;22;23;11;7;4;2;5;6
110004;Canosa di Puglia;152;134;130;152;161;188;147;164;182;183;189;187;181;182;193;186;211;204;192;184;171;188;192;220;203;194;238;259;236;236;222;249;257;263;239;227;266;276;219;243;250;287;243;217;215;189;213;190;200;202;212;210;186;169;162;193;186;213;192;203;171;159;161;154;119;164;176;153;152;160;169;148;129;122;130;123;131;121;122;110;127;112;104;90;89;79;47;30;23;33;21;21;23;17;16;7;7;1;2;3;3
110005;Margherita di Savoia;42;51;66;69;43;63;66;56;75;59;76;73;79;72;94;61;84;75;94;69;62;71;63;72;62;88;77;76;85;71;89;108;86;102;77;97;97;94;99;114;107;98;127;92;82;99;89;76;83;80;89;89;77;83;73;81;83;90;82;74;86;72;68;58;79;73;68;63;81;63;58;68;63;69;73;60;75;54;56;55;46;51;35;41;42;43;26;12;11;5;11;17;7;6;2;9;3;3;2;3;1
110006;Minervino Murge;36;49;51;41;55;54;57;51;50;48;50;37;55;43;46;67;48;64;50;48;66;53;69;66;62;61;57;59;66;73;72;74;80;67;67;71;76;62;73;75;74;75;63;74;58;59;62;53;51;55;58;54;54;67;77;80;55;68;66;70;60;45;52;53;45;71;64;68;63;64;69;69;50;53;50;69;39;40;47;40;38;35;40;37;38;34;14;9;10;13;17;9;11;12;2;2;4;5;1;1;4
110007;San Ferdinando di Puglia;76;81;65;85;97;87;78;76;93;80;86;111;71;92;99;98;103;101;86;92;82;87;99;100;90;90;109;113;100;109;106;107;100;102;102;107;115;116;97;120;120;101;96;109;102;106;88;73;91;94;79;92;70;61;93;67;86;83;85;90;67;80;72;55;66;55;71;67;72;71;61;60;67;73;61;56;69;53;79;66;52;35;52;45;40;34;15;16;11;4;6;9;1;6;3;2;7;3;1;0;2
110008;Spinazzola;31;37;32;37;35;32;29;38;39;40;35;48;42;41;49;59;46;50;36;46;54;46;42;48;40;43;49;43;47;45;37;56;38;53;32;26;41;53;63;59;55;73;67;49;66;53;55;47;51;54;47;49;31;39;44;45;40;43;39;44;30;43;31;28;35;41;41;40;45;38;37;40;40;31;48;45;40;41;35;38;29;26;39;33;26;26;11;7;8;6;12;14;8;10;2;3;2;1;4;0;0
110009;Trani;273;284;300;314;311;308;294;319;304;281;293;299;289;320;306;327;304;312;320;321;330;356;372;402;355;352;377;362;419;382;439;433;411;433;469;446;456;438;422;485;434;466;453;448;436;388;435;408;392;334;338;356;333;318;330;348;347;340;372;318;293;233;231;278;265;269;242;247;240;217;242;228;202;216;209;188;184;175;152;159;147;150;136;126;109;101;74;45;43;49;31;36;24;19;17;12;11;5;0;6;3
110010;Trinitapoli;86;71;102;69;82;78;101;88;93;93;99;97;74;106;98;109;101;104;101;74;92;98;86;90;99;103;131;117;113;128;100;112;120;105;127;127;124;100;104;102;91;96;101;108;97;87;93;90;96;80;78;87;81;99;87;70;101;88;91;101;72;68;65;64;58;60;74;60;67;47;60;57;71;55;53;69;56;59;43;53;38;44;31;42;35;45;26;18;10;7;4;9;6;6;7;3;3;0;2;1;0
;Totale;1981;2118;2100;2245;2208;2357;2256;2159;2269;2150;2225;2312;2264;2367;2415;2391;2407;2362;2357;2337;2311;2479;2469;2633;2601;2669;2809;2822;2942;2946;2997;3224;3088;3106;3176;3137;3344;3053;3024;3294;3109;3254;2981;2970;2831;2689;2685;2529;2541;2411;2394;2449;2216;2161;2334;2254;2287;2435;2338;2360;1971;1807;1799;1865;1807;1955;1895;1753;1799;1651;1700;1646;1578;1570;1650;1515;1412;1277;1335;1214;1114;1068;1019;972;838;841;473;361;292;292;278;238;197;165;122;85;63;49;18;24;29

"Ricostruzione della popolazione intercensuaria - Popolazione al 1° gennaio per età"
"Tutte le cittadinanze - Anno: 2007 - Provincia: Barletta-Andria-Trani"
Territorio/Età;;0;1;2;3;4;5;6;7;8;9;10;11;12;13;14;15;16;17;18;19;20;21;22;23;24;25;26;27;28;29;30;31;32;33;34;35;36;37;38;39;40;41;42;43;44;45;46;47;48;49;50;51;52;53;54;55;56;57;58;59;60;61;62;63;64;65;66;67;68;69;70;71;72;73;74;75;76;77;78;79;80;81;82;83;84;85;86;87;88;89;90;91;92;93;94;95;96;97;98;99;100
Codice comune;Comune;Totale
110001;Andria;1052;1157;1148;1186;1246;1196;1243;1293;1203;1244;1192;1207;1273;1254;1308;1341;1272;1286;1306;1277;1319;1250;1396;1295;1399;1407;1438;1465;1539;1555;1628;1626;1667;1589;1552;1681;1642;1673;1556;1606;1566;1458;1595;1385;1447;1464;1293;1322;1261;1249;1150;1088;1087;1028;1061;1054;1081;1123;1205;1028;1113;865;852;874;855;832;902;881;784;817;673;704;696;618;649;662;624;495;498;552;420;434;343;330;302;251;271;147;130;86;95;96;50;56;39;28;18;7;13;2;6
110002;Barletta;1029;980;1107;1032;1116;1119;1203;1206;1101;1088;1139;1095;1153;1108;1224;1226;1203;1210;1184;1202;1178;1143;1219;1261;1215;1286;1328;1292;1406;1446;1412;1475;1531;1469;1553;1541;1503;1551;1512;1484;1520;1494;1503;1410;1402;1312;1275;1267;1157;1215;1144;1143;1130;1078;972;1055;1067;1018;1195;1109;1118;957;835;857;846;862;920;822;754;800;723;718;708;680;596;681;572;548;501;557;471;351;362;327;308;262;219;134;110;90;80;68;60;39;39;27;19;8;9;4;7
110003;Bisceglie;605;540;660;615;626;538;591;586;556;627;548;574;602;598;662;653;643;624;606;647;628;610;586;657;665;687;711;748;754;774;837;787;887;873;879;962;894;926;929;949;981;943;975;923;852;768;775;721;707;719;705;683;715;636;606;688;631;640;623;624;641;531;488;513;525;469;564;477;463;482;463;425;417;389;440;443;383;360;305;279;314;244;266;207;190;175;191;78;55;50;47;60;32;25;22;27;13;6;7;2;1
110004;Canosa di Puglia;325;322;271;304;323;343;385;320;349;370;388;370;388;395;405;403;368;423;401;383;383;345;381;382;407;389;395;455;459;441;457;465;474;482;493;487;481;519;514;485;488;494;537;482;435;432;411;420;368;395;366;401;383;372;348;329;363;380;403;406;392;344;320;296;293;226;325;327;279;284;281;296;260;238;215;206;239;210;197;204;177;194;154;150;139;118;128;58;31;33;38;28;35;21;21;16;6;6;3;2;5
110005;Margherita di Savoia;116;97;103;130;126;121;130;119;124;141;132;140;176;164;145;193;158;156;155;172;144;131;153;127;148;136;149;168;157;176;156;171;190;159;188;168;188;194;194;179;222;202;194;239;172;177;181;173;150;166;150;156;159;145;163;138;160;158;177;143;170;159;135;122;131;157;150;136;137;125;116;117;116;110;116;134;109;118;101;84;89;82;75;69;68;50;58;30;15;18;9;15;23;14;5;1;7;2;3;2;3
110006;Minervino Murge;83;81;102;103;81;107;98;101;95;101;103;110;99;109;95;114;131;101;118;94;99;111;117;126;121;124;113;120;126;121;156;139;159;145;137;139;164;145;138;154;152;144;145;125;135;125;117;121;123;120;117;109;117;100;124;147;136;116;132;134;130;106;82;108;92;94;118;120;122;122;123;115;114;85;87;88;117;68;76;78;72;61;54;58;50;46;46;15;13;14;15;15;8;14;13;3;1;2;3;1;3
110007;San Ferdinando di Puglia;153;162;161;150;172;171;169;160;147;201;186;191;219;185;192;206;209;202;189;160;190;174;169;199;169;180;152;191;210;209;195;209;232;202;207;220;207;215;227;206;223;232;236;200;215;193;206;172;148;167;179;162;164;141;137;166;137;162;181;158;169;155;148;145;135;129;124;134;134;129;145;116;119;114;126;123;109;119;90;120;103;77;71;88;78;72;56;27;24;14;11;8;12;8;2;5;3;8;3;2;5
110008;Spinazzola;57;58;54;64;66;64;61;68;82;82;77;66;97;75;89;96;102;88;102;83;88;91;81;87;93;73;94;80;78;89;82;93;108;71;95;74;81;86;95;114;110;104;121;122;103;116;105;100;105;95;92;98;95;76;78;95;86;90;79;83;80;60;84;66;67;59;74;84;66;66;60;63;66;75;63;78;76;66;71;69;64;50;47;49;46;40;38;18;9;10;9;12;18;14;12;3;1;3;1;4;0
110009;Trani;539;588;577;607;626;594;629;622;638;624;616;620;651;611;639;670;699;670;689;673;715;687;731;751;796;731;753;779;778;836;784;870;920;848;876;910;885;913;897;874;943;892;912;904;909;871;788;847;739;762;685;723;664;653;609;635;650;660;691;701;631;549;486;459;516;488;529;458;453;464;405;453;403;358;395;385;335;304;302;255;249;229;215;194;162;157;155;89;51;59;57;38;40;24;18;17;15;10;3;0;7
110010;Trinitapoli;182;172;165;187;149;181;186;205;173;176;180;196;184;161;189;191;204;207;209;209;172;184;192;190;181;181;193;230;225;217;220;202;207;231;221;235;247;245;194;224;201;191;204;204;204;185;185;171;174;194;155;158;149;159;175;160;143;191;176;168;189;135;136;127;133;132;117;132;123;120;110;128;114;116;108;91;93;101;102;74;93;67;74;57;59;50;56;26;25;15;7;9;14;8;7;6;1;4;0;2;1
;Totale;4141;4157;4348;4378;4531;4434;4695;4680;4468;4654;4561;4569;4842;4660;4948;5093;4989;4967;4959;4900;4916;4726;5025;5075;5194;5194;5326;5528;5732;5864;5927;6037;6375;6069;6201;6417;6292;6467;6256;6275;6406;6154;6422;5994;5874;5643;5336;5314;4932;5082;4743;4721;4663;4388;4273;4467;4454;4538;4862;4554;4633;3861;3566;3567;3593;3448;3823;3571;3315;3409;3099;3135;3013;2783;2795;2891;2657;2389;2243;2272;2052;1789;1661;1529;1402;1221;1218;622;463;389;368;349;292;223;178;133;84;56;45;21;38
Territorio/Età;;0;1;2;3;4;5;6;7;8;9;10;11;12;13;14;15;16;17;18;19;20;21;22;23;24;25;26;27;28;29;30;31;32;33;34;35;36;37;38;39;40;41;42;43;44;45;46;47;48;49;50;51;52;53;54;55;56;57;58;59;60;61;62;63;64;65;66;67;68;69;70;71;72;73;74;75;76;77;78;79;80;81;82;83;84;85;86;87;88;89;90;91;92;93;94;95;96;97;98;99;100
Codice comune;Comune;Maschi
110001;Andria;555;630;576;620;622;604;611;684;626;667;622;647;652;634;680;697;641;658;667;647;676;636;666;676;683;692;717;739;791;803;804;829;816;766;789;868;791;786;817;794;756;721;758;688;746;688;638;666;606;637;568;524;533;520;523;511;534;556;599;534;551;441;449;449;394;393;443;415;383;384;307;323;300;262;300;289;264;230;211;252;188;176;142;118;110;86;99;47;42;32;27;31;17;19;12;12;7;1;4;2;0
110002;Barletta;506;489;585;555;564;554;587;625;575;540;609;554;591;541;640;654;658;636;623;650;614;623;660;660;622;647;665;656;728;753;769;747;771;730;805;781;760;741;785;791;765;724;766;730;684;674;621;618;569;631;555;562;536;532;502;506;544;520;604;528;554;448;404;427;417;424;453;394;369;400;349;345;360;297;256;306;253;217;231;234;213;140;141;118;103;115;77;45;38;24;26;22;24;14;14;9;3;1;3;1;1
110003;Bisceglie;330;283;348;299;322;268;279;299;293;317;280;276;322;317;356;341;334;314;348;344;334;290;305;333;341;347;375;351;392;369;416;373;430;437;416;488;462;459;488;499;456;480;496;471;405;411;379;381;359;343;367;342;363;308;291;316;326;320;309;291;317;274;216;262;247;220;274;218;204;235;220;186;192;184;202;192;178;160;144;122;145;110;104;84;63;62;81;28;13;17;21;22;7;3;7;7;6;1;3;0;0
110004;Canosa di Puglia;172;168;137;175;167;182;199;175;187;189;208;183;201;214;223;207;182;214;197;194;204;175;193;189;192;189;205;223;203;204;225;248;228;232;231;248;255;255;238;267;247;243;249;241;218;217;221;207;178;191;166;190;172;184;179;167;172;195;191;217;190;174;163;134;141;108;165;151;132;137;123;130;112;113;95;79;118;83;77;83;71;79;45;53;59;41;55;15;9;18;11;8;16;4;7;5;2;1;2;0;1
110005;Margherita di Savoia;67;55;55;63;59;75;70;53;68;66;73;64;100;84;73;100;97;74;79;80;75;70;77;63;75;79;65;88;75;88;84;84;86;73;86;90;94;96;101;76;110;95;95;114;78;97;84;84;73;80;70;67;69;72;80;65;76;76;91;63;96;76;65;57;70;78;76;67;76;45;53;60;48;46;48;61;48;45;48;32;38;40;27;34;28;15;16;8;8;7;4;5;7;8;0;1;0;0;1;0;1
110006;Minervino Murge;43;45;56;51;41;52;44;44;44;53;55;61;61;54;53;68;63;53;55;46;51;45;64;56;56;63;53;64;69;61;85;70;87;70;70;74;98;70;81;82;78;70;70;62;62;66;58;58;69;69;62;52;64;46;56;70;59;62;65;67;61;46;39;55;40;50;48;54;53;60;60;47;49;36;37;38;49;33;35;34;35;22;20;22;16;10;16;3;6;6;3;2;1;2;4;1;1;0;0;0;0
110007;San Ferdinando di Puglia;76;86;84;88;86;75;82;83;71;107;105;105;109;116;100;110;111;99;90;76;99;92;83;99;72;92;70;82;100;112;89;105;116;105;105;120;98;102;112;108;106;113;137;105;107;91;98;85;78;81;83;83;72;71;77;74;71;76;98;72;79;88;67;74;79;64;69;65;67;57;74;56;59;48;55;63;54;51;39;41;42;26;39;40;38;34;24;13;11;5;6;4;4;6;1;2;2;1;0;1;3
110008;Spinazzola;29;25;19;33;29;28;28;38;45;44;34;33;49;33;49;48;43;40;53;48;45;40;37;47;44;35;52;33;35;40;37;57;55;34;45;48;55;46;41;50;49;49;51;54;54;51;55;46;58;44;38;52;46;46;39;51;43;50;36;44;36;30;41;36;39;24;37;42;26;23;23;27;28;35;33;32;31;26;33;35;24;23;21;16;15;17;15;9;2;3;5;1;6;6;2;1;0;1;0;1;0
110009;Trani;274;311;297;309;309;290;316;327;313;319;336;323;349;320;320;366;371;363;375;355;397;363;376;376;404;376;403;405;410;421;389;430;464;423;436;444;437;448;458;445;455;453;444;448;459;439;408;409;332;364;355;384;307;321;292;306;307;314;350;327;317;258;255;227;241;226;260;220;208;224;188;218;180;161;185;178;149;125;128;112;101;89;77;71;50;57;64;24;12;22;18;12;10;5;6;4;4;2;0;0;0
110010;Trinitapoli;100;85;91;82;82;98;111;102;85;82;90;97;87;86;84;93;95;105;105;107;100;89;97;108;89;82;89;102;110;108;98;100;95;115;119;106;122;121;94;118;99;99;111;104;98;87;99;80;85;96;75;79;61;78;77;73;73;88;88;76;89;63;68;62;70;75;58;60;63;54;63;72;59;50;54;40;28;45;42;32;39;29;32;27;20;19;19;5;9;8;3;5;4;3;2;1;1;3;0;0;0
;Totale;2152;2177;2248;2275;2281;2226;2327;2430;2307;2384;2412;2343;2521;2399;2578;2684;2595;2556;2592;2547;2595;2423;2558;2607;2578;2602;2694;2743;2913;2959;2996;3043;3148;2985;3102;3267;3172;3124;3215;3230;3121;3047;3177;3017;2911;2821;2661;2634;2407;2536;2339;2335;2223;2178;2116;2139;2205;2257;2431;2219;2290;1898;1767;1783;1738;1662;1883;1686;1581;1619;1460;1464;1387;1232;1265;1278;1172;1015;988;977;896;734;648;583;502;456;466;197;150;142;124;112;96;70;55;43;26;11;13;5;6
Territorio/Età;;0;1;2;3;4;5;6;7;8;9;10;11;12;13;14;15;16;17;18;19;20;21;22;23;24;25;26;27;28;29;30;31;32;33;34;35;36;37;38;39;40;41;42;43;44;45;46;47;48;49;50;51;52;53;54;55;56;57;58;59;60;61;62;63;64;65;66;67;68;69;70;71;72;73;74;75;76;77;78;79;80;81;82;83;84;85;86;87;88;89;90;91;92;93;94;95;96;97;98;99;100
Codice comune;Comune;Femmine
110001;Andria;497;527;572;566;624;592;632;609;577;577;570;560;621;620;628;644;631;628;639;630;643;614;730;619;716;715;721;726;748;752;824;797;851;823;763;813;851;887;739;812;810;737;837;697;701;776;655;656;655;612;582;564;554;508;538;543;547;567;606;494;562;424;403;425;461;439;459;466;401;433;366;381;396;356;349;373;360;265;287;300;232;258;201;212;192;165;172;100;88;54;68;65;33;37;27;16;11;6;9;0;6
110002;Barletta;523;491;522;477;552;565;616;581;526;548;530;541;562;567;584;572;545;574;561;552;564;520;559;601;593;639;663;636;678;693;643;728;760;739;748;760;743;810;727;693;755;770;737;680;718;638;654;649;588;584;589;581;594;546;470;549;523;498;591;581;564;509;431;430;429;438;467;428;385;400;374;373;348;383;340;375;319;331;270;323;258;211;221;209;205;147;142;89;72;66;54;46;36;25;25;18;16;7;6;3;6
110003;Bisceglie;275;257;312;316;304;270;312;287;263;310;268;298;280;281;306;312;309;310;258;303;294;320;281;324;324;340;336;397;362;405;421;414;457;436;463;474;432;467;441;450;525;463;479;452;447;357;396;340;348;376;338;341;352;328;315;372;305;320;314;333;324;257;272;251;278;249;290;259;259;247;243;239;225;205;238;251;205;200;161;157;169;134;162;123;127;113;110;50;42;33;26;38;25;22;15;20;7;5;4;2;1
110004;Canosa di Puglia;153;154;134;129;156;161;186;145;162;181;180;187;187;181;182;196;186;209;204;189;179;170;188;193;215;200;190;232;256;237;232;217;246;250;262;239;226;264;276;218;241;251;288;241;217;215;190;213;190;204;200;211;211;188;169;162;191;185;212;189;202;170;157;162;152;118;160;176;147;147;158;166;148;125;120;127;121;127;120;121;106;115;109;97;80;77;73;43;22;15;27;20;19;17;14;11;4;5;1;2;4
110005;Margherita di Savoia;49;42;48;67;67;46;60;66;56;75;59;76;76;80;72;93;61;82;76;92;69;61;76;64;73;57;84;80;82;88;72;87;104;86;102;78;94;98;93;103;112;107;99;125;94;80;97;89;77;86;80;89;90;73;83;73;84;82;86;80;74;83;70;65;61;79;74;69;61;80;63;57;68;64;68;73;61;73;53;52;51;42;48;35;40;35;42;22;7;11;5;10;16;6;5;0;7;2;2;2;2
110006;Minervino Murge;40;36;46;52;40;55;54;57;51;48;48;49;38;55;42;46;68;48;63;48;48;66;53;70;65;61;60;56;57;60;71;69;72;75;67;65;66;75;57;72;74;74;75;63;73;59;59;63;54;51;55;57;53;54;68;77;77;54;67;67;69;60;43;53;52;44;70;66;69;62;63;68;65;49;50;50;68;35;41;44;37;39;34;36;34;36;30;12;7;8;12;13;7;12;9;2;0;2;3;1;3
110007;San Ferdinando di Puglia;77;76;77;62;86;96;87;77;76;94;81;86;110;69;92;96;98;103;99;84;91;82;86;100;97;88;82;109;110;97;106;104;116;97;102;100;109;113;115;98;117;119;99;95;108;102;108;87;70;86;96;79;92;70;60;92;66;86;83;86;90;67;81;71;56;65;55;69;67;72;71;60;60;66;71;60;55;68;51;79;61;51;32;48;40;38;32;14;13;9;5;4;8;2;1;3;1;7;3;1;2
110008;Spinazzola;28;33;35;31;37;36;33;30;37;38;43;33;48;42;40;48;59;48;49;35;43;51;44;40;49;38;42;47;43;49;45;36;53;37;50;26;26;40;54;64;61;55;70;68;49;65;50;54;47;51;54;46;49;30;39;44;43;40;43;39;44;30;43;30;28;35;37;42;40;43;37;36;38;40;30;46;45;40;38;34;40;27;26;33;31;23;23;9;7;7;4;11;12;8;10;2;1;2;1;3;0
110009;Trani;265;277;280;298;317;304;313;295;325;305;280;297;302;291;319;304;328;307;314;318;318;324;355;375;392;355;350;374;368;415;395;440;456;425;440;466;448;465;439;429;488;439;468;456;450;432;380;438;407;398;330;339;357;332;317;329;343;346;341;374;314;291;231;232;275;262;269;238;245;240;217;235;223;197;210;207;186;179;174;143;148;140;138;123;112;100;91;65;39;37;39;26;30;19;12;13;11;8;3;0;7
110010;Trinitapoli;82;87;74;105;67;83;75;103;88;94;90;99;97;75;105;98;109;102;104;102;72;95;95;82;92;99;104;128;115;109;122;102;112;116;102;129;125;124;100;106;102;92;93;100;106;98;86;91;89;98;80;79;88;81;98;87;70;103;88;92;100;72;68;65;63;57;59;72;60;66;47;56;55;66;54;51;65;56;60;42;54;38;42;30;39;31;37;21;16;7;4;4;10;5;5;5;0;1;0;2;1
;Totale;1989;1980;2100;2103;2250;2208;2368;2250;2161;2270;2149;2226;2321;2261;2370;2409;2394;2411;2367;2353;2321;2303;2467;2468;2616;2592;2632;2785;2819;2905;2931;2994;3227;3084;3099;3150;3120;3343;3041;3045;3285;3107;3245;2977;2963;2822;2675;2680;2525;2546;2404;2386;2440;2210;2157;2328;2249;2281;2431;2335;2343;1963;1799;1784;1855;1786;1940;1885;1734;1790;1639;1671;1626;1551;1530;1613;1485;1374;1255;1295;1156;1055;1013;946;900;765;752;425;313;247;244;237;196;153;123;90;58;45;32;16;32

"Ricostruzione della popolazione intercensuaria - Popolazione al 1° gennaio per età"
"Tutte le cittadinanze - Anno: 2008 - Provincia: Barletta-Andria-Trani"
Territorio/Età;;0;1;2;3;4;5;6;7;8;9;10;11;12;13;14;15;16;17;18;19;20;21;22;23;24;25;26;27;28;29;30;31;32;33;34;35;36;37;38;39;40;41;42;43;44;45;46;47;48;49;50;51;52;53;54;55;56;57;58;59;60;61;62;63;64;65;66;67;68;69;70;71;72;73;74;75;76;77;78;79;80;81;82;83;84;85;86;87;88;89;90;91;92;93;94;95;96;97;98;99;100
Codice comune;Comune;Totale
110001;Andria;1086;1052;1165;1148;1189;1245;1204;1246;1291;1202;1252;1199;1214;1278;1258;1315;1346;1273;1289;1314;1285;1334;1256;1391;1299;1412;1401;1445;1480;1534;1574;1638;1650;1675;1597;1567;1686;1654;1692;1578;1630;1568;1462;1600;1396;1451;1472;1298;1327;1264;1257;1150;1096;1082;1032;1057;1058;1068;1118;1203;1022;1109;855;842;861;844;826;888;878;779;809;660;685;676;606;620;635;603;474;477;520;395;405;314;296;265;225;237;136;101;68;77;79;38;43;31;18;15;3;8;6
110002;Barletta;1005;1039;991;1116;1038;1117;1128;1204;1211;1103;1093;1139;1094;1152;1112;1224;1228;1205;1212;1183;1204;1186;1146;1216;1251;1212;1274;1326;1288;1400;1446;1409;1459;1534;1467;1548;1548;1504;1547;1512;1472;1525;1499;1498;1407;1402;1319;1281;1272;1157;1219;1130;1139;1127;1073;971;1053;1059;1010;1189;1111;1114;948;828;849;841;859;912;813;748;798;708;715;692;659;583;654;552;524;471;524;441;327;330;297;280;230;199;116;88;79;68;55;45;26;31;21;12;3;7;7
110003;Bisceglie;558;598;545;651;613;630;540;591;588;549;629;545;572;607;597;660;650;642;623;611;642;626;614;596;659;668;688;731;751;760;782;838;798;896;879;882;961;888;933;935;949;989;937;977;932;852;765;776;726;707;713;711;680;715;634;612;688;633;636;632;631;636;525;490;511;521;462;555;475;458;472;452;416;413;378;431;421;371;342;291;262;290;232;231;185;171;162;178;71;49;42;41;46;24;21;12;20;9;6;4;3
110004;Canosa di Puglia;311;323;322;271;310;317;347;388;317;348;367;390;373;388;392;406;399;365;426;400;385;388;345;381;383;403;386;396;441;460;435;457;463;481;476;493;481;485;522;523;487;488;500;539;475;432;431;404;423;369;395;363;400;381;370;343;325;363;380;401;407;394;341;322;293;290;226;321;320;272;284;273;288;252;230;208;202;232;205;187;188;165;180;142;138;121;107;119;56;24;29;34;23;25;15;15;11;4;4;0;3
110005;Margherita di Savoia;112;112;91;98;124;129;119;133;121;123;138;133;139;174;166;145;189;156;156;153;174;140;133;155;125;148;128;136;158;156;178;147;165;189;159;190;171;184;195;189;183;223;206;196;243;172;177;187;171;149;166;151;152;158;143;156;139;158;161;178;146;172;156;131;121;134;152;147;132;137;125;118;118;108;104;112;134;104;109;96;83;86;74;70;69;57;45;48;26;14;17;8;10;21;14;4;1;7;1;3;5
110006;Minervino Murge;85;84;87;98;106;83;106;99;101;93;102;104;110;99;109;94;115;134;101;118;96;101;111;116;128;121;120;112;122;126;120;153;137;160;143;136;139;166;147;137;153;155;146;143;125;138;125;119;123;123;121;117;112;116;99;124;146;134;114;133;134;126;104;80;106;88;95;119;115;119;119;121;114;112;82;85;86;111;65;70;76;64;56;51;52;46;42;34;14;11;13;11;11;8;11;9;2;1;1;0;2
110007;San Ferdinando di Puglia;148;155;164;161;156;175;174;172;162;150;207;188;197;221;186;196;206;211;208;194;167;192;177;174;203;168;184;153;197;217;209;207;228;243;217;216;230;209;221;229;213;223;231;239;201;213;197;208;171;150;170;179;163;166;139;136;168;134;164;182;158;166;154;149;145;129;128;123;133;130;124;142;113;115;109;119;120;107;116;89;114;100;73;65;84;60;64;53;25;21;12;6;4;8;6;2;2;3;5;2;3
110008;Spinazzola;52;54;58;55;64;65;63;60;68;84;83;75;65;98;77;88;96;102;86;100;84;88;92;79;79;87;70;93;80;77;93;81;93;104;74;89;77;83;84;98;112;115;105;121;122;100;116;104;104;105;94;92;98;96;76;78;94;86;87;79;84;82;59;84;66;68;58;70;83;64;65;59;60;65;72;60;75;75;64;68;62;63;46;39;47;45;40;36;18;9;9;8;8;15;9;8;3;1;2;1;3
110009;Trani;604;541;578;585;594;626;586;627;618;636;627;615;623;654;615;645;675;701;677;696;685;721;693;736;752;805;732;738;770;774;825;769;866;915;849;870;912;879;901;903;883;936;882;925;907;915;878;782;849;743;766;690;729;673;654;608;631;651;660;691;703;632;546;491;459;518;486;528;455;447;454;395;449;398;347;386;380;324;299;289;237;234;217;197;176;147;145;134;83;46;52;44;19;32;19;14;15;10;3;1;1
110010;Trinitapoli;163;185;177;170;187;153;180;185;208;175;177;181;194;184;160;188;191;203;207;205;210;173;197;193;193;178;181;191;230;220;213;219;210;201;225;222;233;246;246;194;227;201;190;202;202;201;188;186;177;177;195;153;158;148;161;172;160;144;185;175;167;191;133;134;128;132;127;115;134;121;119;102;124;111;111;103;88;91;98;88;69;84;64;69;48;55;47;46;24;22;10;5;6;11;6;4;5;0;1;0;3
;Totale;4124;4143;4178;4353;4381;4540;4447;4705;4685;4463;4675;4569;4581;4855;4672;4961;5095;4992;4985;4974;4932;4949;4764;5037;5072;5202;5164;5321;5517;5724;5875;5918;6069;6398;6086;6213;6438;6298;6488;6298;6309;6423;6158;6440;6010;5876;5668;5345;5343;4944;5096;4736;4727;4662;4381;4257;4462;4430;4515;4863;4563;4622;3821;3551;3539;3565;3419;3778;3538;3275;3369;3030;3082;2942;2698;2707;2795;2570;2296;2126;2135;1922;1674;1508;1392;1247;1107;1084;569;385;331;302;261;227;170;130;98;62;29;26;36
Territorio/Età;;0;1;2;3;4;5;6;7;8;9;10;11;12;13;14;15;16;17;18;19;20;21;22;23;24;25;26;27;28;29;30;31;32;33;34;35;36;37;38;39;40;41;42;43;44;45;46;47;48;49;50;51;52;53;54;55;56;57;58;59;60;61;62;63;64;65;66;67;68;69;70;71;72;73;74;75;76;77;78;79;80;81;82;83;84;85;86;87;88;89;90;91;92;93;94;95;96;97;98;99;100
Codice comune;Comune;Maschi
110001;Andria;560;554;634;573;622;622;609;612;685;624;671;625;653;656;634;683;700;639;659;669;651;682;639;658;676;687;691;720;740;797;810;801;836;820;761;797;874;795;798;827;807;755;721;753;691;742;692;638;668;611;637;566;527;531;519;520;511;526;552;595;530;547;435;439;439;385;390;436;415;379;376;301;314;286;254;284;273;253;219;200;231;174;159;130;102;100;75;81;43;34;27;18;25;10;12;8;8;4;0;2;1
110002;Barletta;535;511;499;588;557;563;560;589;626;573;541;612;554;587;545;639;654;658;638;617;651;611;623;659;658;615;634;658;656;723;751;761;738;773;723;807;779;758;742;781;781;764;731;762;729;684;676;623;620;567;632;546;559;533;529;503;505;541;515;599;526;551;443;403;426;413;421;451;388;366;396;338;341;350;283;250;292;240;204;216;222;199;131;123;104;91;97;68;39;26;21;21;19;17;10;12;6;1;0;3;0
110003;Bisceglie;287;327;284;342;298;324;268;279;299;289;318;280;275;324;315;353;340;334;310;350;344;332;292;310;336;342;346;379;350;400;375;421;380;431;430;417;488;457;463;489;496;459;473;492;477;410;409;381;386;354;337;369;338;364;306;292;316;330;317;315;296;310;273;217;259;244;215;272;220;199;231;215;181;186;180;194;183;170;150;138;110;133;106;88;70;56;54;76;27;10;13;19;16;6;3;4;3;2;1;2;0
110004;Canosa di Puglia;154;168;166;138;179;163;181;200;173;188;188;207;184;202;212;224;204;180;217;196;192;206;170;192;191;190;186;207;219;208;200;227;247;231;231;229;243;257;253;237;267;246;245;255;239;216;218;216;208;178;190;162;191;173;183;178;165;173;196;188;218;187;174;164;133;139;106;161;146;127;139;118;126;106;110;90;75;115;82;71;76;68;76;40;48;51;37;50;14;7;17;7;6;11;5;5;3;2;1;0;1
110005;Margherita di Savoia;58;63;51;51;60;62;75;71;54;69;65;74;63;99;87;73;97;95;72;79;82;73;69;78;61;77;77;59;84;78;91;79;81;85;71;86;93;94;94;99;78;110;97;96;116;79;95;86;84;74;81;71;64;68;69;78;66;75;78;92;67;96;74;63;57;74;75;73;66;76;46;55;60;46;44;48;61;47;39;44;32;36;35;22;34;22;13;13;7;8;7;3;2;6;7;0;1;1;0;1;1
110006;Minervino Murge;45;44;48;52;53;42;52;45;44;42;54;56;61;61;54;52;69;63;53;55;47;51;46;63;58;55;61;53;65;70;60;82;71;88;66;68;72;98;72;81;81;79;71;70;61;62;67;59;59;69;69;62;52;64;45;57;70;59;62;65;68;59;44;38;54;37;51;49;52;51;59;60;46;46;34;37;38;46;31;30;32;30;19;18;19;14;9;13;3;3;5;3;2;1;2;4;0;1;0;0;0
110007;San Ferdinando di Puglia;76;76;88;85;91;88;76;83;84;73;109;105;109;109;117;101;110;113;102;90;80;99;91;86;102;69;90;71;84;105;114;95;114;121;110;110;129;100;106;113;111;106;112;136;105;108;92;97;83;78;84;81;84;71;70;76;74;69;76;99;70;78;87;68;74;74;64;69;65;66;55;71;55;57;46;53;61;54;51;38;38;39;24;35;38;26;28;23;12;11;4;1;2;3;5;1;0;2;1;0;2
110008;Spinazzola;27;28;25;19;32;29;28;27;38;46;45;33;33;49;35;47;47;44;39;52;48;45;40;36;44;40;33;52;35;34;46;36;55;53;37;44;51;53;45;41;49;50;49;51;55;52;52;54;48;58;44;38;52;46;46;39;50;43;47;37;44;38;28;41;36;39;24;34;42;23;23;22;26;27;32;31;29;30;26;31;29;23;20;18;14;14;17;14;9;2;3;5;1;3;5;1;1;0;1;0;1
110009;Trani;315;275;306;306;300;305;289;315;325;312;327;334;324;348;321;321;367;375;369;376;360;396;364;378;377;405;372;396;405;403;417;381;431;454;420;430;443;434;440;460;449;452;448;451;447;461;440;402;408;334;369;356;385;310;322;289;303;308;316;351;331;320;257;259;228;242;224;260;217;207;216;181;215;175;156;179;176;144;122;121;99;91;84;71;67;46;53;53;24;10;19;12;5;8;3;5;3;2;0;0;1
110010;Trinitapoli;83;101;88;93;83;83;97;111;103;87;81;92;94;87;84;84;93;95;104;101;108;99;92;95;109;84;82;84;100;108;105;97;108;90;109;120;105;120;123;94;120;100;99;109;105;95;89;99;85;84;96;74;78;60;79;74;73;74;84;86;75;90;63;66;63;69;73;57;62;64;51;61;69;57;46;50;37;26;42;31;32;36;28;27;23;18;19;13;5;8;5;1;1;4;2;0;1;0;0;0;0
;Totale;2140;2147;2189;2247;2275;2281;2235;2332;2431;2303;2399;2418;2350;2522;2404;2577;2681;2596;2563;2585;2563;2594;2426;2555;2612;2564;2572;2679;2738;2926;2969;2980;3061;3146;2958;3108;3277;3166;3136;3222;3239;3121;3046;3175;3025;2909;2830;2655;2649;2407;2539;2325;2330;2220;2168;2106;2133;2198;2243;2427;2225;2276;1878;1758;1769;1716;1643;1862;1673;1558;1592;1422;1433;1336;1185;1216;1225;1125;966;920;901;829;682;572;519;438;402;404;183;119;121;90;79;69;54;40;26;15;4;8;7
Territorio/Età;;0;1;2;3;4;5;6;7;8;9;10;11;12;13;14;15;16;17;18;19;20;21;22;23;24;25;26;27;28;29;30;31;32;33;34;35;36;37;38;39;40;41;42;43;44;45;46;47;48;49;50;51;52;53;54;55;56;57;58;59;60;61;62;63;64;65;66;67;68;69;70;71;72;73;74;75;76;77;78;79;80;81;82;83;84;85;86;87;88;89;90;91;92;93;94;95;96;97;98;99;100
Codice comune;Comune;Femmine
110001;Andria;526;498;531;575;567;623;595;634;606;578;581;574;561;622;624;632;646;634;630;645;634;652;617;733;623;725;710;725;740;737;764;837;814;855;836;770;812;859;894;751;823;813;741;847;705;709;780;660;659;653;620;584;569;551;513;537;547;542;566;608;492;562;420;403;422;459;436;452;463;400;433;359;371;390;352;336;362;350;255;277;289;221;246;184;194;165;150;156;93;67;41;59;54;28;31;23;10;11;3;6;5
110002;Barletta;470;528;492;528;481;554;568;615;585;530;552;527;540;565;567;585;574;547;574;566;553;575;523;557;593;597;640;668;632;677;695;648;721;761;744;741;769;746;805;731;691;761;768;736;678;718;643;658;652;590;587;584;580;594;544;468;548;518;495;590;585;563;505;425;423;428;438;461;425;382;402;370;374;342;376;333;362;312;320;255;302;242;196;207;193;189;133;131;77;62;58;47;36;28;16;19;15;11;3;4;7
110003;Bisceglie;271;271;261;309;315;306;272;312;289;260;311;265;297;283;282;307;310;308;313;261;298;294;322;286;323;326;342;352;401;360;407;417;418;465;449;465;473;431;470;446;453;530;464;485;455;442;356;395;340;353;376;342;342;351;328;320;372;303;319;317;335;326;252;273;252;277;247;283;255;259;241;237;235;227;198;237;238;201;192;153;152;157;126;143;115;115;108;102;44;39;29;22;30;18;18;8;17;7;5;2;3
110004;Canosa di Puglia;157;155;156;133;131;154;166;188;144;160;179;183;189;186;180;182;195;185;209;204;193;182;175;189;192;213;200;189;222;252;235;230;216;250;245;264;238;228;269;286;220;242;255;284;236;216;213;188;215;191;205;201;209;208;187;165;160;190;184;213;189;207;167;158;160;151;120;160;174;145;145;155;162;146;120;118;127;117;123;116;112;97;104;102;90;70;70;69;42;17;12;27;17;14;10;10;8;2;3;0;2
110005;Margherita di Savoia;54;49;40;47;64;67;44;62;67;54;73;59;76;75;79;72;92;61;84;74;92;67;64;77;64;71;51;77;74;78;87;68;84;104;88;104;78;90;101;90;105;113;109;100;127;93;82;101;87;75;85;80;88;90;74;78;73;83;83;86;79;76;82;68;64;60;77;74;66;61;79;63;58;62;60;64;73;57;70;52;51;50;39;48;35;35;32;35;19;6;10;5;8;15;7;4;0;6;1;2;4
110006;Minervino Murge;40;40;39;46;53;41;54;54;57;51;48;48;49;38;55;42;46;71;48;63;49;50;65;53;70;66;59;59;57;56;60;71;66;72;77;68;67;68;75;56;72;76;75;73;64;76;58;60;64;54;52;55;60;52;54;67;76;75;52;68;66;67;60;42;52;51;44;70;63;68;60;61;68;66;48;48;48;65;34;40;44;34;37;33;33;32;33;21;11;8;8;8;9;7;9;5;2;0;1;0;2
110007;San Ferdinando di Puglia;72;79;76;76;65;87;98;89;78;77;98;83;88;112;69;95;96;98;106;104;87;93;86;88;101;99;94;82;113;112;95;112;114;122;107;106;101;109;115;116;102;117;119;103;96;105;105;111;88;72;86;98;79;95;69;60;94;65;88;83;88;88;67;81;71;55;64;54;68;64;69;71;58;58;63;66;59;53;65;51;76;61;49;30;46;34;36;30;13;10;8;5;2;5;1;1;2;1;4;2;1
110008;Spinazzola;25;26;33;36;32;36;35;33;30;38;38;42;32;49;42;41;49;58;47;48;36;43;52;43;35;47;37;41;45;43;47;45;38;51;37;45;26;30;39;57;63;65;56;70;67;48;64;50;56;47;50;54;46;50;30;39;44;43;40;42;40;44;31;43;30;29;34;36;41;41;42;37;34;38;40;29;46;45;38;37;33;40;26;21;33;31;23;22;9;7;6;3;7;12;4;7;2;1;1;1;2
110009;Trani;289;266;272;279;294;321;297;312;293;324;300;281;299;306;294;324;308;326;308;320;325;325;329;358;375;400;360;342;365;371;408;388;435;461;429;440;469;445;461;443;434;484;434;474;460;454;438;380;441;409;397;334;344;363;332;319;328;343;344;340;372;312;289;232;231;276;262;268;238;240;238;214;234;223;191;207;204;180;177;168;138;143;133;126;109;101;92;81;59;36;33;32;14;24;16;9;12;8;3;1;0
110010;Trinitapoli;80;84;89;77;104;70;83;74;105;88;96;89;100;97;76;104;98;108;103;104;102;74;105;98;84;94;99;107;130;112;108;122;102;111;116;102;128;126;123;100;107;101;91;93;97;106;99;87;92;93;99;79;80;88;82;98;87;70;101;89;92;101;70;68;65;63;54;58;72;57;68;41;55;54;65;53;51;65;56;57;37;48;36;42;25;37;28;33;19;14;5;4;5;7;4;4;4;0;1;0;3
;Totale;1984;1996;1989;2106;2106;2259;2212;2373;2254;2160;2276;2151;2231;2333;2268;2384;2414;2396;2422;2389;2369;2355;2338;2482;2460;2638;2592;2642;2779;2798;2906;2938;3008;3252;3128;3105;3161;3132;3352;3076;3070;3302;3112;3265;2985;2967;2838;2690;2694;2537;2557;2411;2397;2442;2213;2151;2329;2232;2272;2436;2338;2346;1943;1793;1770;1849;1776;1916;1865;1717;1777;1608;1649;1606;1513;1491;1570;1445;1330;1206;1234;1093;992;936;873;809;705;680;386;266;210;212;182;158;116;90;72;47;25;18;29

"Ricostruzione della popolazione intercensuaria - Popolazione al 1° gennaio per età"
"Tutte le cittadinanze - Anno: 2009 - Provincia: Barletta-Andria-Trani"
Territorio/Età;;0;1;2;3;4;5;6;7;8;9;10;11;12;13;14;15;16;17;18;19;20;21;22;23;24;25;26;27;28;29;30;31;32;33;34;35;36;37;38;39;40;41;42;43;44;45;46;47;48;49;50;51;52;53;54;55;56;57;58;59;60;61;62;63;64;65;66;67;68;69;70;71;72;73;74;75;76;77;78;79;80;81;82;83;84;85;86;87;88;89;90;91;92;93;94;95;96;97;98;99;100
Codice comune;Comune;Totale
110001;Andria;1083;1087;1059;1169;1144;1188;1247;1208;1250;1296;1202;1249;1208;1215;1282;1263;1322;1346;1276;1288;1308;1288;1335;1254;1384;1286;1403;1403;1445;1463;1535;1577;1630;1642;1670;1589;1561;1690;1654;1696;1586;1630;1573;1456;1597;1395;1452;1469;1294;1323;1264;1258;1145;1092;1081;1027;1050;1057;1068;1113;1196;1026;1110;847;829;855;846;813;887;877;774;799;655;672;651;587;599;611;574;453;456;490;374;368;281;267;234;199;209;108;82;58;65;58;29;31;26;10;12;0;12
110002;Barletta;903;1010;1042;991;1114;1042;1113;1130;1209;1202;1109;1097;1135;1100;1156;1110;1227;1227;1198;1216;1184;1199;1179;1150;1212;1235;1191;1257;1313;1289;1385;1447;1405;1454;1531;1461;1539;1545;1504;1555;1512;1486;1534;1507;1500;1405;1412;1321;1283;1272;1159;1206;1132;1133;1123;1069;971;1050;1051;1009;1185;1102;1112;944;821;845;832;855;900;809;738;786;696;708;678;652;565;625;533;499;443;497;411;295;305;273;249;206;179;97;74;65;58;50;34;15;24;15;10;2;8
110003;Bisceglie;588;553;595;545;644;608;628;545;592;598;553;628;547;580;611;596;661;646;642;627;615;647;630;605;595;668;671;697;728;769;757;794;850;790;887;856;883;961;889;931;934;947;991;935;976;930;852;773;780;725;712;714;710;679;710;638;605;688;631;634;629;632;633;523;487;510;516;457;549;470;447;465;446;401;412;361;416;402;358;327;277;241;266;219;208;170;153;138;153;54;42;30;28;37;20;12;11;12;6;5;4
110004;Canosa di Puglia;294;312;318;323;269;310;319;347;385;320;346;370;391;369;388;392;406;398;362;427;395;385;387;334;380;375;396;380;389;442;462;447;468;460;483;478;492;480;490;524;523;483;478;507;545;472;429;426;402;424;371;396;368;394;386;372;341;322;367;376;404;405;387;334;321;290;283;221;315;319;263;274;263;283;243;220;200;197;213;201;178;183;150;162;134;114;110;92;95;46;21;19;27;17;21;10;10;5;4;2;3
110005;Margherita di Savoia;104;107;115;91;102;124;137;120;136;122;119;142;136;137;172;167;145;189;159;154;154;175;141;130;152;119;148;124;139;164;161;185;148;170;190;163;194;180;179;193;187;183;223;208;198;245;175;173;189;174;153;166;148;155;157;141;151;136;161;159;179;146;172;154;128;122;134;152;147;132;135;123;116;115;111;98;112;125;97;107;92;75;83;71;66;61;51;38;46;25;11;14;7;8;15;11;2;1;4;0;4
110006;Minervino Murge;76;85;85;86;100;107;82;108;97;103;92;104;104;109;99;107;94;115;134;105;119;98;98;108;113;121;116;115;104;122;123;118;153;137;157;144;137;139;168;144;135;150;160;145;143;125;137;123;118;124;122;122;115;111;114;100;124;142;135;111;133;135;128;99;79;106;90;96;117;109;120;115;118;113;109;79;83;82;106;65;62;72;58;52;46;49;40;34;28;12;6;13;10;10;6;9;7;2;1;1;2
110007;San Ferdinando di Puglia;136;147;150;161;159;158;176;177;173;161;151;209;189;201;217;185;202;211;217;214;202;173;194;178;168;209;169;181;148;199;225;215;207;226;243;219;213;232;211;220;235;214;222;228;240;199;212;197;209;169;154;175;180;163;167;142;133;168;135;163;182;159;164;151;149;145;130;125;123;130;128;122;140;113;112;105;110;114;103;113;86;109;94;66;59;77;54;57;47;18;17;11;5;0;8;1;0;3;3;2;3
110008;Spinazzola;47;53;54;58;56;61;65;63;59;65;82;84;78;64;98;78;88;96;102;87;99;83;88;86;78;78;82;65;93;71;77;98;80;87;105;73;88;77;86;86;100;109;113;104;122;123;102;113;107;102;107;96;91;97;97;74;78;94;86;84;76;83;82;59;84;65;66;57;69;84;64;66;60;59;64;73;59;73;69;62;65;60;57;43;36;42;39;34;35;15;6;10;8;5;13;6;8;2;2;2;4
110009;Trani;568;606;537;584;581;597;624;585;633;619;640;630;616;621;660;621;648;674;705;677;692;682;722;705;732;743;797;723;733;755;769;824;773;869;928;859;869;909;881;899;909;889;938;885;933;913;914;885;783;856;740;766;689;727;684;659;611;630;654;655;696;702;633;549;493;457;519;487;525;452;441;455;391;449;393;352;373;371;318;290;286;218;218;207;186;167;131;137;113;73;34;41;39;15;27;20;11;8;9;3;2
110010;Trinitapoli;153;162;187;174;171;186;152;177;187;210;175;173;180;193;186;160;188;192;203;200;202;214;171;192;193;184;170;173;186;224;207;210;217;204;204;215;222;229;247;248;191;223;199;191;207;201;201;190;187;177;172;200;154;163;150;161;168;159;146;186;174;168;193;130;134;128;128;125;113;133;120;113;101;120;105;110;94;84;91;88;83;63;80;60;63;45;51;40;41;23;19;10;4;5;4;4;3;4;0;0;2
;Totale;3952;4122;4142;4182;4340;4381;4543;4460;4721;4696;4469;4686;4584;4589;4869;4679;4981;5094;4998;4995;4970;4944;4945;4742;5007;5018;5143;5118;5278;5498;5701;5915;5931;6039;6398;6057;6198;6442;6309;6496;6312;6314;6431;6166;6461;6008;5886;5670;5352;5346;4954;5099;4732;4714;4669;4383;4232;4446;4434;4490;4854;4558;4614;3790;3525;3523;3544;3388;3745;3515;3230;3318;2986;3033;2878;2637;2611;2684;2462;2205;2028;2008;1791;1543;1384;1265;1112;975;946;471;312;271;251;205;177;119;102;62;51;17;44
Territorio/Età;;0;1;2;3;4;5;6;7;8;9;10;11;12;13;14;15;16;17;18;19;20;21;22;23;24;25;26;27;28;29;30;31;32;33;34;35;36;37;38;39;40;41;42;43;44;45;46;47;48;49;50;51;52;53;54;55;56;57;58;59;60;61;62;63;64;65;66;67;68;69;70;71;72;73;74;75;76;77;78;79;80;81;82;83;84;85;86;87;88;89;90;91;92;93;94;95;96;97;98;99;100
Codice comune;Comune;Maschi
110001;Andria;547;559;559;636;572;621;626;612;613;688;624;670;626;653;657;637;685;700;637;658;666;651;681;636;654;670;685;685;713;728;796;812;788;826;821;755;795;875;795;795;831;804;758;717;750;690;738;691;636;664;610;637;567;522;530;516;516;508;525;549;588;530;546;430;432;435;387;381;435;415;376;368;296;305;271;244;273;261;239;205;188;218;162;141;113;85;87;63;70;32;29;23;15;20;8;10;5;3;3;0;2
110002;Barletta;481;532;508;496;589;560;560;561;593;623;577;540;614;556;589;546;641;652;657;641;619;646;610;624;647;644;600;622;643;650;721;758;755;734;772;717;798;774;754;746;780;786;765;737;764;725;690;676;625;617;566;622;546;554;532;527;504;502;536;513;596;520;547;440;394;425;406;415;444;385;361;389;332;337;342;281;238;279;230;193;203;207;178;115;109;94;80;85;60;30;23;17;15;15;10;4;9;4;0;0;3
110003;Bisceglie;310;283;325;288;335;296;324;273;280;305;291;316;277;278;326;313;354;338;336;312;350;344;333;289;307;337;342;347;379;358;393;382;428;376;416;421;415;486;456;469;489;495;463;473;488;474;411;412;381;383;355;334;367;336;359;310;289;315;330;317;314;299;306;271;216;257;244;215;268;217;193;227;214;172;184;171;186;171;164;141;135;101;114;100;78;64;50;44;62;18;8;8;15;11;6;2;2;0;1;0;2
110004;Canosa di Puglia;152;155;166;166;137;177;163;181;199;179;188;188;207;184;203;212;223;203;178;223;192;194;205;161;188;186;186;183;199;223;209;210;233;247;231;234;228;247;258;258;237;265;239;248;258;238;213;216;214;210;178;191;165;189;174;184;175;163;176;197;189;216;186;170;163;134;137;103;157;145;121;134;117;126;101;107;86;72;104;80;66;73;59;65;36;39;46;33;40;12;5;10;4;4;9;3;3;0;2;0;1
110005;Margherita di Savoia;49;55;68;49;55;60;69;73;71;56;66;70;78;62;97;87;74;98;100;68;79;85;75;68;78;57;77;74;61;87;78;94;77;84;85;74;90;97;91;94;98;79;113;98;97;119;81;90;88;86;76;80;68;66;67;69;75;65;75;74;93;68;97;73;63;57;75;75;72;65;74;44;52;61;48;41;47;58;44;40;40;30;35;34;21;28;21;11;14;7;6;6;2;1;2;3;0;1;0;0;1
110006;Minervino Murge;38;46;43;46;54;52;41;52;43;45;42;55;56;60;61;54;52;70;63;56;55;47;49;44;60;56;53;58;49;65;69;58;81;70;85;66;69;71;99;69;81;79;82;70;70;61;60;66;58;60;68;69;60;51;63;46;57;68;60;59;64;68;60;41;37;54;38;53;48;49;52;55;59;45;43;31;35;36;43;31;28;32;27;17;16;18;10;6;12;3;2;6;2;1;1;2;4;0;1;0;0
110007;San Ferdinando di Puglia;68;75;74;88;86;92;88;78;83;84;75;110;105;113;106;118;102;115;117;106;95;80;101;91;81;103;70;89;69;84;109;118;96;115;122;109;107;132;99;104;113;113;104;111;137;102;108;93;98;81;81;85;82;85;72;70;75;74;69;75;98;71;77;85;69;74;75;62;69;65;66;55;70;56;54;45;48;58;51;50;37;37;36;19;30;35;23;27;23;11;10;3;1;0;3;1;0;0;2;1;1
110008;Spinazzola;24;28;28;26;19;31;29;28;27;36;44;45;34;33;49;35;48;47;44;40;52;47;45;37;35;42;36;31;51;29;30;47;36;54;54;35;43;51;53;45;43;46;50;48;51;54;54;50;54;45;58;45;37;51;47;45;39;50;43;47;36;44;38;28;41;35;37;23;33;41;22;23;23;26;26;32;30;29;30;25;28;28;23;19;16;12;12;12;14;7;0;4;5;0;3;2;1;0;0;1;1
110009;Trani;299;317;279;305;305;300;303;289;318;328;313;331;336;323;349;326;324;365;376;367;372;358;394;364;378;372;400;367;393;394;395;412;386;433;455;426;432;441;433;439;459;456;455;448;455;447;465;442;404;408;334;369;357;382;316;323;291;301;308;311;349;329;316;261;260;228;245;225;260;214;203;213;177;214;172;158;177;173;141;120;117;91;82;76;69;63;40;49;42;22;4;12;9;4;8;3;3;0;2;0;1
110010;Trinitapoli;77;83;102;86;95;81;82;96;111;103;86;80;91;94;90;84;84;92;93;103;99;110;96;87;96;105;79;76;83;98;104;104;93;105;93;104;121;102;121;124;90;121;98;100;109;102;96;90;100;84;81;98;74;81;62;79;72;72;75;85;85;76;92;63;65;63;65;72;56;62;64;47;61;68;52;45;42;35;27;38;28;27;34;25;27;21;17;17;11;5;7;5;0;1;2;2;0;1;0;0;0
;Totale;2045;2133;2152;2186;2247;2270;2285;2243;2338;2447;2306;2405;2424;2356;2527;2412;2587;2680;2601;2574;2579;2562;2589;2401;2524;2572;2528;2532;2640;2716;2904;2995;2973;3044;3134;2941;3098;3276;3159;3143;3221;3244;3127;3050;3179;3012;2916;2826;2658;2638;2407;2530;2323;2317;2222;2169;2093;2118;2197;2227;2412;2221;2265;1862;1740;1762;1709;1624;1842;1658;1532;1555;1401;1410;1293;1155;1162;1172;1073;923;870;844;750;611;515;459;386;347;348;147;94;94;68;57;52;32;27;9;11;2;12
Territorio/Età;;0;1;2;3;4;5;6;7;8;9;10;11;12;13;14;15;16;17;18;19;20;21;22;23;24;25;26;27;28;29;30;31;32;33;34;35;36;37;38;39;40;41;42;43;44;45;46;47;48;49;50;51;52;53;54;55;56;57;58;59;60;61;62;63;64;65;66;67;68;69;70;71;72;73;74;75;76;77;78;79;80;81;82;83;84;85;86;87;88;89;90;91;92;93;94;95;96;97;98;99;100
Codice comune;Comune;Femmine
110001;Andria;536;528;500;533;572;567;621;596;637;608;578;579;582;562;625;626;637;646;639;630;642;637;654;618;730;616;718;718;732;735;739;765;842;816;849;834;766;815;859;901;755;826;815;739;847;705;714;778;658;659;654;621;578;570;551;511;534;549;543;564;608;496;564;417;397;420;459;432;452;462;398;431;359;367;380;343;326;350;335;248;268;272;212;227;168;182;147;136;139;76;53;35;50;38;21;21;21;7;9;0;10
110002;Barletta;422;478;534;495;525;482;553;569;616;579;532;557;521;544;567;564;586;575;541;575;565;553;569;526;565;591;591;635;670;639;664;689;650;720;759;744;741;771;750;809;732;700;769;770;736;680;722;645;658;655;593;584;586;579;591;542;467;548;515;496;589;582;565;504;427;420;426;440;456;424;377;397;364;371;336;371;327;346;303;306;240;290;233;180;196;179;169;121;119;67;51;48;43;35;24;11;15;11;10;2;5
110003;Bisceglie;278;270;270;257;309;312;304;272;312;293;262;312;270;302;285;283;307;308;306;315;265;303;297;316;288;331;329;350;349;411;364;412;422;414;471;435;468;475;433;462;445;452;528;462;488;456;441;361;399;342;357;380;343;343;351;328;316;373;301;317;315;333;327;252;271;253;272;242;281;253;254;238;232;229;228;190;230;231;194;186;142;140;152;119;130;106;103;94;91;36;34;22;13;26;14;10;9;12;5;5;2
110004;Canosa di Puglia;142;157;152;157;132;133;156;166;186;141;158;182;184;185;185;180;183;195;184;204;203;191;182;173;192;189;210;197;190;219;253;237;235;213;252;244;264;233;232;266;286;218;239;259;287;234;216;210;188;214;193;205;203;205;212;188;166;159;191;179;215;189;201;164;158;156;146;118;158;174;142;140;146;157;142;113;114;125;109;121;112;110;91;97;98;75;64;59;55;34;16;9;23;13;12;7;7;5;2;2;2
110005;Margherita di Savoia;55;52;47;42;47;64;68;47;65;66;53;72;58;75;75;80;71;91;59;86;75;90;66;62;74;62;71;50;78;77;83;91;71;86;105;89;104;83;88;99;89;104;110;110;101;126;94;83;101;88;77;86;80;89;90;72;76;71;86;85;86;78;75;81;65;65;59;77;75;67;61;79;64;54;63;57;65;67;53;67;52;45;48;37;45;33;30;27;32;18;5;8;5;7;13;8;2;0;4;0;3
110006;Minervino Murge;38;39;42;40;46;55;41;56;54;58;50;49;48;49;38;53;42;45;71;49;64;51;49;64;53;65;63;57;55;57;54;60;72;67;72;78;68;68;69;75;54;71;78;75;73;64;77;57;60;64;54;53;55;60;51;54;67;74;75;52;69;67;68;58;42;52;52;43;69;60;68;60;59;68;66;48;48;46;63;34;34;40;31;35;30;31;30;28;16;9;4;7;8;9;5;7;3;2;0;1;2
110007;San Ferdinando di Puglia;68;72;76;73;73;66;88;99;90;77;76;99;84;88;111;67;100;96;100;108;107;93;93;87;87;106;99;92;79;115;116;97;111;111;121;110;106;100;112;116;122;101;118;117;103;97;104;104;111;88;73;90;98;78;95;72;58;94;66;88;84;88;87;66;80;71;55;63;54;65;62;67;70;57;58;60;62;56;52;63;49;72;58;47;29;42;31;30;24;7;7;8;4;0;5;0;0;3;1;1;2
110008;Spinazzola;23;25;26;32;37;30;36;35;32;29;38;39;44;31;49;43;40;49;58;47;47;36;43;49;43;36;46;34;42;42;47;51;44;33;51;38;45;26;33;41;57;63;63;56;71;69;48;63;53;57;49;51;54;46;50;29;39;44;43;37;40;39;44;31;43;30;29;34;36;43;42;43;37;33;38;41;29;44;39;37;37;32;34;24;20;30;27;22;21;8;6;6;3;5;10;4;7;2;2;1;3
110009;Trani;269;289;258;279;276;297;321;296;315;291;327;299;280;298;311;295;324;309;329;310;320;324;328;341;354;371;397;356;340;361;374;412;387;436;473;433;437;468;448;460;450;433;483;437;478;466;449;443;379;448;406;397;332;345;368;336;320;329;346;344;347;373;317;288;233;229;274;262;265;238;238;242;214;235;221;194;196;198;177;170;169;127;136;131;117;104;91;88;71;51;30;29;30;11;19;17;8;8;7;3;1
110010;Trinitapoli;76;79;85;88;76;105;70;81;76;107;89;93;89;99;96;76;104;100;110;97;103;104;75;105;97;79;91;97;103;126;103;106;124;99;111;111;101;127;126;124;101;102;101;91;98;99;105;100;87;93;91;102;80;82;88;82;96;87;71;101;89;92;101;67;69;65;63;53;57;71;56;66;40;52;53;65;52;49;64;50;55;36;46;35;36;24;34;23;30;18;12;5;4;4;2;2;3;3;0;0;2
;Totale;1907;1989;1990;1996;2093;2111;2258;2217;2383;2249;2163;2281;2160;2233;2342;2267;2394;2414;2397;2421;2391;2382;2356;2341;2483;2446;2615;2586;2638;2782;2797;2920;2958;2995;3264;3116;3100;3166;3150;3353;3091;3070;3304;3116;3282;2996;2970;2844;2694;2708;2547;2569;2409;2397;2447;2214;2139;2328;2237;2263;2442;2337;2349;1928;1785;1761;1835;1764;1903;1857;1698;1763;1585;1623;1585;1482;1449;1512;1389;1282;1158;1164;1041;932;869;806;726;628;598;324;218;177;183;148;125;87;75;53;40;15;32

"Ricostruzione della popolazione intercensuaria - Popolazione al 1° gennaio per età"
"Tutte le cittadinanze - Anno: 2010 - Provincia: Barletta-Andria-Trani"
Territorio/Età;;0;1;2;3;4;5;6;7;8;9;10;11;12;13;14;15;16;17;18;19;20;21;22;23;24;25;26;27;28;29;30;31;32;33;34;35;36;37;38;39;40;41;42;43;44;45;46;47;48;49;50;51;52;53;54;55;56;57;58;59;60;61;62;63;64;65;66;67;68;69;70;71;72;73;74;75;76;77;78;79;80;81;82;83;84;85;86;87;88;89;90;91;92;93;94;95;96;97;98;99;100
Codice comune;Comune;Totale
110001;Andria;1118;1083;1081;1063;1166;1139;1186;1253;1209;1256;1296;1202;1253;1211;1216;1280;1265;1321;1345;1281;1283;1303;1290;1335;1248;1383;1279;1397;1388;1420;1451;1531;1569;1629;1642;1669;1595;1558;1697;1663;1691;1589;1633;1570;1458;1591;1392;1444;1454;1287;1316;1268;1256;1145;1091;1072;1018;1041;1047;1063;1106;1194;1017;1099;839;824;846;841;802;870;856;767;779;640;653;632;564;567;592;542;433;434;461;345;321;255;248;202;167;178;91;69;49;54;41;20;22;19;7;7;7
110002;Barletta;860;901;1018;1040;999;1115;1046;1112;1141;1211;1206;1104;1104;1137;1106;1162;1114;1227;1224;1199;1221;1188;1203;1187;1143;1209;1229;1184;1241;1302;1288;1366;1439;1392;1445;1523;1454;1538;1541;1489;1548;1517;1497;1539;1503;1498;1412;1412;1323;1285;1275;1163;1210;1141;1136;1122;1065;973;1046;1045;1013;1181;1097;1109;931;812;835;828;845;887;802;726;778;682;693;662;627;551;603;519;475;418;471;384;271;284;249;222;181;152;89;64;53;41;34;27;10;19;12;6;5
110003;Bisceglie;544;586;548;602;539;639;601;628;545;588;599;556;630;546;582;612;598;664;645;646;625;617;651;628;602;591;672;660;689;729;764;757;801;861;811;897;861;878;968;899;923;939;952;995;924;970;935;856;769;779;715;710;711;702;677;710;635;596;687;625;627;631;629;634;507;487;507;512;453;540;465;443;454;438;394;403;353;401;385;342;316;265;227;248;201;194;154;139;125;129;52;33;28;24;27;18;10;8;11;6;6
110004;Canosa di Puglia;281;296;308;321;321;267;309;318;342;383;320;347;374;389;374;389;393;404;400;359;423;386;382;387;338;374;364;393;374;382;428;455;447;455;456;480;473;487;476;487;519;524;485;481;509;542;470;424;429;405;423;372;395;369;391;384;371;344;320;366;376;400;400;388;333;316;291;284;216;306;317;259;267;259;277;237;212;200;191;197;188;166;167;138;145;124;100;97;72;82;39;16;13;19;14;13;6;8;1;3;4
110005;Margherita di Savoia;111;102;106;111;90;107;117;131;121;135;119;117;143;137;131;168;165;145;187;162;153;155;178;143;135;153;118;140;120;135;156;164;183;141;165;185;163;194;175;178;191;180;179;219;205;199;244;175;172;191;179;150;164;147;156;156;139;154;134;164;164;178;146;174;152;125;122;136;151;142;130;132;120;116;113;105;97;107;119;89;103;87;74;74;65;57;52;44;35;47;19;8;9;9;6;10;7;2;0;2;1
110006;Minervino Murge;79;75;86;88;88;101;107;86;109;97;105;93;103;105;110;97;106;95;115;136;103;117;96;96;108;114;119;110;114;104;123;123;118;149;133;155;145;140;139;168;145;134;150;163;144;141;124;135;124;120;122;122;122;116;111;115;99;123;137;135;109;130;128;129;98;77;107;90;94;116;106;120;110;111;111;108;76;80;81;106;58;59;63;56;48;39;42;35;34;26;11;6;11;5;8;5;8;5;1;1;1
110007;San Ferdinando di Puglia;146;143;148;149;165;159;162;179;178;177;167;154;209;195;210;219;188;203;215;221;214;210;176;194;185;163;209;176;183;145;203;230;214;216;222;246;214;210;227;209;220;236;218;221;227;242;202;213;198;209;172;158;169;175;167;170;143;132;168;135;166;181;159;163;148;147;143;131;123;121;130;125;122;139;112;107;103;103;107;99;107;80;103;89;66;53;72;49;48;44;15;11;8;3;0;5;1;0;3;3;4
110008;Spinazzola;59;46;54;56;60;55;62;65;64;60;65;80;84;77;62;98;78;88;95;103;88;97;74;84;82;76;78;88;60;88;72;77;94;75;85;100;73;88;80;89;87;105;112;115;100;121;123;102;113;105;103;107;97;89;96;95;75;77;93;84;84;78;82;80;60;84;63;64;58;69;81;64;60;57;57;63;73;57;69;65;60;60;57;52;36;32;41;34;30;30;15;5;9;8;4;10;5;7;1;2;6
110009;Trani;570;556;599;538;580;582;589;623;583;635;618;642;625;617;626;662;623;650;676;705;686;691;684;722;707;731;747;787;715;733;746;774;821;788;866;912;852;873;898;879;905;912;887;940;888;933;913;907;884;786;848;738;758;688;726;680;656;606;626;653;648;694;695;630;547;489;453;512;483;521;448;437;450;378;439;390;349;370;356;313;276;275;201;210;198;167;147;118;125;102;63;29;32;29;13;18;17;7;5;4;3
110010;Trinitapoli;165;150;164;189;176;172;191;156;185;190;215;177;182;179;194;186;162;190;196;201;202;208;211;173;189;187;179;169;175;189;216;205;206;213;203;207;218;217;226;251;246;194;230;198;191;208;201;201;191;187;177;173;200;155;161;149;164;165;159;149;183;173;169;191;131;134;127;131;123;113;130;117;111;99;121;100;105;92;83;87;81;78;61;76;54;57;38;45;36;37;22;16;8;3;4;5;4;1;4;0;2
;Totale;3933;3938;4112;4157;4184;4336;4370;4551;4477;4732;4710;4472;4707;4593;4611;4873;4692;4987;5098;5013;4998;4972;4945;4949;4737;4981;4994;5104;5059;5227;5447;5682;5892;5919;6028;6374;6048;6183;6427;6312;6475;6330;6343;6441;6149;6445;6016;5869;5657;5354;5330;4961;5082;4727;4712;4653;4365;4211;4417;4419;4476;4840;4522;4597;3746;3495;3494;3529;3348;3685;3465;3190;3251;2919;2970;2807;2559;2528;2586;2359;2097;1922;1885;1672;1405;1262;1143;985;853;827;416;257;220;195;151;131;90;76;45;34;39
Territorio/Età;;0;1;2;3;4;5;6;7;8;9;10;11;12;13;14;15;16;17;18;19;20;21;22;23;24;25;26;27;28;29;30;31;32;33;34;35;36;37;38;39;40;41;42;43;44;45;46;47;48;49;50;51;52;53;54;55;56;57;58;59;60;61;62;63;64;65;66;67;68;69;70;71;72;73;74;75;76;77;78;79;80;81;82;83;84;85;86;87;88;89;90;91;92;93;94;95;96;97;98;99;100
Codice comune;Comune;Maschi
110001;Andria;556;545;557;560;635;568;621;627;611;619;689;624;674;628;652;654;637;686;699;639;656;665;652;684;633;649;666;681;674;702;728;797;803;783;825;817;759;795;873;795;788;831;803;753;720;745;687;733;686;633;657;610;639;568;522;527;511;511;501;524;543;587;525;537;428;428;429;385;377;424;405;370;355;287;297;263;235;255;250;224;191;175;202;148;120;101;78;72;57;61;24;24;18;11;14;3;8;4;2;0;3
110002;Barletta;424;480;543;507;501;591;562;561;564;596;627;573;544;614;558;590;554;642;649;652;646;617;649;615;624;644;638;595;615;635;653;709;748;749;728;768;714;796;772;742;741;779;786;764;731;761;725;689;671;625;619;565;625;552;551;534;524;506;500;530;515;592;515;544;433;388;420;402;412;436;381;354;385;322;327;332;268;227;267;217;178;188;192;159;99;101;91;68;72;49;29;18;14;12;6;7;3;7;4;0;0
110003;Bisceglie;303;307;279;326;290;334;294;323;274;278;305;290;320;278;280;327;315;356;336;337;310;352;344;328;289;304;339;337;340;376;359;392;382;430;394;425;426;410;493;461;462;489;497;464;467;482;476;414;405;378;378;354;328;362;336;361;308;281;316;324;313;314;297;307;261;218;256;241;214;261;212;190;218;207;170;180;165;182;160;155;134;128;91;108;90;71;62;45;39;50;19;6;6;11;7;7;2;1;0;1;1
110004;Canosa di Puglia;145;150;156;166;165;139;177;163;177;199;180;190;190;204;187;203;211;223;203;180;220;188;190;205;163;185;180;188;178;195;211;209;208;225;241;227;232;228;242;255;254;234;265;241;248;256;236;212;217;214;208;182;189;165;188;174;181;178;162;175;197;185;216;186;169;159;136;136;99;150;144;116;131;116;119;96;101;84;72;96;73;59;63;56;62;30;37;41;26;34;11;2;7;3;4;7;1;1;0;2;0
110005;Margherita di Savoia;58;47;49;66;49;60;58;65;72;70;55;66;71;78;61;94;85;74;97;101;69;79;85;75;70;80;59;72;72;62;83;80;94;76;81;82;78;90;91;91;94;95;76;111;96;98;119;80;88;90;89;74;77;69;65;67;66;78;64;77;77;92;69;99;71;59;58;76;76;71;64;73;43;52;60;46;40;47;55;39;39;39;29;31;32;16;23;20;10;16;6;4;3;2;0;1;2;0;0;0;0
110006;Minervino Murge;49;37;47;46;48;55;52;42;52;43;46;43;54;57;60;60;53;53;70;65;55;53;46;49;45;61;54;49;58;48;63;68;58;81;68;84;65;72;71;100;69;80;80;83;69;68;60;59;67;59;59;68;69;61;50;65;45;55;66;60;59;61;63;61;40;36;55;38;52;48;47;53;51;53;44;42;29;34;34;43;27;27;28;25;15;12;18;9;6;13;2;3;6;2;1;1;2;3;0;1;0
110007;San Ferdinando di Puglia;78;69;77;72;89;85;94;90;79;84;86;74;109;108;116;109;121;102;119;119;103;95;80;99;95;82;99;71;93;67;90;114;119;96;110;122;107;105;130;99;102;114;112;105;114;139;105;108;93;98;81;83;83;80;86;73;71;74;74;69;77;97;70;76;84;68;72;75;61;67;65;65;55;68;55;51;43;46;54;50;48;34;37;34;21;27;34;21;23;22;10;9;3;1;0;2;1;0;0;2;2
110008;Spinazzola;32;23;28;30;27;19;31;29;30;27;36;42;45;35;31;49;35;48;47;45;40;50;42;43;35;37;42;40;28;46;31;31;44;36;53;52;34;42;53;58;46;47;47;51;46;50;54;52;50;52;45;58;44;37;51;45;46;38;50;42;47;36;43;37;28;41;35;37;23;33;38;22;21;21;23;26;32;28;30;26;23;25;26;19;14;14;13;10;10;13;7;0;3;5;0;2;2;0;0;0;2
110009;Trani;285;295;315;279;300;305;297;300;288;317;326;315;329;337;324;351;327;328;367;375;372;374;359;394;361;376;378;395;365;390;382;399;411;384;432;445;423;434;431;429;442;459;455;458;447;453;446;460;444;406;403;332;364;358;379;313;322;288;299;308;305;345;325;315;260;255;225;241;222;260;215;201;209;169;207;168;155;175;163;139;116;110;81;82;71;61;54;33;45;39;21;2;11;6;3;5;3;1;0;0;1
110010;Trinitapoli;77;76;84;102;88;95;86;84;101;112;105;86;86;91;96;90;84;84;95;90;100;100;109;97;84;93;101;81;75;85;97;102;101;91;101;94;107;117;99;122;123;94;124;97;100;109;102;97;91;100;84;82;99;74;80;61;78;71;72;78;84;84;77;91;65;64;64;66;70;56;60;65;47;60;68;49;41;42;35;23;35;27;25;30;23;23;17;15;15;10;5;5;3;0;0;2;2;0;1;0;0
;Totale;2007;2029;2135;2154;2192;2251;2272;2284;2248;2345;2455;2303;2422;2430;2365;2527;2422;2596;2682;2603;2571;2573;2556;2589;2399;2511;2556;2509;2498;2606;2697;2901;2968;2951;3033;3116;2945;3089;3255;3152;3121;3222;3245;3127;3038;3161;3010;2904;2812;2655;2623;2408;2517;2326;2308;2220;2152;2080;2104;2187;2217;2393;2200;2253;1839;1716;1750;1697;1606;1806;1631;1509;1515;1355;1370;1253;1109;1120;1120;1012;864;812;774;692;547;456;427;334;303;307;134;73;74;53;35;37;26;17;7;6;9
Territorio/Età;;0;1;2;3;4;5;6;7;8;9;10;11;12;13;14;15;16;17;18;19;20;21;22;23;24;25;26;27;28;29;30;31;32;33;34;35;36;37;38;39;40;41;42;43;44;45;46;47;48;49;50;51;52;53;54;55;56;57;58;59;60;61;62;63;64;65;66;67;68;69;70;71;72;73;74;75;76;77;78;79;80;81;82;83;84;85;86;87;88;89;90;91;92;93;94;95;96;97;98;99;100
Codice comune;Comune;Femmine
110001;Andria;562;538;524;503;531;571;565;626;598;637;607;578;579;583;564;626;628;635;646;642;627;638;638;651;615;734;613;716;714;718;723;734;766;846;817;852;836;763;824;868;903;758;830;817;738;846;705;711;768;654;659;658;617;577;569;545;507;530;546;539;563;607;492;562;411;396;417;456;425;446;451;397;424;353;356;369;329;312;342;318;242;259;259;197;201;154;170;130;110;117;67;45;31;43;27;17;14;15;5;7;4
110002;Barletta;436;421;475;533;498;524;484;551;577;615;579;531;560;523;548;572;560;585;575;547;575;571;554;572;519;565;591;589;626;667;635;657;691;643;717;755;740;742;769;747;807;738;711;775;772;737;687;723;652;660;656;598;585;589;585;588;541;467;546;515;498;589;582;565;498;424;415;426;433;451;421;372;393;360;366;330;359;324;336;302;297;230;279;225;172;183;158;154;109;103;60;46;39;29;28;20;7;12;8;6;5
110003;Bisceglie;241;279;269;276;249;305;307;305;271;310;294;266;310;268;302;285;283;308;309;309;315;265;307;300;313;287;333;323;349;353;405;365;419;431;417;472;435;468;475;438;461;450;455;531;457;488;459;442;364;401;337;356;383;340;341;349;327;315;371;301;314;317;332;327;246;269;251;271;239;279;253;253;236;231;224;223;188;219;225;187;182;137;136;140;111;123;92;94;86;79;33;27;22;13;20;11;8;7;11;5;5
110004;Canosa di Puglia;136;146;152;155;156;128;132;155;165;184;140;157;184;185;187;186;182;181;197;179;203;198;192;182;175;189;184;205;196;187;217;246;239;230;215;253;241;259;234;232;265;290;220;240;261;286;234;212;212;191;215;190;206;204;203;210;190;166;158;191;179;215;184;202;164;157;155;148;117;156;173;143;136;143;158;141;111;116;119;101;115;107;104;82;83;94;63;56;46;48;28;14;6;16;10;6;5;7;1;1;4
110005;Margherita di Savoia;53;55;57;45;41;47;59;66;49;65;64;51;72;59;70;74;80;71;90;61;84;76;93;68;65;73;59;68;48;73;73;84;89;65;84;103;85;104;84;87;97;85;103;108;109;101;125;95;84;101;90;76;87;78;91;89;73;76;70;87;87;86;77;75;81;66;64;60;75;71;66;59;77;64;53;59;57;60;64;50;64;48;45;43;33;41;29;24;25;31;13;4;6;7;6;9;5;2;0;2;1
110006;Minervino Murge;30;38;39;42;40;46;55;44;57;54;59;50;49;48;50;37;53;42;45;71;48;64;50;47;63;53;65;61;56;56;60;55;60;68;65;71;80;68;68;68;76;54;70;80;75;73;64;76;57;61;63;54;53;55;61;50;54;68;71;75;50;69;65;68;58;41;52;52;42;68;59;67;59;58;67;66;47;46;47;63;31;32;35;31;33;27;24;26;28;13;9;3;5;3;7;4;6;2;1;0;1
110007;San Ferdinando di Puglia;68;74;71;77;76;74;68;89;99;93;81;80;100;87;94;110;67;101;96;102;111;115;96;95;90;81;110;105;90;78;113;116;95;120;112;124;107;105;97;110;118;122;106;116;113;103;97;105;105;111;91;75;86;95;81;97;72;58;94;66;89;84;89;87;64;79;71;56;62;54;65;60;67;71;57;56;60;57;53;49;59;46;66;55;45;26;38;28;25;22;5;2;5;2;0;3;0;0;3;1;2
110008;Spinazzola;27;23;26;26;33;36;31;36;34;33;29;38;39;42;31;49;43;40;48;58;48;47;32;41;47;39;36;48;32;42;41;46;50;39;32;48;39;46;27;31;41;58;65;64;54;71;69;50;63;53;58;49;53;52;45;50;29;39;43;42;37;42;39;43;32;43;28;27;35;36;43;42;39;36;34;37;41;29;39;39;37;35;31;33;22;18;28;24;20;17;8;5;6;3;4;8;3;7;1;2;4
110009;Trani;285;261;284;259;280;277;292;323;295;318;292;327;296;280;302;311;296;322;309;330;314;317;325;328;346;355;369;392;350;343;364;375;410;404;434;467;429;439;467;450;463;453;432;482;441;480;467;447;440;380;445;406;394;330;347;367;334;318;327;345;343;349;370;315;287;234;228;271;261;261;233;236;241;209;232;222;194;195;193;174;160;165;120;128;127;106;93;85;80;63;42;27;21;23;10;13;14;6;5;4;2
110010;Trinitapoli;88;74;80;87;88;77;105;72;84;78;110;91;96;88;98;96;78;106;101;111;102;108;102;76;105;94;78;88;100;104;119;103;105;122;102;113;111;100;127;129;123;100;106;101;91;99;99;104;100;87;93;91;101;81;81;88;86;94;87;71;99;89;92;100;66;70;63;65;53;57;70;52;64;39;53;51;64;50;48;64;46;51;36;46;31;34;21;30;21;27;17;11;5;3;4;3;2;1;3;0;2
;Totale;1926;1909;1977;2003;1992;2085;2098;2267;2229;2387;2255;2169;2285;2163;2246;2346;2270;2391;2416;2410;2427;2399;2389;2360;2338;2470;2438;2595;2561;2621;2750;2781;2924;2968;2995;3258;3103;3094;3172;3160;3354;3108;3098;3314;3111;3284;3006;2965;2845;2699;2707;2553;2565;2401;2404;2433;2213;2131;2313;2232;2259;2447;2322;2344;1907;1779;1744;1832;1742;1879;1834;1681;1736;1564;1600;1554;1450;1408;1466;1347;1233;1110;1111;980;858;806;716;651;550;520;282;184;146;142;116;94;64;59;38;28;30

"Ricostruzione della popolazione intercensuaria - Popolazione al 1° gennaio per età"
"Tutte le cittadinanze - Anno: 2011 - Provincia: Barletta-Andria-Trani"
Territorio/Età;;0;1;2;3;4;5;6;7;8;9;10;11;12;13;14;15;16;17;18;19;20;21;22;23;24;25;26;27;28;29;30;31;32;33;34;35;36;37;38;39;40;41;42;43;44;45;46;47;48;49;50;51;52;53;54;55;56;57;58;59;60;61;62;63;64;65;66;67;68;69;70;71;72;73;74;75;76;77;78;79;80;81;82;83;84;85;86;87;88;89;90;91;92;93;94;95;96;97;98;99;100
Codice comune;Comune;Totale
110001;Andria;1077;1126;1087;1083;1076;1168;1153;1190;1261;1210;1262;1301;1210;1263;1218;1218;1288;1268;1328;1355;1283;1294;1306;1295;1350;1250;1383;1268;1401;1382;1414;1443;1535;1579;1625;1644;1672;1601;1561;1694;1672;1694;1599;1639;1570;1455;1592;1395;1449;1450;1281;1314;1271;1260;1144;1085;1069;1014;1036;1040;1055;1108;1179;1007;1104;832;815;833;830;796;860;834;758;773;630;632;608;548;548;571;516;409;410;428;321;289;220;212;179;140;146;77;57;41;45;25;19;16;14;2;6
110002;Barletta;860;859;907;1029;1049;1005;1117;1049;1120;1145;1214;1207;1106;1107;1134;1109;1173;1118;1229;1226;1209;1228;1192;1206;1188;1141;1209;1221;1186;1241;1288;1274;1368;1438;1389;1453;1528;1454;1541;1546;1487;1546;1516;1501;1544;1512;1495;1409;1410;1325;1281;1279;1162;1209;1141;1131;1122;1063;972;1039;1043;1006;1183;1092;1107;922;807;828;820;838;882;796;705;770;669;680;643;609;526;585;499;445;392;442;356;247;260;219;193;166;125;72;55;39;28;24;19;8;14;6;7
110003;Bisceglie;563;545;593;543;597;537;635;605;630;551;585;601;555;631;546;584;613;598;662;642;643;625;623;653;632;608;596;679;661;691;725;765;761;797;875;818;898;872;866;967;898;931;953;959;993;919;974;941;860;765;785;721;709;712;702;679;712;633;595;682;629;619;633;627;624;507;483;507;517;452;531;457;433;451;420;383;393;344;388;362;324;301;246;210;226;178;180;145;129;109;113;45;28;22;19;26;14;10;9;8;10
110004;Canosa di Puglia;260;284;303;316;323;328;266;310;321;347;386;322;352;374;391;377;394;396;404;398;360;422;388;377;382;333;374;355;390;363;387;424;448;452;451;464;486;475;494;484;492;524;528;486;482;512;544;468;429;433;406;428;375;394;368;391;382;368;344;318;364;373;401;405;387;340;313;291;283;218;299;310;257;262;255;269;237;208;193;186;186;186;151;157;126;122;111;93;79;59;68;28;14;9;14;12;9;5;4;0;7
110005;Margherita di Savoia;99;110;106;105;112;91;106;116;132;120;135;118;115;143;133;131;168;161;147;179;159;149;155;174;142;137;153;111;139;113;138;156;158;177;135;166;180;159;192;176;178;194;183;185;221;203;200;244;172;170;191;176;149;160;149;155;159;139;154;134;160;161;175;145;171;146;123;119;134;149;140;129;127;117;116;111;103;94;102;114;87;97;84;70;69;57;52;45;42;30;35;18;8;8;6;5;8;6;1;0;3
110006;Minervino Murge;75;79;74;85;89;87;102;110;86;110;97;105;93;102;106;111;99;106;96;116;137;102;119;95;96;106;112;118;103;110;95;120;122;116;151;130;153;146;139;137;167;145;135;152;162;143;140;122;134;124;118;120;121;122;115;114;115;100;124;138;136;109;130;129;126;97;77;106;90;93;117;107;119;109;109;108;107;76;76;82;101;58;55;61;57;47;40;36;28;32;24;9;5;10;4;6;4;7;3;1;1
110007;San Ferdinando di Puglia;137;149;151;152;153;168;159;162;180;180;179;170;158;211;194;213;223;192;206;214;226;220;212;181;193;189;163;209;176;184;148;211;225;216;220;220;246;213;208;220;206;220;241;211;217;226;241;201;213;199;209;172;162;173;173;169;170;142;132;165;135;167;181;162;160;149;145;140;130;123;120;128;122;118;134;111;103;99;95;101;92;100;74;95;82;63;46;68;41;41;39;11;9;8;4;1;4;2;0;1;6
110008;Spinazzola;62;61;47;54;56;61;55;60;65;64;60;65;81;85;78;62;98;77;89;92;104;84;96;76;83;80;77;77;91;60;83;69;74;91;72;83;98;78;85;79;89;90;106;112;116;96;121;121;102;111;105;103;106;102;91;95;93;76;77;92;82;84;78;82;78;61;85;61;63;57;64;77;62;60;54;56;61;69;55;65;58;57;57;54;47;30;29;37;29;29;28;12;2;8;6;3;9;3;6;1;3
110009;Trani;560;562;542;594;544;575;577;595;622;580;641;621;644;629;620;626;656;625;653;680;707;690;698;689;723;705;738;743;774;710;733;738;771;813;795;847;913;857;872;906;873;903;915;892;945;886;933;928;917;888;784;844;745;759;686;725;682;656;614;630;651;649;693;697;635;550;488;453;507;480;512;443;428;444;373;426;382;345;358;336;307;267;261;181;189;181;156;128;105;112;78;52;22;25;22;13;14;12;6;5;6
110010;Trinitapoli;166;165;149;165;187;175;171;191;156;188;191;212;177;182;181;195;183;165;189;194;198;197;210;214;167;188;186;171;165;174;189;211;205;209;213;202;207;220;219;222;247;245;191;234;202;192;212;201;201;189;185;182;172;203;155;164;151;162;164;156;150;189;173;168;188;129;133;127;131;121;113;130;117;110;95;122;96;103;88;81;82;74;72;54;68;52;54;35;41;28;34;15;14;8;3;1;3;4;2;3;1
;Totale;3859;3940;3959;4126;4186;4195;4341;4388;4573;4495;4750;4722;4491;4727;4601;4626;4895;4706;5003;5096;5026;5011;4999;4960;4956;4737;4991;4952;5086;5028;5200;5411;5667;5888;5926;6027;6381;6075;6177;6431;6309;6492;6367;6371;6452;6144;6452;6030;5887;5654;5345;5339;4972;5094;4724;4708;4655;4353;4212;4394;4405;4465;4826;4514;4580;3733;3469;3465;3505;3327;3638;3411;3128;3214;2855;2898;2733;2495;2429;2483;2252;1994;1802;1752;1541;1266;1148;1018;866;746;690;339;214;178;151;116;103;73;59;27;50
Territorio/Età;;0;1;2;3;4;5;6;7;8;9;10;11;12;13;14;15;16;17;18;19;20;21;22;23;24;25;26;27;28;29;30;31;32;33;34;35;36;37;38;39;40;41;42;43;44;45;46;47;48;49;50;51;52;53;54;55;56;57;58;59;60;61;62;63;64;65;66;67;68;69;70;71;72;73;74;75;76;77;78;79;80;81;82;83;84;85;86;87;88;89;90;91;92;93;94;95;96;97;98;99;100
Codice comune;Comune;Maschi
110001;Andria;557;559;550;561;560;634;575;621;631;613;624;693;628;675;633;651;656;639;690;703;642;663;671;649;688;632;644;657;687;676;701;724;795;810;775;829;816;762;793;866;804;793;832;807;756;719;746;687;735;683;636;652;609;641;565;519;526;511;506;497;516;543;578;519;537;425;424;421;382;376;416;394;364;347;280;283;252;226;244;233;212;179;165;192;131;105;86;66;66;47;49;19;18;16;10;11;3;4;2;0;1
110002;Barletta;430;425;479;547;516;504;593;565;565;566;597;627;575;545;614;560;598;557;640;650;657;648;614;650;614;625;644;635;597;619;620;639;711;739;745;726;771;715;799;781;742;734;777;787;763;739;755;725;692;669;620;619;566;623;550;547;531;520;504;494;531;508;590;514;541;430;386;416;398;411;430;378;340;384;313;321;322;256;211;256;207;161;173;175;149;86;88;81;58;62;41;23;16;11;6;6;4;2;6;2;0
110003;Bisceglie;303;303;311;273;324;290;336;299;323;277;276;301;287;321;275;281;327;316;357;335;336;309;352;350;328;288;309;337;334;340;375;360;392;382;440;398;428;428;405;490;457;463;508;502;463;462;488;477;415;401;375;384;353;329;365;333;358;303;277;315;323;308;312;295;299;263;217;256;245;214;254;208;185;214;197;164;172;162;172;152;143;128;117;85;98;77;67;59;40;30;39;16;5;5;7;8;4;1;1;0;2
110004;Canosa di Puglia;139;146;155;162;167;167;140;178;166;183;201;182;191;192;204;190;205;212;223;202;177;221;189;184;198;160;186;177;189;174;199;211;204;208;225;246;229;235;231;246;256;254;237;264;240;250;259;235;211;220;217;212;183;187;162;191;171;179;178;162;172;194;183;219;185;174;157;137;135;101;145;143;116;131;114;114;96;100;81;70;90;72;52;60;49;53;26;35;35;19;26;5;2;4;2;4;4;2;1;0;2
110005;Margherita di Savoia;54;58;50;50;67;50;61;58;65;72;70;55;66;70;75;62;95;85;75;92;98;68;77;85;74;69;83;53;68;73;64;83;76;92;75;83;78;75;89;91;93;95;97;79;113;92;98;119;78;89;90;88;74;76;71;63;68;64;78;65;74;76;89;70;99;68;57;58;74;76;69;63;70;40;52;60;43;39;42;54;37;33;35;26;28;29;15;20;19;8;11;5;4;3;1;0;0;2;0;0;0
110006;Minervino Murge;37;49;37;47;46;48;55;52;42;52;43;47;43;54;58;60;61;53;54;70;65;54;53;46;49;45;61;51;46;59;43;60;64;56;79;65;81;65;71;71;101;70;80;82;82;69;68;58;58;68;59;57;67;69;60;51;65;44;56;66;62;59;61;63;59;39;36;55;38;51;48;47;53;51;51;43;41;28;31;34;41;28;24;27;26;15;12;14;9;7;12;2;2;6;1;1;1;1;2;0;0
110007;San Ferdinando di Puglia;64;80;76;79;74;90;85;93;90;81;85;86;75;109;107;117;110;122;103;118;120;106;100;81;100;97;81;99;72;99;68;92;111;119;98;107;121;104;102;129;97;100;117;106;104;113;138;104;108;95;96;80;83;85;78;87;75;69;74;72;69;77;97;72;75;84;66;70;76;60;67;65;62;53;65;54;49;43;45;50;46;43;33;34;33;19;24;33;17;18;20;7;6;3;1;0;2;1;0;0;3
110008;Spinazzola;32;33;24;28;30;27;19;31;29;30;26;36;43;46;36;31;49;35;49;46;45;37;48;44;42;35;37;42;40;27;40;32;31;41;36;51;53;37;41;50;56;46;48;48;51;43;51;54;53;49;52;46;57;47;38;50;43;46;38;50;41;47;35;43;36;29;42;33;36;23;30;36;20;21;20;23;24;30;27;29;25;21;23;23;16;12;14;11;10;10;11;6;0;3;3;0;2;1;0;0;1
110009;Trani;282;283;287;310;284;299;304;298;298;289;321;327;316;331;338;323;347;328;327;367;376;375;378;357;395;363;379;374;393;362;391;376;404;408;390;415;444;426;435;435;424;441;460;454;463;444;452;454;467;448;403;398;334;365;358;378;314;322;291;299;310;304;343;326;316;259;254;224;238;220;257;215;195;207;166;198;165;152;171;151;137;111;103;67;69;64;58;47;27;37;26;16;2;8;7;2;3;2;1;0;1
110010;Trinitapoli;69;75;74;85;102;87;94;88;84;102;113;106;86;85;90;97;88;85;82;95;91;98;100;112;96;86;96;97;78;73;85;94;103;105;90;101;94;108;116;96;121;121;93;126;97;99;107;103;98;89;98;88;82;101;75;82;61;76;70;72;78;88;84;77;89;64;64;64;66;69;56;60;65;45;57;67;48;40;40;34;21;31;24;21;25;22;22;17;14;10;10;4;4;2;0;0;1;2;0;1;0
;Totale;1967;2011;2043;2142;2170;2196;2262;2283;2293;2265;2356;2460;2310;2428;2430;2372;2536;2432;2600;2678;2607;2579;2582;2558;2584;2400;2520;2522;2504;2502;2586;2671;2891;2960;2953;3021;3115;2955;3082;3255;3151;3117;3249;3255;3132;3030;3162;3016;2915;2811;2646;2624;2408;2523;2322;2301;2212;2134;2072;2092;2176;2204;2372;2198;2236;1835;1703;1734;1688;1601;1772;1609;1470;1493;1315;1327;1212;1076;1064;1063;959;807;749;710;624;482;412;383;295;248;245;103;59;61;38;32;24;18;13;3;10
Territorio/Età;;0;1;2;3;4;5;6;7;8;9;10;11;12;13;14;15;16;17;18;19;20;21;22;23;24;25;26;27;28;29;30;31;32;33;34;35;36;37;38;39;40;41;42;43;44;45;46;47;48;49;50;51;52;53;54;55;56;57;58;59;60;61;62;63;64;65;66;67;68;69;70;71;72;73;74;75;76;77;78;79;80;81;82;83;84;85;86;87;88;89;90;91;92;93;94;95;96;97;98;99;100
Codice comune;Comune;Femmine
110001;Andria;520;567;537;522;516;534;578;569;630;597;638;608;582;588;585;567;632;629;638;652;641;631;635;646;662;618;739;611;714;706;713;719;740;769;850;815;856;839;768;828;868;901;767;832;814;736;846;708;714;767;645;662;662;619;579;566;543;503;530;543;539;565;601;488;567;407;391;412;448;420;444;440;394;426;350;349;356;322;304;338;304;230;245;236;190;184;134;146;113;93;97;58;39;25;35;14;16;12;12;2;5
110002;Barletta;430;434;428;482;533;501;524;484;555;579;617;580;531;562;520;549;575;561;589;576;552;580;578;556;574;516;565;586;589;622;668;635;657;699;644;727;757;739;742;765;745;812;739;714;781;773;740;684;718;656;661;660;596;586;591;584;591;543;468;545;512;498;593;578;566;492;421;412;422;427;452;418;365;386;356;359;321;353;315;329;292;284;219;267;207;161;172;138;135;104;84;49;39;28;22;18;15;6;8;4;7
110003;Bisceglie;260;242;282;270;273;247;299;306;307;274;309;300;268;310;271;303;286;282;305;307;307;316;271;303;304;320;287;342;327;351;350;405;369;415;435;420;470;444;461;477;441;468;445;457;530;457;486;464;445;364;410;337;356;383;337;346;354;330;318;367;306;311;321;332;325;244;266;251;272;238;277;249;248;237;223;219;221;182;216;210;181;173;129;125;128;101;113;86;89;79;74;29;23;17;12;18;10;9;8;8;8
110004;Canosa di Puglia;121;138;148;154;156;161;126;132;155;164;185;140;161;182;187;187;189;184;181;196;183;201;199;193;184;173;188;178;201;189;188;213;244;244;226;218;257;240;263;238;236;270;291;222;242;262;285;233;218;213;189;216;192;207;206;200;211;189;166;156;192;179;218;186;202;166;156;154;148;117;154;167;141;131;141;155;141;108;112;116;96;114;99;97;77;69;85;58;44;40;42;23;12;5;12;8;5;3;3;0;5
110005;Margherita di Savoia;45;52;56;55;45;41;45;58;67;48;65;63;49;73;58;69;73;76;72;87;61;81;78;89;68;68;70;58;71;40;74;73;82;85;60;83;102;84;103;85;85;99;86;106;108;111;102;125;94;81;101;88;75;84;78;92;91;75;76;69;86;85;86;75;72;78;66;61;60;73;71;66;57;77;64;51;60;55;60;60;50;64;49;44;41;28;37;25;23;22;24;13;4;5;5;5;8;4;1;0;3
110006;Minervino Murge;38;30;37;38;43;39;47;58;44;58;54;58;50;48;48;51;38;53;42;46;72;48;66;49;47;61;51;67;57;51;52;60;58;60;72;65;72;81;68;66;66;75;55;70;80;74;72;64;76;56;59;63;54;53;55;63;50;56;68;72;74;50;69;66;67;58;41;51;52;42;69;60;66;58;58;65;66;48;45;48;60;30;31;34;31;32;28;22;19;25;12;7;3;4;3;5;3;6;1;1;1
110007;San Ferdinando di Puglia;73;69;75;73;79;78;74;69;90;99;94;84;83;102;87;96;113;70;103;96;106;114;112;100;93;92;82;110;104;85;80;119;114;97;122;113;125;109;106;91;109;120;124;105;113;113;103;97;105;104;113;92;79;88;95;82;95;73;58;93;66;90;84;90;85;65;79;70;54;63;53;63;60;65;69;57;54;56;50;51;46;57;41;61;49;44;22;35;24;23;19;4;3;5;3;1;2;1;0;1;3
110008;Spinazzola;30;28;23;26;26;34;36;29;36;34;34;29;38;39;42;31;49;42;40;46;59;47;48;32;41;45;40;35;51;33;43;37;43;50;36;32;45;41;44;29;33;44;58;64;65;53;70;67;49;62;53;57;49;55;53;45;50;30;39;42;41;37;43;39;42;32;43;28;27;34;34;41;42;39;34;33;37;39;28;36;33;36;34;31;31;18;15;26;19;19;17;6;2;5;3;3;7;2;6;1;2
110009;Trani;278;279;255;284;260;276;273;297;324;291;320;294;328;298;282;303;309;297;326;313;331;315;320;332;328;342;359;369;381;348;342;362;367;405;405;432;469;431;437;471;449;462;455;438;482;442;481;474;450;440;381;446;411;394;328;347;368;334;323;331;341;345;350;371;319;291;234;229;269;260;255;228;233;237;207;228;217;193;187;185;170;156;158;114;120;117;98;81;78;75;52;36;20;17;15;11;11;10;5;5;5
110010;Trinitapoli;97;90;75;80;85;88;77;103;72;86;78;106;91;97;91;98;95;80;107;99;107;99;110;102;71;102;90;74;87;101;104;117;102;104;123;101;113;112;103;126;126;124;98;108;105;93;105;98;103;100;87;94;90;102;80;82;90;86;94;84;72;101;89;91;99;65;69;63;65;52;57;70;52;65;38;55;48;63;48;47;61;43;48;33;43;30;32;18;27;18;24;11;10;6;3;1;2;2;2;2;1
;Totale;1892;1929;1916;1984;2016;1999;2079;2105;2280;2230;2394;2262;2181;2299;2171;2254;2359;2274;2403;2418;2419;2432;2417;2402;2372;2337;2471;2430;2582;2526;2614;2740;2776;2928;2973;3006;3266;3120;3095;3176;3158;3375;3118;3116;3320;3114;3290;3014;2972;2843;2699;2715;2564;2571;2402;2407;2443;2219;2140;2302;2229;2261;2454;2316;2344;1898;1766;1731;1817;1726;1866;1802;1658;1721;1540;1571;1521;1419;1365;1420;1293;1187;1053;1042;917;784;736;635;571;498;445;236;155;117;113;84;79;55;46;24;40

"Ricostruzione della popolazione intercensuaria - Popolazione al 1° gennaio per età"
"Tutte le cittadinanze - Anno: 2012 - Provincia: Barletta-Andria-Trani"
Territorio/Età;;0;1;2;3;4;5;6;7;8;9;10;11;12;13;14;15;16;17;18;19;20;21;22;23;24;25;26;27;28;29;30;31;32;33;34;35;36;37;38;39;40;41;42;43;44;45;46;47;48;49;50;51;52;53;54;55;56;57;58;59;60;61;62;63;64;65;66;67;68;69;70;71;72;73;74;75;76;77;78;79;80;81;82;83;84;85;86;87;88;89;90;91;92;93;94;95;96;97;98;99;100
Codice comune;Comune;Totale
110001;Andria;1045;1070;1120;1093;1083;1083;1162;1152;1190;1260;1210;1262;1299;1214;1267;1218;1219;1291;1269;1335;1356;1279;1295;1302;1297;1347;1246;1384;1266;1386;1375;1414;1432;1524;1576;1621;1637;1672;1596;1558;1687;1670;1690;1598;1630;1566;1455;1596;1395;1441;1445;1274;1316;1267;1264;1140;1082;1063;1010;1031;1039;1050;1108;1172;1003;1094;828;809;824;820;780;841;817;746;755;624;619;594;526;531;535;497;385;378;392;296;254;193;186;158;121;127;60;47;31;33;14;15;12;7;6
110002;Barletta;876;861;878;915;1032;1045;1011;1126;1056;1124;1148;1217;1206;1109;1112;1139;1114;1172;1122;1232;1228;1215;1226;1200;1213;1185;1133;1199;1213;1170;1235;1269;1287;1358;1433;1388;1449;1521;1459;1546;1550;1488;1548;1528;1511;1549;1516;1498;1405;1416;1330;1286;1283;1162;1211;1132;1127;1117;1059;968;1038;1041;1002;1179;1090;1102;911;802;822;815;825;864;788;695;752;651;665;628;597;510;561;482;427;365;411;328;224;236;187;172;142;108;58;47;30;24;15;15;7;10;10
110003;Bisceglie;483;569;544;592;540;602;536;634;603;631;553;589;604;557;629;545;589;612;599;664;637;650;626;625;646;615;604;587;670;658;697;727;757;763;808;872;814;897;880;861;968;900;934;948;960;992;914;967;931;864;766;784;725;706;708;702;676;708;634;595;680;625;611;624;622;623;507;477;502;513;447;528;448;429;444;402;373;387;335;369;349;294;284;226;189;206;160;161;131;112;94;92;32;24;19;18;16;12;8;7;11
110004;Canosa di Puglia;257;260;284;309;321;321;327;267;311;326;348;385;321;353;375;387;380;392;396;407;386;354;416;388;374;386;326;373;344;383;357;382;413;434;442;453;460;489;475;485;484;496;516;527;486;484;512;546;473;428;434;411;426;374;393;368;391;381;369;343;317;364;372;401;399;385;336;309;290;274;214;293;309;254;257;242;262;229;204;187;181;175;183;140;148;120;110;96;82;67;44;54;19;10;6;9;7;11;4;3;3
110005;Margherita di Savoia;91;94;106;106;102;110;91;106;112;131;122;134;116;117;141;128;131;168;157;149;181;155;148;154;167;135;131;144;102;137;106;131;151;151;175;129;168;182;159;188;181;181;195;183;184;220;205;197;242;167;170;192;175;147;163;148;154;157;135;152;129;161;157;179;141;172;142;119;117;132;147;138;130;125;114;113;109;96;89;99;109;83;93;73;64;69;50;47;41;34;25;30;14;7;7;4;4;4;4;1;2
110006;Minervino Murge;56;74;79;75;83;89;88;101;110;86;110;97;106;93;101;106;109;101;107;96;117;136;100;119;94;94;101;110;114;98;108;99;119;117;118;148;129;152;144;142;135;167;144;134;149;164;142;138;124;135;124;118;119;119;121;113;114;114;97;124;136;135;109;128;128;125;96;74;103;89;93;113;104;117;107;107;99;104;71;73;79;97;57;53;53;51;45;38;33;22;31;20;9;5;10;3;5;3;5;1;2
110007;San Ferdinando di Puglia;135;140;150;155;153;151;171;156;164;179;183;179;172;160;210;197;214;224;194;207;213;230;222;215;180;190;185;162;214;178;178;149;203;223;213;223;221;245;212;207;218;204;218;239;210;215;228;242;201;210;196;211;171;163;177;171;173;171;142;133;165;132;165;179;164;161;146;147;139;128;125;117;129;121;118;133;106;95;95;91;96;89;95;67;90;71;58;40;65;34;33;34;9;6;7;3;2;4;1;0;5
110008;Spinazzola;36;63;62;46;54;58;61;55;60;64;65;60;65;81;84;76;63;95;76;89;91;99;84;93;73;83;80;73;76;92;65;81;71;73;92;73;86;102;79;89;78;90;89;106;112;115;95;122;122;101;113;107;102;105;103;90;97;92;75;75;92;84;84;77;83;77;61;84;60;63;54;64;79;62;60;54;55;59;69;53;60;56;53;50;46;43;26;25;32;24;29;20;10;2;7;5;2;5;1;4;2
110009;Trani;511;561;558;544;599;544;565;582;594;624;580;642;626;645;630;623;631;658;626;656;689;705;692;701;695;719;697;731;746;758;707;711;738;759;811;789;853;925;853;872;905;869;898;919;897;952;879;940;936;918;887;789;845;746;762;687;720;678;658;612;636;648;642;687;688;629;547;487;447;498;476;513;433;424;443;365;413;376;339;342;323;292;256;246;163;176;162;141;114;87;96;63;41;19;18;21;11;12;10;3;8
110010;Trinitapoli;154;166;169;151;168;186;173;172;193;157;188;192;214;176;181;178;197;183;166;190;199;200;196;210;215;164;187;183;171;163;170;188;205;208;206;210;205;209;228;222;223;247;246;198;236;203;185;215;201;203;188;184;178;172;203;158;164;150;162;165;155;150;186;171;167;187;129;130;127;128;116;112;128;117;105;93;120;92;102;84;81;78;70;68;47;61;46;52;27;40;23;30;13;13;6;2;1;3;4;2;3
;Totale;3644;3858;3950;3986;4135;4189;4185;4351;4393;4582;4507;4757;4729;4505;4730;4597;4647;4896;4712;5025;5097;5023;5005;5007;4954;4918;4690;4946;4916;5023;4998;5151;5376;5610;5874;5906;6022;6394;6085;6170;6429;6312;6478;6380;6375;6460;6131;6461;6030;5883;5653;5356;5340;4961;5105;4709;4698;4631;4341;4198;4387;4390;4436;4797;4485;4555;3703;3438;3431;3460;3277;3583;3365;3090;3155;2784;2821;2660;2427;2339;2374;2143;1903;1666;1603;1421;1135;1029;898;750;638;578;265;180;141;122;77;84;56;38;52
Territorio/Età;;0;1;2;3;4;5;6;7;8;9;10;11;12;13;14;15;16;17;18;19;20;21;22;23;24;25;26;27;28;29;30;31;32;33;34;35;36;37;38;39;40;41;42;43;44;45;46;47;48;49;50;51;52;53;54;55;56;57;58;59;60;61;62;63;64;65;66;67;68;69;70;71;72;73;74;75;76;77;78;79;80;81;82;83;84;85;86;87;88;89;90;91;92;93;94;95;96;97;98;99;100
Codice comune;Comune;Maschi
110001;Andria;534;553;555;557;560;562;628;572;623;631;615;626;693;628;674;632;655;655;639;692;706;637;659;666;652;684;628;641;654;679;669;699;718;783;806;775;825;814;765;791;865;802;791;834;798;754;717;739;684;730;678;634;653;607;643;561;518;527;511;503;496;514;542;573;516;532;423;421;413;377;368;401;387;355;336;276;276;245;213;232;215;203;166;147;174;114;90;76;57;59;44;41;16;16;11;7;6;3;2;1;1
110002;Barletta;476;430;435;483;548;514;510;596;569;568;570;594;628;577;551;616;560;596;560;639;646;663;648;612;653;616;619;631;624;582;622;614;641;702;732;740;728;770;717;796;788;741;737;784;792;768;740;757;720;697;669;621;620;562;622;542;540;528;515;502;493;529;506;586;512;537;424;384;415;397;403;417;374;334;372;303;312;312;252;202;241;196;150;157;161;134;75;78;65;49;54;36;18;14;7;6;3;3;2;5;2
110003;Bisceglie;262;306;302;311;269;326;291;334;299;323;278;277;301;288;321;275;281;326;315;358;333;342;309;355;347;318;285;306;331;330;343;373;360;392;384;440;399;425;431;411;485;458;459;502;501;463;457;483;472;415;400;371;386;350;326;366;334;359;303;276;313;321;304;308;293;298;266;211;252;242;211;249;203;185;210;187;160;170;157;161;145;129;119;105;76;93;68;58;52;32;27;33;13;3;4;7;5;3;0;0;2
110004;Canosa di Puglia;125;139;144;159;165;167;167;142;178;167;184;200;182;193;193;200;191;204;212;223;194;172;218;190;182;201;156;190;172;186;172;195;209;197;205;225;247;229;234;230;246;257;254;234;262;239;252;262;239;210;221;218;210;182;187;164;190;170;179;177;161;173;194;182;215;182;169;154;138;130;98;144;140;114;125;110;108;90;97;78;68;82;69;46;54;48;48;24;28;29;12;21;5;1;2;1;3;4;1;1;0
110005;Margherita di Savoia;52;53;57;51;49;65;49;60;53;65;72;71;53;67;67;73;62;96;84;77;94;95;69;74;80;70;62;77;50;66;71;58;79;74;90;72;80;76;77;87;93;93;93;95;79;112;93;97;117;74;88;90;88;74;79;71;62;67;62;77;64;73;75;90;67;100;66;56;57;73;74;68;64;69;39;51;58;38;36;41;53;33;31;28;24;28;24;15;18;16;8;9;4;4;3;0;0;0;2;0;0
110006;Minervino Murge;29;36;49;38;46;46;49;54;52;42;52;43;48;43;53;58;60;62;54;53;72;65;54;52;46;47;44;59;51;44;60;47;60;63;57;78;64;82;63;74;69;101;69;79;79;83;68;67;60;57;68;59;57;67;68;59;51;64;42;56;65;61;59;59;63;59;39;34;53;37;51;46;45;52;50;50;39;40;26;30;32;38;28;23;22;23;13;11;14;7;7;11;2;2;6;1;1;1;1;1;0
110007;San Ferdinando di Puglia;68;66;81;79;81;72;89;82;95;90;81;85;87;75;108;108;118;111;122;104;117;123;107;100;80;99;97;79;100;75;95;68;93;112;119;101;109;120;105;102;128;95;99;113;103;102;115;137;105;108;95;96;79;83;87;77;90;75;69;74;72;68;76;96;74;76;83;67;69;74;60;65;65;61;53;65;51;47;39;42;47;44;42;33;32;27;18;20;32;13;14;16;6;4;3;1;0;2;1;0;3
110008;Spinazzola;11;34;33;24;28;30;27;19;32;28;30;26;36;43;45;35;32;47;34;49;45;43;36;48;42;42;34;34;41;42;30;36;34;31;42;38;56;56;38;42;49;56;48;47;49;51;43;52;55;52;49;54;46;56;47;38;50;43;45;36;50;42;48;35;43;35;29;41;33;35;22;30;38;20;20;20;23;24;31;26;26;25;19;21;19;16;11;12;8;7;10;7;6;0;3;2;0;1;0;0;1
110009;Trani;250;282;284;288;307;286;296;307;297;301;290;322;331;316;333;339;326;346;329;328;369;376;380;379;357;392;355;376;379;385;363;383;376;394;412;383;420;452;426;434;435;421;437;461;458;463;442;457;459;468;450;406;398;336;365;358;376;312;322;291;300;308;297;338;317;313;259;250;222;232;216;255;212;193;209;160;191;158;147;163;142;131;107;99;57;63;56;50;43;23;32;21;13;2;4;8;2;3;2;1;0
110010;Trinitapoli;83;66;77;74;87;104;87;94;89;85;101;114;106;85;85;87;96;89;86;83;98;91;95;101;113;96;84;95;94;76;72;86;90;102;99;89;102;97;112;118;97;122;120;99;125;98;94;110;103;100;89;96;84;81;101;77;83;62;76;70;71;79;87;83;78;88;65;61;65;65;67;56;60;65;42;57;66;45;40;39;34;20;29;23;18;22;19;21;14;13;8;10;4;4;1;0;0;1;2;0;1
;Totale;1890;1965;2017;2064;2140;2172;2193;2260;2287;2300;2273;2358;2465;2315;2430;2423;2381;2532;2435;2606;2674;2607;2575;2577;2552;2565;2364;2488;2496;2465;2497;2559;2660;2850;2946;2941;3030;3121;2968;3085;3255;3146;3107;3248;3246;3133;3021;3161;3014;2911;2807;2645;2621;2398;2525;2313;2294;2207;2124;2062;2085;2168;2188;2350;2178;2220;1823;1679;1717;1662;1570;1731;1588;1448;1456;1279;1284;1169;1038;1014;1003;901;760;682;637;568;422;365;331;248;216;205;87;50;44;33;20;21;13;9;10
Territorio/Età;;0;1;2;3;4;5;6;7;8;9;10;11;12;13;14;15;16;17;18;19;20;21;22;23;24;25;26;27;28;29;30;31;32;33;34;35;36;37;38;39;40;41;42;43;44;45;46;47;48;49;50;51;52;53;54;55;56;57;58;59;60;61;62;63;64;65;66;67;68;69;70;71;72;73;74;75;76;77;78;79;80;81;82;83;84;85;86;87;88;89;90;91;92;93;94;95;96;97;98;99;100
Codice comune;Comune;Femmine
110001;Andria;511;517;565;536;523;521;534;580;567;629;595;636;606;586;593;586;564;636;630;643;650;642;636;636;645;663;618;743;612;707;706;715;714;741;770;846;812;858;831;767;822;868;899;764;832;812;738;857;711;711;767;640;663;660;621;579;564;536;499;528;543;536;566;599;487;562;405;388;411;443;412;440;430;391;419;348;343;349;313;299;320;294;219;231;218;182;164;117;129;99;77;86;44;31;20;26;8;12;10;6;5
110002;Barletta;400;431;443;432;484;531;501;530;487;556;578;623;578;532;561;523;554;576;562;593;582;552;578;588;560;569;514;568;589;588;613;655;646;656;701;648;721;751;742;750;762;747;811;744;719;781;776;741;685;719;661;665;663;600;589;590;587;589;544;466;545;512;496;593;578;565;487;418;407;418;422;447;414;361;380;348;353;316;345;308;320;286;277;208;250;194;149;158;122;123;88;72;40;33;23;18;12;12;5;5;8
110003;Bisceglie;221;263;242;281;271;276;245;300;304;308;275;312;303;269;308;270;308;286;284;306;304;308;317;270;299;297;319;281;339;328;354;354;397;371;424;432;415;472;449;450;483;442;475;446;459;529;457;484;459;449;366;413;339;356;382;336;342;349;331;319;367;304;307;316;329;325;241;266;250;271;236;279;245;244;234;215;213;217;178;208;204;165;165;121;113;113;92;103;79;80;67;59;19;21;15;11;11;9;8;7;9
110004;Canosa di Puglia;132;121;140;150;156;154;160;125;133;159;164;185;139;160;182;187;189;188;184;184;192;182;198;198;192;185;170;183;172;197;185;187;204;237;237;228;213;260;241;255;238;239;262;293;224;245;260;284;234;218;213;193;216;192;206;204;201;211;190;166;156;191;178;219;184;203;167;155;152;144;116;149;169;140;132;132;154;139;107;109;113;93;114;94;94;72;62;72;54;38;32;33;14;9;4;8;4;7;3;2;3
110005;Margherita di Savoia;39;41;49;55;53;45;42;46;59;66;50;63;63;50;74;55;69;72;73;72;87;60;79;80;87;65;69;67;52;71;35;73;72;77;85;57;88;106;82;101;88;88;102;88;105;108;112;100;125;93;82;102;87;73;84;77;92;90;73;75;65;88;82;89;74;72;76;63;60;59;73;70;66;56;75;62;51;58;53;58;56;50;62;45;40;41;26;32;23;18;17;21;10;3;4;4;4;4;2;1;2
110006;Minervino Murge;27;38;30;37;37;43;39;47;58;44;58;54;58;50;48;48;49;39;53;43;45;71;46;67;48;47;57;51;63;54;48;52;59;54;61;70;65;70;81;68;66;66;75;55;70;81;74;71;64;78;56;59;62;52;53;54;63;50;55;68;71;74;50;69;65;66;57;40;50;52;42;67;59;65;57;57;60;64;45;43;47;59;29;30;31;28;32;27;19;15;24;9;7;3;4;2;4;2;4;0;2
110007;San Ferdinando di Puglia;67;74;69;76;72;79;82;74;69;89;102;94;85;85;102;89;96;113;72;103;96;107;115;115;100;91;88;83;114;103;83;81;110;111;94;122;112;125;107;105;90;109;119;126;107;113;113;105;96;102;101;115;92;80;90;94;83;96;73;59;93;64;89;83;90;85;63;80;70;54;65;52;64;60;65;68;55;48;56;49;49;45;53;34;58;44;40;20;33;21;19;18;3;2;4;2;2;2;0;0;2
110008;Spinazzola;25;29;29;22;26;28;34;36;28;36;35;34;29;38;39;41;31;48;42;40;46;56;48;45;31;41;46;39;35;50;35;45;37;42;50;35;30;46;41;47;29;34;41;59;63;64;52;70;67;49;64;53;56;49;56;52;47;49;30;39;42;42;36;42;40;42;32;43;27;28;32;34;41;42;40;34;32;35;38;27;34;31;34;29;27;27;15;13;24;17;19;13;4;2;4;3;2;4;1;4;1
110009;Trani;261;279;274;256;292;258;269;275;297;323;290;320;295;329;297;284;305;312;297;328;320;329;312;322;338;327;342;355;367;373;344;328;362;365;399;406;433;473;427;438;470;448;461;458;439;489;437;483;477;450;437;383;447;410;397;329;344;366;336;321;336;340;345;349;371;316;288;237;225;266;260;258;221;231;234;205;222;218;192;179;181;161;149;147;106;113;106;91;71;64;64;42;28;17;14;13;9;9;8;2;8
110010;Trinitapoli;71;100;92;77;81;82;86;78;104;72;87;78;108;91;96;91;101;94;80;107;101;109;101;109;102;68;103;88;77;87;98;102;115;106;107;121;103;112;116;104;126;125;126;99;111;105;91;105;98;103;99;88;94;91;102;81;81;88;86;95;84;71;99;88;89;99;64;69;62;63;49;56;68;52;63;36;54;47;62;45;47;58;41;45;29;39;27;31;13;27;15;20;9;9;5;2;1;2;2;2;2
;Totale;1754;1893;1933;1922;1995;2017;1992;2091;2106;2282;2234;2399;2264;2190;2300;2174;2266;2364;2277;2419;2423;2416;2430;2430;2402;2353;2326;2458;2420;2558;2501;2592;2716;2760;2928;2965;2992;3273;3117;3085;3174;3166;3371;3132;3129;3327;3110;3300;3016;2972;2846;2711;2719;2563;2580;2396;2404;2424;2217;2136;2302;2222;2248;2447;2307;2335;1880;1759;1714;1798;1707;1852;1777;1642;1699;1505;1537;1491;1389;1325;1371;1242;1143;984;966;853;713;664;567;502;422;373;178;130;97;89;57;63;43;29;42

"Ricostruzione della popolazione intercensuaria - Popolazione al 1° gennaio per età"
"Tutte le cittadinanze - Anno: 2013 - Provincia: Barletta-Andria-Trani"
Territorio/Età;;0;1;2;3;4;5;6;7;8;9;10;11;12;13;14;15;16;17;18;19;20;21;22;23;24;25;26;27;28;29;30;31;32;33;34;35;36;37;38;39;40;41;42;43;44;45;46;47;48;49;50;51;52;53;54;55;56;57;58;59;60;61;62;63;64;65;66;67;68;69;70;71;72;73;74;75;76;77;78;79;80;81;82;83;84;85;86;87;88;89;90;91;92;93;94;95;96;97;98;99;100
Codice comune;Comune;Totale
110001;Andria;923;1042;1071;1123;1088;1083;1076;1164;1149;1190;1254;1209;1257;1298;1205;1260;1219;1215;1293;1270;1337;1352;1283;1300;1302;1283;1338;1240;1359;1254;1361;1379;1406;1428;1502;1565;1617;1622;1668;1595;1553;1691;1666;1691;1603;1628;1563;1457;1590;1397;1431;1444;1262;1312;1260;1255;1134;1073;1060;1007;1023;1032;1046;1108;1167;990;1084;815;804;814;807;772;824;804;733;734;610;606;567;502;507;506;472;358;344;347;262;227;166;157;128;98;104;44;40;27;24;9;8;8;10
110002;Barletta;867;870;860;881;918;1030;1039;1014;1125;1052;1124;1139;1217;1205;1110;1114;1143;1110;1167;1112;1229;1229;1215;1219;1193;1195;1170;1122;1183;1188;1150;1215;1253;1283;1366;1433;1381;1437;1506;1453;1537;1549;1492;1543;1522;1508;1553;1519;1496;1402;1408;1322;1282;1285;1158;1207;1126;1118;1110;1056;957;1032;1042;993;1166;1079;1087;906;796;813;801;814;851;775;687;734;626;646;603;572;497;530;449;405;339;368;302;199;201;157;143;123;92;47;35;23;16;10;5;5;9
110003;Bisceglie;535;487;564;539;583;537;597;534;630;602;636;549;588;599;557;628;548;589;609;598;657;640;649;633;629;649;623;608;594;665;665;693;732;759;763;815;874;814;898;878;861;963;885;934;945;959;994;909;965;934;869;765;784;720;700;707;703;667;702;635;589;674;623;607;619;615;612;505;472;495;508;444;521;444;422;435;395;363;375;324;351;332;283;255;211;168;191;139;141;119;91;77;71;25;16;17;13;10;8;6;10
110004;Canosa di Puglia;213;256;258;282;303;322;325;327;264;309;321;347;388;319;356;374;387;377;390;389;401;380;343;411;383;363;375;321;358;336;369;347;379;407;433;430;447;457;482;474;486;491;499;512;524;479;480;506;541;470;423;429;408;429;372;390;364;389;378;365;339;313;365;365;401;392;381;330;303;285;268;207;286;304;246;251;236;247;218;192;176;173;164;166;126;132;108;92;89;69;60;38;44;15;6;4;10;5;8;4;5
110005;Margherita di Savoia;105;90;96;103;104;106;107;92;107;110;129;119;133;115;117;139;127;128;170;158;149;182;151;150;154;161;138;129;145;104;140;102;121;145;148;171;128;166;179;158;184;180;177;194;181;183;216;205;197;240;166;170;192;172;147;159;150;153;158;133;154;128;159;158;174;139;174;135;117;112;128;145;133;126;121;116;110;108;96;85;91;106;81;83;72;60;61;42;40;35;27;21;24;12;5;5;3;2;2;4;3
110006;Minervino Murge;59;56;73;76;72;84;88;89;100;111;85;109;95;107;92;102;106;109;101;106;97;117;135;101;118;94;95;97;106;111;98;104;97;115;109;114;149;130;151;142;140;132;165;143;133;150;162;143;137;123;135;123;117;119;120;120;112;114;115;95;123;133;134;108;126;124;120;92;74;101;87;86;111;103;113;106;105;96;101;69;68;72;95;55;50;48;48;41;35;28;19;26;18;9;3;9;1;3;2;2;3
110007;San Ferdinando di Puglia;139;133;133;149;152;155;150;173;158;162;178;180;176;174;159;212;194;210;222;191;207;212;227;220;227;181;191;180;164;210;166;173;148;197;223;208;224;226;244;211;208;215;203;216;236;208;211;226;239;200;207;194;209;170;162;173;169;170;169;141;131;162;132;165;175;163;158;144;145;135;123;123;114;122;118;116;129;102;92;95;88;87;85;86;60;83;64;50;38;51;29;28;28;8;5;5;2;3;3;1;4
110008;Spinazzola;56;36;64;62;47;54;58;60;54;60;63;65;60;65;81;84;77;61;93;75;87;89;98;86;91;72;81;76;72;72;94;60;81;67;70;92;73;85;103;78;88;82;92;89;104;112;114;95;121;123;99;115;107;103;107;103;90;97;90;74;73;92;83;84;76;82;76;61;84;58;63;54;64;77;61;56;51;55;55;66;51;56;54;52;47;43;37;24;23;29;21;20;18;8;2;6;5;1;3;1;4
110009;Trani;395;504;561;558;550;602;549;564;582;594;622;584;644;627;645;629;621;631;659;622;651;691;703;689;693;685;710;679;727;723;748;703;712;734;758;807;787;853;923;855;869;907;869;900;917;897;953;884;945;930;909;893;790;853;744;759;685;716;671;656;610;631;647;645;683;687;624;543;482;442;491;466;508;428;420;433;360;400;370;325;332;306;282;250;236;153;156;151;125;102;78;79;56;33;14;16;18;9;9;6;6
110010;Trinitapoli;147;158;168;167;151;171;184;175;172;191;160;191;191;214;175;181;178;198;186;169;191;198;197;199;213;209;162;187;181;168;164;175;190;197;206;212;205;209;212;231;222;221;246;242;196;234;203;185;217;201;205;188;187;178;171;205;156;164;151;161;163;153;148;183;164;165;186;126;127;125;125;116;111;127;112;102;92;117;87;98;81;76;77;63;64;46;58;42;47;24;31;22;24;10;9;2;0;1;3;4;5
;Totale;3439;3632;3848;3940;3968;4144;4173;4192;4341;4381;4572;4492;4749;4723;4497;4723;4600;4628;4890;4690;5006;5090;5001;5008;5003;4892;4883;4639;4889;4831;4955;4951;5119;5332;5578;5847;5885;5999;6366;6075;6148;6431;6294;6464;6361;6358;6449;6129;6448;6020;5852;5643;5338;5341;4941;5078;4689;4661;4604;4323;4162;4350;4379;4416;4751;4436;4502;3657;3404;3380;3401;3227;3523;3310;3033;3083;2714;2740;2564;2328;2242;2244;2042;1773;1549;1448;1287;1007;905;771;627;532;479;211;135;114;92;53;51;41;59
Territorio/Età;;0;1;2;3;4;5;6;7;8;9;10;11;12;13;14;15;16;17;18;19;20;21;22;23;24;25;26;27;28;29;30;31;32;33;34;35;36;37;38;39;40;41;42;43;44;45;46;47;48;49;50;51;52;53;54;55;56;57;58;59;60;61;62;63;64;65;66;67;68;69;70;71;72;73;74;75;76;77;78;79;80;81;82;83;84;85;86;87;88;89;90;91;92;93;94;95;96;97;98;99;100
Codice comune;Comune;Maschi
110001;Andria;479;534;555;559;552;558;555;630;571;625;629;615;626;692;622;671;634;651;655;641;694;704;639;665;668;644;677;622;628;647;661;670;690;711;771;799;773;818;811;765;790;868;802;796;836;797;751;716;736;687;727;677;623;651;602;641;556;513;526;507;499;495;511;542;571;509;526;417;418;405;372;364;390;380;346;321;271;269;230;200;221;206;194;153;128;146;98;79;62;49;49;32;34;9;12;10;6;5;2;1;1
110002;Barletta;450;470;428;440;484;550;511;513;596;565;567;568;594;631;579;551;616;560;593;556;638;649;660;641;608;640;612;607;624;609;568;608;600;639;702;729;737;720;758;714;790;788;743;735;778;793;770;742;755;717;691;664;620;619;560;622;539;537;526;516;493;488;530;502;580;507;532;423;378;410;392;397;409;366;327;364;291;305;294;239;196;227;186;143;143;145;118;67;60;56;40;46;29;12;10;6;4;2;0;2;5
110003;Bisceglie;266;266;303;297;306;269;325;290;332;298;326;278;279;300;287;320;275;280;325;314;352;333;343;310;355;348;323;283;312;327;337;336;376;362;390;386;440;400;428;432;410;482;454;465;500;496;465;455;484;469;417;398;372;381;349;325;367;327;354;304;275;313;320;301;305;290;292;265;208;248;237;208;245;200;182;202;181;156;166;149;149;138;123;104;101;72;87;55;52;47;28;22;24;11;3;4;5;4;3;0;1
110004;Canosa di Puglia;109;124;138;146;153;165;169;165;140;177;166;183;202;181;197;190;202;191;205;208;222;190;167;217;191;177;196;154;180;165;179;167;192;209;197;198;219;242;226;232;230;252;258;254;233;258;237;246;260;238;208;220;215;212;181;185;162;188;168;178;175;158;174;192;181;210;179;164;152;136;129;92;141;137;109;121;106;100;82;90;71;64;77;58;42;44;42;38;22;24;26;10;14;4;1;1;1;1;2;1;1
110005;Margherita di Savoia;55;52;57;56;49;52;63;49;59;51;66;71;71;53;67;66;72;60;98;83;78;92;93;67;74;76;70;64;77;52;62;68;55;76;72;89;70;79;76;78;86;93;92;92;95;80;109;92;98;117;74;87;91;86;73;75;73;62;67;61;78;63;72;76;86;65;100;61;55;55;70;72;66;62;67;39;50;56;38;35;37;50;32;29;28;24;24;18;12;15;15;6;8;3;4;2;0;0;0;2;0
110006;Minervino Murge;28;29;36;48;36;46;46;50;53;54;41;52;42;50;41;53;57;61;62;54;53;72;66;54;51;46;48;42;56;52;44;56;47;57;58;54;78;65;82;62;73;68;100;69;79;80;82;68;68;59;56;67;58;58;68;68;59;51;65;41;56;64;60;58;58;61;58;38;34;51;36;48;45;45;51;49;49;38;37;25;28;30;38;27;21;20;22;12;10;10;6;5;9;2;1;5;0;1;1;1;1
110007;San Ferdinando di Puglia;63;67;66;83;76;83;72;90;83;94;91;80;84;90;74;109;107;117;111;119;106;118;120;103;104;80;102;95;81;101;74;92;70;91;110;116;102;114;118;105;104;126;96;98;114;103;101;115;134;103;106;96;95;79;83;85;76;90;75;68;73;70;67;76;93;75;75;82;66;66;71;59;62;62;59;53;62;48;44;39;42;44;43;41;27;31;26;14;19;22;11;11;13;7;3;2;1;0;1;1;2
110008;Spinazzola;25;11;34;34;24;28;30;26;19;33;28;30;26;36;43;45;35;32;45;33;49;43;43;36;47;40;40;33;36;38;42;29;36;33;30;42;37;54;54;36;41;52;58;48;45;49;51;43;50;56;49;51;53;47;56;47;39;50;42;44;34;50;42;48;35;42;35;30;41;31;34;21;30;37;18;18;17;23;23;30;24;24;25;19;19;18;12;9;11;8;5;4;6;5;0;2;2;0;1;0;0
110009;Trani;216;248;279;280;293;308;288;294;307;297;302;290;322;333;318;332;339;327;346;324;324;369;375;379;374;351;384;346;372;362;377;362;381;371;392;408;379;421;453;429;437;436;419;440;461;460;463;440;454;458;463;450;405;401;336;364;354;378;305;321;289;298;307;300;335;317;310;256;245;217;229;212;254;209;191;204;158;182;156;139;157;134;122;106;94;53;58;48;43;38;22;25;17;10;2;4;6;1;2;2;1
110010;Trinitapoli;74;87;67;76;74;89;100;87;94;89;87;103;114;105;84;85;87;97;89;87;83;97;89;98;105;105;93;83;95;93;80;72;88;87;100;104;87;104;99;114;118;97;119;114;98;122;98;93;110;104;101;89;96;84;81;103;75;84;62;75;69;69;77;84;80;77;87;63;58;64;62;67;56;60;61;42;55;64;43;39;36;29;19;26;23;17;20;16;18;14;10;7;7;2;2;0;0;0;1;2;1
;Totale;1765;1888;1963;2019;2047;2148;2159;2194;2254;2283;2303;2270;2360;2471;2312;2422;2424;2376;2529;2419;2599;2667;2595;2570;2577;2507;2545;2329;2461;2446;2424;2460;2535;2636;2822;2925;2922;3017;3105;2967;3079;3262;3141;3111;3239;3238;3127;3010;3149;3008;2892;2799;2628;2618;2389;2515;2300;2280;2190;2115;2041;2068;2160;2179;2324;2153;2194;1799;1655;1683;1632;1540;1698;1558;1411;1413;1240;1241;1113;985;961;946;859;706;626;570;507;356;309;283;212;168;161;65;38;36;25;14;13;12;13
Territorio/Età;;0;1;2;3;4;5;6;7;8;9;10;11;12;13;14;15;16;17;18;19;20;21;22;23;24;25;26;27;28;29;30;31;32;33;34;35;36;37;38;39;40;41;42;43;44;45;46;47;48;49;50;51;52;53;54;55;56;57;58;59;60;61;62;63;64;65;66;67;68;69;70;71;72;73;74;75;76;77;78;79;80;81;82;83;84;85;86;87;88;89;90;91;92;93;94;95;96;97;98;99;100
Codice comune;Comune;Femmine
110001;Andria;444;508;516;564;536;525;521;534;578;565;625;594;631;606;583;589;585;564;638;629;643;648;644;635;634;639;661;618;731;607;700;709;716;717;731;766;844;804;857;830;763;823;864;895;767;831;812;741;854;710;704;767;639;661;658;614;578;560;534;500;524;537;535;566;596;481;558;398;386;409;435;408;434;424;387;413;339;337;337;302;286;300;278;205;216;201;164;148;104;108;79;66;70;35;28;17;18;4;6;7;9
110002;Barletta;417;400;432;441;434;480;528;501;529;487;557;571;623;574;531;563;527;550;574;556;591;580;555;578;585;555;558;515;559;579;582;607;653;644;664;704;644;717;748;739;747;761;749;808;744;715;783;777;741;685;717;658;662;666;598;585;587;581;584;540;464;544;512;491;586;572;555;483;418;403;409;417;442;409;360;370;335;341;309;333;301;303;263;262;196;223;184;132;141;101;103;77;63;35;25;17;12;8;5;3;4
110003;Bisceglie;269;221;261;242;277;268;272;244;298;304;310;271;309;299;270;308;273;309;284;284;305;307;306;323;274;301;300;325;282;338;328;357;356;397;373;429;434;414;470;446;451;481;431;469;445;463;529;454;481;465;452;367;412;339;351;382;336;340;348;331;314;361;303;306;314;325;320;240;264;247;271;236;276;244;240;233;214;207;209;175;202;194;160;151;110;96;104;84;89;72;63;55;47;14;13;13;8;6;5;6;9
110004;Canosa di Puglia;104;132;120;136;150;157;156;162;124;132;155;164;186;138;159;184;185;186;185;181;179;190;176;194;192;186;179;167;178;171;190;180;187;198;236;232;228;215;256;242;256;239;241;258;291;221;243;260;281;232;215;209;193;217;191;205;202;201;210;187;164;155;191;173;220;182;202;166;151;149;139;115;145;167;137;130;130;147;136;102;105;109;87;108;84;88;66;54;67;45;34;28;30;11;5;3;9;4;6;3;4
110005;Margherita di Savoia;50;38;39;47;55;54;44;43;48;59;63;48;62;62;50;73;55;68;72;75;71;90;58;83;80;85;68;65;68;52;78;34;66;69;76;82;58;87;103;80;98;87;85;102;86;103;107;113;99;123;92;83;101;86;74;84;77;91;91;72;76;65;87;82;88;74;74;74;62;57;58;73;67;64;54;77;60;52;58;50;54;56;49;54;44;36;37;24;28;20;12;15;16;9;1;3;3;2;2;2;3
110006;Minervino Murge;31;27;37;28;36;38;42;39;47;57;44;57;53;57;51;49;49;48;39;52;44;45;69;47;67;48;47;55;50;59;54;48;50;58;51;60;71;65;69;80;67;64;65;74;54;70;80;75;69;64;79;56;59;61;52;52;53;63;50;54;67;69;74;50;68;63;62;54;40;50;51;38;66;58;62;57;56;58;64;44;40;42;57;28;29;28;26;29;25;18;13;21;9;7;2;4;1;2;1;1;2
110007;San Ferdinando di Puglia;76;66;67;66;76;72;78;83;75;68;87;100;92;84;85;103;87;93;111;72;101;94;107;117;123;101;89;85;83;109;92;81;78;106;113;92;122;112;126;106;104;89;107;118;122;105;110;111;105;97;101;98;114;91;79;88;93;80;94;73;58;92;65;89;82;88;83;62;79;69;52;64;52;60;59;63;67;54;48;56;46;43;42;45;33;52;38;36;19;29;18;17;15;1;2;3;1;3;2;0;2
110008;Spinazzola;31;25;30;28;23;26;28;34;35;27;35;35;34;29;38;39;42;29;48;42;38;46;55;50;44;32;41;43;36;34;52;31;45;34;40;50;36;31;49;42;47;30;34;41;59;63;63;52;71;67;50;64;54;56;51;56;51;47;48;30;39;42;41;36;41;40;41;31;43;27;29;33;34;40;43;38;34;32;32;36;27;32;29;33;28;25;25;15;12;21;16;16;12;3;2;4;3;1;2;1;4
110009;Trani;179;256;282;278;257;294;261;270;275;297;320;294;322;294;327;297;282;304;313;298;327;322;328;310;319;334;326;333;355;361;371;341;331;363;366;399;408;432;470;426;432;471;450;460;456;437;490;444;491;472;446;443;385;452;408;395;331;338;366;335;321;333;340;345;348;370;314;287;237;225;262;254;254;219;229;229;202;218;214;186;175;172;160;144;142;100;98;103;82;64;56;54;39;23;12;12;12;8;7;4;5
110010;Trinitapoli;73;71;101;91;77;82;84;88;78;102;73;88;77;109;91;96;91;101;97;82;108;101;108;101;108;104;69;104;86;75;84;103;102;110;106;108;118;105;113;117;104;124;127;128;98;112;105;92;107;97;104;99;91;94;90;102;81;80;89;86;94;84;71;99;84;88;99;63;69;61;63;49;55;67;51;60;37;53;44;59;45;47;58;37;41;29;38;26;29;10;21;15;17;8;7;2;0;1;2;2;4
;Totale;1674;1744;1885;1921;1921;1996;2014;1998;2087;2098;2269;2222;2389;2252;2185;2301;2176;2252;2361;2271;2407;2423;2406;2438;2426;2385;2338;2310;2428;2385;2531;2491;2584;2696;2756;2922;2963;2982;3261;3108;3069;3169;3153;3353;3122;3120;3322;3119;3299;3012;2960;2844;2710;2723;2552;2563;2389;2381;2414;2208;2121;2282;2219;2237;2427;2283;2308;1858;1749;1697;1769;1687;1825;1752;1622;1670;1474;1499;1451;1343;1281;1298;1183;1067;923;878;780;651;596;488;415;364;318;146;97;78;67;39;38;29;46

"Ricostruzione della popolazione intercensuaria - Popolazione al 1° gennaio per età"
"Tutte le cittadinanze - Anno: 2014 - Provincia: Barletta-Andria-Trani"
Territorio/Età;;0;1;2;3;4;5;6;7;8;9;10;11;12;13;14;15;16;17;18;19;20;21;22;23;24;25;26;27;28;29;30;31;32;33;34;35;36;37;38;39;40;41;42;43;44;45;46;47;48;49;50;51;52;53;54;55;56;57;58;59;60;61;62;63;64;65;66;67;68;69;70;71;72;73;74;75;76;77;78;79;80;81;82;83;84;85;86;87;88;89;90;91;92;93;94;95;96;97;98;99;100
Codice comune;Comune;Totale
110001;Andria;980;924;1032;1077;1123;1081;1083;1068;1165;1143;1186;1251;1207;1249;1289;1198;1255;1215;1217;1290;1267;1325;1351;1275;1286;1289;1267;1310;1217;1332;1237;1338;1352;1380;1426;1490;1553;1610;1616;1663;1586;1550;1679;1661;1687;1598;1629;1562;1451;1581;1399;1429;1432;1266;1306;1251;1250;1129;1065;1053;999;1015;1019;1039;1099;1158;981;1076;803;792;799;794;758;805;783;717;718;593;585;552;486;478;474;431;327;316;322;242;206;138;132;107;83;87;27;29;20;20;7;4;10
110002;Barletta;777;863;873;860;883;932;1032;1045;1014;1125;1051;1122;1141;1215;1206;1111;1113;1143;1107;1169;1109;1225;1224;1210;1214;1185;1182;1156;1114;1152;1188;1144;1208;1249;1274;1366;1431;1378;1427;1507;1450;1529;1542;1487;1532;1518;1507;1548;1511;1501;1395;1400;1315;1279;1274;1152;1208;1122;1111;1107;1058;946;1026;1033;988;1155;1067;1074;885;786;798;791;800;836;762;665;704;601;626;577;548;465;501;426;388;320;330;269;177;179;132;117;102;77;34;29;19;13;7;4;9
110003;Bisceglie;488;541;490;563;537;585;528;596;532;636;602;639;548;590;600;554;623;548;583;611;600;667;647;648;632;628;643;637;612;599;670;668;705;736;758;752;825;880;819;888;876;860;957;892;936;942;955;990;914;963;928;867;772;781;723;701;705;699;665;694;635;589;669;617;606;611;611;595;500;464;491;497;441;510;434;411;422;385;357;357;306;335;315;253;236;201;154;172;128;125;105;75;66;51;21;12;13;9;5;8;8
110004;Canosa di Puglia;258;218;254;258;279;304;321;321;327;264;311;319;346;384;318;356;376;386;380;388;388;398;376;340;407;374;355;367;313;349;329;362;342;378;405;433;419;444;459;480;469;488;486;496;511;525;478;478;509;540;467;418;428;402;426;373;386;360;385;373;361;336;314;362;359;398;390;372;328;294;278;261;199;277;299;243;241;222;246;207;186;170;165;152;147;114;120;94;80;82;59;55;30;32;14;4;4;6;5;5;4
110005;Margherita di Savoia;81;105;84;98;101;103;108;105;91;103;111;127;115;132;114;116;139;130;127;171;156;147;184;154;148;159;159;137;130;141;101;135;105;123;137;150;175;126;168;177;160;181;180;176;196;185;184;214;204;192;239;163;174;191;169;150;159;149;151;156;130;152;124;159;158;170;141;171;135;116;110;122;142;129;123;112;112;105;103;93;84;87;102;77;77;65;52;52;38;36;34;22;15;18;10;4;5;2;1;2;2
110006;Minervino Murge;50;59;56;71;76;72;85;87;87;101;109;83;109;93;105;92;100;105;108;100;105;95;116;130;100;117;97;94;92;103;106;98;98;95;112;101;112;145;130;148;141;137;131;167;142;133;146;161;143;139;121;136;122;114;115;120;119;115;112;115;96;124;130;132;107;120;124;115;89;73;100;83;88;111;102;106;99;100;96;99;66;62;65;82;51;45;46;44;34;33;21;13;21;14;7;2;6;1;2;1;3
110007;San Ferdinando di Puglia;121;138;134;138;151;145;154;149;175;159;159;175;179;175;175;159;213;194;203;225;193;206;215;230;219;222;179;186;182;172;211;168;176;152;196;223;209;220;227;245;210;207;211;208;213;238;204;215;226;236;197;210;196;204;167;161;175;167;169;168;139;133;157;130;166;175;158;157;145;140;130;118;120;112;118;113;112;123;98;90;89;80;76;78;78;55;71;56;44;35;47;28;21;24;6;4;3;1;3;3;4
110008;Spinazzola;41;58;35;63;61;47;53;59;60;56;59;64;66;61;64;80;84;77;63;94;74;89;85;97;82;86;70;81;72;69;72;94;59;76;65;70;93;75;83;103;75;88;84;94;90;103;113;114;97;119;122;99;114;109;105;108;99;91;96;89;74;71;90;81;84;73;81;79;60;83;58;59;52;62;76;59;57;49;53;52;63;51;54;52;51;44;36;33;22;16;27;21;19;17;6;0;5;4;1;2;4
110009;Trani;361;402;512;570;550;546;597;557;564;575;597;619;582;645;625;643;629;622;630;657;621;643;697;702;690;691;691;693;671;732;714;754;706;711;735;750;822;790;844;924;860;867;905;868;896;920;893;945;880;941;928;912;889;789;849;744;760;679;712;665;653;613;626;649;637;676;686;614;530;479;438;481;460;500;416;415;423;354;383;352;312;316;288;263;234;216;144;143;133;116;88;68;69;43;29;11;12;10;7;3;7
110010;Trinitapoli;155;141;163;167;165;152;166;186;172;172;187;158;188;191;213;175;181;176;198;188;167;187;193;193;202;209;208;164;184;180;166;159;172;185;200;203;208;204;209;208;229;226;220;247;244;199;231;202;186;213;197;201;186;185;179;167;201;155;164;151;158;162;151;145;179;167;163;184;120;123;123;121;112;110;122;109;98;84;113;87;93;76;74;77;59;59;43;53;39;43;23;28;21;19;5;7;3;0;0;2;6
;Totale;3312;3449;3633;3865;3926;3967;4127;4173;4187;4334;4372;4557;4481;4735;4709;4484;4713;4596;4616;4893;4680;4982;5088;4979;4980;4960;4851;4825;4587;4829;4794;4920;4923;5085;5308;5538;5847;5872;5982;6343;6056;6133;6395;6296;6447;6361;6340;6429;6121;6425;5993;5835;5628;5320;5313;4927;5062;4666;4630;4571;4303;4141;4306;4347;4383;4703;4402;4437;3595;3350;3325;3327;3172;3452;3235;2950;2986;2616;2660;2466;2233;2120;2114;1891;1648;1435;1318;1158;901;803;668;534;447;382;159;102;90;66;38;34;57
Territorio/Età;;0;1;2;3;4;5;6;7;8;9;10;11;12;13;14;15;16;17;18;19;20;21;22;23;24;25;26;27;28;29;30;31;32;33;34;35;36;37;38;39;40;41;42;43;44;45;46;47;48;49;50;51;52;53;54;55;56;57;58;59;60;61;62;63;64;65;66;67;68;69;70;71;72;73;74;75;76;77;78;79;80;81;82;83;84;85;86;87;88;89;90;91;92;93;94;95;96;97;98;99;100
Codice comune;Comune;Maschi
110001;Andria;498;485;532;558;559;546;557;552;628;568;622;626;613;621;684;620;667;630;648;652;638;684;701;638;661;655;634;657;608;615;636;649;662;681;710;771;791;771;820;814;763;786;860;801;796;835;796;754;711;734;689;725;673;624;646;599;640;553;507;522;502;497;488;507;537;568;500;521;407;410;399;362;356;380;369;336;315;266;258;224;188;207;191;173;139;116;132;89;70;47;39;39;25;26;4;6;8;5;5;1;1
110002;Barletta;378;445;472;429;439;494;552;517;512;598;563;565;570;595;633;581;550;619;557;594;553;638;644;656;636;604;633;602;599;605;608;558;600;594;631;705;722;732;711;757;718;786;782;738;725;775;793;765;743;758;718;688;662;618;616;557;621;534;535;523;518;487;487;522;497;571;499;522;411;370;399;386;385;397;356;314;348;277;293;274;224;181;217;174;136;132;126;102;63;57;47;33;34;22;11;10;6;3;0;0;5
110003;Bisceglie;221;273;262;304;298;306;265;324;288;336;297;329;278;281;300;284;316;273;276;323;316;357;339;345;308;353;335;330;287;313;321;341;345;380;363;378;391;439;404;426;431;404;479;458;467;492;496;464;458;480;467;413;403;375;383;347;326;362;324;350;306;276;313;315;300;301;285;282;260;204;246;232;205;241;192;178;196;176;148;160;136;138;131;109;93;96;68;79;48;44;42;22;19;16;9;1;4;3;1;3;0
110004;Canosa di Puglia;140;112;123;137;143;151;163;169;168;140;178;166;182;199;179;197;191;202;192;202;209;220;186;165;211;186;171;190;151;173;163;173;164;191;210;198;193;217;239;224;228;232;249;258;252;232;258;235;247;260;234;206;219;212;210;181;185;163;183;161;177;174;158;172;188;182;208;173;162;148;132;125;93;134;135;103;115;97;100;80;87;69;60;73;52;38;36;35;31;22;20;23;8;12;4;1;1;0;1;0;1
110005;Margherita di Savoia;44;54;47;56;57;49;54;62;49;57;53;65;69;70;52;66;67;73;59;98;82;76;96;94;64;77;74;71;68;73;50;59;70;56;68;71;94;72;79;76;78;88;94;91;94;97;81;107;92;95;116;71;90;90;84;77;76;74;61;66;59;79;62;71;76;83;66;97;61;54;54;67;70;64;61;62;36;48;55;36;34;36;50;31;24;22;20;18;16;8;14;11;4;7;3;3;2;0;0;0;1
110006;Minervino Murge;25;27;30;36;48;35;46;45;47;54;53;40;52;41;48;41;52;57;61;62;54;52;71;64;53;51;47;46;41;53;49;45;55;47;57;53;51;77;66;80;60;70;68;101;69;80;78;81;68;69;58;56;67;56;58;69;67;60;49;65;41;57;62;60;57;57;61;54;36;33;50;33;50;44;45;50;44;47;38;36;23;26;25;33;26;17;20;20;10;10;7;3;3;7;1;1;2;0;1;1;2
110007;San Ferdinando di Puglia;59;62;67;68;85;73;83;71;91;83;92;88;79;83;90;75;108;107;111;112;116;105;117;124;105;99;81;100;97;87;102;79;89;72;95;111;117;97;112;121;103;104;123;100;97;118;103;104;114;130;102;107;96;93;77;81;87;75;89;75;66;75;69;64;75;93;71;74;82;64;64;66;58;61;59;57;52;60;48;43;37;36;35;38;38;22;25;23;14;17;19;11;9;10;6;2;1;0;0;1;2
110008;Spinazzola;20;26;10;34;33;24;28;29;26;19;32;28;30;27;35;43;45;35;32;45;33;49;41;43;34;43;38;40;31;33;37;41;29;32;35;30;43;38;52;54;35;41;53;59;48;46;50;50;44;49;57;50;51;54;48;57;46;40;51;42;44;32;50;42;48;33;41;36;28;40;31;32;21;29;39;16;18;17;21;22;28;23;24;24;19;18;17;10;7;6;7;4;4;6;4;0;1;2;0;0;0
110009;Trani;180;216;251;285;277;289;307;290;295;303;300;303;287;324;331;316;332;340;328;344;322;324;371;372;380;371;347;375;342;375;357;386;362;381;365;386;412;385;422;452;434;435;437;418;437;464;458;459;441;453;456;464;447;404;397;335;364;353;378;305;323;288;293;307;297;334;314;305;252;242;214;225;207;251;200;187;198;154;172;151;132;151;119;109;98;86;50;51;43;41;33;18;23;14;8;0;4;4;1;0;1
110010;Trinitapoli;83;73;89;67;76;76;86;99;86;92;87;85;101;113;105;84;85;86;98;88;85;82;97;86;98;106;103;90;81;92;93;78;72;86;89;100;103;87;104;98;114;122;100;119;114;101;121;97;94;108;101;98;88;96;84;80;101;74;84;63;75;70;69;76;80;85;77;86;58;56;62;58;65;55;56;58;41;48;61;44;36;33;27;18;25;22;15;17;15;16;13;9;6;5;0;1;1;0;0;1;1
;Totale;1648;1773;1883;1974;2015;2043;2141;2158;2190;2250;2277;2295;2261;2354;2457;2307;2413;2422;2362;2520;2408;2587;2663;2587;2550;2545;2463;2501;2305;2419;2416;2409;2448;2520;2623;2803;2917;2915;3009;3102;2964;3068;3245;3143;3099;3240;3234;3116;3012;3136;2998;2878;2796;2622;2603;2383;2513;2288;2261;2172;2111;2035;2051;2136;2155;2307;2122;2150;1757;1621;1651;1586;1510;1656;1512;1361;1363;1190;1194;1070;925;900;879;782;650;569;509;444;317;268;241;173;135;125;50;25;30;17;9;7;14
Territorio/Età;;0;1;2;3;4;5;6;7;8;9;10;11;12;13;14;15;16;17;18;19;20;21;22;23;24;25;26;27;28;29;30;31;32;33;34;35;36;37;38;39;40;41;42;43;44;45;46;47;48;49;50;51;52;53;54;55;56;57;58;59;60;61;62;63;64;65;66;67;68;69;70;71;72;73;74;75;76;77;78;79;80;81;82;83;84;85;86;87;88;89;90;91;92;93;94;95;96;97;98;99;100
Codice comune;Comune;Femmine
110001;Andria;482;439;500;519;564;535;526;516;537;575;564;625;594;628;605;578;588;585;569;638;629;641;650;637;625;634;633;653;609;717;601;689;690;699;716;719;762;839;796;849;823;764;819;860;891;763;833;808;740;847;710;704;759;642;660;652;610;576;558;531;497;518;531;532;562;590;481;555;396;382;400;432;402;425;414;381;403;327;327;328;298;271;283;258;188;200;190;153;136;91;93;68;58;61;23;23;12;15;2;3;9
110002;Barletta;399;418;401;431;444;438;480;528;502;527;488;557;571;620;573;530;563;524;550;575;556;587;580;554;578;581;549;554;515;547;580;586;608;655;643;661;709;646;716;750;732;743;760;749;807;743;714;783;768;743;677;712;653;661;658;595;587;588;576;584;540;459;539;511;491;584;568;552;474;416;399;405;415;439;406;351;356;324;333;303;324;284;284;252;252;188;204;167;114;122;85;84;68;55;23;19;13;10;7;4;4
110003;Bisceglie;267;268;228;259;239;279;263;272;244;300;305;310;270;309;300;270;307;275;307;288;284;310;308;303;324;275;308;307;325;286;349;327;360;356;395;374;434;441;415;462;445;456;478;434;469;450;459;526;456;483;461;454;369;406;340;354;379;337;341;344;329;313;356;302;306;310;326;313;240;260;245;265;236;269;242;233;226;209;209;197;170;197;184;144;143;105;86;93;80;81;63;53;47;35;12;11;9;6;4;5;8
110004;Canosa di Puglia;118;106;131;121;136;153;158;152;159;124;133;153;164;185;139;159;185;184;188;186;179;178;190;175;196;188;184;177;162;176;166;189;178;187;195;235;226;227;220;256;241;256;237;238;259;293;220;243;262;280;233;212;209;190;216;192;201;197;202;212;184;162;156;190;171;216;182;199;166;146;146;136;106;143;164;140;126;125;146;127;99;101;105;79;95;76;84;59;49;60;39;32;22;20;10;3;3;6;4;5;3
110005;Margherita di Savoia;37;51;37;42;44;54;54;43;42;46;58;62;46;62;62;50;72;57;68;73;74;71;88;60;84;82;85;66;62;68;51;76;35;67;69;79;81;54;89;101;82;93;86;85;102;88;103;107;112;97;123;92;84;101;85;73;83;75;90;90;71;73;62;88;82;87;75;74;74;62;56;55;72;65;62;50;76;57;48;57;50;51;52;46;53;43;32;34;22;28;20;11;11;11;7;1;3;2;1;2;1
110006;Minervino Murge;25;32;26;35;28;37;39;42;40;47;56;43;57;52;57;51;48;48;47;38;51;43;45;66;47;66;50;48;51;50;57;53;43;48;55;48;61;68;64;68;81;67;63;66;73;53;68;80;75;70;63;80;55;58;57;51;52;55;63;50;55;67;68;72;50;63;63;61;53;40;50;50;38;67;57;56;55;53;58;63;43;36;40;49;25;28;26;24;24;23;14;10;18;7;6;1;4;1;1;0;1
110007;San Ferdinando di Puglia;62;76;67;70;66;72;71;78;84;76;67;87;100;92;85;84;105;87;92;113;77;101;98;106;114;123;98;86;85;85;109;89;87;80;101;112;92;123;115;124;107;103;88;108;116;120;101;111;112;106;95;103;100;111;90;80;88;92;80;93;73;58;88;66;91;82;87;83;63;76;66;52;62;51;59;56;60;63;50;47;52;44;41;40;40;33;46;33;30;18;28;17;12;14;0;2;2;1;3;2;2
110008;Spinazzola;21;32;25;29;28;23;25;30;34;37;27;36;36;34;29;37;39;42;31;49;41;40;44;54;48;43;32;41;41;36;35;53;30;44;30;40;50;37;31;49;40;47;31;35;42;57;63;64;53;70;65;49;63;55;57;51;53;51;45;47;30;39;40;39;36;40;40;43;32;43;27;27;31;33;37;43;39;32;32;30;35;28;30;28;32;26;19;23;15;10;20;17;15;11;2;0;4;2;1;2;4
110009;Trani;181;186;261;285;273;257;290;267;269;272;297;316;295;321;294;327;297;282;302;313;299;319;326;330;310;320;344;318;329;357;357;368;344;330;370;364;410;405;422;472;426;432;468;450;459;456;435;486;439;488;472;448;442;385;452;409;396;326;334;360;330;325;333;342;340;342;372;309;278;237;224;256;253;249;216;228;225;200;211;201;180;165;169;154;136;130;94;92;90;75;55;50;46;29;21;11;8;6;6;3;6
110010;Trinitapoli;72;68;74;100;89;76;80;87;86;80;100;73;87;78;108;91;96;90;100;100;82;105;96;107;104;103;105;74;103;88;73;81;100;99;111;103;105;117;105;110;115;104;120;128;130;98;110;105;92;105;96;103;98;89;95;87;100;81;80;88;83;92;82;69;99;82;86;98;62;67;61;63;47;55;66;51;57;36;52;43;57;43;47;59;34;37;28;36;24;27;10;19;15;14;5;6;2;0;0;1;5
;Totale;1664;1676;1750;1891;1911;1924;1986;2015;1997;2084;2095;2262;2220;2381;2252;2177;2300;2174;2254;2373;2272;2395;2425;2392;2430;2415;2388;2324;2282;2410;2378;2511;2475;2565;2685;2735;2930;2957;2973;3241;3092;3065;3150;3153;3348;3121;3106;3313;3109;3289;2995;2957;2832;2698;2710;2544;2549;2378;2369;2399;2192;2106;2255;2211;2228;2396;2280;2287;1838;1729;1674;1741;1662;1796;1723;1589;1623;1426;1466;1396;1308;1220;1235;1109;998;866;809;714;584;535;427;361;312;257;109;77;60;49;29;27;43

"Ricostruzione della popolazione intercensuaria - Popolazione al 1° gennaio per età"
"Tutte le cittadinanze - Anno: 2015 - Provincia: Barletta-Andria-Trani"
Territorio/Età;;0;1;2;3;4;5;6;7;8;9;10;11;12;13;14;15;16;17;18;19;20;21;22;23;24;25;26;27;28;29;30;31;32;33;34;35;36;37;38;39;40;41;42;43;44;45;46;47;48;49;50;51;52;53;54;55;56;57;58;59;60;61;62;63;64;65;66;67;68;69;70;71;72;73;74;75;76;77;78;79;80;81;82;83;84;85;86;87;88;89;90;91;92;93;94;95;96;97;98;99;100
Codice comune;Comune;Totale
110001;Andria;915;983;926;1030;1069;1117;1078;1081;1068;1161;1142;1189;1252;1204;1248;1285;1197;1257;1225;1216;1286;1273;1317;1358;1276;1290;1286;1258;1291;1204;1316;1224;1329;1329;1376;1414;1488;1544;1598;1616;1656;1583;1542;1676;1668;1679;1591;1624;1557;1446;1575;1389;1420;1427;1269;1302;1240;1239;1129;1059;1057;996;1009;1010;1024;1088;1153;974;1065;783;780;789;782;743;796;756;701;688;571;558;540;468;458;442;406;302;287;296;211;186;115;116;86;65;65;24;22;11;14;4;8
110002;Barletta;833;770;869;884;860;885;939;1038;1047;1015;1125;1056;1120;1146;1214;1209;1110;1116;1142;1110;1167;1115;1217;1211;1214;1198;1177;1172;1143;1101;1139;1186;1133;1203;1246;1280;1363;1421;1399;1427;1513;1452;1533;1542;1490;1534;1517;1505;1549;1509;1501;1390;1390;1311;1274;1260;1152;1204;1116;1105;1096;1046;943;1017;1029;975;1145;1060;1057;866;773;788;775;786;819;741;642;689;573;601;549;514;450;472;389;351;288;302;221;148;152;110;92;82;60;26;27;16;10;3;8
110003;Bisceglie;447;488;543;490;564;538;576;528;596;535;640;606;637;545;592;600;551;624;553;593;622;597;670;657;655;635;638;647;642;613;601;685;681;694;743;758;748;840;882;825;886;869;852;947;895;933;952;949;990;910;962;929;864;768;775;713;696;704;693;661;696;627;589;666;618;598;611;605;591;496;456;483;494;437;502;421;397;414;382;343;341;288;313;296;234;217;188;143;153;102;107;87;59;50;43;16;10;9;6;2;9
110004;Canosa di Puglia;215;259;217;251;262;281;301;321;323;330;264;314;318;347;383;317;359;372;387;381;388;384;406;364;341;409;367;345;360;309;349;328;359;339;375;404;435;418;442;452;472;465;486;479;499;512;523;477;476;512;540;462;413;429;404;419;374;384;360;385;371;363;337;310;360;358;394;386;366;321;290;275;262;196;273;294;230;239;216;233;199;169;156;155;137;138;106;109;87;70;71;50;48;26;28;9;2;4;2;2;5
110005;Margherita di Savoia;77;83;103;75;101;101;103;107;107;90;100;111;129;115;127;115;116;138;131;126;168;152;143;183;150;148;153;163;132;129;145;100;133;106;119;128;146;172;126;165;172;158;180;181;176;193;185;188;218;201;192;236;163;173;191;167;146;159;145;149;152;130;146;126;158;154;170;138;169;128;116;107;116;141;129;119;111;108;102;99;89;82;83;95;71;68;60;48;46;37;31;32;21;9;14;7;3;3;1;1;3
110006;Minervino Murge;77;52;59;53;71;75;72;85;88;88;97;107;84;105;94;103;90;101;102;109;100;105;93;114;131;101;115;94;89;83;99;101;95;97;97;112;100;112;145;128;144;135;136;131;165;141;132;144;160;144;140;122;133;123;110;115;120;116;116;113;113;96;121;130;128;107;118;122;114;89;69;99;81;87;105;98;103;95;97;90;99;67;58;60;76;45;40;39;40;29;31;18;12;19;10;5;2;2;1;2;1
110007;San Ferdinando di Puglia;135;123;138;137;140;147;145;155;145;174;159;155;173;180;175;174;159;215;193;208;230;193;205;216;234;217;218;182;187;172;173;219;166;173;148;189;217;209;216;228;244;208;207;207;209;212;238;202;210;225;237;194;208;197;200;164;159;177;164;166;163;137;131;156;130;165;171;155;151;139;134;133;118;112;108;116;113;107;116;92;90;81;77;71;71;70;51;61;49;33;29;37;19;15;20;6;2;3;1;3;6
110008;Spinazzola;44;41;56;35;64;60;48;53;59;60;57;58;64;64;61;64;80;82;75;64;93;74;86;83;96;79;85;68;77;68;65;71;93;58;70;64;69;91;73;83;102;75;89;85;94;88;103;114;116;98;118;122;103;114;107;103;108;98;92;95;90;75;70;89;83;82;73;83;75;60;81;55;58;52;61;75;59;57;48;52;51;61;50;54;48;48;40;31;27;16;14;23;18;17;15;6;0;5;1;1;5
110009;Trani;533;372;421;517;569;552;547;598;556;564;575;599;620;578;646;626;644;631;623;632;657;618;652;699;690;688;701;697;701;676;730;716;768;718;724;732;754;838;806;849;937;873;878;909;868;906;917;886;944;881;950;926;913;885;785;847;741;762;670;704;657;648;607;616;639;630;675;681;604;522;473;426;473;445;491;403;407;409;342;373;344;303;299;261;241;220;197;127;126;123;103;69;56;59;36;22;8;10;6;6;8
110010;Trinitapoli;132;156;137;163;172;167;155;168;183;175;171;189;162;182;190;206;172;182;178;201;180;163;185;190;192;201;210;203;165;180;176;163;160;165;184;206;210;209;203;208;211;232;227;229;245;244;199;230;204;184;211;202;197;183;184;177;165;198;153;161;153;157;164;149;146;177;166;161;182;118;117;118;119;112;108;121;108;94;82;109;81;87;74;68;74;54;55;36;43;33;37;17;24;13;13;4;5;1;0;0;3
;Totale;3408;3327;3469;3635;3872;3923;3964;4134;4172;4192;4330;4384;4559;4466;4730;4699;4478;4718;4609;4640;4891;4674;4974;5075;4979;4966;4950;4829;4787;4535;4793;4793;4917;4882;5082;5287;5530;5854;5890;5981;6337;6050;6130;6386;6309;6442;6357;6319;6424;6110;6426;5972;5804;5610;5299;5267;4901;5041;4638;4598;4548;4275;4117;4269;4315;4334;4676;4365;4374;3522;3289;3273;3278;3111;3392;3144;2871;2900;2529;2550;2383;2120;2018;1974;1747;1513;1312;1192;1003;777;690;559;435;355;304;125;81;64;42;24;56
Territorio/Età;;0;1;2;3;4;5;6;7;8;9;10;11;12;13;14;15;16;17;18;19;20;21;22;23;24;25;26;27;28;29;30;31;32;33;34;35;36;37;38;39;40;41;42;43;44;45;46;47;48;49;50;51;52;53;54;55;56;57;58;59;60;61;62;63;64;65;66;67;68;69;70;71;72;73;74;75;76;77;78;79;80;81;82;83;84;85;86;87;88;89;90;91;92;93;94;95;96;97;98;99;100
Codice comune;Comune;Maschi
110001;Andria;468;506;481;528;554;555;542;556;554;624;568;623;627;612;622;684;621;667;642;649;648;639;679;703;640;666;648;626;641;596;601;629;642;651;682;703;773;783;767;821;811;764;780;862;803;788;830;796;754;711;729;681;717;669;626;644;597;632;553;505;523;499;494;484;500;525;563;493;512;393;400;391;355;349;377;351;321;305;255;247;215;178;198;172;159;126;99;120;73;65;38;33;32;18;19;2;5;3;2;2;0
110002;Barletta;417;374;449;483;427;438;494;555;518;512;596;568;562;570;594;635;582;553;617;557;592;555;634;635;654;630;604;626;586;590;596;611;551;597;588;640;703;714;744;710;761;721;790;782;736;725;774;791;765;741;759;715;679;662;613;609;557;619;533;535;518;507;485;480;520;491;567;495;507;402;361;388;377;374;387;344;299;338;259;272;258;210;174;208;155;118;112;110;85;48;47;35;27;28;17;7;9;4;1;0;5
110003;Bisceglie;249;218;275;263;303;298;298;264;323;289;336;300;329;278;282;300;284;317;279;285;328;312;358;344;351;308;363;336;333;286;313;329;353;343;382;361;376;403;434;408;427;431;403;475;455;468;493;492;463;454;478;466;408;402;371;377;345;327;360;321;349;298;279;314;313;296;300;286;278;260;198;241;230;203;234;187;170;192;171;141;153;129;129;120;100;83;88;65;70;38;38;32;15;15;13;8;1;4;2;1;1
110004;Canosa di Puglia;100;141;110;119;140;144;148;162;169;169;140;179;164;184;196;177;199;188;200;191;199;205;226;179;162;210;182;168;188;153;174;163;174;164;189;212;199;192;216;237;219;225;230;242;260;253;231;258;235;248;261;231;202;217;213;206;181;185;164;182;161;177;176;155;172;187;178;208;172;156;144;131;126;91;131;132;95;113;93;90;78;77;65;53;65;47;37;32;32;26;19;15;21;7;10;3;0;1;0;0;0
110005;Margherita di Savoia;39;46;56;43;54;57;50;55;64;49;56;53;65;68;69;53;66;66;75;60;94;78;72;95;92;65;74;77;68;66;77;51;60;70;56;63;65;91;70;78;73;77;88;93;88;90;97;84;109;92;96;114;72;89;90;82;76;76;73;61;65;58;73;62;72;75;84;65;96;58;54;51;62;69;64;58;61;38;45;53;35;33;34;45;28;19;21;18;15;16;7;13;9;1;7;2;2;2;0;0;1
110006;Minervino Murge;41;27;27;27;36;48;35;46;46;48;50;52;41;50;42;47;40;53;56;61;62;54;50;71;64;53;49;46;43;36;52;48;44;53;49;58;53;51;78;63;77;57;70;67;100;68;79;77;81;69;70;58;55;67;55;58;69;64;61;50;63;41;54;62;59;57;55;61;53;36;31;49;33;48;42;43;47;43;47;36;36;24;24;22;30;21;14;17;18;7;10;5;3;3;4;1;1;0;0;1;0
110007;San Ferdinando di Puglia;82;60;61;67;68;85;75;84;69;90;83;91;87;79;84;88;75;109;105;114;114;113;101;115;127;104;99;84;103;90;88;110;79;90;72;92;107;117;96;110;121;102;102;119;100;95;118;103;100;114;131;100;106;96;91;78;81;87;74;87;73;65;74;70;65;74;90;71;70;80;63;66;66;55;60;58;57;51;57;46;43;32;34;34;34;31;20;20;20;10;16;16;8;6;7;6;1;1;0;0;3
110008;Spinazzola;19;20;26;11;34;32;25;28;29;26;20;31;28;30;28;35;43;43;35;32;44;35;49;40;44;34;42;36;36;32;29;36;41;28;31;34;30;42;36;52;54;35;41;55;59;47;46;50;50;44;48;56;51;51;53;46;57;46;40;51;43;45;31;49;43;47;33;43;34;28;38;29;32;23;30;39;16;18;17;21;22;27;23;24;22;18;14;14;7;5;5;6;5;4;5;3;0;1;1;0;0
110009;Trani;274;190;226;253;287;278;290;308;288;295;303;301;303;287;323;332;316;329;339;326;344;324;329;365;366;374;379;353;379;339;374;362;389;367;387;367;389;421;394;425;459;439;441;439;421;440;466;456;457;444;457;454;465;444;401;397;332;365;345;370;301;322;284;286;300;293;334;310;299;245;235;207;223;197;248;191;184;193;146;167;145;129;141;113;98;94;77;44;41;37;37;27;18;22;12;4;0;4;2;0;1
110010;Trinitapoli;57;82;74;91;72;76;78;86;98;87;92;89;87;96;111;103;82;85;89;100;87;84;83;90;85;98;105;97;93;81;90;91;80;69;86;93;102;105;88;106;99;115;121;107;119;115;101;120;97;92;107;105;98;88;96;82;79;99;72;82;65;75;71;68;77;77;83;74;83;56;52;59;57;65;53;56;57;40;47;60;41;33;33;24;17;23;20;14;14;12;15;11;9;5;2;0;0;0;0;0;1
;Totale;1746;1664;1785;1885;1975;2011;2035;2144;2158;2189;2244;2287;2293;2254;2351;2454;2308;2410;2437;2375;2512;2399;2581;2637;2585;2542;2545;2449;2470;2269;2394;2430;2413;2432;2522;2623;2797;2919;2923;3010;3101;2966;3066;3241;3141;3089;3235;3227;3111;3009;3136;2980;2853;2785;2609;2579;2374;2500;2275;2244;2161;2087;2021;2030;2121;2122;2287;2106;2104;1714;1576;1612;1561;1474;1626;1459;1307;1331;1137;1133;1026;872;855;815;708;580;502;454;375;264;232;193;147;109;96;36;19;20;8;4;12
Territorio/Età;;0;1;2;3;4;5;6;7;8;9;10;11;12;13;14;15;16;17;18;19;20;21;22;23;24;25;26;27;28;29;30;31;32;33;34;35;36;37;38;39;40;41;42;43;44;45;46;47;48;49;50;51;52;53;54;55;56;57;58;59;60;61;62;63;64;65;66;67;68;69;70;71;72;73;74;75;76;77;78;79;80;81;82;83;84;85;86;87;88;89;90;91;92;93;94;95;96;97;98;99;100
Codice comune;Comune;Femmine
110001;Andria;447;477;445;502;515;562;536;525;514;537;574;566;625;592;626;601;576;590;583;567;638;634;638;655;636;624;638;632;650;608;715;595;687;678;694;711;715;761;831;795;845;819;762;814;865;891;761;828;803;735;846;708;703;758;643;658;643;607;576;554;534;497;515;526;524;563;590;481;553;390;380;398;427;394;419;405;380;383;316;311;325;290;260;270;247;176;188;176;138;121;77;83;54;47;46;22;17;8;12;2;8
110002;Barletta;416;396;420;401;433;447;445;483;529;503;529;488;558;576;620;574;528;563;525;553;575;560;583;576;560;568;573;546;557;511;543;575;582;606;658;640;660;707;655;717;752;731;743;760;754;809;743;714;784;768;742;675;711;649;661;651;595;585;583;570;578;539;458;537;509;484;578;565;550;464;412;400;398;412;432;397;343;351;314;329;291;304;276;264;234;233;176;192;136;100;105;75;65;54;43;19;18;12;9;3;3
110003;Bisceglie;198;270;268;227;261;240;278;264;273;246;304;306;308;267;310;300;267;307;274;308;294;285;312;313;304;327;275;311;309;327;288;356;328;351;361;397;372;437;448;417;459;438;449;472;440;465;459;457;527;456;484;463;456;366;404;336;351;377;333;340;347;329;310;352;305;302;311;319;313;236;258;242;264;234;268;234;227;222;211;202;188;159;184;176;134;134;100;78;83;64;69;55;44;35;30;8;9;5;4;1;8
110004;Canosa di Puglia;115;118;107;132;122;137;153;159;154;161;124;135;154;163;187;140;160;184;187;190;189;179;180;185;179;199;185;177;172;156;175;165;185;175;186;192;236;226;226;215;253;240;256;237;239;259;292;219;241;264;279;231;211;212;191;213;193;199;196;203;210;186;161;155;188;171;216;178;194;165;146;144;136;105;142;162;135;126;123;143;121;92;91;102;72;91;69;77;55;44;52;35;27;19;18;6;2;3;2;2;5
110005;Margherita di Savoia;38;37;47;32;47;44;53;52;43;41;44;58;64;47;58;62;50;72;56;66;74;74;71;88;58;83;79;86;64;63;68;49;73;36;63;65;81;81;56;87;99;81;92;88;88;103;88;104;109;109;96;122;91;84;101;85;70;83;72;88;87;72;73;64;86;79;86;73;73;70;62;56;54;72;65;61;50;70;57;46;54;49;49;50;43;49;39;30;31;21;24;19;12;8;7;5;1;1;1;1;2
110006;Minervino Murge;36;25;32;26;35;27;37;39;42;40;47;55;43;55;52;56;50;48;46;48;38;51;43;43;67;48;66;48;46;47;47;53;51;44;48;54;47;61;67;65;67;78;66;64;65;73;53;67;79;75;70;64;78;56;55;57;51;52;55;63;50;55;67;68;69;50;63;61;61;53;38;50;48;39;63;55;56;52;50;54;63;43;34;38;46;24;26;22;22;22;21;13;9;16;6;4;1;2;1;1;1
110007;San Ferdinando di Puglia;53;63;77;70;72;62;70;71;76;84;76;64;86;101;91;86;84;106;88;94;116;80;104;101;107;113;119;98;84;82;85;109;87;83;76;97;110;92;120;118;123;106;105;88;109;117;120;99;110;111;106;94;102;101;109;86;78;90;90;79;90;72;57;86;65;91;81;84;81;59;71;67;52;57;48;58;56;56;59;46;47;49;43;37;37;39;31;41;29;23;13;21;11;9;13;0;1;2;1;3;3
110008;Spinazzola;25;21;30;24;30;28;23;25;30;34;37;27;36;34;33;29;37;39;40;32;49;39;37;43;52;45;43;32;41;36;36;35;52;30;39;30;39;49;37;31;48;40;48;30;35;41;57;64;66;54;70;66;52;63;54;57;51;52;52;44;47;30;39;40;40;35;40;40;41;32;43;26;26;29;31;36;43;39;31;31;29;34;27;30;26;30;26;17;20;11;9;17;13;13;10;3;0;4;0;1;5
110009;Trani;259;182;195;264;282;274;257;290;268;269;272;298;317;291;323;294;328;302;284;306;313;294;323;334;324;314;322;344;322;337;356;354;379;351;337;365;365;417;412;424;478;434;437;470;447;466;451;430;487;437;493;472;448;441;384;450;409;397;325;334;356;326;323;330;339;337;341;371;305;277;238;219;250;248;243;212;223;216;196;206;199;174;158;148;143;126;120;83;85;86;66;42;38;37;24;18;8;6;4;6;7
110010;Trinitapoli;75;74;63;72;100;91;77;82;85;88;79;100;75;86;79;103;90;97;89;101;93;79;102;100;107;103;105;106;72;99;86;72;80;96;98;113;108;104;115;102;112;117;106;122;126;129;98;110;107;92;104;97;99;95;88;95;86;99;81;79;88;82;93;81;69;100;83;87;99;62;65;59;62;47;55;65;51;54;35;49;40;54;41;44;57;31;35;22;29;21;22;6;15;8;11;4;5;1;0;0;2
;Totale;1662;1663;1684;1750;1897;1912;1929;1990;2014;2003;2086;2097;2266;2212;2379;2245;2170;2308;2172;2265;2379;2275;2393;2438;2394;2424;2405;2380;2317;2266;2399;2363;2504;2450;2560;2664;2733;2935;2967;2971;3236;3084;3064;3145;3168;3353;3122;3092;3313;3101;3290;2992;2951;2825;2690;2688;2527;2541;2363;2354;2387;2188;2096;2239;2194;2212;2389;2259;2270;1808;1713;1661;1717;1637;1766;1685;1564;1569;1392;1417;1357;1248;1163;1159;1039;933;810;738;628;513;458;366;288;246;208;89;62;44;34;20;44

"Ricostruzione della popolazione intercensuaria - Popolazione al 1° gennaio per età"
"Tutte le cittadinanze - Anno: 2016 - Provincia: Barletta-Andria-Trani"
Territorio/Età;;0;1;2;3;4;5;6;7;8;9;10;11;12;13;14;15;16;17;18;19;20;21;22;23;24;25;26;27;28;29;30;31;32;33;34;35;36;37;38;39;40;41;42;43;44;45;46;47;48;49;50;51;52;53;54;55;56;57;58;59;60;61;62;63;64;65;66;67;68;69;70;71;72;73;74;75;76;77;78;79;80;81;82;83;84;85;86;87;88;89;90;91;92;93;94;95;96;97;98;99;100
Codice comune;Comune;Totale
110001;Andria;825;912;974;922;1032;1063;1112;1078;1072;1066;1153;1137;1189;1247;1203;1250;1283;1195;1253;1217;1212;1285;1274;1313;1353;1267;1285;1272;1250;1284;1191;1299;1217;1314;1322;1372;1398;1481;1542;1589;1604;1659;1584;1530;1671;1664;1677;1579;1617;1547;1443;1569;1381;1413;1420;1261;1295;1237;1234;1120;1052;1044;982;999;1011;1017;1080;1137;964;1051;763;769;772;770;722;774;733;672;670;550;536;506;454;434;400;372;272;256;260;181;161;95;102;67;50;46;17;14;9;10;5
110002;Barletta;768;821;775;866;885;855;879;934;1042;1044;1012;1122;1050;1115;1145;1207;1206;1108;1119;1152;1106;1162;1112;1205;1207;1203;1173;1153;1163;1136;1081;1128;1177;1135;1196;1243;1272;1362;1413;1387;1420;1508;1445;1525;1542;1491;1531;1514;1498;1534;1505;1494;1385;1379;1299;1267;1257;1148;1198;1112;1105;1088;1040;933;1004;1018;962;1128;1046;1046;853;764;770;762;767;801;727;625;676;552;577;525;487;422;429;341;309;259;273;190;125;117;96;70;58;40;18;21;10;8;6
110003;Bisceglie;453;450;483;536;495;561;537;580;527;599;536;642;603;637;542;591;600;554;626;556;592;622;597;674;652;653;632;637;646;646;614;599;679;678;692;732;758;745;824;873;822;880;868;844;944;896;929;947;952;987;906;967;923;861;763;773;706;697;702;688;654;685;624;588;658;617;591;604;597;585;492;454;465;475;423;489;405;383;407;361;338;322;277;300;273;207;193;166;129;120;86;93;77;44;30;31;9;5;6;6;5
110004;Canosa di Puglia;223;215;253;212;253;262;278;300;321;325;330;265;314;320;347;384;318;358;373;388;380;378;382;398;364;335;399;354;337;346;294;341;321;349;329;377;400;435;415;437;452;474;461;486;472;495;514;517;478;471;509;535;454;409;427;404;415;371;378;356;382;370;362;335;311;355;349;394;382;362;308;287;270;253;189;266;284;226;235;206;219;191;157;145;141;127;123;95;99;75;60;52;43;38;21;20;9;0;3;1;4
110005;Margherita di Savoia;81;74;83;103;75;99;99;100;106;106;91;98;113;128;115;124;114;114;134;134;124;168;149;145;181;149;150;150;159;122;123;137;102;131;105;117;125;147;171;123;164;169;156;180;176;173;191;184;183;213;195;192;237;165;174;190;169;146;156;145;147;151;128;146;125;159;150;169;134;164;126;111;106;112;139;127;116;108;105;97;94;85;78;77;90;63;55;50;42;40;32;30;26;16;4;10;6;3;2;1;4
110006;Minervino Murge;41;78;51;58;53;71;77;72;83;85;88;95;105;85;104;95;103;90;101;103;107;99;103;93;116;130;99;111;92;88;82;96;99;94;95;98;109;95;112;142;129;142;136;134;130;164;140;134;143;157;143;140;120;132;118;110;114;116;116;114;113;110;96;117;126;127;104;117;120;111;90;69;96;80;84;101;97;98;94;84;84;93;62;53;56;72;44;36;32;32;26;24;15;11;16;10;3;1;2;0;1
110007;San Ferdinando di Puglia;122;134;119;142;138;136;145;143;154;143;172;157;157;171;179;177;171;158;215;195;207;229;196;199;216;223;208;209;171;178;166;171;211;162;170;149;187;212;207;212;221;242;205;208;200;204;211;230;200;210;219;233;190;204;190;197;158;154;178;160;164;163;135;127;156;127;162;171;153;150;132;131;132;118;112;106;109;109;102;112;93;87;70;72;64;64;60;44;54;41;24;23;30;11;11;16;5;1;2;1;4
110008;Spinazzola;39;43;40;58;34;66;60;48;56;58;62;57;58;63;61;60;64;80;82;76;62;92;73;82;83;90;78;87;69;75;68;66;76;92;56;70;63;72;88;74;86;104;75;85;83;94;86;109;113;115;95;117;119;101;113;102;104;107;96;91;91;91;77;70;86;83;80;73;80;74;57;79;52;57;50;61;71;58;56;45;50;49;58;46;50;42;40;40;30;26;14;12;21;14;13;9;5;0;4;1;3
110009;Trani;421;518;395;440;514;569;552;544;595;555;563;570;598;619;583;645;624;644;631;621;634;663;617;655;687;693;672;691;693;702;663;716;720;764;712;728;730;754;840;809;846;935;880;878;902;864;901;910;892;940;885;948;924;906;870;776;849;733;763;665;708;658;640;598;613;631;626;667;675;598;517;461;421;465;438;486;400;395;396;321;368;335;284;284;244;214;206;179;117;112;105;89;60;44;49;30;18;4;9;6;11
110010;Trinitapoli;147;138;158;139;162;174;169;155;166;183;175;173;192;164;183;191;209;174;185;181;201;182;163;185;191;196;194;204;199;161;182;179;163;162;170;182;206;209;206;206;214;209;232;228;225;250;245;201;231;204;191;206;206;202;181;180;173;163;198;152;161;153;158;160;150;148;176;164;161;181;116;116;116;118;107;106;116;103;93;80;103;80;83;72;61;65;49;48;35;38;30;34;14;19;12;10;3;3;1;0;1
;Totale;3120;3383;3331;3476;3641;3856;3908;3954;4122;4164;4182;4316;4379;4549;4462;4724;4692;4475;4719;4623;4625;4880;4666;4949;5050;4939;4890;4868;4779;4738;4464;4732;4765;4881;4847;5068;5248;5512;5818;5852;5958;6322;6042;6098;6345;6295;6425;6325;6307;6378;6091;6401;5939;5772;5555;5260;5240;4872;5019;4603;4577;4513;4242;4073;4240;4282;4280;4624;4312;4322;3454;3241;3200;3210;3031;3317;3058;2777;2834;2408;2462;2273;2010;1905;1808;1567;1351;1173;1071;855;663;569;484;334;264;222;93;52;48;34;44
Territorio/Età;;0;1;2;3;4;5;6;7;8;9;10;11;12;13;14;15;16;17;18;19;20;21;22;23;24;25;26;27;28;29;30;31;32;33;34;35;36;37;38;39;40;41;42;43;44;45;46;47;48;49;50;51;52;53;54;55;56;57;58;59;60;61;62;63;64;65;66;67;68;69;70;71;72;73;74;75;76;77;78;79;80;81;82;83;84;85;86;87;88;89;90;91;92;93;94;95;96;97;98;99;100
Codice comune;Comune;Maschi
110001;Andria;442;466;500;476;531;551;555;545;549;551;622;566;623;625;612;625;683;620;665;636;645;651;635;674;701;639;663;641;625;636;598;600;625;631;646;686;694;771;784;763;816;811;768;773;861;802;784;823;791;748;709;732;677;716;666;622;639;594;627;547;503;515;488;488;484;498;520;555;484;503;383;390;381;347;337;368;341;303;296;241;238;196;170;184;153;142;111;85;105;62;50;33;27;26;12;13;1;5;3;2;0
110002;Barletta;376;414;376;447;484;424;437;486;558;519;506;592;563;562;570;585;634;580;559;624;558;589;554;626;636;646;617;587;623;580;584;591;611;552;592;591;638;703;711;736;702;752;715;783;784;736;722;777;786;758;736;754;714;670;656;610;608;554;613;531;533;517;502;478;470;513;482;558;486;503;395;354;373;371;362;376;335;288;329;249;262;246;199;160;186;126;103;104;99;71;40;37;27;17;20;8;5;7;3;1;3
110003;Bisceglie;248;247;219;273;263;301;300;298;263;325;288;337;300;333;274;281;301;284;323;284;288;326;315;368;341;351;309;364;336;337;287;309;332;349;343;376;358;375;397;431;407;424;429;398;479;455;461;490;494;464;452;482;463;404;404;368;374;348;329;358;322;345;298;279;311;312;292;298;280;278;255;197;233;220;194;229;183;160;186;162;135;142;122;124;115;91;75;78;55;54;32;34;28;11;11;7;4;0;2;2;1
110004;Canosa di Puglia;125;101;134;105;123;140;141;149;163;169;169;141;178;166;185;196;178;199;188;201;193;193;204;218;178;163;205;178;159;182;144;166;156;169;160;190;209;195;191;212;237;220;224;230;238;257;250;225;257;233;247;258;227;200;215;212;203;180;181;162;179;160;175;173;155;168;181;178;206;169;149;144;127;122;85;126;126;91;110;88;83;76;72;59;52;58;40;30;28;23;17;11;13;16;6;5;3;0;0;0;0
110005;Margherita di Savoia;47;36;46;56;43;51;54;49;54;62;50;54;53;65;68;67;52;64;64;78;58;95;75;72;91;94;68;73;74;65;63;72;49;56;70;56;63;63;88;68;79;73;73;87;92;87;91;97;83;108;91;97;114;73;89;90;81;76;74;73;61;65;57;74;60;72;70;84;61;91;57;51;51;59;68;62;59;60;35;42;52;33;31;31;42;23;17;19;16;12;14;6;11;7;0;5;2;2;2;0;1
110006;Minervino Murge;19;41;26;26;27;36;47;35;45;44;48;50;51;42;49;43;46;39;53;57;59;62;52;49;72;64;50;50;41;42;37;52;45;44;53;49;54;51;51;77;64;77;58;70;66;99;68;81;76;78;68;69;56;55;64;55;56;68;64;59;50;61;41;52;59;59;55;55;60;51;37;31;48;33;46;42;42;46;43;40;34;34;21;23;20;30;20;13;13;15;7;9;3;3;1;4;1;1;0;0;0
110007;San Ferdinando di Puglia;64;83;58;63;67;68;83;75;84;67;90;82;91;87;79;84;86;73;109;105;114;115;113;102;117;120;99;95;75;97;87;87;106;77;89;74;91;106;116;94;107;120;101;103;116;98;93;113;103;98;112;129;100;104;93;89;77;78;85;70;86;73;65;71;71;61;74;91;71;69;75;63;65;66;56;59;52;56;46;56;47;41;27;30;32;30;27;16;14;16;8;12;13;6;4;5;5;1;0;0;0
110008;Spinazzola;21;19;19;28;10;36;32;25;28;28;28;20;31;28;29;28;35;43;43;35;33;44;35;45;40;43;34;43;38;35;33;31;39;40;26;33;34;34;42;36;52;55;33;39;53;59;46;51;50;50;44;47;53;51;51;51;47;57;45;39;50;44;46;31;46;44;45;34;40;33;26;38;28;32;22;29;36;15;18;15;19;20;26;21;24;19;15;14;14;6;5;4;5;4;3;5;3;0;1;1;0
110009;Trani;220;264;203;238;250;284;276;289;307;288;295;302;302;304;292;319;332;315;331;339;327;345;322;332;362;367;366;372;354;375;329;369;366;385;359;389;369;388;424;396;419;459;445;440;429;423;438;459;456;457;445;455;453;459;436;399;401;326;360;343;373;301;319;279;285;296;295;329;309;297;241;230;205;219;196;242;188;175;185;133;161;140;119;133;104;90;87;68;41;36;32;26;23;11;20;10;4;0;4;2;1
110010;Trinitapoli;75;59;85;75;91;72;80;80;85;101;87;92;90;88;96;112;105;84;86;89;99;86;83;80;94;88;93;104;98;94;83;92;89;82;73;88;94;102;100;88;107;98;114;123;107;123;116;101;121;97;92;106;106;103;87;93;81;77;98;72;83;66;75;70;69;78;76;80;73;82;55;52;58;56;62;54;53;53;39;44;57;41;30;33;22;15;18;17;13;14;11;14;10;8;4;2;0;0;0;0;0
;Totale;1637;1730;1666;1787;1889;1963;2005;2031;2136;2154;2183;2236;2282;2300;2254;2340;2452;2301;2421;2448;2374;2506;2388;2566;2632;2575;2504;2507;2423;2443;2245;2369;2418;2385;2411;2532;2604;2788;2904;2901;2990;3089;2960;3046;3225;3139;3069;3217;3217;3091;2996;3129;2963;2835;2761;2589;2567;2358;2476;2254;2240;2147;2066;1995;2010;2101;2090;2262;2070;2076;1673;1550;1569;1525;1428;1587;1415;1247;1287;1070;1088;969;817;798;750;624;513;444;398;309;216;186;160;109;81;64;28;16;15;8;6
Territorio/Età;;0;1;2;3;4;5;6;7;8;9;10;11;12;13;14;15;16;17;18;19;20;21;22;23;24;25;26;27;28;29;30;31;32;33;34;35;36;37;38;39;40;41;42;43;44;45;46;47;48;49;50;51;52;53;54;55;56;57;58;59;60;61;62;63;64;65;66;67;68;69;70;71;72;73;74;75;76;77;78;79;80;81;82;83;84;85;86;87;88;89;90;91;92;93;94;95;96;97;98;99;100
Codice comune;Comune;Femmine
110001;Andria;383;446;474;446;501;512;557;533;523;515;531;571;566;622;591;625;600;575;588;581;567;634;639;639;652;628;622;631;625;648;593;699;592;683;676;686;704;710;758;826;788;848;816;757;810;862;893;756;826;799;734;837;704;697;754;639;656;643;607;573;549;529;494;511;527;519;560;582;480;548;380;379;391;423;385;406;392;369;374;309;298;310;284;250;247;230;161;171;155;119;111;62;75;41;38;33;16;9;6;8;5
110002;Barletta;392;407;399;419;401;431;442;448;484;525;506;530;487;553;575;622;572;528;560;528;548;573;558;579;571;557;556;566;540;556;497;537;566;583;604;652;634;659;702;651;718;756;730;742;758;755;809;737;712;776;769;740;671;709;643;657;649;594;585;581;572;571;538;455;534;505;480;570;560;543;458;410;397;391;405;425;392;337;347;303;315;279;288;262;243;215;206;155;174;119;85;80;69;53;38;32;13;14;7;7;3
110003;Bisceglie;205;203;264;263;232;260;237;282;264;274;248;305;303;304;268;310;299;270;303;272;304;296;282;306;311;302;323;273;310;309;327;290;347;329;349;356;400;370;427;442;415;456;439;446;465;441;468;457;458;523;454;485;460;457;359;405;332;349;373;330;332;340;326;309;347;305;299;306;317;307;237;257;232;255;229;260;222;223;221;199;203;180;155;176;158;116;118;88;74;66;54;59;49;33;19;24;5;5;4;4;4
110004;Canosa di Puglia;98;114;119;107;130;122;137;151;158;156;161;124;136;154;162;188;140;159;185;187;187;185;178;180;186;172;194;176;178;164;150;175;165;180;169;187;191;240;224;225;215;254;237;256;234;238;264;292;221;238;262;277;227;209;212;192;212;191;197;194;203;210;187;162;156;187;168;216;176;193;159;143;143;131;104;140;158;135;125;118;136;115;85;86;89;69;83;65;71;52;43;41;30;22;15;15;6;0;3;1;4
110005;Margherita di Savoia;34;38;37;47;32;48;45;51;52;44;41;44;60;63;47;57;62;50;70;56;66;73;74;73;90;55;82;77;85;57;60;65;53;75;35;61;62;84;83;55;85;96;83;93;84;86;100;87;100;105;104;95;123;92;85;100;88;70;82;72;86;86;71;72;65;87;80;85;73;73;69;60;55;53;71;65;57;48;70;55;42;52;47;46;48;40;38;31;26;28;18;24;15;9;4;5;4;1;0;1;3
110006;Minervino Murge;22;37;25;32;26;35;30;37;38;41;40;45;54;43;55;52;57;51;48;46;48;37;51;44;44;66;49;61;51;46;45;44;54;50;42;49;55;44;61;65;65;65;78;64;64;65;72;53;67;79;75;71;64;77;54;55;58;48;52;55;63;49;55;65;67;68;49;62;60;60;53;38;48;47;38;59;55;52;51;44;50;59;41;30;36;42;24;23;19;17;19;15;12;8;15;6;2;0;2;0;1
110007;San Ferdinando di Puglia;58;51;61;79;71;68;62;68;70;76;82;75;66;84;100;93;85;85;106;90;93;114;83;97;99;103;109;114;96;81;79;84;105;85;81;75;96;106;91;118;114;122;104;105;84;106;118;117;97;112;107;104;90;100;97;108;81;76;93;90;78;90;70;56;85;66;88;80;82;81;57;68;67;52;56;47;57;53;56;56;46;46;43;42;32;34;33;28;40;25;16;11;17;5;7;11;0;0;2;1;4
110008;Spinazzola;18;24;21;30;24;30;28;23;28;30;34;37;27;35;32;32;29;37;39;41;29;48;38;37;43;47;44;44;31;40;35;35;37;52;30;37;29;38;46;38;34;49;42;46;30;35;40;58;63;65;51;70;66;50;62;51;57;50;51;52;41;47;31;39;40;39;35;39;40;41;31;41;24;25;28;32;35;43;38;30;31;29;32;25;26;23;25;26;16;20;9;8;16;10;10;4;2;0;3;0;3
110009;Trani;201;254;192;202;264;285;276;255;288;267;268;268;296;315;291;326;292;329;300;282;307;318;295;323;325;326;306;319;339;327;334;347;354;379;353;339;361;366;416;413;427;476;435;438;473;441;463;451;436;483;440;493;471;447;434;377;448;407;403;322;335;357;321;319;328;335;331;338;366;301;276;231;216;246;242;244;212;220;211;188;207;195;165;151;140;124;119;111;76;76;73;63;37;33;29;20;14;4;5;4;10
110010;Trinitapoli;72;79;73;64;71;102;89;75;81;82;88;81;102;76;87;79;104;90;99;92;102;96;80;105;97;108;101;100;101;67;99;87;74;80;97;94;112;107;106;118;107;111;118;105;118;127;129;100;110;107;99;100;100;99;94;87;92;86;100;80;78;87;83;90;81;70;100;84;88;99;61;64;58;62;45;52;63;50;54;36;46;39;53;39;39;50;31;31;22;24;19;20;4;11;8;8;3;3;1;0;1
;Totale;1483;1653;1665;1689;1752;1893;1903;1923;1986;2010;1999;2080;2097;2249;2208;2384;2240;2174;2298;2175;2251;2374;2278;2383;2418;2364;2386;2361;2356;2295;2219;2363;2347;2496;2436;2536;2644;2724;2914;2951;2968;3233;3082;3052;3120;3156;3356;3108;3090;3287;3095;3272;2976;2937;2794;2671;2673;2514;2543;2349;2337;2366;2176;2078;2230;2181;2190;2362;2242;2246;1781;1691;1631;1685;1603;1730;1643;1530;1547;1338;1374;1304;1193;1107;1058;943;838;729;673;546;447;383;324;225;183;158;65;36;33;26;38

"Ricostruzione della popolazione intercensuaria - Popolazione al 1° gennaio per età"
"Tutte le cittadinanze - Anno: 2017 - Provincia: Barletta-Andria-Trani"
Territorio/Età;;0;1;2;3;4;5;6;7;8;9;10;11;12;13;14;15;16;17;18;19;20;21;22;23;24;25;26;27;28;29;30;31;32;33;34;35;36;37;38;39;40;41;42;43;44;45;46;47;48;49;50;51;52;53;54;55;56;57;58;59;60;61;62;63;64;65;66;67;68;69;70;71;72;73;74;75;76;77;78;79;80;81;82;83;84;85;86;87;88;89;90;91;92;93;94;95;96;97;98;99;100
Codice comune;Comune;Totale
110001;Andria;848;833;916;974;915;1019;1059;1111;1073;1060;1063;1157;1135;1185;1241;1203;1249;1282;1198;1251;1211;1212;1279;1271;1300;1329;1260;1269;1256;1234;1282;1177;1275;1199;1304;1316;1353;1392;1467;1527;1584;1602;1658;1574;1525;1652;1666;1668;1570;1606;1542;1439;1561;1368;1404;1413;1256;1289;1234;1226;1115;1044;1035;976;990;1002;995;1067;1117;946;1036;758;761;759;752;708;752;711;655;647;523;509;478;422;413;369;332;249;220;230;152;137;82;81;50;45;34;11;12;7;9
110002;Barletta;812;771;815;773;858;892;854;870;931;1039;1040;1009;1118;1050;1112;1141;1206;1204;1104;1112;1146;1104;1156;1101;1194;1182;1186;1159;1137;1163;1112;1081;1116;1161;1108;1188;1232;1266;1349;1413;1377;1414;1498;1444;1518;1527;1490;1527;1517;1485;1524;1495;1483;1381;1372;1295;1259;1246;1143;1192;1111;1092;1079;1028;923;993;1008;950;1113;1031;1040;840;751;753;746;749;777;707;608;651;527;558;497;454;392;398;317;289;232;244;155;103;105;75;53;47;29;15;21;8;9
110003;Bisceglie;483;458;445;486;538;494;558;536;575;525;594;533;638;599;633;535;584;605;563;634;559;602;619;604;679;641;653;634;636;632;647;598;594;680;673;693;730;742;754;822;870;812;871;863;842;940;889;926;950;945;982;904;967;923;860;764;762;701;697;694;684;647;679;622;584;659;613;590;599;587;579;493;443;458;463;409;483;390;372;393;349;322;307;266;285;246;190;184;147;116;105;68;79;54;42;19;27;7;5;5;8
110004;Canosa di Puglia;187;220;217;250;215;251;261;280;297;321;329;328;264;313;318;344;384;318;358;371;386;382;380;371;400;352;329;386;338;331;342;290;334;314;344;325;367;400;430;410;444;446;474;459;488;470;491;515;506;477;469;504;531;454;405;426;403;413;366;371;351;380;367;359;334;308;354;345;386;377;354;306;280;263;247;183;264;273;210;221;194;206;180;148;139;127;112;112;86;84;59;55;45;34;30;15;14;8;0;3;4
110005;Margherita di Savoia;73;78;70;80;101;76;93;94;100;106;108;91;96;111;127;113;125;112;116;131;136;124;163;145;144;172;140;137;149;147;122;115;133;95;127;110;119;121;149;170;124;163;169;152;181;174;172;187;185;183;208;196;188;232;163;172;191;170;147;160;143;146;151;125;146;126;158;153;169;132;161;126;113;104;112;135;127;114;103;102;93;93;82;73;71;78;55;49;44;36;33;32;25;24;10;3;10;5;2;2;3
110006;Minervino Murge;57;43;75;51;59;54;70;76;72;84;85;88;95;107;86;104;94;104;90;99;101;103;100;98;91;111;124;97;110;89;85;80;96;98;91;99;96;109;95;111;139;128;141;133;132;130;165;142;129;143;153;144;139;117;135;118;109;114;113;116;112;112;107;94;113;123;127;103;116;120;111;90;71;94;79;83;96;90;95;90;79;75;90;59;51;53;68;41;32;27;27;22;21;11;7;12;6;1;1;2;0
110007;San Ferdinando di Puglia;142;116;134;115;140;133;134;142;137;152;140;167;156;154;165;179;175;170;162;219;189;206;227;188;195;213;217;211;207;169;177;159;162;204;158;170;146;187;213;200;209;211;233;202;205;200;201;210;225;202;207;219;232;190;200;186;196;154;144;178;157;162;161;136;123;154;125;159;169;151;151;128;130;130;115;107;102;103;105;100;109;87;80;64;65;60;64;55;41;48;34;18;23;27;7;8;12;4;0;2;4
110008;Spinazzola;41;36;43;40;58;34;66;60;47;56;56;60;57;58;62;61;61;63;78;82;72;60;92;72;79;80;86;71;81;68;75;67;64;67;90;54;66;59;68;89;75;88;104;74;82;81;93;87;108;114;116;95;115;115;101;112;102;104;105;98;94;89;90;76;70;86;83;79;73;77;72;57;77;52;56;51;62;71;56;54;43;46;49;56;41;44;40;37;37;30;23;10;11;18;13;7;7;4;0;3;3
110009;Trani;428;413;498;410;456;523;575;556;544;596;554;565;575;601;614;582;646;623;640;634;617;632;661;616;650;671;681;662;680;671;689;652;704;703;754;705;729;740;752;832;812;844;923;885;868;908;870;902;906;889;929;885;946;923;901;867;772;847;731;762;661;711;654;639;599;610;632;631;657;661;589;510;459;416;463;430;475;391;378;384;311;349;316;254;269;227;187;176;158;101;93;85;71;48;36;35;15;15;3;5;13
110010;Trinitapoli;145;146;135;154;139;161;171;172;157;166;185;175;173;193;160;179;190;208;176;189;185;204;187;163;179;188;192;189;195;206;154;177;175;165;162;168;186;200;209;203;208;209;201;227;225;223;252;243;200;229;205;189;206;205;201;182;179;175;163;201;149;158;151;156;158;150;143;171;159;159;177;114;115;114;116;102;102;116;101;91;77;98;80;74;70;51;59;45;41;28;32;25;31;13;15;8;10;3;2;1;1
;Totale;3216;3114;3348;3333;3479;3637;3841;3897;3933;4105;4154;4173;4307;4371;4518;4441;4714;4689;4485;4722;4602;4629;4864;4629;4911;4939;4868;4815;4789;4710;4685;4396;4653;4686;4811;4828;5024;5216;5486;5777;5842;5917;6272;6013;6066;6305;6289;6407;6296;6273;6335;6070;6368;5908;5742;5535;5229;5213;4843;4998;4577;4541;4474;4211;4040;4211;4238;4248;4558;4241;4270;3422;3200;3143;3149;2957;3240;2966;2683;2733;2305;2343;2159;1870;1796;1653;1424;1237;1038;944;713;555;493;385;263;199;164;73;46;38;54
Territorio/Età;;0;1;2;3;4;5;6;7;8;9;10;11;12;13;14;15;16;17;18;19;20;21;22;23;24;25;26;27;28;29;30;31;32;33;34;35;36;37;38;39;40;41;42;43;44;45;46;47;48;49;50;51;52;53;54;55;56;57;58;59;60;61;62;63;64;65;66;67;68;69;70;71;72;73;74;75;76;77;78;79;80;81;82;83;84;85;86;87;88;89;90;91;92;93;94;95;96;97;98;99;100
Codice comune;Comune;Maschi
110001;Andria;446;446;469;504;471;527;548;555;544;540;552;623;566;621;623;613;623;680;625;669;631;646;649;632;669;682;643;655;638;618;637;590;591;614;621;645;677;694;763;777;756;811;810;762;771;848;804;783;818;786;747;710;729;670;712;668;619;634;592;621;543;502;511;485;482;479;484;516;545;474;499;376;384;376;335;329;352;329;293;283;221;221;186;156;177;137;120;100;71;95;49;39;26;21;18;12;9;0;3;2;2
110002;Barletta;425;375;408;375;446;489;423;433;486;557;515;507;592;564;561;570;587;633;578;555;620;556;586;545;620;615;640;610;572;623;567;579;587;598;537;588;581;636;695;712;727;697;743;713;777;776;731;717;776;777;753;730;746;710;665;654;607;605;549;607;530;526;512;491;474;465;507;474;552;476;500;388;347;364;360;352;362;324;279;317;239;252;232;184;146;172;113;93;96;89;52;32;33;22;14;16;7;5;7;2;2
110003;Bisceglie;248;250;243;221;271;263;296;299;294;261;324;286;335;299;329;272;275;302;291;331;289;295;328;320;375;334;347;313;367;326;332;274;311;339;349;343;372;352;382;394;428;402;420;427;397;471;449;460;493;487;458;447;480;464;402;407;361;372;345;328;353;319;341;294;275;314;309;292;294;277;273;256;190;230;214;189;227;176;156;181;159;124;132;117;116;100;84;69;64;50;46;25;30;15;10;8;5;2;0;1;3
110004;Canosa di Puglia;92;124;100;131;108;121;141;142;148;163;171;169;141;178;163;182;196;179;200;190;202;194;193;199;222;172;158;199;167;161;179;141;164;153;169;159;184;212;194;191;215;236;217;221;231;235;258;253;221;256;233;245;256;228;196;215;213;203;176;177;159;179;158;174;174;155;169;177;175;205;165;150;138;120;117;82;124;120;79;101;81;78;68;66;54;46;51;37;28;25;20;17;10;10;14;5;2;3;0;1;0
110005;Margherita di Savoia;39;46;35;41;51;43;47;53;49;55;66;50;53;52;64;67;68;50;67;64;79;58;90;74;71;87;87;63;73;67;64;58;67;48;56;74;56;58;65;85;69;76;73;72;84;91;87;89;100;82;107;91;95;111;73;87;90;82;74;74;70;61;66;54;76;61;70;73;82;60;90;57;53;50;59;64;62;59;56;34;42;50;33;30;29;38;22;15;16;12;11;14;6;9;3;0;5;1;1;2;1
110006;Minervino Murge;32;21;39;26;27;27;36;46;35;45;44;48;50;53;43;49;42;47;39;52;54;57;61;48;49;67;61;49;50;39;40;37;52;46;44;53;48;55;50;50;75;64;76;57;69;67;99;68;77;76;76;67;68;54;57;64;53;56;66;64;60;50;58;40;50;57;58;55;54;59;51;38;33;48;33;46;39;40;43;41;38;32;33;20;22;18;28;18;11;12;11;5;8;2;2;0;4;0;1;0;0
110007;San Ferdinando di Puglia;72;60;84;55;62;65;65;82;71;83;66;86;82;89;86;80;82;86;76;110;102;114;113;112;100;113;113;102;95;75;94;84;84;103;77;90;72;92;107;111;94;104;117;99;103;115;96;94;109;102;98;112;129;101;101;91;89;74;74;85;67;85;72;65;69;70;60;72;90;69;70;71;63;64;64;51;57;49;53;45;54;42;39;25;27;31;30;25;14;13;14;5;12;12;3;4;4;4;0;0;0
110008;Spinazzola;18;18;19;18;29;10;36;32;24;28;27;28;20;30;27;29;28;34;43;43;34;31;42;35;44;39;41;31;40;38;33;33;30;34;39;24;31;31;30;43;36;53;56;32;38;51;60;46;52;51;51;44;45;53;51;51;50;48;56;45;40;49;44;46;31;46;43;44;33;38;32;26;38;28;32;22;28;36;14;18;14;19;20;25;18;21;17;13;13;15;6;5;3;4;4;3;4;3;0;1;0
110009;Trani;208;219;254;211;248;257;291;275;290;308;286;296;304;306;299;291;320;333;316;332;338;328;346;319;329;350;361;356;369;335;369;323;359;353;379;346;390;373;388;420;400;419;455;449;433;432;427;438;460;455;449;446;457;449;459;433;397;403;325;362;345;377;298;320;279;286;296;300;324;301;292;238;229;202;221;191;235;182;162;176;132;151;128;106;124;100;76;73;60;39;26;24;21;16;9;17;3;3;0;3;1
110010;Trinitapoli;73;76;56;82;74;88;72;80;80;84;100;86;94;90;88;94;112;105;84;88;91;99;91;80;74;91;85;91;100;104;89;83;91;89;82;71;89;92;101;100;92;105;95;110;121;105;122;115;99;123;98;91;105;105;103;87;92;81;74;98;69;81;66;74;70;69;75;73;75;71;81;55;52;57;56;59;52;53;53;37;41;54;40;28;32;16;14;15;15;12;11;7;12;8;4;3;2;0;0;0;0
;Totale;1653;1635;1707;1664;1787;1890;1955;1997;2021;2124;2151;2179;2237;2282;2283;2247;2333;2449;2319;2434;2440;2378;2499;2364;2553;2550;2536;2469;2471;2386;2404;2202;2336;2377;2353;2393;2500;2595;2775;2883;2892;2967;3062;2942;3024;3191;3133;3063;3205;3195;3070;2983;3110;2945;2819;2757;2571;2558;2331;2461;2236;2229;2126;2043;1980;2002;2071;2076;2224;2030;2053;1655;1527;1539;1491;1385;1538;1368;1188;1233;1021;1023;911;757;745;679;555;458;388;362;246;173;161;119;81;68;45;21;12;12;9
Territorio/Età;;0;1;2;3;4;5;6;7;8;9;10;11;12;13;14;15;16;17;18;19;20;21;22;23;24;25;26;27;28;29;30;31;32;33;34;35;36;37;38;39;40;41;42;43;44;45;46;47;48;49;50;51;52;53;54;55;56;57;58;59;60;61;62;63;64;65;66;67;68;69;70;71;72;73;74;75;76;77;78;79;80;81;82;83;84;85;86;87;88;89;90;91;92;93;94;95;96;97;98;99;100
Codice comune;Comune;Femmine
110001;Andria;402;387;447;470;444;492;511;556;529;520;511;534;569;564;618;590;626;602;573;582;580;566;630;639;631;647;617;614;618;616;645;587;684;585;683;671;676;698;704;750;828;791;848;812;754;804;862;885;752;820;795;729;832;698;692;745;637;655;642;605;572;542;524;491;508;523;511;551;572;472;537;382;377;383;417;379;400;382;362;364;302;288;292;266;236;232;212;149;149;135;103;98;56;60;32;33;25;11;9;5;7
110002;Barletta;387;396;407;398;412;403;431;437;445;482;525;502;526;486;551;571;619;571;526;557;526;548;570;556;574;567;546;549;565;540;545;502;529;563;571;600;651;630;654;701;650;717;755;731;741;751;759;810;741;708;771;765;737;671;707;641;652;641;594;585;581;566;567;537;449;528;501;476;561;555;540;452;404;389;386;397;415;383;329;334;288;306;265;270;246;226;204;196;136;155;103;71;72;53;39;31;22;10;14;6;7
110003;Bisceglie;235;208;202;265;267;231;262;237;281;264;270;247;303;300;304;263;309;303;272;303;270;307;291;284;304;307;306;321;269;306;315;324;283;341;324;350;358;390;372;428;442;410;451;436;445;469;440;466;457;458;524;457;487;459;458;357;401;329;352;366;331;328;338;328;309;345;304;298;305;310;306;237;253;228;249;220;256;214;216;212;190;198;175;149;169;146;106;115;83;66;59;43;49;39;32;11;22;5;5;4;5
110004;Canosa di Puglia;95;96;117;119;107;130;120;138;149;158;158;159;123;135;155;162;188;139;158;181;184;188;187;172;178;180;171;187;171;170;163;149;170;161;175;166;183;188;236;219;229;210;257;238;257;235;233;262;285;221;236;259;275;226;209;211;190;210;190;194;192;201;209;185;160;153;185;168;211;172;189;156;142;143;130;101;140;153;131;120;113;128;112;82;85;81;61;75;58;59;39;38;35;24;16;10;12;5;0;2;4
110005;Margherita di Savoia;34;32;35;39;50;33;46;41;51;51;42;41;43;59;63;46;57;62;49;67;57;66;73;71;73;85;53;74;76;80;58;57;66;47;71;36;63;63;84;85;55;87;96;80;97;83;85;98;85;101;101;105;93;121;90;85;101;88;73;86;73;85;85;71;70;65;88;80;87;72;71;69;60;54;53;71;65;55;47;68;51;43;49;43;42;40;33;34;28;24;22;18;19;15;7;3;5;4;1;0;2
110006;Minervino Murge;25;22;36;25;32;27;34;30;37;39;41;40;45;54;43;55;52;57;51;47;47;46;39;50;42;44;63;48;60;50;45;43;44;52;47;46;48;54;45;61;64;64;65;76;63;63;66;74;52;67;77;77;71;63;78;54;56;58;47;52;52;62;49;54;63;66;69;48;62;61;60;52;38;46;46;37;57;50;52;49;41;43;57;39;29;35;40;23;21;15;16;17;13;9;5;12;2;1;0;2;0
110007;San Ferdinando di Puglia;70;56;50;60;78;68;69;60;66;69;74;81;74;65;79;99;93;84;86;109;87;92;114;76;95;100;104;109;112;94;83;75;78;101;81;80;74;95;106;89;115;107;116;103;102;85;105;116;116;100;109;107;103;89;99;95;107;80;70;93;90;77;89;71;54;84;65;87;79;82;81;57;67;66;51;56;45;54;52;55;55;45;41;39;38;29;34;30;27;35;20;13;11;15;4;4;8;0;0;2;4
110008;Spinazzola;23;18;24;22;29;24;30;28;23;28;29;32;37;28;35;32;33;29;35;39;38;29;50;37;35;41;45;40;41;30;42;34;34;33;51;30;35;28;38;46;39;35;48;42;44;30;33;41;56;63;65;51;70;62;50;61;52;56;49;53;54;40;46;30;39;40;40;35;40;39;40;31;39;24;24;29;34;35;42;36;29;27;29;31;23;23;23;24;24;15;17;5;8;14;9;4;3;1;0;2;3
110009;Trani;220;194;244;199;208;266;284;281;254;288;268;269;271;295;315;291;326;290;324;302;279;304;315;297;321;321;320;306;311;336;320;329;345;350;375;359;339;367;364;412;412;425;468;436;435;476;443;464;446;434;480;439;489;474;442;434;375;444;406;400;316;334;356;319;320;324;336;331;333;360;297;272;230;214;242;239;240;209;216;208;179;198;188;148;145;127;111;103;98;62;67;61;50;32;27;18;12;12;3;2;12
110010;Trinitapoli;72;70;79;72;65;73;99;92;77;82;85;89;79;103;72;85;78;103;92;101;94;105;96;83;105;97;107;98;95;102;65;94;84;76;80;97;97;108;108;103;116;104;106;117;104;118;130;128;101;106;107;98;101;100;98;95;87;94;89;103;80;77;85;82;88;81;68;98;84;88;96;59;63;57;60;43;50;63;48;54;36;44;40;46;38;35;45;30;26;16;21;18;19;5;11;5;8;3;2;1;1
;Totale;1563;1479;1641;1669;1692;1747;1886;1900;1912;1981;2003;1994;2070;2089;2235;2194;2381;2240;2166;2288;2162;2251;2365;2265;2358;2389;2332;2346;2318;2324;2281;2194;2317;2309;2458;2435;2524;2621;2711;2894;2950;2950;3210;3071;3042;3114;3156;3344;3091;3078;3265;3087;3258;2963;2923;2778;2658;2655;2512;2537;2341;2312;2348;2168;2060;2209;2167;2172;2334;2211;2217;1767;1673;1604;1658;1572;1702;1598;1495;1500;1284;1320;1248;1113;1051;974;869;779;650;582;467;382;332;266;182;131;119;52;34;26;45

"Ricostruzione della popolazione intercensuaria - Popolazione al 1° gennaio per età"
"Tutte le cittadinanze - Anno: 2018 - Provincia: Barletta-Andria-Trani"
Territorio/Età;;0;1;2;3;4;5;6;7;8;9;10;11;12;13;14;15;16;17;18;19;20;21;22;23;24;25;26;27;28;29;30;31;32;33;34;35;36;37;38;39;40;41;42;43;44;45;46;47;48;49;50;51;52;53;54;55;56;57;58;59;60;61;62;63;64;65;66;67;68;69;70;71;72;73;74;75;76;77;78;79;80;81;82;83;84;85;86;87;88;89;90;91;92;93;94;95;96;97;98;99;100
Codice comune;Comune;Totale
110001;Andria;816;848;823;908;973;907;1017;1050;1110;1063;1057;1057;1150;1130;1180;1236;1202;1243;1293;1206;1241;1208;1193;1259;1247;1277;1281;1239;1245;1240;1201;1268;1153;1254;1176;1280;1310;1338;1386;1459;1510;1569;1591;1645;1565;1512;1645;1652;1667;1561;1601;1536;1427;1554;1356;1389;1406;1247;1283;1228;1219;1105;1038;1028;968;977;991;984;1055;1097;937;1017;747;735;743;733;692;729;685;625;621;493;487;454;392;376;337;301;207;193;198;127;106;63;63;39;36;18;7;10;9
110002;Barletta;744;815;773;817;774;854;888;868;868;929;1034;1042;1005;1123;1046;1107;1138;1205;1204;1117;1106;1143;1086;1151;1082;1183;1158;1170;1131;1107;1141;1103;1073;1104;1148;1107;1178;1235;1259;1333;1399;1380;1396;1491;1442;1513;1525;1490;1519;1509;1485;1523;1483;1484;1374;1369;1293;1255;1245;1135;1178;1106;1083;1077;1021;916;986;991;938;1099;1013;1021;830;736;739;728;730;746;691;583;627;497;527;454;424;364;361;283;249;194;200;132;86;77;57;41;32;16;10;11;10
110003;Bisceglie;440;490;458;446;481;538;493;557;532;579;527;591;533;640;593;633;531;583;613;577;639;563;599;615;609;677;637;651;625;630;619;644;608;596;683;656;689;725;741;756;818;871;798;873;861;839;935;876;924;940;937;982;909;958;921;856;761;760;696;695;690;677;649;670;618;581;654;604;584;591;578;576;484;442;454;454;398;471;382;361;386;334;303;287;250;266;217;168;159;129;94;89;52;61;43;31;13;18;5;4;12
110004;Canosa di Puglia;229;193;213;218;253;214;248;257;280;291;317;325;321;263;312;318;340;378;324;358;376;381;382;376;367;405;344;312;374;330;333;335;281;327;306;339;324;365;393;424;406;448;442;469;452;480;466;485;509;503;471;469;501;525;447;395;422;403;405;364;369;353;375;364;351;333;308;349;340;379;363;351;298;272;250;238;178;250;271;201;204;185;191;168;134;120;122;95;96;73;73;42;52;41;28;24;8;11;7;0;2
110005;Margherita di Savoia;76;75;81;71;80;101;76;95;95;99;106;103;90;98;111;126;114;125;111;113;132;132;124;160;145;137;162;130;136;148;137;117;113;127;99;121;106;119;121;152;166;129;165;170;148;180;172;167;189;182;181;209;194;188;229;163;173;191;169;149;156;142;144;153;125;142;123;157;151;171;124;161;127;110;104;112;135;125;107;99;95;91;90;76;71;65;73;46;46;38;26;27;25;17;20;9;3;6;4;1;4
110006;Minervino Murge;60;57;43;75;50;60;55;68;77;73;83;85;88;96;106;87;103;95;103;88;99;101;101;98;98;90;106;122;96;107;86;84;79;93;93;88;96;97;108;96;111;139;127;138;131;132;130;164;139;130;142;147;144;138;115;133;117;110;116;112;113;111;109;105;94;113;122;125;103;114;117;109;88;71;91;79;80;89;83;87;86;77;74;86;54;46;44;60;35;28;24;22;21;16;8;5;8;4;1;1;1
110007;San Ferdinando di Puglia;129;140;115;136;111;139;129;134;141;135;148;137;167;157;153;165;177;169;174;157;218;189;209;220;182;189;209;203;204;193;162;169;153;156;195;157;167;147;185;207;200;209;208;230;203;201;198;196;208;224;201;205;219;229;188;197;186;193;152;142;172;153;160;158;132;117;151;122;156;161;149;150;125;122;126;114;105;96;101;96;97;101;82;73;58;59;54;57;50;37;41;30;19;20;19;7;6;10;4;0;5
110008;Spinazzola;45;40;37;39;41;57;35;65;59;48;57;55;58;56;54;64;61;60;64;94;88;79;69;91;78;80;77;88;65;76;73;75;65;62;70;87;47;62;56;63;87;70;86;104;72;82;80;92;84;105;112;114;96;115;116;97;114;101;102;106;99;92;86;92;73;71;85;81;79;72;75;71;57;75;53;55;49;61;68;53;52;41;47;45;55;39;44;34;33;31;22;15;9;11;16;13;3;6;3;0;3
110009;Trani;425;430;409;479;425;471;527;576;559;554;598;561;564;576;603;618;585;644;640;654;631;617;635;660;622;645;671;674;640;658;662;683;652;710;700;751;702;732;738;758;831;799;849;928;885;870;904;860;910;912;882;929;887;939;922;899;863;770;843;730;762;657;707;652;638;598;608;624;624;645;659;574;503;458;407;450;414;457;366;363;365;294;336;299;235;237;204;158;151;135;87;77;67;55;34;27;24;12;11;2;9
110010;Trinitapoli;136;143;138;133;155;138;158;170;171;158;163;183;173;172;189;159;180;190;210;176;182;184;204;185;154;178;185;184;184;195;202;151;168;167;161;166;164;188;202;209;206;205;210;200;228;223;221;249;240;201;229;200;190;201;206;201;181;177;175;164;199;148;161;151;153;157;149;140;169;157;158;174;113;111;114;115;102;98;109;96;88;79;95;72;66;66;44;54;39;31;24;25;19;28;7;10;7;8;1;1;2
;Totale;3100;3231;3090;3322;3343;3479;3626;3840;3892;3929;4090;4139;4149;4311;4347;4513;4431;4692;4736;4540;4712;4597;4602;4815;4584;4861;4830;4773;4700;4684;4616;4629;4345;4596;4631;4752;4783;5008;5189;5457;5734;5819;5872;6248;5987;6032;6276;6231;6389;6267;6241;6314;6050;6331;5874;5699;5516;5207;5186;4825;4957;4544;4512;4450;4173;4005;4177;4177;4199;4486;4173;4204;3372;3132;3081;3078;2883;3122;2863;2564;2621;2192;2232;2014;1739;1638;1500;1256;1065;889;789;586;456;389;295;206;140;109;53;30;57
Territorio/Età;;0;1;2;3;4;5;6;7;8;9;10;11;12;13;14;15;16;17;18;19;20;21;22;23;24;25;26;27;28;29;30;31;32;33;34;35;36;37;38;39;40;41;42;43;44;45;46;47;48;49;50;51;52;53;54;55;56;57;58;59;60;61;62;63;64;65;66;67;68;69;70;71;72;73;74;75;76;77;78;79;80;81;82;83;84;85;86;87;88;89;90;91;92;93;94;95;96;97;98;99;100
Codice comune;Comune;Maschi
110001;Andria;413;442;440;468;506;465;523;541;555;542;540;549;619;564;620;619;613;620;690;632;662;630;638;635;619;657;655;626;645;627;594;630;578;579;599;610;640;664;697;759;768;751;804;802;761;765;844;800;781;815;784;740;702;725;666;703;663;615;633;589;616;538;499;506;480;478;471;474;510;535;466;490;367;369;369;328;321;339;314;276;267;209;212;174;146;164;126;105;81;62;80;42;29;17;16;13;10;3;0;2;3
110002;Barletta;365;428;375;410;376;445;487;432;433;486;554;515;506;596;560;560;567;590;633;586;551;617;544;579;541;619;601;636;591;557;609;561;584;571;592;529;576;591;630;684;700;734;686;738;709;773;771;732;716;769;776;753;726;749;709;665;652;605;605;545;599;526;519;510;489;469;461;502;465;542;466;486;385;336;358;350;346;344;318;270;299;225;238;211;169;136;155;92;76;80;67;42;21;21;15;7;8;5;4;4;0
110003;Bisceglie;231;251;251;251;217;273;264;295;299;295;264;320;286;335;294;329;272;275;310;302;336;294;292;328;324;371;329;347;309;357;320;329;280;307;343;339;339;372;347;388;389;434;397;422;422;393;470;440;460;486;483;460;453;476;462;401;403;361;370;342;329;348;320;334;290;274;310;302;288;292;275;273;248;188;227;209;187;218;168;150;175;151;116;118;107;115;85;74;62;59;39;33;18;23;13;5;4;3;2;0;4
110004;Canosa di Puglia;133;96;118;102;134;107;122;138;142;148;158;166;164;141;176;162;179;193;184;199;195;199;196;189;197;227;171;155;196;166;164;177;139;159;150;167;161;182;211;194;189;219;233;217;216;230;232;253;249;217;253;233;244;251;223;191;212;213;198;174;177;158;175;158;171;174;155;167;173;172;195;163;145;134;114;111;79;117;117;77;87;76;68;65;57;48;43;41;32;24;22;15;17;7;8;10;2;3;2;0;1
110005;Margherita di Savoia;41;38;48;34;41;50;42;50;54;48;55;61;48;55;50;64;67;67;50;65;63;77;57;89;73;68;82;80;63;70;61;63;59;66;52;52;71;56;60;69;81;68;78;73;70;84;90;83;90;99;80;104;90;96;110;73;88;90;83;75;73;68;59;67;54;75;59;70;71;83;56;90;59;53;50;60;65;63;52;53;31;40;45;30;29;25;37;19;15;13;9;8;11;4;5;3;0;3;1;1;3
110006;Minervino Murge;33;32;21;39;25;29;27;34;47;36;45;44;48;51;52;44;49;42;48;38;53;53;55;59;48;48;63;61;48;46;39;40;37;50;44;41;52;48;54;49;51;75;64;74;55;67;68;97;67;79;75;74;66;67;53;57;65;54;57;65;63;59;47;56;40;50;56;57;56;53;57;50;37;33;45;34;45;34;36;40;38;38;31;31;17;16;15;24;14;9;10;9;5;5;1;2;0;2;0;1;0
110007;San Ferdinando di Puglia;65;67;61;84;54;61;63;65;81;69;80;65;87;83;90;87;79;79;87;75;109;101;112;110;109;97;114;107;101;88;70;89;81;79;100;76;90;72;91;103;110;94;104;114;101;102;114;94;92;109;102;96;112;127;99;101;90;88;73;73;82;65;84;70;62;66;69;59;71;85;69;69;69;59;63;63;48;55;47;47;43;51;38;34;19;24;27;27;21;12;12;13;6;10;8;4;2;3;4;0;0
110008;Spinazzola;20;16;19;18;18;27;11;35;32;24;28;27;25;19;27;28;29;27;35;57;50;43;36;46;38;45;40;44;27;40;41;32;33;29;35;41;22;29;30;28;41;32;51;57;32;38;50;61;44;52;49;51;45;45;53;51;53;49;46;56;45;39;48;45;43;32;46;41;44;32;36;32;26;37;28;31;22;28;33;13;17;13;20;19;26;16;21;14;11;12;12;4;4;4;3;4;2;4;2;0;0
110009;Trani;228;211;218;242;219;259;258;293;276;295;309;286;297;302;304;302;293;316;346;328;333;337;328;347;321;331;352;355;341;360;336;369;323;362;350;380;347;389;368;392;422;394;418;453;449;431;428;422;445;463;455;447;444;455;446;458;432;397;398;325;361;342;375;294;319;276;286;294;295;311;297;286;237;229;198;213;178;227;167;154;165;121;145;121;99;109;88;58;62;55;30;19;17;14;12;6;12;2;3;0;3
110010;Trinitapoli;74;72;71;56;84;73;86;72;78;81;82;98;86;94;88;87;95;113;104;84;84;88;97;89;76;74;91;82;88;100;100;86;77;90;88;84;70;90;92;103;104;89;105;95;111;119;104;121;115;99;123;95;92;100;106;103;87;91;81;75;97;68;84;66;70;69;68;73;73;75;71;79;56;51;57;56;57;49;49;49;36;42;52;35;24;29;12;14;13;11;10;10;4;9;3;1;1;2;0;0;0
;Totale;1603;1653;1622;1704;1674;1789;1883;1955;1997;2024;2115;2131;2166;2240;2261;2282;2243;2322;2487;2366;2436;2439;2355;2471;2346;2537;2498;2493;2409;2411;2334;2376;2191;2292;2353;2319;2368;2493;2580;2769;2855;2890;2940;3045;2926;3002;3171;3103;3059;3188;3180;3053;2974;3091;2927;2803;2745;2563;2544;2319;2442;2211;2210;2106;2018;1963;1981;2039;2046;2180;1988;2018;1629;1489;1509;1455;1348;1474;1301;1129;1158;966;965;838;693;682;609;468;387;337;291;195;132;114;84;55;41;30;18;8;14
Territorio/Età;;0;1;2;3;4;5;6;7;8;9;10;11;12;13;14;15;16;17;18;19;20;21;22;23;24;25;26;27;28;29;30;31;32;33;34;35;36;37;38;39;40;41;42;43;44;45;46;47;48;49;50;51;52;53;54;55;56;57;58;59;60;61;62;63;64;65;66;67;68;69;70;71;72;73;74;75;76;77;78;79;80;81;82;83;84;85;86;87;88;89;90;91;92;93;94;95;96;97;98;99;100
Codice comune;Comune;Femmine
110001;Andria;403;406;383;440;467;442;494;509;555;521;517;508;531;566;560;617;589;623;603;574;579;578;555;624;628;620;626;613;600;613;607;638;575;675;577;670;670;674;689;700;742;818;787;843;804;747;801;852;886;746;817;796;725;829;690;686;743;632;650;639;603;567;539;522;488;499;520;510;545;562;471;527;380;366;374;405;371;390;371;349;354;284;275;280;246;212;211;196;126;131;118;85;77;46;47;26;26;15;7;8;6
110002;Barletta;379;387;398;407;398;409;401;436;435;443;480;527;499;527;486;547;571;615;571;531;555;526;542;572;541;564;557;534;540;550;532;542;489;533;556;578;602;644;629;649;699;646;710;753;733;740;754;758;803;740;709;770;757;735;665;704;641;650;640;590;579;580;564;567;532;447;525;489;473;557;547;535;445;400;381;378;384;402;373;313;328;272;289;243;255;228;206;191;173;114;133;90;65;56;42;34;24;11;6;7;10
110003;Bisceglie;209;239;207;195;264;265;229;262;233;284;263;271;247;305;299;304;259;308;303;275;303;269;307;287;285;306;308;304;316;273;299;315;328;289;340;317;350;353;394;368;429;437;401;451;439;446;465;436;464;454;454;522;456;482;459;455;358;399;326;353;361;329;329;336;328;307;344;302;296;299;303;303;236;254;227;245;211;253;214;211;211;183;187;169;143;151;132;94;97;70;55;56;34;38;30;26;9;15;3;4;8
110004;Canosa di Puglia;96;97;95;116;119;107;126;119;138;143;159;159;157;122;136;156;161;185;140;159;181;182;186;187;170;178;173;157;178;164;169;158;142;168;156;172;163;183;182;230;217;229;209;252;236;250;234;232;260;286;218;236;257;274;224;204;210;190;207;190;192;195;200;206;180;159;153;182;167;207;168;188;153;138;136;127;99;133;154;124;117;109;123;103;77;72;79;54;64;49;51;27;35;34;20;14;6;8;5;0;1
110005;Margherita di Savoia;35;37;33;37;39;51;34;45;41;51;51;42;42;43;61;62;47;58;61;48;69;55;67;71;72;69;80;50;73;78;76;54;54;61;47;69;35;63;61;83;85;61;87;97;78;96;82;84;99;83;101;105;104;92;119;90;85;101;86;74;83;74;85;86;71;67;64;87;80;88;68;71;68;57;54;52;70;62;55;46;64;51;45;46;42;40;36;27;31;25;17;19;14;13;15;6;3;3;3;0;1
110006;Minervino Murge;27;25;22;36;25;31;28;34;30;37;38;41;40;45;54;43;54;53;55;50;46;48;46;39;50;42;43;61;48;61;47;44;42;43;49;47;44;49;54;47;60;64;63;64;76;65;62;67;72;51;67;73;78;71;62;76;52;56;59;47;50;52;62;49;54;63;66;68;47;61;60;59;51;38;46;45;35;55;47;47;48;39;43;55;37;30;29;36;21;19;14;13;16;11;7;3;8;2;1;0;1
110007;San Ferdinando di Puglia;64;73;54;52;57;78;66;69;60;66;68;72;80;74;63;78;98;90;87;82;109;88;97;110;73;92;95;96;103;105;92;80;72;77;95;81;77;75;94;104;90;115;104;116;102;99;84;102;116;115;99;109;107;102;89;96;96;105;79;69;90;88;76;88;70;51;82;63;85;76;80;81;56;63;63;51;57;41;54;49;54;50;44;39;39;35;27;30;29;25;29;17;13;10;11;3;4;7;0;0;5
110008;Spinazzola;25;24;18;21;23;30;24;30;27;24;29;28;33;37;27;36;32;33;29;37;38;36;33;45;40;35;37;44;38;36;32;43;32;33;35;46;25;33;26;35;46;38;35;47;40;44;30;31;40;53;63;63;51;70;63;46;61;52;56;50;54;53;38;47;30;39;39;40;35;40;39;39;31;38;25;24;27;33;35;40;35;28;27;26;29;23;23;20;22;19;10;11;5;7;13;9;1;2;1;0;3
110009;Trani;197;219;191;237;206;212;269;283;283;259;289;275;267;274;299;316;292;328;294;326;298;280;307;313;301;314;319;319;299;298;326;314;329;348;350;371;355;343;370;366;409;405;431;475;436;439;476;438;465;449;427;482;443;484;476;441;431;373;445;405;401;315;332;358;319;322;322;330;329;334;362;288;266;229;209;237;236;230;199;209;200;173;191;178;136;128;116;100;89;80;57;58;50;41;22;21;12;10;8;2;6
110010;Trinitapoli;62;71;67;77;71;65;72;98;93;77;81;85;87;78;101;72;85;77;106;92;98;96;107;96;78;104;94;102;96;95;102;65;91;77;73;82;94;98;110;106;102;116;105;105;117;104;117;128;125;102;106;105;98;101;100;98;94;86;94;89;102;80;77;85;83;88;81;67;96;82;87;95;57;60;57;59;45;49;60;47;52;37;43;37;42;37;32;40;26;20;14;15;15;19;4;9;6;6;1;1;2
;Totale;1497;1578;1468;1618;1669;1690;1743;1885;1895;1905;1975;2008;1983;2071;2086;2231;2188;2370;2249;2174;2276;2158;2247;2344;2238;2324;2332;2280;2291;2273;2282;2253;2154;2304;2278;2433;2415;2515;2609;2688;2879;2929;2932;3203;3061;3030;3105;3128;3330;3079;3061;3261;3076;3240;2947;2896;2771;2644;2642;2506;2515;2333;2302;2344;2155;2042;2196;2138;2153;2306;2185;2186;1743;1643;1572;1623;1535;1648;1562;1435;1463;1226;1267;1176;1046;956;891;788;678;552;498;391;324;275;211;151;99;79;35;22;43

"Ricostruzione della popolazione intercensuaria - Popolazione al 1° gennaio per età"
"Tutte le cittadinanze - Anno: 2019 - Provincia: Barletta-Andria-Trani"
Territorio/Età;;0;1;2;3;4;5;6;7;8;9;10;11;12;13;14;15;16;17;18;19;20;21;22;23;24;25;26;27;28;29;30;31;32;33;34;35;36;37;38;39;40;41;42;43;44;45;46;47;48;49;50;51;52;53;54;55;56;57;58;59;60;61;62;63;64;65;66;67;68;69;70;71;72;73;74;75;76;77;78;79;80;81;82;83;84;85;86;87;88;89;90;91;92;93;94;95;96;97;98;99;100
Codice comune;Comune;Totale
110001;Andria;763;813;844;826;901;975;906;1014;1045;1100;1060;1056;1051;1146;1132;1173;1234;1202;1239;1300;1206;1250;1195;1186;1244;1231;1250;1275;1221;1230;1228;1200;1257;1140;1237;1164;1276;1301;1327;1381;1451;1503;1558;1586;1633;1559;1507;1643;1636;1655;1558;1590;1526;1418;1546;1349;1380;1399;1238;1272;1221;1208;1093;1029;1014;959;965;981;974;1043;1090;926;1000;733;715;729;716;661;713;666;602;585;477;450;424;358;340;300;268;183;162;160;101;95;52;49;29;30;11;4;10
110002;Barletta;719;756;816;780;827;782;852;899;874;869;929;1034;1045;1011;1125;1043;1109;1138;1201;1205;1119;1123;1150;1099;1143;1080;1185;1139;1145;1143;1098;1138;1099;1077;1096;1141;1094;1175;1230;1259;1335;1396;1389;1388;1495;1438;1511;1531;1481;1516;1511;1477;1519;1478;1478;1368;1354;1284;1245;1237;1128;1170;1094;1076;1069;1012;910;978;970;923;1089;997;1011;807;728;723;714;704;724;669;559;605;478;497;420;391;330;322;255;217;162;161;106;71;62;43;28;21;13;5;15
110003;Bisceglie;442;440;480;460;450;473;536;495;556;530;573;531;589;523;642;593;632;530;587;620;574;642;563;599;612;605;668;635;646;627;621;622;642;611;594;678;656;689;723;733;754;813;859;793;869;859;836;936;877;924;935;938;977;917;948;913;847;758;756;691;687;685;679;645;669;615;579;651;596;574;582;571;572;470;429;447;442;392;459;367;337;364;309;287;257;234;246;198;148;145;110;82;77;46;44;32;23;10;11;4;9
110004;Canosa di Puglia;194;223;190;207;219;251;213;246;255;280;288;313;320;323;264;313;316;336;377;321;356;366;384;378;370;356;386;345;299;358;325;317;315;278;323;303;341;322;359;387;425;408;448;436;459;452;474;463;483;509;493;469;462;496;520;446;397;416;402;400;357;367;349;365;360;347;334;310;344;342;378;356;342;286;264;244;231;178;239;262;189;192;179;186;160;125;109;112;82;80;66;66;35;45;29;20;20;7;9;6;1
110005;Margherita di Savoia;69;76;74;78;71;78;98;78;95;95;99;104;103;90;96;112;128;115;126;111;113;128;129;121;159;144;133;158;132;134;138;136;113;108;129;95;119;104;117;121;149;170;132;167;171;149;178;172;163;187;181;179;210;195;187;227;163;171;188;174;150;157;141;143;154;125;140;126;157;146;171;125;153;128;109;100;108;130;122;104;94;94;88;88;66;67;61;65;44;40;28;23;22;18;15;17;8;1;4;3;4
110006;Minervino Murge;55;60;56;44;73;51;59;53;67;78;72;84;82;87;95;103;85;103;94;103;90;98;100;102;97;97;89;99;116;92;102;85;80;72;88;93;85;97;92;109;96;111;137;123;138;126;131;128;159;138;131;143;145;138;141;111;132;116;109;116;113;108;108;107;104;94;115;122;122;103;110;114;105;85;69;90;78;80;87;78;82;81;73;69;81;49;43;39;52;26;21;20;16;16;13;8;3;6;3;1;2
110007;San Ferdinando di Puglia;121;136;140;115;136;110;139;122;129;137;134;143;134;167;156;148;163;175;167;170;156;216;184;204;221;180;188;208;194;196;186;160;167;150;155;191;154;167;145;181;207;197;203;207;227;198;198;196;193;207;222;199;205;216;228;186;196;186;188;147;142;169;147;157;155;129;116;148;119;150;158;145;146;121;118;121;105;99;88;95;93;89;92;75;68;53;56;49;49;40;31;34;22;13;15;12;7;5;7;1;2
110008;Spinazzola;40;45;40;41;40;41;58;36;65;57;49;59;55;58;56;56;62;62;59;64;86;74;75;66;88;72;77;79;85;66;72;69;72;61;63;68;85;47;62;56;64;86;70;84;101;74;83;81;93;86;104;106;118;92;113;115;93;112;102;102;104;99;91;87;89;72;69;84;82;79;69;76;70;57;74;50;52;45;59;61;52;44;41;44;37;52;35;40;34;28;28;19;13;6;9;12;10;2;2;1;2
110009;Trani;426;429;428;410;449;442;483;526;575;564;553;588;557;567;577;604;617;591;646;632;656;630;617;627;654;607;629;655;664;621;651;643;681;655;701;704;743;694;727;735;755;832;791;849;928;871;865;905;859;919;905;883;914;882;933;907;899;870;768;840;730;757;653;709;649;630;599;595;620;617;641;654;567;493;440;392;443;409;437;356;352;349;277;310;284;220;214;181;135;128;120;71;67;50;40;26;17;19;10;7;9
110010;Trinitapoli;124;127;145;134;130;153;138;156;163;172;155;154;185;173;170;184;159;177;192;208;175;177;181;201;173;152;175;179;173;176;191;196;146;165;161;160;161;165;183;201;205;205;202;211;200;226;223;222;248;236;201;229;196;189;198;202;201;178;177;175;163;197;146;160;150;151;154;145;137;164;156;156;171;110;107;109;113;96;98;104;92;81;74;88;70;63;58;39;52;33;27;17;20;16;16;6;5;6;5;1;1
;Totale;2953;3105;3213;3095;3296;3356;3482;3625;3824;3882;3912;4066;4121;4145;4313;4329;4505;4429;4688;4734;4531;4704;4578;4583;4761;4524;4780;4772;4675;4643;4612;4566;4572;4317;4547;4597;4714;4761;4965;5163;5441;5721;5789;5844;6221;5952;6006;6277;6192;6377;6241;6213;6272;6021;6292;5824;5662;5490;5173;5154;4795;4917;4501;4478;4413;4134;3981;4140;4121;4141;4444;4120;4137;3290;3053;3005;3002;2794;3026;2762;2452;2484;2088;2094;1867;1612;1492;1345;1119;920;755;653;479;376;295;225;150;107;75;33;55
Territorio/Età;;0;1;2;3;4;5;6;7;8;9;10;11;12;13;14;15;16;17;18;19;20;21;22;23;24;25;26;27;28;29;30;31;32;33;34;35;36;37;38;39;40;41;42;43;44;45;46;47;48;49;50;51;52;53;54;55;56;57;58;59;60;61;62;63;64;65;66;67;68;69;70;71;72;73;74;75;76;77;78;79;80;81;82;83;84;85;86;87;88;89;90;91;92;93;94;95;96;97;98;99;100
Codice comune;Comune;Maschi
110001;Andria;403;410;441;448;467;505;464;523;538;549;538;537;544;620;566;617;619;615;619;693;635;677;623;631;629;614;652;647;617;639;620;594;632;573;578;597;612;638;657;692;754;766;745;798;797;758;763;842;787;773;815;777;734;698;722;665;697;659;613;628;583;609;531;497;499;475;469;465;469;503;532;462;482;357;359;360;316;306;330;303;265;249;196;198;159;137;151;112;91;73;54;56;31;25;15;11;10;8;2;0;4
110002;Barletta;372;370;429;379;419;381;442;495;435;430;487;554;516;509;599;556;562;567;588;633;589;558;616;554;572;536;620;596;611;589;550;615;559;587;567;587;526;575;590;628;686;700;741;684;741;713;767;771;732;712;773;774;752;724;751;704;658;643;596;600;543;594;520;516;508;483;466;457;491;456;537;459;480;372;331;348;343;329;330;308;258;289;214;221;192;150;119;140;79;68;65;51;32;18;14;13;3;6;5;3;2
110003;Bisceglie;258;232;248;250;252;215;269;266;295;300;292;263;321;281;334;293;328;272;278;313;302;339;293;291;324;318;365;326;347;306;345;320;326;283;307;337;339;342;374;343;386;383;427;392;421;421;389;471;442;462;483;489;457;458;471;460;396;401;359;364;339;324;350;315;331;288;272;309;296;281;287;268;273;239;184;221;200;185;212;159;141;163;141;109;106;102;102;79;64;55;51;34;26;15;16;7;2;3;2;1;3
110004;Canosa di Puglia;107;130;95;113;101;134;105;119;136;144;148;155;163;167;142;177;161;177;196;180;199;192;200;195;187;190;213;173;154;188;165;156;167;140;162;148;170;159;178;211;195;193;219;234;212;218;227;231;251;249;213;253;228;244;249;225;192;209;213;195;170;177;155;168;156;168;174;157;163;174;172;191;157;136;130;112;107;80;108;112;70;81;70;66;58;51;45;38;34;23;23;21;11;15;5;5;7;2;4;2;0
110005;Margherita di Savoia;29;41;38;46;34;42;49;44;50;53;48;53;60;48;53;50;64;68;67;50;67;61;76;54;87;73;65;77;82;63;66;61;60;55;70;48;51;71;55;60;67;85;71;79;74;72;85;91;80;89;98;78;103;89;95;109;72;87;89;87;74;73;66;57;67;54;73;60;70;67;85;56;85;60;51;46;57;61;63;49;49;31;39;42;25;25;24;35;20;15;9;8;6;7;2;5;4;0;2;1;3
110006;Minervino Murge;30;32;31;23;37;25;28;27;34;47;35;46;44;47;51;50;43;49;42;49;41;51;52;57;58;48;48;58;58;46;45;40;40;32;47;42;40;52;46;54;50;52;74;60;74;52;67;68;94;65;80;76;73;64;69;52;56;66;53;56;66;61;58;46;54;39;51;56;57;57;50;55;47;38;33;46;33;45;34;32;38;35;36;31;30;16;14;13;19;9;4;9;9;4;3;1;1;0;2;0;1
110007;San Ferdinando di Puglia;75;71;66;61;84;53;62;58;60;76;68;78;63;87;82;87;86;77;78;86;73;108;100;107;113;107;98;113;101;97;84;71;90;79;77;100;73;89;72;89;103;107;88;102;114;98;99;112;93;91;107;100;94;109;126;98;101;89;87;70;73;80;62;82;70;60;65;69;56;67;83;67;66;66;58;61;58;42;50;44;46;40;44;32;33;18;23;23;21;18;11;12;9;5;8;4;4;2;3;1;0
110008;Spinazzola;19;20;17;22;18;18;27;12;35;31;25;28;27;25;19;28;28;29;26;35;49;41;40;35;44;33;43;41;41;26;38;39;35;31;30;32;38;24;29;30;28;38;34;51;55;34;38;51;60;44;51;46;52;43;45;52;51;51;49;45;55;44;38;48;42;42;30;46;41;44;31;37;31;26;36;25;29;18;27;30;12;14;13;17;14;24;13;18;13;9;12;10;5;3;4;2;3;2;0;1;0
110009;Trani;230;233;208;218;226;228;265;259;291;281;294;304;285;300;302;306;303;295;317;336;333;331;336;322;345;314;321;347;342;328;353;323;363;327;351;348;374;345;380;368;390;426;388;417;454;442;427;428;422;450;457;456;442;439;453;438;458;440;395;396;324;360;335;376;292;317;277;283;291;292;305;292;282;230;219;191;208;177;220;159;148;157;108;133;114;90;94;77;46;51;52;26;16;12;11;9;4;8;2;1;2
110010;Trinitapoli;65;71;72;68;56;83;73;84;69;79;79;76;100;86;93;86;86;93;115;102;83;81;84;97;84;77;75;92;78;85;98;98;82;74;86;88;82;71;88;92;99;102;84;107;92;109;121;104;123;115;100;122;93;93;99;103;104;85;92;81;75;97;67;84;67;70;69;65;70;69;74;71;77;56;50;55;56;53;49;45;46;34;39;47;35;23;25;10;13;12;10;5;5;3;4;2;0;1;2;0;0
;Totale;1588;1610;1645;1628;1694;1684;1784;1887;1943;1990;2014;2094;2123;2170;2241;2250;2280;2242;2326;2477;2371;2439;2420;2343;2443;2310;2500;2470;2431;2367;2364;2317;2354;2181;2275;2327;2305;2366;2469;2567;2758;2852;2871;2924;3034;2917;2983;3169;3084;3050;3177;3171;3028;2961;3080;2906;2785;2730;2546;2522;2302;2419;2182;2189;2086;1996;1946;1967;2004;2010;2156;1958;1980;1580;1451;1465;1407;1296;1423;1241;1073;1093;900;896;766;636;610;545;400;333;291;232;150;107;82;59;38;32;24;10;15
Territorio/Età;;0;1;2;3;4;5;6;7;8;9;10;11;12;13;14;15;16;17;18;19;20;21;22;23;24;25;26;27;28;29;30;31;32;33;34;35;36;37;38;39;40;41;42;43;44;45;46;47;48;49;50;51;52;53;54;55;56;57;58;59;60;61;62;63;64;65;66;67;68;69;70;71;72;73;74;75;76;77;78;79;80;81;82;83;84;85;86;87;88;89;90;91;92;93;94;95;96;97;98;99;100
Codice comune;Comune;Femmine
110001;Andria;360;403;403;378;434;470;442;491;507;551;522;519;507;526;566;556;615;587;620;607;571;573;572;555;615;617;598;628;604;591;608;606;625;567;659;567;664;663;670;689;697;737;813;788;836;801;744;801;849;882;743;813;792;720;824;684;683;740;625;644;638;599;562;532;515;484;496;516;505;540;558;464;518;376;356;369;400;355;383;363;337;336;281;252;265;221;189;188;177;110;108;104;70;70;37;38;19;22;9;4;6
110002;Barletta;347;386;387;401;408;401;410;404;439;439;442;480;529;502;526;487;547;571;613;572;530;565;534;545;571;544;565;543;534;554;548;523;540;490;529;554;568;600;640;631;649;696;648;704;754;725;744;760;749;804;738;703;767;754;727;664;696;641;649;637;585;576;574;560;561;529;444;521;479;467;552;538;531;435;397;375;371;375;394;361;301;316;264;276;228;241;211;182;176;149;97;110;74;53;48;30;25;15;8;2;13
110003;Bisceglie;184;208;232;210;198;258;267;229;261;230;281;268;268;242;308;300;304;258;309;307;272;303;270;308;288;287;303;309;299;321;276;302;316;328;287;341;317;347;349;390;368;430;432;401;448;438;447;465;435;462;452;449;520;459;477;453;451;357;397;327;348;361;329;330;338;327;307;342;300;293;295;303;299;231;245;226;242;207;247;208;196;201;168;178;151;132;144;119;84;90;59;48;51;31;28;25;21;7;9;3;6
110004;Canosa di Puglia;87;93;95;94;118;117;108;127;119;136;140;158;157;156;122;136;155;159;181;141;157;174;184;183;183;166;173;172;145;170;160;161;148;138;161;155;171;163;181;176;230;215;229;202;247;234;247;232;232;260;280;216;234;252;271;221;205;207;189;205;187;190;194;197;204;179;160;153;181;168;206;165;185;150;134;132;124;98;131;150;119;111;109;120;102;74;64;74;48;57;43;45;24;30;24;15;13;5;5;4;1
110005;Margherita di Savoia;40;35;36;32;37;36;49;34;45;42;51;51;43;42;43;62;64;47;59;61;46;67;53;67;72;71;68;81;50;71;72;75;53;53;59;47;68;33;62;61;82;85;61;88;97;77;93;81;83;98;83;101;107;106;92;118;91;84;99;87;76;84;75;86;87;71;67;66;87;79;86;69;68;68;58;54;51;69;59;55;45;63;49;46;41;42;37;30;24;25;19;15;16;11;13;12;4;1;2;2;1
110006;Minervino Murge;25;28;25;21;36;26;31;26;33;31;37;38;38;40;44;53;42;54;52;54;49;47;48;45;39;49;41;41;58;46;57;45;40;40;41;51;45;45;46;55;46;59;63;63;64;74;64;60;65;73;51;67;72;74;72;59;76;50;56;60;47;47;50;61;50;55;64;66;65;46;60;59;58;47;36;44;45;35;53;46;44;46;37;38;51;33;29;26;33;17;17;11;7;12;10;7;2;6;1;1;1
110007;San Ferdinando di Puglia;46;65;74;54;52;57;77;64;69;61;66;65;71;80;74;61;77;98;89;84;83;108;84;97;108;73;90;95;93;99;102;89;77;71;78;91;81;78;73;92;104;90;115;105;113;100;99;84;100;116;115;99;111;107;102;88;95;97;101;77;69;89;85;75;85;69;51;79;63;83;75;78;80;55;60;60;47;57;38;51;47;49;48;43;35;35;33;26;28;22;20;22;13;8;7;8;3;3;4;0;2
110008;Spinazzola;21;25;23;19;22;23;31;24;30;26;24;31;28;33;37;28;34;33;33;29;37;33;35;31;44;39;34;38;44;40;34;30;37;30;33;36;47;23;33;26;36;48;36;33;46;40;45;30;33;42;53;60;66;49;68;63;42;61;53;57;49;55;53;39;47;30;39;38;41;35;38;39;39;31;38;25;23;27;32;31;40;30;28;27;23;28;22;22;21;19;16;9;8;3;5;10;7;0;2;0;2
110009;Trani;196;196;220;192;223;214;218;267;284;283;259;284;272;267;275;298;314;296;329;296;323;299;281;305;309;293;308;308;322;293;298;320;318;328;350;356;369;349;347;367;365;406;403;432;474;429;438;477;437;469;448;427;472;443;480;469;441;430;373;444;406;397;318;333;357;313;322;312;329;325;336;362;285;263;221;201;235;232;217;197;204;192;169;177;170;130;120;104;89;77;68;45;51;38;29;17;13;11;8;6;7
110010;Trinitapoli;59;56;73;66;74;70;65;72;94;93;76;78;85;87;77;98;73;84;77;106;92;96;97;104;89;75;100;87;95;91;93;98;64;91;75;72;79;94;95;109;106;103;118;104;108;117;102;118;125;121;101;107;103;96;99;99;97;93;85;94;88;100;79;76;83;81;85;80;67;95;82;85;94;54;57;54;57;43;49;59;46;47;35;41;35;40;33;29;39;21;17;12;15;13;12;4;5;5;3;1;1
;Totale;1365;1495;1568;1467;1602;1672;1698;1738;1881;1892;1898;1972;1998;1975;2072;2079;2225;2187;2362;2257;2160;2265;2158;2240;2318;2214;2280;2302;2244;2276;2248;2249;2218;2136;2272;2270;2409;2395;2496;2596;2683;2869;2918;2920;3187;3035;3023;3108;3108;3327;3064;3042;3244;3060;3212;2918;2877;2760;2627;2632;2493;2498;2319;2289;2327;2138;2035;2173;2117;2131;2288;2162;2157;1710;1602;1540;1595;1498;1603;1521;1379;1391;1188;1198;1101;976;882;800;719;587;464;421;329;269;213;166;112;75;51;23;40

"Ricostruzione della popolazione intercensuaria - Popolazione al 1° gennaio per età"
"Cittadinanza italiana - Anno: 2002 - Provincia: Barletta-Andria-Trani"
Territorio/Età;;0;1;2;3;4;5;6;7;8;9;10;11;12;13;14;15;16;17;18;19;20;21;22;23;24;25;26;27;28;29;30;31;32;33;34;35;36;37;38;39;40;41;42;43;44;45;46;47;48;49;50;51;52;53;54;55;56;57;58;59;60;61;62;63;64;65;66;67;68;69;70;71;72;73;74;75;76;77;78;79;80;81;82;83;84;85;86;87;88;89;90;91;92;93;94;95;96;97;98;99;100
Codice comune;Comune;Totale
110001;Andria;1191;1243;1282;1210;1233;1179;1191;1270;1252;1301;1336;1280;1276;1294;1260;1320;1264;1401;1305;1425;1435;1469;1514;1580;1594;1664;1652;1705;1624;1576;1720;1679;1667;1561;1591;1573;1450;1591;1398;1455;1472;1293;1314;1266;1230;1159;1096;1097;1029;1079;1071;1088;1144;1213;1040;1129;880;866;894;878;878;925;901;821;839;723;770;748;659;718;753;714;561;578;662;544;526;430;452;431;379;430;246;226;155;210;204;153;154;131;109;87;38;49;23;26;9;8;5;4;6
110002;Barletta;1137;1183;1202;1085;1090;1138;1073;1129;1117;1207;1226;1200;1226;1188;1198;1187;1152;1236;1272;1255;1349;1369;1384;1487;1525;1493;1514;1590;1499;1600;1551;1539;1542;1518;1492;1541;1492;1498;1408;1382;1305;1279;1266;1143;1227;1145;1150;1149;1098;991;1075;1067;1030;1208;1109;1128;969;864;905;873;902;966;869;787;839;772;787;759;735;673;762;657;657;598;673;580;466;461;461;445;373;371;204;185;160;160;174;155;108;108;95;75;38;39;17;17;21;3;4;7;7
110003;Bisceglie;500;581;562;543;610;538;553;583;580;642;649;628;603;584;619;617;611;572;641;649;660;680;728;731;754;792;768;823;807;818;876;832;890;885;910;962;922;965;907;829;755;744;695;693;699;697;662;715;620;614;673;629;638;630;608;648;544;496;516;526;469;590;500;490;514;487;453;460;420;481;496;434;407;380;330;403;333;349;283;289;269;295;136;98;100;113;123;90;102;79;68;55;30;27;22;16;14;6;8;2;6
110004;Canosa di Puglia;336;374;325;345;358;384;372;391;388;408;410;367;412;401;392;389;349;396;387;421;404;423;492;488;454;495;502;523;500;520;503;502;514;529;480;487;490;514;474;438;431;405;428;356;387;370;403;380;366;348;329;360;379;409;406;393;359;313;292;299;247;334;345;312;310;303;310;278;256;240;246;282;242;231;256;225;250;192;211;188;189;210;103;66;78;72;76;80;69;57;42;29;29;17;19;11;5;7;2;1;2
110005;Margherita di Savoia;118;127;123;116;130;133;126;163;152;144;184;150;155;149;163;148;136;149;129;150;153;179;166;157;179;150;181;182;164;181;163;186;189;182;177;212;204;193;241;165;185;170;175;146;156;154;147;156;128;160;126;158;151;180;142;165;158;139;120;126;163;153;134;140;128;122;129;129;114;129;141;120;137;115;101;113;89;95;86;89;80;86;55;45;32;20;36;39;29;18;23;19;12;14;3;5;2;1;2;1;2
110006;Minervino Murge;110;94;101;105;107;102;113;97;111;95;116;135;99;123;100;100;115;115;131;129;139;123;136;129;139;165;151;173;153;138;153;177;155;143;165;158;146;155;125;136;127;118;124;118;120;122;115;118;98;124;147;138;119;133;134;133;108;89;114;99;97;123;118;124;135;134;127;133;98;106;103;132;97;91;101;85;72;64;89;68;71;87;40;31;26;36;44;39;38;33;21;25;16;15;6;2;7;2;0;0;0
110007;San Ferdinando di Puglia;172;171;163;149;200;179;186;213;186;193;205;207;189;185;156;200;173;178;205;175;191;172;199;213;218;206;203;229;217;214;208;207;198;210;201;220;233;224;192;210;189;205;171;152;176;173;162;162;136;143;170;145;168;181;162;172;156;151;145;138;133;133;135;136;131;145;123;125;125;133;126;126;134;103;137;128;103;92;118;126;106;91;50;44;33;25;33;27;37;32;19;13;15;10;4;4;1;4;0;1;3
110008;Spinazzola;65;55;73;75;78;71;65;98;77;94;103;104;86;101;83;100;92;92;98;103;86;104;97;78;86;72;97;124;82;111;88;89;93;99;118;110;104;122;126;108;117;107;99;103;96;90;99;102;75;78;97;87;86;79;80;84;69;85;67;69;61;76;88;73;70;59;71;79;80;71;86;88;73;86;84;72;60;60;68;61;53;58;30;17;21;17;35;32;21;21;16;15;8;4;9;1;8;1;1;3;0
110009;Trani;598;615;618;612;605;607;605;641;595;628;665;683;654;685;667;713;696;712;745;810;737;751;764;752;829;773;851;887;849;858;879;860;888;875;860;925;865;878;889;893;855;788;833;726;751;679;714;656;655;610;638;656;672;699;693;629;555;492;478;530;501;538;481;478;477;434;473;440;397;426;420;371;358;345;326;317;289;278;270;242;236;245;151;106;109;114;98;90;90;86;66;55;40;16;13;13;10;14;1;3;4
110010;Trinitapoli;184;198;209;177;174;187;199;193;162;198;190;217;213;208;206;184;193;192;193;193;200;215;245;251;232;244;225;223;243;232;253;250;260;206;215;201;194;208;208;213;190;192;168;171;183;151;151;148;155;179;160;141;185;176;167;185;128;134;129;135;137;127;145;130;127;120;133;121;131;113;101;108;120;119;87;111;79;98;82;84;77;96;43;51;35;23;21;31;26;24;23;18;11;8;5;5;0;1;2;0;1
;Totale;4411;4641;4658;4417;4585;4518;4483;4778;4620;4910;5084;4971;4913;4918;4844;4958;4781;5043;5106;5310;5354;5485;5725;5866;6010;6054;6144;6459;6138;6248;6394;6321;6396;6208;6209;6389;6100;6348;5968;5829;5626;5301;5273;4874;5025;4740;4699;4683;4360;4326;4486;4469;4572;4908;4541;4666;3926;3629;3660;3673;3588;3965;3716;3491;3570;3299;3376;3272;3015;3090;3234;3032;2786;2646;2757;2578;2267;2119;2120;2023;1833;1969;1058;869;749;790;844;736;674;589;482;391;237;199;121;100;77;47;25;22;31
Territorio/Età;;0;1;2;3;4;5;6;7;8;9;10;11;12;13;14;15;16;17;18;19;20;21;22;23;24;25;26;27;28;29;30;31;32;33;34;35;36;37;38;39;40;41;42;43;44;45;46;47;48;49;50;51;52;53;54;55;56;57;58;59;60;61;62;63;64;65;66;67;68;69;70;71;72;73;74;75;76;77;78;79;80;81;82;83;84;85;86;87;88;89;90;91;92;93;94;95;96;97;98;99;100
Codice comune;Comune;Maschi
110001;Andria;600;615;669;634;659;618;638;660;635;679;697;648;659;661;640;682;646;677;686;697;712;736;763;816;829;833;839;835;784;792;887;817;789;818;794;756;716;756;698;750;688;637;659;610;630;573;526;536;519;535;520;542;574;610;535;567;444;454;457;403;422;452;432;403;410;335;356;330;298;330;335;307;267;254;321;244;233;189;172;172;151;177;91;80;62;79;75;54;53;41;38;34;14;12;10;7;3;0;2;2;1
110002;Barletta;567;577;619;575;540;605;536;573;538;629;653;656;648;622;649;617;631;668;667;651;693;692;712;769;786;813;783;812;752;846;784;783;735;788;788;783;723;765;725;662;674;618;632;566;640;556;570;547;548;511;516;536;528;613;536;558;453;418;451;442;445;485;425;387;422;388;388;400;333;303;349;301;286;297;303;275;202;191;183;179;170;147;74;81;57;64;72;62;43;44;38;29;11;14;3;5;9;3;0;2;1
110003;Bisceglie;256;280;292;280;307;275;266;314;304;345;339;333;310;333;328;332;293;304;329;345;347;366;354;390;362;402;370;403;398;381;441;416;441;458;480;445;475;490;461;404;404;362;372;348;335;370;324;361;296;300;310;329;322;324;288;321;281;222;264;256;218;288;238;221;254;238;209;224;193;222;218;209;198;187;145;193;151;148;128;114;113;124;52;32;39;50;48;27;31;28;21;14;9;7;6;5;3;2;2;0;1
110004;Canosa di Puglia;177;190;178;186;180;200;185;207;209;221;213;182;209;200;195;208;183;203;195;203;211;223;238;217;212;241;268;254;242;244;252;262;253;247;264;243;242;235;234;224;210;213;214;171;192;167;193;173;184;175;168;170;196;199;214;193;183;159;128;151;121;168;162;150;149;130;141;120;119;112;103;142;108;98;118;105;108;64;88;82;71;97;35;23;36;26;37;36;20;18;13;11;7;7;6;3;4;2;0;0;0
110005;Margherita di Savoia;75;63;56;63;61;79;59;97;80;72;97;93;75;74;76;78;72;77;63;78;87;80;90;82;93;86;88;76;73;86;89;91;99;102;80;107;102;94;116;71;102;76;87;70;74;71;63;69;61;79;57;78;75;90;62;92;74;66;57;67;79;78;66;78;48;54;65;58;49;58;67;54;56;55;41;50;41;37;44;37;29;35;22;20;9;11;17;13;16;7;9;5;5;5;0;2;1;1;1;0;0
110006;Minervino Murge;55;40;44;49;56;53;61;61;55;47;69;67;52;58;47;51;44;63;63;60;72;55;69;71;70;89;74;95;75;74;80;100;74;81;86;84;75;76;62;65;67;57;58;67;70;66;57;65;43;55;65;64;64;66;68;62;49;43;62;44;50;51;54;58;65;63;54;54;43;49;46;57;47;43;47;41;28;25;36;23;20;34;10;15;8;13;16;12;19;11;7;9;7;4;3;0;1;0;0;0;0
110007;San Ferdinando di Puglia;73;84;86;73;108;103;99;105;114;103;110;110;95;87;72;105;89;90;105;75;96;80;99;99;114;94;97;110;111;102;117;96;94;106;110;96;108;126;101;101;87;102;86;78;86;80;80;72;67;80;81;73;78;95;74;82;91;70;72;78;67;75;62;66;59;74;63;64;55;54;65;63;58;44;50;54;47;51;52;62;58;47;24;23;12;14;13;9;17;11;9;9;5;3;3;2;1;2;0;1;0
110008;Spinazzola;30;25;38;40;40;32;35;50;35;49;52;44;38;54;49;50;38;43;50;50;38;59;41;36;41;32;57;61;41;52;50;60;47;47;53;49;49;50;57;59;53;56;45;56;46;38;53;50;44;36;52;40;46;37;42;40;36;41;37;39;27;36;46;29;26;21;33;37;35;40;36;38;31;37;43;25;26;30;20;22;22;26;16;4;10;8;16;12;10;4;6;3;3;1;4;1;2;0;0;1;0
110009;Trani;286;311;318;301;302;327;321;346;307;311;356;363;351;369;349;393;365;367;364;409;384;395;397;396;406;392;417;450;423;421;415;416;427;445;435;445;441;417;448;456;430;408;399;323;367;346;383;303;327;295;315;308;316;357;323;312;259;255;238;247;229;265;233;225;237;206;230;205;183;203;195;169;161;160;159;133;121;110;105;89;103;107;40;38;44;41;36;33;28;22;20;25;14;5;4;2;1;2;0;0;1
110010;Trinitapoli;106;118;107;86;80;92;97;93;88;89;90;102;108;102;105;105;97;93;105;100;98;106;107;126;116;102;112;105;117;121;122;121;130;103;116;95;101;109;108;102;87;104;79;86;88;75;78;60;76;79;73;74;87;88;76;88;60;68;65;71;74;64;67;68;56;66;73;64;57;59;45;34;57;53;39;46;39;43;42;32;30;36;11;20;16;11;12;15;10;7;6;7;5;4;0;0;0;0;0;0;0
;Totale;2225;2303;2407;2287;2333;2384;2297;2506;2365;2545;2676;2598;2545;2560;2510;2621;2458;2585;2627;2668;2738;2792;2870;3002;3029;3084;3105;3201;3016;3119;3237;3162;3089;3195;3206;3103;3032;3118;3010;2894;2802;2633;2631;2375;2528;2342;2327;2236;2165;2145;2157;2214;2286;2479;2218;2315;1930;1796;1831;1798;1732;1962;1785;1685;1726;1575;1612;1556;1365;1430;1459;1374;1269;1228;1266;1166;996;888;870;812;767;830;375;336;293;317;342;273;247;193;167;146;80;62;39;27;25;12;5;6;4
Territorio/Età;;0;1;2;3;4;5;6;7;8;9;10;11;12;13;14;15;16;17;18;19;20;21;22;23;24;25;26;27;28;29;30;31;32;33;34;35;36;37;38;39;40;41;42;43;44;45;46;47;48;49;50;51;52;53;54;55;56;57;58;59;60;61;62;63;64;65;66;67;68;69;70;71;72;73;74;75;76;77;78;79;80;81;82;83;84;85;86;87;88;89;90;91;92;93;94;95;96;97;98;99;100
Codice comune;Comune;Femmine
110001;Andria;591;628;613;576;574;561;553;610;617;622;639;632;617;633;620;638;618;724;619;728;723;733;751;764;765;831;813;870;840;784;833;862;878;743;797;817;734;835;700;705;784;656;655;656;600;586;570;561;510;544;551;546;570;603;505;562;436;412;437;475;456;473;469;418;429;388;414;418;361;388;418;407;294;324;341;300;293;241;280;259;228;253;155;146;93;131;129;99;101;90;71;53;24;37;13;19;6;8;3;2;5
110002;Barletta;570;606;583;510;550;533;537;556;579;578;573;544;578;566;549;570;521;568;605;604;656;677;672;718;739;680;731;778;747;754;767;756;807;730;704;758;769;733;683;720;631;661;634;577;587;589;580;602;550;480;559;531;502;595;573;570;516;446;454;431;457;481;444;400;417;384;399;359;402;370;413;356;371;301;370;305;264;270;278;266;203;224;130;104;103;96;102;93;65;64;57;46;27;25;14;12;12;0;4;5;6
110003;Bisceglie;244;301;270;263;303;263;287;269;276;297;310;295;293;251;291;285;318;268;312;304;313;314;374;341;392;390;398;420;409;437;435;416;449;427;430;517;447;475;446;425;351;382;323;345;364;327;338;354;324;314;363;300;316;306;320;327;263;274;252;270;251;302;262;269;260;249;244;236;227;259;278;225;209;193;185;210;182;201;155;175;156;171;84;66;61;63;75;63;71;51;47;41;21;20;16;11;11;4;6;2;5
110004;Canosa di Puglia;159;184;147;159;178;184;187;184;179;187;197;185;203;201;197;181;166;193;192;218;193;200;254;271;242;254;234;269;258;276;251;240;261;282;216;244;248;279;240;214;221;192;214;185;195;203;210;207;182;173;161;190;183;210;192;200;176;154;164;148;126;166;183;162;161;173;169;158;137;128;143;140;134;133;138;120;142;128;123;106;118;113;68;43;42;46;39;44;49;39;29;18;22;10;13;8;1;5;2;1;2
110005;Margherita di Savoia;43;64;67;53;69;54;67;66;72;72;87;57;80;75;87;70;64;72;66;72;66;99;76;75;86;64;93;106;91;95;74;95;90;80;97;105;102;99;125;94;83;94;88;76;82;83;84;87;67;81;69;80;76;90;80;73;84;73;63;59;84;75;68;62;80;68;64;71;65;71;74;66;81;60;60;63;48;58;42;52;51;51;33;25;23;9;19;26;13;11;14;14;7;9;3;3;1;0;1;1;2
110006;Minervino Murge;55;54;57;56;51;49;52;36;56;48;47;68;47;65;53;49;71;52;68;69;67;68;67;58;69;76;77;78;78;64;73;77;81;62;79;74;71;79;63;71;60;61;66;51;50;56;58;53;55;69;82;74;55;67;66;71;59;46;52;55;47;72;64;66;70;71;73;79;55;57;57;75;50;48;54;44;44;39;53;45;51;53;30;16;18;23;28;27;19;22;14;16;9;11;3;2;6;2;0;0;0
110007;San Ferdinando di Puglia;99;87;77;76;92;76;87;108;72;90;95;97;94;98;84;95;84;88;100;100;95;92;100;114;104;112;106;119;106;112;91;111;104;104;91;124;125;98;91;109;102;103;85;74;90;93;82;90;69;63;89;72;90;86;88;90;65;81;73;60;66;58;73;70;72;71;60;61;70;79;61;63;76;59;87;74;56;41;66;64;48;44;26;21;21;11;20;18;20;21;10;4;10;7;1;2;0;2;0;0;3
110008;Spinazzola;35;30;35;35;38;39;30;48;42;45;51;60;48;47;34;50;54;49;48;53;48;45;56;42;45;40;40;63;41;59;38;29;46;52;65;61;55;72;69;49;64;51;54;47;50;52;46;52;31;42;45;47;40;42;38;44;33;44;30;30;34;40;42;44;44;38;38;42;45;31;50;50;42;49;41;47;34;30;48;39;31;32;14;13;11;9;19;20;11;17;10;12;5;3;5;0;6;1;1;2;0
110009;Trani;312;304;300;311;303;280;284;295;288;317;309;320;303;316;318;320;331;345;381;401;353;356;367;356;423;381;434;437;426;437;464;444;461;430;425;480;424;461;441;437;425;380;434;403;384;333;331;353;328;315;323;348;356;342;370;317;296;237;240;283;272;273;248;253;240;228;243;235;214;223;225;202;197;185;167;184;168;168;165;153;133;138;111;68;65;73;62;57;62;64;46;30;26;11;9;11;9;12;1;3;3
110010;Trinitapoli;78;80;102;91;94;95;102;100;74;109;100;115;105;106;101;79;96;99;88;93;102;109;138;125;116;142;113;118;126;111;131;129;130;103;99;106;93;99;100;111;103;88;89;85;95;76;73;88;79;100;87;67;98;88;91;97;68;66;64;64;63;63;78;62;71;54;60;57;74;54;56;74;63;66;48;65;40;55;40;52;47;60;32;31;19;12;9;16;16;17;17;11;6;4;5;5;0;1;2;0;1
;Totale;2186;2338;2251;2130;2252;2134;2186;2272;2255;2365;2408;2373;2368;2358;2334;2337;2323;2458;2479;2642;2616;2693;2855;2864;2981;2970;3039;3258;3122;3129;3157;3159;3307;3013;3003;3286;3068;3230;2958;2935;2824;2668;2642;2499;2497;2398;2372;2447;2195;2181;2329;2255;2286;2429;2323;2351;1996;1833;1829;1875;1856;2003;1931;1806;1844;1724;1764;1716;1650;1660;1775;1658;1517;1418;1491;1412;1271;1231;1250;1211;1066;1139;683;533;456;473;502;463;427;396;315;245;157;137;82;73;52;35;20;16;27

"Ricostruzione della popolazione intercensuaria - Popolazione al 1° gennaio per età"
"Cittadinanza italiana - Anno: 2003 - Provincia: Barletta-Andria-Trani"
Territorio/Età;;0;1;2;3;4;5;6;7;8;9;10;11;12;13;14;15;16;17;18;19;20;21;22;23;24;25;26;27;28;29;30;31;32;33;34;35;36;37;38;39;40;41;42;43;44;45;46;47;48;49;50;51;52;53;54;55;56;57;58;59;60;61;62;63;64;65;66;67;68;69;70;71;72;73;74;75;76;77;78;79;80;81;82;83;84;85;86;87;88;89;90;91;92;93;94;95;96;97;98;99;100
Codice comune;Comune;Totale
110001;Andria;1252;1192;1241;1286;1206;1231;1180;1192;1268;1255;1300;1339;1276;1283;1295;1262;1320;1263;1404;1305;1421;1432;1464;1504;1571;1585;1656;1637;1700;1618;1564;1710;1660;1666;1557;1591;1564;1454;1591;1395;1454;1465;1295;1322;1266;1229;1157;1093;1097;1028;1074;1069;1086;1135;1212;1038;1120;875;860;891;874;872;914;895;817;831;714;756;737;652;702;740;704;548;561;645;519;505;415;431;407;360;400;226;206;146;192;179;136;131;108;82;66;32;40;17;18;4;5;5;3
110002;Barletta;1119;1134;1184;1195;1081;1087;1133;1073;1129;1103;1208;1217;1198;1219;1185;1194;1189;1151;1232;1274;1251;1331;1361;1365;1462;1511;1471;1501;1576;1474;1583;1525;1531;1527;1508;1478;1536;1478;1493;1402;1381;1305;1276;1270;1141;1223;1141;1144;1143;1090;984;1074;1062;1027;1209;1110;1128;965;863;894;864;899;956;857;778;827;758;774;748;730;664;752;644;636;577;656;560;442;440;440;416;355;344;187;168;137;144;159;136;87;90;76;62;33;34;15;11;15;3;4;14
110003;Bisceglie;613;508;583;558;549;608;543;555;580;582;646;647;631;607;589;623;624;617;567;647;652;662;682;731;732;754;793;769;828;797;821;882;837;898;889;922;965;925;967;908;832;759;750;698;696;705;704;664;714;624;614;673;625;639;625;605;652;539;492;518;528;463;586;494;490;509;478;450;452;418;470;488;423;401;363;322;387;317;330;271;277;257;272;125;88;87;98;107;79;91;67;58;49;22;22;19;9;9;4;7;3
110004;Canosa di Puglia;304;336;376;320;341;360;382;369;390;384;407;405;367;411;398;388;389;348;397;384;419;404;418;485;480;442;480;497;505;501;508;495;487;518;517;476;487;484;515;472;433;435;399;427;357;386;368;401;374;366;349;329;358;379;408;407;393;359;316;294;301;242;329;341;301;308;297;311;278;254;236;241;278;238;224;250;213;247;185;199;181;172;184;94;57;73;66;66;68;55;52;36;23;24;15;11;9;4;5;1;1
110005;Margherita di Savoia;126;115;127;125;124;128;136;134;163;155;140;189;152;154;147;161;147;130;151;129;153;151;174;169;154;184;157;175;179;157;188;166;187;190;182;183;216;203;192;245;167;180;172;173;142;161;151;147;156;129;161;130;157;148;175;142;166;161;139;121;127;162;154;135;139;129;122;128;125;115;126;142;118;137;110;100;107;87;95;88;87;74;82;51;35;29;17;29;34;27;14;16;14;9;5;1;4;2;1;1;1
110006;Minervino Murge;81;108;91;99;101;105;101;112;97;112;93;116;133;99;122;101;100;114;114;131;126;136;122;133;127;135;160;148;166;153;140;149;174;149;144;164;157;140;154;124;136;126;117;125;117;120;120;112;117;99;124;146;138;119;134;133;133;106;87;115;97;95;125;116;124;129;131;126;128;97;104;99;129;89;89;98;84;66;61;85;66;65;76;34;25;25;31;39;30;32;27;15;18;14;10;6;2;7;2;0;0
110007;San Ferdinando di Puglia;184;172;171;162;148;198;181;188;214;188;190;208;205;190;185;158;198;172;175;207;181;185;174;199;211;224;208;204;225;209;208;206;201;196;210;198;223;235;224;195;216;186;202;170;150;175;174;162;160;139;142;166;141;164;182;160;170;158;151;146;137;130;135;134;136;130;146;127;126;125;131;126;124;132;102;132;122;102;89;113;115;100;86;44;40;31;25;25;23;30;26;16;12;14;5;4;3;1;3;0;4
110008;Spinazzola;58;64;54;71;75;79;73;65;98;76;92;102;103;84;101;83;99;90;90;97;102;85;104;92;80;82;75;91;120;79;106;85;88;86;99;114;111;102;121;125;109;114;106;100;104;94;89;99;99;75;77;97;88;89;80;80;84;66;83;69;68;62;77;86;73;68;60;72;77;79;70;85;85;72;87;82;69;58;59;65;53;49;54;28;15;19;16;28;29;20;19;12;12;7;3;9;0;7;1;0;3
110009;Trani;601;591;616;619;621;608;608;602;639;596;630;666;688;655;684;670;716;697;718;745;805;735;743;767;750;818;764;851;889;848;868;871;868;884;882;846;934;867;880;889;898;862;784;824;734;752;685;712;659;654;609;641;654;674;699;695;625;553;490;474;530;499;542;480;473;472;431;470;438;389;423;409;362;346;340;318;310;281;275;259;231;222;234;139;92;95;103;83;75;75;70;49;46;27;12;10;12;6;9;0;3
110010;Trinitapoli;154;181;195;204;175;170;186;199;189;163;194;189;212;212;206;207;181;190;194;192;190;195;210;237;248;225;233;221;218;237;229;247;250;256;201;217;202;189;203;204;211;185;188;169;169;184;150;153;146;157;177;162;144;184;176;169;185;129;134;131;135;135;123;142;129;125;118;132;123;132;113;101;104;114;113;87;107;77;93;78;79;69;89;41;44;29;20;19;29;23;20;18;15;9;7;5;4;0;1;2;1
;Totale;4492;4401;4638;4639;4421;4574;4523;4489;4767;4614;4900;5078;4965;4914;4912;4847;4963;4772;5042;5111;5300;5316;5452;5682;5815;5960;5997;6094;6406;6073;6215;6336;6283;6370;6189;6189;6395;6077;6340;5959;5837;5617;5289;5278;4876;5029;4739;4687;4665;4361;4311;4487;4453;4558;4900;4539;4656;3911;3615;3653;3661;3559;3941;3680;3460;3528;3255;3346;3232;2991;3039;3183;2971;2713;2566;2690;2478;2182;2042;2029;1912;1723;1821;969;770;671;712;734;639;571;493;378;317;191;153;97;72;55;34;20;33
Territorio/Età;;0;1;2;3;4;5;6;7;8;9;10;11;12;13;14;15;16;17;18;19;20;21;22;23;24;25;26;27;28;29;30;31;32;33;34;35;36;37;38;39;40;41;42;43;44;45;46;47;48;49;50;51;52;53;54;55;56;57;58;59;60;61;62;63;64;65;66;67;68;69;70;71;72;73;74;75;76;77;78;79;80;81;82;83;84;85;86;87;88;89;90;91;92;93;94;95;96;97;98;99;100
Codice comune;Comune;Maschi
110001;Andria;625;601;613;676;632;659;619;638;657;633;677;698;648;660;663;641;683;647;678;686;694;713;732;761;811;828;827;834;830;781;788;878;807;782;813;795;752;721;759;694;749;684;637;663;610;628;570;523;536;517;531;519;540;566;608;533;560;444;453;458;402;419;446;427;401;402;328;352;324;291;322;327;302;263;243;311;228;222;178;162;159;141;159;82;71;57;72;66;50;48;36;27;25;10;10;10;6;2;0;2;0
110002;Barletta;571;559;575;616;570;538;607;536;575;531;629;650;655;646;618;647;620;629;665;667;649;684;687;703;761;775;802;777;805;737;833;769;776;729;779;781;778;718;761;724;663;669;620;630;562;638;553;563;544;544;508;514;536;526;615;534;558;451;416;445;434;445;477;420;381;416;377;382;388;326;297;341;294;271;283;293;262;189;182;172;161;160;135;64;71;45;58;62;52;35;37;29;21;11;11;2;4;6;3;0;3
110003;Bisceglie;318;260;280;292;286;305;279;267;311;306;348;339;333;311;338;332;336;296;302;335;344;350;364;354;393;361;399;371;399;397;380;445;418;436;463;485;445;476;490;466;401;406;363;372;351;338;374;327;360;300;298;310;324;321;318;287;325;277;219;264;252;216;286;234;224;253;230;207;219;197;212;214;202;192;180;142;182;145;140;123;107;108;110;47;27;32;41;40;25;28;25;15;13;5;5;6;2;3;2;2;1
110004;Canosa di Puglia;156;178;191;173;183;183;198;182;202;205;221;210;182;210;197;192;208;183;204;193;200;210;217;231;213;209;233;264;245;243;240;249;257;258;244;262;244;238;235;234;220;213;209;214;171;191;165;193;170;184;177;168;168;195;198;214;192;183;161;131;152;117;165;160;142;149;127;140;119;117;109;97;139;105;93;115;98;104;58;81;80;66;85;31;20;35;22;30;31;14;16;11;8;6;8;2;3;3;1;0;0
110005;Margherita di Savoia;59;74;65;57;68;59;80;62;96;79;69;99;94;74;75;74;77;68;82;65;79;85;77;91;78;97;90;88;72;73;89;89;92;101;99;83;108;101;94;117;73;99;77;87;69;78;70;63;69;61;78;59;77;74;87;62;94;75;64;57;69;79;79;67;76;47;54;65;56;50;55;67;53;55;53;39;45;42;37;45;37;25;30;19;17;9;10;12;8;16;3;7;2;2;1;0;1;1;1;1;0
110006;Minervino Murge;40;54;39;44;48;55;52;61;60;55;49;70;65;52;58;48;51;44;62;62;57;72;54;69;70;67;88;74;91;75;74;77;100;74;81;86;82;70;73;62;66;66;57;58;66;70;65;54;65;44;54;65;63;64;67;67;62;47;42;62;43;49;53;54;58;61;63;53;53;43;46;44;56;43;42;46;41;24;21;33;24;18;29;6;10;8;8;14;10;17;9;4;7;7;4;3;0;1;0;0;0
110007;San Ferdinando di Puglia;96;76;85;85;72;106;103;101;106;115;100;112;110;95;87;73;103;90;88;108;79;92;80;98;99;119;94;96;110;108;101;114;95;93;106;108;99;111;128;103;106;86;99;85;78;85;82;81;70;68;79;77;73;77;97;72;81;92;70;73;78;64;77;62;66;58;75;64;64;54;53;65;62;58;45;49;51;46;49;50;56;53;45;21;22;12;13;10;9;13;11;7;8;4;3;3;2;1;2;0;1
110008;Spinazzola;26;29;24;38;41;41;33;34;51;34;48;51;44;38;53;49;49;36;41;51;51;37;59;38;39;39;35;55;60;41;49;49;60;44;47;50;49;48;51;56;59;50;56;45;56;44;39;53;48;44;36;52;41;49;38;42;40;35;40;37;39;27;36;45;29;24;22;31;35;35;39;36;36;28;38;41;25;26;29;17;18;20;22;15;3;9;8;12;9;9;5;5;2;3;2;4;0;2;0;0;1
110009;Trani;300;285;310;324;306;308;329;317;344;309;314;355;362;352;372;351;394;365;370;363;409;382;393;397;395;395;387;412;447;421;429;410;421;429;453;429;449;443;418;444;455;435;408;395;326;367;351;384;304;323;295;317;306;317;358;324;310;259;256;237;248;227;267;231;220;236;203;226;204;178;200;189;164;151;155;157;129;118;108;101;82;91;104;38;28;36;34;30;24;21;18;14;22;8;5;3;2;1;0;0;1
110010;Trinitapoli;84;102;118;103;85;79;92;97;92;88;87;89;99;108;102;106;103;95;94;105;100;95;104;106;127;110;97;109;98;112;121;120;122;127;99;116;98;100;105;104;101;86;103;81;85;89;74;79;59;77;78;73;74;87;88;77;88;61;68;66;71;74;60;66;68;55;65;72;64;58;59;47;31;54;50;40;44;36;39;40;30;26;33;9;15;14;9;11;14;10;5;4;6;5;4;0;0;0;0;0;0
;Totale;2275;2218;2300;2408;2291;2333;2392;2295;2494;2355;2542;2673;2592;2546;2563;2513;2624;2453;2586;2635;2662;2720;2767;2848;2986;3000;3052;3080;3157;2988;3104;3200;3148;3073;3184;3195;3104;3026;3114;3004;2893;2794;2629;2630;2374;2528;2343;2320;2225;2162;2134;2154;2202;2276;2474;2212;2310;1924;1789;1830;1788;1717;1946;1766;1665;1701;1544;1592;1526;1349;1392;1427;1339;1220;1182;1233;1105;952;841;824;754;708;752;332;284;257;275;287;232;211;165;123;114;61;53;33;20;20;9;5;7
Territorio/Età;;0;1;2;3;4;5;6;7;8;9;10;11;12;13;14;15;16;17;18;19;20;21;22;23;24;25;26;27;28;29;30;31;32;33;34;35;36;37;38;39;40;41;42;43;44;45;46;47;48;49;50;51;52;53;54;55;56;57;58;59;60;61;62;63;64;65;66;67;68;69;70;71;72;73;74;75;76;77;78;79;80;81;82;83;84;85;86;87;88;89;90;91;92;93;94;95;96;97;98;99;100
Codice comune;Comune;Femmine
110001;Andria;627;591;628;610;574;572;561;554;611;622;623;641;628;623;632;621;637;616;726;619;727;719;732;743;760;757;829;803;870;837;776;832;853;884;744;796;812;733;832;701;705;781;658;659;656;601;587;570;561;511;543;550;546;569;604;505;560;431;407;433;472;453;468;468;416;429;386;404;413;361;380;413;402;285;318;334;291;283;237;269;248;219;241;144;135;89;120;113;86;83;72;55;41;22;30;7;12;2;5;3;3
110002;Barletta;548;575;609;579;511;549;526;537;554;572;579;567;543;573;567;547;569;522;567;607;602;647;674;662;701;736;669;724;771;737;750;756;755;798;729;697;758;760;732;678;718;636;656;640;579;585;588;581;599;546;476;560;526;501;594;576;570;514;447;449;430;454;479;437;397;411;381;392;360;404;367;411;350;365;294;363;298;253;258;268;255;195;209;123;97;92;86;97;84;52;53;47;41;22;23;13;7;9;0;4;11
110003;Bisceglie;295;248;303;266;263;303;264;288;269;276;298;308;298;296;251;291;288;321;265;312;308;312;318;377;339;393;394;398;429;400;441;437;419;462;426;437;520;449;477;442;431;353;387;326;345;367;330;337;354;324;316;363;301;318;307;318;327;262;273;254;276;247;300;260;266;256;248;243;233;221;258;274;221;209;183;180;205;172;190;148;170;149;162;78;61;55;57;67;54;63;42;43;36;17;17;13;7;6;2;5;2
110004;Canosa di Puglia;148;158;185;147;158;177;184;187;188;179;186;195;185;201;201;196;181;165;193;191;219;194;201;254;267;233;247;233;260;258;268;246;230;260;273;214;243;246;280;238;213;222;190;213;186;195;203;208;204;182;172;161;190;184;210;193;201;176;155;163;149;125;164;181;159;159;170;171;159;137;127;144;139;133;131;135;115;143;127;118;101;106;99;63;37;38;44;36;37;41;36;25;15;18;7;9;6;1;4;1;1
110005;Margherita di Savoia;67;41;62;68;56;69;56;72;67;76;71;90;58;80;72;87;70;62;69;64;74;66;97;78;76;87;67;87;107;84;99;77;95;89;83;100;108;102;98;128;94;81;95;86;73;83;81;84;87;68;83;71;80;74;88;80;72;86;75;64;58;83;75;68;63;82;68;63;69;65;71;75;65;82;57;61;62;45;58;43;50;49;52;32;18;20;7;17;26;11;11;9;12;7;4;1;3;1;0;0;1
110006;Minervino Murge;41;54;52;55;53;50;49;51;37;57;44;46;68;47;64;53;49;70;52;69;69;64;68;64;57;68;72;74;75;78;66;72;74;75;63;78;75;70;81;62;70;60;60;67;51;50;55;58;52;55;70;81;75;55;67;66;71;59;45;53;54;46;72;62;66;68;68;73;75;54;58;55;73;46;47;52;43;42;40;52;42;47;47;28;15;17;23;25;20;15;18;11;11;7;6;3;2;6;2;0;0
110007;San Ferdinando di Puglia;88;96;86;77;76;92;78;87;108;73;90;96;95;95;98;85;95;82;87;99;102;93;94;101;112;105;114;108;115;101;107;92;106;103;104;90;124;124;96;92;110;100;103;85;72;90;92;81;90;71;63;89;68;87;85;88;89;66;81;73;59;66;58;72;70;72;71;63;62;71;78;61;62;74;57;83;71;56;40;63;59;47;41;23;18;19;12;15;14;17;15;9;4;10;2;1;1;0;1;0;3
110008;Spinazzola;32;35;30;33;34;38;40;31;47;42;44;51;59;46;48;34;50;54;49;46;51;48;45;54;41;43;40;36;60;38;57;36;28;42;52;64;62;54;70;69;50;64;50;55;48;50;50;46;51;31;41;45;47;40;42;38;44;31;43;32;29;35;41;41;44;44;38;41;42;44;31;49;49;44;49;41;44;32;30;48;35;29;32;13;12;10;8;16;20;11;14;7;10;4;1;5;0;5;1;0;2
110009;Trani;301;306;306;295;315;300;279;285;295;287;316;311;326;303;312;319;322;332;348;382;396;353;350;370;355;423;377;439;442;427;439;461;447;455;429;417;485;424;462;445;443;427;376;429;408;385;334;328;355;331;314;324;348;357;341;371;315;294;234;237;282;272;275;249;253;236;228;244;234;211;223;220;198;195;185;161;181;163;167;158;149;131;130;101;64;59;69;53;51;54;52;35;24;19;7;7;10;5;9;0;2
110010;Trinitapoli;70;79;77;101;90;91;94;102;97;75;107;100;113;104;104;101;78;95;100;87;90;100;106;131;121;115;136;112;120;125;108;127;128;129;102;101;104;89;98;100;110;99;85;88;84;95;76;74;87;80;99;89;70;97;88;92;97;68;66;65;64;61;63;76;61;70;53;60;59;74;54;54;73;60;63;47;63;41;54;38;49;43;56;32;29;15;11;8;15;13;15;14;9;4;3;5;4;0;1;2;1
;Totale;2217;2183;2338;2231;2130;2241;2131;2194;2273;2259;2358;2405;2373;2368;2349;2334;2339;2319;2456;2476;2638;2596;2685;2834;2829;2960;2945;3014;3249;3085;3111;3136;3135;3297;3005;2994;3291;3051;3226;2955;2944;2823;2660;2648;2502;2501;2396;2367;2440;2199;2177;2333;2251;2282;2426;2327;2346;1987;1826;1823;1873;1842;1995;1914;1795;1827;1711;1754;1706;1642;1647;1756;1632;1493;1384;1457;1373;1230;1201;1205;1158;1015;1069;637;486;414;437;447;407;360;328;255;203;130;100;64;52;35;25;15;26

"Ricostruzione della popolazione intercensuaria - Popolazione al 1° gennaio per età"
"Cittadinanza italiana - Anno: 2004 - Provincia: Barletta-Andria-Trani"
Territorio/Età;;0;1;2;3;4;5;6;7;8;9;10;11;12;13;14;15;16;17;18;19;20;21;22;23;24;25;26;27;28;29;30;31;32;33;34;35;36;37;38;39;40;41;42;43;44;45;46;47;48;49;50;51;52;53;54;55;56;57;58;59;60;61;62;63;64;65;66;67;68;69;70;71;72;73;74;75;76;77;78;79;80;81;82;83;84;85;86;87;88;89;90;91;92;93;94;95;96;97;98;99;100
Codice comune;Comune;Totale
110001;Andria;1181;1250;1197;1246;1287;1206;1234;1181;1191;1266;1253;1298;1336;1281;1282;1296;1263;1321;1259;1404;1301;1418;1426;1461;1490;1561;1578;1647;1630;1695;1606;1560;1711;1648;1677;1553;1587;1558;1457;1589;1392;1450;1467;1290;1326;1265;1234;1155;1088;1094;1031;1070;1067;1084;1128;1212;1038;1117;872;858;885;870;862;906;896;806;829;709;747;737;651;693;723;686;539;546;622;492;486;397;404;388;338;365;204;185;125;168;152;100;111;88;59;45;19;29;13;13;2;1;5
110002;Barletta;1027;1119;1125;1184;1199;1081;1085;1136;1079;1140;1107;1210;1216;1193;1216;1184;1199;1187;1148;1236;1269;1244;1337;1357;1345;1446;1488;1450;1485;1560;1466;1567;1521;1514;1523;1515;1480;1530;1479;1493;1402;1382;1308;1270;1265;1147;1221;1142;1138;1138;1089;978;1071;1065;1023;1205;1108;1127;957;851;885;858;890;938;849;773;820;753;750;738;723;646;740;629;617;557;639;538;427;422;409;390;332;318;173;163;125;124;136;118;71;81;63;51;24;30;13;8;11;0;9
110003;Bisceglie;608;616;516;589;574;551;615;549;556;589;583;654;654;634;613;591;625;626;610;574;657;662;671;690;743;750;749;800;765;853;818;837;892;842;902;901;928;968;927;962;917;835;760;756;702;699;712;703;670;716;631;623;680;630;638;624;614;649;538;488;518;528;461;583;493;489;503;471;450;446;414;466;478;410;392;348;306;374;287;320;254;260;231;258;112;81;79;84;92;63;81;55;43;37;14;13;13;9;7;2;6
110004;Canosa di Puglia;314;306;341;377;321;341;364;386;368;387;384;408;400;366;413;397;382;390;347;394;380;415;401;416;478;472;440;477;490;491;491;503;485;488;520;523;475;486;482;518;475;432;427;401;424;357;382;367;400;371;365;348;329;358;380;406;405;397;359;318;296;300;240;329;338;295;304;291;303;273;249;230;234;266;230;220;233;206;238;173;190;172;159;172;82;51;64;61;58;55;47;41;31;18;17;11;6;7;1;5;1
110005;Margherita di Savoia;128;126;117;128;125;121;132;136;137;167;156;138;192;154;156;150;166;148;132;150;129;148;145;172;167;158;186;155;176;180;152;192;165;194;190;185;178;214;204;198;243;166;183;174;176;146;165;152;150;160;138;162;136;158;153;178;145;172;165;138;121;129;160;155;134;139;130;120;124;122;116;125;140;116;132;109;95;103;87;86;79;83;67;74;46;27;25;15;25;30;23;10;13;10;5;4;1;3;1;1;2
110006;Minervino Murge;99;83;109;92;98;98;103;101;112;96;110;95;115;130;99;119;100;99;112;116;130;128;133;120;132;128;130;159;144;162;152;138;144;171;148;144;162;153;141;150;125;135;125;117;124;117;120;120;112;120;100;122;145;138;119;132;134;130;106;85;114;96;96;125;115;123;129;131;120;130;92;98;93;122;84;84;89;78;64;61;78;63;61;68;28;22;23;26;31;25;24;25;9;13;9;9;2;1;6;0;0
110007;San Ferdinando di Puglia;155;178;171;171;164;146;199;182;189;215;184;191;206;207;191;187;160;195;172;173;203;179;182;167;194;210;215;202;203;220;209;211;210;199;201;211;201;225;237;227;199;217;192;205;169;149;174;174;162;162;137;139;167;139;163;181;156;171;155;149;146;135;129;132;134;134;129;147;124;125;121;128;124;118;128;98;131;122;95;83;108;104;92;76;41;37;27;22;21;19;23;23;9;10;12;3;2;3;1;3;3
110008;Spinazzola;65;58;64;53;69;76;80;75;66;99;76;91;101;103;83;102;84;97;91;87;94;99;82;101;89;76;83;78;90;120;78;106;85;85;81;100;115;112;101;123;124;105;116;106;100;104;96;89;99;96;75;78;95;90;90;79;81;84;63;83;67;67;61;77;88;72;69;61;71;74;81;67;85;82;71;87;79;67;57;54;64;50;49;52;27;14;17;14;25;24;17;16;8;10;5;1;9;0;5;0;3
110009;Trani;613;605;592;609;611;624;606;607;602;642;596;629;664;692;655;684;672;717;697;722;742;806;727;744;761;748;817;769;853;888;830;860;870;871;884;884;847;936;866;882;887;890;857;789;830;738;752;683;713;662;655;609;638;652;671;696;695;637;556;490;472;527;506;537;474;468;469;427;470;429;384;419;399;351;336;325;309;294;272;263;249;215;208;217;126;82;86;91;71;66;52;57;34;36;22;9;7;11;5;7;0
110010;Trinitapoli;176;157;175;196;208;173;173;183;197;186;163;195;189;209;211;205;208;181;188;195;194;188;192;208;232;243;222;233;215;219;235;224;246;246;253;197;217;199;186;203;202;210;185;186;170;170;186;152;154;146;156;175;160;144;188;177;170;189;130;136;133;134;135;122;143;128;125;117;132;122;129;110;100;101;109;110;83;104;75;90;70;72;64;82;40;39;26;16;14;22;18;16;15;9;8;4;4;2;0;1;0
;Totale;4366;4498;4407;4645;4656;4417;4591;4536;4497;4787;4612;4909;5073;4969;4919;4915;4859;4961;4756;5051;5099;5287;5296;5436;5631;5792;5908;5970;6051;6388;6037;6198;6329;6258;6379;6213;6190;6381;6080;6345;5966;5822;5620;5294;5286;4892;5042;4737;4686;4665;4377;4304;4488;4458;4553;4890;4546;4673;3901;3596;3637;3644;3540;3904;3664;3427;3507;3227;3291;3196;2960;2982;3116;2881;2638;2484;2586;2378;2088;1949;1905;1797;1601;1682;879;701;597;621;625;522;467;412;284;239;135;113;70;57;39;20;29
Territorio/Età;;0;1;2;3;4;5;6;7;8;9;10;11;12;13;14;15;16;17;18;19;20;21;22;23;24;25;26;27;28;29;30;31;32;33;34;35;36;37;38;39;40;41;42;43;44;45;46;47;48;49;50;51;52;53;54;55;56;57;58;59;60;61;62;63;64;65;66;67;68;69;70;71;72;73;74;75;76;77;78;79;80;81;82;83;84;85;86;87;88;89;90;91;92;93;94;95;96;97;98;99;100
Codice comune;Comune;Maschi
110001;Andria;616;622;604;614;675;632;663;620;636;654;632;676;696;650;659;664;641;682;644;678;682;691;708;732;754;808;821;815;830;826;773;790;884;795;792;810;790;747;720;759;692;746;686;637;667;608;630;570;520;535;520;529;516;539;559;606;535;556;445;453;455;401;413;442;424;396;400;324;345;325;289;317;317;295;259;233;294;215;208;169;149;149;130;141;71;61;50;61;54;37;38;30;21;20;6;6;8;5;0;0;2
110002;Barletta;561;572;557;579;619;568;536;607;540;583;535;632;651;654;646;620;649;619;628;664;667;644;683;684;693;750;762;788;774;804;734;818;769;767;719;786;781;776;720;759;725;666;672;618;629;569;636;554;559;539;543;505;512;538;524;612;534;556;450;409;439;427;440;463;412;381;410;375;368;379;322;286;337;286;262;273;281;249;179;172;157;149;151;122;61;69;41;49;51;47;26;32;22;15;7;9;1;1;6;0;1
110003;Bisceglie;303;319;263;286;297;290;309;279;263;316;304;352;342;332;312;341;334;335;292;301;336;346;351;364;355;400;359;399;373;411;410;397;451;424;437;472;490;446;478;488;471;402;408;365;372;357;339;371;331;362;307;304;312;327;318;315;290;320;276;217;264;252;216;284;232;223;249;223;207;214;198;210;212;194;183;171;134;175;131;134;114;101;95;106;40;24;27;36;31;20;25;19;12;10;3;4;2;2;3;2;3
110004;Canosa di Puglia;175;157;180;193;174;182;187;203;181;201;206;223;207;181;211;196;191;209;182;205;190;197;204;215;229;208;207;230;263;238;237;238;243;254;260;247;262;244;239;238;236;220;209;213;211;171;190;165;192;167;182;177;167;167;195;195;213;193;183;162;134;149;115;165;159;138;146;125;134;117;115;107;92;131;100;89;107;92;99;52;77;73;61;76;26;16;29;19;24;28;10;14;8;6;4;5;0;1;1;1;0
110005;Margherita di Savoia;61;61;77;67;55;67;61;78;62;99;78;68;100;95;74;77;77;78;68;80;66;76;83;80;89;81;101;91;89;74;72;93;87;98;98;99;79;110;100;99;115;70;101;79;87;72;80;70;66;71;65;80;64;78;74;89;63;96;77;63;57;70;77;79;67;76;49;54;62;53;51;54;66;51;52;55;38;42;43;32;39;35;21;26;17;11;10;9;11;8;15;0;4;1;1;1;0;0;1;1;1
110006;Minervino Murge;51;42;55;40;42;46;53;53;62;60;54;51;70;63;52;56;48;50;44;63;60;58;71;54;70;69;65;87;71;88;75;74;76;100;74;81;86;80;71;72;63;64;66;58;58;66;69;64;54;65;45;54;66;63;64;66;67;59;47;41;61;42;49;52;54;55;61;63;51;53;41;42;41;51;39;40;41;36;21;22;30;21;17;24;6;9;7;8;10;9;11;9;2;5;4;3;1;0;0;0;0
110007;San Ferdinando di Puglia;88;92;74;85;86;71;107;103;103;105;113;100;110;111;95;88;74;101;90;87;106;79;92;75;93;97;115;89;95;109;107;105;117;92;94;108;110;102;114;130;107;107;89;101;84;78;84;83;81;71;69;77;77;71;76;97;71;81;90;69;73;78;63;75;62;66;57;76;62;64;52;52;64;58;56;43;49;51;39;46;49;51;48;37;18;20;10;13;9;8;11;10;3;7;3;1;1;2;1;2;1
110008;Spinazzola;30;27;28;24;38;41;42;34;34;52;34;47;51;45;39;53;49;48;37;41;50;48;36;58;37;34;40;38;56;61;38;50;49;60;40;46;50;51;48;51;56;56;51;56;45;56;44;38;53;47;45;37;52;42;50;37;42;40;33;40;37;39;25;36;46;29;25;23;31;33;37;36;35;34;28;39;40;26;27;27;17;17;18;21;14;3;8;6;12;8;7;4;3;2;1;0;4;0;1;0;1
110009;Trani;322;298;289;308;319;309;308;331;317;348;313;314;357;366;352;371;351;395;365;374;361;410;378;395;396;392;399;394;413;449;415;426;410;425;433;457;430;453;440;425;438;448;432;407;399;330;366;350;383;306;323;294;314;305;318;356;326;320;261;256;237;248;232;266;229;218;234;199;227;197;173;197;186;157;144;146;150;120;112;100;97;74;82;95;33;24;34;30;24;21;15;13;10;15;7;3;1;1;0;0;0
110010;Trinitapoli;77;84;99;116;106;83;80;90;99;89;87;87;90;97;109;102;107;103;94;95;107;99;92;102;102;124;108;100;104;101;114;118;116;120;124;97;116;97;98;107;103;101;87;101;81;84;89;74;80;60;77;78;72;74;87;88;78;88;60;69;66;70;74;60;66;68;56;64;73;64;57;57;46;30;51;48;39;42;34;37;35;26;24;32;9;11;12;7;7;10;7;4;3;4;4;3;0;0;0;0;0
;Totale;2284;2274;2226;2312;2411;2289;2346;2398;2297;2507;2356;2550;2674;2594;2549;2568;2521;2620;2444;2588;2625;2648;2698;2759;2818;2963;2977;3031;3068;3161;2975;3109;3202;3135;3071;3203;3194;3106;3028;3128;3006;2880;2801;2635;2633;2391;2527;2339;2319;2223;2176;2135;2152;2204;2265;2461;2219;2309;1922;1779;1823;1776;1704;1922;1751;1650;1687;1526;1560;1499;1335;1358;1396;1287;1174;1137;1173;1048;893;791;764;696;647;680;295;248;228;238;233;196;165;135;88;85;40;35;18;12;13;6;9
Territorio/Età;;0;1;2;3;4;5;6;7;8;9;10;11;12;13;14;15;16;17;18;19;20;21;22;23;24;25;26;27;28;29;30;31;32;33;34;35;36;37;38;39;40;41;42;43;44;45;46;47;48;49;50;51;52;53;54;55;56;57;58;59;60;61;62;63;64;65;66;67;68;69;70;71;72;73;74;75;76;77;78;79;80;81;82;83;84;85;86;87;88;89;90;91;92;93;94;95;96;97;98;99;100
Codice comune;Comune;Femmine
110001;Andria;565;628;593;632;612;574;571;561;555;612;621;622;640;631;623;632;622;639;615;726;619;727;718;729;736;753;757;832;800;869;833;770;827;853;885;743;797;811;737;830;700;704;781;653;659;657;604;585;568;559;511;541;551;545;569;606;503;561;427;405;430;469;449;464;472;410;429;385;402;412;362;376;406;391;280;313;328;277;278;228;255;239;208;224;133;124;75;107;98;63;73;58;38;25;13;23;5;8;2;1;3
110002;Barletta;466;547;568;605;580;513;549;529;539;557;572;578;565;539;570;564;550;568;520;572;602;600;654;673;652;696;726;662;711;756;732;749;752;747;804;729;699;754;759;734;677;716;636;652;636;578;585;588;579;599;546;473;559;527;499;593;574;571;507;442;446;431;450;475;437;392;410;378;382;359;401;360;403;343;355;284;358;289;248;250;252;241;181;196;112;94;84;75;85;71;45;49;41;36;17;21;12;7;5;0;8
110003;Bisceglie;305;297;253;303;277;261;306;270;293;273;279;302;312;302;301;250;291;291;318;273;321;316;320;326;388;350;390;401;392;442;408;440;441;418;465;429;438;522;449;474;446;433;352;391;330;342;373;332;339;354;324;319;368;303;320;309;324;329;262;271;254;276;245;299;261;266;254;248;243;232;216;256;266;216;209;177;172;199;156;186;140;159;136;152;72;57;52;48;61;43;56;36;31;27;11;9;11;7;4;0;3
110004;Canosa di Puglia;139;149;161;184;147;159;177;183;187;186;178;185;193;185;202;201;191;181;165;189;190;218;197;201;249;264;233;247;227;253;254;265;242;234;260;276;213;242;243;280;239;212;218;188;213;186;192;202;208;204;183;171;162;191;185;211;192;204;176;156;162;151;125;164;179;157;158;166;169;156;134;123;142;135;130;131;126;114;139;121;113;99;98;96;56;35;35;42;34;27;37;27;23;12;13;6;6;6;0;4;1
110005;Margherita di Savoia;67;65;40;61;70;54;71;58;75;68;78;70;92;59;82;73;89;70;64;70;63;72;62;92;78;77;85;64;87;106;80;99;78;96;92;86;99;104;104;99;128;96;82;95;89;74;85;82;84;89;73;82;72;80;79;89;82;76;88;75;64;59;83;76;67;63;81;66;62;69;65;71;74;65;80;54;57;61;44;54;40;48;46;48;29;16;15;6;14;22;8;10;9;9;4;3;1;3;0;0;1
110006;Minervino Murge;48;41;54;52;56;52;50;48;50;36;56;44;45;67;47;63;52;49;68;53;70;70;62;66;62;59;65;72;73;74;77;64;68;71;74;63;76;73;70;78;62;71;59;59;66;51;51;56;58;55;55;68;79;75;55;66;67;71;59;44;53;54;47;73;61;68;68;68;69;77;51;56;52;71;45;44;48;42;43;39;48;42;44;44;22;13;16;18;21;16;13;16;7;8;5;6;1;1;6;0;0
110007;San Ferdinando di Puglia;67;86;97;86;78;75;92;79;86;110;71;91;96;96;96;99;86;94;82;86;97;100;90;92;101;113;100;113;108;111;102;106;93;107;107;103;91;123;123;97;92;110;103;104;85;71;90;91;81;91;68;62;90;68;87;84;85;90;65;80;73;57;66;57;72;68;72;71;62;61;69;76;60;60;72;55;82;71;56;37;59;53;44;39;23;17;17;9;12;11;12;13;6;3;9;2;1;1;0;1;2
110008;Spinazzola;35;31;36;29;31;35;38;41;32;47;42;44;50;58;44;49;35;49;54;46;44;51;46;43;52;42;43;40;34;59;40;56;36;25;41;54;65;61;53;72;68;49;65;50;55;48;52;51;46;49;30;41;43;48;40;42;39;44;30;43;30;28;36;41;42;43;44;38;40;41;44;31;50;48;43;48;39;41;30;27;47;33;31;31;13;11;9;8;13;16;10;12;5;8;4;1;5;0;4;0;2
110009;Trani;291;307;303;301;292;315;298;276;285;294;283;315;307;326;303;313;321;322;332;348;381;396;349;349;365;356;418;375;440;439;415;434;460;446;451;427;417;483;426;457;449;442;425;382;431;408;386;333;330;356;332;315;324;347;353;340;369;317;295;234;235;279;274;271;245;250;235;228;243;232;211;222;213;194;192;179;159;174;160;163;152;141;126;122;93;58;52;61;47;45;37;44;24;21;15;6;6;10;5;7;0
110010;Trinitapoli;99;73;76;80;102;90;93;93;98;97;76;108;99;112;102;103;101;78;94;100;87;89;100;106;130;119;114;133;111;118;121;106;130;126;129;100;101;102;88;96;99;109;98;85;89;86;97;78;74;86;79;97;88;70;101;89;92;101;70;67;67;64;61;62;77;60;69;53;59;58;72;53;54;71;58;62;44;62;41;53;35;46;40;50;31;28;14;9;7;12;11;12;12;5;4;1;4;2;0;1;0
;Totale;2082;2224;2181;2333;2245;2128;2245;2138;2200;2280;2256;2359;2399;2375;2370;2347;2338;2341;2312;2463;2474;2639;2598;2677;2813;2829;2931;2939;2983;3227;3062;3089;3127;3123;3308;3010;2996;3275;3052;3217;2960;2942;2819;2659;2653;2501;2515;2398;2367;2442;2201;2169;2336;2254;2288;2429;2327;2364;1979;1817;1814;1868;1836;1982;1913;1777;1820;1701;1731;1697;1625;1624;1720;1594;1464;1347;1413;1330;1195;1158;1141;1101;954;1002;584;453;369;383;392;326;302;277;196;154;95;78;52;45;26;14;20

"Ricostruzione della popolazione intercensuaria - Popolazione al 1° gennaio per età"
"Cittadinanza italiana - Anno: 2005 - Provincia: Barletta-Andria-Trani"
Territorio/Età;;0;1;2;3;4;5;6;7;8;9;10;11;12;13;14;15;16;17;18;19;20;21;22;23;24;25;26;27;28;29;30;31;32;33;34;35;36;37;38;39;40;41;42;43;44;45;46;47;48;49;50;51;52;53;54;55;56;57;58;59;60;61;62;63;64;65;66;67;68;69;70;71;72;73;74;75;76;77;78;79;80;81;82;83;84;85;86;87;88;89;90;91;92;93;94;95;96;97;98;99;100
Codice comune;Comune;Totale
110001;Andria;1149;1178;1251;1196;1246;1286;1206;1236;1186;1195;1269;1254;1299;1338;1281;1283;1299;1269;1324;1255;1402;1295;1414;1418;1461;1477;1555;1568;1637;1632;1682;1586;1548;1697;1649;1669;1554;1586;1557;1454;1579;1390;1451;1464;1290;1324;1260;1240;1151;1092;1091;1033;1066;1059;1083;1123;1208;1040;1116;873;858;882;868;854;906;895;799;821;698;730;724;638;677;709;672;528;532;590;468;477;379;371;358;308;329;185;166;112;141;124;82;90;74;53;39;13;26;4;8;2;6
110002;Barletta;1088;1024;1114;1124;1190;1200;1086;1083;1130;1081;1143;1103;1211;1216;1194;1220;1186;1200;1184;1147;1231;1267;1235;1328;1353;1321;1430;1481;1437;1470;1549;1461;1555;1529;1506;1531;1506;1485;1521;1482;1495;1405;1387;1305;1274;1266;1149;1217;1135;1139;1134;1083;975;1064;1062;1025;1201;1110;1121;952;848;879;853;886;930;836;771;810;745;735;727;711;625;724;608;599;536;603;510;406;401;377;366;309;286;164;143;117;106;108;98;60;66;52;40;18;24;10;3;5;10
110003;Bisceglie;671;612;620;523;593;580;554;622;550;558;597;587;655;649;636;619;597;633;626;610;577;658;673;678;700;750;758;761;819;781;862;837;857;913;862;911;913;933;974;933;961;922;839;766;763;711;702;720;708;675;720;634;610;683;628;636;620;618;654;536;488;517;533;466;582;496;482;495;465;440;435;406;462;465;397;384;335;301;355;278;300;238;237;210;241;101;70;69;69;80;51;64;36;36;27;11;10;7;9;3;7
110004;Canosa di Puglia;270;309;304;341;378;319;343;368;389;369;384;390;408;399;366;413;398;384;390;346;394;383;410;397;407;465;462;430;466;477;485;493;498;485;483;520;521;476;485;480;517;476;427;424;397;420;361;379;367;399;373;362;344;328;357;380;405;405;393;352;319;295;296;235;331;332;292;298;290;302;267;246;226;222;260;227;209;225;194;229;168;175;161;150;155;75;46;51;56;48;45;39;36;24;15;14;9;4;7;1;4
110005;Margherita di Savoia;108;123;125;117;127;123;118;133;134;137;166;157;138;191;151;155;151;167;148;130;153;126;145;143;170;162;157;179;155;173;181;147;188;165;194;186;189;177;218;206;194;239;163;181;178;179;147;168;152;151;157;144;161;133;161;154;176;147;170;166;138;125;129;154;154;135;140;131;116;118;120;113;120;138;110;122;106;95;100;85;81;77;75;64;67;43;20;23;11;20;26;20;7;8;10;4;4;2;3;0;3
110006;Minervino Murge;108;100;82;107;93;98;97;102;100;111;96;109;96;113;130;99;121;99;99;111;113;129;126;130;118;125;127;129;157;140;161;149;137;139;169;147;144;158;153;143;149;124;135;124;117;122;118;120;119;111;118;100;122;145;135;118;133;133;130;105;87;113;96;96;124;118;118;125;127;120;122;88;96;91;119;78;80;88;74;60;57;70;61;61;61;22;20;17;24;28;22;22;22;6;6;5;7;1;1;6;0
110007;San Ferdinando di Puglia;172;158;176;172;170;161;146;198;180;192;215;184;191;208;208;195;189;159;194;174;170;201;179;182;164;191;210;213;199;200;214;205;211;210;200;205;218;206;224;237;228;199;215;193;204;170;148;171;174;163;162;139;136;165;140;164;181;156;170;156;151;144;136;130;128;133;134;130;146;122;123;120;128;124;114;126;93;126;116;90;81;100;94;89;68;35;30;22;15;18;16;18;19;7;9;10;2;2;3;1;5
110008;Spinazzola;56;64;58;63;54;68;77;80;72;66;97;76;91;99;103;83;103;85;95;90;87;90;95;75;101;89;78;86;85;96;116;76;103;85;81;79;98;115;107;102;121;124;102;114;107;100;103;95;90;98;96;75;79;95;89;90;79;81;83;62;83;68;67;60;78;86;72;70;62;65;72;78;66;84;80;68;82;73;64;54;51;61;48;46;50;24;10;16;13;19;23;17;15;6;7;3;1;5;0;2;1
110009;Trani;557;605;608;588;615;612;626;611;604;604;642;596;631;661;689;656;684;671;717;693;714;737;788;727;740;764;742;810;758;845;876;808;849;865;861;874;880;847;924;863;887;886;887;859;788;829;733;748;676;714;664;650;607;636;656;663;693;704;632;554;488;463;523;500;531;472;464;468;418;468;423;378;411;393;346;321;315;293;282;260;252;233;199;187;199;109;69;74;78;58;54;43;44;27;26;18;6;3;7;3;4
110010;Trinitapoli;166;177;155;177;195;207;174;172;182;198;185;161;195;189;206;210;208;207;179;189;194;194;180;185;204;233;237;224;231;211;213;232;215;244;245;252;196;218;198;185;205;202;207;182;184;169;173;187;152;157;149;155;175;158;146;188;177;168;186;135;135;132;134;135;120;141;126;124;113;133;120;127;110;98;100;106;104;80;94;76;83;66;66;61;74;33;33;22;12;12;17;16;11;11;6;6;1;4;1;0;0
;Totale;4345;4350;4493;4408;4661;4654;4427;4605;4527;4511;4794;4617;4915;5063;4964;4933;4936;4874;4956;4745;5035;5080;5245;5263;5418;5577;5756;5881;5944;6025;6339;5994;6161;6332;6250;6374;6219;6201;6361;6085;6336;5967;5813;5612;5302;5290;4894;5045;4724;4699;4664;4375;4275;4466;4457;4541;4873;4562;4655;3891;3595;3618;3635;3516;3884;3644;3398;3472;3180;3233;3133;2905;2921;3048;2806;2559;2392;2474;2257;2015;1853;1768;1665;1485;1530;791;607;523;525;515;434;389;330;230;185;102;90;42;42;23;40
Territorio/Età;;0;1;2;3;4;5;6;7;8;9;10;11;12;13;14;15;16;17;18;19;20;21;22;23;24;25;26;27;28;29;30;31;32;33;34;35;36;37;38;39;40;41;42;43;44;45;46;47;48;49;50;51;52;53;54;55;56;57;58;59;60;61;62;63;64;65;66;67;68;69;70;71;72;73;74;75;76;77;78;79;80;81;82;83;84;85;86;87;88;89;90;91;92;93;94;95;96;97;98;99;100
Codice comune;Comune;Maschi
110001;Andria;574;615;623;605;615;675;631;665;622;639;654;633;676;695;646;659;666;643;682;643;674;681;691;702;735;744;805;816;812;834;817;764;789;872;791;785;812;787;746;721;750;693;746;687;640;667;603;632;569;523;532;520;526;512;538;556;602;540;554;445;454;452;399;405;443;423;391;394;319;335;318;280;311;310;290;251;228;273;207;204;159;136;141;113;118;61;53;44;48;41;30;28;26;22;18;4;6;3;3;0;2
110002;Barletta;578;558;569;557;583;619;568;536;605;541;584;533;635;650;656;647;622;650;618;627;661;665;642;678;681;677;744;760;784;764;792;728;810;772;763;724;776;781;766;716;760;727;672;674;619;629;570;635;549;562;535;538;505;507;539;525;610;532;553;447;409;437;425;438;461;405;379;406;366;356;372;316;271;328;274;249;254;262;233;168;162;138;136;137;104;59;57;36;39;40;38;24;25;20;11;3;8;1;0;3;2
110003;Bisceglie;352;306;321;266;286;299;292;313;279;264;321;306;351;337;333;315;343;337;334;292;303;332;349;352;367;358;399;359;412;372;417;417;404;458;436;443;477;495;448;479;487;470;404;410;369;376;357;343;372;337;366;308;295;312;326;316;311;294;325;275;217;263;252;217;285;234;218;244;220;200;209;193;207;208;186;175;165;131;164;126;122;105;87;80;97;36;18;25;29;25;16;20;10;9;10;2;3;1;2;0;4
110004;Canosa di Puglia;139;175;155;183;193;173;181;189;207;181;200;212;223;207;180;212;197;193;209;181;203;194;193;201;212;221;203;203;227;254;234;236;237;244;256;258;246;263;244;239;238;235;216;209;209;209;174;188;163;191;169;180;174;167;168;195;192;214;191;180;163;134;145;113;168;154;138;143;125;134;114;115;102;88;131;96;83;101;84;93;49;67;65;54;68;22;13;23;17;19;22;8;14;7;3;4;5;0;1;1;0
110005;Margherita di Savoia;57;60;61;76;67;56;65;63;76;62;98;79;68;98;92;74;79;78;79;67;83;63;75;80;81;87;82;96;89;87;79;69;91;88;95;93;100;80;109;99;98;113;71;99;82;88;73;81;70;66;69;69;78;63;79;74;89;62;95;78;63;59;69;75;80;66;78;49;54;61;52;49;50;66;47;47;52;37;41;41;31;38;31;19;22;14;9;10;6;8;8;12;0;3;1;0;1;0;0;0;2
110006;Minervino Murge;58;50;41;54;41;42;46;53;53;62;60;54;52;68;63;53;56;48;50;45;62;59;59;66;54;68;68;63;85;69;88;72;73;74;98;71;83;84;79;71;71;62;62;66;58;59;67;70;64;53;63;46;55;67;60;63;66;66;61;47;42;60;43;49;51;55;52;59;62;51;52;37;41;41;49;37;39;41;35;21;20;26;21;18;21;4;8;6;8;8;8;9;8;2;3;1;2;0;0;0;0
110007;San Ferdinando di Puglia;89;90;89;74;84;83;71;106;101;105;105;114;100;110;112;97;89;74;100;92;83;104;77;93;75;89;100;114;88;96;110;106;108;115;94;96;108;111;103;114;131;106;105;90;100;85;76;83;82;83;71;70;74;75;73;76;98;71;80;89;70;72;79;64;71;61;67;58;75;60;63;53;53;64;56;56;40;47;47;36;44;46;46;47;31;15;14;9;10;9;8;10;9;3;6;3;0;1;2;1;3
110008;Spinazzola;19;31;26;28;25;37;42;42;34;33;50;34;47;51;45;39;53;49;47;37;41;49;47;34;57;38;35;40;40;60;58;37;50;50;57;39;45;50;49;48;49;56;53;51;57;46;56;44;39;53;47;45;38;51;42;50;37;42;39;32;40;38;39;25;37;45;29;25;24;27;31;36;34;35;33;26;38;38;25;24;25;18;16;19;20;12;2;7;6;7;8;7;4;3;2;1;0;1;0;0;0
110009;Trani;283;313;301;289;313;321;311;313;329;317;349;313;316;356;365;353;371;352;395;363;371;361;400;379;391;397;393;400;389;412;442;404;422;409;423;429;454;430;449;436;427;434;446;432;406;400;326;364;344;382;307;321;294;311;307;314;352;332;317;261;255;231;244;233;263;229;217;230;198;226;194;171;193;181;155;135;137;139;119;108;93;91;64;70;85;29;20;26;26;18;17;13;11;7;10;5;2;1;1;0;0
110010;Trinitapoli;92;77;83;98;115;105;84;80;89;98;88;86;87;91;96;108;104;107;103;95;95;107;93;85;100;104;119;110;101;102;101;112;114;116;121;125;97;116;96;98;109;104;99;85;101;79;84;91;74;81;61;77;78;70;76;86;88;77;86;64;68;65;70;75;59;66;67;56;63;74;63;55;55;43;30;50;45;35;41;36;36;32;22;22;27;4;11;10;4;6;6;7;4;3;3;3;1;0;0;0;0
;Totale;2241;2275;2269;2230;2322;2410;2291;2360;2395;2302;2509;2364;2555;2663;2588;2557;2580;2531;2617;2442;2576;2615;2626;2670;2753;2783;2948;2961;3027;3050;3138;2945;3098;3198;3134;3063;3198;3197;3089;3021;3120;3000;2874;2803;2641;2638;2386;2531;2326;2331;2220;2174;2117;2135;2208;2255;2445;2230;2301;1918;1781;1811;1765;1694;1918;1738;1636;1664;1506;1524;1468;1305;1317;1364;1251;1122;1081;1104;996;857;741;697;629;579;593;256;205;196;193;181;161;138;111;79;67;26;28;8;9;5;13
Territorio/Età;;0;1;2;3;4;5;6;7;8;9;10;11;12;13;14;15;16;17;18;19;20;21;22;23;24;25;26;27;28;29;30;31;32;33;34;35;36;37;38;39;40;41;42;43;44;45;46;47;48;49;50;51;52;53;54;55;56;57;58;59;60;61;62;63;64;65;66;67;68;69;70;71;72;73;74;75;76;77;78;79;80;81;82;83;84;85;86;87;88;89;90;91;92;93;94;95;96;97;98;99;100
Codice comune;Comune;Femmine
110001;Andria;575;563;628;591;631;611;575;571;564;556;615;621;623;643;635;624;633;626;642;612;728;614;723;716;726;733;750;752;825;798;865;822;759;825;858;884;742;799;811;733;829;697;705;777;650;657;657;608;582;569;559;513;540;547;545;567;606;500;562;428;404;430;469;449;463;472;408;427;379;395;406;358;366;399;382;277;304;317;261;273;220;235;217;195;211;124;113;68;93;83;52;62;48;31;21;9;20;1;5;2;4
110002;Barletta;510;466;545;567;607;581;518;547;525;540;559;570;576;566;538;573;564;550;566;520;570;602;593;650;672;644;686;721;653;706;757;733;745;757;743;807;730;704;755;766;735;678;715;631;655;637;579;582;586;577;599;545;470;557;523;500;591;578;568;505;439;442;428;448;469;431;392;404;379;379;355;395;354;396;334;350;282;341;277;238;239;239;230;172;182;105;86;81;67;68;60;36;41;32;29;15;16;9;3;2;8
110003;Bisceglie;319;306;299;257;307;281;262;309;271;294;276;281;304;312;303;304;254;296;292;318;274;326;324;326;333;392;359;402;407;409;445;420;453;455;426;468;436;438;526;454;474;452;435;356;394;335;345;377;336;338;354;326;315;371;302;320;309;324;329;261;271;254;281;249;297;262;264;251;245;240;226;213;255;257;211;209;170;170;191;152;178;133;150;130;144;65;52;44;40;55;35;44;26;27;17;9;7;6;7;3;3
110004;Canosa di Puglia;131;134;149;158;185;146;162;179;182;188;184;178;185;192;186;201;201;191;181;165;191;189;217;196;195;244;259;227;239;223;251;257;261;241;227;262;275;213;241;241;279;241;211;215;188;211;187;191;204;208;204;182;170;161;189;185;213;191;202;172;156;161;151;122;163;178;154;155;165;168;153;131;124;134;129;131;126;124;110;136;119;108;96;96;87;53;33;28;39;29;23;31;22;17;12;10;4;4;6;0;4
110005;Margherita di Savoia;51;63;64;41;60;67;53;70;58;75;68;78;70;93;59;81;72;89;69;63;70;63;70;63;89;75;75;83;66;86;102;78;97;77;99;93;89;97;109;107;96;126;92;82;96;91;74;87;82;85;88;75;83;70;82;80;87;85;75;88;75;66;60;79;74;69;62;82;62;57;68;64;70;72;63;75;54;58;59;44;50;39;44;45;45;29;11;13;5;12;18;8;7;5;9;4;3;2;3;0;1
110006;Minervino Murge;50;50;41;53;52;56;51;49;47;49;36;55;44;45;67;46;65;51;49;66;51;70;67;64;64;57;59;66;72;71;73;77;64;65;71;76;61;74;74;72;78;62;73;58;59;63;51;50;55;58;55;54;67;78;75;55;67;67;69;58;45;53;53;47;73;63;66;66;65;69;70;51;55;50;70;41;41;47;39;39;37;44;40;43;40;18;12;11;16;20;14;13;14;4;3;4;5;1;1;6;0
110007;San Ferdinando di Puglia;83;68;87;98;86;78;75;92;79;87;110;70;91;98;96;98;100;85;94;82;87;97;102;89;89;102;110;99;111;104;104;99;103;95;106;109;110;95;121;123;97;93;110;103;104;85;72;88;92;80;91;69;62;90;67;88;83;85;90;67;81;72;57;66;57;72;67;72;71;62;60;67;75;60;58;70;53;79;69;54;37;54;48;42;37;20;16;13;5;9;8;8;10;4;3;7;2;1;1;0;2
110008;Spinazzola;37;33;32;35;29;31;35;38;38;33;47;42;44;48;58;44;50;36;48;53;46;41;48;41;44;51;43;46;45;36;58;39;53;35;24;40;53;65;58;54;72;68;49;63;50;54;47;51;51;45;49;30;41;44;47;40;42;39;44;30;43;30;28;35;41;41;43;45;38;38;41;42;32;49;47;42;44;35;39;30;26;43;32;27;30;12;8;9;7;12;15;10;11;3;5;2;1;4;0;2;1
110009;Trani;274;292;307;299;302;291;315;298;275;287;293;283;315;305;324;303;313;319;322;330;343;376;388;348;349;367;349;410;369;433;434;404;427;456;438;445;426;417;475;427;460;452;441;427;382;429;407;384;332;332;357;329;313;325;349;349;341;372;315;293;233;232;279;267;268;243;247;238;220;242;229;207;218;212;191;186;178;154;163;152;159;142;135;117;114;80;49;48;52;40;37;30;33;20;16;13;4;2;6;3;4
110010;Trinitapoli;74;100;72;79;80;102;90;92;93;100;97;75;108;98;110;102;104;100;76;94;99;87;87;100;104;129;118;114;130;109;112;120;101;128;124;127;99;102;102;87;96;98;108;97;83;90;89;96;78;76;88;78;97;88;70;102;89;91;100;71;67;67;64;60;61;75;59;68;50;59;57;72;55;55;70;56;59;45;53;40;47;34;44;39;47;29;22;12;8;6;11;9;7;8;3;3;0;4;1;0;0
;Totale;2104;2075;2224;2178;2339;2244;2136;2245;2132;2209;2285;2253;2360;2400;2376;2376;2356;2343;2339;2303;2459;2465;2619;2593;2665;2794;2808;2920;2917;2975;3201;3049;3063;3134;3116;3311;3021;3004;3272;3064;3216;2967;2939;2809;2661;2652;2508;2514;2398;2368;2444;2201;2158;2331;2249;2286;2428;2332;2354;1973;1814;1807;1870;1822;1966;1906;1762;1808;1674;1709;1665;1600;1604;1684;1555;1437;1311;1370;1261;1158;1112;1071;1036;906;937;535;402;327;332;334;273;251;219;151;118;76;62;34;33;18;27

"Ricostruzione della popolazione intercensuaria - Popolazione al 1° gennaio per età"
"Cittadinanza italiana - Anno: 2006 - Provincia: Barletta-Andria-Trani"
Territorio/Età;;0;1;2;3;4;5;6;7;8;9;10;11;12;13;14;15;16;17;18;19;20;21;22;23;24;25;26;27;28;29;30;31;32;33;34;35;36;37;38;39;40;41;42;43;44;45;46;47;48;49;50;51;52;53;54;55;56;57;58;59;60;61;62;63;64;65;66;67;68;69;70;71;72;73;74;75;76;77;78;79;80;81;82;83;84;85;86;87;88;89;90;91;92;93;94;95;96;97;98;99;100
Codice comune;Comune;Totale
110001;Andria;1151;1153;1182;1251;1196;1244;1287;1207;1241;1191;1198;1272;1256;1304;1338;1278;1285;1298;1272;1326;1257;1400;1294;1404;1412;1454;1471;1549;1568;1624;1613;1669;1582;1552;1699;1646;1668;1549;1589;1551;1454;1583;1383;1446;1461;1290;1321;1262;1245;1148;1096;1089;1027;1065;1057;1080;1125;1208;1032;1114;870;848;877;861;846;905;890;786;821;683;715;710;628;663;689;646;510;511;572;444;455;359;351;323;284;290;162;147;99;119;107;71;73;55;39;25;8;21;2;4;4
110002;Barletta;980;1088;1017;1101;1112;1182;1198;1083;1078;1129;1084;1141;1092;1210;1210;1193;1210;1184;1197;1179;1146;1219;1272;1222;1313;1336;1308;1413;1451;1415;1461;1529;1457;1532;1509;1492;1528;1502;1471;1520;1487;1487;1401;1387;1300;1273;1258;1148;1218;1134;1136;1133;1075;975;1055;1059;1016;1192;1113;1118;952;840;864;848;875;925;832;761;801;733;729;717;694;613;702;587;571;517;581;489;382;382;353;336;286;259;151;128;104;91;88;83;47;52;39;25;16;18;5;1;9
110003;Bisceglie;534;660;609;624;525;587;585;555;623;546;562;602;591;656;654;637;622;597;635;628;610;581;657;666;674;700;736;747;769;820;774;870;854;871;929;883;908;926;933;972;935;966;923;843;768;767;714;702;722;704;674;718;636;604;683;628;641;618;621;653;530;487;516;532;467;563;486;469;489;463;430;423;399;453;457;389;372;317;289;332;262;283;222;218;190;219;88;63;57;56;67;39;43;29;31;20;8;7;3;7;10
110004;Canosa di Puglia;318;267;300;310;339;382;320;346;367;387;367;383;393;403;399;365;419;400;385;389;344;387;382;407;391;402;459;460;432;452;464;472;485;490;479;476;520;517;478;481;484;518;474;426;425;400;419;364;381;367;396;374;364;342;327;355;381;402;404;394;349;318;295;297;228;326;331;289;293;284;299;262;243;222;215;249;222;202;213;191;208;158;163;151;134;141;64;42;44;48;30;43;30;25;21;9;9;3;2;4;3
110005;Margherita di Savoia;93;108;125;125;117;130;118;120;138;132;136;168;158;137;191;156;155;154;168;146;131;149;124;143;142;161;165;147;175;150;172;187;150;187;167;188;188;191;176;219;202;192;239;166;179;175;174;147;162;150;151;155;144;160;134;159;157;180;145;169;163;137;126;127;158;151;135;138;130;114;120;117;110;117;134;107;121;102;91;93;84;81;72;72;61;62;37;21;19;9;16;25;17;6;5;9;3;4;2;3;3
110006;Minervino Murge;80;105;101;81;107;96;100;95;103;102;112;97;110;95;113;131;101;120;97;98;112;115;128;124;128;115;125;126;127;157;142;158;148;139;138;169;147;144;152;152;146;145;124;135;124;117;121;119;120;116;111;118;99;122;146;139;118;132;134;135;107;86;108;95;95;120;118;120;121;124;118;118;86;91;90;119;75;76;85;74;59;55;63;55;51;49;17;16;16;17;21;12;20;17;3;4;5;7;1;1;4
110007;San Ferdinando di Puglia;157;170;151;173;171;169;160;147;200;183;192;217;183;192;209;211;198;190;161;191;175;171;202;170;179;164;189;208;210;195;199;211;204;204;212;198;210;223;205;225;229;229;199;213;191;203;172;148;168;173;163;161;140;135;166;138;161;180;156;169;154;148;146;132;130;125;134;135;128;145;118;123;117;125;124;112;122;92;125;109;82;76;95;87;81;63;29;30;17;11;13;15;9;11;5;6;8;3;2;2;5
110008;Spinazzola;54;56;66;61;62;59;65;81;82;74;68;96;75;88;98;101;84;103;84;93;92;86;90;94;73;96;83;76;87;82;93;112;74;100;78;82;79;96;113;108;101;121;121;101;115;107;101;102;96;93;98;94;76;77;93;87;90;79;82;81;61;84;67;68;59;78;83;69;69;62;64;69;76;65;81;77;67;75;72;61;53;51;57;47;44;44;21;9;12;11;19;20;14;14;3;3;3;1;5;0;0
110009;Trani;569;556;598;612;588;615;607;621;613;608;611;640;603;634;660;690;661;680;670;715;688;719;731;796;719;739;761;745;804;745;830;866;802;838;871;851;882;872;846;924;860;892;881;890;860;783;829;728;750;671;712;663;648;609;633;651;653;688;702;632;552;486;459;519;494;529;463;461;461;409;464;413;369;403;390;340;315;311;276;267;244;235;217;182;173;176;101;61;66;72;44;50;31;29;21;19;14;5;0;6;3
110010;Trinitapoli;173;162;181;152;179;189;201;172;174;181;196;184;159;191;188;204;208;207;208;174;184;195;191;178;182;196;230;227;220;226;198;206;230;221;237;246;244;194;219;197;189;201;201;205;186;185;170;172;188;152;157;148;156;174;158;143;188;178;168;186;135;134;130;134;133;118;139;125;122;110;130;117;122;110;95;99;103;103;77;92;72;77;61;65;57;69;30;29;18;12;9;15;10;9;9;4;6;1;2;1;0
;Totale;4109;4325;4330;4490;4396;4653;4641;4427;4619;4533;4526;4800;4620;4910;5060;4966;4943;4933;4877;4939;4739;5022;5071;5204;5213;5363;5527;5698;5843;5866;5946;6280;5986;6134;6319;6231;6374;6214;6182;6349;6087;6334;5946;5812;5609;5300;5279;4892;5050;4708;4694;4653;4365;4263;4452;4439;4530;4857;4557;4651;3873;3568;3588;3613;3485;3840;3611;3353;3435;3127;3187;3069;2844;2862;2977;2725;2478;2306;2381;2152;1901;1757;1654;1536;1361;1372;700;546;452;446;414;373;294;247;176;124;80;70;24;29;41
Territorio/Età;;0;1;2;3;4;5;6;7;8;9;10;11;12;13;14;15;16;17;18;19;20;21;22;23;24;25;26;27;28;29;30;31;32;33;34;35;36;37;38;39;40;41;42;43;44;45;46;47;48;49;50;51;52;53;54;55;56;57;58;59;60;61;62;63;64;65;66;67;68;69;70;71;72;73;74;75;76;77;78;79;80;81;82;83;84;85;86;87;88;89;90;91;92;93;94;95;96;97;98;99;100
Codice comune;Comune;Maschi
110001;Andria;627;578;617;625;603;611;677;631;669;622;641;654;634;679;696;643;659;665;644;681;642;669;680;686;699;729;741;803;813;801;826;818;762;792;874;790;781;813;788;746;718;752;687;744;685;640;663;606;636;567;527;532;519;526;512;537;556;602;536;551;443;447;450;396;401;444;420;384;391;313;328;310;270;307;305;277;240;217;266;195;189;150;125;121;103;105;54;48;36;39;37;27;22;20;14;11;2;4;2;0;0
110002;Barletta;483;575;552;559;550;580;618;567;535;606;543;584;529;636;647;655;637;622;652;614;627;657;668;635;667;670;667;738;748;769;755;775;729;799;757;753;725;777;774;768;720;754;725;672;672;619;621;568;634;547;558;534;533;505;506;537;520;604;533;553;447;407;429;421;432;457;402;374;400;357;352;365;306;268;318;259;230;240;249;224;156;147;124;118;128;94;54;50;28;29;28;33;16;20;14;3;3;8;1;0;3
110003;Bisceglie;282;348;302;322;266;282;300;291;316;277;269;325;309;353;342;333;315;342;338;337;290;305;332;345;346;370;344;392;364;409;373;421;426;411;467;451;445;483;496;446;478;487;471;406;413;375;380;356;343;370;338;365;306;292;312;326;318;308;292;322;273;217;261;250;217;272;228;207;242;219;193;201;190;203;201;181;166;154;127;153;118;113;95;80;70;90;33;17;20;23;21;10;8;7;8;9;1;3;1;2;4
110004;Canosa di Puglia;166;136;170;160;181;196;175;185;186;205;180;200;214;222;207;179;214;199;193;207;178;199;191;190;194;208;224;201;207;220;248;228;230;232;243;252;258;244;264;242;237;239;235;213;211;212;210;176;188;165;188;170;182;175;165;167;196;190;214;193;178;162;135;143;110;163;155;137;141;124;131;114;114;100;85;126;91;81;91;81;81;47;60;61;45;62;17;12;21;15;9;22;7;8;5;2;2;2;0;1;0
110005;Margherita di Savoia;51;57;61;57;75;67;52;65;63;74;61;96;79;67;98;96;74;80;78;77;69;79;62;71;81;73;88;75;92;84;88;84;69;89;90;95;94;100;79;108;97;95;114;76;97;79;85;73;79;70;65;67;69;78;63;78;76;91;63;95;77;65;59;69;79;78;67;76;49;52;62;49;47;48;62;47;46;49;35;38;38;30;37;31;19;19;11;9;8;4;5;8;10;0;3;0;0;1;0;0;2
110006;Minervino Murge;45;56;50;40;52;42;43;44;54;54;62;60;55;52;67;64;53;56;47;50;46;63;59;58;66;54;68;69;61;85;70;85;72;73;73;98;71;83;80;78;73;70;61;61;67;58;59;67;70;61;53;64;45;55;69;59;63;64;68;65;48;41;56;42;50;49;54;52;58;60;49;49;36;38;40;50;36;36;38;34;21;20;23;18;13;15;3;7;6;4;4;3;9;5;1;2;1;2;0;0;0
110007;San Ferdinando di Puglia;84;89;87;88;75;83;83;71;107;103;106;106;114;100;111;113;99;89;75;99;93;84;103;73;93;75;85;100;113;90;96;111;104;105;115;93;98;112;110;105;112;131;104;104;89;99;87;76;80;82;84;71;70;74;74;72;76;97;71;79;87;68;74;77;64;70;63;68;56;74;57;63;51;53;64;56;53;39;46;43;30;41;43;42;41;29;14;14;6;7;7;6;8;5;2;4;1;0;1;2;3
110008;Spinazzola;24;19;34;25;27;28;36;44;44;35;33;49;33;47;49;43;39;53;48;47;39;40;48;46;33;54;34;34;40;39;58;56;36;50;46;57;39;43;51;49;48;48;54;52;51;56;46;55;45;40;53;47;46;38;49;42;50;37;43;37;31;41;37;40;24;37;42;29;24;24;27;29;36;34;33;32;27;34;37;23;24;25;18;15;18;18;10;2;4;5;7;6;6;4;1;0;1;0;1;0;0
110009;Trani;306;285;306;305;287;315;320;308;314;332;321;345;316;317;357;365;358;368;351;394;360;372;360;403;371;392;394;395;400;378;406;440;402;419;413;416;433;447;429;446;433;429;433;447;434;402;400;324;362;343;380;309;318;293;307;305;309;348;331;316;260;255;229;242;231;262;225;214;223;193;223;186;167;188;181;153;131;137;124;108;98;85;81;56;64;75;27;16;23;23;13;14;7;10;6;7;3;0;0;0;0
110010;Trinitapoli;87;92;80;83;98;111;101;85;81;88;98;87;86;85;90;95;107;103;107;100;95;97;106;90;84;96;102;114;108;98;98;97;110;117;113;122;122;95;116;95;99;106;102;98;89;101;79;84;92;74;80;61;77;77;71;74;87;90;77;86;63;67;65;70;75;58;65;66;55;63;71;60;51;55;42;30;47;44;34;39;34;33;30;23;22;24;4;11;8;5;5;6;4;3;2;1;3;1;0;0;0
;Totale;2155;2235;2259;2264;2214;2315;2405;2291;2369;2396;2314;2506;2369;2558;2664;2586;2555;2577;2533;2606;2439;2565;2609;2597;2634;2721;2747;2921;2946;2973;3018;3115;2940;3087;3191;3127;3066;3197;3187;3083;3015;3111;2986;2873;2808;2641;2630;2385;2529;2319;2326;2220;2165;2113;2128;2197;2251;2431;2228;2297;1907;1770;1795;1750;1683;1890;1721;1607;1639;1479;1493;1426;1268;1294;1331;1211;1067;1031;1047;938;789;691;636;565;523;531;227;186;160;154;136;135;97;82;56;39;17;21;6;5;12
Territorio/Età;;0;1;2;3;4;5;6;7;8;9;10;11;12;13;14;15;16;17;18;19;20;21;22;23;24;25;26;27;28;29;30;31;32;33;34;35;36;37;38;39;40;41;42;43;44;45;46;47;48;49;50;51;52;53;54;55;56;57;58;59;60;61;62;63;64;65;66;67;68;69;70;71;72;73;74;75;76;77;78;79;80;81;82;83;84;85;86;87;88;89;90;91;92;93;94;95;96;97;98;99;100
Codice comune;Comune;Femmine
110001;Andria;524;575;565;626;593;633;610;576;572;569;557;618;622;625;642;635;626;633;628;645;615;731;614;718;713;725;730;746;755;823;787;851;820;760;825;856;887;736;801;805;736;831;696;702;776;650;658;656;609;581;569;557;508;539;545;543;569;606;496;563;427;401;427;465;445;461;470;402;430;370;387;400;358;356;384;369;270;294;306;249;266;209;226;202;181;185;108;99;63;80;70;44;51;35;25;14;6;17;0;4;4
110002;Barletta;497;513;465;542;562;602;580;516;543;523;541;557;563;574;563;538;573;562;545;565;519;562;604;587;646;666;641;675;703;646;706;754;728;733;752;739;803;725;697;752;767;733;676;715;628;654;637;580;584;587;578;599;542;470;549;522;496;588;580;565;505;433;435;427;443;468;430;387;401;376;377;352;388;345;384;328;341;277;332;265;226;235;229;218;158;165;97;78;76;62;60;50;31;32;25;22;13;10;4;1;6
110003;Bisceglie;252;312;307;302;259;305;285;264;307;269;293;277;282;303;312;304;307;255;297;291;320;276;325;321;328;330;392;355;405;411;401;449;428;460;462;432;463;443;437;526;457;479;452;437;355;392;334;346;379;334;336;353;330;312;371;302;323;310;329;331;257;270;255;282;250;291;258;262;247;244;237;222;209;250;256;208;206;163;162;179;144;170;127;138;120;129;55;46;37;33;46;29;35;22;23;11;7;4;2;5;6
110004;Canosa di Puglia;152;131;130;150;158;186;145;161;181;182;187;183;179;181;192;186;205;201;192;182;166;188;191;217;197;194;235;259;225;232;216;244;255;258;236;224;262;273;214;239;247;279;239;213;214;188;209;188;193;202;208;204;182;167;162;188;185;212;190;201;171;156;160;154;118;163;176;152;152;160;168;148;129;122;130;123;131;121;122;110;127;111;103;90;89;79;47;30;23;33;21;21;23;17;16;7;7;1;2;3;3
110005;Margherita di Savoia;42;51;64;68;42;63;66;55;75;58;75;72;79;70;93;60;81;74;90;69;62;70;62;72;61;88;77;72;83;66;84;103;81;98;77;93;94;91;97;111;105;97;125;90;82;96;89;74;83;80;86;88;75;82;71;81;81;89;82;74;86;72;67;58;79;73;68;62;81;62;58;68;63;69;72;60;75;53;56;55;46;51;35;41;42;43;26;12;11;5;11;17;7;6;2;9;3;3;2;3;1
110006;Minervino Murge;35;49;51;41;55;54;57;51;49;48;50;37;55;43;46;67;48;64;50;48;66;52;69;66;62;61;57;57;66;72;72;73;76;66;65;71;76;61;72;74;73;75;63;74;57;59;62;52;50;55;58;54;54;67;77;80;55;68;66;70;59;45;52;53;45;71;64;68;63;64;69;69;50;53;50;69;39;40;47;40;38;35;40;37;38;34;14;9;10;13;17;9;11;12;2;2;4;5;1;1;4
110007;San Ferdinando di Puglia;73;81;64;85;96;86;77;76;93;80;86;111;69;92;98;98;99;101;86;92;82;87;99;97;86;89;104;108;97;105;103;100;100;99;97;105;112;111;95;120;117;98;95;109;102;104;85;72;88;91;79;90;70;61;92;66;85;83;85;90;67;80;72;55;66;55;71;67;72;71;61;60;66;72;60;56;69;53;79;66;52;35;52;45;40;34;15;16;11;4;6;9;1;6;3;2;7;3;1;0;2
110008;Spinazzola;30;37;32;36;35;31;29;37;38;39;35;47;42;41;49;58;45;50;36;46;53;46;42;48;40;42;49;42;47;43;35;56;38;50;32;25;40;53;62;59;53;73;67;49;64;51;55;47;51;53;45;47;30;39;44;45;40;42;39;44;30;43;30;28;35;41;41;40;45;38;37;40;40;31;48;45;40;41;35;38;29;26;39;32;26;26;11;7;8;6;12;14;8;10;2;3;2;1;4;0;0
110009;Trani;263;271;292;307;301;300;287;313;299;276;290;295;287;317;303;325;303;312;319;321;328;347;371;393;348;347;367;350;404;367;424;426;400;419;458;435;449;425;417;478;427;463;448;443;426;381;429;404;388;328;332;354;330;316;326;346;344;340;371;316;292;231;230;277;263;267;238;247;238;216;241;227;202;215;209;187;184;174;152;159;146;150;136;126;109;101;74;45;43;49;31;36;24;19;15;12;11;5;0;6;3
110010;Trinitapoli;86;70;101;69;81;78;100;87;93;93;98;97;73;106;98;109;101;104;101;74;89;98;85;88;98;100;128;113;112;128;100;109;120;104;124;124;122;99;103;102;90;95;99;107;97;84;91;88;96;78;77;87;79;97;87;69;101;88;91;100;72;67;65;64;58;60;74;59;67;47;59;57;71;55;53;69;56;59;43;53;38;44;31;42;35;45;26;18;10;7;4;9;6;6;7;3;3;0;2;1;0
;Totale;1954;2090;2071;2226;2182;2338;2236;2136;2250;2137;2212;2294;2251;2352;2396;2380;2388;2356;2344;2333;2300;2457;2462;2607;2579;2642;2780;2777;2897;2893;2928;3165;3046;3047;3128;3104;3308;3017;2995;3266;3072;3223;2960;2939;2801;2659;2649;2507;2521;2389;2368;2433;2200;2150;2324;2242;2279;2426;2329;2354;1966;1798;1793;1863;1802;1950;1890;1746;1796;1648;1694;1643;1576;1568;1646;1514;1411;1275;1334;1214;1112;1066;1018;971;838;841;473;360;292;292;278;238;197;165;120;85;63;49;18;24;29

"Ricostruzione della popolazione intercensuaria - Popolazione al 1° gennaio per età"
"Cittadinanza italiana - Anno: 2007 - Provincia: Barletta-Andria-Trani"
Territorio/Età;;0;1;2;3;4;5;6;7;8;9;10;11;12;13;14;15;16;17;18;19;20;21;22;23;24;25;26;27;28;29;30;31;32;33;34;35;36;37;38;39;40;41;42;43;44;45;46;47;48;49;50;51;52;53;54;55;56;57;58;59;60;61;62;63;64;65;66;67;68;69;70;71;72;73;74;75;76;77;78;79;80;81;82;83;84;85;86;87;88;89;90;91;92;93;94;95;96;97;98;99;100
Codice comune;Comune;Totale
110001;Andria;1047;1147;1147;1180;1245;1194;1243;1286;1202;1241;1190;1204;1272;1251;1305;1337;1271;1284;1301;1276;1319;1250;1391;1290;1399;1405;1436;1461;1534;1547;1623;1612;1655;1581;1535;1678;1634;1666;1540;1593;1551;1447;1585;1379;1442;1460;1288;1315;1259;1246;1146;1087;1086;1023;1057;1053;1075;1121;1201;1027;1113;865;851;873;855;832;902;880;783;816;673;704;695;616;649;661;624;493;498;552;420;434;343;330;302;251;271;147;129;86;95;96;50;56;39;28;18;7;13;2;6
110002;Barletta;1012;976;1091;1016;1101;1109;1191;1196;1088;1083;1130;1084;1139;1094;1213;1209;1193;1210;1181;1195;1177;1138;1219;1258;1204;1283;1316;1278;1391;1431;1390;1437;1506;1448;1527;1512;1487;1523;1494;1464;1504;1474;1481;1393;1383;1296;1270;1254;1143;1206;1132;1135;1127;1077;971;1052;1064;1017;1191;1106;1117;954;833;856;845;861;919;822;751;800;722;718;708;680;596;681;572;547;501;556;471;351;361;327;308;262;219;133;110;90;80;68;60;39;39;27;18;8;9;4;7
110003;Bisceglie;599;534;655;611;625;534;587;584;554;623;544;567;599;594;658;647;640;619;600;641;628;609;580;655;659;684;696;745;749;760;829;772;875;859;866;939;880;920;921;936;975;935;965;920;837;761;766;712;701;718;702;675;712;632;602;684;631;639;623;622;639;527;488;512;525;467;562;477;462;481;462;424;415;388;440;442;383;360;305;279;314;243;266;207;190;175;191;78;55;50;47;60;32;25;22;27;13;6;7;2;1
110004;Canosa di Puglia;318;322;266;301;312;338;380;315;343;366;383;366;384;392;404;399;368;411;396;380;381;339;379;381;400;383;393;450;453;425;448;455;463;474;487;478;475;510;512;478;479;486;525;474;428;425;402;416;364;384;366;394;374;365;341;329;356;378;400;404;391;342;317;295;293;224;324;327;278;284;281;295;260;238;215;206;239;210;197;204;177;194;152;149;139;118;128;58;31;33;38;28;35;21;21;16;6;6;3;2;5
110005;Margherita di Savoia;114;97;103;128;124;120;130;117;123;137;131;136;174;160;138;189;154;153;153;167;142;131;151;125;145;133;149;168;153;175;151;166;185;155;184;168;184;189;189;176;217;199;188;236;168;176;176;173;146;165;150;151;156;143;162;136;159;156;176;143;169;159;135;121;131;156;150;136;136;124;113;117;116;110;116;133;108;118;100;84;89;81;75;69;68;50;58;30;15;18;9;15;23;14;5;1;7;2;3;2;3
110006;Minervino Murge;83;80;101;102;80;107;98;101;94;99;103;110;99;109;94;113;131;101;118;93;98;111;114;126;120;124;113;120;122;121;155;137;157;141;136;136;163;144;136;153;151;143;145;125;135;123;117;120;120;119;117;109;117;99;124;147;136;116;132;134;130;104;82;108;92;94;118;120;122;122;123;115;114;85;87;88;117;68;76;78;72;61;54;58;50;46;46;15;13;14;15;15;8;14;13;3;1;2;3;1;3
110007;San Ferdinando di Puglia;148;159;160;149;171;170;168;160;147;200;184;191;216;183;192;205;209;198;189;160;189;174;169;197;166;176;151;185;205;207;190;199;222;202;202;211;201;212;223;204;220;227;226;198;211;191;204;168;144;164;174;162;161;141;135;166;136;162;181;157;169;153;147;145;135;128;124;134;134;129;145;116;119;113;124;122;109;118;90;120;103;77;71;88;78;72;56;27;24;14;11;8;12;8;2;5;3;8;3;2;5
110008;Spinazzola;57;57;54;64;62;63;60;67;81;82;76;66;96;75;87;96;101;87;102;82;88;90;81;86;93;73;93;80;75;89;79;91;108;71;92;73;78;82;94;112;109;101;119;122;102;114;104;100;104;95;91;96;93;75;77;93;86;90;78;82;80;60;84;65;67;59;74;84;66;66;60;63;66;75;63;78;76;66;71;69;64;50;47;49;45;40;38;18;9;10;9;12;18;14;12;3;1;3;1;4;0
110009;Trani;520;569;549;594;613;580;614;608;627;611;609;612;641;606;634;661;688;666;679;667;708;682;708;732;780;716;732;759;747;802;751;834;886;821;852;889;857;883;872;853;922;867;893;882;894;853;775;831;731;749;672;710;658;645;606;629;646;653;688;699;630;548;482;456;513;484;526;454;452;462;404;453;401;357;394;385;334;303;300;255;249;229;215;194;162;157;155;89;51;59;57;38;40;24;18;15;15;10;3;0;7
110010;Trinitapoli;182;172;164;185;149;179;186;202;172;176;177;195;182;159;189;189;203;206;207;208;172;179;190;189;178;178;189;228;221;216;219;202;203;229;221;231;241;242;193;220;199;190;199;199;202;184;182;168;171;190;152;157;148;156;173;160;142;191;175;168;186;134;135;127;133;132;117;132;122;120;110;128;114;116;108;91;93;101;102;74;93;67;74;57;59;50;56;26;25;15;7;9;14;8;7;6;1;4;0;2;1
;Totale;4080;4113;4290;4330;4482;4394;4657;4636;4431;4618;4527;4531;4802;4623;4914;5045;4958;4935;4926;4869;4902;4703;4982;5039;5144;5155;5268;5474;5650;5773;5835;5905;6260;5981;6102;6315;6200;6371;6174;6189;6327;6069;6326;5928;5802;5583;5284;5257;4883;5036;4702;4676;4632;4356;4248;4449;4431;4523;4845;4542;4624;3846;3554;3558;3589;3437;3816;3566;3306;3404;3093;3133;3008;2778;2792;2887;2655;2384;2240;2271;2052;1787;1658;1528;1401;1221;1218;621;462;389;368;349;292;223;178;131;83;56;45;21;38
Territorio/Età;;0;1;2;3;4;5;6;7;8;9;10;11;12;13;14;15;16;17;18;19;20;21;22;23;24;25;26;27;28;29;30;31;32;33;34;35;36;37;38;39;40;41;42;43;44;45;46;47;48;49;50;51;52;53;54;55;56;57;58;59;60;61;62;63;64;65;66;67;68;69;70;71;72;73;74;75;76;77;78;79;80;81;82;83;84;85;86;87;88;89;90;91;92;93;94;95;96;97;98;99;100
Codice comune;Comune;Maschi
110001;Andria;552;625;576;617;621;603;611;679;626;667;622;644;651;632;679;694;641;657;665;647;676;636;666;676;683;691;717;739;791;799;804;824;814;760;783;865;786;783;806;788;748;715;753;683;741;687;637;659;604;634;567;524;532;517;522;510;532;554;599;534;551;441;449;449;394;393;443;415;382;384;307;323;299;260;300;289;264;230;211;252;188;176;142;118;110;86;99;47;42;32;27;31;17;19;12;12;7;1;4;2;0
110002;Barletta;500;486;575;550;557;550;582;620;569;540;605;544;583;532;635;647;654;636;621;648;614;619;660;657;620;647;664;648;728;742;760;736;760;720;794;761;747;723;773;771;755;711;750;717;671;667;616;618;564;627;547;558;533;532;502;504;541;520;602;527;553;446;403;427;417;424;453;394;369;400;349;345;360;297;256;306;253;217;231;234;213;140;141;118;103;115;77;44;38;24;26;22;24;14;14;9;2;1;3;1;1
110003;Bisceglie;325;280;346;299;321;268;277;298;291;317;276;274;321;313;354;338;333;312;343;340;334;290;305;332;339;347;371;349;392;362;415;370;425;427;409;475;448;456;481;493;451;476;487;468;400;410;376;379;355;342;367;337;362;304;288;314;326;319;309;291;316;272;216;262;247;219;272;218;204;234;219;185;192;184;202;192;178;160;144;122;145;110;104;84;63;62;81;28;13;17;21;22;7;3;7;7;6;1;3;0;0
110004;Canosa di Puglia;169;168;133;172;160;180;196;172;184;188;204;181;201;213;222;204;182;208;195;192;204;173;192;188;190;189;205;220;198;200;220;242;221;224;229;244;253;248;238;264;242;238;245;236;215;211;213;207;176;187;166;187;170;181;175;167;169;194;189;217;190;172;163;134;141;107;165;151;131;137;123;130;112;113;95;79;118;83;77;83;71;79;44;53;59;41;55;15;9;18;11;8;16;4;7;5;2;1;2;0;1
110005;Margherita di Savoia;66;55;55;63;58;75;70;51;68;62;73;61;99;80;68;97;95;74;78;78;73;70;76;62;72;77;65;88;75;87;84;84;84;73;85;90;93;94;98;75;108;94;91;113;77;96;82;84;72;79;70;65;67;71;80;65;75;76;91;63;95;76;65;57;70;78;76;67;76;45;51;60;48;46;48;61;48;45;48;32;38;39;27;34;28;15;16;8;8;7;4;5;7;8;0;1;0;0;1;0;1
110006;Minervino Murge;43;45;55;50;40;52;44;44;43;52;55;61;61;54;52;67;63;53;55;45;50;45;62;56;55;63;53;64;68;61;85;68;86;69;70;73;97;70;80;82;77;70;70;62;62;65;58;58;68;69;62;52;64;45;56;70;59;62;65;67;61;46;39;55;40;50;48;54;53;60;60;47;49;36;37;38;49;33;35;34;35;22;20;22;16;10;16;3;6;6;3;2;1;2;4;1;1;0;0;0;0
110007;San Ferdinando di Puglia;71;85;83;87;85;75;82;83;71;107;103;105;106;115;100;110;111;99;90;76;99;92;83;97;72;92;70;82;100;112;89;98;113;105;102;116;94;102;112;108;103;111;130;104;103;89;98;84;75;79;81;83;71;71;75;74;71;76;98;71;79;86;66;74;79;63;69;65;67;57;74;56;59;48;54;63;54;50;39;41;42;26;39;40;38;34;24;13;11;5;6;4;4;6;1;2;2;1;0;1;3
110008;Spinazzola;29;25;19;33;26;27;28;37;45;44;34;33;49;33;47;48;43;40;53;47;45;40;37;47;44;35;52;33;34;40;37;57;55;34;45;47;53;43;41;49;48;48;49;54;53;51;55;46;57;44;38;52;46;46;38;49;43;50;36;43;36;30;41;36;39;24;37;42;26;23;23;27;28;35;33;32;31;26;33;35;24;23;21;16;15;17;15;9;2;3;5;1;6;6;2;1;0;1;0;1;0
110009;Trani;264;302;282;304;303;286;310;321;309;311;334;318;343;317;318;359;362;360;367;351;391;360;363;359;396;369;389;395;393;402;374;410;441;408;425;430;421;428;446;431;443;435;429;432;451;430;401;401;329;357;346;378;305;316;292;304;305;310;348;327;317;258;253;225;239;224;260;220;207;223;188;218;179;160;185;178;149;124;128;112;101;89;77;71;50;57;64;24;12;22;18;12;10;5;6;4;4;2;0;0;0
110010;Trinitapoli;100;85;91;81;82;97;111;101;85;82;87;97;85;86;84;91;94;105;103;107;100;89;95;107;89;81;88;102;110;108;97;100;93;113;119;106;120;120;94;116;97;99;107;101;97;87;99;79;84;93;74;79;61;77;77;73;73;88;87;76;87;62;68;62;70;75;58;60;63;54;63;72;59;50;54;40;28;45;42;32;39;29;32;27;20;19;19;5;9;8;3;5;4;3;2;1;1;3;0;0;0
;Totale;2119;2156;2215;2256;2253;2213;2311;2406;2291;2370;2393;2318;2499;2375;2559;2655;2578;2544;2570;2531;2586;2414;2539;2581;2560;2591;2674;2720;2889;2913;2965;2989;3092;2933;3061;3207;3112;3067;3169;3177;3072;2997;3111;2970;2870;2793;2635;2615;2384;2511;2318;2315;2211;2160;2105;2130;2194;2249;2424;2216;2285;1889;1763;1781;1736;1657;1881;1686;1578;1617;1457;1463;1385;1229;1264;1278;1172;1013;988;977;896;733;647;583;502;456;466;196;150;142;124;112;96;70;55;43;25;11;13;5;6
Territorio/Età;;0;1;2;3;4;5;6;7;8;9;10;11;12;13;14;15;16;17;18;19;20;21;22;23;24;25;26;27;28;29;30;31;32;33;34;35;36;37;38;39;40;41;42;43;44;45;46;47;48;49;50;51;52;53;54;55;56;57;58;59;60;61;62;63;64;65;66;67;68;69;70;71;72;73;74;75;76;77;78;79;80;81;82;83;84;85;86;87;88;89;90;91;92;93;94;95;96;97;98;99;100
Codice comune;Comune;Femmine
110001;Andria;495;522;571;563;624;591;632;607;576;574;568;560;621;619;626;643;630;627;636;629;643;614;725;614;716;714;719;722;743;748;819;788;841;821;752;813;848;883;734;805;803;732;832;696;701;773;651;656;655;612;579;563;554;506;535;543;543;567;602;493;562;424;402;424;461;439;459;465;401;432;366;381;396;356;349;372;360;263;287;300;232;258;201;212;192;165;172;100;87;54;68;65;33;37;27;16;11;6;9;0;6
110002;Barletta;512;490;516;466;544;559;609;576;519;543;525;540;556;562;578;562;539;574;560;547;563;519;559;601;584;636;652;630;663;689;630;701;746;728;733;751;740;800;721;693;749;763;731;676;712;629;654;636;579;579;585;577;594;545;469;548;523;497;589;579;564;508;430;429;428;437;466;428;382;400;373;373;348;383;340;375;319;330;270;322;258;211;220;209;205;147;142;89;72;66;54;46;36;25;25;18;16;7;6;3;6
110003;Bisceglie;274;254;309;312;304;266;310;286;263;306;268;293;278;281;304;309;307;307;257;301;294;319;275;323;320;337;325;396;357;398;414;402;450;432;457;464;432;464;440;443;524;459;478;452;437;351;390;333;346;376;335;338;350;328;314;370;305;320;314;331;323;255;272;250;278;248;290;259;258;247;243;239;223;204;238;250;205;200;161;157;169;133;162;123;127;113;110;50;42;33;26;38;25;22;15;20;7;5;4;2;1
110004;Canosa di Puglia;149;154;133;129;152;158;184;143;159;178;179;185;183;179;182;195;186;203;201;188;177;166;187;193;210;194;188;230;255;225;228;213;242;250;258;234;222;262;274;214;237;248;280;238;213;214;189;209;188;197;200;207;204;184;166;162;187;184;211;187;201;170;154;161;152;117;159;176;147;147;158;165;148;125;120;127;121;127;120;121;106;115;108;96;80;77;73;43;22;15;27;20;19;17;14;11;4;5;1;2;4
110005;Margherita di Savoia;48;42;48;65;66;45;60;66;55;75;58;75;75;80;70;92;59;79;75;89;69;61;75;63;73;56;84;80;78;88;67;82;101;82;99;78;91;95;91;101;109;105;97;123;91;80;94;89;74;86;80;86;89;72;82;71;84;80;85;80;74;83;70;64;61;78;74;69;60;79;62;57;68;64;68;72;60;73;52;52;51;42;48;35;40;35;42;22;7;11;5;10;16;6;5;0;7;2;2;2;2
110006;Minervino Murge;40;35;46;52;40;55;54;57;51;47;48;49;38;55;42;46;68;48;63;48;48;66;52;70;65;61;60;56;54;60;70;69;71;72;66;63;66;74;56;71;74;73;75;63;73;58;59;62;52;50;55;57;53;54;68;77;77;54;67;67;69;58;43;53;52;44;70;66;69;62;63;68;65;49;50;50;68;35;41;44;37;39;34;36;34;36;30;12;7;8;12;13;7;12;9;2;0;2;3;1;3
110007;San Ferdinando di Puglia;77;74;77;62;86;95;86;77;76;93;81;86;110;68;92;95;98;99;99;84;90;82;86;100;94;84;81;103;105;95;101;101;109;97;100;95;107;110;111;96;117;116;96;94;108;102;106;84;69;85;93;79;90;70;60;92;65;86;83;86;90;67;81;71;56;65;55;69;67;72;71;60;60;65;70;59;55;68;51;79;61;51;32;48;40;38;32;14;13;9;5;4;8;2;1;3;1;7;3;1;2
110008;Spinazzola;28;32;35;31;36;36;32;30;36;38;42;33;47;42;40;48;58;47;49;35;43;50;44;39;49;38;41;47;41;49;42;34;53;37;47;26;25;39;53;63;61;53;70;68;49;63;49;54;47;51;53;44;47;29;39;44;43;40;42;39;44;30;43;29;28;35;37;42;40;43;37;36;38;40;30;46;45;40;38;34;40;27;26;33;30;23;23;9;7;7;4;11;12;8;10;2;1;2;1;3;0
110009;Trani;256;267;267;290;310;294;304;287;318;300;275;294;298;289;316;302;326;306;312;316;317;322;345;373;384;347;343;364;354;400;377;424;445;413;427;459;436;455;426;422;479;432;464;450;443;423;374;430;402;392;326;332;353;329;314;325;341;343;340;372;313;290;229;231;274;260;266;234;245;239;216;235;222;197;209;207;185;179;172;143;148;140;138;123;112;100;91;65;39;37;39;26;30;19;12;11;11;8;3;0;7
110010;Trinitapoli;82;87;73;104;67;82;75;101;87;94;90;98;97;73;105;98;109;101;104;101;72;90;95;82;89;97;101;126;111;108;122;102;110;116;102;125;121;122;99;104;102;91;92;98;105;97;83;89;87;97;78;78;87;79;96;87;69;103;88;92;99;72;67;65;63;57;59;72;59;66;47;56;55;66;54;51;65;56;60;42;54;38;42;30;39;31;37;21;16;7;4;4;10;5;5;5;0;1;0;2;1
;Totale;1961;1957;2075;2074;2229;2181;2346;2230;2140;2248;2134;2213;2303;2248;2355;2390;2380;2391;2356;2338;2316;2289;2443;2458;2584;2564;2594;2754;2761;2860;2870;2916;3168;3048;3041;3108;3088;3304;3005;3012;3255;3072;3215;2958;2932;2790;2649;2642;2499;2525;2384;2361;2421;2196;2143;2319;2237;2274;2421;2326;2339;1957;1791;1777;1853;1780;1935;1880;1728;1787;1636;1670;1623;1549;1528;1609;1483;1371;1252;1294;1156;1054;1011;945;899;765;752;425;312;247;244;237;196;153;123;88;58;45;32;16;32

"Ricostruzione della popolazione intercensuaria - Popolazione al 1° gennaio per età"
"Cittadinanza italiana - Anno: 2008 - Provincia: Barletta-Andria-Trani"
Territorio/Età;;0;1;2;3;4;5;6;7;8;9;10;11;12;13;14;15;16;17;18;19;20;21;22;23;24;25;26;27;28;29;30;31;32;33;34;35;36;37;38;39;40;41;42;43;44;45;46;47;48;49;50;51;52;53;54;55;56;57;58;59;60;61;62;63;64;65;66;67;68;69;70;71;72;73;74;75;76;77;78;79;80;81;82;83;84;85;86;87;88;89;90;91;92;93;94;95;96;97;98;99;100
Codice comune;Comune;Totale
110001;Andria;1065;1043;1150;1143;1182;1241;1197;1242;1282;1199;1246;1189;1207;1272;1252;1306;1337;1270;1282;1301;1278;1317;1241;1379;1280;1391;1379;1428;1448;1515;1547;1614;1614;1645;1574;1533;1675;1633;1665;1543;1600;1545;1444;1579;1378;1437;1455;1286;1317;1255;1248;1140;1090;1080;1025;1052;1053;1062;1115;1198;1020;1109;854;841;859;844;825;888;876;778;808;660;685;675;604;620;634;603;472;476;520;395;405;314;295;265;225;237;136;101;68;77;79;38;43;31;18;15;3;8;6
110002;Barletta;988;1022;984;1098;1023;1101;1115;1190;1199;1085;1086;1130;1082;1139;1097;1213;1212;1195;1211;1177;1190;1178;1130;1210;1245;1190;1263;1302;1261;1378;1415;1384;1417;1500;1444;1519;1512;1486;1515;1490;1449;1505;1478;1475;1392;1381;1299;1274;1253;1140;1209;1118;1131;1124;1072;968;1050;1055;1009;1186;1107;1113;944;825;848;841;858;912;813;746;798;707;714;692;659;583;654;552;522;471;523;441;327;329;297;280;230;199;116;88;79;68;55;45;26;31;21;11;3;7;7
110003;Bisceglie;552;592;538;646;609;627;535;586;585;545;625;541;564;604;593;656;643;637;616;603;634;623;611;588;651;659;684;709;744;751;765;827;776;881;864;864;938;875;918;923;934;982;928;967;928;841;758;766;713;698;710;707;671;712;629;608;682;633;634;631;630;634;521;490;510;521;460;553;475;457;471;451;415;411;377;431;421;371;342;291;262;290;231;231;185;171;162;178;71;49;42;41;46;24;21;12;20;9;6;4;3
110004;Canosa di Puglia;303;314;320;263;303;308;339;381;311;340;362;383;367;384;389;406;394;363;413;392;379;380;334;376;373;393;374;390;429;442;410;440;451;467;466;484;467;475;510;514;476;480;491;527;467;424;424;397;417;362;384;363;391;373;362;337;325;356;378;400;405;392;339;319;293;289;224;320;320;272;284;273;287;252;230;208;202;232;205;187;188;165;180;142;137;121;107;119;56;24;29;34;23;25;15;15;11;4;4;0;3
110005;Margherita di Savoia;112;110;91;98;122;127;119;133;118;121;134;132;135;172;162;137;185;153;152;151;169;139;131;152;122;144;126;136;156;155;175;141;161;183;156;186;171;179;191;184;180;216;203;189;241;168;175;182;171;146;165;150;147;156;141;155;137;158;159;177;146;171;156;131;121;132;152;147;132;136;123;115;118;108;103;112;133;103;109;95;83;86;73;70;69;57;45;48;26;14;17;8;10;21;14;4;1;7;1;3;5
110006;Minervino Murge;82;82;85;97;104;82;106;99;101;92;100;104;109;99;109;94;114;133;101;118;95;99;110;110;128;117;120;111;121;120;119;152;133;157;139;135;134;165;146;134;151;153;145;143;125;138;123;119;122;120;121;117;112;116;99;124;146;134;114;133;134;126;102;80;106;88;95;119;115;119;118;121;114;112;82;85;86;111;65;70;76;64;56;51;52;46;42;34;14;11;13;11;11;8;11;9;2;1;1;0;2
110007;San Ferdinando di Puglia;138;146;158;158;151;170;171;169;159;149;202;185;193;216;184;194;203;209;202;190;162;187;172;168;194;163;174;146;183;207;206;193;211;231;215;206;216;202;211;222;206;218;224;226;197;208;193;203;165;143;162;172;163;162;139;135;167;132;163;182;157;166;152;148;145;129;127;123;133;130;124;142;113;115;108;117;119;107;115;89;114;100;73;65;84;60;64;53;25;21;12;6;4;8;6;2;2;3;5;2;3
110008;Spinazzola;50;54;57;54;63;61;62;59;65;82;83;74;65;97;76;87;96;100;85;99;82;86;87;78;79;86;70;86;77;73;87;75;90;104;73;87;74;76;80;96;111;112;101;120;119;100;114;103;100;104;94;91;96;93;75;77;92;86;87;77;82;82;59;84;65;68;58;70;83;63;65;59;60;65;72;60;75;75;64;68;62;63;46;39;47;44;40;36;18;9;9;8;8;15;9;8;3;1;2;1;3
110009;Trani;584;520;560;555;583;610;571;612;603;623;611;605;615;641;609;637;662;689;670;682;672;707;682;715;724;777;711;713;745;742;789;736;828;880;819;846;888;848;873;872;858;914;856;901;882;899;855;767;831;734;751;674;712;664;647;601;625;647;653;686;698;630;544;487;456;514;482;525;451;446;452;394;449;396;346;385;380;323;298;287;237;234;217;197;176;147;145;134;83;46;52;44;19;32;19;14;13;10;3;1;1
110010;Trinitapoli;156;181;176;169;185;152;179;185;203;174;175;178;193;182;158;188;189;201;204;204;207;169;182;187;189;169;175;182;223;214;210;215;203;196;224;219;231;235;241;192;223;196;189;200;196;199;184;182;172;172;192;150;156;147;156;169;160;143;185;174;167;188;132;133;128;132;127;115;134;120;119;102;124;111;111;103;88;91;98;88;69;84;64;69;48;55;47;46;24;22;10;5;6;11;6;4;5;0;1;0;3
;Totale;4030;4064;4119;4281;4325;4479;4394;4656;4626;4410;4624;4521;4530;4806;4629;4918;5035;4950;4936;4917;4868;4885;4680;4963;4985;5089;5076;5203;5387;5597;5723;5777;5884;6244;5974;6079;6306;6174;6350;6170;6188;6321;6059;6327;5925;5795;5580;5279;5261;4874;5036;4682;4669;4627;4345;4226;4437;4406;4497;4844;4546;4611;3803;3538;3531;3558;3408;3772;3532;3267;3362;3024;3079;2937;2692;2704;2792;2568;2290;2122;2134;1922;1672;1507;1390;1246;1107;1084;569;385;331;302;261;227;170;130;96;61;29;26;36
Territorio/Età;;0;1;2;3;4;5;6;7;8;9;10;11;12;13;14;15;16;17;18;19;20;21;22;23;24;25;26;27;28;29;30;31;32;33;34;35;36;37;38;39;40;41;42;43;44;45;46;47;48;49;50;51;52;53;54;55;56;57;58;59;60;61;62;63;64;65;66;67;68;69;70;71;72;73;74;75;76;77;78;79;80;81;82;83;84;85;86;87;88;89;90;91;92;93;94;95;96;97;98;99;100
Codice comune;Comune;Maschi
110001;Andria;550;549;626;571;618;620;605;612;679;623;670;621;647;652;631;677;695;639;655;664;649;676;632;654;668;677;679;711;728;788;795;793;823;809;749;783;865;786;785;809;792;745;712;747;682;736;687;633;661;604;635;565;527;530;517;520;509;524;549;595;530;547;435;439;439;385;389;436;415;378;376;301;314;285;252;284;273;253;219;200;231;174;159;130;102;100;75;81;43;34;27;18;25;10;12;8;8;4;0;2;1
110002;Barletta;530;506;494;576;553;556;554;583;622;565;539;608;545;580;536;635;647;655;638;614;646;611;612;655;655;611;634;651;643;718;733;753;729;758;715;792;760;748;722;767;760;753;716;746;719;671;668;618;617;562;627;538;554;530;529;503;503;537;514;598;525;550;441;402;426;413;421;451;388;366;396;338;341;350;283;250;292;240;203;216;222;199;131;123;104;91;97;68;39;26;21;21;19;17;10;12;6;0;0;3;0
110003;Bisceglie;285;322;281;340;298;322;268;276;298;286;318;276;273;323;311;352;336;331;308;343;340;330;292;308;332;339;346;374;347;397;367;418;374;426;423;409;475;444;457;478;491;455;470;484;475;406;409;377;381;350;334;369;333;363;303;289;313;330;316;315;296;310;270;217;259;244;214;270;220;199;230;214;180;186;180;194;183;170;150;138;110;133;106;88;70;56;54;76;27;10;13;19;16;6;3;4;3;2;1;2;0
110004;Canosa di Puglia;152;165;165;132;174;157;177;196;169;183;186;201;181;202;211;224;200;178;210;193;189;203;167;190;186;189;184;207;213;198;193;219;241;223;223;227;237;255;248;234;262;242;239;252;235;212;212;209;207;175;186;162;187;171;180;175;165;170;195;187;218;187;172;164;133;138;105;161;146;127;139;118;126;106;110;90;75;115;82;71;76;68;76;40;48;51;37;50;14;7;17;7;6;11;5;5;3;2;1;0;1
110005;Margherita di Savoia;58;62;51;51;60;61;75;71;52;68;61;74;60;98;83;68;94;94;72;78;80;72;67;77;60;74;76;59;83;78;90;79;81;83;71;84;93;92;92;96;77;108;96;92;115;78;94;84;84;73;80;71;62;66;68;78;66;75;78;92;67;95;74;63;57;74;75;73;66;76;45;53;60;46;43;48;61;47;39;44;32;36;34;22;34;22;13;13;7;8;7;3;2;6;7;0;1;1;0;1;1
110006;Minervino Murge;44;43;47;51;51;41;52;45;44;41;53;56;60;61;54;52;68;63;53;55;46;50;45;60;58;53;61;52;64;67;59;82;67;86;66;68;71;97;72;79;80;78;71;70;61;62;66;59;59;68;69;62;52;64;45;57;70;59;62;65;68;59;44;38;54;37;51;49;52;51;58;60;46;46;34;37;38;46;31;30;32;30;19;18;19;14;9;13;3;3;5;3;2;1;2;4;0;1;0;0;0
110007;San Ferdinando di Puglia;72;68;85;82;88;85;76;83;83;72;107;102;107;105;115;101;110;112;101;90;78;97;91;82;95;69;88;67;81;103;113;90;103;115;110;105;121;96;101;112;108;102;110;129;103;103;90;96;81;74;79;79;84;70;70;75;74;69;76;99;69;78;85;67;74;74;63;69;65;66;55;71;55;57;46;52;61;54;50;38;38;39;24;35;38;26;28;23;12;11;4;1;2;3;5;1;0;2;1;0;2
110008;Spinazzola;26;28;25;19;32;26;27;27;35;46;45;33;33;49;34;47;47;43;39;51;47;44;39;35;44;40;33;48;33;33;40;35;55;53;36;44;48;51;42;41;49;50;47;50;52;52;52;54;46;57;44;38;52;46;46;38;48;43;47;37;43;38;28;41;36;39;24;34;42;23;23;22;26;27;32;31;29;30;26;31;29;23;20;18;14;14;17;14;9;2;3;5;1;3;5;1;1;0;1;0;1
110009;Trani;307;264;298;289;297;299;284;308;318;308;316;329;319;342;317;320;358;365;365;368;351;389;359;368;356;396;367;383;392;388;395;365;409;431;406;419;429;416;420;445;434;440;431;435;432;454;430;396;399;331;360;346;379;307;317;289;301;306;312;347;329;319;257;257;226;239;222;260;217;206;215;181;215;174;155;179;176;144;121;121;99;91;84;71;67;46;53;53;24;10;19;12;5;8;3;5;3;2;0;0;1
110010;Trinitapoli;81;100;87;93;82;83;97;111;102;87;81;89;94;85;84;84;91;93;104;100;108;96;90;93;107;81;80;80;99;108;103;95;104;90;108;119;105;115;122;93;119;96;99;108;99;94;87;99;82;83;94;73;78;60;77;74;73;74;84;85;75;88;62;66;63;69;73;57;62;64;51;61;69;57;46;50;37;26;42;31;32;36;28;27;23;18;19;13;5;8;5;1;1;4;2;0;1;0;0;0;0
;Totale;2105;2107;2159;2204;2253;2250;2215;2312;2402;2279;2376;2389;2319;2497;2376;2560;2646;2573;2545;2556;2534;2568;2394;2522;2561;2529;2548;2632;2683;2878;2888;2929;2986;3074;2907;3050;3204;3100;3061;3154;3172;3069;2991;3113;2973;2868;2795;2625;2617;2377;2508;2303;2308;2207;2152;2098;2122;2187;2233;2420;2220;2271;1868;1754;1767;1712;1637;1860;1673;1556;1588;1419;1432;1334;1181;1215;1225;1125;963;920;901;829;681;572;519;438;402;404;183;119;121;90;79;69;54;40;26;14;4;8;7
Territorio/Età;;0;1;2;3;4;5;6;7;8;9;10;11;12;13;14;15;16;17;18;19;20;21;22;23;24;25;26;27;28;29;30;31;32;33;34;35;36;37;38;39;40;41;42;43;44;45;46;47;48;49;50;51;52;53;54;55;56;57;58;59;60;61;62;63;64;65;66;67;68;69;70;71;72;73;74;75;76;77;78;79;80;81;82;83;84;85;86;87;88;89;90;91;92;93;94;95;96;97;98;99;100
Codice comune;Comune;Femmine
110001;Andria;515;494;524;572;564;621;592;630;603;576;576;568;560;620;621;629;642;631;627;637;629;641;609;725;612;714;700;717;720;727;752;821;791;836;825;750;810;847;880;734;808;800;732;832;696;701;768;653;656;651;613;575;563;550;508;532;544;538;566;603;490;562;419;402;420;459;436;452;461;400;432;359;371;390;352;336;361;350;253;276;289;221;246;184;193;165;150;156;93;67;41;59;54;28;31;23;10;11;3;6;5
110002;Barletta;458;516;490;522;470;545;561;607;577;520;547;522;537;559;561;578;565;540;573;563;544;567;518;555;590;579;629;651;618;660;682;631;688;742;729;727;752;738;793;723;689;752;762;729;673;710;631;656;636;578;582;580;577;594;543;465;547;518;495;588;582;563;503;423;422;428;437;461;425;380;402;369;373;342;376;333;362;312;319;255;301;242;196;206;193;189;133;131;77;62;58;47;36;28;16;19;15;11;3;4;7
110003;Bisceglie;267;270;257;306;311;305;267;310;287;259;307;265;291;281;282;304;307;306;308;260;294;293;319;280;319;320;338;335;397;354;398;409;402;455;441;455;463;431;461;445;443;527;458;483;453;435;349;389;332;348;376;338;338;349;326;319;369;303;318;316;334;324;251;273;251;277;246;283;255;258;241;237;235;225;197;237;238;201;192;153;152;157;125;143;115;115;108;102;44;39;29;22;30;18;18;8;17;7;5;2;3
110004;Canosa di Puglia;151;149;155;131;129;151;162;185;142;157;176;182;186;182;178;182;194;185;203;199;190;177;167;186;187;204;190;183;216;244;217;221;210;244;243;257;230;220;262;280;214;238;252;275;232;212;212;188;210;187;198;201;204;202;182;162;160;186;183;213;187;205;167;155;160;151;119;159;174;145;145;155;161;146;120;118;127;117;123;116;112;97;104;102;89;70;70;69;42;17;12;27;17;14;10;10;8;2;3;0;2
110005;Margherita di Savoia;54;48;40;47;62;66;44;62;66;53;73;58;75;74;79;69;91;59;80;73;89;67;64;75;62;70;50;77;73;77;85;62;80;100;85;102;78;87;99;88;103;108;107;97;126;90;81;98;87;73;85;79;85;90;73;77;71;83;81;85;79;76;82;68;64;58;77;74;66;60;78;62;58;62;60;64;72;56;70;51;51;50;39;48;35;35;32;35;19;6;10;5;8;15;7;4;0;6;1;2;4
110006;Minervino Murge;38;39;38;46;53;41;54;54;57;51;47;48;49;38;55;42;46;70;48;63;49;49;65;50;70;64;59;59;57;53;60;70;66;71;73;67;63;68;74;55;71;75;74;73;64;76;57;60;63;52;52;55;60;52;54;67;76;75;52;68;66;67;58;42;52;51;44;70;63;68;60;61;68;66;48;48;48;65;34;40;44;34;37;33;33;32;33;21;11;8;8;8;9;7;9;5;2;0;1;0;2
110007;San Ferdinando di Puglia;66;78;73;76;63;85;95;86;76;77;95;83;86;111;69;93;93;97;101;100;84;90;81;86;99;94;86;79;102;104;93;103;108;116;105;101;95;106;110;110;98;116;114;97;94;105;103;107;84;69;83;93;79;92;69;60;93;63;87;83;88;88;67;81;71;55;64;54;68;64;69;71;58;58;62;65;58;53;65;51;76;61;49;30;46;34;36;30;13;10;8;5;2;5;1;1;2;1;4;2;1
110008;Spinazzola;24;26;32;35;31;35;35;32;30;36;38;41;32;48;42;40;49;57;46;48;35;42;48;43;35;46;37;38;44;40;47;40;35;51;37;43;26;25;38;55;62;62;54;70;67;48;62;49;54;47;50;53;44;47;29;39;44;43;40;40;39;44;31;43;29;29;34;36;41;40;42;37;34;38;40;29;46;45;38;37;33;40;26;21;33;30;23;22;9;7;6;3;7;12;4;7;2;1;1;1;2
110009;Trani;277;256;262;266;286;311;287;304;285;315;295;276;296;299;292;317;304;324;305;314;321;318;323;347;368;381;344;330;353;354;394;371;419;449;413;427;459;432;453;427;424;474;425;466;450;445;425;371;432;403;391;328;333;357;330;312;324;341;341;339;369;311;287;230;230;275;260;265;234;240;237;213;234;222;191;206;204;179;177;166;138;143;133;126;109;101;92;81;59;36;33;32;14;24;16;9;10;8;3;1;0
110010;Trinitapoli;75;81;89;76;103;69;82;74;101;87;94;89;99;97;74;104;98;108;100;104;99;73;92;94;82;88;95;102;124;106;107;120;99;106;116;100;126;120;119;99;104;100;90;92;97;105;97;83;90;89;98;77;78;87;79;95;87;69;101;89;92;100;70;67;65;63;54;58;72;56;68;41;55;54;65;53;51;65;56;57;37;48;36;42;25;37;28;33;19;14;5;4;5;7;4;4;4;0;1;0;3
;Totale;1925;1957;1960;2077;2072;2229;2179;2344;2224;2131;2248;2132;2211;2309;2253;2358;2389;2377;2391;2361;2334;2317;2286;2441;2424;2560;2528;2571;2704;2719;2835;2848;2898;3170;3067;3029;3102;3074;3289;3016;3016;3252;3068;3214;2952;2927;2785;2654;2644;2497;2528;2379;2361;2420;2193;2128;2315;2219;2264;2424;2326;2340;1935;1784;1764;1846;1771;1912;1859;1711;1774;1605;1647;1603;1511;1489;1567;1443;1327;1202;1233;1093;991;935;871;808;705;680;386;266;210;212;182;158;116;90;70;47;25;18;29

"Ricostruzione della popolazione intercensuaria - Popolazione al 1° gennaio per età"
"Cittadinanza italiana - Anno: 2009 - Provincia: Barletta-Andria-Trani"
Territorio/Età;;0;1;2;3;4;5;6;7;8;9;10;11;12;13;14;15;16;17;18;19;20;21;22;23;24;25;26;27;28;29;30;31;32;33;34;35;36;37;38;39;40;41;42;43;44;45;46;47;48;49;50;51;52;53;54;55;56;57;58;59;60;61;62;63;64;65;66;67;68;69;70;71;72;73;74;75;76;77;78;79;80;81;82;83;84;85;86;87;88;89;90;91;92;93;94;95;96;97;98;99;100
Codice comune;Comune;Totale
110001;Andria;1059;1064;1051;1152;1140;1178;1242;1198;1244;1285;1197;1244;1196;1207;1276;1255;1310;1338;1272;1279;1293;1276;1315;1235;1369;1264;1375;1367;1419;1430;1509;1534;1601;1603;1634;1564;1528;1678;1630;1669;1547;1597;1544;1437;1574;1376;1434;1447;1282;1315;1255;1249;1137;1086;1077;1021;1047;1051;1060;1110;1192;1024;1110;847;828;852;846;812;887;875;773;797;655;672;650;585;599;610;574;451;455;490;374;368;281;266;234;199;209;108;82;58;65;58;29;31;26;10;12;0;12
110002;Barletta;882;992;1022;983;1094;1022;1097;1117;1193;1189;1091;1087;1124;1084;1144;1094;1215;1211;1190;1209;1174;1180;1169;1122;1197;1225;1161;1238;1283;1243;1358;1407;1370;1406;1493;1435;1507;1506;1480;1513;1485;1452;1506;1479;1478;1387;1387;1299;1270;1250;1137;1194;1119;1122;1121;1068;968;1044;1047;1008;1181;1098;1110;939;819;844;832;853;897;809;736;784;695;706;678;652;565;625;533;497;443;496;410;295;304;273;249;206;179;97;74;65;58;50;34;15;24;15;10;2;8
110003;Bisceglie;577;545;588;538;639;604;625;540;584;594;547;625;543;571;604;590;657;639;636;618;607;637;622;602;584;654;660;690;709;752;744;768;830;767;870;846;864;933;872;917;920;928;981;924;966;925;839;764;766;711;702;711;702;668;706;633;601;680;631;632;628;631;631;520;487;509;516;454;547;470;446;464;444;400;410;358;416;402;358;327;277;241;266;218;208;170;153;138;153;54;42;30;28;37;20;12;11;12;6;5;4
110004;Canosa di Puglia;285;304;309;320;261;304;310;339;378;312;338;365;384;364;384;389;406;392;358;412;386;378;377;321;371;360;384;367;381;420;439;420;451;445;466;462;482;464;479;513;514;474;471;498;532;465;421;417;395;418;363;384;366;388;376;364;335;322;358;374;403;402;386;332;318;290;282;219;314;319;263;274;263;282;243;220;200;197;213;201;178;183;150;162;134;113;110;92;95;46;21;19;27;17;21;10;10;5;4;2;3
110005;Margherita di Savoia;102;107;113;91;102;122;135;119;136;120;118;138;135;133;170;163;137;186;156;150;152;169;139;128;148;116;143;120;138;161;156;181;143;167;182;160;189;177;174;188;185;180;216;204;191;242;171;172;184;174;150;163;147;150;155;139;150;135;161;156;177;146;172;154;128;122;132;152;147;132;134;121;114;115;111;97;112;124;96;107;91;75;83;71;66;61;51;38;46;25;11;14;7;8;15;11;2;1;4;0;4
110006;Minervino Murge;76;82;83;84;99;105;81;107;97;102;90;102;104;109;99;107;94;114;133;105;118;95;96;107;107;121;112;114;103;121;118;118;148;134;152;140;137;134;166;143;132;148;158;144;143;125;137;122;118;121;119;122;115;111;114;100;124;142;135;111;133;135;128;98;79;106;90;96;117;109;120;114;118;113;109;79;83;82;106;65;62;72;58;52;46;49;40;34;28;12;6;13;10;10;6;9;7;2;1;1;2
110007;San Ferdinando di Puglia;128;136;142;155;153;153;172;172;168;159;148;202;186;198;214;183;198;207;211;206;194;162;187;171;161;192;160;168;139;180;207;204;186;207;226;213;202;215;200;209;225;203;217;220;227;198;209;192;201;163;145;167;170;163;163;141;131;167;132;163;182;158;164;149;148;145;130;124;123;130;128;122;140;113;112;104;109;113;103;112;86;109;94;66;59;77;54;57;47;18;17;11;5;0;8;1;0;3;3;2;3
110008;Spinazzola;47;51;53;57;54;60;61;62;58;63;80;84;75;64;97;77;87;96;99;85;98;81;86;82;78;77;82;65;86;68;71;91;72;84;104;72;86;73;77;82;98;107;110;100;121;119;101;111;103;99;106;94;90;95;94;74;77;92;86;84;75;82;82;59;84;64;66;57;69;84;62;66;60;59;64;73;59;73;69;62;65;60;57;43;36;42;38;34;35;15;6;10;8;5;13;6;8;2;2;2;4
110009;Trani;542;584;515;563;551;585;603;569;614;602;622;615;604;610;643;614;639;660;685;669;676;666;702;680;706;713;761;696;701;721;730;782;736;830;888;823;840;881;847;866;874;861;912;858;906;886;897;859;768;837;730;752;672;709;675;650;605;623;646;648;689;695;630;547;487;453;515;484;522;448;440;453;390;449;391;351;372;371;317;289;284;218;218;207;186;167;131;137;113;73;34;41;39;15;27;20;11;6;9;3;2
110010;Trinitapoli;151;156;184;174;170;185;151;176;187;206;171;170;178;192;184;158;188;189;200;197;201;211;166;180;188;180;163;168;178;216;204;205;213;200;199;214;217;227;237;241;189;222;195;189;200;198;200;188;183;173;169;196;150;160;147;157;165;159;145;186;174;168;191;129;133;128;128;125;113;133;119;113;101;120;105;110;94;84;91;88;83;63;80;60;63;45;51;40;41;23;19;10;4;5;4;4;3;4;0;0;2
;Totale;3849;4021;4060;4117;4263;4318;4477;4399;4659;4632;4402;4632;4529;4532;4815;4630;4931;5032;4940;4930;4899;4855;4859;4628;4909;4902;5001;4993;5137;5312;5536;5710;5750;5843;6214;5929;6052;6288;6162;6341;6169;6172;6310;6053;6338;5921;5796;5571;5270;5261;4876;5032;4668;4652;4628;4347;4203;4415;4401;4472;4834;4539;4604;3774;3511;3513;3537;3376;3736;3509;3221;3308;2980;3029;2873;2629;2609;2681;2460;2199;2024;2007;1790;1542;1383;1263;1111;975;946;471;312;271;251;205;177;119;102;60;51;17;44
Territorio/Età;;0;1;2;3;4;5;6;7;8;9;10;11;12;13;14;15;16;17;18;19;20;21;22;23;24;25;26;27;28;29;30;31;32;33;34;35;36;37;38;39;40;41;42;43;44;45;46;47;48;49;50;51;52;53;54;55;56;57;58;59;60;61;62;63;64;65;66;67;68;69;70;71;72;73;74;75;76;77;78;79;80;81;82;83;84;85;86;87;88;89;90;91;92;93;94;95;96;97;98;99;100
Codice comune;Comune;Maschi
110001;Andria;537;549;554;626;569;616;622;605;613;680;622;669;622;647;653;633;678;695;637;653;660;648;674;626;648;660;669;669;701;715;781;791;779;811;808;745;781;866;783;783;810;787;747;709;743;680;731;684;631;660;603;636;566;522;529;514;516;506;523;546;588;530;546;430;432;435;387;380;435;415;375;368;296;305;270;242;273;261;239;205;188;218;162;141;113;85;87;63;70;32;29;23;15;20;8;10;5;3;3;0;2
110002;Barletta;469;527;502;490;575;552;553;555;585;619;570;537;607;546;582;536;637;646;654;637;613;640;610;609;641;642;594;620;636;632;712;732;742;724;755;709;783;755;744;722;765;760;750;721;749;715;677;668;618;611;560;617;539;549;530;527;504;499;533;512;594;519;546;438;393;425;406;415;443;385;361;389;332;336;342;281;238;279;230;192;203;207;178;115;109;94;80;85;60;30;23;17;15;15;10;4;9;4;0;0;3
110003;Bisceglie;308;280;319;284;333;296;322;273;276;302;286;316;273;275;323;308;354;334;333;308;344;339;328;289;304;330;341;347;375;350;389;373;420;369;413;416;407;471;440;463;479;489;457;469;481;473;405;412;375;378;351;332;366;331;358;307;285;312;330;316;314;299;306;269;216;257;244;214;266;217;193;226;213;171;184;169;186;171;164;141;135;101;114;100;78;64;50;44;62;18;8;8;15;11;6;2;2;0;1;0;2
110004;Canosa di Puglia;145;153;163;164;131;174;157;177;195;173;183;186;201;181;203;211;223;199;175;214;188;191;201;158;185;178;185;180;199;212;197;201;224;240;222;224;226;237;255;253;236;261;236;243;255;234;209;210;207;209;175;186;165;186;171;181;172;163;172;196;188;216;186;168;163;134;136;102;157;145;121;134;117;126;101;107;86;72;104;80;66;73;59;65;36;39;46;33;40;12;5;10;4;4;9;3;3;0;2;0;1
110005;Margherita di Savoia;48;55;66;49;55;60;68;73;71;55;65;66;78;59;96;83;69;95;99;68;78;82;74;66;77;57;74;71;61;86;76;92;77;83;84;74;88;96;89;91;96;78;111;96;93;117;80;90;86;86;75;79;68;64;65;68;75;65;75;74;92;68;97;73;63;57;75;75;72;65;74;43;51;61;48;40;47;58;44;40;40;30;35;34;21;28;21;11;14;7;6;6;2;1;2;3;0;1;0;0;1
110006;Minervino Murge;38;44;42;45;53;50;40;52;43;45;40;54;56;60;61;54;52;69;63;56;55;45;48;44;57;56;51;58;48;64;66;58;80;67;83;65;69;70;97;69;79;78;81;70;70;61;60;66;58;59;67;69;60;51;63;46;57;68;60;59;64;68;60;41;37;54;38;53;48;49;52;54;59;45;43;31;35;36;43;31;28;32;27;17;16;18;10;6;12;3;2;6;2;1;1;2;4;0;1;0;0
110007;San Ferdinando di Puglia;64;71;66;85;80;89;86;77;83;83;73;108;102;111;104;116;102;115;114;104;93;76;97;91;77;93;69;85;63;81;103;112;88;103;115;109;101;123;94;99;111;108;102;109;131;101;105;90;94;79;76;80;77;85;71;70;74;73;68;75;98;70;77;83;68;74;75;61;69;65;66;55;70;56;54;45;48;58;51;49;37;37;36;19;30;35;23;27;23;11;10;3;1;0;3;1;0;0;2;1;1
110008;Spinazzola;24;27;28;26;19;31;26;27;27;34;44;45;34;33;49;34;48;47;43;39;51;46;44;36;35;41;36;31;47;27;29;41;33;54;53;34;43;47;51;42;43;46;50;46;50;52;54;50;54;44;57;45;37;51;47;45;38;48;43;47;36;44;38;28;41;35;37;23;33;41;22;23;23;26;26;32;30;29;30;25;28;28;23;19;16;12;12;12;14;7;0;4;5;0;3;2;1;0;0;1;1
110009;Trani;284;308;266;296;288;297;297;283;308;320;307;320;329;317;341;321;322;355;362;364;363;348;386;354;365;352;387;359;378;378;380;390;368;411;431;410;419;427;414;417;440;439;441;432;439;432;457;431;396;402;330;362;347;376;313;317;291;299;304;307;344;326;315;261;258;225;242;224;260;214;202;212;177;214;171;157;177;173;141;119;117;91;82;76;69;63;40;49;42;22;4;12;9;4;8;3;3;0;2;0;1
110010;Trinitapoli;75;81;102;86;95;81;82;96;111;103;85;79;89;94;88;84;84;90;91;103;98;110;92;85;94;103;79;74;81;97;104;101;92;103;92;103;120;102;117;122;90;120;95;100;106;99;96;90;100;82;80;96;72;81;60;77;72;72;75;85;85;76;91;62;65;63;65;72;56;62;64;47;61;68;52;45;42;35;27;38;28;27;34;25;27;21;17;17;11;5;7;5;0;1;2;2;0;1;0;0;0
;Totale;1992;2095;2108;2151;2198;2246;2253;2218;2312;2414;2275;2380;2391;2323;2500;2380;2569;2645;2571;2546;2543;2525;2554;2358;2483;2512;2485;2494;2589;2642;2837;2891;2903;2965;3056;2889;3037;3194;3084;3061;3149;3166;3070;2995;3117;2964;2874;2791;2619;2610;2374;2502;2297;2296;2207;2152;2084;2105;2183;2217;2403;2216;2262;1853;1736;1759;1705;1619;1839;1658;1530;1551;1399;1408;1291;1149;1162;1172;1073;920;870;844;750;611;515;459;386;347;348;147;94;94;68;57;52;32;27;9;11;2;12
Territorio/Età;;0;1;2;3;4;5;6;7;8;9;10;11;12;13;14;15;16;17;18;19;20;21;22;23;24;25;26;27;28;29;30;31;32;33;34;35;36;37;38;39;40;41;42;43;44;45;46;47;48;49;50;51;52;53;54;55;56;57;58;59;60;61;62;63;64;65;66;67;68;69;70;71;72;73;74;75;76;77;78;79;80;81;82;83;84;85;86;87;88;89;90;91;92;93;94;95;96;97;98;99;100
Codice comune;Comune;Femmine
110001;Andria;522;515;497;526;571;562;620;593;631;605;575;575;574;560;623;622;632;643;635;626;633;628;641;609;721;604;706;698;718;715;728;743;822;792;826;819;747;812;847;886;737;810;797;728;831;696;703;763;651;655;652;613;571;564;548;507;531;545;537;564;604;494;564;417;396;417;459;432;452;460;398;429;359;367;380;343;326;349;335;246;267;272;212;227;168;181;147;136;139;76;53;35;50;38;21;21;21;7;9;0;10
110002;Barletta;413;465;520;493;519;470;544;562;608;570;521;550;517;538;562;558;578;565;536;572;561;540;559;513;556;583;567;618;647;611;646;675;628;682;738;726;724;751;736;791;720;692;756;758;729;672;710;631;652;639;577;577;580;573;591;541;464;545;514;496;587;579;564;501;426;419;426;438;454;424;375;395;363;370;336;371;327;346;303;305;240;289;232;180;195;179;169;121;119;67;51;48;43;35;24;11;15;11;10;2;5
110003;Bisceglie;269;265;269;254;306;308;303;267;308;292;261;309;270;296;281;282;303;305;303;310;263;298;294;313;280;324;319;343;334;402;355;395;410;398;457;430;457;462;432;454;441;439;524;455;485;452;434;352;391;333;351;379;336;337;348;326;316;368;301;316;314;332;325;251;271;252;272;240;281;253;253;238;231;229;226;189;230;231;194;186;142;140;152;118;130;106;103;94;91;36;34;22;13;26;14;10;9;12;5;5;2
110004;Canosa di Puglia;140;151;146;156;130;130;153;162;183;139;155;179;183;183;181;178;183;193;183;198;198;187;176;163;186;182;199;187;182;208;242;219;227;205;244;238;256;227;224;260;278;213;235;255;277;231;212;207;188;209;188;198;201;202;205;183;163;159;186;178;215;186;200;164;155;156;146;117;157;174;142;140;146;156;142;113;114;125;109;121;112;110;91;97;98;74;64;59;55;34;16;9;23;13;12;7;7;5;2;2;2
110005;Margherita di Savoia;54;52;47;42;47;62;67;46;65;65;53;72;57;74;74;80;68;91;57;82;74;87;65;62;71;59;69;49;77;75;80;89;66;84;98;86;101;81;85;97;89;102;105;108;98;125;91;82;98;88;75;84;79;86;90;71;75;70;86;82;85;78;75;81;65;65;57;77;75;67;60;78;63;54;63;57;65;66;52;67;51;45;48;37;45;33;30;27;32;18;5;8;5;7;13;8;2;0;4;0;3
110006;Minervino Murge;38;38;41;39;46;55;41;55;54;57;50;48;48;49;38;53;42;45;70;49;63;50;48;63;50;65;61;56;55;57;52;60;68;67;69;75;68;64;69;74;53;70;77;74;73;64;77;56;60;62;52;53;55;60;51;54;67;74;75;52;69;67;68;57;42;52;52;43;69;60;68;60;59;68;66;48;48;46;63;34;34;40;31;35;30;31;30;28;16;9;4;7;8;9;5;7;3;2;0;1;2
110007;San Ferdinando di Puglia;64;65;76;70;73;64;86;95;85;76;75;94;84;87;110;67;96;92;97;102;101;86;90;80;84;99;91;83;76;99;104;92;98;104;111;104;101;92;106;110;114;95;115;111;96;97;104;102;107;84;69;87;93;78;92;71;57;94;64;88;84;88;87;66;80;71;55;63;54;65;62;67;70;57;58;59;61;55;52;63;49;72;58;47;29;42;31;30;24;7;7;8;4;0;5;0;0;3;1;1;2
110008;Spinazzola;23;24;25;31;35;29;35;35;31;29;36;39;41;31;48;43;39;49;56;46;47;35;42;46;43;36;46;34;39;41;42;50;39;30;51;38;43;26;26;40;55;61;60;54;71;67;47;61;49;55;49;49;53;44;47;29;39;44;43;37;39;38;44;31;43;29;29;34;36;43;40;43;37;33;38;41;29;44;39;37;37;32;34;24;20;30;26;22;21;8;6;6;3;5;10;4;7;2;2;1;3
110009;Trani;258;276;249;267;263;288;306;286;306;282;315;295;275;293;302;293;317;305;323;305;313;318;316;326;341;361;374;337;323;343;350;392;368;419;457;413;421;454;433;449;434;422;471;426;467;454;440;428;372;435;400;390;325;333;362;333;314;324;342;341;345;369;315;286;229;228;273;260;262;234;238;241;213;235;220;194;195;198;176;170;167;127;136;131;117;104;91;88;71;51;30;29;30;11;19;17;8;6;7;3;1
110010;Trinitapoli;76;75;82;88;75;104;69;80;76;103;86;91;89;98;96;74;104;99;109;94;103;101;74;95;94;77;84;94;97;119;100;104;121;97;107;111;97;125;120;119;99;102;100;89;94;99;104;98;83;91;89;100;78;79;87;80;93;87;70;101;89;92;100;67;68;65;63;53;57;71;55;66;40;52;53;65;52;49;64;50;55;36;46;35;36;24;34;23;30;18;12;5;4;4;2;2;3;3;0;0;2
;Totale;1857;1926;1952;1966;2065;2072;2224;2181;2347;2218;2127;2252;2138;2209;2315;2250;2362;2387;2369;2384;2356;2330;2305;2270;2426;2390;2516;2499;2548;2670;2699;2819;2847;2878;3158;3040;3015;3094;3078;3280;3020;3006;3240;3058;3221;2957;2922;2780;2651;2651;2502;2530;2371;2356;2421;2195;2119;2310;2218;2255;2431;2323;2342;1921;1775;1754;1832;1757;1897;1851;1691;1757;1581;1621;1582;1480;1447;1509;1387;1279;1154;1163;1040;931;868;804;725;628;598;324;218;177;183;148;125;87;75;51;40;15;32

"Ricostruzione della popolazione intercensuaria - Popolazione al 1° gennaio per età"
"Cittadinanza italiana - Anno: 2010 - Provincia: Barletta-Andria-Trani"
Territorio/Età;;0;1;2;3;4;5;6;7;8;9;10;11;12;13;14;15;16;17;18;19;20;21;22;23;24;25;26;27;28;29;30;31;32;33;34;35;36;37;38;39;40;41;42;43;44;45;46;47;48;49;50;51;52;53;54;55;56;57;58;59;60;61;62;63;64;65;66;67;68;69;70;71;72;73;74;75;76;77;78;79;80;81;82;83;84;85;86;87;88;89;90;91;92;93;94;95;96;97;98;99;100
Codice comune;Comune;Totale
110001;Andria;1102;1057;1058;1054;1149;1135;1175;1246;1199;1249;1284;1198;1247;1197;1208;1274;1255;1309;1338;1277;1271;1286;1270;1309;1224;1361;1252;1363;1346;1391;1414;1505;1521;1597;1599;1629;1567;1525;1680;1633;1663;1547;1600;1538;1436;1570;1372;1425;1433;1275;1309;1255;1249;1135;1084;1070;1011;1038;1043;1057;1104;1190;1015;1099;839;823;843;841;801;870;856;766;777;640;653;631;563;567;591;542;433;433;461;345;321;255;247;202;167;178;91;69;49;54;41;20;22;19;7;7;7
110002;Barletta;843;880;998;1020;988;1095;1026;1096;1123;1192;1188;1086;1092;1128;1091;1149;1093;1215;1208;1187;1208;1170;1182;1171;1112;1184;1211;1150;1215;1268;1238;1336;1397;1355;1393;1482;1424;1502;1495;1464;1507;1482;1458;1506;1477;1473;1388;1385;1297;1268;1252;1135;1196;1127;1124;1119;1063;968;1041;1038;1010;1177;1093;1107;926;810;834;828;842;884;802;724;776;681;691;662;627;551;603;519;473;418;470;383;271;284;249;222;181;152;89;64;53;41;34;27;10;19;12;6;5
110003;Bisceglie;537;576;542;593;531;634;596;625;540;581;593;548;626;542;573;605;591;657;638;637;613;608;636;618;595;573;656;646;681;706;739;738;773;836;784;878;850;859;938;875;905;921;930;985;913;960;925;841;758;762;701;697;707;694;666;703;630;595;679;625;626;628;628;633;504;487;506;512;450;538;464;442;452;435;393;401;350;400;385;342;316;265;227;248;200;194;154;139;125;129;52;33;28;24;27;18;10;8;11;6;6
110004;Canosa di Puglia;274;286;302;313;319;258;302;309;335;375;309;338;366;382;367;384;388;404;392;353;410;378;372;373;322;365;350;380;360;372;407;432;420;440;444;461;456;478;460;475;508;514;472;473;500;530;463;417;419;397;417;362;383;365;387;373;363;337;320;359;375;399;397;387;331;314;291;283;215;305;317;259;267;259;276;237;212;200;191;197;188;166;167;138;145;124;99;97;72;82;39;16;13;19;14;13;6;8;1;3;4
110005;Margherita di Savoia;111;100;105;109;90;107;115;129;120;135;117;116;139;136;127;167;161;138;184;159;150;153;172;139;133;148;115;134;116;133;154;159;180;137;162;178;159;188;172;173;185;178;175;213;202;193;242;172;170;185;178;148;161;144;151;155;137;153;133;164;162;177;146;174;152;125;122;134;151;142;130;131;118;114;113;105;96;107;118;89;103;86;74;74;65;57;52;44;35;47;19;8;9;9;6;10;7;2;0;2;1
110006;Minervino Murge;78;75;83;85;85;99;105;82;108;97;103;91;101;105;110;97;106;95;115;135;103;116;92;94;107;106;119;107;111;101;122;117;116;143;131;150;141;140;134;166;143;131;147;159;143;140;124;135;123;120;120;119;122;115;111;115;99;122;137;134;109;130;128;129;97;77;107;90;94;116;106;120;109;111;111;108;76;80;81;106;58;59;63;56;48;39;42;35;34;26;11;6;11;5;8;5;8;5;1;1;1
110007;San Ferdinando di Puglia;133;135;136;141;158;153;156;175;172;172;159;150;202;192;203;216;186;199;208;212;206;195;160;183;174;156;194;165;166;137;183;207;201;193;204;227;211;200;213;196;210;228;206;216;218;228;201;209;195;201;164;148;164;166;166;165;142;130;167;132;166;181;159;163;145;147;143;131;122;121;130;125;121;139;112;107;102;102;106;99;106;80;103;89;66;53;72;49;48;44;15;11;8;3;0;5;1;0;3;3;4
110008;Spinazzola;58;46;52;54;59;53;61;61;63;59;63;78;84;74;62;97;77;87;95;100;85;96;74;81;79;75;76;87;59;81;66;71;86;69;82;99;71;85;75;82;83;103;108;111;96;120;119;101;111;101;100;106;95;88;94;92;75;76;90;84;84;77;81;80;60;84;63;64;58;69;81;63;60;57;57;63;73;57;69;65;60;60;57;52;36;32;41;33;30;30;15;5;9;8;4;10;5;7;1;2;6
110009;Trani;546;529;577;517;559;553;577;601;568;615;600;624;610;602;611;646;615;636;659;681;674;675;665;701;678;703;712;749;687;693;712;732;783;745;827;871;821;836;872;844;870;869;857;910;861;905;882;890;859;770;828;727;745;672;708;673;647;601;621;646;640;687;688;628;545;484;449;507;480;518;444;436;448;377;439;388;348;369;356;311;275;273;201;210;198;167;147;118;125;102;63;29;32;29;13;18;17;7;3;4;3
110010;Trinitapoli;161;148;159;186;175;169;187;153;181;188;210;173;176;177;191;184;160;190;191;198;197;204;208;165;174;183;176;159;169;175;206;201;204;207;200;202;215;214;224;240;239;192;225;195;189;201;198;199;188;183;174;170;196;149;158;149;160;162;159;148;183;173;169;190;130;133;127;131;123;113;130;117;111;99;121;100;105;92;83;87;81;78;61;76;54;57;38;45;36;37;22;16;8;3;4;5;4;1;4;0;2
;Totale;3843;3832;4012;4072;4113;4256;4300;4477;4409;4663;4626;4402;4643;4535;4543;4819;4632;4930;5028;4939;4917;4881;4831;4834;4598;4854;4861;4940;4910;5057;5241;5498;5681;5722;5826;6177;5915;6027;6263;6148;6313;6165;6178;6306;6035;6320;5914;5774;5553;5262;5243;4867;5018;4655;4649;4614;4327;4182;4390;4387;4459;4819;4504;4590;3729;3484;3485;3521;3336;3676;3460;3183;3239;2912;2966;2802;2552;2525;2583;2357;2093;1918;1884;1671;1404;1262;1141;984;853;827;416;257;220;195;151;131;90;76;43;34;39
Territorio/Età;;0;1;2;3;4;5;6;7;8;9;10;11;12;13;14;15;16;17;18;19;20;21;22;23;24;25;26;27;28;29;30;31;32;33;34;35;36;37;38;39;40;41;42;43;44;45;46;47;48;49;50;51;52;53;54;55;56;57;58;59;60;61;62;63;64;65;66;67;68;69;70;71;72;73;74;75;76;77;78;79;80;81;82;83;84;85;86;87;88;89;90;91;92;93;94;95;96;97;98;99;100
Codice comune;Comune;Maschi
110001;Andria;548;534;547;555;624;565;616;623;605;618;680;623;671;623;647;650;631;679;695;639;650;657;645;674;621;642;652;661;654;689;715;781;779;771;807;802;747;783;864;782;777;810;789;744;711;739;678;727;679;628;654;603;637;567;522;526;509;511;500;522;541;587;525;537;428;428;429;385;376;424;405;369;355;287;297;262;234;255;250;224;191;175;202;148;120;101;78;72;57;61;24;24;18;11;14;3;8;4;2;0;3
110002;Barletta;409;470;535;500;494;577;553;554;557;584;621;566;539;608;549;583;540;638;643;649;637;608;640;610;605;634;630;588;608;626;632;697;721;734;714;748;705;779;748;732;718;761;762;747;717;746;715;675;662;616;613;557;619;545;545;532;524;505;497;525;514;590;514;543;431;387;420;402;411;435;381;354;385;322;326;332;268;227;267;217;177;188;192;159;99;101;91;68;72;49;29;18;14;12;6;7;3;7;4;0;0
110003;Bisceglie;302;305;277;320;284;332;293;322;274;275;300;285;320;274;277;324;310;353;332;331;305;346;338;322;286;296;333;336;340;370;346;384;373;421;385;419;421;404;479;442;455;478;491;459;463;476;473;407;404;372;373;349;327;361;331;357;305;280;313;324;313;314;297;307;259;218;256;241;213;259;212;190;217;206;169;180;163;182;160;155;134;128;91;108;90;71;62;45;39;50;19;6;6;11;7;7;2;1;0;1;1
110004;Canosa di Puglia;141;143;155;163;163;132;173;157;174;194;173;184;187;198;182;202;209;223;199;176;213;185;186;200;159;182;173;187;177;195;201;197;201;218;236;218;221;226;232;252;250;233;261;238;244;253;232;208;211;207;207;178;184;164;185;171;178;175;162;173;197;185;216;186;167;159;136;135;98;150;144;116;131;116;119;96;101;84;72;96;73;59;63;56;62;30;37;41;26;34;11;2;7;3;4;7;1;1;0;2;0
110005;Margherita di Savoia;58;46;49;64;49;60;58;64;72;70;54;65;67;78;58;94;81;70;94;100;69;79;84;74;68;78;59;69;69;61;82;78;92;76;80;81;76;89;90;89;91;93;74;110;95;95;118;79;88;87;89;74;76;68;63;66;65;78;64;77;77;91;69;99;71;59;58;76;76;71;64;73;42;51;60;46;39;47;55;39;39;39;29;31;32;16;23;20;10;16;6;4;3;2;0;1;2;0;0;0;0
110006;Minervino Murge;48;37;45;44;47;53;50;40;52;43;46;41;53;57;60;60;53;53;70;65;55;53;44;48;45;58;54;47;57;47;62;65;58;78;66;81;64;72;70;98;69;78;78;81;69;68;60;59;67;59;59;67;69;60;50;65;45;55;66;60;59;61;63;61;40;36;55;38;52;48;47;53;50;53;44;42;29;34;34;43;27;27;28;25;15;12;18;9;6;13;2;3;6;2;1;1;2;3;0;1;0
110007;San Ferdinando di Puglia;71;66;71;64;86;80;90;88;77;84;83;72;107;105;114;106;119;102;118;115;102;91;74;93;92;77;91;68;85;62;84;104;112;89;98;115;107;99;122;93;98;113;107;102;111;132;104;106;91;93;79;77;79;76;86;72;71;73;73;68;77;97;70;76;82;68;72;75;60;67;65;65;54;68;55;51;43;46;54;50;47;34;37;34;21;27;34;21;23;22;10;9;3;1;0;2;1;0;0;2;2
110008;Spinazzola;31;23;27;29;27;19;31;26;29;27;34;42;45;35;31;49;34;48;47;44;39;49;42;42;34;36;41;40;27;43;27;29;38;33;53;51;33;42;49;56;43;47;47;51;44;49;52;52;50;52;44;57;44;37;51;45;46;37;48;42;47;36;43;37;28;41;35;37;23;33;38;22;21;21;23;26;32;28;30;26;23;25;26;19;14;14;13;10;10;13;7;0;3;5;0;2;2;0;0;0;2
110009;Trani;273;280;305;265;292;288;294;295;283;307;318;309;318;328;316;343;321;322;355;360;367;365;349;386;352;363;356;382;355;374;366;383;390;365;408;422;409;417;420;412;421;436;438;441;431;437;430;452;433;398;397;329;357;349;374;311;316;288;298;304;301;340;322;314;260;254;222;237;221;260;215;200;208;169;207;167;154;175;163;138;115;110;81;82;71;61;54;33;45;39;21;2;11;6;3;5;3;1;0;0;1
110010;Trinitapoli;76;74;82;102;87;94;83;83;100;112;104;85;82;89;94;88;84;84;91;89;100;98;109;92;82;91;101;79;73;80;92;102;101;88;100;93;104;116;99;119;121;93;121;95;100;106;99;96;90;100;82;81;97;72;80;61;76;71;72;78;84;84;77;91;64;64;64;66;70;56;60;65;47;60;68;49;41;42;35;23;35;27;25;30;23;23;17;15;15;10;5;5;3;0;0;2;2;0;1;0;0
;Totale;1957;1978;2093;2106;2153;2200;2241;2252;2223;2314;2413;2272;2389;2395;2328;2499;2382;2572;2644;2568;2537;2531;2511;2541;2344;2457;2490;2457;2445;2547;2607;2820;2865;2873;2947;3030;2887;3027;3173;3075;3043;3142;3168;3068;2985;3101;2961;2861;2775;2612;2597;2372;2489;2299;2287;2206;2135;2073;2093;2173;2210;2385;2196;2251;1830;1714;1747;1692;1600;1803;1631;1507;1510;1353;1368;1251;1104;1120;1120;1011;861;812;774;692;547;456;427;334;303;307;134;73;74;53;35;37;26;17;7;6;9
Territorio/Età;;0;1;2;3;4;5;6;7;8;9;10;11;12;13;14;15;16;17;18;19;20;21;22;23;24;25;26;27;28;29;30;31;32;33;34;35;36;37;38;39;40;41;42;43;44;45;46;47;48;49;50;51;52;53;54;55;56;57;58;59;60;61;62;63;64;65;66;67;68;69;70;71;72;73;74;75;76;77;78;79;80;81;82;83;84;85;86;87;88;89;90;91;92;93;94;95;96;97;98;99;100
Codice comune;Comune;Femmine
110001;Andria;554;523;511;499;525;570;559;623;594;631;604;575;576;574;561;624;624;630;643;638;621;629;625;635;603;719;600;702;692;702;699;724;742;826;792;827;820;742;816;851;886;737;811;794;725;831;694;698;754;647;655;652;612;568;562;544;502;527;543;535;563;603;490;562;411;395;414;456;425;446;451;397;422;353;356;369;329;312;341;318;242;258;259;197;201;154;169;130;110;117;67;45;31;43;27;17;14;15;5;7;4
110002;Barletta;434;410;463;520;494;518;473;542;566;608;567;520;553;520;542;566;553;577;565;538;571;562;542;561;507;550;581;562;607;642;606;639;676;621;679;734;719;723;747;732;789;721;696;759;760;727;673;710;635;652;639;578;577;582;579;587;539;463;544;513;496;587;579;564;495;423;414;426;431;449;421;370;391;359;365;330;359;324;336;302;296;230;278;224;172;183;158;154;109;103;60;46;39;29;28;20;7;12;8;6;5
110003;Bisceglie;235;271;265;273;247;302;303;303;266;306;293;263;306;268;296;281;281;304;306;306;308;262;298;296;309;277;323;310;341;336;393;354;400;415;399;459;429;455;459;433;450;443;439;526;450;484;452;434;354;390;328;348;380;333;335;346;325;315;366;301;313;314;331;326;245;269;250;271;237;279;252;252;235;229;224;221;187;218;225;187;182;137;136;140;110;123;92;94;86;79;33;27;22;13;20;11;8;7;11;5;5
110004;Canosa di Puglia;133;143;147;150;156;126;129;152;161;181;136;154;179;184;185;182;179;181;193;177;197;193;186;173;163;183;177;193;183;177;206;235;219;222;208;243;235;252;228;223;258;281;211;235;256;277;231;209;208;190;210;184;199;201;202;202;185;162;158;186;178;214;181;201;164;155;155;148;117;155;173;143;136;143;157;141;111;116;119;101;115;107;104;82;83;94;62;56;46;48;28;14;6;16;10;6;5;7;1;1;4
110005;Margherita di Savoia;53;54;56;45;41;47;57;65;48;65;63;51;72;58;69;73;80;68;90;59;81;74;88;65;65;70;56;65;47;72;72;81;88;61;82;97;83;99;82;84;94;85;101;103;107;98;124;93;82;98;89;74;85;76;88;89;72;75;69;87;85;86;77;75;81;66;64;58;75;71;66;58;76;63;53;59;57;60;63;50;64;47;45;43;33;41;29;24;25;31;13;4;6;7;6;9;5;2;0;2;1
110006;Minervino Murge;30;38;38;41;38;46;55;42;56;54;57;50;48;48;50;37;53;42;45;70;48;63;48;46;62;48;65;60;54;54;60;52;58;65;65;69;77;68;64;68;74;53;69;78;74;72;64;76;56;61;61;52;53;55;61;50;54;67;71;74;50;69;65;68;57;41;52;52;42;68;59;67;59;58;67;66;47;46;47;63;31;32;35;31;33;27;24;26;28;13;9;3;5;3;7;4;6;2;1;0;1
110007;San Ferdinando di Puglia;62;69;65;77;72;73;66;87;95;88;76;78;95;87;89;110;67;97;90;97;104;104;86;90;82;79;103;97;81;75;99;103;89;104;106;112;104;101;91;103;112;115;99;114;107;96;97;103;104;108;85;71;85;90;80;93;71;57;94;64;89;84;89;87;63;79;71;56;62;54;65;60;67;71;57;56;59;56;52;49;59;46;66;55;45;26;38;28;25;22;5;2;5;2;0;3;0;0;3;1;2
110008;Spinazzola;27;23;25;25;32;34;30;35;34;32;29;36;39;39;31;48;43;39;48;56;46;47;32;39;45;39;35;47;32;38;39;42;48;36;29;48;38;43;26;26;40;56;61;60;52;71;67;49;61;49;56;49;51;51;43;47;29;39;42;42;37;41;38;43;32;43;28;27;35;36;43;41;39;36;34;37;41;29;39;39;37;35;31;33;22;18;28;23;20;17;8;5;6;3;4;8;3;7;1;2;4
110009;Trani;273;249;272;252;267;265;283;306;285;308;282;315;292;274;295;303;294;314;304;321;307;310;316;315;326;340;356;367;332;319;346;349;393;380;419;449;412;419;452;432;449;433;419;469;430;468;452;438;426;372;431;398;388;323;334;362;331;313;323;342;339;347;366;314;285;230;227;270;259;258;229;236;240;208;232;221;194;194;193;173;160;163;120;128;127;106;93;85;80;63;42;27;21;23;10;13;14;6;3;4;2
110010;Trinitapoli;85;74;77;84;88;75;104;70;81;76;106;88;94;88;97;96;76;106;100;109;97;106;99;73;92;92;75;80;96;95;114;99;103;119;100;109;111;98;125;121;118;99;104;100;89;95;99;103;98;83;92;89;99;77;78;88;84;91;87;70;99;89;92;99;66;69;63;65;53;57;70;52;64;39;53;51;64;50;48;64;46;51;36;46;31;34;21;30;21;27;17;11;5;3;4;3;2;1;3;0;2
;Totale;1886;1854;1919;1966;1960;2056;2059;2225;2186;2349;2213;2130;2254;2140;2215;2320;2250;2358;2384;2371;2380;2350;2320;2293;2254;2397;2371;2483;2465;2510;2634;2678;2816;2849;2879;3147;3028;3000;3090;3073;3270;3023;3010;3238;3050;3219;2953;2913;2778;2650;2646;2495;2529;2356;2362;2408;2192;2109;2297;2214;2249;2434;2308;2339;1899;1770;1738;1829;1736;1873;1829;1676;1729;1559;1598;1551;1448;1405;1463;1346;1232;1106;1110;979;857;806;714;650;550;520;282;184;146;142;116;94;64;59;36;28;30

"Ricostruzione della popolazione intercensuaria - Popolazione al 1° gennaio per età"
"Cittadinanza italiana - Anno: 2011 - Provincia: Barletta-Andria-Trani"
Territorio/Età;;0;1;2;3;4;5;6;7;8;9;10;11;12;13;14;15;16;17;18;19;20;21;22;23;24;25;26;27;28;29;30;31;32;33;34;35;36;37;38;39;40;41;42;43;44;45;46;47;48;49;50;51;52;53;54;55;56;57;58;59;60;61;62;63;64;65;66;67;68;69;70;71;72;73;74;75;76;77;78;79;80;81;82;83;84;85;86;87;88;89;90;91;92;93;94;95;96;97;98;99;100
Codice comune;Comune;Totale
110001;Andria;1055;1104;1061;1056;1064;1153;1143;1177;1251;1197;1253;1288;1203;1253;1199;1209;1279;1257;1316;1343;1276;1275;1286;1266;1313;1215;1350;1236;1358;1339;1376;1402;1497;1524;1582;1592;1625;1564;1522;1670;1638;1661;1554;1606;1540;1432;1571;1371;1427;1426;1268;1306;1256;1252;1131;1079;1065;1008;1033;1036;1049;1104;1176;1005;1102;832;814;831;830;795;860;834;757;771;630;632;607;547;548;570;516;409;409;428;321;289;220;211;179;140;146;77;57;41;45;25;19;16;14;2;6
110002;Barletta;843;840;887;1006;1024;992;1097;1027;1102;1127;1192;1186;1090;1094;1126;1095;1158;1096;1215;1205;1188;1205;1170;1181;1167;1097;1178;1191;1140;1203;1244;1215;1324;1386;1344;1390;1481;1418;1502;1494;1462;1507;1476;1459;1508;1488;1468;1385;1378;1291;1259;1256;1131;1194;1124;1119;1115;1058;965;1035;1036;1003;1178;1087;1105;917;805;827;820;835;879;796;704;768;668;678;643;609;526;585;499;443;392;441;355;247;260;219;193;166;125;72;55;39;28;24;19;8;14;6;7
110003;Bisceglie;552;535;580;536;587;529;631;596;625;545;577;592;549;625;541;574;605;587;653;634;633;608;605;637;617;596;575;659;640;675;700;735;739;771;848;785;879;857;845;933;868;909;931;934;978;906;961;929;843;753;764;701;696;702;693;667;701;629;591;675;627;618;628;625;623;502;483;506;516;449;529;457;432;449;418;382;391;341;387;362;324;301;246;210;226;177;180;145;129;109;113;45;28;22;19;26;14;10;9;8;10
110004;Canosa di Puglia;255;275;293;309;313;322;257;301;311;339;377;310;340;366;384;367;389;390;404;388;351;407;379;365;368;315;361;340;375;349;371;398;424;422;435;447;465;457;480;463;476;509;515;468;474;502;531;460;422;422;398;422;364;382;363;386;372;362;338;318;357;373;400;402;384;338;311;291;282;217;298;310;257;262;255;268;237;208;193;186;186;186;151;157;126;122;111;92;79;59;68;28;14;9;14;12;9;5;4;0;7
110005;Margherita di Savoia;97;110;103;104;111;91;106;113;130;119;135;116;114;138;131;127;167;157;139;176;156;147;153;171;137;132;150;107;133;109;133;152;153;174;132;162;174;155;186;173;172;188;177;178;215;200;194;242;169;170;185;175;147;156;146;150;157;138;153;132;160;159;174;145;171;146;123;118;132;149;140;129;126;115;114;111;103;93;102;113;86;97;83;70;69;57;52;45;42;30;35;18;8;8;6;5;8;6;1;0;3
110006;Minervino Murge;73;78;74;82;86;85;100;107;82;109;97;104;91;100;106;111;99;106;96;115;136;102;117;91;94;103;104;117;101;108;93;120;117;112;146;128;149;143;139;133;166;143;133;151;160;142;139;122;134;123;118;118;118;122;115;113;115;99;123;138;135;109;130;129;126;96;77;106;90;93;117;107;119;108;109;108;107;76;76;82;101;58;55;61;57;47;40;36;28;32;24;9;5;10;4;6;4;7;3;1;1
110007;San Ferdinando di Puglia;128;135;141;136;142;160;153;156;176;173;173;161;152;203;191;205;218;186;198;207;215;208;192;164;175;173;153;194;164;167;134;187;204;207;200;199;226;208;197;207;193;210;229;199;212;218;226;200;207;195;202;164;150;164;165;166;166;141;130;165;132;167;181;162;160;147;145;140;130;122;120;128;122;117;134;111;103;98;94;100;92;99;74;95;82;63;46;68;41;41;39;11;9;8;4;1;4;2;0;1;6
110008;Spinazzola;59;60;46;52;54;59;53;60;60;63;58;63;79;85;76;62;97;76;88;92;100;81;94;74;79;77;76;73;86;57;78;62;70;84;65;80;97;75;82;76;82;84;103;107;111;92;120;117;100;109;101;100;105;99;89;93;90;76;76;90;82;84;78;81;78;61;85;61;63;57;64;77;61;60;54;56;61;69;55;65;58;57;57;54;47;30;29;37;28;29;28;12;2;8;6;3;9;3;6;1;3
110009;Trani;540;538;513;570;521;553;546;581;599;566;618;599;624;612;604;613;640;614;634;663;684;675;673;659;694;671;702;705;736;675;689;699;728;771;748;813;867;822;837;876;834;868;870;860;912;858;901;892;896;860;770;824;732;745;670;707;672;646;606;625;644;641;686;688;632;547;483;449;503;477;509;439;428;442;372;426;380;344;355;336;305;266;259;181;189;181;156;128;105;112;78;52;22;25;22;13;14;12;6;3;6
110010;Trinitapoli;162;162;147;160;183;174;166;185;153;183;189;206;173;176;179;193;182;163;188;190;194;192;203;208;157;172;179;166;151;167;173;203;199;205;205;199;200;216;216;219;237;237;189;228;198;190;203;198;196;184;179;179;169;197;149;161;150;158;161;156;149;189;173;168;188;128;132;126;131;121;113;130;117;110;95;122;96;103;88;81;82;74;72;54;68;52;54;35;41;28;34;15;14;8;3;1;3;4;2;3;1
;Totale;3764;3837;3845;4011;4085;4118;4252;4303;4489;4421;4669;4625;4415;4652;4537;4556;4834;4632;4931;5013;4933;4900;4872;4816;4801;4551;4828;4788;4884;4849;4991;5173;5455;5656;5705;5795;6163;5915;6006;6244;6128;6316;6177;6190;6308;6028;6314;5916;5772;5533;5244;5245;4868;5013;4645;4641;4603;4315;4176;4370;4371;4447;4804;4492;4569;3714;3458;3455;3497;3315;3629;3407;3123;3202;2849;2894;2728;2488;2424;2480;2249;1990;1798;1751;1540;1265;1148;1016;865;746;690;339;214;178;151;116;103;73;59;25;50
Territorio/Età;;0;1;2;3;4;5;6;7;8;9;10;11;12;13;14;15;16;17;18;19;20;21;22;23;24;25;26;27;28;29;30;31;32;33;34;35;36;37;38;39;40;41;42;43;44;45;46;47;48;49;50;51;52;53;54;55;56;57;58;59;60;61;62;63;64;65;66;67;68;69;70;71;72;73;74;75;76;77;78;79;80;81;82;83;84;85;86;87;88;89;90;91;92;93;94;95;96;97;98;99;100
Codice comune;Comune;Maschi
110001;Andria;546;549;540;547;554;624;569;616;625;606;621;684;626;672;626;646;651;631;683;697;640;653;664;639;672;615;635;640;659;654;683;706;776;785;757;806;798;744;778;854;789;779;812;794;747;710;739;676;728;675;630;649;603;639;564;519;524;509;506;496;514;540;578;519;537;425;424;421;382;375;416;394;363;347;280;283;251;225;244;233;212;179;165;192;131;105;86;66;66;47;49;19;18;16;10;11;3;4;2;0;1
110002;Barletta;421;408;470;536;505;496;578;554;558;559;583;620;569;539;608;553;589;543;636;642;651;635;605;639;608;599;632;621;581;605;610;616;691;709;727;708;747;702;780;751;731;713;756;763;746;726;741;714;675;658;610;614;556;617;543;541;529;520;503;492;526;507;588;512;540;428;385;416;398;410;429;378;340;384;313;320;322;256;211;256;207;160;173;175;149;86;88;81;58;62;41;23;16;11;6;6;4;2;6;2;0
110003;Bisceglie;297;300;308;271;317;284;334;295;320;277;272;296;283;319;271;277;324;310;352;331;329;301;343;341;320;284;299;331;331;337;367;344;383;374;431;386;422;421;400;476;436;456;493;496;456;457;482;474;407;400;370;379;348;328;363;328;354;302;276;312;323;308;311;295;299;260;217;256;245;213;252;208;185;213;197;163;172;160;172;152;143;128;117;85;98;77;67;59;40;30;39;16;5;5;7;8;4;1;1;0;2
110004;Canosa di Puglia;137;141;148;159;163;164;133;173;159;179;196;175;184;189;198;183;204;210;223;197;173;213;185;181;194;153;181;168;185;172;195;200;191;199;217;236;220;225;228;234;251;251;234;258;236;246;256;231;207;212;210;211;179;183;161;188;168;176;176;162;170;194;183;219;185;172;157;137;134;100;145;143;116;131;114;114;96;100;81;70;90;72;52;60;49;53;26;35;35;19;26;5;2;4;2;4;4;2;1;0;2
110005;Margherita di Savoia;52;58;48;50;66;50;61;56;64;72;70;54;65;66;74;59;95;81;70;89;97;68;77;84;73;67;81;52;66;70;62;81;75;90;74;82;78;73;88;90;91;92;93;77;112;91;95;118;77;89;87;88;74;75;70;61;67;63;78;65;74;76;88;70;99;68;57;58;74;76;69;63;70;39;51;60;43;38;42;54;37;33;35;26;28;29;15;20;19;8;11;5;4;3;1;0;0;2;0;0;0
110006;Minervino Murge;37;48;37;45;44;47;53;50;40;52;43;47;41;53;58;60;61;53;54;69;65;54;53;44;48;45;58;51;45;58;43;60;62;56;77;63;79;64;71;70;100;70;79;82;81;69;68;58;58;68;59;57;66;69;60;51;65;44;56;66;62;59;61;63;59;39;36;55;38;51;48;47;53;50;51;43;41;28;31;34;41;28;24;27;26;15;12;14;9;7;12;2;2;6;1;1;1;1;2;0;0
110007;San Ferdinando di Puglia;59;73;71;71;65;87;80;89;88;78;85;83;72;107;104;115;106;120;102;117;116;102;91;75;91;92;74;90;69;90;60;86;101;114;93;94;114;104;97;120;91;97;114;101;102;111;131;103;105;92;92;78;77;79;75;87;73;69;73;72;68;77;97;72;75;83;66;70;76;59;67;65;62;52;65;54;49;43;45;50;46;42;33;34;33;19;24;33;17;18;20;7;6;3;1;0;2;1;0;0;3
110008;Spinazzola;29;32;23;27;29;27;19;31;26;29;26;34;43;46;36;31;49;34;49;46;44;36;47;44;41;34;36;40;40;25;39;27;30;36;32;51;52;36;41;48;55;43;47;48;51;41;50;52;53;49;52;45;56;47;38;50;43;46;37;48;41;47;35;43;36;29;42;33;36;23;30;36;20;21;20;23;24;30;27;29;25;21;23;23;16;12;14;11;10;10;11;6;0;3;3;0;2;1;0;0;1
110009;Trani;273;269;271;299;269;290;285;295;293;284;309;315;310;320;329;317;339;320;318;355;362;366;365;343;381;348;362;352;380;347;372;360;383;384;366;394;420;411;417;421;407;420;437;435;444;428;434;435;457;436;395;392;331;356;350;373;311;315;291;298;305;300;338;323;315;259;253;221;235;218;257;215;195;206;166;198;164;151;169;151;136;110;103;67;69;64;58;47;27;37;26;16;2;8;7;2;3;2;1;0;1
110010;Trinitapoli;67;74;72;83;101;86;92;83;83;100;113;104;85;81;88;95;87;85;82;92;90;98;97;108;89;81;92;96;75;71;79;91;101;104;86;99;91;105;115;95;118;119;92;122;95;99;105;100;96;86;98;86;81;97;73;82;61;74;70;72;78;88;84;77;89;63;64;64;66;69;56;60;65;45;57;67;48;40;40;34;21;31;24;21;25;22;22;17;14;10;10;4;4;2;0;0;1;2;0;1;0
;Totale;1918;1952;1988;2088;2113;2155;2204;2242;2256;2236;2318;2412;2278;2392;2392;2336;2505;2387;2569;2635;2567;2526;2527;2498;2517;2318;2450;2441;2431;2429;2510;2571;2793;2851;2860;2919;3021;2885;3015;3159;3069;3040;3157;3176;3070;2978;3101;2961;2863;2765;2603;2599;2371;2490;2297;2280;2195;2118;2066;2083;2161;2196;2363;2193;2234;1826;1701;1731;1684;1594;1769;1609;1469;1488;1314;1325;1210;1071;1062;1063;958;804;749;710;624;482;412;383;295;248;245;103;59;61;38;32;24;18;13;3;10
Territorio/Età;;0;1;2;3;4;5;6;7;8;9;10;11;12;13;14;15;16;17;18;19;20;21;22;23;24;25;26;27;28;29;30;31;32;33;34;35;36;37;38;39;40;41;42;43;44;45;46;47;48;49;50;51;52;53;54;55;56;57;58;59;60;61;62;63;64;65;66;67;68;69;70;71;72;73;74;75;76;77;78;79;80;81;82;83;84;85;86;87;88;89;90;91;92;93;94;95;96;97;98;99;100
Codice comune;Comune;Femmine
110001;Andria;509;555;521;509;510;529;574;561;626;591;632;604;577;581;573;563;628;626;633;646;636;622;622;627;641;600;715;596;699;685;693;696;721;739;825;786;827;820;744;816;849;882;742;812;793;722;832;695;699;751;638;657;653;613;567;560;541;499;527;540;535;564;598;486;565;407;390;410;448;420;444;440;394;424;350;349;356;322;304;337;304;230;244;236;190;184;134;145;113;93;97;58;39;25;35;14;16;12;12;2;5
110002;Barletta;422;432;417;470;519;496;519;473;544;568;609;566;521;555;518;542;569;553;579;563;537;570;565;542;559;498;546;570;559;598;634;599;633;677;617;682;734;716;722;743;731;794;720;696;762;762;727;671;703;633;649;642;575;577;581;578;586;538;462;543;510;496;590;575;565;489;420;411;422;425;450;418;364;384;355;358;321;353;315;329;292;283;219;266;206;161;172;138;135;104;84;49;39;28;22;18;15;6;8;4;7
110003;Bisceglie;255;235;272;265;270;245;297;301;305;268;305;296;266;306;270;297;281;277;301;303;304;307;262;296;297;312;276;328;309;338;333;391;356;397;417;399;457;436;445;457;432;453;438;438;522;449;479;455;436;353;394;322;348;374;330;339;347;327;315;363;304;310;317;330;324;242;266;250;271;236;277;249;247;236;221;219;219;181;215;210;181;173;129;125;128;100;113;86;89;79;74;29;23;17;12;18;10;9;8;8;8
110004;Canosa di Puglia;118;134;145;150;150;158;124;128;152;160;181;135;156;177;186;184;185;180;181;191;178;194;194;184;174;162;180;172;190;177;176;198;233;223;218;211;245;232;252;229;225;258;281;210;238;256;275;229;215;210;188;211;185;199;202;198;204;186;162;156;187;179;217;183;199;166;154;154;148;117;153;167;141;131;141;154;141;108;112;116;96;114;99;97;77;69;85;57;44;40;42;23;12;5;12;8;5;3;3;0;5
110005;Margherita di Savoia;45;52;55;54;45;41;45;57;66;47;65;62;49;72;57;68;72;76;69;87;59;79;76;87;64;65;69;55;67;39;71;71;78;84;58;80;96;82;98;83;81;96;84;101;103;109;99;124;92;81;98;87;73;81;76;89;90;75;75;67;86;83;86;75;72;78;66;60;58;73;71;66;56;76;63;51;60;55;60;59;49;64;48;44;41;28;37;25;23;22;24;13;4;5;5;5;8;4;1;0;3
110006;Minervino Murge;36;30;37;37;42;38;47;57;42;57;54;57;50;47;48;51;38;53;42;46;71;48;64;47;46;58;46;66;56;50;50;60;55;56;69;65;70;79;68;63;66;73;54;69;79;73;71;64;76;55;59;61;52;53;55;62;50;55;67;72;73;50;69;66;67;57;41;51;52;42;69;60;66;58;58;65;66;48;45;48;60;30;31;34;31;32;28;22;19;25;12;7;3;4;3;5;3;6;1;1;1
110007;San Ferdinando di Puglia;69;62;70;65;77;73;73;67;88;95;88;78;80;96;87;90;112;66;96;90;99;106;101;89;84;81;79;104;95;77;74;101;103;93;107;105;112;104;100;87;102;113;115;98;110;107;95;97;102;103;110;86;73;85;90;79;93;72;57;93;64;90;84;90;85;64;79;70;54;63;53;63;60;65;69;57;54;55;49;50;46;57;41;61;49;44;22;35;24;23;19;4;3;5;3;1;2;1;0;1;3
110008;Spinazzola;30;28;23;25;25;32;34;29;34;34;32;29;36;39;40;31;48;42;39;46;56;45;47;30;38;43;40;33;46;32;39;35;40;48;33;29;45;39;41;28;27;41;56;59;60;51;70;65;47;60;49;55;49;52;51;43;47;30;39;42;41;37;43;38;42;32;43;28;27;34;34;41;41;39;34;33;37;39;28;36;33;36;34;31;31;18;15;26;18;19;17;6;2;5;3;3;7;2;6;1;2
110009;Trani;267;269;242;271;252;263;261;286;306;282;309;284;314;292;275;296;301;294;316;308;322;309;308;316;313;323;340;353;356;328;317;339;345;387;382;419;447;411;420;455;427;448;433;425;468;430;467;457;439;424;375;432;401;389;320;334;361;331;315;327;339;341;348;365;317;288;230;228;268;259;252;224;233;236;206;228;216;193;186;185;169;156;156;114;120;117;98;81;78;75;52;36;20;17;15;11;11;10;5;3;5
110010;Trinitapoli;95;88;75;77;82;88;74;102;70;83;76;102;88;95;91;98;95;78;106;98;104;94;106;100;68;91;87;70;76;96;94;112;98;101;119;100;109;111;101;124;119;118;97;106;103;91;98;98;100;98;81;93;88;100;76;79;89;84;91;84;71;101;89;91;99;65;68;62;65;52;57;70;52;65;38;55;48;63;48;47;61;43;48;33;43;30;32;18;27;18;24;11;10;6;3;1;2;2;2;2;1
;Totale;1846;1885;1857;1923;1972;1963;2048;2061;2233;2185;2351;2213;2137;2260;2145;2220;2329;2245;2362;2378;2366;2374;2345;2318;2284;2233;2378;2347;2453;2420;2481;2602;2662;2805;2845;2876;3142;3030;2991;3085;3059;3276;3020;3014;3238;3050;3213;2955;2909;2768;2641;2646;2497;2523;2348;2361;2408;2197;2110;2287;2210;2251;2441;2299;2335;1888;1757;1724;1813;1721;1860;1798;1654;1714;1535;1569;1518;1417;1362;1417;1291;1186;1049;1041;916;783;736;633;570;498;445;236;155;117;113;84;79;55;46;22;40

"Ricostruzione della popolazione intercensuaria - Popolazione al 1° gennaio per età"
"Cittadinanza italiana - Anno: 2012 - Provincia: Barletta-Andria-Trani"
Territorio/Età;;0;1;2;3;4;5;6;7;8;9;10;11;12;13;14;15;16;17;18;19;20;21;22;23;24;25;26;27;28;29;30;31;32;33;34;35;36;37;38;39;40;41;42;43;44;45;46;47;48;49;50;51;52;53;54;55;56;57;58;59;60;61;62;63;64;65;66;67;68;69;70;71;72;73;74;75;76;77;78;79;80;81;82;83;84;85;86;87;88;89;90;91;92;93;94;95;96;97;98;99;100
Codice comune;Comune;Totale
110001;Andria;1021;1046;1100;1067;1054;1070;1151;1141;1175;1248;1196;1253;1284;1205;1258;1195;1208;1281;1259;1319;1340;1267;1271;1277;1261;1305;1208;1347;1226;1338;1323;1373;1390;1487;1517;1580;1582;1623;1558;1518;1659;1635;1657;1552;1600;1537;1431;1570;1369;1421;1420;1259;1306;1251;1253;1128;1078;1061;1006;1028;1035;1044;1103;1170;1001;1092;828;808;821;820;779;841;817;745;753;624;619;593;525;531;534;497;385;377;392;296;254;193;185;158;121;127;60;47;31;33;14;15;12;7;6
110002;Barletta;846;842;855;892;1011;1021;999;1102;1033;1104;1129;1193;1187;1093;1096;1130;1098;1156;1101;1216;1205;1191;1202;1170;1179;1156;1087;1166;1175;1123;1186;1225;1224;1312;1379;1338;1383;1472;1419;1502;1501;1459;1512;1486;1463;1513;1490;1470;1379;1383;1294;1259;1259;1129;1195;1115;1114;1111;1053;960;1034;1034;998;1172;1085;1099;905;800;822;815;822;861;788;694;750;650;663;628;597;510;561;482;425;365;410;327;224;236;187;172;142;108;58;47;30;24;15;15;7;10;10
110003;Bisceglie;480;557;532;578;535;591;526;630;595;625;546;580;594;548;621;540;576;607;589;654;628;636;608;603;631;598;589;567;646;636;677;700;729;741;783;847;785;878;862;841;935;871;913;928;936;978;902;957;922;846;753;762;705;692;697;693;663;697;630;591;673;623;610;619;620;622;503;477;501;512;444;526;448;428;443;400;372;386;332;368;349;294;284;226;189;206;160;161;131;112;94;92;32;24;19;18;16;12;8;7;11
110004;Canosa di Puglia;246;252;275;299;310;311;320;257;301;315;338;375;309;340;367;379;367;387;390;407;376;343;401;374;361;364;307;352;330;366;340;365;386;414;415;437;442;464;453;473;464;478;502;514;467;473;499;532;464;420;423;402;419;364;379;363;385;371;363;338;316;357;372;400;396;382;334;308;290;273;214;292;308;254;257;242;261;229;204;187;181;174;183;140;148;120;110;96;81;67;44;54;19;10;6;9;7;11;4;3;3
110005;Margherita di Savoia;88;91;106;103;101;109;91;106;110;129;121;134;114;116;136;126;127;167;153;139;178;152;145;152;166;131;127;140;99;133;101;127;147;148;173;127;164;175;154;182;176;175;192;177;178;213;202;190;240;164;169;186;174;145;159;145;149;155;134;151;127;161;155;178;141;172;142;119;116;130;147;138;130;124;112;111;109;96;88;99;108;82;93;72;64;69;50;47;41;34;25;30;14;7;7;4;4;4;4;1;2
110006;Minervino Murge;56;72;78;75;79;86;86;99;107;82;109;97;105;91;99;106;109;101;107;96;115;135;100;116;90;92;97;105;111;96;105;96;117;112;112;144;126;148;141;141;131;166;142;133;148;162;141;137;124;134;122;117;118;117;121;113;113;114;96;123;136;134;109;128;128;125;95;74;103;89;93;113;104;117;106;107;99;104;71;73;79;97;57;53;53;51;45;38;33;22;31;20;9;5;10;3;5;3;5;1;2
110007;San Ferdinando di Puglia;125;134;134;144;135;139;162;149;157;175;174;173;161;153;202;193;206;219;187;198;205;218;210;192;162;171;168;150;192;164;160;136;181;202;202;202;201;223;205;194;204;193;209;228;197;209;221;225;200;205;193;204;162;150;167;163;169;167;140;131;165;131;165;179;164;161;144;147;139;128;124;117;129;121;117;133;106;95;94;90;95;89;94;67;90;71;58;40;65;34;33;34;9;6;7;3;2;4;1;0;5
110008;Spinazzola;33;60;61;44;52;55;59;53;59;59;64;58;63;79;84;75;63;94;75;88;91;95;81;91;71;79;77;71;70;85;58;75;63;70;85;66;85;100;74;86;75;82;83;103;106;110;91;121;118;99;111;103;99;104;100;88;92;90;75;74;90;84;84;77;82;77;61;84;60;63;54;64;79;61;60;54;55;59;69;53;60;56;53;50;46;43;26;25;32;23;29;20;10;2;7;5;2;5;1;4;2
110009;Trani;483;543;533;514;573;517;543;549;578;600;565;618;602;624;613;606;616;640;614;636;668;682;677;674;665;690;663;695;703;717;667;673;700;718;773;745;816;877;816;834;872;833;864;874;865;917;853;905;899;898;856;773;825;731;747;669;704;669;647;606;630;641;634;681;679;626;544;482;442;494;472;509;427;423;440;364;413;374;338;339;323;290;255;243;163;176;162;141;114;87;96;63;41;19;18;21;11;12;10;3;6
110010;Trinitapoli;151;158;164;148;158;182;171;165;185;154;183;189;207;172;173;177;193;181;163;188;190;193;189;202;206;152;168;175;164;146;162;170;194;199;201;199;200;201;221;218;219;236;233;193;228;198;183;204;198;197;183;178;174;169;197;152;162;149;158;162;155;149;186;171;167;187;128;129;126;128;116;112;128;117;105;93;120;92;102;84;81;78;70;68;47;61;46;52;27;40;23;30;13;13;6;2;1;3;4;2;3
;Totale;3529;3755;3838;3864;4008;4081;4108;4251;4300;4491;4425;4670;4626;4421;4649;4527;4563;4833;4638;4941;4996;4912;4884;4851;4792;4738;4491;4768;4716;4804;4779;4940;5131;5403;5640;5685;5784;6161;5903;5989;6236;6128;6307;6188;6188;6310;6013;6311;5913;5767;5524;5243;5241;4852;5015;4629;4629;4584;4302;4164;4361;4358;4416;4775;4463;4543;3684;3428;3420;3452;3265;3573;3358;3084;3143;2778;2817;2656;2420;2334;2371;2139;1899;1661;1602;1420;1135;1029;896;749;638;578;265;180;141;122;77;84;56;38;50
Territorio/Età;;0;1;2;3;4;5;6;7;8;9;10;11;12;13;14;15;16;17;18;19;20;21;22;23;24;25;26;27;28;29;30;31;32;33;34;35;36;37;38;39;40;41;42;43;44;45;46;47;48;49;50;51;52;53;54;55;56;57;58;59;60;61;62;63;64;65;66;67;68;69;70;71;72;73;74;75;76;77;78;79;80;81;82;83;84;85;86;87;88;89;90;91;92;93;94;95;96;97;98;99;100
Codice comune;Comune;Maschi
110001;Andria;523;541;545;544;546;556;621;566;617;624;607;621;682;625;672;623;648;650;632;683;698;634;648;659;636;665;611;631;633;649;643;679;701;767;780;756;801;798;746;776;850;786;778;814;788;746;709;732;672;724;670;627;649;600;640;560;518;525;509;503;495;512;539;573;516;532;423;421;413;377;367;401;387;354;336;276;276;244;212;232;215;203;166;147;174;114;90;76;57;59;44;41;16;16;11;7;6;3;2;1;1
110002;Barletta;467;420;417;472;538;502;503;580;557;559;563;580;621;570;543;610;553;587;548;635;637;654;636;600;639;604;594;619;609;565;603;600;614;681;704;720;708;746;700;775;757;728;717;763;768;752;726;743;708;680;658;610;614;552;616;535;534;526;515;500;491;524;505;584;510;536;422;383;415;397;402;416;374;334;372;303;311;312;252;202;241;196;149;157;161;134;75;78;65;49;54;36;18;14;7;6;3;3;2;5;2
110003;Bisceglie;259;300;298;307;269;319;284;332;296;320;278;273;296;282;317;271;277;324;311;352;328;332;300;345;339;311;280;297;323;324;339;364;343;382;379;431;388;420;424;406;472;437;453;489;496;457;454;479;471;408;399;366;381;345;325;364;328;356;302;275;310;321;304;307;293;298;263;211;252;242;210;247;203;185;210;187;159;170;155;161;145;129;119;105;76;93;68;58;52;32;27;33;13;3;4;7;5;3;0;0;2
110004;Canosa di Puglia;119;135;140;152;159;163;163;134;173;159;178;194;175;185;190;194;182;203;210;223;189;166;210;186;179;192;149;181;163;181;169;190;198;187;198;217;237;219;224;226;235;252;251;231;256;233;245;259;235;205;213;210;209;178;182;163;187;167;176;175;161;171;194;182;215;182;167;154;138;129;98;144;140;114;125;110;108;90;97;78;68;82;69;46;54;48;48;24;28;29;12;21;5;1;2;1;3;4;1;1;0
110005;Margherita di Savoia;50;50;57;49;49;64;49;60;52;64;72;71;52;66;63;72;59;96;80;71;91;94;69;74;79;70;61;75;49;64;68;58;78;73;89;71;79;76;74;86;92;91;93;91;78;111;92;94;116;73;88;87;88;74;78;70;60;66;61;77;64;73;75;89;67;100;66;56;57;73;74;68;64;69;38;50;58;38;35;41;53;33;31;28;24;28;24;15;18;16;8;9;4;4;3;0;0;0;2;0;0
110006;Minervino Murge;29;36;48;38;44;44;48;52;50;40;52;43;48;41;52;58;60;62;54;53;70;65;54;52;44;46;43;57;50;43;58;45;59;61;56;76;62;80;62;73;68;100;69;79;79;82;68;67;60;56;68;59;57;66;68;59;51;64;42;56;65;61;59;59;63;59;39;34;53;37;51;46;45;52;49;50;39;40;26;30;32;38;28;23;22;23;13;11;14;7;7;11;2;2;6;1;1;1;1;1;0
110007;San Ferdinando di Puglia;62;61;73;73;71;63;86;77;91;88;77;85;83;72;106;104;116;107;120;102;115;119;103;91;73;89;92;71;88;70;85;60;87;103;112;96;96;114;103;96;118;90;97;111;98;100;114;129;104;104;92;92;77;77;81;74;89;73;68;73;72;68;76;96;74;76;82;67;69;74;59;65;65;61;52;65;51;47;39;42;47;44;41;33;32;27;18;20;32;13;14;16;6;4;3;1;0;2;1;0;3
110008;Spinazzola;11;31;32;22;27;29;27;19;31;25;29;26;34;43;45;35;32;47;33;49;45;42;35;47;42;41;33;33;38;41;25;35;28;31;37;34;56;54;36;42;47;54;45;46;48;51;41;51;53;52;49;54;45;55;47;38;50;43;45;35;48;42;48;35;43;35;29;41;33;35;22;30;38;20;20;20;23;24;31;26;26;25;19;21;19;16;11;12;8;7;10;7;6;0;3;2;0;1;0;0;1
110009;Trani;229;275;270;273;296;269;288;287;293;293;284;309;318;309;320;328;318;337;320;318;356;363;369;366;346;377;342;360;355;369;342;366;362;375;389;359;398;425;410;416;420;404;417;436;439;444;426;439;440;458;436;397;391;331;356;350;371;309;315;291;299;303;293;334;315;312;259;249;219;229;214;255;211;192;207;160;191;157;146;161;142;130;106;98;57;63;56;50;43;23;32;21;13;2;4;8;2;3;2;1;0
110010;Trinitapoli;83;62;75;72;83;103;85;92;84;84;100;113;103;84;80;86;95;87;85;83;91;89;95;97;108;88;79;89;92;72;69;79;86;99;97;84;100;93;107;117;96;119;117;95;121;95;94;105;100;97;86;96;82;80;97;75;83;62;74;70;71;79;87;83;78;88;64;61;65;65;67;56;60;65;42;57;66;45;40;39;34;20;29;23;18;22;19;21;14;13;8;10;4;4;1;0;0;1;2;0;1
;Totale;1832;1911;1955;2002;2082;2112;2154;2199;2244;2256;2240;2315;2412;2277;2388;2381;2340;2500;2393;2569;2620;2558;2519;2517;2485;2483;2284;2413;2400;2378;2401;2476;2556;2759;2841;2844;2925;3025;2886;3013;3155;3061;3037;3155;3171;3071;2969;3098;2959;2857;2759;2598;2593;2358;2490;2288;2271;2191;2107;2055;2076;2154;2180;2342;2174;2218;1814;1677;1714;1658;1564;1728;1587;1446;1451;1278;1282;1167;1033;1012;1003;900;757;681;637;568;422;365;331;248;216;205;87;50;44;33;20;21;13;9;10
Territorio/Età;;0;1;2;3;4;5;6;7;8;9;10;11;12;13;14;15;16;17;18;19;20;21;22;23;24;25;26;27;28;29;30;31;32;33;34;35;36;37;38;39;40;41;42;43;44;45;46;47;48;49;50;51;52;53;54;55;56;57;58;59;60;61;62;63;64;65;66;67;68;69;70;71;72;73;74;75;76;77;78;79;80;81;82;83;84;85;86;87;88;89;90;91;92;93;94;95;96;97;98;99;100
Codice comune;Comune;Femmine
110001;Andria;498;505;555;523;508;514;530;575;558;624;589;632;602;580;586;572;560;631;627;636;642;633;623;618;625;640;597;716;593;689;680;694;689;720;737;824;781;825;812;742;809;849;879;738;812;791;722;838;697;697;750;632;657;651;613;568;560;536;497;525;540;532;564;597;485;560;405;387;408;443;412;440;430;391;417;348;343;349;313;299;319;294;219;230;218;182;164;117;128;99;77;86;44;31;20;26;8;12;10;6;5
110002;Barletta;379;422;438;420;473;519;496;522;476;545;566;613;566;523;553;520;545;569;553;581;568;537;566;570;540;552;493;547;566;558;583;625;610;631;675;618;675;726;719;727;744;731;795;723;695;761;764;727;671;703;636;649;645;577;579;580;580;585;538;460;543;510;493;588;575;563;483;417;407;418;420;445;414;360;378;347;352;316;345;308;320;286;276;208;249;193;149;158;122;123;88;72;40;33;23;18;12;12;5;5;8
110003;Bisceglie;221;257;234;271;266;272;242;298;299;305;268;307;298;266;304;269;299;283;278;302;300;304;308;258;292;287;309;270;323;312;338;336;386;359;404;416;397;458;438;435;463;434;460;439;440;521;448;478;451;438;354;396;324;347;372;329;335;341;328;316;363;302;306;312;327;324;240;266;249;270;234;279;245;243;233;213;213;216;177;207;204;165;165;121;113;113;92;103;79;80;67;59;19;21;15;11;11;9;8;7;9
110004;Canosa di Puglia;127;117;135;147;151;148;157;123;128;156;160;181;134;155;177;185;185;184;180;184;187;177;191;188;182;172;158;171;167;185;171;175;188;227;217;220;205;245;229;247;229;226;251;283;211;240;254;273;229;215;210;192;210;186;197;200;198;204;187;163;155;186;178;218;181;200;167;154;152;144;116;148;168;140;132;132;153;139;107;109;113;92;114;94;94;72;62;72;53;38;32;33;14;9;4;8;4;7;3;2;3
110005;Margherita di Savoia;38;41;49;54;52;45;42;46;58;65;49;63;62;50;73;54;68;71;73;68;87;58;76;78;87;61;66;65;50;69;33;69;69;75;84;56;85;99;80;96;84;84;99;86;100;102;110;96;124;91;81;99;86;71;81;75;89;89;73;74;63;88;80;89;74;72;76;63;59;57;73;70;66;55;74;61;51;58;53;58;55;49;62;44;40;41;26;32;23;18;17;21;10;3;4;4;4;4;2;1;2
110006;Minervino Murge;27;36;30;37;35;42;38;47;57;42;57;54;57;50;47;48;49;39;53;43;45;70;46;64;46;46;54;48;61;53;47;51;58;51;56;68;64;68;79;68;63;66;73;54;69;80;73;70;64;78;54;58;61;51;53;54;62;50;54;67;71;73;50;69;65;66;56;40;50;52;42;67;59;65;57;57;60;64;45;43;47;59;29;30;31;28;32;27;19;15;24;9;7;3;4;2;4;2;4;0;2
110007;San Ferdinando di Puglia;63;73;61;71;64;76;76;72;66;87;97;88;78;81;96;89;90;112;67;96;90;99;107;101;89;82;76;79;104;94;75;76;94;99;90;106;105;109;102;98;86;103;112;117;99;109;107;96;96;101;101;112;85;73;86;89;80;94;72;58;93;63;89;83;90;85;62;80;70;54;65;52;64;60;65;68;55;48;55;48;48;45;53;34;58;44;40;20;33;21;19;18;3;2;4;2;2;2;0;0;2
110008;Spinazzola;22;29;29;22;25;26;32;34;28;34;35;32;29;36;39;40;31;47;42;39;46;53;46;44;29;38;44;38;32;44;33;40;35;39;48;32;29;46;38;44;28;28;38;57;58;59;50;70;65;47;62;49;54;49;53;50;42;47;30;39;42;42;36;42;39;42;32;43;27;28;32;34;41;41;40;34;32;35;38;27;34;31;34;29;27;27;15;13;24;16;19;13;4;2;4;3;2;4;1;4;1
110009;Trani;254;268;263;241;277;248;255;262;285;307;281;309;284;315;293;278;298;303;294;318;312;319;308;308;319;313;321;335;348;348;325;307;338;343;384;386;418;452;406;418;452;429;447;438;426;473;427;466;459;440;420;376;434;400;391;319;333;360;332;315;331;338;341;347;364;314;285;233;223;265;258;254;216;231;233;204;222;217;192;178;181;160;149;145;106;113;106;91;71;64;64;42;28;17;14;13;9;9;8;2;6
110010;Trinitapoli;68;96;89;76;75;79;86;73;101;70;83;76;104;88;93;91;98;94;78;105;99;104;94;105;98;64;89;86;72;74;93;91;108;100;104;115;100;108;114;101;123;117;116;98;107;103;89;99;98;100;97;82;92;89;100;77;79;87;84;92;84;70;99;88;89;99;64;68;61;63;49;56;68;52;63;36;54;47;62;45;47;58;41;45;29;39;27;31;13;27;15;20;9;9;5;2;1;2;2;2;2
;Totale;1697;1844;1883;1862;1926;1969;1954;2052;2056;2235;2185;2355;2214;2144;2261;2146;2223;2333;2245;2372;2376;2354;2365;2334;2307;2255;2207;2355;2316;2426;2378;2464;2575;2644;2799;2841;2859;3136;3017;2976;3081;3067;3270;3033;3017;3239;3044;3213;2954;2910;2765;2645;2648;2494;2525;2341;2358;2393;2195;2109;2285;2204;2236;2433;2289;2325;1870;1751;1706;1794;1701;1845;1771;1638;1692;1500;1535;1489;1387;1322;1368;1239;1142;980;965;852;713;664;565;501;422;373;178;130;97;89;57;63;43;29;40

"Ricostruzione della popolazione intercensuaria - Popolazione al 1° gennaio per età"
"Cittadinanza italiana - Anno: 2013 - Provincia: Barletta-Andria-Trani"
Territorio/Età;;0;1;2;3;4;5;6;7;8;9;10;11;12;13;14;15;16;17;18;19;20;21;22;23;24;25;26;27;28;29;30;31;32;33;34;35;36;37;38;39;40;41;42;43;44;45;46;47;48;49;50;51;52;53;54;55;56;57;58;59;60;61;62;63;64;65;66;67;68;69;70;71;72;73;74;75;76;77;78;79;80;81;82;83;84;85;86;87;88;89;90;91;92;93;94;95;96;97;98;99;100
Codice comune;Comune;Totale
110001;Andria;899;1019;1044;1100;1060;1050;1065;1149;1138;1172;1241;1195;1245;1282;1199;1253;1195;1204;1282;1261;1315;1330;1265;1265;1271;1246;1282;1196;1317;1208;1308;1321;1359;1381;1461;1497;1570;1563;1618;1554;1512;1655;1628;1654;1551;1598;1532;1431;1565;1369;1410;1415;1248;1301;1245;1244;1121;1068;1058;1002;1021;1028;1039;1103;1165;987;1082;815;803;811;807;771;824;804;732;732;610;606;566;501;507;505;472;358;343;347;262;227;166;156;128;98;104;44;40;27;24;9;8;8;10
110002;Barletta;830;838;838;855;893;1010;1016;1000;1100;1028;1103;1120;1193;1184;1091;1096;1131;1093;1153;1091;1214;1203;1189;1192;1153;1157;1138;1066;1152;1149;1103;1164;1206;1214;1317;1374;1326;1372;1454;1411;1491;1494;1456;1507;1478;1457;1515;1491;1468;1375;1375;1289;1255;1261;1125;1190;1111;1105;1104;1051;949;1028;1034;989;1159;1074;1084;900;794;813;800;811;849;775;686;732;625;643;603;572;497;530;449;403;339;367;301;199;201;157;143;123;92;47;35;23;16;10;5;5;9
110003;Bisceglie;519;482;554;526;569;532;585;525;627;592;629;542;579;589;549;619;542;578;605;587;643;627;632;609;603;621;601;590;575;638;638;669;695;727;739;790;848;784;875;859;838;928;853;912;925;933;979;899;954;921;852;752;761;701;686;694;693;655;692;631;587;667;620;605;614;613;611;501;472;494;507;441;520;443;420;434;394;362;374;322;350;332;283;255;211;168;191;139;141;119;91;77;71;25;16;17;13;10;8;6;10
110004;Canosa di Puglia;204;244;250;273;292;311;311;317;254;297;309;337;377;306;339;361;377;362;387;381;400;369;332;397;367;344;350;297;337;316;351;329;359;377;412;406;430;437;459;452;470;470;478;496;510;461;471;493;528;462;416;417;400;423;362;376;359;382;368;358;335;312;359;365;399;390;378;328;302;285;267;207;284;303;246;251;236;246;218;192;176;173;163;166;126;132;108;92;89;68;60;38;44;15;6;4;10;5;8;4;5
110005;Margherita di Savoia;104;87;93;103;101;103;106;91;107;108;126;118;133;113;116;135;125;125;168;154;139;178;148;145;152;161;134;124;140;100;135;99;118;142;145;169;126;161;173;153;179;176;171;190;177;177;211;200;191;239;163;169;186;172;145;155;147;149;156;132;153;126;159;156;173;139;174;135;117;111;126;145;133;126;120;113;108;108;96;84;91;105;80;83;71;60;61;42;40;35;27;21;24;12;5;5;3;2;2;4;3
110006;Minervino Murge;58;56;71;76;72;80;85;87;99;107;83;108;95;106;91;100;106;109;101;106;96;115;134;100;115;89;93;94;99;107;92;101;93;113;105;107;144;127;146;138;139;129;164;141;132;149;160;142;136;123;133;121;116;118;117;120;112;113;115;94;122;133;133;108;126;124;120;91;74;101;87;86;111;103;113;105;105;96;101;69;68;72;95;55;50;48;48;41;35;28;19;26;18;9;3;9;1;3;2;2;3
110007;San Ferdinando di Puglia;124;123;125;134;139;136;138;163;150;155;173;171;169;161;152;201;190;201;214;182;196;201;211;201;193;160;167;161;147;186;147;151;132;175;198;197;200;205;222;202;193;201;191;206;224;195;203;220;224;198;202;191;202;161;149;163;161;167;166;139;129;161;130;165;175;163;158;143;145;135;123;121;114;122;118;115;129;102;92;94;87;86;85;85;60;83;64;50;38;51;29;28;28;8;5;5;2;3;3;1;4
110008;Spinazzola;50;33;61;60;45;52;55;58;53;59;58;64;58;63;79;84;76;61;92;75;86;88;94;79;88;68;77;72;68;65;84;53;77;59;66;84;65;84;100;73;84;76;84;83;100;106;110;91;121;119;97;113;102;99;105;100;88;93;88;74;72;90;83;84;76;81;76;61;84;58;62;54;64;77;60;56;51;55;55;66;51;56;54;52;47;43;37;24;23;29;20;20;18;8;2;6;5;1;3;1;4
110009;Trani;382;476;540;533;519;574;521;542;549;578;600;568;620;603;625;612;605;615;639;611;634;667;680;673;668;654;686;652;687;684;709;661;672;693;721;768;743;812;880;819;834;875;830;867;872;866;917;854;907;895;890;860;772;832;729;744;666;701;662;647;604;624;641;636;676;677;621;540;475;437;486;463;504;422;419;430;359;400;368;324;329;306;280;249;233;153;156;151;125;102;78;79;56;33;14;16;18;9;9;6;5
110010;Trinitapoli;140;155;161;161;147;159;180;172;165;183;155;183;188;206;171;173;177;193;183;164;186;188;191;191;199;201;150;167;170;160;143;165;170;186;196;206;194;203;204;223;217;217;233;228;191;224;197;183;204;198;199;183;181;174;169;198;150;161;150;157;160;153;147;183;164;165;186;125;126;124;125;116;111;127;112;102;92;117;87;98;81;76;77;63;64;46;58;42;47;24;31;22;24;10;9;2;0;1;3;4;5
;Totale;3310;3513;3737;3821;3837;4007;4062;4104;4242;4279;4477;4406;4657;4613;4412;4634;4524;4541;4824;4612;4909;4966;4876;4852;4809;4701;4678;4419;4692;4613;4710;4713;4881;5067;5360;5598;5646;5748;6131;5884;5957;6221;6088;6284;6160;6166;6295;6004;6298;5899;5737;5510;5223;5242;4832;4984;4608;4594;4559;4285;4132;4322;4345;4394;4727;4413;4490;3639;3392;3369;3390;3215;3514;3302;3026;3070;2709;2735;2560;2322;2237;2241;2038;1769;1544;1447;1286;1007;905;769;626;532;479;211;135;114;92;53;51;41;58
Territorio/Età;;0;1;2;3;4;5;6;7;8;9;10;11;12;13;14;15;16;17;18;19;20;21;22;23;24;25;26;27;28;29;30;31;32;33;34;35;36;37;38;39;40;41;42;43;44;45;46;47;48;49;50;51;52;53;54;55;56;57;58;59;60;61;62;63;64;65;66;67;68;69;70;71;72;73;74;75;76;77;78;79;80;81;82;83;84;85;86;87;88;89;90;91;92;93;94;95;96;97;98;99;100
Codice comune;Comune;Maschi
110001;Andria;462;523;541;547;540;544;551;620;565;616;622;607;618;680;621;671;624;644;651;636;682;691;633;644;655;627;650;599;614;621;629;640;668;689;752;767;750;792;793;744;774;850;785;779;813;787;742;708;729;673;719;668;616;646;595;638;555;512;524;505;499;493;508;539;571;509;526;417;418;405;372;363;390;380;345;321;271;269;229;199;221;206;194;153;128;146;98;79;62;49;49;32;34;9;12;10;6;5;2;1;1
110002;Barletta;434;460;417;420;472;541;501;505;581;553;558;561;579;622;570;542;610;552;587;544;635;638;649;628;591;625;598;579;613;590;552;587;582;609;679;699;713;699;732;695;770;754;726;715;757;768;754;726;742;705;674;652;608;614;550;614;532;530;524;516;491;486;525;501;578;505;531;421;377;410;391;396;408;366;327;364;291;304;294;239;196;227;186;142;143;145;118;67;60;56;40;46;29;12;10;6;4;2;0;2;5
110003;Bisceglie;259;261;299;292;302;268;318;284;331;294;322;277;276;295;281;316;271;277;325;309;343;326;330;298;341;333;311;275;302;318;327;329;361;342;378;380;430;387;420;424;404;467;430;457;487;491;459;453;479;466;412;397;367;376;343;323;365;322;352;303;274;309;320;301;304;290;292;262;208;248;237;207;244;200;181;202;181;155;166;148;149;138;123;104;101;72;87;55;52;47;28;22;24;11;3;4;5;4;3;0;1
110004;Canosa di Puglia;103;118;134;141;145;159;161;159;132;171;157;177;195;173;185;184;196;180;204;205;221;185;162;209;185;171;186;145;171;154;171;163;185;196;186;193;212;232;216;223;224;240;251;249;231;252;233;240;257;234;203;212;208;211;177;180;161;185;165;174;173;158;172;192;181;210;179;162;152;136;128;92;140;137;109;121;106;100;82;90;71;64;77;58;42;44;42;38;22;24;26;10;14;4;1;1;1;1;2;1;1
110005;Margherita di Savoia;54;50;54;56;47;51;62;48;59;50;64;71;71;52;66;63;71;58;97;80;72;90;92;67;74;76;69;62;75;51;60;67;55;75;71;88;69;77;76;75;85;92;90;92;92;79;108;90;96;116;73;87;88;86;73;74;72;60;66;60;78;63;72;76;85;65;100;61;55;55;70;72;66;62;67;38;49;56;38;34;37;50;32;29;28;24;24;18;12;15;15;6;8;3;4;2;0;0;0;2;0
110006;Minervino Murge;28;29;36;48;36;44;44;49;52;51;40;52;42;50;40;52;57;61;62;54;53;70;66;53;51;43;47;41;54;49;42;54;44;56;56;52;76;63;80;61;72;68;100;69;79;80;81;68;68;59;55;67;58;58;66;68;59;51;65;41;56;64;60;58;58;61;58;38;34;51;36;48;45;45;51;48;49;38;37;25;28;30;38;27;21;20;22;12;10;10;6;5;9;2;1;5;0;1;1;1;1
110007;San Ferdinando di Puglia;57;61;60;75;69;72;63;86;78;90;88;77;84;84;71;106;103;114;107;117;102;114;116;98;89;72;87;88;70;87;65;81;59;85;100;109;95;100;112;102;97;116;91;95;111;98;97;114;127;102;102;93;91;77;77;79;73;89;73;67;72;70;67;76;93;75;75;81;66;66;71;58;62;62;59;52;62;48;44;39;42;44;43;40;27;31;26;14;19;22;11;11;13;7;3;2;1;0;1;1;2
110008;Spinazzola;22;11;31;32;22;27;29;26;19;32;25;29;26;34;43;45;35;32;45;33;49;43;42;34;46;40;40;31;34;34;39;24;36;27;29;36;33;54;52;34;41;49;56;45;44;48;51;41;50;54;49;51;53;45;55;47;38;50;42;44;33;48;42;48;35;42;35;30;41;31;34;21;30;37;18;18;17;23;23;30;24;24;25;19;19;18;12;9;11;8;5;4;6;5;0;2;2;0;1;0;0
110009;Trani;208;227;269;266;277;296;270;287;287;293;295;285;310;320;311;319;328;318;335;317;316;356;363;368;363;338;372;334;355;340;361;340;363;357;375;384;354;398;429;415;419;421;401;421;438;441;444;424;435;439;453;434;396;395;331;355;346;373;303;315;289;297;302;296;331;313;309;256;244;214;226;210;254;208;190;202;158;182;155;138;155;134;121;105;93;53;58;48;43;38;22;25;17;10;2;4;6;1;2;2;1
110010;Trinitapoli;70;87;64;74;72;84;99;85;93;84;85;101;113;102;83;80;86;95;86;86;82;89;87;98;97;100;85;76;86;91;72;68;79;82;97;101;82;101;95;109;117;96;116;111;95;117;95;93;106;101;98;86;96;81;80;98;73;83;62;73;69;69;77;84;80;77;87;62;58;64;62;67;56;60;61;42;55;64;43;39;36;29;19;26;23;17;20;16;18;14;10;7;7;2;2;0;0;0;1;2;1
;Totale;1697;1827;1905;1951;1982;2086;2098;2149;2197;2234;2256;2237;2314;2412;2271;2378;2381;2331;2499;2381;2555;2602;2540;2497;2492;2425;2445;2230;2374;2335;2318;2353;2432;2518;2723;2809;2814;2903;3005;2882;3003;3153;3046;3033;3147;3161;3064;2957;3089;2949;2838;2747;2581;2589;2347;2476;2274;2255;2176;2098;2034;2057;2145;2171;2316;2147;2192;1790;1653;1680;1627;1534;1695;1557;1408;1408;1239;1239;1111;981;959;946;858;703;625;570;507;356;309;283;212;168;161;65;38;36;25;14;13;12;13
Territorio/Età;;0;1;2;3;4;5;6;7;8;9;10;11;12;13;14;15;16;17;18;19;20;21;22;23;24;25;26;27;28;29;30;31;32;33;34;35;36;37;38;39;40;41;42;43;44;45;46;47;48;49;50;51;52;53;54;55;56;57;58;59;60;61;62;63;64;65;66;67;68;69;70;71;72;73;74;75;76;77;78;79;80;81;82;83;84;85;86;87;88;89;90;91;92;93;94;95;96;97;98;99;100
Codice comune;Comune;Femmine
110001;Andria;437;496;503;553;520;506;514;529;573;556;619;588;627;602;578;582;571;560;631;625;633;639;632;621;616;619;632;597;703;587;679;681;691;692;709;730;820;771;825;810;738;805;843;875;738;811;790;723;836;696;691;747;632;655;650;606;566;556;534;497;522;535;531;564;594;478;556;398;385;406;435;408;434;424;387;411;339;337;337;302;286;299;278;205;215;201;164;148;104;107;79;66;70;35;28;17;18;4;6;7;9
110002;Barletta;396;378;421;435;421;469;515;495;519;475;545;559;614;562;521;554;521;541;566;547;579;565;540;564;562;532;540;487;539;559;551;577;624;605;638;675;613;673;722;716;721;740;730;792;721;689;761;765;726;670;701;637;647;647;575;576;579;575;580;535;458;542;509;488;581;569;553;479;417;403;409;415;441;409;359;368;334;339;309;333;301;303;263;261;196;222;183;132;141;101;103;77;63;35;25;17;12;8;5;3;4
110003;Bisceglie;260;221;255;234;267;264;267;241;296;298;307;265;303;294;268;303;271;301;280;278;300;301;302;311;262;288;290;315;273;320;311;340;334;385;361;410;418;397;455;435;434;461;423;455;438;442;520;446;475;455;440;355;394;325;343;371;328;333;340;328;313;358;300;304;310;323;319;239;264;246;270;234;276;243;239;232;213;207;208;174;201;194;160;151;110;96;104;84;89;72;63;55;47;14;13;13;8;6;5;6;9
110004;Canosa di Puglia;101;126;116;132;147;152;150;158;122;126;152;160;182;133;154;177;181;182;183;176;179;184;170;188;182;173;164;152;166;162;180;166;174;181;226;213;218;205;243;229;246;230;227;247;279;209;238;253;271;228;213;205;192;212;185;196;198;197;203;184;162;154;187;173;218;180;199;166;150;149;139;115;144;166;137;130;130;146;136;102;105;109;86;108;84;88;66;54;67;44;34;28;30;11;5;3;9;4;6;3;4
110005;Margherita di Savoia;50;37;39;47;54;52;44;43;48;58;62;47;62;61;50;72;54;67;71;74;67;88;56;78;78;85;65;62;65;49;75;32;63;67;74;81;57;84;97;78;94;84;81;98;85;98;103;110;95;123;90;82;98;86;72;81;75;89;90;72;75;63;87;80;88;74;74;74;62;56;56;73;67;64;53;75;59;52;58;50;54;55;48;54;43;36;37;24;28;20;12;15;16;9;1;3;3;2;2;2;3
110006;Minervino Murge;30;27;35;28;36;36;41;38;47;56;43;56;53;56;51;48;49;48;39;52;43;45;68;47;64;46;46;53;45;58;50;47;49;57;49;55;68;64;66;77;67;61;64;72;53;69;79;74;68;64;78;54;58;60;51;52;53;62;50;53;66;69;73;50;68;63;62;53;40;50;51;38;66;58;62;57;56;58;64;44;40;42;57;28;29;28;26;29;25;18;13;21;9;7;2;4;1;2;1;1;2
110007;San Ferdinando di Puglia;67;62;65;59;70;64;75;77;72;65;85;94;85;77;81;95;87;87;107;65;94;87;95;103;104;88;80;73;77;99;82;70;73;90;98;88;105;105;110;100;96;85;100;111;113;97;106;106;97;96;100;98;111;84;72;84;88;78;93;72;57;91;63;89;82;88;83;62;79;69;52;63;52;60;59;63;67;54;48;55;45;42;42;45;33;52;38;36;19;29;18;17;15;1;2;3;1;3;2;0;2
110008;Spinazzola;28;22;30;28;23;25;26;32;34;27;33;35;32;29;36;39;41;29;47;42;37;45;52;45;42;28;37;41;34;31;45;29;41;32;37;48;32;30;48;39;43;27;28;38;56;58;59;50;71;65;48;62;49;54;50;53;50;43;46;30;39;42;41;36;41;39;41;31;43;27;28;33;34;40;42;38;34;32;32;36;27;32;29;33;28;25;25;15;12;21;15;16;12;3;2;4;3;1;2;1;4
110009;Trani;174;249;271;267;242;278;251;255;262;285;305;283;310;283;314;293;277;297;304;294;318;311;317;305;305;316;314;318;332;344;348;321;309;336;346;384;389;414;451;404;415;454;429;446;434;425;473;430;472;456;437;426;376;437;398;389;320;328;359;332;315;327;339;340;345;364;312;284;231;223;260;253;250;214;229;228;201;218;213;186;174;172;159;144;140;100;98;103;82;64;56;54;39;23;12;12;12;8;7;4;4
110010;Trinitapoli;70;68;97;87;75;75;81;87;72;99;70;82;75;104;88;93;91;98;97;78;104;99;104;93;102;101;65;91;84;69;71;97;91;104;99;105;112;102;109;114;100;121;117;117;96;107;102;90;98;97;101;97;85;93;89;100;77;78;88;84;91;84;70;99;84;88;99;63;68;60;63;49;55;67;51;60;37;53;44;59;45;47;58;37;41;29;38;26;29;10;21;15;17;8;7;2;0;1;2;2;4
;Totale;1613;1686;1832;1870;1855;1921;1964;1955;2045;2045;2221;2169;2343;2201;2141;2256;2143;2210;2325;2231;2354;2364;2336;2355;2317;2276;2233;2189;2318;2278;2392;2360;2449;2549;2637;2789;2832;2845;3126;3002;2954;3068;3042;3251;3013;3005;3231;3047;3209;2950;2899;2763;2642;2653;2485;2508;2334;2339;2383;2187;2098;2265;2200;2223;2411;2266;2298;1849;1739;1689;1763;1681;1819;1745;1618;1662;1470;1496;1449;1341;1278;1295;1180;1066;919;877;779;651;596;486;414;364;318;146;97;78;67;39;38;29;45

"Ricostruzione della popolazione intercensuaria - Popolazione al 1° gennaio per età"
"Cittadinanza italiana - Anno: 2014 - Provincia: Barletta-Andria-Trani"
Territorio/Età;;0;1;2;3;4;5;6;7;8;9;10;11;12;13;14;15;16;17;18;19;20;21;22;23;24;25;26;27;28;29;30;31;32;33;34;35;36;37;38;39;40;41;42;43;44;45;46;47;48;49;50;51;52;53;54;55;56;57;58;59;60;61;62;63;64;65;66;67;68;69;70;71;72;73;74;75;76;77;78;79;80;81;82;83;84;85;86;87;88;89;90;91;92;93;94;95;96;97;98;99;100
Codice comune;Comune;Totale
110001;Andria;959;897;1011;1049;1103;1054;1051;1057;1151;1131;1168;1238;1193;1240;1274;1195;1248;1192;1207;1282;1257;1304;1329;1252;1255;1259;1233;1250;1179;1292;1188;1281;1296;1338;1377;1449;1485;1566;1559;1606;1547;1508;1646;1623;1648;1549;1596;1534;1426;1557;1370;1404;1405;1251;1298;1240;1240;1115;1061;1051;993;1013;1016;1035;1093;1157;978;1074;803;791;797;794;757;805;783;716;717;593;585;551;485;478;473;431;327;315;322;242;206;138;131;107;83;87;27;29;20;20;7;4;10
110002;Barletta;751;825;838;837;857;903;1012;1024;1001;1102;1029;1101;1121;1192;1186;1091;1093;1132;1091;1152;1088;1210;1195;1184;1179;1139;1136;1120;1051;1116;1141;1092;1155;1199;1202;1313;1366;1319;1361;1449;1405;1485;1484;1447;1495;1475;1456;1511;1486;1474;1370;1369;1279;1253;1250;1124;1189;1109;1102;1103;1053;938;1022;1027;984;1149;1063;1071;880;784;798;790;797;834;762;664;703;600;624;577;548;465;501;426;386;320;329;269;177;179;132;117;102;77;34;29;19;13;7;4;9
110003;Bisceglie;473;523;482;555;524;567;523;584;522;631;592;631;543;580;589;546;614;543;577;606;586;647;632;628;606;601;619;610;594;575;645;639;682;699;722;730;799;850;789;866;858;836;924;857;914;919;929;978;903;950;915;852;758;762;706;686;691;688;653;687;632;586;661;614;605;607;610;594;496;464;490;496;437;509;433;409;421;384;356;356;304;335;315;253;236;201;154;172;128;125;105;75;66;51;21;12;13;9;5;8;8
110004;Canosa di Puglia;242;210;242;250;271;290;307;305;316;254;296;306;335;374;306;338;362;377;366;384;377;396;363;329;394;355;334;341;280;325;305;346;324;355;376;408;395;425;435;458;447;467;468;473;492;509;462;470;494;526;460;411;416;395;418;360;374;355;379;363;354;333;311;356;359;395;388;369;325;293;278;260;199;276;298;242;241;222;245;207;186;170;165;151;147;114;120;94;80;82;58;55;30;32;14;4;4;6;5;5;4
110005;Margherita di Savoia;80;104;83;95;101;100;102;102;90;103;109;124;114;132;113;115;134;128;123;169;152;138;180;149;143;155;159;133;125;136;97;131;100;121;133;147;170;126;163;172;155;178;176;171;191;180;179;208;198;188;238;160;172;186;169;148;155;146;148;154;129;151;123;159;156;170;141;171;135;116;109;121;142;129;123;111;110;103;103;93;83;87;101;76;77;64;52;52;38;36;34;22;15;18;10;4;5;2;1;2;2
110006;Minervino Murge;46;58;56;69;76;72;82;84;85;101;106;81;108;93;104;91;98;105;108;100;105;94;114;129;98;114;92;93;90;95;101;91;97;90;110;98;106;140;127;142;137;136;128;164;142;132;145;158;142;138;121;134;120;113;115;118;119;115;111;115;95;123;130;132;107;120;124;114;88;73;100;83;87;111;102;106;99;100;96;99;66;62;65;82;51;45;46;44;34;33;21;13;21;14;7;2;6;1;2;1;3
110007;San Ferdinando di Puglia;110;125;122;128;136;132;138;138;165;150;152;170;168;167;161;150;201;189;194;211;183;193;201;211;196;188;153;160;160;151;186;145;153;136;176;198;196;195;209;223;199;190;199;195;204;224;192;204;218;222;195;203;190;197;159;149;164;157;163;164;137;131;156;128;165;174;158;157;144;140;130;118;118;112;118;113;111;123;98;90;88;79;75;78;77;55;71;56;44;35;47;28;21;24;6;4;3;1;3;3;4
110008;Spinazzola;41;52;32;60;58;45;52;55;57;54;59;59;65;59;62;78;84;76;63;92;74;88;84;93;75;83;65;76;69;65;65;84;52;71;57;66;85;65;82;100;70;84;76;86;83;99;107;109;90;119;119;97;113;102;99;107;95;89;93;88;74;71;89;81;84;72;80;79;60;83;58;58;52;62;76;58;57;49;53;52;63;51;54;52;51;44;36;33;22;16;27;20;19;17;6;0;5;4;1;2;4
110009;Trani;345;389;481;548;524;515;568;527;543;544;579;598;566;620;602;624;615;605;614;636;611;632;667;678;666;663;654;671;642;689;669;710;658;665;691;712;780;744;799;880;821;834;870;830;860;872;861;912;852;905;892;888;854;771;826;727;739;659;696;655;644;604;617;639;629;668;675;610;527;472;431;477;457;497;409;414;420;352;383;351;311;313;288;261;233;215;144;143;132;116;88;68;69;43;28;11;12;10;7;3;6
110010;Trinitapoli;144;138;158;160;159;149;156;181;170;165;179;153;178;188;204;172;172;175;193;185;160;182;183;187;194;195;199;152;163;169;156;140;161;166;188;194;201;192;202;199;222;219;216;231;229;193;222;196;184;201;195;195;182;179;175;166;195;150;162;150;154;161;151;145;179;167;163;184;119;122;122;121;112;110;122;109;98;84;113;87;93;76;74;77;59;59;43;53;39;43;23;28;21;19;5;7;3;0;0;2;6
;Totale;3191;3321;3505;3751;3809;3827;3991;4057;4100;4235;4269;4461;4391;4645;4601;4400;4621;4522;4536;4817;4593;4884;4948;4840;4806;4752;4644;4606;4353;4613;4553;4659;4678;4840;5032;5315;5583;5622;5726;6095;5861;5937;6187;6077;6258;6152;6149;6280;5993;6280;5875;5713;5489;5209;5215;4825;4961;4583;4568;4530;4265;4111;4276;4316;4361;4679;4380;4423;3577;3338;3313;3318;3158;3445;3226;2942;2977;2610;2656;2463;2227;2116;2111;1887;1644;1432;1317;1158;900;803;666;533;447;382;158;102;90;66;38;34;56
Territorio/Età;;0;1;2;3;4;5;6;7;8;9;10;11;12;13;14;15;16;17;18;19;20;21;22;23;24;25;26;27;28;29;30;31;32;33;34;35;36;37;38;39;40;41;42;43;44;45;46;47;48;49;50;51;52;53;54;55;56;57;58;59;60;61;62;63;64;65;66;67;68;69;70;71;72;73;74;75;76;77;78;79;80;81;82;83;84;85;86;87;88;89;90;91;92;93;94;95;96;97;98;99;100
Codice comune;Comune;Maschi
110001;Andria;489;466;521;542;549;533;543;548;620;561;612;619;605;614;673;620;667;623;643;650;632;673;690;630;642;643;620;630;589;603;609;617;632;661;689;750;756;748;794;793;744;770;846;784;780;814;786;746;702;727;674;715;664;617;643;595;637;552;506;520;499;497;487;506;535;568;500;521;407;410;399;362;355;380;369;335;315;266;258;223;187;207;191;173;139;116;132;89;70;47;39;39;25;26;4;6;8;5;5;1;1
110002;Barletta;366;429;460;417;420;480;543;507;505;585;552;555;561;581;623;571;540;613;551;586;541;633;630;646;620;584;611;586;568;589;583;539;577;574;600;679;690;707;688;724;696;767;746;719;707;756;767;750;728;746;707;672;648;606;611;548;613;528;528;522;518;485;485;518;496;569;498;521;410;369;399;385;384;396;356;314;348;277;292;274;224;181;217;174;135;132;126;102;63;57;47;33;34;22;11;10;6;3;0;0;5
110003;Bisceglie;212;264;255;301;293;299;264;316;282;333;293;324;277;277;294;278;312;270;276;323;310;344;329;329;296;339;325;314;278;300;314;329;338;365;342;367;383;427;390;419;423;397;465;435;458;478;490;460;456;474;463;408;402;372;380;340;324;357;319;349;305;274;309;315;300;300;285;282;257;204;246;232;204;240;192;177;196;176;147;160;135;138;131;109;93;96;68;79;48;44;42;22;19;16;9;1;4;3;1;3;0
110004;Canosa di Puglia;129;107;117;134;138;142;155;160;160;131;171;156;174;193;171;184;184;196;182;200;204;218;180;160;204;179;165;180;136;164;149;166;159;184;198;184;189;210;229;214;220;223;239;249;246;229;253;232;241;256;231;200;211;207;209;176;180;162;181;159;173;173;157;170;188;181;208;173;160;148;132;124;93;133;135;103;115;97;100;80;87;69;60;73;52;38;36;35;31;22;20;23;8;12;4;1;1;0;1;0;1
110005;Margherita di Savoia;44;53;47;54;57;47;53;59;48;57;51;63;69;70;52;65;63;72;56;97;79;71;94;92;64;77;74;69;66;71;49;57;67;56;67;70;90;72;77;76;76;87;93;89;93;94;80;105;90;94;116;70;90;88;84;76;75;73;60;66;58;79;62;71;76;83;66;97;61;54;54;67;70;64;61;62;35;47;55;36;33;36;50;31;24;22;20;18;16;8;14;11;4;7;3;3;2;0;0;0;1
110006;Minervino Murge;23;27;30;35;48;35;44;43;46;54;51;39;52;41;48;40;51;57;61;62;54;52;69;64;52;51;44;46;41;51;46;43;54;43;56;52;49;74;64;78;59;69;67;99;69;80;78;80;68;69;58;55;67;56;58;67;67;60;49;65;41;57;62;60;57;57;61;54;36;33;50;33;49;44;45;50;44;47;38;36;23;26;25;33;26;17;20;20;10;10;7;3;3;7;1;1;2;0;1;1;2
110007;San Ferdinando di Puglia;55;57;60;61;76;65;73;63;86;78;88;86;76;83;84;71;105;102;107;106;114;101;112;117;97;84;68;85;87;73;89;67;78;61;87;101;109;90;101;114;99;96;114;94;94;112;98;98;112;124;101;103;91;89;75;76;80;71;87;72;65;74;69;64;75;92;71;74;81;64;64;66;57;61;59;57;51;60;48;43;37;36;35;38;37;22;25;23;14;17;19;11;9;10;6;2;1;0;0;1;2
110008;Spinazzola;20;23;10;31;31;22;27;28;25;19;32;25;29;27;33;43;45;35;32;45;33;49;41;42;31;42;38;40;30;31;33;38;24;32;28;29;37;33;52;52;33;40;48;57;44;44;48;50;42;49;55;50;51;53;44;57;45;39;51;42;44;32;49;42;48;33;41;36;28;40;31;32;21;29;39;16;18;17;21;22;28;23;24;24;19;18;17;10;7;6;7;4;4;6;4;0;1;2;0;0;0
110009;Trani;170;209;229;275;260;272;295;272;289;284;294;297;283;311;320;310;321;329;317;333;317;318;356;361;365;359;334;365;329;356;332;366;337;362;351;369;386;357;395;429;420;418;420;402;417;439;439;442;425;435;437;454;431;395;390;329;354;344;372;302;316;288;291;300;294;330;310;304;252;241;211;222;205;251;199;186;196;153;172;150;131;149;119;108;97;86;50;51;43;41;33;18;23;14;8;0;4;4;1;0;1
110010;Trinitapoli;78;71;89;64;74;74;83;98;84;91;82;83;99;112;102;83;79;85;95;86;84;81;89;84;98;97;98;84;73;85;91;69;68;77;83;97;99;82;101;94;109;120;98;116;111;98;117;94;93;104;99;95;86;96;81;79;97;72;83;63;73;70;69;76;80;85;77;86;58;56;62;58;65;55;56;58;41;48;61;44;36;33;27;18;25;22;15;17;15;16;13;9;6;5;0;1;1;0;0;1;1
;Totale;1586;1706;1818;1914;1946;1969;2080;2094;2145;2193;2226;2247;2225;2309;2400;2265;2367;2382;2320;2488;2368;2540;2590;2525;2469;2455;2377;2399;2197;2323;2295;2291;2334;2415;2501;2698;2788;2800;2891;2993;2879;2987;3136;3044;3019;3144;3156;3057;2957;3078;2941;2822;2741;2579;2575;2343;2472;2258;2236;2160;2092;2029;2040;2122;2149;2298;2117;2148;1750;1619;1648;1581;1503;1653;1511;1358;1359;1188;1192;1068;921;898;879;781;647;569;509;444;317;268;241;173;135;125;50;25;30;17;9;7;14
Territorio/Età;;0;1;2;3;4;5;6;7;8;9;10;11;12;13;14;15;16;17;18;19;20;21;22;23;24;25;26;27;28;29;30;31;32;33;34;35;36;37;38;39;40;41;42;43;44;45;46;47;48;49;50;51;52;53;54;55;56;57;58;59;60;61;62;63;64;65;66;67;68;69;70;71;72;73;74;75;76;77;78;79;80;81;82;83;84;85;86;87;88;89;90;91;92;93;94;95;96;97;98;99;100
Codice comune;Comune;Femmine
110001;Andria;470;431;490;507;554;521;508;509;531;570;556;619;588;626;601;575;581;569;564;632;625;631;639;622;613;616;613;620;590;689;579;664;664;677;688;699;729;818;765;813;803;738;800;839;868;735;810;788;724;830;696;689;741;634;655;645;603;563;555;531;494;516;529;529;558;589;478;553;396;381;398;432;402;425;414;381;402;327;327;328;298;271;282;258;188;199;190;153;136;91;92;68;58;61;23;23;12;15;2;3;9
110002;Barletta;385;396;378;420;437;423;469;517;496;517;477;546;560;611;563;520;553;519;540;566;547;577;565;538;559;555;525;534;483;527;558;553;578;625;602;634;676;612;673;725;709;718;738;728;788;719;689;761;758;728;663;697;631;647;639;576;576;581;574;581;535;453;537;509;488;580;565;550;470;415;399;405;413;438;406;350;355;323;332;303;324;284;284;252;251;188;203;167;114;122;85;84;68;55;23;19;13;10;7;4;4
110003;Bisceglie;261;259;227;254;231;268;259;268;240;298;299;307;266;303;295;268;302;273;301;283;276;303;303;299;310;262;294;296;316;275;331;310;344;334;380;363;416;423;399;447;435;439;459;422;456;441;439;518;447;476;452;444;356;390;326;346;367;331;334;338;327;312;352;299;305;307;325;312;239;260;244;264;233;269;241;232;225;208;209;196;169;197;184;144;143;105;86;93;80;81;63;53;47;35;12;11;9;6;4;5;8
110004;Canosa di Puglia;113;103;125;116;133;148;152;145;156;123;125;150;161;181;135;154;178;181;184;184;173;178;183;169;190;176;169;161;144;161;156;180;165;171;178;224;206;215;206;244;227;244;229;224;246;280;209;238;253;270;229;211;205;188;209;184;194;193;198;204;181;160;154;186;171;214;180;196;165;145;146;136;106;143;163;139;126;125;145;127;99;101;105;78;95;76;84;59;49;60;38;32;22;20;10;3;3;6;4;5;3
110005;Margherita di Savoia;36;51;36;41;44;53;49;43;42;46;58;61;45;62;61;50;71;56;67;72;73;67;86;57;79;78;85;64;59;65;48;74;33;65;66;77;80;54;86;96;79;91;83;82;98;86;99;103;108;94;122;90;82;98;85;72;80;73;88;88;71;72;61;88;80;87;75;74;74;62;55;54;72;65;62;49;75;56;48;57;50;51;51;45;53;42;32;34;22;28;20;11;11;11;7;1;3;2;1;2;1
110006;Minervino Murge;23;31;26;34;28;37;38;41;39;47;55;42;56;52;56;51;47;48;47;38;51;42;45;65;46;63;48;47;49;44;55;48;43;47;54;46;57;66;63;64;78;67;61;65;73;52;67;78;74;69;63;79;53;57;57;51;52;55;62;50;54;66;68;72;50;63;63;60;52;40;50;50;38;67;57;56;55;53;58;63;43;36;40;49;25;28;26;24;24;23;14;10;18;7;6;1;4;1;1;0;1
110007;San Ferdinando di Puglia;55;68;62;67;60;67;65;75;79;72;64;84;92;84;77;79;96;87;87;105;69;92;89;94;99;104;85;75;73;78;97;78;75;75;89;97;87;105;108;109;100;94;85;101;110;112;94;106;106;98;94;100;99;108;84;73;84;86;76;92;72;57;87;64;90;82;87;83;63;76;66;52;61;51;59;56;60;63;50;47;51;43;40;40;40;33;46;33;30;18;28;17;12;14;0;2;2;1;3;2;2
110008;Spinazzola;21;29;22;29;27;23;25;27;32;35;27;34;36;32;29;35;39;41;31;47;41;39;43;51;44;41;27;36;39;34;32;46;28;39;29;37;48;32;30;48;37;44;28;29;39;55;59;59;48;70;64;47;62;49;55;50;50;50;42;46;30;39;40;39;36;39;39;43;32;43;27;26;31;33;37;42;39;32;32;30;35;28;30;28;32;26;19;23;15;10;20;16;15;11;2;0;4;2;1;2;4
110009;Trani;175;180;252;273;264;243;273;255;254;260;285;301;283;309;282;314;294;276;297;303;294;314;311;317;301;304;320;306;313;333;337;344;321;303;340;343;394;387;404;451;401;416;450;428;443;433;422;470;427;470;455;434;423;376;436;398;385;315;324;353;328;316;326;339;335;338;365;306;275;231;220;255;252;246;210;228;224;199;211;201;180;164;169;153;136;129;94;92;89;75;55;50;46;29;20;11;8;6;6;3;5
110010;Trinitapoli;66;67;69;96;85;75;73;83;86;74;97;70;79;76;102;89;93;90;98;99;76;101;94;103;96;98;101;68;90;84;65;71;93;89;105;97;102;110;101;105;113;99;118;115;118;95;105;102;91;97;96;100;96;83;94;87;98;78;79;87;81;91;82;69;99;82;86;98;61;66;60;63;47;55;66;51;57;36;52;43;57;43;47;59;34;37;28;36;24;27;10;19;15;14;5;6;2;0;0;1;5
;Totale;1605;1615;1687;1837;1863;1858;1911;1963;1955;2042;2043;2214;2166;2336;2201;2135;2254;2140;2216;2329;2225;2344;2358;2315;2337;2297;2267;2207;2156;2290;2258;2368;2344;2425;2531;2617;2795;2822;2835;3102;2982;2950;3051;3033;3239;3008;2993;3223;3036;3202;2934;2891;2748;2630;2640;2482;2489;2325;2332;2370;2173;2082;2236;2194;2212;2381;2263;2275;1827;1719;1665;1737;1655;1792;1715;1584;1618;1422;1464;1395;1306;1218;1232;1106;997;863;808;714;583;535;425;360;312;257;108;77;60;49;29;27;42

"Ricostruzione della popolazione intercensuaria - Popolazione al 1° gennaio per età"
"Cittadinanza italiana - Anno: 2015 - Provincia: Barletta-Andria-Trani"
Territorio/Età;;0;1;2;3;4;5;6;7;8;9;10;11;12;13;14;15;16;17;18;19;20;21;22;23;24;25;26;27;28;29;30;31;32;33;34;35;36;37;38;39;40;41;42;43;44;45;46;47;48;49;50;51;52;53;54;55;56;57;58;59;60;61;62;63;64;65;66;67;68;69;70;71;72;73;74;75;76;77;78;79;80;81;82;83;84;85;86;87;88;89;90;91;92;93;94;95;96;97;98;99;100
Codice comune;Comune;Totale
110001;Andria;894;960;900;1007;1044;1094;1050;1048;1055;1148;1130;1173;1236;1191;1236;1268;1193;1250;1196;1204;1274;1256;1297;1327;1246;1250;1251;1219;1230;1161;1275;1173;1271;1278;1328;1366;1447;1477;1554;1558;1603;1542;1501;1643;1628;1641;1545;1590;1530;1422;1550;1358;1398;1399;1254;1295;1230;1230;1114;1055;1054;992;1007;1007;1020;1082;1150;971;1063;783;779;787;782;742;796;756;700;688;571;558;539;468;458;441;406;302;286;296;211;186;115;115;86;65;65;24;22;11;14;4;8
110002;Barletta;802;748;828;846;836;857;910;1013;1023;1000;1105;1034;1101;1125;1192;1188;1091;1094;1127;1090;1149;1089;1199;1179;1181;1159;1123;1122;1098;1033;1098;1136;1074;1143;1191;1204;1305;1353;1335;1361;1455;1408;1488;1481;1445;1495;1474;1456;1510;1482;1477;1366;1360;1274;1247;1239;1126;1185;1105;1095;1092;1041;934;1014;1022;971;1140;1056;1054;862;772;788;774;784;818;741;641;688;572;600;549;514;450;472;389;350;288;301;221;148;152;110;92;82;60;26;26;16;10;3;8
110003;Bisceglie;439;473;522;482;554;526;557;523;584;523;636;594;627;541;581;589;542;615;545;581;609;582;649;631;624;605;600;618;608;590;575;651;646;672;702;717;727;810;849;795;866;849;830;919;860;908;928;928;978;896;947;917;850;754;756;698;681;690;681;649;688;623;586;659;615;597;607;603;590;494;455;482;493;433;501;420;395;412;381;342;340;286;313;296;234;217;188;143;153;102;107;87;59;50;43;16;10;9;6;2;9
110004;Canosa di Puglia;203;244;208;239;253;273;285;306;307;318;255;299;304;337;375;304;337;357;380;366;382;374;398;352;329;396;347;323;334;274;322;304;339;324;349;368;409;395;425;432;451;443;465;462;474;493;507;458;469;497;527;455;405;416;398;413;361;373;355;380;363;356;334;308;354;358;391;384;363;319;289;275;261;196;272;293;229;239;216;233;199;169;156;155;136;138;106;109;87;70;71;49;48;26;28;9;2;4;2;2;5
110005;Margherita di Savoia;74;82;102;74;95;101;99;101;104;89;100;109;126;114;127;113;115;134;128;122;166;148;132;179;144;143;149;162;129;125;140;96;130;100;116;124;140;167;126;161;165;153;177;176;168;188;180;183;212;196;188;235;160;171;187;167;144;155;142;147;150;129;145;125;158;152;170;138;169;128;116;105;115;141;129;119;110;107;100;99;89;81;83;94;70;68;59;48;46;37;31;32;21;9;14;7;3;3;1;1;3
110006;Minervino Murge;76;48;58;53;69;75;72;82;85;85;96;104;81;104;94;102;90;99;102;109;100;105;92;112;129;98;111;89;88;81;91;96;89;96;91;108;98;108;139;127;138;131;135;129;162;141;131;144;156;143;139;122;131;121;109;115;118;116;116;112;113;95;120;130;128;107;118;122;113;88;69;99;81;86;105;98;103;95;97;90;99;67;58;60;76;45;40;39;40;29;31;18;12;19;10;5;2;2;1;2;1
110007;San Ferdinando di Puglia;121;109;124;124;129;133;130;135;136;164;150;150;169;168;167;159;148;203;187;195;210;179;190;200;207;192;181;151;158;149;148;186;140;148;132;171;190;196;190;206;220;197;189;192;194;201;223;191;200;216;222;191;199;190;193;156;147;165;154;160;158;135;129;155;127;164;170;155;151;138;134;133;118;110;108;116;113;106;116;92;90;80;76;70;71;69;51;61;49;33;29;37;19;15;20;6;2;3;1;3;6
110008;Spinazzola;41;41;50;32;61;59;46;52;55;57;55;58;59;63;57;62;78;82;74;63;91;74;85;82;93;74;82;62;72;64;63;64;85;51;67;55;65;83;64;82;99;70;85;76;86;80;101;106;109;91;118;119;100;113;101;99;107;95;89;92;89;75;70;88;83;82;72;82;75;60;81;55;57;52;61;75;58;57;48;52;51;61;50;54;48;48;40;31;27;16;14;23;17;17;15;6;0;5;1;1;5
110009;Trani;510;352;407;486;550;526;517;570;528;544;544;581;599;563;623;604;624;617;607;613;639;604;635;661;662;657;657;645;658;631;674;660;709;658;662;688;711;785;752;795;888;829;839;870;829;864;872;853;914;854;910;887;887;850;768;824;724;742;652;689;647;639;598;607;631;622;668;670;600;520;466;420;468;442;488;397;406;406;340;373;344;302;296;261;238;219;196;127;126;122;103;69;56;59;36;21;8;10;6;6;7
110010;Trinitapoli;119;144;133;158;163;159;152;159;177;173;163;179;156;174;187;197;170;173;176;194;179;158;178;180;183;192;193;194;147;158;165;153;142;155;164;192;197;199;188;201;203;225;219;220;227;231;190;220;195;183;198;199;192;180;179;172;164;193;146;159;153;153;163;149;146;177;165;161;182;117;116;117;119;112;108;121;108;94;82;109;81;87;74;68;74;54;55;36;43;33;37;17;24;13;13;4;5;1;0;0;3
;Totale;3279;3201;3332;3501;3754;3803;3818;3989;4054;4101;4234;4281;4458;4380;4639;4586;4388;4624;4522;4537;4799;4569;4855;4903;4798;4766;4694;4585;4522;4266;4551;4519;4625;4625;4802;4993;5289;5573;5622;5718;6088;5847;5928;6168;6073;6242;6151;6129;6273;5980;6276;5849;5682;5468;5192;5178;4802;4944;4554;4538;4507;4238;4086;4242;4284;4312;4651;4342;4360;3509;3277;3261;3268;3098;3386;3136;2863;2892;2523;2548;2381;2115;2014;1971;1742;1510;1309;1191;1003;776;690;557;434;355;304;124;80;64;42;24;55
Territorio/Età;;0;1;2;3;4;5;6;7;8;9;10;11;12;13;14;15;16;17;18;19;20;21;22;23;24;25;26;27;28;29;30;31;32;33;34;35;36;37;38;39;40;41;42;43;44;45;46;47;48;49;50;51;52;53;54;55;56;57;58;59;60;61;62;63;64;65;66;67;68;69;70;71;72;73;74;75;76;77;78;79;80;81;82;83;84;85;86;87;88;89;90;91;92;93;94;95;96;97;98;99;100
Codice comune;Comune;Maschi
110001;Andria;459;494;465;517;538;544;530;542;549;618;561;615;618;605;614;671;621;667;627;643;645;630;669;688;625;641;636;610;612;576;587;600;609;625;657;683;751;751;743;796;793;743;763;847;786;773;812;786;746;703;720;664;709;660;619;641;594;629;552;504;520;498;494;483;499;523;561;493;512;393;400;391;355;348;377;351;320;305;255;247;214;178;198;172;159;126;99;120;73;65;38;33;32;18;19;2;5;3;2;2;0
110002;Barletta;398;364;430;468;415;417;482;545;505;504;585;555;554;560;581;624;571;541;610;549;583;540;626;618;641;611;581;600;567;555;578;585;527;569;566;606;674;685;719;686;730;699;769;744;716;707;756;766;749;726;748;704;664;648;602;605;549;611;527;527;518;507;483;478;515;490;566;494;506;401;360;388;376;374;386;344;299;338;259;272;258;210;174;208;155;118;112;110;85;48;47;35;27;28;17;7;9;4;1;0;5
110003;Bisceglie;242;209;263;256;300;293;291;264;315;281;334;294;322;277;277;292;277;313;274;277;322;304;344;325;327;292;340;321;311;274;298;314;336;336;366;335;364;393;421;393;420;421;398;463;433;459;480;486;458;451;471;463;403;401;367;375;338;325;354;316;349;297;277;310;313;296;299;285;278;258;197;241;230;202;233;187;169;191;171;140;153;128;129;120;100;83;88;65;70;38;38;32;15;15;13;8;1;4;2;1;1
110004;Canosa di Puglia;94;131;105;114;137;139;137;154;161;160;132;173;156;177;192;168;183;180;196;182;197;201;220;174;159;204;174;161;179;138;162;149;164;161;182;194;185;189;209;227;209;218;222;233;249;247;226;252;232;242;257;228;196;212;209;205;176;180;163;180;159;173;175;155;168;187;177;208;172;155;144;131;125;91;130;132;95;113;93;90;78;77;65;53;65;47;37;32;32;26;19;15;21;7;10;3;0;1;0;0;0
110005;Margherita di Savoia;37;46;55;43;52;57;47;53;61;48;56;51;63;68;69;52;65;63;73;57;93;75;65;93;89;65;74;77;66;65;75;51;59;67;55;62;64;87;70;77;73;75;87;92;85;89;94;83;107;90;95;114;71;89;88;82;75;75;72;60;65;57;73;62;72;75;84;65;96;58;54;51;62;69;64;58;61;37;44;53;35;32;34;45;28;19;21;18;15;16;7;13;9;1;7;2;2;2;0;0;1
110006;Minervino Murge;41;25;27;27;35;48;35;44;44;46;50;50;39;50;42;47;40;52;56;61;62;54;50;69;64;51;49;43;43;36;50;45;42;53;45;56;52;51;74;63;75;56;69;67;98;68;79;77;80;69;70;58;54;67;55;58;67;64;61;50;63;41;54;62;59;57;55;61;53;36;31;49;33;47;42;43;47;43;47;36;36;24;24;22;30;21;14;17;18;7;10;5;3;3;4;1;1;0;0;1;0
110007;San Ferdinando di Puglia;73;54;55;60;61;75;65;72;62;85;78;87;85;75;83;83;69;106;101;107;105;110;97;108;115;94;82;69;87;80;73;91;66;76;61;85;96;109;88;99;112;98;94;109;93;92;112;98;94;111;124;99;101;90;87;76;76;80;70;85;70;64;73;70;64;74;89;71;70;79;63;66;66;54;60;58;57;50;57;46;43;32;34;34;34;30;20;20;20;10;16;16;8;6;7;6;1;1;0;0;3
110008;Spinazzola;18;20;23;10;31;32;23;27;28;25;20;31;25;29;26;33;43;43;35;32;44;35;49;40;43;31;41;36;36;30;29;32;39;23;31;26;29;36;32;52;52;33;40;49;57;42;46;48;50;42;48;54;51;51;52;44;57;45;39;51;43;45;31;48;43;47;33;43;34;28;38;29;32;23;30;39;16;18;17;21;22;27;23;24;22;18;14;14;7;5;5;6;5;4;5;3;0;1;1;0;0
110009;Trani;264;179;220;231;278;261;274;297;271;289;283;294;296;282;312;322;309;320;329;314;334;316;319;348;353;357;357;332;358;317;347;330;363;333;357;351;366;391;362;391;431;423;421;419;405;419;442;436;441;429;438;434;453;428;394;390;326;356;338;365;298;316;284;284;293;290;330;306;298;245;234;204;219;195;248;190;183;191;145;167;145;128;139;113;97;93;77;44;41;37;37;27;18;22;12;4;0;4;2;0;1
110010;Trinitapoli;53;77;70;89;68;73;76;83;97;85;90;82;85;94;110;99;81;79;87;96;86;83;81;85;81;96;97;93;84;72;82;89;71;66;76;87;98;98;81;101;95;110;119;102;115;112;97;115;93;92;103;102;96;87;96;78;78;96;69;81;65;73;71;68;77;77;83;74;83;56;52;59;57;65;53;56;57;40;47;60;41;33;33;24;17;23;20;14;14;12;15;11;9;5;2;0;0;0;0;0;1
;Totale;1679;1599;1713;1815;1915;1939;1960;2081;2093;2141;2189;2232;2243;2217;2306;2391;2259;2364;2388;2318;2471;2348;2520;2548;2497;2442;2431;2342;2343;2143;2281;2286;2276;2309;2396;2485;2679;2790;2799;2885;2990;2876;2982;3125;3037;3008;3144;3147;3050;2955;3074;2920;2798;2733;2569;2554;2336;2461;2245;2219;2150;2071;2015;2020;2103;2116;2277;2100;2102;1709;1573;1609;1555;1468;1623;1458;1304;1326;1135;1132;1025;869;853;815;707;578;502;454;375;264;232;193;147;109;96;36;19;20;8;4;12
Territorio/Età;;0;1;2;3;4;5;6;7;8;9;10;11;12;13;14;15;16;17;18;19;20;21;22;23;24;25;26;27;28;29;30;31;32;33;34;35;36;37;38;39;40;41;42;43;44;45;46;47;48;49;50;51;52;53;54;55;56;57;58;59;60;61;62;63;64;65;66;67;68;69;70;71;72;73;74;75;76;77;78;79;80;81;82;83;84;85;86;87;88;89;90;91;92;93;94;95;96;97;98;99;100
Codice comune;Comune;Femmine
110001;Andria;435;466;435;490;506;550;520;506;506;530;569;558;618;586;622;597;572;583;569;561;629;626;628;639;621;609;615;609;618;585;688;573;662;653;671;683;696;726;811;762;810;799;738;796;842;868;733;804;784;719;830;694;689;739;635;654;636;601;562;551;534;494;513;524;521;559;589;478;551;390;379;396;427;394;419;405;380;383;316;311;325;290;260;269;247;176;187;176;138;121;77;82;54;47;46;22;17;8;12;2;8
110002;Barletta;404;384;398;378;421;440;428;468;518;496;520;479;547;565;611;564;520;553;517;541;566;549;573;561;540;548;542;522;531;478;520;551;547;574;625;598;631;668;616;675;725;709;719;737;729;788;718;690;761;756;729;662;696;626;645;634;577;574;578;568;574;534;451;536;507;481;574;562;548;461;412;400;398;410;432;397;342;350;313;328;291;304;276;264;234;232;176;191;136;100;105;75;65;54;43;19;17;12;9;3;3
110003;Bisceglie;197;264;259;226;254;233;266;259;269;242;302;300;305;264;304;297;265;302;271;304;287;278;305;306;297;313;260;297;297;316;277;337;310;336;336;382;363;417;428;402;446;428;432;456;427;449;448;442;520;445;476;454;447;353;389;323;343;365;327;333;339;326;309;349;302;301;308;318;312;236;258;241;263;231;268;233;226;221;210;202;187;158;184;176;134;134;100;78;83;64;69;55;44;35;30;8;9;5;4;1;8
110004;Canosa di Puglia;109;113;103;125;116;134;148;152;146;158;123;126;148;160;183;136;154;177;184;184;185;173;178;178;170;192;173;162;155;136;160;155;175;163;167;174;224;206;216;205;242;225;243;229;225;246;281;206;237;255;270;227;209;204;189;208;185;193;192;200;204;183;159;153;186;171;214;176;191;164;145;144;136;105;142;161;134;126;123;143;121;92;91;102;71;91;69;77;55;44;52;34;27;19;18;6;2;3;2;2;5
110005;Margherita di Savoia;37;36;47;31;43;44;52;48;43;41;44;58;63;46;58;61;50;71;55;65;73;73;67;86;55;78;75;85;63;60;65;45;71;33;61;62;76;80;56;84;92;78;90;84;83;99;86;100;105;106;93;121;89;82;99;85;69;80;70;87;85;72;72;63;86;77;86;73;73;70;62;54;53;72;65;61;49;70;56;46;54;49;49;49;42;49;38;30;31;21;24;19;12;8;7;5;1;1;1;1;2
110006;Minervino Murge;35;23;31;26;34;27;37;38;41;39;46;54;42;54;52;55;50;47;46;48;38;51;42;43;65;47;62;46;45;45;41;51;47;43;46;52;46;57;65;64;63;75;66;62;64;73;52;67;76;74;69;64;77;54;54;57;51;52;55;62;50;54;66;68;69;50;63;61;60;52;38;50;48;39;63;55;56;52;50;54;63;43;34;38;46;24;26;22;22;22;21;13;9;16;6;4;1;2;1;1;1
110007;San Ferdinando di Puglia;48;55;69;64;68;58;65;63;74;79;72;63;84;93;84;76;79;97;86;88;105;69;93;92;92;98;99;82;71;69;75;95;74;72;71;86;94;87;102;107;108;99;95;83;101;109;111;93;106;105;98;92;98;100;106;80;71;85;84;75;88;71;56;85;63;90;81;84;81;59;71;67;52;56;48;58;56;56;59;46;47;48;42;36;37;39;31;41;29;23;13;21;11;9;13;0;1;2;1;3;3
110008;Spinazzola;23;21;27;22;30;27;23;25;27;32;35;27;34;34;31;29;35;39;39;31;47;39;36;42;50;43;41;26;36;34;34;32;46;28;36;29;36;47;32;30;47;37;45;27;29;38;55;58;59;49;70;65;49;62;49;55;50;50;50;41;46;30;39;40;40;35;39;39;41;32;43;26;25;29;31;36;42;39;31;31;29;34;27;30;26;30;26;17;20;11;9;17;12;13;10;3;0;4;0;1;5
110009;Trani;246;173;187;255;272;265;243;273;257;255;261;287;303;281;311;282;315;297;278;299;305;288;316;313;309;300;300;313;300;314;327;330;346;325;305;337;345;394;390;404;457;406;418;451;424;445;430;417;473;425;472;453;434;422;374;434;398;386;314;324;349;323;314;323;338;332;338;364;302;275;232;216;249;247;240;207;223;215;195;206;199;174;157;148;141;126;119;83;85;85;66;42;38;37;24;17;8;6;4;6;6
110010;Trinitapoli;66;67;63;69;95;86;76;76;80;88;73;97;71;80;77;98;89;94;89;98;93;75;97;95;102;96;96;101;63;86;83;64;71;89;88;105;99;101;107;100;108;115;100;118;112;119;93;105;102;91;95;97;96;93;83;94;86;97;77;78;88;80;92;81;69;100;82;87;99;61;64;58;62;47;55;65;51;54;35;49;40;54;41;44;57;31;35;22;29;21;22;6;15;8;11;4;5;1;0;0;2
;Totale;1600;1602;1619;1686;1839;1864;1858;1908;1961;1960;2045;2049;2215;2163;2333;2195;2129;2260;2134;2219;2328;2221;2335;2355;2301;2324;2263;2243;2179;2123;2270;2233;2349;2316;2406;2508;2610;2783;2823;2833;3098;2971;2946;3043;3036;3234;3007;2982;3223;3025;3202;2929;2884;2735;2623;2624;2466;2483;2309;2319;2357;2167;2071;2222;2181;2196;2374;2242;2258;1800;1704;1652;1713;1630;1763;1678;1559;1566;1388;1416;1356;1246;1161;1156;1035;932;807;737;628;512;458;364;287;246;208;88;61;44;34;20;43

"Ricostruzione della popolazione intercensuaria - Popolazione al 1° gennaio per età"
"Cittadinanza italiana - Anno: 2016 - Provincia: Barletta-Andria-Trani"
Territorio/Età;;0;1;2;3;4;5;6;7;8;9;10;11;12;13;14;15;16;17;18;19;20;21;22;23;24;25;26;27;28;29;30;31;32;33;34;35;36;37;38;39;40;41;42;43;44;45;46;47;48;49;50;51;52;53;54;55;56;57;58;59;60;61;62;63;64;65;66;67;68;69;70;71;72;73;74;75;76;77;78;79;80;81;82;83;84;85;86;87;88;89;90;91;92;93;94;95;96;97;98;99;100
Codice comune;Comune;Totale
110001;Andria;810;893;953;893;1009;1041;1091;1051;1045;1051;1143;1125;1170;1232;1191;1237;1267;1191;1246;1193;1199;1268;1245;1284;1318;1232;1237;1236;1207;1215;1150;1252;1163;1255;1268;1325;1351;1438;1475;1544;1548;1603;1538;1489;1637;1625;1636;1535;1588;1521;1419;1543;1351;1393;1394;1247;1288;1226;1223;1104;1047;1041;979;997;1007;1013;1075;1134;962;1049;763;768;770;770;721;774;733;671;670;550;536;505;454;434;399;372;272;255;260;181;161;95;101;67;50;46;17;14;9;10;5
110002;Barletta;743;792;749;829;849;830;853;907;1014;1025;995;1104;1029;1097;1124;1186;1186;1090;1095;1133;1087;1143;1080;1183;1175;1164;1133;1097;1112;1090;1013;1083;1125;1072;1135;1189;1195;1305;1346;1321;1355;1450;1405;1484;1482;1451;1494;1473;1452;1494;1477;1469;1361;1355;1265;1241;1236;1122;1181;1099;1095;1084;1035;925;1001;1011;958;1123;1042;1043;849;764;770;761;765;800;727;625;675;551;576;525;487;422;429;341;308;259;273;190;125;117;96;70;58;40;18;20;10;8;6
110003;Bisceglie;443;441;468;516;485;550;524;559;524;587;524;637;594;629;537;579;589;545;610;541;578;602;577;645;628;618;594;599;614;608;593;569;645;645;669;695;715;725;799;839;796;858;847;821;916;862;904;925;928;974;890;953;912;846;750;753;692;682;689;678;642;678;620;584;651;614;590;601;595;584;488;453;464;474;419;488;404;381;405;360;337;321;276;300;273;207;193;166;129;120;86;93;77;44;30;31;9;5;6;6;5
110004;Canosa di Puglia;210;200;243;204;241;253;271;286;307;308;318;256;299;304;336;374;302;338;357;379;362;373;371;388;350;322;384;335;314;321;261;311;296;333;312;353;363;409;393;417;431;450;440;464;453;472;491;501;457;464;492;523;446;401;415;398;411;359;367;351;376;361;356;332;308;348;349;391;380;360;308;286;270;252;189;265;283;225;235;206;219;191;157;144;141;126;123;95;98;75;60;52;42;38;21;20;9;0;3;1;4
110005;Margherita di Savoia;79;72;81;101;74;93;99;96;100;102;90;98;111;125;114;124;112;113;132;131;120;166;145;134;176;144;144;147;155;120;119;132;97;127;99;112;120;141;166;123;158;165;151;177;170;164;187;181;179;209;190;188;235;161;171;186;167;144;153;142;145;150;128;146;124;159;148;169;134;164;126;111;104;111;139;127;116;107;104;96;94;85;78;77;90;62;55;49;42;40;32;30;26;16;4;10;6;3;2;1;4
110006;Minervino Murge;40;77;47;57;53;69;77;72;80;82;86;94;103;82;103;94;101;89;99;103;107;99;103;92;114;128;96;106;88;87;81;88;91;88;94;92;107;93;108;137;127;137;133;133;128;161;139;133;143;154;142;138;120;131;116;109;114;114;116;114;112;110;95;117;126;127;104;117;120;111;89;69;96;80;84;101;97;98;94;84;84;93;62;53;56;72;44;36;32;32;26;24;15;11;16;10;3;1;2;0;1
110007;San Ferdinando di Puglia;101;121;106;126;124;126;132;128;135;134;163;150;149;167;167;168;155;147;202;185;191;210;177;185;195;200;182;175;144;149;143;147;182;136;148;132;169;184;194;188;201;219;194;189;188;189;201;217;191;201;210;218;189;196;186;189;151;145;165;150;158;159;134;127;155;123;162;169;153;150;131;131;132;118;110;106;109;109;102;112;93;86;70;71;63;64;60;44;54;41;24;23;30;11;11;16;5;1;2;1;4
110008;Spinazzola;39;40;40;52;32;63;59;46;55;54;58;55;58;58;60;56;62;78;82;75;62;90;73;80;81;89;74;82;65;70;63;64;67;85;49;66;54;65;81;64;84;98;68;83;76;86;79;103;106;109;89;116;117;98;112;99;99;107;95;89;90;90;76;70;86;83;80;72;79;74;57;79;52;56;50;61;71;57;56;45;50;49;58;46;50;42;40;40;30;26;14;12;21;14;13;9;5;0;4;1;3
110009;Trani;396;498;375;424;484;552;528;518;571;528;543;541;583;601;566;623;603;624;619;605;614;643;605;635;654;666;643;646;646;657;621;665;664;712;652;674;688;715;792;754;800;895;833;834;865;827;862;866;855;911;856;909;887;881;840;759;826;718;744;649;695;648;631;590;604;623;619;660;664;594;515;455;415;460;435;483;393;394;393;319;368;335;283;281;244;213;205;178;117;112;104;89;60;44;49;30;17;4;9;6;11
110010;Trinitapoli;136;123;143;136;156;163;161;150;156;176;173;164;182;157;174;188;199;172;176;176;194;180;155;175;179;187;188;185;189;146;160;167;152;143;154;166;191;197;196;189;205;201;227;218;217;233;231;189;220;194;189;194;201;195;178;175;168;162;192;145;160;153;154;159;150;148;176;163;161;181;115;115;115;118;107;106;116;103;93;80;103;80;83;72;61;65;49;48;35;38;30;34;14;19;12;10;3;3;1;0;1
;Totale;2997;3257;3205;3338;3507;3740;3795;3813;3987;4047;4093;4224;4278;4452;4372;4629;4576;4387;4618;4521;4514;4774;4531;4801;4870;4750;4675;4608;4534;4463;4204;4478;4482;4596;4580;4804;4953;5272;5550;5576;5705;6076;5836;5892;6132;6070;6224;6123;6119;6231;5954;6251;5819;5657;5427;5156;5152;4779;4925;4521;4520;4474;4208;4047;4212;4249;4261;4599;4290;4310;3441;3231;3188;3200;3019;3311;3049;2770;2827;2403;2460;2270;2008;1900;1806;1564;1349;1170;1070;855;662;569;482;334;264;222;92;51;48;34;44
Territorio/Età;;0;1;2;3;4;5;6;7;8;9;10;11;12;13;14;15;16;17;18;19;20;21;22;23;24;25;26;27;28;29;30;31;32;33;34;35;36;37;38;39;40;41;42;43;44;45;46;47;48;49;50;51;52;53;54;55;56;57;58;59;60;61;62;63;64;65;66;67;68;69;70;71;72;73;74;75;76;77;78;79;80;81;82;83;84;85;86;87;88;89;90;91;92;93;94;95;96;97;98;99;100
Codice comune;Comune;Maschi
110001;Andria;432;457;490;458;519;537;544;534;539;546;617;558;614;617;606;617;670;620;665;624;638;644;619;656;685;620;632;629;602;601;579;579;591;597;620;659;675;746;754;738;791;792;744;756;844;786;769;804;785;739;701;722;661;708;658;615;636;592;624;545;502;512;487;488;482;497;519;553;484;503;383;390;381;347;336;368;341;302;296;241;238;195;170;184;153;142;111;85;105;62;50;33;27;26;12;13;1;5;3;2;0
110002;Barletta;366;396;364;429;470;412;418;475;547;508;498;583;552;552;560;575;622;569;543;613;550;579;538;618;620;630;597;564;597;560;549;573;583;527;563;567;601;676;681;712;678;726;696;764;746;718;707;758;764;742;722;742;703;661;644;598;604;546;606;525;526;517;502;477;468;508;481;557;485;502;394;354;373;370;362;375;335;288;329;249;262;246;199;160;186;126;103;104;99;71;40;37;27;17;20;8;5;7;3;1;3
110003;Bisceglie;243;241;210;261;256;298;294;291;263;317;280;335;295;325;273;275;292;277;311;272;277;314;300;345;322;324;286;340;318;310;276;293;315;334;335;360;334;363;389;417;393;415;419;392;467;435;454;479;487;458;449;474;460;399;403;363;372;341;327;353;317;345;297;277;308;312;292;297;279;278;253;196;233;220;193;228;183;159;185;162;134;142;122;124;115;91;75;78;55;54;32;34;28;11;11;7;4;0;2;2;1
110004;Canosa di Puglia;117;92;129;101;118;137;137;138;155;161;161;133;172;157;176;191;167;184;179;196;182;191;199;211;171;159;198;171;152;174;132;151;143;164;157;183;192;182;188;202;228;209;217;221;228;247;244;221;251;230;240;254;224;195;210;209;202;176;176;161;177;158;172;172;154;164;181;177;206;169;149;144;127;121;85;125;126;91;110;88;83;76;72;58;52;58;40;30;27;23;17;11;13;16;6;5;3;0;0;0;0
110005;Margherita di Savoia;45;35;45;55;43;49;54;46;52;58;49;54;52;63;68;67;51;63;63;76;55;94;72;66;88;91;66;73;74;64;62;70;49;55;67;54;61;62;85;68;78;73;71;86;90;84;90;96;82;107;89;95;114;72;89;88;81;75;73;72;60;65;57;74;60;72;70;84;61;91;57;51;51;59;68;62;59;60;34;42;52;33;31;31;42;23;17;19;16;12;14;6;11;7;0;5;2;2;2;0;1
110006;Minervino Murge;19;41;24;26;27;35;47;35;43;42;47;50;50;40;49;42;46;39;52;57;59;62;52;49;71;64;48;50;38;42;37;50;41;41;53;45;54;50;51;74;63;75;57;69;66;97;68;81;76;78;68;69;56;54;64;55;56;66;64;59;50;61;41;52;59;59;55;55;60;51;37;31;48;33;46;42;42;46;43;40;34;34;21;23;20;30;20;13;13;15;7;9;3;3;1;4;1;1;0;0;0
110007;San Ferdinando di Puglia;53;75;52;57;60;61;74;65;72;61;85;78;86;85;74;83;80;68;105;99;104;106;108;96;106;111;89;78;64;82;76;73;89;64;75;61;83;94;109;87;96;111;98;95;108;91;91;109;98;94;109;122;99;100;89;85;75;75;79;67;84;71;64;71;71;60;74;89;71;69;74;63;65;66;55;59;52;56;46;56;47;41;27;30;32;30;27;16;14;16;8;12;13;6;4;5;5;1;0;0;0
110008;Spinazzola;21;18;19;25;10;33;32;23;27;27;26;20;31;25;28;26;33;43;43;35;33;44;35;44;39;43;31;41;38;35;30;31;33;39;21;32;26;30;36;32;52;53;31;39;48;57;42;48;48;50;42;47;52;51;51;50;44;57;44;39;50;44;46;31;46;44;45;34;40;33;26;38;28;32;22;29;36;15;18;15;19;20;26;21;24;19;15;14;14;6;5;4;5;4;3;5;3;0;1;1;0
110009;Trani;210;256;191;231;228;276;262;274;298;272;288;282;295;298;285;311;323;309;323;330;315;334;315;319;347;356;350;350;336;354;311;343;336;365;327;363;353;367;397;362;392;435;429;418;411;408;418;436;437;442;431;438;436;448;422;392;394;321;352;336;369;298;313;279;283;289;292;325;305;296;241;229;202;215;194;242;187;174;183;132;161;140;118;131;104;89;86;68;41;36;32;26;23;11;20;10;4;0;4;2;1
110010;Trinitapoli;68;55;77;72;89;67;76;76;81;99;85;90;82;86;94;111;100;83;80;85;95;85;81;78;87;84;92;94;93;85;74;84;86;73;69;80;89;98;93;80;102;94;110;119;103;119;113;96;116;93;92;101;103;99;86;93;77;76;95;69;82;66;73;70;69;78;76;80;73;82;55;52;58;56;62;54;53;53;39;44;57;41;30;33;22;15;18;17;13;14;11;14;10;8;4;2;0;0;0;0;0
;Totale;1574;1666;1601;1715;1820;1905;1938;1957;2077;2091;2136;2183;2229;2248;2213;2298;2384;2255;2364;2387;2308;2453;2319;2482;2536;2482;2389;2390;2312;2307;2126;2247;2266;2259;2287;2404;2468;2668;2783;2772;2873;2983;2872;2959;3111;3042;2996;3128;3144;3033;2943;3064;2908;2787;2716;2548;2541;2325;2440;2226;2217;2137;2052;1991;2000;2083;2085;2251;2064;2074;1669;1548;1566;1519;1423;1584;1414;1244;1283;1069;1087;968;816;795;750;623;512;444;397;309;216;186;160;109;81;64;28;16;15;8;6
Territorio/Età;;0;1;2;3;4;5;6;7;8;9;10;11;12;13;14;15;16;17;18;19;20;21;22;23;24;25;26;27;28;29;30;31;32;33;34;35;36;37;38;39;40;41;42;43;44;45;46;47;48;49;50;51;52;53;54;55;56;57;58;59;60;61;62;63;64;65;66;67;68;69;70;71;72;73;74;75;76;77;78;79;80;81;82;83;84;85;86;87;88;89;90;91;92;93;94;95;96;97;98;99;100
Codice comune;Comune;Femmine
110001;Andria;378;436;463;435;490;504;547;517;506;505;526;567;556;615;585;620;597;571;581;569;561;624;626;628;633;612;605;607;605;614;571;673;572;658;648;666;676;692;721;806;757;811;794;733;793;839;867;731;803;782;718;821;690;685;736;632;652;634;599;559;545;529;492;509;525;516;556;581;478;546;380;378;389;423;385;406;392;369;374;309;298;310;284;250;246;230;161;170;155;119;111;62;74;41;38;33;16;9;6;8;5
110002;Barletta;377;396;385;400;379;418;435;432;467;517;497;521;477;545;564;611;564;521;552;520;537;564;542;565;555;534;536;533;515;530;464;510;542;545;572;622;594;629;665;609;677;724;709;720;736;733;787;715;688;752;755;727;658;694;621;643;632;576;575;574;569;567;533;448;533;503;477;566;557;541;455;410;397;391;403;425;392;337;346;302;314;279;288;262;243;215;205;155;174;119;85;80;69;53;38;32;13;13;7;7;3
110003;Bisceglie;200;200;258;255;229;252;230;268;261;270;244;302;299;304;264;304;297;268;299;269;301;288;277;300;306;294;308;259;296;298;317;276;330;311;334;335;381;362;410;422;403;443;428;429;449;427;450;446;441;516;441;479;452;447;347;390;320;341;362;325;325;333;323;307;343;302;298;304;316;306;235;257;231;254;226;260;221;222;220;198;203;179;154;176;158;116;118;88;74;66;54;59;49;33;19;24;5;5;4;4;4
110004;Canosa di Puglia;93;108;114;103;123;116;134;148;152;147;157;123;127;147;160;183;135;154;178;183;180;182;172;177;179;163;186;164;162;147;129;160;153;169;155;170;171;227;205;215;203;241;223;243;225;225;247;280;206;234;252;269;222;206;205;189;209;183;191;190;199;203;184;160;154;184;168;214;174;191;159;142;143;131;104;140;157;134;125;118;136;115;85;86;89;68;83;65;71;52;43;41;29;22;15;15;6;0;3;1;4
110005;Margherita di Savoia;34;37;36;46;31;44;45;50;48;44;41;44;59;62;46;57;61;50;69;55;65;72;73;68;88;53;78;74;81;56;57;62;48;72;32;58;59;79;81;55;80;92;80;91;80;80;97;85;97;102;101;93;121;89;82;98;86;69;80;70;85;85;71;72;64;87;78;85;73;73;69;60;53;52;71;65;57;47;70;54;42;52;47;46;48;39;38;30;26;28;18;24;15;9;4;5;4;1;0;1;3
110006;Minervino Murge;21;36;23;31;26;34;30;37;37;40;39;44;53;42;54;52;55;50;47;46;48;37;51;43;43;64;48;56;50;45;44;38;50;47;41;47;53;43;57;63;64;62;76;64;62;64;71;52;67;76;74;69;64;77;52;54;58;48;52;55;62;49;54;65;67;68;49;62;60;60;52;38;48;47;38;59;55;52;51;44;50;59;41;30;36;42;24;23;19;17;19;15;12;8;15;6;2;0;2;0;1
110007;San Ferdinando di Puglia;48;46;54;69;64;65;58;63;63;73;78;72;63;82;93;85;75;79;97;86;87;104;69;89;89;89;93;97;80;67;67;74;93;72;73;71;86;90;85;101;105;108;96;94;80;98;110;108;93;107;101;96;90;96;97;104;76;70;86;83;74;88;70;56;84;63;88;80;82;81;57;68;67;52;55;47;57;53;56;56;46;45;43;41;31;34;33;28;40;25;16;11;17;5;7;11;0;0;2;1;4
110008;Spinazzola;18;22;21;27;22;30;27;23;28;27;32;35;27;33;32;30;29;35;39;40;29;46;38;36;42;46;43;41;27;35;33;33;34;46;28;34;28;35;45;32;32;45;37;44;28;29;37;55;58;59;47;69;65;47;61;49;55;50;51;50;40;46;30;39;40;39;35;38;39;41;31;41;24;24;28;32;35;42;38;30;31;29;32;25;26;23;25;26;16;20;9;8;16;10;10;4;2;0;3;0;3
110009;Trani;186;242;184;193;256;276;266;244;273;256;255;259;288;303;281;312;280;315;296;275;299;309;290;316;307;310;293;296;310;303;310;322;328;347;325;311;335;348;395;392;408;460;404;416;454;419;444;430;418;469;425;471;451;433;418;367;432;397;392;313;326;350;318;311;321;334;327;335;359;298;274;226;213;245;241;241;206;220;210;187;207;195;165;150;140;124;119;110;76;76;72;63;37;33;29;20;13;4;5;4;10
110010;Trinitapoli;68;68;66;64;67;96;85;74;75;77;88;74;100;71;80;77;99;89;96;91;99;95;74;97;92;103;96;91;96;61;86;83;66;70;85;86;102;99;103;109;103;107;117;99;114;114;118;93;104;101;97;93;98;96;92;82;91;86;97;76;78;87;81;89;81;70;100;83;88;99;60;63;57;62;45;52;63;50;54;36;46;39;53;39;39;50;31;31;22;24;19;20;4;11;8;8;3;3;1;0;1
;Totale;1423;1591;1604;1623;1687;1835;1857;1856;1910;1956;1957;2041;2049;2204;2159;2331;2192;2132;2254;2134;2206;2321;2212;2319;2334;2268;2286;2218;2222;2156;2078;2231;2216;2337;2293;2400;2485;2604;2767;2804;2832;3093;2964;2933;3021;3028;3228;2995;2975;3198;3011;3187;2911;2870;2711;2608;2611;2454;2485;2295;2303;2337;2156;2056;2212;2166;2176;2348;2226;2236;1772;1683;1622;1681;1596;1727;1635;1526;1544;1334;1373;1302;1192;1105;1056;941;837;726;673;546;446;383;322;225;183;158;64;35;33;26;38

"Ricostruzione della popolazione intercensuaria - Popolazione al 1° gennaio per età"
"Cittadinanza italiana - Anno: 2017 - Provincia: Barletta-Andria-Trani"
Territorio/Età;;0;1;2;3;4;5;6;7;8;9;10;11;12;13;14;15;16;17;18;19;20;21;22;23;24;25;26;27;28;29;30;31;32;33;34;35;36;37;38;39;40;41;42;43;44;45;46;47;48;49;50;51;52;53;54;55;56;57;58;59;60;61;62;63;64;65;66;67;68;69;70;71;72;73;74;75;76;77;78;79;80;81;82;83;84;85;86;87;88;89;90;91;92;93;94;95;96;97;98;99;100
Codice comune;Comune;Totale
110001;Andria;828;815;896;957;889;996;1039;1093;1051;1037;1047;1144;1123;1168;1227;1196;1237;1268;1188;1240;1182;1192;1257;1232;1268;1288;1219;1225;1216;1186;1206;1140;1229;1146;1246;1267;1314;1344;1432;1462;1540;1549;1598;1530;1486;1623;1625;1631;1530;1581;1519;1417;1538;1340;1384;1389;1243;1278;1224;1215;1097;1038;1032;973;988;999;994;1063;1114;945;1034;757;760;757;752;708;752;711;654;647;523;509;477;422;413;368;332;249;219;230;152;137;82;80;50;45;34;11;12;7;9
110002;Barletta;788;746;787;748;827;858;831;848;903;1011;1023;994;1102;1031;1095;1123;1186;1182;1082;1086;1124;1084;1131;1073;1172;1150;1147;1124;1079;1100;1071;1017;1071;1112;1044;1133;1178;1190;1294;1356;1316;1354;1446;1406;1480;1471;1449;1492;1474;1443;1492;1467;1461;1357;1348;1261;1236;1225;1118;1175;1099;1084;1075;1023;917;990;1003;946;1108;1027;1037;837;751;753;745;747;776;707;608;650;526;557;497;454;392;398;317;288;232;244;155;103;105;75;53;47;29;15;20;8;9
110003;Bisceglie;473;448;437;470;520;485;547;523;555;522;581;519;633;589;626;531;575;592;546;608;541;579;593;578;643;611;620;593;593;601;608;578;559;649;642;668;692;701;733;794;835;784;848;846;820;912;851;900;928;922;969;890;952;912;845;749;744;688;682;682;671;637;672;617;581;653;610;589;596;585;578;489;442;457;462;407;482;389;370;391;348;321;306;265;285;246;190;184;147;116;105;68;79;54;42;19;27;7;5;5;8
110004;Canosa di Puglia;176;207;202;240;207;239;251;271;283;306;312;317;257;300;302;334;372;302;338;354;376;362;373;361;386;338;316;372;322;305;317;255;307;288;332;308;344;364;405;386;421;424;448;437;467;450;468;488;491;456;461;487;518;446;397;413;396;409;354;360;347;373;359;354;331;305;347;345;383;375;352;304;279;263;246;183;263;272;209;221;194;206;180;148;139;127;111;112;86;83;59;55;45;33;30;15;14;8;0;3;4
110005;Margherita di Savoia;73;77;69;79;99;75;89;94;94;102;105;90;95;109;125;112;125;111;113;129;132;120;162;142;133;167;135;133;147;142;119;109;129;90;123;102;113;114;144;164;122;157;165;147;176;168;163;184;181;179;204;191;183;230;160;169;187;168;144;156;140;144;150;125;146;125;158;151;169;132;161;126;113;102;111;135;127;114;102;101;92;93;82;73;71;78;54;49;43;36;33;32;25;24;10;3;10;5;2;2;3
110006;Minervino Murge;56;42;75;47;59;54;68;76;72;81;82;86;94;104;83;103;94;102;89;97;101;103;98;98;90;109;122;94;105;86;84;79;87;90;86;98;90;107;93;107;133;127;137;130;131;128;162;141;127;143;150;143;137;117;133;116;107;114;111;116;112;111;107;93;113;123;127;103;116;120;111;89;70;94;79;83;96;90;95;90;79;75;90;59;51;53;68;41;32;27;27;22;21;11;7;12;6;1;1;2;0
110007;San Ferdinando di Puglia;130;101;120;102;125;119;125;128;122;133;131;158;149;147;161;167;166;155;147;202;179;189;208;169;181;192;192;180;172;142;149;139;137;173;133;147;127;167;184;187;186;192;211;191;188;189;187;197;212;194;199;211;217;189;193;181;188;147;137;164;147;156;156;135;123;153;121;159;167;151;151;127;130;130;115;105;102;103;105;100;109;87;79;64;64;59;64;55;41;48;34;18;23;27;7;8;12;4;0;2;4
110008;Spinazzola;40;36;40;40;53;32;63;59;45;55;52;56;55;58;57;61;56;62;77;82;71;60;90;72;79;79;85;68;78;65;70;62;61;62;83;48;62;52;64;82;64;85;98;68;81;75;86;80;104;107;110;90;114;113;98;111;99;99;105;95;92;88;89;76;70;86;83;79;72;76;72;57;77;52;56;51;62;71;55;54;43;46;49;56;41;44;40;37;37;30;23;10;11;18;13;7;7;4;0;3;3
110009;Trani;401;393;477;392;436;493;557;533;521;573;529;547;546;586;600;566;622;605;619;620;601;611;640;602;630;642;655;629;636;627;649;612;650;649;707;649;678;697;713;787;763;802;883;842;825;870;830;863;863;856;900;856;908;885;878;836;755;827;716;745;646;697;646;628;590;603;624;624;650;652;585;508;453;410;458;428;472;384;377;382;309;349;316;253;267;227;186;176;157;101;93;84;71;48;36;35;15;14;3;5;13
110010;Trinitapoli;142;134;123;140;136;154;160;163;151;156;177;173;165;183;154;172;188;198;173;177;179;194;179;153;169;175;182;182;178;194;138;155;165;153;143;154;167;189;196;193;193;201;193;221;215;214;233;230;187;221;195;187;192;200;194;179;174;170;159;194;144;158;151;152;157;150;143;171;158;159;177;113;114;113;116;102;102;116;101;91;77;98;80;74;70;51;59;45;41;28;32;25;31;13;15;8;10;3;2;1;1
;Totale;3107;2999;3226;3215;3351;3505;3730;3788;3797;3976;4039;4084;4219;4275;4430;4365;4621;4577;4372;4595;4486;4494;4731;4480;4751;4751;4673;4600;4526;4448;4411;4146;4395;4412;4539;4574;4765;4925;5258;5518;5573;5675;6027;5818;5869;6100;6054;6206;6097;6102;6199;5939;6220;5789;5630;5404;5129;5125;4750;4902;4495;4486;4437;4176;4016;4187;4210;4230;4533;4222;4258;3407;3189;3131;3140;2949;3234;2957;2676;2727;2300;2341;2156;1868;1793;1651;1421;1236;1035;943;713;554;493;383;263;199;164;72;45;38;54
Territorio/Età;;0;1;2;3;4;5;6;7;8;9;10;11;12;13;14;15;16;17;18;19;20;21;22;23;24;25;26;27;28;29;30;31;32;33;34;35;36;37;38;39;40;41;42;43;44;45;46;47;48;49;50;51;52;53;54;55;56;57;58;59;60;61;62;63;64;65;66;67;68;69;70;71;72;73;74;75;76;77;78;79;80;81;82;83;84;85;86;87;88;89;90;91;92;93;94;95;96;97;98;99;100
Codice comune;Comune;Maschi
110001;Andria;437;436;459;495;455;515;534;545;535;533;547;618;557;614;617;609;617;669;620;664;616;633;636;608;651;662;617;625;620;590;599;574;570;579;588;620;655;673;740;747;735;788;791;737;754;834;788;769;802;780;738;702;721;656;704;659;613;632;590;618;542;501;508;484;482;478;484;515;543;474;499;376;384;376;335;329;352;329;292;283;221;221;185;156;177;137;120;100;71;95;49;39;26;21;18;12;9;0;3;2;2
110002;Barletta;412;366;391;364;430;478;413;418;474;546;507;498;582;554;552;561;576;619;564;538;606;547;572;533;612;597;625;590;550;594;548;547;570;576;511;563;560;599;669;688;707;678;722;698;760;741;714;704;758;759;741;715;737;700;657;642;597;600;542;602;525;521;512;491;473;463;504;473;551;475;499;387;347;364;359;352;361;324;279;317;239;252;232;184;146;172;113;93;96;89;52;32;33;22;14;16;7;5;7;2;2
110003;Bisceglie;245;244;238;212;261;257;293;293;288;261;315;278;333;293;322;272;272;292;276;310;273;277;311;299;345;312;321;289;337;308;304;262;291;324;334;334;357;328;370;386;414;388;411;419;391;459;429;452;481;480;451;444;471;461;397;404;356;370;338;326;348;316;340;293;274;311;309;292;293;276;273;254;189;230;214;188;226;176;155;180;159;123;132;117;116;100;84;69;64;50;46;25;30;15;10;8;5;2;0;1;3
110004;Canosa di Puglia;85;116;92;125;103;116;137;137;137;156;162;162;134;173;155;174;190;167;184;179;196;182;190;195;212;166;156;193;163;150;171;127;150;140;165;155;178;195;181;187;205;226;205;214;222;225;248;243;217;249;230;238;251;225;191;209;208;202;172;172;158;177;157;172;173;154;165;177;174;205;165;148;138;120;116;82;123;120;79;101;81;78;68;66;54;46;51;37;28;24;20;17;10;10;14;5;2;3;0;1;0
110005;Margherita di Savoia;39;45;35;41;50;43;46;53;45;53;63;49;52;51;63;67;68;50;64;63;77;55;90;72;64;84;84;61;72;66;62;57;66;48;55;70;55;56;64;82;68;75;73;70;83;89;84;89;98;81;106;89;93;111;72;87;88;82;73;72;69;60;66;54;76;61;70;73;82;60;90;57;53;50;59;64;62;59;56;33;42;50;33;30;29;38;22;15;16;12;11;14;6;9;3;0;5;1;1;2;1
110006;Minervino Murge;32;21;39;24;27;27;35;46;35;43;42;47;50;51;41;49;42;47;39;51;54;57;61;48;49;66;61;47;50;36;40;37;50;42;42;53;44;55;49;50;72;63;74;56;68;67;97;68;77;76;76;67;68;54;56;64;52;56;64;64;60;50;58;40;50;57;58;55;54;59;51;38;32;48;33;46;39;40;43;41;38;32;33;20;22;18;28;18;11;12;11;5;8;2;2;0;4;0;1;0;0
110007;San Ferdinando di Puglia;67;52;75;49;56;57;59;72;62;71;60;81;78;85;84;75;81;80;68;105;96;103;104;107;94;103;103;90;77;63;80;74;69;85;63;75;58;83;94;104;87;92;108;95;95;108;90;89;105;98;93;110;122;100;97;87;85;72;71;78;64;83;69;65;69;70;59;72;88;69;70;70;63;64;64;50;57;49;53;45;54;42;39;25;27;31;30;25;14;13;14;5;12;12;3;4;4;4;0;0;0
110008;Spinazzola;17;18;18;18;26;10;33;32;22;27;26;26;20;30;24;29;26;33;43;43;34;31;42;35;44;39;41;28;38;38;33;30;29;31;38;20;30;25;29;37;32;53;54;31;38;47;58;42;49;49;51;43;45;52;51;51;49;45;56;44;40;49;44;46;31;46;43;44;33;38;32;26;38;28;32;22;28;36;14;18;14;19;20;25;18;21;17;13;13;15;6;5;3;4;4;3;4;3;0;1;0
110009;Trani;197;211;245;200;238;235;282;264;277;298;271;290;285;299;295;285;311;324;308;323;329;314;336;314;317;338;350;338;348;318;351;307;333;324;360;319;363;358;369;396;368;394;429;434;413;417;409;417;436;437;434;432;440;432;449;419;390;396;320;355;338;373;296;315;278;284;289;297;320;299;291;238;228;199;217;189;235;181;161;175;131;151;128;105;122;100;75;73;60;39;26;24;21;16;9;17;3;3;0;3;1
110010;Trinitapoli;71;68;53;74;71;87;67;76;76;80;98;84;90;83;86;92;111;100;82;81;87;94;87;77;72;83;81;89;91;98;79;73;84;87;72;68;79;88;97;93;84;102;91;105;118;101;117;113;94;120;94;91;99;101;99;86;92;77;73;94;68;81;66;72;70;69;75;73;75;71;81;55;52;57;56;59;52;53;53;37;41;54;40;28;32;16;14;15;15;12;11;7;12;8;4;3;2;0;0;0;0
;Totale;1602;1577;1645;1602;1717;1825;1899;1936;1951;2068;2091;2133;2181;2233;2239;2213;2294;2381;2248;2357;2368;2293;2429;2288;2460;2450;2439;2350;2346;2261;2267;2088;2212;2236;2228;2277;2379;2460;2662;2770;2772;2859;2958;2859;2942;3088;3034;2986;3117;3129;3014;2931;3047;2892;2773;2708;2530;2532;2299;2425;2212;2211;2116;2032;1976;1993;2056;2071;2213;2026;2051;1649;1524;1536;1485;1381;1535;1367;1185;1230;1020;1022;910;756;743;679;554;458;388;361;246;173;161;119;81;68;45;21;12;12;9
Territorio/Età;;0;1;2;3;4;5;6;7;8;9;10;11;12;13;14;15;16;17;18;19;20;21;22;23;24;25;26;27;28;29;30;31;32;33;34;35;36;37;38;39;40;41;42;43;44;45;46;47;48;49;50;51;52;53;54;55;56;57;58;59;60;61;62;63;64;65;66;67;68;69;70;71;72;73;74;75;76;77;78;79;80;81;82;83;84;85;86;87;88;89;90;91;92;93;94;95;96;97;98;99;100
Codice comune;Comune;Femmine
110001;Andria;391;379;437;462;434;481;505;548;516;504;500;526;566;554;610;587;620;599;568;576;566;559;621;624;617;626;602;600;596;596;607;566;659;567;658;647;659;671;692;715;805;761;807;793;732;789;837;862;728;801;781;715;817;684;680;730;630;646;634;597;555;537;524;489;506;521;510;548;571;471;535;381;376;381;417;379;400;382;362;364;302;288;292;266;236;231;212;149;148;135;103;98;56;59;32;33;25;11;9;5;7
110002;Barletta;376;380;396;384;397;380;418;430;429;465;516;496;520;477;543;562;610;563;518;548;518;537;559;540;560;553;522;534;529;506;523;470;501;536;533;570;618;591;625;668;609;676;724;708;720;730;735;788;716;684;751;752;724;657;691;619;639;625;576;573;574;563;563;532;444;527;499;473;557;552;538;450;404;389;386;395;415;383;329;333;287;305;265;270;246;226;204;195;136;155;103;71;72;53;39;31;22;10;13;6;7
110003;Bisceglie;228;204;199;258;259;228;254;230;267;261;266;241;300;296;304;259;303;300;270;298;268;302;282;279;298;299;299;304;256;293;304;316;268;325;308;334;335;373;363;408;421;396;437;427;429;453;422;448;447;442;518;446;481;451;448;345;388;318;344;356;323;321;332;324;307;342;301;297;303;309;305;235;253;227;248;219;256;213;215;211;189;198;174;148;169;146;106;115;83;66;59;43;49;39;32;11;22;5;5;4;5
110004;Canosa di Puglia;91;91;110;115;104;123;114;134;146;150;150;155;123;127;147;160;182;135;154;175;180;180;183;166;174;172;160;179;159;155;146;128;157;148;167;153;166;169;224;199;216;198;243;223;245;225;220;245;274;207;231;249;267;221;206;204;188;207;182;188;189;196;202;182;158;151;182;168;209;170;187;156;141;143;130;101;140;152;130;120;113;128;112;82;85;81;60;75;58;59;39;38;35;23;16;10;12;5;0;2;4
110005;Margherita di Savoia;34;32;34;38;49;32;43;41;49;49;42;41;43;58;62;45;57;61;49;66;55;65;72;70;69;83;51;72;75;76;57;52;63;42;68;32;58;58;80;82;54;82;92;77;93;79;79;95;83;98;98;102;90;119;88;82;99;86;71;84;71;84;84;71;70;64;88;78;87;72;71;69;60;52;52;71;65;55;46;68;50;43;49;43;42;40;32;34;27;24;22;18;19;15;7;3;5;4;1;0;2
110006;Minervino Murge;24;21;36;23;32;27;33;30;37;38;40;39;44;53;42;54;52;55;50;46;47;46;37;50;41;43;61;47;55;50;44;42;37;48;44;45;46;52;44;57;61;64;63;74;63;61;65;73;50;67;74;76;69;63;77;52;55;58;47;52;52;61;49;53;63;66;69;48;62;61;60;51;38;46;46;37;57;50;52;49;41;43;57;39;29;35;40;23;21;15;16;17;13;9;5;12;2;1;0;2;0
110007;San Ferdinando di Puglia;63;49;45;53;69;62;66;56;60;62;71;77;71;62;77;92;85;75;79;97;83;86;104;62;87;89;89;90;95;79;69;65;68;88;70;72;69;84;90;83;99;100;103;96;93;81;97;108;107;96;106;101;95;89;96;94;103;75;66;86;83;73;87;70;54;83;62;87;79;82;81;57;67;66;51;55;45;54;52;55;55;45;40;39;37;28;34;30;27;35;20;13;11;15;4;4;8;0;0;2;4
110008;Spinazzola;23;18;22;22;27;22;30;27;23;28;26;30;35;28;33;32;30;29;34;39;37;29;48;37;35;40;44;40;40;27;37;32;32;31;45;28;32;27;35;45;32;32;44;37;43;28;28;38;55;58;59;47;69;61;47;60;50;54;49;51;52;39;45;30;39;40;40;35;39;38;40;31;39;24;24;29;34;35;41;36;29;27;29;31;23;23;23;24;24;15;17;5;8;14;9;4;3;1;0;2;3
110009;Trani;204;182;232;192;198;258;275;269;244;275;258;257;261;287;305;281;311;281;311;297;272;297;304;288;313;304;305;291;288;309;298;305;317;325;347;330;315;339;344;391;395;408;454;408;412;453;421;446;427;419;466;424;468;453;429;417;365;431;396;390;308;324;350;313;312;319;335;327;330;353;294;270;225;211;241;239;237;203;216;207;178;198;188;148;145;127;111;103;97;62;67;60;50;32;27;18;12;11;3;2;12
110010;Trinitapoli;71;66;70;66;65;67;93;87;75;76;79;89;75;100;68;80;77;98;91;96;92;100;92;76;97;92;101;93;87;96;59;82;81;66;71;86;88;101;99;100;109;99;102;116;97;113;116;117;93;101;101;96;93;99;95;93;82;93;86;100;76;77;85;80;87;81;68;98;83;88;96;58;62;56;60;43;50;63;48;54;36;44;40;46;38;35;45;30;26;16;21;18;19;5;11;5;8;3;2;1;1
;Totale;1505;1422;1581;1613;1634;1680;1831;1852;1846;1908;1948;1951;2038;2042;2191;2152;2327;2196;2124;2238;2118;2201;2302;2192;2291;2301;2234;2250;2180;2187;2144;2058;2183;2176;2311;2297;2386;2465;2596;2748;2801;2816;3069;2959;2927;3012;3020;3220;2980;2973;3185;3008;3173;2897;2857;2696;2599;2593;2451;2477;2283;2275;2321;2144;2040;2194;2154;2159;2320;2196;2207;1758;1665;1595;1655;1568;1699;1590;1491;1497;1280;1319;1246;1112;1050;972;867;778;647;582;467;381;332;264;182;131;119;51;33;26;45

"Ricostruzione della popolazione intercensuaria - Popolazione al 1° gennaio per età"
"Cittadinanza italiana - Anno: 2018 - Provincia: Barletta-Andria-Trani"
Territorio/Età;;0;1;2;3;4;5;6;7;8;9;10;11;12;13;14;15;16;17;18;19;20;21;22;23;24;25;26;27;28;29;30;31;32;33;34;35;36;37;38;39;40;41;42;43;44;45;46;47;48;49;50;51;52;53;54;55;56;57;58;59;60;61;62;63;64;65;66;67;68;69;70;71;72;73;74;75;76;77;78;79;80;81;82;83;84;85;86;87;88;89;90;91;92;93;94;95;96;97;98;99;100
Codice comune;Comune;Totale
110001;Andria;802;827;808;892;956;883;996;1033;1093;1043;1037;1044;1137;1118;1164;1220;1192;1229;1267;1186;1230;1176;1174;1238;1216;1249;1250;1207;1199;1198;1161;1196;1116;1212;1131;1233;1265;1299;1337;1423;1454;1534;1543;1588;1522;1478;1615;1613;1628;1523;1577;1513;1408;1531;1332;1371;1383;1235;1273;1217;1209;1090;1032;1024;965;975;988;982;1052;1093;937;1015;746;734;741;733;692;729;685;624;621;493;487;453;392;376;336;301;207;192;198;127;106;63;62;39;36;18;7;10;9
110002;Barletta;721;789;749;793;747;825;861;842;845;905;1010;1026;989;1104;1027;1088;1121;1183;1177;1083;1078;1119;1072;1125;1059;1157;1123;1127;1093;1053;1077;1057;1015;1060;1097;1043;1120;1180;1186;1281;1343;1315;1343;1442;1407;1476;1468;1446;1483;1467;1442;1491;1456;1460;1351;1345;1257;1231;1225;1109;1163;1094;1074;1072;1016;910;982;986;934;1094;1009;1019;827;736;739;727;728;745;691;583;627;496;526;454;424;364;361;283;248;194;200;132;86;77;57;41;32;16;10;10;10
110003;Bisceglie;432;480;449;437;466;520;484;548;519;561;523;580;519;636;585;624;528;574;594;545;607;541;574;587;582;636;606;616;587;593;591;602;585;561;656;627;659;691;700;734;791;835;771;849;844;815;904;841;899;919;912;971;894;943;908;841;748;745;685;680;678;667;640;662;613;578;648;601;583;588;576;576;480;441;453;453;397;470;381;359;384;333;302;287;249;266;217;168;159;129;94;89;52;61;42;31;13;18;5;4;12
110004;Canosa di Puglia;211;182;201;203;240;206;235;249;268;277;302;307;310;255;297;302;331;369;301;332;349;370;358;365;354;381;328;296;357;311;303;305;245;301;282;322;309;342;357;400;383;423;421;444;432;460;446;462;484;489;451;461;483;511;439;388;407;395;402;354;358;348;368;358;348;329;305;342;340;376;361;349;296;271;250;237;178;249;270;200;204;185;191;168;134;120;122;94;96;73;72;42;52;41;27;24;8;11;7;0;2
110005;Margherita di Savoia;75;75;80;70;79;98;75;91;95;94;102;100;90;97;109;124;113;125;110;111;130;128;121;159;142;127;159;126;132;146;132;114;107;125;92;118;101;113;114;148;160;125;158;164;143;175;166;159;185;178;177;205;188;183;228;160;169;187;168;146;152;139;142;152;125;142;122;157;149;171;124;161;127;110;102;111;135;125;107;98;94;90;90;76;71;65;73;45;46;37;26;27;25;17;20;9;3;6;4;1;4
110006;Minervino Murge;57;56;42;75;48;60;55;67;77;73;80;81;86;95;103;83;102;94;101;87;97;100;101;95;98;89;102;120;93;102;83;83;78;86;86;84;95;90;106;93;106;132;126;134;128;129;127;161;139;128;142;145;142;136;115;131;114;108;115;110;113;111;108;105;92;113;122;125;103;114;117;109;87;70;91;79;80;89;83;87;86;77;74;86;54;46;44;60;35;28;24;22;21;16;8;5;8;4;1;1;1
110007;San Ferdinando di Puglia;116;126;97;122;100;126;117;124;127;120;130;128;157;148;145;160;165;162;157;142;201;176;186;201;163;176;187;181;174;161;137;145;133;132;166;131;143;127;168;180;188;185;188;209;190;186;188;183;196;211;193;198;211;214;187;189;181;186;146;135;162;144;154;154;131;117;150;119;156;159;149;150;124;122;126;114;103;96;101;96;97;101;82;72;58;58;53;57;50;37;41;30;19;20;19;7;6;10;4;0;5
110008;Spinazzola;43;39;37;38;40;52;33;62;58;46;56;52;53;54;54;59;60;56;61;77;80;69;61;88;71;74;75;82;62;72;66;69;59;57;64;79;43;59;50;60;82;64;83;98;67;80;75;85;79;101;105;110;91;114;114;95;111;98;97;105;96;91;86;90;73;71;85;81;79;71;74;71;57;75;53;55;49;61;68;52;52;41;47;45;55;39;44;34;33;31;22;15;9;11;16;13;3;6;3;0;3
110009;Trani;404;404;389;460;404;449;500;556;538;529;573;535;548;548;588;601;569;621;609;622;614;596;613;636;603;621;639;651;606;611;621;641;609;655;647;706;649;684;699;718;790;753;807;886;839;825;868;822;872;870;851;896;858;902;884;876;832;752;822;716;744;643;694;642;626;589;601;613;617;639;650;570;501;452;401;445;413;454;361;363;363;292;336;299;234;235;204;157;151;134;87;77;66;55;34;27;24;12;10;2;9
110010;Trinitapoli;126;140;129;122;140;134;152;159;164;151;153;174;170;165;179;153;173;188;199;173;170;178;193;178;146;167;172;175;176;175;190;138;150;155;148;148;151;167;191;197;196;192;202;191;223;212;212;231;228;191;223;192;188;188;201;193;178;174;170;160;192;142;160;151;150;156;149;140;169;157;158;174;113;111;114;115;102;98;109;96;88;79;95;72;66;66;44;54;39;31;24;25;19;28;7;10;7;8;1;1;2
;Totale;2987;3118;2981;3212;3220;3353;3508;3731;3784;3799;3966;4027;4059;4220;4251;4414;4354;4601;4576;4358;4556;4453;4453;4672;4434;4677;4641;4581;4479;4422;4361;4350;4097;4344;4369;4491;4535;4752;4908;5234;5493;5558;5642;6005;5795;5836;6069;6003;6193;6077;6073;6182;5919;6182;5759;5589;5380;5111;5103;4732;4867;4469;4458;4410;4139;3980;4152;4146;4182;4462;4155;4194;3358;3122;3070;3069;2877;3116;2856;2558;2616;2187;2230;2012;1737;1635;1498;1253;1064;886;788;586;455;389;292;206;140;109;52;29;57
Territorio/Età;;0;1;2;3;4;5;6;7;8;9;10;11;12;13;14;15;16;17;18;19;20;21;22;23;24;25;26;27;28;29;30;31;32;33;34;35;36;37;38;39;40;41;42;43;44;45;46;47;48;49;50;51;52;53;54;55;56;57;58;59;60;61;62;63;64;65;66;67;68;69;70;71;72;73;74;75;76;77;78;79;80;81;82;83;84;85;86;87;88;89;90;91;92;93;94;95;96;97;98;99;100
Codice comune;Comune;Maschi
110001;Andria;407;433;432;458;497;450;513;529;545;533;532;546;614;556;614;611;606;614;668;617;656;613;625;624;603;641;642;608;614;606;573;593;563;561;570;581;618;643;673;737;745;733;784;785;739;750;831;785;766;800;777;733;695;717;654;697;654;609;631;586;613;537;498;503;479;478;470;474;509;533;466;490;367;369;369;328;321;339;314;275;267;209;212;173;146;164;126;105;81;62;80;42;29;17;16;13;10;3;0;2;3
110002;Barletta;354;416;367;395;365;432;478;419;417;474;545;507;497;585;550;550;559;577;615;562;533;603;538;564;530;607;581;618;572;536;580;538;552;555;566;506;551;568;596;659;678;709;672;719;698;758;735;712;702;752;757;740;710;738;699;657;640;594;600;538;594;521;514;509;489;467;459;499;464;541;465;486;384;336;358;349;346;343;318;270;299;225;238;211;169;136;155;92;76;80;67;42;21;21;15;7;8;5;4;4;0
110003;Bisceglie;226;248;246;244;208;263;258;292;293;290;263;313;278;334;289;322;272;272;294;274;309;275;274;309;303;337;309;320;284;333;304;299;263;289;329;328;328;360;323;375;382;418;384;412;415;387;456;422;452;474;475;454;450;467;458;396;400;356;368;336;327;344;317;332;289;273;307;302;288;291;274;273;246;187;227;209;187;217;168;149;174;151;115;118;107;115;85;74;62;59;39;33;18;23;13;5;4;3;2;0;4
110004;Canosa di Puglia;123;89;111;93;127;102;116;135;135;137;151;158;157;133;169;155;172;188;165;180;176;191;181;183;191;208;160;150;188;159;150;166;124;146;140;160;157;175;194;182;184;209;224;204;209;220;221;245;242;215;246;230;236;245;220;186;205;208;197;172;172;158;173;157;170;172;154;163;173;171;195;163;143;134;114;110;79;116;117;77;87;76;68;65;57;48;43;41;32;24;21;15;17;7;8;10;2;3;2;0;1
110005;Margherita di Savoia;40;38;47;34;41;49;42;48;54;45;53;58;48;54;49;63;67;67;50;63;62;75;54;89;71;62;80;78;61;69;60;61;58;65;50;52;69;55;58;68;78;66;77;73;68;83;88;81;90;97;79;104;87;94;110;72;87;88;83;74;71;67;58;67;54;75;59;70;71;83;56;90;59;53;50;60;65;63;52;53;30;40;45;30;29;25;37;19;15;13;9;8;11;4;5;3;0;3;1;1;3
110006;Minervino Murge;30;32;21;39;25;29;27;34;47;36;43;42;47;51;50;42;49;42;47;38;51;52;55;58;48;48;60;61;46;46;36;40;37;48;41;41;52;44;54;48;50;71;63;72;54;66;67;95;67;79;75;74;66;67;53;56;64;53;57;63;63;59;47;56;40;50;56;57;56;53;57;50;37;32;45;34;45;34;36;40;38;38;31;31;17;16;15;24;14;9;10;9;5;5;1;2;0;2;0;1;0
110007;San Ferdinando di Puglia;59;62;49;75;48;56;56;59;72;61;69;59;82;78;85;83;74;79;82;68;104;95;100;101;103;92;102;99;90;70;59;77;71;65;82;61;74;58;84;91;104;87;91;106;95;94;108;90;88;104;98;91;110;120;98;96;86;85;71;70;76;62;82;68;62;66;69;58;71;83;69;69;68;59;63;63;47;55;47;47;43;51;38;34;19;24;27;27;21;12;12;13;6;10;8;4;2;3;4;0;0
110008;Spinazzola;18;16;19;17;18;24;10;32;32;22;27;26;23;19;27;25;28;26;32;43;43;34;31;43;33;39;39;39;24;38;39;32;29;27;31;38;20;28;25;27;37;30;51;54;31;38;47;58;42;49;47;51;44;45;52;51;51;48;43;56;45;39;48;45;43;32;46;41;44;32;36;32;26;37;28;31;22;28;33;13;17;13;20;19;26;16;21;14;11;12;12;4;4;4;3;4;2;4;2;0;0
110009;Trani;223;201;210;233;206;247;239;283;266;280;297;272;290;284;298;297;286;309;327;312;321;325;313;336;313;315;336;346;321;335;320;347;308;335;322;359;321;365;356;371;398;365;393;429;433;411;412;404;424;441;438;431;431;437;430;448;418;390;391;320;353;336;371;292;313;275;284;285;292;308;295;285;237;228;195;209;177;227;166;154;164;120;145;121;98;107;88;57;62;55;30;19;17;14;12;6;12;2;3;0;3
110010;Trinitapoli;68;70;66;53;75;69;85;66;75;76;78;96;83;90;81;85;93;112;99;82;79;84;92;85;73;72;83;79;85;92;95;79;70;82;85;75;67;79;88;98;97;83;103;91;107;114;100;116;113;96;120;93;92;95;103;98;86;91;77;74;93;66;83;66;69;69;68;73;73;75;71;79;56;51;57;56;57;49;49;49;36;42;52;35;24;29;12;14;13;11;10;10;4;9;3;1;1;2;0;0;0
;Totale;1548;1605;1568;1641;1610;1721;1824;1897;1936;1954;2058;2077;2119;2184;2212;2233;2206;2286;2379;2239;2334;2347;2263;2392;2268;2421;2392;2398;2285;2284;2216;2232;2075;2173;2216;2201;2257;2375;2451;2656;2753;2771;2842;2945;2849;2921;3065;3008;2986;3107;3112;3001;2921;3025;2877;2757;2691;2522;2518;2289;2407;2189;2191;2095;2008;1957;1972;2022;2041;2170;1984;2017;1623;1486;1506;1449;1346;1471;1300;1127;1155;965;964;837;692;680;609;467;387;337;290;195;132;114;84;55;41;30;18;8;14
Territorio/Età;;0;1;2;3;4;5;6;7;8;9;10;11;12;13;14;15;16;17;18;19;20;21;22;23;24;25;26;27;28;29;30;31;32;33;34;35;36;37;38;39;40;41;42;43;44;45;46;47;48;49;50;51;52;53;54;55;56;57;58;59;60;61;62;63;64;65;66;67;68;69;70;71;72;73;74;75;76;77;78;79;80;81;82;83;84;85;86;87;88;89;90;91;92;93;94;95;96;97;98;99;100
Codice comune;Comune;Femmine
110001;Andria;395;394;376;434;459;433;483;504;548;510;505;498;523;562;550;609;586;615;599;569;574;563;549;614;613;608;608;599;585;592;588;603;553;651;561;652;647;656;664;686;709;801;759;803;783;728;784;828;862;723;800;780;713;814;678;674;729;626;642;631;596;553;534;521;486;497;518;508;543;560;471;525;379;365;372;405;371;390;371;349;354;284;275;280;246;212;210;196;126;130;118;85;77;46;46;26;26;15;7;8;6
110002;Barletta;367;373;382;398;382;393;383;423;428;431;465;519;492;519;477;538;562;606;562;521;545;516;534;561;529;550;542;509;521;517;497;519;463;505;531;537;569;612;590;622;665;606;671;723;709;718;733;734;781;715;685;751;746;722;652;688;617;637;625;571;569;573;560;563;527;443;523;487;470;553;544;533;443;400;381;378;382;402;373;313;328;271;288;243;255;228;206;191;172;114;133;90;65;56;42;34;24;11;6;6;10
110003;Bisceglie;206;232;203;193;258;257;226;256;226;271;260;267;241;302;296;302;256;302;300;271;298;266;300;278;279;299;297;296;303;260;287;303;322;272;327;299;331;331;377;359;409;417;387;437;429;428;448;419;447;445;437;517;444;476;450;445;348;389;317;344;351;323;323;330;324;305;341;299;295;297;302;303;234;254;226;244;210;253;213;210;210;182;187;169;142;151;132;94;97;70;55;56;34;38;29;26;9;15;3;4;8
110004;Canosa di Puglia;88;93;90;110;113;104;119;114;133;140;151;149;153;122;128;147;159;181;136;152;173;179;177;182;163;173;168;146;169;152;153;139;121;155;142;162;152;167;163;218;199;214;197;240;223;240;225;217;242;274;205;231;247;266;219;202;202;187;205;182;186;190;195;201;178;157;151;179;167;205;166;186;153;137;136;127;99;133;153;123;117;109;123;103;77;72;79;53;64;49;51;27;35;34;19;14;6;8;5;0;1
110005;Margherita di Savoia;35;37;33;36;38;49;33;43;41;49;49;42;42;43;60;61;46;58;60;48;68;53;67;70;71;65;79;48;71;77;72;53;49;60;42;66;32;58;56;80;82;59;81;91;75;92;78;78;95;81;98;101;101;89;118;88;82;99;85;72;81;72;84;85;71;67;63;87;78;88;68;71;68;57;52;51;70;62;55;45;64;50;45;46;42;40;36;26;31;24;17;19;14;13;15;6;3;3;3;0;1
110006;Minervino Murge;27;24;21;36;23;31;28;33;30;37;37;39;39;44;53;41;53;52;54;49;46;48;46;37;50;41;42;59;47;56;47;43;41;38;45;43;43;46;52;45;56;61;63;62;74;63;60;66;72;49;67;71;76;69;62;75;50;55;58;47;50;52;61;49;52;63;66;68;47;61;60;59;50;38;46;45;35;55;47;47;48;39;43;55;37;30;29;36;21;19;14;13;16;11;7;3;8;2;1;0;1
110007;San Ferdinando di Puglia;57;64;48;47;52;70;61;65;55;59;61;69;75;70;60;77;91;83;75;74;97;81;86;100;60;84;85;82;84;91;78;68;62;67;84;70;69;69;84;89;84;98;97;103;95;92;80;93;108;107;95;107;101;94;89;93;95;101;75;65;86;82;72;86;69;51;81;61;85;76;80;81;56;63;63;51;56;41;54;49;54;50;44;38;39;34;26;30;29;25;29;17;13;10;11;3;4;7;0;0;5
110008;Spinazzola;25;23;18;21;22;28;23;30;26;24;29;26;30;35;27;34;32;30;29;34;37;35;30;45;38;35;36;43;38;34;27;37;30;30;33;41;23;31;25;33;45;34;32;44;36;42;28;27;37;52;58;59;47;69;62;44;60;50;54;49;51;52;38;45;30;39;39;40;35;39;38;39;31;38;25;24;27;33;35;39;35;28;27;26;29;23;23;20;22;19;10;11;5;7;13;9;1;2;1;0;3
110009;Trani;181;203;179;227;198;202;261;273;272;249;276;263;258;264;290;304;283;312;282;310;293;271;300;300;290;306;303;305;285;276;301;294;301;320;325;347;328;319;343;347;392;388;414;457;406;414;456;418;448;429;413;465;427;465;454;428;414;362;431;396;391;307;323;350;313;314;317;328;325;331;355;285;264;224;206;236;236;227;195;209;199;172;191;178;136;128;116;100;89;79;57;58;49;41;22;21;12;10;7;2;6
110010;Trinitapoli;58;70;63;69;65;65;67;93;89;75;75;78;87;75;98;68;80;76;100;91;91;94;101;93;73;95;89;96;91;83;95;59;80;73;63;73;84;88;103;99;99;109;99;100;116;98;112;115;115;95;103;99;96;93;98;95;92;83;93;86;99;76;77;85;81;87;81;67;96;82;87;95;57;60;57;59;45;49;60;47;52;37;43;37;42;37;32;40;26;20;14;15;15;19;4;9;6;6;1;1;2
;Totale;1439;1513;1413;1571;1610;1632;1684;1834;1848;1845;1908;1950;1940;2036;2039;2181;2148;2315;2197;2119;2222;2106;2190;2280;2166;2256;2249;2183;2194;2138;2145;2118;2022;2171;2153;2290;2278;2377;2457;2578;2740;2787;2800;3060;2946;2915;3004;2995;3207;2970;2961;3181;2998;3157;2882;2832;2689;2589;2585;2443;2460;2280;2267;2315;2131;2023;2180;2124;2141;2292;2171;2177;1735;1636;1564;1620;1531;1645;1556;1431;1461;1222;1266;1175;1045;955;889;786;677;549;498;391;323;275;208;151;99;79;34;21;43

"Ricostruzione della popolazione intercensuaria - Popolazione al 1° gennaio per età"
"Cittadinanza italiana - Anno: 2019 - Provincia: Barletta-Andria-Trani"
Territorio/Età;;0;1;2;3;4;5;6;7;8;9;10;11;12;13;14;15;16;17;18;19;20;21;22;23;24;25;26;27;28;29;30;31;32;33;34;35;36;37;38;39;40;41;42;43;44;45;46;47;48;49;50;51;52;53;54;55;56;57;58;59;60;61;62;63;64;65;66;67;68;69;70;71;72;73;74;75;76;77;78;79;80;81;82;83;84;85;86;87;88;89;90;91;92;93;94;95;96;97;98;99;100
Codice comune;Comune;Totale
110001;Andria;746;797;821;811;886;957;879;997;1028;1084;1041;1036;1040;1131;1119;1161;1218;1189;1225;1269;1180;1227;1161;1165;1216;1194;1218;1239;1187;1179;1180;1154;1187;1104;1193;1116;1223;1255;1290;1328;1408;1443;1522;1539;1577;1516;1474;1614;1600;1614;1519;1565;1504;1400;1525;1329;1363;1377;1226;1264;1208;1199;1078;1024;1011;956;963;978;972;1040;1086;926;998;732;714;727;716;661;713;666;601;585;477;449;423;358;340;299;268;183;161;160;101;95;52;48;29;30;11;4;10
110002;Barletta;691;725;785;755;801;758;822;874;845;846;904;1008;1028;994;1104;1026;1089;1123;1181;1176;1087;1087;1114;1070;1112;1051;1143;1098;1098;1092;1040;1074;1051;1014;1051;1090;1034;1124;1175;1190;1286;1342;1326;1341;1446;1403;1476;1475;1441;1481;1466;1435;1486;1454;1456;1348;1333;1251;1221;1218;1105;1157;1082;1065;1064;1006;904;974;967;921;1085;993;1009;804;728;723;713;703;723;669;559;605;477;496;420;391;330;322;255;216;162;161;106;71;62;43;28;21;13;5;14
110003;Bisceglie;434;432;470;449;437;461;517;487;547;519;558;525;578;512;635;585;624;525;575;595;539;604;536;574;581;571;629;603;607;592;583;589;604;583;556;648;630;661;691;695;732;789;829;764;842;841;813;905;845;900;915;916;966;901;934;902;832;744;741;680;675;677;669;636;661;610;576;645;593;573;578;569;572;467;428;446;441;391;458;366;335;362;308;286;257;233;246;198;148;145;110;82;77;46;44;32;23;10;11;4;9
110004;Canosa di Puglia;178;204;179;196;202;236;204;233;248;266;274;298;302;312;254;294;299;325;367;301;330;341;365;346;352;335;362;323;280;334;303;288;285;242;292;274;321;306;333;355;397;379;422;416;434;429;453;441;460;483;478;448;454;480;504;438;390;402;393;397;348;355;344;359;354;344;330;307;337;342;374;354;342;285;263;243;231;178;238;261;188;192;179;186;160;125;109;112;81;80;66;65;35;45;29;19;20;7;9;6;1
110005;Margherita di Savoia;69;74;74;77;70;76;95;76;91;95;95;101;101;90;95;110;126;114;126;109;110;125;126;117;158;141;125;155;128;131;133;131;112;102;127;89;116;99;111;114;145;165;126;161;166;146;174;167;155;183;175;175;206;189;182;226;160;167;184;172;147;153;137;141;153;125;139;125;157;144;171;125;153;128;109;98;107;130;122;104;93;93;87;88;66;67;61;65;43;40;27;23;22;18;15;17;8;1;4;3;4
110006;Minervino Murge;54;57;55;43;73;49;58;52;66;77;71;81;80;85;95;101;83;102;94;101;87;96;98;100;95;95;87;95;114;89;99;83;79;71;83;86;81;95;86;107;93;108;131;122;134;124;129;125;158;137;129;141;144;137;139;111;130;115;107;114;111;108;108;106;104;92;115;122;122;103;110;114;105;84;68;90;78;80;87;78;82;81;73;69;81;49;43;39;52;26;21;20;16;16;13;8;3;6;3;1;2
110007;San Ferdinando di Puglia;106;119;124;98;122;97;125;110;118;123;120;126;126;157;147;140;158;163;161;155;140;199;169;177;199;156;173;186;171;165;153;135;141;130;129;162;128;142;125;163;179;185;179;187;206;184;181;185;179;194;210;192;198;209;213;185;189;180;182;141;135;159;139;151;150;128;116;148;116;150;156;145;146;120;118;121;105;97;88;95;93;88;92;75;67;52;55;48;49;40;31;34;22;13;15;12;7;5;7;1;2
110008;Spinazzola;39;43;38;40;38;40;52;33;62;56;47;58;52;53;54;56;57;61;55;61;77;73;68;60;84;68;73;74;79;62;68;63;65;58;57;62;76;42;58;50;61;80;65;82;95;69;79;76;85;81;100;101;113;88;112;113;93;109;98;97;103;96;90;87;88;72;69;84;82;79;69;75;70;57;74;50;52;45;59;61;51;44;41;44;37;52;35;40;34;28;28;19;13;6;9;12;10;2;2;1;2
110009;Trani;398;406;404;389;433;420;462;499;554;542;527;566;534;550;549;590;599;575;625;607;623;612;595;606;626;591;604;616;639;589;601;607;641;611;648;654;703;646;687;700;714;796;749;810;889;833;826;872;821;877;865;850;885;855;897;873;874;839;748;821;716;741;638;696;641;619;590;590;610;609;633;646;564;491;434;386;438;408;435;351;352;347;276;310;284;219;212;181;134;128;119;71;67;49;40;26;17;19;10;6;9
110010;Trinitapoli;116;116;143;127;122;143;134;150;155;165;149;145;177;169;162;175;153;170;189;197;172;165;174;191;168;142;167;167;167;170;172;185;134;149;149;148;144;154;164;191;193;193;187;200;190;219;216;212;231;224;191;221;189;187;188;197;193;175;174;170;159;190;140;159;150;148;153;145;137;164;156;156;171;110;107;109;113;96;98;104;92;81;74;88;70;63;58;39;52;33;27;17;20;16;16;6;5;6;5;1;1
;Totale;2831;2973;3093;2985;3184;3237;3348;3511;3714;3773;3786;3944;4018;4053;4214;4238;4406;4347;4598;4571;4345;4529;4406;4406;4591;4344;4581;4556;4470;4403;4332;4309;4299;4064;4285;4329;4456;4524;4720;4893;5208;5480;5536;5622;5979;5764;5821;6072;5975;6174;6048;6044;6145;5900;6150;5722;5557;5359;5074;5074;4707;4835;4425;4424;4376;4100;3955;4118;4093;4125;4418;4103;4130;3278;3043;2993;2994;2789;3021;2755;2446;2478;2084;2091;1865;1609;1489;1343;1116;919;752;652;479;375;295;223;150;107;75;32;54
Territorio/Età;;0;1;2;3;4;5;6;7;8;9;10;11;12;13;14;15;16;17;18;19;20;21;22;23;24;25;26;27;28;29;30;31;32;33;34;35;36;37;38;39;40;41;42;43;44;45;46;47;48;49;50;51;52;53;54;55;56;57;58;59;60;61;62;63;64;65;66;67;68;69;70;71;72;73;74;75;76;77;78;79;80;81;82;83;84;85;86;87;88;89;90;91;92;93;94;95;96;97;98;99;100
Codice comune;Comune;Maschi
110001;Andria;397;404;431;439;457;496;450;516;526;538;531;529;542;614;557;612;610;606;612;669;616;660;604;616;610;591;633;631;596;604;597;569;592;559;557;565;577;612;636;666;729;740;728;777;778;735;747;830;776;758;799;769;727;692;714;655;691;650;607;625;580;606;530;496;497;474;469;464;469;502;530;462;482;357;359;360;316;306;330;303;264;249;196;198;158;137;151;112;91;73;54;56;31;25;15;11;10;8;2;0;4
110002;Barletta;355;352;414;370;402;369;430;487;419;414;476;545;507;498;586;547;551;561;576;615;566;535;597;537;557;521;600;574;590;561;525;579;535;549;548;558;501;551;567;597;661;677;715;671;721;700;754;737;712;697;752;756;737;710;738;695;651;633;586;595;537;590;515;511;507;483;463;455;489;456;537;458;480;371;331;348;342;329;329;308;258;289;214;221;192;150;119;140;79;68;65;51;32;18;14;13;3;6;5;3;2
110003;Bisceglie;255;227;245;245;244;208;259;260;292;294;288;262;314;274;332;288;322;271;272;292;271;307;271;272;304;292;330;304;317;284;321;302;298;264;285;323;327;330;362;318;373;377;413;380;408;413;384;458;426;454;472;482;450;453;462;457;391;398;354;362;334;322;346;312;329;287;271;306;296;281;285;267;273;237;183;221;200;185;211;159;140;162;141;108;106;102;102;79;64;55;51;34;26;15;16;7;2;3;2;1;3
110004;Canosa di Puglia;101;118;90;107;90;125;99;113;134;136;137;147;155;159;133;168;153;169;189;165;180;176;186;174;175;177;196;157;146;174;154;142;156;123;147;137;161;154;169;193;181;183;209;224;199;207;217;219;244;240;210;246;225;236;243;222;187;202;207;194;168;171;155;166;155;167;172;156;159;174;171;191;157;135;130;112;107;80;107;112;70;81;70;66;58;51;45;38;34;23;23;20;11;15;5;5;7;2;4;2;0
110005;Margherita di Savoia;29;39;38;45;34;41;48;43;48;53;46;52;58;48;52;49;63;68;67;49;64;59;74;51;87;71;60;75;80;62;64;60;60;54;69;46;51;69;54;58;66;82;68;78;74;70;84;89;78;89;95;77;103;86;93;109;71;86;87;87;73;71;65;56;67;54;73;60;70;67;85;56;85;60;51;46;57;61;63;49;49;30;39;42;25;25;24;35;20;15;9;8;6;7;2;5;4;0;2;1;3
110006;Minervino Murge;30;29;31;23;37;25;28;26;34;47;34;44;42;46;51;49;42;49;42;48;39;50;50;55;58;47;47;56;58;45;45;38;40;32;46;39;39;51;43;54;49;52;71;59;72;52;66;67;93;64;80;74;73;64;69;52;55;65;52;56;64;61;58;46;54;39;51;56;57;57;50;55;47;38;32;46;33;45;34;32;38;35;36;31;30;16;14;13;19;9;4;9;9;4;3;1;1;0;2;0;1
110007;San Ferdinando di Puglia;67;62;60;51;74;47;56;51;55;67;60;68;58;82;77;82;82;72;78;81;67;103;92;94;102;97;90;99;92;85;64;59;76;69;62;81;59;73;57;81;90;101;81;89;106;92;90;105;88;87;103;96;90;108;119;97;97;85;84;68;70;74;59;80;67;60;65;69;55;67;81;67;66;65;58;61;58;41;50;44;46;40;44;32;33;18;23;23;21;18;11;12;9;5;8;4;4;2;3;1;0
110008;Spinazzola;18;18;16;21;17;18;24;10;32;31;23;27;26;23;19;28;25;28;24;33;42;41;34;30;41;30;39;38;36;23;37;37;34;29;27;28;36;21;27;25;27;34;32;51;52;33;38;48;57;42;48;46;52;42;45;51;51;49;48;43;55;44;38;48;42;42;30;46;41;44;31;37;31;26;36;25;29;18;27;30;12;14;13;17;14;24;13;18;13;9;12;10;5;3;4;2;3;2;0;1;0
110009;Trani;214;225;200;210;218;216;252;241;281;271;279;292;272;293;285;299;297;288;311;322;316;318;324;308;333;308;303;329;334;308;326;310;341;308;326;323;355;321;360;356;367;403;363;395;432;429;410;413;404;427;437;437;427;428;435;423;447;426;388;389;319;352;330;372;290;311;276;281;283;288;301;290;281;230;218;188;204;176;220;158;148;156;108;133;114;89;92;77;45;51;52;26;16;12;11;9;4;8;2;1;2
110010;Trinitapoli;61;64;71;65;53;77;69;83;65;76;75;72;98;82;88;80;84;91;113;97;81;75;80;92;81;73;73;85;76;82;90;93;76;69;78;85;73;68;77;89;93;95;78;102;89;105;117;100;117;112;97;119;92;93;95;100;99;84;92;77;74;93;65;83;67;69;69;65;70;69;74;71;77;56;50;55;56;53;49;45;46;34;39;47;35;23;25;10;13;12;10;5;5;3;4;2;0;1;2;0;0
;Totale;1527;1538;1596;1576;1626;1622;1715;1830;1886;1927;1949;2038;2072;2119;2180;2202;2229;2203;2284;2371;2242;2324;2312;2229;2348;2207;2371;2348;2325;2228;2223;2189;2208;2056;2145;2185;2179;2250;2352;2437;2636;2744;2758;2826;2931;2836;2907;3066;2995;2970;3093;3102;2976;2912;3013;2861;2740;2678;2505;2496;2274;2384;2161;2170;2075;1986;1939;1958;1989;2005;2145;1954;1979;1575;1448;1462;1402;1294;1420;1240;1071;1090;900;895;765;635;608;545;399;333;291;231;150;107;82;59;38;32;24;10;15
Territorio/Età;;0;1;2;3;4;5;6;7;8;9;10;11;12;13;14;15;16;17;18;19;20;21;22;23;24;25;26;27;28;29;30;31;32;33;34;35;36;37;38;39;40;41;42;43;44;45;46;47;48;49;50;51;52;53;54;55;56;57;58;59;60;61;62;63;64;65;66;67;68;69;70;71;72;73;74;75;76;77;78;79;80;81;82;83;84;85;86;87;88;89;90;91;92;93;94;95;96;97;98;99;100
Codice comune;Comune;Femmine
110001;Andria;349;393;390;372;429;461;429;481;502;546;510;507;498;517;562;549;608;583;613;600;564;567;557;549;606;603;585;608;591;575;583;585;595;545;636;551;646;643;654;662;679;703;794;762;799;781;727;784;824;856;720;796;777;708;811;674;672;727;619;639;628;593;548;528;514;482;494;514;503;538;556;464;516;375;355;367;400;355;383;363;337;336;281;251;265;221;189;187;177;110;107;104;70;70;37;37;19;22;9;4;6
110002;Barletta;336;373;371;385;399;389;392;387;426;432;428;463;521;496;518;479;538;562;605;561;521;552;517;533;555;530;543;524;508;531;515;495;516;465;503;532;533;573;608;593;625;665;611;670;725;703;722;738;729;784;714;679;749;744;718;653;682;618;635;623;568;567;567;554;557;523;441;519;478;465;548;535;529;433;397;375;371;374;394;361;301;316;263;275;228;241;211;182;176;148;97;110;74;53;48;30;25;15;8;2;12
110003;Bisceglie;179;205;225;204;193;253;258;227;255;225;270;263;264;238;303;297;302;254;303;303;268;297;265;302;277;279;299;299;290;308;262;287;306;319;271;325;303;331;329;377;359;412;416;384;434;428;429;447;419;446;443;434;516;448;472;445;441;346;387;318;341;355;323;324;332;323;305;339;297;292;293;302;299;230;245;225;241;206;247;207;195;200;167;178;151;131;144;119;84;90;59;48;51;31;28;25;21;7;9;3;6
110004;Canosa di Puglia;77;86;89;89;112;111;105;120;114;130;137;151;147;153;121;126;146;156;178;136;150;165;179;172;177;158;166;166;134;160;149;146;129;119;145;137;160;152;164;162;216;196;213;192;235;222;236;222;216;243;268;202;229;244;261;216;203;200;186;203;180;184;189;193;199;177;158;151;178;168;203;163;185;150;133;131;124;98;131;149;118;111;109;120;102;74;64;74;47;57;43;45;24;30;24;14;13;5;5;4;1
110005;Margherita di Savoia;40;35;36;32;36;35;47;33;43;42;49;49;43;42;43;61;63;46;59;60;46;66;52;66;71;70;65;80;48;69;69;71;52;48;58;43;65;30;57;56;79;83;58;83;92;76;90;78;77;94;80;98;103;103;89;117;89;81;97;85;74;82;72;85;86;71;66;65;87;77;86;69;68;68;58;52;50;69;59;55;44;63;48;46;41;42;37;30;23;25;18;15;16;11;13;12;4;1;2;2;1
110006;Minervino Murge;24;28;24;20;36;24;30;26;32;30;37;37;38;39;44;52;41;53;52;53;48;46;48;45;37;48;40;39;56;44;54;45;39;39;37;47;42;44;43;53;44;56;60;63;62;72;63;58;65;73;49;67;71;73;70;59;75;50;55;58;47;47;50;60;50;53;64;66;65;46;60;59;58;46;36;44;45;35;53;46;44;46;37;38;51;33;29;26;33;17;17;11;7;12;10;7;2;6;1;1;1
110007;San Ferdinando di Puglia;39;57;64;47;48;50;69;59;63;56;60;58;68;75;70;58;76;91;83;74;73;96;77;83;97;59;83;87;79;80;89;76;65;61;67;81;69;69;68;82;89;84;98;98;100;92;91;80;91;107;107;96;108;101;94;88;92;95;98;73;65;85;80;71;83;68;51;79;61;83;75;78;80;55;60;60;47;56;38;51;47;48;48;43;34;34;32;25;28;22;20;22;13;8;7;8;3;3;4;0;2
110008;Spinazzola;21;25;22;19;21;22;28;23;30;25;24;31;26;30;35;28;32;33;31;28;35;32;34;30;43;38;34;36;43;39;31;26;31;29;30;34;40;21;31;25;34;46;33;31;43;36;41;28;28;39;52;55;61;46;67;62;42;60;50;54;48;52;52;39;46;30;39;38;41;35;38;38;39;31;38;25;23;27;32;31;39;30;28;27;23;28;22;22;21;19;16;9;8;3;5;10;7;0;2;0;2
110009;Trani;184;181;204;179;215;204;210;258;273;271;248;274;262;257;264;291;302;287;314;285;307;294;271;298;293;283;301;287;305;281;275;297;300;303;322;331;348;325;327;344;347;393;386;415;457;404;416;459;417;450;428;413;458;427;462;450;427;413;360;432;397;389;308;324;351;308;314;309;327;321;332;356;283;261;216;198;234;232;215;193;204;191;168;177;170;130;120;104;89;77;67;45;51;37;29;17;13;11;8;5;7
110010;Trinitapoli;55;52;72;62;69;66;65;67;90;89;74;73;79;87;74;95;69;79;76;100;91;90;94;99;87;69;94;82;91;88;82;92;58;80;71;63;71;86;87;102;100;98;109;98;101;114;99;112;114;112;94;102;97;94;93;97;94;91;82;93;85;97;75;76;83;79;84;80;67;95;82;85;94;54;57;54;57;43;49;59;46;47;35;41;35;40;33;29;39;21;17;12;15;13;12;4;5;5;3;1;1
;Totale;1304;1435;1497;1409;1558;1615;1633;1681;1828;1846;1837;1906;1946;1934;2034;2036;2177;2144;2314;2200;2103;2205;2094;2177;2243;2137;2210;2208;2145;2175;2109;2120;2091;2008;2140;2144;2277;2274;2368;2456;2572;2736;2778;2796;3048;2928;2914;3006;2980;3204;2955;2942;3169;2988;3137;2861;2817;2681;2569;2578;2433;2451;2264;2254;2301;2114;2016;2160;2104;2120;2273;2149;2151;1703;1595;1531;1592;1495;1601;1515;1375;1388;1184;1196;1100;974;881;798;717;586;461;421;329;268;213;164;112;75;51;22;39

"Ricostruzione della popolazione intercensuaria - Popolazione al 1° gennaio per età"
"Cittadinanza straniera - Anno: 2002 - Provincia: Barletta-Andria-Trani"
Territorio/Età;;0;1;2;3;4;5;6;7;8;9;10;11;12;13;14;15;16;17;18;19;20;21;22;23;24;25;26;27;28;29;30;31;32;33;34;35;36;37;38;39;40;41;42;43;44;45;46;47;48;49;50;51;52;53;54;55;56;57;58;59;60;61;62;63;64;65;66;67;68;69;70;71;72;73;74;75;76;77;78;79;80;81;82;83;84;85;86;87;88;89;90;91;92;93;94;95;96;97;98;99;100
Codice comune;Comune;Totale
110001;Andria;3;0;4;1;4;3;3;1;6;3;2;0;3;2;2;1;0;0;1;1;1;0;3;1;1;2;4;7;6;5;6;8;7;8;11;5;7;4;5;5;8;5;8;2;1;1;2;2;3;2;3;1;2;1;1;0;1;1;1;0;0;0;1;1;3;0;1;1;2;0;2;0;1;0;0;0;0;0;0;0;0;0;0;1;0;0;0;0;0;0;0;0;0;0;0;0;0;0;0;0;0
110002;Barletta;14;21;13;18;12;11;12;8;8;8;8;8;4;7;7;2;10;6;13;12;2;11;5;8;14;20;23;20;18;22;29;20;33;19;32;22;23;29;16;20;19;15;15;12;12;12;10;6;1;5;5;4;4;3;1;2;2;2;2;1;1;1;0;2;0;1;1;0;0;0;1;0;0;0;1;1;0;0;0;0;0;0;0;0;0;0;1;0;0;0;0;0;0;0;0;0;0;0;0;0;0
110003;Bisceglie;2;4;5;0;1;2;2;2;2;2;3;4;3;1;2;2;1;5;1;3;3;10;4;4;3;5;7;9;7;9;15;9;8;11;14;5;8;4;3;7;5;6;5;3;0;3;9;2;5;5;4;1;2;0;1;1;3;0;1;0;2;2;0;1;1;0;1;2;0;0;0;0;0;0;0;0;0;0;0;0;0;0;0;0;0;0;0;0;0;0;0;0;0;0;0;0;0;0;0;0;0
110004;Canosa di Puglia;4;6;4;6;2;6;3;5;2;1;7;2;3;3;2;3;7;1;5;7;6;2;7;3;10;5;6;11;5;6;4;4;14;6;10;9;9;9;6;6;6;5;7;3;8;5;5;5;4;5;0;7;0;4;2;2;2;2;0;0;1;0;0;0;0;0;1;0;0;0;0;0;0;1;0;0;1;1;1;0;0;0;0;0;0;0;0;0;0;0;0;0;0;0;0;0;0;0;0;0;0
110005;Margherita di Savoia;2;1;3;3;3;0;2;2;3;4;3;3;0;0;4;3;2;3;1;1;1;0;0;1;3;1;4;4;4;5;0;2;1;2;4;5;2;3;5;2;4;7;0;2;1;0;2;3;4;0;1;1;1;1;0;1;0;0;0;0;0;0;0;1;0;3;0;0;1;0;2;0;0;0;0;0;0;0;0;0;0;0;0;0;0;0;0;0;0;0;0;0;0;0;0;0;0;0;0;0;0
110006;Minervino Murge;0;0;0;1;1;1;0;0;0;1;1;1;0;0;1;0;0;2;0;0;1;1;0;0;0;0;2;1;2;0;0;0;2;0;1;1;2;2;0;0;2;0;0;1;0;0;0;1;0;0;0;0;0;0;0;0;0;0;0;0;0;0;0;0;0;0;1;0;0;0;0;0;0;0;0;0;0;0;0;0;0;0;0;0;0;0;0;0;0;0;0;0;0;0;0;0;0;0;0;0;0
110007;San Ferdinando di Puglia;1;2;4;1;0;2;1;2;3;1;2;0;2;2;0;1;1;0;2;1;3;4;3;3;1;2;5;7;2;10;6;8;4;4;2;4;7;12;5;7;7;8;5;5;4;2;2;3;0;5;3;2;1;1;1;0;2;1;0;0;1;0;0;0;0;0;0;0;1;2;0;0;1;0;0;0;0;0;0;0;0;0;0;0;0;0;0;0;0;0;0;0;0;0;0;0;0;0;0;0;0
110008;Spinazzola;1;0;1;1;0;0;2;0;0;1;0;0;1;0;0;1;1;0;1;1;0;1;0;1;0;0;0;1;0;0;2;2;1;2;1;0;5;1;0;0;1;0;0;1;0;1;1;0;0;1;1;0;0;1;0;0;0;0;1;0;0;0;0;0;0;0;0;0;0;0;0;0;0;0;0;0;0;0;0;1;0;0;0;0;0;0;0;0;0;0;0;0;0;0;0;0;0;0;0;0;0
110009;Trani;20;12;11;5;6;6;10;8;3;5;6;8;6;5;4;1;1;8;6;3;7;6;5;10;5;12;8;13;10;11;14;14;24;11;10;8;22;10;11;10;11;12;11;7;8;15;6;3;3;5;3;3;3;1;1;2;2;2;3;1;2;1;2;0;1;3;0;1;0;2;2;1;0;0;2;1;0;0;0;0;0;0;2;0;0;1;0;0;0;0;1;1;0;0;0;0;0;0;0;0;0
110010;Trinitapoli;2;2;3;1;1;1;2;1;1;0;2;1;0;2;1;0;0;3;1;2;0;3;0;0;1;1;1;1;0;0;1;2;2;2;3;2;2;1;1;4;2;1;2;0;4;2;1;0;1;1;0;1;0;0;0;1;1;0;2;0;0;0;0;1;0;0;0;0;0;0;0;0;0;0;0;0;0;0;0;0;0;0;0;0;0;0;0;0;0;0;0;0;0;0;0;0;0;0;0;0;0
;Totale;49;48;48;37;30;32;37;29;28;26;34;27;22;22;23;14;23;28;31;31;24;38;27;31;38;48;60;74;54;68;77;69;96;65;88;61;87;75;52;61;65;59;53;36;38;41;38;25;21;29;20;20;13;12;7;9;13;8;10;2;7;4;3;6;5;7;5;4;4;4;7;1;2;1;3;2;1;1;1;1;0;0;2;1;0;1;1;0;0;0;1;1;0;0;0;0;0;0;0;0;0
Territorio/Età;;0;1;2;3;4;5;6;7;8;9;10;11;12;13;14;15;16;17;18;19;20;21;22;23;24;25;26;27;28;29;30;31;32;33;34;35;36;37;38;39;40;41;42;43;44;45;46;47;48;49;50;51;52;53;54;55;56;57;58;59;60;61;62;63;64;65;66;67;68;69;70;71;72;73;74;75;76;77;78;79;80;81;82;83;84;85;86;87;88;89;90;91;92;93;94;95;96;97;98;99;100
Codice comune;Comune;Maschi
110001;Andria;1;0;2;0;2;0;2;0;3;1;2;0;1;2;1;0;0;0;1;1;1;0;1;1;1;0;1;1;3;2;4;2;4;6;6;5;5;3;5;3;4;2;7;1;1;1;2;2;2;1;3;0;1;0;0;0;1;1;0;0;0;0;0;1;0;0;0;1;2;0;0;0;0;0;0;0;0;0;0;0;0;0;0;0;0;0;0;0;0;0;0;0;0;0;0;0;0;0;0;0;0
110002;Barletta;7;10;5;11;5;6;9;5;5;4;2;2;3;4;2;0;3;4;7;5;0;1;4;2;5;8;5;9;11;8;18;12;22;14;26;16;14;23;9;16;8;9;3;8;5;7;7;3;0;2;3;1;2;2;0;1;0;1;0;0;0;0;0;1;0;0;0;0;0;0;0;0;0;0;0;1;0;0;0;0;0;0;0;0;0;0;1;0;0;0;0;0;0;0;0;0;0;0;0;0;0
110003;Bisceglie;1;2;3;0;0;2;1;1;2;1;1;2;0;1;1;2;0;1;0;1;2;3;2;1;2;2;3;5;4;5;9;8;4;6;6;4;5;2;3;3;2;4;0;2;0;0;6;1;2;2;1;1;0;0;0;0;2;0;0;0;1;2;0;0;1;0;1;0;0;0;0;0;0;0;0;0;0;0;0;0;0;0;0;0;0;0;0;0;0;0;0;0;0;0;0;0;0;0;0;0;0
110004;Canosa di Puglia;2;3;3;3;1;4;1;2;0;0;5;1;2;1;2;2;3;0;2;2;0;1;5;3;3;3;2;6;4;2;3;2;10;2;6;8;6;7;5;4;6;4;4;1;3;3;3;2;4;5;0;4;0;2;0;0;2;0;0;0;1;0;0;0;0;0;0;0;0;0;0;0;0;0;0;0;1;0;0;0;0;0;0;0;0;0;0;0;0;0;0;0;0;0;0;0;0;0;0;0;0
110005;Margherita di Savoia;0;1;3;2;3;0;2;1;3;4;2;2;0;0;2;1;2;2;1;1;1;0;0;0;1;0;1;0;2;3;0;2;1;0;1;2;1;2;3;1;2;3;0;1;1;0;0;2;0;0;0;1;0;0;0;1;0;0;0;0;0;0;0;0;0;1;0;0;1;0;0;0;0;0;0;0;0;0;0;0;0;0;0;0;0;0;0;0;0;0;0;0;0;0;0;0;0;0;0;0;0
110006;Minervino Murge;0;0;0;1;0;1;0;0;0;1;1;0;0;0;1;0;0;1;0;0;1;1;0;0;0;0;2;0;1;0;0;0;0;0;0;0;0;0;0;0;1;0;0;0;0;0;0;1;0;0;0;0;0;0;0;0;0;0;0;0;0;0;0;0;0;0;0;0;0;0;0;0;0;0;0;0;0;0;0;0;0;0;0;0;0;0;0;0;0;0;0;0;0;0;0;0;0;0;0;0;0
110007;San Ferdinando di Puglia;0;0;4;1;0;2;0;1;1;1;1;0;0;2;0;1;1;0;2;1;2;4;1;2;1;1;4;5;2;6;4;6;2;1;0;4;6;10;5;5;7;5;2;4;2;1;1;2;0;5;2;1;0;1;1;0;2;1;0;0;1;0;0;0;0;0;0;0;0;1;0;0;1;0;0;0;0;0;0;0;0;0;0;0;0;0;0;0;0;0;0;0;0;0;0;0;0;0;0;0;0
110008;Spinazzola;1;0;1;0;0;0;0;0;0;1;0;0;0;0;0;1;0;0;1;1;0;1;0;1;0;0;0;0;0;0;1;1;1;1;1;0;3;0;0;0;0;0;0;1;0;0;1;0;0;1;1;0;0;0;0;0;0;0;0;0;0;0;0;0;0;0;0;0;0;0;0;0;0;0;0;0;0;0;0;0;0;0;0;0;0;0;0;0;0;0;0;0;0;0;0;0;0;0;0;0;0
110009;Trani;6;7;6;3;4;2;4;4;1;4;4;6;4;3;1;1;1;3;5;1;2;4;2;5;1;3;5;5;5;2;8;8;13;4;4;3;13;7;7;4;4;4;4;4;4;10;3;1;1;1;1;0;2;1;0;0;0;1;2;1;1;0;0;0;0;1;0;1;0;0;2;0;0;0;1;0;0;0;0;0;0;0;0;0;0;1;0;0;0;0;0;0;0;0;0;0;0;0;0;0;0
110010;Trinitapoli;1;2;1;0;1;1;0;1;0;0;2;1;0;2;0;0;0;3;0;1;0;1;0;0;0;1;0;0;0;0;0;0;1;2;3;1;2;0;1;3;0;0;0;0;3;1;0;0;1;0;0;1;0;0;0;1;1;0;0;0;0;0;0;0;0;0;0;0;0;0;0;0;0;0;0;0;0;0;0;0;0;0;0;0;0;0;0;0;0;0;0;0;0;0;0;0;0;0;0;0;0
;Totale;19;25;28;21;16;18;19;15;15;17;20;14;10;15;10;8;10;14;19;14;9;16;15;15;14;18;23;31;32;28;47;41;58;36;53;43;55;54;38;39;34;31;20;22;19;23;23;14;10;17;11;9;5;6;1;3;8;4;2;1;4;2;0;2;1;2;1;2;3;1;2;0;1;0;1;1;1;0;0;0;0;0;0;0;0;1;1;0;0;0;0;0;0;0;0;0;0;0;0;0;0
Territorio/Età;;0;1;2;3;4;5;6;7;8;9;10;11;12;13;14;15;16;17;18;19;20;21;22;23;24;25;26;27;28;29;30;31;32;33;34;35;36;37;38;39;40;41;42;43;44;45;46;47;48;49;50;51;52;53;54;55;56;57;58;59;60;61;62;63;64;65;66;67;68;69;70;71;72;73;74;75;76;77;78;79;80;81;82;83;84;85;86;87;88;89;90;91;92;93;94;95;96;97;98;99;100
Codice comune;Comune;Femmine
110001;Andria;2;0;2;1;2;3;1;1;3;2;0;0;2;0;1;1;0;0;0;0;0;0;2;0;0;2;3;6;3;3;2;6;3;2;5;0;2;1;0;2;4;3;1;1;0;0;0;0;1;1;0;1;1;1;1;0;0;0;1;0;0;0;1;0;3;0;1;0;0;0;2;0;1;0;0;0;0;0;0;0;0;0;0;1;0;0;0;0;0;0;0;0;0;0;0;0;0;0;0;0;0
110002;Barletta;7;11;8;7;7;5;3;3;3;4;6;6;1;3;5;2;7;2;6;7;2;10;1;6;9;12;18;11;7;14;11;8;11;5;6;6;9;6;7;4;11;6;12;4;7;5;3;3;1;3;2;3;2;1;1;1;2;1;2;1;1;1;0;1;0;1;1;0;0;0;1;0;0;0;1;0;0;0;0;0;0;0;0;0;0;0;0;0;0;0;0;0;0;0;0;0;0;0;0;0;0
110003;Bisceglie;1;2;2;0;1;0;1;1;0;1;2;2;3;0;1;0;1;4;1;2;1;7;2;3;1;3;4;4;3;4;6;1;4;5;8;1;3;2;0;4;3;2;5;1;0;3;3;1;3;3;3;0;2;0;1;1;1;0;1;0;1;0;0;1;0;0;0;2;0;0;0;0;0;0;0;0;0;0;0;0;0;0;0;0;0;0;0;0;0;0;0;0;0;0;0;0;0;0;0;0;0
110004;Canosa di Puglia;2;3;1;3;1;2;2;3;2;1;2;1;1;2;0;1;4;1;3;5;6;1;2;0;7;2;4;5;1;4;1;2;4;4;4;1;3;2;1;2;0;1;3;2;5;2;2;3;0;0;0;3;0;2;2;2;0;2;0;0;0;0;0;0;0;0;1;0;0;0;0;0;0;1;0;0;0;1;1;0;0;0;0;0;0;0;0;0;0;0;0;0;0;0;0;0;0;0;0;0;0
110005;Margherita di Savoia;2;0;0;1;0;0;0;1;0;0;1;1;0;0;2;2;0;1;0;0;0;0;0;1;2;1;3;4;2;2;0;0;0;2;3;3;1;1;2;1;2;4;0;1;0;0;2;1;4;0;1;0;1;1;0;0;0;0;0;0;0;0;0;1;0;2;0;0;0;0;2;0;0;0;0;0;0;0;0;0;0;0;0;0;0;0;0;0;0;0;0;0;0;0;0;0;0;0;0;0;0
110006;Minervino Murge;0;0;0;0;1;0;0;0;0;0;0;1;0;0;0;0;0;1;0;0;0;0;0;0;0;0;0;1;1;0;0;0;2;0;1;1;2;2;0;0;1;0;0;1;0;0;0;0;0;0;0;0;0;0;0;0;0;0;0;0;0;0;0;0;0;0;1;0;0;0;0;0;0;0;0;0;0;0;0;0;0;0;0;0;0;0;0;0;0;0;0;0;0;0;0;0;0;0;0;0;0
110007;San Ferdinando di Puglia;1;2;0;0;0;0;1;1;2;0;1;0;2;0;0;0;0;0;0;0;1;0;2;1;0;1;1;2;0;4;2;2;2;3;2;0;1;2;0;2;0;3;3;1;2;1;1;1;0;0;1;1;1;0;0;0;0;0;0;0;0;0;0;0;0;0;0;0;1;1;0;0;0;0;0;0;0;0;0;0;0;0;0;0;0;0;0;0;0;0;0;0;0;0;0;0;0;0;0;0;0
110008;Spinazzola;0;0;0;1;0;0;2;0;0;0;0;0;1;0;0;0;1;0;0;0;0;0;0;0;0;0;0;1;0;0;1;1;0;1;0;0;2;1;0;0;1;0;0;0;0;1;0;0;0;0;0;0;0;1;0;0;0;0;1;0;0;0;0;0;0;0;0;0;0;0;0;0;0;0;0;0;0;0;0;1;0;0;0;0;0;0;0;0;0;0;0;0;0;0;0;0;0;0;0;0;0
110009;Trani;14;5;5;2;2;4;6;4;2;1;2;2;2;2;3;0;0;5;1;2;5;2;3;5;4;9;3;8;5;9;6;6;11;7;6;5;9;3;4;6;7;8;7;3;4;5;3;2;2;4;2;3;1;0;1;2;2;1;1;0;1;1;2;0;1;2;0;0;0;2;0;1;0;0;1;1;0;0;0;0;0;0;2;0;0;0;0;0;0;0;1;1;0;0;0;0;0;0;0;0;0
110010;Trinitapoli;1;0;2;1;0;0;2;0;1;0;0;0;0;0;1;0;0;0;1;1;0;2;0;0;1;0;1;1;0;0;1;2;1;0;0;1;0;1;0;1;2;1;2;0;1;1;1;0;0;1;0;0;0;0;0;0;0;0;2;0;0;0;0;1;0;0;0;0;0;0;0;0;0;0;0;0;0;0;0;0;0;0;0;0;0;0;0;0;0;0;0;0;0;0;0;0;0;0;0;0;0
;Totale;30;23;20;16;14;14;18;14;13;9;14;13;12;7;13;6;13;14;12;17;15;22;12;16;24;30;37;43;22;40;30;28;38;29;35;18;32;21;14;22;31;28;33;14;19;18;15;11;11;12;9;11;8;6;6;6;5;4;8;1;3;2;3;4;4;5;4;2;1;3;5;1;1;1;2;1;0;1;1;1;0;0;2;1;0;0;0;0;0;0;1;1;0;0;0;0;0;0;0;0;0

"Ricostruzione della popolazione intercensuaria - Popolazione al 1° gennaio per età"
"Cittadinanza straniera - Anno: 2003 - Provincia: Barletta-Andria-Trani"
Territorio/Età;;0;1;2;3;4;5;6;7;8;9;10;11;12;13;14;15;16;17;18;19;20;21;22;23;24;25;26;27;28;29;30;31;32;33;34;35;36;37;38;39;40;41;42;43;44;45;46;47;48;49;50;51;52;53;54;55;56;57;58;59;60;61;62;63;64;65;66;67;68;69;70;71;72;73;74;75;76;77;78;79;80;81;82;83;84;85;86;87;88;89;90;91;92;93;94;95;96;97;98;99;100
Codice comune;Comune;Totale
110001;Andria;3;3;0;5;2;4;2;4;2;6;3;2;0;4;1;1;0;0;0;0;1;2;3;2;0;1;3;3;5;8;4;5;7;7;8;9;4;8;5;5;6;7;7;7;1;1;0;3;2;4;2;3;1;2;1;1;0;1;1;1;0;0;0;1;1;2;0;1;1;2;0;1;0;1;0;0;0;0;0;0;0;0;0;0;1;0;0;0;0;0;0;0;0;0;0;0;0;0;0;0;0
110002;Barletta;16;13;20;10;15;9;11;11;9;8;9;8;8;2;8;8;2;10;5;11;10;3;11;7;9;14;24;24;20;18;20;26;22;31;20;31;18;21;26;18;24;18;14;15;13;12;12;8;7;2;3;3;4;5;4;1;2;1;2;1;1;1;1;0;3;0;1;2;0;0;0;1;0;0;0;1;1;0;0;0;0;0;0;0;0;0;0;1;0;0;0;0;0;0;0;0;0;0;0;0;0
110003;Bisceglie;3;2;5;2;0;1;3;4;4;2;1;3;3;3;2;2;3;0;5;1;3;1;7;6;3;2;4;9;10;9;7;16;9;6;6;13;6;6;5;2;8;5;6;6;3;0;3;7;1;3;3;2;0;1;0;1;1;3;0;1;0;2;2;0;1;1;1;1;2;0;0;0;0;0;0;0;0;1;0;0;0;0;0;0;0;0;0;0;0;0;0;0;0;0;0;0;0;0;0;0;0
110004;Canosa di Puglia;7;6;4;6;5;2;5;2;4;2;1;7;1;2;3;2;2;6;1;4;6;4;3;4;3;9;6;6;12;5;7;5;3;11;5;9;8;8;10;6;6;6;6;5;3;7;3;5;5;4;4;0;6;0;5;1;2;2;3;0;0;0;0;0;1;0;0;1;0;0;0;0;0;0;1;0;0;1;1;1;0;0;0;0;0;0;0;0;0;0;0;0;0;0;0;0;0;0;0;0;0
110005;Margherita di Savoia;2;2;2;3;2;3;1;3;2;4;5;3;4;1;0;5;2;1;3;2;3;1;0;2;1;3;1;2;4;3;4;0;3;1;2;3;4;3;4;5;2;3;7;1;1;1;0;2;3;4;1;2;1;1;1;0;1;0;0;0;0;0;0;0;1;0;2;0;0;1;0;1;0;0;1;0;0;0;0;0;0;0;0;0;0;0;0;0;0;0;0;0;0;0;0;0;0;0;0;0;0
110006;Minervino Murge;0;0;0;0;1;1;1;0;0;0;1;1;1;0;0;1;0;0;2;0;0;0;1;0;1;0;0;2;2;2;0;0;0;2;2;1;1;1;2;0;0;2;0;0;1;0;0;0;0;0;0;0;0;0;0;0;0;0;0;0;0;0;0;0;0;0;0;1;0;0;0;0;0;0;0;0;0;0;0;0;0;0;0;0;0;0;0;0;0;0;0;0;0;0;0;0;0;0;0;0;0
110007;San Ferdinando di Puglia;1;1;2;3;1;0;2;1;2;4;2;1;0;4;1;1;2;1;1;2;2;2;3;3;2;0;2;3;7;1;7;8;8;3;4;1;2;8;8;5;6;6;7;5;4;5;4;2;4;0;3;2;2;1;0;1;0;3;1;0;0;1;0;0;0;0;0;0;0;1;2;0;0;1;0;0;0;0;0;0;0;0;0;0;0;0;0;0;0;0;0;0;0;0;0;0;0;0;0;0;0
110008;Spinazzola;3;1;1;1;1;0;0;2;1;0;1;0;0;1;0;1;1;1;1;1;0;0;2;0;1;1;0;0;1;0;1;3;3;3;1;1;0;5;4;0;0;1;0;0;1;0;1;1;2;0;1;0;0;0;1;0;0;0;0;1;0;0;0;0;0;0;0;0;0;0;0;0;0;0;0;0;0;0;0;0;1;0;0;0;0;0;0;0;0;0;0;0;0;0;0;0;0;0;0;0;0
110009;Trani;15;19;13;12;5;7;6;12;9;4;3;6;9;7;5;5;2;3;12;8;3;5;8;10;10;9;15;12;17;7;13;15;14;25;14;10;9;22;8;14;9;13;12;11;7;9;15;7;2;3;4;3;6;5;0;1;2;1;4;3;2;2;0;2;0;1;3;1;1;0;2;2;1;0;0;2;1;1;0;0;0;0;0;2;0;0;1;0;0;0;0;1;1;0;0;0;0;0;0;0;0
110010;Trinitapoli;2;2;2;3;2;1;1;2;3;1;0;4;1;0;5;1;0;0;2;2;2;0;3;1;0;1;1;1;1;0;1;1;4;1;2;3;2;1;1;1;4;2;1;2;0;2;2;0;0;1;2;0;1;0;0;0;2;1;1;1;0;0;0;0;1;0;0;0;0;0;0;0;0;0;0;0;0;0;0;0;0;0;0;0;0;0;0;0;0;0;0;0;0;0;0;0;0;0;0;0;0
;Totale;52;49;49;45;34;28;32;41;36;31;26;35;27;24;25;27;14;22;32;31;30;18;41;35;30;40;56;62;79;53;64;79;73;90;64;81;54;83;73;56;65;63;60;52;34;37;40;35;26;21;23;15;21;15;12;6;10;12;12;8;3;6;3;3;8;4;7;7;4;4;4;5;1;2;2;3;2;3;1;1;1;0;0;2;1;0;1;1;0;0;0;1;1;0;0;0;0;0;0;0;0
Territorio/Età;;0;1;2;3;4;5;6;7;8;9;10;11;12;13;14;15;16;17;18;19;20;21;22;23;24;25;26;27;28;29;30;31;32;33;34;35;36;37;38;39;40;41;42;43;44;45;46;47;48;49;50;51;52;53;54;55;56;57;58;59;60;61;62;63;64;65;66;67;68;69;70;71;72;73;74;75;76;77;78;79;80;81;82;83;84;85;86;87;88;89;90;91;92;93;94;95;96;97;98;99;100
Codice comune;Comune;Maschi
110001;Andria;3;1;0;3;0;1;0;3;1;3;1;2;0;1;1;0;0;0;0;0;0;2;3;0;0;1;0;0;0;2;0;4;1;4;6;5;4;4;4;5;4;4;2;7;0;1;0;3;2;2;1;2;0;1;0;0;0;1;1;0;0;0;0;0;1;0;0;0;1;2;0;0;0;0;0;0;0;0;0;0;0;0;0;0;0;0;0;0;0;0;0;0;0;0;0;0;0;0;0;0;0
110002;Barletta;7;7;9;4;9;3;5;8;5;5;5;3;1;2;5;3;0;4;4;5;3;0;2;5;1;5;10;6;8;8;7;15;12;20;15;25;12;12;21;11;19;8;8;2;9;5;6;5;4;1;1;3;2;3;3;0;1;0;1;0;0;0;0;0;1;0;0;0;0;0;0;0;0;0;0;0;1;0;0;0;0;0;0;0;0;0;0;1;0;0;0;0;0;0;0;0;0;0;0;0;0
110003;Bisceglie;2;1;3;0;0;0;3;1;1;2;1;2;1;0;2;1;2;0;0;0;2;1;3;4;0;1;1;4;6;5;2;10;9;4;3;7;5;3;3;2;4;2;4;1;2;0;0;5;0;2;1;1;0;0;0;0;0;2;0;0;0;1;2;0;0;1;1;1;0;0;0;0;0;0;0;0;0;0;0;0;0;0;0;0;0;0;0;0;0;0;0;0;0;0;0;0;0;0;0;0;0
110004;Canosa di Puglia;5;3;1;4;3;1;4;0;1;0;0;5;0;2;1;2;1;2;0;1;1;0;0;3;3;1;4;2;5;5;3;3;0;7;1;5;7;6;7;4;4;6;4;2;1;2;2;3;2;3;4;0;4;0;3;0;0;2;0;0;0;0;0;0;0;0;0;0;0;0;0;0;0;0;0;0;0;1;0;0;0;0;0;0;0;0;0;0;0;0;0;0;0;0;0;0;0;0;0;0;0
110005;Margherita di Savoia;2;0;1;3;1;3;0;2;1;4;5;2;3;1;0;2;1;1;2;2;3;1;0;1;0;1;0;0;0;1;2;0;3;1;0;1;2;1;2;3;1;2;2;0;1;1;0;1;2;1;1;0;1;0;0;0;1;0;0;0;0;0;0;0;0;0;1;0;0;1;0;0;0;0;0;0;0;0;0;0;0;0;0;0;0;0;0;0;0;0;0;0;0;0;0;0;0;0;0;0;0
110006;Minervino Murge;0;0;0;0;1;0;1;0;0;0;1;1;0;0;0;1;0;0;1;0;0;0;1;0;1;0;0;2;1;1;0;0;0;0;0;0;0;0;0;0;0;1;0;0;0;0;0;0;0;0;0;0;0;0;0;0;0;0;0;0;0;0;0;0;0;0;0;0;0;0;0;0;0;0;0;0;0;0;0;0;0;0;0;0;0;0;0;0;0;0;0;0;0;0;0;0;0;0;0;0;0
110007;San Ferdinando di Puglia;0;0;0;3;1;0;2;0;2;1;1;0;0;1;1;1;1;1;1;2;2;1;3;1;0;0;1;3;5;1;4;5;5;2;1;0;2;7;6;5;5;6;4;2;4;2;2;2;2;0;3;1;1;0;0;1;0;3;1;0;0;1;0;0;0;0;0;0;0;0;1;0;0;1;0;0;0;0;0;0;0;0;0;0;0;0;0;0;0;0;0;0;0;0;0;0;0;0;0;0;0
110008;Spinazzola;2;1;0;1;0;0;0;0;0;0;1;0;0;0;0;1;1;0;1;1;0;0;2;0;1;0;0;0;0;0;0;1;2;2;0;1;0;3;2;0;0;0;0;0;1;0;0;1;0;0;1;0;0;0;0;0;0;0;0;0;0;0;0;0;0;0;0;0;0;0;0;0;0;0;0;0;0;0;0;0;0;0;0;0;0;0;0;0;0;0;0;0;0;0;0;0;0;0;0;0;0
110009;Trani;7;6;7;6;3;5;2;4;4;2;2;5;7;5;4;2;2;2;7;7;0;0;5;3;4;2;4;7;7;4;1;8;8;15;5;5;4;13;7;9;4;5;5;4;4;5;10;4;0;1;1;0;1;4;0;0;0;0;2;2;2;1;0;0;0;0;1;0;1;0;0;2;0;0;0;1;0;0;0;0;0;0;0;0;0;0;1;0;0;0;0;0;0;0;0;0;0;0;0;0;0
110010;Trinitapoli;0;1;2;1;1;1;1;0;2;0;0;3;1;0;2;0;0;0;2;0;1;0;1;0;0;0;1;0;0;0;0;0;0;1;2;3;1;1;0;1;3;0;0;0;0;2;1;0;0;1;0;0;1;0;0;0;2;1;0;0;0;0;0;0;0;0;0;0;0;0;0;0;0;0;0;0;0;0;0;0;0;0;0;0;0;0;0;0;0;0;0;0;0;0;0;0;0;0;0;0;0
;Totale;28;20;23;25;19;14;18;18;17;17;17;23;13;12;16;13;8;10;18;18;12;5;20;17;10;11;21;24;32;27;19;46;40;56;33;52;37;50;52;40;44;34;29;18;22;18;21;24;12;11;13;7;10;8;6;1;4;9;5;2;2;3;2;0;2;1;3;1;2;3;1;2;0;1;0;1;1;1;0;0;0;0;0;0;0;0;1;1;0;0;0;0;0;0;0;0;0;0;0;0;0
Territorio/Età;;0;1;2;3;4;5;6;7;8;9;10;11;12;13;14;15;16;17;18;19;20;21;22;23;24;25;26;27;28;29;30;31;32;33;34;35;36;37;38;39;40;41;42;43;44;45;46;47;48;49;50;51;52;53;54;55;56;57;58;59;60;61;62;63;64;65;66;67;68;69;70;71;72;73;74;75;76;77;78;79;80;81;82;83;84;85;86;87;88;89;90;91;92;93;94;95;96;97;98;99;100
Codice comune;Comune;Femmine
110001;Andria;0;2;0;2;2;3;2;1;1;3;2;0;0;3;0;1;0;0;0;0;1;0;0;2;0;0;3;3;5;6;4;1;6;3;2;4;0;4;1;0;2;3;5;0;1;0;0;0;0;2;1;1;1;1;1;1;0;0;0;1;0;0;0;1;0;2;0;1;0;0;0;1;0;1;0;0;0;0;0;0;0;0;0;0;1;0;0;0;0;0;0;0;0;0;0;0;0;0;0;0;0
110002;Barletta;9;6;11;6;6;6;6;3;4;3;4;5;7;0;3;5;2;6;1;6;7;3;9;2;8;9;14;18;12;10;13;11;10;11;5;6;6;9;5;7;5;10;6;13;4;7;6;3;3;1;2;0;2;2;1;1;1;1;1;1;1;1;1;0;2;0;1;2;0;0;0;1;0;0;0;1;0;0;0;0;0;0;0;0;0;0;0;0;0;0;0;0;0;0;0;0;0;0;0;0;0
110003;Bisceglie;1;1;2;2;0;1;0;3;3;0;0;1;2;3;0;1;1;0;5;1;1;0;4;2;3;1;3;5;4;4;5;6;0;2;3;6;1;3;2;0;4;3;2;5;1;0;3;2;1;1;2;1;0;1;0;1;1;1;0;1;0;1;0;0;1;0;0;0;2;0;0;0;0;0;0;0;0;1;0;0;0;0;0;0;0;0;0;0;0;0;0;0;0;0;0;0;0;0;0;0;0
110004;Canosa di Puglia;2;3;3;2;2;1;1;2;3;2;1;2;1;0;2;0;1;4;1;3;5;4;3;1;0;8;2;4;7;0;4;2;3;4;4;4;1;2;3;2;2;0;2;3;2;5;1;2;3;1;0;0;2;0;2;1;2;0;3;0;0;0;0;0;1;0;0;1;0;0;0;0;0;0;1;0;0;0;1;1;0;0;0;0;0;0;0;0;0;0;0;0;0;0;0;0;0;0;0;0;0
110005;Margherita di Savoia;0;2;1;0;1;0;1;1;1;0;0;1;1;0;0;3;1;0;1;0;0;0;0;1;1;2;1;2;4;2;2;0;0;0;2;2;2;2;2;2;1;1;5;1;0;0;0;1;1;3;0;2;0;1;1;0;0;0;0;0;0;0;0;0;1;0;1;0;0;0;0;1;0;0;1;0;0;0;0;0;0;0;0;0;0;0;0;0;0;0;0;0;0;0;0;0;0;0;0;0;0
110006;Minervino Murge;0;0;0;0;0;1;0;0;0;0;0;0;1;0;0;0;0;0;1;0;0;0;0;0;0;0;0;0;1;1;0;0;0;2;2;1;1;1;2;0;0;1;0;0;1;0;0;0;0;0;0;0;0;0;0;0;0;0;0;0;0;0;0;0;0;0;0;1;0;0;0;0;0;0;0;0;0;0;0;0;0;0;0;0;0;0;0;0;0;0;0;0;0;0;0;0;0;0;0;0;0
110007;San Ferdinando di Puglia;1;1;2;0;0;0;0;1;0;3;1;1;0;3;0;0;1;0;0;0;0;1;0;2;2;0;1;0;2;0;3;3;3;1;3;1;0;1;2;0;1;0;3;3;0;3;2;0;2;0;0;1;1;1;0;0;0;0;0;0;0;0;0;0;0;0;0;0;0;1;1;0;0;0;0;0;0;0;0;0;0;0;0;0;0;0;0;0;0;0;0;0;0;0;0;0;0;0;0;0;0
110008;Spinazzola;1;0;1;0;1;0;0;2;1;0;0;0;0;1;0;0;0;1;0;0;0;0;0;0;0;1;0;0;1;0;1;2;1;1;1;0;0;2;2;0;0;1;0;0;0;0;1;0;2;0;0;0;0;0;1;0;0;0;0;1;0;0;0;0;0;0;0;0;0;0;0;0;0;0;0;0;0;0;0;0;1;0;0;0;0;0;0;0;0;0;0;0;0;0;0;0;0;0;0;0;0
110009;Trani;8;13;6;6;2;2;4;8;5;2;1;1;2;2;1;3;0;1;5;1;3;5;3;7;6;7;11;5;10;3;12;7;6;10;9;5;5;9;1;5;5;8;7;7;3;4;5;3;2;2;3;3;5;1;0;1;2;1;2;1;0;1;0;2;0;1;2;1;0;0;2;0;1;0;0;1;1;1;0;0;0;0;0;2;0;0;0;0;0;0;0;1;1;0;0;0;0;0;0;0;0
110010;Trinitapoli;2;1;0;2;1;0;0;2;1;1;0;1;0;0;3;1;0;0;0;2;1;0;2;1;0;1;0;1;1;0;1;1;4;0;0;0;1;0;1;0;1;2;1;2;0;0;1;0;0;0;2;0;0;0;0;0;0;0;1;1;0;0;0;0;1;0;0;0;0;0;0;0;0;0;0;0;0;0;0;0;0;0;0;0;0;0;0;0;0;0;0;0;0;0;0;0;0;0;0;0;0
;Totale;24;29;26;20;15;14;14;23;19;14;9;12;14;12;9;14;6;12;14;13;18;13;21;18;20;29;35;38;47;26;45;33;33;34;31;29;17;33;21;16;21;29;31;34;12;19;19;11;14;10;10;8;11;7;6;5;6;3;7;6;1;3;1;3;6;3;4;6;2;1;3;3;1;1;2;2;1;2;1;1;1;0;0;2;1;0;0;0;0;0;0;1;1;0;0;0;0;0;0;0;0

"Ricostruzione della popolazione intercensuaria - Popolazione al 1° gennaio per età"
"Cittadinanza straniera - Anno: 2004 - Provincia: Barletta-Andria-Trani"
Territorio/Età;;0;1;2;3;4;5;6;7;8;9;10;11;12;13;14;15;16;17;18;19;20;21;22;23;24;25;26;27;28;29;30;31;32;33;34;35;36;37;38;39;40;41;42;43;44;45;46;47;48;49;50;51;52;53;54;55;56;57;58;59;60;61;62;63;64;65;66;67;68;69;70;71;72;73;74;75;76;77;78;79;80;81;82;83;84;85;86;87;88;89;90;91;92;93;94;95;96;97;98;99;100
Codice comune;Comune;Totale
110001;Andria;6;3;3;0;7;2;3;2;4;3;5;3;3;0;3;2;1;0;0;0;0;1;6;6;1;5;4;4;7;8;10;13;8;10;8;11;14;9;11;7;8;11;7;8;7;2;2;3;4;0;5;4;3;4;2;2;1;0;0;1;1;0;0;0;1;1;2;0;1;2;2;0;0;0;1;0;0;0;0;0;0;0;0;0;0;1;0;0;0;0;0;0;0;0;0;0;0;0;0;0;0
110002;Barletta;16;12;10;16;10;12;8;9;8;10;8;11;16;9;3;9;9;2;12;3;14;17;2;11;16;12;17;23;31;27;22;28;28;26;36;19;27;17;21;26;20;23;19;12;14;14;11;12;8;7;1;3;3;4;2;3;2;2;1;2;1;1;1;1;0;3;0;2;2;0;0;0;1;0;0;0;1;1;0;0;0;0;0;0;0;0;0;0;1;0;0;0;0;0;0;0;0;0;0;0;0
110003;Bisceglie;4;2;2;6;4;1;3;4;6;3;2;1;4;1;4;3;4;2;1;4;1;4;2;12;5;1;6;8;14;12;17;16;30;12;11;10;12;8;5;7;5;12;5;8;8;5;0;2;11;4;4;4;5;0;1;0;2;2;3;0;1;0;2;2;0;1;1;1;1;2;0;0;0;0;0;0;0;0;1;0;0;0;0;0;0;0;0;0;0;0;0;0;0;0;0;0;0;0;0;0;0
110004;Canosa di Puglia;7;9;6;4;5;7;2;5;4;5;4;1;5;1;4;4;1;1;6;0;6;6;5;3;4;5;11;11;10;18;10;8;9;6;17;4;10;13;10;11;7;9;7;9;5;5;10;2;7;7;7;5;0;9;1;4;2;2;2;3;0;0;0;0;0;2;0;0;1;0;1;0;0;0;0;1;0;0;1;1;1;0;0;0;0;0;0;0;0;0;0;0;0;0;0;0;0;0;0;0;0
110005;Margherita di Savoia;2;2;2;1;3;3;3;1;3;2;7;7;4;4;2;1;6;1;1;3;2;3;1;0;2;3;4;4;3;6;5;5;0;5;5;4;3;5;3;6;4;4;3;6;0;3;3;0;4;3;4;2;2;1;1;0;0;1;0;0;0;0;0;0;0;1;0;2;0;0;0;0;1;0;0;1;0;0;1;0;0;0;0;0;0;0;0;0;0;0;0;0;0;0;0;0;0;0;0;0;0
110006;Minervino Murge;1;0;0;0;0;1;1;1;0;0;0;1;1;1;0;0;1;1;0;2;0;0;0;0;0;2;1;0;1;2;4;1;2;1;2;3;1;2;1;1;0;0;2;0;0;1;0;0;0;0;0;0;0;0;0;0;0;0;1;0;0;0;0;0;0;0;0;0;1;0;0;0;0;0;0;0;0;0;0;0;0;0;0;0;0;0;0;0;0;0;0;1;0;0;0;0;0;0;0;0;0
110007;San Ferdinando di Puglia;4;1;1;1;3;2;0;2;1;2;3;2;1;0;4;2;1;1;0;1;2;2;2;2;4;3;2;4;6;10;0;7;8;7;5;6;3;4;10;8;4;6;5;7;5;4;5;5;3;4;0;2;2;2;1;0;1;0;3;1;0;0;1;0;0;0;0;0;0;0;1;2;0;0;1;0;0;0;0;0;0;0;0;0;0;0;0;0;0;0;0;0;0;0;0;0;0;0;0;0;0
110008;Spinazzola;0;3;1;1;1;1;0;0;0;1;0;1;0;0;1;0;1;0;1;1;0;0;0;1;0;0;1;0;1;0;0;2;3;3;3;2;1;2;6;2;0;0;2;1;0;1;1;1;0;2;0;1;0;0;0;1;0;0;0;0;1;0;0;0;0;0;0;0;0;0;0;0;0;0;0;0;0;0;0;0;0;1;0;0;0;0;0;0;0;0;0;0;0;0;0;0;0;0;0;0;0
110009;Trani;12;17;18;14;13;7;10;5;11;11;4;6;9;12;8;5;6;2;5;13;12;8;12;14;16;17;23;22;26;25;14;22;23;22;29;20;14;14;22;13;14;16;17;15;15;9;10;17;9;4;3;6;6;6;7;3;2;2;1;4;4;3;2;2;3;0;2;3;2;2;1;1;2;1;1;1;1;0;1;0;0;1;1;0;1;1;0;0;0;0;1;0;1;0;0;0;0;0;0;0;0
110010;Trinitapoli;2;0;3;0;2;1;1;1;1;1;1;0;3;1;0;1;0;0;1;2;1;3;1;4;1;1;1;0;0;4;0;4;4;5;1;0;3;1;0;4;3;4;1;2;3;1;4;2;0;0;3;2;0;0;0;0;0;2;1;1;0;0;0;0;0;1;0;0;0;0;0;0;0;0;0;0;0;0;0;0;0;0;0;0;0;0;0;0;0;0;0;0;0;0;0;0;0;0;0;0;0
;Totale;54;49;46;43;48;37;31;30;38;38;34;33;46;29;29;27;30;10;27;29;38;44;31;53;49;49;70;76;99;112;82;106;115;97;117;79;88;75;89;85;65;85;68;68;57;45;46;44;46;31;27;29;21;26;15;13;10;11;12;12;8;4;6;5;4;9;5;8;8;6;5;3;4;1;3;3;2;1;4;1;1;2;1;0;1;2;0;0;1;0;1;1;1;0;0;0;0;0;0;0;0
Territorio/Età;;0;1;2;3;4;5;6;7;8;9;10;11;12;13;14;15;16;17;18;19;20;21;22;23;24;25;26;27;28;29;30;31;32;33;34;35;36;37;38;39;40;41;42;43;44;45;46;47;48;49;50;51;52;53;54;55;56;57;58;59;60;61;62;63;64;65;66;67;68;69;70;71;72;73;74;75;76;77;78;79;80;81;82;83;84;85;86;87;88;89;90;91;92;93;94;95;96;97;98;99;100
Codice comune;Comune;Maschi
110001;Andria;3;3;1;0;5;0;1;0;3;2;2;1;3;0;1;2;0;0;0;0;0;1;5;5;0;3;3;0;0;2;6;5;4;4;3;9;9;5;7;3;6;6;4;2;7;2;2;0;3;0;2;1;3;2;2;0;0;0;0;1;0;0;0;0;0;1;0;0;0;2;2;0;0;0;0;0;0;0;0;0;0;0;0;0;0;0;0;0;0;0;0;0;0;0;0;0;0;0;0;0;0
110002;Barletta;5;4;6;7;4;6;1;4;7;5;6;5;7;1;2;6;5;0;7;3;10;8;0;3;13;2;9;11;12;14;12;17;17;17;23;15;23;10;12;22;14;18;9;6;1;7;4;7;4;5;0;2;3;3;1;3;1;1;0;1;0;0;0;0;0;1;0;1;0;0;0;0;0;0;0;0;0;1;0;0;0;0;0;0;0;0;0;0;1;0;0;0;0;0;0;0;0;0;0;0;0
110003;Bisceglie;1;2;1;4;1;1;0;4;1;0;2;1;3;0;1;3;2;1;1;0;1;3;0;3;4;0;4;2;6;7;12;10;16;12;5;6;7;6;2;5;5;6;2;4;0;3;0;0;6;1;3;2;3;0;0;0;0;1;2;0;0;0;1;2;0;0;1;1;1;0;0;0;0;0;0;0;0;0;0;0;0;0;0;0;0;0;0;0;0;0;0;0;0;0;0;0;0;0;0;0;0
110004;Canosa di Puglia;4;7;3;1;3;4;1;4;2;1;1;0;4;0;3;1;1;0;2;0;4;3;1;0;4;5;3;8;4;8;8;4;4;2;12;1;6;10;7;6;4;5;7;7;1;2;4;2;3;2;3;4;0;4;0;2;0;0;2;0;0;0;0;0;0;1;0;0;0;0;0;0;0;0;0;0;0;0;1;0;0;0;0;0;0;0;0;0;0;0;0;0;0;0;0;0;0;0;0;0;0
110005;Margherita di Savoia;1;2;0;1;3;2;3;0;2;1;7;5;3;3;1;1;2;1;1;2;2;3;1;0;1;0;1;0;0;0;2;2;0;3;3;2;1;2;1;4;2;2;2;2;0;1;2;0;1;2;1;1;0;1;0;0;0;1;0;0;0;0;0;0;0;0;0;1;0;0;0;0;0;0;0;0;0;0;1;0;0;0;0;0;0;0;0;0;0;0;0;0;0;0;0;0;0;0;0;0;0
110006;Minervino Murge;1;0;0;0;0;1;0;1;0;0;0;1;1;0;0;0;1;1;0;1;0;0;0;0;0;1;1;0;1;1;1;0;0;1;0;0;0;1;0;0;0;0;1;0;0;0;0;0;0;0;0;0;0;0;0;0;0;0;1;0;0;0;0;0;0;0;0;0;0;0;0;0;0;0;0;0;0;0;0;0;0;0;0;0;0;0;0;0;0;0;0;1;0;0;0;0;0;0;0;0;0
110007;San Ferdinando di Puglia;2;0;0;0;2;1;0;2;0;2;1;1;0;0;1;1;1;0;0;1;2;1;0;2;1;0;1;1;4;6;0;3;5;5;2;2;1;3;6;5;3;5;5;4;2;3;2;2;2;1;0;2;1;0;0;0;1;0;3;1;0;0;1;0;0;0;0;0;0;0;0;1;0;0;1;0;0;0;0;0;0;0;0;0;0;0;0;0;0;0;0;0;0;0;0;0;0;0;0;0;0
110008;Spinazzola;0;2;1;0;1;0;0;0;0;0;0;1;0;0;0;0;1;0;0;1;0;0;0;1;0;0;0;0;0;0;0;0;1;2;2;0;0;1;4;1;0;0;0;0;0;1;1;0;0;0;0;1;0;0;0;0;0;0;0;0;0;0;0;0;0;0;0;0;0;0;0;0;0;0;0;0;0;0;0;0;0;0;0;0;0;0;0;0;0;0;0;0;0;0;0;0;0;0;0;0;0
110009;Trani;5;8;6;8;7;3;7;1;6;5;2;3;6;9;5;5;3;2;4;7;11;1;5;10;6;9;11;10;17;16;10;8;11;14;20;10;10;8;14;11;8;11;8;7;7;5;6;11;4;2;2;2;2;2;4;1;0;0;0;2;2;2;1;0;0;0;0;1;0;1;1;0;2;0;1;0;1;0;0;0;0;1;0;0;0;1;0;0;0;0;0;0;0;0;0;0;0;0;0;0;0
110010;Trinitapoli;2;0;1;0;1;0;1;1;0;1;0;0;3;1;0;0;0;0;0;2;0;2;0;1;0;0;0;0;0;2;0;3;2;2;1;0;2;1;0;3;2;3;0;0;1;0;4;1;0;0;1;0;0;0;0;0;0;2;1;0;0;0;0;0;0;0;0;0;0;0;0;0;0;0;0;0;0;0;0;0;0;0;0;0;0;0;0;0;0;0;0;0;0;0;0;0;0;0;0;0;0
;Totale;24;28;19;21;27;18;14;17;21;17;21;18;30;14;14;19;16;5;15;17;30;22;12;25;29;20;33;32;44;56;51;52;60;62;71;45;59;47;53;60;44;56;38;32;19;24;25;23;23;13;12;15;12;12;7;6;2;5;9;5;2;2;3;2;0;3;1;4;1;3;3;1;2;0;2;0;1;1;2;0;0;1;0;0;0;1;0;0;1;0;0;1;0;0;0;0;0;0;0;0;0
Territorio/Età;;0;1;2;3;4;5;6;7;8;9;10;11;12;13;14;15;16;17;18;19;20;21;22;23;24;25;26;27;28;29;30;31;32;33;34;35;36;37;38;39;40;41;42;43;44;45;46;47;48;49;50;51;52;53;54;55;56;57;58;59;60;61;62;63;64;65;66;67;68;69;70;71;72;73;74;75;76;77;78;79;80;81;82;83;84;85;86;87;88;89;90;91;92;93;94;95;96;97;98;99;100
Codice comune;Comune;Femmine
110001;Andria;3;0;2;0;2;2;2;2;1;1;3;2;0;0;2;0;1;0;0;0;0;0;1;1;1;2;1;4;7;6;4;8;4;6;5;2;5;4;4;4;2;5;3;6;0;0;0;3;1;0;3;3;0;2;0;2;1;0;0;0;1;0;0;0;1;0;2;0;1;0;0;0;0;0;1;0;0;0;0;0;0;0;0;0;0;1;0;0;0;0;0;0;0;0;0;0;0;0;0;0;0
110002;Barletta;11;8;4;9;6;6;7;5;1;5;2;6;9;8;1;3;4;2;5;0;4;9;2;8;3;10;8;12;19;13;10;11;11;9;13;4;4;7;9;4;6;5;10;6;13;7;7;5;4;2;1;1;0;1;1;0;1;1;1;1;1;1;1;1;0;2;0;1;2;0;0;0;1;0;0;0;1;0;0;0;0;0;0;0;0;0;0;0;0;0;0;0;0;0;0;0;0;0;0;0;0
110003;Bisceglie;3;0;1;2;3;0;3;0;5;3;0;0;1;1;3;0;2;1;0;4;0;1;2;9;1;1;2;6;8;5;5;6;14;0;6;4;5;2;3;2;0;6;3;4;8;2;0;2;5;3;1;2;2;0;1;0;2;1;1;0;1;0;1;0;0;1;0;0;0;2;0;0;0;0;0;0;0;0;1;0;0;0;0;0;0;0;0;0;0;0;0;0;0;0;0;0;0;0;0;0;0
110004;Canosa di Puglia;3;2;3;3;2;3;1;1;2;4;3;1;1;1;1;3;0;1;4;0;2;3;4;3;0;0;8;3;6;10;2;4;5;4;5;3;4;3;3;5;3;4;0;2;4;3;6;0;4;5;4;1;0;5;1;2;2;2;0;3;0;0;0;0;0;1;0;0;1;0;1;0;0;0;0;1;0;0;0;1;1;0;0;0;0;0;0;0;0;0;0;0;0;0;0;0;0;0;0;0;0
110005;Margherita di Savoia;1;0;2;0;0;1;0;1;1;1;0;2;1;1;1;0;4;0;0;1;0;0;0;0;1;3;3;4;3;6;3;3;0;2;2;2;2;3;2;2;2;2;1;4;0;2;1;0;3;1;3;1;2;0;1;0;0;0;0;0;0;0;0;0;0;1;0;1;0;0;0;0;1;0;0;1;0;0;0;0;0;0;0;0;0;0;0;0;0;0;0;0;0;0;0;0;0;0;0;0;0
110006;Minervino Murge;0;0;0;0;0;0;1;0;0;0;0;0;0;1;0;0;0;0;0;1;0;0;0;0;0;1;0;0;0;1;3;1;2;0;2;3;1;1;1;1;0;0;1;0;0;1;0;0;0;0;0;0;0;0;0;0;0;0;0;0;0;0;0;0;0;0;0;0;1;0;0;0;0;0;0;0;0;0;0;0;0;0;0;0;0;0;0;0;0;0;0;0;0;0;0;0;0;0;0;0;0
110007;San Ferdinando di Puglia;2;1;1;1;1;1;0;0;1;0;2;1;1;0;3;1;0;1;0;0;0;1;2;0;3;3;1;3;2;4;0;4;3;2;3;4;2;1;4;3;1;1;0;3;3;1;3;3;1;3;0;0;1;2;1;0;0;0;0;0;0;0;0;0;0;0;0;0;0;0;1;1;0;0;0;0;0;0;0;0;0;0;0;0;0;0;0;0;0;0;0;0;0;0;0;0;0;0;0;0;0
110008;Spinazzola;0;1;0;1;0;1;0;0;0;1;0;0;0;0;1;0;0;0;1;0;0;0;0;0;0;0;1;0;1;0;0;2;2;1;1;2;1;1;2;1;0;0;2;1;0;0;0;1;0;2;0;0;0;0;0;1;0;0;0;0;1;0;0;0;0;0;0;0;0;0;0;0;0;0;0;0;0;0;0;0;0;1;0;0;0;0;0;0;0;0;0;0;0;0;0;0;0;0;0;0;0
110009;Trani;7;9;12;6;6;4;3;4;5;6;2;3;3;3;3;0;3;0;1;6;1;7;7;4;10;8;12;12;9;9;4;14;12;8;9;10;4;6;8;2;6;5;9;8;8;4;4;6;5;2;1;4;4;4;3;2;2;2;1;2;2;1;1;2;3;0;2;2;2;1;0;1;0;1;0;1;0;0;1;0;0;0;1;0;1;0;0;0;0;0;1;0;1;0;0;0;0;0;0;0;0
110010;Trinitapoli;0;0;2;0;1;1;0;0;1;0;1;0;0;0;0;1;0;0;1;0;1;1;1;3;1;1;1;0;0;2;0;1;2;3;0;0;1;0;0;1;1;1;1;2;2;1;0;1;0;0;2;2;0;0;0;0;0;0;0;1;0;0;0;0;0;1;0;0;0;0;0;0;0;0;0;0;0;0;0;0;0;0;0;0;0;0;0;0;0;0;0;0;0;0;0;0;0;0;0;0;0
;Totale;30;21;27;22;21;19;17;13;17;21;13;15;16;15;15;8;14;5;12;12;8;22;19;28;20;29;37;44;55;56;31;54;55;35;46;34;29;28;36;25;21;29;30;36;38;21;21;21;23;18;15;14;9;14;8;7;8;6;3;7;6;2;3;3;4;6;4;4;7;3;2;2;2;1;1;3;1;0;2;1;1;1;1;0;1;1;0;0;0;0;1;0;1;0;0;0;0;0;0;0;0

"Ricostruzione della popolazione intercensuaria - Popolazione al 1° gennaio per età"
"Cittadinanza straniera - Anno: 2005 - Provincia: Barletta-Andria-Trani"
Territorio/Età;;0;1;2;3;4;5;6;7;8;9;10;11;12;13;14;15;16;17;18;19;20;21;22;23;24;25;26;27;28;29;30;31;32;33;34;35;36;37;38;39;40;41;42;43;44;45;46;47;48;49;50;51;52;53;54;55;56;57;58;59;60;61;62;63;64;65;66;67;68;69;70;71;72;73;74;75;76;77;78;79;80;81;82;83;84;85;86;87;88;89;90;91;92;93;94;95;96;97;98;99;100
Codice comune;Comune;Totale
110001;Andria;2;6;4;3;0;6;3;3;1;4;3;3;3;3;0;2;3;1;0;0;0;0;2;4;7;2;7;5;4;14;9;12;15;7;8;10;12;13;10;13;10;10;12;6;6;7;2;2;5;1;2;6;3;1;5;2;2;1;0;0;2;1;0;0;0;1;1;1;0;1;1;2;0;0;0;1;0;0;0;0;0;0;0;0;0;0;1;0;0;0;0;0;0;0;0;0;0;0;0;0;0
110002;Barletta;15;14;12;9;12;9;12;7;6;7;11;10;10;14;9;2;6;8;1;9;3;10;14;2;10;13;9;15;22;28;28;22;29;31;22;33;20;22;17;21;29;18;21;16;10;15;15;9;11;8;3;0;1;3;3;1;4;4;2;2;2;1;1;1;2;0;4;0;2;2;0;0;0;1;0;0;0;1;1;0;1;0;0;0;0;1;0;0;0;1;0;0;0;0;0;0;0;0;0;0;0
110003;Bisceglie;4;5;2;5;5;3;2;3;4;6;3;2;2;4;5;4;5;4;1;0;5;2;0;0;12;4;2;14;9;10;15;19;15;25;11;9;10;12;8;6;11;5;18;7;9;7;6;0;2;10;4;4;3;5;0;2;0;3;2;3;0;1;0;2;2;0;1;1;1;1;2;1;0;0;0;0;0;0;0;1;0;0;0;0;0;0;0;0;0;0;0;0;0;0;0;0;0;0;0;0;0
110004;Canosa di Puglia;6;6;10;5;4;5;7;2;5;4;6;4;1;4;1;7;6;3;2;5;0;6;7;5;1;6;7;12;11;13;14;11;11;8;7;16;4;9;10;10;13;8;9;8;8;5;4;12;2;7;9;7;6;0;8;2;3;2;2;3;3;1;0;2;0;0;2;0;0;1;0;0;0;0;0;0;0;0;0;1;1;1;0;0;0;0;0;0;0;0;0;0;0;0;0;0;0;0;0;0;0
110005;Margherita di Savoia;0;0;3;2;1;3;2;4;1;4;2;6;7;4;4;2;1;6;2;1;3;2;3;3;0;2;3;4;4;5;5;4;6;0;6;5;4;3;6;3;4;3;4;2;5;0;3;2;0;4;3;4;1;2;1;1;0;0;1;0;0;1;0;0;0;0;1;0;2;0;0;0;0;1;0;0;1;0;0;1;0;0;0;0;0;0;0;0;0;0;0;0;0;0;0;0;0;0;0;0;0
110006;Minervino Murge;1;1;0;0;0;0;1;1;1;0;0;0;1;1;0;0;0;1;1;0;2;0;0;0;0;0;2;1;1;1;2;5;2;3;1;1;2;1;2;1;0;0;0;2;0;0;2;1;0;0;0;0;0;0;0;0;0;0;0;1;0;0;0;0;0;0;0;0;0;0;0;0;0;0;0;0;0;0;0;0;0;0;0;0;0;0;0;0;0;0;0;0;0;0;0;0;0;0;0;0;0
110007;San Ferdinando di Puglia;3;2;1;1;1;3;2;0;2;1;2;3;1;1;0;4;0;0;0;0;0;2;2;3;2;4;4;2;3;9;9;0;7;10;6;4;5;1;3;8;8;4;5;4;5;5;4;5;5;1;4;0;2;1;1;1;0;1;0;3;1;0;0;1;0;0;0;0;0;0;0;1;2;1;0;1;0;0;0;0;0;0;0;0;0;0;0;0;0;0;0;0;0;0;0;0;0;0;0;0;0
110008;Spinazzola;0;0;5;1;1;1;1;1;0;0;1;0;1;0;0;1;0;1;0;1;0;0;0;0;1;0;1;0;0;2;1;0;2;1;4;3;3;2;1;4;0;0;1;2;1;0;1;2;1;2;2;1;1;0;0;0;1;0;0;0;0;1;0;0;0;0;0;0;0;0;0;0;0;0;0;0;0;0;0;0;0;0;1;0;0;0;0;0;0;0;0;0;0;0;0;0;0;0;0;0;0
110009;Trani;27;13;16;18;15;13;8;11;4;11;10;5;5;8;10;7;5;7;5;8;18;14;13;14;17;20;22;28;26;32;29;21;23;22;29;30;23;17;15;21;13;16;17;19;14;15;7;11;16;12;4;4;4;7;5;8;2;1;2;1;5;4;2;3;2;4;0;2;2;1;2;1;1;0;1;1;1;1;0;1;0;0;0;1;0;0;1;0;0;0;0;1;0;1;0;0;0;0;0;0;0
110010;Trinitapoli;1;2;0;3;0;2;1;1;1;1;1;1;0;2;2;0;0;0;0;2;2;2;5;1;4;2;4;1;1;2;6;1;4;4;4;3;0;3;1;0;4;3;3;0;3;3;2;3;3;1;0;3;2;0;1;0;0;0;2;1;1;0;0;0;0;0;1;0;0;0;0;0;0;0;0;0;0;0;0;0;0;0;0;0;0;0;0;0;0;0;0;0;0;0;0;0;0;0;0;0;0
;Totale;59;49;53;47;39;45;39;33;25;38;39;34;31;41;31;29;26;31;12;26;33;38;46;32;54;53;61;82;81;116;118;95;114;111;98;114;83;83;73;87;92;67;90;66;61;57;46;47;45;46;31;29;23;19;24;17;12;12;11;14;14;10;3;9;6;5;10;4;7;6;5;5;3;3;1;3;2;2;1;4;2;1;1;1;0;1;2;0;0;1;0;1;0;1;0;0;0;0;0;0;0
Territorio/Età;;0;1;2;3;4;5;6;7;8;9;10;11;12;13;14;15;16;17;18;19;20;21;22;23;24;25;26;27;28;29;30;31;32;33;34;35;36;37;38;39;40;41;42;43;44;45;46;47;48;49;50;51;52;53;54;55;56;57;58;59;60;61;62;63;64;65;66;67;68;69;70;71;72;73;74;75;76;77;78;79;80;81;82;83;84;85;86;87;88;89;90;91;92;93;94;95;96;97;98;99;100
Codice comune;Comune;Maschi
110001;Andria;1;3;4;0;0;4;0;1;0;3;3;2;1;3;0;1;3;0;0;0;0;0;2;3;5;0;3;4;1;5;3;9;7;5;4;4;10;8;5;8;4;6;8;2;1;6;2;2;0;0;2;2;1;1;2;2;0;0;0;0;1;0;0;0;0;0;1;0;0;0;1;2;0;0;0;0;0;0;0;0;0;0;0;0;0;0;0;0;0;0;0;0;0;0;0;0;0;0;0;0;0
110002;Barletta;9;3;3;4;4;5;6;0;2;6;5;6;5;6;3;1;4;3;0;6;3;9;6;0;2;11;1;11;10;11;14;13;16;21;16;21;14;20;11;13;22;13;14;7;5;0;6;3;7;4;3;0;1;2;3;1;4;1;1;1;1;0;0;0;0;0;1;0;1;0;0;0;0;0;0;0;0;0;1;0;0;0;0;0;0;1;0;0;0;1;0;0;0;0;0;0;0;0;0;0;0
110003;Bisceglie;1;1;2;2;4;1;1;0;4;1;1;2;1;3;4;1;4;2;0;0;0;2;0;0;2;3;0;8;3;3;8;13;10;12;11;3;7;7;6;2;9;5;7;3;4;1;4;0;0;5;1;4;2;3;0;1;0;0;1;2;0;0;0;1;2;0;0;1;1;1;0;0;0;0;0;0;0;0;0;0;0;0;0;0;0;0;0;0;0;0;0;0;0;0;0;0;0;0;0;0;0
110004;Canosa di Puglia;3;4;8;2;2;3;4;1;4;2;1;1;0;3;0;2;3;3;0;1;0;4;4;1;0;5;5;3;6;6;7;8;5;3;3;12;1;5;7;7;5;4;4;7;7;1;2;6;2;3;2;3;4;0;3;1;2;0;0;2;0;0;0;1;0;0;1;0;0;0;0;0;0;0;0;0;0;0;0;1;0;0;0;0;0;0;0;0;0;0;0;0;0;0;0;0;0;0;0;0;0
110005;Margherita di Savoia;0;0;2;0;1;3;1;4;0;3;1;6;5;3;3;1;1;2;2;1;2;1;3;2;0;1;0;1;0;0;1;1;1;0;3;2;2;1;3;1;3;1;2;2;2;0;1;2;0;1;2;1;0;0;1;0;0;0;1;0;0;0;0;0;0;0;0;0;1;0;0;0;0;0;0;0;0;0;0;1;0;0;0;0;0;0;0;0;0;0;0;0;0;0;0;0;0;0;0;0;0
110006;Minervino Murge;1;1;0;0;0;0;1;0;1;0;0;0;1;1;0;0;0;1;1;0;1;0;0;0;0;0;1;1;0;1;1;1;0;1;1;0;1;0;1;0;0;0;0;1;0;0;1;0;0;0;0;0;0;0;0;0;0;0;0;0;0;0;0;0;0;0;0;0;0;0;0;0;0;0;0;0;0;0;0;0;0;0;0;0;0;0;0;0;0;0;0;0;0;0;0;0;0;0;0;0;0
110007;San Ferdinando di Puglia;2;1;0;0;0;1;1;0;2;0;2;1;1;0;0;1;0;0;0;0;0;2;0;0;1;0;0;0;0;6;5;0;3;5;5;1;1;0;3;5;5;3;5;4;3;2;3;2;2;1;1;0;2;0;0;0;0;1;0;3;1;0;0;1;0;0;0;0;0;0;0;0;1;0;0;1;0;0;0;0;0;0;0;0;0;0;0;0;0;0;0;0;0;0;0;0;0;0;0;0;0
110008;Spinazzola;0;0;3;1;0;1;0;0;0;0;0;0;1;0;0;0;0;1;0;0;0;0;0;0;0;0;1;0;0;0;1;0;0;1;2;2;0;1;1;2;0;0;1;0;0;0;1;1;0;0;0;0;1;0;0;0;0;0;0;0;0;0;0;0;0;0;0;0;0;0;0;0;0;0;0;0;0;0;0;0;0;0;0;0;0;0;0;0;0;0;0;0;0;0;0;0;0;0;0;0;0
110009;Trani;13;5;8;6;8;7;3;7;1;7;5;3;2;6;8;5;5;4;5;5;10;13;4;7;11;8;12;14;14;20;20;14;8;13;16;21;11;11;10;14;11;11;12;10;6;7;3;6;10;6;2;2;1;2;2;5;1;0;0;0;2;2;2;1;0;0;0;0;1;0;1;1;0;0;0;1;0;1;0;0;0;0;0;0;0;0;1;0;0;0;0;0;0;0;0;0;0;0;0;0;0
110010;Trinitapoli;0;2;0;1;0;1;0;1;1;0;1;0;0;2;2;0;0;0;0;0;2;1;3;1;2;0;0;0;1;2;4;1;3;1;1;1;0;2;1;0;3;2;2;0;0;1;1;3;1;0;0;1;0;0;0;0;0;0;2;1;0;0;0;0;0;0;0;0;0;0;0;0;0;0;0;0;0;0;0;0;0;0;0;0;0;0;0;0;0;0;0;0;0;0;0;0;0;0;0;0;0
;Totale;30;20;30;16;19;26;17;14;15;22;19;21;17;27;20;12;20;16;8;13;18;32;22;14;23;28;23;42;35;54;64;60;53;62;62;67;47;55;48;52;62;45;55;36;28;18;24;25;22;20;13;13;12;8;11;10;7;2;5;9;5;2;2;4;2;0;3;1;4;1;2;3;1;0;0;2;0;1;1;2;0;0;0;0;0;1;1;0;0;1;0;0;0;0;0;0;0;0;0;0;0
Territorio/Età;;0;1;2;3;4;5;6;7;8;9;10;11;12;13;14;15;16;17;18;19;20;21;22;23;24;25;26;27;28;29;30;31;32;33;34;35;36;37;38;39;40;41;42;43;44;45;46;47;48;49;50;51;52;53;54;55;56;57;58;59;60;61;62;63;64;65;66;67;68;69;70;71;72;73;74;75;76;77;78;79;80;81;82;83;84;85;86;87;88;89;90;91;92;93;94;95;96;97;98;99;100
Codice comune;Comune;Femmine
110001;Andria;1;3;0;3;0;2;3;2;1;1;0;1;2;0;0;1;0;1;0;0;0;0;0;1;2;2;4;1;3;9;6;3;8;2;4;6;2;5;5;5;6;4;4;4;5;1;0;0;5;1;0;4;2;0;3;0;2;1;0;0;1;1;0;0;0;1;0;1;0;1;0;0;0;0;0;1;0;0;0;0;0;0;0;0;0;0;1;0;0;0;0;0;0;0;0;0;0;0;0;0;0
110002;Barletta;6;11;9;5;8;4;6;7;4;1;6;4;5;8;6;1;2;5;1;3;0;1;8;2;8;2;8;4;12;17;14;9;13;10;6;12;6;2;6;8;7;5;7;9;5;15;9;6;4;4;0;0;0;1;0;0;0;3;1;1;1;1;1;1;2;0;3;0;1;2;0;0;0;1;0;0;0;1;0;0;1;0;0;0;0;0;0;0;0;0;0;0;0;0;0;0;0;0;0;0;0
110003;Bisceglie;3;4;0;3;1;2;1;3;0;5;2;0;1;1;1;3;1;2;1;0;5;0;0;0;10;1;2;6;6;7;7;6;5;13;0;6;3;5;2;4;2;0;11;4;5;6;2;0;2;5;3;0;1;2;0;1;0;3;1;1;0;1;0;1;0;0;1;0;0;0;2;1;0;0;0;0;0;0;0;1;0;0;0;0;0;0;0;0;0;0;0;0;0;0;0;0;0;0;0;0;0
110004;Canosa di Puglia;3;2;2;3;2;2;3;1;1;2;5;3;1;1;1;5;3;0;2;4;0;2;3;4;1;1;2;9;5;7;7;3;6;5;4;4;3;4;3;3;8;4;5;1;1;4;2;6;0;4;7;4;2;0;5;1;1;2;2;1;3;1;0;1;0;0;1;0;0;1;0;0;0;0;0;0;0;0;0;0;1;1;0;0;0;0;0;0;0;0;0;0;0;0;0;0;0;0;0;0;0
110005;Margherita di Savoia;0;0;1;2;0;0;1;0;1;1;1;0;2;1;1;1;0;4;0;0;1;1;0;1;0;1;3;3;4;5;4;3;5;0;3;3;2;2;3;2;1;2;2;0;3;0;2;0;0;3;1;3;1;2;0;1;0;0;0;0;0;1;0;0;0;0;1;0;1;0;0;0;0;1;0;0;1;0;0;0;0;0;0;0;0;0;0;0;0;0;0;0;0;0;0;0;0;0;0;0;0
110006;Minervino Murge;0;0;0;0;0;0;0;1;0;0;0;0;0;0;0;0;0;0;0;0;1;0;0;0;0;0;1;0;1;0;1;4;2;2;0;1;1;1;1;1;0;0;0;1;0;0;1;1;0;0;0;0;0;0;0;0;0;0;0;1;0;0;0;0;0;0;0;0;0;0;0;0;0;0;0;0;0;0;0;0;0;0;0;0;0;0;0;0;0;0;0;0;0;0;0;0;0;0;0;0;0
110007;San Ferdinando di Puglia;1;1;1;1;1;2;1;0;0;1;0;2;0;1;0;3;0;0;0;0;0;0;2;3;1;4;4;2;3;3;4;0;4;5;1;3;4;1;0;3;3;1;0;0;2;3;1;3;3;0;3;0;0;1;1;1;0;0;0;0;0;0;0;0;0;0;0;0;0;0;0;1;1;1;0;0;0;0;0;0;0;0;0;0;0;0;0;0;0;0;0;0;0;0;0;0;0;0;0;0;0
110008;Spinazzola;0;0;2;0;1;0;1;1;0;0;1;0;0;0;0;1;0;0;0;1;0;0;0;0;1;0;0;0;0;2;0;0;2;0;2;1;3;1;0;2;0;0;0;2;1;0;0;1;1;2;2;1;0;0;0;0;1;0;0;0;0;1;0;0;0;0;0;0;0;0;0;0;0;0;0;0;0;0;0;0;0;0;1;0;0;0;0;0;0;0;0;0;0;0;0;0;0;0;0;0;0
110009;Trani;14;8;8;12;7;6;5;4;3;4;5;2;3;2;2;2;0;3;0;3;8;1;9;7;6;12;10;14;12;12;9;7;15;9;13;9;12;6;5;7;2;5;5;9;8;8;4;5;6;6;2;2;3;5;3;3;1;1;2;1;3;2;0;2;2;4;0;2;1;1;1;0;1;0;1;0;1;0;0;1;0;0;0;1;0;0;0;0;0;0;0;1;0;1;0;0;0;0;0;0;0
110010;Trinitapoli;1;0;0;2;0;1;1;0;0;1;0;1;0;0;0;0;0;0;0;2;0;1;2;0;2;2;4;1;0;0;2;0;1;3;3;2;0;1;0;0;1;1;1;0;3;2;1;0;2;1;0;2;2;0;1;0;0;0;0;0;1;0;0;0;0;0;1;0;0;0;0;0;0;0;0;0;0;0;0;0;0;0;0;0;0;0;0;0;0;0;0;0;0;0;0;0;0;0;0;0;0
;Totale;29;29;23;31;20;19;22;19;10;16;20;13;14;14;11;17;6;15;4;13;15;6;24;18;31;25;38;40;46;62;54;35;61;49;36;47;36;28;25;35;30;22;35;30;33;39;22;22;23;26;18;16;11;11;13;7;5;10;6;5;9;8;1;5;4;5;7;3;3;5;3;2;2;3;1;1;2;1;0;2;2;1;1;1;0;0;1;0;0;0;0;1;0;1;0;0;0;0;0;0;0

"Ricostruzione della popolazione intercensuaria - Popolazione al 1° gennaio per età"
"Cittadinanza straniera - Anno: 2006 - Provincia: Barletta-Andria-Trani"
Territorio/Età;;0;1;2;3;4;5;6;7;8;9;10;11;12;13;14;15;16;17;18;19;20;21;22;23;24;25;26;27;28;29;30;31;32;33;34;35;36;37;38;39;40;41;42;43;44;45;46;47;48;49;50;51;52;53;54;55;56;57;58;59;60;61;62;63;64;65;66;67;68;69;70;71;72;73;74;75;76;77;78;79;80;81;82;83;84;85;86;87;88;89;90;91;92;93;94;95;96;97;98;99;100
Codice comune;Comune;Totale
110001;Andria;11;2;6;1;2;0;7;3;2;2;3;2;3;3;4;0;2;4;1;0;0;5;1;0;1;1;4;6;7;4;14;11;10;17;5;10;6;13;14;14;12;10;8;8;7;7;7;2;3;5;1;1;6;4;1;5;2;4;1;0;0;3;1;0;0;0;1;1;1;0;1;1;2;0;1;0;1;0;0;0;0;0;0;0;0;0;0;1;0;0;0;0;0;0;0;0;0;0;0;0;0
110002;Barletta;9;13;13;12;10;9;10;14;5;7;8;12;11;11;17;10;0;6;6;1;6;0;5;9;3;9;14;8;12;21;29;27;21;26;31;19;28;18;20;18;18;25;19;19;13;7;14;13;7;12;9;3;1;0;3;3;0;5;3;2;3;2;0;1;1;2;0;3;0;1;2;0;0;0;0;0;0;0;1;0;0;1;0;0;0;0;2;0;0;0;0;0;0;0;0;1;0;0;0;0;0
110003;Bisceglie;5;4;4;1;4;4;3;2;4;4;7;3;3;3;5;4;4;4;5;1;0;6;3;3;0;13;2;4;15;8;13;14;15;14;25;13;8;9;12;7;10;12;5;16;6;8;8;7;1;2;9;4;4;3;5;0;2;0;3;2;4;0;1;0;2;2;0;1;1;1;1;2;1;0;1;0;0;0;0;0;1;0;0;0;0;0;0;0;0;0;0;0;0;0;0;0;0;0;0;0;0
110004;Canosa di Puglia;1;7;3;9;6;5;5;6;2;5;4;4;3;1;4;0;10;6;3;2;6;0;3;5;7;0;7;5;14;9;11;12;9;6;7;5;12;3;8;10;8;12;9;8;7;8;5;4;13;0;7;8;7;6;0;7;2;3;2;2;2;3;1;0;2;1;0;2;0;0;1;0;0;0;0;0;0;0;0;0;1;2;1;0;0;0;0;0;0;0;0;0;0;0;0;0;0;0;0;0;0
110005;Margherita di Savoia;0;0;2;2;1;0;2;1;4;1;4;2;6;9;4;4;4;2;6;2;1;2;2;3;3;0;0;4;3;5;5;8;5;6;0;6;5;6;3;7;3;5;3;3;2;5;0;3;2;0;4;3;3;1;2;1;2;1;0;1;0;0;1;0;0;0;0;1;0;3;0;0;0;0;1;0;0;1;0;0;1;0;0;0;0;0;0;0;0;0;0;0;0;0;0;0;0;0;0;0;0
110006;Minervino Murge;1;1;1;1;0;0;0;1;2;1;0;0;0;1;1;0;0;0;1;1;0;2;0;1;0;0;0;3;0;1;2;2;5;1;3;1;0;2;1;2;1;0;0;0;2;0;0;2;1;0;0;0;1;0;0;0;0;0;0;0;1;0;0;0;0;0;0;0;0;0;0;0;0;0;0;0;0;0;0;0;0;0;0;0;0;0;0;0;0;0;0;0;0;0;0;0;0;0;0;0;0
110007;San Ferdinando di Puglia;4;2;2;1;1;1;1;0;0;2;0;2;3;0;1;0;4;0;0;0;0;0;2;3;4;2;5;5;3;4;11;12;0;7;10;6;3;5;2;3;7;9;2;5;2;3;4;4;5;5;1;3;0;2;1;1;1;0;1;0;2;1;0;0;1;0;0;0;0;0;0;0;1;2;1;0;1;0;0;0;0;0;0;0;0;0;0;0;0;0;0;0;0;0;0;0;0;0;0;0;0
110008;Spinazzola;1;0;0;4;1;1;1;1;1;1;0;1;0;2;0;1;1;0;1;0;1;0;0;0;0;1;0;2;0;2;2;1;0;3;1;3;5;0;2;1;4;0;0;1;2;2;0;1;0;1;2;2;1;1;1;0;0;1;1;0;0;0;1;0;0;0;0;0;0;0;0;0;0;0;0;0;0;0;0;0;0;0;0;1;0;0;0;0;0;0;0;0;0;0;0;0;0;0;0;0;0
110009;Trani;18;28;13;13;15;14;13;9;12;6;10;10;4;5;10;11;5;6;6;5;6;19;16;15;14;17;21;26;31;30;35;29;25;25;27;27;28;28;17;17;22;18;18;14;20;16;14;7;11;15;11;3;7;3;6;4;8;1;1;2;1;4;3;3;4;2;4;0;3;2;1;2;1;1;0;1;1;1;0;0;1;0;0;0;0;0;0;0;0;0;0;0;0;0;2;0;0;0;0;0;0
110010;Trinitapoli;0;1;3;0;2;0;2;1;0;1;1;1;1;0;2;2;0;2;0;0;3;2;2;4;2;5;3;4;1;1;0;7;1;3;3;6;3;1;3;2;1;4;6;2;0;3;3;3;3;3;1;0;3;2;0;1;0;0;0;3;1;1;0;0;0;0;0;1;0;0;1;0;0;0;0;0;0;0;0;0;0;0;0;0;0;0;0;0;0;0;0;0;0;0;0;0;0;0;0;0;0
;Totale;50;58;47;44;42;34;44;38;32;30;37;37;34;35;48;32;30;30;29;12;23;36;34;43;34;48;56;67;86;85;122;123;91;108;112;96;98;85;82;81;86;95;70;76;61;59;55;46;46;43;45;27;33;22;19;22;17;15;12;12;14;14;8;4;10;7;5;9;5;7;7;5;5;3;4;1;3;2;1;0;4;3;1;1;0;0;2;1;0;0;0;0;0;0;2;1;0;0;0;0;0
Territorio/Età;;0;1;2;3;4;5;6;7;8;9;10;11;12;13;14;15;16;17;18;19;20;21;22;23;24;25;26;27;28;29;30;31;32;33;34;35;36;37;38;39;40;41;42;43;44;45;46;47;48;49;50;51;52;53;54;55;56;57;58;59;60;61;62;63;64;65;66;67;68;69;70;71;72;73;74;75;76;77;78;79;80;81;82;83;84;85;86;87;88;89;90;91;92;93;94;95;96;97;98;99;100
Codice comune;Comune;Maschi
110001;Andria;6;0;3;1;0;0;5;0;0;0;3;2;2;1;3;0;1;3;0;0;0;0;0;0;1;0;0;1;4;1;5;3;6;8;4;6;3;11;7;9;7;4;6;6;3;2;7;2;3;1;0;1;3;1;1;2;2;0;0;0;0;1;0;0;0;0;0;1;0;0;0;1;2;0;0;0;0;0;0;0;0;0;0;0;0;0;0;0;0;0;0;0;0;0;0;0;0;0;0;0;0
110002;Barletta;4;7;3;4;5;3;5;7;0;4;7;6;6;5;7;4;0;5;2;0;6;0;5;3;0;4;10;0;10;9;10;12;9;13;21;14;20;13;20;12;11;19;14;12;5;5;0;5;2;8;4;3;0;0;2;3;0;3;1;2;2;1;0;0;0;0;0;0;0;0;0;0;0;0;0;0;0;0;0;0;0;0;0;0;0;0;2;0;0;0;0;0;0;0;0;1;0;0;0;0;0
110003;Bisceglie;3;1;0;1;1;3;1;1;0;4;2;1;3;2;3;3;1;4;2;0;0;0;1;0;0;2;2;0;7;1;3;6;11;8;12;13;3;6;7;5;4;9;5;6;2;3;1;5;1;0;5;1;4;2;3;0;1;0;0;1;2;0;0;0;1;2;0;0;1;1;1;0;0;0;0;0;0;0;0;0;0;0;0;0;0;0;0;0;0;0;0;0;0;0;0;0;0;0;0;0;0
110004;Canosa di Puglia;1;4;3;7;3;3;3;3;1;4;2;0;1;0;3;0;4;3;3;0;1;0;2;2;1;0;4;5;3;5;5;7;7;1;4;2;8;0;3;6;5;4;5;4;6;7;1;2;6;0;3;2;3;4;0;2;1;2;0;0;2;0;0;0;1;0;0;1;0;0;0;0;0;0;0;0;0;0;0;0;1;1;0;0;0;0;0;0;0;0;0;0;0;0;0;0;0;0;0;0;0
110005;Margherita di Savoia;0;0;0;1;0;0;2;0;4;0;3;1;6;7;3;3;1;1;2;2;1;1;1;3;2;0;0;0;1;0;0;3;0;2;0;2;2;3;1;4;1;4;1;1;2;2;0;1;2;0;1;2;1;0;0;1;0;0;0;1;0;0;0;0;0;0;0;0;0;2;0;0;0;0;0;0;0;0;0;0;1;0;0;0;0;0;0;0;0;0;0;0;0;0;0;0;0;0;0;0;0
110006;Minervino Murge;0;1;1;1;0;0;0;1;1;1;0;0;0;1;1;0;0;0;1;1;0;1;0;1;0;0;0;1;0;0;2;1;1;0;1;1;0;1;0;1;0;0;0;0;1;0;0;1;0;0;0;0;1;0;0;0;0;0;0;0;0;0;0;0;0;0;0;0;0;0;0;0;0;0;0;0;0;0;0;0;0;0;0;0;0;0;0;0;0;0;0;0;0;0;0;0;0;0;0;0;0
110007;San Ferdinando di Puglia;1;2;1;1;0;0;0;0;0;2;0;2;1;0;0;0;0;0;0;0;0;0;2;0;0;1;0;0;0;0;8;5;0;4;5;4;0;0;0;3;4;6;1;5;2;1;1;3;2;2;1;1;0;2;0;0;0;0;1;0;2;1;0;0;1;0;0;0;0;0;0;0;0;1;0;0;1;0;0;0;0;0;0;0;0;0;0;0;0;0;0;0;0;0;0;0;0;0;0;0;0
110008;Spinazzola;0;0;0;3;1;0;1;0;0;0;0;0;0;2;0;0;0;0;1;0;0;0;0;0;0;0;0;1;0;0;0;1;0;0;1;2;4;0;1;1;2;0;0;1;0;0;0;1;0;0;0;0;0;1;1;0;0;0;1;0;0;0;0;0;0;0;0;0;0;0;0;0;0;0;0;0;0;0;0;0;0;0;0;0;0;0;0;0;0;0;0;0;0;0;0;0;0;0;0;0;0
110009;Trani;8;15;5;6;5;6;6;3;7;1;7;6;2;2;7;9;4;6;5;5;4;10;15;6;7;12;11;14;16;15;20;22;14;11;16;16;21;15;12;10;15;15;13;9;10;9;8;3;7;9;5;1;4;1;2;2;5;1;0;0;0;2;2;2;2;0;0;0;1;1;0;1;1;0;0;0;1;0;0;0;0;0;0;0;0;0;0;0;0;0;0;0;0;0;0;0;0;0;0;0;0
110010;Trinitapoli;0;0;2;0;1;0;1;0;0;1;0;1;0;0;2;2;0;2;0;0;0;2;1;2;1;2;0;0;0;1;0;4;1;2;0;3;1;0;2;2;0;3;4;1;0;0;1;1;3;1;0;0;1;0;0;0;0;0;0;2;1;0;0;0;0;0;0;0;0;0;0;0;0;0;0;0;0;0;0;0;0;0;0;0;0;0;0;0;0;0;0;0;0;0;0;0;0;0;0;0;0
;Totale;23;30;18;25;16;15;24;15;13;17;24;19;21;20;29;21;11;24;16;8;12;14;27;17;12;21;27;22;41;32;53;64;49;49;64;63;62;49;53;53;49;64;49;45;31;29;19;24;26;21;19;11;17;11;9;10;9;6;3;6;9;5;2;2;5;2;0;2;2;4;1;2;3;1;0;0;2;0;0;0;2;1;0;0;0;0;2;0;0;0;0;0;0;0;0;1;0;0;0;0;0
Territorio/Età;;0;1;2;3;4;5;6;7;8;9;10;11;12;13;14;15;16;17;18;19;20;21;22;23;24;25;26;27;28;29;30;31;32;33;34;35;36;37;38;39;40;41;42;43;44;45;46;47;48;49;50;51;52;53;54;55;56;57;58;59;60;61;62;63;64;65;66;67;68;69;70;71;72;73;74;75;76;77;78;79;80;81;82;83;84;85;86;87;88;89;90;91;92;93;94;95;96;97;98;99;100
Codice comune;Comune;Femmine
110001;Andria;5;2;3;0;2;0;2;3;2;2;0;0;1;2;1;0;1;1;1;0;0;5;1;0;0;1;4;5;3;3;9;8;4;9;1;4;3;2;7;5;5;6;2;2;4;5;0;0;0;4;1;0;3;3;0;3;0;4;1;0;0;2;1;0;0;0;1;0;1;0;1;0;0;0;1;0;1;0;0;0;0;0;0;0;0;0;0;1;0;0;0;0;0;0;0;0;0;0;0;0;0
110002;Barletta;5;6;10;8;5;6;5;7;5;3;1;6;5;6;10;6;0;1;4;1;0;0;0;6;3;5;4;8;2;12;19;15;12;13;10;5;8;5;0;6;7;6;5;7;8;2;14;8;5;4;5;0;1;0;1;0;0;2;2;0;1;1;0;1;1;2;0;3;0;1;2;0;0;0;0;0;0;0;1;0;0;1;0;0;0;0;0;0;0;0;0;0;0;0;0;0;0;0;0;0;0
110003;Bisceglie;2;3;4;0;3;1;2;1;4;0;5;2;0;1;2;1;3;0;3;1;0;6;2;3;0;11;0;4;8;7;10;8;4;6;13;0;5;3;5;2;6;3;0;10;4;5;7;2;0;2;4;3;0;1;2;0;1;0;3;1;2;0;1;0;1;0;0;1;0;0;0;2;1;0;1;0;0;0;0;0;1;0;0;0;0;0;0;0;0;0;0;0;0;0;0;0;0;0;0;0;0
110004;Canosa di Puglia;0;3;0;2;3;2;2;3;1;1;2;4;2;1;1;0;6;3;0;2;5;0;1;3;6;0;3;0;11;4;6;5;2;5;3;3;4;3;5;4;3;8;4;4;1;1;4;2;7;0;4;6;4;2;0;5;1;1;2;2;0;3;1;0;1;1;0;1;0;0;1;0;0;0;0;0;0;0;0;0;0;1;1;0;0;0;0;0;0;0;0;0;0;0;0;0;0;0;0;0;0
110005;Margherita di Savoia;0;0;2;1;1;0;0;1;0;1;1;1;0;2;1;1;3;1;4;0;0;1;1;0;1;0;0;4;2;5;5;5;5;4;0;4;3;3;2;3;2;1;2;2;0;3;0;2;0;0;3;1;2;1;2;0;2;1;0;0;0;0;1;0;0;0;0;1;0;1;0;0;0;0;1;0;0;1;0;0;0;0;0;0;0;0;0;0;0;0;0;0;0;0;0;0;0;0;0;0;0
110006;Minervino Murge;1;0;0;0;0;0;0;0;1;0;0;0;0;0;0;0;0;0;0;0;0;1;0;0;0;0;0;2;0;1;0;1;4;1;2;0;0;1;1;1;1;0;0;0;1;0;0;1;1;0;0;0;0;0;0;0;0;0;0;0;1;0;0;0;0;0;0;0;0;0;0;0;0;0;0;0;0;0;0;0;0;0;0;0;0;0;0;0;0;0;0;0;0;0;0;0;0;0;0;0;0
110007;San Ferdinando di Puglia;3;0;1;0;1;1;1;0;0;0;0;0;2;0;1;0;4;0;0;0;0;0;0;3;4;1;5;5;3;4;3;7;0;3;5;2;3;5;2;0;3;3;1;0;0;2;3;1;3;3;0;2;0;0;1;1;1;0;0;0;0;0;0;0;0;0;0;0;0;0;0;0;1;1;1;0;0;0;0;0;0;0;0;0;0;0;0;0;0;0;0;0;0;0;0;0;0;0;0;0;0
110008;Spinazzola;1;0;0;1;0;1;0;1;1;1;0;1;0;0;0;1;1;0;0;0;1;0;0;0;0;1;0;1;0;2;2;0;0;3;0;1;1;0;1;0;2;0;0;0;2;2;0;0;0;1;2;2;1;0;0;0;0;1;0;0;0;0;1;0;0;0;0;0;0;0;0;0;0;0;0;0;0;0;0;0;0;0;0;1;0;0;0;0;0;0;0;0;0;0;0;0;0;0;0;0;0
110009;Trani;10;13;8;7;10;8;7;6;5;5;3;4;2;3;3;2;1;0;1;0;2;9;1;9;7;5;10;12;15;15;15;7;11;14;11;11;7;13;5;7;7;3;5;5;10;7;6;4;4;6;6;2;3;2;4;2;3;0;1;2;1;2;1;1;2;2;4;0;2;1;1;1;0;1;0;1;0;1;0;0;1;0;0;0;0;0;0;0;0;0;0;0;0;0;2;0;0;0;0;0;0
110010;Trinitapoli;0;1;1;0;1;0;1;1;0;0;1;0;1;0;0;0;0;0;0;0;3;0;1;2;1;3;3;4;1;0;0;3;0;1;3;3;2;1;1;0;1;1;2;1;0;3;2;2;0;2;1;0;2;2;0;1;0;0;0;1;0;1;0;0;0;0;0;1;0;0;1;0;0;0;0;0;0;0;0;0;0;0;0;0;0;0;0;0;0;0;0;0;0;0;0;0;0;0;0;0;0
;Totale;27;28;29;19;26;19;20;23;19;13;13;18;13;15;19;11;19;6;13;4;11;22;7;26;22;27;29;45;45;53;69;59;42;59;48;33;36;36;29;28;37;31;21;31;30;30;36;22;20;22;26;16;16;11;10;12;8;9;9;6;5;9;6;2;5;5;5;7;3;3;6;3;2;2;4;1;1;2;1;0;2;2;1;1;0;0;0;1;0;0;0;0;0;0;2;0;0;0;0;0;0

"Ricostruzione della popolazione intercensuaria - Popolazione al 1° gennaio per età"
"Cittadinanza straniera - Anno: 2007 - Provincia: Barletta-Andria-Trani"
Territorio/Età;;0;1;2;3;4;5;6;7;8;9;10;11;12;13;14;15;16;17;18;19;20;21;22;23;24;25;26;27;28;29;30;31;32;33;34;35;36;37;38;39;40;41;42;43;44;45;46;47;48;49;50;51;52;53;54;55;56;57;58;59;60;61;62;63;64;65;66;67;68;69;70;71;72;73;74;75;76;77;78;79;80;81;82;83;84;85;86;87;88;89;90;91;92;93;94;95;96;97;98;99;100
Codice comune;Comune;Totale
110001;Andria;5;10;1;6;1;2;0;7;1;3;2;3;1;3;3;4;1;2;5;1;0;0;5;5;0;2;2;4;5;8;5;14;12;8;17;3;8;7;16;13;15;11;10;6;5;4;5;7;2;3;4;1;1;5;4;1;6;2;4;1;0;0;1;1;0;0;0;1;1;1;0;0;1;2;0;1;0;2;0;0;0;0;0;0;0;0;0;0;1;0;0;0;0;0;0;0;0;0;0;0;0
110002;Barletta;17;4;16;16;15;10;12;10;13;5;9;11;14;14;11;17;10;0;3;7;1;5;0;3;11;3;12;14;15;15;22;38;25;21;26;29;16;28;18;20;16;20;22;17;19;16;5;13;14;9;12;8;3;1;1;3;3;1;4;3;1;3;2;1;1;1;1;0;3;0;1;0;0;0;0;0;0;1;0;1;0;0;1;0;0;0;0;1;0;0;0;0;0;0;0;0;1;0;0;0;0
110003;Bisceglie;6;6;5;4;1;4;4;2;2;4;4;7;3;4;4;6;3;5;6;6;0;1;6;2;6;3;15;3;5;14;8;15;12;14;13;23;14;6;8;13;6;8;10;3;15;7;9;9;6;1;3;8;3;4;4;4;0;1;0;2;2;4;0;1;0;2;2;0;1;1;1;1;2;1;0;1;0;0;0;0;0;1;0;0;0;0;0;0;0;0;0;0;0;0;0;0;0;0;0;0;0
110004;Canosa di Puglia;7;0;5;3;11;5;5;5;6;4;5;4;4;3;1;4;0;12;5;3;2;6;2;1;7;6;2;5;6;16;9;10;11;8;6;9;6;9;2;7;9;8;12;8;7;7;9;4;4;11;0;7;9;7;7;0;7;2;3;2;1;2;3;1;0;2;1;0;1;0;0;1;0;0;0;0;0;0;0;0;0;0;2;1;0;0;0;0;0;0;0;0;0;0;0;0;0;0;0;0;0
110005;Margherita di Savoia;2;0;0;2;2;1;0;2;1;4;1;4;2;4;7;4;4;3;2;5;2;0;2;2;3;3;0;0;4;1;5;5;5;4;4;0;4;5;5;3;5;3;6;3;4;1;5;0;4;1;0;5;3;2;1;2;1;2;1;0;1;0;0;1;0;1;0;0;1;1;3;0;0;0;0;1;1;0;1;0;0;1;0;0;0;0;0;0;0;0;0;0;0;0;0;0;0;0;0;0;0
110006;Minervino Murge;0;1;1;1;1;0;0;0;1;2;0;0;0;0;1;1;0;0;0;1;1;0;3;0;1;0;0;0;4;0;1;2;2;4;1;3;1;1;2;1;1;1;0;0;0;2;0;1;3;1;0;0;0;1;0;0;0;0;0;0;0;2;0;0;0;0;0;0;0;0;0;0;0;0;0;0;0;0;0;0;0;0;0;0;0;0;0;0;0;0;0;0;0;0;0;0;0;0;0;0;0
110007;San Ferdinando di Puglia;5;3;1;1;1;1;1;0;0;1;2;0;3;2;0;1;0;4;0;0;1;0;0;2;3;4;1;6;5;2;5;10;10;0;5;9;6;3;4;2;3;5;10;2;4;2;2;4;4;3;5;0;3;0;2;0;1;0;0;1;0;2;1;0;0;1;0;0;0;0;0;0;0;1;2;1;0;1;0;0;0;0;0;0;0;0;0;0;0;0;0;0;0;0;0;0;0;0;0;0;0
110008;Spinazzola;0;1;0;0;4;1;1;1;1;0;1;0;1;0;2;0;1;1;0;1;0;1;0;1;0;0;1;0;3;0;3;2;0;0;3;1;3;4;1;2;1;3;2;0;1;2;1;0;1;0;1;2;2;1;1;2;0;0;1;1;0;0;0;1;0;0;0;0;0;0;0;0;0;0;0;0;0;0;0;0;0;0;0;0;1;0;0;0;0;0;0;0;0;0;0;0;0;0;0;0;0
110009;Trani;19;19;28;13;13;14;15;14;11;13;7;8;10;5;5;9;11;4;10;6;7;5;23;19;16;15;21;20;31;34;33;36;34;27;24;21;28;30;25;21;21;25;19;22;15;18;13;16;8;13;13;13;6;8;3;6;4;7;3;2;1;1;4;3;3;4;3;4;1;2;1;0;2;1;1;0;1;1;2;0;0;0;0;0;0;0;0;0;0;0;0;0;0;0;0;2;0;0;0;0;0
110010;Trinitapoli;0;0;1;2;0;2;0;3;1;0;3;1;2;2;0;2;1;1;2;1;0;5;2;1;3;3;4;2;4;1;1;0;4;2;0;4;6;3;1;4;2;1;5;5;2;1;3;3;3;4;3;1;1;3;2;0;1;0;1;0;3;1;1;0;0;0;0;0;1;0;0;0;0;0;0;0;0;0;0;0;0;0;0;0;0;0;0;0;0;0;0;0;0;0;0;0;0;0;0;0;0
;Totale;61;44;58;48;49;40;38;44;37;36;34;38;40;37;34;48;31;32;33;31;14;23;43;36;50;39;58;54;82;91;92;132;115;88;99;102;92;96;82;86;79;85;96;66;72;60;52;57;49;46;41;45;31;32;25;18;23;15;17;12;9;15;12;9;4;11;7;5;9;5;6;2;5;5;3;4;2;5;3;1;0;2;3;1;1;0;0;1;1;0;0;0;0;0;0;2;1;0;0;0;0
Territorio/Età;;0;1;2;3;4;5;6;7;8;9;10;11;12;13;14;15;16;17;18;19;20;21;22;23;24;25;26;27;28;29;30;31;32;33;34;35;36;37;38;39;40;41;42;43;44;45;46;47;48;49;50;51;52;53;54;55;56;57;58;59;60;61;62;63;64;65;66;67;68;69;70;71;72;73;74;75;76;77;78;79;80;81;82;83;84;85;86;87;88;89;90;91;92;93;94;95;96;97;98;99;100
Codice comune;Comune;Maschi
110001;Andria;3;5;0;3;1;1;0;5;0;0;0;3;1;2;1;3;0;1;2;0;0;0;0;0;0;1;0;0;0;4;0;5;2;6;6;3;5;3;11;6;8;6;5;5;5;1;1;7;2;3;1;0;1;3;1;1;2;2;0;0;0;0;0;0;0;0;0;0;1;0;0;0;1;2;0;0;0;0;0;0;0;0;0;0;0;0;0;0;0;0;0;0;0;0;0;0;0;0;0;0;0
110002;Barletta;6;3;10;5;7;4;5;5;6;0;4;10;8;9;5;7;4;0;2;2;0;4;0;3;2;0;1;8;0;11;9;11;11;10;11;20;13;18;12;20;10;13;16;13;13;7;5;0;5;4;8;4;3;0;0;2;3;0;2;1;1;2;1;0;0;0;0;0;0;0;0;0;0;0;0;0;0;0;0;0;0;0;0;0;0;0;0;1;0;0;0;0;0;0;0;0;1;0;0;0;0
110003;Bisceglie;5;3;2;0;1;0;2;1;2;0;4;2;1;4;2;3;1;2;5;4;0;0;0;1;2;0;4;2;0;7;1;3;5;10;7;13;14;3;7;6;5;4;9;3;5;1;3;2;4;1;0;5;1;4;3;2;0;1;0;0;1;2;0;0;0;1;2;0;0;1;1;1;0;0;0;0;0;0;0;0;0;0;0;0;0;0;0;0;0;0;0;0;0;0;0;0;0;0;0;0;0
110004;Canosa di Puglia;3;0;4;3;7;2;3;3;3;1;4;2;0;1;1;3;0;6;2;2;0;2;1;1;2;0;0;3;5;4;5;6;7;8;2;4;2;7;0;3;5;5;4;5;3;6;8;0;2;4;0;3;2;3;4;0;3;1;2;0;0;2;0;0;0;1;0;0;1;0;0;0;0;0;0;0;0;0;0;0;0;0;1;0;0;0;0;0;0;0;0;0;0;0;0;0;0;0;0;0;0
110005;Margherita di Savoia;1;0;0;0;1;0;0;2;0;4;0;3;1;4;5;3;2;0;1;2;2;0;1;1;3;2;0;0;0;1;0;0;2;0;1;0;1;2;3;1;2;1;4;1;1;1;2;0;1;1;0;2;2;1;0;0;1;0;0;0;1;0;0;0;0;0;0;0;0;0;2;0;0;0;0;0;0;0;0;0;0;1;0;0;0;0;0;0;0;0;0;0;0;0;0;0;0;0;0;0;0
110006;Minervino Murge;0;0;1;1;1;0;0;0;1;1;0;0;0;0;1;1;0;0;0;1;1;0;2;0;1;0;0;0;1;0;0;2;1;1;0;1;1;0;1;0;1;0;0;0;0;1;0;0;1;0;0;0;0;1;0;0;0;0;0;0;0;0;0;0;0;0;0;0;0;0;0;0;0;0;0;0;0;0;0;0;0;0;0;0;0;0;0;0;0;0;0;0;0;0;0;0;0;0;0;0;0
110007;San Ferdinando di Puglia;5;1;1;1;1;0;0;0;0;0;2;0;3;1;0;0;0;0;0;0;0;0;0;2;0;0;0;0;0;0;0;7;3;0;3;4;4;0;0;0;3;2;7;1;4;2;0;1;3;2;2;0;1;0;2;0;0;0;0;1;0;2;1;0;0;1;0;0;0;0;0;0;0;0;1;0;0;1;0;0;0;0;0;0;0;0;0;0;0;0;0;0;0;0;0;0;0;0;0;0;0
110008;Spinazzola;0;0;0;0;3;1;0;1;0;0;0;0;0;0;2;0;0;0;0;1;0;0;0;0;0;0;0;0;1;0;0;0;0;0;0;1;2;3;0;1;1;1;2;0;1;0;0;0;1;0;0;0;0;0;1;2;0;0;0;1;0;0;0;0;0;0;0;0;0;0;0;0;0;0;0;0;0;0;0;0;0;0;0;0;0;0;0;0;0;0;0;0;0;0;0;0;0;0;0;0;0
110009;Trani;10;9;15;5;6;4;6;6;4;8;2;5;6;3;2;7;9;3;8;4;6;3;13;17;8;7;14;10;17;19;15;20;23;15;11;14;16;20;12;14;12;18;15;16;8;9;7;8;3;7;9;6;2;5;0;2;2;4;2;0;0;0;2;2;2;2;0;0;1;1;0;0;1;1;0;0;0;1;0;0;0;0;0;0;0;0;0;0;0;0;0;0;0;0;0;0;0;0;0;0;0
110010;Trinitapoli;0;0;0;1;0;1;0;1;0;0;3;0;2;0;0;2;1;0;2;0;0;0;2;1;0;1;1;0;0;0;1;0;2;2;0;0;2;1;0;2;2;0;4;3;1;0;0;1;1;3;1;0;0;1;0;0;0;0;1;0;2;1;0;0;0;0;0;0;0;0;0;0;0;0;0;0;0;0;0;0;0;0;0;0;0;0;0;0;0;0;0;0;0;0;0;0;0;0;0;0;0
;Totale;33;21;33;19;28;13;16;24;16;14;19;25;22;24;19;29;17;12;22;16;9;9;19;26;18;11;20;23;24;46;31;54;56;52;41;60;60;57;46;53;49;50;66;47;41;28;26;19;23;25;21;20;12;18;11;9;11;8;7;3;5;9;4;2;2;5;2;0;3;2;3;1;2;3;1;0;0;2;0;0;0;1;1;0;0;0;0;1;0;0;0;0;0;0;0;0;1;0;0;0;0
Territorio/Età;;0;1;2;3;4;5;6;7;8;9;10;11;12;13;14;15;16;17;18;19;20;21;22;23;24;25;26;27;28;29;30;31;32;33;34;35;36;37;38;39;40;41;42;43;44;45;46;47;48;49;50;51;52;53;54;55;56;57;58;59;60;61;62;63;64;65;66;67;68;69;70;71;72;73;74;75;76;77;78;79;80;81;82;83;84;85;86;87;88;89;90;91;92;93;94;95;96;97;98;99;100
Codice comune;Comune;Femmine
110001;Andria;2;5;1;3;0;1;0;2;1;3;2;0;0;1;2;1;1;1;3;1;0;0;5;5;0;1;2;4;5;4;5;9;10;2;11;0;3;4;5;7;7;5;5;1;0;3;4;0;0;0;3;1;0;2;3;0;4;0;4;1;0;0;1;1;0;0;0;1;0;1;0;0;0;0;0;1;0;2;0;0;0;0;0;0;0;0;0;0;1;0;0;0;0;0;0;0;0;0;0;0;0
110002;Barletta;11;1;6;11;8;6;7;5;7;5;5;1;6;5;6;10;6;0;1;5;1;1;0;0;9;3;11;6;15;4;13;27;14;11;15;9;3;10;6;0;6;7;6;4;6;9;0;13;9;5;4;4;0;1;1;1;0;1;2;2;0;1;1;1;1;1;1;0;3;0;1;0;0;0;0;0;0;1;0;1;0;0;1;0;0;0;0;0;0;0;0;0;0;0;0;0;0;0;0;0;0
110003;Bisceglie;1;3;3;4;0;4;2;1;0;4;0;5;2;0;2;3;2;3;1;2;0;1;6;1;4;3;11;1;5;7;7;12;7;4;6;10;0;3;1;7;1;4;1;0;10;6;6;7;2;0;3;3;2;0;1;2;0;0;0;2;1;2;0;1;0;1;0;0;1;0;0;0;2;1;0;1;0;0;0;0;0;1;0;0;0;0;0;0;0;0;0;0;0;0;0;0;0;0;0;0;0
110004;Canosa di Puglia;4;0;1;0;4;3;2;2;3;3;1;2;4;2;0;1;0;6;3;1;2;4;1;0;5;6;2;2;1;12;4;4;4;0;4;5;4;2;2;4;4;3;8;3;4;1;1;4;2;7;0;4;7;4;3;0;4;1;1;2;1;0;3;1;0;1;1;0;0;0;0;1;0;0;0;0;0;0;0;0;0;0;1;1;0;0;0;0;0;0;0;0;0;0;0;0;0;0;0;0;0
110005;Margherita di Savoia;1;0;0;2;1;1;0;0;1;0;1;1;1;0;2;1;2;3;1;3;0;0;1;1;0;1;0;0;4;0;5;5;3;4;3;0;3;3;2;2;3;2;2;2;3;0;3;0;3;0;0;3;1;1;1;2;0;2;1;0;0;0;0;1;0;1;0;0;1;1;1;0;0;0;0;1;1;0;1;0;0;0;0;0;0;0;0;0;0;0;0;0;0;0;0;0;0;0;0;0;0
110006;Minervino Murge;0;1;0;0;0;0;0;0;0;1;0;0;0;0;0;0;0;0;0;0;0;0;1;0;0;0;0;0;3;0;1;0;1;3;1;2;0;1;1;1;0;1;0;0;0;1;0;1;2;1;0;0;0;0;0;0;0;0;0;0;0;2;0;0;0;0;0;0;0;0;0;0;0;0;0;0;0;0;0;0;0;0;0;0;0;0;0;0;0;0;0;0;0;0;0;0;0;0;0;0;0
110007;San Ferdinando di Puglia;0;2;0;0;0;1;1;0;0;1;0;0;0;1;0;1;0;4;0;0;1;0;0;0;3;4;1;6;5;2;5;3;7;0;2;5;2;3;4;2;0;3;3;1;0;0;2;3;1;1;3;0;2;0;0;0;1;0;0;0;0;0;0;0;0;0;0;0;0;0;0;0;0;1;1;1;0;0;0;0;0;0;0;0;0;0;0;0;0;0;0;0;0;0;0;0;0;0;0;0;0
110008;Spinazzola;0;1;0;0;1;0;1;0;1;0;1;0;1;0;0;0;1;1;0;0;0;1;0;1;0;0;1;0;2;0;3;2;0;0;3;0;1;1;1;1;0;2;0;0;0;2;1;0;0;0;1;2;2;1;0;0;0;0;1;0;0;0;0;1;0;0;0;0;0;0;0;0;0;0;0;0;0;0;0;0;0;0;0;0;1;0;0;0;0;0;0;0;0;0;0;0;0;0;0;0;0
110009;Trani;9;10;13;8;7;10;9;8;7;5;5;3;4;2;3;2;2;1;2;2;1;2;10;2;8;8;7;10;14;15;18;16;11;12;13;7;12;10;13;7;9;7;4;6;7;9;6;8;5;6;4;7;4;3;3;4;2;3;1;2;1;1;2;1;1;2;3;4;0;1;1;0;1;0;1;0;1;0;2;0;0;0;0;0;0;0;0;0;0;0;0;0;0;0;0;2;0;0;0;0;0
110010;Trinitapoli;0;0;1;1;0;1;0;2;1;0;0;1;0;2;0;0;0;1;0;1;0;5;0;0;3;2;3;2;4;1;0;0;2;0;0;4;4;2;1;2;0;1;1;2;1;1;3;2;2;1;2;1;1;2;2;0;1;0;0;0;1;0;1;0;0;0;0;0;1;0;0;0;0;0;0;0;0;0;0;0;0;0;0;0;0;0;0;0;0;0;0;0;0;0;0;0;0;0;0;0;0
;Totale;28;23;25;29;21;27;22;20;21;22;15;13;18;13;15;19;14;20;11;15;5;14;24;10;32;28;38;31;58;45;61;78;59;36;58;42;32;39;36;33;30;35;30;19;31;32;26;38;26;21;20;25;19;14;14;9;12;7;10;9;4;6;8;7;2;6;5;5;6;3;3;1;3;2;2;4;2;3;3;1;0;1;2;1;1;0;0;0;1;0;0;0;0;0;0;2;0;0;0;0;0

"Ricostruzione della popolazione intercensuaria - Popolazione al 1° gennaio per età"
"Cittadinanza straniera - Anno: 2008 - Provincia: Barletta-Andria-Trani"
Territorio/Età;;0;1;2;3;4;5;6;7;8;9;10;11;12;13;14;15;16;17;18;19;20;21;22;23;24;25;26;27;28;29;30;31;32;33;34;35;36;37;38;39;40;41;42;43;44;45;46;47;48;49;50;51;52;53;54;55;56;57;58;59;60;61;62;63;64;65;66;67;68;69;70;71;72;73;74;75;76;77;78;79;80;81;82;83;84;85;86;87;88;89;90;91;92;93;94;95;96;97;98;99;100
Codice comune;Comune;Totale
110001;Andria;21;9;15;5;7;4;7;4;9;3;6;10;7;6;6;9;9;3;7;13;7;17;15;12;19;21;22;17;32;19;27;24;36;30;23;34;11;21;27;35;30;23;18;21;18;14;17;12;10;9;9;10;6;2;7;5;5;6;3;5;2;0;1;1;2;0;1;0;2;1;1;0;0;1;2;0;1;0;2;1;0;0;0;0;1;0;0;0;0;0;0;0;0;0;0;0;0;0;0;0;0
110002;Barletta;17;17;7;18;15;16;13;14;12;18;7;9;12;13;15;11;16;10;1;6;14;8;16;6;6;22;11;24;27;22;31;25;42;34;23;29;36;18;32;22;23;20;21;23;15;21;20;7;19;17;10;12;8;3;1;3;3;4;1;3;4;1;4;3;1;0;1;0;0;2;0;1;1;0;0;0;0;0;2;0;1;0;0;1;0;0;0;0;0;0;0;0;0;0;0;0;0;1;0;0;0
110003;Bisceglie;6;6;7;5;4;3;5;5;3;4;4;4;8;3;4;4;7;5;7;8;8;3;3;8;8;9;4;22;7;9;17;11;22;15;15;18;23;13;15;12;15;7;9;10;4;11;7;10;13;9;3;4;9;3;5;4;6;0;2;1;1;2;4;0;1;0;2;2;0;1;1;1;1;2;1;0;0;0;0;0;0;0;1;0;0;0;0;0;0;0;0;0;0;0;0;0;0;0;0;0;0
110004;Canosa di Puglia;8;9;2;8;7;9;8;7;6;8;5;7;6;4;3;0;5;2;13;8;6;8;11;5;10;10;12;6;12;18;25;17;12;14;10;9;14;10;12;9;11;8;9;12;8;8;7;7;6;7;11;0;9;8;8;6;0;7;2;1;2;2;2;3;0;1;2;1;0;0;0;0;1;0;0;0;0;0;0;0;0;0;0;0;1;0;0;0;0;0;0;0;0;0;0;0;0;0;0;0;0
110005;Margherita di Savoia;0;2;0;0;2;2;0;0;3;2;4;1;4;2;4;8;4;3;4;2;5;1;2;3;3;4;2;0;2;1;3;6;4;6;3;4;0;5;4;5;3;7;3;7;2;4;2;5;0;3;1;1;5;2;2;1;2;0;2;1;0;1;0;0;0;2;0;0;0;1;2;3;0;0;1;0;1;1;0;1;0;0;1;0;0;0;0;0;0;0;0;0;0;0;0;0;0;0;0;0;0
110006;Minervino Murge;3;2;2;1;2;1;0;0;0;1;2;0;1;0;0;0;1;1;0;0;1;2;1;6;0;4;0;1;1;6;1;1;4;3;4;1;5;1;1;3;2;2;1;0;0;0;2;0;1;3;0;0;0;0;0;0;0;0;0;0;0;0;2;0;0;0;0;0;0;0;1;0;0;0;0;0;0;0;0;0;0;0;0;0;0;0;0;0;0;0;0;0;0;0;0;0;0;0;0;0;0
110007;San Ferdinando di Puglia;10;9;6;3;5;5;3;3;3;1;5;3;4;5;2;2;3;2;6;4;5;5;5;6;9;5;10;7;14;10;3;14;17;12;2;10;14;7;10;7;7;5;7;13;4;5;4;5;6;7;8;7;0;4;0;1;1;2;1;0;1;0;2;1;0;0;1;0;0;0;0;0;0;0;1;2;1;0;1;0;0;0;0;0;0;0;0;0;0;0;0;0;0;0;0;0;0;0;0;0;0
110008;Spinazzola;2;0;1;1;1;4;1;1;3;2;0;1;0;1;1;1;0;2;1;1;2;2;5;1;0;1;0;7;3;4;6;6;3;0;1;2;3;7;4;2;1;3;4;1;3;0;2;1;4;1;0;1;2;3;1;1;2;0;0;2;2;0;0;0;1;0;0;0;0;1;0;0;0;0;0;0;0;0;0;0;0;0;0;0;0;1;0;0;0;0;0;0;0;0;0;0;0;0;0;0;0
110009;Trani;20;21;18;30;11;16;15;15;15;13;16;10;8;13;6;8;13;12;7;14;13;14;11;21;28;28;21;25;25;32;36;33;38;35;30;24;24;31;28;31;25;22;26;24;25;16;23;15;18;9;15;16;17;9;7;7;6;4;7;5;5;2;2;4;3;4;4;3;4;1;2;1;0;2;1;1;0;1;1;2;0;0;0;0;0;0;0;0;0;0;0;0;0;0;0;0;2;0;0;0;0
110010;Trinitapoli;7;4;1;1;2;1;1;0;5;1;2;3;1;2;2;0;2;2;3;1;3;4;15;6;4;9;6;9;7;6;3;4;7;5;1;3;2;11;5;2;4;5;1;2;6;2;4;4;5;5;3;3;2;1;5;3;0;1;0;1;0;3;1;1;0;0;0;0;0;1;0;0;0;0;0;0;0;0;0;0;0;0;0;0;0;0;0;0;0;0;0;0;0;0;0;0;0;0;0;0;0
;Totale;94;79;59;72;56;61;53;49;59;53;51;48;51;49;43;43;60;42;49;57;64;64;84;74;87;113;88;118;130;127;152;141;185;154;112;134;132;124;138;128;121;102;99;113;85;81;88;66;82;70;60;54;58;35;36;31;25;24;18;19;17;11;18;13;8;7;11;6;6;8;7;6;3;5;6;3;3;2;6;4;1;0;2;1;2;1;0;0;0;0;0;0;0;0;0;0;2;1;0;0;0
Territorio/Età;;0;1;2;3;4;5;6;7;8;9;10;11;12;13;14;15;16;17;18;19;20;21;22;23;24;25;26;27;28;29;30;31;32;33;34;35;36;37;38;39;40;41;42;43;44;45;46;47;48;49;50;51;52;53;54;55;56;57;58;59;60;61;62;63;64;65;66;67;68;69;70;71;72;73;74;75;76;77;78;79;80;81;82;83;84;85;86;87;88;89;90;91;92;93;94;95;96;97;98;99;100
Codice comune;Comune;Maschi
110001;Andria;10;5;8;2;4;2;4;0;6;1;1;4;6;4;3;6;5;0;4;5;2;6;7;4;8;10;12;9;12;9;15;8;13;11;12;14;9;9;13;18;15;10;9;6;9;6;5;5;7;7;2;1;0;1;2;0;2;2;3;0;0;0;0;0;0;0;1;0;0;1;0;0;0;1;2;0;0;0;0;0;0;0;0;0;0;0;0;0;0;0;0;0;0;0;0;0;0;0;0;0;0
110002;Barletta;5;5;5;12;4;7;6;6;4;8;2;4;9;7;9;4;7;3;0;3;5;0;11;4;3;4;0;7;13;5;18;8;9;15;8;15;19;10;20;14;21;11;15;16;10;13;8;5;3;5;5;8;5;3;0;0;2;4;1;1;1;1;2;1;0;0;0;0;0;0;0;0;0;0;0;0;0;0;1;0;0;0;0;0;0;0;0;0;0;0;0;0;0;0;0;0;0;1;0;0;0
110003;Bisceglie;2;5;3;2;0;2;0;3;1;3;0;4;2;1;4;1;4;3;2;7;4;2;0;2;4;3;0;5;3;3;8;3;6;5;7;8;13;13;6;11;5;4;3;8;2;4;0;4;5;4;3;0;5;1;3;3;3;0;1;0;0;0;3;0;0;0;1;2;0;0;1;1;1;0;0;0;0;0;0;0;0;0;0;0;0;0;0;0;0;0;0;0;0;0;0;0;0;0;0;0;0
110004;Canosa di Puglia;2;3;1;6;5;6;4;4;4;5;2;6;3;0;1;0;4;2;7;3;3;3;3;2;5;1;2;0;6;10;7;8;6;8;8;2;6;2;5;3;5;4;6;3;4;4;6;7;1;3;4;0;4;2;3;3;0;3;1;1;0;0;2;0;0;1;1;0;0;0;0;0;0;0;0;0;0;0;0;0;0;0;0;0;0;0;0;0;0;0;0;0;0;0;0;0;0;0;0;0;0
110005;Margherita di Savoia;0;1;0;0;0;1;0;0;2;1;4;0;3;1;4;5;3;1;0;1;2;1;2;1;1;3;1;0;1;0;1;0;0;2;0;2;0;2;2;3;1;2;1;4;1;1;1;2;0;1;1;0;2;2;1;0;0;0;0;0;0;1;0;0;0;0;0;0;0;0;1;2;0;0;1;0;0;0;0;0;0;0;1;0;0;0;0;0;0;0;0;0;0;0;0;0;0;0;0;0;0
110006;Minervino Murge;1;1;1;1;2;1;0;0;0;1;1;0;1;0;0;0;1;0;0;0;1;1;1;3;0;2;0;1;1;3;1;0;4;2;0;0;1;1;0;2;1;1;0;0;0;0;1;0;0;1;0;0;0;0;0;0;0;0;0;0;0;0;0;0;0;0;0;0;0;0;1;0;0;0;0;0;0;0;0;0;0;0;0;0;0;0;0;0;0;0;0;0;0;0;0;0;0;0;0;0;0
110007;San Ferdinando di Puglia;4;8;3;3;3;3;0;0;1;1;2;3;2;4;2;0;0;1;1;0;2;2;0;4;7;0;2;4;3;2;1;5;11;6;0;5;8;4;5;1;3;4;2;7;2;5;2;1;2;4;5;2;0;1;0;1;0;0;0;0;1;0;2;1;0;0;1;0;0;0;0;0;0;0;0;1;0;0;1;0;0;0;0;0;0;0;0;0;0;0;0;0;0;0;0;0;0;0;0;0;0
110008;Spinazzola;1;0;0;0;0;3;1;0;3;0;0;0;0;0;1;0;0;1;0;1;1;1;1;1;0;0;0;4;2;1;6;1;0;0;1;0;3;2;3;0;0;0;2;1;3;0;0;0;2;1;0;0;0;0;0;1;2;0;0;0;1;0;0;0;0;0;0;0;0;0;0;0;0;0;0;0;0;0;0;0;0;0;0;0;0;0;0;0;0;0;0;0;0;0;0;0;0;0;0;0;0
110009;Trani;8;11;8;17;3;6;5;7;7;4;11;5;5;6;4;1;9;10;4;8;9;7;5;10;21;9;5;13;13;15;22;16;22;23;14;11;14;18;20;15;15;12;17;16;15;7;10;6;9;3;9;10;6;3;5;0;2;2;4;4;2;1;0;2;2;3;2;0;0;1;1;0;0;1;1;0;0;0;1;0;0;0;0;0;0;0;0;0;0;0;0;0;0;0;0;0;0;0;0;0;0
110010;Trinitapoli;2;1;1;0;1;0;0;0;1;0;0;3;0;2;0;0;2;2;0;1;0;3;2;2;2;3;2;4;1;0;2;2;4;0;1;1;0;5;1;1;1;4;0;1;6;1;2;0;3;1;2;1;0;0;2;0;0;0;0;1;0;2;1;0;0;0;0;0;0;0;0;0;0;0;0;0;0;0;0;0;0;0;0;0;0;0;0;0;0;0;0;0;0;0;0;0;0;0;0;0;0
;Totale;35;40;30;43;22;31;20;20;29;24;23;29;31;25;28;17;35;23;18;29;29;26;32;33;51;35;24;47;55;48;81;51;75;72;51;58;73;66;75;68;67;52;55;62;52;41;35;30;32;30;31;22;22;13;16;8;11;11;10;7;5;5;10;4;2;4;6;2;0;2;4;3;1;2;4;1;0;0;3;0;0;0;1;0;0;0;0;0;0;0;0;0;0;0;0;0;0;1;0;0;0
Territorio/Età;;0;1;2;3;4;5;6;7;8;9;10;11;12;13;14;15;16;17;18;19;20;21;22;23;24;25;26;27;28;29;30;31;32;33;34;35;36;37;38;39;40;41;42;43;44;45;46;47;48;49;50;51;52;53;54;55;56;57;58;59;60;61;62;63;64;65;66;67;68;69;70;71;72;73;74;75;76;77;78;79;80;81;82;83;84;85;86;87;88;89;90;91;92;93;94;95;96;97;98;99;100
Codice comune;Comune;Femmine
110001;Andria;11;4;7;3;3;2;3;4;3;2;5;6;1;2;3;3;4;3;3;8;5;11;8;8;11;11;10;8;20;10;12;16;23;19;11;20;2;12;14;17;15;13;9;15;9;8;12;7;3;2;7;9;6;1;5;5;3;4;0;5;2;0;1;1;2;0;0;0;2;0;1;0;0;0;0;0;1;0;2;1;0;0;0;0;1;0;0;0;0;0;0;0;0;0;0;0;0;0;0;0;0
110002;Barletta;12;12;2;6;11;9;7;8;8;10;5;5;3;6;6;7;9;7;1;3;9;8;5;2;3;18;11;17;14;17;13;17;33;19;15;14;17;8;12;8;2;9;6;7;5;8;12;2;16;12;5;4;3;0;1;3;1;0;0;2;3;0;2;2;1;0;1;0;0;2;0;1;1;0;0;0;0;0;1;0;1;0;0;1;0;0;0;0;0;0;0;0;0;0;0;0;0;0;0;0;0
110003;Bisceglie;4;1;4;3;4;1;5;2;2;1;4;0;6;2;0;3;3;2;5;1;4;1;3;6;4;6;4;17;4;6;9;8;16;10;8;10;10;0;9;1;10;3;6;2;2;7;7;6;8;5;0;4;4;2;2;1;3;0;1;1;1;2;1;0;1;0;1;0;0;1;0;0;0;2;1;0;0;0;0;0;0;0;1;0;0;0;0;0;0;0;0;0;0;0;0;0;0;0;0;0;0
110004;Canosa di Puglia;6;6;1;2;2;3;4;3;2;3;3;1;3;4;2;0;1;0;6;5;3;5;8;3;5;9;10;6;6;8;18;9;6;6;2;7;8;8;7;6;6;4;3;9;4;4;1;0;5;4;7;0;5;6;5;3;0;4;1;0;2;2;0;3;0;0;1;1;0;0;0;0;1;0;0;0;0;0;0;0;0;0;0;0;1;0;0;0;0;0;0;0;0;0;0;0;0;0;0;0;0
110005;Margherita di Savoia;0;1;0;0;2;1;0;0;1;1;0;1;1;1;0;3;1;2;4;1;3;0;0;2;2;1;1;0;1;1;2;6;4;4;3;2;0;3;2;2;2;5;2;3;1;3;1;3;0;2;0;1;3;0;1;1;2;0;2;1;0;0;0;0;0;2;0;0;0;1;1;1;0;0;0;0;1;1;0;1;0;0;0;0;0;0;0;0;0;0;0;0;0;0;0;0;0;0;0;0;0
110006;Minervino Murge;2;1;1;0;0;0;0;0;0;0;1;0;0;0;0;0;0;1;0;0;0;1;0;3;0;2;0;0;0;3;0;1;0;1;4;1;4;0;1;1;1;1;1;0;0;0;1;0;1;2;0;0;0;0;0;0;0;0;0;0;0;0;2;0;0;0;0;0;0;0;0;0;0;0;0;0;0;0;0;0;0;0;0;0;0;0;0;0;0;0;0;0;0;0;0;0;0;0;0;0;0
110007;San Ferdinando di Puglia;6;1;3;0;2;2;3;3;2;0;3;0;2;1;0;2;3;1;5;4;3;3;5;2;2;5;8;3;11;8;2;9;6;6;2;5;6;3;5;6;4;1;5;6;2;0;2;4;4;3;3;5;0;3;0;0;1;2;1;0;0;0;0;0;0;0;0;0;0;0;0;0;0;0;1;1;1;0;0;0;0;0;0;0;0;0;0;0;0;0;0;0;0;0;0;0;0;0;0;0;0
110008;Spinazzola;1;0;1;1;1;1;0;1;0;2;0;1;0;1;0;1;0;1;1;0;1;1;4;0;0;1;0;3;1;3;0;5;3;0;0;2;0;5;1;2;1;3;2;0;0;0;2;1;2;0;0;1;2;3;1;0;0;0;0;2;1;0;0;0;1;0;0;0;0;1;0;0;0;0;0;0;0;0;0;0;0;0;0;0;0;1;0;0;0;0;0;0;0;0;0;0;0;0;0;0;0
110009;Trani;12;10;10;13;8;10;10;8;8;9;5;5;3;7;2;7;4;2;3;6;4;7;6;11;7;19;16;12;12;17;14;17;16;12;16;13;10;13;8;16;10;10;9;8;10;9;13;9;9;6;6;6;11;6;2;7;4;2;3;1;3;1;2;2;1;1;2;3;4;0;1;1;0;1;0;1;0;1;0;2;0;0;0;0;0;0;0;0;0;0;0;0;0;0;0;0;2;0;0;0;0
110010;Trinitapoli;5;3;0;1;1;1;1;0;4;1;2;0;1;0;2;0;0;0;3;0;3;1;13;4;2;6;4;5;6;6;1;2;3;5;0;2;2;6;4;1;3;1;1;1;0;1;2;4;2;4;1;2;2;1;3;3;0;1;0;0;0;1;0;1;0;0;0;0;0;1;0;0;0;0;0;0;0;0;0;0;0;0;0;0;0;0;0;0;0;0;0;0;0;0;0;0;0;0;0;0;0
;Totale;59;39;29;29;34;30;33;29;30;29;28;19;20;24;15;26;25;19;31;28;35;38;52;41;36;78;64;71;75;79;71;90;110;82;61;76;59;58;63;60;54;50;44;51;33;40;53;36;50;40;29;32;36;22;20;23;14;13;8;12;12;6;8;9;6;3;5;4;6;6;3;3;2;3;2;2;3;2;3;4;1;0;1;1;2;1;0;0;0;0;0;0;0;0;0;0;2;0;0;0;0

"Ricostruzione della popolazione intercensuaria - Popolazione al 1° gennaio per età"
"Cittadinanza straniera - Anno: 2009 - Provincia: Barletta-Andria-Trani"
Territorio/Età;;0;1;2;3;4;5;6;7;8;9;10;11;12;13;14;15;16;17;18;19;20;21;22;23;24;25;26;27;28;29;30;31;32;33;34;35;36;37;38;39;40;41;42;43;44;45;46;47;48;49;50;51;52;53;54;55;56;57;58;59;60;61;62;63;64;65;66;67;68;69;70;71;72;73;74;75;76;77;78;79;80;81;82;83;84;85;86;87;88;89;90;91;92;93;94;95;96;97;98;99;100
Codice comune;Comune;Totale
110001;Andria;24;23;8;17;4;10;5;10;6;11;5;5;12;8;6;8;12;8;4;9;15;12;20;19;15;22;28;36;26;33;26;43;29;39;36;25;33;12;24;27;39;33;29;19;23;19;18;22;12;8;9;9;8;6;4;6;3;6;8;3;4;2;0;0;1;3;0;1;0;2;1;2;0;0;1;2;0;1;0;2;1;0;0;0;0;1;0;0;0;0;0;0;0;0;0;0;0;0;0;0;0
110002;Barletta;21;18;20;8;20;20;16;13;16;13;18;10;11;16;12;16;12;16;8;7;10;19;10;28;15;10;30;19;30;46;27;40;35;48;38;26;32;39;24;42;27;34;28;28;22;18;25;22;13;22;22;12;13;11;2;1;3;6;4;1;4;4;2;5;2;1;0;2;3;0;2;2;1;2;0;0;0;0;0;2;0;1;1;0;1;0;0;0;0;0;0;0;0;0;0;0;0;0;0;0;0
110003;Bisceglie;11;8;7;7;5;4;3;5;8;4;6;3;4;9;7;6;4;7;6;9;8;10;8;3;11;14;11;7;19;17;13;26;20;23;17;10;19;28;17;14;14;19;10;11;10;5;13;9;14;14;10;3;8;11;4;5;4;8;0;2;1;1;2;3;0;1;0;3;2;0;1;1;2;1;2;3;0;0;0;0;0;0;0;1;0;0;0;0;0;0;0;0;0;0;0;0;0;0;0;0;0
110004;Canosa di Puglia;9;8;9;3;8;6;9;8;7;8;8;5;7;5;4;3;0;6;4;15;9;7;10;13;9;15;12;13;8;22;23;27;17;15;17;16;10;16;11;11;9;9;7;9;13;7;8;9;7;6;8;12;2;6;10;8;6;0;9;2;1;3;1;2;3;0;1;2;1;0;0;0;0;1;0;0;0;0;0;0;0;0;0;0;0;1;0;0;0;0;0;0;0;0;0;0;0;0;0;0;0
110005;Margherita di Savoia;2;0;2;0;0;2;2;1;0;2;1;4;1;4;2;4;8;3;3;4;2;6;2;2;4;3;5;4;1;3;5;4;5;3;8;3;5;3;5;5;2;3;7;4;7;3;4;1;5;0;3;3;1;5;2;2;1;1;0;3;2;0;0;0;0;0;2;0;0;0;1;2;2;0;0;1;0;1;1;0;1;0;0;0;0;0;0;0;0;0;0;0;0;0;0;0;0;0;0;0;0
110006;Minervino Murge;0;3;2;2;1;2;1;1;0;1;2;2;0;0;0;0;0;1;1;0;1;3;2;1;6;0;4;1;1;1;5;0;5;3;5;4;0;5;2;1;3;2;2;1;0;0;0;1;0;3;3;0;0;0;0;0;0;0;0;0;0;0;0;1;0;0;0;0;0;0;0;1;0;0;0;0;0;0;0;0;0;0;0;0;0;0;0;0;0;0;0;0;0;0;0;0;0;0;0;0;0
110007;San Ferdinando di Puglia;8;11;8;6;6;5;4;5;5;2;3;7;3;3;3;2;4;4;6;8;8;11;7;7;7;17;9;13;9;19;18;11;21;19;17;6;11;17;11;11;10;11;5;8;13;1;3;5;8;6;9;8;10;0;4;1;2;1;3;0;0;1;0;2;1;0;0;1;0;0;0;0;0;0;0;1;1;1;0;1;0;0;0;0;0;0;0;0;0;0;0;0;0;0;0;0;0;0;0;0;0
110008;Spinazzola;0;2;1;1;2;1;4;1;1;2;2;0;3;0;1;1;1;0;3;2;1;2;2;4;0;1;0;0;7;3;6;7;8;3;1;1;2;4;9;4;2;2;3;4;1;4;1;2;4;3;1;2;1;2;3;0;1;2;0;0;1;1;0;0;0;1;0;0;0;0;2;0;0;0;0;0;0;0;0;0;0;0;0;0;0;0;1;0;0;0;0;0;0;0;0;0;0;0;0;0;0
110009;Trani;26;22;22;21;30;12;21;16;19;17;18;15;12;11;17;7;9;14;20;8;16;16;20;25;26;30;36;27;32;34;39;42;37;39;40;36;29;28;34;33;35;28;26;27;27;27;17;26;15;19;10;14;17;18;9;9;6;7;8;7;7;7;3;2;6;4;4;3;3;4;1;2;1;0;2;1;1;0;1;1;2;0;0;0;0;0;0;0;0;0;0;0;0;0;0;0;0;2;0;0;0
110010;Trinitapoli;2;6;3;0;1;1;1;1;0;4;4;3;2;1;2;2;0;3;3;3;1;3;5;12;5;4;7;5;8;8;3;5;4;4;5;1;5;2;10;7;2;1;4;2;7;3;1;2;4;4;3;4;4;3;3;4;3;0;1;0;0;0;2;1;1;0;0;0;0;0;1;0;0;0;0;0;0;0;0;0;0;0;0;0;0;0;0;0;0;0;0;0;0;0;0;0;0;0;0;0;0
;Totale;103;101;82;65;77;63;66;61;62;64;67;54;55;57;54;49;50;62;58;65;71;89;86;114;98;116;142;125;141;186;165;205;181;196;184;128;146;154;147;155;143;142;121;113;123;87;90;99;82;85;78;67;64;62;41;36;29;31;33;18;20;19;10;16;14;10;7;12;9;6;9;10;6;4;5;8;2;3;2;6;4;1;1;1;1;2;1;0;0;0;0;0;0;0;0;0;0;2;0;0;0
Territorio/Età;;0;1;2;3;4;5;6;7;8;9;10;11;12;13;14;15;16;17;18;19;20;21;22;23;24;25;26;27;28;29;30;31;32;33;34;35;36;37;38;39;40;41;42;43;44;45;46;47;48;49;50;51;52;53;54;55;56;57;58;59;60;61;62;63;64;65;66;67;68;69;70;71;72;73;74;75;76;77;78;79;80;81;82;83;84;85;86;87;88;89;90;91;92;93;94;95;96;97;98;99;100
Codice comune;Comune;Maschi
110001;Andria;10;10;5;10;3;5;4;7;0;8;2;1;4;6;4;4;7;5;0;5;6;3;7;10;6;10;16;16;12;13;15;21;9;15;13;10;14;9;12;12;21;17;11;8;7;10;7;7;5;4;7;1;1;0;1;2;0;2;2;3;0;0;0;0;0;0;0;1;0;0;1;0;0;0;1;2;0;0;0;0;0;0;0;0;0;0;0;0;0;0;0;0;0;0;0;0;0;0;0;0;0
110002;Barletta;12;5;6;6;14;8;7;6;8;4;7;3;7;10;7;10;4;6;3;4;6;6;0;15;6;2;6;2;7;18;9;26;13;10;17;8;15;19;10;24;15;26;15;16;15;10;13;8;7;6;6;5;7;5;2;0;0;3;3;1;2;1;1;2;1;0;0;0;1;0;0;0;0;1;0;0;0;0;0;1;0;0;0;0;0;0;0;0;0;0;0;0;0;0;0;0;0;0;0;0;0
110003;Bisceglie;2;3;6;4;2;0;2;0;4;3;5;0;4;3;3;5;0;4;3;4;6;5;5;0;3;7;1;0;4;8;4;9;8;7;3;5;8;15;16;6;10;6;6;4;7;1;6;0;6;5;4;2;1;5;1;3;4;3;0;1;0;0;0;2;0;0;0;1;2;0;0;1;1;1;0;2;0;0;0;0;0;0;0;0;0;0;0;0;0;0;0;0;0;0;0;0;0;0;0;0;0
110004;Canosa di Puglia;7;2;3;2;6;3;6;4;4;6;5;2;6;3;0;1;0;4;3;9;4;3;4;3;3;8;1;3;0;11;12;9;9;7;9;10;2;10;3;5;1;4;3;5;3;4;4;6;7;1;3;5;0;3;3;3;3;0;4;1;1;0;0;2;0;0;1;1;0;0;0;0;0;0;0;0;0;0;0;0;0;0;0;0;0;0;0;0;0;0;0;0;0;0;0;0;0;0;0;0;0
110005;Margherita di Savoia;1;0;2;0;0;0;1;0;0;1;1;4;0;3;1;4;5;3;1;0;1;3;1;2;1;0;3;3;0;1;2;2;0;1;1;0;2;1;2;3;2;1;2;2;4;2;1;0;2;0;1;1;0;2;2;1;0;0;0;0;1;0;0;0;0;0;0;0;0;0;0;1;1;0;0;1;0;0;0;0;0;0;0;0;0;0;0;0;0;0;0;0;0;0;0;0;0;0;0;0;0
110006;Minervino Murge;0;2;1;1;1;2;1;0;0;0;2;1;0;0;0;0;0;1;0;0;0;2;1;0;3;0;2;0;1;1;3;0;1;3;2;1;0;1;2;0;2;1;1;0;0;0;0;0;0;1;1;0;0;0;0;0;0;0;0;0;0;0;0;0;0;0;0;0;0;0;0;1;0;0;0;0;0;0;0;0;0;0;0;0;0;0;0;0;0;0;0;0;0;0;0;0;0;0;0;0;0
110007;San Ferdinando di Puglia;4;4;8;3;6;3;2;1;0;1;2;2;3;2;2;2;0;0;3;2;2;4;4;0;4;10;1;4;6;3;6;6;8;12;7;0;6;9;5;5;2;5;2;2;6;1;3;3;4;2;5;5;5;0;1;0;1;1;1;0;0;1;0;2;1;0;0;1;0;0;0;0;0;0;0;0;0;0;0;1;0;0;0;0;0;0;0;0;0;0;0;0;0;0;0;0;0;0;0;0;0
110008;Spinazzola;0;1;0;0;0;0;3;1;0;2;0;0;0;0;0;1;0;0;1;1;1;1;1;1;0;1;0;0;4;2;1;6;3;0;1;1;0;4;2;3;0;0;0;2;1;2;0;0;0;1;1;0;0;0;0;0;1;2;0;0;0;0;0;0;0;0;0;0;0;0;0;0;0;0;0;0;0;0;0;0;0;0;0;0;0;0;0;0;0;0;0;0;0;0;0;0;0;0;0;0;0
110009;Trani;15;9;13;9;17;3;6;6;10;8;6;11;7;6;8;5;2;10;14;3;9;10;8;10;13;20;13;8;15;16;15;22;18;22;24;16;13;14;19;22;19;17;14;16;16;15;8;11;8;6;4;7;10;6;3;6;0;2;4;4;5;3;1;0;2;3;3;1;0;0;1;1;0;0;1;1;0;0;0;1;0;0;0;0;0;0;0;0;0;0;0;0;0;0;0;0;0;0;0;0;0
110010;Trinitapoli;2;2;0;0;0;0;0;0;0;0;1;1;2;0;2;0;0;2;2;0;1;0;4;2;2;2;0;2;2;1;0;3;1;2;1;1;1;0;4;2;0;1;3;0;3;3;0;0;0;2;1;2;2;0;2;2;0;0;0;0;0;0;1;1;0;0;0;0;0;0;0;0;0;0;0;0;0;0;0;0;0;0;0;0;0;0;0;0;0;0;0;0;0;0;0;0;0;0;0;0;0
;Totale;53;38;44;35;49;24;32;25;26;33;31;25;33;33;27;32;18;35;30;28;36;37;35;43;41;60;43;38;51;74;67;104;70;79;78;52;61;82;75;82;72;78;57;55;62;48;42;35;39;28;33;28;26;21;15;17;9;13;14;10;9;5;3;9;4;3;4;5;3;0;2;4;2;2;2;6;0;0;0;3;0;0;0;0;0;0;0;0;0;0;0;0;0;0;0;0;0;0;0;0;0
Territorio/Età;;0;1;2;3;4;5;6;7;8;9;10;11;12;13;14;15;16;17;18;19;20;21;22;23;24;25;26;27;28;29;30;31;32;33;34;35;36;37;38;39;40;41;42;43;44;45;46;47;48;49;50;51;52;53;54;55;56;57;58;59;60;61;62;63;64;65;66;67;68;69;70;71;72;73;74;75;76;77;78;79;80;81;82;83;84;85;86;87;88;89;90;91;92;93;94;95;96;97;98;99;100
Codice comune;Comune;Femmine
110001;Andria;14;13;3;7;1;5;1;3;6;3;3;4;8;2;2;4;5;3;4;4;9;9;13;9;9;12;12;20;14;20;11;22;20;24;23;15;19;3;12;15;18;16;18;11;16;9;11;15;7;4;2;8;7;6;3;4;3;4;6;0;4;2;0;0;1;3;0;0;0;2;0;2;0;0;0;0;0;1;0;2;1;0;0;0;0;1;0;0;0;0;0;0;0;0;0;0;0;0;0;0;0
110002;Barletta;9;13;14;2;6;12;9;7;8;9;11;7;4;6;5;6;8;10;5;3;4;13;10;13;9;8;24;17;23;28;18;14;22;38;21;18;17;20;14;18;12;8;13;12;7;8;12;14;6;16;16;7;6;6;0;1;3;3;1;0;2;3;1;3;1;1;0;2;2;0;2;2;1;1;0;0;0;0;0;1;0;1;1;0;1;0;0;0;0;0;0;0;0;0;0;0;0;0;0;0;0
110003;Bisceglie;9;5;1;3;3;4;1;5;4;1;1;3;0;6;4;1;4;3;3;5;2;5;3;3;8;7;10;7;15;9;9;17;12;16;14;5;11;13;1;8;4;13;4;7;3;4;7;9;8;9;6;1;7;6;3;2;0;5;0;1;1;1;2;1;0;1;0;2;0;0;1;0;1;0;2;1;0;0;0;0;0;0;0;1;0;0;0;0;0;0;0;0;0;0;0;0;0;0;0;0;0
110004;Canosa di Puglia;2;6;6;1;2;3;3;4;3;2;3;3;1;2;4;2;0;2;1;6;5;4;6;10;6;7;11;10;8;11;11;18;8;8;8;6;8;6;8;6;8;5;4;4;10;3;4;3;0;5;5;7;2;3;7;5;3;0;5;1;0;3;1;0;3;0;0;1;1;0;0;0;0;1;0;0;0;0;0;0;0;0;0;0;0;1;0;0;0;0;0;0;0;0;0;0;0;0;0;0;0
110005;Margherita di Savoia;1;0;0;0;0;2;1;1;0;1;0;0;1;1;1;0;3;0;2;4;1;3;1;0;3;3;2;1;1;2;3;2;5;2;7;3;3;2;3;2;0;2;5;2;3;1;3;1;3;0;2;2;1;3;0;1;1;1;0;3;1;0;0;0;0;0;2;0;0;0;1;1;1;0;0;0;0;1;1;0;1;0;0;0;0;0;0;0;0;0;0;0;0;0;0;0;0;0;0;0;0
110006;Minervino Murge;0;1;1;1;0;0;0;1;0;1;0;1;0;0;0;0;0;0;1;0;1;1;1;1;3;0;2;1;0;0;2;0;4;0;3;3;0;4;0;1;1;1;1;1;0;0;0;1;0;2;2;0;0;0;0;0;0;0;0;0;0;0;0;1;0;0;0;0;0;0;0;0;0;0;0;0;0;0;0;0;0;0;0;0;0;0;0;0;0;0;0;0;0;0;0;0;0;0;0;0;0
110007;San Ferdinando di Puglia;4;7;0;3;0;2;2;4;5;1;1;5;0;1;1;0;4;4;3;6;6;7;3;7;3;7;8;9;3;16;12;5;13;7;10;6;5;8;6;6;8;6;3;6;7;0;0;2;4;4;4;3;5;0;3;1;1;0;2;0;0;0;0;0;0;0;0;0;0;0;0;0;0;0;0;1;1;1;0;0;0;0;0;0;0;0;0;0;0;0;0;0;0;0;0;0;0;0;0;0;0
110008;Spinazzola;0;1;1;1;2;1;1;0;1;0;2;0;3;0;1;0;1;0;2;1;0;1;1;3;0;0;0;0;3;1;5;1;5;3;0;0;2;0;7;1;2;2;3;2;0;2;1;2;4;2;0;2;1;2;3;0;0;0;0;0;1;1;0;0;0;1;0;0;0;0;2;0;0;0;0;0;0;0;0;0;0;0;0;0;0;0;1;0;0;0;0;0;0;0;0;0;0;0;0;0;0
110009;Trani;11;13;9;12;13;9;15;10;9;9;12;4;5;5;9;2;7;4;6;5;7;6;12;15;13;10;23;19;17;18;24;20;19;17;16;20;16;14;15;11;16;11;12;11;11;12;9;15;7;13;6;7;7;12;6;3;6;5;4;3;2;4;2;2;4;1;1;2;3;4;0;1;1;0;1;0;1;0;1;0;2;0;0;0;0;0;0;0;0;0;0;0;0;0;0;0;0;2;0;0;0
110010;Trinitapoli;0;4;3;0;1;1;1;1;0;4;3;2;0;1;0;2;0;1;1;3;0;3;1;10;3;2;7;3;6;7;3;2;3;2;4;0;4;2;6;5;2;0;1;2;4;0;1;2;4;2;2;2;2;3;1;2;3;0;1;0;0;0;1;0;1;0;0;0;0;0;1;0;0;0;0;0;0;0;0;0;0;0;0;0;0;0;0;0;0;0;0;0;0;0;0;0;0;0;0;0;0
;Totale;50;63;38;30;28;39;34;36;36;31;36;29;22;24;27;17;32;27;28;37;35;52;51;71;57;56;99;87;90;112;98;101;111;117;106;76;85;72;72;73;71;64;64;58;61;39;48;64;43;57;45;39;38;41;26;19;20;18;19;8;11;14;7;7;10;7;3;7;6;6;7;6;4;2;3;2;2;3;2;3;4;1;1;1;1;2;1;0;0;0;0;0;0;0;0;0;0;2;0;0;0

"Ricostruzione della popolazione intercensuaria - Popolazione al 1° gennaio per età"
"Cittadinanza straniera - Anno: 2010 - Provincia: Barletta-Andria-Trani"
Territorio/Età;;0;1;2;3;4;5;6;7;8;9;10;11;12;13;14;15;16;17;18;19;20;21;22;23;24;25;26;27;28;29;30;31;32;33;34;35;36;37;38;39;40;41;42;43;44;45;46;47;48;49;50;51;52;53;54;55;56;57;58;59;60;61;62;63;64;65;66;67;68;69;70;71;72;73;74;75;76;77;78;79;80;81;82;83;84;85;86;87;88;89;90;91;92;93;94;95;96;97;98;99;100
Codice comune;Comune;Totale
110001;Andria;16;26;23;9;17;4;11;7;10;7;12;4;6;14;8;6;10;12;7;4;12;17;20;26;24;22;27;34;42;29;37;26;48;32;43;40;28;33;17;30;28;42;33;32;22;21;20;19;21;12;7;13;7;10;7;2;7;3;4;6;2;4;2;0;0;1;3;0;1;0;0;1;2;0;0;1;1;0;1;0;0;1;0;0;0;0;1;0;0;0;0;0;0;0;0;0;0;0;0;0;0
110002;Barletta;17;21;20;20;11;20;20;16;18;19;18;18;12;9;15;13;21;12;16;12;13;18;21;16;31;25;18;34;26;34;50;30;42;37;52;41;30;36;46;25;41;35;39;33;26;25;24;27;26;17;23;28;14;14;12;3;2;5;5;7;3;4;4;2;5;2;1;0;3;3;0;2;2;1;2;0;0;0;0;0;2;0;1;1;0;0;0;0;0;0;0;0;0;0;0;0;0;0;0;0;0
110003;Bisceglie;7;10;6;9;8;5;5;3;5;7;6;8;4;4;9;7;7;7;7;9;12;9;15;10;7;18;16;14;8;23;25;19;28;25;27;19;11;19;30;24;18;18;22;10;11;10;10;15;11;17;14;13;4;8;11;7;5;1;8;0;1;3;1;1;3;0;1;0;3;2;1;1;2;3;1;2;3;1;0;0;0;0;0;0;1;0;0;0;0;0;0;0;0;0;0;0;0;0;0;0;0
110004;Canosa di Puglia;7;10;6;8;2;9;7;9;7;8;11;9;8;7;7;5;5;0;8;6;13;8;10;14;16;9;14;13;14;10;21;23;27;15;12;19;17;9;16;12;11;10;13;8;9;12;7;7;10;8;6;10;12;4;4;11;8;7;0;7;1;1;3;1;2;2;0;1;1;1;0;0;0;0;1;0;0;0;0;0;0;0;0;0;0;0;1;0;0;0;0;0;0;0;0;0;0;0;0;0;0
110005;Margherita di Savoia;0;2;1;2;0;0;2;2;1;0;2;1;4;1;4;1;4;7;3;3;3;2;6;4;2;5;3;6;4;2;2;5;3;4;3;7;4;6;3;5;6;2;4;6;3;6;2;3;2;6;1;2;3;3;5;1;2;1;1;0;2;1;0;0;0;0;0;2;0;0;0;1;2;2;0;0;1;0;1;0;0;1;0;0;0;0;0;0;0;0;0;0;0;0;0;0;0;0;0;0;0
110006;Minervino Murge;1;0;3;3;3;2;2;4;1;0;2;2;2;0;0;0;0;0;0;1;0;1;4;2;1;8;0;3;3;3;1;6;2;6;2;5;4;0;5;2;2;3;3;4;1;1;0;0;1;0;2;3;0;1;0;0;0;1;0;1;0;0;0;0;1;0;0;0;0;0;0;0;1;0;0;0;0;0;0;0;0;0;0;0;0;0;0;0;0;0;0;0;0;0;0;0;0;0;0;0;0
110007;San Ferdinando di Puglia;13;8;12;8;7;6;6;4;6;5;8;4;7;3;7;3;2;4;7;9;8;15;16;11;11;7;15;11;17;8;20;23;13;23;18;19;3;10;14;13;10;8;12;5;9;14;1;4;3;8;8;10;5;9;1;5;1;2;1;3;0;0;0;0;3;0;0;0;1;0;0;0;1;0;0;0;1;1;1;0;1;0;0;0;0;0;0;0;0;0;0;0;0;0;0;0;0;0;0;0;0
110008;Spinazzola;1;0;2;2;1;2;1;4;1;1;2;2;0;3;0;1;1;1;0;3;3;1;0;3;3;1;2;1;1;7;6;6;8;6;3;1;2;3;5;7;4;2;4;4;4;1;4;1;2;4;3;1;2;1;2;3;0;1;3;0;0;1;1;0;0;0;0;0;0;0;0;1;0;0;0;0;0;0;0;0;0;0;0;0;0;0;0;1;0;0;0;0;0;0;0;0;0;0;0;0;0
110009;Trani;24;27;22;21;21;29;12;22;15;20;18;18;15;15;15;16;8;14;17;24;12;16;19;21;29;28;35;38;28;40;34;42;38;43;39;41;31;37;26;35;35;43;30;30;27;28;31;17;25;16;20;11;13;16;18;7;9;5;5;7;8;7;7;2;2;5;4;5;3;3;4;1;2;1;0;2;1;1;0;2;1;2;0;0;0;0;0;0;0;0;0;0;0;0;0;0;0;0;2;0;0
110010;Trinitapoli;4;2;5;3;1;3;4;3;4;2;5;4;6;2;3;2;2;0;5;3;5;4;3;8;15;4;3;10;6;14;10;4;2;6;3;5;3;3;2;11;7;2;5;3;2;7;3;2;3;4;3;3;4;6;3;0;4;3;0;1;0;0;0;1;1;1;0;0;0;0;0;0;0;0;0;0;0;0;0;0;0;0;0;0;0;0;0;0;0;0;0;0;0;0;0;0;0;0;0;0;0
;Totale;90;106;100;85;71;80;70;74;68;69;84;70;64;58;68;54;60;57;70;74;81;91;114;115;139;127;133;164;149;170;206;184;211;197;202;197;133;156;164;164;162;165;165;135;114;125;102;95;104;92;87;94;64;72;63;39;38;29;27;32;17;21;18;7;17;11;9;8;12;9;5;7;12;7;4;5;7;3;3;2;4;4;1;1;1;0;2;1;0;0;0;0;0;0;0;0;0;0;2;0;0
Territorio/Età;;0;1;2;3;4;5;6;7;8;9;10;11;12;13;14;15;16;17;18;19;20;21;22;23;24;25;26;27;28;29;30;31;32;33;34;35;36;37;38;39;40;41;42;43;44;45;46;47;48;49;50;51;52;53;54;55;56;57;58;59;60;61;62;63;64;65;66;67;68;69;70;71;72;73;74;75;76;77;78;79;80;81;82;83;84;85;86;87;88;89;90;91;92;93;94;95;96;97;98;99;100
Codice comune;Comune;Maschi
110001;Andria;8;11;10;5;11;3;5;4;6;1;9;1;3;5;5;4;6;7;4;0;6;8;7;10;12;7;14;20;20;13;13;16;24;12;18;15;12;12;9;13;11;21;14;9;9;6;9;6;7;5;3;7;2;1;0;1;2;0;1;2;2;0;0;0;0;0;0;0;1;0;0;1;0;0;0;1;1;0;0;0;0;0;0;0;0;0;0;0;0;0;0;0;0;0;0;0;0;0;0;0;0
110002;Barletta;15;10;8;7;7;14;9;7;7;12;6;7;5;6;9;7;14;4;6;3;9;9;9;5;19;10;8;7;7;9;21;12;27;15;14;20;9;17;24;10;23;18;24;17;14;15;10;14;9;9;6;8;6;7;6;2;0;1;3;5;1;2;1;1;2;1;0;0;1;1;0;0;0;0;1;0;0;0;0;0;1;0;0;0;0;0;0;0;0;0;0;0;0;0;0;0;0;0;0;0;0
110003;Bisceglie;1;2;2;6;6;2;1;1;0;3;5;5;0;4;3;3;5;3;4;6;5;6;6;6;3;8;6;1;0;6;13;8;9;9;9;6;5;6;14;19;7;11;6;5;4;6;3;7;1;6;5;5;1;1;5;4;3;1;3;0;0;0;0;0;2;0;0;0;1;2;0;0;1;1;1;0;2;0;0;0;0;0;0;0;0;0;0;0;0;0;0;0;0;0;0;0;0;0;0;0;0
110004;Canosa di Puglia;4;7;1;3;2;7;4;6;3;5;7;6;3;6;5;1;2;0;4;4;7;3;4;5;4;3;7;1;1;0;10;12;7;7;5;9;11;2;10;3;4;1;4;3;4;3;4;4;6;7;1;4;5;1;3;3;3;3;0;2;0;0;0;0;2;0;0;1;1;0;0;0;0;0;0;0;0;0;0;0;0;0;0;0;0;0;0;0;0;0;0;0;0;0;0;0;0;0;0;0;0
110005;Margherita di Savoia;0;1;0;2;0;0;0;1;0;0;1;1;4;0;3;0;4;4;3;1;0;0;1;1;2;2;0;3;3;1;1;2;2;0;1;1;2;1;1;2;3;2;2;1;1;3;1;1;0;3;0;0;1;1;2;1;1;0;0;0;0;1;0;0;0;0;0;0;0;0;0;0;1;1;0;0;1;0;0;0;0;0;0;0;0;0;0;0;0;0;0;0;0;0;0;0;0;0;0;0;0
110006;Minervino Murge;1;0;2;2;1;2;2;2;0;0;0;2;1;0;0;0;0;0;0;0;0;0;2;1;0;3;0;2;1;1;1;3;0;3;2;3;1;0;1;2;0;2;2;2;0;0;0;0;0;0;0;1;0;1;0;0;0;0;0;0;0;0;0;0;0;0;0;0;0;0;0;0;1;0;0;0;0;0;0;0;0;0;0;0;0;0;0;0;0;0;0;0;0;0;0;0;0;0;0;0;0
110007;San Ferdinando di Puglia;7;3;6;8;3;5;4;2;2;0;3;2;2;3;2;3;2;0;1;4;1;4;6;6;3;5;8;3;8;5;6;10;7;7;12;7;0;6;8;6;4;1;5;3;3;7;1;2;2;5;2;6;4;4;0;1;0;1;1;1;0;0;0;0;2;0;0;0;1;0;0;0;1;0;0;0;0;0;0;0;1;0;0;0;0;0;0;0;0;0;0;0;0;0;0;0;0;0;0;0;0
110008;Spinazzola;1;0;1;1;0;0;0;3;1;0;2;0;0;0;0;0;1;0;0;1;1;1;0;1;1;1;1;0;1;3;4;2;6;3;0;1;1;0;4;2;3;0;0;0;2;1;2;0;0;0;1;1;0;0;0;0;0;1;2;0;0;0;0;0;0;0;0;0;0;0;0;0;0;0;0;0;0;0;0;0;0;0;0;0;0;0;0;0;0;0;0;0;0;0;0;0;0;0;0;0;0
110009;Trani;12;15;10;14;8;17;3;5;5;10;8;6;11;9;8;8;6;6;12;15;5;9;10;8;9;13;22;13;10;16;16;16;21;19;24;23;14;17;11;17;21;23;17;17;16;16;16;8;11;8;6;3;7;9;5;2;6;0;1;4;4;5;3;1;0;1;3;4;1;0;0;1;1;0;0;1;1;0;0;1;1;0;0;0;0;0;0;0;0;0;0;0;0;0;0;0;0;0;0;0;0
110010;Trinitapoli;1;2;2;0;1;1;3;1;1;0;1;1;4;2;2;2;0;0;4;1;0;2;0;5;2;2;0;2;2;5;5;0;0;3;1;1;3;1;0;3;2;1;3;2;0;3;3;1;1;0;2;1;2;2;0;0;2;0;0;0;0;0;0;0;1;0;0;0;0;0;0;0;0;0;0;0;0;0;0;0;0;0;0;0;0;0;0;0;0;0;0;0;0;0;0;0;0;0;0;0;0
;Totale;50;51;42;48;39;51;31;32;25;31;42;31;33;35;37;28;40;24;38;35;34;42;45;48;55;54;66;52;53;59;90;81;103;78;86;86;58;62;82;77;78;80;77;59;53;60;49;43;37;43;26;36;28;27;21;14;17;7;11;14;7;8;4;2;9;2;3;5;6;3;0;2;5;2;2;2;5;0;0;1;3;0;0;0;0;0;0;0;0;0;0;0;0;0;0;0;0;0;0;0;0
Territorio/Età;;0;1;2;3;4;5;6;7;8;9;10;11;12;13;14;15;16;17;18;19;20;21;22;23;24;25;26;27;28;29;30;31;32;33;34;35;36;37;38;39;40;41;42;43;44;45;46;47;48;49;50;51;52;53;54;55;56;57;58;59;60;61;62;63;64;65;66;67;68;69;70;71;72;73;74;75;76;77;78;79;80;81;82;83;84;85;86;87;88;89;90;91;92;93;94;95;96;97;98;99;100
Codice comune;Comune;Femmine
110001;Andria;8;15;13;4;6;1;6;3;4;6;3;3;3;9;3;2;4;5;3;4;6;9;13;16;12;15;13;14;22;16;24;10;24;20;25;25;16;21;8;17;17;21;19;23;13;15;11;13;14;7;4;6;5;9;7;1;5;3;3;4;0;4;2;0;0;1;3;0;0;0;0;0;2;0;0;0;0;0;1;0;0;1;0;0;0;0;1;0;0;0;0;0;0;0;0;0;0;0;0;0;0
110002;Barletta;2;11;12;13;4;6;11;9;11;7;12;11;7;3;6;6;7;8;10;9;4;9;12;11;12;15;10;27;19;25;29;18;15;22;38;21;21;19;22;15;18;17;15;16;12;10;14;13;17;8;17;20;8;7;6;1;2;4;2;2;2;2;3;1;3;1;1;0;2;2;0;2;2;1;1;0;0;0;0;0;1;0;1;1;0;0;0;0;0;0;0;0;0;0;0;0;0;0;0;0;0
110003;Bisceglie;6;8;4;3;2;3;4;2;5;4;1;3;4;0;6;4;2;4;3;3;7;3;9;4;4;10;10;13;8;17;12;11;19;16;18;13;6;13;16;5;11;7;16;5;7;4;7;8;10;11;9;8;3;7;6;3;2;0;5;0;1;3;1;1;1;0;1;0;2;0;1;1;1;2;0;2;1;1;0;0;0;0;0;0;1;0;0;0;0;0;0;0;0;0;0;0;0;0;0;0;0
110004;Canosa di Puglia;3;3;5;5;0;2;3;3;4;3;4;3;5;1;2;4;3;0;4;2;6;5;6;9;12;6;7;12;13;10;11;11;20;8;7;10;6;7;6;9;7;9;9;5;5;9;3;3;4;1;5;6;7;3;1;8;5;4;0;5;1;1;3;1;0;2;0;0;0;1;0;0;0;0;1;0;0;0;0;0;0;0;0;0;0;0;1;0;0;0;0;0;0;0;0;0;0;0;0;0;0
110005;Margherita di Savoia;0;1;1;0;0;0;2;1;1;0;1;0;0;1;1;1;0;3;0;2;3;2;5;3;0;3;3;3;1;1;1;3;1;4;2;6;2;5;2;3;3;0;2;5;2;3;1;2;2;3;1;2;2;2;3;0;1;1;1;0;2;0;0;0;0;0;0;2;0;0;0;1;1;1;0;0;0;0;1;0;0;1;0;0;0;0;0;0;0;0;0;0;0;0;0;0;0;0;0;0;0
110006;Minervino Murge;0;0;1;1;2;0;0;2;1;0;2;0;1;0;0;0;0;0;0;1;0;1;2;1;1;5;0;1;2;2;0;3;2;3;0;2;3;0;4;0;2;1;1;2;1;1;0;0;1;0;2;2;0;0;0;0;0;1;0;1;0;0;0;0;1;0;0;0;0;0;0;0;0;0;0;0;0;0;0;0;0;0;0;0;0;0;0;0;0;0;0;0;0;0;0;0;0;0;0;0;0
110007;San Ferdinando di Puglia;6;5;6;0;4;1;2;2;4;5;5;2;5;0;5;0;0;4;6;5;7;11;10;5;8;2;7;8;9;3;14;13;6;16;6;12;3;4;6;7;6;7;7;2;6;7;0;2;1;3;6;4;1;5;1;4;1;1;0;2;0;0;0;0;1;0;0;0;0;0;0;0;0;0;0;0;1;1;1;0;0;0;0;0;0;0;0;0;0;0;0;0;0;0;0;0;0;0;0;0;0
110008;Spinazzola;0;0;1;1;1;2;1;1;0;1;0;2;0;3;0;1;0;1;0;2;2;0;0;2;2;0;1;1;0;4;2;4;2;3;3;0;1;3;1;5;1;2;4;4;2;0;2;1;2;4;2;0;2;1;2;3;0;0;1;0;0;1;1;0;0;0;0;0;0;0;0;1;0;0;0;0;0;0;0;0;0;0;0;0;0;0;0;1;0;0;0;0;0;0;0;0;0;0;0;0;0
110009;Trani;12;12;12;7;13;12;9;17;10;10;10;12;4;6;7;8;2;8;5;9;7;7;9;13;20;15;13;25;18;24;18;26;17;24;15;18;17;20;15;18;14;20;13;13;11;12;15;9;14;8;14;8;6;7;13;5;3;5;4;3;4;2;4;1;2;4;1;1;2;3;4;0;1;1;0;1;0;1;0;1;0;2;0;0;0;0;0;0;0;0;0;0;0;0;0;0;0;0;2;0;0
110010;Trinitapoli;3;0;3;3;0;2;1;2;3;2;4;3;2;0;1;0;2;0;1;2;5;2;3;3;13;2;3;8;4;9;5;4;2;3;2;4;0;2;2;8;5;1;2;1;2;4;0;1;2;4;1;2;2;4;3;0;2;3;0;1;0;0;0;1;0;1;0;0;0;0;0;0;0;0;0;0;0;0;0;0;0;0;0;0;0;0;0;0;0;0;0;0;0;0;0;0;0;0;0;0;0
;Totale;40;55;58;37;32;29;39;42;43;38;42;39;31;23;31;26;20;33;32;39;47;49;69;67;84;73;67;112;96;111;116;103;108;119;116;111;75;94;82;87;84;85;88;76;61;65;53;52;67;49;61;58;36;45;42;25;21;22;16;18;10;13;14;5;8;9;6;3;6;6;5;5;7;5;2;3;2;3;3;1;1;4;1;1;1;0;2;1;0;0;0;0;0;0;0;0;0;0;2;0;0

"Ricostruzione della popolazione intercensuaria - Popolazione al 1° gennaio per età"
"Cittadinanza straniera - Anno: 2011 - Provincia: Barletta-Andria-Trani"
Territorio/Età;;0;1;2;3;4;5;6;7;8;9;10;11;12;13;14;15;16;17;18;19;20;21;22;23;24;25;26;27;28;29;30;31;32;33;34;35;36;37;38;39;40;41;42;43;44;45;46;47;48;49;50;51;52;53;54;55;56;57;58;59;60;61;62;63;64;65;66;67;68;69;70;71;72;73;74;75;76;77;78;79;80;81;82;83;84;85;86;87;88;89;90;91;92;93;94;95;96;97;98;99;100
Codice comune;Comune;Totale
110001;Andria;22;22;26;27;12;15;10;13;10;13;9;13;7;10;19;9;9;11;12;12;7;19;20;29;37;35;33;32;43;43;38;41;38;55;43;52;47;37;39;24;34;33;45;33;30;23;21;24;22;24;13;8;15;8;13;6;4;6;3;4;6;4;3;2;2;0;1;2;0;1;0;0;1;2;0;0;1;1;0;1;0;0;1;0;0;0;0;1;0;0;0;0;0;0;0;0;0;0;0;0;0
110002;Barletta;17;19;20;23;25;13;20;22;18;18;22;21;16;13;8;14;15;22;14;21;21;23;22;25;21;44;31;30;46;38;44;59;44;52;45;63;47;36;39;52;25;39;40;42;36;24;27;24;32;34;22;23;31;15;17;12;7;5;7;4;7;3;5;5;2;5;2;1;0;3;3;0;1;2;1;2;0;0;0;0;0;2;0;1;1;0;0;0;0;0;0;0;0;0;0;0;0;0;0;0;0
110003;Bisceglie;11;10;13;7;10;8;4;9;5;6;8;9;6;6;5;10;8;11;9;8;10;17;18;16;15;12;21;20;21;16;25;30;22;26;27;33;19;15;21;34;30;22;22;25;15;13;13;12;17;12;21;20;13;10;9;12;11;4;4;7;2;1;5;2;1;5;0;1;1;3;2;0;1;2;2;1;2;3;1;0;0;0;0;0;0;1;0;0;0;0;0;0;0;0;0;0;0;0;0;0;0
110004;Canosa di Puglia;5;9;10;7;10;6;9;9;10;8;9;12;12;8;7;10;5;6;0;10;9;15;9;12;14;18;13;15;15;14;16;26;24;30;16;17;21;18;14;21;16;15;13;18;8;10;13;8;7;11;8;6;11;12;5;5;10;6;6;0;7;0;1;3;3;2;2;0;1;1;1;0;0;0;0;1;0;0;0;0;0;0;0;0;0;0;0;1;0;0;0;0;0;0;0;0;0;0;0;0;0
110005;Margherita di Savoia;2;0;3;1;1;0;0;3;2;1;0;2;1;5;2;4;1;4;8;3;3;2;2;3;5;5;3;4;6;4;5;4;5;3;3;4;6;4;6;3;6;6;6;7;6;3;6;2;3;0;6;1;2;4;3;5;2;1;1;2;0;2;1;0;0;0;0;1;2;0;0;0;1;2;2;0;0;1;0;1;1;0;1;0;0;0;0;0;0;0;0;0;0;0;0;0;0;0;0;0;0
110006;Minervino Murge;2;1;0;3;3;2;2;3;4;1;0;1;2;2;0;0;0;0;0;1;1;0;2;4;2;3;8;1;2;2;2;0;5;4;5;2;4;3;0;4;1;2;2;1;2;1;1;0;0;1;0;2;3;0;0;1;0;1;1;0;1;0;0;0;0;1;0;0;0;0;0;0;0;1;0;0;0;0;0;0;0;0;0;0;0;0;0;0;0;0;0;0;0;0;0;0;0;0;0;0;0
110007;San Ferdinando di Puglia;9;14;10;16;11;8;6;6;4;7;6;9;6;8;3;8;5;6;8;7;11;12;20;17;18;16;10;15;12;17;14;24;21;9;20;21;20;5;11;13;13;10;12;12;5;8;15;1;6;4;7;8;12;9;8;3;4;1;2;0;3;0;0;0;0;2;0;0;0;1;0;0;0;1;0;0;0;1;1;1;0;1;0;0;0;0;0;0;0;0;0;0;0;0;0;0;0;0;0;0;0
110008;Spinazzola;3;1;1;2;2;2;2;0;5;1;2;2;2;0;2;0;1;1;1;0;4;3;2;2;4;3;1;4;5;3;5;7;4;7;7;3;1;3;3;3;7;6;3;5;5;4;1;4;2;2;4;3;1;3;2;2;3;0;1;2;0;0;0;1;0;0;0;0;0;0;0;0;1;0;0;0;0;0;0;0;0;0;0;0;0;0;0;0;1;0;0;0;0;0;0;0;0;0;0;0;0
110009;Trani;20;24;29;24;23;22;31;14;23;14;23;22;20;17;16;13;16;11;19;17;23;15;25;30;29;34;36;38;38;35;44;39;43;42;47;34;46;35;35;30;39;35;45;32;33;28;32;36;21;28;14;20;13;14;16;18;10;10;8;5;7;8;7;9;3;3;5;4;4;3;3;4;0;2;1;0;2;1;3;0;2;1;2;0;0;0;0;0;0;0;0;0;0;0;0;0;0;0;0;2;0
110010;Trinitapoli;4;3;2;5;4;1;5;6;3;5;2;6;4;6;2;2;1;2;1;4;4;5;7;6;10;16;7;5;14;7;16;8;6;4;8;3;7;4;3;3;10;8;2;6;4;2;9;3;5;5;6;3;3;6;6;3;1;4;3;0;1;0;0;0;0;1;1;1;0;0;0;0;0;0;0;0;0;0;0;0;0;0;0;0;0;0;0;0;0;0;0;0;0;0;0;0;0;0;0;0;0
;Totale;95;103;114;115;101;77;89;85;84;74;81;97;76;75;64;70;61;74;72;83;93;111;127;144;155;186;163;164;202;179;209;238;212;232;221;232;218;160;171;187;181;176;190;181;144;116;138;114;115;121;101;94;104;81;79;67;52;38;36;24;34;18;22;22;11;19;11;10;8;12;9;4;5;12;6;4;5;7;5;3;3;4;4;1;1;1;0;2;1;0;0;0;0;0;0;0;0;0;0;2;0
Territorio/Età;;0;1;2;3;4;5;6;7;8;9;10;11;12;13;14;15;16;17;18;19;20;21;22;23;24;25;26;27;28;29;30;31;32;33;34;35;36;37;38;39;40;41;42;43;44;45;46;47;48;49;50;51;52;53;54;55;56;57;58;59;60;61;62;63;64;65;66;67;68;69;70;71;72;73;74;75;76;77;78;79;80;81;82;83;84;85;86;87;88;89;90;91;92;93;94;95;96;97;98;99;100
Codice comune;Comune;Maschi
110001;Andria;11;10;10;14;6;10;6;5;6;7;3;9;2;3;7;5;5;8;7;6;2;10;7;10;16;17;9;17;28;22;18;18;19;25;18;23;18;18;15;12;15;14;20;13;9;9;7;11;7;8;6;3;6;2;1;0;2;2;0;1;2;3;0;0;0;0;0;0;0;1;0;0;1;0;0;0;1;1;0;0;0;0;0;0;0;0;0;0;0;0;0;0;0;0;0;0;0;0;0;0;0
110002;Barletta;9;17;9;11;11;8;15;11;7;7;14;7;6;6;6;7;9;14;4;8;6;13;9;11;6;26;12;14;16;14;10;23;20;30;18;18;24;13;19;30;11;21;21;24;17;13;14;11;17;11;10;5;10;6;7;6;2;0;1;2;5;1;2;2;1;2;1;0;0;1;1;0;0;0;0;1;0;0;0;0;0;1;0;0;0;0;0;0;0;0;0;0;0;0;0;0;0;0;0;0;0
110003;Bisceglie;6;3;3;2;7;6;2;4;3;0;4;5;4;2;4;4;3;6;5;4;7;8;9;9;8;4;10;6;3;3;8;16;9;8;9;12;6;7;5;14;21;7;15;6;7;5;6;3;8;1;5;5;5;1;2;5;4;1;1;3;0;0;1;0;0;3;0;0;0;1;2;0;0;1;0;1;0;2;0;0;0;0;0;0;0;0;0;0;0;0;0;0;0;0;0;0;0;0;0;0;0
110004;Canosa di Puglia;2;5;7;3;4;3;7;5;7;4;5;7;7;3;6;7;1;2;0;5;4;8;4;3;4;7;5;9;4;2;4;11;13;9;8;10;9;10;3;12;5;3;3;6;4;4;3;4;4;8;7;1;4;4;1;3;3;3;2;0;2;0;0;0;0;2;0;0;1;1;0;0;0;0;0;0;0;0;0;0;0;0;0;0;0;0;0;0;0;0;0;0;0;0;0;0;0;0;0;0;0
110005;Margherita di Savoia;2;0;2;0;1;0;0;2;1;0;0;1;1;4;1;3;0;4;5;3;1;0;0;1;1;2;2;1;2;3;2;2;1;2;1;1;0;2;1;1;2;3;4;2;1;1;3;1;1;0;3;0;0;1;1;2;1;1;0;0;0;0;1;0;0;0;0;0;0;0;0;0;0;1;1;0;0;1;0;0;0;0;0;0;0;0;0;0;0;0;0;0;0;0;0;0;0;0;0;0;0
110006;Minervino Murge;0;1;0;2;2;1;2;2;2;0;0;0;2;1;0;0;0;0;0;1;0;0;0;2;1;0;3;0;1;1;0;0;2;0;2;2;2;1;0;1;1;0;1;0;1;0;0;0;0;0;0;0;1;0;0;0;0;0;0;0;0;0;0;0;0;0;0;0;0;0;0;0;0;1;0;0;0;0;0;0;0;0;0;0;0;0;0;0;0;0;0;0;0;0;0;0;0;0;0;0;0
110007;San Ferdinando di Puglia;5;7;5;8;9;3;5;4;2;3;0;3;3;2;3;2;4;2;1;1;4;4;9;6;9;5;7;9;3;9;8;6;10;5;5;13;7;0;5;9;6;3;3;5;2;2;7;1;3;3;4;2;6;6;3;0;2;0;1;0;1;0;0;0;0;1;0;0;0;1;0;0;0;1;0;0;0;0;0;0;0;1;0;0;0;0;0;0;0;0;0;0;0;0;0;0;0;0;0;0;0
110008;Spinazzola;3;1;1;1;1;0;0;0;3;1;0;2;0;0;0;0;0;1;0;0;1;1;1;0;1;1;1;2;0;2;1;5;1;5;4;0;1;1;0;2;1;3;1;0;0;2;1;2;0;0;0;1;1;0;0;0;0;0;1;2;0;0;0;0;0;0;0;0;0;0;0;0;0;0;0;0;0;0;0;0;0;0;0;0;0;0;0;0;0;0;0;0;0;0;0;0;0;0;0;0;0
110009;Trani;9;14;16;11;15;9;19;3;5;5;12;12;6;11;9;6;8;8;9;12;14;9;13;14;14;15;17;22;13;15;19;16;21;24;24;21;24;15;18;14;17;21;23;19;19;16;18;19;10;12;8;6;3;9;8;5;3;7;0;1;5;4;5;3;1;0;1;3;3;2;0;0;0;1;0;0;1;1;2;0;1;1;0;0;0;0;0;0;0;0;0;0;0;0;0;0;0;0;0;0;0
110010;Trinitapoli;2;1;2;2;1;1;2;5;1;2;0;2;1;4;2;2;1;0;0;3;1;0;3;4;7;5;4;1;3;2;6;3;2;1;4;2;3;3;1;1;3;2;1;4;2;0;2;3;2;3;0;2;1;4;2;0;0;2;0;0;0;0;0;0;0;1;0;0;0;0;0;0;0;0;0;0;0;0;0;0;0;0;0;0;0;0;0;0;0;0;0;0;0;0;0;0;0;0;0;0;0
;Totale;49;59;55;54;57;41;58;41;37;29;38;48;32;36;38;36;31;45;31;43;40;53;55;60;67;82;70;81;73;73;76;100;98;109;93;102;94;70;67;96;82;77;92;79;62;52;61;55;52;46;43;25;37;33;25;21;17;16;6;9;15;8;9;5;2;9;2;3;4;7;3;0;1;5;1;2;2;5;2;0;1;3;0;0;0;0;0;0;0;0;0;0;0;0;0;0;0;0;0;0;0
Territorio/Età;;0;1;2;3;4;5;6;7;8;9;10;11;12;13;14;15;16;17;18;19;20;21;22;23;24;25;26;27;28;29;30;31;32;33;34;35;36;37;38;39;40;41;42;43;44;45;46;47;48;49;50;51;52;53;54;55;56;57;58;59;60;61;62;63;64;65;66;67;68;69;70;71;72;73;74;75;76;77;78;79;80;81;82;83;84;85;86;87;88;89;90;91;92;93;94;95;96;97;98;99;100
Codice comune;Comune;Femmine
110001;Andria;11;12;16;13;6;5;4;8;4;6;6;4;5;7;12;4;4;3;5;6;5;9;13;19;21;18;24;15;15;21;20;23;19;30;25;29;29;19;24;12;19;19;25;20;21;14;14;13;15;16;7;5;9;6;12;6;2;4;3;3;4;1;3;2;2;0;1;2;0;0;0;0;0;2;0;0;0;0;0;1;0;0;1;0;0;0;0;1;0;0;0;0;0;0;0;0;0;0;0;0;0
110002;Barletta;8;2;11;12;14;5;5;11;11;11;8;14;10;7;2;7;6;8;10;13;15;10;13;14;15;18;19;16;30;24;34;36;24;22;27;45;23;23;20;22;14;18;19;18;19;11;13;13;15;23;12;18;21;9;10;6;5;5;6;2;2;2;3;3;1;3;1;1;0;2;2;0;1;2;1;1;0;0;0;0;0;1;0;1;1;0;0;0;0;0;0;0;0;0;0;0;0;0;0;0;0
110003;Bisceglie;5;7;10;5;3;2;2;5;2;6;4;4;2;4;1;6;5;5;4;4;3;9;9;7;7;8;11;14;18;13;17;14;13;18;18;21;13;8;16;20;9;15;7;19;8;8;7;9;9;11;16;15;8;9;7;7;7;3;3;4;2;1;4;2;1;2;0;1;1;2;0;0;1;1;2;0;2;1;1;0;0;0;0;0;0;1;0;0;0;0;0;0;0;0;0;0;0;0;0;0;0
110004;Canosa di Puglia;3;4;3;4;6;3;2;4;3;4;4;5;5;5;1;3;4;4;0;5;5;7;5;9;10;11;8;6;11;12;12;15;11;21;8;7;12;8;11;9;11;12;10;12;4;6;10;4;3;3;1;5;7;8;4;2;7;3;4;0;5;0;1;3;3;0;2;0;0;0;1;0;0;0;0;1;0;0;0;0;0;0;0;0;0;0;0;1;0;0;0;0;0;0;0;0;0;0;0;0;0
110005;Margherita di Savoia;0;0;1;1;0;0;0;1;1;1;0;1;0;1;1;1;1;0;3;0;2;2;2;2;4;3;1;3;4;1;3;2;4;1;2;3;6;2;5;2;4;3;2;5;5;2;3;1;2;0;3;1;2;3;2;3;1;0;1;2;0;2;0;0;0;0;0;1;2;0;0;0;1;1;1;0;0;0;0;1;1;0;1;0;0;0;0;0;0;0;0;0;0;0;0;0;0;0;0;0;0
110006;Minervino Murge;2;0;0;1;1;1;0;1;2;1;0;1;0;1;0;0;0;0;0;0;1;0;2;2;1;3;5;1;1;1;2;0;3;4;3;0;2;2;0;3;0;2;1;1;1;1;1;0;0;1;0;2;2;0;0;1;0;1;1;0;1;0;0;0;0;1;0;0;0;0;0;0;0;0;0;0;0;0;0;0;0;0;0;0;0;0;0;0;0;0;0;0;0;0;0;0;0;0;0;0;0
110007;San Ferdinando di Puglia;4;7;5;8;2;5;1;2;2;4;6;6;3;6;0;6;1;4;7;6;7;8;11;11;9;11;3;6;9;8;6;18;11;4;15;8;13;5;6;4;7;7;9;7;3;6;8;0;3;1;3;6;6;3;5;3;2;1;1;0;2;0;0;0;0;1;0;0;0;0;0;0;0;0;0;0;0;1;1;1;0;0;0;0;0;0;0;0;0;0;0;0;0;0;0;0;0;0;0;0;0
110008;Spinazzola;0;0;0;1;1;2;2;0;2;0;2;0;2;0;2;0;1;0;1;0;3;2;1;2;3;2;0;2;5;1;4;2;3;2;3;3;0;2;3;1;6;3;2;5;5;2;0;2;2;2;4;2;0;3;2;2;3;0;0;0;0;0;0;1;0;0;0;0;0;0;0;0;1;0;0;0;0;0;0;0;0;0;0;0;0;0;0;0;1;0;0;0;0;0;0;0;0;0;0;0;0
110009;Trani;11;10;13;13;8;13;12;11;18;9;11;10;14;6;7;7;8;3;10;5;9;6;12;16;15;19;19;16;25;20;25;23;22;18;23;13;22;20;17;16;22;14;22;13;14;12;14;17;11;16;6;14;10;5;8;13;7;3;8;4;2;4;2;6;2;3;4;1;1;1;3;4;0;1;1;0;1;0;1;0;1;0;2;0;0;0;0;0;0;0;0;0;0;0;0;0;0;0;0;2;0
110010;Trinitapoli;2;2;0;3;3;0;3;1;2;3;2;4;3;2;0;0;0;2;1;1;3;5;4;2;3;11;3;4;11;5;10;5;4;3;4;1;4;1;2;2;7;6;1;2;2;2;7;0;3;2;6;1;2;2;4;3;1;2;3;0;1;0;0;0;0;0;1;1;0;0;0;0;0;0;0;0;0;0;0;0;0;0;0;0;0;0;0;0;0;0;0;0;0;0;0;0;0;0;0;0;0
;Totale;46;44;59;61;44;36;31;44;47;45;43;49;44;39;26;34;30;29;41;40;53;58;72;84;88;104;93;83;129;106;133;138;114;123;128;130;124;90;104;91;99;99;98;102;82;64;77;59;63;75;58;69;67;48;54;46;35;22;30;15;19;10;13;17;9;10;9;7;4;5;6;4;4;7;5;2;3;2;3;3;2;1;4;1;1;1;0;2;1;0;0;0;0;0;0;0;0;0;0;2;0

"Ricostruzione della popolazione intercensuaria - Popolazione al 1° gennaio per età"
"Cittadinanza straniera - Anno: 2012 - Provincia: Barletta-Andria-Trani"
Territorio/Età;;0;1;2;3;4;5;6;7;8;9;10;11;12;13;14;15;16;17;18;19;20;21;22;23;24;25;26;27;28;29;30;31;32;33;34;35;36;37;38;39;40;41;42;43;44;45;46;47;48;49;50;51;52;53;54;55;56;57;58;59;60;61;62;63;64;65;66;67;68;69;70;71;72;73;74;75;76;77;78;79;80;81;82;83;84;85;86;87;88;89;90;91;92;93;94;95;96;97;98;99;100
Codice comune;Comune;Totale
110001;Andria;24;24;20;26;29;13;11;11;15;12;14;9;15;9;9;23;11;10;10;16;16;12;24;25;36;42;38;37;40;48;52;41;42;37;59;41;55;49;38;40;28;35;33;46;30;29;24;26;26;20;25;15;10;16;11;12;4;2;4;3;4;6;5;2;2;2;0;1;3;0;1;0;0;1;2;0;0;1;1;0;1;0;0;1;0;0;0;0;1;0;0;0;0;0;0;0;0;0;0;0;0
110002;Barletta;30;19;23;23;21;24;12;24;23;20;19;24;19;16;16;9;16;16;21;16;23;24;24;30;34;29;46;33;38;47;49;44;63;46;54;50;66;49;40;44;49;29;36;42;48;36;26;28;26;33;36;27;24;33;16;17;13;6;6;8;4;7;4;7;5;3;6;2;0;0;3;3;0;1;2;1;2;0;0;0;0;0;2;0;1;1;0;0;0;0;0;0;0;0;0;0;0;0;0;0;0
110003;Bisceglie;3;12;12;14;5;11;10;4;8;6;7;9;10;9;8;5;13;5;10;10;9;14;18;22;15;17;15;20;24;22;20;27;28;22;25;25;29;19;18;20;33;29;21;20;24;14;12;10;9;18;13;22;20;14;11;9;13;11;4;4;7;2;1;5;2;1;4;0;1;1;3;2;0;1;1;2;1;1;3;1;0;0;0;0;0;0;0;0;0;0;0;0;0;0;0;0;0;0;0;0;0
110004;Canosa di Puglia;11;8;9;10;11;10;7;10;10;11;10;10;12;13;8;8;13;5;6;0;10;11;15;14;13;22;19;21;14;17;17;17;27;20;27;16;18;25;22;12;20;18;14;13;19;11;13;14;9;8;11;9;7;10;14;5;6;10;6;5;1;7;0;1;3;3;2;1;0;1;0;1;1;0;0;0;1;0;0;0;0;1;0;0;0;0;0;0;1;0;0;0;0;0;0;0;0;0;0;0;0
110005;Margherita di Savoia;3;3;0;3;1;1;0;0;2;2;1;0;2;1;5;2;4;1;4;10;3;3;3;2;1;4;4;4;3;4;5;4;4;3;2;2;4;7;5;6;5;6;3;6;6;7;3;7;2;3;1;6;1;2;4;3;5;2;1;1;2;0;2;1;0;0;0;0;1;2;0;0;0;1;2;2;0;0;1;0;1;1;0;1;0;0;0;0;0;0;0;0;0;0;0;0;0;0;0;0;0
110006;Minervino Murge;0;2;1;0;4;3;2;2;3;4;1;0;1;2;2;0;0;0;0;0;2;1;0;3;4;2;4;5;3;2;3;3;2;5;6;4;3;4;3;1;4;1;2;1;1;2;1;1;0;1;2;1;1;2;0;0;1;0;1;1;0;1;0;0;0;0;1;0;0;0;0;0;0;0;1;0;0;0;0;0;0;0;0;0;0;0;0;0;0;0;0;0;0;0;0;0;0;0;0;0;0
110007;San Ferdinando di Puglia;10;6;16;11;18;12;9;7;7;4;9;6;11;7;8;4;8;5;7;9;8;12;12;23;18;19;17;12;22;14;18;13;22;21;11;21;20;22;7;13;14;11;9;11;13;6;7;17;1;5;3;7;9;13;10;8;4;4;2;2;0;1;0;0;0;0;2;0;0;0;1;0;0;0;1;0;0;0;1;1;1;0;1;0;0;0;0;0;0;0;0;0;0;0;0;0;0;0;0;0;0
110008;Spinazzola;3;3;1;2;2;3;2;2;1;5;1;2;2;2;0;1;0;1;1;1;0;4;3;2;2;4;3;2;6;7;7;6;8;3;7;7;1;2;5;3;3;8;6;3;6;5;4;1;4;2;2;4;3;1;3;2;5;2;0;1;2;0;0;0;1;0;0;0;0;0;0;0;0;1;0;0;0;0;0;0;0;0;0;0;0;0;0;0;0;1;0;0;0;0;0;0;0;0;0;0;0
110009;Trani;28;18;25;30;26;27;22;33;16;24;15;24;24;21;17;17;15;18;12;20;21;23;15;27;30;29;34;36;43;41;40;38;38;41;38;44;37;48;37;38;33;36;34;45;32;35;26;35;37;20;31;16;20;15;15;18;16;9;11;6;6;7;8;6;9;3;3;5;5;4;4;4;6;1;3;1;0;2;1;3;0;2;1;3;0;0;0;0;0;0;0;0;0;0;0;0;0;0;0;0;2
110010;Trinitapoli;3;8;5;3;10;4;2;7;8;3;5;3;7;4;8;1;4;2;3;2;9;7;7;8;9;12;19;8;7;17;8;18;11;9;5;11;5;8;7;4;4;11;13;5;8;5;2;11;3;6;5;6;4;3;6;6;2;1;4;3;0;1;0;0;0;0;1;1;1;0;0;0;0;0;0;0;0;0;0;0;0;0;0;0;0;0;0;0;0;0;0;0;0;0;0;0;0;0;0;0;0
;Totale;115;103;112;122;127;108;77;100;93;91;82;87;103;84;81;70;84;63;74;84;101;111;121;156;162;180;199;178;200;219;219;211;245;207;234;221;238;233;182;181;193;184;171;192;187;150;118;150;117;116;129;113;99;109;90;80;69;47;39;34;26;32;20;22;22;12;19;10;11;8;12;10;7;6;12;6;4;4;7;5;3;4;4;5;1;1;0;0;2;1;0;0;0;0;0;0;0;0;0;0;2
Territorio/Età;;0;1;2;3;4;5;6;7;8;9;10;11;12;13;14;15;16;17;18;19;20;21;22;23;24;25;26;27;28;29;30;31;32;33;34;35;36;37;38;39;40;41;42;43;44;45;46;47;48;49;50;51;52;53;54;55;56;57;58;59;60;61;62;63;64;65;66;67;68;69;70;71;72;73;74;75;76;77;78;79;80;81;82;83;84;85;86;87;88;89;90;91;92;93;94;95;96;97;98;99;100
Codice comune;Comune;Maschi
110001;Andria;11;12;10;13;14;6;7;6;6;7;8;5;11;3;2;9;7;5;7;9;8;3;11;7;16;19;17;10;21;30;26;20;17;16;26;19;24;16;19;15;15;16;13;20;10;8;8;7;12;6;8;7;4;7;3;1;0;2;2;0;1;2;3;0;0;0;0;0;0;0;1;0;0;1;0;0;0;1;1;0;0;0;0;0;0;0;0;0;0;0;0;0;0;0;0;0;0;0;0;0;0
110002;Barletta;9;10;18;11;10;12;7;16;12;9;7;14;7;7;8;6;7;9;12;4;9;9;12;12;14;12;25;12;15;17;19;14;27;21;28;20;20;24;17;21;31;13;20;21;24;16;14;14;12;17;11;11;6;10;6;7;6;2;0;2;2;5;1;2;2;1;2;1;0;0;1;1;0;0;0;0;1;0;0;0;0;0;1;0;0;0;0;0;0;0;0;0;0;0;0;0;0;0;0;0;0
110003;Bisceglie;3;6;4;4;0;7;7;2;3;3;0;4;5;6;4;4;4;2;4;6;5;10;9;10;8;7;5;9;8;6;4;9;17;10;5;9;11;5;7;5;13;21;6;13;5;6;3;4;1;7;1;5;5;5;1;2;6;3;1;1;3;0;0;1;0;0;3;0;0;0;1;2;0;0;0;0;1;0;2;0;0;0;0;0;0;0;0;0;0;0;0;0;0;0;0;0;0;0;0;0;0
110004;Canosa di Puglia;6;4;4;7;6;4;4;8;5;8;6;6;7;8;3;6;9;1;2;0;5;6;8;4;3;9;7;9;9;5;3;5;11;10;7;8;10;10;10;4;11;5;3;3;6;6;7;3;4;5;8;8;1;4;5;1;3;3;3;2;0;2;0;0;0;0;2;0;0;1;0;0;0;0;0;0;0;0;0;0;0;0;0;0;0;0;0;0;0;0;0;0;0;0;0;0;0;0;0;0;0
110005;Margherita di Savoia;2;3;0;2;0;1;0;0;1;1;0;0;1;1;4;1;3;0;4;6;3;1;0;0;1;0;1;2;1;2;3;0;1;1;1;1;1;0;3;1;1;2;0;4;1;1;1;3;1;1;0;3;0;0;1;1;2;1;1;0;0;0;0;1;0;0;0;0;0;0;0;0;0;0;1;1;0;0;1;0;0;0;0;0;0;0;0;0;0;0;0;0;0;0;0;0;0;0;0;0;0
110006;Minervino Murge;0;0;1;0;2;2;1;2;2;2;0;0;0;2;1;0;0;0;0;0;2;0;0;0;2;1;1;2;1;1;2;2;1;2;1;2;2;2;1;1;1;1;0;0;0;1;0;0;0;1;0;0;0;1;0;0;0;0;0;0;0;0;0;0;0;0;0;0;0;0;0;0;0;0;1;0;0;0;0;0;0;0;0;0;0;0;0;0;0;0;0;0;0;0;0;0;0;0;0;0;0
110007;San Ferdinando di Puglia;6;5;8;6;10;9;3;5;4;2;4;0;4;3;2;4;2;4;2;2;2;4;4;9;7;10;5;8;12;5;10;8;6;9;7;5;13;6;2;6;10;5;2;2;5;2;1;8;1;4;3;4;2;6;6;3;1;2;1;1;0;0;0;0;0;0;1;0;0;0;1;0;0;0;1;0;0;0;0;0;0;0;1;0;0;0;0;0;0;0;0;0;0;0;0;0;0;0;0;0;0
110008;Spinazzola;0;3;1;2;1;1;0;0;1;3;1;0;2;0;0;0;0;0;1;0;0;1;1;1;0;1;1;1;3;1;5;1;6;0;5;4;0;2;2;0;2;2;3;1;1;0;2;1;2;0;0;0;1;1;0;0;0;0;0;1;2;0;0;0;0;0;0;0;0;0;0;0;0;0;0;0;0;0;0;0;0;0;0;0;0;0;0;0;0;0;0;0;0;0;0;0;0;0;0;0;0
110009;Trani;21;7;14;15;11;17;8;20;4;8;6;13;13;7;13;11;8;9;9;10;13;13;11;13;11;15;13;16;24;16;21;17;14;19;23;24;22;27;16;18;15;17;20;25;19;19;16;18;19;10;14;9;7;5;9;8;5;3;7;0;1;5;4;4;2;1;0;1;3;3;2;0;1;1;2;0;0;1;1;2;0;1;1;1;0;0;0;0;0;0;0;0;0;0;0;0;0;0;0;0;0
110010;Trinitapoli;0;4;2;2;4;1;2;2;5;1;1;1;3;1;5;1;1;2;1;0;7;2;0;4;5;8;5;6;2;4;3;7;4;3;2;5;2;4;5;1;1;3;3;4;4;3;0;5;3;3;3;0;2;1;4;2;0;0;2;0;0;0;0;0;0;0;1;0;0;0;0;0;0;0;0;0;0;0;0;0;0;0;0;0;0;0;0;0;0;0;0;0;0;0;0;0;0;0;0;0;0
;Totale;58;54;62;62;58;60;39;61;43;44;33;43;53;38;42;42;41;32;42;37;54;49;56;60;67;82;80;75;96;87;96;83;104;91;105;97;105;96;82;72;100;85;70;93;75;62;52;63;55;54;48;47;28;40;35;25;23;16;17;7;9;14;8;8;4;2;9;2;3;4;6;3;1;2;5;1;2;2;5;2;0;1;3;1;0;0;0;0;0;0;0;0;0;0;0;0;0;0;0;0;0
Territorio/Età;;0;1;2;3;4;5;6;7;8;9;10;11;12;13;14;15;16;17;18;19;20;21;22;23;24;25;26;27;28;29;30;31;32;33;34;35;36;37;38;39;40;41;42;43;44;45;46;47;48;49;50;51;52;53;54;55;56;57;58;59;60;61;62;63;64;65;66;67;68;69;70;71;72;73;74;75;76;77;78;79;80;81;82;83;84;85;86;87;88;89;90;91;92;93;94;95;96;97;98;99;100
Codice comune;Comune;Femmine
110001;Andria;13;12;10;13;15;7;4;5;9;5;6;4;4;6;7;14;4;5;3;7;8;9;13;18;20;23;21;27;19;18;26;21;25;21;33;22;31;33;19;25;13;19;20;26;20;21;16;19;14;14;17;8;6;9;8;11;4;0;2;3;3;4;2;2;2;2;0;1;3;0;0;0;0;0;2;0;0;0;0;0;1;0;0;1;0;0;0;0;1;0;0;0;0;0;0;0;0;0;0;0;0
110002;Barletta;21;9;5;12;11;12;5;8;11;11;12;10;12;9;8;3;9;7;9;12;14;15;12;18;20;17;21;21;23;30;30;30;36;25;26;30;46;25;23;23;18;16;16;21;24;20;12;14;14;16;25;16;18;23;10;10;7;4;6;6;2;2;3;5;3;2;4;1;0;0;2;2;0;1;2;1;1;0;0;0;0;0;1;0;1;1;0;0;0;0;0;0;0;0;0;0;0;0;0;0;0
110003;Bisceglie;0;6;8;10;5;4;3;2;5;3;7;5;5;3;4;1;9;3;6;4;4;4;9;12;7;10;10;11;16;16;16;18;11;12;20;16;18;14;11;15;20;8;15;7;19;8;9;6;8;11;12;17;15;9;10;7;7;8;3;3;4;2;1;4;2;1;1;0;1;1;2;0;0;1;1;2;0;1;1;1;0;0;0;0;0;0;0;0;0;0;0;0;0;0;0;0;0;0;0;0;0
110004;Canosa di Puglia;5;4;5;3;5;6;3;2;5;3;4;4;5;5;5;2;4;4;4;0;5;5;7;10;10;13;12;12;5;12;14;12;16;10;20;8;8;15;12;8;9;13;11;10;13;5;6;11;5;3;3;1;6;6;9;4;3;7;3;3;1;5;0;1;3;3;0;1;0;0;0;1;1;0;0;0;1;0;0;0;0;1;0;0;0;0;0;0;1;0;0;0;0;0;0;0;0;0;0;0;0
110005;Margherita di Savoia;1;0;0;1;1;0;0;0;1;1;1;0;1;0;1;1;1;1;0;4;0;2;3;2;0;4;3;2;2;2;2;4;3;2;1;1;3;7;2;5;4;4;3;2;5;6;2;4;1;2;1;3;1;2;3;2;3;1;0;1;2;0;2;0;0;0;0;0;1;2;0;0;0;1;1;1;0;0;0;0;1;1;0;1;0;0;0;0;0;0;0;0;0;0;0;0;0;0;0;0;0
110006;Minervino Murge;0;2;0;0;2;1;1;0;1;2;1;0;1;0;1;0;0;0;0;0;0;1;0;3;2;1;3;3;2;1;1;1;1;3;5;2;1;2;2;0;3;0;2;1;1;1;1;1;0;0;2;1;1;1;0;0;1;0;1;1;0;1;0;0;0;0;1;0;0;0;0;0;0;0;0;0;0;0;0;0;0;0;0;0;0;0;0;0;0;0;0;0;0;0;0;0;0;0;0;0;0
110007;San Ferdinando di Puglia;4;1;8;5;8;3;6;2;3;2;5;6;7;4;6;0;6;1;5;7;6;8;8;14;11;9;12;4;10;9;8;5;16;12;4;16;7;16;5;7;4;6;7;9;8;4;6;9;0;1;0;3;7;7;4;5;3;2;1;1;0;1;0;0;0;0;1;0;0;0;0;0;0;0;0;0;0;0;1;1;1;0;0;0;0;0;0;0;0;0;0;0;0;0;0;0;0;0;0;0;0
110008;Spinazzola;3;0;0;0;1;2;2;2;0;2;0;2;0;2;0;1;0;1;0;1;0;3;2;1;2;3;2;1;3;6;2;5;2;3;2;3;1;0;3;3;1;6;3;2;5;5;2;0;2;2;2;4;2;0;3;2;5;2;0;0;0;0;0;0;1;0;0;0;0;0;0;0;0;1;0;0;0;0;0;0;0;0;0;0;0;0;0;0;0;1;0;0;0;0;0;0;0;0;0;0;0
110009;Trani;7;11;11;15;15;10;14;13;12;16;9;11;11;14;4;6;7;9;3;10;8;10;4;14;19;14;21;20;19;25;19;21;24;22;15;20;15;21;21;20;18;19;14;20;13;16;10;17;18;10;17;7;13;10;6;10;11;6;4;6;5;2;4;2;7;2;3;4;2;1;2;4;5;0;1;1;0;1;0;1;0;1;0;2;0;0;0;0;0;0;0;0;0;0;0;0;0;0;0;0;2
110010;Trinitapoli;3;4;3;1;6;3;0;5;3;2;4;2;4;3;3;0;3;0;2;2;2;5;7;4;4;4;14;2;5;13;5;11;7;6;3;6;3;4;2;3;3;8;10;1;4;2;2;6;0;3;2;6;2;2;2;4;2;1;2;3;0;1;0;0;0;0;0;1;1;0;0;0;0;0;0;0;0;0;0;0;0;0;0;0;0;0;0;0;0;0;0;0;0;0;0;0;0;0;0;0;0
;Totale;57;49;50;60;69;48;38;39;50;47;49;44;50;46;39;28;43;31;32;47;47;62;65;96;95;98;119;103;104;132;123;128;141;116;129;124;133;137;100;109;93;99;101;99;112;88;66;87;62;62;81;66;71;69;55;55;46;31;22;27;17;18;12;14;18;10;10;8;8;4;6;7;6;4;7;5;2;2;2;3;3;3;1;4;1;1;0;0;2;1;0;0;0;0;0;0;0;0;0;0;2

"Ricostruzione della popolazione intercensuaria - Popolazione al 1° gennaio per età"
"Cittadinanza straniera - Anno: 2013 - Provincia: Barletta-Andria-Trani"
Territorio/Età;;0;1;2;3;4;5;6;7;8;9;10;11;12;13;14;15;16;17;18;19;20;21;22;23;24;25;26;27;28;29;30;31;32;33;34;35;36;37;38;39;40;41;42;43;44;45;46;47;48;49;50;51;52;53;54;55;56;57;58;59;60;61;62;63;64;65;66;67;68;69;70;71;72;73;74;75;76;77;78;79;80;81;82;83;84;85;86;87;88;89;90;91;92;93;94;95;96;97;98;99;100
Codice comune;Comune;Totale
110001;Andria;24;23;27;23;28;33;11;15;11;18;13;14;12;16;6;7;24;11;11;9;22;22;18;35;31;37;56;44;42;46;53;58;47;47;41;68;47;59;50;41;41;36;38;37;52;30;31;26;25;28;21;29;14;11;15;11;13;5;2;5;2;4;7;5;2;3;2;0;1;3;0;1;0;0;1;2;0;0;1;1;0;1;0;0;1;0;0;0;0;1;0;0;0;0;0;0;0;0;0;0;0
110002;Barletta;37;32;22;26;25;20;23;14;25;24;21;19;24;21;19;18;12;17;14;21;15;26;26;27;40;38;32;56;31;39;47;51;47;69;49;59;55;65;52;42;46;55;36;36;44;51;38;28;28;27;33;33;27;24;33;17;15;13;6;5;8;4;8;4;7;5;3;6;2;0;1;3;2;0;1;2;1;3;0;0;0;0;0;2;0;1;1;0;0;0;0;0;0;0;0;0;0;0;0;0;0
110003;Bisceglie;16;5;10;13;14;5;12;9;3;10;7;7;9;10;8;9;6;11;4;11;14;13;17;24;26;28;22;18;19;27;27;24;37;32;24;25;26;30;23;19;23;35;32;22;20;26;15;10;11;13;17;13;23;19;14;13;10;12;10;4;2;7;3;2;5;2;1;4;0;1;1;3;1;1;2;1;1;1;1;2;1;0;0;0;0;0;0;0;0;0;0;0;0;0;0;0;0;0;0;0;0
110004;Canosa di Puglia;9;12;8;9;11;11;14;10;10;12;12;10;11;13;17;13;10;15;3;8;1;11;11;14;16;19;25;24;21;20;18;18;20;30;21;24;17;20;23;22;16;21;21;16;14;18;9;13;13;8;7;12;8;6;10;14;5;7;10;7;4;1;6;0;2;2;3;2;1;0;1;0;2;1;0;0;0;1;0;0;0;0;1;0;0;0;0;0;0;1;0;0;0;0;0;0;0;0;0;0;0
110005;Margherita di Savoia;1;3;3;0;3;3;1;1;0;2;3;1;0;2;1;4;2;3;2;4;10;4;3;5;2;0;4;5;5;4;5;3;3;3;3;2;2;5;6;5;5;4;6;4;4;6;5;5;6;1;3;1;6;0;2;4;3;4;2;1;1;2;0;2;1;0;0;0;0;1;2;0;0;0;1;3;2;0;0;1;0;1;1;0;1;0;0;0;0;0;0;0;0;0;0;0;0;0;0;0;0
110006;Minervino Murge;1;0;2;0;0;4;3;2;1;4;2;1;0;1;1;2;0;0;0;0;1;2;1;1;3;5;2;3;7;4;6;3;4;2;4;7;5;3;5;4;1;3;1;2;1;1;2;1;1;0;2;2;1;1;3;0;0;1;0;1;1;0;1;0;0;0;0;1;0;0;0;0;0;0;0;1;0;0;0;0;0;0;0;0;0;0;0;0;0;0;0;0;0;0;0;0;0;0;0;0;0
110007;San Ferdinando di Puglia;15;10;8;15;13;19;12;10;8;7;5;9;7;13;7;11;4;9;8;9;11;11;16;19;34;21;24;19;17;24;19;22;16;22;25;11;24;21;22;9;15;14;12;10;12;13;8;6;15;2;5;3;7;9;13;10;8;3;3;2;2;1;2;0;0;0;0;1;0;0;0;2;0;0;0;1;0;0;0;1;1;1;0;1;0;0;0;0;0;0;0;0;0;0;0;0;0;0;0;0;0
110008;Spinazzola;6;3;3;2;2;2;3;2;1;1;5;1;2;2;2;0;1;0;1;0;1;1;4;7;3;4;4;4;4;7;10;7;4;8;4;8;8;1;3;5;4;6;8;6;4;6;4;4;0;4;2;2;5;4;2;3;2;4;2;0;1;2;0;0;0;1;0;0;0;0;1;0;0;0;1;0;0;0;0;0;0;0;0;0;0;0;0;0;0;0;1;0;0;0;0;0;0;0;0;0;0
110009;Trani;13;28;21;25;31;28;28;22;33;16;22;16;24;24;20;17;16;16;20;11;17;24;23;16;25;31;24;27;40;39;39;42;40;41;37;39;44;41;43;36;35;32;39;33;45;31;36;30;38;35;19;33;18;21;15;15;19;15;9;9;6;7;6;9;7;10;3;3;7;5;5;3;4;6;1;3;1;0;2;1;3;0;2;1;3;0;0;0;0;0;0;0;0;0;0;0;0;0;0;0;1
110010;Trinitapoli;7;3;7;6;4;12;4;3;7;8;5;8;3;8;4;8;1;5;3;5;5;10;6;8;14;8;12;20;11;8;21;10;20;11;10;6;11;6;8;8;5;4;13;14;5;10;6;2;13;3;6;5;6;4;2;7;6;3;1;4;3;0;1;0;0;0;0;1;1;1;0;0;0;0;0;0;0;0;0;0;0;0;0;0;0;0;0;0;0;0;0;0;0;0;0;0;0;0;0;0;0
;Totale;129;119;111;119;131;137;111;88;99;102;95;86;92;110;85;89;76;87;66;78;97;124;125;156;194;191;205;220;197;218;245;238;238;265;218;249;239;251;235;191;191;210;206;180;201;192;154;125;150;121;115;133;115;99;109;94;81;67;45;38;30;28;34;22;24;23;12;18;12;11;11;12;9;8;7;13;5;5;4;6;5;3;4;4;5;1;1;0;0;2;1;0;0;0;0;0;0;0;0;0;1
Territorio/Età;;0;1;2;3;4;5;6;7;8;9;10;11;12;13;14;15;16;17;18;19;20;21;22;23;24;25;26;27;28;29;30;31;32;33;34;35;36;37;38;39;40;41;42;43;44;45;46;47;48;49;50;51;52;53;54;55;56;57;58;59;60;61;62;63;64;65;66;67;68;69;70;71;72;73;74;75;76;77;78;79;80;81;82;83;84;85;86;87;88;89;90;91;92;93;94;95;96;97;98;99;100
Codice comune;Comune;Maschi
110001;Andria;17;11;14;12;12;14;4;10;6;9;7;8;8;12;1;0;10;7;4;5;12;13;6;21;13;17;27;23;14;26;32;30;22;22;19;32;23;26;18;21;16;18;17;17;23;10;9;8;7;14;8;9;7;5;7;3;1;1;2;2;0;2;3;3;0;0;0;0;0;0;0;1;0;0;1;0;0;0;1;1;0;0;0;0;0;0;0;0;0;0;0;0;0;0;0;0;0;0;0;0;0
110002;Barletta;16;10;11;20;12;9;10;8;15;12;9;7;15;9;9;9;6;8;6;12;3;11;11;13;17;15;14;28;11;19;16;21;18;30;23;30;24;21;26;19;20;34;17;20;21;25;16;16;13;12;17;12;12;5;10;8;7;7;2;0;2;2;5;1;2;2;1;2;1;0;1;1;1;0;0;0;0;1;0;0;0;0;0;1;0;0;0;0;0;0;0;0;0;0;0;0;0;0;0;0;0
110003;Bisceglie;7;5;4;5;4;1;7;6;1;4;4;1;3;5;6;4;4;3;0;5;9;7;13;12;14;15;12;8;10;9;10;7;15;20;12;6;10;13;8;8;6;15;24;8;13;5;6;2;5;3;5;1;5;5;6;2;2;5;2;1;1;4;0;0;1;0;0;3;0;0;0;1;1;0;1;0;0;1;0;1;0;0;0;0;0;0;0;0;0;0;0;0;0;0;0;0;0;0;0;0;0
110004;Canosa di Puglia;6;6;4;5;8;6;8;6;8;6;9;6;7;8;12;6;6;11;1;3;1;5;5;8;6;6;10;9;9;11;8;4;7;13;11;5;7;10;10;9;6;12;7;5;2;6;4;6;3;4;5;8;7;1;4;5;1;3;3;4;2;0;2;0;0;0;0;2;0;0;1;0;1;0;0;0;0;0;0;0;0;0;0;0;0;0;0;0;0;0;0;0;0;0;0;0;0;0;0;0;0
110005;Margherita di Savoia;1;2;3;0;2;1;1;1;0;1;2;0;0;1;1;3;1;2;1;3;6;2;1;0;0;0;1;2;2;1;2;1;0;1;1;1;1;2;0;3;1;1;2;0;3;1;1;2;2;1;1;0;3;0;0;1;1;2;1;1;0;0;0;0;1;0;0;0;0;0;0;0;0;0;0;1;1;0;0;1;0;0;0;0;0;0;0;0;0;0;0;0;0;0;0;0;0;0;0;0;0
110006;Minervino Murge;0;0;0;0;0;2;2;1;1;3;1;0;0;0;1;1;0;0;0;0;0;2;0;1;0;3;1;1;2;3;2;2;3;1;2;2;2;2;2;1;1;0;0;0;0;0;1;0;0;0;1;0;0;0;2;0;0;0;0;0;0;0;0;0;0;0;0;0;0;0;0;0;0;0;0;1;0;0;0;0;0;0;0;0;0;0;0;0;0;0;0;0;0;0;0;0;0;0;0;0;0
110007;San Ferdinando di Puglia;6;6;6;8;7;11;9;4;5;4;3;3;0;6;3;3;4;3;4;2;4;4;4;5;15;8;15;7;11;14;9;11;11;6;10;7;7;14;6;3;7;10;5;3;3;5;4;1;7;1;4;3;4;2;6;6;3;1;2;1;1;0;0;0;0;0;0;1;0;0;0;1;0;0;0;1;0;0;0;0;0;0;0;1;0;0;0;0;0;0;0;0;0;0;0;0;0;0;0;0;0
110008;Spinazzola;3;0;3;2;2;1;1;0;0;1;3;1;0;2;0;0;0;0;0;0;0;0;1;2;1;0;0;2;2;4;3;5;0;6;1;6;4;0;2;2;0;3;2;3;1;1;0;2;0;2;0;0;0;2;1;0;1;0;0;0;1;2;0;0;0;0;0;0;0;0;0;0;0;0;0;0;0;0;0;0;0;0;0;0;0;0;0;0;0;0;0;0;0;0;0;0;0;0;0;0;0
110009;Trani;8;21;10;14;16;12;18;7;20;4;7;5;12;13;7;13;11;9;11;7;8;13;12;11;11;13;12;12;17;22;16;22;18;14;17;24;25;23;24;14;18;15;18;19;23;19;19;16;19;19;10;16;9;6;5;9;8;5;2;6;0;1;5;4;4;4;1;0;1;3;3;2;0;1;1;2;0;0;1;1;2;0;1;1;1;0;0;0;0;0;0;0;0;0;0;0;0;0;0;0;0
110010;Trinitapoli;4;0;3;2;2;5;1;2;1;5;2;2;1;3;1;5;1;2;3;1;1;8;2;0;8;5;8;7;9;2;8;4;9;5;3;3;5;3;4;5;1;1;3;3;3;5;3;0;4;3;3;3;0;3;1;5;2;1;0;2;0;0;0;0;0;0;0;1;0;0;0;0;0;0;0;0;0;0;0;0;0;0;0;0;0;0;0;0;0;0;0;0;0;0;0;0;0;0;0;0;0
;Totale;68;61;58;68;65;62;61;45;57;49;47;33;46;59;41;44;43;45;30;38;44;65;55;73;85;82;100;99;87;111;106;107;103;118;99;116;108;114;100;85;76;109;95;78;92;77;63;53;60;59;54;52;47;29;42;39;26;25;14;17;7;11;15;8;8;6;2;9;2;3;5;6;3;1;3;5;1;2;2;4;2;0;1;3;1;0;0;0;0;0;0;0;0;0;0;0;0;0;0;0;0
Territorio/Età;;0;1;2;3;4;5;6;7;8;9;10;11;12;13;14;15;16;17;18;19;20;21;22;23;24;25;26;27;28;29;30;31;32;33;34;35;36;37;38;39;40;41;42;43;44;45;46;47;48;49;50;51;52;53;54;55;56;57;58;59;60;61;62;63;64;65;66;67;68;69;70;71;72;73;74;75;76;77;78;79;80;81;82;83;84;85;86;87;88;89;90;91;92;93;94;95;96;97;98;99;100
Codice comune;Comune;Femmine
110001;Andria;7;12;13;11;16;19;7;5;5;9;6;6;4;4;5;7;14;4;7;4;10;9;12;14;18;20;29;21;28;20;21;28;25;25;22;36;24;33;32;20;25;18;21;20;29;20;22;18;18;14;13;20;7;6;8;8;12;4;0;3;2;2;4;2;2;3;2;0;1;3;0;0;0;0;0;2;0;0;0;0;0;1;0;0;1;0;0;0;0;1;0;0;0;0;0;0;0;0;0;0;0
110002;Barletta;21;22;11;6;13;11;13;6;10;12;12;12;9;12;10;9;6;9;8;9;12;15;15;14;23;23;18;28;20;20;31;30;29;39;26;29;31;44;26;23;26;21;19;16;23;26;22;12;15;15;16;21;15;19;23;9;8;6;4;5;6;2;3;3;5;3;2;4;1;0;0;2;1;0;1;2;1;2;0;0;0;0;0;1;0;1;1;0;0;0;0;0;0;0;0;0;0;0;0;0;0
110003;Bisceglie;9;0;6;8;10;4;5;3;2;6;3;6;6;5;2;5;2;8;4;6;5;6;4;12;12;13;10;10;9;18;17;17;22;12;12;19;16;17;15;11;17;20;8;14;7;21;9;8;6;10;12;12;18;14;8;11;8;7;8;3;1;3;3;2;4;2;1;1;0;1;1;2;0;1;1;1;1;0;1;1;1;0;0;0;0;0;0;0;0;0;0;0;0;0;0;0;0;0;0;0;0
110004;Canosa di Puglia;3;6;4;4;3;5;6;4;2;6;3;4;4;5;5;7;4;4;2;5;0;6;6;6;10;13;15;15;12;9;10;14;13;17;10;19;10;10;13;13;10;9;14;11;12;12;5;7;10;4;2;4;1;5;6;9;4;4;7;3;2;1;4;0;2;2;3;0;1;0;0;0;1;1;0;0;0;1;0;0;0;0;1;0;0;0;0;0;0;1;0;0;0;0;0;0;0;0;0;0;0
110005;Margherita di Savoia;0;1;0;0;1;2;0;0;0;1;1;1;0;1;0;1;1;1;1;1;4;2;2;5;2;0;3;3;3;3;3;2;3;2;2;1;1;3;6;2;4;3;4;4;1;5;4;3;4;0;2;1;3;0;2;3;2;2;1;0;1;2;0;2;0;0;0;0;0;1;2;0;0;0;1;2;1;0;0;0;0;1;1;0;1;0;0;0;0;0;0;0;0;0;0;0;0;0;0;0;0
110006;Minervino Murge;1;0;2;0;0;2;1;1;0;1;1;1;0;1;0;1;0;0;0;0;1;0;1;0;3;2;1;2;5;1;4;1;1;1;2;5;3;1;3;3;0;3;1;2;1;1;1;1;1;0;1;2;1;1;1;0;0;1;0;1;1;0;1;0;0;0;0;1;0;0;0;0;0;0;0;0;0;0;0;0;0;0;0;0;0;0;0;0;0;0;0;0;0;0;0;0;0;0;0;0;0
110007;San Ferdinando di Puglia;9;4;2;7;6;8;3;6;3;3;2;6;7;7;4;8;0;6;4;7;7;7;12;14;19;13;9;12;6;10;10;11;5;16;15;4;17;7;16;6;8;4;7;7;9;8;4;5;8;1;1;0;3;7;7;4;5;2;1;1;1;1;2;0;0;0;0;0;0;0;0;1;0;0;0;0;0;0;0;1;1;1;0;0;0;0;0;0;0;0;0;0;0;0;0;0;0;0;0;0;0
110008;Spinazzola;3;3;0;0;0;1;2;2;1;0;2;0;2;0;2;0;1;0;1;0;1;1;3;5;2;4;4;2;2;3;7;2;4;2;3;2;4;1;1;3;4;3;6;3;3;5;4;2;0;2;2;2;5;2;1;3;1;4;2;0;0;0;0;0;0;1;0;0;0;0;1;0;0;0;1;0;0;0;0;0;0;0;0;0;0;0;0;0;0;0;1;0;0;0;0;0;0;0;0;0;0
110009;Trani;5;7;11;11;15;16;10;15;13;12;15;11;12;11;13;4;5;7;9;4;9;11;11;5;14;18;12;15;23;17;23;20;22;27;20;15;19;18;19;22;17;17;21;14;22;12;17;14;19;16;9;17;9;15;10;6;11;10;7;3;6;6;1;5;3;6;2;3;6;2;2;1;4;5;0;1;1;0;1;0;1;0;1;0;2;0;0;0;0;0;0;0;0;0;0;0;0;0;0;0;1
110010;Trinitapoli;3;3;4;4;2;7;3;1;6;3;3;6;2;5;3;3;0;3;0;4;4;2;4;8;6;3;4;13;2;6;13;6;11;6;7;3;6;3;4;3;4;3;10;11;2;5;3;2;9;0;3;2;6;1;1;2;4;2;1;2;3;0;1;0;0;0;0;0;1;1;0;0;0;0;0;0;0;0;0;0;0;0;0;0;0;0;0;0;0;0;0;0;0;0;0;0;0;0;0;0;0
;Totale;61;58;53;51;66;75;50;43;42;53;48;53;46;51;44;45;33;42;36;40;53;59;70;83;109;109;105;121;110;107;139;131;135;147;119;133;131;137;135;106;115;101;111;102;109;115;91;72;90;62;61;81;68;70;67;55;55;42;31;21;23;17;19;14;16;17;10;9;10;8;6;6;6;7;4;8;4;3;2;2;3;3;3;1;4;1;1;0;0;2;1;0;0;0;0;0;0;0;0;0;1

"Ricostruzione della popolazione intercensuaria - Popolazione al 1° gennaio per età"
"Cittadinanza straniera - Anno: 2014 - Provincia: Barletta-Andria-Trani"
Territorio/Età;;0;1;2;3;4;5;6;7;8;9;10;11;12;13;14;15;16;17;18;19;20;21;22;23;24;25;26;27;28;29;30;31;32;33;34;35;36;37;38;39;40;41;42;43;44;45;46;47;48;49;50;51;52;53;54;55;56;57;58;59;60;61;62;63;64;65;66;67;68;69;70;71;72;73;74;75;76;77;78;79;80;81;82;83;84;85;86;87;88;89;90;91;92;93;94;95;96;97;98;99;100
Codice comune;Comune;Totale
110001;Andria;21;27;21;28;20;27;32;11;14;12;18;13;14;9;15;3;7;23;10;8;10;21;22;23;31;30;34;60;38;40;49;57;56;42;49;41;68;44;57;57;39;42;33;38;39;49;33;28;25;24;29;25;27;15;8;11;10;14;4;2;6;2;3;4;6;1;3;2;0;1;2;0;1;0;0;1;1;0;0;1;1;0;1;0;0;1;0;0;0;0;1;0;0;0;0;0;0;0;0;0;0
110002;Barletta;26;38;35;23;26;29;20;21;13;23;22;21;20;23;20;20;20;11;16;17;21;15;29;26;35;46;46;36;63;36;47;52;53;50;72;53;65;59;66;58;45;44;58;40;37;43;51;37;25;27;25;31;36;26;24;28;19;13;9;4;5;8;4;6;4;6;4;3;5;2;0;1;3;2;0;1;1;1;2;0;0;0;0;0;2;0;1;0;0;0;0;0;0;0;0;0;0;0;0;0;0
110003;Bisceglie;15;18;8;8;13;18;5;12;10;5;10;8;5;10;11;8;9;5;6;5;14;20;15;20;26;27;24;27;18;24;25;29;23;37;36;22;26;30;30;22;18;24;33;35;22;23;26;12;11;13;13;15;14;19;17;15;14;11;12;7;3;3;8;3;1;4;1;1;4;0;1;1;4;1;1;2;1;1;1;1;2;0;0;0;0;0;0;0;0;0;0;0;0;0;0;0;0;0;0;0;0
110004;Canosa di Puglia;16;8;12;8;8;14;14;16;11;10;15;13;11;10;12;18;14;9;14;4;11;2;13;11;13;19;21;26;33;24;24;16;18;23;29;25;24;19;24;22;22;21;18;23;19;16;16;8;15;14;7;7;12;7;8;13;12;5;6;10;7;3;3;6;0;3;2;3;3;1;0;1;0;1;1;1;0;0;1;0;0;0;0;1;0;0;0;0;0;0;1;0;0;0;0;0;0;0;0;0;0
110005;Margherita di Savoia;1;1;1;3;0;3;6;3;1;0;2;3;1;0;1;1;5;2;4;2;4;9;4;5;5;4;0;4;5;5;4;4;5;2;4;3;5;0;5;5;5;3;4;5;5;5;5;6;6;4;1;3;2;5;0;2;4;3;3;2;1;1;1;0;2;0;0;0;0;0;1;1;0;0;0;1;2;2;0;0;1;0;1;1;0;1;0;0;0;0;0;0;0;0;0;0;0;0;0;0;0
110006;Minervino Murge;4;1;0;2;0;0;3;3;2;0;3;2;1;0;1;1;2;0;0;0;0;1;2;1;2;3;5;1;2;8;5;7;1;5;2;3;6;5;3;6;4;1;3;3;0;1;1;3;1;1;0;2;2;1;0;2;0;0;1;0;1;1;0;0;0;0;0;1;1;0;0;0;1;0;0;0;0;0;0;0;0;0;0;0;0;0;0;0;0;0;0;0;0;0;0;0;0;0;0;0;0
110007;San Ferdinando di Puglia;11;13;12;10;15;13;16;11;10;9;7;5;11;8;14;9;12;5;9;14;10;13;14;19;23;34;26;26;22;21;25;23;23;16;20;25;13;25;18;22;11;17;12;13;9;14;12;11;8;14;2;7;6;7;8;12;11;10;6;4;2;2;1;2;1;1;0;0;1;0;0;0;2;0;0;0;1;0;0;0;1;1;1;0;1;0;0;0;0;0;0;0;0;0;0;0;0;0;0;0;0
110008;Spinazzola;0;6;3;3;3;2;1;4;3;2;0;5;1;2;2;2;0;1;0;2;0;1;1;4;7;3;5;5;3;4;7;10;7;5;8;4;8;10;1;3;5;4;8;8;7;4;6;5;7;0;3;2;1;7;6;1;4;2;3;1;0;0;1;0;0;1;1;0;0;0;0;1;0;0;0;1;0;0;0;0;0;0;0;0;0;0;0;0;0;0;0;1;0;0;0;0;0;0;0;0;0
110009;Trani;16;13;31;22;26;31;29;30;21;31;18;21;16;25;23;19;14;17;16;21;10;11;30;24;24;28;37;22;29;43;45;44;48;46;44;38;42;46;45;44;39;33;35;38;36;48;32;33;28;36;36;24;35;18;23;17;21;20;16;10;9;9;9;10;8;8;11;4;3;7;7;4;3;3;7;1;3;2;0;1;1;3;0;2;1;1;0;0;1;0;0;0;0;0;1;0;0;0;0;0;1
110010;Trinitapoli;11;3;5;7;6;3;10;5;2;7;8;5;10;3;9;3;9;1;5;3;7;5;10;6;8;14;9;12;21;11;10;19;11;19;12;9;7;12;7;9;7;7;4;16;15;6;9;6;2;12;2;6;4;6;4;1;6;5;2;1;4;1;0;0;0;0;0;0;1;1;1;0;0;0;0;0;0;0;0;0;0;0;0;0;0;0;0;0;0;0;0;0;0;0;0;0;0;0;0;0;0
;Totale;121;128;128;114;117;140;136;116;87;99;103;96;90;90;108;84;92;74;80;76;87;98;140;139;174;208;207;219;234;216;241;261;245;245;276;223;264;250;256;248;195;196;208;219;189;209;191;149;128;145;118;122;139;111;98;102;101;83;62;41;38;30;30;31;22;24;22;14;18;12;12;9;14;7;9;8;9;6;4;3;6;4;3;4;4;3;1;0;1;0;2;1;0;0;1;0;0;0;0;0;1
Territorio/Età;;0;1;2;3;4;5;6;7;8;9;10;11;12;13;14;15;16;17;18;19;20;21;22;23;24;25;26;27;28;29;30;31;32;33;34;35;36;37;38;39;40;41;42;43;44;45;46;47;48;49;50;51;52;53;54;55;56;57;58;59;60;61;62;63;64;65;66;67;68;69;70;71;72;73;74;75;76;77;78;79;80;81;82;83;84;85;86;87;88;89;90;91;92;93;94;95;96;97;98;99;100
Codice comune;Comune;Maschi
110001;Andria;9;19;11;16;10;13;14;4;8;7;10;7;8;7;11;0;0;7;5;2;6;11;11;8;19;12;14;27;19;12;27;32;30;20;21;21;35;23;26;21;19;16;14;17;16;21;10;8;9;7;15;10;9;7;3;4;3;1;1;2;3;0;1;1;2;0;0;0;0;0;0;0;1;0;0;1;0;0;0;1;1;0;0;0;0;0;0;0;0;0;0;0;0;0;0;0;0;0;0;0;0
110002;Barletta;12;16;12;12;19;14;9;10;7;13;11;10;9;14;10;10;10;6;6;8;12;5;14;10;16;20;22;16;31;16;25;19;23;20;31;26;32;25;23;33;22;19;36;19;18;19;26;15;15;12;11;16;14;12;5;9;8;6;7;1;0;2;2;4;1;2;1;1;1;1;0;1;1;1;0;0;0;0;1;0;0;0;0;0;1;0;0;0;0;0;0;0;0;0;0;0;0;0;0;0;0
110003;Bisceglie;9;9;7;3;5;7;1;8;6;3;4;5;1;4;6;6;4;3;0;0;6;13;10;16;12;14;10;16;9;13;7;12;7;15;21;11;8;12;14;7;8;7;14;23;9;14;6;4;2;6;4;5;1;3;3;7;2;5;5;1;1;2;4;0;0;1;0;0;3;0;0;0;1;1;0;1;0;0;1;0;1;0;0;0;0;0;0;0;0;0;0;0;0;0;0;0;0;0;0;0;0
110004;Canosa di Puglia;11;5;6;3;5;9;8;9;8;9;7;10;8;6;8;13;7;6;10;2;5;2;6;5;7;7;6;10;15;9;14;7;5;7;12;14;4;7;10;10;8;9;10;9;6;3;5;3;6;4;3;6;8;5;1;5;5;1;2;2;4;1;1;2;0;1;0;0;2;0;0;1;0;1;0;0;0;0;0;0;0;0;0;0;0;0;0;0;0;0;0;0;0;0;0;0;0;0;0;0;0
110005;Margherita di Savoia;0;1;0;2;0;2;1;3;1;0;2;2;0;0;0;1;4;1;3;1;3;5;2;2;0;0;0;2;2;2;1;2;3;0;1;1;4;0;2;0;2;1;1;2;1;3;1;2;2;1;0;1;0;2;0;1;1;1;1;0;1;0;0;0;0;0;0;0;0;0;0;0;0;0;0;0;1;1;0;0;1;0;0;0;0;0;0;0;0;0;0;0;0;0;0;0;0;0;0;0;0
110006;Minervino Murge;2;0;0;1;0;0;2;2;1;0;2;1;0;0;0;1;1;0;0;0;0;0;2;0;1;0;3;0;0;2;3;2;1;4;1;1;2;3;2;2;1;1;1;2;0;0;0;1;0;0;0;1;0;0;0;2;0;0;0;0;0;0;0;0;0;0;0;0;0;0;0;0;1;0;0;0;0;0;0;0;0;0;0;0;0;0;0;0;0;0;0;0;0;0;0;0;0;0;0;0;0
110007;San Ferdinando di Puglia;4;5;7;7;9;8;10;8;5;5;4;2;3;0;6;4;3;5;4;6;2;4;5;7;8;15;13;15;10;14;13;12;11;11;8;10;8;7;11;7;4;8;9;6;3;6;5;6;2;6;1;4;5;4;2;5;7;4;2;3;1;1;0;0;0;1;0;0;1;0;0;0;1;0;0;0;1;0;0;0;0;0;0;0;1;0;0;0;0;0;0;0;0;0;0;0;0;0;0;0;0
110008;Spinazzola;0;3;0;3;2;2;1;1;1;0;0;3;1;0;2;0;0;0;0;0;0;0;0;1;3;1;0;0;1;2;4;3;5;0;7;1;6;5;0;2;2;1;5;2;4;2;2;0;2;0;2;0;0;1;4;0;1;1;0;0;0;0;1;0;0;0;0;0;0;0;0;0;0;0;0;0;0;0;0;0;0;0;0;0;0;0;0;0;0;0;0;0;0;0;0;0;0;0;0;0;0
110009;Trani;10;7;22;10;17;17;12;18;6;19;6;6;4;13;11;6;11;11;11;11;5;6;15;11;15;12;13;10;13;19;25;20;25;19;14;17;26;28;27;23;14;17;17;16;20;25;19;17;16;18;19;10;16;9;7;6;10;9;6;3;7;0;2;7;3;4;4;1;0;1;3;3;2;0;1;1;2;1;0;1;1;2;0;1;1;0;0;0;0;0;0;0;0;0;0;0;0;0;0;0;0
110010;Trinitapoli;5;2;0;3;2;2;3;1;2;1;5;2;2;1;3;1;6;1;3;2;1;1;8;2;0;9;5;6;8;7;2;9;4;9;6;3;4;5;3;4;5;2;2;3;3;3;4;3;1;4;2;3;2;0;3;1;4;2;1;0;2;0;0;0;0;0;0;0;0;0;0;0;0;0;0;0;0;0;0;0;0;0;0;0;0;0;0;0;0;0;0;0;0;0;0;0;0;0;0;0;0
;Totale;62;67;65;60;69;74;61;64;45;57;51;48;36;45;57;42;46;40;42;32;40;47;73;62;81;90;86;102;108;96;121;118;114;105;122;105;129;115;118;109;85;81;109;99;80;96;78;59;55;58;57;56;55;43;28;40;41;30;25;12;19;6;11;14;6;9;5;2;7;2;3;5;7;3;1;3;4;2;2;2;4;2;0;1;3;0;0;0;0;0;0;0;0;0;0;0;0;0;0;0;0
Territorio/Età;;0;1;2;3;4;5;6;7;8;9;10;11;12;13;14;15;16;17;18;19;20;21;22;23;24;25;26;27;28;29;30;31;32;33;34;35;36;37;38;39;40;41;42;43;44;45;46;47;48;49;50;51;52;53;54;55;56;57;58;59;60;61;62;63;64;65;66;67;68;69;70;71;72;73;74;75;76;77;78;79;80;81;82;83;84;85;86;87;88;89;90;91;92;93;94;95;96;97;98;99;100
Codice comune;Comune;Femmine
110001;Andria;12;8;10;12;10;14;18;7;6;5;8;6;6;2;4;3;7;16;5;6;4;10;11;15;12;18;20;33;19;28;22;25;26;22;28;20;33;21;31;36;20;26;19;21;23;28;23;20;16;17;14;15;18;8;5;7;7;13;3;0;3;2;2;3;4;1;3;2;0;1;2;0;0;0;0;0;1;0;0;0;0;0;1;0;0;1;0;0;0;0;1;0;0;0;0;0;0;0;0;0;0
110002;Barletta;14;22;23;11;7;15;11;11;6;10;11;11;11;9;10;10;10;5;10;9;9;10;15;16;19;26;24;20;32;20;22;33;30;30;41;27;33;34;43;25;23;25;22;21;19;24;25;22;10;15;14;15;22;14;19;19;11;7;2;3;5;6;2;2;3;4;3;2;4;1;0;0;2;1;0;1;1;1;1;0;0;0;0;0;1;0;1;0;0;0;0;0;0;0;0;0;0;0;0;0;0
110003;Bisceglie;6;9;1;5;8;11;4;4;4;2;6;3;4;6;5;2;5;2;6;5;8;7;5;4;14;13;14;11;9;11;18;17;16;22;15;11;18;18;16;15;10;17;19;12;13;9;20;8;9;7;9;10;13;16;14;8;12;6;7;6;2;1;4;3;1;3;1;1;1;0;1;1;3;0;1;1;1;1;0;1;1;0;0;0;0;0;0;0;0;0;0;0;0;0;0;0;0;0;0;0;0
110004;Canosa di Puglia;5;3;6;5;3;5;6;7;3;1;8;3;3;4;4;5;7;3;4;2;6;0;7;6;6;12;15;16;18;15;10;9;13;16;17;11;20;12;14;12;14;12;8;14;13;13;11;5;9;10;4;1;4;2;7;8;7;4;4;8;3;2;2;4;0;2;2;3;1;1;0;0;0;0;1;1;0;0;1;0;0;0;0;1;0;0;0;0;0;0;1;0;0;0;0;0;0;0;0;0;0
110005;Margherita di Savoia;1;0;1;1;0;1;5;0;0;0;0;1;1;0;1;0;1;1;1;1;1;4;2;3;5;4;0;2;3;3;3;2;2;2;3;2;1;0;3;5;3;2;3;3;4;2;4;4;4;3;1;2;2;3;0;1;3;2;2;2;0;1;1;0;2;0;0;0;0;0;1;1;0;0;0;1;1;1;0;0;0;0;1;1;0;1;0;0;0;0;0;0;0;0;0;0;0;0;0;0;0
110006;Minervino Murge;2;1;0;1;0;0;1;1;1;0;1;1;1;0;1;0;1;0;0;0;0;1;0;1;1;3;2;1;2;6;2;5;0;1;1;2;4;2;1;4;3;0;2;1;0;1;1;2;1;1;0;1;2;1;0;0;0;0;1;0;1;1;0;0;0;0;0;1;1;0;0;0;0;0;0;0;0;0;0;0;0;0;0;0;0;0;0;0;0;0;0;0;0;0;0;0;0;0;0;0;0
110007;San Ferdinando di Puglia;7;8;5;3;6;5;6;3;5;4;3;3;8;8;8;5;9;0;5;8;8;9;9;12;15;19;13;11;12;7;12;11;12;5;12;15;5;18;7;15;7;9;3;7;6;8;7;5;6;8;1;3;1;3;6;7;4;6;4;1;1;1;1;2;1;0;0;0;0;0;0;0;1;0;0;0;0;0;0;0;1;1;1;0;0;0;0;0;0;0;0;0;0;0;0;0;0;0;0;0;0
110008;Spinazzola;0;3;3;0;1;0;0;3;2;2;0;2;0;2;0;2;0;1;0;2;0;1;1;3;4;2;5;5;2;2;3;7;2;5;1;3;2;5;1;1;3;3;3;6;3;2;4;5;5;0;1;2;1;6;2;1;3;1;3;1;0;0;0;0;0;1;1;0;0;0;0;1;0;0;0;1;0;0;0;0;0;0;0;0;0;0;0;0;0;0;0;1;0;0;0;0;0;0;0;0;0
110009;Trani;6;6;9;12;9;14;17;12;15;12;12;15;12;12;12;13;3;6;5;10;5;5;15;13;9;16;24;12;16;24;20;24;23;27;30;21;16;18;18;21;25;16;18;22;16;23;13;16;12;18;17;14;19;9;16;11;11;11;10;7;2;9;7;3;5;4;7;3;3;6;4;1;1;3;6;0;1;1;0;0;0;1;0;1;0;1;0;0;1;0;0;0;0;0;1;0;0;0;0;0;1
110010;Trinitapoli;6;1;5;4;4;1;7;4;0;6;3;3;8;2;6;2;3;0;2;1;6;4;2;4;8;5;4;6;13;4;8;10;7;10;6;6;3;7;4;5;2;5;2;13;12;3;5;3;1;8;0;3;2;6;1;0;2;3;1;1;2;1;0;0;0;0;0;0;1;1;1;0;0;0;0;0;0;0;0;0;0;0;0;0;0;0;0;0;0;0;0;0;0;0;0;0;0;0;0;0;0
;Totale;59;61;63;54;48;66;75;52;42;42;52;48;54;45;51;42;46;34;38;44;47;51;67;77;93;118;121;117;126;120;120;143;131;140;154;118;135;135;138;139;110;115;99;120;109;113;113;90;73;87;61;66;84;68;70;62;60;53;37;29;19;24;19;17;16;15;17;12;11;10;9;4;7;4;8;5;5;4;2;1;2;2;3;3;1;3;1;0;1;0;2;1;0;0;1;0;0;0;0;0;1

"Ricostruzione della popolazione intercensuaria - Popolazione al 1° gennaio per età"
"Cittadinanza straniera - Anno: 2015 - Provincia: Barletta-Andria-Trani"
Territorio/Età;;0;1;2;3;4;5;6;7;8;9;10;11;12;13;14;15;16;17;18;19;20;21;22;23;24;25;26;27;28;29;30;31;32;33;34;35;36;37;38;39;40;41;42;43;44;45;46;47;48;49;50;51;52;53;54;55;56;57;58;59;60;61;62;63;64;65;66;67;68;69;70;71;72;73;74;75;76;77;78;79;80;81;82;83;84;85;86;87;88;89;90;91;92;93;94;95;96;97;98;99;100
Codice comune;Comune;Totale
110001;Andria;21;23;26;23;25;23;28;33;13;13;12;16;16;13;12;17;4;7;29;12;12;17;20;31;30;40;35;39;61;43;41;51;58;51;48;48;41;67;44;58;53;41;41;33;40;38;46;34;27;24;25;31;22;28;15;7;10;9;15;4;3;4;2;3;4;6;3;3;2;0;1;2;0;1;0;0;1;0;0;0;1;0;0;1;0;0;1;0;0;0;0;1;0;0;0;0;0;0;0;0;0
110002;Barletta;31;22;41;38;24;28;29;25;24;15;20;22;19;21;22;21;19;22;15;20;18;26;18;32;33;39;54;50;45;68;41;50;59;60;55;76;58;68;64;66;58;44;45;61;45;39;43;49;39;27;24;24;30;37;27;21;26;19;11;10;4;5;9;3;7;4;5;4;3;4;1;0;1;2;1;0;1;1;1;1;0;0;0;0;0;1;0;1;0;0;0;0;0;0;0;0;1;0;0;0;0
110003;Bisceglie;8;15;21;8;10;12;19;5;12;12;4;12;10;4;11;11;9;9;8;12;13;15;21;26;31;30;38;29;34;23;26;34;35;22;41;41;21;30;33;30;20;20;22;28;35;25;24;21;12;14;15;12;14;14;19;15;15;14;12;12;8;4;3;7;3;1;4;2;1;2;1;1;1;4;1;1;2;2;1;1;1;2;0;0;0;0;0;0;0;0;0;0;0;0;0;0;0;0;0;0;0
110004;Canosa di Puglia;12;15;9;12;9;8;16;15;16;12;9;15;14;10;8;13;22;15;7;15;6;10;8;12;12;13;20;22;26;35;27;24;20;15;26;36;26;23;17;20;21;22;21;17;25;19;16;19;7;15;13;7;8;13;6;6;13;11;5;5;8;7;3;2;6;0;3;2;3;2;1;0;1;0;1;1;1;0;0;0;0;0;0;0;1;0;0;0;0;0;0;1;0;0;0;0;0;0;0;0;0
110005;Margherita di Savoia;3;1;1;1;6;0;4;6;3;1;0;2;3;1;0;2;1;4;3;4;2;4;11;4;6;5;4;1;3;4;5;4;3;6;3;4;6;5;0;4;7;5;3;5;8;5;5;5;6;5;4;1;3;2;4;0;2;4;3;2;2;1;1;1;0;2;0;0;0;0;0;2;1;0;0;0;1;1;2;0;0;1;0;1;1;0;1;0;0;0;0;0;0;0;0;0;0;0;0;0;0
110006;Minervino Murge;1;4;1;0;2;0;0;3;3;3;1;3;3;1;0;1;0;2;0;0;0;0;1;2;2;3;4;5;1;2;8;5;6;1;6;4;2;4;6;1;6;4;1;2;3;0;1;0;4;1;1;0;2;2;1;0;2;0;0;1;0;1;1;0;0;0;0;0;1;1;0;0;0;1;0;0;0;0;0;0;0;0;0;0;0;0;0;0;0;0;0;0;0;0;0;0;0;0;0;0;0
110007;San Ferdinando di Puglia;14;14;14;13;11;14;15;20;9;10;9;5;4;12;8;15;11;12;6;13;20;14;15;16;27;25;37;31;29;23;25;33;26;25;16;18;27;13;26;22;24;11;18;15;15;11;15;11;10;9;15;3;9;7;7;8;12;12;10;6;5;2;2;1;3;1;1;0;0;1;0;0;0;2;0;0;0;1;0;0;0;1;1;1;0;1;0;0;0;0;0;0;0;0;0;0;0;0;0;0;0
110008;Spinazzola;3;0;6;3;3;1;2;1;4;3;2;0;5;1;4;2;2;0;1;1;2;0;1;1;3;5;3;6;5;4;2;7;8;7;3;9;4;8;9;1;3;5;4;9;8;8;2;8;7;7;0;3;3;1;6;4;1;3;3;3;1;0;0;1;0;0;1;1;0;0;0;0;1;0;0;0;1;0;0;0;0;0;0;0;0;0;0;0;0;0;0;0;1;0;0;0;0;0;0;0;0
110009;Trani;23;20;14;31;19;26;30;28;28;20;31;18;21;15;23;22;20;14;16;19;18;14;17;38;28;31;44;52;43;45;56;56;59;60;62;44;43;53;54;54;49;44;39;39;39;42;45;33;30;27;40;39;26;35;17;23;17;20;18;15;10;9;9;9;8;8;7;11;4;2;7;6;5;3;3;6;1;3;2;0;0;1;3;0;3;1;1;0;0;1;0;0;0;0;0;1;0;0;0;0;1
110010;Trinitapoli;13;12;4;5;9;8;3;9;6;2;8;10;6;8;3;9;2;9;2;7;1;5;7;10;9;9;17;9;18;22;11;10;18;10;20;14;13;10;15;7;8;7;8;9;18;13;9;10;9;1;13;3;5;3;5;5;1;5;7;2;0;4;1;0;0;0;1;0;0;1;1;1;0;0;0;0;0;0;0;0;0;0;0;0;0;0;0;0;0;0;0;0;0;0;0;0;0;0;0;0;0
;Totale;129;126;137;134;118;120;146;145;118;91;96;103;101;86;91;113;90;94;87;103;92;105;119;172;181;200;256;244;265;269;242;274;292;257;280;294;241;281;268;263;249;203;202;218;236;200;206;190;151;130;150;123;122;142;107;89;99;97;84;60;41;37;31;27;31;22;25;23;14;13;12;12;10;13;6;8;8;8;6;2;2;5;4;3;5;3;3;1;0;1;0;2;1;0;0;1;1;0;0;0;1
Territorio/Età;;0;1;2;3;4;5;6;7;8;9;10;11;12;13;14;15;16;17;18;19;20;21;22;23;24;25;26;27;28;29;30;31;32;33;34;35;36;37;38;39;40;41;42;43;44;45;46;47;48;49;50;51;52;53;54;55;56;57;58;59;60;61;62;63;64;65;66;67;68;69;70;71;72;73;74;75;76;77;78;79;80;81;82;83;84;85;86;87;88;89;90;91;92;93;94;95;96;97;98;99;100
Codice comune;Comune;Maschi
110001;Andria;9;12;16;11;16;11;12;14;5;6;7;8;9;7;8;13;0;0;15;6;3;9;10;15;15;25;12;16;29;20;14;29;33;26;25;20;22;32;24;25;18;21;17;15;17;15;18;10;8;8;9;17;8;9;7;3;3;3;1;1;3;1;0;1;1;2;2;0;0;0;0;0;0;1;0;0;1;0;0;0;1;0;0;0;0;0;0;0;0;0;0;0;0;0;0;0;0;0;0;0;0
110002;Barletta;19;10;19;15;12;21;12;10;13;8;11;13;8;10;13;11;11;12;7;8;9;15;8;17;13;19;23;26;19;35;18;26;24;28;22;34;29;29;25;24;31;22;21;38;20;18;18;25;16;15;11;11;15;14;11;4;8;8;6;8;0;0;2;2;5;1;1;1;1;1;1;0;1;0;1;0;0;0;0;0;0;0;0;0;0;0;0;0;0;0;0;0;0;0;0;0;0;0;0;0;0
110003;Bisceglie;7;9;12;7;3;5;7;0;8;8;2;6;7;1;5;8;7;4;5;8;6;8;14;19;24;16;23;15;22;12;15;15;17;7;16;26;12;10;13;15;7;10;5;12;22;9;13;6;5;3;7;3;5;1;4;2;7;2;6;5;0;1;2;4;0;0;1;1;0;2;1;0;0;1;1;0;1;1;0;1;0;1;0;0;0;0;0;0;0;0;0;0;0;0;0;0;0;0;0;0;0
110004;Canosa di Puglia;6;10;5;5;3;5;11;8;8;9;8;6;8;7;4;9;16;8;4;9;2;4;6;5;3;6;8;7;9;15;12;14;10;3;7;18;14;3;7;10;10;7;8;9;11;6;5;6;3;6;4;3;6;5;4;1;5;5;1;2;2;4;1;0;4;0;1;0;0;1;0;0;1;0;1;0;0;0;0;0;0;0;0;0;0;0;0;0;0;0;0;0;0;0;0;0;0;0;0;0;0
110005;Margherita di Savoia;2;0;1;0;2;0;3;2;3;1;0;2;2;0;0;1;1;3;2;3;1;3;7;2;3;0;0;0;2;1;2;0;1;3;1;1;1;4;0;1;0;2;1;1;3;1;3;1;2;2;1;0;1;0;2;0;1;1;1;1;0;1;0;0;0;0;0;0;0;0;0;0;0;0;0;0;0;1;1;0;0;1;0;0;0;0;0;0;0;0;0;0;0;0;0;0;0;0;0;0;0
110006;Minervino Murge;0;2;0;0;1;0;0;2;2;2;0;2;2;0;0;0;0;1;0;0;0;0;0;2;0;2;0;3;0;0;2;3;2;0;4;2;1;0;4;0;2;1;1;0;2;0;0;0;1;0;0;0;1;0;0;0;2;0;0;0;0;0;0;0;0;0;0;0;0;0;0;0;0;1;0;0;0;0;0;0;0;0;0;0;0;0;0;0;0;0;0;0;0;0;0;0;0;0;0;0;0
110007;San Ferdinando di Puglia;9;6;6;7;7;10;10;12;7;5;5;4;2;4;1;5;6;3;4;7;9;3;4;7;12;10;17;15;16;10;15;19;13;14;11;7;11;8;8;11;9;4;8;10;7;3;6;5;6;3;7;1;5;6;4;2;5;7;4;2;3;1;1;0;1;0;1;0;0;1;0;0;0;1;0;0;0;1;0;0;0;0;0;0;0;1;0;0;0;0;0;0;0;0;0;0;0;0;0;0;0
110008;Spinazzola;1;0;3;1;3;0;2;1;1;1;0;0;3;1;2;2;0;0;0;0;0;0;0;0;1;3;1;0;0;2;0;4;2;5;0;8;1;6;4;0;2;2;1;6;2;5;0;2;0;2;0;2;0;0;1;2;0;1;1;0;0;0;0;1;0;0;0;0;0;0;0;0;0;0;0;0;0;0;0;0;0;0;0;0;0;0;0;0;0;0;0;0;0;0;0;0;0;0;0;0;0
110009;Trani;10;11;6;22;9;17;16;11;17;6;20;7;7;5;11;10;7;9;10;12;10;8;10;17;13;17;22;21;21;22;27;32;26;34;30;16;23;30;32;34;28;16;20;20;16;21;24;20;16;15;19;20;12;16;7;7;6;9;7;5;3;6;0;2;7;3;4;4;1;0;1;3;4;2;0;1;1;2;1;0;0;1;2;0;1;1;0;0;0;0;0;0;0;0;0;0;0;0;0;0;0
110010;Trinitapoli;4;5;4;2;4;3;2;3;1;2;2;7;2;2;1;4;1;6;2;4;1;1;2;5;4;2;8;4;9;9;8;2;9;3;10;6;4;7;7;5;4;5;2;5;4;3;4;5;4;0;4;3;2;1;0;4;1;3;3;1;0;2;0;0;0;0;0;0;0;0;0;0;0;0;0;0;0;0;0;0;0;0;0;0;0;0;0;0;0;0;0;0;0;0;0;0;0;0;0;0;0
;Totale;67;65;72;70;60;72;75;63;65;48;55;55;50;37;45;63;49;46;49;57;41;51;61;89;88;100;114;107;127;126;113;144;137;123;126;138;118;129;124;125;111;90;84;116;104;81;91;80;61;54;62;60;55;52;40;25;38;39;30;25;11;16;6;10;18;6;10;6;2;5;3;3;6;6;3;1;3;5;2;1;1;3;2;0;1;2;0;0;0;0;0;0;0;0;0;0;0;0;0;0;0
Territorio/Età;;0;1;2;3;4;5;6;7;8;9;10;11;12;13;14;15;16;17;18;19;20;21;22;23;24;25;26;27;28;29;30;31;32;33;34;35;36;37;38;39;40;41;42;43;44;45;46;47;48;49;50;51;52;53;54;55;56;57;58;59;60;61;62;63;64;65;66;67;68;69;70;71;72;73;74;75;76;77;78;79;80;81;82;83;84;85;86;87;88;89;90;91;92;93;94;95;96;97;98;99;100
Codice comune;Comune;Femmine
110001;Andria;12;11;10;12;9;12;16;19;8;7;5;8;7;6;4;4;4;7;14;6;9;8;10;16;15;15;23;23;32;23;27;22;25;25;23;28;19;35;20;33;35;20;24;18;23;23;28;24;19;16;16;14;14;19;8;4;7;6;14;3;0;3;2;2;3;4;1;3;2;0;1;2;0;0;0;0;0;0;0;0;0;0;0;1;0;0;1;0;0;0;0;1;0;0;0;0;0;0;0;0;0
110002;Barletta;12;12;22;23;12;7;17;15;11;7;9;9;11;11;9;10;8;10;8;12;9;11;10;15;20;20;31;24;26;33;23;24;35;32;33;42;29;39;39;42;27;22;24;23;25;21;25;24;23;12;13;13;15;23;16;17;18;11;5;2;4;5;7;1;2;3;4;3;2;3;0;0;0;2;0;0;1;1;1;1;0;0;0;0;0;1;0;1;0;0;0;0;0;0;0;0;1;0;0;0;0
110003;Bisceglie;1;6;9;1;7;7;12;5;4;4;2;6;3;3;6;3;2;5;3;4;7;7;7;7;7;14;15;14;12;11;11;19;18;15;25;15;9;20;20;15;13;10;17;16;13;16;11;15;7;11;8;9;9;13;15;13;8;12;6;7;8;3;1;3;3;1;3;1;1;0;0;1;1;3;0;1;1;1;1;0;1;1;0;0;0;0;0;0;0;0;0;0;0;0;0;0;0;0;0;0;0
110004;Canosa di Puglia;6;5;4;7;6;3;5;7;8;3;1;9;6;3;4;4;6;7;3;6;4;6;2;7;9;7;12;15;17;20;15;10;10;12;19;18;12;20;10;10;11;15;13;8;14;13;11;13;4;9;9;4;2;8;2;5;8;6;4;3;6;3;2;2;2;0;2;2;3;1;1;0;0;0;0;1;1;0;0;0;0;0;0;0;1;0;0;0;0;0;0;1;0;0;0;0;0;0;0;0;0
110005;Margherita di Savoia;1;1;0;1;4;0;1;4;0;0;0;0;1;1;0;1;0;1;1;1;1;1;4;2;3;5;4;1;1;3;3;4;2;3;2;3;5;1;0;3;7;3;2;4;5;4;2;4;4;3;3;1;2;2;2;0;1;3;2;1;2;0;1;1;0;2;0;0;0;0;0;2;1;0;0;0;1;0;1;0;0;0;0;1;1;0;1;0;0;0;0;0;0;0;0;0;0;0;0;0;0
110006;Minervino Murge;1;2;1;0;1;0;0;1;1;1;1;1;1;1;0;1;0;1;0;0;0;0;1;0;2;1;4;2;1;2;6;2;4;1;2;2;1;4;2;1;4;3;0;2;1;0;1;0;3;1;1;0;1;2;1;0;0;0;0;1;0;1;1;0;0;0;0;0;1;1;0;0;0;0;0;0;0;0;0;0;0;0;0;0;0;0;0;0;0;0;0;0;0;0;0;0;0;0;0;0;0
110007;San Ferdinando di Puglia;5;8;8;6;4;4;5;8;2;5;4;1;2;8;7;10;5;9;2;6;11;11;11;9;15;15;20;16;13;13;10;14;13;11;5;11;16;5;18;11;15;7;10;5;8;8;9;6;4;6;8;2;4;1;3;6;7;5;6;4;2;1;1;1;2;1;0;0;0;0;0;0;0;1;0;0;0;0;0;0;0;1;1;1;0;0;0;0;0;0;0;0;0;0;0;0;0;0;0;0;0
110008;Spinazzola;2;0;3;2;0;1;0;0;3;2;2;0;2;0;2;0;2;0;1;1;2;0;1;1;2;2;2;6;5;2;2;3;6;2;3;1;3;2;5;1;1;3;3;3;6;3;2;6;7;5;0;1;3;1;5;2;1;2;2;3;1;0;0;0;0;0;1;1;0;0;0;0;1;0;0;0;1;0;0;0;0;0;0;0;0;0;0;0;0;0;0;0;1;0;0;0;0;0;0;0;0
110009;Trani;13;9;8;9;10;9;14;17;11;14;11;11;14;10;12;12;13;5;6;7;8;6;7;21;15;14;22;31;22;23;29;24;33;26;32;28;20;23;22;20;21;28;19;19;23;21;21;13;14;12;21;19;14;19;10;16;11;11;11;10;7;3;9;7;1;5;3;7;3;2;6;3;1;1;3;5;0;1;1;0;0;0;1;0;2;0;1;0;0;1;0;0;0;0;0;1;0;0;0;0;1
110010;Trinitapoli;9;7;0;3;5;5;1;6;5;0;6;3;4;6;2;5;1;3;0;3;0;4;5;5;5;7;9;5;9;13;3;8;9;7;10;8;9;3;8;2;4;2;6;4;14;10;5;5;5;1;9;0;3;2;5;1;0;2;4;1;0;2;1;0;0;0;1;0;0;1;1;1;0;0;0;0;0;0;0;0;0;0;0;0;0;0;0;0;0;0;0;0;0;0;0;0;0;0;0;0;0
;Totale;62;61;65;64;58;48;71;82;53;43;41;48;51;49;46;50;41;48;38;46;51;54;58;83;93;100;142;137;138;143;129;130;155;134;154;156;123;152;144;138;138;113;118;102;132;119;115;110;90;76;88;63;67;90;67;64;61;58;54;35;30;21;25;17;13;16;15;17;12;8;9;9;4;7;3;7;5;3;4;1;1;2;2;3;4;1;3;1;0;1;0;2;1;0;0;1;1;0;0;0;1

"Ricostruzione della popolazione intercensuaria - Popolazione al 1° gennaio per età"
"Cittadinanza straniera - Anno: 2016 - Provincia: Barletta-Andria-Trani"
Territorio/Età;;0;1;2;3;4;5;6;7;8;9;10;11;12;13;14;15;16;17;18;19;20;21;22;23;24;25;26;27;28;29;30;31;32;33;34;35;36;37;38;39;40;41;42;43;44;45;46;47;48;49;50;51;52;53;54;55;56;57;58;59;60;61;62;63;64;65;66;67;68;69;70;71;72;73;74;75;76;77;78;79;80;81;82;83;84;85;86;87;88;89;90;91;92;93;94;95;96;97;98;99;100
Codice comune;Comune;Totale
110001;Andria;15;19;21;29;23;22;21;27;27;15;10;12;19;15;12;13;16;4;7;24;13;17;29;29;35;35;48;36;43;69;41;47;54;59;54;47;47;43;67;45;56;56;46;41;34;39;41;44;29;26;24;26;30;20;26;14;7;11;11;16;5;3;3;2;4;4;5;3;2;2;0;1;2;0;1;0;0;1;0;0;0;1;0;0;1;0;0;1;0;0;0;0;1;0;0;0;0;0;0;0;0
110002;Barletta;25;29;26;37;36;25;26;27;28;19;17;18;21;18;21;21;20;18;24;19;19;19;32;22;32;39;40;56;51;46;68;45;52;63;61;54;77;57;67;66;65;58;40;41;60;40;37;41;46;40;28;25;24;24;34;26;21;26;17;13;10;4;5;8;3;7;4;5;4;3;4;0;0;1;2;1;0;0;1;1;1;0;0;0;0;0;1;0;0;0;0;0;0;0;0;0;0;1;0;0;0
110003;Bisceglie;10;9;15;20;10;11;13;21;3;12;12;5;9;8;5;12;11;9;16;15;14;20;20;29;24;35;38;38;32;38;21;30;34;33;23;37;43;20;25;34;26;22;21;23;28;34;25;22;24;13;16;14;11;15;13;20;14;15;13;10;12;7;4;4;7;3;1;3;2;1;4;1;1;1;4;1;1;2;2;1;1;1;1;0;0;0;0;0;0;0;0;0;0;0;0;0;0;0;0;0;0
110004;Canosa di Puglia;13;15;10;8;12;9;7;14;14;17;12;9;15;16;11;10;16;20;16;9;18;5;11;10;14;13;15;19;23;25;33;30;25;16;17;24;37;26;22;20;21;24;21;22;19;23;23;16;21;7;17;12;8;8;12;6;4;12;11;5;6;9;6;3;3;7;0;3;2;2;0;1;0;1;0;1;1;1;0;0;0;0;0;1;0;1;0;0;1;0;0;0;1;0;0;0;0;0;0;0;0
110005;Margherita di Savoia;2;2;2;2;1;6;0;4;6;4;1;0;2;3;1;0;2;1;2;3;4;2;4;11;5;5;6;3;4;2;4;5;5;4;6;5;5;6;5;0;6;4;5;3;6;9;4;3;4;4;5;4;2;4;3;4;2;2;3;3;2;1;0;0;1;0;2;0;0;0;0;0;2;1;0;0;0;1;1;1;0;0;0;0;0;1;0;1;0;0;0;0;0;0;0;0;0;0;0;0;0
110006;Minervino Murge;1;1;4;1;0;2;0;0;3;3;2;1;2;3;1;1;2;1;2;0;0;0;0;1;2;2;3;5;4;1;1;8;8;6;1;6;2;2;4;5;2;5;3;1;2;3;1;1;0;3;1;2;0;1;2;1;0;2;0;0;1;0;1;0;0;0;0;0;0;0;1;0;0;0;0;0;0;0;0;0;0;0;0;0;0;0;0;0;0;0;0;0;0;0;0;0;0;0;0;0;0
110007;San Ferdinando di Puglia;21;13;13;16;14;10;13;15;19;9;9;7;8;4;12;9;16;11;13;10;16;19;19;14;21;23;26;34;27;29;23;24;29;26;22;17;18;28;13;24;20;23;11;19;12;15;10;13;9;9;9;15;1;8;4;8;7;9;13;10;6;4;1;0;1;4;0;2;0;0;1;0;0;0;2;0;0;0;0;0;0;1;0;1;1;0;0;0;0;0;0;0;0;0;0;0;0;0;0;0;0
110008;Spinazzola;0;3;0;6;2;3;1;2;1;4;4;2;0;5;1;4;2;2;0;1;0;2;0;2;2;1;4;5;4;5;5;2;9;7;7;4;9;7;7;10;2;6;7;2;7;8;7;6;7;6;6;1;2;3;1;3;5;0;1;2;1;1;1;0;0;0;0;1;1;0;0;0;0;1;0;0;0;1;0;0;0;0;0;0;0;0;0;0;0;0;0;0;0;0;0;0;0;0;0;0;0
110009;Trani;25;20;20;16;30;17;24;26;24;27;20;29;15;18;17;22;21;20;12;16;20;20;12;20;33;27;29;45;47;45;42;51;56;52;60;54;42;39;48;55;46;40;47;44;37;37;39;44;37;29;29;39;37;25;30;17;23;15;19;16;13;10;9;8;9;8;7;7;11;4;2;6;6;5;3;3;7;1;3;2;0;0;1;3;0;1;1;1;0;0;1;0;0;0;0;0;1;0;0;0;0
110010;Trinitapoli;11;15;15;3;6;11;8;5;10;7;2;9;10;7;9;3;10;2;9;5;7;2;8;10;12;9;6;19;10;15;22;12;11;19;16;16;15;12;10;17;9;8;5;10;8;17;14;12;11;10;2;12;5;7;3;5;5;1;6;7;1;0;4;1;0;0;0;1;0;0;1;1;1;0;0;0;0;0;0;0;0;0;0;0;0;0;0;0;0;0;0;0;0;0;0;0;0;0;0;0;0
;Totale;123;126;126;138;134;116;113;141;135;117;89;92;101;97;90;95;116;88;101;102;111;106;135;148;180;189;215;260;245;275;260;254;283;285;267;264;295;240;268;276;253;246;206;206;213;225;201;202;188;147;137;150;120;115;128;104;88;93;94;82;57;39;34;26;28;33;19;25;22;12;13;10;12;10;12;6;9;7;7;5;2;3;2;5;2;3;2;3;1;0;1;0;2;0;0;0;1;1;0;0;0
Territorio/Età;;0;1;2;3;4;5;6;7;8;9;10;11;12;13;14;15;16;17;18;19;20;21;22;23;24;25;26;27;28;29;30;31;32;33;34;35;36;37;38;39;40;41;42;43;44;45;46;47;48;49;50;51;52;53;54;55;56;57;58;59;60;61;62;63;64;65;66;67;68;69;70;71;72;73;74;75;76;77;78;79;80;81;82;83;84;85;86;87;88;89;90;91;92;93;94;95;96;97;98;99;100
Codice comune;Comune;Maschi
110001;Andria;10;9;10;18;12;14;11;11;10;5;5;8;9;8;6;8;13;0;0;12;7;7;16;18;16;19;31;12;23;35;19;21;34;34;26;27;19;25;30;25;25;19;24;17;17;16;15;19;6;9;8;10;16;8;8;7;3;2;3;2;1;3;1;0;2;1;1;2;0;0;0;0;0;0;1;0;0;1;0;0;0;1;0;0;0;0;0;0;0;0;0;0;0;0;0;0;0;0;0;0;0
110002;Barletta;10;18;12;18;14;12;19;11;11;11;8;9;11;10;10;10;12;11;16;11;8;10;16;8;16;16;20;23;26;20;35;18;28;25;29;24;37;27;30;24;24;26;19;19;38;18;15;19;22;16;14;12;11;9;12;12;4;8;7;6;7;0;0;1;2;5;1;1;1;1;1;0;0;1;0;1;0;0;0;0;0;0;0;0;0;0;0;0;0;0;0;0;0;0;0;0;0;0;0;0;0
110003;Bisceglie;5;6;9;12;7;3;6;7;0;8;8;2;5;8;1;6;9;7;12;12;11;12;15;23;19;27;23;24;18;27;11;16;17;15;8;16;24;12;8;14;14;9;10;6;12;20;7;11;7;6;3;8;3;5;1;5;2;7;2;5;5;0;1;2;3;0;0;1;1;0;2;1;0;0;1;1;0;1;1;0;1;0;0;0;0;0;0;0;0;0;0;0;0;0;0;0;0;0;0;0;0
110004;Canosa di Puglia;8;9;5;4;5;3;4;11;8;8;8;8;6;9;9;5;11;15;9;5;11;2;5;7;7;4;7;7;7;8;12;15;13;5;3;7;17;13;3;10;9;11;7;9;10;10;6;4;6;3;7;4;3;5;5;3;1;4;5;1;2;2;3;1;1;4;0;1;0;0;0;0;0;1;0;1;0;0;0;0;0;0;0;1;0;0;0;0;1;0;0;0;0;0;0;0;0;0;0;0;0
110005;Margherita di Savoia;2;1;1;1;0;2;0;3;2;4;1;0;1;2;0;0;1;1;1;2;3;1;3;6;3;3;2;0;0;1;1;2;0;1;3;2;2;1;3;0;1;0;2;1;2;3;1;1;1;1;2;2;0;1;0;2;0;1;1;1;1;0;0;0;0;0;0;0;0;0;0;0;0;0;0;0;0;0;1;0;0;0;0;0;0;0;0;0;0;0;0;0;0;0;0;0;0;0;0;0;0
110006;Minervino Murge;0;0;2;0;0;1;0;0;2;2;1;0;1;2;0;1;0;0;1;0;0;0;0;0;1;0;2;0;3;0;0;2;4;3;0;4;0;1;0;3;1;2;1;1;0;2;0;0;0;0;0;0;0;1;0;0;0;2;0;0;0;0;0;0;0;0;0;0;0;0;0;0;0;0;0;0;0;0;0;0;0;0;0;0;0;0;0;0;0;0;0;0;0;0;0;0;0;0;0;0;0
110007;San Ferdinando di Puglia;11;8;6;6;7;7;9;10;12;6;5;4;5;2;5;1;6;5;4;6;10;9;5;6;11;9;10;17;11;15;11;14;17;13;14;13;8;12;7;7;11;9;3;8;8;7;2;4;5;4;3;7;1;4;4;4;2;3;6;3;2;2;1;0;0;1;0;2;0;0;1;0;0;0;1;0;0;0;0;0;0;0;0;0;0;0;0;0;0;0;0;0;0;0;0;0;0;0;0;0;0
110008;Spinazzola;0;1;0;3;0;3;0;2;1;1;2;0;0;3;1;2;2;0;0;0;0;0;0;1;1;0;3;2;0;0;3;0;6;1;5;1;8;4;6;4;0;2;2;0;5;2;4;3;2;0;2;0;1;0;0;1;3;0;1;0;0;0;0;0;0;0;0;0;0;0;0;0;0;0;0;0;0;0;0;0;0;0;0;0;0;0;0;0;0;0;0;0;0;0;0;0;0;0;0;0;0
110009;Trani;10;8;12;7;22;8;14;15;9;16;7;20;7;6;7;8;9;6;8;9;12;11;7;13;15;11;16;22;18;21;18;26;30;20;32;26;16;21;27;34;27;24;16;22;18;15;20;23;19;15;14;17;17;11;14;7;7;5;8;7;4;3;6;0;2;7;3;4;4;1;0;1;3;4;2;0;1;1;2;1;0;0;1;2;0;1;1;0;0;0;0;0;0;0;0;0;0;0;0;0;0
110010;Trinitapoli;7;4;8;3;2;5;4;4;4;2;2;2;8;2;2;1;5;1;6;4;4;1;2;2;7;4;1;10;5;9;9;8;3;9;4;8;5;4;7;8;5;4;4;4;4;4;3;5;5;4;0;5;3;4;1;0;4;1;3;3;1;0;2;0;0;0;0;0;0;0;0;0;0;0;0;0;0;0;0;0;0;0;0;0;0;0;0;0;0;0;0;0;0;0;0;0;0;0;0;0;0
;Totale;63;64;65;72;69;58;67;74;59;63;47;53;53;52;41;42;68;46;57;61;66;53;69;84;96;93;115;117;111;136;119;122;152;126;124;128;136;120;121;129;117;106;88;87;114;97;73;89;73;58;53;65;55;48;45;41;26;33;36;28;23;10;14;4;10;18;5;11;6;2;4;2;3;6;5;3;1;3;4;1;1;1;1;3;0;1;1;0;1;0;0;0;0;0;0;0;0;0;0;0;0
Territorio/Età;;0;1;2;3;4;5;6;7;8;9;10;11;12;13;14;15;16;17;18;19;20;21;22;23;24;25;26;27;28;29;30;31;32;33;34;35;36;37;38;39;40;41;42;43;44;45;46;47;48;49;50;51;52;53;54;55;56;57;58;59;60;61;62;63;64;65;66;67;68;69;70;71;72;73;74;75;76;77;78;79;80;81;82;83;84;85;86;87;88;89;90;91;92;93;94;95;96;97;98;99;100
Codice comune;Comune;Femmine
110001;Andria;5;10;11;11;11;8;10;16;17;10;5;4;10;7;6;5;3;4;7;12;6;10;13;11;19;16;17;24;20;34;22;26;20;25;28;20;28;18;37;20;31;37;22;24;17;23;26;25;23;17;16;16;14;12;18;7;4;9;8;14;4;0;2;2;2;3;4;1;2;2;0;1;2;0;0;0;0;0;0;0;0;0;0;0;1;0;0;1;0;0;0;0;1;0;0;0;0;0;0;0;0
110002;Barletta;15;11;14;19;22;13;7;16;17;8;9;9;10;8;11;11;8;7;8;8;11;9;16;14;16;23;20;33;25;26;33;27;24;38;32;30;40;30;37;42;41;32;21;22;22;22;22;22;24;24;14;13;13;15;22;14;17;18;10;7;3;4;5;7;1;2;3;4;3;2;3;0;0;0;2;0;0;0;1;1;1;0;0;0;0;0;1;0;0;0;0;0;0;0;0;0;0;1;0;0;0
110003;Bisceglie;5;3;6;8;3;8;7;14;3;4;4;3;4;0;4;6;2;2;4;3;3;8;5;6;5;8;15;14;14;11;10;14;17;18;15;21;19;8;17;20;12;13;11;17;16;14;18;11;17;7;13;6;8;10;12;15;12;8;11;5;7;7;3;2;4;3;1;2;1;1;2;0;1;1;3;0;1;1;1;1;0;1;1;0;0;0;0;0;0;0;0;0;0;0;0;0;0;0;0;0;0
110004;Canosa di Puglia;5;6;5;4;7;6;3;3;6;9;4;1;9;7;2;5;5;5;7;4;7;3;6;3;7;9;8;12;16;17;21;15;12;11;14;17;20;13;19;10;12;13;14;13;9;13;17;12;15;4;10;8;5;3;7;3;3;8;6;4;4;7;3;2;2;3;0;2;2;2;0;1;0;0;0;0;1;1;0;0;0;0;0;0;0;1;0;0;0;0;0;0;1;0;0;0;0;0;0;0;0
110005;Margherita di Savoia;0;1;1;1;1;4;0;1;4;0;0;0;1;1;1;0;1;0;1;1;1;1;1;5;2;2;4;3;4;1;3;3;5;3;3;3;3;5;2;0;5;4;3;2;4;6;3;2;3;3;3;2;2;3;3;2;2;1;2;2;1;1;0;0;1;0;2;0;0;0;0;0;2;1;0;0;0;1;0;1;0;0;0;0;0;1;0;1;0;0;0;0;0;0;0;0;0;0;0;0;0
110006;Minervino Murge;1;1;2;1;0;1;0;0;1;1;1;1;1;1;1;0;2;1;1;0;0;0;0;1;1;2;1;5;1;1;1;6;4;3;1;2;2;1;4;2;1;3;2;0;2;1;1;1;0;3;1;2;0;0;2;1;0;0;0;0;1;0;1;0;0;0;0;0;0;0;1;0;0;0;0;0;0;0;0;0;0;0;0;0;0;0;0;0;0;0;0;0;0;0;0;0;0;0;0;0;0
110007;San Ferdinando di Puglia;10;5;7;10;7;3;4;5;7;3;4;3;3;2;7;8;10;6;9;4;6;10;14;8;10;14;16;17;16;14;12;10;12;13;8;4;10;16;6;17;9;14;8;11;4;8;8;9;4;5;6;8;0;4;0;4;5;6;7;7;4;2;0;0;1;3;0;0;0;0;0;0;0;0;1;0;0;0;0;0;0;1;0;1;1;0;0;0;0;0;0;0;0;0;0;0;0;0;0;0;0
110008;Spinazzola;0;2;0;3;2;0;1;0;0;3;2;2;0;2;0;2;0;2;0;1;0;2;0;1;1;1;1;3;4;5;2;2;3;6;2;3;1;3;1;6;2;4;5;2;2;6;3;3;5;6;4;1;1;3;1;2;2;0;0;2;1;1;1;0;0;0;0;1;1;0;0;0;0;1;0;0;0;1;0;0;0;0;0;0;0;0;0;0;0;0;0;0;0;0;0;0;0;0;0;0;0
110009;Trani;15;12;8;9;8;9;10;11;15;11;13;9;8;12;10;14;12;14;4;7;8;9;5;7;18;16;13;23;29;24;24;25;26;32;28;28;26;18;21;21;19;16;31;22;19;22;19;21;18;14;15;22;20;14;16;10;16;10;11;9;9;7;3;8;7;1;4;3;7;3;2;5;3;1;1;3;6;0;1;1;0;0;0;1;0;0;0;1;0;0;1;0;0;0;0;0;1;0;0;0;0
110010;Trinitapoli;4;11;7;0;4;6;4;1;6;5;0;7;2;5;7;2;5;1;3;1;3;1;6;8;5;5;5;9;5;6;13;4;8;10;12;8;10;8;3;9;4;4;1;6;4;13;11;7;6;6;2;7;2;3;2;5;1;0;3;4;0;0;2;1;0;0;0;1;0;0;1;1;1;0;0;0;0;0;0;0;0;0;0;0;0;0;0;0;0;0;0;0;0;0;0;0;0;0;0;0;0
;Totale;60;62;61;66;65;58;46;67;76;54;42;39;48;45;49;53;48;42;44;41;45;53;66;64;84;96;100;143;134;139;141;132;131;159;143;136;159;120;147;147;136;140;118;119;99;128;128;113;115;89;84;85;65;67;83;63;62;60;58;54;34;29;20;22;18;15;14;14;16;10;9;8;9;4;7;3;8;4;3;4;1;2;1;2;2;2;1;3;0;0;1;0;2;0;0;0;1;1;0;0;0

"Ricostruzione della popolazione intercensuaria - Popolazione al 1° gennaio per età"
"Cittadinanza straniera - Anno: 2017 - Provincia: Barletta-Andria-Trani"
Territorio/Età;;0;1;2;3;4;5;6;7;8;9;10;11;12;13;14;15;16;17;18;19;20;21;22;23;24;25;26;27;28;29;30;31;32;33;34;35;36;37;38;39;40;41;42;43;44;45;46;47;48;49;50;51;52;53;54;55;56;57;58;59;60;61;62;63;64;65;66;67;68;69;70;71;72;73;74;75;76;77;78;79;80;81;82;83;84;85;86;87;88;89;90;91;92;93;94;95;96;97;98;99;100
Codice comune;Comune;Totale
110001;Andria;20;18;20;17;26;23;20;18;22;23;16;13;12;17;14;7;12;14;10;11;29;20;22;39;32;41;41;44;40;48;76;37;46;53;58;49;39;48;35;65;44;53;60;44;39;29;41;37;40;25;23;22;23;28;20;24;13;11;10;11;18;6;3;3;2;3;1;4;3;1;2;1;1;2;0;0;0;0;1;0;0;0;1;0;0;1;0;0;1;0;0;0;0;1;0;0;0;0;0;0;0
110002;Barletta;24;25;28;25;31;34;23;22;28;28;17;15;16;19;17;18;20;22;22;26;22;20;25;28;22;32;39;35;58;63;41;64;45;49;64;55;54;76;55;57;61;60;52;38;38;56;41;35;43;42;32;28;22;24;24;34;23;21;25;17;12;8;4;5;6;3;5;4;5;4;3;3;0;0;1;2;1;0;0;1;1;1;0;0;0;0;0;1;0;0;0;0;0;0;0;0;0;0;1;0;0
110003;Bisceglie;10;10;8;16;18;9;11;13;20;3;13;14;5;10;7;4;9;13;17;26;18;23;26;26;36;30;33;41;43;31;39;20;35;31;31;25;38;41;21;28;35;28;23;17;22;28;38;26;22;23;13;14;15;11;15;15;18;13;15;12;13;10;7;5;3;6;3;1;3;2;1;4;1;1;1;2;1;1;2;2;1;1;1;1;0;0;0;0;0;0;0;0;0;0;0;0;0;0;0;0;0
110004;Canosa di Puglia;11;13;15;10;8;12;10;9;14;15;17;11;7;13;16;10;12;16;20;17;10;20;7;10;14;14;13;14;16;26;25;35;27;26;12;17;23;36;25;24;23;22;26;22;21;20;23;27;15;21;8;17;13;8;8;13;7;4;12;11;4;7;8;5;3;3;7;0;3;2;2;2;1;0;1;0;1;1;1;0;0;0;0;0;0;0;1;0;0;1;0;0;0;1;0;0;0;0;0;0;0
110005;Margherita di Savoia;0;1;1;1;2;1;4;0;6;4;3;1;1;2;2;1;0;1;3;2;4;4;1;3;11;5;5;4;2;5;3;6;4;5;4;8;6;7;5;6;2;6;4;5;5;6;9;3;4;4;4;5;5;2;3;3;4;2;3;4;3;2;1;0;0;1;0;2;0;0;0;0;0;2;1;0;0;0;1;1;1;0;0;0;0;0;1;0;1;0;0;0;0;0;0;0;0;0;0;0;0
110006;Minervino Murge;1;1;0;4;0;0;2;0;0;3;3;2;1;3;3;1;0;2;1;2;0;0;2;0;1;2;2;3;5;3;1;1;9;8;5;1;6;2;2;4;6;1;4;3;1;2;3;1;2;0;3;1;2;0;2;2;2;0;2;0;0;1;0;1;0;0;0;0;0;0;0;1;1;0;0;0;0;0;0;0;0;0;0;0;0;0;0;0;0;0;0;0;0;0;0;0;0;0;0;0;0
110007;San Ferdinando di Puglia;12;15;14;13;15;14;9;14;15;19;9;9;7;7;4;12;9;15;15;17;10;17;19;19;14;21;25;31;35;27;28;20;25;31;25;23;19;20;29;13;23;19;22;11;17;11;14;13;13;8;8;8;15;1;7;5;8;7;7;14;10;6;5;1;0;1;4;0;2;0;0;1;0;0;0;2;0;0;0;0;0;0;1;0;1;1;0;0;0;0;0;0;0;0;0;0;0;0;0;0;0
110008;Spinazzola;1;0;3;0;5;2;3;1;2;1;4;4;2;0;5;0;5;1;1;0;1;0;2;0;0;1;1;3;3;3;5;5;3;5;7;6;4;7;4;7;11;3;6;6;1;6;7;7;4;7;6;5;1;2;3;1;3;5;0;3;2;1;1;0;0;0;0;0;1;1;0;0;0;0;0;0;0;0;1;0;0;0;0;0;0;0;0;0;0;0;0;0;0;0;0;0;0;0;0;0;0
110009;Trani;27;20;21;18;20;30;18;23;23;23;25;18;29;15;14;16;24;18;21;14;16;21;21;14;20;29;26;33;44;44;40;40;54;54;47;56;51;43;39;45;49;42;40;43;43;38;40;39;43;33;29;29;38;38;23;31;17;20;15;17;15;14;8;11;9;7;8;7;7;9;4;2;6;6;5;2;3;7;1;2;2;0;0;1;2;0;1;0;1;0;0;1;0;0;0;0;0;1;0;0;0
110010;Trinitapoli;3;12;12;14;3;7;11;9;6;10;8;2;8;10;6;7;2;10;3;12;6;10;8;10;10;13;10;7;17;12;16;22;10;12;19;14;19;11;13;10;15;8;8;6;10;9;19;13;13;8;10;2;14;5;7;3;5;5;4;7;5;0;0;4;1;0;0;0;1;0;0;1;1;1;0;0;0;0;0;0;0;0;0;0;0;0;0;0;0;0;0;0;0;0;0;0;0;0;0;0;0
;Totale;109;115;122;118;128;132;111;109;136;129;115;89;88;96;88;76;93;112;113;127;116;135;133;149;160;188;195;215;263;262;274;250;258;274;272;254;259;291;228;259;269;242;245;195;197;205;235;201;199;171;136;131;148;119;112;131;100;88;93;96;82;55;37;35;24;24;28;18;25;19;12;15;11;12;9;8;6;9;7;6;5;2;3;2;3;2;3;1;3;1;0;1;0;2;0;0;0;1;1;0;0
Territorio/Età;;0;1;2;3;4;5;6;7;8;9;10;11;12;13;14;15;16;17;18;19;20;21;22;23;24;25;26;27;28;29;30;31;32;33;34;35;36;37;38;39;40;41;42;43;44;45;46;47;48;49;50;51;52;53;54;55;56;57;58;59;60;61;62;63;64;65;66;67;68;69;70;71;72;73;74;75;76;77;78;79;80;81;82;83;84;85;86;87;88;89;90;91;92;93;94;95;96;97;98;99;100
Codice comune;Comune;Maschi
110001;Andria;9;10;10;9;16;12;14;10;9;7;5;5;9;7;6;4;6;11;5;5;15;13;13;24;18;20;26;30;18;28;38;16;21;35;33;25;22;21;23;30;21;23;19;25;17;14;16;14;16;6;9;8;8;14;8;9;6;2;2;3;1;1;3;1;0;1;0;1;2;0;0;0;0;0;0;0;0;0;1;0;0;0;1;0;0;0;0;0;0;0;0;0;0;0;0;0;0;0;0;0;0
110002;Barletta;13;9;17;11;16;11;10;15;12;11;8;9;10;10;9;9;11;14;14;17;14;9;14;12;8;18;15;20;22;29;19;32;17;22;26;25;21;37;26;24;20;19;21;15;17;35;17;13;18;18;12;15;9;10;8;12;10;5;7;5;5;5;0;0;1;2;3;1;1;1;1;1;0;0;1;0;1;0;0;0;0;0;0;0;0;0;0;0;0;0;0;0;0;0;0;0;0;0;0;0;0
110003;Bisceglie;3;6;5;9;10;6;3;6;6;0;9;8;2;6;7;0;3;10;15;21;16;18;17;21;30;22;26;24;30;18;28;12;20;15;15;9;15;24;12;8;14;14;9;8;6;12;20;8;12;7;7;3;9;3;5;3;5;2;7;2;5;3;1;1;1;3;0;0;1;1;0;2;1;0;0;1;1;0;1;1;0;1;0;0;0;0;0;0;0;0;0;0;0;0;0;0;0;0;0;0;0
110004;Canosa di Puglia;7;8;8;6;5;5;4;5;11;7;9;7;7;5;8;8;6;12;16;11;6;12;3;4;10;6;2;6;4;11;8;14;14;13;4;4;6;17;13;4;10;10;12;7;9;10;10;10;4;7;3;7;5;3;5;6;5;1;4;5;1;2;1;2;1;1;4;0;1;0;0;2;0;0;1;0;1;0;0;0;0;0;0;0;0;0;0;0;0;1;0;0;0;0;0;0;0;0;0;0;0
110005;Margherita di Savoia;0;1;0;0;1;0;1;0;4;2;3;1;1;1;1;0;0;0;3;1;2;3;0;2;7;3;3;2;1;1;2;1;1;0;1;4;1;2;1;3;1;1;0;2;1;2;3;0;2;1;1;2;2;0;1;0;2;0;1;2;1;1;0;0;0;0;0;0;0;0;0;0;0;0;0;0;0;0;0;1;0;0;0;0;0;0;0;0;0;0;0;0;0;0;0;0;0;0;0;0;0
110006;Minervino Murge;0;0;0;2;0;0;1;0;0;2;2;1;0;2;2;0;0;0;0;1;0;0;0;0;0;1;0;2;0;3;0;0;2;4;2;0;4;0;1;0;3;1;2;1;1;0;2;0;0;0;0;0;0;0;1;0;1;0;2;0;0;0;0;0;0;0;0;0;0;0;0;0;1;0;0;0;0;0;0;0;0;0;0;0;0;0;0;0;0;0;0;0;0;0;0;0;0;0;0;0;0
110007;San Ferdinando di Puglia;5;8;9;6;6;8;6;10;9;12;6;5;4;4;2;5;1;6;8;5;6;11;9;5;6;10;10;12;18;12;14;10;15;18;14;15;14;9;13;7;7;12;9;4;8;7;6;5;4;4;5;2;7;1;4;4;4;2;3;7;3;2;3;0;0;0;1;0;2;0;0;1;0;0;0;1;0;0;0;0;0;0;0;0;0;0;0;0;0;0;0;0;0;0;0;0;0;0;0;0;0
110008;Spinazzola;1;0;1;0;3;0;3;0;2;1;1;2;0;0;3;0;2;1;0;0;0;0;0;0;0;0;0;3;2;0;0;3;1;3;1;4;1;6;1;6;4;0;2;1;0;4;2;4;3;2;0;1;0;1;0;0;1;3;0;1;0;0;0;0;0;0;0;0;0;0;0;0;0;0;0;0;0;0;0;0;0;0;0;0;0;0;0;0;0;0;0;0;0;0;0;0;0;0;0;0;0
110009;Trani;11;8;9;11;10;22;9;11;13;10;15;6;19;7;4;6;9;9;8;9;9;14;10;5;12;12;11;18;21;17;18;16;26;29;19;27;27;15;19;24;32;25;26;15;20;15;18;21;24;18;15;14;17;17;10;14;7;7;5;7;7;4;2;5;1;2;7;3;4;2;1;0;1;3;4;2;0;1;1;1;1;0;0;1;2;0;1;0;0;0;0;0;0;0;0;0;0;0;0;0;0
110010;Trinitapoli;2;8;3;8;3;1;5;4;4;4;2;2;4;7;2;2;1;5;2;7;4;5;4;3;2;8;4;2;9;6;10;10;7;2;10;3;10;4;4;7;8;3;4;5;3;4;5;2;5;3;4;0;6;4;4;1;0;4;1;4;1;0;0;2;0;0;0;0;0;0;0;0;0;0;0;0;0;0;0;0;0;0;0;0;0;0;0;0;0;0;0;0;0;0;0;0;0;0;0;0;0
;Totale;51;58;62;62;70;65;56;61;70;56;60;46;56;49;44;34;39;68;71;77;72;85;70;76;93;100;97;119;125;125;137;114;124;141;125;116;121;135;113;113;120;108;104;83;82;103;99;77;88;66;56;52;63;53;46;49;41;26;32;36;24;18;10;11;4;9;15;5;11;4;2;6;3;3;6;4;3;1;3;3;1;1;1;1;2;0;1;0;0;1;0;0;0;0;0;0;0;0;0;0;0
Territorio/Età;;0;1;2;3;4;5;6;7;8;9;10;11;12;13;14;15;16;17;18;19;20;21;22;23;24;25;26;27;28;29;30;31;32;33;34;35;36;37;38;39;40;41;42;43;44;45;46;47;48;49;50;51;52;53;54;55;56;57;58;59;60;61;62;63;64;65;66;67;68;69;70;71;72;73;74;75;76;77;78;79;80;81;82;83;84;85;86;87;88;89;90;91;92;93;94;95;96;97;98;99;100
Codice comune;Comune;Femmine
110001;Andria;11;8;10;8;10;11;6;8;13;16;11;8;3;10;8;3;6;3;5;6;14;7;9;15;14;21;15;14;22;20;38;21;25;18;25;24;17;27;12;35;23;30;41;19;22;15;25;23;24;19;14;14;15;14;12;15;7;9;8;8;17;5;0;2;2;2;1;3;1;1;2;1;1;2;0;0;0;0;0;0;0;0;0;0;0;1;0;0;1;0;0;0;0;1;0;0;0;0;0;0;0
110002;Barletta;11;16;11;14;15;23;13;7;16;17;9;6;6;9;8;9;9;8;8;9;8;11;11;16;14;14;24;15;36;34;22;32;28;27;38;30;33;39;29;33;41;41;31;23;21;21;24;22;25;24;20;13;13;14;16;22;13;16;18;12;7;3;4;5;5;1;2;3;4;3;2;2;0;0;0;2;0;0;0;1;1;1;0;0;0;0;0;1;0;0;0;0;0;0;0;0;0;0;1;0;0
110003;Bisceglie;7;4;3;7;8;3;8;7;14;3;4;6;3;4;0;4;6;3;2;5;2;5;9;5;6;8;7;17;13;13;11;8;15;16;16;16;23;17;9;20;21;14;14;9;16;16;18;18;10;16;6;11;6;8;10;12;13;11;8;10;8;7;6;4;2;3;3;1;2;1;1;2;0;1;1;1;0;1;1;1;1;0;1;1;0;0;0;0;0;0;0;0;0;0;0;0;0;0;0;0;0
110004;Canosa di Puglia;4;5;7;4;3;7;6;4;3;8;8;4;0;8;8;2;6;4;4;6;4;8;4;6;4;8;11;8;12;15;17;21;13;13;8;13;17;19;12;20;13;12;14;15;12;10;13;17;11;14;5;10;8;5;3;7;2;3;8;6;3;5;7;3;2;2;3;0;2;2;2;0;1;0;0;0;0;1;1;0;0;0;0;0;0;0;1;0;0;0;0;0;0;1;0;0;0;0;0;0;0
110005;Margherita di Savoia;0;0;1;1;1;1;3;0;2;2;0;0;0;1;1;1;0;1;0;1;2;1;1;1;4;2;2;2;1;4;1;5;3;5;3;4;5;5;4;3;1;5;4;3;4;4;6;3;2;3;3;3;3;2;2;3;2;2;2;2;2;1;1;0;0;1;0;2;0;0;0;0;0;2;1;0;0;0;1;0;1;0;0;0;0;0;1;0;1;0;0;0;0;0;0;0;0;0;0;0;0
110006;Minervino Murge;1;1;0;2;0;0;1;0;0;1;1;1;1;1;1;1;0;2;1;1;0;0;2;0;1;1;2;1;5;0;1;1;7;4;3;1;2;2;1;4;3;0;2;2;0;2;1;1;2;0;3;1;2;0;1;2;1;0;0;0;0;1;0;1;0;0;0;0;0;0;0;1;0;0;0;0;0;0;0;0;0;0;0;0;0;0;0;0;0;0;0;0;0;0;0;0;0;0;0;0;0
110007;San Ferdinando di Puglia;7;7;5;7;9;6;3;4;6;7;3;4;3;3;2;7;8;9;7;12;4;6;10;14;8;11;15;19;17;15;14;10;10;13;11;8;5;11;16;6;16;7;13;7;9;4;8;8;9;4;3;6;8;0;3;1;4;5;4;7;7;4;2;1;0;1;3;0;0;0;0;0;0;0;0;1;0;0;0;0;0;0;1;0;1;1;0;0;0;0;0;0;0;0;0;0;0;0;0;0;0
110008;Spinazzola;0;0;2;0;2;2;0;1;0;0;3;2;2;0;2;0;3;0;1;0;1;0;2;0;0;1;1;0;1;3;5;2;2;2;6;2;3;1;3;1;7;3;4;5;1;2;5;3;1;5;6;4;1;1;3;1;2;2;0;2;2;1;1;0;0;0;0;0;1;1;0;0;0;0;0;0;0;0;1;0;0;0;0;0;0;0;0;0;0;0;0;0;0;0;0;0;0;0;0;0;0
110009;Trani;16;12;12;7;10;8;9;12;10;13;10;12;10;8;10;10;15;9;13;5;7;7;11;9;8;17;15;15;23;27;22;24;28;25;28;29;24;28;20;21;17;17;14;28;23;23;22;18;19;15;14;15;21;21;13;17;10;13;10;10;8;10;6;6;8;5;1;4;3;7;3;2;5;3;1;0;3;6;0;1;1;0;0;0;0;0;0;0;1;0;0;1;0;0;0;0;0;1;0;0;0
110010;Trinitapoli;1;4;9;6;0;6;6;5;2;6;6;0;4;3;4;5;1;5;1;5;2;5;4;7;8;5;6;5;8;6;6;12;3;10;9;11;9;7;9;3;7;5;4;1;7;5;14;11;8;5;6;2;8;1;3;2;5;1;3;3;4;0;0;2;1;0;0;0;1;0;0;1;1;1;0;0;0;0;0;0;0;0;0;0;0;0;0;0;0;0;0;0;0;0;0;0;0;0;0;0;0
;Totale;58;57;60;56;58;67;55;48;66;73;55;43;32;47;44;42;54;44;42;50;44;50;63;73;67;88;98;96;138;137;137;136;134;133;147;138;138;156;115;146;149;134;141;112;115;102;136;124;111;105;80;79;85;66;66;82;59;62;61;60;58;37;27;24;20;15;13;13;14;15;10;9;8;9;3;4;3;8;4;3;4;1;2;1;1;2;2;1;3;0;0;1;0;2;0;0;0;1;1;0;0

"Ricostruzione della popolazione intercensuaria - Popolazione al 1° gennaio per età"
"Cittadinanza straniera - Anno: 2018 - Provincia: Barletta-Andria-Trani"
Territorio/Età;;0;1;2;3;4;5;6;7;8;9;10;11;12;13;14;15;16;17;18;19;20;21;22;23;24;25;26;27;28;29;30;31;32;33;34;35;36;37;38;39;40;41;42;43;44;45;46;47;48;49;50;51;52;53;54;55;56;57;58;59;60;61;62;63;64;65;66;67;68;69;70;71;72;73;74;75;76;77;78;79;80;81;82;83;84;85;86;87;88;89;90;91;92;93;94;95;96;97;98;99;100
Codice comune;Comune;Totale
110001;Andria;14;21;15;16;17;24;21;17;17;20;20;13;13;12;16;16;10;14;26;20;11;32;19;21;31;28;31;32;46;42;40;72;37;42;45;47;45;39;49;36;56;35;48;57;43;34;30;39;39;38;24;23;19;23;24;18;23;12;10;11;10;15;6;4;3;2;3;2;3;4;0;2;1;1;2;0;0;0;0;1;0;0;0;1;0;0;1;0;0;1;0;0;0;0;1;0;0;0;0;0;0
110002;Barletta;23;26;24;24;27;29;27;26;23;24;24;16;16;19;19;19;17;22;27;34;28;24;14;26;23;26;35;43;38;54;64;46;58;44;51;64;58;55;73;52;56;65;53;49;35;37;57;44;36;42;43;32;27;24;23;24;36;24;20;26;15;12;9;5;5;6;4;5;4;5;4;2;3;0;0;1;2;1;0;0;0;1;1;0;0;0;0;0;1;0;0;0;0;0;0;0;0;0;0;1;0
110003;Bisceglie;8;10;9;9;15;18;9;9;13;18;4;11;14;4;8;9;3;9;19;32;32;22;25;28;27;41;31;35;38;37;28;42;23;35;27;29;30;34;41;22;27;36;27;24;17;24;31;35;25;21;25;11;15;15;13;15;13;15;11;15;12;10;9;8;5;3;6;3;1;3;2;0;4;1;1;1;1;1;1;2;2;1;1;0;1;0;0;0;0;0;0;0;0;0;1;0;0;0;0;0;0
110004;Canosa di Puglia;18;11;12;15;13;8;13;8;12;14;15;18;11;8;15;16;9;9;23;26;27;11;24;11;13;24;16;16;17;19;30;30;36;26;24;17;15;23;36;24;23;25;21;25;20;20;20;23;25;14;20;8;18;14;8;7;15;8;3;10;11;5;7;6;3;4;3;7;0;3;2;2;2;1;0;1;0;1;1;1;0;0;0;0;0;0;0;1;0;0;1;0;0;0;1;0;0;0;0;0;0
110005;Margherita di Savoia;1;0;1;1;1;3;1;4;0;5;4;3;0;1;2;2;1;0;1;2;2;4;3;1;3;10;3;4;4;2;5;3;6;2;7;3;5;6;7;4;6;4;7;6;5;5;6;8;4;4;4;4;6;5;1;3;4;4;1;3;4;3;2;1;0;0;1;0;2;0;0;0;0;0;2;1;0;0;0;1;1;1;0;0;0;0;0;1;0;1;0;0;0;0;0;0;0;0;0;0;0
110006;Minervino Murge;3;1;1;0;2;0;0;1;0;0;3;4;2;1;3;4;1;1;2;1;2;1;0;3;0;1;4;2;3;5;3;1;1;7;7;4;1;7;2;3;5;7;1;4;3;3;3;3;0;2;0;2;2;2;0;2;3;2;1;2;0;0;1;0;2;0;0;0;0;0;0;0;1;1;0;0;0;0;0;0;0;0;0;0;0;0;0;0;0;0;0;0;0;0;0;0;0;0;0;0;0
110007;San Ferdinando di Puglia;13;14;18;14;11;13;12;10;14;15;18;9;10;9;8;5;12;7;17;15;17;13;23;19;19;13;22;22;30;32;25;24;20;24;29;26;24;20;17;27;12;24;20;21;13;15;10;13;12;13;8;7;8;15;1;8;5;7;6;7;10;9;6;4;1;0;1;3;0;2;0;0;1;0;0;0;2;0;0;0;0;0;0;1;0;1;1;0;0;0;0;0;0;0;0;0;0;0;0;0;0
110008;Spinazzola;2;1;0;1;1;5;2;3;1;2;1;3;5;2;0;5;1;4;3;17;8;10;8;3;7;6;2;6;3;4;7;6;6;5;6;8;4;3;6;3;5;6;3;6;5;2;5;7;5;4;7;4;5;1;2;2;3;3;5;1;3;1;0;2;0;0;0;0;0;1;1;0;0;0;0;0;0;0;0;1;0;0;0;0;0;0;0;0;0;0;0;0;0;0;0;0;0;0;0;0;0
110009;Trani;21;26;20;19;21;22;27;20;21;25;25;26;16;28;15;17;16;23;31;32;17;21;22;24;19;24;32;23;34;47;41;42;43;55;53;45;53;48;39;40;41;46;42;42;46;45;36;38;38;42;31;33;29;37;38;23;31;18;21;14;18;14;13;10;12;9;7;11;7;6;9;4;2;6;6;5;1;3;5;0;2;2;0;0;1;2;0;1;0;1;0;0;1;0;0;0;0;0;1;0;0
110010;Trinitapoli;10;3;9;11;15;4;6;11;7;7;10;9;3;7;10;6;7;2;11;3;12;6;11;7;8;11;13;9;8;20;12;13;18;12;13;18;13;21;11;12;10;13;8;9;5;11;9;18;12;10;6;8;2;13;5;8;3;3;5;4;7;6;1;0;3;1;0;0;0;0;0;0;0;0;0;0;0;0;0;0;0;0;0;0;0;0;0;0;0;0;0;0;0;0;0;0;0;0;0;0;0
;Totale;113;113;109;110;123;126;118;109;108;130;124;112;90;91;96;99;77;91;160;182;156;144;149;143;150;184;189;192;221;262;255;279;248;252;262;261;248;256;281;223;241;261;230;243;192;196;207;228;196;190;168;132;131;149;115;110;136;96;83;93;90;75;54;40;34;25;25;31;17;24;18;10;14;10;11;9;6;6;7;6;5;5;2;2;2;3;2;3;1;3;1;0;1;0;3;0;0;0;1;1;0
Territorio/Età;;0;1;2;3;4;5;6;7;8;9;10;11;12;13;14;15;16;17;18;19;20;21;22;23;24;25;26;27;28;29;30;31;32;33;34;35;36;37;38;39;40;41;42;43;44;45;46;47;48;49;50;51;52;53;54;55;56;57;58;59;60;61;62;63;64;65;66;67;68;69;70;71;72;73;74;75;76;77;78;79;80;81;82;83;84;85;86;87;88;89;90;91;92;93;94;95;96;97;98;99;100
Codice comune;Comune;Maschi
110001;Andria;6;9;8;10;9;15;10;12;10;9;8;3;5;8;6;8;7;6;22;15;6;17;13;11;16;16;13;18;31;21;21;37;15;18;29;29;22;21;24;22;23;18;20;17;22;15;13;15;15;15;7;7;7;8;12;6;9;6;2;3;3;1;1;3;1;0;1;0;1;2;0;0;0;0;0;0;0;0;0;1;0;0;0;1;0;0;0;0;0;0;0;0;0;0;0;0;0;0;0;0;0
110002;Barletta;11;12;8;15;11;13;9;13;16;12;9;8;9;11;10;10;8;13;18;24;18;14;6;15;11;12;20;18;19;21;29;23;32;16;26;23;25;23;34;25;22;25;14;19;11;15;36;20;14;17;19;13;16;11;10;8;12;11;5;7;5;5;5;1;0;2;2;3;1;1;1;0;1;0;0;1;0;1;0;0;0;0;0;0;0;0;0;0;0;0;0;0;0;0;0;0;0;0;0;0;0
110003;Bisceglie;5;3;5;7;9;10;6;3;6;5;1;7;8;1;5;7;0;3;16;28;27;19;18;19;21;34;20;27;25;24;16;30;17;18;14;11;11;12;24;13;7;16;13;10;7;6;14;18;8;12;8;6;3;9;4;5;3;5;2;6;2;4;3;2;1;1;3;0;0;1;1;0;2;1;0;0;0;1;0;1;1;0;1;0;0;0;0;0;0;0;0;0;0;0;0;0;0;0;0;0;0
110004;Canosa di Puglia;10;7;7;9;7;5;6;3;7;11;7;8;7;8;7;7;7;5;19;19;19;8;15;6;6;19;11;5;8;7;14;11;15;13;10;7;4;7;17;12;5;10;9;13;7;10;11;8;7;2;7;3;8;6;3;5;7;5;1;2;5;0;2;1;1;2;1;4;0;1;0;0;2;0;0;1;0;1;0;0;0;0;0;0;0;0;0;0;0;0;1;0;0;0;0;0;0;0;0;0;0
110005;Margherita di Savoia;1;0;1;0;0;1;0;2;0;3;2;3;0;1;1;1;0;0;0;2;1;2;3;0;2;6;2;2;2;1;1;2;1;1;2;0;2;1;2;1;3;2;1;0;2;1;2;2;0;2;1;0;3;2;0;1;1;2;0;1;2;1;1;0;0;0;0;0;0;0;0;0;0;0;0;0;0;0;0;0;1;0;0;0;0;0;0;0;0;0;0;0;0;0;0;0;0;0;0;0;0
110006;Minervino Murge;3;0;0;0;0;0;0;0;0;0;2;2;1;0;2;2;0;0;1;0;2;1;0;1;0;0;3;0;2;0;3;0;0;2;3;0;0;4;0;1;1;4;1;2;1;1;1;2;0;0;0;0;0;0;0;1;1;1;0;2;0;0;0;0;0;0;0;0;0;0;0;0;0;1;0;0;0;0;0;0;0;0;0;0;0;0;0;0;0;0;0;0;0;0;0;0;0;0;0;0;0
110007;San Ferdinando di Puglia;6;5;12;9;6;5;7;6;9;8;11;6;5;5;5;4;5;0;5;7;5;6;12;9;6;5;12;8;11;18;11;12;10;14;18;15;16;14;7;12;6;7;13;8;6;8;6;4;4;5;4;5;2;7;1;5;4;3;2;3;6;3;2;2;0;0;0;1;0;2;0;0;1;0;0;0;1;0;0;0;0;0;0;0;0;0;0;0;0;0;0;0;0;0;0;0;0;0;0;0;0
110008;Spinazzola;2;0;0;1;0;3;1;3;0;2;1;1;2;0;0;3;1;1;3;14;7;9;5;3;5;6;1;5;3;2;2;0;4;2;4;3;2;1;5;1;4;2;0;3;1;0;3;3;2;3;2;0;1;0;1;0;2;1;3;0;0;0;0;0;0;0;0;0;0;0;0;0;0;0;0;0;0;0;0;0;0;0;0;0;0;0;0;0;0;0;0;0;0;0;0;0;0;0;0;0;0
110009;Trani;5;10;8;9;13;12;19;10;10;15;12;14;7;18;6;5;7;7;19;16;12;12;15;11;8;16;16;9;20;25;16;22;15;27;28;21;26;24;12;21;24;29;25;24;16;20;16;18;21;22;17;16;13;18;16;10;14;7;7;5;8;6;4;2;6;1;2;9;3;3;2;1;0;1;3;4;1;0;1;0;1;1;0;0;1;2;0;1;0;0;0;0;0;0;0;0;0;0;0;0;0
110010;Trinitapoli;6;2;5;3;9;4;1;6;3;5;4;2;3;4;7;2;2;1;5;2;5;4;5;4;3;2;8;3;3;8;5;7;7;8;3;9;3;11;4;5;7;6;2;4;4;5;4;5;2;3;3;2;0;5;3;5;1;0;4;1;4;2;1;0;1;0;0;0;0;0;0;0;0;0;0;0;0;0;0;0;0;0;0;0;0;0;0;0;0;0;0;0;0;0;0;0;0;0;0;0;0
;Totale;55;48;54;63;64;68;59;58;61;70;57;54;47;56;49;49;37;36;108;127;102;92;92;79;78;116;106;95;124;127;118;144;116;119;137;118;111;118;129;113;102;119;98;100;77;81;106;95;73;81;68;52;53;66;50;46;54;41;26;30;35;22;19;11;10;6;9;17;5;10;4;1;6;3;3;6;2;3;1;2;3;1;1;1;1;2;0;1;0;0;1;0;0;0;0;0;0;0;0;0;0
Territorio/Età;;0;1;2;3;4;5;6;7;8;9;10;11;12;13;14;15;16;17;18;19;20;21;22;23;24;25;26;27;28;29;30;31;32;33;34;35;36;37;38;39;40;41;42;43;44;45;46;47;48;49;50;51;52;53;54;55;56;57;58;59;60;61;62;63;64;65;66;67;68;69;70;71;72;73;74;75;76;77;78;79;80;81;82;83;84;85;86;87;88;89;90;91;92;93;94;95;96;97;98;99;100
Codice comune;Comune;Femmine
110001;Andria;8;12;7;6;8;9;11;5;7;11;12;10;8;4;10;8;3;8;4;5;5;15;6;10;15;12;18;14;15;21;19;35;22;24;16;18;23;18;25;14;33;17;28;40;21;19;17;24;24;23;17;16;12;15;12;12;14;6;8;8;7;14;5;1;2;2;2;2;2;2;0;2;1;1;2;0;0;0;0;0;0;0;0;0;0;0;1;0;0;1;0;0;0;0;1;0;0;0;0;0;0
110002;Barletta;12;14;16;9;16;16;18;13;7;12;15;8;7;8;9;9;9;9;9;10;10;10;8;11;12;14;15;25;19;33;35;23;26;28;25;41;33;32;39;27;34;40;39;30;24;22;21;24;22;25;24;19;11;13;13;16;24;13;15;19;10;7;4;4;5;4;2;2;3;4;3;2;2;0;0;0;2;0;0;0;0;1;1;0;0;0;0;0;1;0;0;0;0;0;0;0;0;0;0;1;0
110003;Bisceglie;3;7;4;2;6;8;3;6;7;13;3;4;6;3;3;2;3;6;3;4;5;3;7;9;6;7;11;8;13;13;12;12;6;17;13;18;19;22;17;9;20;20;14;14;10;18;17;17;17;9;17;5;12;6;9;10;10;10;9;9;10;6;6;6;4;2;3;3;1;2;1;0;2;0;1;1;1;0;1;1;1;1;0;0;1;0;0;0;0;0;0;0;0;0;1;0;0;0;0;0;0
110004;Canosa di Puglia;8;4;5;6;6;3;7;5;5;3;8;10;4;0;8;9;2;4;4;7;8;3;9;5;7;5;5;11;9;12;16;19;21;13;14;10;11;16;19;12;18;15;12;12;13;10;9;15;18;12;13;5;10;8;5;2;8;3;2;8;6;5;5;5;2;2;2;3;0;2;2;2;0;1;0;0;0;0;1;1;0;0;0;0;0;0;0;1;0;0;0;0;0;0;1;0;0;0;0;0;0
110005;Margherita di Savoia;0;0;0;1;1;2;1;2;0;2;2;0;0;0;1;1;1;0;1;0;1;2;0;1;1;4;1;2;2;1;4;1;5;1;5;3;3;5;5;3;3;2;6;6;3;4;4;6;4;2;3;4;3;3;1;2;3;2;1;2;2;2;1;1;0;0;1;0;2;0;0;0;0;0;2;1;0;0;0;1;0;1;0;0;0;0;0;1;0;1;0;0;0;0;0;0;0;0;0;0;0
110006;Minervino Murge;0;1;1;0;2;0;0;1;0;0;1;2;1;1;1;2;1;1;1;1;0;0;0;2;0;1;1;2;1;5;0;1;1;5;4;4;1;3;2;2;4;3;0;2;2;2;2;1;0;2;0;2;2;2;0;1;2;1;1;0;0;0;1;0;2;0;0;0;0;0;0;0;1;0;0;0;0;0;0;0;0;0;0;0;0;0;0;0;0;0;0;0;0;0;0;0;0;0;0;0;0
110007;San Ferdinando di Puglia;7;9;6;5;5;8;5;4;5;7;7;3;5;4;3;1;7;7;12;8;12;7;11;10;13;8;10;14;19;14;14;12;10;10;11;11;8;6;10;15;6;17;7;13;7;7;4;9;8;8;4;2;6;8;0;3;1;4;4;4;4;6;4;2;1;0;1;2;0;0;0;0;0;0;0;0;1;0;0;0;0;0;0;1;0;1;1;0;0;0;0;0;0;0;0;0;0;0;0;0;0
110008;Spinazzola;0;1;0;0;1;2;1;0;1;0;0;2;3;2;0;2;0;3;0;3;1;1;3;0;2;0;1;1;0;2;5;6;2;3;2;5;2;2;1;2;1;4;3;3;4;2;2;4;3;1;5;4;4;1;1;2;1;2;2;1;3;1;0;2;0;0;0;0;0;1;1;0;0;0;0;0;0;0;0;1;0;0;0;0;0;0;0;0;0;0;0;0;0;0;0;0;0;0;0;0;0
110009;Trani;16;16;12;10;8;10;8;10;11;10;13;12;9;10;9;12;9;16;12;16;5;9;7;13;11;8;16;14;14;22;25;20;28;28;25;24;27;24;27;19;17;17;17;18;30;25;20;20;17;20;14;17;16;19;22;13;17;11;14;9;10;8;9;8;6;8;5;2;4;3;7;3;2;5;3;1;0;3;4;0;1;1;0;0;0;0;0;0;0;1;0;0;1;0;0;0;0;0;1;0;0
110010;Trinitapoli;4;1;4;8;6;0;5;5;4;2;6;7;0;3;3;4;5;1;6;1;7;2;6;3;5;9;5;6;5;12;7;6;11;4;10;9;10;10;7;7;3;7;6;5;1;6;5;13;10;7;3;6;2;8;2;3;2;3;1;3;3;4;0;0;2;1;0;0;0;0;0;0;0;0;0;0;0;0;0;0;0;0;0;0;0;0;0;0;0;0;0;0;0;0;0;0;0;0;0;0;0
;Totale;58;65;55;47;59;58;59;51;47;60;67;58;43;35;47;50;40;55;52;55;54;52;57;64;72;68;83;97;97;135;137;135;132;133;125;143;137;138;152;110;139;142;132;143;115;115;101;133;123;109;100;80;78;83;65;64;82;55;57;63;55;53;35;29;24;19;16;14;12;14;14;9;8;7;8;3;4;3;6;4;2;4;1;1;1;1;2;2;1;3;0;0;1;0;3;0;0;0;1;1;0

"Ricostruzione della popolazione intercensuaria - Popolazione al 1° gennaio per età"
"Cittadinanza straniera - Anno: 2019 - Provincia: Barletta-Andria-Trani"
Territorio/Età;;0;1;2;3;4;5;6;7;8;9;10;11;12;13;14;15;16;17;18;19;20;21;22;23;24;25;26;27;28;29;30;31;32;33;34;35;36;37;38;39;40;41;42;43;44;45;46;47;48;49;50;51;52;53;54;55;56;57;58;59;60;61;62;63;64;65;66;67;68;69;70;71;72;73;74;75;76;77;78;79;80;81;82;83;84;85;86;87;88;89;90;91;92;93;94;95;96;97;98;99;100
Codice comune;Comune;Totale
110001;Andria;17;16;23;15;15;18;27;17;17;16;19;20;11;15;13;12;16;13;14;31;26;23;34;21;28;37;32;36;34;51;48;46;70;36;44;48;53;46;37;53;43;60;36;47;56;43;33;29;36;41;39;25;22;18;21;20;17;22;12;8;13;9;15;5;3;3;2;3;2;3;4;0;2;1;1;2;0;0;0;0;1;0;0;1;1;0;0;1;0;0;1;0;0;0;0;1;0;0;0;0;0
110002;Barletta;28;31;31;25;26;24;30;25;29;23;25;26;17;17;21;17;20;15;20;29;32;36;36;29;31;29;42;41;47;51;58;64;48;63;45;51;60;51;55;69;49;54;63;47;49;35;35;56;40;35;45;42;33;24;22;20;21;33;24;19;23;13;12;11;5;6;6;4;3;2;4;4;2;3;0;0;1;1;1;0;0;0;1;1;0;0;0;0;0;1;0;0;0;0;0;0;0;0;0;0;1
110003;Bisceglie;8;8;10;11;13;12;19;8;9;11;15;6;11;11;7;8;8;5;12;25;35;38;27;25;31;34;39;32;39;35;38;33;38;28;38;30;26;28;32;38;22;24;30;29;27;18;23;31;32;24;20;22;11;16;14;11;15;14;15;11;12;8;10;9;8;5;3;6;3;1;4;2;0;3;1;1;1;1;1;1;2;2;1;1;0;1;0;0;0;0;0;0;0;0;0;0;0;0;0;0;0
110004;Canosa di Puglia;16;19;11;11;17;15;9;13;7;14;14;15;18;11;10;19;17;11;10;20;26;25;19;32;18;21;24;22;19;24;22;29;30;36;31;29;20;16;26;32;28;29;26;20;25;23;21;22;23;26;15;21;8;16;16;8;7;14;9;3;9;12;5;6;6;3;4;3;7;0;4;2;0;1;1;1;0;0;1;1;1;0;0;0;0;0;0;0;1;0;0;1;0;0;0;1;0;0;0;0;0
110005;Margherita di Savoia;0;2;0;1;1;2;3;2;4;0;4;3;2;0;1;2;2;1;0;2;3;3;3;4;1;3;8;3;4;3;5;5;1;6;2;6;3;5;6;7;4;5;6;6;5;3;4;5;8;4;6;4;4;6;5;1;3;4;4;2;3;4;4;2;1;0;1;1;0;2;0;0;0;0;0;2;1;0;0;0;1;1;1;0;0;0;0;0;1;0;1;0;0;0;0;0;0;0;0;0;0
110006;Minervino Murge;1;3;1;1;0;2;1;1;1;1;1;3;2;2;0;2;2;1;0;2;3;2;2;2;2;2;2;4;2;3;3;2;1;1;5;7;4;2;6;2;3;3;6;1;4;2;2;3;1;1;2;2;1;1;2;0;2;1;2;2;2;0;0;1;0;2;0;0;0;0;0;0;0;1;1;0;0;0;0;0;0;0;0;0;0;0;0;0;0;0;0;0;0;0;0;0;0;0;0;0;0
110007;San Ferdinando di Puglia;15;17;16;17;14;13;14;12;11;14;14;17;8;10;9;8;5;12;6;15;16;17;15;27;22;24;15;22;23;31;33;25;26;20;26;29;26;25;20;18;28;12;24;20;21;14;17;11;14;13;12;7;7;7;15;1;7;6;6;6;7;10;8;6;5;1;0;0;3;0;2;0;0;1;0;0;0;2;0;0;0;1;0;0;1;1;1;1;0;0;0;0;0;0;0;0;0;0;0;0;0
110008;Spinazzola;1;2;2;1;2;1;6;3;3;1;2;1;3;5;2;0;5;1;4;3;9;1;7;6;4;4;4;5;6;4;4;6;7;3;6;6;9;5;4;6;3;6;5;2;6;5;4;5;8;5;4;5;5;4;1;2;0;3;4;5;1;3;1;0;1;0;0;0;0;0;0;1;0;0;0;0;0;0;0;0;1;0;0;0;0;0;0;0;0;0;0;0;0;0;0;0;0;0;0;0;0
110009;Trani;28;23;24;21;16;22;21;27;21;22;26;22;23;17;28;14;18;16;21;25;33;18;22;21;28;16;25;39;25;32;50;36;40;44;53;50;40;48;40;35;41;36;42;39;39;38;39;33;38;42;40;33;29;27;36;34;25;31;20;19;14;16;15;13;8;11;9;5;10;8;8;8;3;2;6;6;5;1;2;5;0;2;1;0;0;1;2;0;1;0;1;0;0;1;0;0;0;0;0;1;0
110010;Trinitapoli;8;11;2;7;8;10;4;6;8;7;6;9;8;4;8;9;6;7;3;11;3;12;7;10;5;10;8;12;6;6;19;11;12;16;12;12;17;11;19;10;12;12;15;11;10;7;7;10;17;12;10;8;7;2;10;5;8;3;3;5;4;7;6;1;0;3;1;0;0;0;0;0;0;0;0;0;0;0;0;0;0;0;0;0;0;0;0;0;0;0;0;0;0;0;0;0;0;0;0;0;0
;Totale;122;132;120;110;112;119;134;114;110;109;126;122;103;92;99;91;99;82;90;163;186;175;172;177;170;180;199;216;205;240;280;257;273;253;262;268;258;237;245;270;233;241;253;222;242;188;185;205;217;203;193;169;127;121;142;102;105;131;99;80;88;82;76;54;37;34;26;22;28;16;26;17;7;12;10;12;8;5;5;7;6;6;4;3;2;3;3;2;3;1;3;1;0;1;0;2;0;0;0;1;1
Territorio/Età;;0;1;2;3;4;5;6;7;8;9;10;11;12;13;14;15;16;17;18;19;20;21;22;23;24;25;26;27;28;29;30;31;32;33;34;35;36;37;38;39;40;41;42;43;44;45;46;47;48;49;50;51;52;53;54;55;56;57;58;59;60;61;62;63;64;65;66;67;68;69;70;71;72;73;74;75;76;77;78;79;80;81;82;83;84;85;86;87;88;89;90;91;92;93;94;95;96;97;98;99;100
Codice comune;Comune;Maschi
110001;Andria;6;6;10;9;10;9;14;7;12;11;7;8;2;6;9;5;9;9;7;24;19;17;19;15;19;23;19;16;21;35;23;25;40;14;21;32;35;26;21;26;25;26;17;21;19;23;16;12;11;15;16;8;7;6;8;10;6;9;6;3;3;3;1;1;2;1;0;1;0;1;2;0;0;0;0;0;0;0;0;0;1;0;0;0;1;0;0;0;0;0;0;0;0;0;0;0;0;0;0;0;0
110002;Barletta;17;18;15;9;17;12;12;8;16;16;11;9;9;11;13;9;11;6;12;18;23;23;19;17;15;15;20;22;21;28;25;36;24;38;19;29;25;24;23;31;25;23;26;13;20;13;13;34;20;15;21;18;15;14;13;9;7;10;10;5;6;4;5;5;1;0;3;2;2;0;0;1;0;1;0;0;1;0;1;0;0;0;0;0;0;0;0;0;0;0;0;0;0;0;0;0;0;0;0;0;0
110003;Bisceglie;3;5;3;5;8;7;10;6;3;6;4;1;7;7;2;5;6;1;6;21;31;32;22;19;20;26;35;22;30;22;24;18;28;19;22;14;12;12;12;25;13;6;14;12;13;8;5;13;16;8;11;7;7;5;9;3;5;3;5;2;5;2;4;3;2;1;1;3;0;0;2;1;0;2;1;0;0;0;1;0;1;1;0;1;0;0;0;0;0;0;0;0;0;0;0;0;0;0;0;0;0
110004;Canosa di Puglia;6;12;5;6;11;9;6;6;2;8;11;8;8;8;9;9;8;8;7;15;19;16;14;21;12;13;17;16;8;14;11;14;11;17;15;11;9;5;9;18;14;10;10;10;13;11;10;12;7;9;3;7;3;8;6;3;5;7;6;1;2;6;0;2;1;1;2;1;4;0;1;0;0;1;0;0;0;0;1;0;0;0;0;0;0;0;0;0;0;0;0;1;0;0;0;0;0;0;0;0;0
110005;Margherita di Savoia;0;2;0;1;0;1;1;1;2;0;2;1;2;0;1;1;1;0;0;1;3;2;2;3;0;2;5;2;2;1;2;1;0;1;1;2;0;2;1;2;1;3;3;1;0;2;1;2;2;0;3;1;0;3;2;0;1;1;2;0;1;2;1;1;0;0;0;0;0;0;0;0;0;0;0;0;0;0;0;0;0;1;0;0;0;0;0;0;0;0;0;0;0;0;0;0;0;0;0;0;0
110006;Minervino Murge;0;3;0;0;0;0;0;1;0;0;1;2;2;1;0;1;1;0;0;1;2;1;2;2;0;1;1;2;0;1;0;2;0;0;1;3;1;1;3;0;1;0;3;1;2;0;1;1;1;1;0;2;0;0;0;0;1;1;1;0;2;0;0;0;0;0;0;0;0;0;0;0;0;0;1;0;0;0;0;0;0;0;0;0;0;0;0;0;0;0;0;0;0;0;0;0;0;0;0;0;0
110007;San Ferdinando di Puglia;8;9;6;10;10;6;6;7;5;9;8;10;5;5;5;5;4;5;0;5;6;5;8;13;11;10;8;14;9;12;20;12;14;10;15;19;14;16;15;8;13;6;7;13;8;6;9;7;5;4;4;4;4;1;7;1;4;4;3;2;3;6;3;2;3;0;0;0;1;0;2;0;0;1;0;0;0;1;0;0;0;0;0;0;0;0;0;0;0;0;0;0;0;0;0;0;0;0;0;0;0
110008;Spinazzola;1;2;1;1;1;0;3;2;3;0;2;1;1;2;0;0;3;1;2;2;7;0;6;5;3;3;4;3;5;3;1;2;1;2;3;4;2;3;2;5;1;4;2;0;3;1;0;3;3;2;3;0;0;1;0;1;0;2;1;2;0;0;0;0;0;0;0;0;0;0;0;0;0;0;0;0;0;0;0;0;0;0;0;0;0;0;0;0;0;0;0;0;0;0;0;0;0;0;0;0;0
110009;Trani;16;8;8;8;8;12;13;18;10;10;15;12;13;7;17;7;6;7;6;14;17;13;12;14;12;6;18;18;8;20;27;13;22;19;25;25;19;24;20;12;23;23;25;22;22;13;17;15;18;23;20;19;15;11;18;15;11;14;7;7;5;8;5;4;2;6;1;2;8;4;4;2;1;0;1;3;4;1;0;1;0;1;0;0;0;1;2;0;1;0;0;0;0;0;0;0;0;0;0;0;0
110010;Trinitapoli;4;7;1;3;3;6;4;1;4;3;4;4;2;4;5;6;2;2;2;5;2;6;4;5;3;4;2;7;2;3;8;5;6;5;8;3;9;3;11;3;6;7;6;5;3;4;4;4;6;3;3;3;1;0;4;3;5;1;0;4;1;4;2;1;0;1;0;0;0;0;0;0;0;0;0;0;0;0;0;0;0;0;0;0;0;0;0;0;0;0;0;0;0;0;0;0;0;0;0;0;0
;Totale;61;72;49;52;68;62;69;57;57;63;65;56;51;51;61;48;51;39;42;106;129;115;108;114;95;103;129;122;106;139;141;128;146;125;130;142;126;116;117;130;122;108;113;98;103;81;76;103;89;80;84;69;52;49;67;45;45;52;41;26;28;35;21;19;11;10;7;9;15;5;11;4;1;5;3;3;5;2;3;1;2;3;0;1;1;1;2;0;1;0;0;1;0;0;0;0;0;0;0;0;0
Territorio/Età;;0;1;2;3;4;5;6;7;8;9;10;11;12;13;14;15;16;17;18;19;20;21;22;23;24;25;26;27;28;29;30;31;32;33;34;35;36;37;38;39;40;41;42;43;44;45;46;47;48;49;50;51;52;53;54;55;56;57;58;59;60;61;62;63;64;65;66;67;68;69;70;71;72;73;74;75;76;77;78;79;80;81;82;83;84;85;86;87;88;89;90;91;92;93;94;95;96;97;98;99;100
Codice comune;Comune;Femmine
110001;Andria;11;10;13;6;5;9;13;10;5;5;12;12;9;9;4;7;7;4;7;7;7;6;15;6;9;14;13;20;13;16;25;21;30;22;23;16;18;20;16;27;18;34;19;26;37;20;17;17;25;26;23;17;15;12;13;10;11;13;6;5;10;6;14;4;1;2;2;2;2;2;2;0;2;1;1;2;0;0;0;0;0;0;0;1;0;0;0;1;0;0;1;0;0;0;0;1;0;0;0;0;0
110002;Barletta;11;13;16;16;9;12;18;17;13;7;14;17;8;6;8;8;9;9;8;11;9;13;17;12;16;14;22;19;26;23;33;28;24;25;26;22;35;27;32;38;24;31;37;34;29;22;22;22;20;20;24;24;18;10;9;11;14;23;14;14;17;9;7;6;4;6;3;2;1;2;4;3;2;2;0;0;0;1;0;0;0;0;1;1;0;0;0;0;0;1;0;0;0;0;0;0;0;0;0;0;1
110003;Bisceglie;5;3;7;6;5;5;9;2;6;5;11;5;4;4;5;3;2;4;6;4;4;6;5;6;11;8;4;10;9;13;14;15;10;9;16;16;14;16;20;13;9;18;16;17;14;10;18;18;16;16;9;15;4;11;5;8;10;11;10;9;7;6;6;6;6;4;2;3;3;1;2;1;0;1;0;1;1;1;0;1;1;1;1;0;0;1;0;0;0;0;0;0;0;0;0;0;0;0;0;0;0
110004;Canosa di Puglia;10;7;6;5;6;6;3;7;5;6;3;7;10;3;1;10;9;3;3;5;7;9;5;11;6;8;7;6;11;10;11;15;19;19;16;18;11;11;17;14;14;19;16;10;12;12;11;10;16;17;12;14;5;8;10;5;2;7;3;2;7;6;5;4;5;2;2;2;3;0;3;2;0;0;1;1;0;0;0;1;1;0;0;0;0;0;0;0;1;0;0;0;0;0;0;1;0;0;0;0;0
110005;Margherita di Savoia;0;0;0;0;1;1;2;1;2;0;2;2;0;0;0;1;1;1;0;1;0;1;1;1;1;1;3;1;2;2;3;4;1;5;1;4;3;3;5;5;3;2;3;5;5;1;3;3;6;4;3;3;4;3;3;1;2;3;2;2;2;2;3;1;1;0;1;1;0;2;0;0;0;0;0;2;1;0;0;0;1;0;1;0;0;0;0;0;1;0;1;0;0;0;0;0;0;0;0;0;0
110006;Minervino Murge;1;0;1;1;0;2;1;0;1;1;0;1;0;1;0;1;1;1;0;1;1;1;0;0;2;1;1;2;2;2;3;0;1;1;4;4;3;1;3;2;2;3;3;0;2;2;1;2;0;0;2;0;1;1;2;0;1;0;1;2;0;0;0;1;0;2;0;0;0;0;0;0;0;1;0;0;0;0;0;0;0;0;0;0;0;0;0;0;0;0;0;0;0;0;0;0;0;0;0;0;0
110007;San Ferdinando di Puglia;7;8;10;7;4;7;8;5;6;5;6;7;3;5;4;3;1;7;6;10;10;12;7;14;11;14;7;8;14;19;13;13;12;10;11;10;12;9;5;10;15;6;17;7;13;8;8;4;9;9;8;3;3;6;8;0;3;2;3;4;4;4;5;4;2;1;0;0;2;0;0;0;0;0;0;0;0;1;0;0;0;1;0;0;1;1;1;1;0;0;0;0;0;0;0;0;0;0;0;0;0
110008;Spinazzola;0;0;1;0;1;1;3;1;0;1;0;0;2;3;2;0;2;0;2;1;2;1;1;1;1;1;0;2;1;1;3;4;6;1;3;2;7;2;2;1;2;2;3;2;3;4;4;2;5;3;1;5;5;3;1;1;0;1;3;3;1;3;1;0;1;0;0;0;0;0;0;1;0;0;0;0;0;0;0;0;1;0;0;0;0;0;0;0;0;0;0;0;0;0;0;0;0;0;0;0;0
110009;Trani;12;15;16;13;8;10;8;9;11;12;11;10;10;10;11;7;12;9;15;11;16;5;10;7;16;10;7;21;17;12;23;23;18;25;28;25;21;24;20;23;18;13;17;17;17;25;22;18;20;19;20;14;14;16;18;19;14;17;13;12;9;8;10;9;6;5;8;3;2;4;4;6;2;2;5;3;1;0;2;4;0;1;1;0;0;0;0;0;0;0;1;0;0;1;0;0;0;0;0;1;0
110010;Trinitapoli;4;4;1;4;5;4;0;5;4;4;2;5;6;0;3;3;4;5;1;6;1;6;3;5;2;6;6;5;4;3;11;6;6;11;4;9;8;8;8;7;6;5;9;6;7;3;3;6;11;9;7;5;6;2;6;2;3;2;3;1;3;3;4;0;0;2;1;0;0;0;0;0;0;0;0;0;0;0;0;0;0;0;0;0;0;0;0;0;0;0;0;0;0;0;0;0;0;0;0;0;0
;Totale;61;60;71;58;44;57;65;57;53;46;61;66;52;41;38;43;48;43;48;57;57;60;64;63;75;77;70;94;99;101;139;129;127;128;132;126;132;121;128;140;111;133;140;124;139;107;109;102;128;123;109;100;75;72;75;57;60;79;58;54;60;47;55;35;26;24;19;13;13;11;15;13;6;7;7;9;3;3;2;6;4;3;4;2;1;2;1;2;2;1;3;0;0;1;0;2;0;0;0;1;1
