"Popolazione per età, vista per territorio - Comuni della Provincia di Cagliari"

"Ricostruzione della popolazione intercensuaria - Popolazione al 1° gennaio per età"
"Tutte le cittadinanze - Anno: 2002 - Provincia: Cagliari"
Territorio/Età;;0;1;2;3;4;5;6;7;8;9;10;11;12;13;14;15;16;17;18;19;20;21;22;23;24;25;26;27;28;29;30;31;32;33;34;35;36;37;38;39;40;41;42;43;44;45;46;47;48;49;50;51;52;53;54;55;56;57;58;59;60;61;62;63;64;65;66;67;68;69;70;71;72;73;74;75;76;77;78;79;80;81;82;83;84;85;86;87;88;89;90;91;92;93;94;95;96;97;98;99;100
Codice comune;Comune;Totale
092003;Assemini;251;249;251;238;227;230;262;248;217;245;268;284;278;300;290;279;289;304;303;334;321;377;366;390;383;401;401;411;453;427;485;403;453;513;452;514;516;514;496;462;432;439;383;393;389;398;372;356;345;341;364;313;305;296;253;278;233;250;215;252;243;232;220;186;206;187;140;151;171;124;149;138;120;126;107;98;77;84;65;77;63;65;32;37;24;21;35;26;14;21;20;13;8;13;2;3;1;3;1;0;0
092009;Cagliari;1052;948;1074;985;985;1036;1090;1103;1179;1126;1274;1332;1305;1370;1289;1456;1520;1535;1661;1805;1871;1969;2001;2225;2310;2536;2736;2952;2937;2876;2959;2726;2762;2646;2582;2619;2647;2657;2548;2419;2488;2429;2376;2326;2360;2399;2286;2368;2206;2363;2263;2393;2265;2365;2422;2187;2234;2023;2107;2270;2261;2369;2199;2021;1913;1942;1870;1877;1877;1731;1691;1800;1546;1571;1408;1487;1273;1361;1172;1151;1010;930;715;505;486;505;573;451;401;334;281;222;146;136;80;63;42;23;21;21;21
092011;Capoterra;220;236;225;225;230;205;217;240;229;248;243;253;247;274;271;246;258;263;281;312;291;291;301;313;323;327;336;356;416;430;402;417;434;392;424;431;443;433;419;410;389;332;372;323;345;314;341;312;305;303;280;298;263;282;282;274;269;237;213;221;219;205;205;173;147;168;136;130;146;114;135;123;112;117;89;68;68;68;55;49;58;48;45;26;33;27;19;13;31;22;16;16;9;7;4;3;3;1;0;3;2
092015;Decimomannu;64;64;64;56;52;72;73;60;63;68;72;88;74;72;77;92;83;98;80;86;87;104;89;101;96;122;137;132;122;135;135;117;123;113;137;137;135;128;130;116;115;113;111;97;83;102;107;84;84;96;90;83;87;97;82;92;84;57;92;84;84;78;59;72;57;67;41;64;44;52;47;39;27;62;25;32;28;25;27;26;22;24;14;11;13;13;16;9;7;9;4;6;4;6;2;1;1;2;0;0;0
092037;Maracalagonis;73;79;64;65;61;63;65;80;60;71;75;77;72;94;99;76;90;78;112;101;118;107;98;102;124;107;130;126;138;131;117;142;118;141;143;117;126;128;119;96;115;85;87;82;88;103;75;113;88;70;87;79;84;82;85;75;80;74;61;96;69;90;64;55;52;74;61;51;54;34;41;41;37;37;29;33;40;27;29;17;26;27;16;12;7;9;8;11;3;9;5;1;7;5;1;0;1;0;0;0;0
092050;Pula;58;60;51;45;59;46;58;58;50;72;62;71;61;74;74;62;77;92;85;85;93;99;87;121;117;100;115;117;107;81;99;106;127;97;126;108;129;106;105;112;106;85;93;98;100;95;93;98;103;99;98;89;99;116;92;98;101;81;80;79;77;87;67;66;64;62;53;55;52;54;44;43;46;39;44;41;22;33;19;18;31;22;14;11;11;18;14;13;8;7;9;8;1;2;1;2;1;2;0;0;0
092051;Quartu Sant'Elena;678;676;651;647;580;708;618;696;724;749;794;803;807;817;750;741;819;808;882;987;897;939;911;973;973;1112;1140;1220;1233;1246;1249;1185;1286;1177;1255;1332;1354;1302;1325;1303;1276;1179;1197;1129;1116;1104;1094;1071;1040;974;938;974;933;978;922;895;827;744;703;718;662;739;661;607;548;547;455;497;481;403;373;406;390;339;306;287;239;282;200;227;200;177;135;100;103;93;98;100;82;68;54;44;32;26;27;12;8;6;4;1;4
092066;Sarroch;39;37;31;30;23;37;45;38;43;59;60;53;52;51;46;65;71;68;75;86;97;95;73;90;97;97;101;101;94;78;101;71;95;88;67;76;98;85;87;72;106;66;84;76;71;82;90;73;87;79;83;76;73;66;67;67;56;63;61;67;63;74;57;52;45;57;47;46;46;37;49;47;39;39;23;26;14;17;18;23;20;23;12;13;9;12;18;9;11;7;6;8;3;2;4;0;3;0;1;1;2
092068;Selargius;272;270;285;239;258;246;276;274;276;316;294;349;315;322;281;329;363;372;370;369;440;420;420;393;459;432;490;510;475;455;520;462;486;471;504;512;532;565;457;470;461;474;482;453;441;471;436;504;437;432;425;423;409;395;359;357;360;266;296;319;284;275;234;239;218;199;181;171;181;171;182;167;140;128;109;108;93;113;87;80;74;91;57;37;26;47;39;37;36;21;20;18;9;8;7;4;0;3;1;1;3
092074;Sestu;187;198;175;189;162;154;151;166;172;176;175;179;189;179;180;188;189;199;187;201;208;238;204;231;207;236;261;309;301;301;335;308;338;336;349;347;305;316;328;288;274;246;226;207;230;208;193;194;180;185;173;155;178;167;160;149;145;142;143;158;160;172;136;133;106;125;99;115;107;89;97;81;85;62;76;67;60;66;43;39;45;38;19;27;22;20;26;20;9;16;11;12;5;3;8;0;1;2;1;0;1
092075;Settimo San Pietro;45;53;51;48;65;47;50;63;69;59;65;78;74;75;64;79;93;79;90;101;122;106;98;91;110;105;105;107;102;105;87;115;83;106;116;99;101;99;101;90;111;111;85;89;73;106;95;101;85;76;101;102;84;71;72;69;70;54;61;67;60;69;58;46;45;46;42;30;50;34;29;30;40;27;23;33;26;26;16;21;17;12;22;7;7;12;8;6;5;5;7;5;2;4;2;1;0;0;1;0;1
092080;Sinnai;159;179;147;147;135;149;172;167;197;173;161;174;177;194;170;192;208;206;233;220;252;216;213;226;235;259;283;275;251;287;297;293;268;271;287;302;274;269;290;284;235;249;259;248;220;216;205;194;217;187;194;183;206;189;187;165;174;148;127;171;159;156;139;123;127;122;106;100;98;90;98;101;90;100;84;66;62;51;64;51;51;53;47;24;24;25;21;24;19;23;19;18;6;11;7;5;2;2;2;0;2
092090;Uta;63;61;67;68;53;61;79;74;101;63;96;88;92;74;82;101;89;95;102;128;110;112;95;99;93;94;90;90;105;99;117;115;111;124;130;120;128;133;124;120;131;90;111;116;94;95;80;86;83;83;74;87;78;77;89;71;71;63;67;71;82;73;69;58;64;51;54;58;59;46;39;48;43;42;25;30;25;26;23;14;27;27;24;6;13;12;11;13;11;14;11;4;3;3;1;2;1;0;0;2;0
092099;Villa San Pietro;14;12;14;20;15;24;17;14;15;14;13;24;19;18;26;21;28;20;25;24;35;27;24;29;42;36;44;33;29;25;37;37;38;24;32;27;27;19;15;21;26;18;33;20;25;33;28;31;23;27;34;37;18;35;26;27;23;24;33;27;20;16;21;17;5;14;3;13;9;15;16;8;9;10;9;9;5;7;4;7;6;1;3;4;2;3;3;0;2;0;2;1;0;0;0;0;0;0;0;0;0
092105;Quartucciu;103;94;106;97;90;91;107;124;104;114;105;127;132;120;99;121;130;135;130;136;160;143;172;152;157;172;187;193;236;215;187;168;202;177;193;231;244;217;211;195;214;175;153;189;164;156;141;156;134;148;133;144;148;135;120;149;115;81;93;106;119;119;108;96;89;97;92;85;80;81;81;74;60;76;60;71;46;47;49;42;33;48;28;21;34;17;21;22;11;11;11;15;9;4;3;3;1;1;2;1;1
092108;Elmas;64;67;59;65;80;67;68;70;93;90;92;82;89;88;102;106;92;97;101;108;117;112;104;135;125;123;128;129;132;148;140;118;116;157;116;137;133;136;152;144;149;154;151;138;127;117;140;131;147;106;127;120;88;121;115;93;81;69;90;72;82;83;79;59;66;65;64;59;54;55;60;46;59;56;41;44;34;40;24;43;18;37;19;7;15;11;13;16;8;10;5;4;3;3;1;0;2;0;1;2;1
092109;Monserrato;127;150;154;161;163;161;186;188;141;194;237;241;227;231;242;261;257;259;286;279;339;297;282;295;373;353;366;361;357;330;357;295;323;341;302;338;367;383;358;333;332;374;350;331;360;331;332;380;305;314;320;283;326;274;252;256;267;194;219;242;187;263;250;204;194;205;188;172;170;188;156;152;125;145;112;121;95;87;102;90;94;102;55;49;44;44;47;46;31;26;22;17;11;14;9;6;6;0;1;2;3
;Totale;3469;3433;3469;3325;3238;3397;3534;3663;3733;3837;4086;4303;4210;4353;4142;4415;4656;4708;5003;5362;5558;5652;5538;5966;6224;6612;7050;7422;7488;7369;7624;7078;7363;7174;7215;7447;7559;7490;7265;6935;6960;6619;6553;6315;6286;6330;6108;6252;5869;5883;5784;5839;5644;5746;5585;5302;5190;4570;4661;5020;4831;5100;4626;4207;3946;4028;3632;3674;3679;3318;3287;3344;2968;2976;2570;2621;2207;2360;1997;1975;1795;1725;1257;897;873;889;970;816;689;603;503;412;258;247;159;105;73;45;36;34;41
Territorio/Età;;0;1;2;3;4;5;6;7;8;9;10;11;12;13;14;15;16;17;18;19;20;21;22;23;24;25;26;27;28;29;30;31;32;33;34;35;36;37;38;39;40;41;42;43;44;45;46;47;48;49;50;51;52;53;54;55;56;57;58;59;60;61;62;63;64;65;66;67;68;69;70;71;72;73;74;75;76;77;78;79;80;81;82;83;84;85;86;87;88;89;90;91;92;93;94;95;96;97;98;99;100
Codice comune;Comune;Maschi
092003;Assemini;120;127;128;101;120;117;142;143;102;117;134;148;143;168;144;149;157;156;142;160;172;202;204;215;180;211;171;215;197;209;230;201;204;266;216;266;262;249;261;221;212;217;202;190;197;199;168;171;151;164;189;159;147;140;129;152;109;140;109;118;119;119;125;88;98;104;68;68;78;58;67;72;60;55;49;48;34;32;25;31;29;31;14;16;9;7;16;11;1;7;11;6;2;5;1;0;0;0;0;0;0
092009;Cagliari;532;471;531;500;511;555;547;560;591;579;663;691;672;711;663;722;766;823;878;911;936;990;995;1155;1218;1327;1455;1477;1489;1509;1482;1396;1404;1298;1296;1270;1325;1304;1205;1163;1191;1183;1101;1057;1102;1105;1087;1055;987;1067;1034;1072;1005;1101;1104;1015;992;910;904;1010;997;1051;1015;891;882;839;844;804;782;751;698;703;621;619;544;574;489;506;451;443;380;326;278;177;169;179;175;147;122;100;81;56;51;41;24;13;5;7;3;6;2
092011;Capoterra;121;125;122;123;119;101;118;124;122;134;119;139;145;145;140;108;118;137;143;165;161;170;155;164;166;153;163;196;221;195;195;206;222;180;221;208;218;221;219;213;174;173;190;162;175;158;190;139;143;140;143;147;138;135;130;139;132;113;94;120;117;107;100;86;81;80;68;71;66;62;66;60;56;56;52;34;36;31;20;22;22;25;15;7;11;9;6;2;12;11;6;6;2;3;1;0;1;0;0;3;0
092015;Decimomannu;29;40;36;35;27;33;45;40;33;29;44;49;49;37;40;45;38;51;42;45;45;63;41;48;39;66;66;72;65;76;73;63;52;54;69;72;71;66;64;43;62;61;56;64;36;48;50;42;40;51;42;33;47;41;44;47;39;36;38;35;40;40;31;35;35;34;26;26;27;19;22;20;13;27;11;19;12;11;10;12;9;13;4;4;5;3;5;2;2;5;0;3;1;2;1;0;0;0;0;0;0
092037;Maracalagonis;38;40;34;30;31;32;36;38;30;36;38;40;30;51;51;35;52;35;60;47;55;52;61;62;62;54;69;69;69;72;52;83;56;71;80;57;66;65;61;46;67;44;48;40;39;49;41;59;44;43;44;29;41;44;44;45;39;40;35;48;37;51;30;27;26;36;29;21;26;20;26;19;18;16;15;11;20;10;14;7;11;14;5;4;2;3;3;7;2;2;0;1;2;2;0;0;1;0;0;0;0
092050;Pula;26;36;29;21;34;26;34;32;22;32;35;32;25;49;39;25;34;51;44;42;48;48;40;66;57;49;60;60;59;43;52;45;71;47;69;58;60;53;58;74;51;43;56;40;51;46;45;49;54;48;41;51;52;63;47;49;53;40;29;51;38;40;37;36;39;31;28;32;27;29;20;23;25;19;19;19;7;10;4;9;12;9;5;5;7;7;6;9;3;1;4;2;1;0;1;1;1;0;0;0;0
092051;Quartu Sant'Elena;350;355;319;357;288;357;309;355;373;388;421;425;423;447;393;362;412;442;463;492;451;484;487;492;512;537;558;616;634;611;602;561;633;560;593;651;635;664;657;620;596;572;584;571;534;511;534;534;511;472;414;457;478;454;464;451;422;365;339;347;345;354;338;301;263;296;219;226;234;198;162;196;175;151;127;121;94;111;79;90;73;69;42;30;40;29;38;38;25;23;14;13;16;8;6;4;2;2;2;0;1
092066;Sarroch;20;19;19;12;8;21;30;24;16;24;31;23;26;28;23;30;35;44;41;35;53;51;36;45;46;56;52;51;53;43;55;39;56;38;30;40;51;44;41;38;65;31;32;37;33;36;48;38;43;40;39;35;36;34;38;41;35;39;25;32;30;41;29;21;25;30;20;27;27;19;22;26;18;20;12;12;7;8;8;9;8;10;2;4;3;5;6;2;4;2;2;2;0;0;1;0;2;0;0;0;0
092068;Selargius;125;141;136;133;122;121;155;148;145;159;149;160;172;168;154;171;188;206;195;177;213;201;216;192;223;219;230;268;257;222;261;217;220;220;238;253;238;281;233;224;249;210;215;205;208;231;193;235;208;205;200;204;199;197;169;190;169;127;160;158;132;146;125;116;97;96;77;76;93;84;89;81;66;41;44;51;36;49;31;41;27;40;17;12;10;15;12;13;14;5;4;6;2;2;2;1;0;0;0;0;3
092074;Sestu;95;87;94;99;83;76;82;85;81;88;91;105;83;84;91;91;103;92;111;103;107;116;98;122;117;118;113;157;154;152;147;149;171;160;178;150;141;172;168;147;141;131;118;123;118;115;96;93;83;83;96;87;95;81;77;84;69;69;77;81;87;85;74;73;61;69;38;50;67;37;39;42;40;30;33;26;28;32;15;19;18;12;11;10;9;5;8;9;2;6;5;3;3;1;1;0;0;0;0;0;0
092075;Settimo San Pietro;23;31;24;26;37;22;29;37;29;34;33;42;38;35;26;37;48;45;48;54;60;57;57;42;58;57;48;56;55;65;54;63;36;60;58;50;48;50;50;37;46;54;47;42;37;45;51;49;42;34;45;62;45;32;40;35;34;26;39;39;31;29;26;19;28;27;22;10;30;14;16;16;19;17;11;18;9;11;6;10;5;2;7;2;2;2;3;1;0;2;0;2;0;1;1;0;0;0;0;0;0
092080;Sinnai;86;81;71;77;67;82;100;82;105;93;83;88;84;102;81;95;111;111;124;112;127;120;118;118;114;134;136;116;124;140;129;150;119;132;157;162;142;125;139;146;117;138;135;129;105;108;105;104;104;97;88;97;106;88;85;88;94;72;60;84;73;80;65;67;58;64;50;51;50;37;44;50;46;46;34;35;31;19;29;19;25;22;12;3;8;10;5;9;8;9;6;5;1;5;1;1;1;0;1;0;1
092090;Uta;29;29;38;34;26;30;46;44;57;22;38;42;38;37;45;50;47;55;59;52;62;52;46;40;49;46;57;49;36;35;60;60;50;65;70;65;70;74;64;64;61;47;57;66;50;47;55;46;41;45;34;47;41;32;43;32;34;39;32;41;43;36;37;32;34;25;31;26;28;21;21;22;19;26;12;17;9;11;10;4;10;12;8;3;5;5;5;5;5;5;5;3;0;0;0;0;0;0;0;0;0
092099;Villa San Pietro;10;9;7;9;6;14;10;5;8;7;7;10;10;9;11;9;14;9;12;9;21;11;13;13;19;16;19;17;14;12;19;20;21;9;16;15;7;10;5;10;12;9;16;8;14;13;15;16;8;14;19;21;9;19;13;13;12;13;20;17;11;9;15;10;3;8;1;5;3;6;11;4;6;5;5;6;4;1;2;4;0;0;1;1;0;0;2;0;1;0;0;1;0;0;0;0;0;0;0;0;0
092105;Quartucciu;60;54;60;57;43;51;56;67;49;51;60;62;66;67;47;62;73;66;73;67;75;81;90;77;74;74;92;89;119;113;94;80;101;86;97;109;108;105;106;87;104;100;54;97;89;76;68;71;65;67;69;68;66;70;65;77;52;34;42;44;58;64;46;44;46;50;45;35;34;38;33;30;30;35;29;30;18;21;22;18;13;17;8;7;18;4;8;8;2;2;3;5;2;1;1;0;0;0;1;0;0
092108;Elmas;29;39;22;39;44;41;40;36;54;42;47;43;40;45;44;51;46;52;52;50;51;56;67;74;64;67;68;67;67;80;66;56;63;70;60;60;73;62;74;66;72;84;70;66;67;59;67;62;76;49;60;69;42;60;59;50;35;37;41;30;41;50;44;31;32;30;32;32;23;26;19;23;30;22;15;16;14;18;14;25;5;13;10;2;6;6;6;8;3;3;2;1;0;2;1;0;0;0;0;0;0
092109;Monserrato;72;72;75;85;88;80;91;109;61;100;136;134;119;107;141;121;139;146;152;148;162;147;131;152;193;180;178;185;185;156;177;135;152;149;157;169;163;184;159;172;139;173;179;160;174;155;175;173;153;165;153;132;150;132;127;123;143;101;117;119;92;100;126;95;84;95;84;68;79;94;79;60;61;59;44;46;34;37;47;35;35;38;19;19;18;19;21;16;8;5;12;4;3;5;4;3;3;0;0;0;0
;Totale;1765;1756;1745;1738;1654;1759;1870;1929;1878;1935;2129;2233;2163;2290;2133;2163;2381;2521;2639;2669;2799;2901;2855;3077;3191;3364;3535;3760;3798;3733;3748;3524;3631;3465;3605;3655;3678;3729;3564;3371;3359;3270;3160;3057;3029;3001;2988;2936;2753;2784;2710;2770;2697;2723;2678;2631;2463;2201;2161;2374;2291;2402;2263;1972;1892;1914;1682;1628;1674;1513;1434;1447;1303;1244;1056;1083;882;918;787;798;682;653;458;306;322;308;325;287;214;188;155;119;86;78;46;23;16;9;7;9;7
Territorio/Età;;0;1;2;3;4;5;6;7;8;9;10;11;12;13;14;15;16;17;18;19;20;21;22;23;24;25;26;27;28;29;30;31;32;33;34;35;36;37;38;39;40;41;42;43;44;45;46;47;48;49;50;51;52;53;54;55;56;57;58;59;60;61;62;63;64;65;66;67;68;69;70;71;72;73;74;75;76;77;78;79;80;81;82;83;84;85;86;87;88;89;90;91;92;93;94;95;96;97;98;99;100
Codice comune;Comune;Femmine
092003;Assemini;131;122;123;137;107;113;120;105;115;128;134;136;135;132;146;130;132;148;161;174;149;175;162;175;203;190;230;196;256;218;255;202;249;247;236;248;254;265;235;241;220;222;181;203;192;199;204;185;194;177;175;154;158;156;124;126;124;110;106;134;124;113;95;98;108;83;72;83;93;66;82;66;60;71;58;50;43;52;40;46;34;34;18;21;15;14;19;15;13;14;9;7;6;8;1;3;1;3;1;0;0
092009;Cagliari;520;477;543;485;474;481;543;543;588;547;611;641;633;659;626;734;754;712;783;894;935;979;1006;1070;1092;1209;1281;1475;1448;1367;1477;1330;1358;1348;1286;1349;1322;1353;1343;1256;1297;1246;1275;1269;1258;1294;1199;1313;1219;1296;1229;1321;1260;1264;1318;1172;1242;1113;1203;1260;1264;1318;1184;1130;1031;1103;1026;1073;1095;980;993;1097;925;952;864;913;784;855;721;708;630;604;437;328;317;326;398;304;279;234;200;166;95;95;56;50;37;16;18;15;19
092011;Capoterra;99;111;103;102;111;104;99;116;107;114;124;114;102;129;131;138;140;126;138;147;130;121;146;149;157;174;173;160;195;235;207;211;212;212;203;223;225;212;200;197;215;159;182;161;170;156;151;173;162;163;137;151;125;147;152;135;137;124;119;101;102;98;105;87;66;88;68;59;80;52;69;63;56;61;37;34;32;37;35;27;36;23;30;19;22;18;13;11;19;11;10;10;7;4;3;3;2;1;0;0;2
092015;Decimomannu;35;24;28;21;25;39;28;20;30;39;28;39;25;35;37;47;45;47;38;41;42;41;48;53;57;56;71;60;57;59;62;54;71;59;68;65;64;62;66;73;53;52;55;33;47;54;57;42;44;45;48;50;40;56;38;45;45;21;54;49;44;38;28;37;22;33;15;38;17;33;25;19;14;35;14;13;16;14;17;14;13;11;10;7;8;10;11;7;5;4;4;3;3;4;1;1;1;2;0;0;0
092037;Maracalagonis;35;39;30;35;30;31;29;42;30;35;37;37;42;43;48;41;38;43;52;54;63;55;37;40;62;53;61;57;69;59;65;59;62;70;63;60;60;63;58;50;48;41;39;42;49;54;34;54;44;27;43;50;43;38;41;30;41;34;26;48;32;39;34;28;26;38;32;30;28;14;15;22;19;21;14;22;20;17;15;10;15;13;11;8;5;6;5;4;1;7;5;0;5;3;1;0;0;0;0;0;0
092050;Pula;32;24;22;24;25;20;24;26;28;40;27;39;36;25;35;37;43;41;41;43;45;51;47;55;60;51;55;57;48;38;47;61;56;50;57;50;69;53;47;38;55;42;37;58;49;49;48;49;49;51;57;38;47;53;45;49;48;41;51;28;39;47;30;30;25;31;25;23;25;25;24;20;21;20;25;22;15;23;15;9;19;13;9;6;4;11;8;4;5;6;5;6;0;2;0;1;0;2;0;0;0
092051;Quartu Sant'Elena;328;321;332;290;292;351;309;341;351;361;373;378;384;370;357;379;407;366;419;495;446;455;424;481;461;575;582;604;599;635;647;624;653;617;662;681;719;638;668;683;680;607;613;558;582;593;560;537;529;502;524;517;455;524;458;444;405;379;364;371;317;385;323;306;285;251;236;271;247;205;211;210;215;188;179;166;145;171;121;137;127;108;93;70;63;64;60;62;57;45;40;31;16;18;21;8;6;4;2;1;3
092066;Sarroch;19;18;12;18;15;16;15;14;27;35;29;30;26;23;23;35;36;24;34;51;44;44;37;45;51;41;49;50;41;35;46;32;39;50;37;36;47;41;46;34;41;35;52;39;38;46;42;35;44;39;44;41;37;32;29;26;21;24;36;35;33;33;28;31;20;27;27;19;19;18;27;21;21;19;11;14;7;9;10;14;12;13;10;9;6;7;12;7;7;5;4;6;3;2;3;0;1;0;1;1;2
092068;Selargius;147;129;149;106;136;125;121;126;131;157;145;189;143;154;127;158;175;166;175;192;227;219;204;201;236;213;260;242;218;233;259;245;266;251;266;259;294;284;224;246;212;264;267;248;233;240;243;269;229;227;225;219;210;198;190;167;191;139;136;161;152;129;109;123;121;103;104;95;88;87;93;86;74;87;65;57;57;64;56;39;47;51;40;25;16;32;27;24;22;16;16;12;7;6;5;3;0;3;1;1;0
092074;Sestu;92;111;81;90;79;78;69;81;91;88;84;74;106;95;89;97;86;107;76;98;101;122;106;109;90;118;148;152;147;149;188;159;167;176;171;197;164;144;160;141;133;115;108;84;112;93;97;101;97;102;77;68;83;86;83;65;76;73;66;77;73;87;62;60;45;56;61;65;40;52;58;39;45;32;43;41;32;34;28;20;27;26;8;17;13;15;18;11;7;10;6;9;2;2;7;0;1;2;1;0;1
092075;Settimo San Pietro;22;22;27;22;28;25;21;26;40;25;32;36;36;40;38;42;45;34;42;47;62;49;41;49;52;48;57;51;47;40;33;52;47;46;58;49;53;49;51;53;65;57;38;47;36;61;44;52;43;42;56;40;39;39;32;34;36;28;22;28;29;40;32;27;17;19;20;20;20;20;13;14;21;10;12;15;17;15;10;11;12;10;15;5;5;10;5;5;5;3;7;3;2;3;1;1;0;0;1;0;1
092080;Sinnai;73;98;76;70;68;67;72;85;92;80;78;86;93;92;89;97;97;95;109;108;125;96;95;108;121;125;147;159;127;147;168;143;149;139;130;140;132;144;151;138;118;111;124;119;115;108;100;90;113;90;106;86;100;101;102;77;80;76;67;87;86;76;74;56;69;58;56;49;48;53;54;51;44;54;50;31;31;32;35;32;26;31;35;21;16;15;16;15;11;14;13;13;5;6;6;4;1;2;1;0;1
092090;Uta;34;32;29;34;27;31;33;30;44;41;58;46;54;37;37;51;42;40;43;76;48;60;49;59;44;48;33;41;69;64;57;55;61;59;60;55;58;59;60;56;70;43;54;50;44;48;25;40;42;38;40;40;37;45;46;39;37;24;35;30;39;37;32;26;30;26;23;32;31;25;18;26;24;16;13;13;16;15;13;10;17;15;16;3;8;7;6;8;6;9;6;1;3;3;1;2;1;0;0;2;0
092099;Villa San Pietro;4;3;7;11;9;10;7;9;7;7;6;14;9;9;15;12;14;11;13;15;14;16;11;16;23;20;25;16;15;13;18;17;17;15;16;12;20;9;10;11;14;9;17;12;11;20;13;15;15;13;15;16;9;16;13;14;11;11;13;10;9;7;6;7;2;6;2;8;6;9;5;4;3;5;4;3;1;6;2;3;6;1;2;3;2;3;1;0;1;0;2;0;0;0;0;0;0;0;0;0;0
092105;Quartucciu;43;40;46;40;47;40;51;57;55;63;45;65;66;53;52;59;57;69;57;69;85;62;82;75;83;98;95;104;117;102;93;88;101;91;96;122;136;112;105;108;110;75;99;92;75;80;73;85;69;81;64;76;82;65;55;72;63;47;51;62;61;55;62;52;43;47;47;50;46;43;48;44;30;41;31;41;28;26;27;24;20;31;20;14;16;13;13;14;9;9;8;10;7;3;2;3;1;1;1;1;1
092108;Elmas;35;28;37;26;36;26;28;34;39;48;45;39;49;43;58;55;46;45;49;58;66;56;37;61;61;56;60;62;65;68;74;62;53;87;56;77;60;74;78;78;77;70;81;72;60;58;73;69;71;57;67;51;46;61;56;43;46;32;49;42;41;33;35;28;34;35;32;27;31;29;41;23;29;34;26;28;20;22;10;18;13;24;9;5;9;5;7;8;5;7;3;3;3;1;0;0;2;0;1;2;1
092109;Monserrato;55;78;79;76;75;81;95;79;80;94;101;107;108;124;101;140;118;113;134;131;177;150;151;143;180;173;188;176;172;174;180;160;171;192;145;169;204;199;199;161;193;201;171;171;186;176;157;207;152;149;167;151;176;142;125;133;124;93;102;123;95;163;124;109;110;110;104;104;91;94;77;92;64;86;68;75;61;50;55;55;59;64;36;30;26;25;26;30;23;21;10;13;8;9;5;3;3;0;1;2;3
;Totale;1704;1677;1724;1587;1584;1638;1664;1734;1855;1902;1957;2070;2047;2063;2009;2252;2275;2187;2364;2693;2759;2751;2683;2889;3033;3248;3515;3662;3690;3636;3876;3554;3732;3709;3610;3792;3881;3761;3701;3564;3601;3349;3393;3258;3257;3329;3120;3316;3116;3099;3074;3069;2947;3023;2907;2671;2727;2369;2500;2646;2540;2698;2363;2235;2054;2114;1950;2046;2005;1805;1853;1897;1665;1732;1514;1538;1325;1442;1210;1177;1113;1072;799;591;551;581;645;529;475;415;348;293;172;169;113;82;57;36;29;25;34

"Ricostruzione della popolazione intercensuaria - Popolazione al 1° gennaio per età"
"Tutte le cittadinanze - Anno: 2003 - Provincia: Cagliari"
Territorio/Età;;0;1;2;3;4;5;6;7;8;9;10;11;12;13;14;15;16;17;18;19;20;21;22;23;24;25;26;27;28;29;30;31;32;33;34;35;36;37;38;39;40;41;42;43;44;45;46;47;48;49;50;51;52;53;54;55;56;57;58;59;60;61;62;63;64;65;66;67;68;69;70;71;72;73;74;75;76;77;78;79;80;81;82;83;84;85;86;87;88;89;90;91;92;93;94;95;96;97;98;99;100
Codice comune;Comune;Totale
092003;Assemini;289;250;252;254;237;230;227;260;243;226;249;274;280;281;299;291;279;287;311;308;333;317;379;362;391;379;404;421;421;471;437;505;413;460;511;474;517;520;507;504;460;431;436;382;395;389;406;367;356;353;344;367;312;302;298;255;275;233;252;217;255;249;236;217;192;209;185;139;153;175;126;147;134;117;125;111;92;75;81;59;79;57;63;31;31;22;21;31;22;11;15;19;8;4;12;2;1;1;2;0;1
092009;Cagliari;941;1055;950;1065;979;980;1035;1080;1097;1176;1114;1250;1323;1294;1358;1282;1452;1502;1522;1642;1793;1859;1955;1984;2196;2270;2466;2699;2882;2861;2807;2869;2658;2722;2601;2546;2576;2645;2626;2511;2378;2460;2400;2368;2298;2350;2382;2272;2356;2194;2343;2237;2373;2239;2350;2418;2178;2217;2002;2096;2263;2240;2336;2184;2003;1902;1920;1839;1859;1857;1694;1660;1775;1521;1531;1363;1444;1233;1297;1120;1089;953;890;662;470;449;452;521;406;355;297;231;185;121;112;60;45;33;19;15;30
092011;Capoterra;242;222;236;229;225;242;208;222;241;233;246;242;258;241;276;273;246;260;260;284;317;289;293;300;314;329;331;340;362;415;432;418;429;441;401;441;438;447;444;431;425;384;341;380;326;345;321;340;318;307;306;286;303;263;286;278;277;271;235;213;218;221;205;203;174;146;169;131;126;143;114;135;123;114;116;92;67;68;67;55;45;57;44;38;25;26;28;19;14;27;21;13;14;8;7;2;3;3;1;0;6
092015;Decimomannu;65;67;65;65;56;47;73;70;61;70;66;73;86;74;74;79;93;83;99;80;84;86;99;88;105;94;124;136;133;127;136;131;119;130;117;140;143;133;127;133;115;117;111;117;102;78;104;108;85;84;97;90;84;84;93;82;93;85;57;94;84;83;79;59;70;57;69;40;65;45;52;44;37;27;58;20;31;28;25;24;27;20;21;13;11;14;13;16;8;6;5;5;5;3;4;2;1;1;2;0;0
092037;Maracalagonis;60;74;80;64;64;63;62;65;82;58;71;69;74;71;90;99;76;90;78;110;100;115;112;94;103;123;111;130;123;136;129;112;145;119;139;145;114;126;124;117;90;111;86;87;82;88;105;74;112;89;69;88;79;84;84;87;74;79;76;62;96;68;90;64;57;56;76;61;49;51;34;38;40;36;35;29;35;37;28;30;17;21;25;16;8;6;9;5;9;2;8;2;1;6;2;1;0;1;0;0;0
092050;Pula;46;57;60;53;49;61;50;58;58;49;73;67;69;66;75;74;62;79;92;87;84;91;99;86;127;119;104;111;117;108;85;106;112;132;103;129;118;130;109;109;113;104;89;95;100;102;98;91;99;107;99;99;88;103;116;92;100;101;83;85;79;81;91;69;65;64;66;56;56;50;54;45;42;45;40;44;43;22;33;16;19;28;20;14;11;10;17;7;11;7;5;7;5;1;2;1;1;1;1;0;0
092051;Quartu Sant'Elena;632;673;673;640;635;581;704;625;688;719;746;791;792;799;811;744;737;813;801;866;972;890;946;916;968;969;1119;1114;1213;1239;1253;1266;1205;1300;1184;1246;1325;1344;1314;1325;1293;1260;1163;1169;1127;1096;1094;1081;1064;1021;964;928;978;929;978;923;889;827;743;699;719;659;737;659;609;542;547;451;490;476;403;364;393;387;331;298;279;229;271;198;223;193;168;132;96;92;88;85;81;66;61;46;30;29;20;18;10;3;5;2;2
092066;Sarroch;38;45;38;32;36;24;40;45;38;44;62;59;54;50;50;47;65;70;68;72;85;91;93;80;95;95;96;100;102;97;80;103;77;90;87;66;77;95;87;90;77;106;64;86;74;72;82;91;74;87;78;83;74;71;72;68;68;57;61;62;67;62;76;58;52;47;56;46;47;44;36;49;46;38;37;22;24;13;14;15;21;20;23;12;10;9;10;17;8;10;7;6;3;3;0;4;0;2;0;1;2
092068;Selargius;254;274;271;276;244;252;248;275;276;279;320;293;351;317;326;286;330;362;378;375;371;436;410;423;386;437;425;488;511;489;451;527;477;486;484;512;516;537;556;450;471;475;479;485;457;441;471;446;505;435;434;417;422;411;390;358;355;358;265;293;313;280;271;233;239;217;198;172;165;179;166;179;165;138;127;111;102;94;112;78;79;77;86;49;31;26;43;38;34;27;19;17;14;6;3;3;2;0;3;2;4
092074;Sestu;190;190;199;180;187;165;158;153;172;169;176;175;185;189;181;181;186;192;197;185;204;209;236;204;244;223;252;277;341;323;333;368;328;354;360;367;369;315;326;338;294;272;246;226;214;230;212;193;194;183;192;178;158;183;173;157;149;148;141;145;161;158;172;136;133;105;123;100;111;107;92;95;80;85;61;73;66;60;64;42;35;45;35;16;23;22;20;23;17;4;14;10;11;5;3;8;0;1;2;1;1
092075;Settimo San Pietro;55;46;49;53;50;65;46;53;66;66;60;67;74;71;75;66;77;95;78;90;101;117;106;100;92;111;106;105;111;104;108;90;113;84;108;111;98;99;96;99;93;107;108;85;88;72;106;98;100;85;77;99;103;84;72;70;67;72;54;63;67;61;69;58;43;44;45;42;28;51;31;28;30;39;25;24;31;26;26;16;21;15;14;19;7;9;10;7;6;4;5;5;4;2;3;2;0;0;0;0;1
092080;Sinnai;164;154;181;150;147;134;152;173;169;197;174;161;179;181;195;174;194;209;206;236;225;255;216;219;227;242;261;288;280;246;300;297;300;277;280;289;301;283;271;289;285;240;248;261;246;220;214;207;202;218;187;194;188;204;189;185;168;174;147;124;167;158;157;139;123;128;121;104;100;97;85;98;99;86;99;83;63;62;51;60;50;49;55;43;24;21;22;20;23;14;14;16;15;6;9;2;4;1;1;2;1
092090;Uta;65;67;64;67;68;52;60;81;72;101;62;95;91;91;76;82;103;88;94;102;129;112;113;101;95;93;98;87;97;98;94;116;108;123;131;133;120;132;133;126;123;129;90;116;114;95;96;80;85;84;81;73;89;78;74;87;70;71;59;66;70;81;73;69;58;64;51;53;58;58;47;40;49;41;43;24;29;24;24;22;13;25;24;24;5;13;11;10;10;9;12;11;4;2;3;1;2;1;0;0;1
092099;Villa San Pietro;21;15;12;11;21;15;21;15;14;14;14;15;24;18;19;28;21;28;21;25;24;37;30;22;31;42;37;43;33;31;25;35;36;37;27;29;27;27;19;15;19;31;17;33;21;26;32;28;31;23;27;35;37;19;35;27;29;22;24;34;27;20;17;20;20;5;13;3;13;10;15;16;9;10;10;7;8;5;8;4;7;6;1;3;4;2;3;3;0;2;0;1;0;0;0;0;0;0;0;0;0
092105;Quartucciu;108;110;96;115;100;95;91;110;126;112;114;111;130;133;124;98;122;130;137;133;142;163;141;168;158;162;182;192;208;241;221;202;183;227;184;202;238;248;236;221;206;216;180;158;191;168;162;138;154;139;153;139;149;153;137;118;150;121;85;91;105;119;116;109;93;91;100;93;87;81;82;80;71;61;77;57;72;46;48;51;37;36;47;26;19;35;13;20;15;10;11;8;14;9;4;1;2;1;1;1;2
092108;Elmas;74;70;73;62;66;83;67;73;70;95;94;92;84;93;88;106;108;92;96;101;105;119;112;106;141;126;125;141;131;143;163;143;125;133;166;125;145;134;140;155;147;147;156;152;141;129;116;142;130;143;108;129;118;88;121;117;95;79;68;90;72;82;84;76;59;66;63;63;59;53;56;60;42;58;56;40;44;34;41;22;45;20;35;18;7;13;9;13;12;7;8;2;4;1;1;1;0;2;0;1;1
092109;Monserrato;151;134;145;152;162;164;152;185;186;141;198;239;243;226;231;242;261;257;260;282;270;339;295;276;292;371;347;366;352;360;338;345;314;326;342;314;338;367;389;364;338;334;378;352;331;368;336;327;376;303;314;321;280;326;272;247;258;267;195;218;240;186;256;249;204;194;202;187;170;171;185;151;146;122;142;113;112;92;82;97;84;89;99;52;44;42;37;46;42;24;21;18;16;10;9;2;3;2;1;0;4
;Totale;3395;3503;3444;3468;3326;3253;3394;3543;3659;3749;3839;4073;4297;4195;4348;4152;4412;4637;4698;4978;5339;5525;5635;5529;5965;6185;6588;7038;7417;7489;7392;7633;7142;7441;7225;7269;7460;7582;7504;7277;6927;6924;6592;6552;6307;6269;6337;6083;6241;5855;5873;5763;5835;5621;5740;5569;5295;5182;4547;4652;5003;4808;5065;4602;4194;3937;4004;3580;3636;3648;3272;3229;3281;2925;2913;2511;2542;2148;2272;1909;1891;1711;1650;1168;826;811;806;881;718;585;523;417;333;216;194;110;74;53;38;25;56
Territorio/Età;;0;1;2;3;4;5;6;7;8;9;10;11;12;13;14;15;16;17;18;19;20;21;22;23;24;25;26;27;28;29;30;31;32;33;34;35;36;37;38;39;40;41;42;43;44;45;46;47;48;49;50;51;52;53;54;55;56;57;58;59;60;61;62;63;64;65;66;67;68;69;70;71;72;73;74;75;76;77;78;79;80;81;82;83;84;85;86;87;88;89;90;91;92;93;94;95;96;97;98;99;100
Codice comune;Comune;Maschi
092003;Assemini;157;121;129;131;100;120;118;144;139;108;121;138;143;145;165;143;146;156;158;143;161;171;205;203;214;175;208;186;217;202;214;239;212;212;258;228;264;263;241;266;218;214;216;203;189;193;204;169;174;153;165;190;157;143;141;130;152;111;142;109;119;122;122;121;90;100;102;67;69;81;60;65;68;58;54;49;46;34;32;21;32;25;28;14;12;7;5;13;7;0;5;10;2;0;4;1;0;0;0;0;0
092009;Cagliari;469;545;475;520;499;513;551;541;562;585;569;653;688;661;697;660;725;762;817;858;896;930;988;977;1145;1196;1292;1429;1444;1457;1473;1429;1341;1368;1283;1261;1261;1328;1281;1184;1134;1177;1166;1102;1041;1099;1101;1079;1039;975;1057;1031;1072;995;1095;1098;1004;981;895;897;1011;986;1028;1004;883;872;823;827;791;760;727;680;698;601;596;520;547;465;473;423;414;350;307;251;158;153;157;161;134;102;92;64;44;38;35;18;6;4;5;2;6
092011;Capoterra;122;123;120;128;121;125;104;120;125;122;134;118;143;140;145;143;110;120;133;145;167;158;170;155;163;169;155;169;202;219;194;203;217;230;181;235;212;219;225;223;215;172;182;194;163;175;161;190;144;142;143;148;152;138;136;129;142;135;112;96;119;117;107;98;87;80;79;64;67;63;62;67;59;58;57;53;32;37;30;20;20;20;23;12;6;8;9;6;3;11;11;6;4;2;3;1;0;1;0;0;3
092015;Decimomannu;39;31;41;36;34;26;35;42;40;38;28;45;47;49;37;41;46;38;52;41;44;43;62;40;51;39;68;67;73;67;77;69;64;54;57;70;75;69;65;65;40;62;57;59;66;35;49;48;42;43;51;41;33;45;40;44;48;42;35;39;35;40;40;31;33;35;36;25;26;28;18;19;19;12;24;10;19;12;10;10;12;8;9;5;4;5;3;5;2;2;3;0;3;1;3;1;0;0;0;0;0
092037;Maracalagonis;27;37;42;35;30;32;28;35;39;30;36;36;37;29;49;51;36;53;35;60;46;55;53;57;63;63;54;70;66;68;73;49;83;55;70;82;57;65;64;58;45;65;45;48;40;40;52;40;59;44;42;45;28;41;45;45;44;38;40;35;49;34;50;30;29;30;38;29;19;26;20;23;18;18;15;15;13;19;11;15;6;11;11;5;2;2;3;2;6;2;2;0;1;2;1;0;0;1;0;0;0
092050;Pula;29;27;37;31;22;35;27;35;32;22;31;37;30;27;48;39;24;34;51;46;38;46;51;42;71;57;52;58;62;59;43;56;47;72;51;72;63;60;54;59;72;47;45;56;41;54;47;44;51;54;48;41;50;54;63;48;51;53;39;32;49;43;41;37;35;40;34;30;32;27;29;21;22;25;19;19;21;6;10;2;9;11;7;5;5;6;6;2;9;3;1;3;2;1;0;1;1;1;0;0;0
092051;Quartu Sant'Elena;327;335;360;320;354;290;360;316;351;371;389;418;419;422;444;391;357;404;432;458;480;446;484;493;484;506;535;549;617;627;609;610;577;646;559;590;643;633;673;651;617;588;560;569;565;515;499;523;529;500;468;407;461;475;455;463;448;423;366;338;347;341;353;337;302;259;298;219;225;231;199;156;185;174;146;117;114;90;105;73;84;69;63;36;31;34;23;31;29;21;18;14;10;13;5;2;2;0;2;1;0
092066;Sarroch;24;24;20;19;14;10;23;28;23;16;26;31;23;25;29;23;30;35;44;40;35;51;50;38;47;44;56;51;52;52;48;55;39;55;38;28;43;49;44;44;41;68;30;33;37;34;36;50;39;44;39;39;34;36;36;38;42;35;37;26;32;29;42;30;21;26;29;18;28;27;17;22;25;17;19;11;12;7;5;6;9;8;9;2;4;3;4;6;2;4;2;2;0;0;0;1;0;1;0;0;0
092068;Selargius;132;130;141;132;138;123;125;155;149;145;159;148;161;175;171;156;169;186;210;202;181;208;198;218;190;220;218;227;266;263;215;259;227;220;219;246;255;238;272;230;226;254;214;215;207;212;231;202;235;207;205;194;203;199;191;169;192;170;125;159;156;129;141;125;116;94;95;75;73;93;81;85;78;63;41;44;46;38;48;27;38;27;39;14;11;10;15;11;12;11;4;4;4;2;0;1;1;0;0;0;3
092074;Sestu;95;95;87;98;99;83;79;83;89;81;86;92;108;84;86;92;91;105;91;111;105;104;113;98;126;125;122;119;171;165;172;163;161;180;177;190;163;149;172;176;149;139;130;116;126;119;118;92;93;84;87;97;87;97;84;74;84;70;69;78;82;85;87;74;73;60;67;38;47;67;38;38;41;40;30;32;26;27;31;13;17;17;13;9;7;9;5;6;8;2;5;4;3;3;1;1;0;0;0;0;0
092075;Settimo San Pietro;30;23;28;26;28;37;22;32;37;28;34;36;39;36;34;29;35;48;46;48;54;59;55;57;42;60;56;50;56;56;64;56;63;38;62;53;47;45;47;51;39;44;51;47;41;36;44;52;49;43;35;45;63;45;31;38;33;34;26;40;39;31;29;26;17;26;26;23;9;30;13;16;16;18;15;11;16;10;11;6;10;4;3;5;2;2;2;3;1;0;2;0;2;0;1;1;0;0;0;0;0
092080;Sinnai;83;87;78;72;75;65;83;100;83;104;94;83;92;85;104;83;96;112;110;125;113;128;122;118;119;114;140;139;117;121;149;130;157;125;134;159;160;145;128;138;146;121;140;138;128;103;105;105;107;103;98;89;101;105;86;82;89;95;71;57;80;73;82;64;69;57;64;47;50;49;35;45;49;43;45;35;31;29;20;26;18;25;22;12;3;6;7;4;8;7;7;2;3;1;3;0;1;0;0;1;1
092090;Uta;31;31;32;40;36;26;30;48;43;56;22;37;44;38;39;45;52;48;54;59;52;65;55;49;40;49;50;56;54;35;34;61;56;53;68;71;66;71;76;65;65;62;47;60;64;51;48;55;45;44;43;33;48;41;30;41;31;35;36;32;40;41;36;37;32;34;25;31;25;27;21;22;23;18;27;11;15;9;9;9;4;8;11;8;3;5;5;5;4;5;5;5;2;0;0;0;0;0;0;0;0
092099;Villa San Pietro;13;10;9;4;10;6;13;8;5;7;7;7;10;10;9;12;9;14;10;12;9;23;12;12;12;19;15;19;16;15;13;20;19;18;11;16;16;8;10;5;9;13;10;16;8;15;13;15;16;8;14;20;21;10;19;13;13;13;13;20;17;11;10;14;11;3;7;1;5;3;6;11;4;7;5;4;5;4;2;2;4;0;0;1;1;0;0;2;0;1;0;0;0;0;0;0;0;0;0;0;0
092105;Quartucciu;56;65;51;65;60;44;52;58;66;53;51;62;64;66;69;45;65;73;66;73;72;75;79;86;77;81;79;96;96;125;113;101;83;113;91;99;113;114;115;112;93;107;107;60;96;91;81;65;70;70;70;71;71;68;71;65;79;53;36;40;43;57;61;47;40;46;50;45;36;34;39;34;27;29;36;27;29;19;23;22;14;14;15;7;6;18;2;8;5;2;2;1;5;2;1;1;0;0;0;1;1
092108;Elmas;34;30;43;26;40;43;40;44;35;55;46;47;45;41;45;45;52;46;51;51;47;52;57;67;78;67;66;76;66;72;84;69;60;70;77;67;63;69;64;72;70;73;86;71;68;68;60;69;61;74;51;59;67;43;60;59;51;33;37;42;31;40;51;41;31;33;29;33;32;22;25;19;22;29;22;15;16;14;18;12;25;5;12;9;2;4;4;6;6;3;2;2;1;0;0;1;0;0;0;0;0
092109;Monserrato;73;75;69;75;84;90;74;90;111;60;104;136;133;113;107;141;123;140;146;152;145;166;148;129;152;187;173;177;184;188;154;170;142;157;150;165;170;163;189;162;174;143;172;179;162;181;158;171;172;154;164;150;128;149;132;123;125;141;101;116;120;91;97;127;93;84;93;83;66;80;89;75;57;59;57;42;42;31;32;41;30;33;37;19;17;16;16;21;14;7;2;9;4;3;1;0;1;1;0;0;0
;Totale;1741;1789;1762;1758;1744;1668;1764;1879;1929;1881;1937;2124;2226;2146;2278;2139;2166;2374;2506;2624;2645;2780;2902;2839;3074;3171;3339;3538;3759;3791;3729;3739;3548;3666;3486;3632;3671;3688;3720;3561;3353;3349;3258;3166;3042;3021;3007;2969;2925;2742;2780;2700;2776;2684;2715;2659;2628;2462;2180;2156;2369;2270;2377;2243;1962;1879;1895;1655;1600;1648;1479;1398;1411;1269;1208;1015;1030;851;870;728;746;635;609;414;274;288;266;292;250;183;163;126;90;68;58;30;12;9;7;5;14
Territorio/Età;;0;1;2;3;4;5;6;7;8;9;10;11;12;13;14;15;16;17;18;19;20;21;22;23;24;25;26;27;28;29;30;31;32;33;34;35;36;37;38;39;40;41;42;43;44;45;46;47;48;49;50;51;52;53;54;55;56;57;58;59;60;61;62;63;64;65;66;67;68;69;70;71;72;73;74;75;76;77;78;79;80;81;82;83;84;85;86;87;88;89;90;91;92;93;94;95;96;97;98;99;100
Codice comune;Comune;Femmine
092003;Assemini;132;129;123;123;137;110;109;116;104;118;128;136;137;136;134;148;133;131;153;165;172;146;174;159;177;204;196;235;204;269;223;266;201;248;253;246;253;257;266;238;242;217;220;179;206;196;202;198;182;200;179;177;155;159;157;125;123;122;110;108;136;127;114;96;102;109;83;72;84;94;66;82;66;59;71;62;46;41;49;38;47;32;35;17;19;15;16;18;15;11;10;9;6;4;8;1;1;1;2;0;1
092009;Cagliari;472;510;475;545;480;467;484;539;535;591;545;597;635;633;661;622;727;740;705;784;897;929;967;1007;1051;1074;1174;1270;1438;1404;1334;1440;1317;1354;1318;1285;1315;1317;1345;1327;1244;1283;1234;1266;1257;1251;1281;1193;1317;1219;1286;1206;1301;1244;1255;1320;1174;1236;1107;1199;1252;1254;1308;1180;1120;1030;1097;1012;1068;1097;967;980;1077;920;935;843;897;768;824;697;675;603;583;411;312;296;295;360;272;253;205;167;141;83;77;42;39;29;14;13;24
092011;Capoterra;120;99;116;101;104;117;104;102;116;111;112;124;115;101;131;130;136;140;127;139;150;131;123;145;151;160;176;171;160;196;238;215;212;211;220;206;226;228;219;208;210;212;159;186;163;170;160;150;174;165;163;138;151;125;150;149;135;136;123;117;99;104;98;105;87;66;90;67;59;80;52;68;64;56;59;39;35;31;37;35;25;37;21;26;19;18;19;13;11;16;10;7;10;6;4;1;3;2;1;0;3
092015;Decimomannu;26;36;24;29;22;21;38;28;21;32;38;28;39;25;37;38;47;45;47;39;40;43;37;48;54;55;56;69;60;60;59;62;55;76;60;70;68;64;62;68;75;55;54;58;36;43;55;60;43;41;46;49;51;39;53;38;45;43;22;55;49;43;39;28;37;22;33;15;39;17;34;25;18;15;34;10;12;16;15;14;15;12;12;8;7;9;10;11;6;4;2;5;2;2;1;1;1;1;2;0;0
092037;Maracalagonis;33;37;38;29;34;31;34;30;43;28;35;33;37;42;41;48;40;37;43;50;54;60;59;37;40;60;57;60;57;68;56;63;62;64;69;63;57;61;60;59;45;46;41;39;42;48;53;34;53;45;27;43;51;43;39;42;30;41;36;27;47;34;40;34;28;26;38;32;30;25;14;15;22;18;20;14;22;18;17;15;11;10;14;11;6;4;6;3;3;0;6;2;0;4;1;1;0;0;0;0;0
092050;Pula;17;30;23;22;27;26;23;23;26;27;42;30;39;39;27;35;38;45;41;41;46;45;48;44;56;62;52;53;55;49;42;50;65;60;52;57;55;70;55;50;41;57;44;39;59;48;51;47;48;53;51;58;38;49;53;44;49;48;44;53;30;38;50;32;30;24;32;26;24;23;25;24;20;20;21;25;22;16;23;14;10;17;13;9;6;4;11;5;2;4;4;4;3;0;2;0;0;0;1;0;0
092051;Quartu Sant'Elena;305;338;313;320;281;291;344;309;337;348;357;373;373;377;367;353;380;409;369;408;492;444;462;423;484;463;584;565;596;612;644;656;628;654;625;656;682;711;641;674;676;672;603;600;562;581;595;558;535;521;496;521;517;454;523;460;441;404;377;361;372;318;384;322;307;283;249;232;265;245;204;208;208;213;185;181;165;139;166;125;139;124;105;96;65;58;65;54;52;45;43;32;20;16;15;16;8;3;3;1;2
092066;Sarroch;14;21;18;13;22;14;17;17;15;28;36;28;31;25;21;24;35;35;24;32;50;40;43;42;48;51;40;49;50;45;32;48;38;35;49;38;34;46;43;46;36;38;34;53;37;38;46;41;35;43;39;44;40;35;36;30;26;22;24;36;35;33;34;28;31;21;27;28;19;17;19;27;21;21;18;11;12;6;9;9;12;12;14;10;6;6;6;11;6;6;5;4;3;3;0;3;0;1;0;1;2
092068;Selargius;122;144;130;144;106;129;123;120;127;134;161;145;190;142;155;130;161;176;168;173;190;228;212;205;196;217;207;261;245;226;236;268;250;266;265;266;261;299;284;220;245;221;265;270;250;229;240;244;270;228;229;223;219;212;199;189;163;188;140;134;157;151;130;108;123;123;103;97;92;86;85;94;87;75;86;67;56;56;64;51;41;50;47;35;20;16;28;27;22;16;15;13;10;4;3;2;1;0;3;2;1
092074;Sestu;95;95;112;82;88;82;79;70;83;88;90;83;77;105;95;89;95;87;106;74;99;105;123;106;118;98;130;158;170;158;161;205;167;174;183;177;206;166;154;162;145;133;116;110;88;111;94;101;101;99;105;81;71;86;89;83;65;78;72;67;79;73;85;62;60;45;56;62;64;40;54;57;39;45;31;41;40;33;33;29;18;28;22;7;16;13;15;17;9;2;9;6;8;2;2;7;0;1;2;1;1
092075;Settimo San Pietro;25;23;21;27;22;28;24;21;29;38;26;31;35;35;41;37;42;47;32;42;47;58;51;43;50;51;50;55;55;48;44;34;50;46;46;58;51;54;49;48;54;63;57;38;47;36;62;46;51;42;42;54;40;39;41;32;34;38;28;23;28;30;40;32;26;18;19;19;19;21;18;12;14;21;10;13;15;16;15;10;11;11;11;14;5;7;8;4;5;4;3;5;2;2;2;1;0;0;0;0;1
092080;Sinnai;81;67;103;78;72;69;69;73;86;93;80;78;87;96;91;91;98;97;96;111;112;127;94;101;108;128;121;149;163;125;151;167;143;152;146;130;141;138;143;151;139;119;108;123;118;117;109;102;95;115;89;105;87;99;103;103;79;79;76;67;87;85;75;75;54;71;57;57;50;48;50;53;50;43;54;48;32;33;31;34;32;24;33;31;21;15;15;16;15;7;7;14;12;5;6;2;3;1;1;1;0
092090;Uta;34;36;32;27;32;26;30;33;29;45;40;58;47;53;37;37;51;40;40;43;77;47;58;52;55;44;48;31;43;63;60;55;52;70;63;62;54;61;57;61;58;67;43;56;50;44;48;25;40;40;38;40;41;37;44;46;39;36;23;34;30;40;37;32;26;30;26;22;33;31;26;18;26;23;16;13;14;15;15;13;9;17;13;16;2;8;6;5;6;4;7;6;2;2;3;1;2;1;0;0;1
092099;Villa San Pietro;8;5;3;7;11;9;8;7;9;7;7;8;14;8;10;16;12;14;11;13;15;14;18;10;19;23;22;24;17;16;12;15;17;19;16;13;11;19;9;10;10;18;7;17;13;11;19;13;15;15;13;15;16;9;16;14;16;9;11;14;10;9;7;6;9;2;6;2;8;7;9;5;5;3;5;3;3;1;6;2;3;6;1;2;3;2;3;1;0;1;0;1;0;0;0;0;0;0;0;0;0
092105;Quartucciu;52;45;45;50;40;51;39;52;60;59;63;49;66;67;55;53;57;57;71;60;70;88;62;82;81;81;103;96;112;116;108;101;100;114;93;103;125;134;121;109;113;109;73;98;95;77;81;73;84;69;83;68;78;85;66;53;71;68;49;51;62;62;55;62;53;45;50;48;51;47;43;46;44;32;41;30;43;27;25;29;23;22;32;19;13;17;11;12;10;8;9;7;9;7;3;0;2;1;1;0;1
092108;Elmas;40;40;30;36;26;40;27;29;35;40;48;45;39;52;43;61;56;46;45;50;58;67;55;39;63;59;59;65;65;71;79;74;65;63;89;58;82;65;76;83;77;74;70;81;73;61;56;73;69;69;57;70;51;45;61;58;44;46;31;48;41;42;33;35;28;33;34;30;27;31;31;41;20;29;34;25;28;20;23;10;20;15;23;9;5;9;5;7;6;4;6;0;3;1;1;0;0;2;0;1;1
092109;Monserrato;78;59;76;77;78;74;78;95;75;81;94;103;110;113;124;101;138;117;114;130;125;173;147;147;140;184;174;189;168;172;184;175;172;169;192;149;168;204;200;202;164;191;206;173;169;187;178;156;204;149;150;171;152;177;140;124;133;126;94;102;120;95;159;122;111;110;109;104;104;91;96;76;89;63;85;71;70;61;50;56;54;56;62;33;27;26;21;25;28;17;19;9;12;7;8;2;2;1;1;0;4
;Totale;1654;1714;1682;1710;1582;1585;1630;1664;1730;1868;1902;1949;2071;2049;2070;2013;2246;2263;2192;2354;2694;2745;2733;2690;2891;3014;3249;3500;3658;3698;3663;3894;3594;3775;3739;3637;3789;3894;3784;3716;3574;3575;3334;3386;3265;3248;3330;3114;3316;3113;3093;3063;3059;2937;3025;2910;2667;2720;2367;2496;2634;2538;2688;2359;2232;2058;2109;1925;2036;2000;1793;1831;1870;1656;1705;1496;1512;1297;1402;1181;1145;1076;1041;754;552;523;540;589;468;402;360;291;243;148;136;80;62;44;31;20;42

"Ricostruzione della popolazione intercensuaria - Popolazione al 1° gennaio per età"
"Tutte le cittadinanze - Anno: 2004 - Provincia: Cagliari"
Territorio/Età;;0;1;2;3;4;5;6;7;8;9;10;11;12;13;14;15;16;17;18;19;20;21;22;23;24;25;26;27;28;29;30;31;32;33;34;35;36;37;38;39;40;41;42;43;44;45;46;47;48;49;50;51;52;53;54;55;56;57;58;59;60;61;62;63;64;65;66;67;68;69;70;71;72;73;74;75;76;77;78;79;80;81;82;83;84;85;86;87;88;89;90;91;92;93;94;95;96;97;98;99;100
Codice comune;Comune;Totale
092003;Assemini;276;289;246;259;257;231;232;234;260;243;225;247;271;285;276;303;293;287;289;311;312;334;323;386;368;398;393;404;427;436;492;443;522;434;472;523;487;521;516;514;504;463;429;444;393;399;388;409;370;352;357;339;366;313;301;305;255;275;230;251;215;254;249;237;215;187;206;182;142;153;173;125;144;133;111;121;108;91;76;75;53;77;55;54;30;29;21;20;27;13;7;15;12;7;4;11;1;0;1;0;1
092009;Cagliari;1098;944;1065;941;1083;968;991;1042;1063;1108;1174;1113;1253;1311;1293;1357;1281;1441;1482;1524;1645;1791;1850;1951;1975;2197;2274;2436;2688;2799;2768;2773;2819;2600;2708;2591;2523;2588;2620;2631;2498;2375;2446;2385;2364;2294;2348;2367;2262;2370;2184;2333;2215;2363;2229;2343;2405;2174;2214;1985;2080;2235;2211;2320;2165;1973;1891;1910;1808;1838;1833;1671;1626;1726;1503;1499;1332;1393;1189;1246;1070;1024;909;828;620;407;404;407;465;357;303;248;188;149;88;90;45;34;24;10;26
092011;Capoterra;262;239;220;232;227;231;240;209;217;240;235;246;242;261;240;277;272;240;263;255;287;317;293;287;304;321;327;331;350;373;424;429;433;430;455;411;448;451;454;443;434;421;379;350;379;321;357;318;338;320;305;303;285;302;257;285;279;285;269;235;213;217;219;202;204;171;146;168;132;129;144;110;133;120;109;113;92;67;67;66;55;43;52;45;36;22;26;28;17;13;24;18;7;10;6;6;1;3;1;1;3
092015;Decimomannu;72;67;69;68;64;55;49;70;71;61;72;67;74;88;74;71;79;93;83;98;79;85;89;104;90;102;93;126;138;134;126;140;128;122;136;123;142;143;135;127;134;115;120;113;114;102;79;105;101;84;87;98;90;85;83;95;85;92;86;56;93;86;83;79;60;72;57;69;38;65;43;53;44;36;26;55;21;32;26;25;21;26;16;18;11;11;13;10;13;6;4;5;5;2;3;4;1;0;1;2;0
092037;Maracalagonis;88;61;77;78;62;65;64;58;64;78;58;76;69;77;75;91;99;76;93;76;110;102;114;109;96;98;119;109;136;125;137;128;115;145;114;134;145;114;131;124;116;87;110;87;89;86;88;104;75;110;89;68;88;79;84;83;85;75;77;77;63;94;65;90;66;57;56;73;62;48;49;33;39;38;34;31;29;35;38;26;29;17;21;25;15;9;4;9;4;5;2;8;2;1;6;2;1;0;0;0;0
092050;Pula;44;46;58;66;53;47;60;51;59;57;51;74;66;70;66;75;75;61;77;91;88;89;91;100;89;125;121;105;120;116;109;88;98;116;135;108;137;118;130;108;111;113;102;91;98;99;102;96;92;100;107;99;98;91;105;115;93;98;103;89;86;82;81;92;69;70;66;69;52;56;50;53;47;42;45;37;41;41;21;32;16;18;29;20;12;9;10;15;6;11;7;5;6;3;1;2;1;1;1;1;0
092051;Quartu Sant'Elena;654;634;675;687;624;631;580;703;624;683;722;747;783;782;797;806;745;735;799;799;866;962;885;951;918;963;964;1125;1117;1201;1254;1276;1256;1252;1301;1197;1277;1308;1348;1314;1307;1304;1255;1163;1165;1124;1096;1098;1077;1055;1026;957;927;968;931;978;920;882;815;743;704;711;663;729;654;605;540;539;451;483;467;393;359;384;384;322;281;274;225;263;190;207;177;163;119;83;87;80;72;71;46;47;34;25;15;22;11;12;2;4;1
092066;Sarroch;47;40;45;39;35;36;24;40;48;39;44;66;53;53;51;49;48;65;71;66;71;81;88;96;77;91;94;93;101;102;93;77;105;74;82;85;66;78;90;84;88;79;101;63;89;73;70;85;90;74;84;75;84;76;71;72;71;71;59;63;63;64;65;75;59;53;44;57;44;47;43;36;47;45;38;36;21;23;12;14;16;22;19;21;10;10;8;8;13;8;9;7;3;3;4;0;3;0;2;0;1
092068;Selargius;266;257;282;279;276;246;251;244;282;285;281;326;293;352;317;326;278;326;361;379;370;373;433;409;420;396;440;424;487;537;492;452;526;487;495;497;514;517;535;568;461;469;468;479;487;459;443;480;449;511;432;438;419;426;420;387;352;348;358;261;292;316;277;271;230;243;217;195;167;164;176;167;175;166;135;119;110;97;91;109;76;73;68;85;44;28;20;33;27;29;20;17;13;11;5;3;2;2;0;3;3
092074;Sestu;232;199;200;203;180;196;167;161;161;170;170;175;176;187;188;181;181;184;191;198;187;207;208;241;209;249;236;262;298;363;354;352;392;347;373;381;380;379;330;331;340;292;276;248;229;217;234;213;193;196;184;195;178;159;183;172;158;148;148;142;142;160;155;173;136;130;109;122;103;109;110;92;95;78;82;62;72;65;59;60;36;33;44;29;16;23;22;18;21;16;3;11;10;10;4;2;7;0;1;2;1
092075;Settimo San Pietro;51;53;53;49;55;49;66;49;52;65;66;61;66;77;73;76;69;79;96;77;91;103;115;104;100;92;116;105;108;106;112;109;87;118;83;106;108;99;97;95;98;92;104;107;83;86;74;105;100;105;84;77;99;101;84;73;72;67;68;54;63;66;60;71;58;42;42;45;42;28;44;32;28;29;37;24;26;30;25;25;17;20;14;9;17;7;9;9;7;5;4;3;5;3;2;2;1;0;0;0;1
092080;Sinnai;161;164;151;182;157;151;133;148;174;171;198;172;166;177;177;195;176;195;206;203;237;224;255;220;221;231;250;261;296;307;263;307;315;302;280;287;290;303;281;275;285;290;242;249;262;248;220;211;211;197;225;185;196;188;202;190;184;170;172;150;123;170;158;156;139;121;131;124;101;99;95;85;95;97;82;97;79;62;63;51;55;47;47;51;39;26;20;17;17;17;13;14;13;13;6;8;2;4;1;1;1
092090;Uta;62;63;67;63;61;67;53;58;84;72;100;65;99;89;92;76;82;104;93;93;100;124;110;109;100;95;97;99;93;94;97;95;112;108;123;124;134;120;134;133;132;124;131;91;114;114;96;96;81;84;89;80;70;90;79;75;87;69;72;59;65;71;80;73;69;56;63;51;53;54;56;48;39;47;39;40;24;28;26;23;22;14;22;23;24;5;12;10;9;8;9;7;5;4;2;3;0;0;0;0;0
092099;Villa San Pietro;16;22;16;12;11;21;15;19;15;16;14;14;15;24;18;19;27;19;26;19;26;24;37;27;25;33;43;40;42;36;36;25;38;40;36;22;29;25;25;21;15;19;33;15;33;22;25;31;28;31;26;27;35;37;21;34;27;29;22;24;36;27;20;18;20;20;5;14;3;13;9;14;16;7;10;7;7;9;3;8;4;7;6;1;2;4;1;3;3;0;2;0;0;0;0;0;0;0;0;0;0
092105;Quartucciu;102;103;108;95;110;101;97;92;108;122;112;124;115;132;136;125;97;127;134;132;133;134;160;143;176;157;170;189;188;208;250;224;207;186;232;183;201;246;256;235;228;206;216;181;158;190;168;166;140;155;141;148;136;149;154;139;123;145;122;86;93;105;118;116;108;94;89;100;91;86;80;79;76;72;58;76;57;70;44;43;45;32;36;44;22;14;29;11;19;11;6;10;5;10;7;2;0;1;1;1;1
092108;Elmas;69;80;73;76;57;69;84;69;72;74;97;95;96;84;96;90;110;109;95;97;100;104;116;112;104;132;126;119;145;137;154;154;150;135;142;170;129;147;139;147;154;143;147;152;154;144;127;120;144;129;145;105;130;114;90;123;118;98;81;68;90;72;79;84;76;58;66;61;63;61;53;55;57;36;57;53;39;42;32;39;23;43;20;32;17;7;12;7;12;8;4;8;1;2;0;0;1;0;0;0;0
092109;Monserrato;159;149;132;147;146;164;162;152;185;187;143;199;236;247;226;234;246;256;256;259;284;272;329;299;273;292;373;347;359;349;352;339;352;307;322;349;314;333;368;389;363;342;328;377;352;336;366;332;325;370;300;311;320;286;327;272;250;259;266;199;213;246;183;254;245;204;192;200;186;171;169;180;148;144;119;139;115;111;94;76;94;76;88;90;48;42;35;28;42;33;18;17;11;11;7;6;0;2;2;1;3
;Totale;3659;3410;3537;3476;3458;3328;3268;3399;3539;3671;3762;3867;4073;4296;4195;4351;4158;4397;4615;4677;4986;5326;5496;5648;5545;5972;6236;6575;7093;7423;7513;7411;7655;7203;7489;7291;7324;7490;7589;7539;7268;6934;6887;6595;6563;6314;6281;6336;6076;6243;5865;5838;5736;5827;5621;5741;5564;5285;5162;4542;4634;4976;4766;5040;4573;4156;3920;3979;3538;3604;3594;3226;3168;3200;2869;2831;2454;2470;2091;2181;1822;1779;1623;1538;1082;736;733;713;774;611;481;440;320;264;160;163;77;59;37;26;42
Territorio/Età;;0;1;2;3;4;5;6;7;8;9;10;11;12;13;14;15;16;17;18;19;20;21;22;23;24;25;26;27;28;29;30;31;32;33;34;35;36;37;38;39;40;41;42;43;44;45;46;47;48;49;50;51;52;53;54;55;56;57;58;59;60;61;62;63;64;65;66;67;68;69;70;71;72;73;74;75;76;77;78;79;80;81;82;83;84;85;86;87;88;89;90;91;92;93;94;95;96;97;98;99;100
Codice comune;Comune;Maschi
092003;Assemini;138;158;121;132;131;98;122;123;145;139;107;118;137;147;143;166;143;148;157;159;144;165;172;208;208;222;180;211;192;223;210;222;250;227;224;265;234;272;256;250;265;222;211;221;211;193;188;202;172;175;152;163;191;160;142;144;132;153;108;140;108;118;122;122;120;86;97;99;70;69;80;58;63;68;54;49;48;45;34;28;19;30;24;22;13;11;7;4;12;4;0;5;4;2;0;4;0;0;0;0;0
092009;Cagliari;556;486;545;469;529;495;518;561;537;569;588;573;651;682;658;696;664;727;756;815;860;895;932;983;967;1131;1207;1267;1420;1401;1431;1432;1414;1319;1361;1272;1238;1268;1314;1283;1181;1125;1160;1156;1102;1045;1097;1089;1080;1050;967;1047;1014;1066;988;1097;1092;997;980;884;888;992;963;1022;987;862;858;816;801;781;740;713;663;675;587;583;496;520;437;440;394;380;324;287;230;136;126;141;136;111;83;74;48;34;28;26;13;4;4;5;6
092011;Capoterra;140;119;121;120;128;125;126;103;115;122;124;133;120;143;140;147;139;109;124;131;146;165;159;170;161;167;164;154;170;199;217;196;214;220;238;194;237;227;227;224;219;216;169;188;195;161;184;159;187;147;142;141;148;152;134;134;131;146;131;111;95;119;117;105;98;86;80;78;64;67;65;61;67;59;54;55;51;32;36;29;19;19;18;21;11;6;8;9;7;2;11;8;1;3;3;3;0;0;1;0;3
092015;Decimomannu;37;40;31;44;36;34;26;35;43;37;38;30;46;49;49;36;40;47;37;51;41;43;45;64;41;51;40;67;72;76;66;79;69;62;57;61;73;76;72;66;66;40;63;59;57;65;35;50;47;41;43;52;41;33;45;42;44;47;43;34;39;35;40;40;33;34;35;36;23;26;26;19;18;18;11;24;10;20;12;10;7;10;7;7;4;4;5;3;4;2;2;2;0;0;1;3;1;0;0;0;0
092037;Maracalagonis;49;27;39;41;35;32;35;28;35;38;29;40;35;38;31;48;51;36;55;33;60;47;56;50;55;61;61;51;72;70;69;74;49;81;52;66;80;56;70;63;60;42;63;47;47;42;40;52;41;57;45;41;45;29;41;46;43;45;38;42;36;46;33;50;30;29;28;36;29;20;25;20;24;17;17;12;16;13;20;10;14;6;11;10;5;2;2;3;2;1;2;2;0;1;2;1;0;0;0;0;0
092050;Pula;21;30;28;40;31;22;34;28;35;31;23;31;37;31;26;48;39;23;35;51;48;38;45;51;44;71;56;55;63;61;59;47;52;48;74;56;78;65;60;52;60;70;47;46;57;41;56;45;45;50;55;48;40;50;54;64;47;51;55;45;33;50;44;41;38;38;40;36;26;32;27;28;21;22;25;17;18;20;5;10;3;9;11;7;4;3;6;4;2;9;3;1;2;0;1;0;1;1;1;0;0
092051;Quartu Sant'Elena;339;326;339;369;313;353;289;359;315;346;373;388;417;411;422;439;389;355;392;430;450;477;442;486;486;482;498;534;548;607;633;635;612;605;647;566;603;632;627;673;639;625;589;557;562;563;516;503;520;526;504;465;406;456;482;458;464;444;415;362;340;342;345;351;337;298;261;292;219;220;222;191;150;177;171;138;112;114;88;100;67;75;60;60;30;24;33;20;26;24;15;14;8;9;7;5;2;2;0;2;0
092066;Sarroch;27;24;24;20;21;14;10;23;30;24;16;29;28;22;25;28;24;30;35;44;39;34;49;52;38;47;43;57;51;52;49;46;55;39;50;39;28;43;45;43;43;42;64;30;36;36;31;38;49;39;42;38;39;35;34;34;40;43;35;38;26;31;33;41;31;23;24;29;16;27;26;17;22;24;17;19;10;11;7;5;7;9;8;8;1;3;2;4;4;2;3;2;1;0;1;0;0;0;1;0;0
092068;Selargius;142;133;134;145;134;140;123;119;157;153;144;162;149;165;178;171;152;167;187;208;200;181;207;198;221;197;220;216;226;279;268;205;260;231;227;231;250;257;240;277;233;225;248;215;219;207;208;237;203;238;201;209;196;206;204;190;168;189;170;122;158;157;128;139;122;120;94;93;72;74;89;80;86;77;63;37;44;42;37;47;27;36;23;39;11;8;8;10;6;11;7;4;3;4;2;0;1;1;0;0;2
092074;Sestu;112;100;101;92;98;104;85;83;89;91;83;86;92;109;83;87;91;88;105;89;111;106;106;115;100;128;130;125;128;182;178;182;171;165;196;188;199;166;161;174;176;149;142;128;115;127;121;121;93;94;84;88;98;87;96;83;73;83;72;69;75;81;83;88;73;70;62;66;39;44;67;39;38;40;39;30;33;24;26;29;12;16;17;9;8;7;8;3;6;6;2;5;4;3;2;0;1;0;0;0;0
092075;Settimo San Pietro;26;29;27;27;27;28;37;23;31;37;28;32;35;40;37;35;32;37;49;46;48;54;59;52;54;42;59;54;50;53;59;68;55;64;37;60;53;48;42;47;50;38;41;52;47;39;36;43;54;50;42;35;45;63;45;31;38;33;30;26;40;38;31;31;26;17;25;26;23;9;26;14;16;15;16;15;12;16;10;11;6;8;4;1;4;2;2;2;3;1;0;1;0;1;0;1;0;0;0;0;0
092080;Sinnai;85;81;84;81;76;77;66;80;100;83;105;93;88;90;86;102;83;95;109;107;123;114;130;122;117;124;115;143;145;131;129;158;139;158;128;141;157;163;144;130;138;148;122;139;136;131;104;103;105;104;108;97;89;101;105;84;80;90;93;75;56;81;74;81;64;68;57;65;45;50;48;34;42;47;42;45;33;32;28;18;22;18;24;19;9;5;5;5;3;7;6;7;2;3;1;3;0;1;0;0;0
092090;Uta;34;30;30;32;35;35;28;29;49;44;57;25;40;43;39;39;43;52;51;54;59;51;66;51;48;39;50;51;59;53;37;35;58;55;54;62;70;67;73;73;69;66;65;49;58;64;52;48;55;44;48;43;33;48;40;31;41;31;36;36;31;40;41;36;37;31;33;25;30;23;27;22;21;21;16;24;11;15;10;8;9;4;7;9;8;3;5;5;4;3;5;3;1;2;0;0;0;0;0;0;0
092099;Villa San Pietro;9;14;10;8;4;10;6;10;8;7;7;7;6;10;10;9;12;7;13;10;13;9;23;12;13;12;19;16;21;21;17;13;23;22;17;9;17;14;9;11;5;10;15;8;16;8;14;12;15;16;8;14;20;21;12;19;13;13;13;13;22;17;11;10;14;11;3;7;1;5;3;5;11;2;7;4;4;5;2;2;2;4;0;0;1;1;0;0;2;0;1;0;0;0;0;0;0;0;0;0;0
092105;Quartucciu;48;51;63;51;65;62;44;52;57;62;53;58;63;63;70;69;45;67;76;64;73;68;74;80;90;80;81;83;96;98;134;112;104;88;114;91;101;117;121;118;119;93;106;108;60;95;91;84;65;70;72;69;70;70;69;71;65;77;54;37;42;44;57;62;47;41;45;50;44;35;33;37;32;25;27;34;27;28;17;20;21;12;13;13;6;4;13;1;9;2;0;1;0;3;2;1;0;0;0;0;1
092108;Elmas;42;34;30;43;26;42;45;40;44;39;54;45;50;45;43;47;47;52;49;53;52;47;51;55;66;67;64;61;78;68;81;81;71;61;74;78;67;64;71;67;73;67;74;84;71;72;65;62;70;59;76;48;60;62;43;61;60;52;34;37;42;31;38;50;40;31;33;29;33;33;22;24;19;18;29;20;14;16;14;18;12;25;4;10;8;2;4;2;6;5;2;3;1;1;0;0;1;0;0;0;0
092109;Monserrato;85;75;76;70;71;87;89;75;92;111;64;105;136;132;113;112;143;122;138;146;155;146;162;151;130;151;193;171;174;181;178;155;171;140;151;160;162;167;162;187;163;178;144;172;180;163;177;156;172;172;151;164;149;132;151;130;122;125;140;104;113;122;90;97;122;94;81;92;83;66;80;85;73;55;57;56;43;42;30;29;39;27;32;32;16;16;13;14;18;11;5;2;5;3;2;1;0;1;1;0;0
;Totale;1890;1757;1803;1784;1760;1758;1683;1771;1882;1933;1893;1955;2130;2220;2153;2279;2137;2162;2368;2491;2622;2640;2778;2900;2839;3072;3180;3316;3565;3755;3815;3740;3767;3585;3701;3539;3647;3702;3694;3738;3559;3356;3323;3259;3169;3052;3015;3004;2973;2932;2740;2762;2684;2771;2685;2719;2653;2619;2447;2175;2144;2344;2250;2366;2219;1939;1856;1875;1618;1581;1606;1447;1366;1360;1232;1162;982;995;813;814;680;688;587;554;369;237;247;230;250;201;147;134;80;69;52;48;20;10;8;7;12
Territorio/Età;;0;1;2;3;4;5;6;7;8;9;10;11;12;13;14;15;16;17;18;19;20;21;22;23;24;25;26;27;28;29;30;31;32;33;34;35;36;37;38;39;40;41;42;43;44;45;46;47;48;49;50;51;52;53;54;55;56;57;58;59;60;61;62;63;64;65;66;67;68;69;70;71;72;73;74;75;76;77;78;79;80;81;82;83;84;85;86;87;88;89;90;91;92;93;94;95;96;97;98;99;100
Codice comune;Comune;Femmine
092003;Assemini;138;131;125;127;126;133;110;111;115;104;118;129;134;138;133;137;150;139;132;152;168;169;151;178;160;176;213;193;235;213;282;221;272;207;248;258;253;249;260;264;239;241;218;223;182;206;200;207;198;177;205;176;175;153;159;161;123;122;122;111;107;136;127;115;95;101;109;83;72;84;93;67;81;65;57;72;60;46;42;47;34;47;31;32;17;18;14;16;15;9;7;10;8;5;4;7;1;0;1;0;1
092009;Cagliari;542;458;520;472;554;473;473;481;526;539;586;540;602;629;635;661;617;714;726;709;785;896;918;968;1008;1066;1067;1169;1268;1398;1337;1341;1405;1281;1347;1319;1285;1320;1306;1348;1317;1250;1286;1229;1262;1249;1251;1278;1182;1320;1217;1286;1201;1297;1241;1246;1313;1177;1234;1101;1192;1243;1248;1298;1178;1111;1033;1094;1007;1057;1093;958;963;1051;916;916;836;873;752;806;676;644;585;541;390;271;278;266;329;246;220;174;140;115;60;64;32;30;20;5;20
092011;Capoterra;122;120;99;112;99;106;114;106;102;118;111;113;122;118;100;130;133;131;139;124;141;152;134;117;143;154;163;177;180;174;207;233;219;210;217;217;211;224;227;219;215;205;210;162;184;160;173;159;151;173;163;162;137;150;123;151;148;139;138;124;118;98;102;97;106;85;66;90;68;62;79;49;66;61;55;58;41;35;31;37;36;24;34;24;25;16;18;19;10;11;13;10;6;7;3;3;1;3;0;1;0
092015;Decimomannu;35;27;38;24;28;21;23;35;28;24;34;37;28;39;25;35;39;46;46;47;38;42;44;40;49;51;53;59;66;58;60;61;59;60;79;62;69;67;63;61;68;75;57;54;57;37;44;55;54;43;44;46;49;52;38;53;41;45;43;22;54;51;43;39;27;38;22;33;15;39;17;34;26;18;15;31;11;12;14;15;14;16;9;11;7;7;8;7;9;4;2;3;5;2;2;1;0;0;1;2;0
092037;Maracalagonis;39;34;38;37;27;33;29;30;29;40;29;36;34;39;44;43;48;40;38;43;50;55;58;59;41;37;58;58;64;55;68;54;66;64;62;68;65;58;61;61;56;45;47;40;42;44;48;52;34;53;44;27;43;50;43;37;42;30;39;35;27;48;32;40;36;28;28;37;33;28;24;13;15;21;17;19;13;22;18;16;15;11;10;15;10;7;2;6;2;4;0;6;2;0;4;1;1;0;0;0;0
092050;Pula;23;16;30;26;22;25;26;23;24;26;28;43;29;39;40;27;36;38;42;40;40;51;46;49;45;54;65;50;57;55;50;41;46;68;61;52;59;53;70;56;51;43;55;45;41;58;46;51;47;50;52;51;58;41;51;51;46;47;48;44;53;32;37;51;31;32;26;33;26;24;23;25;26;20;20;20;23;21;16;22;13;9;18;13;8;6;4;11;4;2;4;4;4;3;0;2;0;0;0;1;0
092051;Quartu Sant'Elena;315;308;336;318;311;278;291;344;309;337;349;359;366;371;375;367;356;380;407;369;416;485;443;465;432;481;466;591;569;594;621;641;644;647;654;631;674;676;721;641;668;679;666;606;603;561;580;595;557;529;522;492;521;512;449;520;456;438;400;381;364;369;318;378;317;307;279;247;232;263;245;202;209;207;213;184;169;160;137;163;123;132;117;103;89;59;54;60;46;47;31;33;26;16;8;17;9;10;2;2;1
092066;Sarroch;20;16;21;19;14;22;14;17;18;15;28;37;25;31;26;21;24;35;36;22;32;47;39;44;39;44;51;36;50;50;44;31;50;35;32;46;38;35;45;41;45;37;37;33;53;37;39;47;41;35;42;37;45;41;37;38;31;28;24;25;37;33;32;34;28;30;20;28;28;20;17;19;25;21;21;17;11;12;5;9;9;13;11;13;9;7;6;4;9;6;6;5;2;3;3;0;3;0;1;0;1
092068;Selargius;124;124;148;134;142;106;128;125;125;132;137;164;144;187;139;155;126;159;174;171;170;192;226;211;199;199;220;208;261;258;224;247;266;256;268;266;264;260;295;291;228;244;220;264;268;252;235;243;246;273;231;229;223;220;216;197;184;159;188;139;134;159;149;132;108;123;123;102;95;90;87;87;89;89;72;82;66;55;54;62;49;37;45;46;33;20;12;23;21;18;13;13;10;7;3;3;1;1;0;3;1
092074;Sestu;120;99;99;111;82;92;82;78;72;79;87;89;84;78;105;94;90;96;86;109;76;101;102;126;109;121;106;137;170;181;176;170;221;182;177;193;181;213;169;157;164;143;134;120;114;90;113;92;100;102;100;107;80;72;87;89;85;65;76;73;67;79;72;85;63;60;47;56;64;65;43;53;57;38;43;32;39;41;33;31;24;17;27;20;8;16;14;15;15;10;1;6;6;7;2;2;6;0;1;2;1
092075;Settimo San Pietro;25;24;26;22;28;21;29;26;21;28;38;29;31;37;36;41;37;42;47;31;43;49;56;52;46;50;57;51;58;53;53;41;32;54;46;46;55;51;55;48;48;54;63;55;36;47;38;62;46;55;42;42;54;38;39;42;34;34;38;28;23;28;29;40;32;25;17;19;19;19;18;18;12;14;21;9;14;14;15;14;11;12;10;8;13;5;7;7;4;4;4;2;5;2;2;1;1;0;0;0;1
092080;Sinnai;76;83;67;101;81;74;67;68;74;88;93;79;78;87;91;93;93;100;97;96;114;110;125;98;104;107;135;118;151;176;134;149;176;144;152;146;133;140;137;145;147;142;120;110;126;117;116;108;106;93;117;88;107;87;97;106;104;80;79;75;67;89;84;75;75;53;74;59;56;49;47;51;53;50;40;52;46;30;35;33;33;29;23;32;30;21;15;12;14;10;7;7;11;10;5;5;2;3;1;1;1
092090;Uta;28;33;37;31;26;32;25;29;35;28;43;40;59;46;53;37;39;52;42;39;41;73;44;58;52;56;47;48;34;41;60;60;54;53;69;62;64;53;61;60;63;58;66;42;56;50;44;48;26;40;41;37;37;42;39;44;46;38;36;23;34;31;39;37;32;25;30;26;23;31;29;26;18;26;23;16;13;13;16;15;13;10;15;14;16;2;7;5;5;5;4;4;4;2;2;3;0;0;0;0;0
092099;Villa San Pietro;7;8;6;4;7;11;9;9;7;9;7;7;9;14;8;10;15;12;13;9;13;15;14;15;12;21;24;24;21;15;19;12;15;18;19;13;12;11;16;10;10;9;18;7;17;14;11;19;13;15;18;13;15;16;9;15;14;16;9;11;14;10;9;8;6;9;2;7;2;8;6;9;5;5;3;3;3;4;1;6;2;3;6;1;1;3;1;3;1;0;1;0;0;0;0;0;0;0;0;0;0
092105;Quartucciu;54;52;45;44;45;39;53;40;51;60;59;66;52;69;66;56;52;60;58;68;60;66;86;63;86;77;89;106;92;110;116;112;103;98;118;92;100;129;135;117;109;113;110;73;98;95;77;82;75;85;69;79;66;79;85;68;58;68;68;49;51;61;61;54;61;53;44;50;47;51;47;42;44;47;31;42;30;42;27;23;24;20;23;31;16;10;16;10;10;9;6;9;5;7;5;1;0;1;1;1;0
092108;Elmas;27;46;43;33;31;27;39;29;28;35;43;50;46;39;53;43;63;57;46;44;48;57;65;57;38;65;62;58;67;69;73;73;79;74;68;92;62;83;68;80;81;76;73;68;83;72;62;58;74;70;69;57;70;52;47;62;58;46;47;31;48;41;41;34;36;27;33;32;30;28;31;31;38;18;28;33;25;26;18;21;11;18;16;22;9;5;8;5;6;3;2;5;0;1;0;0;0;0;0;0;0
092109;Monserrato;74;74;56;77;75;77;73;77;93;76;79;94;100;115;113;122;103;134;118;113;129;126;167;148;143;141;180;176;185;168;174;184;181;167;171;189;152;166;206;202;200;164;184;205;172;173;189;176;153;198;149;147;171;154;176;142;128;134;126;95;100;124;93;157;123;110;111;108;103;105;89;95;75;89;62;83;72;69;64;47;55;49;56;58;32;26;22;14;24;22;13;15;6;8;5;5;0;1;1;1;3
;Totale;1769;1653;1734;1692;1698;1570;1585;1628;1657;1738;1869;1912;1943;2076;2042;2072;2021;2235;2247;2186;2364;2686;2718;2748;2706;2900;3056;3259;3528;3668;3698;3671;3888;3618;3788;3752;3677;3788;3895;3801;3709;3578;3564;3336;3394;3262;3266;3332;3103;3311;3125;3076;3052;3056;2936;3022;2911;2666;2715;2367;2490;2632;2516;2674;2354;2217;2064;2104;1920;2023;1988;1779;1802;1840;1637;1669;1472;1475;1278;1367;1142;1091;1036;984;713;499;486;483;524;410;334;306;240;195;108;115;57;49;29;19;30

"Ricostruzione della popolazione intercensuaria - Popolazione al 1° gennaio per età"
"Tutte le cittadinanze - Anno: 2005 - Provincia: Cagliari"
Territorio/Età;;0;1;2;3;4;5;6;7;8;9;10;11;12;13;14;15;16;17;18;19;20;21;22;23;24;25;26;27;28;29;30;31;32;33;34;35;36;37;38;39;40;41;42;43;44;45;46;47;48;49;50;51;52;53;54;55;56;57;58;59;60;61;62;63;64;65;66;67;68;69;70;71;72;73;74;75;76;77;78;79;80;81;82;83;84;85;86;87;88;89;90;91;92;93;94;95;96;97;98;99;100
Codice comune;Comune;Totale
092003;Assemini;266;270;291;244;258;254;232;235;235;267;241;227;245;270;289;276;302;292;289;288;312;316;333;326;385;367;407;399;421;453;444;512;480;539;435;474;528;507;528;521;519;509;472;425;446;396;392;387;405;365;349;357;339;361;322;305;302;255;276;230;249;215;253;247;237;215;190;204;180;140;150;167;125;137;134;110;117;106;85;72;70;52;72;54;50;29;27;19;17;26;10;4;12;9;6;4;10;1;0;0;1
092009;Cagliari;1039;1080;966;1069;949;1094;973;1005;1047;1076;1123;1175;1112;1249;1321;1293;1354;1285;1429;1469;1513;1647;1769;1831;1918;1934;2157;2236;2377;2596;2711;2674;2681;2725;2548;2637;2505;2485;2558;2595;2605;2485;2364;2439;2369;2350;2289;2343;2354;2251;2349;2185;2317;2192;2346;2220;2312;2400;2147;2195;1970;2055;2215;2172;2287;2135;1948;1870;1889;1774;1818;1799;1629;1592;1673;1463;1476;1302;1338;1141;1186;1012;968;855;778;569;376;362;366;400;312;266;208;149;127;69;66;30;24;19;20
092011;Capoterra;226;261;237;219;230;225;229;241;206;221;238;232;249;235;262;236;273;275;235;268;252;283;316;290;286;293;315;334;340;352;386;421;430;437;429;449;429;454;452;457;441;435;420;380;346;382;317;352;320;341;319;305;302;289;306;257;296;284;283;272;236;214;214;218;200;201;170;147;166;131;128;149;111;127;115;105;107;86;61;64;64;48;41;52;43;36;20;23;27;16;11;20;16;7;9;5;4;1;0;0;1
092015;Decimomannu;75;72;67;69;68;64;56;49;70;72;64;70;67;73;89;72;71;79;93;85;97;80;85;87;103;91;101;99;126;137;134;130;135;126;126;135;125;140;146;131;124;137;114;118;116;114;105;80;108;102;82;87;100;89;81;86;94;87;91;87;56;92;84;85;77;60;72;57;65;37;64;44;50;44;36;24;56;20;32;23;25;18;28;15;16;10;10;12;9;10;3;4;4;3;2;3;4;1;0;1;1
092037;Maracalagonis;81;87;61;78;80;61;69;65;54;67;79;59;74;70;77;74;91;101;76;94;74;111;105;114;108;94;101;116;113;139;125;132;128;113;148;110;132;141;112;135;127;117;88;113;91;88;86;88;103;79;110;88;69;86;82;86;82;86;76;75;78;61;95;64;93;66;60;54;74;61;48;48;32;39;37;34;31;28;33;36;25;29;17;19;26;13;9;3;6;4;4;3;5;2;2;2;1;1;0;0;0
092050;Pula;54;47;45;62;68;52;49;62;53;59;59;50;75;62;68;66;78;74;60;81;93;85;89;90;96;98;129;124;108;123;123;114;98;109;122;141;117;133;120;137;113;109;115;100;95;100;101;103;98;92;102;107;99;102;91;105;113;94;103;101;88;86;83;83;92;69;70;65;70;50;54;49;52;45;41;43;33;41;37;19;30;16;18;21;19;13;6;7;14;6;8;7;3;4;2;1;1;1;1;1;1
092051;Quartu Sant'Elena;598;661;631;677;687;618;621;579;694;622;671;721;743;786;776;799;807;740;737;793;807;865;965;878;937;909;967;984;1116;1137;1254;1262;1269;1277;1275;1321;1210;1279;1325;1354;1313;1308;1309;1248;1172;1160;1117;1088;1084;1078;1055;1034;955;925;972;929;984;923;885;813;742;695;706;665;731;656;609;534;532;449;473;451;386;355;381;372;315;266;264;220;247;185;188;162;150;105;73;82;74;62;62;33;36;26;18;11;15;9;10;1;1
092066;Sarroch;32;48;38;49;38;32;35;24;38;48;40;41;67;51;54;52;51;49;65;72;68;75;80;87;95;81;91;96;91;98;102;90;75;101;75;78;82;62;79;91;86;91;77;101;63;88;74;73;87;88;73;84;74;83;75;71;70;67;72;57;62;66;63;62;74;58;56;45;55;43;47;41;35;47;48;38;35;25;22;12;13;14;20;19;20;9;10;8;8;7;8;6;7;3;0;4;0;4;0;1;1
092068;Selargius;250;263;254;285;278;271;245;255;243;280;288;285;331;285;353;320;324;278;328;363;376;372;382;442;425;417;405;426;430;495;526;499;473;532;503;507;514;524;517;540;580;470;463;474;485;487;468;451;482;450;515;431;437;419;427;415;389;344;350;357;258;289;316;275;266;228;242;216;191;166;161;173;161;167;159;134;118;102;96;90;101;72;67;66;74;41;21;18;26;22;23;16;11;10;4;3;2;1;2;0;4
092074;Sestu;215;243;202;204;206;192;204;169;169;160;170;172;173;178;186;189;183;187;183;193;202;189;210;213;249;222;263;263;287;314;396;384;372;415;380;395;397;390;394;343;349;349;307;281;251;234;224;242;220;201;200;185;197;181;160;184;172;157;155;148;145;140;156;161;174;137;130;109;121;103;108;107;88;94;77;79;58;72;61;58;59;34;32;41;24;14;20;19;15;16;12;2;11;6;7;1;2;4;0;0;1
092075;Settimo San Pietro;54;48;52;52;52;55;51;66;49;54;66;67;62;66;79;74;77;72;80;99;77;91;102;119;104;97;90;115;100;111;113;112;105;85;115;83;113;111;99;98;100;97;91;106;107;85;85;78;104;97;105;83;77;97;101;86;75;76;67;68;55;62;64;60;69;59;42;39;43;40;28;46;32;26;27;36;20;25;29;24;23;15;17;13;8;16;5;7;7;5;4;3;2;5;3;2;1;0;0;0;1
092080;Sinnai;170;156;168;154;183;149;150;133;152;173;172;199;176;168;176;175;200;178;193;205;205;238;229;254;229;227;237;259;263;300;306;271;316;323;309;282;289;298;308;279;280;284;292;239;253;257;247;223;219;214;197;218;186;193;188;206;193;181;167;177;149;123;167;158;154;142;122;133;121;101;99;95;87;95;95;82;98;77;57;63;50;55;47;43;47;38;26;16;14;14;12;10;12;9;9;4;4;2;3;1;2
092090;Uta;70;62;63;69;64;60;67;53;57;84;72;103;64;101;88;93;77;83;105;92;94;102;125;113;111;102;96;93;105;98;103;97;95;115;117;122;125;139;122;131;131;132;123;128;93;116;117;97;98;83;86;88;83;73;90;78;75;85;70;73;58;66;70;80;74;71;56;64;50;50;54;53;47;39;47;37;41;25;26;24;24;22;12;21;21;23;4;12;9;9;7;4;6;4;4;2;3;0;0;0;0
092099;Villa San Pietro;11;18;23;14;14;11;21;16;21;15;17;16;14;15;24;18;19;27;21;24;20;25;25;36;25;24;34;44;39;42;37;33;26;38;39;35;22;31;22;25;23;15;17;34;15;33;23;25;31;28;31;26;27;36;37;21;34;27;28;22;23;35;28;21;18;20;18;5;14;3;13;9;14;16;7;10;7;6;9;2;9;4;7;8;1;2;4;1;3;3;0;1;0;0;0;0;0;0;0;0;0
092105;Quartucciu;86;108;105;107;97;107;104;94;93;107;120;111;121;117;129;133;122;97;127;135;133;134;131;161;149;170;158;171;196;194;203;256;229;224;192;235;193;212;247;254;236;222;207;216;180;156;194;171;163;138;152;138;146;139;150;155;138;122;143;119;83;88;102;118;116;110;94;88;101;91;85;80;81;75;74;57;73;55;72;47;41;43;32;33;43;17;15;25;10;15;9;6;8;5;9;7;2;0;1;1;2
092108;Elmas;73;71;84;75;81;60;70;86;75;73;82;100;97;97;82;96;91;109;113;98;99;98;107;114;110;106;130;131;123;158;136;155;165;156;140;146;167;132;155;136;155;156;143;150;149;159;143;131;121;144;134;149;104;132;119;91;126;121;100;82;68;86;71;80;83;79;54;68;60;62;59;53;56;56;35;59;53;38;39;30;39;23;42;18;31;15;6;9;7;12;7;4;9;0;2;0;0;1;0;0;0
092109;Monserrato;145;161;148;130;148;149;165;164;151;182;189;140;199;234;244;222;232;247;250;253;260;282;272;322;294;271;294;368;340;357;346;351;337;352;306;334;346;322;333;376;390;368;355;315;373;344;331;363;331;315;367;295;307;325;284;323;270;248;258;261;195;217;247;181;253;241;199;191;201;181;162;169;178;146;143;116;138;115;108;93;73;91;70;84;87;45;41;31;23;38;30;17;13;10;8;4;3;1;1;1;2
;Totale;3445;3656;3435;3557;3501;3454;3341;3296;3407;3560;3691;3768;3869;4057;4297;4188;4352;4173;4384;4612;4682;4993;5325;5477;5624;5503;5975;6258;6575;7104;7445;7493;7414;7667;7259;7484;7294;7360;7517;7603;7572;7284;6957;6867;6604;6549;6313;6295;6328;6066;6226;5860;5819;5722;5831;5618;5725;5557;5271;5137;4515;4590;4934;4730;4998;4547;4132;3889;3933;3482;3551;3533;3164;3100;3129;2799;2776;2389;2369;2018;2079;1733;1678;1524;1438;995;673;654;635;665;522;406;363;252;212;122;118;57;42;26;38
Territorio/Età;;0;1;2;3;4;5;6;7;8;9;10;11;12;13;14;15;16;17;18;19;20;21;22;23;24;25;26;27;28;29;30;31;32;33;34;35;36;37;38;39;40;41;42;43;44;45;46;47;48;49;50;51;52;53;54;55;56;57;58;59;60;61;62;63;64;65;66;67;68;69;70;71;72;73;74;75;76;77;78;79;80;81;82;83;84;85;86;87;88;89;90;91;92;93;94;95;96;97;98;99;100
Codice comune;Comune;Maschi
092003;Assemini;129;134;160;121;132;129;99;124;125;150;133;107;119;134;151;143;164;143;152;158;160;147;165;171;207;209;223;184;216;216;222;223;235;261;228;229;264;241;275;260;257;268;229;208;224;211;190;188;200;169;174;155;160;190;162;144;142;133;153;106;138;106;116;122;122;120;89;96;97;68;68;74;59;60;70;53;46;47;43;33;25;18;26;24;19;13;10;7;3;11;3;0;6;3;2;0;3;0;0;0;0
092009;Cagliari;495;553;491;547;473;535;501;532;559;551;583;585;572;651;684;655;694;666;725;741;809;861;886;915;968;937;1106;1197;1224;1369;1353;1372;1372;1346;1295;1321;1215;1221;1250;1299;1265;1170;1123;1149;1143;1090;1045;1088;1085;1070;1036;964;1039;995;1061;986;1078;1083;983;974;877;870;982;941;1008;961;846;847;798;782;770;726;684;643;646;561;571;475;491;415;413;370;355;298;268;204;123;110;122;111;99;69;57;36;30;22;19;9;3;3;7
092011;Capoterra;105;139;119;122;119;130;123;125;103;116;124;122;136;114;144;138;147;143;107;129;131;145;166;157;170;159;169;163;161;170;202;218;196;220;218;234;203;242;231;229;222;217;216;171;184;196;155;179;156;190;148;145;141;152;154;135;139;131;149;132;114;98;116;117;103;95;87;77;77;63;66;67;61;62;56;51;52;49;28;32;27;16;18;18;19;11;4;8;8;6;3;7;9;1;2;2;1;0;0;0;0
092015;Decimomannu;37;37;38;31;44;36;35;28;35;43;39;38;30;45;49;47;36;40;47;39;49;41;45;44;62;44;52;40;67;71;77;71;77;63;65;56;64;71;78;67;64;67;40;64;60;55;68;34;53;48;39;42;53;39;32;45;42;45;46;44;34;39;33;41;40;32;34;35;33;23;25;26;18;18;18;10;25;10;20;10;11;6;11;6;5;4;3;5;3;4;1;2;2;0;0;1;2;1;0;0;0
092037;Maracalagonis;48;47;27;40;41;32;35;35;28;38;39;28;38;36;38;32;50;53;36;55;32;61;49;55;52;54;60;56;55;73;76;63;74;45;80;51;65;77;56;71;61;61;42;62;50;46;41;40;51;44;55;44;43;45;30;43;46;44;46;36;43;34;47;33;51;30;32;27;37;29;20;24;19;24;16;17;12;15;15;18;9;14;5;9;11;5;2;2;1;2;0;2;2;0;2;0;0;0;0;0;0
092050;Pula;29;23;28;31;40;30;24;34;27;33;33;21;32;35;30;26;49;40;23;40;51;45;37;45;48;45;72;57;57;63;62;62;50;56;50;79;61;74;63;65;54;62;69;43;47;57;43;56;47;46;52;55;49;43;51;54;61;49;51;54;44;32;51;45;41;37;39;40;37;25;30;26;27;19;21;23;13;17;18;4;8;3;10;7;6;4;3;4;3;2;7;3;1;2;0;1;0;1;1;1;0
092051;Quartu Sant'Elena;309;336;324;339;374;309;345;287;354;315;341;377;384;421;413;423;440;387;354;389;431;450;479;446;473;480;478;503;532;555;641;641;621;619;611;658;571;605;642;631;671;638;631;578;561;560;559;513;502;518;524;511;470;408;457;478;464;463;443;413;363;337;336;341;354;338;298;252;285;218;215;216;189;149;172;161;134;103;107;86;93;65;66;50;56;27;18;31;20;19;20;8;8;4;6;5;5;1;1;0;1
092066;Sarroch;15;27;24;27;19;22;13;10;21;31;22;16;29;28;22;26;30;24;32;35;45;40;35;47;50;39;46;46;55;49;52;47;46;55;41;46;37;26;41;45;42;44;40;63;30;36;37;32;38;48;40;43;38;38;34;34;32;37;44;34;37;29;30;33;40;31;23;25;28;16;27;25;16;22;27;18;19;13;10;7;4;5;8;8;9;0;3;2;4;2;2;2;2;1;0;1;0;1;0;0;0
092068;Selargius;124;140;130;133;147;131;139;124;119;153;158;143;164;144;164;181;167;150;167;187;202;201;186;211;207;225;205;211;215;229;276;268;212;258;237;233;242;258;254;243;282;234;220;251;218;217;210;216;236;207;241;202;210;196;206;197;191;165;190;167;121;155;156;129;136;120;119;92;89;71;71;87;80;82;75;63;36;39;40;36;42;24;32;23;34;10;5;8;8;5;9;5;3;2;0;2;0;0;1;0;2
092074;Sestu;101;119;102;104;95;104;110;85;89;88;92;85;85;93;107;84;88;95;86;105;92;113;109;109;118;110;136;140;136;137;199;195;190;183;181;209;198;208;177;163;184;183;157;142;128;118;130;128;125;100;95;85;86;101;87;97;84;72;86;73;70;73;77;86;89;75;69;62;66;39;44;63;35;38;40;36;27;34;21;26;28;11;14;14;8;8;7;8;2;3;5;2;5;3;3;1;0;1;0;0;0
092075;Settimo San Pietro;28;23;27;28;27;28;30;36;22;33;38;28;33;36;41;38;35;33;37;48;47;47;54;59;50;50;39;56;53;54;53;62;66;55;64;38;66;55;48;43;51;50;37;43;52;48;41;38;45;51;50;40;35;44;63;47;32;40;33;30;27;38;36;31;29;27;17;22;24;21;8;28;14;14;13;15;11;11;16;9;9;4;6;4;1;4;2;0;2;3;1;0;1;0;1;0;0;0;0;0;0
092080;Sinnai;95;81;83;85;84;69;77;67;82;98;83;107;96;88;91;86;103;84;93;108;109;123;113;127;123;122;130;124;146;151;131;136;165;145;161;128;143;162;168;143;135;136;149;121;141;132;130;107;106;104;105;105;99;87;101;107;84;78;87;96;71;58;82;76;75;67;67;58;62;47;51;47;35;41;44;43;45;32;29;30;17;21;16;21;16;8;5;4;3;3;5;3;5;2;0;1;3;0;0;0;0
092090;Uta;41;34;31;31;31;35;35;27;27;50;45;58;25;41;43;40;39;43;52;50;55;61;50;67;51;50;40;48;53;62;58;36;36;61;58;55;66;73;68;73;71;70;65;61;51;59;65;53;48;56;46;47;46;33;48;40;31;39;32;36;35;31;39;41;37;38;31;34;24;27;23;24;22;21;21;14;24;11;13;9;9;10;2;7;10;8;2;5;5;4;3;1;3;1;2;0;0;0;0;0;0
092099;Villa San Pietro;5;10;14;9;10;4;10;6;11;8;7;7;7;6;10;10;9;13;8;12;11;13;8;22;12;13;13;21;16;21;21;15;14;22;20;17;9;19;14;9;12;5;8;16;8;17;8;15;12;15;15;8;14;20;21;13;19;13;13;13;12;21;18;11;10;14;10;3;7;1;5;3;5;11;2;7;4;3;5;1;3;2;4;1;0;1;1;0;0;2;0;0;0;0;0;0;0;0;0;0;0
092105;Quartucciu;43;54;53;63;54;63;65;42;53;57;60;53;57;64;63;67;68;47;66;75;62;73;65;71;85;89;77;80;85;98;95;136;112;115;88;117;102;110;117;120;118;116;92;107;109;60;98;93;84;67;67;71;67;71;72;71;69;65;78;53;36;40;44;56;62;49;42;45;51;44;36;33;39;32;25;26;33;25;29;19;18;20;13;12;13;3;4;13;1;7;2;0;1;0;3;2;1;0;0;0;1
092108;Elmas;41;41;36;29;45;28;40;47;43;44;43;54;44;52;45;43;48;47;52;50;54;52;48;49;55;65;66;70;63;84;69;80;84;72;61;76;76;68;64;71;70;75;65;76;80;74;73;65;63;69;62;78;46;62;64;42;62;61;53;33;37;39;31;39;49;43;28;36;28;32;31;22;25;20;17;30;20;13;14;12;17;13;22;3;9;7;1;2;2;6;5;1;3;0;1;0;0;1;0;0;0
092109;Monserrato;83;88;75;73;72;72;86;89;78;90;112;63;104;136;130;110;113;144;120;139;150;150;145;163;150;127;154;188;167;176;184;177;153;172;144;160;160;165;166;166;184;170;184;135;171;170;162;175;153;167;173;147;164;151;130;149;129;118;125;137;101;117;123;88;96;120;92;81;92;81;59;79;82;72;54;52;54;45;41;29;26;39;23;30;31;13;15;11;11;16;10;5;1;4;3;1;1;0;0;0;0
;Totale;1728;1886;1762;1813;1807;1757;1767;1698;1776;1898;1952;1892;1955;2124;2225;2149;2280;2152;2157;2360;2490;2623;2640;2758;2881;2818;3066;3184;3301;3578;3771;3802;3703;3748;3602;3707;3542;3675;3712;3698;3743;3566;3367;3290;3257;3146;3055;3020;3004;2969;2922;2742;2760;2675;2773;2682;2705;2636;2612;2431;2160;2117;2317;2230;2342;2197;1923;1832;1835;1587;1549;1570;1410;1328;1317;1180;1126;942;940;776;759;641;631;535;515;330;208;220;198;206;175;110;109;59;55;39;35;15;6;4;11
Territorio/Età;;0;1;2;3;4;5;6;7;8;9;10;11;12;13;14;15;16;17;18;19;20;21;22;23;24;25;26;27;28;29;30;31;32;33;34;35;36;37;38;39;40;41;42;43;44;45;46;47;48;49;50;51;52;53;54;55;56;57;58;59;60;61;62;63;64;65;66;67;68;69;70;71;72;73;74;75;76;77;78;79;80;81;82;83;84;85;86;87;88;89;90;91;92;93;94;95;96;97;98;99;100
Codice comune;Comune;Femmine
092003;Assemini;137;136;131;123;126;125;133;111;110;117;108;120;126;136;138;133;138;149;137;130;152;169;168;155;178;158;184;215;205;237;222;289;245;278;207;245;264;266;253;261;262;241;243;217;222;185;202;199;205;196;175;202;179;171;160;161;160;122;123;124;111;109;137;125;115;95;101;108;83;72;82;93;66;77;64;57;71;59;42;39;45;34;46;30;31;16;17;12;14;15;7;4;6;6;4;4;7;1;0;0;1
092009;Cagliari;544;527;475;522;476;559;472;473;488;525;540;590;540;598;637;638;660;619;704;728;704;786;883;916;950;997;1051;1039;1153;1227;1358;1302;1309;1379;1253;1316;1290;1264;1308;1296;1340;1315;1241;1290;1226;1260;1244;1255;1269;1181;1313;1221;1278;1197;1285;1234;1234;1317;1164;1221;1093;1185;1233;1231;1279;1174;1102;1023;1091;992;1048;1073;945;949;1027;902;905;827;847;726;773;642;613;557;510;365;253;252;244;289;213;197;151;113;97;47;47;21;21;16;13
092011;Capoterra;121;122;118;97;111;95;106;116;103;105;114;110;113;121;118;98;126;132;128;139;121;138;150;133;116;134;146;171;179;182;184;203;234;217;211;215;226;212;221;228;219;218;204;209;162;186;162;173;164;151;171;160;161;137;152;122;157;153;134;140;122;116;98;101;97;106;83;70;89;68;62;82;50;65;59;54;55;37;33;32;37;32;23;34;24;25;16;15;19;10;8;13;7;6;7;3;3;1;0;0;1
092015;Decimomannu;38;35;29;38;24;28;21;21;35;29;25;32;37;28;40;25;35;39;46;46;48;39;40;43;41;47;49;59;59;66;57;59;58;63;61;79;61;69;68;64;60;70;74;54;56;59;37;46;55;54;43;45;47;50;49;41;52;42;45;43;22;53;51;44;37;28;38;22;32;14;39;18;32;26;18;14;31;10;12;13;14;12;17;9;11;6;7;7;6;6;2;2;2;3;2;2;2;0;0;1;1
092037;Maracalagonis;33;40;34;38;39;29;34;30;26;29;40;31;36;34;39;42;41;48;40;39;42;50;56;59;56;40;41;60;58;66;49;69;54;68;68;59;67;64;56;64;66;56;46;51;41;42;45;48;52;35;55;44;26;41;52;43;36;42;30;39;35;27;48;31;42;36;28;27;37;32;28;24;13;15;21;17;19;13;18;18;16;15;12;10;15;8;7;1;5;2;4;1;3;2;0;2;1;1;0;0;0
092050;Pula;25;24;17;31;28;22;25;28;26;26;26;29;43;27;38;40;29;34;37;41;42;40;52;45;48;53;57;67;51;60;61;52;48;53;72;62;56;59;57;72;59;47;46;57;48;43;58;47;51;46;50;52;50;59;40;51;52;45;52;47;44;54;32;38;51;32;31;25;33;25;24;23;25;26;20;20;20;24;19;15;22;13;8;14;13;9;3;3;11;4;1;4;2;2;2;0;1;0;0;0;1
092051;Quartu Sant'Elena;289;325;307;338;313;309;276;292;340;307;330;344;359;365;363;376;367;353;383;404;376;415;486;432;464;429;489;481;584;582;613;621;648;658;664;663;639;674;683;723;642;670;678;670;611;600;558;575;582;560;531;523;485;517;515;451;520;460;442;400;379;358;370;324;377;318;311;282;247;231;258;235;197;206;209;211;181;163;157;134;154;120;122;112;94;78;55;51;54;43;42;25;28;22;12;6;10;8;9;1;0
092066;Sarroch;17;21;14;22;19;10;22;14;17;17;18;25;38;23;32;26;21;25;33;37;23;35;45;40;45;42;45;50;36;49;50;43;29;46;34;32;45;36;38;46;44;47;37;38;33;52;37;41;49;40;33;41;36;45;41;37;38;30;28;23;25;37;33;29;34;27;33;20;27;27;20;16;19;25;21;20;16;12;12;5;9;9;12;11;11;9;7;6;4;5;6;4;5;2;0;3;0;3;0;1;1
092068;Selargius;126;123;124;152;131;140;106;131;124;127;130;142;167;141;189;139;157;128;161;176;174;171;196;231;218;192;200;215;215;266;250;231;261;274;266;274;272;266;263;297;298;236;243;223;267;270;258;235;246;243;274;229;227;223;221;218;198;179;160;190;137;134;160;146;130;108;123;124;102;95;90;86;81;85;84;71;82;63;56;54;59;48;35;43;40;31;16;10;18;17;14;11;8;8;4;1;2;1;1;0;2
092074;Sestu;114;124;100;100;111;88;94;84;80;72;78;87;88;85;79;105;95;92;97;88;110;76;101;104;131;112;127;123;151;177;197;189;182;232;199;186;199;182;217;180;165;166;150;139;123;116;94;114;95;101;105;100;111;80;73;87;88;85;69;75;75;67;79;75;85;62;61;47;55;64;64;44;53;56;37;43;31;38;40;32;31;23;18;27;16;6;13;11;13;13;7;0;6;3;4;0;2;3;0;0;1
092075;Settimo San Pietro;26;25;25;24;25;27;21;30;27;21;28;39;29;30;38;36;42;39;43;51;30;44;48;60;54;47;51;59;47;57;60;50;39;30;51;45;47;56;51;55;49;47;54;63;55;37;44;40;59;46;55;43;42;53;38;39;43;36;34;38;28;24;28;29;40;32;25;17;19;19;20;18;18;12;14;21;9;14;13;15;14;11;11;9;7;12;3;7;5;2;3;3;1;5;2;2;1;0;0;0;1
092080;Sinnai;75;75;85;69;99;80;73;66;70;75;89;92;80;80;85;89;97;94;100;97;96;115;116;127;106;105;107;135;117;149;175;135;151;178;148;154;146;136;140;136;145;148;143;118;112;125;117;116;113;110;92;113;87;106;87;99;109;103;80;81;78;65;85;82;79;75;55;75;59;54;48;48;52;54;51;39;53;45;28;33;33;34;31;22;31;30;21;12;11;11;7;7;7;7;9;3;1;2;3;1;2
092090;Uta;29;28;32;38;33;25;32;26;30;34;27;45;39;60;45;53;38;40;53;42;39;41;75;46;60;52;56;45;52;36;45;61;59;54;59;67;59;66;54;58;60;62;58;67;42;57;52;44;50;27;40;41;37;40;42;38;44;46;38;37;23;35;31;39;37;33;25;30;26;23;31;29;25;18;26;23;17;14;13;15;15;12;10;14;11;15;2;7;4;5;4;3;3;3;2;2;3;0;0;0;0
092099;Villa San Pietro;6;8;9;5;4;7;11;10;10;7;10;9;7;9;14;8;10;14;13;12;9;12;17;14;13;11;21;23;23;21;16;18;12;16;19;18;13;12;8;16;11;10;9;18;7;16;15;10;19;13;16;18;13;16;16;8;15;14;15;9;11;14;10;10;8;6;8;2;7;2;8;6;9;5;5;3;3;3;4;1;6;2;3;7;1;1;3;1;3;1;0;1;0;0;0;0;0;0;0;0;0
092105;Quartucciu;43;54;52;44;43;44;39;52;40;50;60;58;64;53;66;66;54;50;61;60;71;61;66;90;64;81;81;91;111;96;108;120;117;109;104;118;91;102;130;134;118;106;115;109;71;96;96;78;79;71;85;67;79;68;78;84;69;57;65;66;47;48;58;62;54;61;52;43;50;47;49;47;42;43;49;31;40;30;43;28;23;23;19;21;30;14;11;12;9;8;7;6;7;5;6;5;1;0;1;1;1
092108;Elmas;32;30;48;46;36;32;30;39;32;29;39;46;53;45;37;53;43;62;61;48;45;46;59;65;55;41;64;61;60;74;67;75;81;84;79;70;91;64;91;65;85;81;78;74;69;85;70;66;58;75;72;71;58;70;55;49;64;60;47;49;31;47;40;41;34;36;26;32;32;30;28;31;31;36;18;29;33;25;25;18;22;10;20;15;22;8;5;7;5;6;2;3;6;0;1;0;0;0;0;0;0
092109;Monserrato;62;73;73;57;76;77;79;75;73;92;77;77;95;98;114;112;119;103;130;114;110;132;127;159;144;144;140;180;173;181;162;174;184;180;162;174;186;157;167;210;206;198;171;180;202;174;169;188;178;148;194;148;143;174;154;174;141;130;133;124;94;100;124;93;157;121;107;110;109;100;103;90;96;74;89;64;84;70;67;64;47;52;47;54;56;32;26;20;12;22;20;12;12;6;5;3;2;1;1;1;2
;Totale;1717;1770;1673;1744;1694;1697;1574;1598;1631;1662;1739;1876;1914;1933;2072;2039;2072;2021;2227;2252;2192;2370;2685;2719;2743;2685;2909;3074;3274;3526;3674;3691;3711;3919;3657;3777;3752;3685;3805;3905;3829;3718;3590;3577;3347;3403;3258;3275;3324;3097;3304;3118;3059;3047;3058;2936;3020;2921;2659;2706;2355;2473;2617;2500;2656;2350;2209;2057;2098;1895;2002;1963;1754;1772;1812;1619;1650;1447;1429;1242;1320;1092;1047;989;923;665;465;434;437;459;347;296;254;193;157;83;83;42;36;22;27

"Ricostruzione della popolazione intercensuaria - Popolazione al 1° gennaio per età"
"Tutte le cittadinanze - Anno: 2006 - Provincia: Cagliari"
Territorio/Età;;0;1;2;3;4;5;6;7;8;9;10;11;12;13;14;15;16;17;18;19;20;21;22;23;24;25;26;27;28;29;30;31;32;33;34;35;36;37;38;39;40;41;42;43;44;45;46;47;48;49;50;51;52;53;54;55;56;57;58;59;60;61;62;63;64;65;66;67;68;69;70;71;72;73;74;75;76;77;78;79;80;81;82;83;84;85;86;87;88;89;90;91;92;93;94;95;96;97;98;99;100
Codice comune;Comune;Totale
092003;Assemini;316;273;266;289;252;258;252;235;232;234;261;240;227;247;266;292;272;297;300;288;289;311;309;334;329;389;367;406;424;440;478;451;534;511;553;452;486;539;516;547;533;517;506;474;423;447;395;392;383;397;369;342;353;341;355;319;306;303;261;273;228;247;221;252;249;238;225;187;200;182;138;148;166;118;133;136;106;116;102;79;69;67;50;69;47;44;26;23;19;19;19;8;1;5;9;5;2;9;1;0;0
092009;Cagliari;1038;1019;1054;957;1060;953;1100;986;1014;1056;1080;1132;1189;1128;1255;1338;1293;1353;1293;1428;1480;1524;1646;1776;1799;1914;1928;2097;2191;2311;2507;2616;2621;2618;2625;2442;2577;2456;2434;2537;2553;2593;2468;2341;2432;2335;2340;2277;2343;2348;2249;2332;2172;2301;2186;2332;2192;2292;2376;2140;2175;1936;2018;2197;2145;2259;2093;1910;1834;1858;1742;1790;1764;1596;1540;1626;1414;1420;1273;1299;1080;1125;949;907;813;731;509;340;324;318;344;267;230;171;116;93;54;53;21;19;23
092011;Capoterra;240;234;260;237;226;219;230;229;245;204;221;231;231;248;239;258;233;278;275;235;269;255;288;311;286;283;305;326;352;359;353;400;427;428;448;425;458;425;468;456;457;448;442;419;385;347;384;320;358;321;339;329;312;296;284;301;263;297;285;283;279;231;216;218;217;199;198;178;148;165;126;129;148;110;124;117;102;104;84;58;61;64;46;43;51;39;29;17;22;26;12;11;18;14;4;6;4;3;1;0;0
092015;Decimomannu;74;77;78;68;69;73;65;60;49;71;74;67;74;69;72;90;69;74;79;92;81;95;79;90;93;107;92;110;95;131;139;141;124;142;128;121;138;128;143;145;132;131;137;116;121;117;114;106;80;108;101;84;87;99;93;85;90;94;88;90;88;57;91;84;84;77;59;71;56;64;36;62;41;49;43;37;25;55;18;31;21;24;19;28;14;12;10;9;11;6;8;0;3;3;2;0;1;2;1;0;1
092037;Maracalagonis;78;80;89;63;77;77;65;71;66;60;68;84;60;70;69;77;75;91;98;72;93;78;113;106;119;107;100;104;122;111;140;127;140;126;117;148;113;135;144;117;135;127;120;94;113;92;91;84;86;101;79;109;91;68;89;80;84;85;85;77;76;78;65;91;60;92;68;58;55;69;59;47;47;32;39;34;35;30;29;30;33;25;26;16;17;25;12;9;5;5;3;3;1;4;2;1;2;1;0;0;0
092050;Pula;57;50;46;45;62;71;54;49;65;54;60;62;53;76;64;66;67;78;75;59;80;93;85;86;89;97;103;129;127;107;130;121;112;100;106;120;143;114;129;123;137;111;112;125;99;95;101;108;98;98;97;103;110;104;101;95;107;117;97;105;102;96;89;85;84;94;72;69;70;70;49;51;49;52;39;46;43;33;42;37;21;29;16;18;21;15;11;6;6;11;6;6;4;2;3;0;1;1;0;0;1
092051;Quartu Sant'Elena;628;591;654;627;679;685;621;616;571;686;623;672;719;741;773;772;799;811;740;736;795;809;863;970;888;940;919;959;990;1108;1125;1265;1285;1285;1308;1282;1313;1224;1267;1310;1360;1316;1312;1313;1247;1176;1159;1124;1091;1089;1082;1054;1040;947;918;967;934;973;920;878;810;738;697;697;659;718;649;600;524;525;430;466;441;378;354;372;368;314;254;250;211;232;181;173;154;144;97;68;75;58;56;50;31;31;22;16;9;10;8;7;1
092066;Sarroch;30;30;45;37;43;39;32;37;25;35;42;37;43;66;52;57;52;50;50;61;75;68;69;82;83;91;82;95;98;89;95;96;95;73;97;71;79;88;61;79;91;84;91;77;100;64;92;73;75;87;88;70;82;78;82;76;71;68;70;72;56;63;66;66;59;75;57;53;44;55;42;47;38;36;46;45;37;35;25;21;12;11;12;20;15;18;9;7;8;7;6;5;5;6;3;0;2;0;3;0;1
092068;Selargius;202;242;264;264;290;291;266;245;254;239;284;291;283;331;288;351;321;326;280;322;360;368;365;375;431;421;414;398;430;431;504;539;509;471;520;519;511;520;523;511;532;571;462;465;480;489;485;468;445;479;442;515;426;434;415;426;416;397;341;347;350;261;290;317;272;268;225;241;212;188;162;162;172;156;165;157;129;117;102;95;86;92;71;61;62;65;39;20;18;24;17;21;13;10;9;4;1;2;1;2;3
092074;Sestu;243;219;248;213;208;204;187;197;172;168;159;173;174;176;179;183;191;184;189;183;198;200;194;211;219;250;227;279;288;318;342;417;411;421;456;415;429;416;401;409;365;367;362;307;279;253;237;225;241;218;200;198;185;199;181;162;181;173;159;158;144;151;142;155;158;172;137;135;109;122;102;108;105;87;93;74;77;55;69;57;56;59;32;30;41;26;12;18;14;13;15;11;2;7;5;7;1;2;3;0;1
092075;Settimo San Pietro;48;58;48;51;52;52;50;52;68;51;53;66;69;61;64;81;74;78;72;81;100;79;89;100;116;106;99;97;116;99;106;116;114;105;91;120;85;109;112;100;100;104;98;93;107;109;89;86;82;100;99;106;85;77;96;101;86;73;75;68;66;55;62;63;58;69;61;43;38;42;40;27;45;32;25;24;34;20;21;28;22;20;13;11;12;9;15;5;6;6;5;1;2;2;3;2;2;0;0;0;1
092080;Sinnai;132;164;159;167;152;179;143;152;137;154;172;169;198;176;160;176;174;199;180;194;201;208;232;223;247;223;225;237;253;263;312;320;282;329;324;321;292;290;301;308;273;281;282;295;238;254;249;245;225;217;212;199;218;187;190;189;204;191;183;173;176;152;123;169;153;149;142;124;128;117;101;98;95;90;95;96;80;96;73;57;62;49;53;49;38;47;37;27;16;12;15;11;9;9;9;9;1;4;2;3;1
092090;Uta;56;67;67;64;70;64;63;67;54;57;84;72;100;65;97;86;94;74;86;108;92;94;102;125;107;110;108;99;95;116;106;107;97;96;117;120;121;119;139;122;131;132;129;126;126;94;115;115;99;98;82;87;88;83;73;88;81;77;88;69;73;59;67;70;79;73;72;56;64;50;49;52;51;47;38;45;36;39;24;25;23;20;22;12;17;20;22;5;10;9;6;6;4;5;1;3;0;3;0;0;0
092099;Villa San Pietro;20;11;17;25;15;14;11;21;13;20;15;15;15;14;13;24;19;20;27;23;25;18;27;22;36;28;25;31;44;37;43;37;29;23;40;41;36;24;28;20;23;24;18;21;33;16;33;24;26;31;28;31;26;26;36;36;22;32;27;28;23;25;35;29;21;20;20;16;5;14;4;13;7;14;14;7;9;7;6;8;2;7;4;6;8;1;2;4;1;3;3;0;0;0;0;0;0;0;0;0;0
092105;Quartucciu;119;90;104;114;105;97;112;104;98;100;109;122;114;125;122;129;136;124;100;132;136;131;138;127;162;148;162;171;173;197;211;214;266;229;239;200;243;198;227;256;255;249;224;202;219;178;155;200;169;162;145;156;134;150;141;150;155;140;124;142;117;82;89;100;122;116;117;96;88;103;89;82;78;78;73;72;52;72;54;69;45;39;41;33;30;37;14;15;20;10;12;10;6;6;5;6;5;1;0;1;3
092108;Elmas;68;78;76;87;76;86;60;73;86;77;73;81;105;98;95;86;100;91;110;113;98;100;101;105;116;112;105;137;130;117;158;136;159;163;163;143;147;179;142;162;143;163;156;148;148;147;157;150;133;125;142;133;145;106;134;117;96;125;122;101;84;71;87;70;81;84;78;56;70;62;63;60;53;54;54;36;59;53;36;38;26;35;22;39;16;26;9;6;8;6;9;5;1;9;0;2;0;0;1;0;0
092109;Monserrato;142;155;170;147;134;149;146;162;162;153;185;182;138;199;233;243;223;229;247;250;257;266;278;273;326;288;269;299;360;356;364;344;359;339;351;327;341;342;319;332;381;386;371;358;310;380;343;332;362;335;316;361;299;308;323;281;326;269;249;252;261;193;216;243;178;249;241;199;190;195;185;164;162;171;145;135;115;135;109;103;84;73;84;64;73;76;42;37;25;20;32;25;12;12;9;5;3;3;1;1;3
;Totale;3491;3438;3645;3455;3570;3511;3457;3356;3311;3419;3563;3696;3792;3890;4041;4309;4192;4357;4201;4377;4629;4697;4978;5316;5446;5614;5530;5974;6288;6590;7113;7447;7564;7459;7683;7267;7512;7306;7354;7534;7601;7604;7290;6974;6860;6593;6539;6329;6296;6314;6070;6209;5853;5804;5697;5805;5614;5706;5550;5256;5108;4495;4574;4906;4679;4952;4514;4092;3835;3881;3417;3506;3462;3100;3020;3059;2721;2701;2321;2285;1914;1971;1641;1579;1429;1335;895;616;588;553;568;440;342;296;202;159;88;94;43;33;39
Territorio/Età;;0;1;2;3;4;5;6;7;8;9;10;11;12;13;14;15;16;17;18;19;20;21;22;23;24;25;26;27;28;29;30;31;32;33;34;35;36;37;38;39;40;41;42;43;44;45;46;47;48;49;50;51;52;53;54;55;56;57;58;59;60;61;62;63;64;65;66;67;68;69;70;71;72;73;74;75;76;77;78;79;80;81;82;83;84;85;86;87;88;89;90;91;92;93;94;95;96;97;98;99;100
Codice comune;Comune;Maschi
092003;Assemini;170;134;134;154;128;135;128;104;119;125;145;131;106;119;132;151;142;160;148;150;157;159;141;164;174;206;208;221;197;228;230;229;232;247;259;233;245;272;246;286;267;256;268;233;206;224;207;186;184;195;167;174;153;160;191;162;144;141;135;150;106;136;109;118;121;122;126;87;92;98;65;67;73;55;57;72;50;45;46;38;30;22;16;23;19;16;12;10;8;5;9;2;0;3;3;2;0;2;0;0;0
092009;Cagliari;546;493;541;481;550;471;548;513;538;560;552;592;588;586;657;696;654;691;673;730;749;798;854;890;900;971;948;1072;1160;1189;1338;1306;1344;1329;1292;1220;1286;1196;1189;1235;1265;1262;1154;1109;1144;1121;1083;1043;1090;1068;1067;1024;960;1025;985;1054;968;1073;1067;982;968;855;853;972;925;994;933;822;824;779;766;757;713;667;623;625;532;538;459;470;388;386;346;325;281;246;185;109;96;103;95;81;54;41;24;23;17;17;7;1;4
092011;Capoterra;129;104;139;118;128;118;130;124;128;101;117;117;119;133;116;144;137;149;145;108;130;133;148;166;153;165;164;174;173;167;171;213;219;196;231;209;236;201;247;233;229;228;221;215;179;184;199;157;181;157;187;154;148;137;147;151;137;138;130;150;133;112;97;122;115;104;94;92;80;77;61;66;64;60;60;58;49;49;48;26;31;26;15;16;20;17;10;3;8;8;5;2;7;9;1;1;1;1;0;0;0
092015;Decimomannu;40;38;42;39;30;48;37;38;28;36;44;41;41;29;44;49;43;38;39;46;36;48;42;45;47;63;45;57;38;69;75;76;68;83;64;58;58;65;75;77;69;65;67;40;65;60;55;68;34;52;47;40;42;52;42;36;47;42;47;46;44;35;38;33;40;39;32;33;35;32;22;25;25;19;17;19;10;25;8;20;8;10;7;12;6;3;4;2;5;2;4;0;2;2;0;0;1;2;1;0;0
092037;Maracalagonis;46;46;47;28;38;41;34;35;35;33;39;39;29;37;36;38;32;51;53;35;56;36;61;48;57;50;55;63;57;55;71;79;66;71;47;79;56;67;80;59;71;60;65;45;63;52;49;40;38;49;43;54;44;41;49;28;43;48;43;47;37;43;37;46;31;51;31;30;28;32;28;19;23;19;24;14;17;11;15;14;16;9;11;5;7;10;4;2;3;1;1;0;0;2;0;1;0;0;0;0;0
092050;Pula;31;29;22;29;31;42;32;24;36;28;34;35;22;33;38;29;27;51;40;21;41;50;45;34;43;47;48;70;60;52;70;59;64;51;52;51;81;58;71;67;66;53;63;75;42;46;58;48;52;47;48;52;56;51;43;55;56;59;52;53;54;48;34;52;46;44;40;36;44;37;23;29;26;28;16;23;22;13;18;19;5;7;3;10;7;3;4;3;3;3;2;6;2;0;2;0;1;0;0;0;1
092051;Quartu Sant'Elena;328;310;332;328;345;368;309;341;281;353;321;342;378;382;409;409;428;443;387;354;388;433;449;477;443;482;491;470;504;523;550;646;651;634;634;625;657;586;599;632;637;668;638;632;569;562;563;564;508;514;521;520;514;465;400;452;483;457;460;440;407;355;338;332;339;347;330;296;246;278;207;211;210;184;147;164;163;131;99;99;82;88;62;59;46;54;26;17;25;12;16;16;7;7;4;5;5;3;1;1;1
092066;Sarroch;13;15;26;22;23;20;23;13;11;19;28;21;18;30;28;23;26;28;25;31;36;44;39;36;45;51;40;50;46;55;49;50;51;44;54;38;45;42;25;43;44;41;45;41;63;30;38;36;33;38;47;38;42;41;38;34;34;31;38;42;33;37;29;30;31;41;31;22;25;28;16;27;25;16;20;27;19;19;12;10;7;2;3;8;8;10;0;1;2;3;2;2;2;2;1;0;1;0;0;0;0
092068;Selargius;114;124;142;135;131;153;128;138;123;117;155;160;141;166;147;162;180;168;153;163;187;196;196;184;210;205;223;202;205;215;238;276;272;210;248;250;236;242;253;253;232;279;231;222;253;223;217;214;210;236;203;243;199;208;193;209;199;196;162;187;162;122;153;157;129;136;120;120;90;86;67;72;87;77;81;73;64;36;38;41;33;34;23;28;20;26;10;5;8;7;4;8;4;3;1;0;0;0;0;1;2
092074;Sestu;125;105;118;111;107;93;99;108;88;87;85;93;88;88;92;105;85;89;95;84;106;90;114;106;108;118;112;145;155;144;149;210;214;222;201;201;224;207;215;185;177;191;193;158;142;131;119;129;127;123;100;93;85;88;100;86;96;85;75;87;69;76;73;75;85;86;74;71;61;66;37;43;63;34;37;38;37;23;33;19;25;29;9;13;13;9;7;6;5;2;3;5;2;2;2;3;1;0;0;0;0
092075;Settimo San Pietro;20;31;25;27;27;28;24;31;36;23;32;38;30;32;35;40;38;35;33;38;48;48;48;52;58;50;50;43;59;54;51;56;62;66;58;65;39;64;57;51;45;54;52;37;42;54;50;41;39;42;51;50;42;35;43;63;47;32;39;33;28;27;38;35;29;29;29;17;22;23;22;7;27;14;14;12;14;11;8;16;8;9;4;2;3;1;3;2;0;2;3;0;0;1;0;0;0;0;0;0;0
092080;Sinnai;79;93;83;84;81;85;64;78;71;83;95;83;105;97;86;91;87;102;84;96;106;107;120;113;122;117;122;126;120;142;154;139;144;173;146;166;131;140;163;169;144;138;135;153;122;141;128;127;110;104;104;106;105;101;86;101;106;83;81;88;95;72;55;82;73;73;67;68;56;62;46;50;46;36;41;47;41;44;29;32;29;17;19;18;21;17;8;7;5;2;3;6;3;3;2;0;0;3;0;0;0
092090;Uta;26;38;37;31;31;31;36;35;28;27;50;44;58;26;40;41;40;36;45;54;51;55;61;52;63;50;54;42;47;59;66;62;39;38;59;61;57;61;73;66;73;71;68;66;59;51;61;64;54;48;56;46;48;47;32;47;40;33;41;32;36;36;30;38;42;36;39;31;34;24;26;22;22;23;21;19;13;23;10;11;10;8;10;2;4;8;8;2;5;5;1;3;1;2;0;1;0;0;0;0;0
092099;Villa San Pietro;7;5;10;15;10;10;4;10;5;10;8;7;7;7;4;10;11;9;13;10;12;10;13;6;22;15;12;13;19;17;20;21;15;13;23;20;17;10;17;12;7;12;6;11;16;8;18;9;15;11;15;15;8;14;20;20;14;17;13;13;14;12;21;18;11;10;14;8;3;7;2;5;2;5;9;2;7;4;3;5;1;1;2;3;1;0;1;1;0;0;2;0;0;0;0;0;0;0;0;0;0
092105;Quartucciu;65;43;51;59;61;55;63;64;47;58;60;58;56;59;69;65;70;70;47;69;77;61;78;64;69;82;85;83;81;90;109;108;138;111;121;93;114;103;114;117;123;128;118;90;109;107;59;99;93;83;70;69;68;68;73;72;71;72;66;79;53;36;42;44;58;61;54;42;44;53;42;34;32;37;30;25;22;33;26;26;20;18;19;11;10;9;2;5;12;1;5;2;0;1;0;3;2;0;0;0;1
092108;Elmas;37;40;44;39;29;48;28;42;46;43;44;42;59;43;50;46;45;48;49;52;52;55;52;47;53;55;66;71;71;60;81;71;80;89;74;63;74;86;74;68;73;77;75;68;74;78;71;76;65;67;67;62;75;48;65;65;48;63;64;53;35;39;40;32;40;50;42;28;36;30;33;31;22;23;19;17;30;20;13;12;9;15;11;20;3;9;3;1;1;1;5;3;1;3;0;1;0;0;1;0;0
092109;Monserrato;91;90;93;70;74;73;69;85;85;81;90;106;63;103;134;131;112;113;148;120;138;152;148;148;165;146;129;160;184;168;176;186;179;151;174;149;163;156;162;167;172;181;172;184;134;172;166;160;175;158;169;170;147;166;150;127;151;128;118;120;135;100;115;120;85;92;118;95;80;89;82;60;75;78;72;51;50;50;41;38;26;24;37;19;25;25;10;13;9;10;13;9;3;0;4;2;1;1;0;0;0
;Totale;1867;1738;1886;1770;1824;1819;1756;1783;1705;1784;1899;1949;1908;1970;2117;2230;2157;2281;2177;2161;2370;2475;2609;2632;2732;2873;2852;3062;3176;3287;3598;3787;3838;3728;3737;3581;3719;3556;3660;3720;3694;3764;3571;3379;3282;3244;3141;3061;3008;2992;2962;2910;2736;2747;2657;2762;2684;2698;2631;2602;2409;2141;2102;2306;2200;2315;2174;1898;1800;1801;1545;1525;1535;1375;1288;1286;1140;1075;906;896;728;705;597;574;494;463;297;189;195;167;173;145;88;81;44;42;30;29;10;3;9
Territorio/Età;;0;1;2;3;4;5;6;7;8;9;10;11;12;13;14;15;16;17;18;19;20;21;22;23;24;25;26;27;28;29;30;31;32;33;34;35;36;37;38;39;40;41;42;43;44;45;46;47;48;49;50;51;52;53;54;55;56;57;58;59;60;61;62;63;64;65;66;67;68;69;70;71;72;73;74;75;76;77;78;79;80;81;82;83;84;85;86;87;88;89;90;91;92;93;94;95;96;97;98;99;100
Codice comune;Comune;Femmine
092003;Assemini;146;139;132;135;124;123;124;131;113;109;116;109;121;128;134;141;130;137;152;138;132;152;168;170;155;183;159;185;227;212;248;222;302;264;294;219;241;267;270;261;266;261;238;241;217;223;188;206;199;202;202;168;200;181;164;157;162;162;126;123;122;111;112;134;128;116;99;100;108;84;73;81;93;63;76;64;56;71;56;41;39;45;34;46;28;28;14;13;11;14;10;6;1;2;6;3;2;7;1;0;0
092009;Cagliari;492;526;513;476;510;482;552;473;476;496;528;540;601;542;598;642;639;662;620;698;731;726;792;886;899;943;980;1025;1031;1122;1169;1310;1277;1289;1333;1222;1291;1260;1245;1302;1288;1331;1314;1232;1288;1214;1257;1234;1253;1280;1182;1308;1212;1276;1201;1278;1224;1219;1309;1158;1207;1081;1165;1225;1220;1265;1160;1088;1010;1079;976;1033;1051;929;917;1001;882;882;814;829;692;739;603;582;532;485;324;231;228;215;249;186;176;130;92;70;37;36;14;18;19
092011;Capoterra;111;130;121;119;98;101;100;105;117;103;104;114;112;115;123;114;96;129;130;127;139;122;140;145;133;118;141;152;179;192;182;187;208;232;217;216;222;224;221;223;228;220;221;204;206;163;185;163;177;164;152;175;164;159;137;150;126;159;155;133;146;119;119;96;102;95;104;86;68;88;65;63;84;50;64;59;53;55;36;32;30;38;31;27;31;22;19;14;14;18;7;9;11;5;3;5;3;2;1;0;0
092015;Decimomannu;34;39;36;29;39;25;28;22;21;35;30;26;33;40;28;41;26;36;40;46;45;47;37;45;46;44;47;53;57;62;64;65;56;59;64;63;80;63;68;68;63;66;70;76;56;57;59;38;46;56;54;44;45;47;51;49;43;52;41;44;44;22;53;51;44;38;27;38;21;32;14;37;16;30;26;18;15;30;10;11;13;14;12;16;8;9;6;7;6;4;4;0;1;1;2;0;0;0;0;0;1
092037;Maracalagonis;32;34;42;35;39;36;31;36;31;27;29;45;31;33;33;39;43;40;45;37;37;42;52;58;62;57;45;41;65;56;69;48;74;55;70;69;57;68;64;58;64;67;55;49;50;40;42;44;48;52;36;55;47;27;40;52;41;37;42;30;39;35;28;45;29;41;37;28;27;37;31;28;24;13;15;20;18;19;14;16;17;16;15;11;10;15;8;7;2;4;2;3;1;2;2;0;2;1;0;0;0
092050;Pula;26;21;24;16;31;29;22;25;29;26;26;27;31;43;26;37;40;27;35;38;39;43;40;52;46;50;55;59;67;55;60;62;48;49;54;69;62;56;58;56;71;58;49;50;57;49;43;60;46;51;49;51;54;53;58;40;51;58;45;52;48;48;55;33;38;50;32;33;26;33;26;22;23;24;23;23;21;20;24;18;16;22;13;8;14;12;7;3;3;8;4;0;2;2;1;0;0;1;0;0;0
092051;Quartu Sant'Elena;300;281;322;299;334;317;312;275;290;333;302;330;341;359;364;363;371;368;353;382;407;376;414;493;445;458;428;489;486;585;575;619;634;651;674;657;656;638;668;678;723;648;674;681;678;614;596;560;583;575;561;534;526;482;518;515;451;516;460;438;403;383;359;365;320;371;319;304;278;247;223;255;231;194;207;208;205;183;155;151;129;144;119;114;108;90;71;51;50;46;40;34;24;24;18;11;4;7;7;6;0
092066;Sarroch;17;15;19;15;20;19;9;24;14;16;14;16;25;36;24;34;26;22;25;30;39;24;30;46;38;40;42;45;52;34;46;46;44;29;43;33;34;46;36;36;47;43;46;36;37;34;54;37;42;49;41;32;40;37;44;42;37;37;32;30;23;26;37;36;28;34;26;31;19;27;26;20;13;20;26;18;18;16;13;11;5;9;9;12;7;8;9;6;6;4;4;3;3;4;2;0;1;0;3;0;1
092068;Selargius;88;118;122;129;159;138;138;107;131;122;129;131;142;165;141;189;141;158;127;159;173;172;169;191;221;216;191;196;225;216;266;263;237;261;272;269;275;278;270;258;300;292;231;243;227;266;268;254;235;243;239;272;227;226;222;217;217;201;179;160;188;139;137;160;143;132;105;121;122;102;95;90;85;79;84;84;65;81;64;54;53;58;48;33;42;39;29;15;10;17;13;13;9;7;8;4;1;2;1;1;1
092074;Sestu;118;114;130;102;101;111;88;89;84;81;74;80;86;88;87;78;106;95;94;99;92;110;80;105;111;132;115;134;133;174;193;207;197;199;255;214;205;209;186;224;188;176;169;149;137;122;118;96;114;95;100;105;100;111;81;76;85;88;84;71;75;75;69;80;73;86;63;64;48;56;65;65;42;53;56;36;40;32;36;38;31;30;23;17;28;17;5;12;9;11;12;6;0;5;3;4;0;2;3;0;1
092075;Settimo San Pietro;28;27;23;24;25;24;26;21;32;28;21;28;39;29;29;41;36;43;39;43;52;31;41;48;58;56;49;54;57;45;55;60;52;39;33;55;46;45;55;49;55;50;46;56;65;55;39;45;43;58;48;56;43;42;53;38;39;41;36;35;38;28;24;28;29;40;32;26;16;19;18;20;18;18;11;12;20;9;13;12;14;11;9;9;9;8;12;3;6;4;2;1;2;1;3;2;2;0;0;0;1
092080;Sinnai;53;71;76;83;71;94;79;74;66;71;77;86;93;79;74;85;87;97;96;98;95;101;112;110;125;106;103;111;133;121;158;181;138;156;178;155;161;150;138;139;129;143;147;142;116;113;121;118;115;113;108;93;113;86;104;88;98;108;102;85;81;80;68;87;80;76;75;56;72;55;55;48;49;54;54;49;39;52;44;25;33;32;34;31;17;30;29;20;11;10;12;5;6;6;7;9;1;1;2;3;1
092090;Uta;30;29;30;33;39;33;27;32;26;30;34;28;42;39;57;45;54;38;41;54;41;39;41;73;44;60;54;57;48;57;40;45;58;58;58;59;64;58;66;56;58;61;61;60;67;43;54;51;45;50;26;41;40;36;41;41;41;44;47;37;37;23;37;32;37;37;33;25;30;26;23;30;29;24;17;26;23;16;14;14;13;12;12;10;13;12;14;3;5;4;5;3;3;3;1;2;0;3;0;0;0
092099;Villa San Pietro;13;6;7;10;5;4;7;11;8;10;7;8;8;7;9;14;8;11;14;13;13;8;14;16;14;13;13;18;25;20;23;16;14;10;17;21;19;14;11;8;16;12;12;10;17;8;15;15;11;20;13;16;18;12;16;16;8;15;14;15;9;13;14;11;10;10;6;8;2;7;2;8;5;9;5;5;2;3;3;3;1;6;2;3;7;1;1;3;1;3;1;0;0;0;0;0;0;0;0;0;0
092105;Quartucciu;54;47;53;55;44;42;49;40;51;42;49;64;58;66;53;64;66;54;53;63;59;70;60;63;93;66;77;88;92;107;102;106;128;118;118;107;129;95;113;139;132;121;106;112;110;71;96;101;76;79;75;87;66;82;68;78;84;68;58;63;64;46;47;56;64;55;63;54;44;50;47;48;46;41;43;47;30;39;28;43;25;21;22;22;20;28;12;10;8;9;7;8;6;5;5;3;3;1;0;1;2
092108;Elmas;31;38;32;48;47;38;32;31;40;34;29;39;46;55;45;40;55;43;61;61;46;45;49;58;63;57;39;66;59;57;77;65;79;74;89;80;73;93;68;94;70;86;81;80;74;69;86;74;68;58;75;71;70;58;69;52;48;62;58;48;49;32;47;38;41;34;36;28;34;32;30;29;31;31;35;19;29;33;23;26;17;20;11;19;13;17;6;5;7;5;4;2;0;6;0;1;0;0;0;0;0
092109;Monserrato;51;65;77;77;60;76;77;77;77;72;95;76;75;96;99;112;111;116;99;130;119;114;130;125;161;142;140;139;176;188;188;158;180;188;177;178;178;186;157;165;209;205;199;174;176;208;177;172;187;177;147;191;152;142;173;154;175;141;131;132;126;93;101;123;93;157;123;104;110;106;103;104;87;93;73;84;65;85;68;65;58;49;47;45;48;51;32;24;16;10;19;16;9;12;5;3;2;2;1;1;3
;Totale;1624;1700;1759;1685;1746;1692;1701;1573;1606;1635;1664;1747;1884;1920;1924;2079;2035;2076;2024;2216;2259;2222;2369;2684;2714;2741;2678;2912;3112;3303;3515;3660;3726;3731;3946;3686;3793;3750;3694;3814;3907;3840;3719;3595;3578;3349;3398;3268;3288;3322;3108;3299;3117;3057;3040;3043;2930;3008;2919;2654;2699;2354;2472;2600;2479;2637;2340;2194;2035;2080;1872;1981;1927;1725;1732;1773;1581;1626;1415;1389;1186;1266;1044;1005;935;872;598;427;393;386;395;295;254;215;158;117;58;65;33;30;30

"Ricostruzione della popolazione intercensuaria - Popolazione al 1° gennaio per età"
"Tutte le cittadinanze - Anno: 2007 - Provincia: Cagliari"
Territorio/Età;;0;1;2;3;4;5;6;7;8;9;10;11;12;13;14;15;16;17;18;19;20;21;22;23;24;25;26;27;28;29;30;31;32;33;34;35;36;37;38;39;40;41;42;43;44;45;46;47;48;49;50;51;52;53;54;55;56;57;58;59;60;61;62;63;64;65;66;67;68;69;70;71;72;73;74;75;76;77;78;79;80;81;82;83;84;85;86;87;88;89;90;91;92;93;94;95;96;97;98;99;100
Codice comune;Comune;Totale
092003;Assemini;267;300;273;272;283;255;258;243;235;226;235;257;244;223;254;266;295;271;289;295;283;290;323;314;334;343;393;374;416;425;455;492;469;552;524;549;458;504;531;531;536;529;529;502;471;424;442;400;386;369;394;367;348;354;344;351;319;308;301;264;269;230;244;217;253;245;237;219;188;198;178;138;145;166;117;131;134;103;108;99;80;64;61;47;64;44;40;24;21;18;17;16;8;2;3;7;2;2;5;1;1
092009;Cagliari;996;1029;1013;1039;948;1057;953;1109;992;1015;1056;1084;1131;1171;1124;1254;1331;1289;1369;1295;1442;1491;1525;1648;1772;1796;1909;1923;2052;2137;2227;2444;2556;2521;2519;2559;2389;2506;2444;2404;2532;2544;2572;2459;2328;2429;2335;2321;2247;2336;2349;2235;2319;2157;2284;2167;2304;2180;2270;2360;2139;2160;1922;1983;2157;2120;2222;2076;1885;1810;1833;1719;1761;1730;1546;1505;1591;1381;1375;1246;1253;1032;1065;912;843;754;666;458;302;284;278;285;230;197;143;91;82;42;38;13;26
092011;Capoterra;258;242;233;262;239;234;225;233;238;250;206;223;234;230;249;245;259;237;281;278;234;263;251;286;314;284;290;307;327;359;379;360;408;432;435;453;431;459;430;475;452;458;448;447;421;382;343;383;321;357;319;337;331;314;295;287;298;260;297;285;281;278;231;218;222;217;202;199;174;148;161;126;120;144;106;121;115;98;102;83;56;61;62;41;35;50;34;27;16;15;23;9;8;17;12;4;5;2;3;1;0
092015;Decimomannu;58;79;81;79;74;70;73;68;63;56;70;77;66;77;69;76;90;70;73;81;89;85;93;83;93;94;113;97;118;103;139;139;146;139;145;131;127;138;124;141;147;133;140;141;125;122;122;118;105;85;107;100;82;85;98;88;87;86;95;89;90;89;58;90;84;84;75;59;68;55;63;37;61;38;47;43;35;22;49;18;30;21;24;17;27;14;10;11;7;8;5;8;0;2;3;2;0;0;2;0;1
092037;Maracalagonis;66;79;79;88;57;78;78;62;71;63;59;68;80;61;72;68;76;73;92;99;73;90;78;117;114;117;107;104;107;119;109;137;126;146;127;124;156;122;142;146;118;134;127;125;100;109;91;89;87;84;100;80;110;93;69;88;79;83;88;85;75;79;76;65;90;61;89;67;57;54;68;59;48;48;33;38;36;35;30;27;30;32;24;25;15;15;22;11;9;5;3;4;0;1;3;2;0;1;1;0;0
092050;Pula;71;59;49;44;43;61;69;61;51;63;53;57;63;54;77;63;66;63;75;75;58;79;88;83;87;89;94;102;125;123;108;126;126;117;111;107;117;145;115;135;121;137;114;110;122;100;95;103;110;98;101;93;104;111;104;101;92;108;113;97;107;99;99;88;85;83;93;72;70;70;68;46;50;48;52;40;46;43;32;40;38;19;29;17;14;22;12;11;6;5;8;6;3;4;2;2;0;0;0;0;1
092051;Quartu Sant'Elena;650;630;587;637;627;670;670;609;614;576;683;616;674;726;743;767;776;800;798;743;731;804;806;861;965;885;926;917;957;983;1099;1127;1261;1290;1293;1307;1262;1313;1206;1258;1304;1356;1293;1301;1313;1235;1173;1151;1122;1085;1102;1084;1053;1024;946;925;965;937;970;916;886;815;732;692;688;655;715;646;586;514;518;429;463;437;361;352;365;355;305;244;240;198;219;171;159;137;137;95;52;64;47;53;40;28;22;16;10;6;6;3;8
092066;Sarroch;45;31;31;46;37;45;40;34;37;25;39;44;38;45;66;54;57;54;51;51;59;77;70;76;82;83;91;81;92;97;87;94;93;97;74;100;77;81;87;59;77;90;84;92;75;100;63;90;70;76;85;92;75;83;77;79;77;72;70;71;68;56;62;64;67;63;74;60;53;46;54;39;47;41;35;43;42;36;37;27;20;14;8;10;19;14;15;8;3;7;7;5;4;5;4;1;0;0;0;2;1
092068;Selargius;249;214;245;258;266;289;304;272;244;257;239;284;296;282;328;288;344;325;330;291;330;355;362;357;367;430;411;401;401;449;439;523;541;520;483;519;527;513;525;530;509;538;578;469;471;472;476;482;462;443;483;446;512;427;437;419;423;415;395;342;344;349;257;288;318;271;268;219;237;211;191;160;159;168;155;166;156;125;116;100;84;87;89;64;58;59;56;37;17;15;18;13;15;12;8;7;2;0;2;1;3
092074;Sestu;275;251;218;246;212;205;204;184;194;173;169;157;171;174;180;181;184;193;180;189;184;196;197;194;218;229;263;241;300;310;334;377;436;460;452;468;439;444;429;401;408;368;365;367;320;279;256;246;226;243;216;204;197;187;200;181;164;188;171;162;157;144;149;138;155;158;171;137;134;110;120;101;108;101;84;93;70;74;58;69;57;49;53;31;28;41;25;11;15;13;12;14;12;2;7;4;5;1;2;2;0
092075;Settimo San Pietro;49;42;59;51;52;53;52;52;52;66;50;51;64;69;64;63;82;75;78;73;80;103;79;84;97;110;108;96;97;113;99;109;119;114;108;90;114;82;109;114;107;104;103;102;93;105;110;87;89;86;98;100;102;86;75;93;97;90;70;77;68;65;53;62;63;58;69;62;42;38;42;39;27;41;27;26;22;33;19;20;27;22;19;12;12;10;7;14;5;7;5;5;1;2;1;3;2;2;0;0;1
092080;Sinnai;171;135;169;161;163;154;172;147;154;142;157;168;173;198;175;160;177;171;198;183;192;206;206;241;216;245;230;226;233;263;280;320;329;297;337;319;325;288;294;291;303;275;281;279;289;234;251;250;247;219;216;212;197;220;189;190;186;204;192;186;174;172;154;117;168;152;144;144;126;125;116;101;97;92;90;95;88;78;88;70;56;59;47;53;47;35;44;36;21;14;10;14;10;8;9;8;6;1;2;2;3
092090;Uta;60;57;70;67;66;68;65;64;67;54;58;84;72;105;66;98;89;97;78;85;105;93;94;99;128;112;106;112;105;106;117;107;104;101;102;118;132;121;118;143;126;130;134;128;126;127;96;117;115;100;99;86;87;88;84;73;88;80;77;89;71;73;56;67;70;78;71;69;55;63;49;48;52;50;44;37;44;36;38;23;26;23;19;20;10;17;15;19;4;10;7;4;2;3;5;0;3;0;3;0;0
092099;Villa San Pietro;18;20;12;14;26;15;17;12;21;14;18;17;15;15;16;12;22;19;20;29;21;25;20;28;22;32;31;28;36;48;37;46;38;25;26;39;40;35;22;27;19;23;23;18;22;34;15;31;25;25;31;31;31;26;24;34;36;21;31;27;28;23;24;35;28;21;19;19;16;7;14;5;12;7;14;14;7;8;7;6;7;1;7;4;6;7;1;2;4;0;2;3;0;0;0;0;0;0;0;0;0
092105;Quartucciu;121;123;88;105;117;109;102;109;104;104;100;109;121;120;133;125;132;138;127;101;137;140;138;141;129;161;148;170;175;169;213;224;223;274;246;258;223;246;207;241;259;250;247;226;199;222;179;165;198;175;160;149;160;136;154;144;152;157;142;121;142;118;90;92;103;125;119;118;98;91;98;85;85;76;80;71;68;49;68;52;71;40;38;39;29;27;35;15;13;18;9;11;8;4;5;2;6;5;1;0;2
092108;Elmas;78;72;80;79;87;80;90;63;75;91;80;78;84;107;99;97;84;99;92;109;117;99;98;95;107;114;110;111;136;133;119;160;147;162;183;167;150;159;190;151;164;158;167;159;147;150;147;153;152;136;128;136;135;145;105;134;116;98;124;120;101;83;69;89;73;82;85;80;60;71;63;62;59;54;55;53;36;58;53;33;39;28;30;18;37;14;21;8;4;7;6;9;4;2;8;0;2;0;0;1;0
092109;Monserrato;167;140;155;163;153;134;143;152;159;163;152;190;188;142;202;233;248;224;232;248;244;255;261;273;280;326;290;256;297;352;346;359;346;364;341;354;329;340;353;318;339;377;385;370;360;310;383;350;338;358;340;317;358;301;302;320;283;324;274;252;255;260;192;213;237;177;247;240;198;190;191;180;162;158;167;138;137;112;134;102;95;80;69;77;60;63;73;33;35;17;20;28;21;9;10;8;2;3;2;1;2
;Totale;3599;3503;3442;3611;3450;3577;3515;3474;3371;3338;3424;3564;3714;3799;3917;4050;4312;4198;4363;4225;4379;4651;4689;4980;5325;5450;5620;5546;5974;6289;6587;7144;7468;7611;7506;7662;7296;7496;7326;7365;7521;7604;7590;7295;6982;6834;6577;6536;6300;6275;6328;6069;6201;5837;5787;5674;5766;5611;5680;5543;5255;5093;4468;4518;4861;4650;4900;4486;4047;3801;3827;3374;3456;3399;3013;2966;2992;2646;2619;2259;2209;1830;1863;1558;1463;1323;1213;820;534;507;477;487;366;298;245;157;127;65;67;27;49
Territorio/Età;;0;1;2;3;4;5;6;7;8;9;10;11;12;13;14;15;16;17;18;19;20;21;22;23;24;25;26;27;28;29;30;31;32;33;34;35;36;37;38;39;40;41;42;43;44;45;46;47;48;49;50;51;52;53;54;55;56;57;58;59;60;61;62;63;64;65;66;67;68;69;70;71;72;73;74;75;76;77;78;79;80;81;82;83;84;85;86;87;88;89;90;91;92;93;94;95;96;97;98;99;100
Codice comune;Comune;Maschi
092003;Assemini;138;167;136;140;154;128;131;125;106;119;126;142;135;103;128;133;148;140;156;149;147;156;164;146;164;178;206;207;234;197;236;236;241;235;255;257;234;257;269;255;284;266;260;265;231;207;221;208;183;176;192;166;174;154;162;189;164;146;136;138;146;110;135;105;120;118;120;120;87;91;95;63;62;74;54;57;69;49;42;43;39;25;17;15;21;16;14;11;9;8;3;9;2;0;1;3;1;0;2;0;0
092009;Cagliari;540;548;486;529;476;545;478;553;511;541;556;559;586;576;579;654;695;649;698;680;728;752;791;847;884;899;970;959;1058;1120;1133;1300;1255;1274;1269;1258;1183;1255;1202;1170;1238;1250;1243;1141;1097;1142;1116;1080;1033;1088;1064;1053;1025;946;1023;982;1036;957;1071;1054;984;963;847;838;955;914;968;923;809;805;765;750;743;698;637;601;613;514;516;442;443;369;354;332;295;255;219;160;93;82;91;75;68;48;34;18;22;11;11;3;2
092011;Capoterra;122;133;103;140;119;132;121;132;127;132;102;118;120;121;134;120;142;140;151;146;111;126;131;146;167;151;169;165;174;181;176;170;217;222;192;227;210;240;202;248;232;232;228;224;219;178;184;196;161;179;157;182;154;148;137;144;149;133;137;130;150;133;116;99;121;111;106;96;90;77;76;61;60;63;56;59;57;45;48;48;26;30;23;11;11;21;15;10;2;6;6;4;3;7;8;1;1;1;1;0;0
092015;Decimomannu;27;44;37;43;42;31;46;38;42;32;36;46;40;42;29;44;48;43;38;38;46;39;46;45;45;47;66;47;60;42;73;76;78;75;83;64;64;59;62;74;79;71;68;71;44;66;62;59;68;39;51;47;40;42;52;40;37;45;42;48;47;44;36;37;33;39;39;32;31;34;31;22;24;22;17;16;17;6;20;8;20;8;10;6;10;6;2;4;0;3;2;4;0;2;2;0;0;0;2;0;0
092037;Maracalagonis;37;45;46;47;27;38;41;32;35;35;33;39;37;29;38;37;37;33;53;53;34;53;34;60;50;56;50;55;63;57;51;71;78;68;71;54;85;64;71;81;61;69;64;67;49;62;50;50;42;38;48;42;55;45;42;48;28;42;50;42;47;39;42;37;46;32;48;31;28;26;30;28;20;22;20;24;16;17;11;14;14;15;8;10;4;7;9;4;2;3;0;1;0;0;2;0;0;0;0;0;0
092050;Pula;34;31;29;22;27;30;40;36;26;35;26;33;35;22;34;37;28;24;48;40;21;41;49;43;36;43;45;47;70;56;53;68;61;69;56;53;52;83;58;74;68;65;55;62;74;44;46;57;49;52;47;45;52;57;50;43;54;56;57;52;54;51;51;34;51;45;44;41;36;44;35;22;28;25;28;17;23;21;13;17;20;5;8;4;7;8;2;4;3;2;2;2;3;1;0;2;0;0;0;0;1
092051;Quartu Sant'Elena;345;320;310;320;327;341;360;302;344;284;351;319;340;383;383;405;411;432;433;391;350;392;436;444;474;439;469;489;469;502;526;552;641;657;634;646;610;648;575;596;623;638;662;626;620;563;568;557;566;506;520;526;523;503;465;403;454;483;454;454;443;406;352;336;330;340;352;329;289;241;272;208;209;204;176;147;158;154;121;95;94;76;79;59;54;42;48;25;13;22;10;14;13;5;5;3;3;2;2;0;2
092066;Sarroch;22;13;16;27;23;24;21;23;13;11;23;29;21;19;30;29;24;28;29;27;29;37;46;42;37;46;49;39;51;46;54;48;48;54;43;55;43;44;43;24;42;43;42;46;39;63;29;38;33;34;38;50;40;42;41;36;36;34;32;38;39;34;36;28;30;34;40;31;22;25;27;14;27;26;16;19;24;18;19;13;9;9;0;1;7;7;8;0;1;2;3;2;1;2;1;1;0;0;0;0;0
092068;Selargius;129;121;126;134;136;134;158;135;138;128;120;153;168;145;161;149;159;183;168;154;167;180;192;195;180;209;203;215;206;214;218;248;278;281;222;251;255;236;243;254;247;232;278;238;224;250;219;209;210;207;240;210;240;200;210;194;207;199;192;166;184;164;120;152;156;128;135;115;119;90;88;65;70;86;76;82;72;62;36;37;35;33;31;19;26;19;23;10;5;7;4;3;5;3;1;0;0;0;0;0;1
092074;Sestu;139;131;107;119;110;107;93;99;107;89;88;84;91;88;91;94;106;88;87;95;84;104;91;111;108;111;121;115;151;166;159;164;221;247;241;208;216;234;217;212;186;181;190;194;166;141;132;125;127;125;123;104;90;87;87;98;85;101;84;77;84;67;75;70;75;87;87;74;72;61;65;35;42;60;32;38;37;34;23;31;18;22;24;8;12;14;10;6;6;4;2;3;5;2;2;2;1;1;0;0;0
092075;Settimo San Pietro;27;17;30;27;27;25;29;25;30;37;26;31;37;31;33;34;41;38;32;35;38;51;46;44;51;55;52;49;39;58;57;51;59;63;67;58;62;37;65;57;54;44;53;58;38;39;53;48;42;42;40;53;48;43;31;41;59;49;30;39;33;27;27;38;35;29;30;27;17;23;23;21;7;25;11;14;11;13;10;8;15;8;8;3;2;3;1;3;2;1;2;3;0;0;0;0;0;0;0;0;0
092080;Sinnai;92;78;95;82;81;82;82;68;82;72;83;94;89;101;96;87;92;84;103;87;95;107;107;130;110;122;119;121;126;119;149;158;145;150;175;146;169;130;138;160;168;144;139;135;148;118;138;128;128;106;102;105;107;107;100;85;98;106;82;84;88;92;72;52;80;73;71;66;70;54;61;47;49;43;37;41;44;39;40;27;30;28;16;20;16;18;16;8;5;5;2;3;6;2;3;1;0;0;1;0;0
092090;Uta;29;28;41;37;33;31;31;35;35;27;28;50;44;60;26;41;43;42;39;44;54;51;56;58;53;62;51;54;48;53;60;66;61;42;38;58;68;58;61;76;68;72;72;67;65;60;53;60;64;56;48;58;46;47;48;32;47;40;33;42;33;36;36;30;38;41;34;36;30;33;24;26;23;22;20;21;18;12;22;10;13;10;9;8;1;4;6;6;1;5;4;1;1;1;2;0;1;0;0;0;0
092099;Villa San Pietro;7;7;5;6;15;8;11;4;10;5;9;8;7;7;9;4;10;11;9;13;9;13;11;13;6;22;19;15;14;22;18;22;22;13;13;21;18;17;9;16;11;7;10;6;12;16;7;16;10;14;10;16;15;9;14;19;20;13;16;13;13;14;11;21;17;11;10;13;8;5;7;3;4;2;5;9;2;6;4;3;5;0;1;2;3;1;0;1;1;0;0;2;0;0;0;0;0;0;0;0;0
092105;Quartucciu;50;68;41;54;63;63;54;60;60;47;58;59;55;60;65;72;65;75;71;48;70;78;66;80;64;72;84;87;82;81;87;115;117;141;123;130;107;117;107;121;118;126;127;119;88;114;107;65;95;95;82;70;67;70;69;74;75;71;75;64;76;54;39;42;43;60;62;54;43;46;49;41;35;31;37;29;24;19;29;25;27;17;17;19;9;8;8;2;4;11;1;5;2;0;1;0;3;2;0;0;1
092108;Elmas;44;38;38;43;42;35;49;30;41;50;46;46;43;58;45;51;46;45;48;47;55;53;56;48;47;48;57;67;68;68;64;83;79;84;102;79;66;79;90;79;67;80;80;77;71;76;78;68;77;66;70;63;62;77;46;67;65;52;63;62;54;33;37;42;34;41;51;42;30;37;31;32;31;23;22;18;17;30;20;14;14;10;13;8;19;2;6;3;1;1;1;5;2;1;2;0;1;0;0;1;0
092109;Monserrato;71;88;92;89;75;73;69;73;83;88;81;90;107;65;103;134;133;112;113;143;117;137;149;144;152;170;144;124;155;177;158;177;182;185;146;171;148;160;162;160;171;171;182;170;188;134;172;172;159;174;160;165;168;152;163;147;127;150;131;120;121;135;98;113;115;83;92;117;95;81;89;79;60;71;74;70;51;47;49;37;35;23;21;32;17;20;24;6;12;6;10;12;8;2;0;4;1;1;1;0;0
;Totale;1853;1877;1738;1859;1777;1827;1814;1770;1790;1732;1792;1900;1955;1910;1984;2125;2228;2167;2276;2190;2155;2370;2471;2596;2628;2730;2874;2855;3068;3159;3272;3605;3783;3860;3730;3736;3590;3718;3574;3657;3717;3691;3753;3566;3373;3273;3235;3136;3047;2997;2992;2955;2906;2729;2740;2642;2741;2677;2685;2623;2596;2402;2130;2074;2279;2186;2289;2147;1876;1773;1768;1517;1494;1497;1318;1262;1253;1086;1023;872;857;688;639;557;514;451;411;263;160;168;143;148;119;76;64;35;34;18;20;4;7
Territorio/Età;;0;1;2;3;4;5;6;7;8;9;10;11;12;13;14;15;16;17;18;19;20;21;22;23;24;25;26;27;28;29;30;31;32;33;34;35;36;37;38;39;40;41;42;43;44;45;46;47;48;49;50;51;52;53;54;55;56;57;58;59;60;61;62;63;64;65;66;67;68;69;70;71;72;73;74;75;76;77;78;79;80;81;82;83;84;85;86;87;88;89;90;91;92;93;94;95;96;97;98;99;100
Codice comune;Comune;Femmine
092003;Assemini;129;133;137;132;129;127;127;118;129;107;109;115;109;120;126;133;147;131;133;146;136;134;159;168;170;165;187;167;182;228;219;256;228;317;269;292;224;247;262;276;252;263;269;237;240;217;221;192;203;193;202;201;174;200;182;162;155;162;165;126;123;120;109;112;133;127;117;99;101;107;83;75;83;92;63;74;65;54;66;56;41;39;44;32;43;28;26;13;12;10;14;7;6;2;2;4;1;2;3;1;1
092009;Cagliari;456;481;527;510;472;512;475;556;481;474;500;525;545;595;545;600;636;640;671;615;714;739;734;801;888;897;939;964;994;1017;1094;1144;1301;1247;1250;1301;1206;1251;1242;1234;1294;1294;1329;1318;1231;1287;1219;1241;1214;1248;1285;1182;1294;1211;1261;1185;1268;1223;1199;1306;1155;1197;1075;1145;1202;1206;1254;1153;1076;1005;1068;969;1018;1032;909;904;978;867;859;804;810;663;711;580;548;499;447;298;209;202;187;210;162;149;109;73;60;31;27;10;24
092011;Capoterra;136;109;130;122;120;102;104;101;111;118;104;105;114;109;115;125;117;97;130;132;123;137;120;140;147;133;121;142;153;178;203;190;191;210;243;226;221;219;228;227;220;226;220;223;202;204;159;187;160;178;162;155;177;166;158;143;149;127;160;155;131;145;115;119;101;106;96;103;84;71;85;65;60;81;50;62;58;53;54;35;30;31;39;30;24;29;19;17;14;9;17;5;5;10;4;3;4;1;2;1;0
092015;Decimomannu;31;35;44;36;32;39;27;30;21;24;34;31;26;35;40;32;42;27;35;43;43;46;47;38;48;47;47;50;58;61;66;63;68;64;62;67;63;79;62;67;68;62;72;70;81;56;60;59;37;46;56;53;42;43;46;48;50;41;53;41;43;45;22;53;51;45;36;27;37;21;32;15;37;16;30;27;18;16;29;10;10;13;14;11;17;8;8;7;7;5;3;4;0;0;1;2;0;0;0;0;1
092037;Maracalagonis;29;34;33;41;30;40;37;30;36;28;26;29;43;32;34;31;39;40;39;46;39;37;44;57;64;61;57;49;44;62;58;66;48;78;56;70;71;58;71;65;57;65;63;58;51;47;41;39;45;46;52;38;55;48;27;40;51;41;38;43;28;40;34;28;44;29;41;36;29;28;38;31;28;26;13;14;20;18;19;13;16;17;16;15;11;8;13;7;7;2;3;3;0;1;1;2;0;1;1;0;0
092050;Pula;37;28;20;22;16;31;29;25;25;28;27;24;28;32;43;26;38;39;27;35;37;38;39;40;51;46;49;55;55;67;55;58;65;48;55;54;65;62;57;61;53;72;59;48;48;56;49;46;61;46;54;48;52;54;54;58;38;52;56;45;53;48;48;54;34;38;49;31;34;26;33;24;22;23;24;23;23;22;19;23;18;14;21;13;7;14;10;7;3;3;6;4;0;3;2;0;0;0;0;0;0
092051;Quartu Sant'Elena;305;310;277;317;300;329;310;307;270;292;332;297;334;343;360;362;365;368;365;352;381;412;370;417;491;446;457;428;488;481;573;575;620;633;659;661;652;665;631;662;681;718;631;675;693;672;605;594;556;579;582;558;530;521;481;522;511;454;516;462;443;409;380;356;358;315;363;317;297;273;246;221;254;233;185;205;207;201;184;149;146;122;140;112;105;95;89;70;39;42;37;39;27;23;17;13;7;4;4;3;6
092066;Sarroch;23;18;15;19;14;21;19;11;24;14;16;15;17;26;36;25;33;26;22;24;30;40;24;34;45;37;42;42;41;51;33;46;45;43;31;45;34;37;44;35;35;47;42;46;36;37;34;52;37;42;47;42;35;41;36;43;41;38;38;33;29;22;26;36;37;29;34;29;31;21;27;25;20;15;19;24;18;18;18;14;11;5;8;9;12;7;7;8;2;5;4;3;3;3;3;0;0;0;0;2;1
092068;Selargius;120;93;119;124;130;155;146;137;106;129;119;131;128;137;167;139;185;142;162;137;163;175;170;162;187;221;208;186;195;235;221;275;263;239;261;268;272;277;282;276;262;306;300;231;247;222;257;273;252;236;243;236;272;227;227;225;216;216;203;176;160;185;137;136;162;143;133;104;118;121;103;95;89;82;79;84;84;63;80;63;49;54;58;45;32;40;33;27;12;8;14;10;10;9;7;7;2;0;2;1;2
092074;Sestu;136;120;111;127;102;98;111;85;87;84;81;73;80;86;89;87;78;105;93;94;100;92;106;83;110;118;142;126;149;144;175;213;215;213;211;260;223;210;212;189;222;187;175;173;154;138;124;121;99;118;93;100;107;100;113;83;79;87;87;85;73;77;74;68;80;71;84;63;62;49;55;66;66;41;52;55;33;40;35;38;39;27;29;23;16;27;15;5;9;9;10;11;7;0;5;2;4;0;2;2;0
092075;Settimo San Pietro;22;25;29;24;25;28;23;27;22;29;24;20;27;38;31;29;41;37;46;38;42;52;33;40;46;55;56;47;58;55;42;58;60;51;41;32;52;45;44;57;53;60;50;44;55;66;57;39;47;44;58;47;54;43;44;52;38;41;40;38;35;38;26;24;28;29;39;35;25;15;19;18;20;16;16;12;11;20;9;12;12;14;11;9;10;7;6;11;3;6;3;2;1;2;1;3;2;2;0;0;1
092080;Sinnai;79;57;74;79;82;72;90;79;72;70;74;74;84;97;79;73;85;87;95;96;97;99;99;111;106;123;111;105;107;144;131;162;184;147;162;173;156;158;156;131;135;131;142;144;141;116;113;122;119;113;114;107;90;113;89;105;88;98;110;102;86;80;82;65;88;79;73;78;56;71;55;54;48;49;53;54;44;39;48;43;26;31;31;33;31;17;28;28;16;9;8;11;4;6;6;7;6;1;1;2;3
092090;Uta;31;29;29;30;33;37;34;29;32;27;30;34;28;45;40;57;46;55;39;41;51;42;38;41;75;50;55;58;57;53;57;41;43;59;64;60;64;63;57;67;58;58;62;61;61;67;43;57;51;44;51;28;41;41;36;41;41;40;44;47;38;37;20;37;32;37;37;33;25;30;25;22;29;28;24;16;26;24;16;13;13;13;10;12;9;13;9;13;3;5;3;3;1;2;3;0;2;0;3;0;0
092099;Villa San Pietro;11;13;7;8;11;7;6;8;11;9;9;9;8;8;7;8;12;8;11;16;12;12;9;15;16;10;12;13;22;26;19;24;16;12;13;18;22;18;13;11;8;16;13;12;10;18;8;15;15;11;21;15;16;17;10;15;16;8;15;14;15;9;13;14;11;10;9;6;8;2;7;2;8;5;9;5;5;2;3;3;2;1;6;2;3;6;1;1;3;0;2;1;0;0;0;0;0;0;0;0;0
092105;Quartucciu;71;55;47;51;54;46;48;49;44;57;42;50;66;60;68;53;67;63;56;53;67;62;72;61;65;89;64;83;93;88;126;109;106;133;123;128;116;129;100;120;141;124;120;107;111;108;72;100;103;80;78;79;93;66;85;70;77;86;67;57;66;64;51;50;60;65;57;64;55;45;49;44;50;45;43;42;44;30;39;27;44;23;21;20;20;19;27;13;9;7;8;6;6;4;4;2;3;3;1;0;1
092108;Elmas;34;34;42;36;45;45;41;33;34;41;34;32;41;49;54;46;38;54;44;62;62;46;42;47;60;66;53;44;68;65;55;77;68;78;81;88;84;80;100;72;97;78;87;82;76;74;69;85;75;70;58;73;73;68;59;67;51;46;61;58;47;50;32;47;39;41;34;38;30;34;32;30;28;31;33;35;19;28;33;19;25;18;17;10;18;12;15;5;3;6;5;4;2;1;6;0;1;0;0;0;0
092109;Monserrato;96;52;63;74;78;61;74;79;76;75;71;100;81;77;99;99;115;112;119;105;127;118;112;129;128;156;146;132;142;175;188;182;164;179;195;183;181;180;191;158;168;206;203;200;172;176;211;178;179;184;180;152;190;149;139;173;156;174;143;132;134;125;94;100;122;94;155;123;103;109;102;101;102;87;93;68;86;65;85;65;60;57;48;45;43;43;49;27;23;11;10;16;13;7;10;4;1;2;1;1;2
;Totale;1746;1626;1704;1752;1673;1750;1701;1704;1581;1606;1632;1664;1759;1889;1933;1925;2084;2031;2087;2035;2224;2281;2218;2384;2697;2720;2746;2691;2906;3130;3315;3539;3685;3751;3776;3926;3706;3778;3752;3708;3804;3913;3837;3729;3609;3561;3342;3400;3253;3278;3336;3114;3295;3108;3047;3032;3025;2934;2995;2920;2659;2691;2338;2444;2582;2464;2611;2339;2171;2028;2059;1857;1962;1902;1695;1704;1739;1560;1596;1387;1352;1142;1224;1001;949;872;802;557;374;339;334;339;247;222;181;122;93;47;47;23;42

"Ricostruzione della popolazione intercensuaria - Popolazione al 1° gennaio per età"
"Tutte le cittadinanze - Anno: 2008 - Provincia: Cagliari"
Territorio/Età;;0;1;2;3;4;5;6;7;8;9;10;11;12;13;14;15;16;17;18;19;20;21;22;23;24;25;26;27;28;29;30;31;32;33;34;35;36;37;38;39;40;41;42;43;44;45;46;47;48;49;50;51;52;53;54;55;56;57;58;59;60;61;62;63;64;65;66;67;68;69;70;71;72;73;74;75;76;77;78;79;80;81;82;83;84;85;86;87;88;89;90;91;92;93;94;95;96;97;98;99;100
Codice comune;Comune;Totale
092003;Assemini;290;264;298;267;268;283;258;250;246;236;223;237;259;248;225;254;263;298;272;281;298;284;288;321;316;345;344;396;386;430;425;472;502;485;554;531;554;464;503;549;527;523;525;531;502;466;410;441;401;381;368;387;359;347;356;347;347;318;309;297;265;261;230;242;213;257;245;238;213;189;196;172;136;145;162;113;129;127;105;100;95;76;59;53;44;55;39;32;25;19;10;13;8;6;1;2;8;2;3;5;1
092009;Cagliari;923;982;1020;986;1030;940;1050;954;1131;1002;1025;1058;1084;1131;1169;1125;1254;1346;1301;1383;1318;1458;1496;1515;1647;1747;1788;1884;1877;2044;2090;2147;2365;2460;2419;2448;2497;2347;2448;2409;2409;2507;2547;2578;2449;2339;2418;2339;2319;2276;2327;2361;2228;2309;2149;2271;2145;2283;2165;2244;2334;2121;2137;1912;1969;2125;2095;2186;2040;1867;1779;1808;1686;1726;1708;1512;1447;1548;1341;1316;1191;1187;968;998;856;775;674;588;408;264;239;238;241;198;151;112;61;60;32;26;25
092011;Capoterra;209;261;238;233;259;240;230;228;231;234;247;204;224;236;234;249;241;255;234;282;274;236;263;243;286;323;290;292;313;335;375;398;359;419;447;421;457;433;462;415;468;452;461;446;446;418;383;351;388;327;350;322;344;336;309;297;286;299;258;296;288;283;280;230;216;228;214;203;201;177;142;155;127;117;142;103;120;109;92;100;76;50;54;58;43;30;41;31;22;13;12;18;7;7;17;9;2;2;1;3;0
092015;Decimomannu;73;63;83;81;84;73;79;72;72;67;58;72;80;66;79;68;77;90;68;73;81;86;84;96;83;98;91;130;104;127;118;133;144;152;149;155;131;141;138;122;146;147;135;140;137;126;123;124;118;103;87;109;102;79;83;100;90;85;86;98;85;91;87;55;88;83;84;74;58;65;55;63;39;61;37;46;42;35;24;45;18;30;19;24;14;23;15;11;10;6;7;5;8;0;2;1;2;0;0;0;1
092037;Maracalagonis;75;70;83;81;87;58;79;79;64;68;65;60;73;79;59;72;69;75;72;95;99;78;90;75;118;111;118;106;116;107;123;111;141;130;146;137;127;158;118;142;150;118;131;128;129;101;110;89;86;89;83;96;81;111;95;70;89;83;90;86;88;75;78;78;64;89;59;92;65;55;55;67;59;47;50;32;38;35;35;28;25;26;30;23;23;15;15;19;10;9;3;3;3;0;1;3;0;0;1;1;0
092050;Pula;68;71;61;55;45;41;60;67;60;53;60;54;58;62;55;78;61;66;63;77;73;58;79;91;83;87;87;96;106;128;131;119;147;148;122;124;115;120;140;115;130;120;132;113;111;125;104;94;100;109;96;102;96;104;110;101;103;93;110;112;99;105;100;98;86;86;82;94;73;67;68;64;44;51;46;49;41;45;42;32;38;37;15;27;15;12;21;9;10;6;4;7;4;2;3;1;2;0;1;0;1
092051;Quartu Sant'Elena;637;644;620;583;633;628;661;663;603;614;571;671;608;672;711;744;767;773;796;799;747;734;796;815;869;969;883;904;915;965;983;1099;1166;1268;1290;1307;1307;1274;1321;1216;1274;1302;1344;1298;1280;1297;1244;1153;1154;1108;1084;1096;1084;1053;1023;945;915;959;927;962;926;895;820;726;687;681;659;716;637;569;512;520;423;457;421;351;339;353;345;293;229;230;191;204;158;146;126;122;85;47;59;39;44;34;21;17;10;6;4;5;6
092066;Sarroch;44;45;31;33;51;37;44;39;35;36;32;39;43;38;42;64;53;56;55;55;56;58;74;72;72;82;82;89;79;90;93;84;99;88;99;74;110;74;82;85;61;77;93;88;89;75;101;63;88;67;82;85;92;73;84;77;76;76;73;68;73;68;57;64;65;64;63;74;58;54;47;53;40;44;39;34;43;42;37;33;28;20;14;8;8;19;10;13;8;3;5;5;4;5;2;1;1;0;0;0;2
092068;Selargius;236;253;223;248;265;255;289;312;271;242;258;252;281;295;281;324;287;339;322;333;287;331;355;352;365;371;422;413;404;398;436;449;528;539;535;503;519;525;512;528;539;507;537;576;466;465;458;471;482;455;448;482;446;517;423;431;416;418;411;393;339;342;348;263;282;317;263;270;219;236;210;186;161;155;161;147;159;157;123;114;97;82;85;84;66;52;48;53;34;14;15;15;9;13;9;8;6;2;2;0;2
092074;Sestu;270;284;246;223;243;208;203;206;178;196;172;170;158;175;173;180;177;185;191;180;189;184;194;207;205;219;240;275;272;327;339;379;409;460;479;471;508;447;460;434;403;407;372;366;372;324;278;256;242;227;242;215;203;198;185;202;183;169;186;176;162;158;147;150;138;153;158;172;134;133;108;121;100;105;101;82;91;72;71;58;65;55;44;48;28;25;41;22;10;14;11;10;8;9;3;6;2;4;0;0;2
092075;Settimo San Pietro;63;52;43;58;53;52;55;57;52;52;63;51;57;68;67;67;61;81;76;74;74;81;103;80;85;98;110;111;97;100;115;105;110;116;112;109;98;111;83;110;117;108;101;104;103;103;103;111;82;88;86;97;98;104;86;79;94;97;91;70;77;71;66;53;62;62;58;68;61;43;38;40;38;26;42;28;26;22;32;19;19;26;20;18;10;12;9;7;13;4;7;5;5;0;1;0;2;1;0;0;1
092080;Sinnai;160;168;140;164;164;158;157;173;144;156;142;157;163;171;202;179;162;177;175;204;186;192;209;202;245;220;247;236;224;234;262;288;324;335;310;340;324;320;283;290;296;306;284;284;278;287;234;254;244;247;215;215;215;199;223;188;192;183;206;193;189;176;172;154;118;167;151;144;143;124;127;116;99;94;91;86;94;84;73;87;66;48;53;40;52;40;28;36;32;19;12;9;11;7;8;8;5;5;2;1;5
092090;Uta;65;59;59;76;67;66;69;62;66;68;55;60;83;74;104;65;96;90;95;80;84;106;94;95;98;133;114;108;115;107;111;112;118;111;112;111;122;133;123;121;145;130;124;140;136;124;129;96;120;113;103;98;86;87;89;83;74;90;80;81;84;70;74;57;66;70;80;68;69;54;63;49;48;51;50;44;36;43;36;36;20;22;21;17;19;10;17;12;15;3;7;5;3;0;3;3;0;3;0;3;0
092099;Villa San Pietro;13;19;20;10;15;25;16;17;14;18;13;17;15;16;14;15;12;21;18;21;28;19;27;18;27;24;32;30;31;34;46;34;49;39;26;25;41;41;34;22;29;20;23;22;17;25;32;15;32;25;23;30;31;31;26;27;34;37;21;32;28;29;25;26;37;28;22;20;19;17;7;14;5;11;7;14;14;6;8;7;5;7;1;7;4;6;5;1;1;3;0;2;4;0;0;0;0;0;0;0;0
092105;Quartucciu;137;122;122;92;107;116;107;102;110;104;107;101;112;122;126;143;123;135;141;125;102;137;143;139;141;130;168;155;174;197;177;223;232;239;292;261;253;229;245;214;238;265;258;248;227;195;223;180;173;199;179;168;150;163;137;157;144;155;158;145;124;142;120;92;88;105;123;116;117;96;92;93;83;85;73;77;67;66;45;69;51;67;37;39;35;27;26;33;12;14;16;8;10;6;3;4;3;4;3;1;1
092108;Elmas;75;72;75;78;78;89;79;89;64;75;91;81;78;84;108;100;91;83;99;93;106;115;100;98;98;107;118;112;113;142;131;128;162;148;158;177;163;161;153;191;147;169;161;169;165;142;155;148;154;152;138;124;138;138;146;109;134;118;101;125;117;103;81;72;87;74;81;82;81;60;71;64;63;59;52;52;49;33;57;52;32;38;26;26;15;37;12;18;10;4;7;6;11;3;3;8;0;2;0;0;0
092109;Monserrato;167;163;147;155;160;156;132;143;153;162;161;148;188;186;147;202;233;249;219;235;247;245;255;265;272;280;309;282;254;292;361;338;351;361;367;332;352;327;344;362;311;347;373;383;375;360;314;376;359;332;356;339;318;358;301;297;318;281;323;273;255;251;260;190;214;232;173;248;236;196;195;193;174;159;152;164;134;137;113;132;101;92;73;67;74;61;59;68;34;29;16;19;26;14;11;9;4;1;3;1;3
;Totale;3505;3592;3509;3423;3609;3425;3568;3513;3494;3383;3343;3432;3564;3723;3796;3929;4027;4319;4197;4390;4249;4402;4650;4684;5010;5344;5443;5619;5580;6057;6316;6619;7206;7498;7617;7526;7678;7305;7449;7325;7390;7505;7601;7614;7282;6972;6819;6561;6542;6298;6267;6326;6071;6207;5825;5781;5640;5744;5595;5651;5533;5241;5082;4462;4480;4821;4610;4865;4424;4002;3765;3778;3325;3393;3334;2934;2869;2914;2579;2521;2156;2093;1710;1741;1464;1345;1186;1075;739;471;430;407;406;304;239;192;108;92;52;46;50
Territorio/Età;;0;1;2;3;4;5;6;7;8;9;10;11;12;13;14;15;16;17;18;19;20;21;22;23;24;25;26;27;28;29;30;31;32;33;34;35;36;37;38;39;40;41;42;43;44;45;46;47;48;49;50;51;52;53;54;55;56;57;58;59;60;61;62;63;64;65;66;67;68;69;70;71;72;73;74;75;76;77;78;79;80;81;82;83;84;85;86;87;88;89;90;91;92;93;94;95;96;97;98;99;100
Codice comune;Comune;Maschi
092003;Assemini;140;136;167;131;136;156;128;128;124;108;117;127;146;136;105;129;130;152;141;153;152;149;157;161;151;169;180;208;215;237;202;240;245;251;242;258;257;241;251;281;251;271;264;256;262;229;201;214;208;182;176;190;162;174;153;163;184;163;148;132;135;140;107;135;102;122;121;121;116;86;87;93;64;61;71;52;55;65;52;38;41;35;22;12;14;18;15;10;11;9;5;2;3;2;0;0;4;1;0;2;0
092009;Cagliari;455;538;545;476;524;479;540;479;565;516;546;561;563;587;577;577;647;702;662;712;687;729;751;782;842;858;883;953;921;1048;1097;1084;1242;1206;1212;1233;1209;1140;1223;1159;1162;1219;1239;1228;1145;1103;1132;1119;1062;1039;1078;1061;1045;1013;937;1024;975;1026;952;1060;1044;966;951;835;833;938;899;944;904;800;793;753;728;721;688;619;572;589;489;490;410;418;339;322;305;268;221;192;135;79;67;74;64;58;39;27;11;21;12;8;5
092011;Capoterra;99;127;127;104;140;119;130;124;129;126;133;100;117;121;124;135;121;139;138;153;144;112;125;128;144;174;156;166;166;177;189;187;165;222;234;188;235;211;243;191;241;234;234;226;225;215;175;187;201;163;172;157;183;154;143;139;142;150;133;136;132;150;132;115;98;124;107;110;96;89;72;76;63;57;60;53;58;53;42;46;44;20;28;24;11;10;17;15;8;1;5;5;3;2;7;5;1;1;0;1;0
092015;Decimomannu;38;29;47;39;45;40;35;46;38;42;34;37;48;39;45;28;43;48;42;37;39;43;40;46;46;47;46;74;50;62;49;71;76;82;81;90;65;72;59;61;76;81;70;69;67;43;67;65;59;66;41;50;48;38;42;53;40;36;45;43;45;48;42;34;36;33;39;38;32;32;35;31;22;24;21;16;16;17;6;16;8;19;7;10;5;8;6;3;4;0;3;2;4;0;2;0;0;0;0;0;0
092037;Maracalagonis;40;39;45;46;46;30;39;43;34;35;35;34;42;37;29;39;38;37;32;54;53;34;53;32;62;50;56;47;59;64;62;57;70;79;70;76;53;87;61;72;86;63;68;64;68;50;62;49;49;45;39;46;43;56;45;41;48;30;46;47;46;47;40;42;34;45;31;48;31;28;27;29;28;20;25;19;24;16;18;11;12;11;13;7;8;4;7;9;3;2;2;0;1;0;0;2;0;0;0;0;0
092050;Pula;36;35;31;35;23;25;30;39;36;27;32;27;34;35;23;35;35;28;24;49;39;21;41;49;42;35;45;45;49;74;57;57;73;71;71;66;60;57;81;58;70;66;62;56;61;76;47;47;56;50;51;48;46;54;55;48;44;55;58;57;53;53;52;51;33;51;44;44;41;35;42;31;21;28;23;27;18;24;20;13;15;19;2;7;4;6;9;2;3;3;2;2;1;2;0;0;2;0;1;0;1
092051;Quartu Sant'Elena;331;341;308;309;316;329;338;357;298;345;281;344;313;339;374;376;407;412;426;428;395;353;382;441;450;475;433;460;479;472;491;522;562;632;637;642;639;606;658;589;601;628;638;659;616;612;568;560;553;560;506;517;521;519;495;462;399;453;475;451;458;451;414;346;331;324;341;355;322;276;237;273;204;204;195;171;137;153;147;116;87;88;74;70;55;48;40;38;24;11;24;8;12;10;3;4;2;1;1;2;2
092066;Sarroch;23;21;14;18;28;23;22;21;23;12;16;23;28;21;17;29;27;24;28;30;28;28;35;48;41;35;47;48;38;47;45;52;51;47;59;44;58;42;45;41;25;43;45;45;44;38;64;29;37;31;37;38;50;39;42;41;35;35;35;32;37;39;35;38;29;28;34;40;30;23;25;26;15;26;24;14;19;24;19;15;13;10;9;0;0;7;5;7;0;1;1;1;1;2;0;0;1;0;0;0;0
092068;Selargius;124;131;123;122;140;130;137;164;133;138;131;122;153;170;144;161;148;155;183;167;150;167;180;188;205;186;209;200;212;202;209;220;248;280;286;232;248;253;233;246;259;248;234;279;235;218;240;214;209;207;209;237;212;246;199;209;192;201;196;189;162;181;163;123;149;151;122;136;114;119;90;83;67;67;80;72;77;72;60;34;36;35;30;32;21;22;15;22;9;4;6;3;2;4;2;1;0;0;0;0;1
092074;Sestu;142;149;126;108;121;106;107;94;93;105;87;90;85;95;87;90;90;108;88;86;94;83;101;97;113;109;118;129;130;166;181;176;179;227;261;253;233;224;245;224;213;182;186;191;195;172;142;128;124;126;125;122;102;93;86;89;98;89;101;88;77;84;68;76;70;73;87;88;72;71;60;65;35;41;59;31;36;37;32;23;29;16;19;24;8;11;13;10;5;5;3;2;3;4;2;2;2;0;0;0;0
092075;Settimo San Pietro;35;27;20;28;29;27;26;30;26;29;36;27;33;40;29;36;33;40;37;31;35;38;51;47;46;51;53;50;52;43;58;61;53;56;60;66;62;59;36;66;59;54;42;53;57;44;38;53;46;43;41;40;52;49;43;32;42;59;50;30;39;34;28;27;39;33;30;29;27;17;23;21;20;7;25;11;14;11;12;10;7;14;8;7;2;2;3;1;3;2;1;2;2;0;0;0;0;0;0;0;0
092080;Sinnai;80;91;78;92;86;77;80;82;66;81;73;83;93;88;102;98;87;91;88;105;88;93;108;105;127;107;123;120;124;123;124;150;165;149;155;178;149;169;130;141;163;168;149;141;132;148;115;141;123;125;102;103;107;109;109;99;86;97;107;83;86;90;92;71;53;80;72;72;64;70;56;61;46;50;42;36;39;41;35;40;26;25;24;14;21;13;15;12;9;4;4;2;2;4;2;3;1;0;1;0;0
092090;Uta;35;31;27;45;36;33;32;28;34;36;28;27;49;45;58;26;41;44;40;41;44;57;51;56;59;56;64;51;56;50;54;57;71;65;44;42;63;67;60;62;79;71;69;73;70;64;61;53;60;63;56;47;58;46;47;47;32;49;40;35;39;32;37;36;30;39;42;31;36;30;32;26;26;22;22;20;21;18;12;20;7;10;7;7;6;1;4;5;4;1;3;3;1;0;1;1;0;1;0;0;0
092099;Villa San Pietro;7;8;7;5;6;15;9;11;6;10;7;8;8;7;6;7;4;10;11;10;13;9;14;10;13;7;21;17;14;15;21;17;26;22;12;12;22;20;17;9;16;11;10;11;6;14;16;7;16;11;12;10;16;15;9;16;19;21;13;16;13;14;14;14;21;17;12;11;13;9;5;7;3;4;2;5;9;2;6;4;2;5;0;1;2;3;1;0;0;1;0;0;3;0;0;0;0;0;0;0;0
092105;Quartucciu;67;51;70;45;54;62;61;55;59;62;49;58;58;54;66;72;70;67;77;70;49;71;79;67;76;60;75;89;90;95;82;93;121;126;147;134;131;115;116;110;119;119;128;125;118;87;113;109;69;95;94;87;70;68;72;69;74;77;71;74;64;77;54;40;38;47;59;59;53;42;46;46;40;35;28;34;26;24;16;31;25;25;16;16;16;9;8;8;2;4;9;1;4;2;0;1;0;1;2;0;1
092108;Elmas;38;40;41;37;43;43;35;48;31;41;50;47;46;43;58;45;47;45;44;47;46;52;54;56;48;49;51;58;66;69;62;70;86;78;77;96;79;77;74;89;77;70;82;78;79;70;79;78;71;76;68;65;64;64;78;47;66;67;54;63;60;55;31;40;42;35;41;48;43;30;36;32;31;31;23;20;17;15;30;19;13;13;11;12;6;18;2;4;4;1;1;1;6;1;1;2;0;1;0;0;0
092109;Monserrato;79;66;90;93;86;75;74;67;74;85;85;82;88;105;68;103;133;134;107;114;140;117;138;150;140;149;165;138;120;157;178;159;169;196;190;139;172;155;155;168;152;173;166;180;176;184;133;168;178;158;172;156;166;169;151;160;146;125;149;129;121;118;133;98;114;113;81;93;114;91;83;91;80;61;69;72;66;53;46;49;37;34;20;19;31;16;18;23;6;10;6;8;9;5;2;0;2;0;1;0;0
;Totale;1769;1860;1866;1733;1859;1769;1823;1816;1769;1798;1740;1797;1904;1962;1912;1986;2101;2236;2168;2287;2196;2156;2360;2463;2605;2617;2725;2853;2841;3101;3161;3273;3602;3789;3838;3749;3735;3595;3687;3567;3649;3701;3686;3734;3556;3367;3253;3221;3121;3040;2979;2974;2945;2906;2706;2739;2622;2733;2673;2665;2611;2579;2393;2121;2052;2253;2162;2267;2108;1848;1749;1744;1493;1459;1457;1272;1204;1214;1042;975;812;797;629;584;515;464;399;361;230;138;142;116;121;96;61;48;26;27;18;13;10
Territorio/Età;;0;1;2;3;4;5;6;7;8;9;10;11;12;13;14;15;16;17;18;19;20;21;22;23;24;25;26;27;28;29;30;31;32;33;34;35;36;37;38;39;40;41;42;43;44;45;46;47;48;49;50;51;52;53;54;55;56;57;58;59;60;61;62;63;64;65;66;67;68;69;70;71;72;73;74;75;76;77;78;79;80;81;82;83;84;85;86;87;88;89;90;91;92;93;94;95;96;97;98;99;100
Codice comune;Comune;Femmine
092003;Assemini;150;128;131;136;132;127;130;122;122;128;106;110;113;112;120;125;133;146;131;128;146;135;131;160;165;176;164;188;171;193;223;232;257;234;312;273;297;223;252;268;276;252;261;275;240;237;209;227;193;199;192;197;197;173;203;184;163;155;161;165;130;121;123;107;111;135;124;117;97;103;109;79;72;84;91;61;74;62;53;62;54;41;37;41;30;37;24;22;14;10;5;11;5;4;1;2;4;1;3;3;1
092009;Cagliari;468;444;475;510;506;461;510;475;566;486;479;497;521;544;592;548;607;644;639;671;631;729;745;733;805;889;905;931;956;996;993;1063;1123;1254;1207;1215;1288;1207;1225;1250;1247;1288;1308;1350;1304;1236;1286;1220;1257;1237;1249;1300;1183;1296;1212;1247;1170;1257;1213;1184;1290;1155;1186;1077;1136;1187;1196;1242;1136;1067;986;1055;958;1005;1020;893;875;959;852;826;781;769;629;676;551;507;453;396;273;185;172;164;177;140;112;85;50;39;20;18;20
092011;Capoterra;110;134;111;129;119;121;100;104;102;108;114;104;107;115;110;114;120;116;96;129;130;124;138;115;142;149;134;126;147;158;186;211;194;197;213;233;222;222;219;224;227;218;227;220;221;203;208;164;187;164;178;165;161;182;166;158;144;149;125;160;156;133;148;115;118;104;107;93;105;88;70;79;64;60;82;50;62;56;50;54;32;30;26;34;32;20;24;16;14;12;7;13;4;5;10;4;1;1;1;2;0
092015;Decimomannu;35;34;36;42;39;33;44;26;34;25;24;35;32;27;34;40;34;42;26;36;42;43;44;50;37;51;45;56;54;65;69;62;68;70;68;65;66;69;79;61;70;66;65;71;70;83;56;59;59;37;46;59;54;41;41;47;50;49;41;55;40;43;45;21;52;50;45;36;26;33;20;32;17;37;16;30;26;18;18;29;10;11;12;14;9;15;9;8;6;6;4;3;4;0;0;1;2;0;0;0;1
092037;Maracalagonis;35;31;38;35;41;28;40;36;30;33;30;26;31;42;30;33;31;38;40;41;46;44;37;43;56;61;62;59;57;43;61;54;71;51;76;61;74;71;57;70;64;55;63;64;61;51;48;40;37;44;44;50;38;55;50;29;41;53;44;39;42;28;38;36;30;44;28;44;34;27;28;38;31;27;25;13;14;19;17;17;13;15;17;16;15;11;8;10;7;7;1;3;2;0;1;1;0;0;1;1;0
092050;Pula;32;36;30;20;22;16;30;28;24;26;28;27;24;27;32;43;26;38;39;28;34;37;38;42;41;52;42;51;57;54;74;62;74;77;51;58;55;63;59;57;60;54;70;57;50;49;57;47;44;59;45;54;50;50;55;53;59;38;52;55;46;52;48;47;53;35;38;50;32;32;26;33;23;23;23;22;23;21;22;19;23;18;13;20;11;6;12;7;7;3;2;5;3;0;3;1;0;0;0;0;0
092051;Quartu Sant'Elena;306;303;312;274;317;299;323;306;305;269;290;327;295;333;337;368;360;361;370;371;352;381;414;374;419;494;450;444;436;493;492;577;604;636;653;665;668;668;663;627;673;674;706;639;664;685;676;593;601;548;578;579;563;534;528;483;516;506;452;511;468;444;406;380;356;357;318;361;315;293;275;247;219;253;226;180;202;200;198;177;142;142;117;134;103;98;86;84;61;36;35;31;32;24;18;13;8;5;3;3;4
092066;Sarroch;21;24;17;15;23;14;22;18;12;24;16;16;15;17;25;35;26;32;27;25;28;30;39;24;31;47;35;41;41;43;48;32;48;41;40;30;52;32;37;44;36;34;48;43;45;37;37;34;51;36;45;47;42;34;42;36;41;41;38;36;36;29;22;26;36;36;29;34;28;31;22;27;25;18;15;20;24;18;18;18;15;10;5;8;8;12;5;6;8;2;4;4;3;3;2;1;0;0;0;0;2
092068;Selargius;112;122;100;126;125;125;152;148;138;104;127;130;128;125;137;163;139;184;139;166;137;164;175;164;160;185;213;213;192;196;227;229;280;259;249;271;271;272;279;282;280;259;303;297;231;247;218;257;273;248;239;245;234;271;224;222;224;217;215;204;177;161;185;140;133;166;141;134;105;117;120;103;94;88;81;75;82;85;63;80;61;47;55;52;45;30;33;31;25;10;9;12;7;9;7;7;6;2;2;0;1
092074;Sestu;128;135;120;115;122;102;96;112;85;91;85;80;73;80;86;90;87;77;103;94;95;101;93;110;92;110;122;146;142;161;158;203;230;233;218;218;275;223;215;210;190;225;186;175;177;152;136;128;118;101;117;93;101;105;99;113;85;80;85;88;85;74;79;74;68;80;71;84;62;62;48;56;65;64;42;51;55;35;39;35;36;39;25;24;20;14;28;12;5;9;8;8;5;5;1;4;0;4;0;0;2
092075;Settimo San Pietro;28;25;23;30;24;25;29;27;26;23;27;24;24;28;38;31;28;41;39;43;39;43;52;33;39;47;57;61;45;57;57;44;57;60;52;43;36;52;47;44;58;54;59;51;46;59;65;58;36;45;45;57;46;55;43;47;52;38;41;40;38;37;38;26;23;29;28;39;34;26;15;19;18;19;17;17;12;11;20;9;12;12;12;11;8;10;6;6;10;2;6;3;3;0;1;0;2;1;0;0;1
092080;Sinnai;80;77;62;72;78;81;77;91;78;75;69;74;70;83;100;81;75;86;87;99;98;99;101;97;118;113;124;116;100;111;138;138;159;186;155;162;175;151;153;149;133;138;135;143;146;139;119;113;121;122;113;112;108;90;114;89;106;86;99;110;103;86;80;83;65;87;79;72;79;54;71;55;53;44;49;50;55;43;38;47;40;23;29;26;31;27;13;24;23;15;8;7;9;3;6;5;4;5;1;1;5
092090;Uta;30;28;32;31;31;33;37;34;32;32;27;33;34;29;46;39;55;46;55;39;40;49;43;39;39;77;50;57;59;57;57;55;47;46;68;69;59;66;63;59;66;59;55;67;66;60;68;43;60;50;47;51;28;41;42;36;42;41;40;46;45;38;37;21;36;31;38;37;33;24;31;23;22;29;28;24;15;25;24;16;13;12;14;10;13;9;13;7;11;2;4;2;2;0;2;2;0;2;0;3;0
092099;Villa San Pietro;6;11;13;5;9;10;7;6;8;8;6;9;7;9;8;8;8;11;7;11;15;10;13;8;14;17;11;13;17;19;25;17;23;17;14;13;19;21;17;13;13;9;13;11;11;11;16;8;16;14;11;20;15;16;17;11;15;16;8;16;15;15;11;12;16;11;10;9;6;8;2;7;2;7;5;9;5;4;2;3;3;2;1;6;2;3;4;1;1;2;0;2;1;0;0;0;0;0;0;0;0
092105;Quartucciu;70;71;52;47;53;54;46;47;51;42;58;43;54;68;60;71;53;68;64;55;53;66;64;72;65;70;93;66;84;102;95;130;111;113;145;127;122;114;129;104;119;146;130;123;109;108;110;71;104;104;85;81;80;95;65;88;70;78;87;71;60;65;66;52;50;58;64;57;64;54;46;47;43;50;45;43;41;42;29;38;26;42;21;23;19;18;18;25;10;10;7;7;6;4;3;3;3;3;1;1;0
092108;Elmas;37;32;34;41;35;46;44;41;33;34;41;34;32;41;50;55;44;38;55;46;60;63;46;42;50;58;67;54;47;73;69;58;76;70;81;81;84;84;79;102;70;99;79;91;86;72;76;70;83;76;70;59;74;74;68;62;68;51;47;62;57;48;50;32;45;39;40;34;38;30;35;32;32;28;29;32;32;18;27;33;19;25;15;14;9;19;10;14;6;3;6;5;5;2;2;6;0;1;0;0;0
092109;Monserrato;88;97;57;62;74;81;58;76;79;77;76;66;100;81;79;99;100;115;112;121;107;128;117;115;132;131;144;144;134;135;183;179;182;165;177;193;180;172;189;194;159;174;207;203;199;176;181;208;181;174;184;183;152;189;150;137;172;156;174;144;134;133;127;92;100;119;92;155;122;105;112;102;94;98;83;92;68;84;67;83;64;58;53;48;43;45;41;45;28;19;10;11;17;9;9;9;2;1;2;1;3
;Totale;1736;1732;1643;1690;1750;1656;1745;1697;1725;1585;1603;1635;1660;1761;1884;1943;1926;2083;2029;2103;2053;2246;2290;2221;2405;2727;2718;2766;2739;2956;3155;3346;3604;3709;3779;3777;3943;3710;3762;3758;3741;3804;3915;3880;3726;3605;3566;3340;3421;3258;3288;3352;3126;3301;3119;3042;3018;3011;2922;2986;2922;2662;2689;2341;2428;2568;2448;2598;2316;2154;2016;2034;1832;1934;1877;1662;1665;1700;1537;1546;1344;1296;1081;1157;949;881;787;714;509;333;288;291;285;208;178;144;82;65;34;33;40

"Ricostruzione della popolazione intercensuaria - Popolazione al 1° gennaio per età"
"Tutte le cittadinanze - Anno: 2009 - Provincia: Cagliari"
Territorio/Età;;0;1;2;3;4;5;6;7;8;9;10;11;12;13;14;15;16;17;18;19;20;21;22;23;24;25;26;27;28;29;30;31;32;33;34;35;36;37;38;39;40;41;42;43;44;45;46;47;48;49;50;51;52;53;54;55;56;57;58;59;60;61;62;63;64;65;66;67;68;69;70;71;72;73;74;75;76;77;78;79;80;81;82;83;84;85;86;87;88;89;90;91;92;93;94;95;96;97;98;99;100
Codice comune;Comune;Totale
092003;Assemini;264;289;264;299;267;262;293;261;255;247;242;221;237;257;246;222;249;264;300;269;277;297;298;299;326;322;358;348;398;393;430;437;470;510;487;550;521;567;453;512;553;527;514;525;527;505;460;413;446;401;388;372;392;362;343;350;345;353;320;311;293;267;256;231;241;208;257;244;233;213;186;197;171;132;141;156;109;130;124;97;98;92;70;59;53;40;51;33;27;23;18;10;9;7;6;1;2;5;2;1;5
092009;Cagliari;1011;911;992;1016;992;1038;950;1068;968;1136;1007;1039;1064;1089;1149;1176;1143;1264;1371;1310;1399;1350;1459;1508;1529;1661;1731;1762;1842;1851;1965;2044;2089;2303;2435;2385;2404;2428;2332;2429;2395;2393;2502;2545;2582;2455;2342;2394;2355;2330;2262;2317;2348;2232;2299;2148;2263;2151;2265;2144;2245;2316;2104;2113;1897;1950;2112;2071;2167;2015;1846;1765;1774;1655;1675;1679;1476;1410;1503;1297;1251;1137;1134;922;914;783;708;605;528;355;234;188;203;199;159;117;91;43;41;23;31
092011;Capoterra;250;214;258;238;228;262;243;225;231;231;235;249;203;228;242;225;252;242;254;238;272;279;226;255;248;292;322;290;305;320;350;375;412;365;414;451;424;470;435;453;407;485;440;461;442;452;422;378;342;390;331;351;320;343;337;308;295;286;300;251;297;286;283;280;225;215;231;215;200;198;174;142;157;125;112;142;98;122;101;91;96;76;48;49;60;43;31;39;25;19;13;14;16;8;8;14;7;2;2;1;3
092015;Decimomannu;64;72;62;86;93;87;75;80;76;78;67;58;77;80;65;83;70;77;94;67;72;86;85;86;99;85;106;98;137;106;138;125;135;149;159;156;169;140;149;148;131;148;149;134;143;139;128;117;121;117;104;88;109;100;81;85;103;89;85;90;98;84;91;88;53;88;83;82;73;59;59;56;62;40;60;36;45;40;33;23;42;16;28;19;20;14;21;16;9;11;4;4;5;4;1;2;1;2;0;0;1
092037;Maracalagonis;61;83;72;83;82;89;60;79;80;62;70;63;61;76;76;62;71;71;74;73;93;100;76;91;81;118;108;120;107;118;112;126;120;148;135;153;137;125;163;123;149;155;121;127;131;128;102;114;91;85;85;84;98;79;111;94;70;86;83;89;83;91;74;77;82;63;90;57;93;67;53;56;66;60;45;46;28;38;34;35;26;25;26;26;21;22;14;14;14;7;7;3;3;3;0;1;2;0;0;1;1
092050;Pula;70;65;73;66;54;46;40;57;65;56;54;57;53;56;62;56;77;61;65;64;73;74;56;81;91;85;89;94;101;104;133;125;118;146;144;125;120;116;118;140;110;132;117;134;115;102;124;108;100;101;109;97;103;95;109;107;100;106;94;112;110;96;108;100;97;85;88;82;92;79;66;65;64;44;48;44;45;37;41;34;32;33;34;20;26;15;12;16;9;9;3;4;7;1;2;1;0;2;0;1;0
092051;Quartu Sant'Elena;628;621;638;617;572;637;624;652;661;599;609;573;664;603;667;722;747;764;776;804;814;747;746;800;827;856;967;886;906;910;954;977;1106;1143;1268;1275;1290;1303;1265;1311;1210;1251;1293;1346;1308;1271;1303;1234;1145;1149;1120;1093;1086;1082;1059;1027;946;906;969;914;962;924;882;827;727;670;684;654;714;637;566;500;522;424;446;412;340;328;340;330;284;207;221;178;184;148;134;118;106;75;39;52;33;42;30;14;12;9;3;5;9
092066;Sarroch;41;43;49;30;35;54;39;42;42;36;37;36;37;43;36;42;61;53;55;57;55;54;59;71;69;69;86;85;90;80;89;93;85;101;86;107;79;106;70;86;79;65;78;96;94;91;76;99;66;87;69;81;88;97;75;85;74;75;75;76;68;77;68;57;67;63;61;67;76;56;53;46;54;40;43;37;32;41;40;33;31;28;18;11;9;7;17;8;13;8;3;4;4;2;4;2;0;1;0;0;1
092068;Selargius;266;235;244;222;250;269;256;291;311;270;243;264;263;277;293;285;330;285;341;320;336;280;330;340;348;369;361;411;399;389;411;438;452;528;541;538;506;521;514;517;525;547;506;524;573;466;462;460;474;485;465;444;479;444;519;419;427;405;417;414;385;334;342;343;267;276;312;251;271;216;233;207;182;154;152;159;143;159;150;118;110;98;83;79;74;58;42;42;47;32;13;13;15;7;9;4;3;3;2;0;1
092074;Sestu;238;278;287;241;221;243;213;205;206;175;194;173;166;158;174;173;180;177;185;198;179;193;185;194;219;208;239;267;290;302;347;365;403;433;485;494;491;504;476;466;441;404;409;377;366;374;325;274;254;248;227;237;219;200;193;190;203;182;165;188;173;161;160;149;148;138;152;156;174;132;127;108;120;98;107;100;79;89;70;67;55;63;52;41;42;27;19;37;19;8;14;11;10;4;7;3;4;1;1;0;2
092075;Settimo San Pietro;55;67;51;44;59;51;51;55;57;53;54;64;49;59;71;71;67;65;81;78;73;74;79;102;84;89;97;107;114;100;105;112;110;116;134;114;115;104;111;91;109;116;112;104;107;104;104;106;110;81;90;90;99;100;103;86;79;89;99;91;70;78;69;66;53;61;61;56;68;56;41;39;38;38;26;42;27;24;25;31;17;19;26;19;17;10;12;9;4;12;3;7;3;5;0;1;0;2;1;0;0
092080;Sinnai;168;163;168;143;167;163;159;159;172;147;157;143;158;168;172;198;180;163;176;174;199;190;189;214;200;243;221;254;245;237;245;263;288;345;345;314;335;322;316;288;301;297;301;282;284;278;285;231;249;250;251;224;218;212;203;219;187;192;186;211;191;194;175;170;149;120;164;152;142;142;121;128;116;96;91;87;78;86;82;72;81;67;48;46;37;52;34;25;37;27;17;10;9;12;9;8;6;4;2;2;3
092090;Uta;74;68;60;65;78;69;69;70;63;65;67;57;62;82;76;105;67;99;88;95;84;90;108;95;100;103;138;126;113;126;116;124;120;117;113;121;120;127;139;124;127;147;130;123;144;138;127;133;96;120;116;102;100;83;86;88;81;71;90;82;80;83;71;75;58;65;68;80;67;69;54;61;49;48;50;52;44;36;42;36;30;21;19;20;16;15;11;17;10;13;3;4;4;3;1;3;1;0;2;0;3
092099;Villa San Pietro;12;14;18;16;11;15;27;18;14;12;18;14;18;15;17;14;15;12;21;17;21;28;19;24;18;28;21;33;29;31;33;46;36;45;33;26;25;45;44;30;24;28;20;21;22;17;25;29;15;32;25;25;30;31;33;26;27;32;36;21;31;28;28;24;26;37;28;20;19;19;17;8;14;4;9;7;13;14;6;9;7;5;7;1;7;4;5;4;1;1;2;0;1;3;0;0;0;0;0;0;0
092105;Quartucciu;129;135;126;124;93;108;121;112;103;110;103;111;101;114;122;129;139;126;133;138;126;101;139;141;136;141;141;165;150;189;191;171;213;246;234;290;269;251;238;246;209;241;270;258;256;231;195;229;184;175;198;179;173;148;165;144;157;148;157;156;150;124;143;120;88;88;104;124;113;116;98;93;87;81;84;71;78;63;64;42;67;42;64;35;38;31;26;24;30;11;13;13;6;11;4;2;3;3;3;1;1
092108;Elmas;96;77;76;75;77;74;86;80;90;66;73;90;80;72;84;109;101;89;79;99;96;105;115;100;94;100;99;111;106;109;141;128;125;167;148;159;173;166;159;145;193;148;170;158;164;164;142;148;148;155;149;140;125;141;137;147;108;131;118;99;124;114;106;83;72;86;75;78;79;79;58;69;65;61;56;51;51;47;34;58;46;30;33;27;25;13;33;8;16;10;3;7;3;11;2;3;3;1;2;0;0
092109;Monserrato;158;166;168;149;159;164;153;137;145;153;159;161;150;188;186;149;204;234;247;217;231;249;245;255;260;276;278;299;290;247;299;357;335;340;352;364;338;355;342;349;354;308;339;373;381;376;361;314;373;359;331;352;340;316;351;300;298;319;276;322;268;251;252;261;186;214;232;173;242;231;191;196;191;166;160;149;163;129;137;106;125;96;89;69;63;68;54;53;62;26;28;15;17;18;9;7;8;4;0;2;2
;Totale;3585;3501;3606;3514;3438;3631;3459;3591;3539;3496;3389;3373;3443;3565;3738;3821;3953;4046;4340;4218;4400;4297;4414;4656;4729;5045;5362;5456;5622;5612;6059;6306;6617;7202;7513;7622;7516;7650;7324;7458;7317;7392;7471;7588;7639;7291;6983;6781;6569;6565;6320;6276;6327;6065;6204;5823;5763;5621;5735;5571;5628;5508;5212;5064;4436;4427;4802;4562;4823;4384;3943;3736;3732;3266;3305;3270;2849;2793;2826;2479;2398;2055;2000;1621;1606;1350;1224;1068;957;647;417;359;348;340;251;183;143;82;61;37;63
Territorio/Età;;0;1;2;3;4;5;6;7;8;9;10;11;12;13;14;15;16;17;18;19;20;21;22;23;24;25;26;27;28;29;30;31;32;33;34;35;36;37;38;39;40;41;42;43;44;45;46;47;48;49;50;51;52;53;54;55;56;57;58;59;60;61;62;63;64;65;66;67;68;69;70;71;72;73;74;75;76;77;78;79;80;81;82;83;84;85;86;87;88;89;90;91;92;93;94;95;96;97;98;99;100
Codice comune;Comune;Maschi
092003;Assemini;141;140;140;164;131;132;160;129;132;125;107;116;126;144;137;103;127;133;154;139;150;146;155;163;171;154;172;170;210;215;238;209;230;245;257;246;257;262;239;253;287;251;257;265;255;263;225;202;220;204;185;179;194;162;172;148;160;186;161;150;129;136;139;105;134;98;123;116;115;116;85;85;92;63;60;69;50;55;62;47;37;39;33;21;11;14;19;13;8;10;8;4;1;2;2;0;0;3;1;0;2
092009;Cagliari;524;459;542;532;480;525;485;539;488;567;523;554;568;568;597;585;581;657;709;665;724;705;731;755;784;854;843;875;932;906;1016;1079;1048;1193;1175;1198;1188;1175;1122;1195;1143;1149;1212;1227;1216;1145;1099;1117;1122;1049;1030;1068;1058;1027;1011;937;1008;973;1011;941;1051;1029;955;935;827;820;922;885;932;891;788;783;742;705;690;668;595;557;564;465;455;381;394;316;297;265;249;188;163;114;66;51;57;50;49;31;20;9;13;10;9
092011;Capoterra;124;100;128;128;100;141;116;127;124;130;129;130;101;122;123;118;138;123;138;140;147;142;108;123;126;147;169;153;169;171;185;187;194;170;225;231;188;242;208;241;188;251;231;233;225;229;218;173;179;200;167;171;156;180;156;143;141;140;148;130;137;130;151;132;114;96;125;108;107;96;85;72;77;61;54;60;50;59;51;43;44;42;20;25;26;12;10;17;12;7;1;6;3;3;2;5;3;1;1;0;1
092015;Decimomannu;26;37;28;49;45;45;43;35;48;38;42;33;40;49;38;48;30;42;50;42;36;40;45;39;48;45;51;45;76;52;65;48;71;82;85;82;93;74;78;65;69;77;83;70;71;69;44;61;64;59;67;42;49;47;42;43;55;39;37;48;42;44;48;42;33;36;33;37;37;30;28;36;29;22;24;21;15;16;16;7;16;7;18;7;9;6;8;6;3;4;0;1;2;2;0;2;0;0;0;0;0
092037;Maracalagonis;33;45;40;47;49;44;31;41;43;32;36;35;35;45;37;31;38;39;36;32;53;53;34;51;34;60;49;55;49;59;65;64;64;73;82;76;77;54;87;66;76;90;61;65;66;67;51;66;50;48;40;38;46;42;56;44;41;47;30;45;47;46;46;38;44;33;47;29;48;30;28;26;28;29;20;25;15;24;16;18;11;12;11;11;6;7;4;7;5;3;1;2;0;1;0;0;2;0;0;0;0
092050;Pula;34;36;34;33;34;22;24;29;38;34;26;29;27;32;34;23;35;33;26;24;45;39;22;42;49;42;38;46;47;47;78;54;55;69;66;74;65;60;58;80;56;71;68;64;58;54;76;48;51;59;49;51;49;45;53;54;46;45;56;57;56;50;56;55;51;34;53;43;43;43;34;40;31;20;24;23;23;16;21;16;13;14;17;5;7;4;6;7;2;1;1;2;2;0;2;0;0;2;0;1;0
092051;Quartu Sant'Elena;329;318;338;313;308;320;326;333;357;297;344;281;337;308;336;383;380;407;415;428;434;391;360;385;444;442;480;433;461;480;464;488;527;545;626;630;632;628;607;655;585;593;619;639;666;605;615;562;553;548;569;509;511;519;522;498;470;392;451;461;455;464;438;419;340;322;329;336;353;315;274;228;276;204;200;192;164;134;150;134;110;78;80;68;64;51;42;38;28;18;9;17;7;11;7;2;4;2;1;1;3
092066;Sarroch;16;22;24;15;20;30;26;20;21;22;14;18;23;28;21;17;27;27;24;29;31;28;28;33;46;39;37;51;50;42;45;44;50;53;47;64;43;53;41;47;37;28;41;48;51;46;38;63;29;37;31;37;39;55;39;43;39;34;34;35;32;39;39;35;40;27;27;39;40;29;22;25;24;16;27;22;14;17;24;15;14;13;9;7;1;0;6;5;6;0;1;1;1;0;1;0;0;1;0;0;0
092068;Selargius;124;123;129;118;119;141;132;140;159;131;138;136;128;151;169;145;162;148;159;182;172;149;169;172;185;205;176;204;191;204;216;210;214;248;288;289;238;248;241;241;245;259;242;228;279;231;216;241;213;213;211;206;235;210;248;195;208;187;204;196;184;157;182;159;127;147;150;117;137;111;117;87;81;62;65;79;67;75;66;55;32;36;35;28;29;19;17;11;17;10;4;5;3;2;3;1;0;0;0;0;0
092074;Sestu;126;145;152;128;106;123;108;111;95;93;102;89;87;83;94;89;89;91;108;91;84;96;83;101;105;115;114;131;137;141;174;195;189;195;238;270;262;228;233;253;220;216;188;188;191;201;174;141;125;126;123;120;123;100;88;87;89;99;89;102;86;76;84;70;74;70;71;85;88;70;67;60;65;34;43;59;28;35;36;29;21;27;16;17;21;9;9;13;8;4;5;3;2;1;3;2;2;1;0;0;0
092075;Settimo San Pietro;33;36;26;21;31;29;27;25;29;26;29;36;25;33;40;29;36;35;39;37;31;35;38;52;49;49;53;53;52;54;48;55;58;55;62;58;70;63;57;40;63;56;56;46;55;58;46;39;51;45;45;43;42;52;47;43;33;39;61;50;30;40;33;28;27;38;32;29;29;25;14;24;20;20;7;25;11;12;13;12;10;7;15;7;6;2;2;3;0;3;1;1;0;2;0;0;0;0;0;0;0
092080;Sinnai;79;80;95;79;94;87;77;83;86;69;84;74;86;94;88;102;98;88;90;88;103;88;94;109;102;128;108;122;123;128;125;124;151;174;161;158;171;145;167;127;146;165;165;146;141;134;147;112;137;125;126;108;103;106;110;106;100;87;98;109;81;87;90;90;68;53;77;74;70;65;67;55;61;45;48;38;32;35;38;35;35;26;26;21;12;21;11;13;13;9;3;2;2;2;4;2;3;1;0;0;0
092090;Uta;40;38;31;30;45;38;34;33;30;32;35;28;27;48;44;59;27;44;42;40;42;46;57;51;58;61;59;68;56;63;54;64;64;73;64;48;47;67;69;64;66;80;74;65;77;72;66;63;53;60;65;57;49;56;44;46;46;32;49;42;35;39;32;37;36;29;40;42;30;36;30;32;26;26;21;24;20;21;18;12;17;6;8;6;5;6;0;4;4;3;2;2;2;1;0;1;0;0;1;0;0
092099;Villa San Pietro;6;7;8;5;6;7;16;10;10;6;10;8;8;8;8;6;7;4;11;10;10;13;8;12;9;13;5;21;16;14;14;21;18;24;18;12;13;23;20;16;11;15;11;9;11;6;14;13;7;16;11;12;10;16;16;9;16;17;22;13;16;13;13;14;14;21;17;12;11;13;9;5;7;2;4;2;4;9;2;6;4;2;5;0;1;2;2;0;0;0;0;0;0;3;0;0;0;0;0;0;0
092105;Quartucciu;69;69;53;69;46;55;65;62;54;62;61;52;59;58;56;67;73;70;67;74;71;49;68;77;63;74;68;76;83;92;89;82;92;134;113;143;136;135;118;118;109;120;125;130;126;117;87;111;110;73;94;93;89;70;71;74;71;78;78;71;74;65;79;54;37;38;46;59;57;54;41;47;41;39;34;28;33;26;23;16;30;19;23;14;15;14;7;8;7;2;4;7;1;4;2;0;1;0;1;1;0
092108;Elmas;49;38;42;43;36;41;39;36;49;33;39;49;47;44;42;60;46;46;43;43;49;47;53;54;52;52;45;48;56;62;68;60;68;81;75;78;99;81;74;71;90;75;74;77;78;80;71;75;79;74;74;70;64;66;62;80;46;66;68;52;63;57;57;32;40;41;37;41;46;41;28;36;33;29;28;22;20;16;16;29;17;11;11;12;12;4;16;1;3;4;1;1;1;5;1;1;1;0;1;0;0
092109;Monserrato;66;79;64;94;97;88;74;77;68;72;84;85;82;89;103;69;105;134;133;106;111;142;115;136;146;143;148;156;143;116;155;178;160;165;193;182;148;179;170;158;162;149;164;168;182;177;181;132;168;178;158;168;157;163;164;149;161;147;120;146;125;116;119;132;94;115;114;80;91;111;89;83;89;72;62;69;70;60;52;43;46;34;34;19;18;29;14;15;20;4;10;5;8;4;3;1;0;1;0;0;0
;Totale;1819;1772;1874;1868;1747;1868;1783;1830;1831;1769;1803;1753;1806;1904;1967;1934;1999;2121;2244;2170;2293;2209;2168;2355;2471;2623;2615;2707;2851;2846;3099;3162;3253;3579;3775;3839;3727;3717;3589;3690;3553;3645;3671;3668;3748;3554;3368;3219;3211;3114;3045;2972;2974;2916;2901;2699;2730;2608;2717;2648;2643;2588;2561;2377;2100;2018;2243;2132;2234;2076;1806;1724;1722;1449;1411;1426;1211;1167;1168;982;912;754;755;584;540;465;422;349;299;196;117;110;92;93;79;48;36;21;19;13;15
Territorio/Età;;0;1;2;3;4;5;6;7;8;9;10;11;12;13;14;15;16;17;18;19;20;21;22;23;24;25;26;27;28;29;30;31;32;33;34;35;36;37;38;39;40;41;42;43;44;45;46;47;48;49;50;51;52;53;54;55;56;57;58;59;60;61;62;63;64;65;66;67;68;69;70;71;72;73;74;75;76;77;78;79;80;81;82;83;84;85;86;87;88;89;90;91;92;93;94;95;96;97;98;99;100
Codice comune;Comune;Femmine
092003;Assemini;123;149;124;135;136;130;133;132;123;122;135;105;111;113;109;119;122;131;146;130;127;151;143;136;155;168;186;178;188;178;192;228;240;265;230;304;264;305;214;259;266;276;257;260;272;242;235;211;226;197;203;193;198;200;171;202;185;167;159;161;164;131;117;126;107;110;134;128;118;97;101;112;79;69;81;87;59;75;62;50;61;53;37;38;42;26;32;20;19;13;10;6;8;5;4;1;2;2;1;1;3
092009;Cagliari;487;452;450;484;512;513;465;529;480;569;484;485;496;521;552;591;562;607;662;645;675;645;728;753;745;807;888;887;910;945;949;965;1041;1110;1260;1187;1216;1253;1210;1234;1252;1244;1290;1318;1366;1310;1243;1277;1233;1281;1232;1249;1290;1205;1288;1211;1255;1178;1254;1203;1194;1287;1149;1178;1070;1130;1190;1186;1235;1124;1058;982;1032;950;985;1011;881;853;939;832;796;756;740;606;617;518;459;417;365;241;168;137;146;149;110;86;71;34;28;13;22
092011;Capoterra;126;114;130;110;128;121;127;98;107;101;106;119;102;106;119;107;114;119;116;98;125;137;118;132;122;145;153;137;136;149;165;188;218;195;189;220;236;228;227;212;219;234;209;228;217;223;204;205;163;190;164;180;164;163;181;165;154;146;152;121;160;156;132;148;111;119;106;107;93;102;89;70;80;64;58;82;48;63;50;48;52;34;28;24;34;31;21;22;13;12;12;8;13;5;6;9;4;1;1;1;2
092015;Decimomannu;38;35;34;37;48;42;32;45;28;40;25;25;37;31;27;35;40;35;44;25;36;46;40;47;51;40;55;53;61;54;73;77;64;67;74;74;76;66;71;83;62;71;66;64;72;70;84;56;57;58;37;46;60;53;39;42;48;50;48;42;56;40;43;46;20;52;50;45;36;29;31;20;33;18;36;15;30;24;17;16;26;9;10;12;11;8;13;10;6;7;4;3;3;2;1;0;1;2;0;0;1
092037;Maracalagonis;28;38;32;36;33;45;29;38;37;30;34;28;26;31;39;31;33;32;38;41;40;47;42;40;47;58;59;65;58;59;47;62;56;75;53;77;60;71;76;57;73;65;60;62;65;61;51;48;41;37;45;46;52;37;55;50;29;39;53;44;36;45;28;39;38;30;43;28;45;37;25;30;38;31;25;21;13;14;18;17;15;13;15;15;15;15;10;7;9;4;6;1;3;2;0;1;0;0;0;1;1
092050;Pula;36;29;39;33;20;24;16;28;27;22;28;28;26;24;28;33;42;28;39;40;28;35;34;39;42;43;51;48;54;57;55;71;63;77;78;51;55;56;60;60;54;61;49;70;57;48;48;60;49;42;60;46;54;50;56;53;54;61;38;55;54;46;52;45;46;51;35;39;49;36;32;25;33;24;24;21;22;21;20;18;19;19;17;15;19;11;6;9;7;8;2;2;5;1;0;1;0;0;0;0;0
092051;Quartu Sant'Elena;299;303;300;304;264;317;298;319;304;302;265;292;327;295;331;339;367;357;361;376;380;356;386;415;383;414;487;453;445;430;490;489;579;598;642;645;658;675;658;656;625;658;674;707;642;666;688;672;592;601;551;584;575;563;537;529;476;514;518;453;507;460;444;408;387;348;355;318;361;322;292;272;246;220;246;220;176;194;190;196;174;129;141;110;120;97;92;80;78;57;30;35;26;31;23;12;8;7;2;4;6
092066;Sarroch;25;21;25;15;15;24;13;22;21;14;23;18;14;15;15;25;34;26;31;28;24;26;31;38;23;30;49;34;40;38;44;49;35;48;39;43;36;53;29;39;42;37;37;48;43;45;38;36;37;50;38;44;49;42;36;42;35;41;41;41;36;38;29;22;27;36;34;28;36;27;31;21;30;24;16;15;18;24;16;18;17;15;9;4;8;7;11;3;7;8;2;3;3;2;3;2;0;0;0;0;1
092068;Selargius;142;112;115;104;131;128;124;151;152;139;105;128;135;126;124;140;168;137;182;138;164;131;161;168;163;164;185;207;208;185;195;228;238;280;253;249;268;273;273;276;280;288;264;296;294;235;246;219;261;272;254;238;244;234;271;224;219;218;213;218;201;177;160;184;140;129;162;134;134;105;116;120;101;92;87;80;76;84;84;63;78;62;48;51;45;39;25;31;30;22;9;8;12;5;6;3;3;3;2;0;1
092074;Sestu;112;133;135;113;115;120;105;94;111;82;92;84;79;75;80;84;91;86;77;107;95;97;102;93;114;93;125;136;153;161;173;170;214;238;247;224;229;276;243;213;221;188;221;189;175;173;151;133;129;122;104;117;96;100;105;103;114;83;76;86;87;85;76;79;74;68;81;71;86;62;60;48;55;64;64;41;51;54;34;38;34;36;36;24;21;18;10;24;11;4;9;8;8;3;4;1;2;0;1;0;2
092075;Settimo San Pietro;22;31;25;23;28;22;24;30;28;27;25;28;24;26;31;42;31;30;42;41;42;39;41;50;35;40;44;54;62;46;57;57;52;61;72;56;45;41;54;51;46;60;56;58;52;46;58;67;59;36;45;47;57;48;56;43;46;50;38;41;40;38;36;38;26;23;29;27;39;31;27;15;18;18;19;17;16;12;12;19;7;12;11;12;11;8;10;6;4;9;2;6;3;3;0;1;0;2;1;0;0
092080;Sinnai;89;83;73;64;73;76;82;76;86;78;73;69;72;74;84;96;82;75;86;86;96;102;95;105;98;115;113;132;122;109;120;139;137;171;184;156;164;177;149;161;155;132;136;136;143;144;138;119;112;125;125;116;115;106;93;113;87;105;88;102;110;107;85;80;81;67;87;78;72;77;54;73;55;51;43;49;46;51;44;37;46;41;22;25;25;31;23;12;24;18;14;8;7;10;5;6;3;3;2;2;3
092090;Uta;34;30;29;35;33;31;35;37;33;33;32;29;35;34;32;46;40;55;46;55;42;44;51;44;42;42;79;58;57;63;62;60;56;44;49;73;73;60;70;60;61;67;56;58;67;66;61;70;43;60;51;45;51;27;42;42;35;39;41;40;45;44;39;38;22;36;28;38;37;33;24;29;23;22;29;28;24;15;24;24;13;15;11;14;11;9;11;13;6;10;1;2;2;2;1;2;1;0;1;0;3
092099;Villa San Pietro;6;7;10;11;5;8;11;8;4;6;8;6;10;7;9;8;8;8;10;7;11;15;11;12;9;15;16;12;13;17;19;25;18;21;15;14;12;22;24;14;13;13;9;12;11;11;11;16;8;16;14;13;20;15;17;17;11;15;14;8;15;15;15;10;12;16;11;8;8;6;8;3;7;2;5;5;9;5;4;3;3;3;2;1;6;2;3;4;1;1;2;0;1;0;0;0;0;0;0;0;0
092105;Quartucciu;60;66;73;55;47;53;56;50;49;48;42;59;42;56;66;62;66;56;66;64;55;52;71;64;73;67;73;89;67;97;102;89;121;112;121;147;133;116;120;128;100;121;145;128;130;114;108;118;74;102;104;86;84;78;94;70;86;70;79;85;76;59;64;66;51;50;58;65;56;62;57;46;46;42;50;43;45;37;41;26;37;23;41;21;23;17;19;16;23;9;9;6;5;7;2;2;2;3;2;0;1
092108;Elmas;47;39;34;32;41;33;47;44;41;33;34;41;33;28;42;49;55;43;36;56;47;58;62;46;42;48;54;63;50;47;73;68;57;86;73;81;74;85;85;74;103;73;96;81;86;84;71;73;69;81;75;70;61;75;75;67;62;65;50;47;61;57;49;51;32;45;38;37;33;38;30;33;32;32;28;29;31;31;18;29;29;19;22;15;13;9;17;7;13;6;2;6;2;6;1;2;2;1;1;0;0
092109;Monserrato;92;87;104;55;62;76;79;60;77;81;75;76;68;99;83;80;99;100;114;111;120;107;130;119;114;133;130;143;147;131;144;179;175;175;159;182;190;176;172;191;192;159;175;205;199;199;180;182;205;181;173;184;183;153;187;151;137;172;156;176;143;135;133;129;92;99;118;93;151;120;102;113;102;94;98;80;93;69;85;63;79;62;55;50;45;39;40;38;42;22;18;10;9;14;6;6;8;3;0;2;2
;Totale;1766;1729;1732;1646;1691;1763;1676;1761;1708;1727;1586;1620;1637;1661;1771;1887;1954;1925;2096;2048;2107;2088;2246;2301;2258;2422;2747;2749;2771;2766;2960;3144;3364;3623;3738;3783;3789;3933;3735;3768;3764;3747;3800;3920;3891;3737;3615;3562;3358;3451;3275;3304;3353;3149;3303;3124;3033;3013;3018;2923;2985;2920;2651;2687;2336;2409;2559;2430;2589;2308;2137;2012;2010;1817;1894;1844;1638;1626;1658;1497;1486;1301;1245;1037;1066;885;802;719;658;451;300;249;256;247;172;135;107;61;42;24;48

"Ricostruzione della popolazione intercensuaria - Popolazione al 1° gennaio per età"
"Tutte le cittadinanze - Anno: 2010 - Provincia: Cagliari"
Territorio/Età;;0;1;2;3;4;5;6;7;8;9;10;11;12;13;14;15;16;17;18;19;20;21;22;23;24;25;26;27;28;29;30;31;32;33;34;35;36;37;38;39;40;41;42;43;44;45;46;47;48;49;50;51;52;53;54;55;56;57;58;59;60;61;62;63;64;65;66;67;68;69;70;71;72;73;74;75;76;77;78;79;80;81;82;83;84;85;86;87;88;89;90;91;92;93;94;95;96;97;98;99;100
Codice comune;Comune;Totale
092003;Assemini;290;265;288;268;298;266;254;289;253;246;247;232;220;236;248;247;220;246;261;295;269;288;307;293;296;332;337;347;350;399;411;450;451;465;509;487;550;515;563;454;507;547;519;508;532;519;508;455;405;448;399;390;372;393;364;343;347;352;350;316;306;291;269;256;228;240;208;255;238;229;210;183;196;170;128;139;149;109;123;123;90;96;85;67;54;51;41;39;29;20;21;16;6;5;6;5;1;2;2;1;3
092009;Cagliari;996;1013;916;987;1020;994;1063;958;1072;990;1140;1021;1050;1066;1097;1156;1194;1162;1279;1405;1330;1428;1363;1468;1527;1551;1633;1715;1733;1852;1815;1927;2002;2054;2247;2396;2343;2374;2424;2312;2427;2401;2421;2482;2542;2580;2433;2367;2383;2352;2351;2276;2334;2351;2226;2294;2148;2258;2137;2262;2146;2224;2295;2088;2090;1881;1914;2084;2042;2131;1992;1821;1739;1742;1616;1632;1632;1448;1375;1444;1239;1206;1091;1061;861;852;718;641;534;478;300;199;160;164;165;128;83;77;29;27;36
092011;Capoterra;220;247;217;253;246;229;258;243;229;229;233;237;243;206;224;240;221;243;242;251;234;269;283;226;259;249;288;315;292;307;325;337;378;414;382;422;466;436;469;430;449;405;474;448;467;440;457;414;383;333;387;330;348;317;343;336;309;291;290;298;251;298;289;284;285;227;210;228;213;202;196;176;138;151;124;110;137;94;113;91;88;91;70;46;47;56;38;27;33;22;16;12;13;11;6;6;11;3;2;2;3
092015;Decimomannu;76;62;73;62;83;85;88;74;83;77;78;71;62;78;82;67;84;72;77;97;68;78;82;88;82;99;86;105;99;133;107;144;129;126;148;164;165;172;135;151;155;136;150;151;136;143;139;128;120;122;114;105;87;108;100;82;87;101;87;87;87;99;84;94;86;53;88;88;82;72;57;60;57;60;39;57;36;43;37;29;24;37;15;27;17;20;15;19;14;7;10;4;4;3;3;0;1;1;2;0;1
092037;Maracalagonis;59;61;82;71;84;84;93;58;78;82;62;69;67;61;75;78;64;71;72;73;75;96;106;80;89;82;119;111;130;112;117;118;131;120;149;142;147;143;127;170;127;143;156;119;126;136;124;102;119;91;91;88;92;100;78;110;91;70;87;85;88;78;94;71;74;80;63;90;57;91;65;55;55;67;58;44;46;29;38;34;33;24;25;23;24;18;23;12;9;7;5;4;4;3;4;0;1;2;0;0;2
092050;Pula;60;69;68;72;69;48;50;41;59;66;52;54;59;52;55;60;58;75;61;62;62;74;73;57;87;92;91;92;92;105;107;136;127;119;144;137;121;110;114;119;139;111;133;117;142;118;99;127;106;102;99;102;101;106;93;107;107;100;107;91;112;111;98;104;99;98;84;84;82;95;79;68;64;63;43;48;46;41;35;39;33;33;33;31;19;24;12;10;14;7;9;3;5;6;2;1;1;0;1;0;0
092051;Quartu Sant'Elena;608;619;617;624;605;574;625;635;654;672;601;611;578;660;604;659;736;754;760;770;796;808;729;757;795;822;843;960;899;891;901;929;977;1104;1149;1261;1271;1275;1274;1265;1306;1219;1257;1289;1342;1293;1261;1289;1225;1141;1136;1120;1090;1068;1067;1061;1028;939;899;955;915;959;925;884;821;723;665;679;656;708;633;562;491;508;420;435;403;327;321;339;320;278;196;210;163;169;128;122;109;95;65;34;34;27;37;29;10;10;6;2;10
092066;Sarroch;50;42;40;49;33;35;47;39;42;40;36;38;34;36;45;38;42;63;57;50;55;52;58;62;73;61;66;87;78;88;78;87;87;78;97;85;99;76;110;74;90;84;61;84;94;91;86;75;98;65;86;69;78;85;96;73;85;74;73;72;74;69;77;63;56;65;64;62;64;77;56;53;47;53;39;40;37;31;41;35;31;30;29;17;8;8;7;15;7;13;8;3;5;2;2;4;2;0;1;0;1
092068;Selargius;267;263;234;242;219;237;267;250;291;301;271;247;261;262;276;293;284;332;281;338;321;329;284;321;341;349;363;357;392;400;391;414;428;426;529;530;527;499;517;500;502;516;555;506;525;578;469;461;465;477;479;459;438;476;441;505;419;427;402;413;408;384;334;343;337;258;277;306;248;269;215;226;208;178;151;154;154;138;155;141;113;103;99;83;73;68;53;40;36;41;31;10;12;13;7;8;3;3;1;2;1
092074;Sestu;277;233;264;288;234;222;233;208;204;204;179;186;174;163;160;169;171;174;171;186;200;182;195;194;196;220;214;248;272;292;316;364;377;413;446;495;507;499;498;467;460;429;400;406;379;359;375;323;281;257;251;224;240;218;206;198;190;202;180;167;190;177;161;158;152;150;139;152;156;175;130;125;104;120;97;107;94;78;82;65;65;55;59;47;37;38;26;15;30;18;5;12;6;9;4;7;2;2;1;0;1
092075;Settimo San Pietro;63;52;71;56;48;60;50;52;54;55;54;54;63;52;58;71;71;68;67;80;76;76;74;75;107;81;96;103;109;119;111;108;113;122;119;133;118;121;100;110;94;106;118;112;110;108;99;105;104;109;81;91;92;98;97;101;84;80;88;96;92;71;77;69;65;51;62;63;52;66;60;40;39;39;37;26;41;28;23;24;28;17;19;23;17;16;8;10;7;5;10;3;5;2;4;0;2;0;2;1;0
092080;Sinnai;155;161;167;168;142;162;160;157;162;172;147;153;145;157;169;172;196;185;161;175;177;195;191;188;214;207;240;218;250;246;251;253;275;291;341;343;324;333;320;322;286;306;292;296;282;284;279;292;228;249;248;245;224;222;213;197;219;186;195;190;207;195;191;175;170;152;121;161;149;140;140;119;127;115;96;89;86;76;82;78;72;79;65;49;46;32;44;31;19;33;24;13;9;9;10;5;6;3;2;1;4
092090;Uta;85;77;68;64;66;82;69;67;71;65;64;71;57;59;83;76;107;66;99;92;96;84;89;111;100;101;109;140;129;125;135;122;136;129;120;117;121;126;127;145;131;125;141;135;125;143;137;132;135;96;121;121;104;101;81;86;92;80;72;91;82;81;82;71;76;58;66;65;77;68;67;53;58;48;49;48;51;41;38;38;30;29;22;17;20;15;13;8;13;8;7;3;2;3;2;2;3;1;0;2;2
092099;Villa San Pietro;29;13;14;20;15;15;13;24;18;14;13;19;14;19;16;15;14;17;14;22;16;21;24;19;25;19;30;22;31;30;31;37;47;31;43;35;28;32;42;41;32;27;32;19;21;23;17;26;32;16;33;26;24;28;32;34;26;28;31;35;21;32;27;29;23;26;35;26;21;19;19;17;7;14;4;10;5;12;14;6;8;7;5;7;1;7;4;4;3;0;1;2;0;0;2;0;0;0;0;0;0
092105;Quartucciu;167;122;133;131;128;100;106;118;115;102;116;102;109;104;117;125;129;137;127;136;143;125;110;136;152;136;133;144;160;154;195;193;174;216;246;242;288;269;255;240;247;215;251;277;260;255;228;197;225;188;182;202;183;173;147;164;144;157;148;153;152;150;125;144;121;92;88;102;120;115;111;97;92;86;79;84;70;75;64;63;41;67;39;63;30;33;30;24;18;25;10;10;9;3;8;5;2;3;2;3;1
092108;Elmas;82;91;78;80;74;76;74;88;82;93;65;72;89;79;70;86;110;99;90;76;97;92;101;114;98;92;99;99;113;98;109;135;122;130;173;152;157;164;167;160;151;192;145;175;151;170;165;141;149;153;151;146;141;128;143;139;147;109;130;123;101;121;114;107;81;71;85;76;74;78;77;60;67;63;59;57;51;50;44;33;53;45;28;31;26;23;11;31;6;13;8;3;6;3;7;3;2;2;1;1;0
092109;Monserrato;165;164;153;172;152;162;165;159;139;146;149;158;160;147;190;187;150;203;230;249;224;226;252;249;246;250;270;275;298;271;239;287;343;327;328;349;358;339;350;354;352;352;305;332;368;381;375;361;311;365;351;331;354;334;309;343;299;288;311;272;320;268;245;252;257;181;211;229;172;236;226;188;192;189;165;151;144;160;123;133;101;114;90;84;60;58;66;51;47;52;24;24;11;15;16;7;3;7;3;0;2
;Totale;3649;3554;3483;3607;3516;3431;3615;3460;3606;3554;3507;3395;3385;3437;3569;3739;3851;3967;4049;4357;4239;4423;4321;4438;4687;4743;5017;5338;5427;5622;5639;6041;6297;6565;7170;7490;7590;7483;7592;7314;7455;7314;7410;7456;7602;7621;7251;6995;6769;6564;6560;6325;6302;6306;6036;6173;5822;5742;5587;5706;5552;5608;5487;5192;5021;4406;4380;4750;4503;4771;4333;3903;3681;3666;3204;3231;3182;2780;2708;2715;2369;2311;1970;1886;1503;1488;1237;1099;928;844;554;355;291;278;285;210;133;116;55;42;67
Territorio/Età;;0;1;2;3;4;5;6;7;8;9;10;11;12;13;14;15;16;17;18;19;20;21;22;23;24;25;26;27;28;29;30;31;32;33;34;35;36;37;38;39;40;41;42;43;44;45;46;47;48;49;50;51;52;53;54;55;56;57;58;59;60;61;62;63;64;65;66;67;68;69;70;71;72;73;74;75;76;77;78;79;80;81;82;83;84;85;86;87;88;89;90;91;92;93;94;95;96;97;98;99;100
Codice comune;Comune;Maschi
092003;Assemini;140;139;138;143;166;126;129;159;125;128;123;101;113;126;141;137;101;124;129;151;136;152;150;156;160;170;160;169;175;213;228;238;210;228;243;257;246;259;264;236;252;282;246;250;270;254;264;220;197;222;202;184;181;194;163;170;147;167;185;157;147;127;136;138;101;131;97;124;112;114;114;82;86;89;61;60;65;48;54;62;41;37;35;32;19;9;14;15;10;8;9;7;3;0;2;2;0;0;1;0;1
092009;Cagliari;528;529;465;532;533;480;536;486;538;513;574;535;561;569;572;596;596;586;664;729;672;741;716;739;767;793;833;834;866;941;897;997;1031;997;1149;1158;1156;1164;1169;1111;1193;1135;1151;1184;1223;1227;1131;1104;1099;1118;1060;1037;1070;1065;1029;1006;934;1002;963;1010;946;1044;1018;942;913;824;800;905;865;911;874;777;769;727;689;670;639;580;540;541;436;432;362;353;282;268;243;223;155;149;97;50;43;43;44;36;22;18;7;9;12
092011;Capoterra;112;122;102;126;132;99;138;116;129;117;132;131;129;104;121;125;117;134;122;135;140;145;142;106;124;125;147;165;150;169;176;179;190;192;177;227;240;196;247;203;239;188;244;237;237;223;230;209;177;176;196;166;168;155;182;158;143;139;142;147;125;138;131;150;134;112;94;124;108;107;95;88;72;73;59;52;58;49;56;43;42;39;38;20;22;24;11;9;12;9;7;1;5;1;3;1;5;2;1;1;1
092015;Decimomannu;35;26;37;27;48;40;47;42;38;49;37;42;36;41;50;37;49;32;42;51;44;42;39;47;38;48;46;52;42;77;51;69;54;66;81;84;89;91;69;81;68;72;78;86;71;71;69;47;62;65;58;65;42;49;47;42;44;55;39;39;45;43;45;49;42;33;36;36;36;38;29;28;34;29;21;21;21;13;13;15;9;12;6;17;6;9;7;7;5;2;2;0;1;1;2;0;1;0;0;0;0
092037;Maracalagonis;34;31;45;41;45;49;48;30;41;42;32;36;37;35;42;38;34;38;41;37;31;53;54;37;50;38;61;51;63;48;57;69;67;62;70;84;77;81;58;90;65;74;90;65;63;66;66;47;67;49;46;41;45;46;41;55;43;40;48;31;45;44;46;43;36;44;34;47;29;45;28;30;25;29;28;19;25;15;24;16;16;10;13;8;10;4;8;4;4;1;2;0;2;0;1;0;0;2;0;0;0
092050;Pula;29;36;39;34;36;30;25;24;31;39;32;26;32;28;31;32;24;35;31;26;24;47;38;22;43;48;46;39;44;51;48;79;56;55;68;66;69;61;56;61;82;58;75;67;68;60;51;78;47;53;58;45;52;50;45;50;55;46;45;53;57;56;51;54;52;52;33;50;43;44;42;36;41;30;20;24;24;19;14;19;16;14;14;15;6;7;2;3;6;2;1;1;2;1;0;1;0;0;1;0;0
092051;Quartu Sant'Elena;306;330;313;333;308;310;316;334;334;364;301;350;285;333;316;331;388;385;403;414;421;430;378;366;377;430;438;476;439;452;465;453;493;530;562;623;630;624;613;611;645;592;605;620;639;661;599;611;557;552;539;572;503;498;509;525;500;466;386;444;464;449;464;439;414;336;315;330;337;350;312;271;221;265;200;195;187;158;129;154;128;106;77;74;62;57;39;38;35;24;14;7;10;5;10;6;2;3;1;1;3
092066;Sarroch;22;15;18;24;16;20;27;26;20;20;21;15;14;23;30;21;16;28;29;23;27;29;27;29;34;43;37;37;46;48;43;43;44;48;50;45;59;43;56;45;50;39;30;43;48;50;42;38;61;30;36;31;33;39;53;38;42;38;35;34;33;33;39;36;34;39;28;27;37;39;29;22;25;23;16;25;21;12;17;20;13;13;14;8;4;0;1;5;4;5;0;1;1;0;0;1;0;0;1;0;0
092068;Selargius;149;124;126;127;118;113;139;127;143;149;133;140;133;126;151;167;143;162;145;155;180;171;150;161;175;186;192;174;194;191;210;216;208;199;249;288;287;238;244;238;230;244;262;242;230;276;234;218;245;211;210;210;203;231;206;240;195;206;182;202;190;181;154;182;155;120;148;146;114;135;108;111;87;79;62;67;76;64;73;59;53;28;36;35;23;28;15;20;10;13;9;4;5;2;2;2;1;0;0;0;0
092074;Sestu;150;125;140;158;122;108;114;103;112;96;97;97;92;86;85;90;90;88;89;108;93;88;97;87;102;107;122;121;131;132;149;183;197;192;203;238;280;261;225;229;246;211;210;186;189;187;199;175;145;126;131;119;122;123;101;89;87;88;98;90;102;86;77;83;70;77;70;72;85;89;69;66;59;66;33;43;55;28;30;34;28;20;25;15;14;20;8;8;11;7;2;4;2;2;1;3;2;1;1;0;0
092075;Settimo San Pietro;39;33;37;29;24;33;28;26;25;27;26;28;37;27;32;43;30;36;37;38;37;31;36;36;56;49;51;55;54;54;61;50;57;66;56;64;62;70;59;59;42;60;59;58;48;55;54;50;40;51;44;46;44;42;50;45;41;33;38;58;50;31;40;33;27;26;37;34;27;26;26;14;24;20;19;7;24;12;11;12;11;10;7;14;6;5;2;2;3;0;3;1;1;0;2;0;0;0;0;0;0
092080;Sinnai;89;74;84;94;78;92;84;74;84;85;72;82;77;88;95;88;100;100;86;88;92;102;89;94;111;102;126;108;117;125;135;131;130;154;172;160;158;172;142;170;133;150;160;161;146;140;135;149;113;136;127;121;108;103;106;105;105;101;90;102;104;82;84;88;90;69;53;76;73;69;65;64;57;60;43;49;37;30;34;36;35;35;24;26;20;11;18;11;10;12;8;2;2;2;2;3;2;2;1;0;0
092090;Uta;39;44;37;33;31;47;39;32;34;32;32;36;28;26;49;46;59;26;43;44;41;42;45;59;53;56;57;62;67;63;69;58;72;68;76;61;47;50;66;72;69;64;77;77;68;77;69;66;65;53;61;67;57;50;54;44;46;45;34;49;42;36;38;32;38;36;29;37;39;31;34;29;30;25;27;19;23;18;23;15;7;16;7;7;6;4;5;0;4;3;2;2;1;1;0;0;1;0;0;1;0
092099;Villa San Pietro;15;6;7;9;6;8;7;15;10;10;7;10;8;8;9;8;6;7;6;11;9;10;12;8;13;10;12;7;21;18;14;15;23;16;22;19;14;16;21;18;17;11;15;10;10;11;6;14;15;7;16;12;12;10;17;17;9;17;16;22;13;16;12;13;13;14;19;16;12;11;13;9;5;7;2;5;1;4;9;2;5;4;2;5;0;1;2;1;0;0;0;0;0;0;2;0;0;0;0;0;0
092105;Quartucciu;89;64;69;54;73;50;54;61;65;56;66;60;52;58;58;57;66;72;70;69;76;69;54;67;82;65;72;71;76;87;92;91;88;92;134;116;144;135;136;117;117;108;125;126;131;129;118;88;106;110;76;97;96;90;69;71;74;72;77;77;67;75;64;80;53;40;39;46;55;59;51;41;47;39;39;33;27;30;26;23;16;29;17;22;12;14;12;5;7;6;2;4;6;0;3;2;0;1;0;1;0
092108;Elmas;46;46;39;43;41;35;40;41;38;52;32;38;48;46;44;41;63;46;47;41;41;47;44;52;53;48;48;44;53;50;63;62;62;72;83;77;78;88;82;73;74;89;73;76;71;79;82;69;77;82;71;72;69;67;66;63;80;47;67;70;54;60;57;56;29;39;40;36;39;44;40;28;35;31;29;27;22;19;16;16;28;17;11;9;12;11;3;13;0;5;3;1;1;1;2;1;1;1;0;0;0
092109;Monserrato;82;70;71;68;94;99;94;79;76;71;67;84;87;80;88;103;70;106;131;135;106;108;145;120;130;140;141;143;148;130;112;146;166;155;165;187;180;153;172;177;160;165;146;161;167;181;172;182;128;164;173;158;170;150;159;158;150;154;142;119;144;126;113;117;130;91;113;113;78;91;109;89;81;86;71;58;67;67;58;50;39;41;32;31;17;17;29;11;13;16;5;8;4;8;3;3;1;0;1;0;0
;Totale;1904;1814;1767;1875;1871;1739;1865;1775;1843;1850;1784;1811;1769;1804;1914;1960;1952;2005;2115;2255;2170;2307;2216;2186;2368;2458;2589;2608;2686;2849;2870;3079;3148;3192;3560;3754;3816;3702;3679;3591;3682;3542;3646;3649;3679;3747;3521;3365;3201;3205;3104;3043;2975;2962;2897;2876;2695;2716;2587;2704;2628;2627;2569;2535;2331;2083;1985;2219;2089;2203;2038;1785;1698;1678;1419;1374;1372;1166;1127;1117;923;863;720;691;521;489;419;375;289;262;166;93;89;67;79;61;38;30;15;13;17
Territorio/Età;;0;1;2;3;4;5;6;7;8;9;10;11;12;13;14;15;16;17;18;19;20;21;22;23;24;25;26;27;28;29;30;31;32;33;34;35;36;37;38;39;40;41;42;43;44;45;46;47;48;49;50;51;52;53;54;55;56;57;58;59;60;61;62;63;64;65;66;67;68;69;70;71;72;73;74;75;76;77;78;79;80;81;82;83;84;85;86;87;88;89;90;91;92;93;94;95;96;97;98;99;100
Codice comune;Comune;Femmine
092003;Assemini;150;126;150;125;132;140;125;130;128;118;124;131;107;110;107;110;119;122;132;144;133;136;157;137;136;162;177;178;175;186;183;212;241;237;266;230;304;256;299;218;255;265;273;258;262;265;244;235;208;226;197;206;191;199;201;173;200;185;165;159;159;164;133;118;127;109;111;131;126;115;96;101;110;81;67;79;84;61;69;61;49;59;50;35;35;42;27;24;19;12;12;9;3;5;4;3;1;2;1;1;2
092009;Cagliari;468;484;451;455;487;514;527;472;534;477;566;486;489;497;525;560;598;576;615;676;658;687;647;729;760;758;800;881;867;911;918;930;971;1057;1098;1238;1187;1210;1255;1201;1234;1266;1270;1298;1319;1353;1302;1263;1284;1234;1291;1239;1264;1286;1197;1288;1214;1256;1174;1252;1200;1180;1277;1146;1177;1057;1114;1179;1177;1220;1118;1044;970;1015;927;962;993;868;835;903;803;774;729;708;579;584;475;418;379;329;203;149;117;121;121;92;61;59;22;18;24
092011;Capoterra;108;125;115;127;114;130;120;127;100;112;101;106;114;102;103;115;104;109;120;116;94;124;141;120;135;124;141;150;142;138;149;158;188;222;205;195;226;240;222;227;210;217;230;211;230;217;227;205;206;157;191;164;180;162;161;178;166;152;148;151;126;160;158;134;151;115;116;104;105;95;101;88;66;78;65;58;79;45;57;48;46;52;32;26;25;32;27;18;21;13;9;11;8;10;3;5;6;1;1;1;2
092015;Decimomannu;41;36;36;35;35;45;41;32;45;28;41;29;26;37;32;30;35;40;35;46;24;36;43;41;44;51;40;53;57;56;56;75;75;60;67;80;76;81;66;70;87;64;72;65;65;72;70;81;58;57;56;40;45;59;53;40;43;46;48;48;42;56;39;45;44;20;52;52;46;34;28;32;23;31;18;36;15;30;24;14;15;25;9;10;11;11;8;12;9;5;8;4;3;2;1;0;0;1;2;0;1
092037;Maracalagonis;25;30;37;30;39;35;45;28;37;40;30;33;30;26;33;40;30;33;31;36;44;43;52;43;39;44;58;60;67;64;60;49;64;58;79;58;70;62;69;80;62;69;66;54;63;70;58;55;52;42;45;47;47;54;37;55;48;30;39;54;43;34;48;28;38;36;29;43;28;46;37;25;30;38;30;25;21;14;14;18;17;14;12;15;14;14;15;8;5;6;3;4;2;3;3;0;1;0;0;0;2
092050;Pula;31;33;29;38;33;18;25;17;28;27;20;28;27;24;24;28;34;40;30;36;38;27;35;35;44;44;45;53;48;54;59;57;71;64;76;71;52;49;58;58;57;53;58;50;74;58;48;49;59;49;41;57;49;56;48;57;52;54;62;38;55;55;47;50;47;46;51;34;39;51;37;32;23;33;23;24;22;22;21;20;17;19;19;16;13;17;10;7;8;5;8;2;3;5;2;0;1;0;0;0;0
092051;Quartu Sant'Elena;302;289;304;291;297;264;309;301;320;308;300;261;293;327;288;328;348;369;357;356;375;378;351;391;418;392;405;484;460;439;436;476;484;574;587;638;641;651;661;654;661;627;652;669;703;632;662;678;668;589;597;548;587;570;558;536;528;473;513;511;451;510;461;445;407;387;350;349;319;358;321;291;270;243;220;240;216;169;192;185;192;172;119;136;101;112;89;84;74;71;51;27;24;22;27;23;8;7;5;1;7
092066;Sarroch;28;27;22;25;17;15;20;13;22;20;15;23;20;13;15;17;26;35;28;27;28;23;31;33;39;18;29;50;32;40;35;44;43;30;47;40;40;33;54;29;40;45;31;41;46;41;44;37;37;35;50;38;45;46;43;35;43;36;38;38;41;36;38;27;22;26;36;35;27;38;27;31;22;30;23;15;16;19;24;15;18;17;15;9;4;8;6;10;3;8;8;2;4;2;2;3;2;0;0;0;1
092068;Selargius;118;139;108;115;101;124;128;123;148;152;138;107;128;136;125;126;141;170;136;183;141;158;134;160;166;163;171;183;198;209;181;198;220;227;280;242;240;261;273;262;272;272;293;264;295;302;235;243;220;266;269;249;235;245;235;265;224;221;220;211;218;203;180;161;182;138;129;160;134;134;107;115;121;99;89;87;78;74;82;82;60;75;63;48;50;40;38;20;26;28;22;6;7;11;5;6;2;3;1;2;1
092074;Sestu;127;108;124;130;112;114;119;105;92;108;82;89;82;77;75;79;81;86;82;78;107;94;98;107;94;113;92;127;141;160;167;181;180;221;243;257;227;238;273;238;214;218;190;220;190;172;176;148;136;131;120;105;118;95;105;109;103;114;82;77;88;91;84;75;82;73;69;80;71;86;61;59;45;54;64;64;39;50;52;31;37;35;34;32;23;18;18;7;19;11;3;8;4;7;3;4;0;1;0;0;1
092075;Settimo San Pietro;24;19;34;27;24;27;22;26;29;28;28;26;26;25;26;28;41;32;30;42;39;45;38;39;51;32;45;48;55;65;50;58;56;56;63;69;56;51;41;51;52;46;59;54;62;53;45;55;64;58;37;45;48;56;47;56;43;47;50;38;42;40;37;36;38;25;25;29;25;40;34;26;15;19;18;19;17;16;12;12;17;7;12;9;11;11;6;8;4;5;7;2;4;2;2;0;2;0;2;1;0
092080;Sinnai;66;87;83;74;64;70;76;83;78;87;75;71;68;69;74;84;96;85;75;87;85;93;102;94;103;105;114;110;133;121;116;122;145;137;169;183;166;161;178;152;153;156;132;135;136;144;144;143;115;113;121;124;116;119;107;92;114;85;105;88;103;113;107;87;80;83;68;85;76;71;75;55;70;55;53;40;49;46;48;42;37;44;41;23;26;21;26;20;9;21;16;11;7;7;8;2;4;1;1;1;4
092090;Uta;46;33;31;31;35;35;30;35;37;33;32;35;29;33;34;30;48;40;56;48;55;42;44;52;47;45;52;78;62;62;66;64;64;61;44;56;74;76;61;73;62;61;64;58;57;66;68;66;70;43;60;54;47;51;27;42;46;35;38;42;40;45;44;39;38;22;37;28;38;37;33;24;28;23;22;29;28;23;15;23;23;13;15;10;14;11;8;8;9;5;5;1;1;2;2;2;2;1;0;1;2
092099;Villa San Pietro;14;7;7;11;9;7;6;9;8;4;6;9;6;11;7;7;8;10;8;11;7;11;12;11;12;9;18;15;10;12;17;22;24;15;21;16;14;16;21;23;15;16;17;9;11;12;11;12;17;9;17;14;12;18;15;17;17;11;15;13;8;16;15;16;10;12;16;10;9;8;6;8;2;7;2;5;4;8;5;4;3;3;3;2;1;6;2;3;3;0;1;2;0;0;0;0;0;0;0;0;0
092105;Quartucciu;78;58;64;77;55;50;52;57;50;46;50;42;57;46;59;68;63;65;57;67;67;56;56;69;70;71;61;73;84;67;103;102;86;124;112;126;144;134;119;123;130;107;126;151;129;126;110;109;119;78;106;105;87;83;78;93;70;85;71;76;85;75;61;64;68;52;49;56;65;56;60;56;45;47;40;51;43;45;38;40;25;38;22;41;18;19;18;19;11;19;8;6;3;3;5;3;2;2;2;2;1
092108;Elmas;36;45;39;37;33;41;34;47;44;41;33;34;41;33;26;45;47;53;43;35;56;45;57;62;45;44;51;55;60;48;46;73;60;58;90;75;79;76;85;87;77;103;72;99;80;91;83;72;72;71;80;74;72;61;77;76;67;62;63;53;47;61;57;51;52;32;45;40;35;34;37;32;32;32;30;30;29;31;28;17;25;28;17;22;14;12;8;18;6;8;5;2;5;2;5;2;1;1;1;1;0
092109;Monserrato;83;94;82;104;58;63;71;80;63;75;82;74;73;67;102;84;80;97;99;114;118;118;107;129;116;110;129;132;150;141;127;141;177;172;163;162;178;186;178;177;192;187;159;171;201;200;203;179;183;201;178;173;184;184;150;185;149;134;169;153;176;142;132;135;127;90;98;116;94;145;117;99;111;103;94;93;77;93;65;83;62;73;58;53;43;41;37;40;34;36;19;16;7;7;13;4;2;7;2;0;2
;Totale;1745;1740;1716;1732;1645;1692;1750;1685;1763;1704;1723;1584;1616;1633;1655;1779;1899;1962;1934;2102;2069;2116;2105;2252;2319;2285;2428;2730;2741;2773;2769;2962;3149;3373;3610;3736;3774;3781;3913;3723;3773;3772;3764;3807;3923;3874;3730;3630;3568;3359;3456;3282;3327;3344;3139;3297;3127;3026;3000;3002;2924;2981;2918;2657;2690;2323;2395;2531;2414;2568;2295;2118;1983;1988;1785;1857;1810;1614;1581;1598;1446;1448;1250;1195;982;999;818;724;639;582;388;262;202;211;206;149;95;86;40;29;50

"Ricostruzione della popolazione intercensuaria - Popolazione al 1° gennaio per età"
"Tutte le cittadinanze - Anno: 2011 - Provincia: Cagliari"
Territorio/Età;;0;1;2;3;4;5;6;7;8;9;10;11;12;13;14;15;16;17;18;19;20;21;22;23;24;25;26;27;28;29;30;31;32;33;34;35;36;37;38;39;40;41;42;43;44;45;46;47;48;49;50;51;52;53;54;55;56;57;58;59;60;61;62;63;64;65;66;67;68;69;70;71;72;73;74;75;76;77;78;79;80;81;82;83;84;85;86;87;88;89;90;91;92;93;94;95;96;97;98;99;100
Codice comune;Comune;Totale
092003;Assemini;286;292;261;281;264;302;266;249;284;255;251;247;233;223;229;252;247;221;247;258;296;273;297;316;300;304;346;338;348;356;408;413;446;446;464;517;495;555;512;555;454;495;543;508;506;533;521;512;456;404;446;400;393;375;388;365;348;343;348;349;316;302;290;266;257;226;241;201;249;237;224;209;179;196;166;127;135;144;105;115;116;92;88;82;57;48;50;42;34;25;18;18;13;3;5;5;2;1;2;1;5
092009;Cagliari;977;984;999;915;987;1018;989;1072;963;1073;1004;1138;1027;1050;1076;1103;1170;1203;1180;1304;1437;1346;1454;1396;1500;1536;1560;1632;1695;1674;1821;1773;1905;1978;2021;2215;2384;2320;2367;2392;2296;2390;2375;2427;2464;2542;2583;2452;2363;2388;2338;2362;2275;2339;2340;2222;2287;2135;2262;2127;2240;2136;2195;2277;2073;2060;1868;1894;2062;2006;2097;1974;1807;1709;1699;1584;1601;1600;1396;1325;1396;1199;1144;1031;1002;817;787;645;585;484;416;269;172;135;132;149;100;67;64;21;34
092011;Capoterra;214;217;257;224;258;245;231;259;235;229;233;228;240;245;209;215;236;223;245;237;252;244;264;284;229;265;251;284;315;285;300;329;338;374;405;392;436;471;438;470;429;445;409;478;450;462;445;454;422;371;338;392;328;350;311;343;335;310;295;293;299;253;300;284;282;281;223;212;225;210;206;191;175;136;155;121;109;132;91;109;91;87;86;66;48;45;51;34;23;29;17;17;9;11;7;4;7;9;3;1;2
092015;Decimomannu;66;75;63;74;63;80;84;87;72;80;77;78;70;60;79;84;66;83;75;81;92;71;74;84;88;79;104;82;105;106;138;110;145;138;122;151;165;170;176;140;153;161;136;147;149;140;141;141;129;123;117;112;104;84;107;101;85;86;97;89;88;89;99;83;95;87;53;89;88;79;69;54;58;55;57;33;54;36;40;35;31;25;38;15;27;16;18;13;15;12;7;6;4;3;3;3;1;0;0;2;0
092037;Maracalagonis;69;61;64;86;73;86;85;94;58;76;83;62;72;65;61;75;81;65;75;75;72;77;97;105;80;94;82;130;116;138;115;128;127;138;119;149;144;150;145;128;176;128;147;155;121;124;140;121;104;120;89;93;89;92;100;83;108;85;70;87;86;89;79;96;72;74;79;66;89;55;91;63;56;55;67;56;44;44;30;38;35;33;24;22;19;21;19;21;10;8;7;5;4;1;1;5;0;1;0;0;1
092050;Pula;54;67;68;68;72;65;48;52;43;61;66;53;54;60;53;54;62;61;75;59;59;61;79;72;57;84;89;88;89;99;105;111;139;125;125;141;141;126;104;109;122;139;112;133;113;142;115;99;129;109;104;100;104;98;104;95;108;108;98;109;91;112;111;102;106;100;100;85;83;84;95;78;67;64;61;40;46;46;41;35;37;32;31;32;27;19;23;13;10;11;7;7;3;4;6;3;1;2;0;2;0
092051;Quartu Sant'Elena;646;595;618;610;620;600;567;617;630;646;660;601;616;591;660;611;657;741;757;765;771;795;808;736;744;802;826;844;956;903;906;900;925;995;1115;1164;1255;1259;1263;1282;1260;1298;1219;1272;1291;1338;1302;1259;1276;1224;1136;1134;1123;1091;1065;1057;1066;1022;936;889;946;905;964;924;885;817;708;659;671;653;697;628;557;482;499;406;429;388;311;309;328;304;264;185;197;157;154;115;106;102;93;58;29;28;22;30;25;5;8;3;9
092066;Sarroch;32;47;40;39;49;31;35;48;36;43;39;31;37;33;37;44;38;41;63;55;52;56;52;57;65;70;61;63;83;71;88;78;82;89;79;96;87;92;77;107;80;85;84;59;84;94;87;85;75;97;64;83;73;79;82;98;74;81;68;71;74;74;67;73;61;58;63;59;60;61;74;55;52;45;49;38;40;37;29;38;32;32;29;26;16;8;9;7;14;5;11;8;3;6;2;2;3;1;0;1;1
092068;Selargius;236;256;267;237;243;215;239;270;257;298;300;278;247;260;258;279;297;287;332;279;338;318;331;290;324;344;351;368;372;384;392;391;409;426;423;522;519;521;502;508;492;498;509;546;505;535;574;468;458;461;478;477;455;436;475;443;502;424;421;404;414;404;384;330;343;336;259;279;307;251;266;211;218;211;176;151;147;149;138;151;135;113;97;89;74;60;61;51;37;30;40;25;7;9;10;7;5;3;1;1;2
092074;Sestu;267;267;232;253;272;222;214;234;211;205;205;178;183;175;161;160;169;166;174;166;183;199;184;203;209;204;236;225;256;293;302;320;377;375;431;451;504;504;492;498;467;465;419;397;405;378;352;376;320;279;256;242;224;233;222;209;195;193;200;179;168;193;174;161;159;146;151;140;153;155;175;133;121;102;115;95;106;92;77;77;65;63;53;58;45;35;33;25;14;29;19;5;10;6;10;4;7;1;2;1;1
092075;Settimo San Pietro;68;64;55;67;56;49;63;48;53;54;53;54;55;65;53;55;71;70;64;67;75;76;77;71;75;108;85;97;99;109;118;112;115;123;131;123;140;122;132;101;114;98;108;118;110;106;109;97;103;100;109;81;93;96;100;91;101;82;79;88;96;91;73;77;67;64;48;60;63;50;64;58;37;38;38;37;24;39;29;23;24;28;17;19;24;17;16;7;10;8;4;8;2;4;2;3;0;2;0;1;1
092080;Sinnai;154;157;169;167;169;149;164;158;158;163;173;147;150;142;159;165;167;196;187;163;176;179;199;188;183;212;211;230;223;254;253;263;258;271;293;342;346;324;329;315;324;294;306;298;294;281;281;273;296;223;248;247;245;223;220;219;196;218;187;194;189;208;197;194;179;169;153;120;160;148;139;139;117;125;114;95;86;84;73;76;73;67;71;58;48;44;28;42;28;18;30;21;9;7;7;8;3;1;2;2;3
092090;Uta;98;92;78;72;63;65;84;70;66;72;69;64;77;60;65;87;75;110;63;104;91;92;83;90;115;103;104;115;143;131;137;144;137;155;133;126;120;128;139;129;151;131;130;142;135;128;152;144;132;133;100;125;120;105;101;80;90;92;84;71;94;83;82;87;71;76;58;66;65;75;66;63;57;59;49;49;47;49;42;38;36;30;28;21;16;17;16;12;7;10;8;6;3;1;2;1;1;2;0;0;4
092099;Villa San Pietro;17;28;15;15;20;19;15;13;26;18;14;15;21;14;21;16;14;14;17;14;24;18;22;27;16;27;22;32;26;34;31;27;37;50;39;40;39;35;37;46;41;35;30;36;22;21;25;23;27;31;16;34;24;25;30;32;34;26;28;31;37;22;34;26;29;23;26;35;27;19;19;21;16;6;14;4;11;5;12;13;6;6;7;4;7;1;7;5;2;3;0;1;1;0;0;2;0;0;0;0;0
092105;Quartucciu;118;172;124;133;130;127;102;107;122;118;108;114;103;115;107;115;124;131;135;127;135;148;127;106;145;150;141;133;142;160;158;195;197;180;225;256;244;302;269;263;250;255;215;260;284;259;257;230;199;228;188;178;202;182;178;148;167;147;151;146;151;154;147;122;144;119;97;85;100;115;111;112;95;92;85;74;84;72;69;66;60;40;61;37;62;27;30;25;23;19;21;9;8;6;3;6;4;3;2;2;3
092108;Elmas;89;79;92;79;83;73;74;80;87;83;90;64;75;89;85;67;90;111;97;93;79;95;94;101;112;98;94;94;104;113;107;110;133;124;136;168;165;163;166;175;162;153;193;145;183;154;165;165;144;148;154;154;148;138;124;144;140;145;109;131;120;102;122;114;107;80;70;88;78;75;75;76;59;66;63;56;55;50;50;43;33;52;43;26;30;22;22;12;28;8;12;8;3;4;3;5;2;3;1;1;1
092109;Monserrato;166;156;155;148;171;152;162;157;157;144;150;150;153;161;144;194;184;156;200;229;243;227;222;243;244;230;246;256;271;281;251;231;286;318;326;322;342;343;328;349;335;347;354;304;332;368;384;370;351;308;364;348;331;353;320;308;333;285;286;305;271;319;264;242;249;256;183;205;227;171;228;223;183;187;185;162;148;141;156;121;128;92;102;83;69;59;57;59;44;39;42;23;18;9;10;13;7;0;5;1;1
;Totale;3557;3609;3557;3468;3593;3498;3422;3615;3458;3618;3575;3502;3413;3408;3457;3576;3748;3879;3986;4076;4375;4275;4464;4369;4486;4710;4809;5011;5343;5391;5630;5635;6056;6305;6587;7175;7526;7585;7476;7567;7306;7417;7289;7425;7448;7605;7633;7269;6984;6747;6545;6562;6331;6299;6267;6038;6169;5782;5719;5563;5680;5536;5582;5458;5179;4972;4380;4343;4707;4444;4696;4288;3854;3628;3592;3128;3166;3108;2689;2612;2626;2295;2183;1854;1768;1413;1381;1128;990;840;752;494;298;237;225;250;168;101;90;40;68
Territorio/Età;;0;1;2;3;4;5;6;7;8;9;10;11;12;13;14;15;16;17;18;19;20;21;22;23;24;25;26;27;28;29;30;31;32;33;34;35;36;37;38;39;40;41;42;43;44;45;46;47;48;49;50;51;52;53;54;55;56;57;58;59;60;61;62;63;64;65;66;67;68;69;70;71;72;73;74;75;76;77;78;79;80;81;82;83;84;85;86;87;88;89;90;91;92;93;94;95;96;97;98;99;100
Codice comune;Comune;Maschi
092003;Assemini;151;138;135;134;136;167;127;128;156;127;132;123;101;117;122;146;136;105;124;129;152;137;159;154;159;161;172;152;171;174;225;223;231;213;225;249;269;253;251;257;234;245;281;238;248;266;254;266;220;198;222;201;182;181;190;168;176;144;164;184;158;144;129;131;138;101;132;94;120;112;111;115;80;83;83;61;54;64;46;49;58;40;32;33;27;15;12;14;14;8;8;6;5;1;1;2;1;0;1;1;2
092009;Cagliari;525;517;529;468;534;536;481;542;488;536;520;576;539;563;575;579;605;605;595;672;748;691;749;724;752;777;805;826;829;839;937;880;979;1026;996;1131;1132;1154;1147;1152;1091;1170;1116;1157;1170;1212;1227;1131;1091;1101;1109;1070;1036;1059;1059;1015;995;923;999;958;997;939;1024;1008;927;893;822;797;892;838;896;859;767;747;703;666;655;616;554;516;520;412;402;335;330;260;244;207;201;131;128;90;41;35;34;41;29;19;15;6;13
092011;Capoterra;111;110;127;108;126;133;100;137;111;131;120;129;134;129;105;116;122;118;134;118;137;142;144;143;105;126;125;144;163;147;167;177;181;185;184;182;232;240;204;244;204;237;187;242;235;233;226;226;215;169;178;199;163;169;152;182;158;142;139;144;148;126;141;127;151;130;107;93;123;107;109;92;84;70;74;56;53;57;49;54;43;42;36;36;20;20;22;10;7;12;8;8;1;3;0;2;1;5;1;1;0
092015;Decimomannu;39;35;27;39;31;46;41;46;44;36;50;36;42;36;40;48;35;48;35;46;47;45;38;42;47;33;48;43;50;44;78;53;70;61;63;82;86;95;92;72;85;73;68;75;86;72;69;73;49;63;59;58;65;41;49;47;45;44;53;41;39;45;44;44;50;42;33;34;36;36;35;28;28;32;28;16;21;19;12;13;16;9;12;6;17;5;8;6;6;4;2;0;0;1;1;2;0;0;0;0;0
092037;Maracalagonis;38;37;31;47;43;48;50;46;30;40;43;31;37;37;35;41;37;35;39;41;37;31;53;53;36;55;36;68;55;66;50;62;74;72;63;68;86;82;85;57;95;66;75;87;64;64;67;66;48;67;50;48;41;45;45;45;55;41;40;48;32;45;45;46;44;36;43;33;47;27;45;27;30;25;29;27;19;23;16;24;17;16;10;11;6;8;5;6;3;4;1;2;0;0;0;1;0;0;0;0;0
092050;Pula;34;35;35;38;33;35;30;26;25;32;38;32;26;33;30;31;34;24;36;32;24;25;50;37;21;45;47;43;35;49;51;50;77;59;58;67;71;71;56;50;65;80;60;74;66;67;59;52;78;48;53;60;45;51;49;46;49;55;47;44;52;56;56;52;56;53;51;33;49;44;44;42;35;40;28;17;22;24;19;14;18;14;13;12;12;6;7;3;3;5;2;1;1;2;1;0;1;0;0;1;0
092051;Quartu Sant'Elena;328;306;333;311;328;308;304;316;332;331;357;301;351;292;333;319;331;387;388;406;414;416;429;379;357;384;430;429;481;453;456;466;450;503;535;574;622;619;610;629;613;640;582;617;620;637;658;597;608;554;554;538;570;503;494;506;527;492;461;376;435;459;447;464;436;413;328;311;326;339;344;311;270;212;255;188;190;179;149;119;146;120;97;68;67;56;53;34;34;31;21;10;4;6;5;7;6;2;3;1;3
092066;Sarroch;19;20;13;18;26;15;20;28;23;21;21;20;15;14;22;29;21;15;29;26;24;28;31;29;30;34;41;34;34;40;48;40;43;45;46;47;46;56;45;54;49;50;40;28;43;48;47;43;37;60;29;35;33;32;37;55;39;41;34;31;35;33;32;36;35;36;38;26;26;34;35;28;20;22;22;15;25;21;11;14;18;14;13;10;7;4;1;2;5;2;4;0;1;1;0;0;1;0;0;1;0
092068;Selargius;125;144;127;127;126;111;116;145;134;147;151;137;141;135;127;154;169;144;160;147;158;180;170;156;164;181;188;200;185;191;189;210;216;207;188;237;286;283;241;235;236;233;239;252;239;231;281;233;219;239;211;205;204;198;229;206;241;196;200;181;202;188;181;148;182;155;119;151;146;118;135;103;106;91;78;61;64;74;62;70;54;50;25;30;27;19;22;14;19;8;11;5;1;2;2;1;2;1;0;0;0
092074;Sestu;129;148;124;131;149;116;104;114;104;110;98;99;96;91;87;85;87;89;90;86;107;93;86;99;87;107;115;129;121;133;136;155;189;198;194;206;247;279;254;229;233;252;210;212;190;189;181;198;173;143;127;126;117;118;124;103;85;90;88;95;92;104;84;79;84;66;77;70;73;83;90;72;64;58;61;32;42;53;28;30;35;27;18;26;14;14;17;9;7;10;7;2;3;2;2;1;3;1;1;1;0
092075;Settimo San Pietro;30;39;37;34;28;21;35;27;28;26;27;28;27;40;28;31;43;30;32;35;34;37;32;37;36;55;50;50;51;57;55;61;53;61;67;60;71;66;75;58;58;43;61;60;58;45;54;54;49;39;51;43;46;46;45;45;44;41;32;39;58;49;32;40;32;27;25;36;33;25;25;26;13;24;20;19;5;22;12;11;12;11;10;7;15;6;5;2;2;3;0;3;1;1;0;2;0;0;0;0;0
092080;Sinnai;68;90;77;82;96;82;92;84;74;85;85;72;83;73;89;94;89;101;103;86;88;95;106;86;91;107;107;120;112;120;129;139;135;130;152;179;164;162;171;140;170;136;152;163;160;148;139;130;152;108;135;126;122;110;103;110;103;105;102;89;102;105;82;85;89;92;69;52;76;71;66;65;62;55;59;41;45;35;28;32;34;33;31;20;23;20;9;17;11;10;11;7;1;1;1;1;1;0;1;1;0
092090;Uta;51;41;47;37;31;31;49;37;32;35;34;32;40;29;29;50;46;58;25;45;46;37;42;43;59;54;58;59;67;69;70;71;66;80;68;79;63;50;60;65;74;68;66;78;78;69;82;74;66;65;57;63;65;58;50;53;47;46;46;34;50;42;35;43;32;38;36;29;36;39;30;33;32;30;26;26;18;21;18;23;15;7;16;6;7;5;5;4;0;4;4;2;2;1;1;0;0;1;0;0;1
092099;Villa San Pietro;9;16;7;7;9;7;8;7;18;10;10;9;11;8;10;9;7;6;7;6;13;9;10;14;7;12;11;14;11;22;19;13;14;24;21;20;22;16;19;24;19;17;13;18;12;10;13;10;15;14;7;16;10;12;12;17;16;9;17;16;22;13;16;12;13;13;14;19;17;10;11;15;9;4;7;2;6;1;4;8;2;5;4;1;5;0;1;2;0;0;0;0;0;0;0;2;0;0;0;0;0
092105;Quartucciu;45;94;67;66;56;72;53;55;66;66;60;64;61;54;58;56;56;68;69;70;68;76;67;54;76;81;64;71;74;72;91;90;90;94;98;135;121;150;137;140;121;121;106;130;131;132;127;118;86;108;110;74;101;96;92;70;75;78;67;75;78;67;73;62;81;52;42;38;46;52;55;51;41;46;39;36;32;27;27;28;21;15;27;14;22;11;12;8;4;7;6;2;3;4;0;2;2;0;1;0;1
092108;Elmas;43;44;46;37;44;40;36;46;40;38;50;29;41;48;50;43;43;65;45;49;42;41;48;43;53;53;52;45;47;50;50;65;59;60;76;82;82;78;93;85;71;73;87;74;80;74;77;85;68;76;83;72;76;70;65;67;61;77;48;68;68;53;60;57;55;29;38;40;37;40;42;40;27;35;31;28;25;21;20;16;16;28;14;11;8;10;12;4;13;0;4;3;1;1;1;1;1;1;0;0;0
092109;Monserrato;82;73;66;71;67;92;98;87;79;80;73;69;81;87;78;90;98;73;105;135;132;110;107;138;121;122;139;135;140;146;123;109;142;156;158;166;184;175;145;169;169;154;162;144;162;170;185;169;179;128;165;170;157;170;145;156;155;142;153;138;117;144;123;109;118;130;90;108;113;79;85;108;85;80;83;69;57;63;66;57;50;32;35;26;26;18;15;22;10;11;13;4;3;2;5;2;3;0;0;0;0
;Totale;1827;1887;1828;1755;1863;1860;1744;1871;1784;1851;1869;1787;1826;1786;1818;1921;1959;1971;2016;2129;2271;2193;2321;2231;2201;2387;2488;2562;2626;2672;2874;2864;3069;3174;3192;3564;3784;3829;3685;3660;3587;3658;3505;3649;3642;3667;3746;3525;3353;3180;3200;3104;3033;2959;2940;2891;2871;2666;2690;2561;2685;2612;2604;2543;2523;2306;2064;1964;2196;2054;2158;2015;1753;1654;1626;1360;1333;1320;1121;1078;1075;875;795;652;633;477;450;364;339;250;230;145;68;63;54;67;51;30;23;13;20
Territorio/Età;;0;1;2;3;4;5;6;7;8;9;10;11;12;13;14;15;16;17;18;19;20;21;22;23;24;25;26;27;28;29;30;31;32;33;34;35;36;37;38;39;40;41;42;43;44;45;46;47;48;49;50;51;52;53;54;55;56;57;58;59;60;61;62;63;64;65;66;67;68;69;70;71;72;73;74;75;76;77;78;79;80;81;82;83;84;85;86;87;88;89;90;91;92;93;94;95;96;97;98;99;100
Codice comune;Comune;Femmine
092003;Assemini;135;154;126;147;128;135;139;121;128;128;119;124;132;106;107;106;111;116;123;129;144;136;138;162;141;143;174;186;177;182;183;190;215;233;239;268;226;302;261;298;220;250;262;270;258;267;267;246;236;206;224;199;211;194;198;197;172;199;184;165;158;158;161;135;119;125;109;107;129;125;113;94;99;113;83;66;81;80;59;66;58;52;56;49;30;33;38;28;20;17;10;12;8;2;4;3;1;1;1;0;3
092009;Cagliari;452;467;470;447;453;482;508;530;475;537;484;562;488;487;501;524;565;598;585;632;689;655;705;672;748;759;755;806;866;835;884;893;926;952;1025;1084;1252;1166;1220;1240;1205;1220;1259;1270;1294;1330;1356;1321;1272;1287;1229;1292;1239;1280;1281;1207;1292;1212;1263;1169;1243;1197;1171;1269;1146;1167;1046;1097;1170;1168;1201;1115;1040;962;996;918;946;984;842;809;876;787;742;696;672;557;543;438;384;353;288;179;131;100;98;108;71;48;49;15;21
092011;Capoterra;103;107;130;116;132;112;131;122;124;98;113;99;106;116;104;99;114;105;111;119;115;102;120;141;124;139;126;140;152;138;133;152;157;189;221;210;204;231;234;226;225;208;222;236;215;229;219;228;207;202;160;193;165;181;159;161;177;168;156;149;151;127;159;157;131;151;116;119;102;103;97;99;91;66;81;65;56;75;42;55;48;45;50;30;28;25;29;24;16;17;9;9;8;8;7;2;6;4;2;0;2
092015;Decimomannu;27;40;36;35;32;34;43;41;28;44;27;42;28;24;39;36;31;35;40;35;45;26;36;42;41;46;56;39;55;62;60;57;75;77;59;69;79;75;84;68;68;88;68;72;63;68;72;68;80;60;58;54;39;43;58;54;40;42;44;48;49;44;55;39;45;45;20;55;52;43;34;26;30;23;29;17;33;17;28;22;15;16;26;9;10;11;10;7;9;8;5;6;4;2;2;1;1;0;0;2;0
092037;Maracalagonis;31;24;33;39;30;38;35;48;28;36;40;31;35;28;26;34;44;30;36;34;35;46;44;52;44;39;46;62;61;72;65;66;53;66;56;81;58;68;60;71;81;62;72;68;57;60;73;55;56;53;39;45;48;47;55;38;53;44;30;39;54;44;34;50;28;38;36;33;42;28;46;36;26;30;38;29;25;21;14;14;18;17;14;11;13;13;14;15;7;4;6;3;4;1;1;4;0;1;0;0;1
092050;Pula;20;32;33;30;39;30;18;26;18;29;28;21;28;27;23;23;28;37;39;27;35;36;29;35;36;39;42;45;54;50;54;61;62;66;67;74;70;55;48;59;57;59;52;59;47;75;56;47;51;61;51;40;59;47;55;49;59;53;51;65;39;56;55;50;50;47;49;52;34;40;51;36;32;24;33;23;24;22;22;21;19;18;18;20;15;13;16;10;7;6;5;6;2;2;5;3;0;2;0;1;0
092051;Quartu Sant'Elena;318;289;285;299;292;292;263;301;298;315;303;300;265;299;327;292;326;354;369;359;357;379;379;357;387;418;396;415;475;450;450;434;475;492;580;590;633;640;653;653;647;658;637;655;671;701;644;662;668;670;582;596;553;588;571;551;539;530;475;513;511;446;517;460;449;404;380;348;345;314;353;317;287;270;244;218;239;209;162;190;182;184;167;117;130;101;101;81;72;71;72;48;25;22;17;23;19;3;5;2;6
092066;Sarroch;13;27;27;21;23;16;15;20;13;22;18;11;22;19;15;15;17;26;34;29;28;28;21;28;35;36;20;29;49;31;40;38;39;44;33;49;41;36;32;53;31;35;44;31;41;46;40;42;38;37;35;48;40;47;45;43;35;40;34;40;39;41;35;37;26;22;25;33;34;27;39;27;32;23;27;23;15;16;18;24;14;18;16;16;9;4;8;5;9;3;7;8;2;5;2;2;2;1;0;0;1
092068;Selargius;111;112;140;110;117;104;123;125;123;151;149;141;106;125;131;125;128;143;172;132;180;138;161;134;160;163;163;168;187;193;203;181;193;219;235;285;233;238;261;273;256;265;270;294;266;304;293;235;239;222;267;272;251;238;246;237;261;228;221;223;212;216;203;182;161;181;140;128;161;133;131;108;112;120;98;90;83;75;76;81;81;63;72;59;47;41;39;37;18;22;29;20;6;7;8;6;3;2;1;1;2
092074;Sestu;138;119;108;122;123;106;110;120;107;95;107;79;87;84;74;75;82;77;84;80;76;106;98;104;122;97;121;96;135;160;166;165;188;177;237;245;257;225;238;269;234;213;209;185;215;189;171;178;147;136;129;116;107;115;98;106;110;103;112;84;76;89;90;82;75;80;74;70;80;72;85;61;57;44;54;63;64;39;49;47;30;36;35;32;31;21;16;16;7;19;12;3;7;4;8;3;4;0;1;0;1
092075;Settimo San Pietro;38;25;18;33;28;28;28;21;25;28;26;26;28;25;25;24;28;40;32;32;41;39;45;34;39;53;35;47;48;52;63;51;62;62;64;63;69;56;57;43;56;55;47;58;52;61;55;43;54;61;58;38;47;50;55;46;57;41;47;49;38;42;41;37;35;37;23;24;30;25;39;32;24;14;18;18;19;17;17;12;12;17;7;12;9;11;11;5;8;5;4;5;1;3;2;1;0;2;0;1;1
092080;Sinnai;86;67;92;85;73;67;72;74;84;78;88;75;67;69;70;71;78;95;84;77;88;84;93;102;92;105;104;110;111;134;124;124;123;141;141;163;182;162;158;175;154;158;154;135;134;133;142;143;144;115;113;121;123;113;117;109;93;113;85;105;87;103;115;109;90;77;84;68;84;77;73;74;55;70;55;54;41;49;45;44;39;34;40;38;25;24;19;25;17;8;19;14;8;6;6;7;2;1;1;1;3
092090;Uta;47;51;31;35;32;34;35;33;34;37;35;32;37;31;36;37;29;52;38;59;45;55;41;47;56;49;46;56;76;62;67;73;71;75;65;47;57;78;79;64;77;63;64;64;57;59;70;70;66;68;43;62;55;47;51;27;43;46;38;37;44;41;47;44;39;38;22;37;29;36;36;30;25;29;23;23;29;28;24;15;21;23;12;15;9;12;11;8;7;6;4;4;1;0;1;1;1;1;0;0;3
092099;Villa San Pietro;8;12;8;8;11;12;7;6;8;8;4;6;10;6;11;7;7;8;10;8;11;9;12;13;9;15;11;18;15;12;12;14;23;26;18;20;17;19;18;22;22;18;17;18;10;11;12;13;12;17;9;18;14;13;18;15;18;17;11;15;15;9;18;14;16;10;12;16;10;9;8;6;7;2;7;2;5;4;8;5;4;1;3;3;2;1;6;3;2;3;0;1;1;0;0;0;0;0;0;0;0
092105;Quartucciu;73;78;57;67;74;55;49;52;56;52;48;50;42;61;49;59;68;63;66;57;67;72;60;52;69;69;77;62;68;88;67;105;107;86;127;121;123;152;132;123;129;134;109;130;153;127;130;112;113;120;78;104;101;86;86;78;92;69;84;71;73;87;74;60;63;67;55;47;54;63;56;61;54;46;46;38;52;45;42;38;39;25;34;23;40;16;18;17;19;12;15;7;5;2;3;4;2;3;1;2;2
092108;Elmas;46;35;46;42;39;33;38;34;47;45;40;35;34;41;35;24;47;46;52;44;37;54;46;58;59;45;42;49;57;63;57;45;74;64;60;86;83;85;73;90;91;80;106;71;103;80;88;80;76;72;71;82;72;68;59;77;79;68;61;63;52;49;62;57;52;51;32;48;41;35;33;36;32;31;32;28;30;29;30;27;17;24;29;15;22;12;10;8;15;8;8;5;2;3;2;4;1;2;1;1;1
092109;Monserrato;84;83;89;77;104;60;64;70;78;64;77;81;72;74;66;104;86;83;95;94;111;117;115;105;123;108;107;121;131;135;128;122;144;162;168;156;158;168;183;180;166;193;192;160;170;198;199;201;172;180;199;178;174;183;175;152;178;143;133;167;154;175;141;133;131;126;93;97;114;92;143;115;98;107;102;93;91;78;90;64;78;60;67;57;43;41;42;37;34;28;29;19;15;7;5;11;4;0;5;1;1
;Totale;1730;1722;1729;1713;1730;1638;1678;1744;1674;1767;1706;1715;1587;1622;1639;1655;1789;1908;1970;1947;2104;2082;2143;2138;2285;2323;2321;2449;2717;2719;2756;2771;2987;3131;3395;3611;3742;3756;3791;3907;3719;3759;3784;3776;3806;3938;3887;3744;3631;3567;3345;3458;3298;3340;3327;3147;3298;3116;3029;3002;2995;2924;2978;2915;2656;2666;2316;2379;2511;2390;2538;2273;2101;1974;1966;1768;1833;1788;1568;1534;1551;1420;1388;1202;1135;936;931;764;651;590;522;349;230;174;171;183;117;71;67;27;48

"Ricostruzione della popolazione intercensuaria - Popolazione al 1° gennaio per età"
"Tutte le cittadinanze - Anno: 2012 - Provincia: Cagliari"
Territorio/Età;;0;1;2;3;4;5;6;7;8;9;10;11;12;13;14;15;16;17;18;19;20;21;22;23;24;25;26;27;28;29;30;31;32;33;34;35;36;37;38;39;40;41;42;43;44;45;46;47;48;49;50;51;52;53;54;55;56;57;58;59;60;61;62;63;64;65;66;67;68;69;70;71;72;73;74;75;76;77;78;79;80;81;82;83;84;85;86;87;88;89;90;91;92;93;94;95;96;97;98;99;100
Codice comune;Comune;Totale
092003;Assemini;244;279;286;262;283;270;300;266;249;280;254;249;245;236;224;236;251;244;216;249;255;304;267;303;322;303;318;346;346;354;362;405;421;448;450;467;521;501;558;506;541;459;494;543;501;507;529;520;510;457;392;443;393;392;378;385;362;347;342;345;345;310;304;286;264;258;223;240;199;247;231;215;205;175;189;161;124;133;135;101;110;115;91;86;78;50;42;45;39;30;24;17;15;12;2;5;4;1;1;2;6
092009;Cagliari;903;962;965;999;931;997;1032;1001;1072;974;1083;1013;1139;1033;1053;1097;1109;1195;1212;1200;1324;1460;1368;1469;1414;1500;1520;1564;1627;1667;1646;1787;1769;1912;1976;2019;2193;2381;2322;2346;2377;2299;2385;2367;2416;2473;2546;2596;2460;2378;2381;2371;2367;2250;2342;2334;2224;2281;2139;2242;2095;2221;2122;2164;2257;2069;2041;1857;1883;2021;1988;2073;1938;1791;1687;1678;1555;1560;1560;1336;1268;1338;1148;1092;965;937;754;705;582;527;433;360;226;140;102;104;114;73;49;46;39
092011;Capoterra;201;216;212;255;219;251;240;233;255;235;227;234;226;236;246;203;215;232;219;240;235;247;241;260;282;224;264;249;281;309;285;293;321;331;364;396;392;430;459;421;463;420;436;400;473;439;464;435;449;418;367;333;391;330;347;312;334;337;311;297;289;293;256;299;281;274;280;219;210;222;207;206;190;170;135;152;119;105;134;87;105;87;85;81;63;46;39;48;30;20;24;14;17;8;11;6;4;6;5;2;2
092015;Decimomannu;78;63;74;62;72;64;79;82;86;73;78;78;79;67;61;78;82;66;88;75;81;96;70;74;86;89;77;109;88;107;106;147;100;145;138;120;149;166;170;181;138;157;161;134;141;148;141;147;141;133;126;121;114;103;86;107;102;83;86;98;92;89;89;101;83;95;87;54;87;90;76;68;54;56;54;54;32;52;34;41;35;30;24;38;13;25;14;16;12;12;10;6;4;3;2;3;2;1;0;0;2
092037;Maracalagonis;60;75;62;62;85;76;83;89;93;60;79;81;63;74;65;60;76;83;66;73;77;71;76;96;101;83;100;87;136;117;145;121;129;126;139;124;161;144;148;148;126;176;129;143;151;120;128;144;122;106;122;87;92;88;88;99;86;109;85;71;86;87;90;77;96;71;74;76;64;88;56;92;63;55;56;65;54;41;41;30;38;35;33;22;18;18;19;17;19;7;5;4;4;2;0;1;4;0;0;0;1
092050;Pula;64;54;68;66;67;74;64;51;54;44;62;67;53;53;60;52;54;63;61;75;60;57;60;81;69;57;85;89;90;91;97;100;104;142;123;123;138;137;129;111;108;115;135;115;136;110;138;113;98;129;104;104;102;102;96;103;94;105;106;100;112;88;111;112;101;107;100;100;87;84;81;92;76;69;65;60;38;45;46;40;33;36;33;28;30;25;17;23;13;10;9;6;6;2;3;3;3;1;2;0;1
092051;Quartu Sant'Elena;598;635;595;618;595;618;595;554;610;623;646;662;604;611;598;660;612;655;744;756;769;761;799;790;729;746;820;803;854;953;896;922;914;931;1002;1129;1147;1249;1240;1259;1287;1231;1293;1221;1260;1284;1326;1291;1242;1262;1219;1129;1121;1120;1072;1069;1050;1061;1013;934;882;942;898;960;915;881;812;704;650;670;644;685;619;547;480;487;395;411;374;305;289;311;281;246;169;178;138;142;104;84;92;77;45;23;23;17;21;20;5;6;8
092066;Sarroch;36;31;46;39;39;51;30;37;47;35;44;39;30;36;34;37;45;38;38;62;55;54;54;51;60;65;72;60;61;77;73;89;80;86;90;79;94;88;87;78;107;84;84;86;63;82;94;87;87;77;94;63;83;73;81;84;96;74;79;65;69;74;74;64;73;62;59;60;59;58;57;74;55;50;44;48;38;39;36;29;37;30;31;26;24;12;9;6;7;12;3;7;7;2;4;1;0;3;1;0;0
092068;Selargius;238;230;255;260;237;246;210;240;275;262;303;300;279;253;263;255;278;296;283;334;277;346;319;330;285;327;342;347;347;358;374;375;403;411;425;423;522;518;519;502;505;491;497;507;535;506;529;564;471;459;450;469;477;447;438;477;441;500;419;415;409;409;406;382;330;336;332;263;274;309;245;266;208;214;204;172;144;141;148;135;145;121;110;93;86;66;57;61;45;38;23;36;21;7;7;8;6;5;2;0;0
092074;Sestu;258;253;252;228;251;264;221;216;236;208;206;208;179;184;180;163;159;169;167;169;168;186;200;194;211;213;208;238;241;272;307;331;325;395;404;450;462;500;516;499;492;473;457;423;398;397;373;355;371;318;275;252;240;222;232;221;207;201;195;201;183;169;189;176;162;156;148;149;140;148;155;173;129;121;98;115;94;101;89;73;74;62;58;51;53;41;35;28;22;11;24;15;3;8;5;6;4;6;0;1;1
092075;Settimo San Pietro;64;70;70;55;70;56;53;59;51;54;52;54;53;53;66;53;54;69;70;65;66;73;73;76;75;71;108;82;109;96;112;120;119;113;123;131;125;149;125;136;100;114;97;108;116;112;109;106;92;101;93;110;80;97;97;103;90;102;80;79;85;95;92;75;79;66;64;48;60;59;48;63;59;36;36;37;37;23;38;29;24;23;26;17;18;22;16;13;5;8;7;4;6;2;3;1;2;0;2;0;2
092080;Sinnai;156;157;159;169;166;173;153;164;161;160;165;171;145;146;144;160;167;166;193;188;161;174;181;202;187;181;214;212;230;229;250;264;264;264;275;300;339;341;323;331;311;324;293;307;302;290;279;285;276;296;224;248;250;249;223;219;223;196;221;186;194;189;204;200;190;181;170;152;120;154;145;137;137;115;125;113;91;85;82;70;74;67;66;67;55;46;44;28;39;25;14;23;19;6;5;6;6;3;1;1;5
092090;Uta;80;98;92;81;71;65;63;80;73;66;73;68;63;77;60;65;90;76;108;64;105;89;95;84;98;116;106;99;121;140;131;142;152;140;155;135;127;127;133;142;124;154;132;131;145;141;128;152;142;132;136;105;125;124;104;101;81;89;94;85;70;92;85;81;86;70;76;58;66;64;72;66;60;57;56;48;47;46;48;42;37;35;29;26;18;15;14;16;11;6;9;6;5;3;0;1;1;1;1;0;1
092099;Villa San Pietro;29;19;26;17;16;19;21;14;12;25;17;13;14;22;13;21;16;14;15;17;15;27;18;21;27;16;24;24;38;29;34;34;29;34;54;37;40;43;30;37;44;42;36;32;35;24;21;25;23;23;33;16;33;23;26;29;31;33;25;29;30;36;22;35;27;28;23;26;33;27;19;19;22;15;6;14;4;12;3;12;12;7;6;7;3;7;1;6;5;1;2;0;1;1;0;0;2;0;0;0;0
092105;Quartucciu;112;119;164;124;130;128;130;101;109;122;118;110;113;100;113;104;116;123;132;138;129;139;151;134;107;145;144;141;135;143;169;158;186;209;191;216;261;244;307;273;261;254;258;218;262;276;254;255;234;199;227;187;175;202;178;176;147;165;149;153;144;152;155;149;121;143;120;97;88;100;116;108;113;94;91;83;71;82;66;64;62;54;40;58;34;55;26;28;23;21;18;18;2;6;4;2;4;3;3;2;5
092108;Elmas;75;90;75;95;77;78;73;72;82;84;83;90;62;73;89;80;67;90;112;95;93;78;99;94;103;115;98;98;105;110;112;109;111;142;136;142;176;167;163;162;174;166;155;198;151;178;159;166;164;148;147;152;156;152;140;121;141;141;143;113;131;124;102;124;111;104;77;71;91;76;74;72;74;61;68;61;56;55;48;48;42;31;46;39;23;28;21;19;13;24;6;11;7;2;2;2;5;1;3;0;1
092109;Monserrato;126;176;158;150;147;172;157;161;156;158;147;153;156;157;164;153;197;185;162;199;231;248;230;220;240;238;223;242;250;261;280;240;221;281;312;314;312;338;343;317;350;327;353;346;307;328;367;384;366;341;311;364;349;334;350;318;312;329;286;288;304;272;314;265;240;245;258;179;197;223;169;225;219;183;181;177;159;150;137;149;119;122;84;91;77;67;55;49;55;38;33;41;20;13;9;9;6;6;0;2;2
;Totale;3322;3527;3559;3542;3456;3602;3504;3420;3621;3463;3637;3590;3503;3411;3433;3477;3588;3764;3886;3999;4101;4410;4301;4479;4396;4489;4723;4790;5059;5313;5379;5637;5648;6110;6357;6605;7159;7523;7572;7449;7508;7286;7395;7279;7392;7415;7585;7625;7248;6977;6701;6554;6548;6308;6278;6258;6021;6153;5773;5701;5520;5642;5513;5550;5416;5146;4944;4353;4308;4640;4383;4634;4221;3809;3575;3525;3058;3081;3019;2591;2504;2504;2191;2068;1727;1638;1301;1250;1024;874;736;645;408;240;182;175;188;130;75;62;76
Territorio/Età;;0;1;2;3;4;5;6;7;8;9;10;11;12;13;14;15;16;17;18;19;20;21;22;23;24;25;26;27;28;29;30;31;32;33;34;35;36;37;38;39;40;41;42;43;44;45;46;47;48;49;50;51;52;53;54;55;56;57;58;59;60;61;62;63;64;65;66;67;68;69;70;71;72;73;74;75;76;77;78;79;80;81;82;83;84;85;86;87;88;89;90;91;92;93;94;95;96;97;98;99;100
Codice comune;Comune;Maschi
092003;Assemini;107;148;137;131;134;140;163;127;127;155;126;133;123;101;117;126;146;137;102;125;127;156;133;162;157;163;167;176;161;169;170;219;233;232;217;228;249;268;253;249;250;233;241;275;235;245;262;258;267;222;192;219;195;181;180;187;167;177;142;163;182;157;145;127;129;139;99;130;93;121;110;106;112;77;78;80;61;51;58;41;46;58;38;31;29;23;13;10;13;12;7;7;5;5;0;1;2;1;0;1;3
092009;Cagliari;451;513;503;529;468;534;545;476;543;501;543;532;579;541;560;589;583;621;609;613;678;751;700;753;738;740;779;792;822;822;826;918;874;978;1023;992;1111;1140;1149;1126;1128;1093;1161;1108;1144;1180;1206;1225;1133;1089;1099;1135;1075;1025;1059;1059;1010;988;921;992;944;985;934;1013;993;922;878;814;784;867;826;881;837;755;731;694;648;631;594;527;490;489;392;381;308;302;236;207;184;176;109;109;74;31;20;25;31;21;16;9;14
092011;Capoterra;111;111;108;128;106;125;131;102;136;110;126;121;129;132;129;105;114;121;115;133;117;136;143;142;143;107;126;126;139;160;145;163;169;174;180;177;183;230;235;198;241;201;233;184;238;228;239;219;222;213;168;174;198;164;169;154;176;162;144;139;142;149;125;142;124;143;130;106;93;121;105;107;92;79;70;73;54;51;57;45;52;40;42;35;33;19;15;20;10;7;11;7;8;1;3;0;2;1;4;1;1
092015;Decimomannu;36;38;32;25;39;31;45;43;45;44;35;50;37;41;36;39;48;35;51;34;44;51;45;38;42;46;32;48;46;51;46;82;52;70;62;63;81;87;95;90;69;91;73;69;70;88;74;70;72;49;65;62;59;63;43;49;48;44;45;53;42;39;45;46;44;50;42;34;32;38;35;34;28;26;32;28;15;20;18;13;13;15;9;12;5;16;5;7;5;5;4;2;0;0;1;1;1;0;0;0;0
092037;Maracalagonis;36;42;38;29;47;43;45;51;45;31;43;43;33;37;37;35;41;37;34;37;42;37;31;52;54;39;57;39;72;54;69;55;60;75;73;66;76;88;83;88;55;95;68;72;85;64;66;70;68;49;66;48;47;40;43;44;46;55;41;41;47;32;45;43;45;43;35;42;31;46;28;47;28;29;26;27;25;15;20;16;24;17;15;8;9;5;8;4;6;1;3;1;2;0;0;0;1;0;0;0;0
092050;Pula;30;35;34;34;38;35;35;32;27;26;33;38;32;25;33;29;31;34;23;37;32;24;24;50;37;21;47;48;45;35;48;50;46;78;61;60;66;70;73;59;47;62;78;61;74;65;63;59;50;78;44;52;62;45;50;47;44;47;56;49;47;50;56;55;53;55;53;50;34;49;42;44;40;38;41;27;15;21;24;19;14;17;14;12;11;11;5;7;3;3;4;1;1;0;1;0;0;1;0;0;0
092051;Quartu Sant'Elena;303;313;312;321;305;325;302;296;309;323;331;356;307;348;302;333;323;331;390;391;410;413;412;416;371;358;390;417;432;491;446;464;465;444;506;545;572;617;600;606;633;606;640;583;605;620;626;647;583;606;555;552;526;572;490;496;496;527;490;463;372;432;453;443;456;434;408;321;302;325;334;337;304;263;211;246;181;181;167;145;109;139;110;89;64;57;49;46;32;26;25;14;8;2;6;3;3;3;2;3;1
092066;Sarroch;16;17;21;14;18;28;14;21;27;22;22;20;20;14;15;22;29;21;15;28;26;25;27;29;31;29;36;40;33;32;40;48;41;44;46;47;46;47;52;46;55;50;50;41;30;42;47;47;44;39;57;27;36;33;34;38;55;38;40;31;31;34;33;31;35;34;37;37;26;26;32;35;28;19;21;21;15;24;20;11;13;16;13;12;9;5;4;0;2;3;1;2;0;1;0;0;0;1;0;0;0
092068;Selargius;123;126;142;126;128;128;106;118;149;134;154;153;135;144;138;125;156;169;143;158;143;162;181;168;152;165;178;189;189;175;188;181;215;209;207;191;237;281;273;249;236;232;232;241;247;241;228;281;236;223;232;201;203;194;199;227;204;239;192;196;182;198;187;174;150;179;153;123;150;148;116;135;102;105;88;76;58;60;72;60;66;48;47;24;27;22;17;22;12;19;4;10;4;1;1;2;1;2;0;0;0
092074;Sestu;158;126;142;123;133;146;115;105;113;103;111;100;101;96;93;88;85;86;90;88;86;106;92;89;105;92;108;121;136;126;140;150;155;201;210;205;216;241;290;254;229;237;247;214;219;185;184;183;197;168;139;129;125;116;115;123;102;89;90;91;98;94;103;85;79;82;67;77;70;69;84;87;68;64;56;60;30;40;50;26;29;33;26;18;23;13;14;14;7;5;7;5;2;1;1;1;1;2;0;0;0
092075;Settimo San Pietro;37;31;43;38;37;28;23;33;30;28;25;28;27;26;40;28;31;42;30;32;33;32;37;31;38;34;55;49;54;53;58;59;64;52;64;67;62;76;66;78;57;56;43;60;58;57;48;52;52;51;36;51;42;50;46;46;45;44;39;31;37;57;50;34;41;31;27;25;37;31;23;23;26;12;22;19;19;5;21;12;11;11;9;10;7;15;6;3;2;2;2;0;3;1;0;0;1;0;0;0;0
092080;Sinnai;90;68;92;78;81;99;84;92;85;75;85;86;71;81;73;88;92;86;99;105;86;86;96;108;86;87;106;106;115;111;117;133;137;137;127;157;176;160;162;171;136;170;137;154;165;157;146;140;132;149;108;134;127;124;110;102;110;103;106;103;89;101;101;83;84;91;92;69;51;71;69;63;63;60;56;58;38;44;34;27;31;31;33;29;18;22;19;8;17;10;7;7;7;1;1;1;0;1;0;1;1
092090;Uta;43;51;42;51;38;30;31;46;37;32;36;33;32;40;28;28;50;45;57;26;45;45;37;41;44;57;56;55;63;68;71;73;73;69;81;70;79;64;56;61;60;75;67;68;81;81;69;81;73;65;66;60;62;67;57;50;54;46;46;47;34;50;44;34;42;32;38;36;29;35;37;30;30;32;29;26;24;17;19;18;23;15;6;15;5;6;4;5;3;0;4;3;1;2;0;0;0;0;1;0;0
092099;Villa San Pietro;17;11;14;8;9;9;9;7;6;17;9;9;8;12;7;10;9;7;7;7;6;15;9;10;14;7;9;10;19;15;22;19;16;13;25;18;20;23;14;17;23;19;18;14;19;13;10;13;10;13;15;7;15;9;12;12;17;15;8;17;15;22;13;16;13;13;13;14;18;17;10;11;16;8;4;7;2;6;0;4;7;3;5;4;0;5;0;1;2;0;0;0;0;0;0;0;2;0;0;0;0
092105;Quartucciu;59;49;85;69;61;54;76;53;58;67;66;61;63;59;54;57;57;53;68;71;72;68;78;73;55;77;76;65;71;72;73;94;82;98;98;94;138;121;158;139;139;119;125;108;131;127;131;124;124;87;108;108;71;100;94;89;72;74;81;68;73;78;68;73;61;80;52;42;40;47;53;54;51;41;44;38;33;31;26;25;27;19;13;23;11;19;10;11;8;3;6;6;1;2;2;0;1;1;0;1;1
092108;Elmas;40;45;42;48;35;42;42;35;46;37;38;50;30;41;47;47;43;43;66;45;49;42;42;48;43;54;52;55;50;48;50;53;65;66;66;80;83;83;77;91;83;70;75;93;75;77;77;78;83;71;73;83;74;79;72;63;66;62;75;47;68;71;53;60;55;53;28;38;43;34;39;39;38;29;35;30;27;25;20;18;16;15;23;13;9;7;10;11;5;13;0;3;2;0;1;1;1;1;1;0;0
092109;Monserrato;58;88;74;61;70;67;94;95;86;79;81;73;73;84;86;83;92;99;77;103;135;138;112;103;137;120;122;132;131;131;149;114;100;136;156;150;162;183;176;140;170;163;157;156;145;157;168;182;165;171;131;166;171;159;168;142;159;154;140;155;137;116;142;121;107;117;129;87;104;111;78;83;105;84;77;76;69;57;62;62;55;46;28;30;22;23;17;13;20;9;9;13;2;2;2;4;2;3;0;0;0
;Totale;1715;1812;1861;1813;1747;1864;1860;1732;1869;1784;1864;1886;1800;1822;1795;1832;1930;1967;1976;2033;2131;2287;2199;2313;2247;2196;2396;2468;2578;2613;2658;2875;2847;3076;3202;3210;3557;3779;3812;3662;3611;3572;3645;3501;3621;3627;3644;3729;3511;3343;3154;3208;3088;3021;2941;2928;2871;2864;2656;2686;2540;2665;2597;2580;2511;2498;2281;2045;1937;2156;2021;2116;1968;1721;1621;1586;1314;1279;1262;1069;1026;1012;823;746;590;570;432;389;331;294;203;190;120;50;39;39;49;38;24;16;21
Territorio/Età;;0;1;2;3;4;5;6;7;8;9;10;11;12;13;14;15;16;17;18;19;20;21;22;23;24;25;26;27;28;29;30;31;32;33;34;35;36;37;38;39;40;41;42;43;44;45;46;47;48;49;50;51;52;53;54;55;56;57;58;59;60;61;62;63;64;65;66;67;68;69;70;71;72;73;74;75;76;77;78;79;80;81;82;83;84;85;86;87;88;89;90;91;92;93;94;95;96;97;98;99;100
Codice comune;Comune;Femmine
092003;Assemini;137;131;149;131;149;130;137;139;122;125;128;116;122;135;107;110;105;107;114;124;128;148;134;141;165;140;151;170;185;185;192;186;188;216;233;239;272;233;305;257;291;226;253;268;266;262;267;262;243;235;200;224;198;211;198;198;195;170;200;182;163;153;159;159;135;119;124;110;106;126;121;109;93;98;111;81;63;82;77;60;64;57;53;55;49;27;29;35;26;18;17;10;10;7;2;4;2;0;1;1;3
092009;Cagliari;452;449;462;470;463;463;487;525;529;473;540;481;560;492;493;508;526;574;603;587;646;709;668;716;676;760;741;772;805;845;820;869;895;934;953;1027;1082;1241;1173;1220;1249;1206;1224;1259;1272;1293;1340;1371;1327;1289;1282;1236;1292;1225;1283;1275;1214;1293;1218;1250;1151;1236;1188;1151;1264;1147;1163;1043;1099;1154;1162;1192;1101;1036;956;984;907;929;966;809;778;849;756;711;657;635;518;498;398;351;324;251;152;109;82;79;83;52;33;37;25
092011;Capoterra;90;105;104;127;113;126;109;131;119;125;101;113;97;104;117;98;101;111;104;107;118;111;98;118;139;117;138;123;142;149;140;130;152;157;184;219;209;200;224;223;222;219;203;216;235;211;225;216;227;205;199;159;193;166;178;158;158;175;167;158;147;144;131;157;157;131;150;113;117;101;102;99;98;91;65;79;65;54;77;42;53;47;43;46;30;27;24;28;20;13;13;7;9;7;8;6;2;5;1;1;1
092015;Decimomannu;42;25;42;37;33;33;34;39;41;29;43;28;42;26;25;39;34;31;37;41;37;45;25;36;44;43;45;61;42;56;60;65;48;75;76;57;68;79;75;91;69;66;88;65;71;60;67;77;69;84;61;59;55;40;43;58;54;39;41;45;50;50;44;55;39;45;45;20;55;52;41;34;26;30;22;26;17;32;16;28;22;15;15;26;8;9;9;9;7;7;6;4;4;3;1;2;1;1;0;0;2
092037;Maracalagonis;24;33;24;33;38;33;38;38;48;29;36;38;30;37;28;25;35;46;32;36;35;34;45;44;47;44;43;48;64;63;76;66;69;51;66;58;85;56;65;60;71;81;61;71;66;56;62;74;54;57;56;39;45;48;45;55;40;54;44;30;39;55;45;34;51;28;39;34;33;42;28;45;35;26;30;38;29;26;21;14;14;18;18;14;9;13;11;13;13;6;2;3;2;2;0;1;3;0;0;0;1
092050;Pula;34;19;34;32;29;39;29;19;27;18;29;29;21;28;27;23;23;29;38;38;28;33;36;31;32;36;38;41;45;56;49;50;58;64;62;63;72;67;56;52;61;53;57;54;62;45;75;54;48;51;60;52;40;57;46;56;50;58;50;51;65;38;55;57;48;52;47;50;53;35;39;48;36;31;24;33;23;24;22;21;19;19;19;16;19;14;12;16;10;7;5;5;5;2;2;3;3;0;2;0;1
092051;Quartu Sant'Elena;295;322;283;297;290;293;293;258;301;300;315;306;297;263;296;327;289;324;354;365;359;348;387;374;358;388;430;386;422;462;450;458;449;487;496;584;575;632;640;653;654;625;653;638;655;664;700;644;659;656;664;577;595;548;582;573;554;534;523;471;510;510;445;517;459;447;404;383;348;345;310;348;315;284;269;241;214;230;207;160;180;172;171;157;105;121;89;96;72;58;67;63;37;21;17;14;18;17;3;3;7
092066;Sarroch;20;14;25;25;21;23;16;16;20;13;22;19;10;22;19;15;16;17;23;34;29;29;27;22;29;36;36;20;28;45;33;41;39;42;44;32;48;41;35;32;52;34;34;45;33;40;47;40;43;38;37;36;47;40;47;46;41;36;39;34;38;40;41;33;38;28;22;23;33;32;25;39;27;31;23;27;23;15;16;18;24;14;18;14;15;7;5;6;5;9;2;5;7;1;4;1;0;2;1;0;0
092068;Selargius;115;104;113;134;109;118;104;122;126;128;149;147;144;109;125;130;122;127;140;176;134;184;138;162;133;162;164;158;158;183;186;194;188;202;218;232;285;237;246;253;269;259;265;266;288;265;301;283;235;236;218;268;274;253;239;250;237;261;227;219;227;211;219;208;180;157;179;140;124;161;129;131;106;109;116;96;86;81;76;75;79;73;63;69;59;44;40;39;33;19;19;26;17;6;6;6;5;3;2;0;0
092074;Sestu;100;127;110;105;118;118;106;111;123;105;95;108;78;88;87;75;74;83;77;81;82;80;108;105;106;121;100;117;105;146;167;181;170;194;194;245;246;259;226;245;263;236;210;209;179;212;189;172;174;150;136;123;115;106;117;98;105;112;105;110;85;75;86;91;83;74;81;72;70;79;71;86;61;57;42;55;64;61;39;47;45;29;32;33;30;28;21;14;15;6;17;10;1;7;4;5;3;4;0;1;1
092075;Settimo San Pietro;27;39;27;17;33;28;30;26;21;26;27;26;26;27;26;25;23;27;40;33;33;41;36;45;37;37;53;33;55;43;54;61;55;61;59;64;63;73;59;58;43;58;54;48;58;55;61;54;40;50;57;59;38;47;51;57;45;58;41;48;48;38;42;41;38;35;37;23;23;28;25;40;33;24;14;18;18;18;17;17;13;12;17;7;11;7;10;10;3;6;5;4;3;1;3;1;1;0;2;0;2
092080;Sinnai;66;89;67;91;85;74;69;72;76;85;80;85;74;65;71;72;75;80;94;83;75;88;85;94;101;94;108;106;115;118;133;131;127;127;148;143;163;181;161;160;175;154;156;153;137;133;133;145;144;147;116;114;123;125;113;117;113;93;115;83;105;88;103;117;106;90;78;83;69;83;76;74;74;55;69;55;53;41;48;43;43;36;33;38;37;24;25;20;22;15;7;16;12;5;4;5;6;2;1;0;4
092090;Uta;37;47;50;30;33;35;32;34;36;34;37;35;31;37;32;37;40;31;51;38;60;44;58;43;54;59;50;44;58;72;60;69;79;71;74;65;48;63;77;81;64;79;65;63;64;60;59;71;69;67;70;45;63;57;47;51;27;43;48;38;36;42;41;47;44;38;38;22;37;29;35;36;30;25;27;22;23;29;29;24;14;20;23;11;13;9;10;11;8;6;5;3;4;1;0;1;1;1;0;0;1
092099;Villa San Pietro;12;8;12;9;7;10;12;7;6;8;8;4;6;10;6;11;7;7;8;10;9;12;9;11;13;9;15;14;19;14;12;15;13;21;29;19;20;20;16;20;21;23;18;18;16;11;11;12;13;10;18;9;18;14;14;17;14;18;17;12;15;14;9;19;14;15;10;12;15;10;9;8;6;7;2;7;2;6;3;8;5;4;1;3;3;2;1;5;3;1;2;0;1;1;0;0;0;0;0;0;0
092105;Quartucciu;53;70;79;55;69;74;54;48;51;55;52;49;50;41;59;47;59;70;64;67;57;71;73;61;52;68;68;76;64;71;96;64;104;111;93;122;123;123;149;134;122;135;133;110;131;149;123;131;110;112;119;79;104;102;84;87;75;91;68;85;71;74;87;76;60;63;68;55;48;53;63;54;62;53;47;45;38;51;40;39;35;35;27;35;23;36;16;17;15;18;12;12;1;4;2;2;3;2;3;1;4
092108;Elmas;35;45;33;47;42;36;31;37;36;47;45;40;32;32;42;33;24;47;46;50;44;36;57;46;60;61;46;43;55;62;62;56;46;76;70;62;93;84;86;71;91;96;80;105;76;101;82;88;81;77;74;69;82;73;68;58;75;79;68;66;63;53;49;64;56;51;49;33;48;42;35;33;36;32;33;31;29;30;28;30;26;16;23;26;14;21;11;8;8;11;6;8;5;2;1;1;4;0;2;0;1
092109;Monserrato;68;88;84;89;77;105;63;66;70;79;66;80;83;73;78;70;105;86;85;96;96;110;118;117;103;118;101;110;119;130;131;126;121;145;156;164;150;155;167;177;180;164;196;190;162;171;199;202;201;170;180;198;178;175;182;176;153;175;146;133;167;156;172;144;133;128;129;92;93;112;91;142;114;99;104;101;90;93;75;87;64;76;56;61;55;44;38;36;35;29;24;28;18;11;7;5;4;3;0;2;2
;Totale;1607;1715;1698;1729;1709;1738;1644;1688;1752;1679;1773;1704;1703;1589;1638;1645;1658;1797;1910;1966;1970;2123;2102;2166;2149;2293;2327;2322;2481;2700;2721;2762;2801;3034;3155;3395;3602;3744;3760;3787;3897;3714;3750;3778;3771;3788;3941;3896;3737;3634;3547;3346;3460;3287;3337;3330;3150;3289;3117;3015;2980;2977;2916;2970;2905;2648;2663;2308;2371;2484;2362;2518;2253;2088;1954;1939;1744;1802;1757;1522;1478;1492;1368;1322;1137;1068;869;861;693;580;533;455;288;190;143;136;139;92;51;46;55

"Ricostruzione della popolazione intercensuaria - Popolazione al 1° gennaio per età"
"Tutte le cittadinanze - Anno: 2013 - Provincia: Cagliari"
Territorio/Età;;0;1;2;3;4;5;6;7;8;9;10;11;12;13;14;15;16;17;18;19;20;21;22;23;24;25;26;27;28;29;30;31;32;33;34;35;36;37;38;39;40;41;42;43;44;45;46;47;48;49;50;51;52;53;54;55;56;57;58;59;60;61;62;63;64;65;66;67;68;69;70;71;72;73;74;75;76;77;78;79;80;81;82;83;84;85;86;87;88;89;90;91;92;93;94;95;96;97;98;99;100
Codice comune;Comune;Totale
092003;Assemini;285;244;281;272;252;273;263;304;260;243;278;252;242;244;231;224;229;249;236;223;256;260;299;262;301;319;311;308;346;342;373;358;400;411;453;437;474;522;494;555;493;531;441;484;536;494;497;522;509;496;447;392;442;389;386;374;383;358;339;343;342;343;310;300;285;259;251;219;237;197;238;226;213;198;177;181;153;121;132;131;98;107;109;81;82;75;47;38;42;35;27;22;13;14;9;1;3;2;1;0;4
092009;Cagliari;1026;896;963;979;1000;942;1009;1037;1024;1078;987;1097;1019;1160;1036;1052;1107;1128;1224;1254;1235;1341;1498;1397;1495;1458;1503;1567;1583;1650;1664;1672;1804;1782;1925;2000;2019;2231;2419;2345;2392;2428;2314;2394;2395;2445;2502;2562;2607;2484;2398;2406;2370;2360;2242;2348;2328;2226;2262;2133;2213;2090;2199;2100;2149;2249;2043;2007;1839;1856;1987;1963;2028;1915;1750;1648;1626;1505;1512;1512;1291;1204;1277;1079;1016;903;861;690;629;504;454;381;305;174;104;79;78;81;52;38;50
092011;Capoterra;220;205;215;218;263;228;256;240;233;257;236;231;235;224;232;245;201;218;224;223;243;230;252;231;259;282;233;266;245;279;307;293;282;317;322;358;403;396;438;456;420;456;418;438;398;477;441;461;431;451;415;369;339;387;324;350;311;332;332;308;295;285;297;254;292;273;278;280;212;210;216;203;201;189;164;134;146;117;98;132;87;103;87;81;75;50;46;38;41;27;18;21;13;18;3;9;6;4;4;4;2
092015;Decimomannu;72;82;62;78;62;71;63;76;81;87;73;82;78;76;68;61;81;83;70;88;76;82;94;72;72;89;85;78;105;89;112;115;154;108;145;145;127;154;166;169;182;137;161;163;132;144;151;142;147;141;137;126;122;115;101;84;109;104;86;85;98;93;87;87;103;85;96;85;56;85;89;74;68;54;55;54;49;34;52;31;41;35;28;24;36;12;19;14;14;10;11;8;5;3;3;2;3;2;1;0;1
092037;Maracalagonis;73;61;73;65;62;85;77;81;87;96;58;77;77;63;72;66;59;76;81;66;76;75;71;76;96;106;81;102;85;135;120;151;120;131;126;139;123;156;143;145;140;130;179;127;140;155;125;125;142;123;108;122;91;93;89;88;100;86;109;83;75;82;88;92;79;95;71;74;73;62;88;56;89;65;56;56;60;53;41;40;30;34;33;29;21;17;17;16;16;18;5;3;4;3;2;0;1;2;0;0;0
092050;Pula;60;67;49;64;67;68;73;63;51;55;42;63;65;55;52;60;51;53;62;59;75;60;57;62;81;67;56;89;89;90;92;94;95;107;129;123;123;134;139;127;111;109;116;140;114;135;114;135;112;100;126;109;104;103;103;97;101;97;102;105;97;114;87;109;113;101;107;98;101;84;83;79;88;75;67;60;56;37;43;43;40;33;33;33;27;29;23;15;20;12;9;8;3;7;2;1;2;1;1;2;1
092051;Quartu Sant'Elena;542;613;645;599;618;594;622;596;564;609;623;647;660;605;616;607;662;605;648;743;763;771;758;805;806;731;763;837;835;890;947;893;901;919;937;1026;1152;1157;1258;1244;1275;1277;1244;1299;1220;1261;1284;1320;1284;1222;1267;1215;1136;1116;1107;1065;1063;1055;1054;1001;924;878;925;891;965;907;884;804;693;636;662;634;673;611;539;469;472;385;397;366;296;280;303;263;221;159;168;123;132;92;76;69;66;39;18;19;11;14;13;3;8
092066;Sarroch;45;35;29;49;40;40;50;29;36;50;35;44;40;31;37;34;36;45;40;37;67;57;57;56;50;60;63;73;63;63;75;75;87;82;90;92;80;94;88;84;77;106;82;85;87;64;84;98;87;87;80;93;63;85;73;80;82;96;73;79;66;68;74;73;65;75;62;57;58;59;59;58;73;56;50;47;46;36;40;33;29;37;26;31;25;24;11;9;5;7;12;3;6;5;2;3;1;0;2;0;0
092068;Selargius;208;246;237;251;263;233;255;220;246;283;261;299;303;281;256;265;257;284;294;279;331;279;338;313;329;284;324;347;336;348;360;365;396;408;409;441;425;512;515;508;494;509;490;498;525;527;503;532;561;466;463;448;466;475;445;444;475;438;488;404;413;406;409;399;377;329;330;333;261;272;304;241;268;201;214;198;168;140;138;144;134;135;116;102;89;82;59;53;60;46;33;20;29;17;6;6;4;5;3;2;0
092074;Sestu;240;242;246;243;226;256;258;221;208;236;211;199;203;173;187;179;161;159;170;167;169;174;181;201;199;210;220;209;249;251;293;309;335;336;408;396;450;476;491;519;488;490;468;445;409;388;395;372;353;364;308;270;252;243;222;228;219;204;199;194;196;184;168;189;170;160;156;147;148;138;147;147;174;124;116;98;117;93;100;84;70;72;61;53;50;45;38;32;24;21;12;18;10;2;4;4;6;3;3;0;2
092075;Settimo San Pietro;57;63;74;69;57;75;55;54;61;53;54;50;57;52;54;65;53;54;68;67;67;63;73;74;75;73;79;103;82;113;101;120;121;123;119;127;132;119;150;127;139;101;116;90;107;114;110;112;112;94;100;95;110;81;96;97;100;94;100;80;81;85;94;94;77;77;66;63;47;59;59;44;61;59;36;33;36;36;23;35;28;24;20;26;16;17;19;13;12;4;7;3;2;4;2;2;1;2;0;2;2
092080;Sinnai;172;160;157;168;168;162;175;150;167;160;157;165;172;144;144;143;164;164;165;194;184;163;177;188;201;186;191;220;211;238;225;245;260;275;263;276;306;345;342;318;339;305;320;292;309;305;284;280;285;281;293;224;250;249;243;224;219;220;193;221;185;191;188;204;193;187;177;165;150;118;153;142;135;134;114;119;110;88;84;81;66;69;66;66;61;49;43;41;23;36;20;12;21;17;5;5;6;6;2;0;4
092090;Uta;76;81;97;89;81;70;67;68;81;70;65;73;68;64;77;58;66;87;79;106;66;100;89;92;86;97;120;103;106;131;147;142;142;153;140;156;139;130;131;137;138;130;156;133;131;149;142;131;154;144;131;134;105;126;127;107;103;82;88;96;84;70;92;88;83;86;69;77;60;65;65;73;65;62;56;55;47;44;46;47;42;37;35;28;25;16;12;14;13;9;6;7;5;5;3;0;1;1;1;0;1
092099;Villa San Pietro;21;27;24;25;18;15;19;21;16;11;26;18;13;15;21;13;22;17;14;16;17;16;27;19;23;28;19;22;23;38;29;35;36;32;33;54;40;40;43;35;38;41;46;38;33;34;23;22;26;23;21;32;16;31;23;25;28;31;34;26;29;30;36;22;33;26;27;22;26;32;26;17;19;21;13;5;16;4;11;3;12;12;7;4;8;3;7;1;6;5;1;2;0;1;1;0;0;2;0;0;0
092105;Quartucciu;126;108;123;162;119;136;129;133;99;110;123;117;107;117;103;110;103;117;128;133;135;133;142;154;130;109;144;138;140;142;142;164;163;187;215;186;219;248;246;307;271;272;253;259;214;263;275;254;258;244;206;226;182;173;206;175;176;146;165;151;152;146;151;152;149;119;142;120;96;84;98;117;105;108;92;89;83;70;79;63;63;62;50;42;56;31;52;20;22;21;18;16;18;2;5;4;2;4;3;3;6
092108;Elmas;69;76;93;82;98;81;77;70;70;84;85;82;95;65;75;91;79;67;91;115;101;98;85;98;96;102;114;100;104;104;111;114;103;116;144;141;143;168;172;166;165;183;166;160;208;156;178;169;173;166;151;147;152;156;152;135;119;142;138;142;111;128;121;101;122;110;105;77;71;91;77;75;69;71;60;68;60;55;54;46;46;40;28;44;39;21;24;21;17;10;20;4;11;7;2;1;0;5;1;2;0
092109;Monserrato;164;135;167;161;151;146;167;149;161;151;157;146;151;154;156;163;154;195;185;159;198;230;248;218;210;239;232;209;236;237;258;271;237;204;269;302;310;319;327;339;321;350;320;348;338;306;323;365;388;364;338;302;361;344;330;337;315;312;335;282;284;301;262;309;259;240;240;258;178;197;224;169;216;217;181;175;170;158;151;136;149;115;117;75;88;70;60;50;42;47;30;31;36;13;7;8;7;5;3;0;2
;Totale;3456;3341;3535;3574;3545;3475;3615;3512;3445;3633;3471;3642;3585;3523;3417;3436;3485;3601;3779;3929;4059;4132;4446;4318;4509;4440;4538;4771;4838;5140;5356;5416;5636;5691;6127;6399;6665;7201;7562;7581;7483;7555;7290;7393;7296;7417;7431;7602;7629;7250;6989;6710;6561;6526;6269;6258;6231;6023;6097;5733;5645;5494;5588;5464;5514;5378;5104;4886;4306;4245;4575;4318;4545;4160;3740;3489;3415;2976;3001;2927;2522;2399;2396;2061;1935;1603;1506;1188;1118;904;759;628;547;331;178;144;132;139;90;56;83
Territorio/Età;;0;1;2;3;4;5;6;7;8;9;10;11;12;13;14;15;16;17;18;19;20;21;22;23;24;25;26;27;28;29;30;31;32;33;34;35;36;37;38;39;40;41;42;43;44;45;46;47;48;49;50;51;52;53;54;55;56;57;58;59;60;61;62;63;64;65;66;67;68;69;70;71;72;73;74;75;76;77;78;79;80;81;82;83;84;85;86;87;88;89;90;91;92;93;94;95;96;97;98;99;100
Codice comune;Comune;Maschi
092003;Assemini;150;109;150;130;126;130;140;165;124;126;154;124;129;124;99;121;123;143;135;104;128;129;154;129;162;151;164;162;172;159;186;167;217;227;234;206;228;252;262;254;247;244;226;233;271;231;247;261;250;257;218;194;216;196;175;176;187;164;175;142;161;181;158;143;127;124;135;99;130;94;115;108;104;109;77;74;78;59;49;55;38;45;55;34;28;29;21;11;8;11;11;5;6;3;2;0;1;1;1;0;1
092009;Cagliari;506;452;512;516;533;481;541;542;487;548;503;553;534;587;541;552;600;593;639;628;631;689;781;710;778;767;760;795;812;826;828;827;931;889;985;1031;1003;1119;1159;1159;1161;1150;1101;1175;1123;1160;1194;1215;1235;1136;1101;1119;1131;1068;1018;1062;1059;1002;979;918;972;943;973;921;999;987;912;858;807;770;843;812;845;820;733;701;666;617;613;571;504;460;464;352;348;282;267;209;179;152;148;91;87;57;22;17;18;23;12;13;11
092011;Capoterra;124;110;107;112;131;112;127;131;104;134;111;125;120;128;128;129;104;114;112;116;134;114;139;141;141;141;118;125;120;137;156;149;158;167;168;174;181;183;230;236;194;232;195;231;188;243;228;235;221;229;206;168;176;196;163;171;155;174;159;142;139;140;149;124;138;121;145;130;103;93;118;100;105;91;76;69;68;51;48;55;45;50;39;39;33;25;20;14;18;8;5;10;4;9;0;2;0;2;1;3;2
092015;Decimomannu;38;37;38;33;26;37;31;42;42;45;43;36;51;35;42;37;42;46;36;51;34;45;51;46;39;43;45;33;49;47;53;51;87;55;70;66;64;84;87;93;94;72;95;74;69;73;87;75;71;72;49;64;62;59;62;42;49;49;44;44;53;42;37;43;47;47;50;41;35;31;37;34;36;29;26;31;25;16;20;18;14;14;14;9;12;5;12;5;6;3;5;2;2;0;0;1;1;1;0;0;0
092037;Maracalagonis;35;36;41;40;29;45;42;43;49;46;30;43;41;33;35;38;34;41;36;34;39;41;37;33;52;54;38;62;40;69;55;73;56;63;76;70;65;74;89;81;83;59;100;64;70;88;66;63;69;69;49;66;52;48;40;43;45;46;55;42;43;45;31;47;44;47;43;35;40;30;45;28;44;30;30;28;25;24;15;20;15;20;16;12;8;8;5;7;4;6;1;2;1;2;0;0;0;0;0;0;0
092050;Pula;32;34;33;33;34;37;34;34;31;27;26;34;36;32;25;32;30;30;34;23;35;32;24;25;48;35;20;48;47;48;36;46;45;49;75;62;59;60;67;71;60;49;61;81;60;73;67;63;56;54;75;47;51;63;46;51;47;47;47;55;47;46;50;55;55;53;54;48;51;30;48;41;41;39;38;37;23;15;19;22;19;13;15;15;12;10;9;4;6;2;3;4;0;1;0;1;0;0;1;0;0
092051;Quartu Sant'Elena;302;313;327;318;328;306;328;305;300;309;328;327;356;305;352;302;331;319;328;391;396;415;407;413;426;375;357;398;424;457;483;451;458;471;448;527;555;572;619;608;620;621;604;633;579;608;617;624;650;576;607;553;556;524;560;485;498;505;517;483;455;366;424;446;445;449;440;403;310;293;324;328;326;302;257;205;234;174;173;161;138;104;135;104;77;57;50;45;39;27;24;13;13;8;1;4;1;1;1;1;1
092066;Sarroch;21;15;17;24;15;19;28;14;19;30;22;23;21;21;15;15;21;28;22;14;31;27;24;27;30;31;27;37;41;33;33;39;48;43;47;46;46;46;48;50;46;53;50;50;41;30;43;49;47;45;41;57;27;38;34;33;36;54;38;41;31;31;33;32;31;36;34;35;35;27;26;32;34;28;19;23;20;14;25;18;10;13;13;13;11;9;5;4;0;2;3;1;2;0;1;0;0;0;1;0;0
092068;Selargius;111;132;126;141;126;121;132;115;118;153;132;156;156;135;146;140;126;160;169;140;156;142;162;176;162;154;164;177;184;197;178;189;184;211;203;213;194;238;282;265;242;240;232;227;248;245;240;223;279;233;227;226;202;201;194;199;222;200;233;186;196;185;202;182;168;151;177;155;122;150;143;111;139;97;103;82;72;56;58;70;59;60;46;43;23;25;19;14;20;12;16;4;8;3;1;1;0;0;1;0;0
092074;Sestu;128;146;126;135;120;136;143;119;101;112;103;108;97;97;96;93;83;84;87;94;85;87;104;92;92;105;91;110;128;136;138;142;156;161;207;207;204;221;234;295;252;226;232;238;205;212;181;183;185;193;162;136;129;128;119;113;122;102;87;91;86;99;92;103;80;78;81;66;76;68;68;78;86;67;61;57;62;30;38;47;24;29;32;26;17;18;12;12;10;6;5;5;3;2;1;1;1;0;2;0;0
092075;Settimo San Pietro;35;35;32;43;38;40;29;23;33;32;28;24;29;27;27;39;28;31;42;29;34;30;34;37;30;36;37;54;49;58;55;62;59;67;57;66;67;60;81;64;81;59;58;41;59;55;55;53;55;53;50;38;50;42;50;47;45;46;43;39;31;37;57;50;36;39;32;26;25;36;31;19;22;26;12;19;19;18;5;18;11;11;9;9;9;6;13;6;2;2;2;1;0;2;1;0;0;1;0;0;0
092080;Sinnai;80;92;70;94;79;78;100;82;96;82;74;83;87;71;78;73;89;90;87;96;102;87;87;99;106;85;94;106;109;118;108;113;132;140;135;129;166;178;161;159;177;131;169;139;152;167;154;149;140;135;147;107;134;127;122;109;99;110;101;107;103;87;101;101;80;82;89;89;67;52;72;65;64;62;60;52;55;38;44;34;25;29;30;32;24;18;19;18;8;17;8;5;5;6;0;1;1;0;0;0;1
092090;Uta;41;41;51;39;51;37;31;34;46;35;32;36;33;33;39;27;28;49;46;56;26;43;44;35;41;43;58;57;60;69;72;76;71;74;70;76;74;83;68;55;59;63;76;66;70;83;82;72;82;73;65;63;61;60;68;57;53;55;45;48;47;33;50;45;36;40;31;39;36;28;36;37;29;32;33;28;25;21;17;19;18;23;15;5;14;4;4;4;5;3;0;3;2;1;2;0;0;0;0;0;0
092099;Villa San Pietro;13;16;15;13;8;9;8;9;8;6;18;10;9;9;12;7;11;9;7;7;6;7;15;9;12;16;8;8;10;19;14;22;21;17;14;25;18;23;24;17;17;21;23;21;14;19;13;10;14;10;10;15;7;15;9;12;11;17;15;9;17;14;22;13;14;13;12;12;13;18;17;9;11;16;8;3;8;2;5;0;4;7;3;3;4;0;5;0;1;2;0;0;0;0;0;0;0;2;0;0;0
092105;Quartucciu;67;50;51;80;63;65;56;77;53;59;68;67;57;67;58;51;58;58;55;70;70;70;69;78;67;56;75;73;65;69;74;71;94;84;96;92;94;129;122;159;136;146;122;126;107;133;125;128;123;129;90;110;104;68;101;91;89;72;75;83;67;75;77;67;74;60;80;52;40;36;47;55;52;48;39;42;39;33;29;25;26;26;16;14;22;8;19;8;8;8;2;6;6;1;1;2;0;1;1;0;2
092108;Elmas;38;39;49;44;49;38;41;40;34;48;38;37;54;31;43;48;46;43;44;66;50;52;44;41;50;41;51;53;54;49;47;51;50;68;66;68;76;80;87;82;91;91;71;79;99;76;79;82;82;82;72;73;83;75;81;71;63;67;62;75;46;65;68;52;59;55;54;29;38;41;34;39;38;37;28;36;29;26;25;19;17;16;12;22;13;9;5;10;9;4;12;0;2;2;0;1;0;1;1;0;0
092109;Monserrato;84;65;81;81;64;69;66;89;97;82;80;80;73;74;84;84;85;92;99;73;104;136;134;103;96;133;117;115;127;124;127;146;111;93;126;151;146;166;180;173;139;174;159;160;153;142;156;166;186;165;170;127;163;169;158;162;141;161;155;137;152;134;113;138;117;106;111;129;87;104;109;77;77;103;81;74;71;68;57;59;60;54;45;25;27;18;22;16;10;17;3;8;12;1;0;1;3;2;2;0;0
;Totale;1805;1722;1826;1876;1820;1760;1877;1864;1742;1874;1790;1866;1883;1809;1820;1788;1839;1930;1978;1992;2061;2146;2310;2194;2332;2266;2224;2413;2491;2615;2643;2675;2878;2879;3077;3209;3240;3568;3800;3821;3699;3631;3574;3638;3508;3638;3634;3651;3745;3511;3339;3163;3204;3077;3000;2924;2921;2871;2830;2642;2646;2523;2637;2562;2550;2488;2480;2246;2015;1901;2113;1973;2053;1936;1681;1561;1519;1262;1240;1211;1027;974;959;757;682;531;507;387;333;282;248;160;153;98;32;32;26;35;24;17;18
Territorio/Età;;0;1;2;3;4;5;6;7;8;9;10;11;12;13;14;15;16;17;18;19;20;21;22;23;24;25;26;27;28;29;30;31;32;33;34;35;36;37;38;39;40;41;42;43;44;45;46;47;48;49;50;51;52;53;54;55;56;57;58;59;60;61;62;63;64;65;66;67;68;69;70;71;72;73;74;75;76;77;78;79;80;81;82;83;84;85;86;87;88;89;90;91;92;93;94;95;96;97;98;99;100
Codice comune;Comune;Femmine
092003;Assemini;135;135;131;142;126;143;123;139;136;117;124;128;113;120;132;103;106;106;101;119;128;131;145;133;139;168;147;146;174;183;187;191;183;184;219;231;246;270;232;301;246;287;215;251;265;263;250;261;259;239;229;198;226;193;211;198;196;194;164;201;181;162;152;157;158;135;116;120;107;103;123;118;109;89;100;107;75;62;83;76;60;62;54;47;54;46;26;27;34;24;16;17;7;11;7;1;2;1;0;0;3
092009;Cagliari;520;444;451;463;467;461;468;495;537;530;484;544;485;573;495;500;507;535;585;626;604;652;717;687;717;691;743;772;771;824;836;845;873;893;940;969;1016;1112;1260;1186;1231;1278;1213;1219;1272;1285;1308;1347;1372;1348;1297;1287;1239;1292;1224;1286;1269;1224;1283;1215;1241;1147;1226;1179;1150;1262;1131;1149;1032;1086;1144;1151;1183;1095;1017;947;960;888;899;941;787;744;813;727;668;621;594;481;450;352;306;290;218;117;82;62;60;58;40;25;39
092011;Capoterra;96;95;108;106;132;116;129;109;129;123;125;106;115;96;104;116;97;104;112;107;109;116;113;90;118;141;115;141;125;142;151;144;124;150;154;184;222;213;208;220;226;224;223;207;210;234;213;226;210;222;209;201;163;191;161;179;156;158;173;166;156;145;148;130;154;152;133;150;109;117;98;103;96;98;88;65;78;66;50;77;42;53;48;42;42;25;26;24;23;19;13;11;9;9;3;7;6;2;3;1;0
092015;Decimomannu;34;45;24;45;36;34;32;34;39;42;30;46;27;41;26;24;39;37;34;37;42;37;43;26;33;46;40;45;56;42;59;64;67;53;75;79;63;70;79;76;88;65;66;89;63;71;64;67;76;69;88;62;60;56;39;42;60;55;42;41;45;51;50;44;56;38;46;44;21;54;52;40;32;25;29;23;24;18;32;13;27;21;14;15;24;7;7;9;8;7;6;6;3;3;3;1;2;1;1;0;1
092037;Maracalagonis;38;25;32;25;33;40;35;38;38;50;28;34;36;30;37;28;25;35;45;32;37;34;34;43;44;52;43;40;45;66;65;78;64;68;50;69;58;82;54;64;57;71;79;63;70;67;59;62;73;54;59;56;39;45;49;45;55;40;54;41;32;37;57;45;35;48;28;39;33;32;43;28;45;35;26;28;35;29;26;20;15;14;17;17;13;9;12;9;12;12;4;1;3;1;2;0;1;2;0;0;0
092050;Pula;28;33;16;31;33;31;39;29;20;28;16;29;29;23;27;28;21;23;28;36;40;28;33;37;33;32;36;41;42;42;56;48;50;58;54;61;64;74;72;56;51;60;55;59;54;62;47;72;56;46;51;62;53;40;57;46;54;50;55;50;50;68;37;54;58;48;53;50;50;54;35;38;47;36;29;23;33;22;24;21;21;20;18;18;15;19;14;11;14;10;6;4;3;6;2;0;2;1;0;2;1
092051;Quartu Sant'Elena;240;300;318;281;290;288;294;291;264;300;295;320;304;300;264;305;331;286;320;352;367;356;351;392;380;356;406;439;411;433;464;442;443;448;489;499;597;585;639;636;655;656;640;666;641;653;667;696;634;646;660;662;580;592;547;580;565;550;537;518;469;512;501;445;520;458;444;401;383;343;338;306;347;309;282;264;238;211;224;205;158;176;168;159;144;102;118;78;93;65;52;56;53;31;17;15;10;13;12;2;7
092066;Sarroch;24;20;12;25;25;21;22;15;17;20;13;21;19;10;22;19;15;17;18;23;36;30;33;29;20;29;36;36;22;30;42;36;39;39;43;46;34;48;40;34;31;53;32;35;46;34;41;49;40;42;39;36;36;47;39;47;46;42;35;38;35;37;41;41;34;39;28;22;23;32;33;26;39;28;31;24;26;22;15;15;19;24;13;18;14;15;6;5;5;5;9;2;4;5;1;3;1;0;1;0;0
092068;Selargius;97;114;111;110;137;112;123;105;128;130;129;143;147;146;110;125;131;124;125;139;175;137;176;137;167;130;160;170;152;151;182;176;212;197;206;228;231;274;233;243;252;269;258;271;277;282;263;309;282;233;236;222;264;274;251;245;253;238;255;218;217;221;207;217;209;178;153;178;139;122;161;130;129;104;111;116;96;84;80;74;75;75;70;59;66;57;40;39;40;34;17;16;21;14;5;5;4;5;2;2;0
092074;Sestu;112;96;120;108;106;120;115;102;107;124;108;91;106;76;91;86;78;75;83;73;84;87;77;109;107;105;129;99;121;115;155;167;179;175;201;189;246;255;257;224;236;264;236;207;204;176;214;189;168;171;146;134;123;115;103;115;97;102;112;103;110;85;76;86;90;82;75;81;72;70;79;69;88;57;55;41;55;63;62;37;46;43;29;27;33;27;26;20;14;15;7;13;7;0;3;3;5;3;1;0;2
092075;Settimo San Pietro;22;28;42;26;19;35;26;31;28;21;26;26;28;25;27;26;25;23;26;38;33;33;39;37;45;37;42;49;33;55;46;58;62;56;62;61;65;59;69;63;58;42;58;49;48;59;55;59;57;41;50;57;60;39;46;50;55;48;57;41;50;48;37;44;41;38;34;37;22;23;28;25;39;33;24;14;17;18;18;17;17;13;11;17;7;11;6;7;10;2;5;2;2;2;1;2;1;1;0;2;2
092080;Sinnai;92;68;87;74;89;84;75;68;71;78;83;82;85;73;66;70;75;74;78;98;82;76;90;89;95;101;97;114;102;120;117;132;128;135;128;147;140;167;181;159;162;174;151;153;157;138;130;131;145;146;146;117;116;122;121;115;120;110;92;114;82;104;87;103;113;105;88;76;83;66;81;77;71;72;54;67;55;50;40;47;41;40;36;34;37;31;24;23;15;19;12;7;16;11;5;4;5;6;2;0;3
092090;Uta;35;40;46;50;30;33;36;34;35;35;33;37;35;31;38;31;38;38;33;50;40;57;45;57;45;54;62;46;46;62;75;66;71;79;70;80;65;47;63;82;79;67;80;67;61;66;60;59;72;71;66;71;44;66;59;50;50;27;43;48;37;37;42;43;47;46;38;38;24;37;29;36;36;30;23;27;22;23;29;28;24;14;20;23;11;12;8;10;8;6;6;4;3;4;1;0;1;1;1;0;1
092099;Villa San Pietro;8;11;9;12;10;6;11;12;8;5;8;8;4;6;9;6;11;8;7;9;11;9;12;10;11;12;11;14;13;19;15;13;15;15;19;29;22;17;19;18;21;20;23;17;19;15;10;12;12;13;11;17;9;16;14;13;17;14;19;17;12;16;14;9;19;13;15;10;13;14;9;8;8;5;5;2;8;2;6;3;8;5;4;1;4;3;2;1;5;3;1;2;0;1;1;0;0;0;0;0;0
092105;Quartucciu;59;58;72;82;56;71;73;56;46;51;55;50;50;50;45;59;45;59;73;63;65;63;73;76;63;53;69;65;75;73;68;93;69;103;119;94;125;119;124;148;135;126;131;133;107;130;150;126;135;115;116;116;78;105;105;84;87;74;90;68;85;71;74;85;75;59;62;68;56;48;51;62;53;60;53;47;44;37;50;38;37;36;34;28;34;23;33;12;14;13;16;10;12;1;4;2;2;3;2;3;4
092108;Elmas;31;37;44;38;49;43;36;30;36;36;47;45;41;34;32;43;33;24;47;49;51;46;41;57;46;61;63;47;50;55;64;63;53;48;78;73;67;88;85;84;74;92;95;81;109;80;99;87;91;84;79;74;69;81;71;64;56;75;76;67;65;63;53;49;63;55;51;48;33;50;43;36;31;34;32;32;31;29;29;27;29;24;16;22;26;12;19;11;8;6;8;4;9;5;2;0;0;4;0;2;0
092109;Monserrato;80;70;86;80;87;77;101;60;64;69;77;66;78;80;72;79;69;103;86;86;94;94;114;115;114;106;115;94;109;113;131;125;126;111;143;151;164;153;147;166;182;176;161;188;185;164;167;199;202;199;168;175;198;175;172;175;174;151;180;145;132;167;149;171;142;134;129;129;91;93;115;92;139;114;100;101;99;90;94;77;89;61;72;50;61;52;38;34;32;30;27;23;24;12;7;7;4;3;1;0;2
;Totale;1651;1619;1709;1698;1725;1715;1738;1648;1703;1759;1681;1776;1702;1714;1597;1648;1646;1671;1801;1937;1998;1986;2136;2124;2177;2174;2314;2358;2347;2525;2713;2741;2758;2812;3050;3190;3425;3633;3762;3760;3784;3924;3716;3755;3788;3779;3797;3951;3884;3739;3650;3547;3357;3449;3269;3334;3310;3152;3267;3091;2999;2971;2951;2902;2964;2890;2624;2640;2291;2344;2462;2345;2492;2224;2059;1928;1896;1714;1761;1716;1495;1425;1437;1304;1253;1072;999;801;785;622;511;468;394;233;146;112;106;104;66;39;65

"Ricostruzione della popolazione intercensuaria - Popolazione al 1° gennaio per età"
"Tutte le cittadinanze - Anno: 2014 - Provincia: Cagliari"
Territorio/Età;;0;1;2;3;4;5;6;7;8;9;10;11;12;13;14;15;16;17;18;19;20;21;22;23;24;25;26;27;28;29;30;31;32;33;34;35;36;37;38;39;40;41;42;43;44;45;46;47;48;49;50;51;52;53;54;55;56;57;58;59;60;61;62;63;64;65;66;67;68;69;70;71;72;73;74;75;76;77;78;79;80;81;82;83;84;85;86;87;88;89;90;91;92;93;94;95;96;97;98;99;100
Codice comune;Comune;Totale
092003;Assemini;221;285;246;276;269;249;273;255;296;253;242;274;248;237;243;228;225;231;243;244;224;258;257;301;269;306;312;311;306;356;347;372;367;389;421;456;443;461;519;490;552;492;526;439;477;536;505;494;520;504;491;444;396;440;388;385;373;383;357;340;343;340;335;306;299;283;255;252;216;230;196;238;220;211;190;174;174;150;117;125;124;96;100;103;75;73;65;43;35;40;31;22;19;10;13;7;2;0;1;0;3
092009;Cagliari;848;1009;906;965;983;1018;944;1001;1043;1032;1087;1003;1096;1035;1157;1039;1076;1120;1145;1232;1278;1250;1370;1509;1415;1504;1451;1513;1581;1591;1632;1633;1664;1793;1774;1914;1954;2033;2251;2418;2356;2403;2425;2323;2424;2411;2460;2520;2574;2624;2466;2389;2417;2360;2347;2221;2351;2311;2200;2250;2122;2199;2049;2182;2090;2119;2213;2007;1972;1793;1811;1937;1936;1985;1870;1715;1609;1594;1453;1448;1448;1225;1126;1210;1013;939;837;778;631;551;439;392;310;256;143;88;58;57;63;29;70
092011;Capoterra;186;215;208;224;219;264;231;256;237;233;258;227;230;236;222;229;240;199;221;225;224;244;234;251;228;261;280;239;264;247;277;307;300;282;327;323;356;409;394;432;459;421;453;416;435;397;477;442;449;428;445;410;365;334;385;319;344;309;327;325;311;291;283;286;250;292;269;275;278;210;210;207;192;190;184;161;132;141;112;92;125;78;99;79;75;67;42;46;29;40;22;16;15;10;13;4;10;3;4;3;3
092015;Decimomannu;68;71;79;63;77;64;73;62;76;82;85;73;87;75;77;71;62;78;85;70;85;75;84;93;74;75;91;88;84;108;87;117;119;149;115;144;142;132;160;163;172;179;134;158;165;132;147;152;145;149;144;134;124;128;119;102;86;107;106;87;84;94;91;85;88;101;83;96;84;55;86;88;73;68;51;55;52;46;33;51;30;40;34;29;23;32;12;16;13;12;9;9;7;4;3;3;1;0;2;1;1
092037;Maracalagonis;68;71;61;73;66;56;81;75;84;84;90;59;76;79;68;71;64;62;76;83;69;77;76;68;75;94;108;84;101;91;134;117;154;120;127;127;145;122;159;143;144;145;129;174;127;145;155;127;127;142;125;107;127;88;97;90;87;101;84;110;87;74;82;86;89;79;91;69;75;71;64;86;55;85;65;53;54;60;52;40;40;26;32;32;28;20;17;15;13;14;16;6;3;3;2;2;0;1;1;0;0
092050;Pula;54;64;66;48;66;65;68;74;62;52;54;42;63;66;55;51;59;49;53;63;57;73;60;61;65;82;71;60;93;92;86;92;92;93;109;130;121;121;132;140;127;110;108;119;135;111;130;113;134;114;99;128;107;101;105;104;103;102;98;103;106;95;111;85;110;113;100;104;97;97;86;86;80;86;71;65;59;54;35;41;39;40;31;34;30;26;26;23;13;17;10;9;8;2;4;2;1;1;1;1;2
092051;Quartu Sant'Elena;536;539;618;646;589;612;586;616;593;564;604;621;646;658;601;613;601;663;604;647;737;749;764;754;797;810;713;759;819;816;892;958;879;885;901;935;1005;1150;1156;1255;1252;1287;1285;1246;1300;1217;1243;1280;1322;1271;1211;1243;1190;1132;1109;1098;1053;1063;1040;1046;980;914;867;912;888;960;899;868;795;681;625;651;618;655;587;521;450;456;370;381;353;283;265;287;244;213;149;159;112;115;75;65;58;60;32;17;12;7;10;7;4
092066;Sarroch;43;42;34;30;47;41;40;50;30;38;50;35;47;38;30;35;36;36;44;38;36;69;56;55;55;48;59;63;71;59;64;71;72;80;78;90;91;79;96;90;83;77;104;84;84;87;67;85;93;85;87;84;94;64;83;73;78;80;92;72;76;64;67;75;69;68;76;63;55;58;56;56;55;75;53;49;47;46;37;38;33;30;36;26;30;25;22;11;8;5;5;12;3;4;5;1;0;0;0;1;0
092068;Selargius;185;218;249;235;271;270;238;262;225;246;283;270;296;303;285;259;262;260;287;294;284;331;283;336;312;338;297;330;341;333;350;372;362;390;405;387;456;423;510;519;514;504;517;491;511;523;538;502;534;560;472;464;443;463;477;446;445;479;439;484;399;409;408;410;391;373;329;331;322;259;270;303;234;268;199;212;194;164;137;131;138;133;129;113;96;82;74;54;48;49;36;32;17;26;14;5;7;3;3;1;3
092074;Sestu;220;249;232;238;241;221;253;253;223;209;237;202;203;200;171;187;180;153;159;172;166;171;175;189;209;196;216;225;218;267;252;309;304;349;340;419;401;448;479;500;514;482;481;458;441;407;385;390;370;350;368;302;270;243;241;222;230;217;205;196;190;193;179;171;190;168;161;151;142;148;136;147;144;173;122;117;97;113;95;94;82;66;71;61;49;43;41;36;29;20;22;11;16;10;0;4;3;5;3;1;1
092075;Settimo San Pietro;70;55;67;73;66;59;74;57;53;58;52;55;49;57;52;55;66;52;55;69;67;68;65;70;75;75;73;82;102;86;111;106;121;123;125;130;128;129;122;143;124;137;100;108;86;108;112;113;110;112;94;96;93;111;78;95;92;96;94;101;82;78;85;95;91;78;76;65;64;47;57;59;44;59;56;36;32;35;36;22;29;29;22;17;25;16;18;17;11;12;3;6;2;1;3;2;1;1;2;0;3
092080;Sinnai;139;163;163;157;169;172;163;176;147;168;161;159;165;171;146;142;141;161;160;164;192;185;159;183;189;203;184;186;218;211;235;222;245;267;279;271;280;312;346;342;321;343;304;315;294;307;309;285;279;283;282;294;225;255;248;242;224;217;222;193;223;185;191;186;199;191;187;177;165;146;116;153;142;130;130;111;112;112;86;82;76;59;59;58;60;55;49;34;38;20;26;21;11;16;12;5;4;4;4;1;2
092090;Uta;92;82;80;97;92;82;69;73;66;82;70;63;76;70;70;74;57;67;82;79;111;66;102;91;93;86;108;125;107;117;141;154;147;149;158;154;164;143;135;138;138;150;135;156;132;130;148;146;134;155;145;134;133;104;126;121;103;103;81;89;99;85;71;90;85;86;88;71;76;60;64;64;73;64;60;54;53;46;44;46;44;41;37;33;26;24;15;11;12;13;10;6;6;3;5;3;0;1;1;1;1
092099;Villa San Pietro;14;19;26;23;26;16;15;18;20;16;12;25;15;13;15;21;13;21;17;16;18;17;16;26;19;22;28;14;29;24;36;29;38;36;30;37;54;38;40;43;36;39;42;43;39;35;37;25;24;24;23;22;33;16;31;23;24;28;30;34;25;29;29;36;23;32;24;27;22;25;31;27;17;18;20;15;5;15;4;11;3;12;12;7;4;7;3;5;1;4;4;1;2;0;1;1;0;0;0;0;0
092105;Quartucciu;109;126;112;127;158;121;139;126;138;102;113;121;115;110;118;102;110;106;118;130;128;135;135;147;159;131;111;148;140;148;146;148;166;164;191;211;192;221;255;259;305;269;260;255;260;217;268;272;259;254;245;206;229;181;174;205;174;172;147;166;150;153;147;152;150;152;118;139;115;96;83;94;115;102;103;89;88;83;71;77;61;58;55;48;40;53;28;47;16;20;19;12;13;14;2;5;1;0;3;2;7
092108;Elmas;69;71;76;90;84;96;77;79;70;73;82;84;79;95;63;75;84;78;65;89;112;100;100;88;96;91;100;113;102;104;115;111;115;104;121;147;143;143;170;177;170;174;179;164;162;203;155;175;167;175;156;158;146;153;158;147;128;116;138;134;139;106;128;121;102;122;110;98;75;70;88;76;74;68;70;56;66;59;50;50;46;42;40;27;43;36;20;23;20;16;9;17;4;11;5;2;1;0;4;1;2
092109;Monserrato;135;158;136;172;152;153;146;166;149;157;147;155;146;151;150;154;164;154;194;184;162;196;231;242;221;203;235;218;210;227;241;255;268;239;205;263;301;302;313;326;333;322;352;321;342;336;301;317;363;388;375;349;301;365;347;330;335;317;307;336;278;283;298;256;301;254;241;241;256;173;196;224;171;217;217;184;175;168;153;145;136;140;110;114;73;84;67;59;47;35;40;30;28;33;11;7;4;9;4;3;2
;Totale;3057;3437;3359;3537;3575;3559;3470;3599;3512;3449;3627;3468;3637;3594;3523;3406;3440;3490;3608;3799;3950;4064;4167;4464;4351;4525;4437;4558;4786;4877;5146;5373;5413;5612;5706;6138;6376;6666;7237;7578;7600;7534;7534;7270;7414;7302;7437;7438;7604;7618;7228;6964;6693;6538;6513;6223;6230;6201;5967;6066;5694;5592;5421;5534;5415;5471;5320;5034;4809;4219;4175;4496;4243;4454;4048;3667;3399;3342;2885;2874;2807;2398;2258;2278;1934;1795;1485;1377;1076;983;776;667;522;463;268;158;105;92;106;52;104
Territorio/Età;;0;1;2;3;4;5;6;7;8;9;10;11;12;13;14;15;16;17;18;19;20;21;22;23;24;25;26;27;28;29;30;31;32;33;34;35;36;37;38;39;40;41;42;43;44;45;46;47;48;49;50;51;52;53;54;55;56;57;58;59;60;61;62;63;64;65;66;67;68;69;70;71;72;73;74;75;76;77;78;79;80;81;82;83;84;85;86;87;88;89;90;91;92;93;94;95;96;97;98;99;100
Codice comune;Comune;Maschi
092003;Assemini;120;148;109;146;130;127;128;134;161;118;125;154;122;124;126;96;121;126;140;139;100;124;127;154;133;165;147;165;157;174;159;187;167;214;238;236;216;224;254;258;255;250;240;228;228;267;240;246;263;248;253;218;194;216;195;170;178;185;163;176;142;161;176;155;141;126;121;137;98;125;95;113;108;103;103;75;73;73;58;46;51;38;44;49;30;24;24;17;10;8;9;8;3;6;3;2;0;0;1;0;1
092009;Cagliari;437;502;453;517;519;540;478;535;541;495;553;513;552;540;586;546;559;607;601;645;646;653;699;800;726;781;762;766;814;811;823;823;832;917;879;973;1001;1019;1131;1175;1155;1163;1158;1110;1193;1135;1168;1204;1221;1248;1127;1086;1122;1121;1055;1004;1063;1051;989;967;910;963;920;961;907;984;963;890;839;775;738;813;800;820;794;710;685;647;588;568;536;476;423;447;322;310;255;231;187;156;132;118;69;73;48;14;9;10;17;5;16
092011;Capoterra;104;119;111;108;113;132;112;128;130;103;133;106;124;120;124;126;127;103;115;112;115;133;112;136;140;138;139;121;123;117;132;154;153;155;172;168;172;185;181;226;233;192;235;197;231;187;245;225;228;219;227;204;167;174;193;159;167;153;169;152;142;132;136;142;123;134;119;143;130;102;91;109;92;98;87;75;67;63;47;44;52;42;45;37;37;29;21;20;12;16;6;4;6;2;7;0;3;0;2;1;2
092015;Decimomannu;36;37;33;39;35;27;40;31;41;41;44;41;38;49;36;45;37;40;47;36;49;36;45;51;45;39;46;48;37;50;48;54;55;86;58;73;66;68;82;83;94;95;70;95;76;66;74;87;76;72;73;50;63;66;61;61;43;48;50;45;44;50;39;36;43;44;45;49;40;34;32;37;32;36;29;26;28;24;15;18;17;14;14;14;9;9;5;11;4;5;3;4;2;1;0;0;1;0;1;0;0
092037;Maracalagonis;37;35;37;39;38;27;43;41;44;46;45;30;45;42;36;35;38;34;41;37;34;38;42;36;34;51;54;38;63;37;67;53;74;57;63;77;71;68;75;89;81;84;59;95;61;73;89;69;63;71;70;48;68;51;51;41;42;46;45;56;46;44;44;30;45;44;44;42;35;37;31;43;27;44;31;30;26;25;23;14;19;13;19;15;11;9;8;4;6;4;6;2;1;1;1;0;0;0;0;0;0
092050;Pula;32;33;33;32;34;33;36;35;32;31;27;27;35;36;32;25;32;29;30;35;23;33;34;25;26;50;35;24;48;51;45;38;45;45;50;72;62;58;61;69;73;60;46;63;80;58;70;67;60;56;53;75;46;49;63;48;56;49;49;47;55;46;47;50;55;54;52;52;48;52;31;49;42;41;36;38;36;22;15;16;19;20;11;16;13;11;8;8;4;4;1;3;4;0;1;0;1;0;0;1;0
092051;Quartu Sant'Elena;267;295;319;332;310;320;302;327;303;301;305;328;325;354;301;347;299;332;322;330;395;390;414;404;414;427;375;357;395;417;461;487;444;451;456;443;515;554;569;621;614;623;625;602;631;584;601;622;622;643;573;603;541;553;521;561;481;495;491;512;473;450;360;417;445;440;447;427;396;305;285;318;319;316;287;243;191;223;166;164;154;125;99;127;95;74;54;46;39;35;22;19;9;13;7;2;2;1;1;1;0
092066;Sarroch;14;20;14;15;22;17;19;28;14;19;30;22;25;19;20;14;16;21;28;22;13;32;27;22;26;29;32;28;35;38;32;32;38;42;40;47;46;45;46;49;50;47;53;52;47;42;32;44;48;46;45;43;59;28;37;33;33;35;50;38;40;31;31;33;30;32;37;36;34;35;26;23;29;35;25;19;24;20;14;24;18;10;13;13;12;11;9;5;3;0;2;3;1;1;0;0;0;0;0;1;0
092068;Selargius;85;116;136;123;156;130;120;133;115;119;155;138;156;159;138;147;138;126;160;167;143;156;143;160;170;161;161;173;174;190;198;184;189;183;208;194;218;189;238;276;262;243;245;234;230;249;253;239;225;271;238;227;223;200;202;193;201;228;200;230;184;196;188;201;178;168;152;173;151;121;147;143;104;137;98;102;80;69;53;52;66;58;56;45;38;20;21;17;12;13;7;15;3;7;3;1;1;0;0;0;0
092074;Sestu;121;132;143;119;133;120;138;144;122;101;111;99;111;97;94;96;93;80;84;88;92;85;87;108;95;91;105;94;111;137;132;150;135;156;158;210;203;205;220;241;294;249;219;226;236;202;208;180;180;184;198;157;136;123;127;120;115;121;103;84;88;83;96;93;104;79;77;81;62;75;66;68;75;85;65;62;56;59;33;32;46;24;29;31;24;16;15;12;11;9;6;4;5;3;0;1;1;1;0;0;0
092075;Settimo San Pietro;37;32;39;31;40;38;41;31;23;31;30;28;22;29;28;27;39;27;31;42;28;35;30;32;37;33;37;38;52;52;57;57;63;55;68;63;65;68;61;76;64;82;59;55;39;60;53;56;52;54;55;47;37;51;41;48;42;44;46;44;40;30;37;57;48;37;37;31;27;25;34;30;19;20;25;12;18;19;18;4;15;10;11;8;9;9;7;12;6;2;1;1;1;0;2;1;0;0;1;0;0
092080;Sinnai;71;75;93;71;94;82;79;100;81;97;85;75;84;88;73;76;73;90;90;87;95;103;86;92;99;105;80;90;105;104;117;108;114;137;146;139;134;166;175;161;162;178;128;167;140;151;173;153;148;138;135;147;104;138;127;121;108;97;110;101;107;102;88;100;100;81;81;90;89;65;50;75;64;62;59;60;49;57;36;43;31;20;22;28;31;20;17;15;15;5;14;9;5;4;3;0;0;1;0;0;0
092090;Uta;43;44;39;49;40;51;37;33;34;48;36;31;38;33;36;36;26;28;47;45;59;26;41;44;37;42;48;57;54;68;75;76;78;74;75;82;79;75;88;73;53;63;68;77;67;70;83;83;72;82;75;68;63;60;60;65;54;53;54;46;50;47;34;49;42;38;40;31;38;36;28;37;37;29;30;31;29;24;20;17;18;17;23;14;4;13;4;3;4;5;3;0;2;1;1;2;0;0;0;0;0
092099;Villa San Pietro;5;10;13;14;14;6;8;8;10;8;5;17;8;9;9;12;7;11;9;7;9;7;6;15;9;11;15;7;11;10;16;13;24;21;16;17;24;17;23;24;17;19;23;21;21;16;20;13;12;13;10;10;16;7;15;9;12;11;17;15;8;17;14;22;13;14;11;12;11;12;17;18;9;10;15;9;3;8;2;5;0;4;7;2;3;4;1;4;0;0;1;0;0;0;0;0;0;0;0;0;0
092105;Quartucciu;58;67;50;55;80;63;67;54;81;52;61;67;65;57;68;58;54;57;59;57;65;69;71;71;80;67;58;78;71;74;68;80;69;99;86;90;98;96;127;131;156;131;139;124;128;108;135;123;127;121;125;91;113;103;68;100;90;87;74;77;80;67;74;76;67;75;60;78;50;40;36;45;54;50;45;37;41;39;33;29;22;22;22;15;14;19;6;18;6;7;8;1;5;4;1;1;1;0;1;0;2
092108;Elmas;44;37;39;50;45;46;34;44;40;37;48;36;37;54;30;42;46;46;42;43;65;48;53;46;41;47;41;53;51;52;54;48;51;53;70;70;71;75;82;88;83;91;87;72;79;97;74;79;84;85;75;74;72;83;77;79;66;61;64;59;71;44;63;68;53;60;55;50;27;38;40;33;39;36;38;27;35;28;23;23;19;15;16;12;22;12;8;5;9;9;4;9;0;2;1;0;1;0;1;1;0
092109;Monserrato;68;82;66;83;75;69;69;66;90;94;83;76;78;72;71;82;83;84;93;97;74;103;138;129;109;94;131;108;120;123;121;125;136;113;99;119;154;141;164;179;173;142;172;156;160;153;139;151;164;188;171;176;128;166;169;159;160;143;157;155;134;149;131;108;134;114;106;111;128;84;104;108;78;77;104;83;72;71;65;53;60;53;52;45;24;25;18;21;16;8;16;3;6;11;0;0;1;3;2;2;0
;Totale;1579;1784;1727;1823;1878;1828;1751;1872;1862;1741;1876;1788;1865;1882;1808;1810;1788;1841;1939;1989;2005;2071;2155;2325;2221;2331;2266;2245;2421;2505;2605;2669;2667;2858;2882;3073;3195;3253;3577;3819;3819;3712;3626;3574;3647;3518;3657;3641;3645;3739;3503;3324;3152;3189;3062;2971;2911;2907;2831;2804;2614;2612;2478;2598;2528;2524;2447;2433;2203;1961;1851;2062;1928;1999;1871;1639;1513;1471;1209;1152;1143;961;906;918;698;615;481;449;344;286;241;203;122;129;78;24;21;16;27;12;21
Territorio/Età;;0;1;2;3;4;5;6;7;8;9;10;11;12;13;14;15;16;17;18;19;20;21;22;23;24;25;26;27;28;29;30;31;32;33;34;35;36;37;38;39;40;41;42;43;44;45;46;47;48;49;50;51;52;53;54;55;56;57;58;59;60;61;62;63;64;65;66;67;68;69;70;71;72;73;74;75;76;77;78;79;80;81;82;83;84;85;86;87;88;89;90;91;92;93;94;95;96;97;98;99;100
Codice comune;Comune;Femmine
092003;Assemini;101;137;137;130;139;122;145;121;135;135;117;120;126;113;117;132;104;105;103;105;124;134;130;147;136;141;165;146;149;182;188;185;200;175;183;220;227;237;265;232;297;242;286;211;249;269;265;248;257;256;238;226;202;224;193;215;195;198;194;164;201;179;159;151;158;157;134;115;118;105;101;125;112;108;87;99;101;77;59;79;73;58;56;54;45;49;41;26;25;32;22;14;16;4;10;5;2;0;0;0;2
092009;Cagliari;411;507;453;448;464;478;466;466;502;537;534;490;544;495;571;493;517;513;544;587;632;597;671;709;689;723;689;747;767;780;809;810;832;876;895;941;953;1014;1120;1243;1201;1240;1267;1213;1231;1276;1292;1316;1353;1376;1339;1303;1295;1239;1292;1217;1288;1260;1211;1283;1212;1236;1129;1221;1183;1135;1250;1117;1133;1018;1073;1124;1136;1165;1076;1005;924;947;865;880;912;749;703;763;691;629;582;547;444;395;307;274;241;183;95;74;49;47;46;24;54
092011;Capoterra;82;96;97;116;106;132;119;128;107;130;125;121;106;116;98;103;113;96;106;113;109;111;122;115;88;123;141;118;141;130;145;153;147;127;155;155;184;224;213;206;226;229;218;219;204;210;232;217;221;209;218;206;198;160;192;160;177;156;158;173;169;159;147;144;127;158;150;132;148;108;119;98;100;92;97;86;65;78;65;48;73;36;54;42;38;38;21;26;17;24;16;12;9;8;6;4;7;3;2;2;1
092015;Decimomannu;32;34;46;24;42;37;33;31;35;41;41;32;49;26;41;26;25;38;38;34;36;39;39;42;29;36;45;40;47;58;39;63;64;63;57;71;76;64;78;80;78;84;64;63;89;66;73;65;69;77;71;84;61;62;58;41;43;59;56;42;40;44;52;49;45;57;38;47;44;21;54;51;41;32;22;29;24;22;18;33;13;26;20;15;14;23;7;5;9;7;6;5;5;3;3;3;0;0;1;1;1
092037;Maracalagonis;31;36;24;34;28;29;38;34;40;38;45;29;31;37;32;36;26;28;35;46;35;39;34;32;41;43;54;46;38;54;67;64;80;63;64;50;74;54;84;54;63;61;70;79;66;72;66;58;64;71;55;59;59;37;46;49;45;55;39;54;41;30;38;56;44;35;47;27;40;34;33;43;28;41;34;23;28;35;29;26;21;13;13;17;17;11;9;11;7;10;10;4;2;2;1;2;0;1;1;0;0
092050;Pula;22;31;33;16;32;32;32;39;30;21;27;15;28;30;23;26;27;20;23;28;34;40;26;36;39;32;36;36;45;41;41;54;47;48;59;58;59;63;71;71;54;50;62;56;55;53;60;46;74;58;46;53;61;52;42;56;47;53;49;56;51;49;64;35;55;59;48;52;49;45;55;37;38;45;35;27;23;32;20;25;20;20;20;18;17;15;18;15;9;13;9;6;4;2;3;2;0;1;1;0;2
092051;Quartu Sant'Elena;269;244;299;314;279;292;284;289;290;263;299;293;321;304;300;266;302;331;282;317;342;359;350;350;383;383;338;402;424;399;431;471;435;434;445;492;490;596;587;634;638;664;660;644;669;633;642;658;700;628;638;640;649;579;588;537;572;568;549;534;507;464;507;495;443;520;452;441;399;376;340;333;299;339;300;278;259;233;204;217;199;158;166;160;149;139;95;113;73;80;53;46;49;47;25;15;10;6;9;6;4
092066;Sarroch;29;22;20;15;25;24;21;22;16;19;20;13;22;19;10;21;20;15;16;16;23;37;29;33;29;19;27;35;36;21;32;39;34;38;38;43;45;34;50;41;33;30;51;32;37;45;35;41;45;39;42;41;35;36;46;40;45;45;42;34;36;33;36;42;39;36;39;27;21;23;30;33;26;40;28;30;23;26;23;14;15;20;23;13;18;14;13;6;5;5;3;9;2;3;5;1;0;0;0;0;0
092068;Selargius;100;102;113;112;115;140;118;129;110;127;128;132;140;144;147;112;124;134;127;127;141;175;140;176;142;177;136;157;167;143;152;188;173;207;197;193;238;234;272;243;252;261;272;257;281;274;285;263;309;289;234;237;220;263;275;253;244;251;239;254;215;213;220;209;213;205;177;158;171;138;123;160;130;131;101;110;114;95;84;79;72;75;73;68;58;62;53;37;36;36;29;17;14;19;11;4;6;3;3;1;3
092074;Sestu;99;117;89;119;108;101;115;109;101;108;126;103;92;103;77;91;87;73;75;84;74;86;88;81;114;105;111;131;107;130;120;159;169;193;182;209;198;243;259;259;220;233;262;232;205;205;177;210;190;166;170;145;134;120;114;102;115;96;102;112;102;110;83;78;86;89;84;70;80;73;70;79;69;88;57;55;41;54;62;62;36;42;42;30;25;27;26;24;18;11;16;7;11;7;0;3;2;4;3;1;1
092075;Settimo San Pietro;33;23;28;42;26;21;33;26;30;27;22;27;27;28;24;28;27;25;24;27;39;33;35;38;38;42;36;44;50;34;54;49;58;68;57;67;63;61;61;67;60;55;41;53;47;48;59;57;58;58;39;49;56;60;37;47;50;52;48;57;42;48;48;38;43;41;39;34;37;22;23;29;25;39;31;24;14;16;18;18;14;19;11;9;16;7;11;5;5;10;2;5;1;1;1;1;1;1;1;0;3
092080;Sinnai;68;88;70;86;75;90;84;76;66;71;76;84;81;83;73;66;68;71;70;77;97;82;73;91;90;98;104;96;113;107;118;114;131;130;133;132;146;146;171;181;159;165;176;148;154;156;136;132;131;145;147;147;121;117;121;121;116;120;112;92;116;83;103;86;99;110;106;87;76;81;66;78;78;68;71;51;63;55;50;39;45;39;37;30;29;35;32;19;23;15;12;12;6;12;9;5;4;3;4;1;2
092090;Uta;49;38;41;48;52;31;32;40;32;34;34;32;38;37;34;38;31;39;35;34;52;40;61;47;56;44;60;68;53;49;66;78;69;75;83;72;85;68;47;65;85;87;67;79;65;60;65;63;62;73;70;66;70;44;66;56;49;50;27;43;49;38;37;41;43;48;48;40;38;24;36;27;36;35;30;23;24;22;24;29;26;24;14;19;22;11;11;8;8;8;7;6;4;2;4;1;0;1;1;1;1
092099;Villa San Pietro;9;9;13;9;12;10;7;10;10;8;7;8;7;4;6;9;6;10;8;9;9;10;10;11;10;11;13;7;18;14;20;16;14;15;14;20;30;21;17;19;19;20;19;22;18;19;17;12;12;11;13;12;17;9;16;14;12;17;13;19;17;12;15;14;10;18;13;15;11;13;14;9;8;8;5;6;2;7;2;6;3;8;5;5;1;3;2;1;1;4;3;1;2;0;1;1;0;0;0;0;0
092105;Quartucciu;51;59;62;72;78;58;72;72;57;50;52;54;50;53;50;44;56;49;59;73;63;66;64;76;79;64;53;70;69;74;78;68;97;65;105;121;94;125;128;128;149;138;121;131;132;109;133;149;132;133;120;115;116;78;106;105;84;85;73;89;70;86;73;76;83;77;58;61;65;56;47;49;61;52;58;52;47;44;38;48;39;36;33;33;26;34;22;29;10;13;11;11;8;10;1;4;0;0;2;2;5
092108;Elmas;25;34;37;40;39;50;43;35;30;36;34;48;42;41;33;33;38;32;23;46;47;52;47;42;55;44;59;60;51;52;61;63;64;51;51;77;72;68;88;89;87;83;92;92;83;106;81;96;83;90;81;84;74;70;81;68;62;55;74;75;68;62;65;53;49;62;55;48;48;32;48;43;35;32;32;29;31;31;27;27;27;27;24;15;21;24;12;18;11;7;5;8;4;9;4;2;0;0;3;0;2
092109;Monserrato;67;76;70;89;77;84;77;100;59;63;64;79;68;79;79;72;81;70;101;87;88;93;93;113;112;109;104;110;90;104;120;130;132;126;106;144;147;161;149;147;160;180;180;165;182;183;162;166;199;200;204;173;173;199;178;171;175;174;150;181;144;134;167;148;167;140;135;130;128;89;92;116;93;140;113;101;103;97;88;92;76;87;58;69;49;59;49;38;31;27;24;27;22;22;11;7;3;6;2;1;2
;Totale;1478;1653;1632;1714;1697;1731;1719;1727;1650;1708;1751;1680;1772;1712;1715;1596;1652;1649;1669;1810;1945;1993;2012;2139;2130;2194;2171;2313;2365;2372;2541;2704;2746;2754;2824;3065;3181;3413;3660;3759;3781;3822;3908;3696;3767;3784;3780;3797;3959;3879;3725;3640;3541;3349;3451;3252;3319;3294;3136;3262;3080;2980;2943;2936;2887;2947;2873;2601;2606;2258;2324;2434;2315;2455;2177;2028;1886;1871;1676;1722;1664;1437;1352;1360;1236;1180;1004;928;732;697;535;464;400;334;190;134;84;76;79;40;83

"Ricostruzione della popolazione intercensuaria - Popolazione al 1° gennaio per età"
"Tutte le cittadinanze - Anno: 2015 - Provincia: Cagliari"
Territorio/Età;;0;1;2;3;4;5;6;7;8;9;10;11;12;13;14;15;16;17;18;19;20;21;22;23;24;25;26;27;28;29;30;31;32;33;34;35;36;37;38;39;40;41;42;43;44;45;46;47;48;49;50;51;52;53;54;55;56;57;58;59;60;61;62;63;64;65;66;67;68;69;70;71;72;73;74;75;76;77;78;79;80;81;82;83;84;85;86;87;88;89;90;91;92;93;94;95;96;97;98;99;100
Codice comune;Comune;Totale
092003;Assemini;214;215;281;231;280;266;254;268;254;292;253;239;276;240;232;241;223;224;228;241;237;225;256;254;305;277;307;308;307;297;359;350;360;372;393;418;445;447;467;519;487;555;484;520;435;477;531;496;496;518;498;486;436;392;434;384;382;366;387;357;332;338;337;337;298;295;280;258;250;212;229;193;231;220;206;188;170;174;146;110;116;126;94;101;98;68;65;62;38;26;29;28;18;18;7;9;5;1;0;1;4
092009;Cagliari;931;876;1012;926;963;1014;1053;957;1012;1053;1038;1113;1028;1112;1052;1168;1043;1084;1137;1167;1267;1296;1266;1414;1518;1428;1530;1462;1523;1592;1592;1635;1660;1674;1771;1774;1944;1953;2033;2269;2423;2380;2433;2441;2357;2457;2439;2458;2525;2587;2636;2492;2377;2419;2355;2369;2228;2342;2305;2178;2242;2110;2179;2037;2159;2068;2095;2191;1979;1950;1773;1794;1909;1896;1961;1823;1682;1571;1544;1409;1397;1366;1165;1073;1135;953;879;782;699;557;481;375;330;262;215;108;72;48;40;44;65
092011;Capoterra;182;182;219;203;219;215;260;228;251;231;230;255;223;224;232;220;230;236;198;216;222;222;243;237;243;228;260;281;233;264;254;268;298;292;283;321;323;346;405;394;429;461;420;445;406;424;390;480;432;440;417;439;407;365;328;377;315;345;310;328;315;304;290;275;276;243;286;265;267;276;207;207;201;187;185;177;154;126;139;109;87;120;74;93;73;71;66;43;42;28;38;18;14;12;9;14;4;7;3;5;4
092015;Decimomannu;76;65;73;82;67;81;62;74;62;76;82;87;70;85;79;77;73;61;79;82;70;82;77;82;96;77;74;88;91;88;111;90;120;116;143;119;143;146;134;167;168;171;178;134;156;164;143;148;147;146;149;144;132;122;127;114;102;85;107;104;88;84;91;90;87;88;97;81;93;84;54;86;85;74;68;49;53;51;45;31;45;25;35;32;28;23;28;9;14;13;10;6;8;5;3;2;1;0;0;2;1
092037;Maracalagonis;77;70;69;62;73;67;55;79;75;85;86;88;57;75;82;69;73;63;63;77;82;73;76;77;70;77;94;110;89;100;94;131;112;156;125;126;131;149;122;164;142;142;141;129;176;131;145;151;123;129;143;126;108;128;88;94;92;87;100;80;115;86;74;81;87;86;79;91;65;73;67;63;85;54;82;61;52;49;51;49;40;37;25;28;26;25;15;16;13;9;11;11;4;2;1;2;1;0;0;0;0
092050;Pula;54;52;65;67;52;67;62;66;72;66;51;53;43;61;64;55;50;59;49;55;64;58;73;57;61;67;80;73;57;96;91;94;92;94;96;113;128;121;116;125;142;123;110;109;122;134;110;133;111;133;114;102;128;104;98;101;102;106;108;100;103;105;95;112;87;107;117;100;105;97;94;84;88;78;81;70;63;60;51;36;38;36;39;31;32;29;25;22;17;11;12;10;6;7;2;4;1;1;0;0;3
092051;Quartu Sant'Elena;493;535;544;605;638;588;608;594;613;596;567;594;617;645;659;596;605;599;658;604;637;732;746;761;760;791;813;728;744;801;793;899;956;889;896;903;943;1014;1147;1166;1244;1245;1276;1263;1235;1281;1208;1253;1269;1316;1268;1199;1241;1186;1117;1098;1093;1043;1056;1029;1038;971;903;853;903;885;958;885;865;781;670;615;645;602;645;574;512;440;443;359;366;336;267;245;271;234;199;139;136;102;95;61;49;42;48;29;18;11;4;7;7
092066;Sarroch;44;41;40;33;31;48;42;39;49;28;34;53;36;46;39;32;34;36;38;40;38;35;67;50;54;55;49;54;61;70;57;61;72;74;79;75;88;91;78;93;88;86;76;104;83;86;85;65;85;93;86;84;82;94;64;84;76;79;79;92;71;79;64;66;75;73;65;73;62;54;58;54;53;53;76;53;51;44;47;37;38;32;29;34;24;29;24;21;9;7;5;4;11;2;3;3;0;0;0;0;1
092068;Selargius;199;186;223;257;245;265;266;242;263;217;246;282;265;292;304;279;257;266;255;284;297;276;333;286;353;313;352;284;330;348;347;347;368;356;405;418;392;455;427;516;522;509;510;513;487;510;511;530;506;525;561;465;458;441;460;475;432;442;467;439;480;395;404;404;406;386;372;326;325;320;251;263;300;228;263;198;201;190;162;133;132;131;125;124;108;92;69;70;49;46;43;31;24;15;24;12;2;6;3;2;1
092074;Sestu;204;217;248;221;236;236;220;251;255;224;206;237;204;200;203;171;186;179;154;159;173;164;176;172;187;206;202;222;227;218;282;262;309;311;359;327;420;404;443;473;493;504;480;484;456;440;414;376;382;364;349;369;300;267;250;239;220;231;218;205;197;192;190;181;174;184;167;158;151;142;144;138;145;142;166;119;113;96;110;91;93;82;64;73;56;45;42;38;34;25;17;18;10;15;9;0;4;3;3;2;2
092075;Settimo San Pietro;55;68;59;68;73;68;59;73;58;53;59;53;54;54;57;49;55;67;53;55;67;65;66;63;71;74;78;69;77;105;86;109;101;118;121;128;129;137;132;117;142;126;140;98;108;92;107;115;115;111;112;94;93;94;110;78;96;90;98;92;101;84;74;81;93;90;75;75;65;65;45;58;56;42;57;58;35;32;36;36;19;27;26;20;17;25;13;16;14;9;11;3;3;3;1;2;2;0;1;2;2
092080;Sinnai;132;139;164;164;156;168;169;160;177;148;166;156;155;165;169;144;138;140;159;157;167;190;185;154;187;182;201;180;189;220;210;241;229;241;262;271;272;282;305;342;352;318;339;302;313;291;304;305;287;275;282;278;292;222;246;247;237;224;214;222;192;222;185;193;185;197;185;185;174;162;146;116;155;137;122;125;104;109;106;84;82;78;56;56;50;54;53;49;30;34;13;17;16;9;14;10;4;4;3;2;2
092090;Uta;90;93;85;85;97;87;83;71;73;70;83;72;64;78;71;68;75;55;68;85;78;110;65;105;89;93;92;111;130;112;115;150;157;151;152;156;156;169;145;140;142;140;152;138;156;132;134;147;142;136;156;145;140;133;103;126;121;103;104;80;88;102;88;70;90;83;85;87;69;78;58;65;61;73;63;59;51;49;44;43;46;42;39;34;31;23;24;13;11;12;10;10;6;4;3;4;3;0;1;0;1
092099;Villa San Pietro;24;15;19;29;21;27;16;16;18;19;19;12;25;16;14;15;22;12;21;17;17;17;18;13;25;19;21;27;16;31;26;37;27;38;37;32;38;48;42;43;44;37;35;44;43;42;35;37;26;26;26;22;22;33;16;32;23;21;28;31;35;26;26;30;35;24;31;23;26;22;25;32;25;17;17;18;15;6;14;4;11;4;12;10;7;4;7;3;5;1;2;4;1;2;0;0;1;0;0;0;0
092105;Quartucciu;111;107;115;112;128;156;123;136;123;140;104;114;124;113;110;118;104;108;107;116;128;133;134;132;139;156;126;112;141;140;145;140;154;165;167;186;209;191;223;254;254;313;270;261;255;271;214;266;269;261;247;248;210;230;179;173;203;175;171;149;164;150;153;145;151;147;152;119;138;114;95;83;91;112;100;102;86;86;81;68;76;55;55;50;47;38;47;27;40;14;18;15;12;9;11;2;4;1;0;1;7
092108;Elmas;48;81;70;78;93;79;97;83;77;73;77;83;84;81;93;65;76;84;80;69;88;109;98;103;89;101;91;101;111;108;95;124;111;117;105;126;150;145;163;176;179;175;170;184;161;166;202;153;176;167;174;162;159;147;153;157;145;126;120;136;133;135;109;126;119;102;123;105;100;76;70;86;76;70;66;70;54;65;56;50;50;44;40;40;26;43;32;18;20;17;9;8;12;4;7;5;2;1;0;2;2
092109;Monserrato;128;126;155;142;168;154;145;146;164;150;155;150;161;144;154;150;154;167;152;191;184;161;195;226;235;223;201;235;217;208;221;235;253;268;242;205;253;288;299;314;329;335;324;356;319;339;332;301;321;367;384;378;344;301;362;348;327;332;314;303;336;277;277;297;256;301;248;237;235;253;171;192;218;170;212;213;179;171;168;151;144;131;135;101;109;71;79;61;55;41;31;34;26;25;29;10;9;4;7;4;3
;Totale;3062;3068;3441;3365;3540;3586;3574;3483;3596;3521;3456;3641;3486;3631;3614;3517;3398;3440;3499;3615;3816;3948;4074;4186;4482;4367;4571;4445;4543;4798;4878;5173;5379;5432;5636;5698;6164;6386;6681;7272;7580;7620;7538;7525;7268;7437;7304;7414;7412;7594;7602;7233;6929;6678;6490;6496;6194;6197;6186;5925;6030;5660;5539;5378;5481;5359;5415;5259;4969;4759;4157;4129;4424;4155;4370;3957;3575;3319;3243;2800;2780;2672;2280;2145;2138;1827;1667;1389;1226;952;835;653;550;436;386;216;133;87;65;74;105
Territorio/Età;;0;1;2;3;4;5;6;7;8;9;10;11;12;13;14;15;16;17;18;19;20;21;22;23;24;25;26;27;28;29;30;31;32;33;34;35;36;37;38;39;40;41;42;43;44;45;46;47;48;49;50;51;52;53;54;55;56;57;58;59;60;61;62;63;64;65;66;67;68;69;70;71;72;73;74;75;76;77;78;79;80;81;82;83;84;85;86;87;88;89;90;91;92;93;94;95;96;97;98;99;100
Codice comune;Comune;Maschi
092003;Assemini;102;116;141;104;148;127;129;125;135;157;119;123;156;114;121;125;93;118;124;134;133;102;125;123;153;136;168;149;161;152;173;164;187;170;218;234;233;220;227;254;253;261;246;237;227;227;268;236;247;263;247;246;218;191;212;191;169;176;185;161;170;140;158;176;155;137;125;123;138;96;126;93;107;108;99;102;72;73;69;55;41;52;36;44;46;26;23;24;15;7;6;9;7;3;4;2;1;0;0;1;1
092009;Cagliari;492;450;509;464;514;537;553;481;539;551;497;565;523;554;543;589;548;563;622;614;664;656;667;725;816;737;783;758;760;827;804;821;843;827;892;867;988;1000;1010;1135;1177;1159;1183;1157;1126;1196;1156;1165;1198;1226;1257;1144;1074;1125;1122;1070;1010;1061;1043;982;959;910;949;911;948;889;974;938;877;827;760;727;798;773;806;766;691;664;617;560;550;493;453;395;412;299;284;235;201;153;138;111;96;51;61;34;10;5;5;13;15
092011;Capoterra;92;103;121;110;107;110;127;108;126;124;103;131;106;125;118;122;126;123;104;113;112;115;132;111;130;139;139;138;115;124;122;123;150;148;156;169;169;169;183;183;227;237;188;226;192;228;184;244;220;225;214;222;201;163;171;192;157;165;154;172;147;138;131;133;137;118;134;118;137;129;101;88;104;88;92;81;73;62;59;45;39;49;37;42;33;33;28;21;17;12;14;5;3;5;3;7;0;2;0;2;2
092015;Decimomannu;39;34;40;36;39;35;26;40;32;41;41;46;40;36;50;36;45;38;40;45;38;47;36;43;51;46;38;44;48;38;52;48;56;53;84;59;73;69;69;85;89;93;95;71;95;76;69;74;86;77;72;73;48;63;66;58;61;42;49;47;45;43;49;39;38;43;41;43;46;41;33;32;34;32;36;29;24;27;23;15;15;13;13;13;13;9;5;5;8;4;4;3;3;1;1;0;0;0;0;1;0
092037;Maracalagonis;38;39;32;36;41;38;26;43;43;45;47;44;28;44;44;34;38;37;35;41;36;36;35;43;39;35;55;54;43;60;41;67;51;79;59;63;77;74;68;78;88;80;81;56;95;64;71;86;66;65;71;70;48;66;52;49;43;41;43;42;60;45;43;45;31;42;44;43;38;33;33;29;42;26;43;28;29;21;19;21;14;17;12;17;11;11;6;7;2;3;4;2;1;1;0;1;0;0;0;0;0
092050;Pula;25;30;33;33;34;35;30;33;35;37;31;26;28;35;35;32;24;32;29;32;35;23;36;34;25;27;50;36;23;50;52;50;40;47;47;54;73;63;56;56;71;71;59;46;66;79;59;73;67;59;57;56;76;43;47;60;47;58;50;51;47;57;46;47;51;53;55;51;53;49;50;30;51;40;36;36;36;37;22;16;14;17;20;11;14;12;10;7;7;3;3;1;1;4;0;1;0;1;0;0;1
092051;Quartu Sant'Elena;265;273;294;307;325;307;317;308;324;305;304;301;324;327;353;299;343;297;330;317;329;392;382;410;401;420;435;385;360;394;415;472;481;452;452;459;442;522;555;577;611;611;614;619;599;620;578;609;612;623;637;570;602;536;545;512;551;481;493;483;506;468;446;354;410;444;436;439;422;385;298;281;313;311;310;277;238;186;213;158;158;146;115;86;120;89;65;49;37;35;28;18;11;5;8;6;2;2;1;1;0
092066;Sarroch;22;13;18;12;15;22;18;18;27;12;17;29;23;24;20;20;14;16;22;25;23;13;30;24;22;26;29;30;28;33;39;31;32;38;42;38;45;47;43;45;50;50;47;54;50;50;42;32;44;48;46;43;42;59;28;37;34;34;35;50;37;42;30;31;34;33;31;35;35;32;35;24;22;27;35;25;21;22;20;14;24;17;10;13;12;11;10;8;4;3;0;2;3;1;1;0;0;0;0;0;1
092068;Selargius;110;84;116;144;123;155;128;123;133;110;116;154;133;153;160;134;146;142;122;156;164;140;156;146;167;176;170;152;163;174;193;195;187;188;183;222;200;220;193;242;276;260;241;243;232;231;245;248;240;224;273;231;225;226;198;201;184;198;222;202;228;181;192;184;199;176;166;150;170;150;114;143;141;105;133;96;96;79;67;52;52;64;55;54;40;36;16;17;15;13;11;6;9;3;8;3;0;1;0;0;0
092074;Sestu;108;118;129;138;116;132;119;138;145;123;99;112;100;108;99;92;94;93;82;84;87;90;87;85;107;94;93;112;100;114;144;144;150;141;162;152;207;211;203;220;239;288;247;221;228;237;205;203;176;174;182;196;156;137;126;125;120;115;121;105;86;92;80;97;94;101;79;76;81;62;72;66;66;73;82;63;58;55;55;30;30;47;22;30;27;21;16;15;11;9;6;5;4;5;2;0;1;1;1;0;0
092075;Settimo San Pietro;24;37;34;39;33;40;39;40;32;21;33;29;28;23;28;26;29;40;28;30;42;28;32;28;34;35;34;33;37;52;50;57;54;59;56;65;65;72;69;58;74;63;84;58;58;41;59;53;58;53;55;56;44;35;51;41;49;40;44;46;44;42;29;35;55;46;35;36;30;28;24;34;29;17;20;26;12;18;20;17;4;14;10;10;8;8;7;5;9;4;2;1;0;1;0;1;1;0;0;1;0
092080;Sinnai;76;75;78;93;68;92;79;78;102;83;97;83;75;84;87;73;73;73;88;89;88;94;104;83;92;95;102;83;87;109;102;120;116;114;137;141;142;135;165;171;166;160;173;128;166;138;149;171;153;145;135;132;147;105;132;126;117;108;97;112;98;107;104;88;100;102;81;81;88;86;63;50;76;61;55;58;56;48;53;35;43;31;20;21;21;27;18;16;12;12;4;8;8;3;4;3;0;0;1;0;0
092090;Uta;49;44;47;41;49;38;51;39;32;37;50;36;31;39;34;36;37;25;28;50;45;58;25;42;43;37;47;50;62;57;63;78;78;77;77;75;84;82;77;90;74;56;63;69;76;68;71;82;81;72;82;74;72;64;60;60;64;54;54;54;45;53;49;34;49;41;37;40;29;39;35;29;34;37;28;30;28;26;24;20;17;17;16;22;13;2;13;3;3;3;5;3;0;2;1;1;2;0;0;0;0
092099;Villa San Pietro;12;5;10;15;12;15;5;8;8;8;9;5;17;9;10;9;12;6;11;9;7;9;7;6;15;9;11;14;7;15;10;16;11;24;19;16;18;22;19;25;25;19;16;25;20;24;17;20;14;13;13;10;10;16;7;16;9;11;11;17;16;8;15;14;22;14;13;11;11;11;12;17;16;9;9;14;10;4;8;2;5;0;4;6;2;3;4;1;4;0;0;1;0;0;0;0;0;0;0;0;0
092105;Quartucciu;51;56;61;50;55;82;65;67;52;82;54;59;68;64;56;69;59;54;58;60;57;68;66;69;66;74;63;56;77;70;72;68;79;70;97;87;85;97;102;127;127;157;137;137;123;136;111;136;121;130;116;124;91;114;102;69;98;91;85;73;76;80;67;73;77;64;74;59;77;49;40;36;42;53;49;44;36;40;38;32;29;19;20;21;13;13;16;6;16;6;7;7;1;3;4;1;1;1;0;1;1
092108;Elmas;26;51;39;40;51;44;47;38;41;40;41;50;38;38;54;31;42;47;46;44;43;63;46;54;47;44;49;43;50;52;53;60;49;54;57;72;70;69;88;85;89;88;91;91;71;82;97;74;81;84;84;79;74;72;82;76;77;64;63;63;59;70;46;61;64;53;61;52;50;28;38;39;33;37;34;38;26;34;26;22;22;17;14;16;11;22;9;8;4;7;6;5;6;0;1;1;0;1;0;0;1
092109;Monserrato;66;62;80;68;82;78;67;74;66;92;92;87;79;76;75;71;81;83;82;91;97;75;104;135;122;109;97;131;114;116;121;120;123;132;117;102;116;150;139;163;178;173;140;177;153;157;148;137;153;164;185;174;174;129;162;171;158;157;141;155;154;135;143;130;109;134;112;102;108;125;82;99;107;78;77;101;80;70;72;65;53;57;53;46;44;22;23;15;19;12;6;14;2;5;11;0;1;1;2;2;2
;Totale;1597;1590;1782;1730;1812;1887;1826;1761;1872;1868;1750;1880;1797;1853;1887;1798;1804;1787;1851;1934;2000;2009;2070;2161;2330;2239;2363;2268;2235;2437;2506;2634;2687;2673;2855;2875;3087;3222;3266;3594;3814;3826;3705;3615;3577;3654;3529;3643;3617;3645;3726;3500;3302;3144;3163;3054;2948;2896;2890;2815;2777;2611;2577;2452;2573;2490;2498;2397;2390;2170;1916;1817;2015;1875;1944;1814;1586;1466;1405;1159;1110;1070;910;847;840;644;553;442;384;286;244;201;155;93;109;61;19;15;10;22;24
Territorio/Età;;0;1;2;3;4;5;6;7;8;9;10;11;12;13;14;15;16;17;18;19;20;21;22;23;24;25;26;27;28;29;30;31;32;33;34;35;36;37;38;39;40;41;42;43;44;45;46;47;48;49;50;51;52;53;54;55;56;57;58;59;60;61;62;63;64;65;66;67;68;69;70;71;72;73;74;75;76;77;78;79;80;81;82;83;84;85;86;87;88;89;90;91;92;93;94;95;96;97;98;99;100
Codice comune;Comune;Femmine
092003;Assemini;112;99;140;127;132;139;125;143;119;135;134;116;120;126;111;116;130;106;104;107;104;123;131;131;152;141;139;159;146;145;186;186;173;202;175;184;212;227;240;265;234;294;238;283;208;250;263;260;249;255;251;240;218;201;222;193;213;190;202;196;162;198;179;161;143;158;155;135;112;116;103;100;124;112;107;86;98;101;77;55;75;74;58;57;52;42;42;38;23;19;23;19;11;15;3;7;4;1;0;0;3
092009;Cagliari;439;426;503;462;449;477;500;476;473;502;541;548;505;558;509;579;495;521;515;553;603;640;599;689;702;691;747;704;763;765;788;814;817;847;879;907;956;953;1023;1134;1246;1221;1250;1284;1231;1261;1283;1293;1327;1361;1379;1348;1303;1294;1233;1299;1218;1281;1262;1196;1283;1200;1230;1126;1211;1179;1121;1253;1102;1123;1013;1067;1111;1123;1155;1057;991;907;927;849;847;873;712;678;723;654;595;547;498;404;343;264;234;211;154;74;62;43;35;31;50
092011;Capoterra;90;79;98;93;112;105;133;120;125;107;127;124;117;99;114;98;104;113;94;103;110;107;111;126;113;89;121;143;118;140;132;145;148;144;127;152;154;177;222;211;202;224;232;219;214;196;206;236;212;215;203;217;206;202;157;185;158;180;156;156;168;166;159;142;139;125;152;147;130;147;106;119;97;99;93;96;81;64;80;64;48;71;37;51;40;38;38;22;25;16;24;13;11;7;6;7;4;5;3;3;2
092015;Decimomannu;37;31;33;46;28;46;36;34;30;35;41;41;30;49;29;41;28;23;39;37;32;35;41;39;45;31;36;44;43;50;59;42;64;63;59;60;70;77;65;82;79;78;83;63;61;88;74;74;61;69;77;71;84;59;61;56;41;43;58;57;43;41;42;51;49;45;56;38;47;43;21;54;51;42;32;20;29;24;22;16;30;12;22;19;15;14;23;4;6;9;6;3;5;4;2;2;1;0;0;1;1
092037;Maracalagonis;39;31;37;26;32;29;29;36;32;40;39;44;29;31;38;35;35;26;28;36;46;37;41;34;31;42;39;56;46;40;53;64;61;77;66;63;54;75;54;86;54;62;60;73;81;67;74;65;57;64;72;56;60;62;36;45;49;46;57;38;55;41;31;36;56;44;35;48;27;40;34;34;43;28;39;33;23;28;32;28;26;20;13;11;15;14;9;9;11;6;7;9;3;1;1;1;1;0;0;0;0
092050;Pula;29;22;32;34;18;32;32;33;37;29;20;27;15;26;29;23;26;27;20;23;29;35;37;23;36;40;30;37;34;46;39;44;52;47;49;59;55;58;60;69;71;52;51;63;56;55;51;60;44;74;57;46;52;61;51;41;55;48;58;49;56;48;49;65;36;54;62;49;52;48;44;54;37;38;45;34;27;23;29;20;24;19;19;20;18;17;15;15;10;8;9;9;5;3;2;3;1;0;0;0;2
092051;Quartu Sant'Elena;228;262;250;298;313;281;291;286;289;291;263;293;293;318;306;297;262;302;328;287;308;340;364;351;359;371;378;343;384;407;378;427;475;437;444;444;501;492;592;589;633;634;662;644;636;661;630;644;657;693;631;629;639;650;572;586;542;562;563;546;532;503;457;499;493;441;522;446;443;396;372;334;332;291;335;297;274;254;230;201;208;190;152;159;151;145;134;90;99;67;67;43;38;37;40;23;16;9;3;6;7
092066;Sarroch;22;28;22;21;16;26;24;21;22;16;17;24;13;22;19;12;20;20;16;15;15;22;37;26;32;29;20;24;33;37;18;30;40;36;37;37;43;44;35;48;38;36;29;50;33;36;43;33;41;45;40;41;40;35;36;47;42;45;44;42;34;37;34;35;41;40;34;38;27;22;23;30;31;26;41;28;30;22;27;23;14;15;19;21;12;18;14;13;5;4;5;2;8;1;2;3;0;0;0;0;0
092068;Selargius;89;102;107;113;122;110;138;119;130;107;130;128;132;139;144;145;111;124;133;128;133;136;177;140;186;137;182;132;167;174;154;152;181;168;222;196;192;235;234;274;246;249;269;270;255;279;266;282;266;301;288;234;233;215;262;274;248;244;245;237;252;214;212;220;207;210;206;176;155;170;137;120;159;123;130;102;105;111;95;81;80;67;70;70;68;56;53;53;34;33;32;25;15;12;16;9;2;5;3;2;1
092074;Sestu;96;99;119;83;120;104;101;113;110;101;107;125;104;92;104;79;92;86;72;75;86;74;89;87;80;112;109;110;127;104;138;118;159;170;197;175;213;193;240;253;254;216;233;263;228;203;209;173;206;190;167;173;144;130;124;114;100;116;97;100;111;100;110;84;80;83;88;82;70;80;72;72;79;69;84;56;55;41;55;61;63;35;42;43;29;24;26;23;23;16;11;13;6;10;7;0;3;2;2;2;2
092075;Settimo San Pietro;31;31;25;29;40;28;20;33;26;32;26;24;26;31;29;23;26;27;25;25;25;37;34;35;37;39;44;36;40;53;36;52;47;59;65;63;64;65;63;59;68;63;56;40;50;51;48;62;57;58;57;38;49;59;59;37;47;50;54;46;57;42;45;46;38;44;40;39;35;37;21;24;27;25;37;32;23;14;16;19;15;13;16;10;9;17;6;11;5;5;9;2;3;2;1;1;1;0;1;1;2
092080;Sinnai;56;64;86;71;88;76;90;82;75;65;69;73;80;81;82;71;65;67;71;68;79;96;81;71;95;87;99;97;102;111;108;121;113;127;125;130;130;147;140;171;186;158;166;174;147;153;155;134;134;130;147;146;145;117;114;121;120;116;117;110;94;115;81;105;85;95;104;104;86;76;83;66;79;76;67;67;48;61;53;49;39;47;36;35;29;27;35;33;18;22;9;9;8;6;10;7;4;4;2;2;2
092090;Uta;41;49;38;44;48;49;32;32;41;33;33;36;33;39;37;32;38;30;40;35;33;52;40;63;46;56;45;61;68;55;52;72;79;74;75;81;72;87;68;50;68;84;89;69;80;64;63;65;61;64;74;71;68;69;43;66;57;49;50;26;43;49;39;36;41;42;48;47;40;39;23;36;27;36;35;29;23;23;20;23;29;25;23;12;18;21;11;10;8;9;5;7;6;2;2;3;1;0;1;0;1
092099;Villa San Pietro;12;10;9;14;9;12;11;8;10;11;10;7;8;7;4;6;10;6;10;8;10;8;11;7;10;10;10;13;9;16;16;21;16;14;18;16;20;26;23;18;19;18;19;19;23;18;18;17;12;13;13;12;12;17;9;16;14;10;17;14;19;18;11;16;13;10;18;12;15;11;13;15;9;8;8;4;5;2;6;2;6;4;8;4;5;1;3;2;1;1;2;3;1;2;0;0;1;0;0;0;0
092105;Quartucciu;60;51;54;62;73;74;58;69;71;58;50;55;56;49;54;49;45;54;49;56;71;65;68;63;73;82;63;56;64;70;73;72;75;95;70;99;124;94;121;127;127;156;133;124;132;135;103;130;148;131;131;124;119;116;77;104;105;84;86;76;88;70;86;72;74;83;78;60;61;65;55;47;49;59;51;58;50;46;43;36;47;36;35;29;34;25;31;21;24;8;11;8;11;6;7;1;3;0;0;0;6
092108;Elmas;22;30;31;38;42;35;50;45;36;33;36;33;46;43;39;34;34;37;34;25;45;46;52;49;42;57;42;58;61;56;42;64;62;63;48;54;80;76;75;91;90;87;79;93;90;84;105;79;95;83;90;83;85;75;71;81;68;62;57;73;74;65;63;65;55;49;62;53;50;48;32;47;43;33;32;32;28;31;30;28;28;27;26;24;15;21;23;10;16;10;3;3;6;4;6;4;2;0;0;2;1
092109;Monserrato;62;64;75;74;86;76;78;72;98;58;63;63;82;68;79;79;73;84;70;100;87;86;91;91;113;114;104;104;103;92;100;115;130;136;125;103;137;138;160;151;151;162;184;179;166;182;184;164;168;203;199;204;170;172;200;177;169;175;173;148;182;142;134;167;147;167;136;135;127;128;89;93;111;92;135;112;99;101;96;86;91;74;82;55;65;49;56;46;36;29;25;20;24;20;18;10;8;3;5;2;1
;Totale;1465;1478;1659;1635;1728;1699;1748;1722;1724;1653;1706;1761;1689;1778;1727;1719;1594;1653;1648;1681;1816;1939;2004;2025;2152;2128;2208;2177;2308;2361;2372;2539;2692;2759;2781;2823;3077;3164;3415;3678;3766;3794;3833;3910;3691;3783;3775;3771;3795;3949;3876;3733;3627;3534;3327;3442;3246;3301;3296;3110;3253;3049;2962;2926;2908;2869;2917;2862;2579;2589;2241;2312;2409;2280;2426;2143;1989;1853;1838;1641;1670;1602;1370;1298;1298;1183;1114;947;842;666;591;452;395;343;277;155;114;72;55;52;81

"Ricostruzione della popolazione intercensuaria - Popolazione al 1° gennaio per età"
"Tutte le cittadinanze - Anno: 2016 - Provincia: Cagliari"
Territorio/Età;;0;1;2;3;4;5;6;7;8;9;10;11;12;13;14;15;16;17;18;19;20;21;22;23;24;25;26;27;28;29;30;31;32;33;34;35;36;37;38;39;40;41;42;43;44;45;46;47;48;49;50;51;52;53;54;55;56;57;58;59;60;61;62;63;64;65;66;67;68;69;70;71;72;73;74;75;76;77;78;79;80;81;82;83;84;85;86;87;88;89;90;91;92;93;94;95;96;97;98;99;100
Codice comune;Comune;Totale
092003;Assemini;189;208;206;267;226;271;257;249;260;253;286;247;241;270;233;233;235;224;220;223;239;226;224;251;257;303;266;296;305;311;293;343;340;365;360;393;403;425;441;455;495;481;547;475;517;428;472;519;493;493;508;490;475;431;382;429;382;378;358;382;348;323;331;331;329;295;287;274;259;242;207;228;190;226;214;205;180;164;167;144;108;107;116;90;93;88;59;61;51;33;21;22;24;15;16;3;6;5;0;0;4
092009;Cagliari;875;930;873;1016;933;1000;1040;1066;971;1015;1076;1044;1117;1041;1125;1067;1191;1047;1088;1162;1188;1293;1318;1303;1435;1537;1455;1556;1488;1542;1637;1594;1638;1673;1678;1782;1790;1966;1976;2078;2272;2425;2408;2476;2457;2359;2474;2447;2456;2533;2602;2642;2487;2387;2411;2345;2359;2227;2327;2294;2172;2228;2086;2174;2021;2142;2046;2077;2165;1965;1907;1747;1756;1882;1856;1924;1771;1636;1545;1483;1348;1325;1311;1108;997;1078;874;814;700;609;483;429;305;262;210;174;80;54;32;29;68
092011;Capoterra;175;180;175;222;204;214;213;255;220;251;233;228;253;220;222;225;213;229;232;199;214;222;221;239;233;233;230;251;266;230;257;244;269;291;280;284;321;319;346;403;387;417;452;411;438;410;420;389;472;424;435;414;431;396;362;325;372;309;341;305;323;313;302;285;275;269;240;278;262;253;273;203;205;198;183;175;177;151;124;131;105;84;114;71;83;62;69;62;41;36;28;32;14;8;11;5;12;1;7;2;5
092015;Decimomannu;63;76;69;72;83;65;79;63;75;63;79;82;88;70;88;78;79;71;59;78;81;72;79;80;76;92;79;81;87;87;85;110;86;122;118;141;116;145;149;132;161;164;168;184;132;154;165;143;149;148;145;143;140;134;124;129;113;102;85;106;105;89;84;93;91;88;88;98;80;92;84;55;84;84;74;67;49;50;50;42;31;40;24;36;33;25;21;25;9;11;11;6;4;9;2;3;2;0;0;0;1
092037;Maracalagonis;62;73;71;74;60;73;66;61;79;75;84;83;88;57;71;77;74;74;64;65;80;85;74;78;71;71;79;96;114;90;98;91;128;110;150;118;134;139;151;117;162;134;139;144;133;176;130;143;151;121;129;145;127;110;130;88;100;89;87;101;76;113;84;74;82;87;85;80;92;65;71;66;65;84;55;79;55;51;48;50;46;39;31;24;27;22;23;14;16;11;9;10;7;4;0;0;2;1;0;0;0
092050;Pula;53;53;56;62;65;51;68;65;70;74;66;52;53;44;60;65;55;51;61;51;55;63;59;71;55;61;68;83;73;57;95;90;90;94;97;95;116;128;118;113;130;147;120;110;109;123;142;110;141;113;138;120;101;124;106;97;103;104;106;107;105;104;105;94;109;90;109;115;100;104;99;93;86;88;72;80;69;61;59;50;33;34;33;36;31;30;27;24;20;15;9;11;8;4;5;1;3;1;1;0;1
092051;Quartu Sant'Elena;502;485;533;534;594;626;586;604;586;608;588;567;591;615;634;658;594;607;591;652;614;638;726;738;768;745;803;799;721;741;780;793;900;944;881;888;895;944;996;1128;1169;1237;1226;1274;1253;1234;1274;1217;1246;1255;1309;1259;1192;1239;1176;1106;1097;1082;1040;1054;1026;1028;953;897;848;889;883;937;873;860;754;652;602;638;590;622;569;494;421;418;340;355;324;247;232;252;217;181;128;123;94;76;52;41;35;38;23;14;8;3;7
092066;Sarroch;31;41;39;42;33;30;47;40;38;48;27;35;54;36;46;38;31;34;36;38;40;37;39;68;50;56;49;47;53;62;69;53;62;69;76;80;68;95;88;81;92;93;91;76;102;83;86;86;66;85;90;85;85;81;95;64;85;76;79;79;91;71;78;64;66;75;73;64;70;63;53;58;53;52;53;74;49;51;42;43;36;38;28;28;31;22;24;20;17;8;6;4;2;9;1;3;2;0;0;0;1
092068;Selargius;212;193;179;226;259;242;272;275;239;264;218;246;286;260;289;309;283;258;267;253;283;301;283;336;294;358;307;355;291;326;359;333;349;369;372;390;411;392;462;419;514;520;516;508;514;487;501;506;538;512;519;564;471;466;453;453;477;428;442;466;430;474;395;400;397;399;386;367;325;320;315;241;259;297;221;251;196;197;183;158;127;128;122;117;115;100;76;60;63;44;40;32;25;21;11;18;7;1;4;2;4
092074;Sestu;245;192;225;248;220;238;228;216;248;254;230;205;240;204;198;203;166;186;178;155;158;170;162;180;168;187;206;210;222;241;226;292;274;321;311;366;343;420;394;440;474;488;498;483;489;456;433;415;376;388;361;350;374;305;263;252;242;225;229;219;203;194;191;185;177;169;181;167;159;147;139;144;136;142;135;164;116;113;90;106;86;89;79;62;69;56;44;38;30;32;23;13;15;10;15;8;0;2;2;3;4
092075;Settimo San Pietro;55;54;64;65;68;68;66;58;72;56;52;60;54;53;55;58;49;53;66;51;52;68;63;64;62;74;74;76;68;78;104;85;106;99;117;121;124;128;142;139;123;143;126;140;98;112;92;107;115;114;110;111;95;97;91;110;77;92;89;97;92;101;84;74;83;89;87;74;75;65;66;40;56;54;40;56;56;36;31;36;34;17;25;26;19;17;23;12;13;11;8;11;3;1;3;1;2;0;0;1;4
092080;Sinnai;156;139;144;162;165;159;164;166;158;176;144;163;158;152;160;165;139;140;135;159;162;174;190;192;152;185;178;209;189;188;228;219;244;224;242;271;267;275;282;302;343;356;317;333;300;304;292;300;300;284;271;276;278;291;227;247;245;237;223;212;219;191;220;185;190;187;195;184;184;168;160;144;111;155;133;119;117;97;105;103;82;80;73;54;53;46;47;52;43;24;30;11;14;13;7;12;5;4;1;3;0
092090;Uta;103;90;91;80;90;92;85;84;71;72;74;81;72;65;75;70;73;76;59;64;87;78;113;68;104;92;95;92;115;124;113;120;153;166;157;159;161;161;174;142;146;146;145;153;137;161;138;136;146;145;136;156;146;141;135;106;127;125;104;104;77;89;102;91;71;88;84;85;85;68;79;57;64;62;69;62;59;49;48;42;42;45;40;37;31;32;21;21;13;10;10;8;6;5;4;3;2;1;0;1;1
092099;Villa San Pietro;17;26;14;19;28;17;27;18;16;16;19;19;12;23;18;14;14;22;11;19;21;20;14;19;15;25;16;21;28;16;28;30;42;26;36;39;34;35;53;44;41;45;35;33;45;43;42;34;34;27;28;26;23;23;32;16;32;23;20;28;30;35;26;27;29;36;22;31;24;27;20;25;32;22;17;17;17;15;5;13;4;11;4;11;10;7;3;6;2;3;0;2;2;1;2;0;0;0;0;0;0
092105;Quartucciu;117;108;112;118;115;130;155;122;138;123;140;100;111;121;116;109;117;102;114;114;117;136;133;133;136;150;160;123;116;153;140;158;136;159;164;172;187;207;196;216;261;263;308;274;257;251;271;214;269;270;252;251;241;204;230;179;177;202;175;173;153;160;148;151;142;152;145;152;113;134;114;97;84;91;111;98;98;85;83;79;65;74;54;50;46;37;36;40;25;37;11;16;10;11;3;7;2;3;2;0;7
092108;Elmas;73;58;80;69;79;93;81;96;82;81;72;78;84;82;81;91;63;76;83;82;70;86;111;97;105;88;102;93;102;115;105;100;124;109;121;110;132;149;144;173;184;180;174;168;184;160;168;191;149;169;168;175;161;162;150;150;151;146;125;121;132;133;137;107;125;121;99;123;102;96;73;69;84;75;71;66;68;52;64;54;48;47;40;39;36;25;38;27;15;18;15;9;8;10;4;6;2;0;0;0;3
092109;Monserrato;94;119;127;152;139;167;156;143;147;162;145;149;150;159;151;153;151;156;168;151;190;182;159;196;218;237;209;202;231;212;194;224;229;240;255;241;212;251;284;300;319;333;333;324;345;319;340;334;303;318;367;385;380;338;297;358;345;328;332;315;305;330;278;276;290;256;297;243;237;237;249;170;187;213;170;209;209;172;164;164;144;135;126;129;92;99;65;71;57;46;32;25;26;24;18;23;8;7;3;4;5
;Totale;3022;3025;3058;3428;3361;3536;3590;3581;3470;3591;3533;3439;3652;3472;3622;3613;3527;3406;3432;3516;3651;3851;3968;4113;4199;4494;4376;4590;4469;4573;4811;4879;5170;5381;5415;5650;5714;6179;6396;6682;7273;7572;7603;7566;7510;7260;7440;7291;7404;7399;7568;7592;7207;6929;6664;6454;6484;6173;6162;6163;5887;5976;5604;5508;5325;5432;5307;5349;5205;4906;4663;4089;4054;4363;4064;4268;3855;3474;3229;3116;2679;2648;2544;2165;1998;1998;1667;1528;1243;1071;830;717;525;448;347;305;158;94;60;48;115
Territorio/Età;;0;1;2;3;4;5;6;7;8;9;10;11;12;13;14;15;16;17;18;19;20;21;22;23;24;25;26;27;28;29;30;31;32;33;34;35;36;37;38;39;40;41;42;43;44;45;46;47;48;49;50;51;52;53;54;55;56;57;58;59;60;61;62;63;64;65;66;67;68;69;70;71;72;73;74;75;76;77;78;79;80;81;82;83;84;85;86;87;88;89;90;91;92;93;94;95;96;97;98;99;100
Codice comune;Comune;Maschi
092003;Assemini;105;102;114;130;102;140;120;123;122;133;151;119;124;151;107;122;122;94;117;120;132;128;103;122;125;149;133;159;148;162;149;169;157;188;160;218;229;220;216;221;239;248;256;240;236;227;224;265;235;245;255;242;240;216;184;211;190;169;171;181;152;167;138;155;172;152;134;120;126;132;94;126;91;107;106;98;94;69;69;67;53;34;48;32;41;42;20;21;19;13;7;4;9;6;2;2;2;1;0;0;2
092009;Cagliari;455;496;449;510;469;535;552;562;494;549;568;507;568;526;564;553;599;546;566;635;630;681;679;691;754;834;764;803;778;775;856;805;835;860;827;912;882;1002;1020;1033;1153;1187;1178;1194;1177;1130;1208;1162;1169;1204;1234;1264;1148;1088;1124;1111;1064;1008;1065;1031;979;955;897;951;896;940;876;960;928;867;807;746;705;782;747;779;730;669;651;583;530;516;466;425;356;389;266;255;203;173;135;115;88;70;36;48;24;3;4;3;16
092011;Capoterra;83;90;96;118;112;107;106;124;106;126;128;99;129;105;125;117;120;127;121;103;110;113;113;129;109;124;141;138;131;112;120;116;126;145;138;154;163;166;167;182;181;223;229;186;223;198;223;184;242;218;220;213;217;193;162;169;190;154;162;152;168;148;137;131;134;132;118;129;116;129;128;99;84;102;87;86;82;70;60;54;43;35;46;34;38;26;30;26;19;14;12;13;4;0;5;1;6;0;2;0;1
092015;Decimomannu;31;39;34;41;39;40;34;26;40;32;44;41;47;40;38;50;36;45;36;39;46;39;46;36;39;50;47;42;43;44;37;54;48;56;54;77;60;79;70;68;83;87;89;99;68;92;76;68;76;86;76;70;72;47;65;67;57;61;42;48;46;46;43;51;39;38;43;42;42;45;41;33;32;34;33;35;29;23;27;20;15;12;12;13;13;10;8;5;3;6;4;4;2;3;0;1;0;0;0;0;0
092037;Maracalagonis;34;37;40;34;34;40;39;31;44;43;41;45;46;28;40;41;38;38;39;36;42;38;36;35;39;38;35;56;58;40;59;37;62;50;76;56;69;80;77;66;76;81;78;82;61;91;66;70;86;66;64;71;72;49;67;52;54;43;41;42;39;58;43;45;44;31;43;44;43;38;33;31;31;42;27;41;24;30;21;18;21;13;12;12;16;8;10;6;7;1;3;4;1;1;0;0;1;0;0;0;0
092050;Pula;27;25;30;31;31;34;34;32;35;36;37;31;26;29;35;35;32;25;31;30;32;35;22;35;33;24;27;50;36;23;50;49;49;41;52;45;57;72;64;54;57;73;70;57;47;66;83;57;78;66;62;60;55;74;44;48;61;47;57;49;54;48;57;45;46;52;55;54;50;53;51;48;33;51;36;36;36;35;36;21;14;13;17;17;11;13;11;9;6;6;2;2;1;1;2;0;1;0;1;0;1
092051;Quartu Sant'Elena;285;265;273;293;303;314;308;315;300;321;299;302;296;322;320;350;299;346;294;330;323;326;389;380;412;392;418;423;378;366;382;418;467;477;448;442;454;445;511;542;573;601;615;617;614;600;614;581;606;605;621;633;566;599;535;540;511;548;474;494;484;497;458;437;354;403;441;427;430;424;371;290;273;308;301;296;273;223;172;199;150;149;139;101;81;109;75;59;45;32;27;24;12;11;3;6;4;3;2;1;0
092066;Sarroch;18;21;14;20;12;15;22;17;18;26;12;17;29;23;24;20;19;14;16;22;25;22;15;31;26;23;24;26;28;29;31;38;33;30;40;42;35;47;47;46;44;51;54;47;53;50;51;42;31;45;47;44;43;41;58;28;37;34;34;35;49;37;42;31;31;35;33;30;34;36;31;35;22;22;28;33;22;20;21;16;13;24;14;9;11;11;11;9;6;3;3;0;2;2;1;1;0;0;0;0;1
092068;Selargius;105;103;82;121;142;125;155;133;122;132;112;119;159;131;151;160;142;146;143;122;156;169;143;159;152;173;169;177;155;156;185;188;189;187;187;175;215;200;229;195;242;271;271;237;247;233;228;242;249;244;221;270;233;227;233;194;201;182;199;225;198;228;183;189;180;195;177;163;148;167;147;107;138;140;101;125;97;94;75;67;49;49;58;52;51;37;27;14;15;13;12;9;6;7;1;5;1;0;1;0;0
092074;Sestu;137;101;123;129;135;119;127;118;135;146;126;99;110;100;109;100;89;96;92;80;82;85;88;87;85;106;100;98;106;107;114;146;152;154;143;166;165;207;212;203;223;238;282;251;225;227;230;205;203;181;174;183;194;159;134;130;129;122;115;121;104;85;92;76;96;92;99;80;78;78;60;73;64;65;69;81;61;57;50;52;28;30;44;21;27;27;20;14;13;11;8;5;2;4;6;1;0;0;1;1;0
092075;Settimo San Pietro;24;24;36;37;39;30;39;39;39;29;22;34;29;26;24;29;27;29;39;27;28;42;28;32;29;35;34;34;33;33;55;49;54;52;58;56;63;63;74;71;59;74;62;85;62;60;42;56;55;56;52;54;56;46;32;50;41;47;39;43;48;44;42;29;37;52;46;35;36;29;28;20;32;27;16;19;26;13;17;20;15;3;13;10;9;8;7;6;3;8;3;2;1;0;1;0;1;0;0;0;1
092080;Sinnai;79;80;74;77;93;67;90;76;77;102;81;97;84;73;83;85;71;75;70;89;93;95;95;108;79;92;95;108;89;88;113;110;124;116;113;140;136;147;135;167;174;169;156;172;126;160;140;149;170;153;144;132;132;147;107;135;122;116;106;94;113;97;106;102;86;100;99;79;78;85;85;62;47;77;60;52;51;52;46;51;32;41;28;19;20;18;22;17;14;9;10;4;8;4;2;2;2;0;0;1;0
092090;Uta;57;45;44;43;42;46;40;51;38;31;39;47;37;31;37;34;37;37;28;29;49;46;60;28;43;45;37;47;51;59;58;64;79;87;81;85;79;87;85;73;95;79;58;66;69;80;72;72;84;82;72;82;74;73;67;62;61;68;55;54;51;43;51;50;34;48;42;37;39;29;40;35;29;33;35;28;29;28;25;22;19;17;17;15;20;13;2;12;3;2;1;5;2;0;2;1;0;0;0;0;0
092099;Villa San Pietro;11;11;4;10;15;11;15;6;8;6;8;9;5;15;9;10;8;12;6;9;10;7;8;7;6;16;8;12;15;7;14;14;18;12;21;22;17;17;22;21;25;26;17;15;26;20;24;16;19;15;13;13;10;11;16;7;16;9;10;11;16;16;8;15;13;22;12;13;12;12;10;12;17;13;8;9;13;10;3;7;2;5;0;4;6;2;2;3;1;3;0;0;1;0;0;0;0;0;0;0;0
092105;Quartucciu;59;49;56;64;49;56;85;64;65;52;83;50;58;68;67;56;65;58;57;64;62;65;69;71;72;75;73;63;54;80;73;81;65;83;73;101;84;85;96;99;130;131;157;141;136;117;136;111;138;122;124;118;121;89;112;102;74;96;92;90;73;74;78;66;70;77;61;77;58;74;48;41;37;41;52;48;43;38;38;37;29;29;17;18;18;10;12;13;6;15;3;6;3;1;2;2;1;0;1;0;2
092108;Elmas;37;32;51;39;43;54;47;46;37;41;40;39;49;40;39;52;29;42;47;45;45;42;67;44;54;45;45;51;43;54;53;54;60;46;61;57;77;68;68;97;87;91;89;89;93;72;86;90;70;78;85;87;78;77;74;81;70;79;66;64;62;58;72;46;62;65;52;62;49;49;27;36;39;31;38;33;37;25;33;26;20;19;14;13;14;10;21;9;6;1;6;6;5;6;0;1;0;0;0;0;1
092109;Monserrato;54;58;66;83;70;81;80;67;75;64;91;90;84;78;81;74;72;83;83;80;88;99;73;102;131;125;107;96;132;114;105;124;116;114;127;122;106;116;147;134;163;180;174;142;168;159;158;148;136;150;163;188;175;170;129;162;169;160;159;140;155;150;136;141;124;108;134;110;102;109;127;82;99;103;79;75;98;77;69;68;60;48;56;50;42;41;20;20;14;15;11;5;11;1;5;8;0;1;0;1;1
;Totale;1601;1578;1586;1780;1730;1814;1893;1830;1755;1869;1882;1745;1880;1786;1853;1888;1805;1813;1785;1860;1953;2032;2034;2097;2188;2346;2257;2383;2278;2249;2454;2516;2634;2698;2659;2870;2891;3101;3240;3272;3604;3810;3835;3720;3631;3582;3661;3518;3647;3616;3627;3724;3486;3306;3143;3149;3047;2943;2887;2874;2791;2751;2583;2560;2418;2542;2465;2462;2369;2356;2128;1876;1773;1978;1823;1874;1745;1533;1413;1328;1093;1037;1001;845;774;774;564;498;383;325;247;208;158;117;68;79;43;8;12;7;26
Territorio/Età;;0;1;2;3;4;5;6;7;8;9;10;11;12;13;14;15;16;17;18;19;20;21;22;23;24;25;26;27;28;29;30;31;32;33;34;35;36;37;38;39;40;41;42;43;44;45;46;47;48;49;50;51;52;53;54;55;56;57;58;59;60;61;62;63;64;65;66;67;68;69;70;71;72;73;74;75;76;77;78;79;80;81;82;83;84;85;86;87;88;89;90;91;92;93;94;95;96;97;98;99;100
Codice comune;Comune;Femmine
092003;Assemini;84;106;92;137;124;131;137;126;138;120;135;128;117;119;126;111;113;130;103;103;107;98;121;129;132;154;133;137;157;149;144;174;183;177;200;175;174;205;225;234;256;233;291;235;281;201;248;254;258;248;253;248;235;215;198;218;192;209;187;201;196;156;193;176;157;143;153;154;133;110;113;102;99;119;108;107;86;95;98;77;55;73;68;58;52;46;39;40;32;20;14;18;15;9;14;1;4;4;0;0;2
092009;Cagliari;420;434;424;506;464;465;488;504;477;466;508;537;549;515;561;514;592;501;522;527;558;612;639;612;681;703;691;753;710;767;781;789;803;813;851;870;908;964;956;1045;1119;1238;1230;1282;1280;1229;1266;1285;1287;1329;1368;1378;1339;1299;1287;1234;1295;1219;1262;1263;1193;1273;1189;1223;1125;1202;1170;1117;1237;1098;1100;1001;1051;1100;1109;1145;1041;967;894;900;818;809;845;683;641;689;608;559;497;436;348;314;217;192;174;126;56;51;28;26;52
092011;Capoterra;92;90;79;104;92;107;107;131;114;125;105;129;124;115;97;108;93;102;111;96;104;109;108;110;124;109;89;113;135;118;137;128;143;146;142;130;158;153;179;221;206;194;223;225;215;212;197;205;230;206;215;201;214;203;200;156;182;155;179;153;155;165;165;154;141;137;122;149;146;124;145;104;121;96;96;89;95;81;64;77;62;49;68;37;45;36;39;36;22;22;16;19;10;8;6;4;6;1;5;2;4
092015;Decimomannu;32;37;35;31;44;25;45;37;35;31;35;41;41;30;50;28;43;26;23;39;35;33;33;44;37;42;32;39;44;43;48;56;38;66;64;64;56;66;79;64;78;77;79;85;64;62;89;75;73;62;69;73;68;87;59;62;56;41;43;58;59;43;41;42;52;50;45;56;38;47;43;22;52;50;41;32;20;27;23;22;16;28;12;23;20;15;13;20;6;5;7;2;2;6;2;2;2;0;0;0;1
092037;Maracalagonis;28;36;31;40;26;33;27;30;35;32;43;38;42;29;31;36;36;36;25;29;38;47;38;43;32;33;44;40;56;50;39;54;66;60;74;62;65;59;74;51;86;53;61;62;72;85;64;73;65;55;65;74;55;61;63;36;46;46;46;59;37;55;41;29;38;56;42;36;49;27;38;35;34;42;28;38;31;21;27;32;25;26;19;12;11;14;13;8;9;10;6;6;6;3;0;0;1;1;0;0;0
092050;Pula;26;28;26;31;34;17;34;33;35;38;29;21;27;15;25;30;23;26;30;21;23;28;37;36;22;37;41;33;37;34;45;41;41;53;45;50;59;56;54;59;73;74;50;53;62;57;59;53;63;47;76;60;46;50;62;49;42;57;49;58;51;56;48;49;63;38;54;61;50;51;48;45;53;37;36;44;33;26;23;29;19;21;16;19;20;17;16;15;14;9;7;9;7;3;3;1;2;1;0;0;0
092051;Quartu Sant'Elena;217;220;260;241;291;312;278;289;286;287;289;265;295;293;314;308;295;261;297;322;291;312;337;358;356;353;385;376;343;375;398;375;433;467;433;446;441;499;485;586;596;636;611;657;639;634;660;636;640;650;688;626;626;640;641;566;586;534;566;560;542;531;495;460;494;486;442;510;443;436;383;362;329;330;289;326;296;271;249;219;190;206;185;146;151;143;142;122;83;91;67;52;40;30;32;32;19;11;6;2;7
092066;Sarroch;13;20;25;22;21;15;25;23;20;22;15;18;25;13;22;18;12;20;20;16;15;15;24;37;24;33;25;21;25;33;38;15;29;39;36;38;33;48;41;35;48;42;37;29;49;33;35;44;35;40;43;41;42;40;37;36;48;42;45;44;42;34;36;33;35;40;40;34;36;27;22;23;31;30;25;41;27;31;21;27;23;14;14;19;20;11;13;11;11;5;3;4;0;7;0;2;2;0;0;0;0
092068;Selargius;107;90;97;105;117;117;117;142;117;132;106;127;127;129;138;149;141;112;124;131;127;132;140;177;142;185;138;178;136;170;174;145;160;182;185;215;196;192;233;224;272;249;245;271;267;254;273;264;289;268;298;294;238;239;220;259;276;246;243;241;232;246;212;211;217;204;209;204;177;153;168;134;121;157;120;126;99;103;108;91;78;79;64;65;64;63;49;46;48;31;28;23;19;14;10;13;6;1;3;2;4
092074;Sestu;108;91;102;119;85;119;101;98;113;108;104;106;130;104;89;103;77;90;86;75;76;85;74;93;83;81;106;112;116;134;112;146;122;167;168;200;178;213;182;237;251;250;216;232;264;229;203;210;173;207;187;167;180;146;129;122;113;103;114;98;99;109;99;109;81;77;82;87;81;69;79;71;72;77;66;83;55;56;40;54;58;59;35;41;42;29;24;24;17;21;15;8;13;6;9;7;0;2;1;2;4
092075;Settimo San Pietro;31;30;28;28;29;38;27;19;33;27;30;26;25;27;31;29;22;24;27;24;24;26;35;32;33;39;40;42;35;45;49;36;52;47;59;65;61;65;68;68;64;69;64;55;36;52;50;51;60;58;58;57;39;51;59;60;36;45;50;54;44;57;42;45;46;37;41;39;39;36;38;20;24;27;24;37;30;23;14;16;19;14;12;16;10;9;16;6;10;3;5;9;2;1;2;1;1;0;0;1;3
092080;Sinnai;77;59;70;85;72;92;74;90;81;74;63;66;74;79;77;80;68;65;65;70;69;79;95;84;73;93;83;101;100;100;115;109;120;108;129;131;131;128;147;135;169;187;161;161;174;144;152;151;130;131;127;144;146;144;120;112;123;121;117;118;106;94;114;83;104;87;96;105;106;83;75;82;64;78;73;67;66;45;59;52;50;39;45;35;33;28;25;35;29;15;20;7;6;9;5;10;3;4;1;2;0
092090;Uta;46;45;47;37;48;46;45;33;33;41;35;34;35;34;38;36;36;39;31;35;38;32;53;40;61;47;58;45;64;65;55;56;74;79;76;74;82;74;89;69;51;67;87;87;68;81;66;64;62;63;64;74;72;68;68;44;66;57;49;50;26;46;51;41;37;40;42;48;46;39;39;22;35;29;34;34;30;21;23;20;23;28;23;22;11;19;19;9;10;8;9;3;4;5;2;2;2;1;0;1;1
092099;Villa San Pietro;6;15;10;9;13;6;12;12;8;10;11;10;7;8;9;4;6;10;5;10;11;13;6;12;9;9;8;9;13;9;14;16;24;14;15;17;17;18;31;23;16;19;18;18;19;23;18;18;15;12;15;13;13;12;16;9;16;14;10;17;14;19;18;12;16;14;10;18;12;15;10;13;15;9;9;8;4;5;2;6;2;6;4;7;4;5;1;3;1;0;0;2;1;1;2;0;0;0;0;0;0
092105;Quartucciu;58;59;56;54;66;74;70;58;73;71;57;50;53;53;49;53;52;44;57;50;55;71;64;62;64;75;87;60;62;73;67;77;71;76;91;71;103;122;100;117;131;132;151;133;121;134;135;103;131;148;128;133;120;115;118;77;103;106;83;83;80;86;70;85;72;75;84;75;55;60;66;56;47;50;59;50;55;47;45;42;36;45;37;32;28;27;24;27;19;22;8;10;7;10;1;5;1;3;1;0;5
092108;Elmas;36;26;29;30;36;39;34;50;45;40;32;39;35;42;42;39;34;34;36;37;25;44;44;53;51;43;57;42;59;61;52;46;64;63;60;53;55;81;76;76;97;89;85;79;91;88;82;101;79;91;83;88;83;85;76;69;81;67;59;57;70;75;65;61;63;56;47;61;53;47;46;33;45;44;33;33;31;27;31;28;28;28;26;26;22;15;17;18;9;17;9;3;3;4;4;5;2;0;0;0;2
092109;Monserrato;40;61;61;69;69;86;76;76;72;98;54;59;66;81;70;79;79;73;85;71;102;83;86;94;87;112;102;106;99;98;89;100;113;126;128;119;106;135;137;166;156;153;159;182;177;160;182;186;167;168;204;197;205;168;168;196;176;168;173;175;150;180;142;135;166;148;163;133;135;128;122;88;88;110;91;134;111;95;95;96;84;87;70;79;50;58;45;51;43;31;21;20;15;23;13;15;8;6;3;3;4
;Totale;1421;1447;1472;1648;1631;1722;1697;1751;1715;1722;1651;1694;1772;1686;1769;1725;1722;1593;1647;1656;1698;1819;1934;2016;2011;2148;2119;2207;2191;2324;2357;2363;2536;2683;2756;2780;2823;3078;3156;3410;3669;3762;3768;3846;3879;3678;3779;3773;3757;3783;3941;3868;3721;3623;3521;3305;3437;3230;3275;3289;3096;3225;3021;2948;2907;2890;2842;2887;2836;2550;2535;2213;2281;2385;2241;2394;2110;1941;1816;1788;1586;1611;1543;1320;1224;1224;1103;1030;860;746;583;509;367;331;279;226;115;86;48;41;89

"Ricostruzione della popolazione intercensuaria - Popolazione al 1° gennaio per età"
"Tutte le cittadinanze - Anno: 2017 - Provincia: Cagliari"
Territorio/Età;;0;1;2;3;4;5;6;7;8;9;10;11;12;13;14;15;16;17;18;19;20;21;22;23;24;25;26;27;28;29;30;31;32;33;34;35;36;37;38;39;40;41;42;43;44;45;46;47;48;49;50;51;52;53;54;55;56;57;58;59;60;61;62;63;64;65;66;67;68;69;70;71;72;73;74;75;76;77;78;79;80;81;82;83;84;85;86;87;88;89;90;91;92;93;94;95;96;97;98;99;100
Codice comune;Comune;Totale
092003;Assemini;200;189;207;199;261;230;275;255;244;265;245;282;254;242;270;237;234;232;223;218;232;241;224;230;250;261;307;277;289;308;317;302;341;342;367;367;408;412;423;443;461;492;474;541;465;517;434;466;525;488;486;504;486;471;430;385;422;382;376;361;376;344;322;332;329;329;294;285;269;259;241;208;225;189;225;207;200;175;163;163;140;103;104;102;84;88;81;56;53;46;31;19;19;20;10;13;2;4;3;0;3
092009;Cagliari;802;890;930;864;1017;936;1027;1046;1081;977;1029;1089;1053;1127;1048;1132;1073;1194;1070;1126;1186;1227;1334;1333;1324;1438;1541;1470;1541;1507;1530;1628;1577;1638;1670;1701;1782;1774;1989;1997;2087;2298;2445;2411;2480;2462;2370;2474;2439;2464;2530;2610;2637;2487;2372;2399;2335;2363;2221;2312;2281;2141;2208;2060;2159;2004;2121;2023;2057;2122;1944;1883;1712;1712;1849;1821;1882;1721;1571;1486;1433;1304;1267;1252;1049;933;1020;812;733;624;533;415;364;256;215;165;138;61;40;23;64
092011;Capoterra;157;170;178;180;215;212;211;210;251;219;246;232;223;248;216;213;218;210;231;234;201;213;219;219;232;232;237;216;248;256;237;252;250;272;288;277;280;327;321;337;402;388;414;446;408;432;406;416;388;468;419;427;407;428;393;358;317;364;306;337;301;312;306;295;276;276;265;242;278;259;247;264;200;204;192;177;172;165;143;119;125;97;83;108;66;80;62;61;50;31;29;25;26;14;7;7;6;9;1;5;3
092015;Decimomannu;72;65;73;77;68;82;65;82;65;77;63;79;80;87;69;89;74;78;69;62;75;78;70;76;79;80;93;81;84;85;85;90;113;82;125;121;144;114;146;151;133;163;163;160;180;131;149;167;139;147;149;146;143;135;134;123;130;116;99;84;106;105;88;84;92;89;88;87;98;79;92;81;51;80;84;73;66;50;49;48;41;28;39;22;34;32;23;18;21;9;10;8;5;2;8;1;4;1;0;0;0
092037;Maracalagonis;71;65;74;70;75;59;68;65;63;78;72;84;82;88;56;70;77;73;74;60;65;78;83;75;79;76;76;78;102;113;92;102;93;128;111;145;115;136;135;150;114;155;135;142;145;130;174;129;145;152;118;130;147;129;111;127;88;101;82;84;102;80;114;85;75;81;87;86;79;93;68;73;67;60;83;52;76;54;50;49;50;45;39;32;24;28;24;20;12;15;10;7;7;6;3;1;0;2;1;0;0
092050;Pula;46;55;55;57;61;67;51;66;63;67;73;64;54;52;43;60;65;55;50;61;51;52;60;56;69;56;65;71;75;76;55;95;87;85;94;99;92;111;124;115;115;129;142;120;107;109;119;143;108;139;113;137;119;101;124;108;96;100;104;104;106;104;103;107;96;107;89;108;111;98;97;99;90;87;86;71;77;67;56;59;50;32;33;33;33;29;27;23;22;20;13;8;10;6;4;4;1;2;1;1;0
092051;Quartu Sant'Elena;444;494;483;538;533;591;628;585;600;584;607;585;565;589;599;626;647;593;610;591;656;616;641;715;740;766;743;794;800;717;750;772;774;891;926;854;877;900;964;983;1139;1167;1253;1225;1267;1243;1231;1269;1209;1235;1240;1297;1259;1187;1228;1175;1098;1081;1074;1030;1058;1021;1020;946;888;846;881;882;917;854;844;747;638;588;625;570;600;550;478;406;398;323;330;306;238;213;228;204;170;110;105;81;62;46;30;29;30;18;12;6;7
092066;Sarroch;30;30;43;40;42;33;32;51;40;38;48;28;36;54;39;46;38;32;36;38;38;41;40;39;69;47;56;47;47;58;65;69;52;63;68;73;86;70;93;87;79;92;91;93;78;103;84;83;85;68;88;89;86;88;77;92;64;88;74;79;79;91;75;78;65;66;73;72;66;71;61;50;58;52;52;51;74;49;48;39;43;35;34;27;27;30;18;24;19;15;8;5;4;1;7;1;2;1;0;0;0
092068;Selargius;171;212;187;186;227;262;239;281;272;240;267;221;250;288;259;291;314;285;252;264;255;283;292;285;330;288;352;306;357;278;321;358;335;344;386;386;399;404;404;458;418;523;521;522;521;511;485;505;510;539;506;526;559;466;465;448;448;473;422;443;461;434;475;392;398;390;399;382;359;330;311;306;238;252;292;212;245;190;195;176;147;121;121;113;107;106;95;70;55;60;35;30;24;20;18;9;15;4;1;3;3
092074;Sestu;179;239;183;218;236;219;225;228;214;240;254;229;202;236;202;194;203;172;185;176;159;161;176;162;185;179;197;227;222;235;244;236;300;271;323;313;352;344;414;396;429;467;490;493;477;485;453;436;404;371;391;362;349;374;305;261;255;243;226;229;217;202;195;188;184;174;168;177;165;158;145;136;143;134;136;135;161;116;112;89;99;84;85;74;58;64;53;36;37;29;26;18;12;11;8;12;8;0;2;1;5
092075;Settimo San Pietro;57;52;52;68;66;70;68;64;58;72;59;52;60;56;55;54;59;50;55;68;54;57;67;64;60;63;71;76;77;68;81;99;88;116;97;119;120;122;131;138;141;126;141;130;138;101;115;89;108;115;112;110;112;97;95;91;107;78;90;91;96;91;101;84;74;82;88;87;73;75;64;66;38;55;53;40;54;55;34;31;35;34;17;23;25;18;16;22;11;10;10;8;8;2;1;3;1;2;0;0;2
092080;Sinnai;158;163;135;146;162;163;154;159;161;160;172;142;159;153;149;164;164;140;140;145;166;174;173;193;188;150;201;176;213;207;195;224;228;239;232;237;280;263;268;272;298;336;361;319;336;297;299;289;292;298;285;271;273;275;292;227;248;251;235;227;210;219;186;221;185;189;182;196;184;179;168;159;146;110;153;129;119;116;96;105;97;76;77;72;47;50;44;44;46;39;20;27;9;11;11;6;10;4;4;1;3
092090;Uta;91;102;90;90;78;89;89;84;83;72;72;66;80;71;66;76;70;71;78;60;64;86;82;111;70;109;91;96;94;119;124;119;123;161;164;157;156;157;155;176;140;144;149;147;157;139;163;135;131;148;147;137;153;146;140;133;104;124;122;106;107;80;88;102;91;71;90;82;84;85;66;77;55;64;62;69;60;58;46;43;42;41;46;37;34;32;31;18;18;8;9;9;7;6;4;3;2;2;1;0;2
092099;Villa San Pietro;20;17;22;14;20;26;17;29;17;17;16;19;17;11;24;19;13;14;22;13;21;22;21;14;19;17;23;16;20;25;18;27;34;43;26;34;38;33;35;51;43;39;43;35;34;44;43;40;35;34;26;27;27;25;23;32;16;31;23;20;28;29;34;28;26;29;38;22;30;23;27;16;25;32;22;17;17;18;14;4;13;5;11;3;11;11;7;3;6;2;3;0;2;2;1;2;0;0;0;0;0
092105;Quartucciu;111;117;108;110;117;114;134;155;124;139;121;139;99;110;120;117;113;117;111;113;118;116;132;133;130;142;143;163;130;120;153;146;152;149;167;162;175;185;216;195;220;258;266;314;272;262;252;268;212;268;274;251;249;243;209;233;178;173;206;174;175;151;163;152;147;140;148;141;154;112;137;113;96;80;91;110;96;94;82;76;77;64;71;50;45;46;32;32;37;24;31;8;14;9;6;1;5;1;2;2;4
092108;Elmas;94;71;62;80;73;83;94;83;98;85;81;73;79;86;87;83;90;65;79;81;80;70;85;109;92;105;84;93;91;100;113;103;102;123;121;123;109;133;149;148;168;192;182;183;173;183;161;173;188;148;167;163;175;158;164;146;149;147;148;124;120;128;133;135;108;125;117;100;124;104;94;71;67;82;73;70;61;68;53;64;54;47;45;40;37;30;25;30;23;15;17;15;5;7;6;3;4;3;0;0;0
092109;Monserrato;122;99;114;127;159;137;163;152;138;147;160;142;148;150;163;147;149;151;161;164;152;188;181;156;192;213;227;202;200;227;211;195;222;232;237;253;243;213;246;285;302;319;335;331;328;347;315;342;329;308;320;360;379;377;338;302;355;343;321;326;309;300;324;278;269;287;254;296;240;235;236;243;170;189;209;165;207;205;163;157;158;140;130;114;120;82;89;56;62;52;43;26;20;18;20;15;18;7;7;3;8
;Totale;2825;3030;2996;3064;3410;3373;3540;3595;3572;3477;3585;3526;3441;3648;3465;3618;3601;3532;3446;3474;3573;3703;3880;3970;4108;4222;4507;4389;4590;4499;4591;4817;4871;5179;5402;5421;5656;5698;6213;6382;6689;7288;7605;7612;7566;7496;7253;7424;7247;7390;7371;7547;7560;7187;6900;6640;6410;6458;6129;6131;6132;5832;5935;5567;5462;5285;5382;5268;5288;5136;4842;4592;4019;3970;4287;3969;4167;3751;3353;3114;3002;2579;2532;2408;2039;1872;1875;1529;1375;1109;933;709;598;437;359;275;246;121;75;45;104
Territorio/Età;;0;1;2;3;4;5;6;7;8;9;10;11;12;13;14;15;16;17;18;19;20;21;22;23;24;25;26;27;28;29;30;31;32;33;34;35;36;37;38;39;40;41;42;43;44;45;46;47;48;49;50;51;52;53;54;55;56;57;58;59;60;61;62;63;64;65;66;67;68;69;70;71;72;73;74;75;76;77;78;79;80;81;82;83;84;85;86;87;88;89;90;91;92;93;94;95;96;97;98;99;100
Codice comune;Comune;Maschi
092003;Assemini;103;104;105;109;128;104;143;122;117;126;128;148;121;123;153;111;124;120;94;117;124;135;130;109;122;127;154;137;157;145;161;155;166;158;186;165;227;233;219;219;229;237;246;255;232;237;227;219;272;228;240;249;236;239;215;186;210;188;170;173;178;147;166;140;155;170;153;133;115;127;130;93;125;91;106;102;93;89;68;68;64;50;33;40;31;36;37;19;18;18;11;5;3;6;4;2;0;1;0;0;1
092009;Cagliari;440;465;498;442;508;463;541;548;564;494;561;575;512;580;533;570;561;597;568;591;648;656;715;690;712;757;845;770;796;784;775;856;809;823;851;842;902;868;1000;1025;1033;1144;1200;1182;1196;1177;1129;1191;1162;1175;1199;1245;1267;1148;1087;1112;1093;1071;1003;1056;1026;964;942;891;943;884;924;861;949;903;853;801;730;692;758;733;758;701;637;619;560;507;483;432;389;331;364;235;227;177;143;106;91;69;58;24;37;15;2;4;12
092011;Capoterra;79;83;91;101;111;114;105;106;123;106;123;127;99;125;106;118;113;120;130;125;103;110;113;113;126;109;132;131;139;124;123;116;123;133;147;136;147;165;166;162;182;182;221;227;183;222;200;220;182;242;219;216;209;211;192;161;163;184;154;158;148;164;143;133;127;136;128;119;127;117;124;121;98;83;101;83;84;79;66;55;51;39;35;44;32;38;27;23;21;16;11;11;11;4;0;3;2;6;0;1;1
092015;Decimomannu;37;29;40;38;39;41;39;34;27;41;33;45;39;47;40;40;47;36;43;36;37;45;39;46;36;40;46;46;40;42;47;42;54;46;56;56;79;59;79;74;71;84;87;82;97;67;90;77;65;76;86;78;70;66;48;66;67;56;59;41;48;45;46;43;50;40;38;42;42;42;45;40;30;30;34;33;34;29;23;26;19;14;12;11;13;12;10;6;3;4;5;3;3;1;3;0;1;0;0;0;0
092037;Maracalagonis;31;36;35;40;37;35;36;39;32;44;40;40;43;46;28;40;41;37;39;36;35;42;37;37;36;39;42;38;62;57;42;59;39;63;49;75;53;69;77;78;65;71;82;79;83;60;91;65;72;85;66;65;71;73;49;65;52;54;39;39;43;38;58;44;45;43;31;42;44;45;40;33;31;28;42;25;39;23;29;22;18;21;13;13;13;15;9;9;4;9;1;3;2;1;1;0;0;1;0;0;0
092050;Pula;25;29;26;31;28;34;35;33;30;33;36;36;31;25;28;35;36;32;26;31;30;30;34;21;34;31;25;27;47;39;24;49;48;49;42;53;45;54;67;61;54;57;72;68;55;51;62;86;57;78;66;61;59;54;74;46;48;59;47;55;49;54;48;58;46;45;51;55;53;50;48;50;45;34;49;36;34;35;31;35;21;13;13;17;15;9;11;9;9;6;6;1;2;1;0;2;0;0;0;1;0
092051;Quartu Sant'Elena;226;276;263;276;297;306;319;305;315;301;324;301;303;296;308;315;343;300;349;293;338;330;335;378;379;411;395;417;418;382;370;378;410;463;470;434;437;458;458;508;550;586;608;619;619;611;598;611;573;598;593;612;633;565;594;534;538;504;542;476;494;487;492;454;431;354;396;440;419;418;416;367;288;262;301;292;285;263;213;161;188;136;136;137;96;74;92;70;51;36;26;23;17;13;10;3;2;2;2;2;1
092066;Sarroch;17;16;19;15;22;11;18;25;17;18;26;14;17;29;25;24;20;20;15;16;22;25;23;14;32;26;25;22;27;30;29;32;37;32;31;38;44;34;46;47;44;44;50;56;47;53;50;49;43;32;45;48;45;44;38;55;28;39;34;33;35;49;39;42;31;30;35;33;32;34;36;29;35;22;22;26;33;22;18;19;16;13;20;13;9;11;9;12;9;5;3;2;0;1;1;1;1;0;0;0;0
092068;Selargius;97;106;94;88;123;143;123;161;130;121;136;111;122;160;133;149;159;147;139;140;123;157;164;145;156;148;165;166;179;150;159;184;184;177;201;188;181;204;199;223;194;248;269;273;245;247;225;233;237;248;239;227;270;231;223;231;193;195;178;201;220;202;229;179;187;180;193;176;157;146;163;141;108;132;136;93;120;90;90;71;63;43;46;53;46;45;35;24;13;13;9;9;6;4;5;0;3;1;0;0;0
092074;Sestu;104;131;100;124;120;133;111;127;117;129;143;124;97;107;100;108;99;94;95;93;84;88;86;88;92;90;109;115;98;122;111;124;148;153;159;149;160;169;207;209;199;215;238;272;252;227;223;234;198;202;185;176;184;194;160;132;130;129;122;115;119;103;84;90;75;95;91;95;80;77;78;59;72;63;63;69;79;60;57;50;50;27;29;39;19;24;25;16;12;14;11;6;4;1;3;4;1;0;0;1;1
092075;Settimo San Pietro;31;26;24;37;36;39;29;38;40;39;30;21;34;29;27;24;30;27;29;39;28;31;41;30;30;32;34;34;33;33;34;51;51;60;52;60;56;63;63;73;71;58;73;67;82;64;62;41;57;54;56;50;55;55;46;32;48;42;47;40;41;47;44;42;29;37;50;46;34;36;29;28;19;32;26;16;18;25;12;17;20;15;3;12;9;9;7;6;6;2;6;3;1;1;0;1;0;1;0;0;0
092080;Sinnai;84;81;81;76;75;90;65;88;75;80;101;77;94;81;73;87;82;72;75;78;95;100;95;96;106;79;104;91;106;98;94;107;112;123;122;109;149;134;143;129;168;170;169;159;173;125;160;138;147;170;153;145;133;129;148;107;134;125;116;106;95;110;96;106;104;87;97;100;80;74;84;83;64;47;74;59;52;50;52;46;48;29;39;27;16;19;15;21;17;13;7;7;3;6;4;2;2;1;0;0;1
092090;Uta;49;57;45;42;41;45;45;39;50;38;31;33;46;36;33;37;34;35;39;29;30;50;49;60;31;46;42;39;47;53;60;65;63;83;84;83;86;77;87;85;72;89;83;62;69;69;82;71;71;85;83;73;82;74;72;64;60;61;66;56;55;53;42;52;51;34;49;40;36;39;28;39;35;30;33;36;26;29;25;21;22;19;18;15;14;20;12;2;11;2;2;1;4;2;0;2;1;0;0;0;0
092099;Villa San Pietro;8;11;9;4;11;15;10;16;5;8;6;8;9;5;15;10;10;8;12;8;11;10;7;8;7;7;14;8;11;13;8;13;14;19;12;19;23;17;18;23;21;24;25;17;15;25;20;21;16;19;15;13;14;10;11;16;7;16;9;10;11;16;15;9;15;13;22;12;12;12;12;9;12;17;13;8;9;13;9;2;7;3;5;0;4;6;2;2;3;1;3;0;0;1;0;0;0;0;0;0;0
092105;Quartucciu;64;60;50;52;66;50;58;84;67;67;49;86;48;59;63;64;61;66;67;59;66;61;61;66;71;72;72;76;71;55;81;75;78;68;87;68;100;86;96;101;102;128;132;162;138;135;120;135;110;136;127;124;115;124;92;113;100;70;96;92;89;72;75;80;64;70;77;58;78;57;77;48;40;33;42;51;47;40;36;37;35;28;27;16;14;17;7;11;12;6;12;2;5;2;0;0;1;1;0;1;2
092108;Elmas;48;36;32;54;42;46;53;48;49;38;41;40;39;50;42;39;51;31;44;45;45;44;41;66;42;54;42;42;49;44;56;51;53;59;54;60;57;73;67;71;95;90;93;96;92;92;73;89;86;71;76;82;86;77;79;72;80;68;79;65;63;60;58;68;47;62;61;53;62;51;48;27;36;38;30;38;31;37;26;33;26;20;17;14;11;13;10;15;7;5;1;6;4;4;5;0;1;0;0;0;0
092109;Monserrato;58;56;55;67;84;71;82;79;64;75;60;89;90;83;77;80;72;73;85;81;81;85;98;73;102;132;115;103;97;128;112;103;121;116;111;129;125;109;117;145;135;166;182;175;143;167;159;158;147;135;150;159;181;176;169;131;164;168;155;153;139;150;149;136;138;121;106;132;109;101;110;126;82;101;103;74;75;97;71;64;64;56;44;48;44;40;34;17;18;12;13;7;4;7;1;4;7;0;1;0;2
;Totale;1501;1602;1567;1596;1768;1740;1812;1892;1822;1758;1868;1875;1744;1881;1784;1851;1883;1815;1849;1817;1900;1999;2068;2040;2114;2200;2361;2262;2377;2299;2286;2460;2510;2625;2714;2664;2871;2872;3109;3233;3285;3593;3830;3851;3721;3629;3571;3638;3495;3634;3598;3623;3710;3470;3297;3123;3115;3029;2916;2869;2853;2761;2726;2567;2538;2401;2502;2437;2429;2329;2321;2094;1850;1735;1933;1774;1817;1682;1463;1346;1272;1033;973;931;775;719;706;497;441;339;270;195;160;124;95;48;59;29;5;10;21
Territorio/Età;;0;1;2;3;4;5;6;7;8;9;10;11;12;13;14;15;16;17;18;19;20;21;22;23;24;25;26;27;28;29;30;31;32;33;34;35;36;37;38;39;40;41;42;43;44;45;46;47;48;49;50;51;52;53;54;55;56;57;58;59;60;61;62;63;64;65;66;67;68;69;70;71;72;73;74;75;76;77;78;79;80;81;82;83;84;85;86;87;88;89;90;91;92;93;94;95;96;97;98;99;100
Codice comune;Comune;Femmine
092003;Assemini;97;85;102;90;133;126;132;133;127;139;117;134;133;119;117;126;110;112;129;101;108;106;94;121;128;134;153;140;132;163;156;147;175;184;181;202;181;179;204;224;232;255;228;286;233;280;207;247;253;260;246;255;250;232;215;199;212;194;206;188;198;197;156;192;174;159;141;152;154;132;111;115;100;98;119;105;107;86;95;95;76;53;71;62;53;52;44;37;35;28;20;14;16;14;6;11;2;3;3;0;2
092009;Cagliari;362;425;432;422;509;473;486;498;517;483;468;514;541;547;515;562;512;597;502;535;538;571;619;643;612;681;696;700;745;723;755;772;768;815;819;859;880;906;989;972;1054;1154;1245;1229;1284;1285;1241;1283;1277;1289;1331;1365;1370;1339;1285;1287;1242;1292;1218;1256;1255;1177;1266;1169;1216;1120;1197;1162;1108;1219;1091;1082;982;1020;1091;1088;1124;1020;934;867;873;797;784;820;660;602;656;577;506;447;390;309;273;187;157;141;101;46;38;19;52
092011;Capoterra;78;87;87;79;104;98;106;104;128;113;123;105;124;123;110;95;105;90;101;109;98;103;106;106;106;123;105;85;109;132;114;136;127;139;141;141;133;162;155;175;220;206;193;219;225;210;206;196;206;226;200;211;198;217;201;197;154;180;152;179;153;148;163;162;149;140;137;123;151;142;123;143;102;121;91;94;88;86;77;64;74;58;48;64;34;42;35;38;29;15;18;14;15;10;7;4;4;3;1;4;2
092015;Decimomannu;35;36;33;39;29;41;26;48;38;36;30;34;41;40;29;49;27;42;26;26;38;33;31;30;43;40;47;35;44;43;38;48;59;36;69;65;65;55;67;77;62;79;76;78;83;64;59;90;74;71;63;68;73;69;86;57;63;60;40;43;58;60;42;41;42;49;50;45;56;37;47;41;21;50;50;40;32;21;26;22;22;14;27;11;21;20;13;12;18;5;5;5;2;1;5;1;3;1;0;0;0
092037;Maracalagonis;40;29;39;30;38;24;32;26;31;34;32;44;39;42;28;30;36;36;35;24;30;36;46;38;43;37;34;40;40;56;50;43;54;65;62;70;62;67;58;72;49;84;53;63;62;70;83;64;73;67;52;65;76;56;62;62;36;47;43;45;59;42;56;41;30;38;56;44;35;48;28;40;36;32;41;27;37;31;21;27;32;24;26;19;11;13;15;11;8;6;9;4;5;5;2;1;0;1;1;0;0
092050;Pula;21;26;29;26;33;33;16;33;33;34;37;28;23;27;15;25;29;23;24;30;21;22;26;35;35;25;40;44;28;37;31;46;39;36;52;46;47;57;57;54;61;72;70;52;52;58;57;57;51;61;47;76;60;47;50;62;48;41;57;49;57;50;55;49;50;62;38;53;58;48;49;49;45;53;37;35;43;32;25;24;29;19;20;16;18;20;16;14;13;14;7;7;8;5;4;2;1;2;1;0;0
092051;Quartu Sant'Elena;218;218;220;262;236;285;309;280;285;283;283;284;262;293;291;311;304;293;261;298;318;286;306;337;361;355;348;377;382;335;380;394;364;428;456;420;440;442;506;475;589;581;645;606;648;632;633;658;636;637;647;685;626;622;634;641;560;577;532;554;564;534;528;492;457;492;485;442;498;436;428;380;350;326;324;278;315;287;265;245;210;187;194;169;142;139;136;134;119;74;79;58;45;33;20;26;28;16;10;4;6
092066;Sarroch;13;14;24;25;20;22;14;26;23;20;22;14;19;25;14;22;18;12;21;22;16;16;17;25;37;21;31;25;20;28;36;37;15;31;37;35;42;36;47;40;35;48;41;37;31;50;34;34;42;36;43;41;41;44;39;37;36;49;40;46;44;42;36;36;34;36;38;39;34;37;25;21;23;30;30;25;41;27;30;20;27;22;14;14;18;19;9;12;10;10;5;3;4;0;6;0;1;1;0;0;0
092068;Selargius;74;106;93;98;104;119;116;120;142;119;131;110;128;128;126;142;155;138;113;124;132;126;128;140;174;140;187;140;178;128;162;174;151;167;185;198;218;200;205;235;224;275;252;249;276;264;260;272;273;291;267;299;289;235;242;217;255;278;244;242;241;232;246;213;211;210;206;206;202;184;148;165;130;120;156;119;125;100;105;105;84;78;75;60;61;61;60;46;42;47;26;21;18;16;13;9;12;3;1;3;3
092074;Sestu;75;108;83;94;116;86;114;101;97;111;111;105;105;129;102;86;104;78;90;83;75;73;90;74;93;89;88;112;124;113;133;112;152;118;164;164;192;175;207;187;230;252;252;221;225;258;230;202;206;169;206;186;165;180;145;129;125;114;104;114;98;99;111;98;109;79;77;82;85;81;67;77;71;71;73;66;82;56;55;39;49;57;56;35;39;40;28;20;25;15;15;12;8;10;5;8;7;0;2;0;4
092075;Settimo San Pietro;26;26;28;31;30;31;39;26;18;33;29;31;26;27;28;30;29;23;26;29;26;26;26;34;30;31;37;42;44;35;47;48;37;56;45;59;64;59;68;65;70;68;68;63;56;37;53;48;51;61;56;60;57;42;49;59;59;36;43;51;55;44;57;42;45;45;38;41;39;39;35;38;19;23;27;24;36;30;22;14;15;19;14;11;16;9;9;16;5;8;4;5;7;1;1;2;1;1;0;0;2
092080;Sinnai;74;82;54;70;87;73;89;71;86;80;71;65;65;72;76;77;82;68;65;67;71;74;78;97;82;71;97;85;107;109;101;117;116;116;110;128;131;129;125;143;130;166;192;160;163;172;139;151;145;128;132;126;140;146;144;120;114;126;119;121;115;109;90;115;81;102;85;96;104;105;84;76;82;63;79;70;67;66;44;59;49;47;38;45;31;31;29;23;29;26;13;20;6;5;7;4;8;3;4;1;2
092090;Uta;42;45;45;48;37;44;44;45;33;34;41;33;34;35;33;39;36;36;39;31;34;36;33;51;39;63;49;57;47;66;64;54;60;78;80;74;70;80;68;91;68;55;66;85;88;70;81;64;60;63;64;64;71;72;68;69;44;63;56;50;52;27;46;50;40;37;41;42;48;46;38;38;20;34;29;33;34;29;21;22;20;22;28;22;20;12;19;16;7;6;7;8;3;4;4;1;1;2;1;0;2
092099;Villa San Pietro;12;6;13;10;9;11;7;13;12;9;10;11;8;6;9;9;3;6;10;5;10;12;14;6;12;10;9;8;9;12;10;14;20;24;14;15;15;16;17;28;22;15;18;18;19;19;23;19;19;15;11;14;13;15;12;16;9;15;14;10;17;13;19;19;11;16;16;10;18;11;15;7;13;15;9;9;8;5;5;2;6;2;6;3;7;5;5;1;3;1;0;0;2;1;1;2;0;0;0;0;0
092105;Quartucciu;47;57;58;58;51;64;76;71;57;72;72;53;51;51;57;53;52;51;44;54;52;55;71;67;59;70;71;87;59;65;72;71;74;81;80;94;75;99;120;94;118;130;134;152;134;127;132;133;102;132;147;127;134;119;117;120;78;103;110;82;86;79;88;72;83;70;71;83;76;55;60;65;56;47;49;59;49;54;46;39;42;36;44;34;31;29;25;21;25;18;19;6;9;7;6;1;4;0;2;1;2
092108;Elmas;46;35;30;26;31;37;41;35;49;47;40;33;40;36;45;44;39;34;35;36;35;26;44;43;50;51;42;51;42;56;57;52;49;64;67;63;52;60;82;77;73;102;89;87;81;91;88;84;102;77;91;81;89;81;85;74;69;79;69;59;57;68;75;67;61;63;56;47;62;53;46;44;31;44;43;32;30;31;27;31;28;27;28;26;26;17;15;15;16;10;16;9;1;3;1;3;3;3;0;0;0
092109;Monserrato;64;43;59;60;75;66;81;73;74;72;100;53;58;67;86;67;77;78;76;83;71;103;83;83;90;81;112;99;103;99;99;92;101;116;126;124;118;104;129;140;167;153;153;156;185;180;156;184;182;173;170;201;198;201;169;171;191;175;166;173;170;150;175;142;131;166;148;164;131;134;126;117;88;88;106;91;132;108;92;93;94;84;86;66;76;42;55;39;44;40;30;19;16;11;19;11;11;7;6;3;6
;Totale;1324;1428;1429;1468;1642;1633;1728;1703;1750;1719;1717;1651;1697;1767;1681;1767;1718;1717;1597;1657;1673;1704;1812;1930;1994;2022;2146;2127;2213;2200;2305;2357;2361;2554;2688;2757;2785;2826;3104;3149;3404;3695;3775;3761;3845;3867;3682;3786;3752;3756;3773;3924;3850;3717;3603;3517;3295;3429;3213;3262;3279;3071;3209;3000;2924;2884;2880;2831;2859;2807;2521;2498;2169;2235;2354;2195;2350;2069;1890;1768;1730;1546;1559;1477;1264;1153;1169;1032;934;770;663;514;438;313;264;227;187;92;70;35;83

"Ricostruzione della popolazione intercensuaria - Popolazione al 1° gennaio per età"
"Tutte le cittadinanze - Anno: 2018 - Provincia: Cagliari"
Territorio/Età;;0;1;2;3;4;5;6;7;8;9;10;11;12;13;14;15;16;17;18;19;20;21;22;23;24;25;26;27;28;29;30;31;32;33;34;35;36;37;38;39;40;41;42;43;44;45;46;47;48;49;50;51;52;53;54;55;56;57;58;59;60;61;62;63;64;65;66;67;68;69;70;71;72;73;74;75;76;77;78;79;80;81;82;83;84;85;86;87;88;89;90;91;92;93;94;95;96;97;98;99;100
Codice comune;Comune;Totale
092003;Assemini;184;200;198;200;198;266;223;271;252;239;261;243;283;251;232;269;231;230;241;239;230;249;253;232;234;262;268;326;285;294;318;325;312;342;349;376;356;412;426;418;457;465;483;475;538;467;501;434;456;517;486;477;500;485;471;429;381;422;380;373;364;368;339;315;329;326;329;293;283;267;257;239;207;221;185;221;201;200;168;160;153;134;98;96;95;74;75;74;51;47;41;23;17;19;19;9;9;1;3;2;2
092009;Cagliari;793;816;894;917;874;1017;959;1035;1065;1097;986;1054;1103;1055;1146;1054;1127;1087;1242;1131;1170;1225;1251;1368;1358;1360;1466;1559;1479;1555;1530;1543;1632;1614;1647;1663;1716;1790;1798;2000;1993;2105;2292;2475;2423;2532;2481;2396;2503;2460;2474;2534;2611;2637;2469;2370;2405;2318;2351;2211;2308;2265;2129;2182;2057;2136;1986;2087;1998;2039;2086;1914;1845;1686;1678;1796;1770;1832;1681;1532;1443;1380;1223;1199;1178;978;869;943;735;653;528;458;343;287;203;173;130;102;43;27;53
092011;Capoterra;165;155;169;176;174;207;212;209;208;246;217;238;231;223;247;213;211;216;221;242;240;209;218;215;219;232;231;242;214;252;258;236;241;244;276;287;274;282;324;324;333;397;385;401;443;403;421;416;413;394;464;411;421;399;424;390;353;316;367;311;329;300;310;305;296;274;267;263;237;274;250;241;255;200;201;189;167;169;154;135;109;123;91;78;99;60;69;57;55;46;27;27;19;21;8;8;5;3;2;1;6
092015;Decimomannu;52;72;73;74;80;69;83;69;81;67;80;63;83;82;92;70;90;76;79;68;68;75;81;69;78;78;81;94;84;86;86;91;94;111;91;127;118;145;118;148;145;130;163;166;161;178;137;150;166;140;146;149;144;144;137;133;118;128;117;99;82;106;103;89;81;93;86;87;90;93;78;91;81;50;80;80;72;64;49;49;48;37;26;38;18;32;26;21;14;17;7;8;8;4;2;5;0;3;1;0;0
092037;Maracalagonis;70;75;63;71;71;76;59;64;66;61;78;71;84;82;89;55;71;77;71;74;60;64;77;84;76;75;73;83;79;108;113;92;102;88;120;121;145;117;134;133;142;110;152;134;146;145;126;174;125;143;151;119;134;149;128;113;128;88;104;84;84;102;77;115;89;72;80;88;84;78;92;67;72;64;60;82;50;73;53;44;45;49;43;35;29;23;24;19;20;11;15;7;7;2;4;3;1;0;1;0;0
092050;Pula;45;47;54;57;52;62;68;50;60;64;66;71;65;54;53;44;59;63;54;54;60;52;52;58;59;71;59;64;63;76;76;52;94;82;84;93;97;100;106;122;117;112;129;144;128;104;107;120;143;107;138;119;137;115;101;122;110;98;99;104;104;106;103;105;105;96;106;90;104;110;96;93;98;89;82;83;71;78;67;52;59;50;30;32;32;32;24;22;18;21;16;12;7;9;3;4;3;1;2;1;1
092051;Quartu Sant'Elena;413;431;494;484;531;536;584;622;578;594;588;602;585;556;584;603;631;643;617;615;602;669;620;648;716;740;758;753;767;794;711;744;774;769;887;928;849;897;900;963;988;1143;1172;1252;1223;1266;1241;1236;1275;1216;1237;1242;1295;1251;1189;1225;1167;1095;1080;1052;1032;1062;1010;1023;927;882;839;883;872;913;844;831;734;615;568;601;552;585;532;450;390;370;309;314;287;219;202;207;184;154;94;88;62;53;38;24;18;21;8;7;5
092066;Sarroch;34;33;32;46;42;41;31;31;50;38;38;50;28;34;53;38;49;39;37;39;38;38;42;40;44;71;46;55;47;48;62;66;67;52;60;65;75;86;74;89;87;76;94;91;94;80;98;84;86;83;71;91;89;86;84;75;92;68;85;74;80;79;92;74;81;63;64;76;70;66;69;60;49;60;53;51;48;74;50;46;39;39;33;28;27;24;29;17;23;17;13;6;5;3;1;6;1;1;0;0;0
092068;Selargius;181;174;204;203;191;221;268;244;276;268;231;271;213;250;285;256;292;311;306;269;272;260;290;304;285;335;292;355;307;362;297;326;352;328;340;392;385;398;406;404;448;427;535;517;529;520;522;489;497;510;542;506;526;560;460;469;444;447;471;428;438;458;428;464;387;384;380;393;372;351;330;309;302;234;251;284;209;235;183;192;169;139;120;119;107;103;94;90;65;49;58;31;25;24;13;13;8;16;2;1;5
092074;Sestu;160;178;239;179;218;237;222;220;221;206;233;247;229;205;230;201;196;198;180;199;180;160;166;176;166;186;191;203;222;233;242;258;246;310;272;329;311;352;347;406;398;422;450;491;493;474;479;449;435;406;368;388;363;351;372;300;262;256;239;221;225;213;202;191;190;184;170;164;174;161;155;145;134;145;133;132;134;154;115;110;82;96;85;85;68;55;55;48;30;35;23;21;15;9;8;7;10;8;0;1;5
092075;Settimo San Pietro;57;60;53;55;72;65;69;68;66;59;71;62;51;62;56;53;53;58;50;54;69;50;55;64;64;58;63;71;75;77;71;83;102;93;122;96;117;125;121;134;134;140;122;140;128;135;101;118;89;107;111;111;109;107;98;96;96;105;76;87;91;94;86;99;81;76;81;89;85;72;75;65;65;39;55;53;40;51;52;31;28;32;34;17;22;22;17;14;21;10;8;8;8;6;2;0;3;1;0;0;1
092080;Sinnai;128;154;168;134;147;160;157;157;159;160;166;168;143;157;154;154;162;172;152;152;149;169;176;185;203;188;151;194;184;208;207;199;232;231;239;236;241;284;267;271;275;305;340;349;322;338;295;293;295;289;287;283;272;267;275;286;225;248;250;233;223;207;216;187;218;184;185;185;198;179;173;167;154;138;109;146;128;119;114;91;103;94;68;74;65;46;47;39;34;39;32;20;23;7;8;8;5;10;4;2;1
092090;Uta;103;91;102;90;95;81;88;91;86;82;73;67;65;78;72;66;75;71;70;79;59;63;84;82;115;71;111;102;99;95;114;129;117;123;164;165;157;159;150;158;176;144;143;149;151;156;144;156;138;129;148;149;135;155;145;138;133;104;123;120;106;104;79;88;98;90;74;91;82;84;84;65;77;53;61;63;68;59;54;43;42;41;37;43;36;32;30;26;17;16;8;9;8;5;5;4;2;1;1;1;1
092099;Villa San Pietro;16;20;16;20;13;21;26;18;29;18;16;16;20;18;11;25;18;12;15;19;13;23;23;20;15;19;15;25;15;22;25;17;26;32;42;30;36;34;33;38;49;42;42;42;35;36;47;42;40;35;36;27;31;27;24;24;33;16;31;23;22;30;29;34;28;26;29;38;22;31;23;27;16;25;30;23;18;16;18;14;4;14;4;11;3;9;10;7;3;5;2;3;0;1;1;1;2;0;0;0;0
092105;Quartucciu;67;104;123;103;107;126;109;132;149;126;141;123;137;99;110;119;118;118;117;112;113;114;119;131;133;127;141;145;157;131;119;152;148;161;148;169;163;172;180;214;195;225;257;267;307;269;260;253;265;210;266;263;249;246;243;206;232;183;169;201;172;177;153;159;150;146;138;144;137;150;111;133;112;94;80;88;109;95;87;77;74;71;62;63;46;47;45;32;32;35;20;27;6;11;7;3;1;2;1;2;3
092108;Elmas;45;83;70;57;82;70;85;96;81;95;85;83;70;82;85;87;88;96;68;91;79;79;71;87;116;93;96;88;106;96;104;108;99;101;118;120;126;108;135;144;156;171;191;178;187;177;183;165;177;186;146;165;160;181;159;163;146;148;150;150;126;122;128;132;131;111;124;111;101;122;102;94;71;64;82;71;67;62;65;49;64;52;43;46;38;36;27;21;27;17;15;14;11;6;5;3;2;4;3;0;0
092109;Monserrato;98;124;107;121;125;159;137;165;160;135;144;160;137;147;151;163;149;149;150;155;161;159;187;182;152;191;206;225;199;208;220;212;202;220;229;230;255;237;214;237;285;293;329;332;342;320;336;316;344;323;303;320;353;374;373;332;305;354;340;322;321;299;298;319;274;267;283;250;290;237;233;235;242;167;185;206;162;201;192;159;150;156;129;125;107;114;79;86;49;50;50;37;19;15;14;14;13;9;4;5;6
;Totale;2611;2817;3059;2987;3072;3414;3380;3542;3587;3555;3474;3589;3527;3435;3650;3470;3620;3616;3670;3592;3563;3658;3765;3945;4033;4157;4248;4584;4382;4645;4553;4633;4840;4901;5188;5427;5421;5698;5733;6203;6378;6707;7279;7603;7650;7600;7479;7291;7447;7255;7374;7354;7529;7534;7152;6871;6630;6394;6432;6093;6107;6092;5782;5881;5522;5410;5221;5332;5199;5227;5058;4776;4514;3944;3893;4169;3866;4067;3634;3234;3002;2877;2435;2403;2257;1906;1722;1723;1378;1222;957;799;583;482;341;285;213;183;75;50;89
Territorio/Età;;0;1;2;3;4;5;6;7;8;9;10;11;12;13;14;15;16;17;18;19;20;21;22;23;24;25;26;27;28;29;30;31;32;33;34;35;36;37;38;39;40;41;42;43;44;45;46;47;48;49;50;51;52;53;54;55;56;57;58;59;60;61;62;63;64;65;66;67;68;69;70;71;72;73;74;75;76;77;78;79;80;81;82;83;84;85;86;87;88;89;90;91;92;93;94;95;96;97;98;99;100
Codice comune;Comune;Maschi
092003;Assemini;92;105;106;98;104;130;102;143;119;116;125;128;149;116;117;153;112;124;129;107;123;133;141;136;114;135;129;164;137;164;146;167;164;172;164;190;163;232;238;216;233;230;236;245;257;235;227;228;214;269;229;238;251;233;240;217;184;211;186;169;174;175;147;160;137;152;169;154;133;114;126;127;92;122;88;105;98;93;85;67;62;61;47;30;35;28;29;33;18;13;16;9;3;4;5;4;2;0;0;0;0
092009;Cagliari;401;449;461;499;450;513;477;542;552;569;497;571;574;517;584;533;562;573;645;617;622;673;681;737;708;729;772;864;777;807;799;777;861;828;821;845;846;907;872;1006;1024;1042;1151;1203;1184;1212;1181;1144;1210;1155;1190;1197;1249;1271;1145;1081;1113;1084;1068;999;1053;1018;952;926;891;925;877;908;840;934;880;832;786;714;670;737;703;739;680;617;588;540;473;453;402;354;299;327;209;200;142;118;81;64;52;48;16;26;9;2;6
092011;Capoterra;78;77;82;86;96;104;115;102;105;120;104;120;124;101;127;106;116;112;135;144;128;114;116;113;112;130;108;133;130;143;125;121;111;124;135;151;136;150;162;163;165;181;179;216;223;183;209;207;218;189;239;213;212;205;208;191;156;163;183;156;157;147;167;142;130;123;129;126;117;126;113;119;119;97;81;101;78;83;73;58;50;50;38;33;40;29;31;26;20;18;13;10;7;8;2;0;3;0;2;0;2
092015;Decimomannu;24;34;34;37;40;37;40;40;35;28;44;33;46;41;48;40;40;48;38;42;40;38;47;37;47;36;43;47;50;39;46;48;45;52;49;59;51;78;58;79;71;71;83;88;80;94;73;89;75;64;74;85;77;70;64;48;62;65;55;60;40;49;46;46;42;50;39;38;46;40;38;44;39;30;29;32;33;32;28;23;26;16;12;12;9;12;8;9;4;3;2;4;3;3;1;2;0;1;0;0;0
092037;Maracalagonis;40;33;33;35;44;39;34;33;38;33;44;40;41;45;46;27;41;41;36;40;35;34;42;38;37;34;36;41;40;65;59;43;58;39;56;57;70;52;70;76;75;61;70;81;80;82;56;91;64;71;84;67;67;73;74;51;65;53;56;40;39;43;35;59;46;41;42;33;41;43;44;39;34;28;28;42;23;38;23;25;19;18;21;11;11;13;13;8;8;4;9;0;3;1;0;1;0;0;1;0;0
092050;Pula;28;25;28;25;28;28;36;36;30;31;33;35;36;32;25;30;34;34;32;26;31;33;29;32;21;33;31;26;22;48;39;23;48;48;48;42;51;51;53;65;62;54;59;71;74;54;50;61;85;56;78;70;61;58;56;74;48;49;58;46;55;49;54;49;57;46;44;50;52;51;49;45;49;46;33;45;36;35;35;29;35;21;12;13;16;14;7;8;6;8;5;4;1;1;0;0;1;0;0;0;1
092051;Quartu Sant'Elena;213;222;281;260;267;299;302;320;299;310;303;321;303;296;298;311;321;339;329;354;299;341;333;339;381;385;410;403;407;420;380;363;375;410;458;473;434;447;460;466;504;552;588;610;619;630;606;600;620;577;593;589;612;623;566;590;529;536;501;527;477;499;486;498;444;427;358;395;434;416;413;406;361;277;251;284;285;272;249;199;158;174;126;128;126;86;70;85;62;42;29;18;17;13;12;7;2;1;0;1;2
092066;Sarroch;19;19;18;20;17;21;11;18;24;16;18;26;14;17;29;24;26;21;24;15;16;22;26;21;17;34;24;24;22;27;29;29;31;37;33;30;39;44;36;45;47;41;46;50;56;49;52;50;49;43;35;46;48;44;43;39;55;29;36;34;33;35;49;39;42;31;30;35;32;33;34;36;29;37;23;22;23;35;23;19;19;15;14;16;13;9;10;8;12;7;5;2;2;0;1;1;1;0;0;0;0
092068;Selargius;101;98;107;103;88;124;149;125;159;128;118;137;108;123;156;132;149;159;167;156;148;126;161;167;144;163;152;165;162;179;161;165;176;178;182;206;188;180;203;199;214;204;254;272;276;241;256;233;226;236;243;241;232;269;230;220;228;193;199;184;201;218;197;226;177;180;175;188;170;152;146;160;141;106;131;132;89;113;86;88;69;57;43;47;50;43;39;33;22;11;12;5;7;5;2;3;0;3;0;0;0
092074;Sestu;91;106;133;99;127;122;135;107;123;114;124;139;122;99;104;99;110;94;101;109;96;85;92;87;91;92;97;112;110;103;125;119;132;150;154;156;146;160;170;202;211;199;206;240;271;252;221;218;231;199;201;181;174;184;193;158;132;127;125;118;115;117;101;81;90;76;93;89;93;78;76;78;57;73;62;60;69;74;59;57;44;49;28;28;37;19;20;22;13;13;11;7;4;1;1;2;4;1;0;0;2
092075;Settimo San Pietro;31;36;28;20;41;35;38;29;41;41;39;30;21;36;28;27;23;29;28;28;40;27;30;40;28;30;30;32;34;33;36;39;53;53;61;49;60;58;64;60;71;73;56;73;68;80;64;65;41;58;52;55;50;53;55;46;36;48;42;46;38;40;45;40;41;30;36;52;45;32;36;30;27;20;33;26;16;16;22;11;15;18;15;3;12;7;8;6;6;5;2;5;3;1;1;0;1;0;0;0;0
092080;Sinnai;75;80;82;80;75;72;88;66;88;71;83;98;76;89;81;75;86;90;80;82;85;96;100;102;104;107;81;100;95;106;98;94;115;111;123;121;111;155;138;146;129;169;172;169;161;177;123;156;139;145;162;152;149;130;128;147;107;132;124;114;107;94;109;97;105;103;85;97;102;78;73;83;82;58;47;69;59;52;47;48;45;46;24;37;23;16;18;12;15;13;11;7;6;2;4;3;2;2;1;0;0
092090;Uta;52;46;55;47;44;41;42;47;40;49;39;31;33;46;37;33;36;34;35;44;30;32;49;49;62;32;49;45;45;47;50;62;62;64;85;84;84;90;77;88;85;76;88;82;65;68;73;80;73;70;85;84;73;84;74;71;65;61;60;66;56;52;50;42;51;50;36;51;39;36;38;28;39;34;28;33;34;25;27;23;21;20;17;16;14;13;19;9;2;9;2;2;1;2;2;0;1;0;0;0;0
092099;Villa San Pietro;6;8;10;9;5;12;15;9;16;6;7;6;9;9;5;16;10;9;8;11;8;11;11;7;8;8;6;15;9;12;13;7;13;15;17;14;21;20;18;18;24;21;25;24;17;15;27;20;21;16;20;16;15;15;10;12;16;7;16;9;10;11;16;15;9;15;13;22;13;13;12;12;9;11;16;14;9;9;13;9;2;8;2;5;0;2;6;2;2;2;1;3;0;0;1;0;0;0;0;0;0
092105;Quartucciu;35;59;62;49;48;69;47;60;82;65;69;52;83;48;59;62;65;64;65;67;60;65;62;61;64;69;71;74;73;67;58;82;77;84;66;82;66;96;85;95;101;104;127;131;161;139;135;120;133;111;136;124;122;117;123;91;112;103;69;94;89;91;74;72;79;63;70;73;55;73;57;75;47;40;33;39;50;45;38;33;35;33;26;24;15;16;17;6;10;12;4;10;1;5;1;0;0;0;1;0;1
092108;Elmas;25;43;35;29;52;36;45;55;49;51;41;40;37;42;51;42;42;55;35;56;46;47;47;40;69;44;51;45;52;54;45;51;50;51;58;58;60;58;72;66;75;96;90;91;99;93;90;75;93;85;71;76;78;90;77;78;72;79;68;80;65;62;61;58;66;49;62;55;52;61;50;48;27;33;38;29;34;32;34;22;33;25;19;18;12;12;12;6;13;6;5;1;4;4;2;2;0;1;0;0;0
092109;Monserrato;44;59;62;58;68;83;69;86;83;64;72;62;85;90;84;77;81;74;72;80;80;84;88;99;74;100;124;114;101;96;119;111;104;122;113;105;131;122;110;111;143;131;169;185;183;144;163;158;162;145;136;147;156;177;177;166;134;163;166;156;151;135;149;149;133;136;119;103;130;108;100;110;124;80;95;101;73;69;88;68;57;62;52;39;45;41;37;34;16;15;10;11;6;4;4;1;3;3;0;0;2
;Totale;1355;1499;1617;1554;1594;1765;1745;1818;1883;1812;1760;1869;1861;1747;1879;1787;1854;1900;1959;1978;1887;1961;2055;2105;2081;2161;2214;2404;2266;2410;2328;2301;2475;2538;2623;2722;2657;2900;2886;3101;3234;3305;3599;3831;3874;3748;3606;3595;3654;3489;3628;3581;3626;3696;3463;3280;3114;3103;3012;2898;2860;2835;2738;2699;2540;2497;2377;2469;2394;2388;2285;2272;2062;1806;1686;1871;1712;1762;1610;1396;1278;1213;969;913;860;714;643;634;438;381;279;216;149;118;91;74;36;38;14;3;16
Territorio/Età;;0;1;2;3;4;5;6;7;8;9;10;11;12;13;14;15;16;17;18;19;20;21;22;23;24;25;26;27;28;29;30;31;32;33;34;35;36;37;38;39;40;41;42;43;44;45;46;47;48;49;50;51;52;53;54;55;56;57;58;59;60;61;62;63;64;65;66;67;68;69;70;71;72;73;74;75;76;77;78;79;80;81;82;83;84;85;86;87;88;89;90;91;92;93;94;95;96;97;98;99;100
Codice comune;Comune;Femmine
092003;Assemini;92;95;92;102;94;136;121;128;133;123;136;115;134;135;115;116;119;106;112;132;107;116;112;96;120;127;139;162;148;130;172;158;148;170;185;186;193;180;188;202;224;235;247;230;281;232;274;206;242;248;257;239;249;252;231;212;197;211;194;204;190;193;192;155;192;174;160;139;150;153;131;112;115;99;97;116;103;107;83;93;91;73;51;66;60;46;46;41;33;34;25;14;14;15;14;5;7;1;3;2;2
092009;Cagliari;392;367;433;418;424;504;482;493;513;528;489;483;529;538;562;521;565;514;597;514;548;552;570;631;650;631;694;695;702;748;731;766;771;786;826;818;870;883;926;994;969;1063;1141;1272;1239;1320;1300;1252;1293;1305;1284;1337;1362;1366;1324;1289;1292;1234;1283;1212;1255;1247;1177;1256;1166;1211;1109;1179;1158;1105;1206;1082;1059;972;1008;1059;1067;1093;1001;915;855;840;750;746;776;624;570;616;526;453;386;340;262;223;151;125;114;76;34;25;47
092011;Capoterra;87;78;87;90;78;103;97;107;103;126;113;118;107;122;120;107;95;104;86;98;112;95;102;102;107;102;123;109;84;109;133;115;130;120;141;136;138;132;162;161;168;216;206;185;220;220;212;209;195;205;225;198;209;194;216;199;197;153;184;155;172;153;143;163;166;151;138;137;120;148;137;122;136;103;120;88;89;86;81;77;59;73;53;45;59;31;38;31;35;28;14;17;12;13;6;8;2;3;0;1;4
092015;Decimomannu;28;38;39;37;40;32;43;29;46;39;36;30;37;41;44;30;50;28;41;26;28;37;34;32;31;42;38;47;34;47;40;43;49;59;42;68;67;67;60;69;74;59;80;78;81;84;64;61;91;76;72;64;67;74;73;85;56;63;62;39;42;57;57;43;39;43;47;49;44;53;40;47;42;20;51;48;39;32;21;26;22;21;14;26;9;20;18;12;10;14;5;4;5;1;1;3;0;2;1;0;0
092037;Maracalagonis;30;42;30;36;27;37;25;31;28;28;34;31;43;37;43;28;30;36;35;34;25;30;35;46;39;41;37;42;39;43;54;49;44;49;64;64;75;65;64;57;67;49;82;53;66;63;70;83;61;72;67;52;67;76;54;62;63;35;48;44;45;59;42;56;43;31;38;55;43;35;48;28;38;36;32;40;27;35;30;19;26;31;22;24;18;10;11;11;12;7;6;7;4;1;4;2;1;0;0;0;0
092050;Pula;17;22;26;32;24;34;32;14;30;33;33;36;29;22;28;14;25;29;22;28;29;19;23;26;38;38;28;38;41;28;37;29;46;34;36;51;46;49;53;57;55;58;70;73;54;50;57;59;58;51;60;49;76;57;45;48;62;49;41;58;49;57;49;56;48;50;62;40;52;59;47;48;49;43;49;38;35;43;32;23;24;29;18;19;16;18;17;14;12;13;11;8;6;8;3;4;2;1;2;1;0
092051;Quartu Sant'Elena;200;209;213;224;264;237;282;302;279;284;285;281;282;260;286;292;310;304;288;261;303;328;287;309;335;355;348;350;360;374;331;381;399;359;429;455;415;450;440;497;484;591;584;642;604;636;635;636;655;639;644;653;683;628;623;635;638;559;579;525;555;563;524;525;483;455;481;488;438;497;431;425;373;338;317;317;267;313;283;251;232;196;183;186;161;133;132;122;122;112;65;70;45;40;26;17;16;20;8;6;3
092066;Sarroch;15;14;14;26;25;20;20;13;26;22;20;24;14;17;24;14;23;18;13;24;22;16;16;19;27;37;22;31;25;21;33;37;36;15;27;35;36;42;38;44;40;35;48;41;38;31;46;34;37;40;36;45;41;42;41;36;37;39;49;40;47;44;43;35;39;32;34;41;38;33;35;24;20;23;30;29;25;39;27;27;20;24;19;12;14;15;19;9;11;10;8;4;3;3;0;5;0;1;0;0;0
092068;Selargius;80;76;97;100;103;97;119;119;117;140;113;134;105;127;129;124;143;152;139;113;124;134;129;137;141;172;140;190;145;183;136;161;176;150;158;186;197;218;203;205;234;223;281;245;253;279;266;256;271;274;299;265;294;291;230;249;216;254;272;244;237;240;231;238;210;204;205;205;202;199;184;149;161;128;120;152;120;122;97;104;100;82;77;72;57;60;55;57;43;38;46;26;18;19;11;10;8;13;2;1;5
092074;Sestu;69;72;106;80;91;115;87;113;98;92;109;108;107;106;126;102;86;104;79;90;84;75;74;89;75;94;94;91;112;130;117;139;114;160;118;173;165;192;177;204;187;223;244;251;222;222;258;231;204;207;167;207;189;167;179;142;130;129;114;103;110;96;101;110;100;108;77;75;81;83;79;67;77;72;71;72;65;80;56;53;38;47;57;57;31;36;35;26;17;22;12;14;11;8;7;5;6;7;0;1;3
092075;Settimo San Pietro;26;24;25;35;31;30;31;39;25;18;32;32;30;26;28;26;30;29;22;26;29;23;25;24;36;28;33;39;41;44;35;44;49;40;61;47;57;67;57;74;63;67;66;67;60;55;37;53;48;49;59;56;59;54;43;50;60;57;34;41;53;54;41;59;40;46;45;37;40;40;39;35;38;19;22;27;24;35;30;20;13;14;19;14;10;15;9;8;15;5;6;3;5;5;1;0;2;1;0;0;1
092080;Sinnai;53;74;86;54;72;88;69;91;71;89;83;70;67;68;73;79;76;82;72;70;64;73;76;83;99;81;70;94;89;102;109;105;117;120;116;115;130;129;129;125;146;136;168;180;161;161;172;137;156;144;125;131;123;137;147;139;118;116;126;119;116;113;107;90;113;81;100;88;96;101;100;84;72;80;62;77;69;67;67;43;58;48;44;37;42;30;29;27;19;26;21;13;17;5;4;5;3;8;3;2;1
092090;Uta;51;45;47;43;51;40;46;44;46;33;34;36;32;32;35;33;39;37;35;35;29;31;35;33;53;39;62;57;54;48;64;67;55;59;79;81;73;69;73;70;91;68;55;67;86;88;71;76;65;59;63;65;62;71;71;67;68;43;63;54;50;52;29;46;47;40;38;40;43;48;46;37;38;19;33;30;34;34;27;20;21;21;20;27;22;19;11;17;15;7;6;7;7;3;3;4;1;1;1;1;1
092099;Villa San Pietro;10;12;6;11;8;9;11;9;13;12;9;10;11;9;6;9;8;3;7;8;5;12;12;13;7;11;9;10;6;10;12;10;13;17;25;16;15;14;15;20;25;21;17;18;18;21;20;22;19;19;16;11;16;12;14;12;17;9;15;14;12;19;13;19;19;11;16;16;9;18;11;15;7;14;14;9;9;7;5;5;2;6;2;6;3;7;4;5;1;3;1;0;0;1;0;1;2;0;0;0;0
092105;Quartucciu;32;45;61;54;59;57;62;72;67;61;72;71;54;51;51;57;53;54;52;45;53;49;57;70;69;58;70;71;84;64;61;70;71;77;82;87;97;76;95;119;94;121;130;136;146;130;125;133;132;99;130;139;127;129;120;115;120;80;100;107;83;86;79;87;71;83;68;71;82;77;54;58;65;54;47;49;59;50;49;44;39;38;36;39;31;31;28;26;22;23;16;17;5;6;6;3;1;2;0;2;2
092108;Elmas;20;40;35;28;30;34;40;41;32;44;44;43;33;40;34;45;46;41;33;35;33;32;24;47;47;49;45;43;54;42;59;57;49;50;60;62;66;50;63;78;81;75;101;87;88;84;93;90;84;101;75;89;82;91;82;85;74;69;82;70;61;60;67;74;65;62;62;56;49;61;52;46;44;31;44;42;33;30;31;27;31;27;24;28;26;24;15;15;14;11;10;13;7;2;3;1;2;3;3;0;0
092109;Monserrato;54;65;45;63;57;76;68;79;77;71;72;98;52;57;67;86;68;75;78;75;81;75;99;83;78;91;82;111;98;112;101;101;98;98;116;125;124;115;104;126;142;162;160;147;159;176;173;158;182;178;167;173;197;197;196;166;171;191;174;166;170;164;149;170;141;131;164;147;160;129;133;125;118;87;90;105;89;132;104;91;93;94;77;86;62;73;42;52;33;35;40;26;13;11;10;13;10;6;4;5;4
;Totale;1256;1318;1442;1433;1478;1649;1635;1724;1704;1743;1714;1720;1666;1688;1771;1683;1766;1716;1711;1614;1676;1697;1710;1840;1952;1996;2034;2180;2116;2235;2225;2332;2365;2363;2565;2705;2764;2798;2847;3102;3144;3402;3680;3772;3776;3852;3873;3696;3793;3766;3746;3773;3903;3838;3689;3591;3516;3291;3420;3195;3247;3257;3044;3182;2982;2913;2844;2863;2805;2839;2773;2504;2452;2138;2207;2298;2154;2305;2024;1838;1724;1664;1466;1490;1397;1192;1079;1089;940;841;678;583;434;364;250;211;177;145;61;47;73

"Ricostruzione della popolazione intercensuaria - Popolazione al 1° gennaio per età"
"Tutte le cittadinanze - Anno: 2019 - Provincia: Cagliari"
Territorio/Età;;0;1;2;3;4;5;6;7;8;9;10;11;12;13;14;15;16;17;18;19;20;21;22;23;24;25;26;27;28;29;30;31;32;33;34;35;36;37;38;39;40;41;42;43;44;45;46;47;48;49;50;51;52;53;54;55;56;57;58;59;60;61;62;63;64;65;66;67;68;69;70;71;72;73;74;75;76;77;78;79;80;81;82;83;84;85;86;87;88;89;90;91;92;93;94;95;96;97;98;99;100
Codice comune;Comune;Totale
092003;Assemini;159;183;198;191;194;192;261;213;265;245;233;260;237;280;249;231;266;232;234;237;239;233;246;249;234;238;258;254;320;278;288;306;318;300;337;346;367;351;396;422;425;442;459;468;467;526;460;490;440;454;516;489;462;500;481;462;419;374;421;370;366;361;366;335;308;324;321;326;288;280;268;249;236;202;217;179;214;196;194;164;150;145;128;92;92;88;66;74;64;46;40;37;24;16;16;15;8;7;2;1;3
092009;Cagliari;711;805;829;879;942;892;1038;995;1055;1080;1114;1010;1080;1115;1081;1164;1059;1144;1109;1264;1158;1182;1246;1255;1380;1391;1377;1466;1570;1490;1569;1532;1538;1647;1632;1670;1721;1730;1819;1800;2000;2024;2130;2333;2523;2469;2543;2501;2456;2523;2485;2509;2551;2637;2648;2452;2380;2391;2319;2366;2204;2296;2257;2121;2174;2039;2126;1976;2064;1981;2018;2064;1886;1824;1660;1647;1766;1748;1796;1636;1494;1391;1320;1166;1138;1106;926;813;877;666;584;468;381;295;234;161;149;106;78;32;57
092011;Capoterra;124;155;160;163;169;169;203;210;209;208;238;212;239;226;220;242;216;208;219;221;242;237;206;216;216;211;228;228;229;214;245;259;232;243;243;269;285;266;280;329;328;332;389;384;396;440;401;417;420;408;388;464;405;408;392;426;385;347;309;360;312;327;306;305;304;288;269;261;261;238;271;246;237;250;192;194;182;161;157;147;128;100;111;91;78;96;53;63;49;49;41;27;24;16;15;5;8;5;4;2;4
092015;Decimomannu;47;56;67;71;72;79;68;84;68;82;68;80;63;84;84;93;71;93;77;81;63;67;72;80;67;74;77;86;92;86;88;91;92;93;119;93;136;121;146;121;152;151;132;165;171;166;180;136;157;163;138;143;148;143;146;131;126;123;128;119;101;82;105;101;91;79;91;84;87;88;92;78;92;78;50;78;79;72;62;47;50;44;37;26;36;17;29;22;18;13;15;7;5;5;4;1;5;0;3;0;0
092037;Maracalagonis;52;74;69;61;75;64;80;62;64;65;59;77;73;82;82;89;55;71;77;72;75;59;64;78;86;75;74;77;85;81;106;123;85;110;84;120;122;137;124;145;132;143;112;151;137;148;145;122;177;123;146;146;124;133;152;129;113;131;91;99;86;88;102;80;114;85;71;83;86;81;79;91;66;71;62;60;78;44;76;52;41;43;48;41;33;25;22;22;19;15;11;11;7;7;2;3;3;0;0;0;0
092050;Pula;38;45;46;52;58;55;68;67;52;56;66;66;68;64;54;53;43;58;60;52;56;59;50;49;58;57;72;58;65;57;77;73;56;89;86;87;95;93;102;109;126;123;107;130;145;129;112;109;120;144;106;136;119;136;116;100;118;108;97;98;106;105;107;106;107;104;98;103;91;105;105;98;92;99;87;83;81;67;77;66;52;55;48;28;29;30;28;21;17;16;20;15;10;5;8;2;3;3;0;0;1
092051;Quartu Sant'Elena;366;398;430;489;478;533;531;579;606;576;592;579;593;574;552;580;611;626;645;619;620;611;668;608;649;701;728;739;756;768;775;718;733;768;753;866;912;853;887;906;954;982;1143;1150;1246;1223;1278;1236;1233;1278;1194;1230;1229;1286;1234;1194;1214;1162;1085;1074;1039;1027;1046;1006;1010;918;867;839;869;851;895;826;817;722;609;553;578;528;561;504;431;373;351;286;291;266;198;174;180;168;127;78;76;44;46;26;21;17;17;8;7
092066;Sarroch;28;31;33;31;44;41;40;32;29;53;38;39;49;28;34;55;42;52;39;36;37;36;36;44;39;45;67;49;53;47;48;59;65;63;58;60;67;76;85;72;85;93;76;93;91;93;82;96;85;89;82;69;90;93;87;80;76;95;66;85;74;76;80;89;75;80;59;65;75;68;63;69;60;49;60;53;50;47;74;49;43;37;39;32;28;25;24;27;14;17;12;9;6;3;3;0;5;1;1;0;0
092068;Selargius;141;179;173;207;199;189;221;263;244;271;259;225;266;211;245;275;254;289;311;313;273;272;264;283;299;281;321;274;336;291;356;291;313;338;314;330;379;395;387;389;393;448;412;529;516;531;516;514;479;488;500;523;497;517;553;455;462;443;437;468;427;429;446;414;456;379;371;371;386;361;342;327;305;291;228;244;277;206;229;177;189;161;134;112;115;104;100;82;84;57;43;48;24;18;16;9;9;8;7;0;3
092074;Sestu;152;156;173;246;173;211;234;218;218;221;200;230;240;223;197;225;197;192;194;180;202;182;160;172;183;167;183;197;207;239;248;266;274;255;307;287;336;320;343;351;395;409;414;434;478;479;466;480;443;426;407;370;389;359;352;365;296;258;255;236;216;227;214;200;190;191;185;169;164;174;158;156;144;133;140;132;134;135;149;110;106;80;91;81;77;66;52;53;43;27;30;20;15;15;7;8;5;5;6;0;5
092075;Settimo San Pietro;55;60;62;58;58;76;71;71;69;68;57;71;61;50;66;55;54;54;60;48;52;65;50;52;64;63;58;58;76;78;85;69;82;110;98;126;97;115;131;118;136;128;141;118;141;127;135;106;112;91;109;107;109;107;104;99;94;97;103;80;86;89;92;88;101;82;76;79;89;85;68;69;65;65;41;54;49;40;51;51;30;28;29;33;17;22;22;16;12;20;6;7;6;8;5;2;1;3;1;0;0
092080;Sinnai;113;131;154;166;134;150;157;160;162;154;166;171;170;148;156;151;157;168;168;156;159;143;166;175;184;196;179;156;179;188;212;195;205;232;230;244;238;245;279;277;282;275;303;338;350;322;331;295;296;293;291;281;283;271;268;271;285;222;245;250;236;219;205;209;185;219;177;180;183;195;178;173;166;152;133;112;142;126;117;113;90;95;90;65;70;60;42;44;37;35;35;24;15;20;7;8;5;5;6;2;3
092090;Uta;63;94;89;96;88;97;86;84;90;90;81;74;66;66;78;71;66;75;74;70;76;61;63;87;79;112;74;112;107;103;100;115;128;130;121;160;171;160;158;155;152;174;144;136;148;150;158;146;154;136;136;151;148;133;154;144;145;132;104;126;122;105;105;77;89;99;87;76;91;83;84;87;66;76;51;61;63;66;58;53;43;41;40;36;43;32;31;25;21;14;13;8;6;4;3;3;3;1;1;1;1
092099;Villa San Pietro;17;16;18;18;20;14;21;28;19;26;18;17;19;20;18;11;25;17;13;16;18;13;22;22;16;14;15;13;24;16;23;26;18;28;29;41;28;38;37;32;39;51;43;45;40;34;37;47;41;43;35;32;27;32;26;24;24;33;16;32;24;24;30;29;33;30;25;29;39;22;31;22;27;16;25;30;20;16;16;17;12;3;13;4;11;3;7;10;6;3;5;1;3;0;1;1;1;2;0;0;0
092105;Quartucciu;83;68;102;127;107;109;119;106;131;144;128;143;124;139;96;115;119;119;122;117;113;117;113;129;132;129;131;140;148;152;129;122;156;140;156;152;168;173;170;185;214;189;226;256;262;301;265;266;249;263;208;260;261;253;244;244;211;230;180;174;201;170;180;151;157;150;141;135;143;136;148;110;131;109;90;78;86;103;92;87;76;72;66;59;60;44;46;41;29;25;32;20;24;4;8;5;2;1;1;1;3
092108;Elmas;53;49;85;75;57;81;70;85;93;78;90;80;86;70;79;85;86;87;94;71;88;79;79;73;89;110;96;101;93;107;90;106;118;102;100;119;118;128;109;135;149;148;173;188;179;187;181;186;162;174;183;145;166;159;182;161;158;146;148;143;143;125;123;128;126;130;108;120;109;96;123;101;92;72;61;81;72;67;60;64;48;60;47;41;47;38;35;22;17;26;16;12;13;11;8;5;2;1;4;2;0
092109;Monserrato;94;98;125;107;125;124;159;137;166;160;143;144;160;140;152;152;164;153;146;150;158;162;160;194;184;152;191;200;227;198;210;214;212;210;216;237;248;252;240;215;238;291;294;341;339;335;321;332;317;343;322;313;317;351;372;372;328;306;351;337;318;322;298;287;316;270;258;285;246;287;233;233;232;240;165;181;205;153;200;187;151;141;149;123;121;102;102;71;74;49;42;46;32;17;13;10;14;11;6;2;8
;Totale;2296;2598;2813;3037;2993;3076;3427;3394;3540;3577;3550;3478;3594;3520;3443;3647;3485;3638;3642;3703;3629;3578;3665;3766;3959;4016;4129;4208;4567;4393;4649;4565;4625;4858;4883;5207;5488;5453;5693;5761;6200;6403;6698;7259;7629;7660;7611;7479;7341;7439;7246;7368;7325;7518;7511;7109;6834;6598;6355;6417;6061;6072;6062;5726;5836;5467;5330;5181;5271;5131;5156;4999;4714;4449;3871;3820;4076;3775;3969;3524;3134;2869;2741;2316;2286;2124;1783;1580;1561;1246;1072;838;671;488;396;264;244;176;137;51;95
Territorio/Età;;0;1;2;3;4;5;6;7;8;9;10;11;12;13;14;15;16;17;18;19;20;21;22;23;24;25;26;27;28;29;30;31;32;33;34;35;36;37;38;39;40;41;42;43;44;45;46;47;48;49;50;51;52;53;54;55;56;57;58;59;60;61;62;63;64;65;66;67;68;69;70;71;72;73;74;75;76;77;78;79;80;81;82;83;84;85;86;87;88;89;90;91;92;93;94;95;96;97;98;99;100
Codice comune;Comune;Maschi
092003;Assemini;94;87;107;104;95;102;127;100;141;119;113;123;126;147;113;116;151;114;125;124;105;128;134;139;134;113;136;127;162;131;157;144;162;158;173;170;182;154;221;234;218;219;227;229;245;252;227;219;227;219;268;229;229;250;229;235;210;181;208;185;168;174;175;146;155;135;149;167;152;130;114;120;124;86;118;84;102;94;92;84;60;58;56;44;27;32;23;26;26;18;13;15;8;3;2;5;4;2;0;0;0
092009;Cagliari;340;401;452;458;512;459;526;492;555;554;583;501;585;577;534;593;528;576;590;657;624;628;685;685;737;727;728;768;867;778;821;790;775;853;840;836;868;855;920;878;1008;1038;1052;1161;1233;1200;1223;1195;1183;1225;1170;1205;1209;1258;1270;1138;1088;1101;1089;1074;993;1042;1007;954;914;888;917;867;895;836;913;868;810;777;706;650;719;691;721;653;601;561;505;445;423;378;324;265;304;184;177;124;98;64;53;42;43;14;20;7;5
092011;Capoterra;64;76;76;80;83;96;103;113;103;107;116;101;117;123;96;126;109;116;114;139;145;127;111;114;111;112;125;103;124;131;144;125;118;115;121;131;149;126;152;168;162;165;178;178;208;223;183;206;209;212;186;240;211;202;201;210;187;149;158;177;154;158;150;164;141;126;121;129;127;119;125;106;115;118;93;78;98;76;76;69;56;46;44;37;33;36;26;29;20;17;15;13;9;6;7;1;1;3;1;1;1
092015;Decimomannu;26;27;32;37;34;44;37;38;40;36;28;45;33;46;42;49;39;41;49;41;38;38;38;46;40;44;36;43;46;50;40;46;47;46;58;46;66;52;79;61;84;76;73;83;91;80;95;73;92;71;64;72;82;77;72;61;45;61;64;57;61;40;49;44;49;39;49;37;38;46;39;38;46;37;30;28;33;34;31;27;24;25;16;12;12;9;11;7;8;4;3;2;2;2;3;0;2;0;1;0;0
092037;Maracalagonis;22;45;30;32;37;42;39;35;33;36;34;44;42;38;45;46;28;41;41;36;42;36;34;42;40;39;34;36;39;44;61;65;41;61;37;55;57;61;55;79;75;78;64;68;82;82;83;55;92;63;74;80;69;67;75;75;51;66;54;55;40;42;43;38;59;44;40;46;33;39;44;43;38;33;28;29;40;19;41;23;24;17;16;20;11;9;13;11;8;7;4;6;0;3;1;0;1;0;0;0;0
092050;Pula;23;28;24;27;25;29;30;35;37;28;32;33;32;33;34;25;28;33;34;30;27;30;29;30;33;20;33;31;27;22;47;37;26;44;48;49;42;50;52;54;66;65;55;61;70;78;58;50;61;85;54;76;70;60;58;54;72;48;48;57;46;55;49;58;51;54;48;42;50;52;49;49;44;51;45;34;43;35;35;35;29;31;19;11;12;15;14;7;4;5;7;5;4;1;1;0;0;1;0;0;0
092051;Quartu Sant'Elena;201;201;217;274;258;264;295;299;307;301;310;296;315;299;292;299;318;320;343;333;358;309;344;324;345;365;379;401;405;408;409;378;358;377;401;446;461;441;442;456;459;504;552;585;608;616;633;606;595;626;566;593;579;609;617;567;578;522;529;495;526;474;490;483;494;438;418;361;388;421;410;406;397;349;278;245;275;265;255;230;191;148;164;114;112;118;76;59;71;55;31;19;18;8;11;8;5;4;2;2;1
092066;Sarroch;17;16;18;18;20;16;21;12;17;27;16;19;25;14;18;29;28;30;21;23;14;15;22;27;20;17;33;25;23;22;27;28;30;31;38;32;31;37;42;35;43;48;43;43;50;56;49;52;49;51;42;35;46;51;44;40;39;57;28;36;34;32;35;47;39;41;28;30;35;31;29;34;36;29;36;23;21;22;35;22;17;18;15;12;16;13;9;10;7;8;5;2;2;2;0;0;0;1;0;0;0
092068;Selargius;72;97;101;107;104;84;124;147;126;155;124;117;136;106;123;151;131;150;165;174;163;148;131;156;168;141;159;146;162;153;177;158;161;170;171;181;201;193;177;195;191;215;191;255;267;276;239;251;224;221;232;233;237;227;266;226;215;228;190;199;184;198;211;190;223;172;171;169;183;162;150;144;159;134;103;125;128;87;110;82;87;63;55;41;45;50;41;33;30;17;9;9;4;6;3;1;3;0;1;0;0
092074;Sestu;80;91;104;134;94;121;121;131;106;123;108;124;134;118;96;103;98;106;90;103;112;99;87;93;93;89;96;102;113;112;113;139;123;137;150;163;168;149;158;179;198;218;193;197;234;269;245;222;214;224;197;201;182;171;185;191;154;129;126;122;115;116;117;99;82;89;78;91;89;92;76;74;76;55;69;60;62;69;71;55;54;43;47;26;26;35;17;20;19;13;12;8;5;5;0;1;2;3;1;0;2
092075;Settimo San Pietro;26;33;36;31;21;41;40;39;30;42;39;38;29;21;39;28;27;24;29;27;27;36;26;30;38;27;30;28;35;37;39;33;39;58;55;62;50;57;62;63;59;66;74;52;71;67;79;66;62;41;58;52;53;50;50;57;44;37;48;44;45;36;39;47;41;42;31;34;52;45;29;33;30;27;20;32;23;16;16;21;11;15;16;15;3;12;7;8;5;6;3;1;4;3;0;1;0;1;0;0;0
092080;Sinnai;56;78;84;80;77;79;70;88;69;84;75;86;97;80;89;80;78;91;88;83;89;76;90;100;103;98;100;81;91;96;105;90;100;117;108;126;121;111;146;147;149;128;167;171;169;164;173;126;159;136;147;156;149;146;135;128;145;104;131;125;115;104;94;103;94;105;99;82;95;99;77;73;83;82;57;49;66;58;51;46;47;43;42;22;35;22;13;17;13;15;11;8;3;5;1;4;3;2;1;0;0
092090;Uta;27;44;46;53;48;45;42;38;46;43;50;40;32;33;47;38;34;37;38;36;42;31;32;52;44;61;32;47;50;49;53;51;63;66;63;81;87;88;90;80;85;85;75;84;80;65;70;74;79;69;74;86;85;72;85;72;72;65;60;60;66;56;53;50;44;51;47;37;48;40;36;41;30;38;33;28;32;33;24;26;23;20;20;16;16;14;12;14;6;2;7;2;1;0;2;2;0;1;0;0;0
092099;Villa San Pietro;10;6;7;12;10;5;12;16;10;14;6;8;9;9;8;5;16;9;10;9;10;8;10;11;7;7;8;5;15;9;13;14;8;13;15;16;13;22;22;16;19;25;23;25;24;17;15;26;20;23;16;18;16;15;15;10;12;16;7;16;10;11;12;15;14;10;15;13;23;13;13;11;12;9;11;15;12;8;9;13;8;1;8;2;5;0;2;6;1;2;2;1;3;0;0;1;0;0;0;0;0
092105;Quartucciu;49;34;58;65;48;52;64;45;59;80;63;72;52;84;47;61;61;63;68;66;65;63;66;69;61;65;70;75;76;73;67;61;81;75;81;71;84;71;94;90;93;96;105;132;129;162;136;136;117;135;109;129;121;122;116;122;94;112;101;70;94;88;90;72;72;79;61;69;71;55;71;57;74;46;36;32;38;45;43;38;32;35;31;25;23;15;15;16;4;5;11;5;10;1;3;0;0;0;0;1;0
092108;Elmas;30;26;43;37;28;49;35;45;52;50;46;40;43;34;40;51;40;41;52;37;54;45;45;48;40;62;48;53;47;53;47;47;58;48;47;60;54;60;58;70;70;71;97;89;91;101;94;93;76;91;85;72;75;78;93;79;76;74;77;63;75;64;64;60;55;65;45;58;55;48;62;49;46;27;30;38;28;34;30;34;22;30;23;18;18;12;13;9;4;12;5;4;1;4;4;2;1;0;1;0;0
092109;Monserrato;49;43;60;60;62;66;84;73;93;81;70;72;60;86;93;84;78;82;71;70;80;80;83;91;101;72;98;117;117;103;100;118;109;105;120;117;112;124;121;110;109;149;131;172;191;176;149;155;159;158;143;142;147;152;175;177;163;133;164;164;154;150;136;140;148;132;132;118;101;128;106;101;106;122;77;93;99;67;70;82;65;51;59;50;38;44;38;33;28;14;12;9;8;6;3;3;2;3;1;0;2
;Totale;1186;1333;1495;1609;1556;1594;1770;1746;1824;1880;1813;1759;1867;1848;1756;1884;1792;1874;1928;1988;1995;1897;1967;2057;2115;2059;2145;2188;2399;2271;2420;2324;2299;2474;2526;2642;2746;2651;2891;2915;3088;3246;3300;3585;3843;3884;3751;3605;3618;3650;3485;3619;3560;3607;3686;3442;3245;3083;3082;2999;2880;2840;2814;2710;2675;2510;2449;2350;2435;2356;2343;2247;2226;2020;1770;1643;1819;1653;1710;1540;1351;1205;1136;910;855;814;654;570;558;384;327;233;180;119;94;71;67;35;29;11;11
Territorio/Età;;0;1;2;3;4;5;6;7;8;9;10;11;12;13;14;15;16;17;18;19;20;21;22;23;24;25;26;27;28;29;30;31;32;33;34;35;36;37;38;39;40;41;42;43;44;45;46;47;48;49;50;51;52;53;54;55;56;57;58;59;60;61;62;63;64;65;66;67;68;69;70;71;72;73;74;75;76;77;78;79;80;81;82;83;84;85;86;87;88;89;90;91;92;93;94;95;96;97;98;99;100
Codice comune;Comune;Femmine
092003;Assemini;65;96;91;87;99;90;134;113;124;126;120;137;111;133;136;115;115;118;109;113;134;105;112;110;100;125;122;127;158;147;131;162;156;142;164;176;185;197;175;188;207;223;232;239;222;274;233;271;213;235;248;260;233;250;252;227;209;193;213;185;198;187;191;189;153;189;172;159;136;150;154;129;112;116;99;95;112;102;102;80;90;87;72;48;65;56;43;48;38;28;27;22;16;13;14;10;4;5;2;1;3
092009;Cagliari;371;404;377;421;430;433;512;503;500;526;531;509;495;538;547;571;531;568;519;607;534;554;561;570;643;664;649;698;703;712;748;742;763;794;792;834;853;875;899;922;992;986;1078;1172;1290;1269;1320;1306;1273;1298;1315;1304;1342;1379;1378;1314;1292;1290;1230;1292;1211;1254;1250;1167;1260;1151;1209;1109;1169;1145;1105;1196;1076;1047;954;997;1047;1057;1075;983;893;830;815;721;715;728;602;548;573;482;407;344;283;231;181;119;106;92;58;25;52
092011;Capoterra;60;79;84;83;86;73;100;97;106;101;122;111;122;103;124;116;107;92;105;82;97;110;95;102;105;99;103;125;105;83;101;134;114;128;122;138;136;140;128;161;166;167;211;206;188;217;218;211;211;196;202;224;194;206;191;216;198;198;151;183;158;169;156;141;163;162;148;132;134;119;146;140;122;132;99;116;84;85;81;78;72;54;67;54;45;60;27;34;29;32;26;14;15;10;8;4;7;2;3;1;3
092015;Decimomannu;21;29;35;34;38;35;31;46;28;46;40;35;30;38;42;44;32;52;28;40;25;29;34;34;27;30;41;43;46;36;48;45;45;47;61;47;70;69;67;60;68;75;59;82;80;86;85;63;65;92;74;71;66;66;74;70;81;62;64;62;40;42;56;57;42;40;42;47;49;42;53;40;46;41;20;50;46;38;31;20;26;19;21;14;24;8;18;15;10;9;12;5;3;3;1;1;3;0;2;0;0
092037;Maracalagonis;30;29;39;29;38;22;41;27;31;29;25;33;31;44;37;43;27;30;36;36;33;23;30;36;46;36;40;41;46;37;45;58;44;49;47;65;65;76;69;66;57;65;48;83;55;66;62;67;85;60;72;66;55;66;77;54;62;65;37;44;46;46;59;42;55;41;31;37;53;42;35;48;28;38;34;31;38;25;35;29;17;26;32;21;22;16;9;11;11;8;7;5;7;4;1;3;2;0;0;0;0
092050;Pula;15;17;22;25;33;26;38;32;15;28;34;33;36;31;20;28;15;25;26;22;29;29;21;19;25;37;39;27;38;35;30;36;30;45;38;38;53;43;50;55;60;58;52;69;75;51;54;59;59;59;52;60;49;76;58;46;46;60;49;41;60;50;58;48;56;50;50;61;41;53;56;49;48;48;42;49;38;32;42;31;23;24;29;17;17;15;14;14;13;11;13;10;6;4;7;2;3;2;0;0;1
092051;Quartu Sant'Elena;165;197;213;215;220;269;236;280;299;275;282;283;278;275;260;281;293;306;302;286;262;302;324;284;304;336;349;338;351;360;366;340;375;391;352;420;451;412;445;450;495;478;591;565;638;607;645;630;638;652;628;637;650;677;617;627;636;640;556;579;513;553;556;523;516;480;449;478;481;430;485;420;420;373;331;308;303;263;306;274;240;225;187;172;179;148;122;115;109;113;96;59;58;36;35;18;16;13;15;6;6
092066;Sarroch;11;15;15;13;24;25;19;20;12;26;22;20;24;14;16;26;14;22;18;13;23;21;14;17;19;28;34;24;30;25;21;31;35;32;20;28;36;39;43;37;42;45;33;50;41;37;33;44;36;38;40;34;44;42;43;40;37;38;38;49;40;44;45;42;36;39;31;35;40;37;34;35;24;20;24;30;29;25;39;27;26;19;24;20;12;12;15;17;7;9;7;7;4;1;3;0;5;0;1;0;0
092068;Selargius;69;82;72;100;95;105;97;116;118;116;135;108;130;105;122;124;123;139;146;139;110;124;133;127;131;140;162;128;174;138;179;133;152;168;143;149;178;202;210;194;202;233;221;274;249;255;277;263;255;267;268;290;260;290;287;229;247;215;247;269;243;231;235;224;233;207;200;202;203;199;192;183;146;157;125;119;149;119;119;95;102;98;79;71;70;54;59;49;54;40;34;39;20;12;13;8;6;8;6;0;3
092074;Sestu;72;65;69;112;79;90;113;87;112;98;92;106;106;105;101;122;99;86;104;77;90;83;73;79;90;78;87;95;94;127;135;127;151;118;157;124;168;171;185;172;197;191;221;237;244;210;221;258;229;202;210;169;207;188;167;174;142;129;129;114;101;111;97;101;108;102;107;78;75;82;82;82;68;78;71;72;72;66;78;55;52;37;44;55;51;31;35;33;24;14;18;12;10;10;7;7;3;2;5;0;3
092075;Settimo San Pietro;29;27;26;27;37;35;31;32;39;26;18;33;32;29;27;27;27;30;31;21;25;29;24;22;26;36;28;30;41;41;46;36;43;52;43;64;47;58;69;55;77;62;67;66;70;60;56;40;50;50;51;55;56;57;54;42;50;60;55;36;41;53;53;41;60;40;45;45;37;40;39;36;35;38;21;22;26;24;35;30;19;13;13;18;14;10;15;8;7;14;3;6;2;5;5;1;1;2;1;0;0
092080;Sinnai;57;53;70;86;57;71;87;72;93;70;91;85;73;68;67;71;79;77;80;73;70;67;76;75;81;98;79;75;88;92;107;105;105;115;122;118;117;134;133;130;133;147;136;167;181;158;158;169;137;157;144;125;134;125;133;143;140;118;114;125;121;115;111;106;91;114;78;98;88;96;101;100;83;70;76;63;76;68;66;67;43;52;48;43;35;38;29;27;24;20;24;16;12;15;6;4;2;3;5;2;3
092090;Uta;36;50;43;43;40;52;44;46;44;47;31;34;34;33;31;33;32;38;36;34;34;30;31;35;35;51;42;65;57;54;47;64;65;64;58;79;84;72;68;75;67;89;69;52;68;85;88;72;75;67;62;65;63;61;69;72;73;67;44;66;56;49;52;27;45;48;40;39;43;43;48;46;36;38;18;33;31;33;34;27;20;21;20;20;27;18;19;11;15;12;6;6;5;4;1;1;3;0;1;1;1
092099;Villa San Pietro;7;10;11;6;10;9;9;12;9;12;12;9;10;11;10;6;9;8;3;7;8;5;12;11;9;7;7;8;9;7;10;12;10;15;14;25;15;16;15;16;20;26;20;20;16;17;22;21;21;20;19;14;11;17;11;14;12;17;9;16;14;13;18;14;19;20;10;16;16;9;18;11;15;7;14;15;8;8;7;4;4;2;5;2;6;3;5;4;5;1;3;0;0;0;1;0;1;2;0;0;0
092105;Quartucciu;34;34;44;62;59;57;55;61;72;64;65;71;72;55;49;54;58;56;54;51;48;54;47;60;71;64;61;65;72;79;62;61;75;65;75;81;84;102;76;95;121;93;121;124;133;139;129;130;132;128;99;131;140;131;128;122;117;118;79;104;107;82;90;79;85;71;80;66;72;81;77;53;57;63;54;46;48;58;49;49;44;37;35;34;37;29;31;25;25;20;21;15;14;3;5;5;2;1;1;0;3
092108;Elmas;23;23;42;38;29;32;35;40;41;28;44;40;43;36;39;34;46;46;42;34;34;34;34;25;49;48;48;48;46;54;43;59;60;54;53;59;64;68;51;65;79;77;76;99;88;86;87;93;86;83;98;73;91;81;89;82;82;72;71;80;68;61;59;68;71;65;63;62;54;48;61;52;46;45;31;43;44;33;30;30;26;30;24;23;29;26;22;13;13;14;11;8;12;7;4;3;1;1;3;2;0
092109;Monserrato;45;55;65;47;63;58;75;64;73;79;73;72;100;54;59;68;86;71;75;80;78;82;77;103;83;80;93;83;110;95;110;96;103;105;96;120;136;128;119;105;129;142;163;169;148;159;172;177;158;185;179;171;170;199;197;195;165;173;187;173;164;172;162;147;168;138;126;167;145;159;127;132;126;118;88;88;106;86;130;105;86;90;90;73;83;58;64;38;46;35;30;37;24;11;10;7;12;8;5;2;6
;Totale;1110;1265;1318;1428;1437;1482;1657;1648;1716;1697;1737;1719;1727;1672;1687;1763;1693;1764;1714;1715;1634;1681;1698;1709;1844;1957;1984;2020;2168;2122;2229;2241;2326;2384;2357;2565;2742;2802;2802;2846;3112;3157;3398;3674;3786;3776;3860;3874;3723;3789;3761;3749;3765;3911;3825;3667;3589;3515;3273;3418;3181;3232;3248;3016;3161;2957;2881;2831;2836;2775;2813;2752;2488;2429;2101;2177;2257;2122;2259;1984;1783;1664;1605;1406;1431;1310;1129;1010;1003;862;745;605;491;369;302;193;177;141;108;40;84

"Ricostruzione della popolazione intercensuaria - Popolazione al 1° gennaio per età"
"Cittadinanza italiana - Anno: 2002 - Provincia: Cagliari"
Territorio/Età;;0;1;2;3;4;5;6;7;8;9;10;11;12;13;14;15;16;17;18;19;20;21;22;23;24;25;26;27;28;29;30;31;32;33;34;35;36;37;38;39;40;41;42;43;44;45;46;47;48;49;50;51;52;53;54;55;56;57;58;59;60;61;62;63;64;65;66;67;68;69;70;71;72;73;74;75;76;77;78;79;80;81;82;83;84;85;86;87;88;89;90;91;92;93;94;95;96;97;98;99;100
Codice comune;Comune;Totale
092003;Assemini;250;248;250;235;225;226;259;244;217;245;266;283;278;298;290;278;288;304;303;334;318;376;363;387;381;396;399;408;450;424;481;402;449;503;449;507;512;507;493;457;425;433;380;390;388;397;369;351;344;340;364;312;303;296;252;278;232;247;215;251;241;232;220;186;206;187;139;151;171;124;149;138;120;126;106;98;77;84;64;77;63;65;32;37;24;21;35;26;14;21;20;13;8;13;2;3;1;3;1;0;0
092009;Cagliari;1026;931;1053;968;966;1023;1071;1092;1167;1120;1260;1321;1293;1362;1278;1450;1509;1526;1654;1796;1853;1956;1979;2194;2272;2502;2687;2913;2900;2827;2914;2680;2712;2600;2530;2567;2601;2611;2509;2373;2438;2383;2341;2291;2325;2362;2257;2340;2185;2332;2246;2370;2254;2354;2408;2175;2221;2017;2099;2261;2249;2364;2197;2015;1908;1937;1864;1875;1873;1727;1689;1794;1545;1564;1408;1487;1272;1361;1170;1150;1007;929;715;505;483;505;573;451;401;334;280;222;146;136;80;63;42;23;21;21;21
092011;Capoterra;217;234;224;224;227;205;215;238;228;248;242;253;246;272;269;246;256;260;280;311;291;291;300;312;321;324;336;355;412;424;395;412;428;391;421;423;437;427;413;404;381;332;370;318;337;313;337;309;303;301;278;292;263;282;282;273;267;237;212;221;215;202;205;171;147;168;136;130;146;114;135;123;112;117;89;68;68;68;55;49;58;47;45;26;33;27;19;13;31;22;16;16;9;7;4;3;3;1;0;3;2
092015;Decimomannu;64;64;64;56;52;72;73;60;63;68;72;88;74;72;77;92;83;98;80;86;87;104;87;100;96;120;137;131;122;135;134;116;123;113;136;137;134;126;130;115;114;111;110;97;82;102;106;84;84;96;90;83;87;97;82;92;84;57;92;84;83;78;59;72;57;67;41;64;44;52;47;39;27;62;25;32;28;25;27;26;22;24;14;11;13;13;16;9;7;9;4;6;4;6;2;1;1;2;0;0;0
092037;Maracalagonis;73;78;64;65;61;63;65;79;60;71;73;76;71;94;99;76;90;78;112;101;118;107;98;101;124;107;130;126;137;131;117;142;117;140;142;116;124;128;117;95;115;85;87;82;88;100;75;111;87;69;87;79;83;81;85;75;80;73;60;95;69;88;64;55;52;74;61;50;54;34;41;41;37;37;29;33;40;27;29;17;26;27;16;12;7;9;8;11;3;9;5;1;7;5;1;0;1;0;0;0;0
092050;Pula;58;58;49;45;58;45;57;57;49;69;59;69;60;72;71;62;75;91;85;84;93;97;85;120;117;96;112;116;105;79;95;102;125;92;124;105;124;102;103;109;101;81;91;95;99;93;93;98;103;98;96;89;99;116;92;94;100;80;80;79;77;83;67;66;64;61;53;55;51;54;44;43;45;39;44;41;22;33;19;18;31;22;14;11;11;18;14;13;8;7;9;8;1;2;1;2;1;2;0;0;0
092051;Quartu Sant'Elena;677;672;647;644;575;705;614;695;721;747;793;801;802;816;748;735;816;802;878;979;891;935;904;959;971;1105;1128;1210;1218;1232;1234;1164;1267;1166;1232;1306;1326;1277;1307;1283;1257;1162;1178;1111;1103;1082;1079;1064;1025;960;931;964;929;970;917;889;821;735;701;713;657;734;658;606;544;542;453;497;477;403;371;404;390;339;303;284;239;281;200;225;199;177;135;99;103;93;98;100;82;68;54;43;31;26;27;12;8;6;4;1;4
092066;Sarroch;39;37;31;29;23;36;45;38;43;59;60;53;52;51;46;65;71;68;74;86;97;95;72;90;96;97;101;99;93;76;101;71;95;85;67;75;98;85;87;72;104;65;83;75;71;82;90;73;86;79;80;76;72;64;66;67;56;63;60;67;63;73;57;52;45;57;47;46;46;36;49;47;38;38;23;26;14;17;18;23;20;23;12;13;9;12;18;9;11;7;6;8;3;2;4;0;3;0;1;1;2
092068;Selargius;272;269;283;239;258;246;276;274;275;316;292;349;314;321;281;329;361;371;369;368;439;420;417;392;457;428;486;508;473;454;517;459;479;467;500;509;530;560;454;465;458;472;479;452;441;470;435;504;437;429;421;423;406;395;359;357;360;266;296;317;284;274;234;237;218;199;181;171;181;171;182;167;140;128;109;108;93;113;87;80;74;91;57;37;26;47;39;37;36;21;20;18;9;8;7;4;0;3;1;1;3
092074;Sestu;186;196;175;188;162;154;151;165;170;176;175;179;189;179;180;188;189;199;187;201;208;237;203;228;204;234;258;306;299;301;330;307;335;336;346;346;301;316;327;286;269;244;226;205;230;207;192;193;180;185;173;155;178;167;160;149;145;142;143;158;160;172;136;133;106;125;99;115;107;89;96;81;85;62;76;67;60;66;43;39;45;38;19;27;22;20;26;20;9;16;11;12;5;3;8;0;1;2;1;0;1
092075;Settimo San Pietro;45;53;50;48;65;47;50;62;69;59;65;78;74;75;64;79;93;79;90;101;121;106;97;91;110;105;105;106;101;105;87;115;83;105;115;99;100;99;100;87;110;111;85;89;73;104;94;101;85;76;101;102;84;71;72;69;69;54;61;67;60;69;58;46;45;46;42;30;50;34;29;30;40;27;23;33;26;26;16;21;17;12;22;7;7;12;8;6;5;5;7;5;2;4;2;1;0;0;1;0;1
092080;Sinnai;158;178;147;147;135;149;170;166;197;172;161;174;177;192;170;190;208;205;233;220;251;216;213;226;235;257;282;273;250;286;296;291;265;267;285;301;273;265;284;283;235;246;254;244;217;214;205;194;216;187;194;181;205;188;187;165;174;147;126;171;159;156;139;123;126;122;106;100;98;90;98;101;90;100;84;66;62;51;63;51;51;53;47;24;24;25;21;24;19;23;19;18;6;11;7;5;2;2;2;0;2
092090;Uta;61;60;67;68;52;61;78;73;100;63;96;88;92;74;81;99;88;93;101;127;109;111;94;99;92;93;88;90;105;98;117;115;108;124;130;120;126;130;121;117;131;89;109;116;92;94;75;83;81;82;72;86;77;77;88;70;70;63;67;71;82;73;69;58;64;51;52;58;59;46;38;48;43;42;25;30;25;26;23;14;27;27;24;6;13;12;11;13;11;14;11;4;3;3;1;2;1;0;0;2;0
092099;Villa San Pietro;14;12;14;20;15;24;17;14;15;14;13;24;19;18;26;21;28;20;25;24;35;27;24;29;42;36;44;33;29;24;34;37;38;24;31;26;27;19;15;20;25;18;32;20;25;33;28;29;22;27;34;37;18;35;26;27;23;24;33;27;20;16;21;17;5;14;3;13;9;15;16;8;9;10;9;9;5;7;4;7;5;1;3;4;2;3;3;0;2;0;2;1;0;0;0;0;0;0;0;0;0
092105;Quartucciu;103;93;106;97;90;90;107;123;104;114;105;127;132;120;99;121;130;135;130;136;159;142;171;152;157;172;187;190;236;215;187;166;199;176;193;229;243;216;209;192;213;174;153;188;162;156;141;156;134;146;132;143;147;135;120;149;115;81;93;106;119;119;107;95;89;97;92;85;80;81;81;74;59;76;60;71;46;47;49;42;33;48;28;21;34;17;21;22;11;11;11;15;9;4;3;3;1;1;2;1;1
092108;Elmas;64;67;58;65;79;66;67;69;93;90;91;82;89;88;102;106;91;97;101;108;116;112;103;133;124;121;126;127;127;147;138;117;114;156;114;137;133;135;151;144;148;153;151;137;127;117;139;129;147;105;125;119;88;120;115;93;81;68;90;72;82;83;79;59;66;65;64;59;54;55;60;46;59;56;41;44;34;40;24;43;18;37;19;7;15;11;13;16;8;10;5;4;3;3;1;0;2;0;1;2;1
092109;Monserrato;127;148;153;160;160;160;186;185;140;192;235;241;226;229;240;259;256;257;286;278;339;295;282;295;368;350;364;359;356;330;357;294;322;339;300;337;365;380;355;331;324;373;347;330;357;330;331;379;304;314;319;280;325;272;251;256;267;194;217;242;186;263;250;203;194;205;188;172;170;188;156;152;125;145;112;121;95;87;102;90;94;102;55;49;44;44;47;46;31;26;22;17;11;14;9;6;6;0;1;2;3
;Totale;3434;3398;3435;3298;3203;3372;3501;3634;3711;3823;4058;4286;4188;4333;4121;4396;4632;4683;4988;5340;5525;5627;5492;5908;6167;6543;6970;7350;7413;7288;7534;6990;7259;7084;7115;7340;7454;7383;7175;6833;6848;6532;6476;6240;6217;6256;6046;6198;5823;5826;5743;5791;5618;5720;5562;5278;5165;4548;4645;5002;4806;5079;4620;4194;3936;4017;3621;3671;3670;3313;3281;3336;2964;2968;2566;2618;2206;2359;1993;1972;1790;1723;1257;896;870;889;970;816;689;603;502;411;257;247;159;105;73;45;36;34;41
Territorio/Età;;0;1;2;3;4;5;6;7;8;9;10;11;12;13;14;15;16;17;18;19;20;21;22;23;24;25;26;27;28;29;30;31;32;33;34;35;36;37;38;39;40;41;42;43;44;45;46;47;48;49;50;51;52;53;54;55;56;57;58;59;60;61;62;63;64;65;66;67;68;69;70;71;72;73;74;75;76;77;78;79;80;81;82;83;84;85;86;87;88;89;90;91;92;93;94;95;96;97;98;99;100
Codice comune;Comune;Maschi
092003;Assemini;120;127;128;98;120;116;141;140;102;117;133;147;143;166;144;149;157;156;142;160;171;202;204;214;179;208;170;214;195;208;228;201;203;263;214;264;260;245;259;219;208;213;200;188;197;198;167;167;150;164;189;158;145;140;129;152;109;139;109;118;117;119;125;88;98;104;67;68;78;58;67;72;60;55;49;48;34;32;24;31;29;31;14;16;9;7;16;11;1;7;11;6;2;5;1;0;0;0;0;0;0
092009;Cagliari;520;463;521;493;504;544;536;556;589;577;655;687;665;705;657;719;761;818;873;907;928;988;982;1143;1199;1311;1439;1457;1480;1486;1462;1372;1376;1276;1266;1243;1298;1272;1180;1131;1155;1147;1080;1034;1079;1078;1064;1034;973;1042;1023;1059;995;1095;1097;1008;983;908;901;1004;990;1049;1015;888;878;837;840;803;780;750;698;699;621;616;544;574;489;506;451;443;379;325;278;177;168;179;175;147;122;100;80;56;51;41;24;13;5;7;3;6;2
092011;Capoterra;120;125;122;123;118;101;118;123;121;134;118;139;145;145;139;108;116;136;142;164;161;170;154;164;165;152;163;196;221;193;194;206;219;179;221;205;215;220;215;209;171;173;189;160;171;158;188;138;141;139;141;145;138;135;130;138;131;113;94;120;115;105;100;85;81;80;68;71;66;62;66;60;56;56;52;34;36;31;20;22;22;25;15;7;11;9;6;2;12;11;6;6;2;3;1;0;1;0;0;3;0
092015;Decimomannu;29;40;36;35;27;33;45;40;33;29;44;49;49;37;40;45;38;51;42;45;45;63;40;47;39;64;66;72;65;76;73;63;52;54;68;72;71;65;64;42;61;59;55;64;35;48;49;42;40;51;42;33;47;41;44;47;39;36;38;35;39;40;31;35;35;34;26;26;27;19;22;20;13;27;11;19;12;11;10;12;9;13;4;4;5;3;5;2;2;5;0;3;1;2;1;0;0;0;0;0;0
092037;Maracalagonis;38;40;34;30;31;32;36;37;30;36;37;39;29;51;51;35;52;35;60;47;55;52;61;61;62;54;69;69;69;72;52;83;56;70;80;57;64;65;60;45;67;44;48;40;39;47;41;57;43;43;44;29;40;43;44;45;39;40;34;47;37;50;30;27;26;36;29;20;26;20;26;19;18;16;15;11;20;10;14;7;11;14;5;4;2;3;3;7;2;2;0;1;2;2;0;0;1;0;0;0;0
092050;Pula;26;35;27;21;33;26;33;32;21;31;33;31;25;47;37;25;34;50;44;41;48;48;39;65;57;48;59;59;59;42;51;43;71;46;67;57;58;51;57;72;48;41;54;39;51;45;45;49;54;48;41;51;52;63;47;48;52;40;29;51;38;39;37;36;39;30;28;32;26;29;20;23;24;19;19;19;7;10;4;9;12;9;5;5;7;7;6;9;3;1;4;2;1;0;1;1;1;0;0;0;0
092051;Quartu Sant'Elena;349;351;318;355;287;356;308;355;372;388;420;423;421;447;393;359;410;437;462;487;448;481;482;488;512;536;556;610;625;602;595;550;627;555;578;640;622;646;648;610;584;561;576;556;526;494;522;527;501;461;409;449;475;452;459;447;421;361;338;345;343;350;337;300;261;294;219;226;233;198;162;194;175;151;127;119;94;110;79;89;73;69;42;30;40;29;38;38;25;23;14;12;16;8;6;4;2;2;2;0;1
092066;Sarroch;20;19;19;12;8;20;30;24;16;24;31;23;26;28;23;30;35;44;40;35;53;51;36;45;46;56;52;51;52;41;55;39;56;38;30;40;51;44;41;38;65;31;32;36;33;36;48;38;43;40;38;35;35;32;38;41;35;39;24;32;30;41;29;21;25;30;20;27;27;18;22;26;17;20;12;12;7;8;8;9;8;10;2;4;3;5;6;2;4;2;2;2;0;0;1;0;2;0;0;0;0
092068;Selargius;125;141;134;133;122;121;155;148;145;159;148;160;172;168;154;171;187;206;194;176;213;201;215;192;223;219;229;268;256;222;259;215;218;220;237;253;237;280;231;222;246;209;212;204;208;230;193;235;208;203;199;204;197;197;169;190;169;127;160;157;132;146;125;115;97;96;77;76;93;84;89;81;66;41;44;51;36;49;31;41;27;40;17;12;10;15;12;13;14;5;4;6;2;2;2;1;0;0;0;0;3
092074;Sestu;94;87;94;98;83;76;82;85;81;88;91;105;83;84;91;91;103;92;111;103;107;116;98;121;116;117;113;156;153;152;145;149;170;160;178;149;138;172;168;146;140;129;118;121;118;115;96;93;83;83;96;87;95;81;77;84;69;69;77;81;87;85;74;73;61;69;38;50;67;37;39;42;40;30;33;26;28;32;15;19;18;12;11;10;9;5;8;9;2;6;5;3;3;1;1;0;0;0;0;0;0
092075;Settimo San Pietro;23;31;23;26;37;22;29;37;29;34;33;42;38;35;26;37;48;45;48;54;60;57;56;42;58;57;48;56;55;65;54;63;36;60;58;50;47;50;49;35;46;54;47;42;37;45;50;49;42;34;45;62;45;32;40;35;34;26;39;39;31;29;26;19;28;27;22;10;30;14;16;16;19;17;11;18;9;11;6;10;5;2;7;2;2;2;3;1;0;2;0;2;0;1;1;0;0;0;0;0;0
092080;Sinnai;85;81;71;77;67;82;98;82;105;93;83;88;84;101;81;94;111;111;124;112;127;120;118;118;114;133;136;114;123;139;129;149;118;130;157;162;141;123;137;145;117;135;132;127;103;106;105;104;103;97;88;96;106;87;85;88;94;71;60;84;73;80;65;67;58;64;50;51;50;37;44;50;46;46;34;35;31;19;29;19;25;22;12;3;8;10;5;9;8;9;6;5;1;5;1;1;1;0;1;0;1
092090;Uta;27;28;38;34;25;30;45;43;56;22;38;42;38;37;45;48;46;53;59;52;61;52;45;40;48;46;55;49;36;35;60;60;49;65;70;65;69;71;62;62;61;47;56;66;49;46;51;44;39;45;32;46;40;32;42;31;33;39;32;41;43;36;37;32;34;25;31;26;28;21;20;22;19;26;12;17;9;11;10;4;10;12;8;3;5;5;5;5;5;5;5;3;0;0;0;0;0;0;0;0;0
092099;Villa San Pietro;10;9;7;9;6;14;10;5;8;7;7;10;10;9;11;9;14;9;12;9;21;11;13;13;19;16;19;17;14;11;19;20;21;9;15;15;7;10;5;9;11;9;16;8;14;13;15;14;7;14;19;21;9;19;13;13;12;13;20;17;11;9;15;10;3;8;1;5;3;6;11;4;6;5;5;6;4;1;2;4;0;0;1;1;0;0;2;0;1;0;0;1;0;0;0;0;0;0;0;0;0
092105;Quartucciu;60;53;60;57;43;51;56;66;49;51;60;62;66;67;47;62;73;66;73;67;74;81;90;77;74;74;92;88;119;113;94;80;99;86;97;108;107;104;106;86;103;99;54;96;87;76;68;71;65;66;68;67;65;70;65;77;52;34;42;44;58;64;46;44;46;50;45;35;34;38;33;30;30;35;29;30;18;21;22;18;13;17;8;7;18;4;8;8;2;2;3;5;2;1;1;0;0;0;1;0;0
092108;Elmas;29;39;22;39;43;40;39;35;54;42;46;43;40;45;44;51;46;52;52;50;51;56;66;73;64;65;67;66;65;80;65;55;61;69;58;60;73;61;74;66;71;84;70;66;67;59;67;62;76;49;60;68;42;59;59;50;35;36;41;30;41;50;44;31;32;30;32;32;23;26;19;23;30;22;15;16;14;18;14;25;5;13;10;2;6;6;6;8;3;3;2;1;0;2;1;0;0;0;0;0;0
092109;Monserrato;72;70;75;84;87;79;91;108;61;99;136;134;118;106;140;119;138;145;152;147;162;145;131;152;190;179;177;185;184;156;177;135;152;148;156;168;162;181;158;170;135;173;177;160;172;154;175;172;152;165;152;130;150;131;126;123;143;101;116;119;91;100;126;94;84;95;84;68;79;94;79;60;61;59;44;46;34;37;47;35;35;38;19;19;18;19;21;16;8;5;12;4;3;5;4;3;3;0;0;0;0
;Totale;1747;1739;1729;1724;1641;1743;1852;1916;1872;1931;2113;2224;2152;2278;2123;2152;2369;2506;2630;2656;2785;2894;2830;3055;3165;3335;3510;3727;3771;3693;3712;3483;3584;3428;3550;3608;3620;3660;3514;3307;3289;3208;3116;3007;2986;2948;2944;2896;2720;2744;2686;2740;2676;2709;2664;2617;2450;2192;2154;2364;2276;2392;2262;1965;1886;1909;1677;1626;1670;1511;1433;1441;1301;1241;1056;1081;882;917;786;797;681;652;458;306;321;308;325;287;214;188;154;118;86;78;46;23;16;9;7;9;7
Territorio/Età;;0;1;2;3;4;5;6;7;8;9;10;11;12;13;14;15;16;17;18;19;20;21;22;23;24;25;26;27;28;29;30;31;32;33;34;35;36;37;38;39;40;41;42;43;44;45;46;47;48;49;50;51;52;53;54;55;56;57;58;59;60;61;62;63;64;65;66;67;68;69;70;71;72;73;74;75;76;77;78;79;80;81;82;83;84;85;86;87;88;89;90;91;92;93;94;95;96;97;98;99;100
Codice comune;Comune;Femmine
092003;Assemini;130;121;122;137;105;110;118;104;115;128;133;136;135;132;146;129;131;148;161;174;147;174;159;173;202;188;229;194;255;216;253;201;246;240;235;243;252;262;234;238;217;220;180;202;191;199;202;184;194;176;175;154;158;156;123;126;123;108;106;133;124;113;95;98;108;83;72;83;93;66;82;66;60;71;57;50;43;52;40;46;34;34;18;21;15;14;19;15;13;14;9;7;6;8;1;3;1;3;1;0;0
092009;Cagliari;506;468;532;475;462;479;535;536;578;543;605;634;628;657;621;731;748;708;781;889;925;968;997;1051;1073;1191;1248;1456;1420;1341;1452;1308;1336;1324;1264;1324;1303;1339;1329;1242;1283;1236;1261;1257;1246;1284;1193;1306;1212;1290;1223;1311;1259;1259;1311;1167;1238;1109;1198;1257;1259;1315;1182;1127;1030;1100;1024;1072;1093;977;991;1095;924;948;864;913;783;855;719;707;628;604;437;328;315;326;398;304;279;234;200;166;95;95;56;50;37;16;18;15;19
092011;Capoterra;97;109;102;101;109;104;97;115;107;114;124;114;101;127;130;138;140;124;138;147;130;121;146;148;156;172;173;159;191;231;201;206;209;212;200;218;222;207;198;195;210;159;181;158;166;155;149;171;162;162;137;147;125;147;152;135;136;124;118;101;100;97;105;86;66;88;68;59;80;52;69;63;56;61;37;34;32;37;35;27;36;22;30;19;22;18;13;11;19;11;10;10;7;4;3;3;2;1;0;0;2
092015;Decimomannu;35;24;28;21;25;39;28;20;30;39;28;39;25;35;37;47;45;47;38;41;42;41;47;53;57;56;71;59;57;59;61;53;71;59;68;65;63;61;66;73;53;52;55;33;47;54;57;42;44;45;48;50;40;56;38;45;45;21;54;49;44;38;28;37;22;33;15;38;17;33;25;19;14;35;14;13;16;14;17;14;13;11;10;7;8;10;11;7;5;4;4;3;3;4;1;1;1;2;0;0;0
092037;Maracalagonis;35;38;30;35;30;31;29;42;30;35;36;37;42;43;48;41;38;43;52;54;63;55;37;40;62;53;61;57;68;59;65;59;61;70;62;59;60;63;57;50;48;41;39;42;49;53;34;54;44;26;43;50;43;38;41;30;41;33;26;48;32;38;34;28;26;38;32;30;28;14;15;22;19;21;14;22;20;17;15;10;15;13;11;8;5;6;5;4;1;7;5;0;5;3;1;0;0;0;0;0;0
092050;Pula;32;23;22;24;25;19;24;25;28;38;26;38;35;25;34;37;41;41;41;43;45;49;46;55;60;48;53;57;46;37;44;59;54;46;57;48;66;51;46;37;53;40;37;56;48;48;48;49;49;50;55;38;47;53;45;46;48;40;51;28;39;44;30;30;25;31;25;23;25;25;24;20;21;20;25;22;15;23;15;9;19;13;9;6;4;11;8;4;5;6;5;6;0;2;0;1;0;2;0;0;0
092051;Quartu Sant'Elena;328;321;329;289;288;349;306;340;349;359;373;378;381;369;355;376;406;365;416;492;443;454;422;471;459;569;572;600;593;630;639;614;640;611;654;666;704;631;659;673;673;601;602;555;577;588;557;537;524;499;522;515;454;518;458;442;400;374;363;368;314;384;321;306;283;248;234;271;244;205;209;210;215;188;176;165;145;171;121;136;126;108;93;69;63;64;60;62;57;45;40;31;15;18;21;8;6;4;2;1;3
092066;Sarroch;19;18;12;17;15;16;15;14;27;35;29;30;26;23;23;35;36;24;34;51;44;44;36;45;50;41;49;48;41;35;46;32;39;47;37;35;47;41;46;34;39;34;51;39;38;46;42;35;43;39;42;41;37;32;28;26;21;24;36;35;33;32;28;31;20;27;27;19;19;18;27;21;21;18;11;14;7;9;10;14;12;13;10;9;6;7;12;7;7;5;4;6;3;2;3;0;1;0;1;1;2
092068;Selargius;147;128;149;106;136;125;121;126;130;157;144;189;142;153;127;158;174;165;175;192;226;219;202;200;234;209;257;240;217;232;258;244;261;247;263;256;293;280;223;243;212;263;267;248;233;240;242;269;229;226;222;219;209;198;190;167;191;139;136;160;152;128;109;122;121;103;104;95;88;87;93;86;74;87;65;57;57;64;56;39;47;51;40;25;16;32;27;24;22;16;16;12;7;6;5;3;0;3;1;1;0
092074;Sestu;92;109;81;90;79;78;69;80;89;88;84;74;106;95;89;97;86;107;76;98;101;121;105;107;88;117;145;150;146;149;185;158;165;176;168;197;163;144;159;140;129;115;108;84;112;92;96;100;97;102;77;68;83;86;83;65;76;73;66;77;73;87;62;60;45;56;61;65;40;52;57;39;45;32;43;41;32;34;28;20;27;26;8;17;13;15;18;11;7;10;6;9;2;2;7;0;1;2;1;0;1
092075;Settimo San Pietro;22;22;27;22;28;25;21;25;40;25;32;36;36;40;38;42;45;34;42;47;61;49;41;49;52;48;57;50;46;40;33;52;47;45;57;49;53;49;51;52;64;57;38;47;36;59;44;52;43;42;56;40;39;39;32;34;35;28;22;28;29;40;32;27;17;19;20;20;20;20;13;14;21;10;12;15;17;15;10;11;12;10;15;5;5;10;5;5;5;3;7;3;2;3;1;1;0;0;1;0;1
092080;Sinnai;73;97;76;70;68;67;72;84;92;79;78;86;93;91;89;96;97;94;109;108;124;96;95;108;121;124;146;159;127;147;167;142;147;137;128;139;132;142;147;138;118;111;122;117;114;108;100;90;113;90;106;85;99;101;102;77;80;76;66;87;86;76;74;56;68;58;56;49;48;53;54;51;44;54;50;31;31;32;34;32;26;31;35;21;16;15;16;15;11;14;13;13;5;6;6;4;1;2;1;0;1
092090;Uta;34;32;29;34;27;31;33;30;44;41;58;46;54;37;36;51;42;40;42;75;48;59;49;59;44;47;33;41;69;63;57;55;59;59;60;55;57;59;59;55;70;42;53;50;43;48;24;39;42;37;40;40;37;45;46;39;37;24;35;30;39;37;32;26;30;26;21;32;31;25;18;26;24;16;13;13;16;15;13;10;17;15;16;3;8;7;6;8;6;9;6;1;3;3;1;2;1;0;0;2;0
092099;Villa San Pietro;4;3;7;11;9;10;7;9;7;7;6;14;9;9;15;12;14;11;13;15;14;16;11;16;23;20;25;16;15;13;15;17;17;15;16;11;20;9;10;11;14;9;16;12;11;20;13;15;15;13;15;16;9;16;13;14;11;11;13;10;9;7;6;7;2;6;2;8;6;9;5;4;3;5;4;3;1;6;2;3;5;1;2;3;2;3;1;0;1;0;2;0;0;0;0;0;0;0;0;0;0
092105;Quartucciu;43;40;46;40;47;39;51;57;55;63;45;65;66;53;52;59;57;69;57;69;85;61;81;75;83;98;95;102;117;102;93;86;100;90;96;121;136;112;103;106;110;75;99;92;75;80;73;85;69;80;64;76;82;65;55;72;63;47;51;62;61;55;61;51;43;47;47;50;46;43;48;44;29;41;31;41;28;26;27;24;20;31;20;14;16;13;13;14;9;9;8;10;7;3;2;3;1;1;1;1;1
092108;Elmas;35;28;36;26;36;26;28;34;39;48;45;39;49;43;58;55;45;45;49;58;65;56;37;60;60;56;59;61;62;67;73;62;53;87;56;77;60;74;77;78;77;69;81;71;60;58;72;67;71;56;65;51;46;61;56;43;46;32;49;42;41;33;35;28;34;35;32;27;31;29;41;23;29;34;26;28;20;22;10;18;13;24;9;5;9;5;7;8;5;7;3;3;3;1;0;0;2;0;1;2;1
092109;Monserrato;55;78;78;76;73;81;95;77;79;93;99;107;108;123;100;140;118;112;134;131;177;150;151;143;178;171;187;174;172;174;180;159;170;191;144;169;203;199;197;161;189;200;170;170;185;176;156;207;152;149;167;150;175;141;125;133;124;93;101;123;95;163;124;109;110;110;104;104;91;94;77;92;64;86;68;75;61;50;55;55;59;64;36;30;26;25;26;30;23;21;10;13;8;9;5;3;3;0;1;2;3
;Totale;1687;1659;1706;1574;1562;1629;1649;1718;1839;1892;1945;2062;2036;2055;1998;2244;2263;2177;2358;2684;2740;2733;2662;2853;3002;3208;3460;3623;3642;3595;3822;3507;3675;3656;3565;3732;3834;3723;3661;3526;3559;3324;3360;3233;3231;3308;3102;3302;3103;3082;3057;3051;2942;3011;2898;2661;2715;2356;2491;2638;2530;2687;2358;2229;2050;2108;1944;2045;2000;1802;1848;1895;1663;1727;1510;1537;1324;1442;1207;1175;1109;1071;799;590;549;581;645;529;475;415;348;293;171;169;113;82;57;36;29;25;34

"Ricostruzione della popolazione intercensuaria - Popolazione al 1° gennaio per età"
"Cittadinanza italiana - Anno: 2003 - Provincia: Cagliari"
Territorio/Età;;0;1;2;3;4;5;6;7;8;9;10;11;12;13;14;15;16;17;18;19;20;21;22;23;24;25;26;27;28;29;30;31;32;33;34;35;36;37;38;39;40;41;42;43;44;45;46;47;48;49;50;51;52;53;54;55;56;57;58;59;60;61;62;63;64;65;66;67;68;69;70;71;72;73;74;75;76;77;78;79;80;81;82;83;84;85;86;87;88;89;90;91;92;93;94;95;96;97;98;99;100
Codice comune;Comune;Totale
092003;Assemini;287;249;250;253;235;228;225;257;239;226;249;270;279;281;297;291;277;286;311;308;331;316;376;359;389;378;397;419;416;467;432;502;409;457;503;470;509;516;504;502;456;425;431;381;393;388;405;364;351;352;343;367;311;301;298;254;275;233;250;217;254;247;236;217;192;209;185;139;153;175;126;147;134;117;125;110;92;75;81;57;79;57;63;31;31;22;21;31;22;11;15;19;8;4;12;2;1;1;2;0;1
092009;Cagliari;912;1030;930;1041;960;963;1022;1059;1089;1162;1103;1237;1310;1282;1351;1269;1445;1498;1512;1638;1784;1847;1942;1962;2163;2228;2429;2642;2838;2821;2755;2827;2609;2675;2551;2493;2521;2600;2579;2467;2332;2411;2356;2331;2271;2320;2350;2244;2328;2176;2312;2224;2354;2228;2339;2405;2167;2207;1996;2089;2253;2230;2332;2183;1998;1898;1916;1836;1857;1851;1693;1659;1770;1520;1526;1363;1444;1231;1297;1118;1089;951;890;662;470;447;452;521;406;355;297;230;185;121;112;60;45;33;19;15;30
092011;Capoterra;241;220;233;228;224;239;208;220;240;232;246;241;257;240;273;271;246;257;255;283;316;289;292;298;313;325;330;337;360;413;426;411;424;435;396;438;433;437;436;423;418;379;340;380;320;338;320;334;315;304;304;285;297;263;286;278;276;269;235;212;217;218;202;203;172;146;169;131;126;143;114;135;123;114;116;92;67;68;67;55;45;57;43;38;25;26;28;19;14;27;21;13;14;8;7;2;3;3;1;0;6
092015;Decimomannu;65;67;65;65;56;47;73;70;61;70;66;73;86;74;74;79;92;83;99;80;84;86;99;85;104;94;121;136;132;127;136;131;118;130;117;139;143;133;125;133;115;116;110;117;102;77;104;108;85;84;97;90;84;84;93;82;93;85;57;93;84;82;79;59;70;57;69;40;65;45;52;44;37;27;58;20;31;28;25;24;27;20;21;13;11;14;13;16;8;6;5;5;5;3;4;2;1;1;2;0;0
092037;Maracalagonis;60;74;79;64;64;63;62;65;81;58;71;67;74;70;90;99;76;90;78;110;100;115;112;94;102;123;111;130;122;136;128;112;144;118;137;144;113;124;124;116;88;111;86;87;82;88;102;74;110;88;68;88;79;83;83;87;74;79;76;61;95;68;88;64;57;56;76;61;48;51;34;38;40;36;35;29;35;37;28;30;17;21;25;16;8;6;9;5;9;2;8;2;1;6;2;1;0;1;0;0;0
092050;Pula;43;57;58;51;48;60;48;57;57;48;70;64;67;65;73;71;62;78;91;86;83;91;97;84;125;118;101;109;115;106;84;100;109;130;96;126;112;126;105;107;110;100;85;94;97;101;96;91;99;106;98;97;88;103;115;91;96;100;82;85;79;81;87;69;65;64;64;55;56;49;54;45;42;44;40;44;42;22;33;16;19;28;20;14;11;10;17;7;11;7;5;7;5;1;2;1;1;1;1;0;0
092051;Quartu Sant'Elena;627;671;667;637;634;579;701;620;685;718;744;789;789;795;810;743;731;812;796;863;969;888;945;912;957;967;1111;1105;1204;1221;1238;1246;1182;1274;1174;1225;1304;1323;1288;1310;1278;1245;1148;1154;1110;1087;1072;1071;1057;1009;954;921;967;923;969;920;886;822;735;696;714;653;733;656;608;539;543;450;489;473;402;363;391;387;331;296;276;229;270;198;221;192;168;132;95;92;88;85;81;66;61;46;29;28;20;18;10;3;5;2;2
092066;Sarroch;38;45;38;32;35;24;39;45;38;44;62;59;54;50;50;47;65;70;68;71;85;91;93;79;94;94;96;100;100;96;78;103;77;90;85;66;75;95;87;90;77;105;64;85;73;72;82;91;74;85;78;79;74;70;69;67;68;57;61;61;67;62;75;58;52;47;56;46;47;44;36;49;46;37;37;22;24;13;14;15;21;20;23;12;10;9;10;17;8;10;7;6;3;3;0;4;0;2;0;1;2
092068;Selargius;251;273;269;275;244;250;247;275;275;278;320;291;351;316;324;286;329;360;377;374;370;434;410;418;385;436;418;482;506;486;445;522;473;481;481;510;513;535;552;447;467;472;476;483;456;441;470;446;505;435;431;416;422;408;390;358;354;358;265;293;311;280;270;232;237;217;198;172;165;179;166;179;165;138;127;111;102;94;112;78;79;77;86;49;31;26;43;38;34;27;19;17;14;6;3;3;2;0;3;2;4
092074;Sestu;189;189;197;179;187;165;158;153;170;167;175;175;185;189;181;181;186;192;197;185;204;209;235;203;241;221;248;274;338;322;332;363;327;351;360;366;368;313;325;337;293;268;245;226;212;230;211;192;193;183;192;178;158;183;173;157;149;148;141;145;161;158;172;136;133;105;123;100;111;107;92;94;80;85;61;73;66;60;64;42;35;45;35;16;23;22;20;23;17;4;14;10;11;5;3;8;0;1;2;1;1
092075;Settimo San Pietro;54;45;49;52;49;65;45;52;64;66;60;66;74;71;75;65;77;95;78;90;101;116;106;99;91;111;106;104;109;101;107;90;113;84;106;111;98;99;96;98;91;106;108;85;88;72;103;97;100;85;77;99;103;84;72;70;67;72;54;63;67;61;69;58;43;44;45;42;28;51;31;28;30;39;25;24;31;26;26;16;21;15;14;19;7;9;10;7;6;4;5;5;4;2;3;2;0;0;0;0;1
092080;Sinnai;162;153;180;149;146;133;152;170;167;196;173;159;179;179;193;174;190;209;203;236;224;254;215;217;227;241;260;287;273;243;298;296;299;272;278;287;299;281;267;284;285;239;246;256;241;216;213;207;201;216;187;194;185;203;188;184;168;173;146;123;167;158;157;139;123;127;121;104;100;97;85;98;99;86;99;83;63;62;51;59;50;49;55;43;24;21;22;20;23;14;14;16;15;6;9;2;4;1;1;2;1
092090;Uta;63;65;63;67;68;51;60;80;71;100;62;95;91;91;76;81;101;87;92;101;127;111;112;99;95;92;98;84;97;98;94;116;108;120;130;133;118;130;129;123;119;128;89;114;113;93;95;76;82;82;80;72;88;76;74;86;70;70;59;66;70;81;73;69;58;64;51;51;58;58;47;39;49;41;43;24;29;24;24;22;13;25;24;24;5;13;11;10;10;9;12;11;4;2;3;1;2;1;0;0;1
092099;Villa San Pietro;21;15;12;11;21;15;21;15;14;14;14;15;24;18;19;28;21;28;21;25;24;37;30;22;31;42;37;43;33;31;24;33;36;37;27;28;27;27;19;15;18;28;16;32;21;26;32;28;30;22;27;35;37;19;35;27;29;22;24;34;27;20;17;20;20;5;13;3;13;10;15;16;9;10;10;7;8;5;8;4;7;5;1;3;4;2;3;3;0;2;0;1;0;0;0;0;0;0;0;0;0
092105;Quartucciu;107;110;95;115;100;95;91;109;126;111;114;110;130;133;124;98;122;130;137;131;142;162;139;167;157;162;182;189;206;239;219;202;181;226;183;202;237;248;235;216;205;215;177;158;191;167;162;138;154;139;152;138;148;152;137;118;150;121;85;91;105;119;116;108;92;91;100;93;87;81;82;80;71;60;77;57;72;46;48;51;37;36;47;26;19;35;13;20;15;10;11;8;14;9;4;1;2;1;1;1;2
092108;Elmas;73;70;73;60;65;82;66;71;70;95;92;90;84;93;88;106;108;91;96;101;105;118;111;106;139;126;125;139;130;136;162;141;124;130;166;123;144;134;139;154;147;147;156;151;140;129;115;142;128;143;107;127;117;88;120;117;95;79;67;90;72;82;84;76;59;66;63;63;59;53;56;60;42;58;56;40;44;34;41;22;45;20;35;18;7;13;9;13;12;7;8;2;4;1;1;1;0;2;0;1;1
092109;Monserrato;151;133;144;152;161;161;151;185;183;140;197;237;243;225;229;241;260;256;259;282;270;339;294;276;292;367;343;364;349;359;337;344;312;326;339;312;337;365;387;362;336;327;377;350;330;365;336;326;374;302;314;320;278;325;270;247;258;267;195;216;240;185;256;249;204;194;202;187;170;171;185;151;146;122;142;113;112;92;82;97;84;89;99;52;44;42;37;46;42;24;21;18;16;10;9;2;3;2;1;0;4
;Totale;3344;3466;3402;3431;3297;3220;3369;3503;3630;3725;3818;4038;4277;4172;4327;4130;4388;4622;4670;4964;5319;5503;5608;5480;5905;6125;6513;6944;7328;7402;7295;7539;7045;7336;7129;7173;7351;7486;7397;7184;6835;6822;6510;6484;6240;6210;6268;6029;6186;5811;5821;5730;5790;5593;5711;5548;5275;5162;4528;4635;4983;4785;5046;4596;4183;3929;3994;3573;3632;3638;3270;3225;3274;2921;2908;2508;2538;2146;2271;1904;1889;1707;1649;1168;825;809;806;881;718;585;523;416;332;215;194;110;74;53;38;25;56
Territorio/Età;;0;1;2;3;4;5;6;7;8;9;10;11;12;13;14;15;16;17;18;19;20;21;22;23;24;25;26;27;28;29;30;31;32;33;34;35;36;37;38;39;40;41;42;43;44;45;46;47;48;49;50;51;52;53;54;55;56;57;58;59;60;61;62;63;64;65;66;67;68;69;70;71;72;73;74;75;76;77;78;79;80;81;82;83;84;85;86;87;88;89;90;91;92;93;94;95;96;97;98;99;100
Codice comune;Comune;Maschi
092003;Assemini;156;121;129;131;98;120;117;143;136;108;121;136;142;145;163;143;146;156;158;143;160;171;205;203;213;175;204;186;216;200;212;239;210;211;255;225;262;261;240;264;216;210;213;202;187;193;203;168;170;152;165;190;156;142;141;130;152;111;141;109;119;120;122;121;90;100;102;67;69;81;60;65;68;58;54;49;46;34;32;19;32;25;28;14;12;7;5;13;7;0;5;10;2;0;4;1;0;0;0;0;0
092009;Cagliari;451;532;465;508;492;507;541;530;558;583;565;645;685;655;691;652;723;760;813;855;893;925;988;965;1132;1177;1277;1413;1423;1446;1446;1410;1314;1339;1259;1228;1235;1300;1247;1157;1104;1140;1131;1078;1022;1079;1077;1057;1017;963;1030;1021;1058;984;1088;1091;997;974;893;894;1005;980;1026;1004;881;870;821;825;790;758;727;680;694;601;593;520;547;465;473;423;414;349;307;251;158;152;157;161;134;102;92;63;44;38;35;18;6;4;5;2;6
092011;Capoterra;122;122;120;128;121;124;104;119;124;121;134;117;142;140;145;142;110;117;131;144;166;158;170;153;163;168;155;166;201;219;191;203;217;226;178;235;211;214;222;217;211;170;181;194;160;172;161;186;143;140;142;147;149;138;136;129;141;134;112;96;118;115;105;98;86;80;79;64;67;63;62;67;59;58;57;53;32;37;30;20;20;20;23;12;6;8;9;6;3;11;11;6;4;2;3;1;0;1;0;0;3
092015;Decimomannu;39;31;41;36;34;26;35;42;40;38;28;45;47;49;37;41;45;38;52;41;44;43;62;38;50;39;65;67;73;67;77;69;64;54;57;69;75;69;64;65;40;61;56;59;66;34;49;48;42;43;51;41;33;45;40;44;48;42;35;39;35;39;40;31;33;35;36;25;26;28;18;19;19;12;24;10;19;12;10;10;12;8;9;5;4;5;3;5;2;2;3;0;3;1;3;1;0;0;0;0;0
092037;Maracalagonis;27;37;42;35;30;32;28;35;38;30;36;35;37;28;49;51;36;53;35;60;46;55;53;57;62;63;54;70;66;68;72;49;83;54;68;82;57;63;64;58;43;65;45;48;40;40;50;40;57;43;42;45;28;40;44;45;44;38;40;34;48;34;49;30;29;30;38;29;18;26;20;23;18;18;15;15;13;19;11;15;6;11;11;5;2;2;3;2;6;2;2;0;1;2;1;0;0;1;0;0;0
092050;Pula;27;27;36;29;21;34;27;34;32;21;30;35;29;27;47;37;24;34;50;46;37;46;51;41;70;57;52;58;60;59;43;54;45;72;49;70;61;58;52;58;70;45;43;55;40;54;46;44;51;54;48;41;50;54;63;47;50;52;39;32;49;43;40;37;35;40;33;30;32;26;29;21;22;24;19;19;20;6;10;2;9;11;7;5;5;6;6;2;9;3;1;3;2;1;0;1;1;1;0;0;0
092051;Quartu Sant'Elena;325;335;354;319;353;290;359;314;351;371;389;417;416;420;444;391;353;403;429;457;478;446;484;490;483;506;535;549;613;618;600;602;568;638;554;576;634;624;654;645;609;579;549;564;550;510;483;517;523;493;460;402;453;471;451;460;446;423;362;336;344;339;349;335;301;258;296;219;224;229;199;156;184;174;146;117;112;90;104;73;83;69;63;36;31;34;23;31;29;21;18;14;9;13;5;2;2;0;2;1;0
092066;Sarroch;24;24;20;19;14;10;22;28;23;16;26;31;23;25;29;23;30;35;44;39;35;51;50;38;47;44;56;51;52;51;46;55;39;55;38;28;42;49;44;44;41;68;30;33;36;34;36;50;39;43;39;38;34;35;33;38;42;35;37;25;32;29;41;30;21;26;29;18;28;27;17;22;25;16;19;11;12;7;5;6;9;8;9;2;4;3;4;6;2;4;2;2;0;0;0;1;0;1;0;0;0
092068;Selargius;130;129;141;131;138;122;124;155;148;145;159;147;161;175;171;156;169;185;210;201;180;208;198;216;190;220;217;225;265;262;214;256;224;218;219;246;255;237;271;228;224;251;212;213;206;212;230;202;235;207;203;194;203;197;191;169;191;170;125;159;155;129;141;124;115;94;95;75;73;93;81;85;78;63;41;44;46;38;48;27;38;27;39;14;11;10;15;11;12;11;4;4;4;2;0;1;1;0;0;0;3
092074;Sestu;95;94;87;98;99;83;79;83;88;81;86;92;108;84;86;92;91;105;91;111;105;104;113;98;125;124;121;119;170;164;171;161;161;179;177;190;162;147;172;176;149;138;129;116;124;119;118;92;93;84;87;97;87;97;84;74;84;70;69;78;82;85;87;74;73;60;67;38;47;67;38;38;41;40;30;32;26;27;31;13;17;17;13;9;7;9;5;6;8;2;5;4;3;3;1;1;0;0;0;0;0
092075;Settimo San Pietro;29;23;28;25;27;37;22;31;37;28;34;35;39;36;34;28;35;48;46;48;54;59;55;56;41;60;56;49;56;56;64;56;63;38;62;53;47;45;47;50;38;44;51;47;41;36;44;51;49;43;35;45;63;45;31;38;33;34;26;40;39;31;29;26;17;26;26;23;9;30;13;16;16;18;15;11;16;10;11;6;10;4;3;5;2;2;2;3;1;0;2;0;2;0;1;1;0;0;0;0;0
092080;Sinnai;82;86;78;71;75;64;83;97;83;104;94;82;92;84;103;83;94;112;110;125;113;128;121;117;119;114;139;139;114;118;147;130;156;124;134;159;159;144;126;136;146;120;138;135;125;101;104;105;106;102;98;89;99;105;85;81;89;94;70;57;80;73;82;64;69;57;64;47;50;49;35;45;49;43;45;35;31;29;20;26;18;25;22;12;3;6;7;4;8;7;7;2;3;1;3;0;1;0;0;1;1
092090;Uta;29;29;31;40;36;25;30;47;42;55;22;37;44;38;39;45;50;47;52;59;52;64;55;48;40;48;50;53;54;35;34;61;56;52;68;71;64;70;72;63;62;61;47;59;63;50;47;52;43;42;43;32;47;39;30;40;31;34;36;32;40;41;36;37;32;34;25;30;25;27;21;21;23;18;27;11;15;9;9;9;4;8;11;8;3;5;5;5;4;5;5;5;2;0;0;0;0;0;0;0;0
092099;Villa San Pietro;13;10;9;4;10;6;13;8;5;7;7;7;10;10;9;12;9;14;10;12;9;23;12;12;12;19;15;19;16;15;12;20;19;18;11;15;16;8;10;5;8;12;9;16;8;15;13;15;15;7;14;20;21;10;19;13;13;13;13;20;17;11;10;14;11;3;7;1;5;3;6;11;4;7;5;4;5;4;2;2;4;0;0;1;1;0;0;2;0;1;0;0;0;0;0;0;0;0;0;0;0
092105;Quartucciu;56;65;51;65;60;44;52;57;66;53;51;61;64;66;69;45;65;73;66;71;72;74;79;86;77;81;79;96;95;125;111;101;83;112;90;99;112;114;114;111;92;106;104;60;96;90;81;65;70;70;69;70;70;67;71;65;79;53;36;40;43;57;61;47;40;46;50;45;36;34;39;34;27;29;36;27;29;19;23;22;14;14;15;7;6;18;2;8;5;2;2;1;5;2;1;1;0;0;0;1;1
092108;Elmas;34;30;43;25;40;42;39;42;35;55;44;46;45;41;45;45;52;46;51;51;47;52;57;67;77;67;66;75;66;68;84;68;59;68;77;65;63;69;63;72;70;73;86;70;68;68;59;69;61;74;51;59;66;43;59;59;51;33;36;42;31;40;51;41;31;33;29;33;32;22;25;19;22;29;22;15;16;14;18;12;25;5;12;9;2;4;4;6;6;3;2;2;1;0;0;1;0;0;0;0;0
092109;Monserrato;73;75;68;75;83;89;73;90;109;60;103;136;133;112;106;140;122;139;145;152;145;166;147;129;152;185;172;176;184;187;153;169;142;157;148;163;169;162;187;161;172;139;172;177;162;179;158;171;171;153;164;149;127;149;131;123;125;141;101;115;120;90;97;127;93;84;93;83;66;80;89;75;57;59;57;42;42;31;32;41;30;33;37;19;17;16;16;21;14;7;2;9;4;3;1;0;1;1;0;0;0
;Totale;1712;1770;1743;1739;1731;1655;1748;1855;1915;1876;1929;2104;2217;2135;2267;2126;2154;2365;2493;2615;2636;2773;2900;2814;3053;3147;3313;3511;3724;3758;3677;3703;3503;3615;3444;3574;3624;3634;3649;3510;3295;3282;3196;3126;2994;2986;2959;2932;2885;2713;2741;2680;2744;2661;2697;2646;2616;2451;2171;2148;2357;2256;2366;2240;1957;1876;1890;1652;1597;1643;1479;1397;1406;1267;1205;1015;1027;851;869;726;745;634;609;414;274;287;266;292;250;183;163;125;89;68;58;30;12;9;7;5;14
Territorio/Età;;0;1;2;3;4;5;6;7;8;9;10;11;12;13;14;15;16;17;18;19;20;21;22;23;24;25;26;27;28;29;30;31;32;33;34;35;36;37;38;39;40;41;42;43;44;45;46;47;48;49;50;51;52;53;54;55;56;57;58;59;60;61;62;63;64;65;66;67;68;69;70;71;72;73;74;75;76;77;78;79;80;81;82;83;84;85;86;87;88;89;90;91;92;93;94;95;96;97;98;99;100
Codice comune;Comune;Femmine
092003;Assemini;131;128;121;122;137;108;108;114;103;118;128;134;137;136;134;148;131;130;153;165;171;145;171;156;176;203;193;233;200;267;220;263;199;246;248;245;247;255;264;238;240;215;218;179;206;195;202;196;181;200;178;177;155;159;157;124;123;122;109;108;135;127;114;96;102;109;83;72;84;94;66;82;66;59;71;61;46;41;49;38;47;32;35;17;19;15;16;18;15;11;10;9;6;4;8;1;1;1;2;0;1
092009;Cagliari;461;498;465;533;468;456;481;529;531;579;538;592;625;627;660;617;722;738;699;783;891;922;954;997;1031;1051;1152;1229;1415;1375;1309;1417;1295;1336;1292;1265;1286;1300;1332;1310;1228;1271;1225;1253;1249;1241;1273;1187;1311;1213;1282;1203;1296;1244;1251;1314;1170;1233;1103;1195;1248;1250;1306;1179;1117;1028;1095;1011;1067;1093;966;979;1076;919;933;843;897;766;824;695;675;602;583;411;312;295;295;360;272;253;205;167;141;83;77;42;39;29;14;13;24
092011;Capoterra;119;98;113;100;103;115;104;101;116;111;112;124;115;100;128;129;136;140;124;139;150;131;122;145;150;157;175;171;159;194;235;208;207;209;218;203;222;223;214;206;207;209;159;186;160;166;159;148;172;164;162;138;148;125;150;149;135;135;123;116;99;103;97;105;86;66;90;67;59;80;52;68;64;56;59;39;35;31;37;35;25;37;20;26;19;18;19;13;11;16;10;7;10;6;4;1;3;2;1;0;3
092015;Decimomannu;26;36;24;29;22;21;38;28;21;32;38;28;39;25;37;38;47;45;47;39;40;43;37;47;54;55;56;69;59;60;59;62;54;76;60;70;68;64;61;68;75;55;54;58;36;43;55;60;43;41;46;49;51;39;53;38;45;43;22;54;49;43;39;28;37;22;33;15;39;17;34;25;18;15;34;10;12;16;15;14;15;12;12;8;7;9;10;11;6;4;2;5;2;2;1;1;1;1;2;0;0
092037;Maracalagonis;33;37;37;29;34;31;34;30;43;28;35;32;37;42;41;48;40;37;43;50;54;60;59;37;40;60;57;60;56;68;56;63;61;64;69;62;56;61;60;58;45;46;41;39;42;48;52;34;53;45;26;43;51;43;39;42;30;41;36;27;47;34;39;34;28;26;38;32;30;25;14;15;22;18;20;14;22;18;17;15;11;10;14;11;6;4;6;3;3;0;6;2;0;4;1;1;0;0;0;0;0
092050;Pula;16;30;22;22;27;26;21;23;25;27;40;29;38;38;26;34;38;44;41;40;46;45;46;43;55;61;49;51;55;47;41;46;64;58;47;56;51;68;53;49;40;55;42;39;57;47;50;47;48;52;50;56;38;49;52;44;46;48;43;53;30;38;47;32;30;24;31;25;24;23;25;24;20;20;21;25;22;16;23;14;10;17;13;9;6;4;11;5;2;4;4;4;3;0;2;0;0;0;1;0;0
092051;Quartu Sant'Elena;302;336;313;318;281;289;342;306;334;347;355;372;373;375;366;352;378;409;367;406;491;442;461;422;474;461;576;556;591;603;638;644;614;636;620;649;670;699;634;665;669;666;599;590;560;577;589;554;534;516;494;519;514;452;518;460;440;399;373;360;370;314;384;321;307;281;247;231;265;244;203;207;207;213;185;179;164;139;166;125;138;123;105;96;64;58;65;54;52;45;43;32;20;15;15;16;8;3;3;1;2
092066;Sarroch;14;21;18;13;21;14;17;17;15;28;36;28;31;25;21;24;35;35;24;32;50;40;43;41;47;50;40;49;48;45;32;48;38;35;47;38;33;46;43;46;36;37;34;52;37;38;46;41;35;42;39;41;40;35;36;29;26;22;24;36;35;33;34;28;31;21;27;28;19;17;19;27;21;21;18;11;12;6;9;9;12;12;14;10;6;6;6;11;6;6;5;4;3;3;0;3;0;1;0;1;2
092068;Selargius;121;144;128;144;106;128;123;120;127;133;161;144;190;141;153;130;160;175;167;173;190;226;212;202;195;216;201;257;241;224;231;266;249;263;262;264;258;298;281;219;243;221;264;270;250;229;240;244;270;228;228;222;219;211;199;189;163;188;140;134;156;151;129;108;122;123;103;97;92;86;85;94;87;75;86;67;56;56;64;51;41;50;47;35;20;16;28;27;22;16;15;13;10;4;3;2;1;0;3;2;1
092074;Sestu;94;95;110;81;88;82;79;70;82;86;89;83;77;105;95;89;95;87;106;74;99;105;122;105;116;97;127;155;168;158;161;202;166;172;183;176;206;166;153;161;144;130;116;110;88;111;93;100;100;99;105;81;71;86;89;83;65;78;72;67;79;73;85;62;60;45;56;62;64;40;54;56;39;45;31;41;40;33;33;29;18;28;22;7;16;13;15;17;9;2;9;6;8;2;2;7;0;1;2;1;1
092075;Settimo San Pietro;25;22;21;27;22;28;23;21;27;38;26;31;35;35;41;37;42;47;32;42;47;57;51;43;50;51;50;55;53;45;43;34;50;46;44;58;51;54;49;48;53;62;57;38;47;36;59;46;51;42;42;54;40;39;41;32;34;38;28;23;28;30;40;32;26;18;19;19;19;21;18;12;14;21;10;13;15;16;15;10;11;11;11;14;5;7;8;4;5;4;3;5;2;2;2;1;0;0;0;0;1
092080;Sinnai;80;67;102;78;71;69;69;73;84;92;79;77;87;95;90;91;96;97;93;111;111;126;94;100;108;127;121;148;159;125;151;166;143;148;144;128;140;137;141;148;139;119;108;121;116;115;109;102;95;114;89;105;86;98;103;103;79;79;76;66;87;85;75;75;54;70;57;57;50;48;50;53;50;43;54;48;32;33;31;33;32;24;33;31;21;15;15;16;15;7;7;14;12;5;6;2;3;1;1;1;0
092090;Uta;34;36;32;27;32;26;30;33;29;45;40;58;47;53;37;36;51;40;40;42;75;47;57;51;55;44;48;31;43;63;60;55;52;68;62;62;54;60;57;60;57;67;42;55;50;43;48;24;39;40;37;40;41;37;44;46;39;36;23;34;30;40;37;32;26;30;26;21;33;31;26;18;26;23;16;13;14;15;15;13;9;17;13;16;2;8;6;5;6;4;7;6;2;2;3;1;2;1;0;0;1
092099;Villa San Pietro;8;5;3;7;11;9;8;7;9;7;7;8;14;8;10;16;12;14;11;13;15;14;18;10;19;23;22;24;17;16;12;13;17;19;16;13;11;19;9;10;10;16;7;16;13;11;19;13;15;15;13;15;16;9;16;14;16;9;11;14;10;9;7;6;9;2;6;2;8;7;9;5;5;3;5;3;3;1;6;2;3;5;1;2;3;2;3;1;0;1;0;1;0;0;0;0;0;0;0;0;0
092105;Quartucciu;51;45;44;50;40;51;39;52;60;58;63;49;66;67;55;53;57;57;71;60;70;88;60;81;80;81;103;93;111;114;108;101;98;114;93;103;125;134;121;105;113;109;73;98;95;77;81;73;84;69;83;68;78;85;66;53;71;68;49;51;62;62;55;61;52;45;50;48;51;47;43;46;44;31;41;30;43;27;25;29;23;22;32;19;13;17;11;12;10;8;9;7;9;7;3;0;2;1;1;0;1
092108;Elmas;39;40;30;35;25;40;27;29;35;40;48;44;39;52;43;61;56;45;45;50;58;66;54;39;62;59;59;64;64;68;78;73;65;62;89;58;81;65;76;82;77;74;70;81;72;61;56;73;67;69;56;68;51;45;61;58;44;46;31;48;41;42;33;35;28;33;34;30;27;31;31;41;20;29;34;25;28;20;23;10;20;15;23;9;5;9;5;7;6;4;6;0;3;1;1;0;0;2;0;1;1
092109;Monserrato;78;58;76;77;78;72;78;95;74;80;94;101;110;113;123;101;138;117;114;130;125;173;147;147;140;182;171;188;165;172;184;175;170;169;191;149;168;203;200;201;164;188;205;173;168;186;178;155;203;149;150;171;151;176;139;124;133;126;94;101;120;95;159;122;111;110;109;104;104;91;96;76;89;63;85;71;70;61;50;56;54;56;62;33;27;26;21;25;28;17;19;9;12;7;8;2;2;1;1;0;4
;Totale;1632;1696;1659;1692;1566;1565;1621;1648;1715;1849;1889;1934;2060;2037;2060;2004;2234;2257;2177;2349;2683;2730;2708;2666;2852;2978;3200;3433;3604;3644;3618;3836;3542;3721;3685;3599;3727;3852;3748;3674;3540;3540;3314;3358;3246;3224;3309;3097;3301;3098;3080;3050;3046;2932;3014;2902;2659;2711;2357;2487;2626;2529;2680;2356;2226;2053;2104;1921;2035;1995;1791;1828;1868;1654;1703;1493;1511;1295;1402;1178;1144;1073;1040;754;551;522;540;589;468;402;360;291;243;147;136;80;62;44;31;20;42

"Ricostruzione della popolazione intercensuaria - Popolazione al 1° gennaio per età"
"Cittadinanza italiana - Anno: 2004 - Provincia: Cagliari"
Territorio/Età;;0;1;2;3;4;5;6;7;8;9;10;11;12;13;14;15;16;17;18;19;20;21;22;23;24;25;26;27;28;29;30;31;32;33;34;35;36;37;38;39;40;41;42;43;44;45;46;47;48;49;50;51;52;53;54;55;56;57;58;59;60;61;62;63;64;65;66;67;68;69;70;71;72;73;74;75;76;77;78;79;80;81;82;83;84;85;86;87;88;89;90;91;92;93;94;95;96;97;98;99;100
Codice comune;Comune;Totale
092003;Assemini;273;288;243;257;257;230;229;232;257;239;225;247;268;284;276;301;293;285;287;311;312;331;321;383;366;394;391;392;423;427;488;435;518;428;466;514;482;514;512;509;504;458;423;438;392;396;386;408;368;348;355;339;366;312;300;305;255;275;230;249;215;253;248;237;215;187;206;182;141;153;173;124;144;133;111;121;107;91;76;75;51;77;55;54;30;29;21;20;27;13;7;15;12;7;4;11;1;0;1;0;1
092009;Cagliari;1069;908;1040;922;1060;950;972;1027;1042;1094;1158;1101;1237;1298;1279;1346;1267;1435;1479;1517;1642;1781;1826;1936;1943;2139;2216;2381;2605;2741;2714;2707;2763;2532;2652;2529;2465;2519;2566;2584;2454;2320;2392;2338;2322;2259;2315;2328;2231;2339;2164;2302;2203;2338;2214;2331;2393;2162;2204;1978;2075;2224;2204;2312;2165;1968;1886;1907;1806;1836;1829;1671;1624;1721;1502;1493;1332;1393;1187;1246;1068;1024;907;828;619;407;402;407;465;357;303;248;187;149;88;90;45;34;24;10;26
092011;Capoterra;262;238;219;228;225;230;238;208;217;238;234;246;240;259;239;272;270;240;260;249;285;314;292;286;303;316;325;331;346;370;419;423;422;423;447;407;445;444;443;434;425;412;374;348;378;314;350;317;331;317;303;303;283;295;257;285;279;283;267;235;212;216;216;200;203;168;146;168;132;129;144;110;133;120;109;113;92;67;67;65;55;43;52;44;36;22;26;28;17;13;24;18;7;10;6;6;1;3;1;1;3
092015;Decimomannu;72;67;69;68;64;55;48;70;71;61;72;67;74;88;74;71;79;92;83;98;79;85;89;104;85;100;92;122;136;131;123;139;128;120;136;122;140;143;134;125;134;115;119;111;114;102;78;105;101;84;87;98;90;85;83;95;85;92;86;56;92;86;82;79;60;72;57;69;38;64;43;53;44;36;26;55;21;32;26;25;21;26;16;18;11;11;13;10;13;6;4;5;5;2;3;4;1;0;1;2;0
092037;Maracalagonis;88;61;77;77;62;65;64;58;64;77;57;76;67;77;74;91;99;76;93;76;110;102;113;109;96;97;119;109;134;123;135;127;115;144;113;133;144;113;128;124;115;86;110;87;89;86;88;102;75;109;88;67;88;79;83;82;84;75;77;77;62;93;65;88;66;57;56;73;62;47;49;33;39;38;34;31;29;35;38;26;29;17;21;25;15;9;4;9;4;5;2;8;2;1;6;2;1;0;0;0;0
092050;Pula;42;44;58;65;51;46;60;49;58;56;50;72;64;68;65;73;72;61;77;90;87;88;91;99;87;124;119;101;116;112;106;85;93;115;132;101;133;111;125;104;110;111;97;87;97;96;101;94;92;100;105;99;97;91;104;115;92;95;102;88;86;82;81;88;69;70;66;67;51;56;49;53;47;42;44;37;41;41;21;32;16;18;29;20;12;9;10;15;6;11;7;5;6;3;1;2;1;1;1;1;0
092051;Quartu Sant'Elena;649;629;670;680;622;630;577;699;619;680;720;743;780;780;793;805;744;729;799;792;863;960;878;944;906;947;960;1107;1097;1184;1227;1248;1231;1218;1275;1179;1242;1287;1327;1285;1289;1286;1237;1149;1148;1104;1088;1075;1067;1047;1012;947;917;958;925;971;920;878;810;735;701;705;656;725;651;604;537;536;450;483;462;392;358;382;384;322;279;271;225;262;190;204;176;161;119;82;87;80;72;71;46;47;34;24;15;22;11;12;2;4;1
092066;Sarroch;47;40;45;39;35;35;24;39;48;39;44;66;53;53;51;49;48;65;71;66;70;81;88;95;76;91;93;93;100;100;91;76;105;74;82;83;66;75;90;84;86;79;100;63;88;72;70;85;90;74;81;75;78;76;71;70;68;71;59;63;61;64;64;75;59;53;44;57;44;47;43;36;47;45;37;36;21;23;12;14;16;22;19;21;10;10;8;8;13;8;9;7;3;3;4;0;3;0;2;0;1
092068;Selargius;265;254;281;277;275;246;250;243;282;283;280;326;291;352;316;324;278;325;360;378;369;373;431;408;415;395;437;417;478;527;486;441;522;481;490;495;511;515;533;564;458;465;467;477;484;458;442;479;448;509;431;433;418;426;418;387;352;347;358;261;292;314;277;270;229;241;217;195;167;164;176;167;175;166;135;119;110;97;91;109;76;73;68;85;44;28;20;33;27;29;20;17;13;11;5;3;2;2;0;3;3
092074;Sestu;232;199;198;202;178;195;167;161;160;169;168;174;176;187;188;181;181;184;191;198;187;206;208;241;206;246;234;257;295;360;351;347;388;345;371;381;379;376;328;330;338;291;273;248;229;215;234;212;192;194;184;193;178;159;183;172;158;147;148;142;141;160;155;173;136;130;109;122;103;109;110;92;94;78;82;62;72;65;59;60;36;33;44;29;16;23;22;18;21;16;3;11;10;10;4;2;7;0;1;2;1
092075;Settimo San Pietro;51;52;52;49;54;48;66;47;51;63;66;61;65;77;73;76;67;79;96;77;91;103;114;104;100;91;116;105;107;104;109;108;85;118;83;105;107;99;97;95;98;89;103;107;83;86;74;102;99;105;84;77;99;101;84;73;72;67;68;54;63;66;60;71;58;42;42;45;42;28;44;32;28;29;37;24;26;30;25;25;17;20;14;9;17;7;9;9;7;5;4;3;5;3;2;2;1;0;0;0;1
092080;Sinnai;160;163;151;182;156;150;130;148;172;169;197;172;164;177;175;194;176;192;206;198;237;223;254;219;219;231;248;259;294;294;260;303;309;300;273;285;288;302;280;271;280;289;241;247;258;243;216;210;211;195;224;185;196;185;201;190;184;170;171;149;122;170;158;156;139;121;129;124;101;99;95;85;95;97;82;97;79;62;63;51;54;47;47;51;39;26;20;17;17;17;13;14;13;12;6;8;2;4;1;1;1
092090;Uta;61;61;65;62;61;67;52;58;84;70;99;65;99;87;91;76;81;101;90;91;98;122;109;106;98;95;95;99;89;92;96;94;112;106;120;123;132;118;132;132;127;120;131;90;113;113;93;95;78;81;86;79;69;89;77;75;86;69;71;59;65;71;80;73;69;56;63;51;52;54;56;48;38;47;39;40;24;28;26;23;22;14;22;23;24;5;12;10;9;8;9;7;5;4;2;3;0;0;0;0;0
092099;Villa San Pietro;16;22;15;12;11;21;15;19;15;16;14;14;15;24;18;19;27;19;26;19;25;24;37;26;25;33;43;40;42;36;36;24;35;40;36;22;28;25;25;21;15;18;30;15;32;22;25;31;28;30;25;27;35;37;21;34;27;29;22;24;36;27;20;18;20;20;5;14;3;13;9;14;16;7;10;7;7;9;3;8;4;7;5;1;2;4;1;3;3;0;2;0;0;0;0;0;0;0;0;0;0
092105;Quartucciu;102;101;108;93;110;101;97;92;107;122;110;124;114;132;136;125;97;127;134;132;131;134;160;141;175;155;167;189;184;206;248;222;207;185;232;182;201;244;256;234;223;205;215;178;158;190;167;166;140;155;141;147;136;148;153;139;123;145;122;86;93;105;118;116;106;93;89;100;91;86;79;79;76;72;57;76;57;70;44;43;45;32;36;44;22;14;29;11;19;11;6;10;5;10;7;2;0;1;1;1;1
092108;Elmas;68;79;73;76;55;68;83;69;70;74;97;93;94;84;96;90;110;109;94;97;100;104;115;111;103;128;125;119;142;134;147;154;146;134;138;169;127;146;139;146;152;143;147;152;153;143;127;119;144;127;144;104;128;113;90;122;118;97;81;67;90;72;79;84;76;58;66;61;63;61;53;55;57;36;57;53;39;42;32;39;23;43;20;32;17;7;12;7;12;8;4;8;1;2;0;0;1;0;0;0;0
092109;Monserrato;159;149;131;146;146;163;159;151;185;185;142;198;234;247;225;232;245;255;255;258;284;272;329;297;273;292;367;340;357;345;351;332;344;301;319;343;310;329;365;386;361;338;320;376;349;335;363;332;324;368;300;311;319;284;326;271;249;259;266;199;211;245;182;254;245;204;192;200;186;171;169;180;148;144;119;139;115;111;94;76;94;76;88;90;48;42;35;28;42;33;18;17;11;11;7;6;0;2;2;1;3
;Totale;3616;3355;3495;3435;3422;3300;3231;3370;3502;3635;3733;3845;4035;4274;4169;4325;4134;4374;4601;4647;4970;5303;5455;5609;5476;5874;6147;6461;6945;7286;7387;7265;7523;7064;7365;7173;7200;7360;7480;7428;7169;6825;6779;6511;6487;6234;6217;6260;6019;6182;5814;5786;5700;5776;5590;5717;5545;5261;5142;4522;4617;4953;4745;5019;4566;4144;3910;3971;3532;3600;3583;3224;3163;3193;2865;2825;2451;2467;2089;2179;1817;1776;1619;1535;1081;735;731;713;774;611;481;440;319;262;160;163;77;59;37;26;42
Territorio/Età;;0;1;2;3;4;5;6;7;8;9;10;11;12;13;14;15;16;17;18;19;20;21;22;23;24;25;26;27;28;29;30;31;32;33;34;35;36;37;38;39;40;41;42;43;44;45;46;47;48;49;50;51;52;53;54;55;56;57;58;59;60;61;62;63;64;65;66;67;68;69;70;71;72;73;74;75;76;77;78;79;80;81;82;83;84;85;86;87;88;89;90;91;92;93;94;95;96;97;98;99;100
Codice comune;Comune;Maschi
092003;Assemini;135;158;121;132;131;97;122;122;144;136;107;118;136;146;143;164;143;148;157;159;144;163;172;208;208;219;180;204;191;219;208;220;249;224;220;261;230;271;254;248;265;218;207;217;210;190;188;201;171;172;151;163;191;159;141;144;132;153;108;139;108;118;121;122;120;86;97;99;69;69;80;58;63;68;54;49;48;45;34;28;17;30;24;22;13;11;7;4;12;4;0;5;4;2;0;4;0;0;0;0;0
092009;Cagliari;550;462;535;461;519;488;510;549;526;563;586;569;640;680;649;688;654;724;756;814;857;892;918;983;948;1106;1176;1241;1385;1375;1410;1400;1382;1272;1325;1239;1205;1233;1281;1250;1155;1091;1118;1123;1077;1024;1076;1065;1057;1025;955;1022;1005;1050;974;1090;1086;990;973;883;886;987;959;1018;987;860;856;815;800;780;739;713;663;671;587;579;496;520;437;440;394;380;323;287;230;136;125;141;136;111;83;74;47;34;28;26;13;4;4;5;6
092011;Capoterra;140;119;120;120;128;125;125;103;115;121;123;133;119;143;140;146;139;109;121;129;144;164;159;169;160;166;164;154;169;198;217;192;212;219;232;191;237;225;222;221;214;212;167;186;195;158;181;158;182;146;140;141;146;148;134;134;131;144;130;111;95;118;115;104;98;85;80;78;64;67;65;61;67;59;54;55;51;32;36;29;19;19;18;21;11;6;8;9;7;2;11;8;1;3;3;3;0;0;1;0;3
092015;Decimomannu;37;40;31;44;36;34;26;35;43;37;38;30;46;49;49;36;40;46;37;51;41;43;45;64;38;49;40;63;70;74;64;78;69;62;57;60;71;76;71;65;66;40;62;57;57;65;34;50;47;41;43;52;41;33;45;42;44;47;43;34;39;35;39;40;33;34;35;36;23;26;26;19;18;18;11;24;10;20;12;10;7;10;7;7;4;4;5;3;4;2;2;2;0;0;1;3;1;0;0;0;0
092037;Maracalagonis;49;27;39;41;35;32;35;28;35;37;28;40;34;38;30;48;51;36;55;33;60;47;56;50;55;60;61;51;72;70;68;73;49;81;51;65;80;56;67;63;60;41;63;47;47;42;40;50;41;56;44;41;45;29;40;45;43;45;38;42;35;45;33;49;30;29;28;36;29;19;25;20;24;17;17;12;16;13;20;10;14;6;11;10;5;2;2;3;2;1;2;2;0;1;2;1;0;0;0;0;0
092050;Pula;20;28;28;39;29;21;34;28;34;31;22;30;35;30;26;47;37;23;35;50;48;37;45;51;43;70;56;54;62;58;59;45;51;47;74;54;75;62;57;50;60;69;44;44;56;40;56;44;45;50;54;48;40;50;53;64;46;50;54;45;33;50;44;40;38;38;40;35;26;32;26;28;21;22;24;17;18;20;5;10;3;9;11;7;4;3;6;4;2;9;3;1;2;0;1;0;1;1;1;0;0
092051;Quartu Sant'Elena;334;325;336;362;313;352;289;358;314;346;372;386;415;409;419;439;389;352;392;425;450;475;440;485;481;477;496;533;542;599;621;617;600;586;637;553;583;623;616;653;629;615;579;545;555;547;511;488;515;520;496;457;399;448;477;454;464;442;415;358;338;339;342;347;335;297;260;290;219;220;219;191;150;176;171;138;112;112;88;99;67;74;60;60;30;24;33;20;26;24;15;14;8;8;7;5;2;2;0;2;0
092066;Sarroch;27;24;24;20;21;14;10;22;30;24;16;29;28;22;25;28;24;30;35;44;38;34;49;51;38;47;43;57;51;52;48;45;55;39;50;39;28;42;45;43;43;42;64;30;36;35;31;38;49;39;41;38;38;35;34;32;38;43;35;38;25;31;32;41;31;23;24;29;16;27;26;17;22;24;16;19;10;11;7;5;7;9;8;8;1;3;2;4;4;2;3;2;1;0;1;0;0;0;1;0;0
092068;Selargius;141;131;133;145;133;140;123;118;157;152;144;162;148;165;178;171;152;167;186;208;199;181;207;198;219;197;220;215;224;275;266;203;257;227;225;231;249;257;239;275;231;223;247;213;216;206;208;236;202;236;201;205;196;206;203;190;168;188;170;122;158;156;128;139;121;119;94;93;72;74;89;80;86;77;63;37;44;42;37;47;27;36;23;39;11;8;8;10;6;11;7;4;3;4;2;0;1;1;0;0;2
092074;Sestu;112;100;99;92;98;103;85;83;88;91;83;86;92;109;83;87;91;88;105;89;111;106;106;115;99;127;129;123;128;181;175;180;170;165;195;188;199;164;159;174;176;149;141;128;115;125;121;121;93;93;84;88;98;87;96;83;73;82;72;69;75;81;83;88;73;70;62;66;39;44;67;39;38;40;39;30;33;24;26;29;12;16;17;9;8;7;8;3;6;6;2;5;4;3;2;0;1;0;0;0;0
092075;Settimo San Pietro;26;28;27;27;26;27;37;23;30;37;28;32;34;40;37;35;30;37;49;46;48;54;59;52;54;41;59;54;49;53;59;68;54;64;37;60;52;48;42;47;50;36;41;52;47;39;36;43;53;50;42;35;45;63;45;31;38;33;30;26;40;38;31;31;26;17;25;26;23;9;26;14;16;15;16;15;12;16;10;11;6;8;4;1;4;2;2;2;3;1;0;1;0;1;0;1;0;0;0;0;0
092080;Sinnai;85;81;84;81;75;77;63;80;98;83;105;93;87;90;85;102;83;93;109;107;123;114;130;121;116;124;114;141;144;125;126;154;136;156;125;141;157;162;143;128;135;147;121;137;134;128;102;102;105;103;108;97;89;99;105;84;80;90;92;74;56;81;74;81;64;68;57;65;45;50;48;34;42;47;42;45;33;32;28;18;22;18;24;19;9;5;5;5;3;7;6;7;2;2;1;3;0;1;0;0;0
092090;Uta;33;28;28;31;35;35;27;29;49;42;56;25;40;42;39;39;43;50;49;52;59;51;65;49;47;39;49;51;55;53;36;34;58;54;52;62;69;65;72;72;65;63;65;49;58;63;50;47;54;42;45;43;32;47;38;31;40;31;35;36;31;40;41;36;37;31;33;25;30;23;27;22;20;21;16;24;11;15;10;8;9;4;7;9;8;3;5;5;4;3;5;3;1;2;0;0;0;0;0;0;0
092099;Villa San Pietro;9;14;9;8;4;10;6;10;8;7;7;7;6;10;10;9;12;7;13;10;12;9;23;12;13;12;19;16;21;21;17;12;22;22;17;9;16;14;9;11;5;9;14;8;16;8;14;12;15;15;7;14;20;21;12;19;13;13;13;13;22;17;11;10;14;11;3;7;1;5;3;5;11;2;7;4;4;5;2;2;2;4;0;0;1;1;0;0;2;0;1;0;0;0;0;0;0;0;0;0;0
092105;Quartucciu;48;51;63;51;65;62;44;52;56;62;52;58;62;63;70;69;45;67;76;64;71;68;74;80;90;80;81;83;96;97;134;110;104;88;114;90;101;115;121;117;117;92;105;105;60;95;90;84;65;70;72;68;70;69;68;71;65;77;54;37;42;44;57;62;46;41;45;50;44;35;32;37;32;25;27;34;27;28;17;20;21;12;13;13;6;4;13;1;9;2;0;1;0;3;2;1;0;0;0;0;1
092108;Elmas;41;34;30;43;25;42;44;40;42;39;54;43;49;45;43;47;47;52;49;53;52;47;51;55;65;65;63;61;76;68;76;81;69;60;72;77;65;64;71;66;72;67;74;84;70;72;65;61;70;59;75;48;60;61;43;60;60;51;34;36;42;31;38;50;40;31;33;29;33;33;22;24;19;18;29;20;14;16;14;18;12;25;4;10;8;2;4;2;6;5;2;3;1;1;0;0;1;0;0;0;0
092109;Monserrato;85;75;76;69;71;86;88;74;92;110;64;104;136;132;112;111;142;121;137;145;155;146;162;149;130;151;190;169;173;180;177;152;169;137;149;154;158;163;160;184;162;175;139;172;177;163;175;156;172;171;151;164;148;131;151;129;121;125;140;104;112;121;89;97;122;94;81;92;83;66;80;85;73;55;57;56;43;42;30;29;39;27;32;32;16;16;13;14;18;11;5;2;5;3;2;1;0;1;1;0;0
;Totale;1872;1725;1783;1766;1744;1745;1668;1754;1861;1918;1885;1945;2107;2213;2138;2266;2122;2150;2361;2479;2612;2631;2761;2892;2804;3030;3140;3270;3508;3698;3761;3664;3706;3503;3632;3474;3575;3640;3629;3667;3505;3289;3251;3197;3126;3000;2978;2956;2936;2888;2709;2724;2663;2736;2659;2703;2642;2604;2436;2167;2137;2332;2237;2355;2215;1934;1853;1871;1616;1579;1600;1447;1365;1355;1230;1158;982;993;813;813;678;687;586;554;369;237;246;230;250;201;147;134;79;67;52;48;20;10;8;7;12
Territorio/Età;;0;1;2;3;4;5;6;7;8;9;10;11;12;13;14;15;16;17;18;19;20;21;22;23;24;25;26;27;28;29;30;31;32;33;34;35;36;37;38;39;40;41;42;43;44;45;46;47;48;49;50;51;52;53;54;55;56;57;58;59;60;61;62;63;64;65;66;67;68;69;70;71;72;73;74;75;76;77;78;79;80;81;82;83;84;85;86;87;88;89;90;91;92;93;94;95;96;97;98;99;100
Codice comune;Comune;Femmine
092003;Assemini;138;130;122;125;126;133;107;110;113;103;118;129;132;138;133;137;150;137;130;152;168;168;149;175;158;175;211;188;232;208;280;215;269;204;246;253;252;243;258;261;239;240;216;221;182;206;198;207;197;176;204;176;175;153;159;161;123;122;122;110;107;135;127;115;95;101;109;83;72;84;93;66;81;65;57;72;59;46;42;47;34;47;31;32;17;18;14;16;15;9;7;10;8;5;4;7;1;0;1;0;1
092009;Cagliari;519;446;505;461;541;462;462;478;516;531;572;532;597;618;630;658;613;711;723;703;785;889;908;953;995;1033;1040;1140;1220;1366;1304;1307;1381;1260;1327;1290;1260;1286;1285;1334;1299;1229;1274;1215;1245;1235;1239;1263;1174;1314;1209;1280;1198;1288;1240;1241;1307;1172;1231;1095;1189;1237;1245;1294;1178;1108;1030;1092;1006;1056;1090;958;961;1050;915;914;836;873;750;806;674;644;584;541;389;271;277;266;329;246;220;174;140;115;60;64;32;30;20;5;20
092011;Capoterra;122;119;99;108;97;105;113;105;102;117;111;113;121;116;99;126;131;131;139;120;141;150;133;117;143;150;161;177;177;172;202;231;210;204;215;216;208;219;221;213;211;200;207;162;183;156;169;159;149;171;163;162;137;147;123;151;148;139;137;124;117;98;101;96;105;83;66;90;68;62;79;49;66;61;55;58;41;35;31;36;36;24;34;23;25;16;18;19;10;11;13;10;6;7;3;3;1;3;0;1;0
092015;Decimomannu;35;27;38;24;28;21;22;35;28;24;34;37;28;39;25;35;39;46;46;47;38;42;44;40;47;51;52;59;66;57;59;61;59;58;79;62;69;67;63;60;68;75;57;54;57;37;44;55;54;43;44;46;49;52;38;53;41;45;43;22;53;51;43;39;27;38;22;33;15;38;17;34;26;18;15;31;11;12;14;15;14;16;9;11;7;7;8;7;9;4;2;3;5;2;2;1;0;0;1;2;0
092037;Maracalagonis;39;34;38;36;27;33;29;30;29;40;29;36;33;39;44;43;48;40;38;43;50;55;57;59;41;37;58;58;62;53;67;54;66;63;62;68;64;57;61;61;55;45;47;40;42;44;48;52;34;53;44;26;43;50;43;37;41;30;39;35;27;48;32;39;36;28;28;37;33;28;24;13;15;21;17;19;13;22;18;16;15;11;10;15;10;7;2;6;2;4;0;6;2;0;4;1;1;0;0;0;0
092050;Pula;22;16;30;26;22;25;26;21;24;25;28;42;29;38;39;26;35;38;42;40;39;51;46;48;44;54;63;47;54;54;47;40;42;68;58;47;58;49;68;54;50;42;53;43;41;56;45;50;47;50;51;51;57;41;51;51;46;45;48;43;53;32;37;48;31;32;26;32;25;24;23;25;26;20;20;20;23;21;16;22;13;9;18;13;8;6;4;11;4;2;4;4;4;3;0;2;0;0;0;1;0
092051;Quartu Sant'Elena;315;304;334;318;309;278;288;341;305;334;348;357;365;371;374;366;355;377;407;367;413;485;438;459;425;470;464;574;555;585;606;631;631;632;638;626;659;664;711;632;660;671;658;604;593;557;577;587;552;527;516;490;518;510;448;517;456;436;395;377;363;366;314;378;316;307;277;246;231;263;243;201;208;206;213;184;167;159;137;163;123;130;116;101;89;58;54;60;46;47;31;33;26;16;8;17;9;10;2;2;1
092066;Sarroch;20;16;21;19;14;21;14;17;18;15;28;37;25;31;26;21;24;35;36;22;32;47;39;44;38;44;50;36;49;48;43;31;50;35;32;44;38;33;45;41;43;37;36;33;52;37;39;47;41;35;40;37;40;41;37;38;30;28;24;25;36;33;32;34;28;30;20;28;28;20;17;19;25;21;21;17;11;12;5;9;9;13;11;13;9;7;6;4;9;6;6;5;2;3;3;0;3;0;1;0;1
092068;Selargius;124;123;148;132;142;106;127;125;125;131;136;164;143;187;138;153;126;158;174;170;170;192;224;210;196;198;217;202;254;252;220;238;265;254;265;264;262;258;294;289;227;242;220;264;268;252;234;243;246;273;230;228;222;220;215;197;184;159;188;139;134;158;149;131;108;122;123;102;95;90;87;87;89;89;72;82;66;55;54;62;49;37;45;46;33;20;12;23;21;18;13;13;10;7;3;3;1;1;0;3;1
092074;Sestu;120;99;99;110;80;92;82;78;72;78;85;88;84;78;105;94;90;96;86;109;76;100;102;126;107;119;105;134;167;179;176;167;218;180;176;193;180;212;169;156;162;142;132;120;114;90;113;91;99;101;100;105;80;72;87;89;85;65;76;73;66;79;72;85;63;60;47;56;64;65;43;53;56;38;43;32;39;41;33;31;24;17;27;20;8;16;14;15;15;10;1;6;6;7;2;2;6;0;1;2;1
092075;Settimo San Pietro;25;24;25;22;28;21;29;24;21;26;38;29;31;37;36;41;37;42;47;31;43;49;55;52;46;50;57;51;58;51;50;40;31;54;46;45;55;51;55;48;48;53;62;55;36;47;38;59;46;55;42;42;54;38;39;42;34;34;38;28;23;28;29;40;32;25;17;19;19;19;18;18;12;14;21;9;14;14;15;14;11;12;10;8;13;5;7;7;4;4;4;2;5;2;2;1;1;0;0;0;1
092080;Sinnai;75;82;67;101;81;73;67;68;74;86;92;79;77;87;90;92;93;99;97;91;114;109;124;98;103;107;134;118;150;169;134;149;173;144;148;144;131;140;137;143;145;142;120;110;124;115;114;108;106;92;116;88;107;86;96;106;104;80;79;75;66;89;84;75;75;53;72;59;56;49;47;51;53;50;40;52;46;30;35;33;32;29;23;32;30;21;15;12;14;10;7;7;11;10;5;5;2;3;1;1;1
092090;Uta;28;33;37;31;26;32;25;29;35;28;43;40;59;45;52;37;38;51;41;39;39;71;44;57;51;56;46;48;34;39;60;60;54;52;68;61;63;53;60;60;62;57;66;41;55;50;43;48;24;39;41;36;37;42;39;44;46;38;36;23;34;31;39;37;32;25;30;26;22;31;29;26;18;26;23;16;13;13;16;15;13;10;15;14;16;2;7;5;5;5;4;4;4;2;2;3;0;0;0;0;0
092099;Villa San Pietro;7;8;6;4;7;11;9;9;7;9;7;7;9;14;8;10;15;12;13;9;13;15;14;14;12;21;24;24;21;15;19;12;13;18;19;13;12;11;16;10;10;9;16;7;16;14;11;19;13;15;18;13;15;16;9;15;14;16;9;11;14;10;9;8;6;9;2;7;2;8;6;9;5;5;3;3;3;4;1;6;2;3;5;1;1;3;1;3;1;0;1;0;0;0;0;0;0;0;0;0;0
092105;Quartucciu;54;50;45;42;45;39;53;40;51;60;58;66;52;69;66;56;52;60;58;68;60;66;86;61;85;75;86;106;88;109;114;112;103;97;118;92;100;129;135;117;106;113;110;73;98;95;77;82;75;85;69;79;66;79;85;68;58;68;68;49;51;61;61;54;60;52;44;50;47;51;47;42;44;47;30;42;30;42;27;23;24;20;23;31;16;10;16;10;10;9;6;9;5;7;5;1;0;1;1;1;0
092108;Elmas;27;45;43;33;30;26;39;29;28;35;43;50;45;39;53;43;63;57;45;44;48;57;64;56;38;63;62;58;66;66;71;73;77;74;66;92;62;82;68;80;80;76;73;68;83;71;62;58;74;68;69;56;68;52;47;62;58;46;47;31;48;41;41;34;36;27;33;32;30;28;31;31;38;18;28;33;25;26;18;21;11;18;16;22;9;5;8;5;6;3;2;5;0;1;0;0;0;0;0;0;0
092109;Monserrato;74;74;55;77;75;77;71;77;93;75;78;94;98;115;113;121;103;134;118;113;129;126;167;148;143;141;177;171;184;165;174;180;175;164;170;189;152;166;205;202;199;163;181;204;172;172;188;176;152;197;149;147;171;153;175;142;128;134;126;95;99;124;93;157;123;110;111;108;103;105;89;95;75;89;62;83;72;69;64;47;55;49;56;58;32;26;22;14;24;22;13;15;6;8;5;5;0;1;1;1;3
;Totale;1744;1630;1712;1669;1678;1555;1563;1616;1641;1717;1848;1900;1928;2061;2031;2059;2012;2224;2240;2168;2358;2672;2694;2717;2672;2844;3007;3191;3437;3588;3626;3601;3817;3561;3733;3699;3625;3720;3851;3761;3664;3536;3528;3314;3361;3234;3239;3304;3083;3294;3105;3062;3037;3040;2931;3014;2903;2657;2706;2355;2480;2621;2508;2664;2351;2210;2057;2100;1916;2021;1983;1777;1798;1838;1635;1667;1469;1474;1276;1366;1139;1089;1033;981;712;498;485;483;524;410;334;306;240;195;108;115;57;49;29;19;30

"Ricostruzione della popolazione intercensuaria - Popolazione al 1° gennaio per età"
"Cittadinanza italiana - Anno: 2005 - Provincia: Cagliari"
Territorio/Età;;0;1;2;3;4;5;6;7;8;9;10;11;12;13;14;15;16;17;18;19;20;21;22;23;24;25;26;27;28;29;30;31;32;33;34;35;36;37;38;39;40;41;42;43;44;45;46;47;48;49;50;51;52;53;54;55;56;57;58;59;60;61;62;63;64;65;66;67;68;69;70;71;72;73;74;75;76;77;78;79;80;81;82;83;84;85;86;87;88;89;90;91;92;93;94;95;96;97;98;99;100
Codice comune;Comune;Totale
092003;Assemini;261;265;289;241;256;254;231;232;233;264;236;225;245;267;287;276;300;292;288;286;311;316;329;321;380;365;399;396;408;444;435;503;473;534;430;470;520;502;518;517;512;508;467;420;440;394;389;386;404;363;345;355;339;361;321;303;301;255;276;229;247;215;252;246;237;215;190;204;180;139;150;167;124;137;134;110;117;105;85;72;70;50;72;54;50;29;27;19;17;26;10;4;12;9;6;4;10;1;0;0;1
092009;Cagliari;1010;1055;930;1042;930;1072;953;986;1032;1053;1107;1155;1100;1227;1305;1278;1341;1271;1420;1465;1505;1640;1758;1805;1896;1900;2096;2173;2310;2516;2641;2619;2613;2660;2473;2578;2450;2423;2488;2535;2557;2438;2302;2377;2320;2310;2249;2306;2315;2213;2321;2163;2284;2178;2319;2200;2303;2386;2136;2184;1963;2049;2207;2162;2279;2135;1944;1865;1887;1770;1816;1795;1629;1590;1670;1463;1473;1302;1338;1139;1184;1010;968;852;778;569;376;360;366;400;312;266;208;149;127;69;66;30;24;19;20
092011;Capoterra;225;261;236;218;226;223;228;239;205;220;236;232;249;234;260;236;270;272;235;263;249;280;313;288;285;291;306;329;337;348;381;417;424;426;419;443;420;447;445;446;431;428;408;375;344;380;312;345;318;335;315;303;302;286;298;257;296;283;282;269;235;213;213;215;199;200;169;147;166;131;128;149;111;127;115;105;107;86;61;64;64;48;41;52;42;36;20;23;27;16;11;20;16;7;9;5;4;1;0;0;1
092015;Decimomannu;75;72;67;69;68;64;56;48;70;72;64;70;67;73;89;72;71;79;92;84;97;80;85;87;103;87;99;97;122;135;130;127;133;126;124;135;124;137;146;131;122;137;114;117;114;114;105;79;108;102;82;87;100;89;81;86;94;87;91;87;56;91;84;85;77;60;72;57;65;37;63;44;50;44;36;24;56;20;32;23;25;18;28;15;16;10;10;12;9;10;3;4;4;3;2;3;4;1;0;1;1
092037;Maracalagonis;81;87;61;78;78;61;69;65;54;67;78;58;74;68;77;73;91;101;76;94;74;111;105;113;108;94;100;116;112;137;122;131;128;113;145;110;130;141;111;132;127;116;87;113;91;88;86;88;101;79;108;87;68;86;82;85;81;85;76;75;78;60;94;64;91;66;60;54;74;61;47;48;32;39;37;34;31;28;33;36;25;29;17;19;26;13;9;3;6;4;4;3;5;2;2;2;1;1;0;0;0
092050;Pula;50;45;43;62;67;49;48;62;50;58;58;49;73;60;66;65;76;72;60;81;91;83;88;90;96;96;128;122;103;118;116;111;93;104;121;139;111;131;114;130;108;108;113;97;91;99;99;102;96;91;102;105;99;101;91;104;113;93;100;100;87;86;83;83;87;69;69;65;68;49;54;48;52;45;41;42;33;41;37;19;30;16;18;21;19;12;6;7;14;6;8;7;3;4;2;1;1;1;1;1;1
092051;Quartu Sant'Elena;592;656;625;671;680;614;619;575;689;617;669;718;739;780;773;792;804;737;732;791;797;862;963;871;924;900;947;969;1096;1117;1232;1238;1236;1244;1237;1290;1195;1248;1302;1331;1281;1286;1289;1230;1157;1140;1099;1079;1064;1069;1050;1014;945;917;961;922;976;920;881;809;736;691;699;659;726;651;608;532;529;448;473;447;384;355;379;372;315;264;261;220;245;184;185;161;148;105;73;82;74;62;62;33;36;26;17;11;15;9;10;1;1
092066;Sarroch;31;48;38;48;38;32;34;24;37;48;40;41;67;51;54;52;51;49;65;72;68;74;80;86;94;80;91;96;89;97;98;87;71;99;73;78;80;62;77;91;85;89;77;100;63;87;73;72;87;88;73;80;74;77;75;71;68;64;72;57;62;64;63;61;74;58;54;45;55;43;47;41;35;47;45;37;35;25;22;12;13;14;20;19;20;9;10;8;8;7;8;6;7;3;0;4;0;4;0;1;1
092068;Selargius;245;262;251;284;276;271;245;254;242;280;286;284;331;283;353;319;321;277;327;361;375;369;378;438;421;412;404;425;421;482;516;496;463;527;496;503;507;521;513;536;576;462;458;472;482;483;467;449;478;449;513;429;432;417;427;413;389;343;350;357;258;289;315;275;265;227;240;216;191;166;161;173;161;167;159;134;117;102;96;90;101;72;67;66;74;41;21;18;26;22;23;16;11;10;4;3;2;1;2;0;4
092074;Sestu;215;243;201;202;205;189;202;169;169;160;169;170;172;178;186;189;183;187;183;193;201;189;207;213;249;216;262;259;283;312;392;383;367;412;376;394;397;389;390;342;347;348;305;278;251;234;222;241;218;200;198;185;195;180;160;184;172;157;154;148;145;139;156;161;174;137;130;109;121;103;108;107;88;93;77;79;58;72;61;58;59;34;32;41;24;14;20;19;15;16;12;2;11;6;7;1;2;4;0;0;1
092075;Settimo San Pietro;54;48;51;50;52;54;50;66;47;53;64;67;62;65;79;74;77;70;80;98;77;91;102;117;104;97;90;115;100;111;111;110;104;84;115;82;112;110;99;98;100;97;89;105;107;85;85;78;102;97;105;83;77;97;101;86;75;76;67;68;55;62;64;60;69;59;42;39;43;40;28;46;32;26;27;36;20;25;29;24;23;15;17;13;8;16;5;7;7;5;4;3;2;5;3;2;1;0;0;0;1
092080;Sinnai;167;155;168;154;183;148;150;130;152;171;169;196;176;166;176;173;200;178;190;205;201;238;228;253;227;227;236;255;261;299;297;266;312;320;308;278;289;296;307;277;273;279;291;238;249;253;244;217;217;213;196;217;186;193;185;205;193;181;167;176;148;123;167;158;154;142;122;131;121;101;99;95;87;95;95;82;98;77;57;63;50;54;47;43;47;38;26;16;14;14;12;10;12;9;9;4;4;2;3;1;2
092090;Uta;68;60;61;67;63;60;67;52;57;84;70;101;64;100;87;91;77;81;102;89;91;100;123;113;108;101;95;91;105;93;100;96;93;114;115;119;124;137;120;130;130;127;119;128;92;112;115;94;98;80;83;87;82;72;89;76;75;84;70;72;58;66;70;80;74;71;56;64;50;49;54;53;47;38;47;37;41;25;26;24;24;22;12;21;21;23;4;12;9;9;7;4;6;4;4;2;3;0;0;0;0
092099;Villa San Pietro;11;18;23;13;13;11;21;16;21;15;17;16;14;15;24;18;19;27;21;24;20;24;25;35;24;24;34;44;39;41;37;33;25;36;39;34;22;30;22;25;23;15;16;32;15;32;23;25;31;28;30;25;27;36;37;21;34;27;28;22;23;35;28;21;18;20;18;5;14;3;13;9;14;16;7;10;7;6;9;2;9;4;7;6;1;2;4;1;3;3;0;1;0;0;0;0;0;0;0;0;0
092105;Quartucciu;86;108;104;107;96;107;104;94;93;106;120;109;121;116;129;133;122;97;127;135;132;132;131;161;149;169;156;167;195;191;200;254;227;224;190;235;192;209;246;253;236;220;206;216;179;156;194;171;163;138;152;138;145;139;149;153;138;121;143;119;83;88;102;118;116;108;93;87;101;91;85;79;81;75;74;56;73;55;72;47;41;43;32;33;43;17;15;25;10;15;9;6;8;5;9;7;2;0;1;1;2
092108;Elmas;73;71;83;75;81;58;69;85;75;71;82;100;95;95;82;96;91;109;113;97;98;98;107;112;110;105;129;130;122;151;132;151;164;151;136;143;166;129;154;136;154;154;142;149;149;156;141;131;120;144;131;148;104;130;117;91;125;121;99;81;67;86;71;80;83;79;54;68;60;62;59;53;56;56;35;59;53;38;39;30;39;23;42;18;31;15;6;9;7;12;7;4;9;0;2;0;0;1;0;0;0
092109;Monserrato;144;161;148;129;147;149;164;161;149;182;186;139;197;232;244;220;230;246;248;252;258;282;272;322;292;271;293;361;331;355;341;350;328;344;300;329;342;319;330;373;388;367;351;310;372;342;330;360;331;314;365;295;307;325;283;322;268;248;258;261;194;215;246;180;253;241;199;191;201;181;162;169;178;146;143;115;138;115;108;93;73;91;70;84;87;45;41;31;23;38;30;17;13;10;8;4;3;1;1;1;2
;Totale;3388;3615;3379;3510;3459;3416;3310;3258;3375;3521;3651;3730;3846;4010;4271;4157;4324;4145;4359;4590;4645;4969;5294;5425;5570;5435;5865;6145;6434;6947;7281;7372;7254;7518;7097;7360;7181;7231;7382;7483;7450;7179;6834;6757;6516;6465;6233;6223;6251;6003;6169;5801;5766;5684;5776;5579;5701;5531;5250;5114;4495;4572;4914;4708;4976;4538;4120;3879;3926;3474;3547;3523;3161;3096;3121;2795;2772;2386;2366;2016;2075;1727;1675;1518;1435;994;673;652;635;665;522;406;363;252;211;122;118;57;42;26;38
Territorio/Età;;0;1;2;3;4;5;6;7;8;9;10;11;12;13;14;15;16;17;18;19;20;21;22;23;24;25;26;27;28;29;30;31;32;33;34;35;36;37;38;39;40;41;42;43;44;45;46;47;48;49;50;51;52;53;54;55;56;57;58;59;60;61;62;63;64;65;66;67;68;69;70;71;72;73;74;75;76;77;78;79;80;81;82;83;84;85;86;87;88;89;90;91;92;93;94;95;96;97;98;99;100
Codice comune;Comune;Maschi
092003;Assemini;127;131;160;121;132;129;98;124;124;149;129;105;119;133;149;143;162;143;152;158;159;147;164;171;206;209;218;184;209;213;219;217;233;260;226;227;260;237;272;259;254;268;225;204;220;210;187;188;199;168;171;154;160;190;161;143;142;133;153;106;137;106;116;121;122;120;89;96;97;67;68;74;59;60;70;53;46;47;43;33;25;16;26;24;19;13;10;7;3;11;3;0;6;3;2;0;3;0;0;0;0
092009;Cagliari;486;548;466;536;465;525;493;523;548;537;578;580;569;635;682;647;685;657;722;741;806;856;884;903;965;922;1084;1164;1196;1336;1320;1349;1344;1309;1246;1281;1186;1184;1212;1261;1231;1142;1084;1103;1110;1068;1021;1068;1062;1047;1015;954;1015;988;1044;971;1071;1076;978;968;875;868;978;937;1004;961;844;845;797;781;769;724;684;643;643;561;569;475;491;415;412;370;355;297;268;204;123;109;122;111;99;69;57;36;30;22;19;9;3;3;7
092011;Capoterra;105;139;119;121;119;130;123;124;103;116;122;122;136;113;144;138;147;141;107;125;129;142;164;157;169;158;166;163;160;169;200;217;192;218;214;229;198;239;229;223;218;214;210;170;182;196;154;176;155;186;147;143;141;149;150;135;139;131;148;131;113;98;115;115;102;95;86;77;77;63;66;67;61;62;56;51;52;49;28;32;27;16;18;18;19;11;4;8;8;6;3;7;9;1;2;2;1;0;0;0;0
092015;Decimomannu;37;37;38;31;44;36;35;28;35;43;39;38;30;45;49;47;36;40;46;38;49;41;45;44;62;41;51;40;63;69;75;69;75;63;65;56;63;68;78;67;63;67;40;63;58;55;68;33;53;48;39;42;53;39;32;45;42;45;46;44;34;39;33;41;40;32;34;35;33;23;25;26;18;18;18;10;25;10;20;10;11;6;11;6;5;4;3;5;3;4;1;2;2;0;0;1;2;1;0;0;0
092037;Maracalagonis;48;47;27;40;41;32;35;35;28;38;38;27;38;35;38;31;50;53;36;55;32;61;49;55;52;54;59;56;54;73;75;62;74;45;80;51;63;77;56;68;61;61;41;62;50;46;41;40;49;44;54;43;43;45;30;42;45;44;46;36;43;33;46;33;50;30;32;27;37;29;19;24;19;24;16;17;12;15;15;18;9;14;5;9;11;5;2;2;1;2;0;2;2;0;2;0;0;0;0;0;0
092050;Pula;26;22;26;31;39;27;23;34;27;33;33;20;31;33;29;26;48;38;23;40;50;45;36;45;48;44;71;57;55;62;58;62;46;55;50;79;59;72;61;60;51;62;68;41;45;56;42;56;46;45;52;54;49;43;51;53;61;48;51;53;44;32;51;45;39;37;38;40;36;25;30;25;27;19;21;22;13;17;18;4;8;3;10;7;6;4;3;4;3;2;7;3;1;2;0;1;0;1;1;1;0
092051;Quartu Sant'Elena;304;331;322;337;367;309;344;286;352;314;341;375;382;416;412;418;438;385;352;388;425;450;477;444;473;478;469;500;529;548;630;631;601;607;590;645;561;589;633;618;650;624;619;569;549;551;544;504;491;513;520;498;461;402;448;472;460;461;441;413;360;334;333;339;349;335;297;252;283;218;215;214;188;149;171;161;134;103;105;86;92;65;65;50;56;27;18;31;20;19;20;8;8;4;5;5;5;1;1;0;1
092066;Sarroch;15;27;24;26;19;22;13;10;20;31;22;16;29;28;22;26;30;24;32;35;45;39;35;47;50;39;46;46;54;49;51;45;42;54;39;46;37;26;41;45;42;44;40;63;30;36;36;32;38;48;40;42;38;38;34;34;30;35;44;34;37;28;30;32;40;31;23;25;28;16;27;25;16;22;24;17;19;13;10;7;4;5;8;8;9;0;3;2;4;2;2;2;2;1;0;1;0;1;0;0;0
092068;Selargius;121;139;128;132;147;131;139;124;118;153;157;143;164;143;164;181;167;150;167;186;202;199;183;210;205;223;205;211;212;226;272;268;211;255;233;231;240;256;253;241;279;228;217;249;216;213;210;215;233;206;239;201;206;195;206;196;191;165;190;167;121;155;156;129;136;119;118;92;89;71;71;87;80;82;75;63;36;39;40;36;42;24;32;23;34;10;5;8;8;5;9;5;3;2;0;2;0;0;1;0;2
092074;Sestu;101;119;101;102;95;104;108;85;89;88;92;85;85;93;107;84;88;95;86;105;92;113;109;109;118;107;136;138;135;137;198;194;187;182;180;208;198;208;175;162;183;183;157;141;128;118;128;127;124;100;94;85;86;100;87;97;84;72;85;73;70;73;77;86;89;75;69;62;66;39;44;63;35;38;40;36;27;34;21;26;28;11;14;14;8;8;7;8;2;3;5;2;5;3;3;1;0;1;0;0;0
092075;Settimo San Pietro;28;23;26;27;27;27;29;36;22;32;38;28;33;35;41;38;35;31;37;48;47;47;54;59;50;50;39;56;53;54;53;61;66;54;64;38;66;54;48;43;51;50;36;43;52;48;41;38;45;51;50;40;35;44;63;47;32;40;33;30;27;38;36;31;29;27;17;22;24;21;8;28;14;14;13;15;11;11;16;9;9;4;6;4;1;4;2;0;2;3;1;0;1;0;1;0;0;0;0;0;0
092080;Sinnai;93;81;83;85;84;68;77;64;82;96;82;105;96;88;91;85;103;84;91;108;109;123;113;127;121;122;130;121;144;150;129;131;161;144;160;125;143;162;167;141;131;133;148;120;137;130;128;104;104;104;105;105;99;87;99;107;84;78;87;95;70;58;82;76;75;67;67;58;62;47;51;47;35;41;44;43;45;32;29;30;17;21;16;21;16;8;5;4;3;3;5;3;5;2;0;1;3;0;0;0;0
092090;Uta;39;33;29;29;30;35;35;26;27;50;43;56;25;40;42;39;39;42;51;48;52;61;50;67;49;49;39;47;53;58;58;36;34;60;57;54;65;72;66;72;70;66;62;61;51;58;63;51;48;55;44;46;46;32;47;38;31;38;32;35;35;31;39;41;37;38;31;34;24;27;23;24;22;20;21;14;24;11;13;9;9;10;2;7;10;8;2;5;5;4;3;1;3;1;2;0;0;0;0;0;0
092099;Villa San Pietro;5;10;14;8;9;4;10;6;11;8;7;7;7;6;10;10;9;13;8;12;11;12;8;21;12;13;13;21;16;20;21;15;13;21;20;17;9;18;14;9;12;5;7;16;8;17;8;15;12;15;14;7;14;20;21;13;19;13;13;13;12;21;18;11;10;14;10;3;7;1;5;3;5;11;2;7;4;3;5;1;3;2;4;1;0;1;1;0;0;2;0;0;0;0;0;0;0;0;0;0;0
092105;Quartucciu;43;54;53;63;54;63;65;42;53;56;60;52;57;63;63;67;68;47;66;75;62;71;65;71;85;89;77;80;85;98;94;136;110;115;87;117;101;108;116;120;118;115;91;107;108;60;98;93;84;67;67;71;66;71;71;70;69;64;78;53;36;40;44;56;62;48;42;44;51;44;36;32;39;32;25;26;33;25;29;19;18;20;13;12;13;3;4;13;1;7;2;0;1;0;3;2;1;0;0;0;1
092108;Elmas;41;41;36;29;45;27;40;46;43;42;43;54;42;51;45;43;48;47;52;50;54;52;48;49;55;64;66;70;62;80;68;79;84;70;58;74;75;66;64;71;69;74;64;75;80;72;73;65;62;69;61;77;46;62;63;42;61;61;52;32;36;39;31;39;49;43;28;36;28;32;31;22;25;20;17;30;20;13;14;12;17;13;22;3;9;7;1;2;2;6;5;1;3;0;1;0;0;1;0;0;0
092109;Monserrato;83;88;75;73;71;72;85;88;76;90;110;63;102;136;130;109;112;143;118;138;148;150;145;163;148;127;153;185;165;175;183;177;150;169;141;158;156;162;164;164;182;169;181;133;171;168;162;173;153;167;172;147;164;151;129;149;127;118;125;137;100;116;122;87;96;120;92;81;92;81;59;79;82;72;54;52;54;45;41;29;26;39;23;30;31;13;15;11;11;16;10;5;1;4;3;1;1;0;0;0;0
;Totale;1702;1870;1727;1791;1788;1741;1752;1681;1758;1876;1934;1876;1945;2093;2218;2132;2265;2133;2146;2350;2472;2609;2629;2742;2868;2789;3022;3139;3245;3517;3704;3749;3623;3681;3510;3636;3480;3598;3649;3624;3665;3505;3290;3220;3195;3102;3004;2978;2958;2933;2884;2709;2722;2656;2736;2654;2688;2622;2602;2420;2150;2109;2307;2219;2329;2192;1917;1829;1831;1585;1547;1564;1409;1327;1310;1178;1124;942;938;776;757;639;630;534;515;330;208;219;198;206;175;110;109;59;54;39;35;15;6;4;11
Territorio/Età;;0;1;2;3;4;5;6;7;8;9;10;11;12;13;14;15;16;17;18;19;20;21;22;23;24;25;26;27;28;29;30;31;32;33;34;35;36;37;38;39;40;41;42;43;44;45;46;47;48;49;50;51;52;53;54;55;56;57;58;59;60;61;62;63;64;65;66;67;68;69;70;71;72;73;74;75;76;77;78;79;80;81;82;83;84;85;86;87;88;89;90;91;92;93;94;95;96;97;98;99;100
Codice comune;Comune;Femmine
092003;Assemini;134;134;129;120;124;125;133;108;109;115;107;120;126;134;138;133;138;149;136;128;152;169;165;150;174;156;181;212;199;231;216;286;240;274;204;243;260;265;246;258;258;240;242;216;220;184;202;198;205;195;174;201;179;171;160;160;159;122;123;123;110;109;136;125;115;95;101;108;83;72;82;93;65;77;64;57;71;58;42;39;45;34;46;30;31;16;17;12;14;15;7;4;6;6;4;4;7;1;0;0;1
092009;Cagliari;524;507;464;506;465;547;460;463;484;516;529;575;531;592;623;631;656;614;698;724;699;784;874;902;931;978;1012;1009;1114;1180;1321;1270;1269;1351;1227;1297;1264;1239;1276;1274;1326;1296;1218;1274;1210;1242;1228;1238;1253;1166;1306;1209;1269;1190;1275;1229;1232;1310;1158;1216;1088;1181;1229;1225;1275;1174;1100;1020;1090;989;1047;1071;945;947;1027;902;904;827;847;724;772;640;613;555;510;365;253;251;244;289;213;197;151;113;97;47;47;21;21;16;13
092011;Capoterra;120;122;117;97;107;93;105;115;102;104;114;110;113;121;116;98;123;131;128;138;120;138;149;131;116;133;140;166;177;179;181;200;232;208;205;214;222;208;216;223;213;214;198;205;162;184;158;169;163;149;168;160;161;137;148;122;157;152;134;138;122;115;98;100;97;105;83;70;89;68;62;82;50;65;59;54;55;37;33;32;37;32;23;34;23;25;16;15;19;10;8;13;7;6;7;3;3;1;0;0;1
092015;Decimomannu;38;35;29;38;24;28;21;20;35;29;25;32;37;28;40;25;35;39;46;46;48;39;40;43;41;46;48;57;59;66;55;58;58;63;59;79;61;69;68;64;59;70;74;54;56;59;37;46;55;54;43;45;47;50;49;41;52;42;45;43;22;52;51;44;37;28;38;22;32;14;38;18;32;26;18;14;31;10;12;13;14;12;17;9;11;6;7;7;6;6;2;2;2;3;2;2;2;0;0;1;1
092037;Maracalagonis;33;40;34;38;37;29;34;30;26;29;40;31;36;33;39;42;41;48;40;39;42;50;56;58;56;40;41;60;58;64;47;69;54;68;65;59;67;64;55;64;66;55;46;51;41;42;45;48;52;35;54;44;25;41;52;43;36;41;30;39;35;27;48;31;41;36;28;27;37;32;28;24;13;15;21;17;19;13;18;18;16;15;12;10;15;8;7;1;5;2;4;1;3;2;0;2;1;1;0;0;0
092050;Pula;24;23;17;31;28;22;25;28;23;25;25;29;42;27;37;39;28;34;37;41;41;38;52;45;48;52;57;65;48;56;58;49;47;49;71;60;52;59;53;70;57;46;45;56;46;43;57;46;50;46;50;51;50;58;40;51;52;45;49;47;43;54;32;38;48;32;31;25;32;24;24;23;25;26;20;20;20;24;19;15;22;13;8;14;13;8;3;3;11;4;1;4;2;2;2;0;1;0;0;0;1
092051;Quartu Sant'Elena;288;325;303;334;313;305;275;289;337;303;328;343;357;364;361;374;366;352;380;403;372;412;486;427;451;422;478;469;567;569;602;607;635;637;647;645;634;659;669;713;631;662;670;661;608;589;555;575;573;556;530;516;484;515;513;450;516;459;440;396;376;357;366;320;377;316;311;280;246;230;258;233;196;206;208;211;181;161;156;134;153;119;120;111;92;78;55;51;54;43;42;25;28;22;12;6;10;8;9;1;0
092066;Sarroch;16;21;14;22;19;10;21;14;17;17;18;25;38;23;32;26;21;25;33;37;23;35;45;39;44;41;45;50;35;48;47;42;29;45;34;32;43;36;36;46;43;45;37;37;33;51;37;40;49;40;33;38;36;39;41;37;38;29;28;23;25;36;33;29;34;27;31;20;27;27;20;16;19;25;21;20;16;12;12;5;9;9;12;11;11;9;7;6;4;5;6;4;5;2;0;3;0;3;0;1;1
092068;Selargius;124;123;123;152;129;140;106;130;124;127;129;141;167;140;189;138;154;127;160;175;173;170;195;228;216;189;199;214;209;256;244;228;252;272;263;272;267;265;260;295;297;234;241;223;266;270;257;234;245;243;274;228;226;222;221;217;198;178;160;190;137;134;159;146;129;108;122;124;102;95;90;86;81;85;84;71;81;63;56;54;59;48;35;43;40;31;16;10;18;17;14;11;8;8;4;1;2;1;1;0;2
092074;Sestu;114;124;100;100;110;85;94;84;80;72;77;85;87;85;79;105;95;92;97;88;109;76;98;104;131;109;126;121;148;175;194;189;180;230;196;186;199;181;215;180;164;165;148;137;123;116;94;114;94;100;104;100;109;80;73;87;88;85;69;75;75;66;79;75;85;62;61;47;55;64;64;44;53;55;37;43;31;38;40;32;31;23;18;27;16;6;13;11;13;13;7;0;6;3;4;0;2;3;0;0;1
092075;Settimo San Pietro;26;25;25;23;25;27;21;30;25;21;26;39;29;30;38;36;42;39;43;50;30;44;48;58;54;47;51;59;47;57;58;49;38;30;51;44;46;56;51;55;49;47;53;62;55;37;44;40;57;46;55;43;42;53;38;39;43;36;34;38;28;24;28;29;40;32;25;17;19;19;20;18;18;12;14;21;9;14;13;15;14;11;11;9;7;12;3;7;5;2;3;3;1;5;2;2;1;0;0;0;1
092080;Sinnai;74;74;85;69;99;80;73;66;70;75;87;91;80;78;85;88;97;94;99;97;92;115;115;126;106;105;106;134;117;149;168;135;151;176;148;153;146;134;140;136;142;146;143;118;112;123;116;113;113;109;91;112;87;106;86;98;109;103;80;81;78;65;85;82;79;75;55;73;59;54;48;48;52;54;51;39;53;45;28;33;33;33;31;22;31;30;21;12;11;11;7;7;7;7;9;3;1;2;3;1;2
092090;Uta;29;27;32;38;33;25;32;26;30;34;27;45;39;60;45;52;38;39;51;41;39;39;73;46;59;52;56;44;52;35;42;60;59;54;58;65;59;65;54;58;60;61;57;67;41;54;52;43;50;25;39;41;36;40;42;38;44;46;38;37;23;35;31;39;37;33;25;30;26;22;31;29;25;18;26;23;17;14;13;15;15;12;10;14;11;15;2;7;4;5;4;3;3;3;2;2;3;0;0;0;0
092099;Villa San Pietro;6;8;9;5;4;7;11;10;10;7;10;9;7;9;14;8;10;14;13;12;9;12;17;14;12;11;21;23;23;21;16;18;12;15;19;17;13;12;8;16;11;10;9;16;7;15;15;10;19;13;16;18;13;16;16;8;15;14;15;9;11;14;10;10;8;6;8;2;7;2;8;6;9;5;5;3;3;3;4;1;6;2;3;5;1;1;3;1;3;1;0;1;0;0;0;0;0;0;0;0;0
092105;Quartucciu;43;54;51;44;42;44;39;52;40;50;60;57;64;53;66;66;54;50;61;60;70;61;66;90;64;80;79;87;110;93;106;118;117;109;103;118;91;101;130;133;118;105;115;109;71;96;96;78;79;71;85;67;79;68;78;83;69;57;65;66;47;48;58;62;54;60;51;43;50;47;49;47;42;43;49;30;40;30;43;28;23;23;19;21;30;14;11;12;9;8;7;6;7;5;6;5;1;0;1;1;1
092108;Elmas;32;30;47;46;36;31;29;39;32;29;39;46;53;44;37;53;43;62;61;47;44;46;59;63;55;41;63;60;60;71;64;72;80;81;78;69;91;63;90;65;85;80;78;74;69;84;68;66;58;75;70;71;58;68;54;49;64;60;47;49;31;47;40;41;34;36;26;32;32;30;28;31;31;36;18;29;33;25;25;18;22;10;20;15;22;8;5;7;5;6;2;3;6;0;1;0;0;0;0;0;0
092109;Monserrato;61;73;73;56;76;77;79;73;73;92;76;76;95;96;114;111;118;103;130;114;110;132;127;159;144;144;140;176;166;180;158;173;178;175;159;171;186;157;166;209;206;198;170;177;201;174;168;187;178;147;193;148;143;174;154;173;141;130;133;124;94;99;124;93;157;121;107;110;109;100;103;90;96;74;89;63;84;70;67;64;47;52;47;54;56;32;26;20;12;22;20;12;12;6;5;3;2;1;1;1;2
;Totale;1686;1745;1652;1719;1671;1675;1558;1577;1617;1645;1717;1854;1901;1917;2053;2025;2059;2012;2213;2240;2173;2360;2665;2683;2702;2646;2843;3006;3189;3430;3577;3623;3631;3837;3587;3724;3701;3633;3733;3859;3785;3674;3544;3537;3321;3363;3229;3245;3293;3070;3285;3092;3044;3028;3040;2925;3013;2909;2648;2694;2345;2463;2607;2489;2647;2346;2203;2050;2095;1889;2000;1959;1752;1769;1811;1617;1648;1444;1428;1240;1318;1088;1045;984;920;664;465;433;437;459;347;296;254;193;157;83;83;42;36;22;27

"Ricostruzione della popolazione intercensuaria - Popolazione al 1° gennaio per età"
"Cittadinanza italiana - Anno: 2006 - Provincia: Cagliari"
Territorio/Età;;0;1;2;3;4;5;6;7;8;9;10;11;12;13;14;15;16;17;18;19;20;21;22;23;24;25;26;27;28;29;30;31;32;33;34;35;36;37;38;39;40;41;42;43;44;45;46;47;48;49;50;51;52;53;54;55;56;57;58;59;60;61;62;63;64;65;66;67;68;69;70;71;72;73;74;75;76;77;78;79;80;81;82;83;84;85;86;87;88;89;90;91;92;93;94;95;96;97;98;99;100
Codice comune;Comune;Totale
092003;Assemini;310;269;261;284;248;254;252;233;228;230;258;235;225;247;262;290;272;295;298;286;285;309;308;329;324;385;367;396;420;426;467;441;524;503;545;448;482;532;510;537;526;512;504;468;419;440;391;389;380;396;366;338;350;340;355;318;302;302;261;273;228;246;220;251;248;238;225;186;200;181;137;147;166;117;133;136;106;116;101;79;69;67;49;69;47;44;26;23;19;19;19;8;1;5;9;5;2;9;1;0;0
092009;Cagliari;1010;991;1026;921;1030;933;1077;965;991;1036;1048;1109;1163;1107;1226;1314;1274;1334;1272;1415;1474;1517;1635;1758;1779;1881;1881;2028;2118;2240;2421;2536;2544;2550;2554;2357;2515;2395;2368;2456;2488;2540;2413;2281;2367;2287;2300;2232;2306;2302;2208;2300;2144;2269;2165;2307;2173;2285;2361;2129;2165;1927;2011;2188;2134;2250;2092;1906;1829;1856;1739;1788;1762;1596;1538;1622;1414;1416;1273;1299;1078;1123;947;907;809;731;509;340;323;318;344;267;230;171;116;93;54;53;21;19;23
092011;Capoterra;238;233;260;237;224;217;228;227;243;204;219;230;231;248;237;255;233;274;272;235;264;252;284;307;284;282;300;320;345;353;347;394;422;423;439;415;452;417;464;447;448;438;435;407;379;345;383;316;352;320;333;328;310;294;282;295;262;296;284;282;275;230;215;216;214;198;198;177;148;165;126;129;148;110;124;117;102;104;84;58;61;64;46;43;51;38;29;17;22;26;12;11;18;14;4;6;4;3;1;0;0
092015;Decimomannu;73;77;78;68;69;73;65;60;48;71;74;67;74;69;72;90;69;73;79;91;80;95;79;90;93;107;88;108;92;126;136;137;121;140;128;118;138;128;140;145;132;128;137;116;120;115;114;105;77;107;101;84;87;99;93;85;90;94;88;90;88;57;90;84;84;77;59;71;56;64;36;61;41;49;43;37;25;55;18;31;21;24;19;28;14;12;10;9;11;6;8;0;3;3;2;0;1;2;1;0;1
092037;Maracalagonis;78;80;89;63;77;76;65;70;66;59;68;83;59;70;67;76;74;91;98;72;93;77;113;106;118;107;100;104;122;111;137;124;140;125;116;146;113;134;144;116;132;126;119;93;113;92;91;84;86;100;79;107;91;67;89;80;83;84;84;77;76;78;64;90;60;90;68;58;55;69;59;46;47;32;39;34;35;30;29;30;33;25;26;16;17;25;12;9;5;5;3;3;1;4;2;1;2;1;0;0;0
092050;Pula;55;46;44;43;62;69;51;48;65;51;59;61;51;74;62;65;66;76;73;58;80;92;83;84;88;97;102;128;124;102;124;115;106;95;101;118;140;108;127;119;130;107;111;122;96;90;100;106;97;95;96;103;108;101;100;95;105;115;96;102;101;93;89;85;84;89;71;68;70;68;48;51;48;52;39;46;42;33;42;36;20;29;16;18;21;15;10;6;6;11;6;6;4;2;3;0;1;1;0;0;1
092051;Quartu Sant'Elena;623;583;648;623;673;677;616;613;567;681;616;669;717;737;770;770;789;805;732;733;790;798;855;967;872;926;902;934;972;1080;1104;1238;1258;1250;1274;1243;1280;1208;1238;1285;1337;1282;1286;1290;1230;1161;1136;1106;1080;1069;1069;1045;1017;936;910;955;926;965;916;874;804;732;692;691;653;713;643;598;522;522;430;465;436;376;354;370;368;314;252;246;211;229;180;171;154;143;97;68;75;58;56;50;31;31;22;15;9;10;8;7;1
092066;Sarroch;30;29;45;37;42;39;32;36;25;34;42;37;43;65;52;57;52;50;50;61;75;68;68;82;82;91;80;94;96;87;94;92;92;69;96;70;79;86;61;77;91;83;89;77;99;64;91;72;74;87;88;70;80;78;76;76;71;67;67;71;56;63;63;66;59;74;57;51;44;55;42;47;38;36;46;41;35;35;25;21;12;11;12;20;15;18;9;7;8;7;6;5;5;6;3;0;2;0;3;0;1
092068;Selargius;197;238;263;261;289;289;266;245;253;238;283;289;282;331;286;351;321;323;279;321;358;367;363;372;427;419;410;396;428;421;490;527;506;462;514;506;505;513;520;505;527;567;454;460;476;488;481;464;443;475;441;514;424;431;413;425;414;396;340;347;349;260;290;316;272;268;224;239;212;188;162;162;172;156;165;157;129;116;102;95;86;92;71;61;62;65;39;20;18;24;17;21;13;10;9;4;1;2;1;2;3
092074;Sestu;242;219;248;211;206;202;184;196;171;168;159;173;173;175;178;183;190;184;188;183;198;199;193;208;218;250;222;279;286;312;339;413;410;417;454;410;427;416;399;406;362;363;361;305;278;253;237;224;239;216;199;198;185;198;180;162;181;173;159;157;144;150;140;155;158;172;137;135;109;122;102;108;105;87;92;74;77;55;69;57;56;59;32;30;41;26;12;18;14;13;15;11;2;7;5;7;1;2;3;0;1
092075;Settimo San Pietro;48;58;48;50;50;52;49;51;68;49;52;64;69;61;63;81;74;78;70;81;99;78;89;100;112;106;99;97;116;97;106;114;113;102;90;120;84;108;111;100;100;104;98;91;106;109;88;86;81;98;99;106;85;77;96;101;86;72;75;68;66;55;62;63;58;69;61;43;38;42;40;27;45;32;25;24;34;20;21;28;22;20;13;11;12;9;15;5;6;6;5;1;2;2;3;2;2;0;0;0;1
092080;Sinnai;130;162;158;167;151;179;143;151;133;154;172;167;195;176;160;176;172;199;180;191;201;202;232;222;247;223;225;234;250;260;310;311;277;325;322;316;288;290;298;306;271;274;276;293;237;250;248;242;218;215;211;197;218;187;189;186;203;191;183;173;175;151;122;169;153;149;142;124;127;117;101;98;95;90;95;96;80;96;73;57;62;48;52;49;38;47;37;27;16;12;15;11;9;9;9;9;1;4;2;3;1
092090;Uta;53;63;63;60;68;63;61;67;52;57;84;69;98;63;96;85;92;74;81;104;89;91;99;122;105;107;108;98;92;113;99;100;97;92;115;118;117;118;136;120;130;132;124;122;126;92;110;113;94;98;79;84;87;82;72;86;79;77;87;69;72;59;67;70;79;73;72;56;64;50;48;52;51;47;37;45;36;39;24;25;23;20;22;12;17;20;22;5;10;9;6;6;4;5;1;3;0;3;0;0;0
092099;Villa San Pietro;19;11;17;25;14;13;11;21;13;20;15;15;15;14;13;24;18;20;27;23;25;18;26;22;35;27;25;31;44;36;42;37;29;22;38;41;35;24;27;20;23;24;18;17;31;16;32;24;26;31;28;30;25;26;36;36;22;32;27;28;23;25;35;29;21;20;20;16;5;14;4;13;7;14;14;7;9;7;6;8;2;7;4;6;6;1;2;4;1;3;3;0;0;0;0;0;0;0;0;0;0
092105;Quartucciu;118;90;104;113;104;97;112;104;98;100;108;122;112;124;120;129;135;124;100;132;136;129;136;126;161;147;161;168;165;195;204;212;262;228;238;199;243;197;223;254;253;249;222;201;216;177;155;200;169;162;145;156;134;150;141;150;153;140;123;142;117;82;89;100;122;116;114;95;88;103;89;82;77;78;73;72;51;72;54;69;45;39;41;33;30;37;14;15;20;10;12;10;6;6;5;6;5;1;0;1;3
092108;Elmas;66;78;76;87;76;86;57;71;85;77;71;81;104;96;93;86;100;91;109;113;96;98;101;103;114;112;105;136;128;117;153;133;153;162;159;140;144;176;136;158;143;160;154;147;147;147;154;147;133;123;141;130;144;106;131;115;95;124;121;100;83;70;87;70;81;84;78;56;70;62;63;60;53;54;54;36;59;53;36;38;26;35;22;39;16;26;9;6;8;6;9;5;1;9;0;2;0;0;1;0;0
092109;Monserrato;138;154;169;147;133;146;146;159;158;150;185;179;137;197;231;243;221;228;245;247;257;262;278;273;326;288;269;297;348;346;358;336;355;329;344;322;336;338;316;329;377;384;369;353;305;378;341;331;359;335;314;359;299;308;323;280;325;266;249;252;260;192;214;242;177;249;241;199;189;195;185;164;162;171;145;135;114;135;109;103;84;73;84;64;72;76;42;37;25;20;32;25;12;12;9;5;3;3;1;1;3
;Totale;3428;3381;3597;3397;3516;3465;3415;3317;3264;3379;3513;3650;3748;3854;3988;4275;4152;4319;4153;4346;4600;4652;4942;5271;5385;5555;5444;5848;6146;6422;6931;7260;7409;7294;7527;7087;7378;7188;7218;7380;7470;7473;7170;6843;6745;6504;6452;6241;6214;6229;5997;6149;5788;5749;5651;5752;5570;5679;5521;5234;5082;4470;4550;4885;4657;4929;4502;4078;3826;3873;3411;3500;3453;3097;3016;3049;2716;2696;2318;2280;1911;1965;1636;1577;1422;1333;894;616;587;553;568;440;342;296;202;158;88;94;43;33;39
Territorio/Età;;0;1;2;3;4;5;6;7;8;9;10;11;12;13;14;15;16;17;18;19;20;21;22;23;24;25;26;27;28;29;30;31;32;33;34;35;36;37;38;39;40;41;42;43;44;45;46;47;48;49;50;51;52;53;54;55;56;57;58;59;60;61;62;63;64;65;66;67;68;69;70;71;72;73;74;75;76;77;78;79;80;81;82;83;84;85;86;87;88;89;90;91;92;93;94;95;96;97;98;99;100
Codice comune;Comune;Maschi
092003;Assemini;166;132;131;154;126;133;128;102;119;122;144;128;104;119;130;149;142;158;146;150;157;157;140;161;174;206;208;218;197;221;227;226;227;246;259;231;243;269;244;284;264;255;268;229;204;219;206;183;183;194;166;171;151;159;191;161;141;141;135;150;106;136;108;118;120;122;126;87;92;98;64;66;73;55;57;72;50;45;46;38;30;22;15;23;19;16;12;10;8;5;9;2;0;3;3;2;0;2;0;0;0
092009;Cagliari;534;484;535;456;538;463;539;503;526;545;533;581;581;576;637;687;645;680;661;724;746;798;851;884;896;966;927;1047;1129;1157;1302;1269;1311;1296;1253;1166;1244;1165;1152;1190;1225;1224;1123;1072;1098;1086;1057;1014;1069;1045;1045;1001;947;1004;977;1039;955;1067;1061;979;962;854;850;967;919;989;933;820;822;778;766;756;713;667;623;622;532;535;459;470;388;385;346;325;280;246;185;109;95;103;95;81;54;41;24;23;17;17;7;1;4
092011;Capoterra;128;104;139;118;126;118;130;123;127;101;117;116;119;133;115;144;137;148;142;108;126;131;145;164;153;164;163;173;173;164;169;211;218;193;230;206;233;195;245;230;224;225;218;209;177;182;199;157;179;157;183;154;146;135;145;148;137;137;130;149;131;111;97;120;113;103;94;91;80;77;61;66;64;60;60;58;49;49;48;26;31;26;15;16;20;17;10;3;8;8;5;2;7;9;1;1;1;1;0;0;0
092015;Decimomannu;39;38;42;39;30;48;37;38;28;36;44;41;41;29;44;49;43;37;39;45;35;48;42;45;47;63;42;56;38;64;72;74;66;81;64;57;58;65;72;77;69;64;67;40;64;58;55;68;32;52;47;40;42;52;42;36;47;42;47;46;44;35;38;33;40;39;32;33;35;32;22;25;25;19;17;19;10;25;8;20;8;10;7;12;6;3;4;2;5;2;4;0;2;2;0;0;1;2;1;0;0
092037;Maracalagonis;46;46;47;28;38;41;34;35;35;32;39;38;28;37;35;37;31;51;53;35;56;35;61;48;57;50;55;63;57;55;71;78;66;71;47;79;56;66;80;59;68;60;65;44;63;52;49;40;38;49;43;53;44;41;49;28;42;47;43;47;37;43;36;45;31;50;31;30;28;32;28;18;23;19;24;14;17;11;15;14;16;9;11;5;7;10;4;2;3;1;1;0;0;2;0;1;0;0;0;0;0
092050;Pula;29;26;21;27;31;41;29;23;36;28;34;35;21;32;36;29;27;50;38;21;41;50;45;33;42;47;48;69;60;51;68;56;63;47;52;51;81;56;69;65;61;50;63;73;40;44;57;47;52;45;47;52;55;50;43;55;54;59;51;53;53;46;34;52;46;42;39;35;44;36;23;29;25;28;16;23;21;13;18;18;4;7;3;10;7;3;4;3;3;3;2;6;2;0;2;0;1;0;0;0;1
092051;Quartu Sant'Elena;327;304;326;328;343;361;308;341;281;351;318;342;377;379;406;409;421;439;381;353;384;426;449;474;438;482;485;460;500;519;542;631;638;613;620;603;642;574;584;623;623;646;622;620;563;551;554;551;500;500;513;516;500;455;395;443;476;454;456;437;406;352;334;330;337;342;326;294;246;276;207;210;207;183;147;163;163;131;99;97;82;86;62;58;46;54;26;17;25;12;16;16;7;7;4;4;5;3;1;1;1
092066;Sarroch;13;15;26;22;22;20;23;13;11;18;28;21;18;29;28;23;26;28;25;31;36;44;38;36;45;51;39;50;46;54;49;49;49;40;54;37;45;42;25;43;44;41;45;41;63;30;38;35;33;38;47;38;42;41;38;34;34;30;36;42;33;37;28;30;31;40;31;22;25;28;16;27;25;16;20;23;17;19;12;10;7;2;3;8;8;10;0;1;2;3;2;2;2;2;1;0;1;0;0;0;0
092068;Selargius;109;121;141;133;130;153;128;138;123;116;154;159;141;166;146;162;180;168;153;163;186;196;196;181;209;203;221;202;205;209;232;272;271;210;245;242;232;240;251;251;230;276;225;219;251;223;213;213;209;233;202;242;198;206;192;208;198;196;162;187;162;121;153;157;129;136;119;119;90;86;67;72;87;77;81;73;64;36;38;41;33;34;23;28;20;26;10;5;8;7;4;8;4;3;1;0;0;0;0;1;2
092074;Sestu;125;105;118;109;105;93;99;107;88;87;85;93;88;88;92;105;84;89;95;84;106;90;113;106;108;118;110;145;154;143;147;209;214;220;201;200;223;207;214;183;176;188;193;158;142;131;119;128;126;122;100;93;85;88;99;86;96;85;75;86;69;75;73;75;85;86;74;71;61;66;37;43;63;34;37;38;37;23;33;19;25;29;9;13;13;9;7;6;5;2;3;5;2;2;2;3;1;0;0;0;0
092075;Settimo San Pietro;20;31;25;26;26;28;23;30;36;23;31;38;30;32;34;40;38;35;31;38;48;48;48;52;58;50;50;43;59;52;51;56;62;65;57;65;39;64;56;51;45;54;52;36;42;54;50;41;38;42;51;50;42;35;43;63;47;31;39;33;28;27;38;35;29;29;29;17;22;23;22;7;27;14;14;12;14;11;8;16;8;9;4;2;3;1;3;2;0;2;3;0;0;1;0;0;0;0;0;0;0
092080;Sinnai;78;91;83;84;81;85;64;77;68;83;95;83;103;97;86;91;86;102;84;94;106;107;120;113;122;117;122;125;118;141;152;138;139;169;146;165;128;140;163;167;142;134;131;151;121;137;128;125;106;102;104;105;105;101;86;99;106;83;81;88;94;71;55;82;73;73;67;68;56;62;46;50;46;36;41;47;41;44;29;32;29;17;19;18;21;17;8;7;5;2;3;6;3;3;2;0;0;3;0;0;0
092090;Uta;25;35;34;28;29;30;36;35;26;27;50;42;56;25;39;40;39;36;42;51;49;52;61;52;63;49;54;41;46;58;61;59;39;34;58;60;55;60;71;64;72;71;64;63;59;51;59;62;51;48;54;44;47;47;31;45;38;33;40;32;35;36;30;38;42;36;39;31;34;24;26;22;22;23;20;19;13;23;10;11;10;8;10;2;4;8;8;2;5;5;1;3;1;2;0;1;0;0;0;0;0
092099;Villa San Pietro;7;5;10;15;9;9;4;10;5;10;8;7;7;7;4;10;10;9;13;10;12;10;12;6;21;15;12;13;19;16;19;21;15;12;22;20;17;10;16;12;7;12;6;8;16;8;18;9;15;11;15;14;7;14;20;20;14;17;13;13;14;12;21;18;11;10;14;8;3;7;2;5;2;5;9;2;7;4;3;5;1;1;2;3;1;0;1;1;0;0;2;0;0;0;0;0;0;0;0;0;0
092105;Quartucciu;65;43;51;59;61;55;63;64;47;58;59;58;55;59;67;65;69;70;47;69;77;61;76;64;69;82;85;83;80;88;109;108;138;110;120;93;114;102;111;116;122;128;118;89;107;106;59;99;93;83;70;69;68;68;73;72;70;72;65;79;53;36;42;44;58;61;53;42;44;53;42;34;31;37;30;25;22;33;26;26;20;18;19;11;10;9;2;5;12;1;5;2;0;1;0;3;2;0;0;0;1
092108;Elmas;37;40;44;39;29;48;27;41;45;43;42;42;58;41;49;46;45;48;48;52;51;55;52;45;53;55;66;71;71;60;78;70;78;89;74;60;72;83;70;66;73;74;74;67;73;78;69;76;65;65;67;61;74;48;64;64;47;62;63;52;34;38;40;32;40;50;42;28;36;30;33;31;22;23;19;17;30;20;13;12;9;15;11;20;3;9;3;1;1;1;5;3;1;3;0;1;0;0;1;0;0
092109;Monserrato;89;90;92;70;74;70;69;84;84;78;90;105;63;101;134;131;111;112;146;117;138;148;148;148;165;146;129;158;180;166;173;182;179;147;170;147;161;152;159;165;169;179;171;181;132;171;164;160;172;158;168;169;147;166;150;126;151;126;118;120;135;99;114;119;84;92;118;95;79;89;82;60;75;78;72;51;50;50;41;38;26;24;37;19;25;25;10;13;9;10;13;9;3;0;4;2;1;1;0;0;0
;Totale;1837;1710;1865;1735;1798;1796;1741;1764;1685;1758;1871;1929;1890;1950;2082;2217;2134;2260;2144;2145;2354;2456;2597;2612;2720;2864;2816;3017;3132;3218;3522;3709;3773;3643;3672;3482;3643;3490;3582;3646;3614;3681;3505;3300;3215;3181;3094;3008;2961;2944;2922;2872;2700;2710;2638;2727;2653;2682;2615;2593;2396;2129;2091;2295;2188;2300;2167;1891;1797;1797;1544;1521;1530;1374;1287;1278;1137;1072;906;893;727;702;596;573;493;463;297;189;194;167;173;145;88;81;44;41;30;29;10;3;9
Territorio/Età;;0;1;2;3;4;5;6;7;8;9;10;11;12;13;14;15;16;17;18;19;20;21;22;23;24;25;26;27;28;29;30;31;32;33;34;35;36;37;38;39;40;41;42;43;44;45;46;47;48;49;50;51;52;53;54;55;56;57;58;59;60;61;62;63;64;65;66;67;68;69;70;71;72;73;74;75;76;77;78;79;80;81;82;83;84;85;86;87;88;89;90;91;92;93;94;95;96;97;98;99;100
Codice comune;Comune;Femmine
092003;Assemini;144;137;130;130;122;121;124;131;109;108;114;107;121;128;132;141;130;137;152;136;128;152;168;168;150;179;159;178;223;205;240;215;297;257;286;217;239;263;266;253;262;257;236;239;215;221;185;206;197;202;200;167;199;181;164;157;161;161;126;123;122;110;112;133;128;116;99;99;108;83;73;81;93;62;76;64;56;71;55;41;39;45;34;46;28;28;14;13;11;14;10;6;1;2;6;3;2;7;1;0;0
092009;Cagliari;476;507;491;465;492;470;538;462;465;491;515;528;582;531;589;627;629;654;611;691;728;719;784;874;883;915;954;981;989;1083;1119;1267;1233;1254;1301;1191;1271;1230;1216;1266;1263;1316;1290;1209;1269;1201;1243;1218;1237;1257;1163;1299;1197;1265;1188;1268;1218;1218;1300;1150;1203;1073;1161;1221;1215;1261;1159;1086;1007;1078;973;1032;1049;929;915;1000;882;881;814;829;690;738;601;582;529;485;324;231;228;215;249;186;176;130;92;70;37;36;14;18;19
092011;Capoterra;110;129;121;119;98;99;98;104;116;103;102;114;112;115;122;111;96;126;130;127;138;121;139;143;131;118;137;147;172;189;178;183;204;230;209;209;219;222;219;217;224;213;217;198;202;163;184;159;173;163;150;174;164;159;137;147;125;159;154;133;144;119;118;96;101;95;104;86;68;88;65;63;84;50;64;59;53;55;36;32;30;38;31;27;31;21;19;14;14;18;7;9;11;5;3;5;3;2;1;0;0
092015;Decimomannu;34;39;36;29;39;25;28;22;20;35;30;26;33;40;28;41;26;36;40;46;45;47;37;45;46;44;46;52;54;62;64;63;55;59;64;61;80;63;68;68;63;64;70;76;56;57;59;37;45;55;54;44;45;47;51;49;43;52;41;44;44;22;52;51;44;38;27;38;21;32;14;36;16;30;26;18;15;30;10;11;13;14;12;16;8;9;6;7;6;4;4;0;1;1;2;0;0;0;0;0;1
092037;Maracalagonis;32;34;42;35;39;35;31;35;31;27;29;45;31;33;32;39;43;40;45;37;37;42;52;58;61;57;45;41;65;56;66;46;74;54;69;67;57;68;64;57;64;66;54;49;50;40;42;44;48;51;36;54;47;26;40;52;41;37;41;30;39;35;28;45;29;40;37;28;27;37;31;28;24;13;15;20;18;19;14;16;17;16;15;11;10;15;8;7;2;4;2;3;1;2;2;0;2;1;0;0;0
092050;Pula;26;20;23;16;31;28;22;25;29;23;25;26;30;42;26;36;39;26;35;37;39;42;38;51;46;50;54;59;64;51;56;59;43;48;49;67;59;52;58;54;69;57;48;49;56;46;43;59;45;50;49;51;53;51;57;40;51;56;45;49;48;47;55;33;38;47;32;33;26;32;25;22;23;24;23;23;21;20;24;18;16;22;13;8;14;12;6;3;3;8;4;0;2;2;1;0;0;1;0;0;0
092051;Quartu Sant'Elena;296;279;322;295;330;316;308;272;286;330;298;327;340;358;364;361;368;366;351;380;406;372;406;493;434;444;417;474;472;561;562;607;620;637;654;640;638;634;654;662;714;636;664;670;667;610;582;555;580;569;556;529;517;481;515;512;450;511;460;437;398;380;358;361;316;371;317;304;276;246;223;255;229;193;207;207;205;183;153;149;129;143;118;113;108;89;71;51;50;46;40;34;24;24;18;11;4;7;7;6;0
092066;Sarroch;17;14;19;15;20;19;9;23;14;16;14;16;25;36;24;34;26;22;25;30;39;24;30;46;37;40;41;44;50;33;45;43;43;29;42;33;34;44;36;34;47;42;44;36;36;34;53;37;41;49;41;32;38;37;38;42;37;37;31;29;23;26;35;36;28;34;26;29;19;27;26;20;13;20;26;18;18;16;13;11;5;9;9;12;7;8;9;6;6;4;4;3;3;4;2;0;1;0;3;0;1
092068;Selargius;88;117;122;128;159;136;138;107;130;122;129;130;141;165;140;189;141;155;126;158;172;171;167;191;218;216;189;194;223;212;258;255;235;252;269;264;273;273;269;254;297;291;229;241;225;265;268;251;234;242;239;272;226;225;221;217;216;200;178;160;187;139;137;159;143;132;105;120;122;102;95;90;85;79;84;84;65;80;64;54;53;58;48;33;42;39;29;15;10;17;13;13;9;7;8;4;1;2;1;1;1
092074;Sestu;117;114;130;102;101;109;85;89;83;81;74;80;85;87;86;78;106;95;93;99;92;109;80;102;110;132;112;134;132;169;192;204;196;197;253;210;204;209;185;223;186;175;168;147;136;122;118;96;113;94;99;105;100;110;81;76;85;88;84;71;75;75;67;80;73;86;63;64;48;56;65;65;42;53;55;36;40;32;36;38;31;30;23;17;28;17;5;12;9;11;12;6;0;5;3;4;0;2;3;0;1
092075;Settimo San Pietro;28;27;23;24;24;24;26;21;32;26;21;26;39;29;29;41;36;43;39;43;51;30;41;48;54;56;49;54;57;45;55;58;51;37;33;55;45;44;55;49;55;50;46;55;64;55;38;45;43;56;48;56;43;42;53;38;39;41;36;35;38;28;24;28;29;40;32;26;16;19;18;20;18;18;11;12;20;9;13;12;14;11;9;9;9;8;12;3;6;4;2;1;2;1;3;2;2;0;0;0;1
092080;Sinnai;52;71;75;83;70;94;79;74;65;71;77;84;92;79;74;85;86;97;96;97;95;95;112;109;125;106;103;109;132;119;158;173;138;156;176;151;160;150;135;139;129;140;145;142;116;113;120;117;112;113;107;92;113;86;103;87;97;108;102;85;81;80;67;87;80;76;75;56;71;55;55;48;49;54;54;49;39;52;44;25;33;31;33;31;17;30;29;20;11;10;12;5;6;6;7;9;1;1;2;3;1
092090;Uta;28;28;29;32;39;33;25;32;26;30;34;27;42;38;57;45;53;38;39;53;40;39;38;70;42;58;54;57;46;55;38;41;58;58;57;58;62;58;65;56;58;61;60;59;67;41;51;51;43;50;25;40;40;35;41;41;41;44;47;37;37;23;37;32;37;37;33;25;30;26;22;30;29;24;17;26;23;16;14;14;13;12;12;10;13;12;14;3;5;4;5;3;3;3;1;2;0;3;0;0;0
092099;Villa San Pietro;12;6;7;10;5;4;7;11;8;10;7;8;8;7;9;14;8;11;14;13;13;8;14;16;14;12;13;18;25;20;23;16;14;10;16;21;18;14;11;8;16;12;12;9;15;8;14;15;11;20;13;16;18;12;16;16;8;15;14;15;9;13;14;11;10;10;6;8;2;7;2;8;5;9;5;5;2;3;3;3;1;6;2;3;5;1;1;3;1;3;1;0;0;0;0;0;0;0;0;0;0
092105;Quartucciu;53;47;53;54;43;42;49;40;51;42;49;64;57;65;53;64;66;54;53;63;59;68;60;62;92;65;76;85;85;107;95;104;124;118;118;106;129;95;112;138;131;121;104;112;109;71;96;101;76;79;75;87;66;82;68;78;83;68;58;63;64;46;47;56;64;55;61;53;44;50;47;48;46;41;43;47;29;39;28;43;25;21;22;22;20;28;12;10;8;9;7;8;6;5;5;3;3;1;0;1;2
092108;Elmas;29;38;32;48;47;38;30;30;40;34;29;39;46;55;44;40;55;43;61;61;45;43;49;58;61;57;39;65;57;57;75;63;75;73;85;80;72;93;66;92;70;86;80;80;74;69;85;71;68;58;74;69;70;58;67;51;48;62;58;48;49;32;47;38;41;34;36;28;34;32;30;29;31;31;35;19;29;33;23;26;17;20;11;19;13;17;6;5;7;5;4;2;0;6;0;1;0;0;0;0;0
092109;Monserrato;49;64;77;77;59;76;77;75;74;72;95;74;74;96;97;112;110;116;99;130;119;114;130;125;161;142;140;139;168;180;185;154;176;182;174;175;175;186;157;164;208;205;198;172;173;207;177;171;187;177;146;190;152;142;173;154;174;140;131;132;125;93;100;123;93;157;123;104;110;106;103;104;87;93;73;84;64;85;68;65;58;49;47;45;47;51;32;24;16;10;19;16;9;12;5;3;2;2;1;1;3
;Totale;1591;1671;1732;1662;1718;1669;1674;1553;1579;1621;1642;1721;1858;1904;1906;2058;2018;2059;2009;2201;2246;2196;2345;2659;2665;2691;2628;2831;3014;3204;3409;3551;3636;3651;3855;3605;3735;3698;3636;3734;3856;3792;3665;3543;3530;3323;3358;3233;3253;3285;3075;3277;3088;3039;3013;3025;2917;2997;2906;2641;2686;2341;2459;2590;2469;2629;2335;2187;2029;2076;1867;1979;1923;1723;1729;1771;1579;1624;1412;1387;1184;1263;1040;1004;929;870;597;427;393;386;395;295;254;215;158;117;58;65;33;30;30

"Ricostruzione della popolazione intercensuaria - Popolazione al 1° gennaio per età"
"Cittadinanza italiana - Anno: 2007 - Provincia: Cagliari"
Territorio/Età;;0;1;2;3;4;5;6;7;8;9;10;11;12;13;14;15;16;17;18;19;20;21;22;23;24;25;26;27;28;29;30;31;32;33;34;35;36;37;38;39;40;41;42;43;44;45;46;47;48;49;50;51;52;53;54;55;56;57;58;59;60;61;62;63;64;65;66;67;68;69;70;71;72;73;74;75;76;77;78;79;80;81;82;83;84;85;86;87;88;89;90;91;92;93;94;95;96;97;98;99;100
Codice comune;Comune;Totale
092003;Assemini;265;294;269;267;278;251;252;241;230;222;231;255;238;221;252;263;291;270;289;293;282;285;321;312;329;338;389;374;407;417;435;482;458;545;515;542;455;498;524;528;525;521;523;500;466;420;437;396;383;368;393;365;343;351;343;351;318;305;300;264;269;230;244;215;252;244;237;219;186;198;177;137;143;165;116;131;134;103;108;98;80;64;61;46;64;44;40;24;21;18;17;16;8;2;3;7;2;2;5;1;1
092009;Cagliari;962;997;981;1007;910;1027;931;1088;974;992;1034;1051;1109;1151;1106;1225;1303;1271;1351;1274;1427;1486;1514;1632;1746;1763;1860;1874;1975;2062;2149;2359;2477;2441;2459;2489;2302;2450;2380;2346;2458;2481;2519;2406;2269;2369;2285;2282;2206;2301;2305;2190;2288;2129;2253;2147;2282;2161;2264;2345;2129;2150;1913;1977;2150;2105;2215;2075;1883;1806;1830;1717;1759;1727;1546;1502;1587;1381;1372;1246;1253;1029;1063;909;843;752;666;458;302;283;278;285;230;197;143;91;82;42;38;13;26
092011;Capoterra;254;239;232;262;239;231;222;230;233;247;206;220;232;230;248;243;257;237;276;274;234;259;250;283;313;282;287;301;321;352;372;354;402;425;428;443;422;453;421;471;443;445;443;442;410;376;340;383;317;352;318;331;330;311;292;285;294;259;296;284;281;275;230;217;220;214;201;199;173;148;161;126;120;144;106;121;115;98;102;83;56;61;62;41;35;50;33;27;16;15;23;9;8;17;12;4;5;2;3;1;0
092015;Decimomannu;58;78;81;79;74;70;73;68;63;54;70;76;66;77;69;76;90;70;72;81;88;84;93;82;93;94;113;92;115;98;134;136;142;137;145;131;125;138;123;136;147;133;138;141;125;120;121;117;104;82;106;100;82;85;98;88;87;86;95;89;90;89;58;89;84;84;75;59;68;55;63;37;60;38;47;43;35;22;49;18;30;21;24;17;27;14;10;11;7;8;5;8;0;2;3;2;0;0;2;0;1
092037;Maracalagonis;66;79;79;88;57;78;76;62;70;63;58;68;79;60;72;66;75;72;92;99;73;90;78;117;114;112;107;104;106;119;109;134;124;146;126;124;155;122;141;146;117;131;126;123;99;109;91;89;87;84;99;80;108;93;68;88;79;82;87;84;75;79;76;64;89;61;87;67;57;54;68;59;47;48;33;38;36;35;30;27;30;32;24;25;15;15;22;11;9;5;3;4;0;1;3;2;0;1;1;0;0
092050;Pula;68;57;45;42;41;61;68;58;50;63;50;56;62;51;74;61;65;62;73;74;58;79;87;80;85;88;94;100;124;120;104;119;117;111;105;101;116;142;109;133;117;129;107;109;118;97;90;102;108;97;98;91;104;109;101;100;92;105;112;96;104;98;96;88;84;83;88;71;69;70;66;45;50;47;52;40;46;42;32;40;37;18;29;17;14;22;12;10;6;5;8;6;3;4;2;2;0;0;0;0;1
092051;Quartu Sant'Elena;640;626;579;632;624;667;661;605;611;573;679;609;669;723;739;764;773;790;792;734;729;794;793;848;958;867;911;896;936;964;1074;1100;1239;1257;1256;1273;1222;1280;1188;1231;1280;1334;1261;1279;1291;1219;1155;1127;1097;1073;1079;1070;1043;1002;934;916;954;925;962;912;881;809;726;687;682;650;710;640;584;512;515;429;462;432;359;352;363;355;305;242;236;198;216;170;157;137;137;95;52;64;46;53;40;28;22;16;9;6;6;3;8
092066;Sarroch;45;31;31;46;37;44;39;33;36;25;38;44;38;45;65;54;57;54;51;51;59;76;70;75;82;83;91;79;92;94;83;93;91;95;72;99;76;81;86;59;75;90;83;90;75;99;63;89;69;76;85;92;75;82;77;74;77;72;67;68;67;55;62;62;67;63;73;60;51;46;54;39;47;41;35;43;39;35;37;27;20;14;8;10;19;14;15;8;3;7;7;5;4;5;4;1;0;0;0;2;1
092068;Selargius;245;209;241;257;263;289;300;271;244;257;238;284;293;278;328;285;344;322;327;288;329;352;359;354;365;425;409;399;395;446;430;508;529;516;473;512;516;507;517;526;503;530;572;462;465;468;476;478;459;441;479;443;511;425;434;417;421;413;394;341;344;348;256;288;317;271;268;219;235;211;191;160;159;168;155;166;156;125;115;100;84;87;89;64;58;59;56;37;17;15;18;13;15;12;8;7;2;0;2;1;3
092074;Sestu;274;250;218;245;209;203;202;181;193;170;169;157;171;173;179;180;184;192;179;188;184;196;197;191;214;228;263;235;299;308;327;372;430;454;445;467;433;442;429;399;404;365;361;365;318;279;255;246;224;242;215;202;195;187;199;180;164;188;171;162;156;144;149;138;155;158;171;137;134;110;120;101;108;101;84;93;70;74;58;69;57;49;53;31;28;41;25;11;15;13;12;14;12;2;7;4;5;1;2;2;0
092075;Settimo San Pietro;49;42;59;51;51;51;52;51;52;66;50;51;62;69;64;62;82;75;78;71;80;102;78;84;97;108;108;96;97;113;97;109;117;113;108;89;114;81;109;114;107;104;103;100;91;104;110;86;88;85;96;100;102;86;74;93;97;90;69;77;68;65;53;62;63;58;69;62;42;38;42;39;27;41;27;26;22;33;19;20;27;22;19;12;12;10;7;14;5;7;5;5;1;2;1;3;2;2;0;0;1
092080;Sinnai;168;132;168;161;163;153;172;147;153;138;157;168;172;196;175;160;177;170;198;183;190;206;201;241;216;244;230;226;230;260;278;318;318;292;332;318;319;285;292;287;298;275;276;274;288;234;247;249;243;215;214;211;195;220;189;189;184;203;192;186;174;172;153;117;168;152;144;144;126;124;116;101;97;92;90;95;88;78;88;70;56;59;47;52;47;35;44;36;21;14;10;14;10;8;9;8;6;1;2;2;3
092090;Uta;57;54;66;64;62;67;64;62;66;53;58;84;69;102;64;97;89;93;78;81;102;91;88;97;125;109;104;112;104;100;114;101;101;100;97;115;130;118;117;140;125;129;134;125;123;127;94;112;114;95;99;83;85;87;83;72;85;78;77;88;71;72;56;67;70;78;71;69;55;63;49;47;52;50;44;36;44;36;38;23;26;23;19;20;10;17;15;19;4;10;7;4;2;3;5;0;3;0;3;0;0
092099;Villa San Pietro;17;19;12;14;26;14;16;12;21;14;18;17;15;15;16;12;22;18;20;29;21;25;20;27;22;32;30;28;36;48;36;45;38;25;26;37;40;34;22;26;19;23;23;18;20;32;15;30;25;25;31;31;30;25;24;34;36;21;31;27;28;23;24;35;28;21;19;19;16;7;14;5;12;7;14;14;7;8;7;6;7;1;7;4;6;5;1;2;4;0;2;3;0;0;0;0;0;0;0;0;0
092105;Quartucciu;121;122;88;105;117;108;102;109;104;104;100;108;121;118;132;123;132;137;127;101;137;140;134;139;127;160;147;169;170;159;212;218;221;271;245;257;221;246;206;238;257;249;247;223;198;221;178;165;198;174;160;149;160;136;154;144;152;155;142;120;142;118;90;92;103;125;118;115;97;91;98;85;85;75;80;71;68;48;68;52;71;40;38;39;29;27;35;15;13;18;9;11;8;4;5;2;6;5;1;0;2
092108;Elmas;78;70;80;79;87;80;90;60;73;90;80;76;84;106;96;95;84;99;92;108;117;95;94;95;105;112;110;110;134;131;118;155;144;158;182;164;147;157;189;146;160;155;165;157;146;149;147;150;150;136;126;135;132;144;104;131;114;97;122;119;100;83;68;89;73;82;85;80;60;71;63;62;59;54;55;53;36;58;53;33;39;28;30;18;37;14;21;8;4;7;6;9;4;2;8;0;2;0;0;1;0
092109;Monserrato;166;137;155;162;152;134;140;151;157;156;150;190;184;141;201;232;248;221;231;245;242;254;257;272;280;325;290;256;296;340;341;351;339;358;332;349;326;335;350;312;336;373;383;365;355;305;381;349;337;355;339;316;356;300;301;320;282;323;273;252;255;259;191;212;236;176;247;240;198;189;191;180;162;158;167;138;137;111;134;102;95;80;69;77;60;62;73;33;35;17;20;28;21;9;10;8;2;3;2;1;2
;Totale;3533;3436;3384;3561;3390;3528;3460;3429;3330;3287;3386;3514;3664;3756;3880;3998;4273;4153;4326;4174;4352;4614;4634;4929;5271;5370;5543;5451;5837;6131;6413;6954;7287;7444;7346;7510;7119;7369;7203;7238;7371;7467;7464;7179;6857;6728;6485;6450;6209;6201;6242;5989;6139;5772;5728;5629;5718;5563;5654;5514;5234;5069;4445;4499;4841;4625;4878;4475;4034;3793;3818;3369;3449;3388;3010;2962;2983;2642;2615;2256;2204;1826;1858;1552;1461;1318;1212;819;534;506;476;487;366;298;245;157;126;65;67;27;49
Territorio/Età;;0;1;2;3;4;5;6;7;8;9;10;11;12;13;14;15;16;17;18;19;20;21;22;23;24;25;26;27;28;29;30;31;32;33;34;35;36;37;38;39;40;41;42;43;44;45;46;47;48;49;50;51;52;53;54;55;56;57;58;59;60;61;62;63;64;65;66;67;68;69;70;71;72;73;74;75;76;77;78;79;80;81;82;83;84;85;86;87;88;89;90;91;92;93;94;95;96;97;98;99;100
Codice comune;Comune;Maschi
092003;Assemini;138;162;134;138;154;126;129;123;102;118;123;142;132;101;126;131;146;140;156;147;147;156;162;144;163;178;205;207;233;197;227;233;237;231;253;257;233;254;265;253;281;262;258;265;227;204;218;207;180;175;191;165;171;152;161;189;163;143;136;138;146;110;135;104;120;117;120;120;87;91;95;62;61;73;54;57;69;49;42;43;39;25;17;14;21;16;14;11;9;8;3;9;2;0;1;3;1;0;2;0;0
092009;Cagliari;520;535;475;522;451;532;466;544;503;529;541;538;575;574;570;634;683;639;688;665;721;752;791;845;877;890;955;937;1028;1091;1100;1266;1219;1237;1239;1220;1128;1215;1167;1134;1196;1210;1205;1110;1061;1103;1080;1053;1006;1068;1043;1028;1001;933;1003;974;1024;946;1065;1046;981;957;846;835;951;907;964;923;807;803;764;750;742;698;637;601;610;514;513;442;443;369;353;332;295;255;219;160;93;81;91;75;68;48;34;18;22;11;11;3;2
092011;Capoterra;122;132;103;140;119;130;121;131;125;130;102;118;118;121;133;119;142;140;148;142;111;124;130;145;166;151;166;164;172;181;173;169;215;219;189;226;208;236;197;247;228;223;228;221;212;174;181;196;161;176;157;178;154;145;134;142;146;133;136;130;150;131;115;99;119;109;105;96;89;77;76;61;60;63;56;59;57;45;48;48;26;30;23;11;11;21;15;10;2;6;6;4;3;7;8;1;1;1;1;0;0
092015;Decimomannu;27;43;37;43;42;31;46;38;42;32;36;45;40;42;29;44;48;43;37;38;45;38;46;44;45;47;66;44;59;40;69;73;77;74;83;64;63;59;62;71;79;71;67;71;44;64;61;58;68;37;51;47;40;42;52;40;37;45;42;48;47;44;36;37;33;39;39;32;31;34;31;22;24;22;17;16;17;6;20;8;20;8;10;6;10;6;2;4;0;3;2;4;0;2;2;0;0;0;2;0;0
092037;Maracalagonis;37;45;46;47;27;38;41;32;35;35;32;39;36;28;38;36;36;32;53;53;34;53;34;60;50;56;50;55;63;57;51;71;77;68;71;54;85;64;70;81;61;66;64;67;48;62;50;50;42;38;48;42;54;45;42;48;28;41;49;42;47;39;42;36;45;32;47;31;28;26;30;28;19;22;20;24;16;17;11;14;14;15;8;10;4;7;9;4;2;3;0;1;0;0;2;0;0;0;0;0;0
092050;Pula;32;29;26;21;25;30;39;33;25;35;26;33;35;21;32;35;28;24;47;39;21;41;49;43;35;42;45;47;69;56;53;67;57;68;52;51;52;83;56;72;65;59;50;62;71;42;44;56;48;52;45;44;52;56;49;43;54;53;57;51;54;50;49;34;51;45;42;40;35;44;34;22;28;24;28;17;23;20;13;17;19;4;8;4;7;8;2;4;3;2;2;2;3;1;0;2;0;0;0;0;1
092051;Quartu Sant'Elena;339;319;305;315;327;341;354;302;344;284;349;315;338;381;380;402;411;424;430;386;349;388;427;444;470;435;469;481;459;497;524;539;629;639;612;629;588;633;561;582;614;624;641;613;609;556;556;548;551;496;504;517;518;490;454;398;444;472;451;450;439;405;349;332;328;338;347;325;287;241;270;208;208;201;175;147;157;154;121;95;92;76;77;59;53;42;48;25;13;22;9;14;13;5;5;3;2;2;2;0;2
092066;Sarroch;22;13;16;27;23;23;21;23;13;11;22;29;21;19;29;29;24;28;29;27;29;37;46;41;37;46;49;39;51;45;51;48;47;53;41;55;42;44;43;24;42;43;41;46;39;63;29;38;32;34;38;50;40;42;41;36;36;34;29;36;39;33;36;28;30;34;39;31;22;25;27;14;27;26;16;19;21;17;19;13;9;9;0;1;7;7;8;0;1;2;3;2;1;2;1;1;0;0;0;0;0
092068;Selargius;127;116;123;133;134;134;156;135;138;128;119;153;166;142;161;147;159;181;168;154;167;179;191;194;178;209;202;213;206;214;212;242;276;277;220;246;247;232;241;252;246;229;274;233;220;246;219;206;209;207;237;207;239;199;208;193;205;198;192;166;184;164;119;152;156;128;135;115;118;90;88;65;70;86;76;82;72;62;36;37;35;33;31;19;26;19;23;10;5;7;4;3;5;3;1;0;0;0;0;0;1
092074;Sestu;138;131;107;119;107;105;93;99;106;89;88;84;91;88;91;94;106;87;86;95;84;104;91;109;108;111;121;114;151;165;158;160;219;246;239;208;215;233;217;211;184;180;187;193;166;141;131;125;126;125;123;103;89;87;87;97;85;101;84;77;83;67;75;70;75;87;87;74;72;61;65;35;42;60;32;38;37;34;23;31;18;22;24;8;12;14;10;6;6;4;2;3;5;2;2;2;1;1;0;0;0
092075;Settimo San Pietro;27;17;30;27;26;24;29;24;30;37;26;31;37;31;33;33;41;38;32;33;38;51;46;44;51;55;52;49;39;58;55;51;59;63;67;57;62;37;65;57;54;44;53;56;37;39;53;48;42;41;40;53;48;43;31;41;59;49;29;39;33;27;27;38;35;29;30;27;17;23;23;21;7;25;11;14;11;13;10;8;15;8;8;3;2;3;1;3;2;1;2;3;0;0;0;0;0;0;0;0;0
092080;Sinnai;91;76;94;82;81;82;82;68;81;69;83;94;88;100;96;87;92;84;103;87;93;107;107;130;110;122;119;121;126;118;149;156;144;145;171;146;167;129;137;160;166;144;135;132;147;118;135;128;125;104;100;105;106;107;100;85;97;106;82;84;88;92;71;52;80;73;71;66;70;54;61;47;49;43;37;41;44;39;40;27;30;28;16;20;16;18;16;8;5;5;2;3;6;2;3;1;0;0;1;0;0
092090;Uta;28;27;38;35;30;30;30;35;34;26;28;50;42;57;25;40;43;40;39;42;52;50;52;58;53;62;50;54;47;52;59;62;59;41;35;58;66;55;60;74;67;71;72;65;63;60;53;58;63;53;48;56;45;46;48;31;45;38;33;41;33;35;36;30;38;41;34;36;30;33;24;26;23;22;20;20;18;12;22;10;13;10;9;8;1;4;6;6;1;5;4;1;1;1;2;0;1;0;0;0;0
092099;Villa San Pietro;6;7;5;6;15;7;10;4;10;5;9;8;7;7;9;4;10;10;9;13;9;13;11;12;6;22;19;15;14;22;17;21;22;13;13;20;18;17;9;15;11;7;10;6;11;16;7;16;10;14;10;16;14;8;14;19;20;13;16;13;13;14;11;21;17;11;10;13;8;5;7;3;4;2;5;9;2;6;4;3;5;0;1;2;3;1;0;1;1;0;0;2;0;0;0;0;0;0;0;0;0
092105;Quartucciu;50;68;41;54;63;63;54;60;60;47;58;58;55;59;65;70;65;74;71;48;70;78;64;78;64;72;84;87;82;80;86;115;117;141;122;129;107;117;106;118;118;126;127;118;87;113;106;65;95;94;82;70;67;70;69;74;75;70;75;63;76;54;39;42;43;60;61;53;43;46;49;41;35;30;37;29;24;19;29;25;27;17;17;19;9;8;8;2;4;11;1;5;2;0;1;0;3;2;0;0;1
092108;Elmas;44;38;38;43;42;35;49;29;40;49;46;44;43;57;42;50;46;45;48;46;55;51;55;48;45;48;57;66;67;68;63;81;79;84;102;79;63;78;89;76;65;78;78;76;70;75;78;66;77;66;68;63;61;76;46;66;64;51;61;61;53;33;36;42;34;41;51;42;30;37;31;32;31;23;22;18;17;30;20;14;14;10;13;8;19;2;6;3;1;1;1;5;2;1;2;0;1;0;0;1;0
092109;Monserrato;71;87;92;88;74;73;66;72;82;84;79;90;106;65;102;134;133;109;112;140;115;136;145;143;152;169;144;124;154;171;158;174;179;185;143;168;147;158;159;156;169;168;180;167;185;132;171;171;159;171;160;164;167;151;162;147;126;150;130;120;121;135;97;113;114;82;92;117;95;80;89;79;60;71;74;70;51;47;49;37;35;23;21;32;17;20;24;6;12;6;10;12;8;2;0;4;1;1;1;0;0
;Totale;1819;1845;1710;1840;1740;1804;1786;1752;1770;1708;1767;1871;1930;1893;1961;2089;2213;2138;2256;2155;2140;2358;2447;2582;2610;2715;2853;2817;3020;3112;3205;3528;3712;3784;3652;3667;3491;3644;3504;3583;3646;3605;3670;3501;3297;3208;3172;3089;2994;2951;2945;2908;2866;2692;2701;2623;2708;2643;2667;2605;2587;2390;2119;2065;2269;2173;2274;2141;1869;1770;1764;1516;1490;1491;1317;1261;1246;1084;1020;872;854;687;636;556;513;451;411;263;160;167;142;148;119;76;64;35;33;18;20;4;7
Territorio/Età;;0;1;2;3;4;5;6;7;8;9;10;11;12;13;14;15;16;17;18;19;20;21;22;23;24;25;26;27;28;29;30;31;32;33;34;35;36;37;38;39;40;41;42;43;44;45;46;47;48;49;50;51;52;53;54;55;56;57;58;59;60;61;62;63;64;65;66;67;68;69;70;71;72;73;74;75;76;77;78;79;80;81;82;83;84;85;86;87;88;89;90;91;92;93;94;95;96;97;98;99;100
Codice comune;Comune;Femmine
092003;Assemini;127;132;135;129;124;125;123;118;128;104;108;113;106;120;126;132;145;130;133;146;135;129;159;168;166;160;184;167;174;220;208;249;221;314;262;285;222;244;259;275;244;259;265;235;239;216;219;189;203;193;202;200;172;199;182;162;155;162;164;126;123;120;109;111;132;127;117;99;99;107;82;75;82;92;62;74;65;54;66;55;41;39;44;32;43;28;26;13;12;10;14;7;6;2;2;4;1;2;3;1;1
092009;Cagliari;442;462;506;485;459;495;465;544;471;463;493;513;534;577;536;591;620;632;663;609;706;734;723;787;869;873;905;937;947;971;1049;1093;1258;1204;1220;1269;1174;1235;1213;1212;1262;1271;1314;1296;1208;1266;1205;1229;1200;1233;1262;1162;1287;1196;1250;1173;1258;1215;1199;1299;1148;1193;1067;1142;1199;1198;1251;1152;1076;1003;1066;967;1017;1029;909;901;977;867;859;804;810;660;710;577;548;497;447;298;209;202;187;210;162;149;109;73;60;31;27;10;24
092011;Capoterra;132;107;129;122;120;101;101;99;108;117;104;102;114;109;115;124;115;97;128;132;123;135;120;138;147;131;121;137;149;171;199;185;187;206;239;217;214;217;224;224;215;222;215;221;198;202;159;187;156;176;161;153;176;166;158;143;148;126;160;154;131;144;115;118;101;105;96;103;84;71;85;65;60;81;50;62;58;53;54;35;30;31;39;30;24;29;18;17;14;9;17;5;5;10;4;3;4;1;2;1;0
092015;Decimomannu;31;35;44;36;32;39;27;30;21;22;34;31;26;35;40;32;42;27;35;43;43;46;47;38;48;47;47;48;56;58;65;63;65;63;62;67;62;79;61;65;68;62;71;70;81;56;60;59;36;45;55;53;42;43;46;48;50;41;53;41;43;45;22;52;51;45;36;27;37;21;32;15;36;16;30;27;18;16;29;10;10;13;14;11;17;8;8;7;7;5;3;4;0;0;1;2;0;0;0;0;1
092037;Maracalagonis;29;34;33;41;30;40;35;30;35;28;26;29;43;32;34;30;39;40;39;46;39;37;44;57;64;56;57;49;43;62;58;63;47;78;55;70;70;58;71;65;56;65;62;56;51;47;41;39;45;46;51;38;54;48;26;40;51;41;38;42;28;40;34;28;44;29;40;36;29;28;38;31;28;26;13;14;20;18;19;13;16;17;16;15;11;8;13;7;7;2;3;3;0;1;1;2;0;1;1;0;0
092050;Pula;36;28;19;21;16;31;29;25;25;28;24;23;27;30;42;26;37;38;26;35;37;38;38;37;50;46;49;53;55;64;51;52;60;43;53;50;64;59;53;61;52;70;57;47;47;55;46;46;60;45;53;47;52;53;52;57;38;52;55;45;50;48;47;54;33;38;46;31;34;26;32;23;22;23;24;23;23;22;19;23;18;14;21;13;7;14;10;6;3;3;6;4;0;3;2;0;0;0;0;0;0
092051;Quartu Sant'Elena;301;307;274;317;297;326;307;303;267;289;330;294;331;342;359;362;362;366;362;348;380;406;366;404;488;432;442;415;477;467;550;561;610;618;644;644;634;647;627;649;666;710;620;666;682;663;599;579;546;577;575;553;525;512;480;518;510;453;511;462;442;404;377;355;354;312;363;315;297;271;245;221;254;231;184;205;206;201;184;147;144;122;139;111;104;95;89;70;39;42;37;39;27;23;17;13;7;4;4;3;6
092066;Sarroch;23;18;15;19;14;21;18;10;23;14;16;15;17;26;36;25;33;26;22;24;30;39;24;34;45;37;42;40;41;49;32;45;44;42;31;44;34;37;43;35;33;47;42;44;36;36;34;51;37;42;47;42;35;40;36;38;41;38;38;32;28;22;26;34;37;29;34;29;29;21;27;25;20;15;19;24;18;18;18;14;11;5;8;9;12;7;7;8;2;5;4;3;3;3;3;0;0;0;0;2;1
092068;Selargius;118;93;118;124;129;155;144;136;106;129;119;131;127;136;167;138;185;141;159;134;162;173;168;160;187;216;207;186;189;232;218;266;253;239;253;266;269;275;276;274;257;301;298;229;245;222;257;272;250;234;242;236;272;226;226;224;216;215;202;175;160;184;137;136;161;143;133;104;117;121;103;95;89;82;79;84;84;63;79;63;49;54;58;45;32;40;33;27;12;8;14;10;10;9;7;7;2;0;2;1;2
092074;Sestu;136;119;111;126;102;98;109;82;87;81;81;73;80;85;88;86;78;105;93;93;100;92;106;82;106;117;142;121;148;143;169;212;211;208;206;259;218;209;212;188;220;185;174;172;152;138;124;121;98;117;92;99;106;100;112;83;79;87;87;85;73;77;74;68;80;71;84;63;62;49;55;66;66;41;52;55;33;40;35;38;39;27;29;23;16;27;15;5;9;9;10;11;7;0;5;2;4;0;2;2;0
092075;Settimo San Pietro;22;25;29;24;25;27;23;27;22;29;24;20;25;38;31;29;41;37;46;38;42;51;32;40;46;53;56;47;58;55;42;58;58;50;41;32;52;44;44;57;53;60;50;44;54;65;57;38;46;44;56;47;54;43;43;52;38;41;40;38;35;38;26;24;28;29;39;35;25;15;19;18;20;16;16;12;11;20;9;12;12;14;11;9;10;7;6;11;3;6;3;2;1;2;1;3;2;2;0;0;1
092080;Sinnai;77;56;74;79;82;71;90;79;72;69;74;74;84;96;79;73;85;86;95;96;97;99;94;111;106;122;111;105;104;142;129;162;174;147;161;172;152;156;155;127;132;131;141;142;141;116;112;121;118;111;114;106;89;113;89;104;87;97;110;102;86;80;82;65;88;79;73;78;56;70;55;54;48;49;53;54;44;39;48;43;26;31;31;32;31;17;28;28;16;9;8;11;4;6;6;7;6;1;1;2;3
092090;Uta;29;27;28;29;32;37;34;27;32;27;30;34;27;45;39;57;46;53;39;39;50;41;36;39;72;47;54;58;57;48;55;39;42;59;62;57;64;63;57;66;58;58;62;60;60;67;41;54;51;42;51;27;40;41;35;41;40;40;44;47;38;37;20;37;32;37;37;33;25;30;25;21;29;28;24;16;26;24;16;13;13;13;10;12;9;13;9;13;3;5;3;3;1;2;3;0;2;0;3;0;0
092099;Villa San Pietro;11;12;7;8;11;7;6;8;11;9;9;9;8;8;7;8;12;8;11;16;12;12;9;15;16;10;11;13;22;26;19;24;16;12;13;17;22;17;13;11;8;16;13;12;9;16;8;14;15;11;21;15;16;17;10;15;16;8;15;14;15;9;13;14;11;10;9;6;8;2;7;2;8;5;9;5;5;2;3;3;2;1;6;2;3;4;1;1;3;0;2;1;0;0;0;0;0;0;0;0;0
092105;Quartucciu;71;54;47;51;54;45;48;49;44;57;42;50;66;59;67;53;67;63;56;53;67;62;70;61;63;88;63;82;88;79;126;103;104;130;123;128;114;129;100;120;139;123;120;105;111;108;72;100;103;80;78;79;93;66;85;70;77;85;67;57;66;64;51;50;60;65;57;62;54;45;49;44;50;45;43;42;44;29;39;27;44;23;21;20;20;19;27;13;9;7;8;6;6;4;4;2;3;3;1;0;1
092108;Elmas;34;32;42;36;45;45;41;31;33;41;34;32;41;49;54;45;38;54;44;62;62;44;39;47;60;64;53;44;67;63;55;74;65;74;80;85;84;79;100;70;95;77;87;81;76;74;69;84;73;70;58;72;71;68;58;65;50;46;61;58;47;50;32;47;39;41;34;38;30;34;32;30;28;31;33;35;19;28;33;19;25;18;17;10;18;12;15;5;3;6;5;4;2;1;6;0;1;0;0;0;0
092109;Monserrato;95;50;63;74;78;61;74;79;75;72;71;100;78;76;99;98;115;112;119;105;127;118;112;129;128;156;146;132;142;169;183;177;160;173;189;181;179;177;191;156;167;205;203;198;170;173;210;178;178;184;179;152;189;149;139;173;156;173;143;132;134;124;94;99;122;94;155;123;103;109;102;101;102;87;93;68;86;64;85;65;60;57;48;45;43;42;49;27;23;11;10;16;13;7;10;4;1;2;1;1;2
;Totale;1714;1591;1674;1721;1650;1724;1674;1677;1560;1579;1619;1643;1734;1863;1919;1909;2060;2015;2070;2019;2212;2256;2187;2347;2661;2655;2690;2634;2817;3019;3208;3426;3575;3660;3694;3843;3628;3725;3699;3655;3725;3862;3794;3678;3560;3520;3313;3361;3215;3250;3297;3081;3273;3080;3027;3006;3010;2920;2987;2909;2647;2679;2326;2434;2572;2452;2604;2334;2165;2023;2054;1853;1959;1897;1693;1701;1737;1558;1595;1384;1350;1139;1222;996;948;867;801;556;374;339;334;339;247;222;181;122;93;47;47;23;42

"Ricostruzione della popolazione intercensuaria - Popolazione al 1° gennaio per età"
"Cittadinanza italiana - Anno: 2008 - Provincia: Cagliari"
Territorio/Età;;0;1;2;3;4;5;6;7;8;9;10;11;12;13;14;15;16;17;18;19;20;21;22;23;24;25;26;27;28;29;30;31;32;33;34;35;36;37;38;39;40;41;42;43;44;45;46;47;48;49;50;51;52;53;54;55;56;57;58;59;60;61;62;63;64;65;66;67;68;69;70;71;72;73;74;75;76;77;78;79;80;81;82;83;84;85;86;87;88;89;90;91;92;93;94;95;96;97;98;99;100
Codice comune;Comune;Totale
092003;Assemini;285;261;293;265;263;279;254;244;244;229;219;233;257;242;223;251;260;294;270;281;294;283;284;317;313;338;340;391;383;419;414;448;493;478;549;525;547;460;493;543;523;511;519;525;499;462;407;437;396;379;366;386;358;343;354;346;347;317;304;297;265;261;230;242;211;256;244;238;213;187;196;171;135;143;161;112;129;127;105;100;94;76;59;53;43;55;39;32;25;19;10;13;8;6;1;2;8;2;3;5;1
092009;Cagliari;881;943;984;954;996;899;1021;931;1105;981;1000;1035;1053;1111;1148;1104;1229;1317;1282;1362;1290;1430;1486;1500;1610;1688;1726;1821;1809;1935;2001;2049;2267;2372;2341;2378;2416;2250;2382;2329;2339;2430;2481;2509;2396;2266;2346;2283;2275;2222;2289;2301;2173;2276;2115;2235;2124;2261;2147;2237;2319;2109;2124;1898;1965;2120;2083;2180;2039;1865;1774;1805;1685;1724;1703;1512;1443;1544;1341;1313;1191;1187;965;996;853;775;672;588;408;264;239;238;241;198;151;112;61;60;32;26;25
092011;Capoterra;206;258;235;233;259;240;225;224;229;231;245;203;220;233;233;248;239;253;233;276;270;234;258;242;284;318;285;287;305;329;363;390;350;410;434;415;450;425;457;407;461;441;448;440;442;409;377;345;384;322;346;320;338;331;307;296;284;295;257;295;287;283;277;227;216;225;211;202;201;176;142;155;127;117;142;103;120;109;92;100;76;50;54;58;43;30;41;30;22;13;12;18;7;7;17;9;2;2;1;3;0
092015;Decimomannu;72;63;81;81;83;73;79;71;72;66;55;71;78;66;78;68;77;90;68;72;81;85;83;95;82;97;90;123;98;121;107;128;139;147;148;155;130;136;138;122;142;146;135;139;137;126;120;123;117;102;84;107;101;78;83;100;90;85;86;98;85;91;87;55;87;83;84;74;58;65;54;63;39;60;37;46;42;35;24;45;18;30;19;24;14;23;15;11;10;6;7;5;8;0;2;1;2;0;0;0;1
092037;Maracalagonis;75;68;83;81;85;58;79;77;64;67;64;59;72;78;58;72;67;74;72;94;99;75;90;75;117;111;114;106;115;106;123;111;137;126;146;135;127;157;118;141;150;117;129;127;127;100;108;88;86;89;83;96;81;109;95;69;89;83;89;85;87;75;78;78;63;88;59;90;65;55;55;67;59;46;50;32;38;35;35;28;25;26;30;23;23;15;15;19;10;9;3;3;3;0;1;3;0;0;1;1;0
092050;Pula;64;68;59;51;43;39;60;66;57;52;60;51;57;61;52;75;60;65;62;74;73;58;79;89;79;85;85;96;102;126;127;113;138;137;116;116;109;118;136;108;127;117;124;108;110;119;101;91;99;107;95;99;94;104;108;98;101;93;107;111;98;102;99;94;86;85;82;89;72;66;68;62;43;51;45;49;41;45;42;32;38;36;15;27;15;12;21;9;9;6;4;7;4;2;3;1;2;0;1;0;1
092051;Quartu Sant'Elena;633;640;615;576;626;626;659;653;599;610;567;670;600;665;707;737;763;769;783;794;736;733;787;800;852;956;865;885;892;934;960;1068;1135;1241;1260;1265;1272;1237;1293;1193;1237;1277;1322;1267;1256;1275;1227;1132;1127;1084;1070;1069;1067;1043;999;932;910;946;916;952;922;891;815;720;682;675;657;709;631;567;510;517;423;456;418;349;339;352;344;293;228;226;191;202;157;145;126;122;85;47;59;39;44;34;21;17;10;6;4;5;6
092066;Sarroch;44;45;31;33;50;37;43;38;34;35;31;38;43;38;42;63;53;56;55;54;56;58;73;72;71;81;81;89;77;90;91;79;98;88;97;72;107;73;80;84;60;76;93;86;87;75;101;63;88;67;82;85;92;73;82;77;71;76;73;65;70;67;56;64;64;64;63;73;58;52;47;53;40;44;39;34;43;39;35;33;28;20;14;8;8;19;10;13;8;3;5;5;4;5;2;1;1;0;0;0;2
092068;Selargius;233;248;219;244;263;252;287;305;271;242;258;249;280;291;276;323;284;339;319;330;283;330;352;349;358;365;411;405;399;389;429;437;510;529;530;491;514;515;506;518;533;501;531;568;460;462;455;471;474;453;444;477;443;516;419;428;413;416;408;392;337;342;347;262;282;315;263;270;219;234;210;186;161;155;161;147;159;157;123;114;97;82;85;84;66;52;48;53;34;14;15;15;9;13;9;8;6;2;2;0;2
092074;Sestu;270;281;245;221;242;204;202;203;175;195;169;170;157;175;171;179;176;185;190;180;187;184;194;204;199;214;237;275;266;326;334;369;404;454;474;464;507;441;457;433;401;402;370;362;371;322;278;254;239;224;240;214;198;196;185;200;181;169;185;176;162;157;147;150;138;153;158;172;134;133;108;121;100;105;101;82;91;72;71;58;65;55;44;48;28;25;41;22;10;14;11;10;8;9;3;6;2;4;0;0;2
092075;Settimo San Pietro;63;52;43;58;53;51;54;57;50;52;63;51;56;65;67;67;60;81;76;74;72;81;102;79;85;98;109;109;97;100;115;103;110;114;110;108;98;111;82;110;116;108;101;104;101;102;102;111;81;87;85;95;98;104;86;78;94;97;91;69;77;71;66;53;62;62;58;68;61;43;38;40;38;26;42;28;26;22;32;19;19;26;20;18;10;12;9;7;13;4;7;5;5;0;1;0;2;1;0;0;1
092080;Sinnai;158;165;137;163;164;158;156;173;143;155;139;157;163;171;200;179;161;177;174;204;186;188;209;197;244;218;245;236;224;231;256;286;321;321;304;336;323;314;282;288;293;298;283;279;273;284;234;250;243;244;212;213;214;197;223;188;191;182;205;193;189;175;172;153;118;167;151;144;143;124;126;116;99;94;91;86;94;84;73;87;66;48;53;40;51;40;28;36;32;19;12;9;11;7;8;8;5;5;2;1;5
092090;Uta;63;56;56;72;65;62;68;62;64;65;54;59;83;71;101;63;95;90;90;80;80;103;92;88;96;130;109;106;114;104;103;111;110;107;109;105;119;131;120;120;142;129;123;138;132;122;129;93;115;112;96;98;83;85;88;82;74;87;78;81;83;70;73;57;66;70;80;68;69;54;63;49;47;51;50;44;35;43;36;36;20;22;21;17;19;10;17;12;15;3;7;5;3;0;3;3;0;3;0;3;0
092099;Villa San Pietro;12;18;19;10;15;24;15;16;14;18;12;17;15;16;14;15;12;21;17;21;28;19;27;18;26;24;32;29;29;33;46;33;48;37;26;25;39;41;33;22;26;20;23;22;17;21;30;15;31;25;23;30;31;30;25;27;34;37;21;32;27;28;25;26;37;28;22;20;19;17;7;14;5;11;7;14;14;6;8;7;5;7;1;7;4;6;3;1;1;3;0;2;4;0;0;0;0;0;0;0;0
092105;Quartucciu;135;122;121;92;107;116;106;102;110;104;106;101;110;122;124;141;121;135;139;125;102;137;143;134;139;127;167;154;171;190;167;222;225;235;289;259;252;226;242;213;236;263;257;248;225;192;223;179;173;198;178;168;150;162;137;157;144;155;156;145;123;142;120;92;88;104;123;116;114;95;92;93;83;85;72;77;67;66;44;69;51;67;37;39;35;27;26;33;12;14;16;8;10;6;3;4;3;4;3;1;1
092108;Elmas;74;71;72;78;77;89;79;88;61;72;89;81;76;84;107;97;91;82;99;93;104;115;96;93;98;105;115;112;112;140;128;125;157;145;151;175;161;158;151;190;142;165;158;168;162;142;153;148;151;150;138;122;137;134;145;108;130;117;101;122;116;102;81;71;87;74;81;82;81;60;71;64;63;59;52;52;49;33;57;52;32;38;26;26;15;37;12;18;10;4;7;6;11;3;3;8;0;2;0;0;0
092109;Monserrato;167;162;144;154;159;155;130;140;151;160;155;146;188;183;146;201;232;249;218;235;246;243;254;261;272;280;309;282;252;291;351;334;345;354;361;325;345;325;337;356;304;344;370;379;369;355;310;373;357;332;353;337;317;356;300;296;318;279;322;271;255;251;259;189;213;231;172;248;236;196;194;193;174;159;152;164;134;137;112;132;101;92;73;67;74;61;58;68;34;29;16;19;26;14;11;9;4;1;3;1;3
;Totale;3435;3521;3437;3366;3550;3362;3517;3450;3443;3334;3286;3391;3508;3672;3747;3883;3980;4277;4147;4349;4187;4356;4609;4613;4925;5235;5320;5506;5445;5864;6115;6406;6987;7295;7445;7349;7516;7118;7307;7177;7232;7345;7467;7469;7164;6834;6701;6456;6436;6197;6184;6217;5975;6137;5751;5717;5595;5695;5546;5621;5502;5217;5056;4431;4465;4800;4591;4843;4413;3989;3755;3769;3321;3386;3323;2931;2864;2906;2574;2518;2154;2088;1707;1737;1458;1344;1181;1074;738;471;430;407;406;304;239;192;108;92;52;46;50
Territorio/Età;;0;1;2;3;4;5;6;7;8;9;10;11;12;13;14;15;16;17;18;19;20;21;22;23;24;25;26;27;28;29;30;31;32;33;34;35;36;37;38;39;40;41;42;43;44;45;46;47;48;49;50;51;52;53;54;55;56;57;58;59;60;61;62;63;64;65;66;67;68;69;70;71;72;73;74;75;76;77;78;79;80;81;82;83;84;85;86;87;88;89;90;91;92;93;94;95;96;97;98;99;100
Codice comune;Comune;Maschi
092003;Assemini;137;135;162;130;134;156;126;126;122;102;116;124;146;133;103;126;129;150;140;153;149;149;157;157;148;168;180;207;215;235;199;231;243;248;239;257;256;239;247;276;248;268;261;254;262;226;198;213;207;180;174;189;162;171;152;162;184;162;143;132;135;140;107;135;101;122;120;121;116;86;87;93;63;60;70;52;55;65;52;38;41;35;22;12;13;18;15;10;11;9;5;2;3;2;0;0;4;1;0;2;0
092009;Cagliari;429;513;530;464;515;453;527;467;554;506;534;546;541;577;576;567;631;690;651;698;671;722;751;782;835;844;869;935;894;1001;1063;1050;1206;1172;1181;1197;1171;1086;1185;1122;1126;1179;1201;1190;1115;1061;1094;1084;1038;1014;1059;1040;1020;992;924;1002;967;1014;944;1054;1037;962;943;833;830;936;893;941;904;798;791;752;728;720;686;619;571;586;489;487;410;418;339;321;305;268;221;192;135;79;67;74;64;58;39;27;11;21;12;8;5
092011;Capoterra;96;127;126;104;140;119;127;123;129;125;132;99;116;119;123;134;120;139;137;150;140;110;123;127;144;171;153;162;165;175;188;183;163;220;226;186;234;208;239;186;240;229;226;225;223;210;171;183;198;163;169;157;179;152;141;138;140;147;133;135;132;150;130;114;98;121;105;109;96;88;72;76;63;57;60;53;58;53;42;46;44;20;28;24;11;10;17;15;8;1;5;5;3;2;7;5;1;1;0;1;0
092015;Decimomannu;37;29;45;39;45;40;35;45;38;41;33;37;46;39;44;28;43;48;42;36;39;42;39;46;45;47;45;71;47;61;45;69;73;81;81;90;65;70;59;61;74;81;70;68;67;43;64;64;58;66;39;50;47;38;42;53;40;36;45;43;45;48;42;34;36;33;39;38;32;32;34;31;22;24;21;16;16;17;6;16;8;19;7;10;5;8;6;3;4;0;3;2;4;0;2;0;0;0;0;0;0
092037;Maracalagonis;40;39;45;46;45;30;39;43;34;35;35;33;42;36;28;39;37;36;32;54;53;34;53;32;61;50;56;47;59;64;62;57;70;77;70;75;53;87;61;71;86;63;66;64;68;49;60;48;49;45;39;46;43;55;45;41;48;30;45;46;46;47;40;42;33;44;31;47;31;28;27;29;28;19;25;19;24;16;18;11;12;11;13;7;8;4;7;9;3;2;2;0;1;0;0;2;0;0;0;0;0
092050;Pula;34;33;29;31;22;23;30;38;33;26;32;27;34;35;22;33;34;28;24;48;39;21;41;49;42;35;44;45;48;72;57;56;72;66;69;62;58;57;81;56;67;64;56;51;61;72;45;45;55;49;51;46;45;54;54;47;43;55;55;57;52;53;51;49;33;51;44;42;40;34;42;30;21;28;22;27;18;24;20;13;15;18;2;7;4;6;9;2;3;3;2;2;1;2;0;0;2;0;1;0;1
092051;Quartu Sant'Elena;328;338;307;305;311;328;338;350;298;345;281;344;310;336;372;374;403;411;414;428;389;352;381;432;448;468;427;460;473;462;485;514;548;621;625;622;625;586;645;572;583;618;623;641;603;602;560;546;544;542;496;500;513;516;482;451;394;442;466;447;454;447;413;343;327;322;340;348;318;274;237;271;204;203;194;170;137;153;146;116;87;86;74;69;55;47;40;38;24;11;24;8;12;10;3;4;2;1;1;2;2
092066;Sarroch;23;21;14;18;28;23;21;21;23;12;15;22;28;21;17;28;27;24;28;30;28;28;35;48;40;35;46;48;38;47;44;49;51;47;58;42;58;41;45;41;24;43;45;44;44;38;64;29;37;31;37;38;50;39;42;41;34;35;35;29;35;39;34;38;29;28;34;39;30;23;25;26;15;26;24;14;19;21;17;15;13;10;9;0;0;7;5;7;0;1;1;1;1;2;0;0;1;0;0;0;0
092068;Selargius;123;129;120;119;138;128;136;160;133;138;131;121;152;167;140;160;146;155;181;167;149;167;179;187;203;181;207;197;210;201;207;213;238;277;281;230;244;248;229;243;256;246;232;275;231;217;237;214;206;206;209;234;209;245;197;207;191;199;194;189;162;181;163;122;149;151;122;136;114;118;90;83;67;67;80;72;77;72;60;34;36;35;30;32;21;22;15;22;9;4;6;3;2;4;2;1;0;0;0;0;1
092074;Sestu;142;146;126;106;120;102;106;94;93;104;87;90;84;95;86;90;90;108;87;86;94;83;101;96;111;109;118;129;129;166;178;174;175;224;259;250;232;223;243;223;212;180;185;189;195;172;142;127;122;125;125;122;100;92;86;89;96;89;100;88;77;83;68;76;70;73;87;88;72;71;60;65;35;41;59;31;36;37;32;23;29;16;19;24;8;11;13;10;5;5;3;2;3;4;2;2;2;0;0;0;0
092075;Settimo San Pietro;35;27;20;28;29;26;26;30;25;29;36;27;32;40;29;36;32;40;37;31;33;38;51;47;46;51;53;50;52;43;58;59;53;56;60;66;62;59;36;66;59;54;42;53;55;44;38;53;46;43;40;40;52;49;43;32;42;59;50;29;39;34;28;27;39;33;30;29;27;17;23;21;20;7;25;11;14;11;12;10;7;14;8;7;2;2;3;1;3;2;1;2;2;0;0;0;0;0;0;0;0
092080;Sinnai;78;90;76;91;86;77;80;82;65;80;71;83;93;88;101;98;86;91;88;105;88;91;108;105;126;107;123;120;124;123;121;150;162;146;149;174;149;167;129;139;163;164;149;138;129;145;115;138;123;123;101;101;107;108;109;99;86;96;107;83;86;90;92;70;53;80;72;72;64;70;56;61;46;50;42;36;39;41;35;40;26;25;24;14;21;13;15;12;9;4;4;2;2;4;2;3;1;0;1;0;0
092090;Uta;34;30;26;42;35;30;31;28;34;33;27;27;49;43;55;26;40;44;37;41;42;55;50;51;59;56;64;50;56;47;52;56;67;63;42;39;63;66;58;61;77;70;68;73;68;63;61;53;59;62;53;47;56;45;46;47;32;47;38;35;38;32;36;36;30;39;42;31;36;30;32;26;26;22;22;20;20;18;12;20;7;10;7;7;6;1;4;5;4;1;3;3;1;0;1;1;0;1;0;0;0
092099;Villa San Pietro;7;7;7;5;6;15;8;10;6;10;6;8;8;7;6;7;4;10;10;10;13;9;14;10;12;7;21;17;14;14;21;16;25;22;12;12;21;20;17;9;15;11;10;11;6;11;16;7;16;11;12;10;16;14;8;16;19;21;13;16;13;13;14;14;21;17;12;11;13;9;5;7;3;4;2;5;9;2;6;4;2;5;0;1;2;3;1;0;0;1;0;0;3;0;0;0;0;0;0;0;0
092105;Quartucciu;67;51;70;45;54;62;61;55;59;62;49;58;57;54;65;71;68;67;75;70;49;71;79;65;74;60;75;89;90;93;81;92;121;125;147;132;130;114;115;109;117;119;128;125;117;84;113;108;69;95;94;87;70;68;72;69;74;77;70;74;63;77;54;40;38;47;59;59;52;42;46;46;40;35;27;34;26;24;16;31;25;25;16;16;16;9;8;8;2;4;9;1;4;2;0;1;0;1;2;0;1
092108;Elmas;37;39;40;37;43;43;35;48;30;39;48;47;44;43;57;42;47;45;44;47;44;52;52;55;48;47;50;58;65;69;62;67;84;77;77;96;79;74;74;88;74;68;80;77;78;70;77;78;68;76;68;63;64;63;77;47;65;66;54;61;59;54;31;39;42;35;41;48;43;30;36;32;31;31;23;20;17;15;30;19;13;13;11;12;6;18;2;4;4;1;1;1;6;1;1;2;0;1;0;0;0
092109;Monserrato;79;66;89;92;85;74;73;64;72;84;82;80;88;104;68;102;133;134;106;114;139;115;137;146;140;149;165;138;120;156;174;159;167;193;190;137;169;155;152;163;148;171;164;178;172;181;132;166;176;158;169;156;165;168;150;159;146;124;149;128;121;118;133;97;114;112;80;93;114;91;82;91;80;61;69;72;66;53;46;49;37;34;20;19;31;16;18;23;6;10;6;8;9;5;2;0;2;0;1;0;0
;Totale;1726;1820;1832;1702;1836;1729;1799;1784;1748;1771;1715;1773;1870;1937;1892;1961;2070;2220;2133;2268;2159;2139;2351;2435;2582;2585;2696;2823;2799;3029;3097;3195;3518;3715;3766;3667;3669;3500;3615;3486;3569;3628;3606;3656;3494;3288;3187;3156;3071;2989;2935;2926;2898;2869;2670;2700;2601;2699;2641;2646;2594;2568;2379;2109;2043;2244;2151;2252;2102;1841;1745;1740;1492;1455;1451;1271;1202;1208;1039;972;812;794;629;582;514;463;399;361;230;138;142;116;121;96;61;48;26;27;18;13;10
Territorio/Età;;0;1;2;3;4;5;6;7;8;9;10;11;12;13;14;15;16;17;18;19;20;21;22;23;24;25;26;27;28;29;30;31;32;33;34;35;36;37;38;39;40;41;42;43;44;45;46;47;48;49;50;51;52;53;54;55;56;57;58;59;60;61;62;63;64;65;66;67;68;69;70;71;72;73;74;75;76;77;78;79;80;81;82;83;84;85;86;87;88;89;90;91;92;93;94;95;96;97;98;99;100
Codice comune;Comune;Femmine
092003;Assemini;148;126;131;135;129;123;128;118;122;127;103;109;111;109;120;125;131;144;130;128;145;134;127;160;165;170;160;184;168;184;215;217;250;230;310;268;291;221;246;267;275;243;258;271;237;236;209;224;189;199;192;197;196;172;202;184;163;155;161;165;130;121;123;107;110;134;124;117;97;101;109;78;72;83;91;60;74;62;53;62;53;41;37;41;30;37;24;22;14;10;5;11;5;4;1;2;4;1;3;3;1
092009;Cagliari;452;430;454;490;481;446;494;464;551;475;466;489;512;534;572;537;598;627;631;664;619;708;735;718;775;844;857;886;915;934;938;999;1061;1200;1160;1181;1245;1164;1197;1207;1213;1251;1280;1319;1281;1205;1252;1199;1237;1208;1230;1261;1153;1284;1191;1233;1157;1247;1203;1183;1282;1147;1181;1065;1135;1184;1190;1239;1135;1067;983;1053;957;1004;1017;893;872;958;852;826;781;769;626;675;548;507;451;396;273;185;172;164;177;140;112;85;50;39;20;18;20
092011;Capoterra;110;131;109;129;119;121;98;101;100;106;113;104;104;114;110;114;119;114;96;126;130;124;135;115;140;147;132;125;140;154;175;207;187;190;208;229;216;217;218;221;221;212;222;215;219;199;206;162;186;159;177;163;159;179;166;158;144;148;124;160;155;133;147;113;118;104;106;93;105;88;70;79;64;60;82;50;62;56;50;54;32;30;26;34;32;20;24;15;14;12;7;13;4;5;10;4;1;1;1;2;0
092015;Decimomannu;35;34;36;42;38;33;44;26;34;25;22;34;32;27;34;40;34;42;26;36;42;43;44;49;37;50;45;52;51;60;62;59;66;66;67;65;65;66;79;61;68;65;65;71;70;83;56;59;59;36;45;57;54;40;41;47;50;49;41;55;40;43;45;21;51;50;45;36;26;33;20;32;17;36;16;30;26;18;18;29;10;11;12;14;9;15;9;8;6;6;4;3;4;0;0;1;2;0;0;0;1
092037;Maracalagonis;35;29;38;35;40;28;40;34;30;32;29;26;30;42;30;33;30;38;40;40;46;41;37;43;56;61;58;59;56;42;61;54;67;49;76;60;74;70;57;70;64;54;63;63;59;51;48;40;37;44;44;50;38;54;50;28;41;53;44;39;41;28;38;36;30;44;28;43;34;27;28;38;31;27;25;13;14;19;17;17;13;15;17;16;15;11;8;10;7;7;1;3;2;0;1;1;0;0;1;1;0
092050;Pula;30;35;30;20;21;16;30;28;24;26;28;24;23;26;30;42;26;37;38;26;34;37;38;40;37;50;41;51;54;54;70;57;66;71;47;54;51;61;55;52;60;53;68;57;49;47;56;46;44;58;44;53;49;50;54;51;58;38;52;54;46;49;48;45;53;34;38;47;32;32;26;32;22;23;23;22;23;21;22;19;23;18;13;20;11;6;12;7;6;3;2;5;3;0;3;1;0;0;0;0;0
092051;Quartu Sant'Elena;305;302;308;271;315;298;321;303;301;265;286;326;290;329;335;363;360;358;369;366;347;381;406;368;404;488;438;425;419;472;475;554;587;620;635;643;647;651;648;621;654;659;699;626;653;673;667;586;583;542;574;569;554;527;517;481;516;504;450;505;468;444;402;377;355;353;317;361;313;293;273;246;219;253;224;179;202;199;198;177;141;140;117;133;102;98;86;84;61;36;35;31;32;24;18;13;8;5;3;3;4
092066;Sarroch;21;24;17;15;22;14;22;17;11;23;16;16;15;17;25;35;26;32;27;24;28;30;38;24;31;46;35;41;39;43;47;30;47;41;39;30;49;32;35;43;36;33;48;42;43;37;37;34;51;36;45;47;42;34;40;36;37;41;38;36;35;28;22;26;35;36;29;34;28;29;22;27;25;18;15;20;24;18;18;18;15;10;5;8;8;12;5;6;8;2;4;4;3;3;2;1;0;0;0;0;2
092068;Selargius;110;119;99;125;125;124;151;145;138;104;127;128;128;124;136;163;138;184;138;163;134;163;173;162;155;184;204;208;189;188;222;224;272;252;249;261;270;267;277;275;277;255;299;293;229;245;218;257;268;247;235;243;234;271;222;221;222;217;214;203;175;161;184;140;133;164;141;134;105;116;120;103;94;88;81;75;82;85;63;80;61;47;55;52;45;30;33;31;25;10;9;12;7;9;7;7;6;2;2;0;1
092074;Sestu;128;135;119;115;122;102;96;109;82;91;82;80;73;80;85;89;86;77;103;94;93;101;93;108;88;105;119;146;137;160;156;195;229;230;215;214;275;218;214;210;189;222;185;173;176;150;136;127;117;99;115;92;98;104;99;111;85;80;85;88;85;74;79;74;68;80;71;84;62;62;48;56;65;64;42;51;55;35;39;35;36;39;25;24;20;14;28;12;5;9;8;8;5;5;1;4;0;4;0;0;2
092075;Settimo San Pietro;28;25;23;30;24;25;28;27;25;23;27;24;24;25;38;31;28;41;39;43;39;43;51;32;39;47;56;59;45;57;57;44;57;58;50;42;36;52;46;44;57;54;59;51;46;58;64;58;35;44;45;55;46;55;43;46;52;38;41;40;38;37;38;26;23;29;28;39;34;26;15;19;18;19;17;17;12;11;20;9;12;12;12;11;8;10;6;6;10;2;6;3;3;0;1;0;2;1;0;0;1
092080;Sinnai;80;75;61;72;78;81;76;91;78;75;68;74;70;83;99;81;75;86;86;99;98;97;101;92;118;111;122;116;100;108;135;136;159;175;155;162;174;147;153;149;130;134;134;141;144;139;119;112;120;121;111;112;107;89;114;89;105;86;98;110;103;85;80;83;65;87;79;72;79;54;70;55;53;44;49;50;55;43;38;47;40;23;29;26;30;27;13;24;23;15;8;7;9;3;6;5;4;5;1;1;5
092090;Uta;29;26;30;30;30;32;37;34;30;32;27;32;34;28;46;37;55;46;53;39;38;48;42;37;37;74;45;56;58;57;51;55;43;44;67;66;56;65;62;59;65;59;55;65;64;59;68;40;56;50;43;51;27;40;42;35;42;40;40;46;45;38;37;21;36;31;38;37;33;24;31;23;21;29;28;24;15;25;24;16;13;12;14;10;13;9;13;7;11;2;4;2;2;0;2;2;0;2;0;3;0
092099;Villa San Pietro;5;11;12;5;9;9;7;6;8;8;6;9;7;9;8;8;8;11;7;11;15;10;13;8;14;17;11;12;15;19;25;17;23;15;14;13;18;21;16;13;11;9;13;11;11;10;14;8;15;14;11;20;15;16;17;11;15;16;8;16;14;15;11;12;16;11;10;9;6;8;2;7;2;7;5;9;5;4;2;3;3;2;1;6;2;3;2;1;1;2;0;2;1;0;0;0;0;0;0;0;0
092105;Quartucciu;68;71;51;47;53;54;45;47;51;42;57;43;53;68;59;70;53;68;64;55;53;66;64;69;65;67;92;65;81;97;86;130;104;110;142;127;122;112;127;104;119;144;129;123;108;108;110;71;104;103;84;81;80;94;65;88;70;78;86;71;60;65;66;52;50;57;64;57;62;53;46;47;43;50;45;43;41;42;28;38;26;42;21;23;19;18;18;25;10;10;7;7;6;4;3;3;3;3;1;1;0
092108;Elmas;37;32;32;41;34;46;44;40;31;33;41;34;32;41;50;55;44;37;55;46;60;63;44;38;50;58;65;54;47;71;66;58;73;68;74;79;82;84;77;102;68;97;78;91;84;72;76;70;83;74;70;59;73;71;68;61;65;51;47;61;57;48;50;32;45;39;40;34;38;30;35;32;32;28;29;32;32;18;27;33;19;25;15;14;9;19;10;14;6;3;6;5;5;2;2;6;0;1;0;0;0
092109;Monserrato;88;96;55;62;74;81;57;76;79;76;73;66;100;79;78;99;99;115;112;121;107;128;117;115;132;131;144;144;132;135;177;175;178;161;171;188;176;170;185;193;156;173;206;201;197;174;178;207;181;174;184;181;152;188;150;137;172;155;173;143;134;133;126;92;99;119;92;155;122;105;112;102;94;98;83;92;68;84;66;83;64;58;53;48;43;45;40;45;28;19;10;11;17;9;9;9;2;1;2;1;3
;Totale;1709;1701;1605;1664;1714;1633;1718;1666;1695;1563;1571;1618;1638;1735;1855;1922;1910;2057;2014;2081;2028;2217;2258;2178;2343;2650;2624;2683;2646;2835;3018;3211;3469;3580;3679;3682;3847;3618;3692;3691;3663;3717;3861;3813;3670;3546;3514;3300;3365;3208;3249;3291;3077;3268;3081;3017;2994;2996;2905;2975;2908;2649;2677;2322;2422;2556;2440;2591;2311;2148;2010;2029;1829;1931;1872;1660;1662;1698;1535;1546;1342;1294;1078;1155;944;881;782;713;508;333;288;291;285;208;178;144;82;65;34;33;40

"Ricostruzione della popolazione intercensuaria - Popolazione al 1° gennaio per età"
"Cittadinanza italiana - Anno: 2009 - Provincia: Cagliari"
Territorio/Età;;0;1;2;3;4;5;6;7;8;9;10;11;12;13;14;15;16;17;18;19;20;21;22;23;24;25;26;27;28;29;30;31;32;33;34;35;36;37;38;39;40;41;42;43;44;45;46;47;48;49;50;51;52;53;54;55;56;57;58;59;60;61;62;63;64;65;66;67;68;69;70;71;72;73;74;75;76;77;78;79;80;81;82;83;84;85;86;87;88;89;90;91;92;93;94;95;96;97;98;99;100
Codice comune;Comune;Totale
092003;Assemini;260;284;260;294;264;259;288;258;249;245;235;219;232;255;242;220;247;260;294;267;277;293;292;294;319;319;346;338;393;391;418;425;448;499;479;543;515;559;449;504;545;521;502;516;521;500;458;409;441;393;386;371;390;360;340;349;344;353;319;306;293;267;256;231;241;206;256;241;233;213;185;197;170;131;140;155;108;130;124;97;98;91;70;59;53;39;51;33;27;23;18;10;9;7;6;1;2;5;2;1;5
092009;Cagliari;967;869;951;981;952;999;906;1027;936;1106;980;1011;1038;1049;1123;1151;1117;1226;1333;1277;1366;1313;1422;1476;1497;1608;1655;1670;1758;1752;1853;1947;1980;2186;2322;2289;2313;2337;2217;2348;2301;2306;2422;2468;2497;2392;2254;2322;2291;2273;2202;2263;2291;2168;2263;2107;2220;2124;2230;2119;2230;2300;2089;2099;1883;1943;2105;2062;2160;2014;1844;1761;1772;1654;1673;1675;1476;1406;1501;1297;1248;1137;1134;920;913;780;708;603;528;355;234;188;203;199;159;117;91;43;41;23;31
092011;Capoterra;243;212;257;235;226;262;240;222;226;229;233;244;202;224;239;225;251;240;252;234;269;270;226;252;244;285;314;283;295;312;338;363;400;354;407;439;419;460;423;446;399;478;431;448;436;445;412;372;338;385;325;348;318;336;331;305;294;283;297;250;295;285;283;278;222;215;228;212;199;198;173;142;157;125;112;142;98;122;101;91;96;76;48;49;60;43;31;39;25;19;13;14;16;8;8;14;7;2;2;1;3
092015;Decimomannu;64;71;62;84;91;86;75;79;73;78;66;56;76;77;65;81;70;76;93;67;71;84;84;85;98;83;103;98;129;100;130;115;128;140;151;154;169;136;145;147;129;145;147;134;141;138;128;115;120;116;104;85;107;98;80;85;103;89;85;90;98;84;91;88;53;87;83;82;73;59;59;55;62;40;60;36;45;40;33;23;42;16;28;19;20;14;21;16;9;11;4;4;5;4;1;2;1;2;0;0;1
092037;Maracalagonis;61;83;70;83;82;87;60;79;78;62;69;62;60;75;75;61;71;69;74;73;92;99;74;91;78;117;108;118;107;115;111;126;120;143;131;152;135;125;162;123;148;154;120;126;130;126;101;112;90;85;85;83;98;79;109;94;69;86;83;88;82;90;74;77;82;63;89;57;91;67;53;56;66;60;44;46;28;38;34;35;26;25;26;26;21;22;14;14;14;7;7;3;3;3;0;1;2;0;0;1;1
092050;Pula;69;61;70;64;50;44;37;57;64;53;53;57;50;55;60;53;74;60;64;63;70;73;56;81;89;79;84;92;98;101;130;122;111;137;135;121;115;110;116;136;105;128;113;126;110;101;119;104;96;100;107;96;100;94;108;105;97;104;94;109;110;95;106;99;93;85;87;82;88;78;65;65;62;43;48;43;45;37;41;34;32;33;34;20;26;15;12;16;9;8;3;4;7;1;2;1;0;2;0;1;0
092051;Quartu Sant'Elena;616;618;636;608;566;628;620;649;650;592;604;568;662;593;658;716;737;754;767;791;804;739;741;785;807;842;948;860;885;879;924;949;1074;1110;1242;1245;1248;1266;1227;1284;1188;1217;1269;1325;1278;1247;1279;1217;1124;1117;1095;1078;1059;1064;1048;1000;930;899;954;906;951;919;881;822;721;667;680;653;707;631;564;498;518;423;445;410;338;328;339;329;284;206;217;178;183;147;133;118;106;75;39;52;33;42;30;14;12;9;3;5;9
092066;Sarroch;41;43;49;30;35;52;38;41;41;35;36;35;36;43;36;42;61;53;55;56;54;54;59;70;69;69;84;82;90;78;89;92;80;101;86;105;79;102;70;83;79;63;78;96;91;89;76;98;66;86;69;81;85;94;73;83;74;70;75;76;64;72;67;56;67;62;61;67;75;56;51;46;54;40;43;37;32;41;38;32;31;28;18;11;9;7;17;8;13;8;3;4;4;2;4;2;0;1;0;0;1
092068;Selargius;260;229;239;217;247;267;253;289;303;269;242;263;260;277;289;281;329;284;341;316;332;277;326;338;345;361;349;398;390;383;398;430;444;510;532;536;497;519;509;510;513;542;502;521;568;461;461;455;474;478;459;440;474;443;518;418;420;402;415;412;384;332;340;342;266;276;310;251;271;216;231;207;182;154;152;159;143;159;150;118;110;98;83;79;74;58;42;42;47;32;13;13;15;7;9;4;3;3;2;0;1
092074;Sestu;235;278;283;240;218;241;207;205;204;173;193;171;166;156;174;172;179;176;185;197;179;191;185;194;212;201;233;263;288;295;342;358;391;429;479;487;486;503;469;464;438;399;406;375;365;371;323;274;253;243;224;235;217;195;191;189;201;180;165;186;172;161;159;149;148;138;152;156;174;132;127;108;120;98;107;100;79;89;70;67;55;63;52;41;42;27;19;37;19;8;14;11;10;4;7;3;4;1;1;0;2
092075;Settimo San Pietro;55;67;51;44;58;51;50;54;57;51;54;64;49;58;68;71;67;64;81;78;73;71;79;101;83;89;97;106;110;100;105;112;108;116;130;112;115;104;111;90;109;115;112;104;107;101;103;105;110;80;89;89;95;100;103;86;78;89;99;91;69;78;69;66;53;61;61;56;68;56;41;39;38;38;26;42;27;24;25;31;17;19;26;19;17;10;12;9;4;12;3;7;3;5;0;1;0;2;1;0;0
092080;Sinnai;168;159;165;139;166;162;159;158;172;146;155;140;157;168;172;197;180;161;176;174;199;190;182;214;195;242;219;250;242;237;242;258;285;340;334;309;331;320;310;286;299;294;293;281;281;274;284;231;246;247;250;221;216;211;201;218;187;191;185;209;190;193;174;170;148;120;164;152;142;142;121;127;116;96;91;87;78;86;82;72;81;67;48;46;37;51;34;25;37;27;17;10;9;12;9;8;6;4;2;2;3
092090;Uta;72;66;57;62;73;67;65;69;63;63;65;56;61;82;73;102;64;97;88;91;83;86;105;93;91;101;135;117;110;123;113;115;117;111;107;117;114;126;137;121;125;144;129;121;141;134;125;132;94;115;115;96;100;80;84;85;80;71;88;80;80;82;71;74;58;65;68;80;67;69;54;61;49;47;50;52;44;35;42;36;30;21;19;20;16;15;11;17;10;13;3;4;4;3;1;3;1;0;2;0;3
092099;Villa San Pietro;12;12;16;15;11;14;26;17;14;12;18;13;18;15;17;14;15;12;21;16;21;28;19;24;17;27;20;33;27;29;32;46;35;45;31;26;25;43;44;30;24;25;20;21;22;17;21;27;15;31;25;25;30;31;31;25;27;32;36;21;31;27;27;24;26;36;28;20;19;19;17;8;14;4;9;7;13;14;6;9;7;5;7;1;7;4;5;2;1;1;2;0;1;3;0;0;0;0;0;0;0
092105;Quartucciu;129;133;126;124;92;108;121;111;103;109;103;110;101;113;122;126;137;124;133;136;126;101;137;139;131;139;137;165;148;188;184;162;213;240;231;288;269;250;236;242;208;239;268;255;256;228;190;229;182;174;197;179;173;148;163;144;157;147;157;155;150;123;143;120;88;88;103;124;113;113;97;93;87;81;84;70;78;63;64;41;67;42;64;35;38;31;26;24;30;11;13;13;6;11;4;2;3;3;3;1;1
092108;Elmas;94;75;75;74;77;73;85;80;89;63;71;88;80;70;84;108;98;89;79;99;96;103;115;96;89;99;97;109;105;108;137;125;121;161;147;153;170;162;156;143;192;142;167;155;164;161;141;145;148;151;147;140;123;141;133;145;107;127;117;99;121;113;104;83;71;86;75;78;79;79;58;69;65;61;56;51;51;47;34;58;46;30;33;27;25;13;33;8;16;10;3;7;3;11;2;3;3;1;2;0;0
092109;Monserrato;158;166;165;145;157;162;152;134;141;152;157;156;148;188;184;148;202;233;247;217;231;247;243;254;255;275;276;298;287;244;293;345;329;333;346;359;331;351;339;342;346;302;335;370;378;369;356;306;368;357;331;349;338;314;348;300;296;319;275;321;266;251;252;260;185;212;230;172;242;231;191;195;191;166;160;149;163;129;137;105;125;96;89;69;63;68;54;52;62;26;28;15;17;18;9;7;8;4;0;2;2
;Totale;3504;3426;3532;3439;3365;3562;3382;3529;3463;3438;3334;3313;3396;3498;3681;3768;3899;3978;4283;4152;4343;4219;4345;4587;4619;4936;5205;5280;5462;5435;5839;6090;6384;6955;7290;7435;7331;7473;7120;7299;7148;7214;7314;7442;7486;7154;6831;6653;6456;6431;6210;6179;6214;5956;6124;5738;5684;5566;5674;5518;5586;5472;5186;5038;4405;4410;4780;4545;4801;4373;3931;3727;3723;3261;3300;3261;2846;2788;2821;2475;2395;2053;1996;1619;1604;1344;1223;1063;957;646;417;359;348;340;251;183;143;82;61;37;63
Territorio/Età;;0;1;2;3;4;5;6;7;8;9;10;11;12;13;14;15;16;17;18;19;20;21;22;23;24;25;26;27;28;29;30;31;32;33;34;35;36;37;38;39;40;41;42;43;44;45;46;47;48;49;50;51;52;53;54;55;56;57;58;59;60;61;62;63;64;65;66;67;68;69;70;71;72;73;74;75;76;77;78;79;80;81;82;83;84;85;86;87;88;89;90;91;92;93;94;95;96;97;98;99;100
Codice comune;Comune;Maschi
092003;Assemini;138;137;138;159;130;131;159;127;130;123;103;116;122;144;135;101;125;130;151;138;150;144;152;163;164;151;171;170;209;215;236;203;222;243;252;242;257;262;235;250;280;248;254;261;253;263;224;198;219;203;183;178;193;162;169;147;159;186;160;145;129;136;139;105;134;97;123;115;115;116;84;85;92;62;60;68;50;55;62;47;37;39;33;21;11;13;19;13;8;10;8;4;1;2;2;0;0;3;1;0;2
092009;Cagliari;504;432;518;520;460;515;457;525;472;553;509;539;551;540;584;580;568;632;691;647;705;684;720;747;782;838;824;850;904;861;967;1036;1009;1150;1127;1158;1146;1131;1065;1154;1106;1108;1174;1190;1176;1115;1053;1078;1084;1026;1004;1048;1041;1005;993;924;987;965;997;932;1044;1023;948;928;825;816;920;880;930;890;786;781;741;705;689;666;595;556;562;465;452;381;394;316;296;265;249;188;163;114;66;51;57;50;49;31;20;9;13;10;9
092011;Capoterra;124;98;128;127;100;141;115;125;123;130;128;128;100;121;122;118;137;122;138;137;146;136;108;123;124;144;165;150;164;171;182;187;189;168;222;224;188;239;204;235;183;249;227;226;224;227;212;169;178;197;166;168;156;176;154;140;140;138;146;129;135;130;151;131;113;96;122;106;106;96;84;72;77;61;54;60;50;59;51;43;44;42;20;25;26;12;10;17;12;7;1;6;3;3;2;5;3;1;1;0;1
092015;Decimomannu;26;36;28;47;43;45;43;35;46;38;41;33;40;47;38;46;30;42;50;42;35;40;44;38;47;44;51;45;72;48;64;46;69;76;83;82;93;71;76;64;67;75;83;70;69;68;44;59;63;58;67;40;49;46;42;43;55;39;37;48;42;44;48;42;33;36;33;37;37;30;28;35;29;22;24;21;15;16;16;7;16;7;18;7;9;6;8;6;3;4;0;1;2;2;0;2;0;0;0;0;0
092037;Maracalagonis;33;45;40;47;49;43;31;41;43;32;36;35;34;45;36;30;38;38;36;32;53;53;34;51;34;59;49;55;49;58;65;64;64;73;80;75;76;54;87;66;75;89;61;64;66;67;50;64;49;48;40;38;46;42;55;44;41;47;30;44;46;46;46;38;44;33;46;29;47;30;28;26;28;29;19;25;15;24;16;18;11;12;11;11;6;7;4;7;5;3;1;2;0;1;0;0;2;0;0;0;0
092050;Pula;34;34;32;31;30;21;21;29;37;31;25;29;27;32;34;22;33;32;26;24;44;38;22;42;49;42;36;45;47;46;76;54;53;68;63;72;62;59;58;80;54;68;65;59;53;54;73;46;49;58;48;51;47;45;53;53;45;44;56;54;56;49;56;54;49;34;53;43;42;42;33;40;30;20;24;22;23;16;21;16;13;14;17;5;7;4;6;7;2;1;1;2;2;0;2;0;0;2;0;1;0
092051;Quartu Sant'Elena;325;316;337;310;304;314;323;332;351;295;343;281;335;304;331;379;374;397;409;416;432;386;359;383;434;441;471;426;461;469;456;479;517;534;619;622;614;615;586;643;569;575;609;623;649;592;606;556;540;536;551;498;495;511;519;482;458;387;443;454;451;459;437;419;338;320;327;336;346;311;272;228;273;203;199;191;163;134;150;133;110;78;78;68;63;51;41;38;28;18;9;17;7;11;7;2;4;2;1;1;3
092066;Sarroch;16;22;24;15;20;30;25;19;21;22;14;17;22;28;21;17;27;27;24;29;30;28;28;33;46;39;36;48;50;42;45;43;48;53;47;63;43;53;41;46;37;26;41;48;50;46;38;62;29;36;31;37;39;52;39;43;39;34;34;35;28;35;39;34;40;27;27;39;39;29;22;25;24;16;27;22;14;17;22;14;14;13;9;7;1;0;6;5;6;0;1;1;1;0;1;0;0;1;0;0;0
092068;Selargius;121;120;127;115;118;139;131;139;154;130;138;136;127;151;166;142;161;147;159;180;172;148;168;172;184;202;170;198;186;202;212;207;210;238;286;287;237;246;239;237;242;256;242;228;278;227;216;237;213;210;208;206;233;209;247;195;205;184;202;195;184;157;180;159;126;147;150;117;137;111;116;87;81;62;65;79;67;75;66;55;32;36;35;28;29;19;17;11;17;10;4;5;3;2;3;1;0;0;0;0;0
092074;Sestu;126;145;148;128;104;122;103;111;95;93;101;89;87;82;94;88;89;91;108;90;84;96;83;101;102;113;114;130;137;139;173;191;186;193;236;267;260;228;232;251;219;214;187;187;190;201;174;141;125;123;122;120;123;98;87;87;89;97;89;100;85;76;83;70;74;70;71;85;88;70;67;60;65;34;43;59;28;35;36;29;21;27;16;17;21;9;9;13;8;4;5;3;2;1;3;2;2;1;0;0;0
092075;Settimo San Pietro;33;36;26;21;31;29;26;25;29;25;29;36;25;32;40;29;36;34;39;37;31;33;38;52;49;49;53;53;52;54;48;55;56;55;62;58;70;63;57;40;63;56;56;46;55;55;46;39;51;45;45;42;42;52;47;43;33;39;61;50;29;40;33;28;27;38;32;29;29;25;14;24;20;20;7;25;11;12;13;12;10;7;15;7;6;2;2;3;0;3;1;1;0;2;0;0;0;0;0;0;0
092080;Sinnai;79;77;94;77;93;86;77;83;86;68;82;72;85;94;88;101;98;86;90;88;103;88;89;109;102;128;108;122;123;128;125;122;151;171;158;154;167;145;165;126;144;165;161;146;140;132;146;112;135;124;126;107;101;106;109;106;100;87;97;109;80;87;90;90;67;53;77;74;70;65;67;55;61;45;48;38;32;35;38;35;35;26;26;21;12;21;11;13;13;9;3;2;2;2;4;2;3;1;0;0;0
092090;Uta;38;37;30;29;41;37;31;32;30;32;33;27;27;48;43;56;26;42;42;37;42;44;55;50;52;61;59;67;54;61;51;60;62;71;60;45;44;67;68;61;65;78;73;64;75;70;66;62;53;59;64;53;49;54;43;44;46;32;47;40;35;38;32;36;36;29;40;42;30;36;30;32;26;26;21;24;20;20;18;12;17;6;8;6;5;6;0;4;4;3;2;2;2;1;0;1;0;0;1;0;0
092099;Villa San Pietro;6;7;7;5;6;6;16;9;10;6;10;7;8;8;8;6;7;4;11;9;10;13;8;12;9;12;5;21;15;14;13;21;17;24;18;12;13;22;20;16;11;14;11;9;11;6;11;13;7;16;11;12;10;16;15;8;16;17;22;13;16;13;12;14;14;20;17;12;11;13;9;5;7;2;4;2;4;9;2;6;4;2;5;0;1;2;2;0;0;0;0;0;0;3;0;0;0;0;0;0;0
092105;Quartucciu;69;69;53;69;45;55;65;62;54;62;61;52;59;58;56;66;72;68;67;72;71;49;68;75;61;72;68;76;83;92;87;81;92;134;113;143;136;134;118;116;108;118;125;130;126;116;83;111;109;73;94;93;89;70;71;74;71;78;78;71;74;64;79;54;37;38;46;59;57;53;41;47;41;39;34;27;33;26;23;16;30;19;23;14;15;14;7;8;7;2;4;7;1;4;2;0;1;0;1;1;0
092108;Elmas;47;36;41;42;36;41;39;36;49;32;38;47;47;42;42;59;43;46;43;43;49;45;53;52;50;52;43;47;55;61;66;60;64;79;75;78;98;79;71;71;89;72;72;75;78;79;71;72;79;70;74;70;62;66;61;78;46;65;67;52;61;56;55;32;39;41;37;41;46;41;28;36;33;29;28;22;20;16;16;29;17;11;11;12;12;4;16;1;3;4;1;1;1;5;1;1;1;0;1;0;0
092109;Monserrato;66;79;63;92;95;86;73;76;65;71;83;83;80;89;102;69;104;134;133;106;111;140;113;136;142;143;146;155;142;116;154;173;159;163;190;182;146;176;170;155;156;145;161;166;180;173;178;130;165;176;158;165;157;162;162;149;160;147;119;146;124;116;119;132;93;114;112;79;91;111;89;82;89;72;62;69;70;60;52;43;46;34;34;19;18;29;14;15;20;4;10;5;8;4;3;1;0;1;0;0;0
;Totale;1785;1726;1834;1834;1705;1841;1735;1806;1795;1743;1774;1727;1776;1865;1940;1909;1968;2072;2217;2127;2268;2165;2142;2339;2431;2590;2569;2658;2803;2777;3020;3082;3168;3493;3691;3764;3650;3644;3492;3611;3468;3556;3602;3592;3673;3491;3291;3149;3148;3058;2992;2926;2932;2872;2866;2660;2690;2586;2685;2617;2619;2569;2547;2366;2089;2009;2233;2123;2221;2069;1798;1720;1717;1447;1408;1420;1210;1165;1164;980;909;754;753;584;538;464;421;349;299;196;117;110;92;93;79;48;36;21;19;13;15
Territorio/Età;;0;1;2;3;4;5;6;7;8;9;10;11;12;13;14;15;16;17;18;19;20;21;22;23;24;25;26;27;28;29;30;31;32;33;34;35;36;37;38;39;40;41;42;43;44;45;46;47;48;49;50;51;52;53;54;55;56;57;58;59;60;61;62;63;64;65;66;67;68;69;70;71;72;73;74;75;76;77;78;79;80;81;82;83;84;85;86;87;88;89;90;91;92;93;94;95;96;97;98;99;100
Codice comune;Comune;Femmine
092003;Assemini;122;147;122;135;134;128;129;131;119;122;132;103;110;111;107;119;122;130;143;129;127;149;140;131;155;168;175;168;184;176;182;222;226;256;227;301;258;297;214;254;265;273;248;255;268;237;234;211;222;190;203;193;197;198;171;202;185;167;159;161;164;131;117;126;107;109;133;126;118;97;101;112;78;69;80;87;58;75;62;50;61;52;37;38;42;26;32;20;19;13;10;6;8;5;4;1;2;2;1;1;3
092009;Cagliari;463;437;433;461;492;484;449;502;464;553;471;472;487;509;539;571;549;594;642;630;661;629;702;729;715;770;831;820;854;891;886;911;971;1036;1195;1131;1167;1206;1152;1194;1195;1198;1248;1278;1321;1277;1201;1244;1207;1247;1198;1215;1250;1163;1270;1183;1233;1159;1233;1187;1186;1277;1141;1171;1058;1127;1185;1182;1230;1124;1058;980;1031;949;984;1009;881;850;939;832;796;756;740;604;617;515;459;415;365;241;168;137;146;149;110;86;71;34;28;13;22
092011;Capoterra;119;114;129;108;126;121;125;97;103;99;105;116;102;103;117;107;114;118;114;97;123;134;118;129;120;141;149;133;131;141;156;176;211;186;185;215;231;221;219;211;216;229;204;222;212;218;200;203;160;188;159;180;162;160;177;165;154;145;151;121;160;155;132;147;109;119;106;106;93;102;89;70;80;64;58;82;48;63;50;48;52;34;28;24;34;31;21;22;13;12;12;8;13;5;6;9;4;1;1;1;2
092015;Decimomannu;38;35;34;37;48;41;32;44;27;40;25;23;36;30;27;35;40;34;43;25;36;44;40;47;51;39;52;53;57;52;66;69;59;64;68;72;76;65;69;83;62;70;64;64;72;70;84;56;57;58;37;45;58;52;38;42;48;50;48;42;56;40;43;46;20;51;50;45;36;29;31;20;33;18;36;15;30;24;17;16;26;9;10;12;11;8;13;10;6;7;4;3;3;2;1;0;1;2;0;0;1
092037;Maracalagonis;28;38;30;36;33;44;29;38;35;30;33;27;26;30;39;31;33;31;38;41;39;46;40;40;44;58;59;63;58;57;46;62;56;70;51;77;59;71;75;57;73;65;59;62;64;59;51;48;41;37;45;45;52;37;54;50;28;39;53;44;36;44;28;39;38;30;43;28;44;37;25;30;38;31;25;21;13;14;18;17;15;13;15;15;15;15;10;7;9;4;6;1;3;2;0;1;0;0;0;1;1
092050;Pula;35;27;38;33;20;23;16;28;27;22;28;28;23;23;26;31;41;28;38;39;26;35;34;39;40;37;48;47;51;55;54;68;58;69;72;49;53;51;58;56;51;60;48;67;57;47;46;58;47;42;59;45;53;49;55;52;52;60;38;55;54;46;50;45;44;51;34;39;46;36;32;25;32;23;24;21;22;21;20;18;19;19;17;15;19;11;6;9;7;7;2;2;5;1;0;1;0;0;0;0;0
092051;Quartu Sant'Elena;291;302;299;298;262;314;297;317;299;297;261;287;327;289;327;337;363;357;358;375;372;353;382;402;373;401;477;434;424;410;468;470;557;576;623;623;634;651;641;641;619;642;660;702;629;655;673;661;584;581;544;580;564;553;529;518;472;512;511;452;500;460;444;403;383;347;353;317;361;320;292;270;245;220;246;219;175;194;189;196;174;128;139;110;120;96;92;80;78;57;30;35;26;31;23;12;8;7;2;4;6
092066;Sarroch;25;21;25;15;15;22;13;22;20;13;22;18;14;15;15;25;34;26;31;27;24;26;31;37;23;30;48;34;40;36;44;49;32;48;39;42;36;49;29;37;42;37;37;48;41;43;38;36;37;50;38;44;46;42;34;40;35;36;41;41;36;37;28;22;27;35;34;28;36;27;29;21;30;24;16;15;18;24;16;18;17;15;9;4;8;7;11;3;7;8;2;3;3;2;3;2;0;0;0;0;1
092068;Selargius;139;109;112;102;129;128;122;150;149;139;104;127;133;126;123;139;168;137;182;136;160;129;158;166;161;159;179;200;204;181;186;223;234;272;246;249;260;273;270;273;271;286;260;293;290;234;245;218;261;268;251;234;241;234;271;223;215;218;213;217;200;175;160;183;140;129;160;134;134;105;115;120;101;92;87;80;76;84;84;63;78;62;48;51;45;39;25;31;30;22;9;8;12;5;6;3;3;3;2;0;1
092074;Sestu;109;133;135;112;114;119;104;94;109;80;92;82;79;74;80;84;90;85;77;107;95;95;102;93;110;88;119;133;151;156;169;167;205;236;243;220;226;275;237;213;219;185;219;188;175;170;149;133;128;120;102;115;94;97;104;102;112;83;76;86;87;85;76;79;74;68;81;71;86;62;60;48;55;64;64;41;51;54;34;38;34;36;36;24;21;18;10;24;11;4;9;8;8;3;4;1;2;0;1;0;2
092075;Settimo San Pietro;22;31;25;23;27;22;24;29;28;26;25;28;24;26;28;42;31;30;42;41;42;38;41;49;34;40;44;53;58;46;57;57;52;61;68;54;45;41;54;50;46;59;56;58;52;46;57;66;59;35;44;47;53;48;56;43;45;50;38;41;40;38;36;38;26;23;29;27;39;31;27;15;18;18;19;17;16;12;12;19;7;12;11;12;11;8;10;6;4;9;2;6;3;3;0;1;0;2;1;0;0
092080;Sinnai;89;82;71;62;73;76;82;75;86;78;73;68;72;74;84;96;82;75;86;86;96;102;93;105;93;114;111;128;119;109;117;136;134;169;176;155;164;175;145;160;155;129;132;135;141;142;138;119;111;123;124;114;115;105;92;112;87;104;88;100;110;106;84;80;81;67;87;78;72;77;54;72;55;51;43;49;46;51;44;37;46;41;22;25;25;30;23;12;24;18;14;8;7;10;5;6;3;3;2;2;3
092090;Uta;34;29;27;33;32;30;34;37;33;31;32;29;34;34;30;46;38;55;46;54;41;42;50;43;39;40;76;50;56;62;62;55;55;40;47;72;70;59;69;60;60;66;56;57;66;64;59;70;41;56;51;43;51;26;41;41;34;39;41;40;45;44;39;38;22;36;28;38;37;33;24;29;23;21;29;28;24;15;24;24;13;15;11;14;11;9;11;13;6;10;1;2;2;2;1;2;1;0;1;0;3
092099;Villa San Pietro;6;5;9;10;5;8;10;8;4;6;8;6;10;7;9;8;8;8;10;7;11;15;11;12;8;15;15;12;12;15;19;25;18;21;13;14;12;21;24;14;13;11;9;12;11;11;10;14;8;15;14;13;20;15;16;17;11;15;14;8;15;14;15;10;12;16;11;8;8;6;8;3;7;2;5;5;9;5;4;3;3;3;2;1;6;2;3;2;1;1;2;0;1;0;0;0;0;0;0;0;0
092105;Quartucciu;60;64;73;55;47;53;56;49;49;47;42;58;42;55;66;60;65;56;66;64;55;52;69;64;70;67;69;89;65;96;97;81;121;106;118;145;133;116;118;126;100;121;143;125;130;112;107;118;73;101;103;86;84;78;92;70;86;69;79;84;76;59;64;66;51;50;57;65;56;60;56;46;46;42;50;43;45;37;41;25;37;23;41;21;23;17;19;16;23;9;9;6;5;7;2;2;2;3;2;0;1
092108;Elmas;47;39;34;32;41;32;46;44;40;31;33;41;33;28;42;49;55;43;36;56;47;58;62;44;39;47;54;62;50;47;71;65;57;82;72;75;72;83;85;72;103;70;95;80;86;82;70;73;69;81;73;70;61;75;72;67;61;62;50;47;60;57;49;51;32;45;38;37;33;38;30;33;32;32;28;29;31;31;18;29;29;19;22;15;13;9;17;7;13;6;2;6;2;6;1;2;2;1;1;0;0
092109;Monserrato;92;87;102;53;62;76;79;58;76;81;74;73;68;99;82;79;98;99;114;111;120;107;130;118;113;132;130;143;145;128;139;172;170;170;156;177;185;175;169;187;190;157;174;204;198;196;178;176;203;181;173;184;181;152;186;151;136;172;156;175;142;135;133;128;92;98;118;93;151;120;102;113;102;94;98;80;93;69;85;62;79;62;55;50;45;39;40;37;42;22;18;10;9;14;6;6;8;3;0;2;2
;Totale;1719;1700;1698;1605;1660;1721;1647;1723;1668;1695;1560;1586;1620;1633;1741;1859;1931;1906;2066;2025;2075;2054;2203;2248;2188;2346;2636;2622;2659;2658;2819;3008;3216;3462;3599;3671;3681;3829;3628;3688;3680;3658;3712;3850;3813;3663;3540;3504;3308;3373;3218;3253;3282;3084;3258;3078;2994;2980;2989;2901;2967;2903;2639;2672;2316;2401;2547;2422;2580;2304;2133;2007;2006;1814;1892;1841;1636;1623;1657;1495;1486;1299;1243;1035;1066;880;802;714;658;450;300;249;256;247;172;135;107;61;42;24;48

"Ricostruzione della popolazione intercensuaria - Popolazione al 1° gennaio per età"
"Cittadinanza italiana - Anno: 2010 - Provincia: Cagliari"
Territorio/Età;;0;1;2;3;4;5;6;7;8;9;10;11;12;13;14;15;16;17;18;19;20;21;22;23;24;25;26;27;28;29;30;31;32;33;34;35;36;37;38;39;40;41;42;43;44;45;46;47;48;49;50;51;52;53;54;55;56;57;58;59;60;61;62;63;64;65;66;67;68;69;70;71;72;73;74;75;76;77;78;79;80;81;82;83;84;85;86;87;88;89;90;91;92;93;94;95;96;97;98;99;100
Codice comune;Comune;Totale
092003;Assemini;288;261;281;266;294;263;250;283;251;241;246;226;217;231;245;242;218;246;256;290;267;283;302;287;290;324;330;334;339;394;409;437;440;447;499;479;542;509;555;445;498;537;512;492;522;515;500;453;400;443;393;387;371;390;362;342;346;351;349;314;303;291;269;255;227;239;206;254;235;229;210;182;196;169;127;139;149;108;123;120;90;96;84;67;54;51;40;39;29;20;21;16;6;5;6;5;1;2;2;1;3
092009;Cagliari;940;971;871;944;982;952;1025;914;1030;957;1104;989;1024;1042;1057;1130;1159;1129;1235;1359;1291;1389;1320;1416;1475;1510;1563;1624;1628;1752;1702;1795;1892;1946;2124;2267;2235;2273;2329;2199;2347;2303;2324;2402;2464;2495;2371;2273;2305;2281;2287;2206;2274;2291;2156;2258;2101;2212;2112;2227;2118;2203;2277;2073;2076;1867;1912;2076;2035;2125;1992;1819;1735;1740;1614;1630;1628;1448;1372;1442;1239;1203;1091;1061;859;851;715;641;533;478;300;199;160;164;165;128;83;77;29;27;36
092011;Capoterra;215;238;215;253;242;228;256;240;226;224;229;235;237;204;222;237;220;243;238;247;231;267;272;225;254;248;281;305;285;289;318;327;366;404;369;416;453;428;458;414;442;395;468;435;454;435;448;406;374;330;383;324;344;315;337;331;306;291;287;295;251;296;288;284;282;225;210;224;210;200;196;175;138;151;124;110;137;94;113;91;88;91;70;46;47;56;38;27;33;22;16;12;13;11;6;6;11;3;2;2;3
092015;Decimomannu;76;62;72;62;81;85;86;74;82;73;78;70;58;77;80;67;82;71;76;97;68;77;80;87;81;97;81;102;98;127;100;135;120;119;141;155;164;171;132;147;153;134;147;151;136;143;138;128;116;121;113;105;85;106;98;81;86;101;87;87;87;99;84;94;86;53;88;88;82;72;57;60;56;60;39;57;36;43;37;29;24;37;15;27;17;20;15;19;14;7;10;4;4;3;3;0;1;1;2;0;1
092037;Maracalagonis;57;61;82;71;84;84;92;58;78;80;62;68;66;61;74;77;63;71;71;73;75;96;104;80;89;78;119;111;129;112;114;117;131;118;144;137;146;141;127;167;126;142;153;119;123;135;122;100;118;90;91;88;89;100;78;108;91;69;87;85;87;77;93;71;74;80;63;89;57;89;65;55;55;67;58;43;46;29;38;34;33;24;25;23;24;18;23;12;9;7;5;4;4;3;4;0;1;2;0;0;2
092050;Pula;60;69;64;69;66;44;48;37;59;65;49;53;59;49;54;58;55;73;60;61;62;72;72;57;85;89;83;88;90;103;105;133;124;114;135;130;118;107;107;117;135;105;130;114;135;113;98;120;103;99;98;101;99;103;93;106;105;97;106;91;109;111;97;103;99;94;84;84;82;91;78;67;64;61;42;48;45;41;35;39;33;33;33;31;19;24;12;10;14;7;9;3;5;6;2;1;1;0;1;0;0
092051;Quartu Sant'Elena;597;607;615;622;600;566;618;628;649;654;590;602;574;657;589;648;723;741;751;758;783;795;723;742;772;799;827;938;873;869;874;900;946;1072;1109;1234;1243;1226;1237;1225;1271;1192;1222;1268;1322;1260;1234;1268;1205;1117;1103;1093;1072;1041;1047;1050;1003;921;892;941;905;952;919;883;814;717;663;677;655;702;629;560;489;505;419;434;400;326;321;338;319;277;195;206;163;168;127;121;109;95;65;34;34;27;37;29;10;10;6;2;10
092066;Sarroch;48;42;40;49;33;35;46;38;41;40;35;37;34;35;44;38;42;63;56;50;54;52;57;62;71;61;66;85;77;88;77;87;87;77;97;85;98;76;107;73;87;83;60;84;94;89;84;75;96;65;85;69;78;84;93;72;83;74;69;72;74;66;74;62;55;65;63;62;64;76;56;51;47;53;39;40;37;31;41;33;31;30;29;17;8;8;7;15;7;13;8;3;5;2;2;4;2;0;1;0;1
092068;Selargius;259;257;228;237;213;233;264;247;289;295;270;246;260;259;276;289;280;330;277;338;317;325;280;315;338;345;355;348;380;394;384;402;424;419;516;522;525;492;513;495;496;506;551;502;524;572;465;460;460;474;472;455;433;474;437;505;417;420;399;410;406;382;332;341;336;258;277;304;248;269;214;224;208;178;151;154;154;138;155;141;113;103;99;83;73;68;53;40;36;41;31;10;12;13;7;8;3;3;1;2;1
092074;Sestu;274;230;262;284;232;219;230;203;204;202;177;185;172;163;158;169;170;174;170;186;198;181;193;193;195;213;209;243;266;288;306;360;371;402;439;487;501;493;496;459;457;425;395;403;377;357;371;321;279;256;246;221;237;217;201;194;189;201;178;167;187;176;160;158;151;150;139;152;156;175;130;125;104;120;97;107;94;78;82;65;65;55;59;47;37;38;26;15;30;18;5;12;6;9;4;7;2;2;1;0;1
092075;Settimo San Pietro;61;52;71;55;48;59;50;51;53;55;52;54;63;52;58;69;71;68;66;80;76;76;71;75;107;81;96;102;107;115;111;108;113;121;119;129;116;121;100;110;93;106;117;112;110;108;98;104;104;109;80;90;90;94;97;101;83;79;88;96;92;71;77;69;65;51;61;63;52;66;60;40;39;38;37;26;41;27;23;24;28;17;19;23;17;16;8;10;7;5;10;3;5;2;4;0;2;0;2;1;0
092080;Sinnai;153;160;164;165;138;160;159;157;160;171;144;151;138;156;168;172;195;185;160;175;177;195;190;182;212;200;238;217;246;241;248;250;271;289;339;332;320;329;318;315;283;304;289;288;280;281;273;291;228;246;245;244;221;220;213;195;218;185;194;188;205;193;190;174;170;151;121;161;149;140;140;119;126;115;96;89;86;76;82;78;72;79;65;49;46;32;43;31;19;33;24;13;9;9;10;5;6;3;2;1;4
092090;Uta;81;75;67;59;64;76;67;63;70;65;62;69;56;58;82;72;104;64;98;92;92;82;82;108;96;92;105;137;120;122;131;119;129;128;114;109;116;120;126;142;126;123;139;133;121;140;134;129;134;94;116;119;98;101;78;84;89;79;72;89;80;81;81;71;75;58;65;65;77;68;67;53;58;48;48;48;51;41;37;38;30;29;22;17;20;15;13;8;13;8;7;3;2;3;2;2;3;1;0;2;2
092099;Villa San Pietro;29;13;12;18;14;15;12;23;17;14;13;19;13;19;16;15;14;17;14;22;15;21;24;19;24;18;29;21;31;29;29;36;46;30;43;34;28;32;41;41;32;27;29;19;21;23;17;22;30;16;32;26;24;28;32;32;25;28;31;35;21;32;26;28;23;26;35;26;21;19;19;17;7;14;4;10;5;12;14;6;8;7;5;7;1;7;4;4;2;0;1;2;0;0;2;0;0;0;0;0;0
092105;Quartucciu;166;121;131;131;127;99;106;118;113;102;116;102;109;104;116;125;127;135;126;136;141;125;109;134;149;131;130;141;159;153;195;187;165;215;241;240;285;269;253;236;242;213;247;276;257;255;224;194;223;186;181;201;182;173;147;162;144;156;147;152;151;150;124;144;121;92;87;101;120;115;109;96;92;86;79;84;69;75;64;63;40;67;39;63;30;33;30;24;18;25;10;10;9;3;8;5;2;3;2;3;1
092108;Elmas;78;89;77;79;73;76;73;87;81;92;62;70;87;79;68;86;109;96;89;75;97;92;101;114;96;89;97;98;110;96;107;132;119;127;168;151;151;162;162;158;149;192;139;174;149;168;161;139;146;153;148;144;141;126;143;134;145;107;126;122;101;118;113;105;81;71;85;76;74;78;77;60;67;63;59;57;51;50;44;33;53;45;28;31;26;23;11;31;6;13;8;3;6;3;7;3;2;2;1;1;0
092109;Monserrato;164;164;153;169;148;160;164;157;136;142;148;155;155;145;189;185;148;201;229;247;222;226;249;247;245;246;269;272;294;266;235;283;334;322;323;345;352;332;347;349;347;345;299;327;364;375;370;357;302;364;351;330;351;332;308;340;299;284;310;271;319;267;245;252;257;181;209;228;171;236;226;188;191;189;165;151;144;160;123;133;101;114;90;84;60;58;66;51;46;52;24;24;11;15;16;7;3;7;3;0;2
;Totale;3546;3472;3405;3533;3439;3354;3546;3378;3539;3472;3437;3331;3322;3391;3496;3679;3780;3907;3972;4286;4166;4354;4229;4343;4579;4621;4878;5166;5232;5438;5445;5808;6078;6350;6920;7252;7393;7281;7408;7092;7284;7132;7221;7299;7453;7464;7108;6840;6623;6444;6424;6203;6189;6195;5920;6095;5730;5655;5534;5642;5496;5565;5449;5167;4992;4378;4368;4730;4488;4750;4325;3891;3672;3657;3198;3227;3173;2777;2704;2707;2367;2307;1968;1882;1501;1486;1231;1098;925;844;554;355;291;278;285;210;133;116;55;42;67
Territorio/Età;;0;1;2;3;4;5;6;7;8;9;10;11;12;13;14;15;16;17;18;19;20;21;22;23;24;25;26;27;28;29;30;31;32;33;34;35;36;37;38;39;40;41;42;43;44;45;46;47;48;49;50;51;52;53;54;55;56;57;58;59;60;61;62;63;64;65;66;67;68;69;70;71;72;73;74;75;76;77;78;79;80;81;82;83;84;85;86;87;88;89;90;91;92;93;94;95;96;97;98;99;100
Codice comune;Comune;Maschi
092003;Assemini;138;138;133;142;162;126;126;157;124;127;123;98;113;122;140;135;99;124;126;149;136;150;148;152;160;165;156;167;175;213;228;236;203;222;241;251;241;259;263;229;248;276;243;246;265;253;262;219;193;221;200;182;180;192;163;169;146;166;185;156;144;127;136;138;101;130;96;124;111;114;114;81;86;89;60;60;65;48;54;60;41;37;35;32;19;9;13;15;10;8;9;7;3;0;2;2;0;0;1;0;1
092009;Cagliari;498;511;435;509;518;461;525;461;520;493;557;518;545;553;543;586;583;572;635;706;652;719;691;721;751;788;809;805;829;908;841;935;985;962;1105;1102;1111;1117;1122;1053;1151;1094;1111;1154;1187;1186;1103;1059;1064;1077;1035;1011;1049;1049;1006;990;922;980;954;994;936;1035;1010;935;908;822;799;902;861;910;874;775;767;726;689;669;637;580;540;539;436;429;362;353;282;267;243;223;155;149;97;50;43;43;44;36;22;18;7;9;12
092011;Capoterra;110;122;100;126;131;99;136;115;127;117;131;130;126;102;120;123;117;134;121;133;137;144;135;106;122;125;143;159;147;160;176;178;189;187;176;225;233;194;244;198;234;183;241;233;231;223;226;204;173;175;195;165;165;155;179;156;140;139;140;145;125;136;131;150;133;112;94;120;106;105;95;87;72;73;59;52;58;49;56;43;42;39;38;20;22;24;11;9;12;9;7;1;5;1;3;1;5;2;1;1;1
092015;Decimomannu;35;26;36;27;46;40;46;42;37;47;37;41;35;41;48;37;47;31;42;51;44;41;39;46;37;46;42;50;42;74;47;67;53;64;76;82;89;90;68;79;67;70;76;86;71;71;68;47;59;64;57;65;40;49;46;42;44;55;39;39;45;43;45;49;42;33;36;36;36;38;29;28;33;29;21;21;21;13;13;15;9;12;6;17;6;9;7;7;5;2;2;0;1;1;2;0;1;0;0;0;0
092037;Maracalagonis;33;31;45;41;45;49;47;30;41;42;32;36;37;35;42;37;33;38;41;37;31;53;54;37;50;37;61;51;63;48;56;69;67;62;70;82;76;80;58;90;65;73;88;65;62;66;66;46;66;48;46;41;43;46;41;54;43;40;48;31;44;43;46;43;36;44;34;46;29;44;28;30;25;29;28;18;25;15;24;16;16;10;13;8;10;4;8;4;4;1;2;0;2;0;1;0;0;2;0;0;0
092050;Pula;29;36;37;32;33;26;24;21;31;38;29;25;32;28;31;32;23;33;30;26;24;47;37;22;43;48;45;38;44;51;48;77;56;54;67;64;67;59;55;61;82;56;73;65;64;55;51;75;45;51;57;45;52;48;45;50;54;45;44;53;54;56;50;54;52;50;33;50;43;43;41;35;41;29;20;24;23;19;14;19;16;14;14;15;6;7;2;3;6;2;1;1;2;1;0;1;0;0;1;0;0
092051;Quartu Sant'Elena;301;325;312;332;307;304;313;329;331;355;295;345;285;330;308;325;380;376;394;404;409;427;374;361;373;423;436;470;436;448;459;443;486;522;543;616;620;601;602;587;631;573;586;612;623;642;587;603;548;537;527;552;492;482;501;520;484;452;382;436;456;447;459;438;412;334;313;329;337;344;310;269;221;263;199;194;186;158;129;154;127;106;77;72;62;56;39;37;35;24;14;7;10;5;10;6;2;3;1;1;3
092066;Sarroch;22;15;18;24;16;20;27;25;19;20;21;15;14;22;29;21;16;28;28;23;27;29;27;29;34;43;37;36;45;48;43;43;44;47;50;45;58;43;56;45;49;39;29;43;48;50;42;38;60;30;35;31;33;39;50;38;42;38;35;34;33;30;36;36;33;39;28;27;37;38;29;22;25;23;16;25;21;12;17;18;13;13;14;8;4;0;1;5;4;5;0;1;1;0;0;1;0;0;1;0;0
092068;Selargius;144;121;123;125;115;112;138;126;142;145;132;140;133;125;151;164;140;161;141;155;178;171;148;161;174;183;192;167;189;189;208;212;207;194;243;286;285;237;243;235;227;241;260;242;230;275;230;218;241;211;207;207;202;231;205;240;195;203;181;199;189;181;154;180;155;120;148;146;114;135;107;110;87;79;62;67;76;64;73;59;53;28;36;35;23;28;15;20;10;13;9;4;5;2;2;2;1;0;0;0;0
092074;Sestu;148;124;138;154;121;106;112;98;112;96;97;96;92;86;84;90;89;88;89;108;91;88;97;86;102;105;121;121;128;132;144;182;193;189;200;235;277;259;225;227;245;210;208;185;188;186;199;175;145;126;128;118;122;122;99;88;87;88;96;90;99;85;77;83;70;77;70;72;85;89;69;66;59;66;33;43;55;28;30;34;28;20;25;15;14;20;8;8;11;7;2;4;2;2;1;3;2;1;1;0;0
092075;Settimo San Pietro;37;33;37;29;24;33;28;25;25;27;25;28;37;27;32;43;30;36;36;38;37;31;34;36;56;49;51;55;54;53;61;50;57;65;56;63;62;70;59;59;42;60;59;58;48;55;53;50;40;51;44;46;43;42;50;45;41;33;38;58;50;31;40;33;27;26;37;34;27;26;26;14;24;20;19;7;24;11;11;12;11;10;7;14;6;5;2;2;3;0;3;1;1;0;2;0;0;0;0;0;0
092080;Sinnai;88;73;81;93;76;90;83;74;84;85;69;80;72;87;94;88;99;100;85;88;92;102;88;91;110;101;126;108;117;125;133;131;129;154;170;157;155;168;142;168;131;148;160;157;145;139;131;149;113;134;126;121;107;101;106;104;105;101;90;101;104;81;84;88;90;68;53;76;73;69;65;64;57;60;43;49;37;30;34;36;35;35;24;26;20;11;18;11;10;12;8;2;2;2;2;3;2;2;1;0;0
092090;Uta;37;42;36;30;30;43;38;29;33;32;32;34;27;26;48;44;56;26;42;44;38;41;42;57;52;52;57;62;66;61;67;55;69;68;74;58;43;47;66;71;64;63;75;76;65;75;67;66;64;53;60;66;53;50;52;43;44;45;34;47;40;36;37;32;37;36;29;37;39;31;34;29;30;25;27;19;23;18;22;15;7;16;7;7;6;4;5;0;4;3;2;2;1;1;0;0;1;0;0;1;0
092099;Villa San Pietro;15;6;7;8;6;8;6;15;9;10;7;10;7;8;9;8;6;7;6;11;8;10;12;8;12;10;11;7;21;17;14;14;22;15;22;19;14;16;20;18;17;11;14;10;10;11;6;11;15;7;16;12;12;10;17;16;8;17;16;22;13;16;12;12;13;14;19;16;12;11;13;9;5;7;2;5;1;4;9;2;5;4;2;5;0;1;2;1;0;0;0;0;0;0;2;0;0;0;0;0;0
092105;Quartucciu;89;64;69;54;73;49;54;61;65;56;66;60;52;58;58;57;65;71;69;69;74;69;53;67;80;63;70;71;76;87;92;89;86;91;134;115;144;135;135;116;116;107;123;126;131;129;116;86;106;109;76;97;95;90;69;71;74;71;77;76;67;75;63;80;53;40;38;46;55;59;51;41;47;39;39;33;26;30;26;23;16;29;17;22;12;14;12;5;7;6;2;4;6;0;3;2;0;1;0;1;0
092108;Elmas;44;44;38;42;40;35;40;41;38;52;31;37;46;46;42;41;62;43;46;40;41;47;44;52;53;46;48;43;52;48;62;61;62;69;81;77;78;87;80;72;74;89;70;76;70;77;80;69;74;82;68;71;69;65;66;61;78;46;66;69;54;58;56;54;29;39;40;36;39;44;40;28;35;31;29;27;22;19;16;16;28;17;11;9;12;11;3;13;0;5;3;1;1;1;2;1;1;1;0;0;0
092109;Monserrato;82;70;71;67;92;97;93;77;75;68;66;82;85;78;88;102;70;105;131;133;106;108;142;118;130;137;141;140;147;129;112;145;163;154;163;186;180;150;169;177;158;159;142;158;164;179;171;179;126;164;173;157;167;150;159;156;150;153;142;118;144;125;113;117;130;91;112;112;77;91;109;89;80;86;71;58;67;67;58;50;39;41;32;31;17;17;29;11;13;16;5;8;4;8;3;3;1;0;1;0;0
;Totale;1850;1781;1716;1835;1835;1698;1836;1726;1813;1810;1750;1775;1738;1774;1867;1933;1915;1973;2062;2215;2125;2277;2165;2150;2339;2421;2546;2550;2631;2791;2791;2987;3071;3119;3471;3663;3733;3612;3607;3485;3601;3452;3558;3592;3602;3672;3458;3294;3132;3140;3050;2987;2924;2921;2854;2843;2657;2672;2567;2668;2597;2605;2549;2522;2321;2075;1979;2209;2081;2191;2034;1777;1694;1674;1417;1371;1367;1165;1126;1111;922;860;720;689;521;487;418;374;289;262;166;93;89;67;79;61;38;30;15;13;17
Territorio/Età;;0;1;2;3;4;5;6;7;8;9;10;11;12;13;14;15;16;17;18;19;20;21;22;23;24;25;26;27;28;29;30;31;32;33;34;35;36;37;38;39;40;41;42;43;44;45;46;47;48;49;50;51;52;53;54;55;56;57;58;59;60;61;62;63;64;65;66;67;68;69;70;71;72;73;74;75;76;77;78;79;80;81;82;83;84;85;86;87;88;89;90;91;92;93;94;95;96;97;98;99;100
Codice comune;Comune;Femmine
092003;Assemini;150;123;148;124;132;137;124;126;127;114;123;128;104;109;105;107;119;122;130;141;131;133;154;135;130;159;174;167;164;181;181;201;237;225;258;228;301;250;292;216;250;261;269;246;257;262;238;234;207;222;193;205;191;198;199;173;200;185;164;158;159;164;133;117;126;109;110;130;124;115;96;101;110;80;67;79;84;60;69;60;49;59;49;35;35;42;27;24;19;12;12;9;3;5;4;3;1;2;1;1;2
092009;Cagliari;442;460;436;435;464;491;500;453;510;464;547;471;479;489;514;544;576;557;600;653;639;670;629;695;724;722;754;819;799;844;861;860;907;984;1019;1165;1124;1156;1207;1146;1196;1209;1213;1248;1277;1309;1268;1214;1241;1204;1252;1195;1225;1242;1150;1268;1179;1232;1158;1233;1182;1168;1267;1138;1168;1045;1113;1174;1174;1215;1118;1044;968;1014;925;961;991;868;832;903;803;774;729;708;577;584;472;418;378;329;203;149;117;121;121;92;61;59;22;18;24
092011;Capoterra;105;116;115;127;111;129;120;125;99;107;98;105;111;102;102;114;103;109;117;114;94;123;137;119;132;123;138;146;138;129;142;149;177;217;193;191;220;234;214;216;208;212;227;202;223;212;222;202;201;155;188;159;179;160;158;175;166;152;147;150;126;160;157;134;149;113;116;104;104;95;101;88;66;78;65;58;79;45;57;48;46;52;32;26;25;32;27;18;21;13;9;11;8;10;3;5;6;1;1;1;2
092015;Decimomannu;41;36;36;35;35;45;40;32;45;26;41;29;23;36;32;30;35;40;34;46;24;36;41;41;44;51;39;52;56;53;53;68;67;55;65;73;75;81;64;68;86;64;71;65;65;72;70;81;57;57;56;40;45;57;52;39;42;46;48;48;42;56;39;45;44;20;52;52;46;34;28;32;23;31;18;36;15;30;24;14;15;25;9;10;11;11;8;12;9;5;8;4;3;2;1;0;0;1;2;0;1
092037;Maracalagonis;24;30;37;30;39;35;45;28;37;38;30;32;29;26;32;40;30;33;30;36;44;43;50;43;39;41;58;60;66;64;58;48;64;56;74;55;70;61;69;77;61;69;65;54;61;69;56;54;52;42;45;47;46;54;37;54;48;29;39;54;43;34;47;28;38;36;29;43;28;45;37;25;30;38;30;25;21;14;14;18;17;14;12;15;14;14;15;8;5;6;3;4;2;3;3;0;1;0;0;0;2
092050;Pula;31;33;27;37;33;18;24;16;28;27;20;28;27;21;23;26;32;40;30;35;38;25;35;35;42;41;38;50;46;52;57;56;68;60;68;66;51;48;52;56;53;49;57;49;71;58;47;45;58;48;41;56;47;55;48;56;51;52;62;38;55;55;47;49;47;44;51;34;39;48;37;32;23;32;22;24;22;22;21;20;17;19;19;16;13;17;10;7;8;5;8;2;3;5;2;0;1;0;0;0;0
092051;Quartu Sant'Elena;296;282;303;290;293;262;305;299;318;299;295;257;289;327;281;323;343;365;357;354;374;368;349;381;399;376;391;468;437;421;415;457;460;550;566;618;623;625;635;638;640;619;636;656;699;618;647;665;657;580;576;541;580;559;546;530;519;469;510;505;449;505;460;445;402;383;350;348;318;358;319;291;268;242;220;240;214;168;192;184;192;171;118;134;101;112;88;84;74;71;51;27;24;22;27;23;8;7;5;1;7
092066;Sarroch;26;27;22;25;17;15;19;13;22;20;14;22;20;13;15;17;26;35;28;27;27;23;30;33;37;18;29;49;32;40;34;44;43;30;47;40;40;33;51;28;38;44;31;41;46;39;42;37;36;35;50;38;45;45;43;34;41;36;34;38;41;36;38;26;22;26;35;35;27;38;27;29;22;30;23;15;16;19;24;15;18;17;15;9;4;8;6;10;3;8;8;2;4;2;2;3;2;0;0;0;1
092068;Selargius;115;136;105;112;98;121;126;121;147;150;138;106;127;134;125;125;140;169;136;183;139;154;132;154;164;162;163;181;191;205;176;190;217;225;273;236;240;255;270;260;269;265;291;260;294;297;235;242;219;263;265;248;231;243;232;265;222;217;218;211;217;201;178;161;181;138;129;158;134;134;107;114;121;99;89;87;78;74;82;82;60;75;63;48;50;40;38;20;26;28;22;6;7;11;5;6;2;3;1;2;1
092074;Sestu;126;106;124;130;111;113;118;105;92;106;80;89;80;77;74;79;81;86;81;78;107;93;96;107;93;108;88;122;138;156;162;178;178;213;239;252;224;234;271;232;212;215;187;218;189;171;172;146;134;130;118;103;115;95;102;106;102;113;82;77;88;91;83;75;81;73;69;80;71;86;61;59;45;54;64;64;39;50;52;31;37;35;34;32;23;18;18;7;19;11;3;8;4;7;3;4;0;1;0;0;1
092075;Settimo San Pietro;24;19;34;26;24;26;22;26;28;28;27;26;26;25;26;26;41;32;30;42;39;45;37;39;51;32;45;47;53;62;50;58;56;56;63;66;54;51;41;51;51;46;58;54;62;53;45;54;64;58;36;44;47;52;47;56;42;46;50;38;42;40;37;36;38;25;24;29;25;40;34;26;15;18;18;19;17;16;12;12;17;7;12;9;11;11;6;8;4;5;7;2;4;2;2;0;2;0;2;1;0
092080;Sinnai;65;87;83;72;62;70;76;83;76;86;75;71;66;69;74;84;96;85;75;87;85;93;102;91;102;99;112;109;129;116;115;119;142;135;169;175;165;161;176;147;152;156;129;131;135;142;142;142;115;112;119;123;114;119;107;91;113;84;104;87;101;112;106;86;80;83;68;85;76;71;75;55;69;55;53;40;49;46;48;42;37;44;41;23;26;21;25;20;9;21;16;11;7;7;8;2;4;1;1;1;4
092090;Uta;44;33;31;29;34;33;29;34;37;33;30;35;29;32;34;28;48;38;56;48;54;41;40;51;44;40;48;75;54;61;64;64;60;60;40;51;73;73;60;71;62;60;64;57;56;65;67;63;70;41;56;53;45;51;26;41;45;34;38;42;40;45;44;39;38;22;36;28;38;37;33;24;28;23;21;29;28;23;15;23;23;13;15;10;14;11;8;8;9;5;5;1;1;2;2;2;2;1;0;1;2
092099;Villa San Pietro;14;7;5;10;8;7;6;8;8;4;6;9;6;11;7;7;8;10;8;11;7;11;12;11;12;8;18;14;10;12;15;22;24;15;21;15;14;16;21;23;15;16;15;9;11;12;11;11;15;9;16;14;12;18;15;16;17;11;15;13;8;16;14;16;10;12;16;10;9;8;6;8;2;7;2;5;4;8;5;4;3;3;3;2;1;6;2;3;2;0;1;2;0;0;0;0;0;0;0;0;0
092105;Quartucciu;77;57;62;77;54;50;52;57;48;46;50;42;57;46;58;68;62;64;57;67;67;56;56;67;69;68;60;70;83;66;103;98;79;124;107;125;141;134;118;120;126;106;124;150;126;126;108;108;117;77;105;104;87;83;78;91;70;85;70;76;84;75;61;64;68;52;49;55;65;56;58;55;45;47;40;51;43;45;38;40;24;38;22;41;18;19;18;19;11;19;8;6;3;3;5;3;2;2;2;2;1
092108;Elmas;34;45;39;37;33;41;33;46;43;40;31;33;41;33;26;45;47;53;43;35;56;45;57;62;43;43;49;55;58;48;45;71;57;58;87;74;73;75;82;86;75;103;69;98;79;91;81;70;72;71;80;73;72;61;77;73;67;61;60;53;47;60;57;51;52;32;45;40;35;34;37;32;32;32;30;30;29;31;28;17;25;28;17;22;14;12;8;18;6;8;5;2;5;2;5;2;1;1;1;1;0
092109;Monserrato;82;94;82;102;56;63;71;80;61;74;82;73;70;67;101;83;78;96;98;114;116;118;107;129;115;109;128;132;147;137;123;138;171;168;160;159;172;182;178;172;189;186;157;169;200;196;199;178;176;200;178;173;184;182;149;184;149;131;168;153;175;142;132;135;127;90;97;116;94;145;117;99;111;103;94;93;77;93;65;83;62;73;58;53;43;41;37;40;33;36;19;16;7;7;13;4;2;7;2;0;2
;Totale;1696;1691;1689;1698;1604;1656;1710;1652;1726;1662;1687;1556;1584;1617;1629;1746;1865;1934;1910;2071;2041;2077;2064;2193;2240;2200;2332;2616;2601;2647;2654;2821;3007;3231;3449;3589;3660;3669;3801;3607;3683;3680;3663;3707;3851;3792;3650;3546;3491;3304;3374;3216;3265;3274;3066;3252;3073;2983;2967;2974;2899;2960;2900;2645;2671;2303;2389;2521;2407;2559;2291;2114;1978;1983;1781;1856;1806;1612;1578;1596;1445;1447;1248;1193;980;999;813;724;636;582;388;262;202;211;206;149;95;86;40;29;50

"Ricostruzione della popolazione intercensuaria - Popolazione al 1° gennaio per età"
"Cittadinanza italiana - Anno: 2011 - Provincia: Cagliari"
Territorio/Età;;0;1;2;3;4;5;6;7;8;9;10;11;12;13;14;15;16;17;18;19;20;21;22;23;24;25;26;27;28;29;30;31;32;33;34;35;36;37;38;39;40;41;42;43;44;45;46;47;48;49;50;51;52;53;54;55;56;57;58;59;60;61;62;63;64;65;66;67;68;69;70;71;72;73;74;75;76;77;78;79;80;81;82;83;84;85;86;87;88;89;90;91;92;93;94;95;96;97;98;99;100
Codice comune;Comune;Totale
092003;Assemini;279;289;256;276;259;296;261;245;279;253;246;246;227;221;225;250;243;218;246;251;289;266;289;307;290;294;337;330;334;346;396;409;433;432;448;503;481;549;503;545;444;490;534;502;490;522;515;499;452;397;440;394;388;374;384;364;347;342;347;347;313;300;290;265;256;224;240;199;248;234;224;209;178;196;165;126;135;144;104;115;114;92;88;81;57;48;50;41;34;25;18;18;13;3;5;5;2;1;2;1;5
092009;Cagliari;910;923;952;866;943;977;949;1031;921;1030;962;1098;993;1016;1044;1054;1139;1153;1137;1249;1382;1293;1406;1327;1424;1461;1485;1534;1584;1559;1707;1621;1764;1845;1900;2065;2245;2210;2256;2293;2165;2299;2276;2322;2382;2459;2494;2371;2268;2308;2260;2286;2200;2267;2273;2154;2244;2082;2200;2097;2198;2102;2168;2257;2055;2045;1853;1892;2055;1998;2093;1974;1803;1706;1698;1581;1599;1596;1396;1322;1395;1199;1141;1031;1002;815;786;642;585;484;416;269;172;135;132;149;100;67;64;21;34
092011;Capoterra;214;212;249;221;256;243;229;256;232;225;227;225;236;240;207;214;233;222;245;233;246;238;260;275;226;262;246;279;306;276;284;321;329;365;397;379;424;457;428;457;415;438;401;471;439;448;440;447;412;363;333;390;319;345;309;337;331;307;294;290;296;253;298;283;282;280;221;212;221;207;204;191;174;136;155;121;109;132;91;109;91;87;86;66;48;45;51;34;23;29;17;17;9;11;7;4;7;9;3;1;2
092015;Decimomannu;66;75;63;72;63;80;82;86;71;79;74;77;68;56;77;81;66;81;73;80;92;71;73;82;87;79;103;77;101;104;132;103;138;128;118;145;159;168;176;138;149;158;134;145;148;139;139;139;128;118;116;112;104;82;106;97;83;86;97;89;88;89;99;83;95;87;53;89;88;79;69;54;58;54;57;33;54;36;40;35;31;25;38;15;27;16;18;13;15;12;7;6;4;3;3;3;1;0;0;2;0
092037;Maracalagonis;69;60;64;86;73;86;85;93;58;76;80;62;71;64;60;74;80;63;73;74;72;76;97;103;80;94;78;130;116;137;115;125;127;138;118;145;140;148;144;128;174;128;145;153;120;121;138;118;102;119;88;93;89;89;100;83;106;85;69;87;86;88;78;95;72;74;78;66;88;55;89;63;56;55;67;56;43;44;30;38;35;33;24;22;19;21;19;21;10;8;7;5;4;1;1;5;0;1;0;0;1
092050;Pula;53;67;68;64;68;63;43;50;39;61;65;50;53;60;50;53;60;57;73;58;58;61;76;71;57;80;87;80;86;94;103;108;137;121;120;130;134;121;100;102;121;134;106;130;110;135;111;99;120;105;100;98;102;96;101;95;105;106;95;107;89;109;110;101;104;99;97;85;83;84;90;77;66;64;59;40;46;45;41;35;37;32;31;32;27;19;23;13;10;11;7;7;3;4;6;3;1;2;0;2;0
092051;Quartu Sant'Elena;634;589;606;608;615;596;556;610;620;641;646;591;605;585;655;591;646;722;740;750;758;784;790;723;732;775;795;821;931;876;877;866;891;961;1085;1128;1227;1227;1222;1241;1220;1266;1188;1236;1265;1313;1266;1227;1255;1200;1111;1102;1094;1068;1038;1035;1052;994;917;880;934;898;954;915;885;811;702;657;669;652;694;625;555;480;496;405;428;386;310;309;326;303;264;184;194;157;153;115;106;102;93;58;29;28;22;30;25;5;8;3;9
092066;Sarroch;32;45;40;39;49;31;35;48;36;42;39;31;36;33;36;43;38;41;63;55;52;55;52;57;65;69;60;61;81;71;88;75;82;89;79;96;87;92;76;104;78;84;83;59;84;94;85;83;75;95;64;82;72;79;81;95;73;80;68;67;74;74;64;71;60;57;63;58;60;61;73;55;50;45;49;38;40;37;29;38;31;32;29;26;16;8;9;7;14;5;11;8;3;6;2;2;3;1;0;1;1
092068;Selargius;230;248;260;232;237;209;235;268;255;295;292;277;246;258;255;279;292;283;327;274;338;314;327;286;315;337;343;356;356;371;382;384;396;419;416;509;510;516;494;502;485;493;500;542;501;532;568;463;454;454;473;470;449;431;473;438;502;422;417;400;411;403;381;328;341;335;259;279;305;251;266;210;217;211;176;151;147;149;138;151;135;113;97;89;74;60;61;51;37;30;40;25;7;9;10;7;5;3;1;1;2
092074;Sestu;266;266;229;250;269;221;210;231;207;203;202;177;183;173;160;158;167;165;174;166;182;198;184;202;204;203;228;220;255;289;296;313;375;369;416;444;494;492;488;495;458;459;415;390;399;376;351;373;318;276;255;238;222;233;221;204;191;192;199;178;168;189;173;160;159;146;151;140;153;155;175;133;121;102;115;95;106;92;77;77;65;63;52;58;45;35;33;25;14;29;19;5;10;6;10;4;7;1;2;1;1
092075;Settimo San Pietro;68;63;55;67;55;49;62;48;52;53;53;53;55;65;53;55;69;70;64;66;75;76;77;69;75;108;84;97;99;108;116;111;115;123;131;123;135;120;132;100;114;97;108;118;110;106;109;96;101;100;109;80;91;93;96;91;101;82;78;88;96;91;73;77;67;64;48;60;62;50;64;58;37;38;37;37;24;39;28;23;24;28;17;19;24;17;16;7;10;8;4;8;2;4;2;3;0;2;0;1;1
092080;Sinnai;154;154;168;164;166;147;162;157;158;161;171;144;148;136;158;164;167;195;187;162;176;179;199;188;178;210;204;229;220;249;246;258;255;268;290;340;336;320;325;313;318;291;304;295;286;279;277;267;295;223;245;243;243;220;218;219;194;218;184;193;188;206;195;193;178;169;152;120;160;148;139;139;117;124;114;95;86;84;73;76;73;67;71;58;48;44;28;41;28;18;30;21;9;7;7;8;3;1;2;2;3
092090;Uta;94;88;75;72;60;63;79;68;64;71;69;61;75;59;64;84;71;107;61;103;91;90;80;85;109;99;97;110;139;123;133;140;134;150;132;122;114;125;135;128;146;127;127;142;133;124;148;141;131;132;97;120;118;99;101;78;86;89;82;71;92;81;82;86;71;75;58;65;65;75;66;63;57;59;49;48;47;49;42;37;36;30;28;21;16;17;16;12;7;10;8;6;3;1;2;1;1;2;0;0;4
092099;Villa San Pietro;17;28;15;13;18;18;15;12;26;17;14;15;21;13;21;16;14;14;17;14;24;17;22;27;16;27;20;31;25;34;30;27;36;49;37;40;38;35;37;45;41;35;30;33;22;21;25;23;23;29;16;33;24;25;30;32;32;25;28;31;37;22;34;25;28;23;26;35;27;19;19;21;16;6;14;4;11;5;12;13;6;6;7;4;7;1;7;5;2;2;0;1;1;0;0;2;0;0;0;0;0
092105;Quartucciu;114;168;122;132;129;125;101;107;121;116;108;114;103;115;107;114;124;128;134;126;135;146;127;105;143;146;138;131;139;159;157;195;192;176;223;251;241;299;269;259;245;249;212;255;283;256;256;226;197;224;186;178;198;180;178;148;165;146;150;146;150;152;147;121;144;119;97;84;99;115;111;110;94;92;85;74;84;71;69;66;60;39;61;37;62;27;30;25;23;19;21;9;8;6;3;6;4;3;2;2;3
092108;Elmas;86;77;92;78;81;72;74;79;86;82;90;61;70;87;83;65;89;107;94;90;78;95;94;101;111;93;88;93;100;110;103;108;125;118;130;161;159;153;163;167;159;150;191;140;181;153;163;161;141;145;154;149;145;137;122;143;136;143;105;127;119;102;119;113;105;80;70;88;78;75;75;76;59;66;63;56;55;50;50;43;33;52;43;26;30;22;22;12;28;8;12;8;3;4;3;5;2;3;1;1;1
092109;Monserrato;165;155;155;147;168;149;160;156;154;141;145;148;151;157;142;194;181;152;198;227;241;226;222;241;240;228;239;256;266;277;244;226;279;308;322;316;337;335;319;345;328;341;349;298;327;364;379;366;348;297;363;346;329;350;318;303;330;284;281;304;269;317;264;241;249;256;183;202;226;170;228;223;183;187;185;162;148;141;156;121;128;92;102;83;69;59;57;59;44;38;42;23;18;9;10;13;7;0;5;1;1
;Totale;3451;3507;3469;3387;3509;3425;3338;3545;3379;3546;3483;3430;3341;3338;3397;3489;3679;3778;3906;3978;4289;4185;4375;4249;4352;4565;4632;4835;5138;5183;5409;5390;5808;6059;6362;6897;7261;7367;7267;7362;7060;7239;7103;7231;7280;7442;7464;7099;6820;6585;6410;6414;6187;6168;6149;5916;6078;5683;5611;5502;5608;5476;5529;5414;5151;4944;4351;4331;4687;4428;4679;4281;3841;3621;3584;3122;3162;3100;2686;2608;2620;2293;2179;1852;1765;1411;1379;1123;990;838;752;494;298;237;225;250;168;101;90;40;68
Territorio/Età;;0;1;2;3;4;5;6;7;8;9;10;11;12;13;14;15;16;17;18;19;20;21;22;23;24;25;26;27;28;29;30;31;32;33;34;35;36;37;38;39;40;41;42;43;44;45;46;47;48;49;50;51;52;53;54;55;56;57;58;59;60;61;62;63;64;65;66;67;68;69;70;71;72;73;74;75;76;77;78;79;80;81;82;83;84;85;86;87;88;89;90;91;92;93;94;95;96;97;98;99;100
Codice comune;Comune;Maschi
092003;Assemini;149;136;134;131;135;163;125;125;154;126;131;123;99;117;119;145;134;102;124;124;147;135;155;151;154;159;168;150;166;174;220;221;229;204;219;243;258;249;248;255;228;242;275;236;244;261;251;259;219;192;219;200;179;180;188;168;175;144;163;183;156;142;129;131;138;101;131;93;120;111;111;115;79;83;83;60;54;64;46;49;57;40;32;33;27;15;12;13;14;8;8;6;5;1;1;2;1;0;1;1;2
092009;Cagliari;486;486;506;439;510;519;460;530;463;515;496;557;521;542;554;543;592;585;577;642;722;665;727;690;724;746;780;785;783;789;889;805;912;963;947;1067;1069;1106;1100;1107;1029;1127;1072;1114;1140;1175;1187;1105;1054;1071;1070;1045;1010;1041;1042;1000;980;911;979;949;983;929;1015;999;920;887;820;796;890;834;895;859;765;745;702;665;654;614;554;516;519;412;399;335;330;260;243;207;201;131;128;90;41;35;34;41;29;19;15;6;13
092011;Capoterra;111;108;127;105;126;132;99;135;110;128;120;128;131;127;103;115;120;117;134;117;133;137;142;136;105;125;124;142;159;144;159;177;180;184;182;180;228;233;200;241;199;233;182;239;233;228;226;224;209;167;175;198;161;165;152;179;158;139;139;142;146;126;139;127;151;129;107;93;119;105;107;92;83;70;74;56;53;57;49;54;43;42;36;36;20;20;22;10;7;12;8;8;1;3;0;2;1;5;1;1;0
092015;Decimomannu;39;35;27;37;31;46;40;46;43;35;48;36;40;35;40;46;35;46;33;46;47;45;37;42;46;33;47;40;48;44;75;49;70;59;61;77;84;95;92;71;83;72;67;74;86;72;69;72;48;60;58;58;65;39;49;45;44;44;53;41;39;45;44;44;50;42;33;34;36;36;35;28;28;31;28;16;21;19;12;13;16;9;12;6;17;5;8;6;6;4;2;0;0;1;1;2;0;0;0;0;0
092037;Maracalagonis;38;36;31;47;43;48;50;45;30;40;42;31;37;37;34;41;36;33;39;41;37;31;53;53;36;55;35;68;55;65;50;61;74;72;63;68;84;80;84;57;95;66;74;86;64;63;67;65;47;66;49;48;41;43;45;45;54;41;40;48;32;44;44;46;44;36;43;33;46;27;44;27;30;25;29;27;18;23;16;24;17;16;10;11;6;8;5;6;3;4;1;2;0;0;0;1;0;0;0;0;0
092050;Pula;33;35;35;36;31;33;25;25;22;32;37;29;25;33;30;31;34;23;34;31;24;25;49;36;21;43;47;42;35;46;51;49;76;58;57;66;69;68;54;49;65;79;58;72;64;63;55;52;75;46;51;59;45;51;47;46;49;54;46;43;52;53;55;51;55;53;50;33;49;44;42;41;34;40;27;17;22;23;19;14;18;14;13;12;12;6;7;3;3;5;2;1;1;2;1;0;1;0;0;1;0
092051;Quartu Sant'Elena;324;302;326;309;327;307;298;312;325;326;349;295;344;290;328;308;326;374;374;393;405;407;426;373;354;376;420;425;470;450;446;458;439;495;527;558;610;607;593;617;588;628;564;599;613;617;642;582;599;542;537;525;551;491;478;495;520;477;448;372;427;452;443;458;436;411;326;309;325;339;341;309;268;212;253;187;189;178;149;119;145;119;97;68;65;56;52;34;34;31;21;10;4;6;5;7;6;2;3;1;3
092066;Sarroch;19;20;13;18;26;15;20;28;23;20;21;20;15;14;21;28;21;15;29;26;24;28;31;29;30;34;41;32;33;40;48;40;43;45;46;47;46;56;44;54;48;50;40;28;43;48;47;43;37;59;29;34;33;32;37;52;39;41;34;31;35;33;29;34;35;35;38;26;26;34;34;28;20;22;22;15;25;21;11;14;17;14;13;10;7;4;1;2;5;2;4;0;1;1;0;0;1;0;0;1;0
092068;Selargius;121;138;124;125;124;109;115;145;133;146;145;136;141;135;126;154;165;141;156;142;158;178;170;153;163;179;185;198;175;185;185;207;212;203;185;232;283;280;239;234;231;231;237;250;239;229;279;229;217;235;211;202;201;197;229;205;241;196;200;179;199;187;181;148;180;155;119;151;146;118;135;102;105;91;78;61;64;74;62;70;54;50;25;30;27;19;22;14;19;8;11;5;1;2;2;1;2;1;0;0;0
092074;Sestu;129;148;123;129;147;115;100;112;100;110;97;99;96;91;86;84;86;88;90;86;107;92;86;99;85;107;113;128;121;132;136;150;188;195;190;203;241;275;254;228;230;249;209;208;187;188;180;198;173;143;127;124;117;118;123;101;84;90;88;94;92;100;83;79;84;66;77;70;73;83;90;72;64;58;61;32;42;53;28;30;35;27;18;26;14;14;17;9;7;10;7;2;3;2;2;1;3;1;1;1;0
092075;Settimo San Pietro;30;38;37;34;28;21;35;27;27;26;27;27;27;40;28;31;43;30;32;34;34;37;32;35;36;55;50;50;51;57;55;61;53;61;67;60;69;66;75;58;58;43;61;60;58;45;54;53;48;39;51;43;46;45;45;45;44;41;32;39;58;49;32;40;32;27;25;36;33;25;25;26;13;24;20;19;5;22;11;11;12;11;10;7;15;6;5;2;2;3;0;3;1;1;0;2;0;0;0;0;0
092080;Sinnai;68;89;76;79;95;81;90;83;74;85;85;69;81;69;88;93;89;100;103;85;88;95;106;86;87;106;106;119;112;120;128;137;135;129;152;177;161;159;167;140;168;134;150;163;156;147;138;126;152;108;133;125;122;109;101;110;102;105;101;89;101;105;81;85;89;92;68;52;76;71;66;65;62;55;59;41;45;35;28;32;34;33;31;20;23;20;9;17;11;10;11;7;1;1;1;1;1;0;1;1;0
092090;Uta;47;39;44;37;30;30;45;36;30;34;34;32;38;28;29;49;44;55;25;44;46;36;41;42;56;53;55;58;65;68;67;69;63;78;68;79;60;48;59;65;73;64;65;78;77;66;79;72;66;64;57;62;64;54;50;52;44;44;45;34;48;40;35;42;32;37;36;29;36;39;30;33;32;30;26;26;18;21;18;22;15;7;16;6;7;5;5;4;0;4;4;2;2;1;1;0;0;1;0;0;1
092099;Villa San Pietro;9;16;7;7;8;7;8;6;18;9;10;9;11;7;10;9;7;6;7;6;13;8;10;14;7;12;11;13;11;22;18;13;13;23;19;20;22;16;19;23;19;17;13;17;12;10;13;10;12;14;7;16;10;12;12;17;15;8;17;16;22;13;16;12;12;13;14;19;17;10;11;15;9;4;7;2;6;1;4;8;2;5;4;1;5;0;1;2;0;0;0;0;0;0;0;2;0;0;0;0;0
092105;Quartucciu;44;93;66;66;56;71;52;55;65;66;60;64;61;54;58;56;56;67;69;69;68;75;67;53;76;78;64;71;74;72;91;90;89;93;97;134;119;150;137;140;119;119;104;127;131;132;127;117;85;108;109;74;98;95;92;70;75;78;66;75;77;67;73;61;81;52;42;37;46;52;55;51;41;46;39;36;32;26;27;28;21;15;27;14;22;11;12;8;4;7;6;2;3;4;0;2;2;0;1;0;1
092108;Elmas;42;42;46;37;43;39;36;46;40;38;50;28;37;46;48;41;42;61;42;47;41;41;48;43;52;51;47;45;46;50;48;63;57;59;71;79;79;77;91;82;70;72;86;72;79;74;75;83;68;74;83;69;74;69;63;67;60;75;46;67;67;53;58;56;53;29;38;40;37;40;42;40;27;35;31;28;25;21;20;16;16;28;14;11;8;10;12;4;13;0;4;3;1;1;1;1;1;1;0;0;0
092109;Monserrato;82;73;66;71;66;91;96;86;76;79;70;67;80;86;76;90;97;71;104;134;130;110;107;137;117;121;134;135;136;145;120;108;141;151;156;163;182;175;142;166;167;151;159;141;158;168;184;169;177;124;165;170;156;167;145;155;153;142;151;138;116;144;123;109;118;130;90;107;112;78;85;108;85;80;83;69;57;63;66;57;50;32;35;26;26;18;15;22;10;11;13;4;3;2;5;2;3;0;0;0;0
;Totale;1771;1834;1788;1707;1826;1827;1694;1842;1733;1815;1822;1750;1784;1751;1778;1864;1927;1914;1972;2067;2224;2145;2287;2172;2149;2333;2427;2501;2540;2603;2786;2758;2974;3072;3107;3453;3664;3740;3598;3587;3470;3577;3416;3564;3584;3586;3673;3459;3286;3112;3131;3052;2973;2908;2898;2852;2837;2630;2648;2540;2650;2582;2580;2522;2510;2295;2057;1958;2187;2046;2148;2011;1745;1651;1622;1357;1330;1315;1120;1077;1071;874;792;652;631;477;448;363;339;250;230;145;68;63;54;67;51;30;23;13;20
Territorio/Età;;0;1;2;3;4;5;6;7;8;9;10;11;12;13;14;15;16;17;18;19;20;21;22;23;24;25;26;27;28;29;30;31;32;33;34;35;36;37;38;39;40;41;42;43;44;45;46;47;48;49;50;51;52;53;54;55;56;57;58;59;60;61;62;63;64;65;66;67;68;69;70;71;72;73;74;75;76;77;78;79;80;81;82;83;84;85;86;87;88;89;90;91;92;93;94;95;96;97;98;99;100
Codice comune;Comune;Femmine
092003;Assemini;130;153;122;145;124;133;136;120;125;127;115;123;128;104;106;105;109;116;122;127;142;131;134;156;136;135;169;180;168;172;176;188;204;228;229;260;223;300;255;290;216;248;259;266;246;261;264;240;233;205;221;194;209;194;196;196;172;198;184;164;157;158;161;134;118;123;109;106;128;123;113;94;99;113;82;66;81;80;58;66;57;52;56;48;30;33;38;28;20;17;10;12;8;2;4;3;1;1;1;0;3
092009;Cagliari;424;437;446;427;433;458;489;501;458;515;466;541;472;474;490;511;547;568;560;607;660;628;679;637;700;715;705;749;801;770;818;816;852;882;953;998;1176;1104;1156;1186;1136;1172;1204;1208;1242;1284;1307;1266;1214;1237;1190;1241;1190;1226;1231;1154;1264;1171;1221;1148;1215;1173;1153;1258;1135;1158;1033;1096;1165;1164;1198;1115;1038;961;996;916;945;982;842;806;876;787;742;696;672;555;543;435;384;353;288;179;131;100;98;108;71;48;49;15;21
092011;Capoterra;103;104;122;116;130;111;130;121;122;97;107;97;105;113;104;99;113;105;111;116;113;101;118;139;121;137;122;137;147;132;125;144;149;181;215;199;196;224;228;216;216;205;219;232;206;220;214;223;203;196;158;192;158;180;157;158;173;168;155;148;150;127;159;156;131;151;114;119;102;102;97;99;91;66;81;65;56;75;42;55;48;45;50;30;28;25;29;24;16;17;9;9;8;8;7;2;6;4;2;0;2
092015;Decimomannu;27;40;36;35;32;34;42;40;28;44;26;41;28;21;37;35;31;35;40;34;45;26;36;40;41;46;56;37;53;60;57;54;68;69;57;68;75;73;84;67;66;86;67;71;62;67;70;67;80;58;58;54;39;43;57;52;39;42;44;48;49;44;55;39;45;45;20;55;52;43;34;26;30;23;29;17;33;17;28;22;15;16;26;9;10;11;10;7;9;8;5;6;4;2;2;1;1;0;0;2;0
092037;Maracalagonis;31;24;33;39;30;38;35;48;28;36;38;31;34;27;26;33;44;30;34;33;35;45;44;50;44;39;43;62;61;72;65;64;53;66;55;77;56;68;60;71;79;62;71;67;56;58;71;53;55;53;39;45;48;46;55;38;52;44;29;39;54;44;34;49;28;38;35;33;42;28;45;36;26;30;38;29;25;21;14;14;18;17;14;11;13;13;14;15;7;4;6;3;4;1;1;4;0;1;0;0;1
092050;Pula;20;32;33;28;37;30;18;25;17;29;28;21;28;27;20;22;26;34;39;27;34;36;27;35;36;37;40;38;51;48;52;59;61;63;63;64;65;53;46;53;56;55;48;58;46;72;56;47;45;59;49;39;57;45;54;49;56;52;49;64;37;56;55;50;49;46;47;52;34;40;48;36;32;24;32;23;24;22;22;21;19;18;18;20;15;13;16;10;7;6;5;6;2;2;5;3;0;2;0;1;0
092051;Quartu Sant'Elena;310;287;280;299;288;289;258;298;295;315;297;296;261;295;327;283;320;348;366;357;353;377;364;350;378;399;375;396;461;426;431;408;452;466;558;570;617;620;629;624;632;638;624;637;652;696;624;645;656;658;574;577;543;577;560;540;532;517;469;508;507;446;511;457;449;400;376;348;344;313;353;316;287;268;243;218;239;208;161;190;181;184;167;116;129;101;101;81;72;71;72;48;25;22;17;23;19;3;5;2;6
092066;Sarroch;13;25;27;21;23;16;15;20;13;22;18;11;21;19;15;15;17;26;34;29;28;27;21;28;35;35;19;29;48;31;40;35;39;44;33;49;41;36;32;50;30;34;43;31;41;46;38;40;38;36;35;48;39;47;44;43;34;39;34;36;39;41;35;37;25;22;25;32;34;27;39;27;30;23;27;23;15;16;18;24;14;18;16;16;9;4;8;5;9;3;7;8;2;5;2;2;2;1;0;0;1
092068;Selargius;109;110;136;107;113;100;120;123;122;149;147;141;105;123;129;125;127;142;171;132;180;136;157;133;152;158;158;158;181;186;197;177;184;216;231;277;227;236;255;268;254;262;263;292;262;303;289;234;237;219;262;268;248;234;244;233;261;226;217;221;212;216;200;180;161;180;140;128;159;133;131;108;112;120;98;90;83;75;76;81;81;63;72;59;47;41;39;37;18;22;29;20;6;7;8;6;3;2;1;1;2
092074;Sestu;137;118;106;121;122;106;110;119;107;93;105;78;87;82;74;74;81;77;84;80;75;106;98;103;119;96;115;92;134;157;160;163;187;174;226;241;253;217;234;267;228;210;206;182;212;188;171;175;145;133;128;114;105;115;98;103;107;102;111;84;76;89;90;81;75;80;74;70;80;72;85;61;57;44;54;63;64;39;49;47;30;36;34;32;31;21;16;16;7;19;12;3;7;4;8;3;4;0;1;0;1
092075;Settimo San Pietro;38;25;18;33;27;28;27;21;25;27;26;26;28;25;25;24;26;40;32;32;41;39;45;34;39;53;34;47;48;51;61;50;62;62;64;63;66;54;57;42;56;54;47;58;52;61;55;43;53;61;58;37;45;48;51;46;57;41;46;49;38;42;41;37;35;37;23;24;29;25;39;32;24;14;17;18;19;17;17;12;12;17;7;12;9;11;11;5;8;5;4;5;1;3;2;1;0;2;0;1;1
092080;Sinnai;86;65;92;85;71;66;72;74;84;76;86;75;67;67;70;71;78;95;84;77;88;84;93;102;91;104;98;110;108;129;118;121;120;139;138;163;175;161;158;173;150;157;154;132;130;132;139;141;143;115;112;118;121;111;117;109;92;113;83;104;87;101;114;108;89;77;84;68;84;77;73;74;55;69;55;54;41;49;45;44;39;34;40;38;25;24;19;24;17;8;19;14;8;6;6;7;2;1;1;1;3
092090;Uta;47;49;31;35;30;33;34;32;34;37;35;29;37;31;35;35;27;52;36;59;45;54;39;43;53;46;42;52;74;55;66;71;71;72;64;43;54;77;76;63;73;63;62;64;56;58;69;69;65;68;40;58;54;45;51;26;42;45;37;37;44;41;47;44;39;38;22;36;29;36;36;30;25;29;23;22;29;28;24;15;21;23;12;15;9;12;11;8;7;6;4;4;1;0;1;1;1;1;0;0;3
092099;Villa San Pietro;8;12;8;6;10;11;7;6;8;8;4;6;10;6;11;7;7;8;10;8;11;9;12;13;9;15;9;18;14;12;12;14;23;26;18;20;16;19;18;22;22;18;17;16;10;11;12;13;11;15;9;17;14;13;18;15;17;17;11;15;15;9;18;13;16;10;12;16;10;9;8;6;7;2;7;2;5;4;8;5;4;1;3;3;2;1;6;3;2;2;0;1;1;0;0;0;0;0;0;0;0
092105;Quartucciu;70;75;56;66;73;54;49;52;56;50;48;50;42;61;49;58;68;61;65;57;67;71;60;52;67;68;74;60;65;87;66;105;103;83;126;117;122;149;132;119;126;130;108;128;152;124;129;109;112;116;77;104;100;85;86;78;90;68;84;71;73;85;74;60;63;67;55;47;53;63;56;59;53;46;46;38;52;45;42;38;39;24;34;23;40;16;18;17;19;12;15;7;5;2;3;4;2;3;1;2;2
092108;Elmas;44;35;46;41;38;33;38;33;46;44;40;33;33;41;35;24;47;46;52;43;37;54;46;58;59;42;41;48;54;60;55;45;68;59;59;82;80;76;72;85;89;78;105;68;102;79;88;78;73;71;71;80;71;68;59;76;76;68;59;60;52;49;61;57;52;51;32;48;41;35;33;36;32;31;32;28;30;29;30;27;17;24;29;15;22;12;10;8;15;8;8;5;2;3;2;4;1;2;1;1;1
092109;Monserrato;83;82;89;76;102;58;64;70;78;62;75;81;71;71;66;104;84;81;94;93;111;116;115;104;123;107;105;121;130;132;124;118;138;157;166;153;155;160;177;179;161;190;190;157;169;196;195;197;171;173;198;176;173;183;173;148;177;142;130;166;153;173;141;132;131;126;93;95;114;92;143;115;98;107;102;93;91;78;90;64;78;60;67;57;43;41;42;37;34;27;29;19;15;7;5;11;4;0;5;1;1
;Totale;1680;1673;1681;1680;1683;1598;1644;1703;1646;1731;1661;1680;1557;1587;1619;1625;1752;1864;1934;1911;2065;2040;2088;2077;2203;2232;2205;2334;2598;2580;2623;2632;2834;2987;3255;3444;3597;3627;3669;3775;3590;3662;3687;3667;3696;3856;3791;3640;3534;3473;3279;3362;3214;3260;3251;3064;3241;3053;2963;2962;2958;2894;2949;2892;2641;2649;2294;2373;2500;2382;2531;2270;2096;1970;1962;1765;1832;1785;1566;1531;1549;1419;1387;1200;1134;934;931;760;651;588;522;349;230;174;171;183;117;71;67;27;48

"Ricostruzione della popolazione intercensuaria - Popolazione al 1° gennaio per età"
"Cittadinanza italiana - Anno: 2012 - Provincia: Cagliari"
Territorio/Età;;0;1;2;3;4;5;6;7;8;9;10;11;12;13;14;15;16;17;18;19;20;21;22;23;24;25;26;27;28;29;30;31;32;33;34;35;36;37;38;39;40;41;42;43;44;45;46;47;48;49;50;51;52;53;54;55;56;57;58;59;60;61;62;63;64;65;66;67;68;69;70;71;72;73;74;75;76;77;78;79;80;81;82;83;84;85;86;87;88;89;90;91;92;93;94;95;96;97;98;99;100
Codice comune;Comune;Totale
092003;Assemini;235;272;283;256;276;264;294;260;244;274;253;244;243;228;222;231;248;240;213;248;247;295;261;289;310;291;306;337;337;339;350;394;411;434;438;451;507;485;551;495;530;447;485;534;492;492;518;511;498;453;385;436;387;387;375;381;361;346;341;343;342;308;302;286;264;256;221;240;197;246;227;215;205;174;189;159;123;133;135;100;110;113;91;86;77;50;42;45;38;30;24;17;15;12;2;5;4;1;1;2;6
092009;Cagliari;852;896;909;955;887;948;986;956;1024;927;1038;969;1096;993;1015;1055;1055;1150;1154;1154;1259;1393;1309;1413;1340;1415;1433;1467;1517;1548;1524;1657;1617;1767;1831;1894;2039;2236;2215;2234;2276;2164;2295;2262;2319;2386;2460;2504;2378;2281;2300;2287;2293;2179;2269;2268;2153;2236;2082;2177;2069;2183;2090;2138;2239;2048;2023;1841;1878;2014;1979;2069;1938;1788;1685;1677;1552;1559;1555;1336;1265;1337;1148;1090;965;937;752;705;580;527;433;360;226;140;102;104;114;73;49;46;39
092011;Capoterra;198;216;205;246;215;251;237;231;252;233;223;228;223;232;240;201;213;230;219;240;231;242;235;257;273;220;259;244;273;300;277;275;311;323;357;387;381;421;448;410;451;407;429;393;468;427;449;430;441;409;358;328;388;321;342;308;329;332;308;296;287;291;256;297;280;274;279;217;210;218;204;204;190;169;135;152;119;105;134;87;105;87;85;81;63;46;39;48;30;20;24;14;17;8;11;6;4;6;5;2;2
092015;Decimomannu;76;63;73;62;69;64;79;79;85;73;78;75;79;66;56;76;78;66;85;74;80;96;70;73;83;86;77;105;83;103;106;141;94;139;132;118;143;158;169;181;136;149;158;132;139;147;140;144;140;130;122;119;114;103;84;106;98;82;86;98;92;89;89;101;83;95;87;54;87;90;76;68;54;56;53;54;32;52;34;41;35;30;24;38;13;25;14;16;12;12;10;6;4;3;2;3;2;1;0;0;2
092037;Maracalagonis;59;75;60;62;84;76;83;89;92;60;79;78;62;73;64;59;75;82;64;71;75;71;74;96;99;82;99;83;136;117;143;120;124;126;139;122;157;140;146;146;126;174;129;142;149;118;123;141;118;104;120;86;92;88;86;99;86;106;85;70;86;87;89;76;94;71;73;75;64;87;56;90;63;55;56;65;54;40;41;30;38;35;33;22;18;18;19;17;19;7;5;4;4;2;0;1;4;0;0;0;1
092050;Pula;63;53;68;66;62;69;62;46;52;40;62;66;50;52;60;49;53;61;57;73;59;55;60;77;67;56;80;88;81;86;92;99;101;140;119;119;125;131;123;105;100;114;130;109;132;106;131;109;98;119;101;100;100;100;95;100;93;102;104;97;110;86;108;111;100;105;99;97;87;84;81;87;75;68;65;58;38;45;45;40;33;36;33;28;30;25;17;23;13;10;9;6;6;2;3;3;3;1;2;0;1
092051;Quartu Sant'Elena;588;620;588;606;593;611;588;544;603;613;639;647;595;599;589;652;587;645;727;737;752;744;783;770;714;733;785;768;817;925;864;888;879;893;964;1098;1112;1220;1208;1221;1242;1191;1257;1186;1226;1259;1301;1254;1208;1238;1194;1105;1090;1090;1049;1042;1030;1043;987;915;873;928;888;949;906;879;807;698;646;668;643;681;616;545;478;484;394;410;372;304;289;309;280;246;168;175;138;141;104;84;92;77;45;23;23;17;21;20;5;6;8
092066;Sarroch;36;31;44;39;39;51;30;37;47;35;43;39;30;35;34;36;44;38;38;62;55;54;54;51;59;65;71;60;60;76;73;89;77;86;90;79;94;88;87;76;103;82;83;83;63;82;94;85;85;77;94;63;82;72;81;83;93;73;78;65;67;74;74;63;70;61;58;60;58;58;57;73;55;48;44;48;38;39;36;29;37;29;31;26;24;12;9;6;7;12;3;7;7;2;4;1;0;3;1;0;0
092068;Selargius;232;224;247;253;231;241;205;236;273;260;300;291;278;251;261;252;276;291;280;328;272;345;315;327;279;315;334;340;335;342;361;365;397;398;417;418;510;510;513;495;498;483;490;498;532;501;527;559;465;454;445;461;468;442;434;474;436;500;417;411;404;406;405;379;328;334;331;263;274;307;245;266;207;213;204;172;144;141;148;135;145;121;110;93;86;66;57;61;45;38;23;36;21;7;7;8;6;5;2;0;0
092074;Sestu;250;252;251;224;248;259;220;210;231;204;204;205;178;184;177;161;157;166;166;169;167;184;198;191;210;205;204;232;233;269;300;321;318;392;396;438;454;492;504;493;489;465;450;417;392;391;372;353;370;316;272;252;237;221;232;220;202;196;193;199;181;169;185;175;161;156;147;149;140;148;155;173;129;121;98;115;94;101;89;73;74;62;58;50;53;41;35;28;22;11;24;15;3;8;5;6;4;6;0;1;1
092075;Settimo San Pietro;64;70;69;55;70;55;53;58;51;53;52;54;52;53;66;53;54;67;70;65;65;73;73;76;73;71;107;81;108;96;111;119;118;113;123;131;125;143;123;135;99;114;95;108;116;112;109;106;91;99;93;110;79;94;94;99;90;101;80;78;85;95;92;75;79;66;64;48;60;58;48;63;59;36;36;36;37;23;38;28;24;23;26;17;18;22;16;13;5;8;7;4;6;2;3;1;2;0;2;0;2
092080;Sinnai;155;157;157;168;164;170;152;161;160;160;162;170;143;144;138;159;166;166;192;188;160;174;181;202;187;177;212;205;227;227;247;255;258;260;270;296;337;330;318;328;309;316;290;306;299;283;277;280;271;295;223;245;245;246;219;217;222;194;220;182;193;188;202;198;189;181;170;151;119;154;145;137;137;115;124;113;91;85;82;70;74;67;66;67;55;46;44;28;38;25;14;23;19;6;5;6;6;3;1;1;5
092090;Uta;78;96;88;78;71;62;61;77;71;64;72;68;60;75;58;64;86;72;105;62;103;89;93;81;92;110;102;94;113;138;123;138;150;138;151;134;123;119;130;139;122;149;129;127;145;138;124;148;139;131;136;102;120;122;99;101;79;86;91;83;70;90;83;81;85;70;75;58;65;64;72;66;60;57;56;48;46;46;48;42;36;35;29;26;18;15;14;16;11;6;9;6;5;3;0;1;1;1;1;0;1
092099;Villa San Pietro;29;18;26;17;14;17;20;14;11;25;16;13;14;22;12;21;16;14;15;17;15;26;18;21;26;16;23;22;35;28;34;32;29;33;53;35;40;42;30;37;43;42;36;31;34;24;21;25;23;23;31;16;32;23;26;29;31;32;25;29;30;36;22;35;26;27;23;26;33;27;19;19;22;15;6;14;4;12;3;12;12;7;6;7;3;7;1;6;5;1;1;0;1;1;0;0;2;0;0;0;0
092105;Quartucciu;111;115;161;123;129;127;128;101;109;121;116;110;113;100;113;104;115;123;129;136;125;139;148;131;106;139;142;137;132;138;165;157;183;202;187;214;258;241;305;273;258;248;254;217;258;276;251;254;230;196;223;185;174;198;176;175;146;164;146;151;144;151;153;148;120;143;120;97;87;99;116;108;111;93;91;83;71;82;65;64;62;54;39;58;34;55;26;28;23;21;18;18;2;6;4;2;4;3;3;2;5
092108;Elmas;71;88;73;94;76;76;71;72;81;83;82;90;60;68;86;78;65;89;108;92;91;78;99;94;101;114;93;93;103;106;109;103;108;130;130;136;168;162;151;160;166;163;150;194;145;175;158;164;161;145;144;152;150;149;138;119;141;136;141;109;126;123;102;121;110;102;77;71;91;76;74;72;74;61;68;61;56;55;48;48;42;31;46;39;23;28;21;19;13;24;6;11;7;2;2;2;5;1;3;0;1
092109;Monserrato;123;174;157;150;146;170;154;159;156;155;144;148;154;155;159;149;196;182;158;197;230;245;228;218;236;234;220;232;249;254;273;234;216;274;305;311;308;330;337;309;347;320;347;342;300;324;363;380;361;338;302;363;348;331;346;314;307;328;285;281;303;269;313;265;240;245;258;179;195;222;168;225;219;183;181;177;159;150;137;149;119;122;84;91;77;67;55;49;55;38;32;41;20;13;9;9;6;6;0;2;2
;Totale;3220;3420;3459;3454;3374;3511;3423;3330;3542;3380;3563;3495;3430;3330;3350;3400;3484;3682;3780;3913;3986;4303;4199;4367;4255;4329;4547;4588;4839;5092;5152;5387;5391;5848;6102;6381;6881;7248;7358;7237;7295;7028;7207;7081;7209;7241;7418;7447;7077;6808;6543;6410;6399;6166;6145;6135;5897;6057;5669;5584;5462;5573;5453;5498;5374;5113;4912;4324;4291;4620;4365;4616;4214;3797;3569;3516;3052;3078;3010;2588;2500;2498;2189;2065;1725;1635;1299;1249;1020;874;734;645;408;240;182;175;188;130;75;62;76
Territorio/Età;;0;1;2;3;4;5;6;7;8;9;10;11;12;13;14;15;16;17;18;19;20;21;22;23;24;25;26;27;28;29;30;31;32;33;34;35;36;37;38;39;40;41;42;43;44;45;46;47;48;49;50;51;52;53;54;55;56;57;58;59;60;61;62;63;64;65;66;67;68;69;70;71;72;73;74;75;76;77;78;79;80;81;82;83;84;85;86;87;88;89;90;91;92;93;94;95;96;97;98;99;100
Codice comune;Comune;Maschi
092003;Assemini;103;146;136;130;130;138;159;124;123;152;126;131;122;97;117;123;144;135;99;125;121;150;132;157;151;156;165;172;158;163;169;214;230;230;208;221;244;258;250;244;248;225;236;268;232;241;257;252;261;221;186;217;194;178;178;185;167;176;142;162;181;155;143;127;129;139;99;130;92;121;109;106;112;76;78;80;60;51;58;41;46;57;38;31;29;23;13;10;12;12;7;7;5;5;0;1;2;1;0;1;3
092009;Cagliari;431;476;476;506;446;508;527;455;529;469;524;504;559;521;538;561;545;599;581;591;642;722;675;725;703;709;738;761;768;769;767;859;801;908;949;943;1043;1074;1105;1082;1086;1026;1122;1061;1105;1148;1170;1189;1107;1051;1070;1094;1049;1001;1041;1042;996;975;910;970;936;974;924;1004;985;914;869;812;783;865;820;881;837;754;730;693;647;630;591;527;490;489;392;379;308;302;236;207;184;176;109;109;74;31;20;25;31;21;16;9;14
092011;Capoterra;109;111;104;128;103;125;130;102;134;110;124;121;128;129;127;103;113;119;115;133;116;132;138;141;136;107;126;124;137;156;142;154;169;174;179;176;181;226;228;193;238;196;230;180;236;225;232;219;220;208;165;172;197;162;165;152;173;162;141;139;141;147;125;140;124;143;129;106;93;117;103;105;92;78;70;73;54;51;57;45;52;40;42;35;33;19;15;20;10;7;11;7;8;1;3;0;2;1;4;1;1
092015;Decimomannu;35;38;32;25;37;31;45;41;45;44;35;48;37;40;35;39;45;35;48;33;44;51;45;37;42;44;32;47;43;49;46;79;48;70;61;61;76;84;95;90;68;88;72;68;69;87;74;70;72;48;63;60;59;63;41;49;46;43;45;53;42;39;45;46;44;50;42;34;32;38;35;34;28;26;31;28;15;20;18;13;13;15;9;12;5;16;5;7;5;5;4;2;0;0;1;1;1;0;0;0;0
092037;Maracalagonis;36;42;37;29;46;43;45;51;44;31;43;42;32;37;37;34;41;36;32;37;42;37;30;52;54;39;57;38;72;54;68;54;58;75;73;66;76;86;81;86;55;95;68;72;84;63;64;69;66;48;65;47;47;40;41;44;46;54;41;41;47;32;44;42;45;43;35;42;31;45;28;46;28;29;26;27;25;14;20;16;24;17;15;8;9;5;8;4;6;1;3;1;2;0;0;0;1;0;0;0;0
092050;Pula;30;34;34;34;35;33;33;27;26;23;33;37;29;24;33;29;31;34;22;35;31;24;24;49;35;21;45;48;43;34;45;50;45;77;60;59;65;68;69;57;46;62;77;59;72;62;59;55;50;75;42;50;61;45;50;45;44;47;55;48;46;50;53;54;52;54;53;49;34;49;42;42;39;37;41;26;15;21;23;19;14;17;14;12;11;11;5;7;3;3;4;1;1;0;1;0;0;1;0;0;0
092051;Quartu Sant'Elena;301;308;307;315;303;323;301;290;308;318;326;349;301;339;297;326;308;327;378;377;396;401;400;412;365;354;378;406;423;479;442;455;458;432;493;533;553;606;587;588;621;580;627;563;590;614;608;630;567;595;542;533;513;551;478;480;486;518;476;451;367;422;445;439;450;432;407;319;298;324;334;334;302;261;211;244;180;180;166;145;109;138;109;89;64;55;49;45;32;26;25;14;8;2;6;3;3;3;2;3;1
092066;Sarroch;16;17;21;14;18;28;14;21;27;22;21;20;20;14;15;21;28;21;15;28;26;25;27;29;30;29;36;40;32;32;40;48;41;44;46;47;46;47;52;44;55;49;50;41;30;42;47;47;44;39;57;27;35;33;34;38;52;38;40;31;31;34;33;30;33;34;36;37;26;26;32;34;28;19;21;21;15;24;20;11;13;15;13;12;9;5;4;0;2;3;1;2;0;1;0;0;0;1;0;0;0
092068;Selargius;120;122;136;123;125;126;105;117;148;133;153;146;134;143;138;124;155;165;141;154;139;162;179;168;148;162;175;186;187;165;180;177;212;204;203;189;232;280;270;248;235;227;229;238;247;239;227;278;231;222;228;201;200;192;199;227;204;239;192;196;180;195;186;174;150;177;153;123;150;148;116;135;101;104;88;76;58;60;72;60;66;48;47;24;27;22;17;22;12;19;4;10;4;1;1;2;1;2;0;0;0
092074;Sestu;153;126;142;121;131;142;114;101;110;99;111;99;101;96;93;86;84;84;89;88;85;106;91;88;105;90;107;119;135;125;138;149;150;200;208;202;213;236;285;253;228;235;244;212;216;183;184;181;197;168;139;129;124;116;115;122;100;87;90;90;97;94;99;84;79;82;67;77;70;69;84;87;68;64;56;60;30;40;50;26;29;33;26;18;23;13;14;14;7;5;7;5;2;1;1;1;1;2;0;0;0
092075;Settimo San Pietro;37;31;42;38;37;28;23;33;30;27;25;28;26;26;40;28;31;42;30;32;32;32;37;31;36;34;55;49;54;53;58;59;64;52;64;67;62;74;66;77;57;56;43;60;58;57;48;52;51;50;36;51;42;50;45;46;45;44;39;31;37;57;50;34;41;31;27;25;37;31;23;23;26;12;22;19;19;5;21;11;11;11;9;10;7;15;6;3;2;2;2;0;3;1;0;0;1;0;0;0;0
092080;Sinnai;89;68;91;77;79;98;83;90;84;75;85;86;69;79;69;87;91;86;98;105;85;86;96;108;86;84;105;105;114;111;117;132;135;137;125;156;174;156;159;168;136;168;135;153;165;154;145;139;129;149;108;132;126;124;108;100;110;102;106;101;89;100;101;82;84;91;92;68;51;71;69;63;63;60;56;58;38;44;34;27;31;31;33;29;18;22;19;8;17;10;7;7;7;1;1;1;0;1;0;1;1
092090;Uta;42;49;40;48;38;30;30;44;36;30;35;33;32;38;27;28;49;43;54;26;43;45;36;40;43;56;55;53;61;67;70;71;72;67;80;70;79;61;54;61;60;74;64;67;81;80;66;78;71;65;66;60;61;66;54;50;53;44;44;46;34;48;42;34;41;32;37;36;29;35;37;30;30;32;29;26;24;17;19;18;22;15;6;15;5;6;4;5;3;0;4;3;1;2;0;0;0;0;1;0;0
092099;Villa San Pietro;17;10;14;8;9;8;9;7;5;17;8;9;8;12;6;10;9;7;7;7;6;14;9;10;14;7;8;10;16;15;22;17;16;12;24;16;20;23;14;17;22;19;18;14;19;13;10;13;10;13;15;7;15;9;12;12;17;15;8;17;15;22;13;16;13;12;13;14;18;17;10;11;16;8;4;7;2;6;0;4;7;3;5;4;0;5;0;1;2;0;0;0;0;0;0;0;2;0;0;0;0
092105;Quartucciu;58;47;84;68;61;54;75;53;58;66;66;61;63;59;54;57;57;53;67;70;68;68;77;73;54;74;75;65;71;71;72;94;81;96;97;93;137;119;158;139;138;117;124;108;129;127;131;124;123;85;108;107;71;98;93;89;72;74;79;67;73;77;68;73;60;80;52;42;39;47;53;54;51;41;44;38;33;31;25;25;27;19;13;23;11;19;10;11;8;3;6;6;1;2;2;0;1;1;0;1;1
092108;Elmas;39;45;40;47;35;41;40;35;46;37;38;50;30;37;45;45;41;42;62;42;47;42;42;48;42;53;50;51;50;47;50;50;62;62;65;75;80;81;75;90;80;69;72;91;73;76;77;76;83;71;71;83;70;77;71;61;66;60;73;45;67;70;53;58;54;51;28;38;43;34;39;39;38;29;35;30;27;25;20;18;16;15;23;13;9;7;10;11;5;13;0;3;2;0;1;1;1;1;1;0;0
092109;Monserrato;57;87;74;61;70;66;93;93;86;76;80;70;71;83;84;79;91;98;74;102;135;135;112;103;135;116;121;125;131;125;147;112;97;134;153;148;159;180;176;137;167;161;154;154;143;154;166;182;163;170;128;166;171;156;164;142;158;153;140;152;137;114;142;121;107;117;129;87;103;110;77;83;105;84;77;76;69;57;62;62;55;46;28;30;22;23;17;13;20;9;9;13;2;2;2;4;2;3;0;0;0
;Totale;1673;1757;1810;1772;1703;1822;1826;1684;1839;1729;1833;1834;1762;1774;1755;1780;1863;1926;1912;1985;2058;2232;2150;2271;2179;2135;2328;2399;2495;2515;2573;2774;2739;2974;3088;3122;3440;3659;3724;3574;3540;3447;3565;3409;3549;3565;3565;3654;3445;3278;3089;3136;3035;2961;2889;2884;2835;2831;2621;2640;2520;2630;2566;2558;2491;2482;2268;2039;1929;2147;2011;2107;1964;1714;1619;1582;1311;1276;1256;1068;1025;1009;822;744;590;568;432;388;330;294;203;190;120;50;39;39;49;38;24;16;21
Territorio/Età;;0;1;2;3;4;5;6;7;8;9;10;11;12;13;14;15;16;17;18;19;20;21;22;23;24;25;26;27;28;29;30;31;32;33;34;35;36;37;38;39;40;41;42;43;44;45;46;47;48;49;50;51;52;53;54;55;56;57;58;59;60;61;62;63;64;65;66;67;68;69;70;71;72;73;74;75;76;77;78;79;80;81;82;83;84;85;86;87;88;89;90;91;92;93;94;95;96;97;98;99;100
Codice comune;Comune;Femmine
092003;Assemini;132;126;147;126;146;126;135;136;121;122;127;113;121;131;105;108;104;105;114;123;126;145;129;132;159;135;141;165;179;176;181;180;181;204;230;230;263;227;301;251;282;222;249;266;260;251;261;259;237;232;199;219;193;209;197;196;194;170;199;181;161;153;159;159;135;117;122;110;105;125;118;109;93;98;111;79;63;82;77;59;64;56;53;55;48;27;29;35;26;18;17;10;10;7;2;4;2;0;1;1;3
092009;Cagliari;421;420;433;449;441;440;459;501;495;458;514;465;537;472;477;494;510;551;573;563;617;671;634;688;637;706;695;706;749;779;757;798;816;859;882;951;996;1162;1110;1152;1190;1138;1173;1201;1214;1238;1290;1315;1271;1230;1230;1193;1244;1178;1228;1226;1157;1261;1172;1207;1133;1209;1166;1134;1254;1134;1154;1029;1095;1149;1159;1188;1101;1034;955;984;905;929;964;809;775;848;756;711;657;635;516;498;396;351;324;251;152;109;82;79;83;52;33;37;25
092011;Capoterra;89;105;101;118;112;126;107;129;118;123;99;107;95;103;113;98;100;111;104;107;115;110;97;116;137;113;133;120;136;144;135;121;142;149;178;211;200;195;220;217;213;211;199;213;232;202;217;211;221;201;193;156;191;159;177;156;156;170;167;157;146;144;131;157;156;131;150;111;117;101;101;99;98;91;65;79;65;54;77;42;53;47;43;46;30;27;24;28;20;13;13;7;9;7;8;6;2;5;1;1;1
092015;Decimomannu;41;25;41;37;32;33;34;38;40;29;43;27;42;26;21;37;33;31;37;41;36;45;25;36;41;42;45;58;40;54;60;62;46;69;71;57;67;74;74;91;68;61;86;64;70;60;66;74;68;82;59;59;55;40;43;57;52;39;41;45;50;50;44;55;39;45;45;20;55;52;41;34;26;30;22;26;17;32;16;28;22;15;15;26;8;9;9;9;7;7;6;4;4;3;1;2;1;1;0;0;2
092037;Maracalagonis;23;33;23;33;38;33;38;38;48;29;36;36;30;36;27;25;34;46;32;34;33;34;44;44;45;43;42;45;64;63;75;66;66;51;66;56;81;54;65;60;71;79;61;70;65;55;59;72;52;56;55;39;45;48;45;55;40;52;44;29;39;55;45;34;49;28;38;33;33;42;28;44;35;26;30;38;29;26;21;14;14;18;18;14;9;13;11;13;13;6;2;3;2;2;0;1;3;0;0;0;1
092050;Pula;33;19;34;32;27;36;29;19;26;17;29;29;21;28;27;20;22;27;35;38;28;31;36;28;32;35;35;40;38;52;47;49;56;63;59;60;60;63;54;48;54;52;53;50;60;44;72;54;48;44;59;50;39;55;45;55;49;55;49;49;64;36;55;57;48;51;46;48;53;35;39;45;36;31;24;32;23;24;22;21;19;19;19;16;19;14;12;16;10;7;5;5;5;2;2;3;3;0;2;0;1
092051;Quartu Sant'Elena;287;312;281;291;290;288;287;254;295;295;313;298;294;260;292;326;279;318;349;360;356;343;383;358;349;379;407;362;394;446;422;433;421;461;471;565;559;614;621;633;621;611;630;623;636;645;693;624;641;643;652;572;577;539;571;562;544;525;511;464;506;506;443;510;456;447;400;379;348;344;309;347;314;284;267;240;214;230;206;159;180;171;171;157;104;120;89;96;72;58;67;63;37;21;17;14;18;17;3;3;7
092066;Sarroch;20;14;23;25;21;23;16;16;20;13;22;19;10;21;19;15;16;17;23;34;29;29;27;22;29;36;35;20;28;44;33;41;36;42;44;32;48;41;35;32;48;33;33;42;33;40;47;38;41;38;37;36;47;39;47;45;41;35;38;34;36;40;41;33;37;27;22;23;32;32;25;39;27;29;23;27;23;15;16;18;24;14;18;14;15;7;5;6;5;9;2;5;7;1;4;1;0;2;1;0;0
092068;Selargius;112;102;111;130;106;115;100;119;125;127;147;145;144;108;123;128;121;126;139;174;133;183;136;159;131;153;159;154;148;177;181;188;185;194;214;229;278;230;243;247;263;256;261;260;285;262;300;281;234;232;217;260;268;250;235;247;232;261;225;215;224;211;219;205;178;157;178;140;124;159;129;131;106;109;116;96;86;81;76;75;79;73;63;69;59;44;40;39;33;19;19;26;17;6;6;6;5;3;2;0;0
092074;Sestu;97;126;109;103;117;117;106;109;121;105;93;106;77;88;84;75;73;82;77;81;82;78;107;103;105;115;97;113;98;144;162;172;168;192;188;236;241;256;219;240;261;230;206;205;176;208;188;172;173;148;133;123;113;105;117;98;102;109;103;109;84;75;86;91;82;74;80;72;70;79;71;86;61;57;42;55;64;61;39;47;45;29;32;32;30;28;21;14;15;6;17;10;1;7;4;5;3;4;0;1;1
092075;Settimo San Pietro;27;39;27;17;33;27;30;25;21;26;27;26;26;27;26;25;23;25;40;33;33;41;36;45;37;37;52;32;54;43;53;60;54;61;59;64;63;69;57;58;42;58;52;48;58;55;61;54;40;49;57;59;37;44;49;53;45;57;41;47;48;38;42;41;38;35;37;23;23;27;25;40;33;24;14;17;18;18;17;17;13;12;17;7;11;7;10;10;3;6;5;4;3;1;3;1;1;0;2;0;2
092080;Sinnai;66;89;66;91;85;72;69;71;76;85;77;84;74;65;69;72;75;80;94;83;75;88;85;94;101;93;107;100;113;116;130;123;123;123;145;140;163;174;159;160;173;148;155;153;134;129;132;141;142;146;115;113;119;122;111;117;112;92;114;81;104;88;101;116;105;90;78;83;68;83;76;74;74;55;68;55;53;41;48;43;43;36;33;38;37;24;25;20;21;15;7;16;12;5;4;5;6;2;1;0;4
092090;Uta;36;47;48;30;33;32;31;33;35;34;37;35;28;37;31;36;37;29;51;36;60;44;57;41;49;54;47;41;52;71;53;67;78;71;71;64;44;58;76;78;62;75;65;60;64;58;58;70;68;66;70;42;59;56;45;51;26;42;47;37;36;42;41;47;44;38;38;22;36;29;35;36;30;25;27;22;22;29;29;24;14;20;23;11;13;9;10;11;8;6;5;3;4;1;0;1;1;1;0;0;1
092099;Villa San Pietro;12;8;12;9;5;9;11;7;6;8;8;4;6;10;6;11;7;7;8;10;9;12;9;11;12;9;15;12;19;13;12;15;13;21;29;19;20;19;16;20;21;23;18;17;15;11;11;12;13;10;16;9;17;14;14;17;14;17;17;12;15;14;9;19;13;15;10;12;15;10;9;8;6;7;2;7;2;6;3;8;5;4;1;3;3;2;1;5;3;1;1;0;1;1;0;0;0;0;0;0;0
092105;Quartucciu;53;68;77;55;68;73;53;48;51;55;50;49;50;41;59;47;58;70;62;66;57;71;71;58;52;65;67;72;61;67;93;63;102;106;90;121;121;122;147;134;120;131;130;109;129;149;120;130;107;111;115;78;103;100;83;86;74;90;67;84;71;74;85;75;60;63;68;55;48;52;63;54;60;52;47;45;38;51;40;39;35;35;26;35;23;36;16;17;15;18;12;12;1;4;2;2;3;2;3;1;4
092108;Elmas;32;43;33;47;41;35;31;37;35;46;44;40;30;31;41;33;24;47;46;50;44;36;57;46;59;61;43;42;53;59;59;53;46;68;65;61;88;81;76;70;86;94;78;103;72;99;81;88;78;74;73;69;80;72;67;58;75;76;68;64;59;53;49;63;56;51;49;33;48;42;35;33;36;32;33;31;29;30;28;30;26;16;23;26;14;21;11;8;8;11;6;8;5;2;1;1;4;0;2;0;1
092109;Monserrato;66;87;83;89;76;104;61;66;70;79;64;78;83;72;75;70;105;84;84;95;95;110;116;115;101;118;99;107;118;129;126;122;119;140;152;163;149;150;161;172;180;159;193;188;157;170;197;198;198;168;174;197;177;175;182;172;149;175;145;129;166;155;171;144;133;128;129;92;92;112;91;142;114;99;104;101;90;93;75;87;64;76;56;61;55;44;38;36;35;29;23;28;18;11;7;5;4;3;0;2;2
;Totale;1547;1663;1649;1682;1671;1689;1597;1646;1703;1651;1730;1661;1668;1556;1595;1620;1621;1756;1868;1928;1928;2071;2049;2096;2076;2194;2219;2189;2344;2577;2579;2613;2652;2874;3014;3259;3441;3589;3634;3663;3755;3581;3642;3672;3660;3676;3853;3793;3632;3530;3454;3274;3364;3205;3256;3251;3062;3226;3048;2944;2942;2943;2887;2940;2883;2631;2644;2285;2362;2473;2354;2509;2250;2083;1950;1934;1741;1802;1754;1520;1475;1489;1367;1321;1135;1067;867;861;690;580;531;455;288;190;143;136;139;92;51;46;55

"Ricostruzione della popolazione intercensuaria - Popolazione al 1° gennaio per età"
"Cittadinanza italiana - Anno: 2013 - Provincia: Cagliari"
Territorio/Età;;0;1;2;3;4;5;6;7;8;9;10;11;12;13;14;15;16;17;18;19;20;21;22;23;24;25;26;27;28;29;30;31;32;33;34;35;36;37;38;39;40;41;42;43;44;45;46;47;48;49;50;51;52;53;54;55;56;57;58;59;60;61;62;63;64;65;66;67;68;69;70;71;72;73;74;75;76;77;78;79;80;81;82;83;84;85;86;87;88;89;90;91;92;93;94;95;96;97;98;99;100
Codice comune;Comune;Totale
092003;Assemini;278;234;274;266;247;265;257;298;254;236;270;247;234;242;224;223;224;245;232;218;254;251;292;256;288;301;296;297;337;334;355;346;388;403;442;424;462;507;474;546;480;518;433;475;528;483;484;513;499;488;443;381;437;382;381;371;378;357;339;342;341;341;307;298;285;259;250;218;237;195;237;222;213;198;176;181;150;120;132;131;97;107;107;81;82;74;47;38;42;35;27;22;13;14;9;1;3;2;1;0;4
092009;Cagliari;947;841;895;922;952;893;959;984;973;1029;933;1053;970;1110;991;1014;1058;1062;1161;1176;1163;1267;1413;1320;1421;1365;1402;1460;1468;1522;1536;1539;1665;1617;1773;1841;1891;2073;2250;2217;2274;2318;2171;2297;2274;2343;2399;2476;2508;2388;2295;2313;2279;2281;2164;2263;2257;2147;2215;2076;2151;2056;2157;2068;2124;2230;2021;1989;1825;1852;1979;1953;2023;1914;1747;1646;1625;1501;1511;1508;1291;1201;1276;1079;1014;903;861;688;629;502;454;381;305;174;104;79;78;81;52;38;50
092011;Capoterra;211;202;213;209;251;220;254;236;228;251;235;227;226;219;229;238;199;214;222;221;242;226;245;224;254;273;223;256;241;268;297;279;263;306;311;349;393;386;428;445;407;443;407;431;390;471;429;448;426;442;405;361;334;386;315;345;308;329;327;304;293;282;295;253;290;272;278;278;211;210;213;200;199;189;163;133;145;117;98;132;87;103;87;81;75;50;46;38;41;27;18;21;13;18;3;9;6;4;4;4;2
092015;Decimomannu;70;80;62;75;62;69;63;76;79;85;73;82;75;76;67;57;79;80;70;86;74;82;94;72;69;85;83;78;102;85;107;114;148;98;141;138;125;148;158;168;182;134;155;160;131;142;150;142;143;140;132;124;120;114;101;83;107;99;85;85;98;93;87;87;103;85;96;85;56;85;89;74;68;54;55;53;49;34;52;31;41;35;28;24;36;12;19;14;14;10;11;8;5;3;3;2;3;2;1;0;1
092037;Maracalagonis;73;61;73;62;62;84;77;81;87;95;58;77;74;62;71;64;58;75;81;65;74;73;71;74;95;103;80;101;82;135;119;150;119;128;125;139;121;151;139;143;140;130;177;127;139;153;123;120;139;119;106;121;90;93;89;86;100;85;105;83;74;82;88;91;78;93;71;73;72;62;87;56;87;65;56;56;60;53;40;40;30;34;33;29;21;17;17;16;16;18;5;3;4;3;2;0;1;2;0;0;0
092050;Pula;56;67;49;64;66;63;69;61;48;53;39;63;65;53;51;60;50;52;61;56;73;59;55;62;77;66;55;84;87;82;85;87;93;104;128;117;118;122;134;121;105;102;115;135;108;132;111;130;108;100;115;106;99;101;100;96;98;96;99;102;95;112;85;106;112;100;105;97;98;84;83;79;83;74;66;60;54;37;43;42;40;33;33;33;27;29;23;15;20;12;9;8;3;7;2;1;2;1;1;2;1
092051;Quartu Sant'Elena;528;598;622;589;602;588;613;587;550;599;611;640;647;596;605;597;653;585;636;724;741;746;735;783;773;703;732;781;782;834;896;843;857;872;886;968;1112;1114;1223;1209;1236;1233;1200;1255;1182;1226;1253;1293;1248;1192;1235;1190;1108;1082;1077;1039;1034;1032;1035;977;905;868;913;880;953;897;882;798;685;632;660;633;668;607;536;467;469;384;396;363;295;280;301;263;221;158;165;123;131;92;76;69;66;39;18;19;11;14;13;3;8
092066;Sarroch;45;34;29;46;40;40;50;29;36;50;35;43;39;31;36;34;34;45;40;37;67;57;57;56;50;59;63;72;62;62;74;75;87;79;89;91;79;94;87;84;75;102;80;83;84;63;84;96;87;86;80;92;63;83;73;80;81;93;73;78;66;66;73;73;64;72;61;56;58;58;59;58;72;56;48;47;46;36;40;33;29;37;25;31;25;24;11;9;5;7;12;3;6;5;2;3;1;0;2;0;0
092068;Selargius;204;237;231;243;254;229;249;214;241;280;257;295;294;279;254;261;254;281;291;275;324;273;335;308;325;279;312;335;327;335;350;349;382;402;398;432;415;500;509;501;489;503;482;489;509;526;498;525;555;458;458;442;460;466;440;439;472;434;488;402;410;402;406;398;374;327;328;331;261;272;302;241;268;200;213;198;168;140;138;144;134;135;116;102;89;82;59;53;60;46;33;20;29;17;6;6;4;5;3;2;0
092074;Sestu;238;235;245;240;221;252;253;219;203;231;205;198;200;172;186;176;160;157;169;166;168;172;180;198;196;210;210;206;244;240;288;300;328;329;400;389;436;467;485;511;483;486;459;438;406;385;389;371;351;364;306;267;252;240;220;227;218;201;194;192;194;182;167;185;169;159;156;146;148;138;147;147;173;124;116;98;117;93;100;84;70;72;61;53;49;45;38;32;24;21;12;18;10;2;4;4;6;3;3;0;2
092075;Settimo San Pietro;56;63;73;68;56;74;54;54;59;53;54;50;57;51;54;65;53;53;67;67;67;63;73;74;74;73;76;103;81;112;100;118;120;122;119;127;131;119;144;125;138;101;115;89;107;113;109;111;112;92;99;95;110;79;93;95;96;92;99;80;79;85;94;94;77;77;66;63;47;59;58;44;61;59;36;33;35;36;23;35;27;24;20;26;16;17;19;13;12;4;7;3;2;4;2;2;1;2;0;2;2
092080;Sinnai;172;160;156;165;167;161;172;149;165;159;157;163;171;142;143;138;163;164;165;194;184;162;177;187;201;186;187;218;204;232;222;243;254;268;260;270;301;343;334;313;333;302;314;289;308;300;278;279;280;277;291;223;247;244;242;219;217;220;191;219;181;190;187;201;191;186;177;165;149;118;153;142;135;134;114;117;110;88;84;81;66;69;66;66;61;49;43;41;23;35;20;12;21;17;5;5;6;6;2;0;4
092090;Uta;75;79;95;85;79;70;64;66;78;68;63;72;68;60;75;56;65;85;74;104;64;99;89;91;83;93;115;99;99;125;145;135;138;150;137;152;137;126;123;134;136;128;153;130;127;149;138;127;149;141;130;134;100;122;123;102;103;80;86;93;82;70;90;86;83;85;69;76;60;64;65;73;65;62;56;55;47;43;46;47;42;36;35;28;25;16;12;14;13;9;6;7;5;5;3;0;1;1;1;0;1
092099;Villa San Pietro;19;27;22;25;18;13;17;20;16;10;26;17;13;15;21;12;22;17;14;16;17;15;26;19;22;26;16;22;21;35;27;35;33;31;32;53;40;40;41;35;38;41;45;38;31;33;23;21;26;23;20;31;16;31;23;25;28;30;33;26;29;30;36;22;33;25;26;22;26;32;26;17;19;21;13;5;16;4;11;3;12;12;7;4;8;3;7;1;6;5;1;1;0;1;1;0;0;2;0;0;0
092105;Quartucciu;122;104;118;159;116;133;128;131;99;110;121;115;107;116;103;110;103;115;127;129;133;129;141;148;127;107;135;137;133;136;134;162;162;177;207;182;215;246;240;302;270;267;246;254;212;258;274;250;256;239;204;223;180;172;201;174;174;144;164;148;150;146;150;149;148;118;142;120;96;83;97;117;105;106;91;89;83;70;79;62;63;62;50;41;56;31;52;20;22;21;18;16;18;2;5;4;2;4;3;3;6
092108;Elmas;64;72;91;80;97;80;76;69;70;83;84;80;94;63;71;87;77;64;90;112;98;96;83;98;95;99;111;94;99;100;107;110;97;113;131;134;138;163;164;157;163;176;164;154;200;149;174;165;169;162;146;144;152;150;149;134;117;142;134;140;107;123;120;101;119;109;103;77;70;91;77;75;69;71;60;68;60;55;54;46;46;40;28;44;39;21;24;21;17;10;20;4;11;7;2;1;0;5;1;2;0
092109;Monserrato;162;131;165;159;149;144;165;146;160;151;154;145;146;152;154;160;150;193;183;154;196;229;244;216;209;235;227;207;225;235;253;263;232;200;263;294;308;313;321;335;310;346;313;342;332;297;319;359;382;358;335;296;358;344;327;334;313;308;333;279;279;299;260;308;259;240;240;258;178;195;223;168;216;217;181;175;170;158;151;136;149;115;117;75;88;70;60;50;42;47;30;30;36;13;7;8;7;5;3;0;2
;Totale;3320;3225;3413;3457;3439;3378;3520;3420;3346;3543;3375;3567;3480;3439;3335;3352;3402;3487;3683;3800;3939;3999;4310;4186;4359;4263;4323;4550;4594;4872;5095;5148;5366;5399;5842;6100;6422;6912;7254;7346;7259;7330;7029;7186;7068;7223;7235;7426;7438;7069;6800;6543;6405;6370;6118;6112;6101;5889;6000;5626;5534;5427;5515;5400;5462;5334;5071;4852;4277;4230;4555;4299;4524;4151;3727;3481;3404;2969;2998;2918;2519;2395;2390;2060;1932;1601;1503;1186;1117;901;759;626;547;331;178;144;132;139;90;56;83
Territorio/Età;;0;1;2;3;4;5;6;7;8;9;10;11;12;13;14;15;16;17;18;19;20;21;22;23;24;25;26;27;28;29;30;31;32;33;34;35;36;37;38;39;40;41;42;43;44;45;46;47;48;49;50;51;52;53;54;55;56;57;58;59;60;61;62;63;64;65;66;67;68;69;70;71;72;73;74;75;76;77;78;79;80;81;82;83;84;85;86;87;88;89;90;91;92;93;94;95;96;97;98;99;100
Codice comune;Comune;Maschi
092003;Assemini;145;105;148;128;126;126;138;161;122;120;150;122;124;124;96;121;120;140;133;101;128;123;150;128;156;144;157;160;169;155;180;164;213;225;231;197;223;246;250;250;241;241;221;227;266;228;241;256;246;253;217;187;214;193;173;174;184;163;175;142;160;180;156;141;127;124;135;99;130;93;115;107;104;109;76;74;77;58;49;55;38;45;54;34;28;29;21;11;8;11;11;5;6;3;2;0;1;1;1;0;1
092009;Cagliari;468;433;476;487;506;452;512;523;462;534;469;536;506;563;521;532;567;549;603;589;592;650;735;678;735;720;717;743;768;763;766;769;860;804;915;948;953;1051;1084;1104;1112;1102;1032;1132;1073;1119;1156;1184;1197;1106;1060;1085;1089;1042;993;1043;1039;988;966;905;953;932;961;911;991;980;903;850;805;770;841;806;844;820;731;700;665;615;612;569;504;460;464;352;346;282;267;209;179;152;148;91;87;57;22;17;18;23;12;13;11
092011;Capoterra;121;108;106;107;129;108;125;129;101;131;111;123;118;125;126;126;102;113;111;114;133;113;134;135;140;135;112;124;119;133;151;144;148;164;167;174;178;181;226;229;189;228;192;229;183;240;224;229;220;226;201;165;175;196;161;167;154;172;159;139;138;139;148;123;136;121;145;128;103;93;115;98;103;91;75;68;68;51;48;55;45;50;39;39;33;25;20;14;18;8;5;10;4;9;0;2;0;2;1;3;2
092015;Decimomannu;37;36;38;33;26;36;31;42;41;44;43;36;49;35;41;36;42;44;36;49;33;45;51;46;36;43;43;33;48;45;51;51;84;50;70;65;62;79;84;93;94;70;92;73;69;72;87;75;70;72;48;63;60;59;62;41;49;47;43;44;53;42;37;43;47;47;50;41;35;31;37;34;36;29;26;30;25;16;20;18;14;14;14;9;12;5;12;5;6;3;5;2;2;0;0;1;1;1;0;0;0
092037;Maracalagonis;35;36;41;39;29;44;42;43;49;45;30;43;40;32;35;38;33;41;36;33;39;41;37;32;51;54;37;62;39;69;54;73;55;62;75;70;65;73;87;79;83;59;100;64;70;87;65;61;68;67;48;65;51;48;40;41;45;46;53;42;43;45;31;46;43;47;43;35;40;30;44;28;43;30;30;28;25;24;14;20;15;20;16;12;8;8;5;7;4;6;1;2;1;2;0;0;0;0;0;0;0
092050;Pula;31;34;33;33;33;34;33;32;28;26;24;34;36;30;24;32;30;30;34;22;33;31;24;25;47;34;20;46;47;46;35;42;44;48;75;60;58;59;65;67;57;48;61;80;58;72;65;60;53;54;71;46;49;62;46;51;45;47;47;54;46;45;50;52;54;52;53;48;50;30;48;41;39;38;37;37;22;15;19;21;19;13;15;15;12;10;9;4;6;2;3;4;0;1;0;1;0;0;1;0;0
092051;Quartu Sant'Elena;293;309;313;311;317;302;326;303;293;306;321;322;350;300;345;296;324;306;324;377;379;394;392;398;415;361;348;375;404;435;459;436;443;451;428;501;537;549;604;594;599;607;579;618;560;593;609;604;634;562;594;540;535;511;539;472;482;493;509;470;443;361;415;437;440;443;438;401;307;289;323;328;322;299;255;205;232;173;172;159;138;104;134;104;77;57;48;45;38;27;24;13;13;8;1;4;1;1;1;1;1
092066;Sarroch;21;15;17;23;15;19;28;14;19;30;22;22;20;21;15;15;20;28;22;14;31;27;24;27;30;30;27;37;41;32;33;39;48;43;46;45;45;46;48;50;44;53;49;50;41;30;43;49;47;45;41;56;27;36;34;33;36;52;38;41;31;31;33;32;30;34;34;34;35;27;26;32;33;28;19;23;20;14;25;18;10;13;12;13;11;9;5;4;0;2;3;1;2;0;1;0;0;0;1;0;0
092068;Selargius;110;127;123;135;123;121;130;113;116;152;130;153;150;133;145;138;125;158;167;138;152;137;160;174;161;150;162;172;180;193;171;180;180;209;199;209;191;233;280;262;242;240;227;225;244;245;238;222;274;228;225;222;202;198;191;199;222;200;233;186;196;183;199;182;168;151;175;155;122;150;143;111;139;96;102;82;72;56;58;70;59;60;46;43;23;25;19;14;20;12;16;4;8;3;1;1;0;0;1;0;0
092074;Sestu;127;141;126;134;118;133;140;117;98;109;99;108;96;97;96;93;82;84;86;93;85;86;104;91;91;105;88;110;126;135;136;141;155;156;204;206;199;218;231;291;251;225;230;235;204;211;179;183;183;193;162;136;129;127;119;113;121;100;85;91;85;98;92;100;79;78;81;66;76;68;68;78;86;67;61;57;62;30;38;47;24;29;32;26;17;18;12;12;10;6;5;5;3;2;1;1;1;0;2;0;0
092075;Settimo San Pietro;35;35;31;42;38;39;29;23;32;32;28;24;29;26;27;39;28;31;42;29;34;30;34;37;30;36;37;54;49;58;55;61;59;67;57;66;66;60;79;64;80;59;57;41;59;55;55;52;55;52;50;38;50;42;50;46;45;46;43;39;31;37;57;50;36;39;32;26;25;36;31;19;22;26;12;19;19;18;5;18;10;11;9;9;9;6;13;6;2;2;2;1;0;2;1;0;0;1;0;0;0
092080;Sinnai;80;92;70;93;78;77;99;81;95;81;74;83;87;69;77;70;88;90;87;96;102;86;87;98;106;85;91;106;107;115;108;113;132;137;135;127;164;176;159;156;171;131;168;137;151;167;151;149;139;133;147;107;132;126;122;107;97;110;100;107;101;87;100;101;79;82;89;89;66;52;72;65;64;62;60;52;55;38;44;34;25;29;30;32;24;18;19;18;8;17;8;5;5;6;0;1;1;0;0;0;1
092090;Uta;40;40;49;37;49;37;31;33;44;34;30;35;33;33;37;26;28;48;43;54;26;42;44;35;40;43;56;56;56;66;71;75;70;73;68;75;74;82;65;54;59;63;75;63;68;83;81;69;79;71;65;63;60;59;67;54;53;54;44;46;46;33;48;43;36;39;31;38;36;28;36;37;29;32;33;28;25;21;17;19;18;22;15;5;14;4;4;4;5;3;0;3;2;1;2;0;0;0;0;0;0
092099;Villa San Pietro;11;16;13;13;8;9;7;9;8;5;18;9;9;9;12;6;11;9;7;7;6;6;14;9;11;15;7;8;10;16;14;22;18;16;13;24;18;23;24;17;17;21;22;21;14;19;13;10;14;10;10;15;7;15;9;12;11;16;15;9;17;14;22;13;14;13;11;12;13;18;17;9;11;16;8;3;8;2;5;0;4;7;3;3;4;0;5;0;1;2;0;0;0;0;0;0;0;2;0;0;0
092105;Quartucciu;65;47;49;79;61;65;56;76;53;59;66;67;57;67;58;51;58;58;54;68;69;69;68;77;67;55;73;72;65;68;72;70;94;80;93;91;93;128;118;158;136;144;119;124;106;130;124;128;123;128;89;110;103;68;99;90;88;72;75;81;66;75;76;66;74;59;80;52;40;35;47;55;52;48;39;42;39;33;29;24;26;26;16;14;22;8;19;8;8;8;2;6;6;1;1;2;0;1;1;0;2
092108;Elmas;34;38;49;43;48;38;41;39;34;47;38;37;53;31;40;45;44;40;43;63;47;50;43;41;49;41;49;51;51;49;46;50;48;66;61;66;73;79;85;80;90;88;70;75;94;74;78;80;79;82;72;71;83;71;79;70;61;67;60;73;44;64;67;52;57;54;52;29;38;41;34;39;38;37;28;36;29;26;25;19;17;16;12;22;13;9;5;10;9;4;12;0;2;2;0;1;0;1;1;0;0
092109;Monserrato;82;63;80;81;63;69;64;89;96;82;78;79;70;72;83;84;81;90;98;70;103;135;131;103;96;131;113;115;119;124;123;142;111;91;125;147;144;162;177;173;135;172;157;156;149;138;153;163;185;163;169;125;163;169;155;159;141;159;154;137;150;134;111;138;117;106;111;129;87;103;108;76;77;103;81;74;71;68;57;59;60;54;45;25;27;18;22;16;10;17;3;8;12;1;0;1;3;2;2;0;0
;Totale;1735;1675;1762;1818;1767;1709;1832;1827;1691;1837;1731;1833;1827;1767;1778;1748;1783;1859;1926;1917;1992;2065;2232;2134;2261;2182;2137;2324;2398;2502;2525;2572;2762;2742;2962;3071;3143;3445;3666;3721;3600;3551;3451;3550;3409;3563;3562;3574;3666;3445;3269;3094;3129;3022;2939;2872;2873;2832;2799;2606;2603;2500;2603;2530;2528;2469;2463;2232;2008;1894;2105;1963;2042;1931;1673;1558;1514;1258;1237;1205;1026;973;956;757;680;531;505;387;332;282;248;160;153;98;32;32;26;35;24;17;18
Territorio/Età;;0;1;2;3;4;5;6;7;8;9;10;11;12;13;14;15;16;17;18;19;20;21;22;23;24;25;26;27;28;29;30;31;32;33;34;35;36;37;38;39;40;41;42;43;44;45;46;47;48;49;50;51;52;53;54;55;56;57;58;59;60;61;62;63;64;65;66;67;68;69;70;71;72;73;74;75;76;77;78;79;80;81;82;83;84;85;86;87;88;89;90;91;92;93;94;95;96;97;98;99;100
Codice comune;Comune;Femmine
092003;Assemini;133;129;126;138;121;139;119;137;132;116;120;125;110;118;128;102;104;105;99;117;126;128;142;128;132;157;139;137;168;179;175;182;175;178;211;227;239;261;224;296;239;277;212;248;262;255;243;257;253;235;226;194;223;189;208;197;194;194;164;200;181;161;151;157;158;135;115;119;107;102;122;115;109;89;100;107;73;62;83;76;59;62;53;47;54;45;26;27;34;24;16;17;7;11;7;1;2;1;0;0;3
092009;Cagliari;479;408;419;435;446;441;447;461;511;495;464;517;464;547;470;482;491;513;558;587;571;617;678;642;686;645;685;717;700;759;770;770;805;813;858;893;938;1022;1166;1113;1162;1216;1139;1165;1201;1224;1243;1292;1311;1282;1235;1228;1190;1239;1171;1220;1218;1159;1249;1171;1198;1124;1196;1157;1133;1250;1118;1139;1020;1082;1138;1147;1179;1094;1016;946;960;886;899;939;787;741;812;727;668;621;594;479;450;350;306;290;218;117;82;62;60;58;40;25;39
092011;Capoterra;90;94;107;102;122;112;129;107;127;120;124;104;108;94;103;112;97;101;111;107;109;113;111;89;114;138;111;132;122;135;146;135;115;142;144;175;215;205;202;216;218;215;215;202;207;231;205;219;206;216;204;196;159;190;154;178;154;157;168;165;155;143;147;130;154;151;133;150;108;117;98;102;96;98;88;65;77;66;50;77;42;53;48;42;42;25;26;24;23;19;13;11;9;9;3;7;6;2;3;1;0
092015;Decimomannu;33;44;24;42;36;33;32;34;38;41;30;46;26;41;26;21;37;36;34;37;41;37;43;26;33;42;40;45;54;40;56;63;64;48;71;73;63;69;74;75;88;64;63;87;62;70;63;67;73;68;84;61;60;55;39;42;58;52;42;41;45;51;50;44;56;38;46;44;21;54;52;40;32;25;29;23;24;18;32;13;27;21;14;15;24;7;7;9;8;7;6;6;3;3;3;1;2;1;1;0;1
092037;Maracalagonis;38;25;32;23;33;40;35;38;38;50;28;34;34;30;36;26;25;34;45;32;35;32;34;42;44;49;43;39;43;66;65;77;64;66;50;69;56;78;52;64;57;71;77;63;69;66;58;59;71;52;58;56;39;45;49;45;55;39;52;41;31;37;57;45;35;46;28;38;32;32;43;28;44;35;26;28;35;29;26;20;15;14;17;17;13;9;12;9;12;12;4;1;3;1;2;0;1;2;0;0;0
092050;Pula;25;33;16;31;33;29;36;29;20;27;15;29;29;23;27;28;20;22;27;34;40;28;31;37;30;32;35;38;40;36;50;45;49;56;53;57;60;63;69;54;48;54;54;55;50;60;46;70;55;46;44;60;50;39;54;45;53;49;52;48;49;67;35;54;58;48;52;49;48;54;35;38;44;36;29;23;32;22;24;21;21;20;18;18;15;19;14;11;14;10;6;4;3;6;2;0;2;1;0;2;1
092051;Quartu Sant'Elena;235;289;309;278;285;286;287;284;257;293;290;318;297;296;260;301;329;279;312;347;362;352;343;385;358;342;384;406;378;399;437;407;414;421;458;467;575;565;619;615;637;626;621;637;622;633;644;689;614;630;641;650;573;571;538;567;552;539;526;507;462;507;498;443;513;454;444;397;378;343;337;305;346;308;281;262;237;211;224;204;157;176;167;159;144;101;117;78;93;65;52;56;53;31;17;15;10;13;12;2;7
092066;Sarroch;24;19;12;23;25;21;22;15;17;20;13;21;19;10;21;19;14;17;18;23;36;30;33;29;20;29;36;35;21;30;41;36;39;36;43;46;34;48;39;34;31;49;31;33;43;33;41;47;40;41;39;36;36;47;39;47;45;41;35;37;35;35;40;41;34;38;27;22;23;31;33;26;39;28;29;24;26;22;15;15;19;24;13;18;14;15;6;5;5;5;9;2;4;5;1;3;1;0;1;0;0
092068;Selargius;94;110;108;108;131;108;119;101;125;128;127;142;144;146;109;123;129;123;124;137;172;136;175;134;164;129;150;163;147;142;179;169;202;193;199;223;224;267;229;239;247;263;255;264;265;281;260;303;281;230;233;220;258;268;249;240;250;234;255;216;214;219;207;216;206;176;153;176;139;122;159;130;129;104;111;116;96;84;80;74;75;75;70;59;66;57;40;39;40;34;17;16;21;14;5;5;4;5;2;2;0
092074;Sestu;111;94;119;106;103;119;113;102;105;122;106;90;104;75;90;83;78;73;83;73;83;86;76;107;105;105;122;96;118;105;152;159;173;173;196;183;237;249;254;220;232;261;229;203;202;174;210;188;168;171;144;131;123;113;101;114;97;101;109;101;109;84;75;85;90;81;75;80;72;70;79;69;87;57;55;41;55;63;62;37;46;43;29;27;32;27;26;20;14;15;7;13;7;0;3;3;5;3;1;0;2
092075;Settimo San Pietro;21;28;42;26;18;35;25;31;27;21;26;26;28;25;27;26;25;22;25;38;33;33;39;37;44;37;39;49;32;54;45;57;61;55;62;61;65;59;65;61;58;42;58;48;48;58;54;59;57;40;49;57;60;37;43;49;51;46;56;41;48;48;37;44;41;38;34;37;22;23;27;25;39;33;24;14;16;18;18;17;17;13;11;17;7;11;6;7;10;2;5;2;2;2;1;2;1;1;0;2;2
092080;Sinnai;92;68;86;72;89;84;73;68;70;78;83;80;84;73;66;68;75;74;78;98;82;76;90;89;95;101;96;112;97;117;114;130;122;131;125;143;137;167;175;157;162;171;146;152;157;133;127;130;141;144;144;116;115;118;120;112;120;110;91;112;80;103;87;100;112;104;88;76;83;66;81;77;71;72;54;65;55;50;40;47;41;40;36;34;37;31;24;23;15;18;12;7;16;11;5;4;5;6;2;0;3
092090;Uta;35;39;46;48;30;33;33;33;34;34;33;37;35;27;38;30;37;37;31;50;38;57;45;56;43;50;59;43;43;59;74;60;68;77;69;77;63;44;58;80;77;65;78;67;59;66;57;58;70;70;65;71;40;63;56;48;50;26;42;47;36;37;42;43;47;46;38;38;24;36;29;36;36;30;23;27;22;22;29;28;24;14;20;23;11;12;8;10;8;6;6;4;3;4;1;0;1;1;1;0;1
092099;Villa San Pietro;8;11;9;12;10;4;10;11;8;5;8;8;4;6;9;6;11;8;7;9;11;9;12;10;11;11;9;14;11;19;13;13;15;15;19;29;22;17;17;18;21;20;23;17;17;14;10;11;12;13;10;16;9;16;14;13;17;14;18;17;12;16;14;9;19;12;15;10;13;14;9;8;8;5;5;2;8;2;6;3;8;5;4;1;4;3;2;1;5;3;1;1;0;1;1;0;0;0;0;0;0
092105;Quartucciu;57;57;69;80;55;68;72;55;46;51;55;48;50;49;45;59;45;57;73;61;64;60;73;71;60;52;62;65;68;68;62;92;68;97;114;91;122;118;122;144;134;123;127;130;106;128;150;122;133;111;115;113;77;104;102;84;86;72;89;67;84;71;74;83;74;59;62;68;56;48;50;62;53;58;52;47;44;37;50;38;37;36;34;27;34;23;33;12;14;13;16;10;12;1;4;2;2;3;2;3;4
092108;Elmas;30;34;42;37;49;42;35;30;36;36;46;43;41;32;31;42;33;24;47;49;51;46;40;57;46;58;62;43;48;51;61;60;49;47;70;68;65;84;79;77;73;88;94;79;106;75;96;85;90;80;74;73;69;79;70;64;56;75;74;67;63;59;53;49;62;55;51;48;32;50;43;36;31;34;32;32;31;29;29;27;29;24;16;22;26;12;19;11;8;6;8;4;9;5;2;0;0;4;0;2;0
092109;Monserrato;80;68;85;78;86;75;101;57;64;69;76;66;76;80;71;76;69;103;85;84;93;94;113;113;113;104;114;92;106;111;130;121;121;109;138;147;164;151;144;162;175;174;156;186;183;159;166;196;197;195;166;171;195;175;172;175;172;149;179;142;129;165;149;170;142;134;129;129;91;92;115;92;139;114;100;101;99;90;94;77;89;61;72;50;61;52;38;34;32;30;27;22;24;12;7;7;4;3;1;0;2
;Totale;1585;1550;1651;1639;1672;1669;1688;1593;1655;1706;1644;1734;1653;1672;1557;1604;1619;1628;1757;1883;1947;1934;2078;2052;2098;2081;2186;2226;2196;2370;2570;2576;2604;2657;2880;3029;3279;3467;3588;3625;3659;3779;3578;3636;3659;3660;3673;3852;3772;3624;3531;3449;3276;3348;3179;3240;3228;3057;3201;3020;2931;2927;2912;2870;2934;2865;2608;2620;2269;2336;2450;2336;2482;2220;2054;1923;1890;1711;1761;1713;1493;1422;1434;1303;1252;1070;998;799;785;619;511;466;394;233;146;112;106;104;66;39;65

"Ricostruzione della popolazione intercensuaria - Popolazione al 1° gennaio per età"
"Cittadinanza italiana - Anno: 2014 - Provincia: Cagliari"
Territorio/Età;;0;1;2;3;4;5;6;7;8;9;10;11;12;13;14;15;16;17;18;19;20;21;22;23;24;25;26;27;28;29;30;31;32;33;34;35;36;37;38;39;40;41;42;43;44;45;46;47;48;49;50;51;52;53;54;55;56;57;58;59;60;61;62;63;64;65;66;67;68;69;70;71;72;73;74;75;76;77;78;79;80;81;82;83;84;85;86;87;88;89;90;91;92;93;94;95;96;97;98;99;100
Codice comune;Comune;Totale
092003;Assemini;213;278;235;271;260;245;263;249;289;248;232;269;243;230;241;222;224;225;240;236;218;254;249;294;261;291;294;296;297;343;340;356;361;379;416;446;430;451;501;468;542;480;515;431;467;524;492;482;512;494;479;438;382;433;382;376;371;378;352;339;341;339;334;303;296;281;255;251;214;230;195;237;216;211;190;172;174;146;117;125;124;95;100;101;75;73;64;43;35;40;31;22;19;10;13;7;2;0;1;0;3
092009;Cagliari;783;932;847;900;927;969;898;960;993;981;1037;950;1046;979;1105;1000;1032;1063;1066;1159;1187;1160;1275;1406;1315;1411;1346;1398;1457;1450;1493;1492;1515;1643;1607;1752;1797;1901;2082;2237;2220;2281;2310;2164;2321;2285;2345;2408;2483;2525;2360;2279;2321;2261;2255;2138;2257;2233;2122;2197;2060;2138;2015;2144;2057;2092;2193;1983;1953;1783;1808;1928;1929;1980;1869;1710;1606;1593;1449;1447;1443;1225;1123;1208;1013;937;836;777;629;551;438;392;310;256;143;88;58;57;63;29;70
092011;Capoterra;183;209;205;222;212;253;224;252;234;229;250;226;227;228;217;224;235;199;220;221;222;242;230;243;221;250;270;227;254;238;269;293;280;263;315;311;347;399;388;425;451;410;443;405;428;390;471;428;439;422;437;401;356;330;383;312;339;307;322;320;304;287;279;285;249;289;268;275;275;208;210;205;189;188;184;161;130;140;112;92;125;78;99;79;75;67;42;46;29;40;22;16;15;10;13;4;10;3;4;3;3
092015;Decimomannu;67;70;78;63;74;63;72;62;76;81;83;73;87;72;76;68;59;76;82;69;84;74;84;93;73;72;88;85;84;105;84;112;116;144;104;140;135;128;155;151;171;179;131;154;162;129;145;151;144;145;142;130;122;126;118;101;85;104;101;86;84;94;91;85;88;101;83;96;84;55;86;88;73;68;51;55;51;46;33;51;30;40;34;29;23;32;12;16;13;12;9;9;7;4;3;3;1;0;2;1;1
092037;Maracalagonis;68;71;61;73;62;56;80;75;83;84;89;58;76;77;65;68;62;58;75;83;67;76;74;68;72;93;105;83;101;86;133;116;154;118;125;126;144;120;154;137;142;144;129;173;124;144;153;124;124;139;120;106;125;86;97;88;85;101;83;105;86;73;82;86;88;78;89;69;74;70;64;85;55;83;65;53;54;60;52;39;40;26;32;32;28;20;17;15;13;14;16;6;3;3;2;2;0;1;1;0;0
092050;Pula;53;62;66;48;66;64;64;70;60;49;53;40;63;65;54;49;59;49;52;62;55;71;59;59;65;79;70;58;87;90;79;85;85;91;106;128;117;117;121;135;121;104;101;118;132;106;127;110;128;111;99;118;105;97;102;102;102;97;97;99;103;93;110;84;108;112;99;102;96;95;85;86;80;81;70;64;59;52;35;41;38;40;31;34;30;26;26;23;13;17;10;9;8;2;4;2;1;1;1;1;2
092051;Quartu Sant'Elena;525;522;601;621;578;596;578;608;585;550;596;611;639;645;592;605;589;653;581;634;718;727;740;733;772;779;686;728;763;765;833;910;831;840;849;880;942;1107;1113;1217;1216;1242;1239;1201;1254;1179;1206;1252;1291;1240;1184;1214;1167;1103;1078;1070;1028;1031;1017;1031;958;892;856;900;875;948;889;866;789;672;622;649;617;650;583;519;448;453;369;380;350;282;265;286;244;213;149;156;112;114;75;65;58;60;32;17;12;7;10;7;4
092066;Sarroch;43;42;33;30;44;41;40;50;30;36;50;35;45;37;30;34;36;33;44;38;36;69;55;55;55;48;58;63;70;59;63;70;72;80;76;89;90;78;95;88;83;75;101;82;81;85;64;85;91;85;86;83;93;64;81;73;77;79;91;72;75;64;65;73;69;67;73;62;54;58;55;56;55;74;53;47;47;46;37;38;33;30;36;25;30;25;22;11;8;5;5;12;3;4;5;1;0;0;0;1;0
092068;Selargius;180;215;240;228;263;259;233;254;216;241;281;264;293;294;282;256;257;255;283;289;278;323;277;333;307;329;289;314;329;323;335;361;350;373;398;380;444;413;501;514;508;495;513;487;501;508;537;497;526;555;463;457;437;457;468;438;437;475;435;484;398;406;403;407;391;370;327;327;321;259;270;302;234;268;198;212;194;164;137;131;138;133;129;113;96;82;74;54;48;49;36;32;17;26;14;5;7;3;3;1;3
092074;Sestu;220;247;227;237;238;217;250;248;219;206;233;199;202;197;169;186;177;153;156;169;166;170;174;188;205;195;213;213;212;259;242;302;296;343;332;410;392;434;471;493;506;476;476;447;432;402;382;384;368;347;368;300;266;243;238;221;229;216;202;190;189;190;178;168;187;166;160;151;141;148;135;147;144;172;122;117;97;113;95;94;82;66;71;61;49;43;41;36;29;20;22;11;16;10;0;4;3;5;3;1;1
092075;Settimo San Pietro;69;54;67;71;65;58;72;55;53;56;52;54;48;57;51;55;66;52;55;69;67;68;65;70;75;73;71;77;101;85;111;106;119;120;124;130;128;127;120;138;122;135;100;107;86;108;111;112;108;112;94;95;92;111;77;91;89;94;93;99;82;78;85;95;91;78;76;65;64;47;57;58;44;59;56;36;32;35;36;22;29;29;22;17;25;16;18;17;11;12;3;6;2;1;3;2;1;1;2;0;3
092080;Sinnai;138;163;162;157;167;170;162;172;146;166;160;159;165;170;142;142;138;160;160;164;192;185;159;182;188;202;182;184;218;204;229;218;242;263;271;268;275;307;345;336;317;337;300;309;289;306;306;278;278;277;278;291;223;252;243;241;220;214;221;192;219;182;190;185;198;189;186;177;164;145;115;153;141;130;130;111;110;112;86;82;76;59;59;58;60;55;49;34;38;20;25;21;11;16;12;5;4;4;4;1;2
092090;Uta;89;82;78;97;88;81;69;71;64;79;68;61;75;70;68;72;56;66;82;75;108;63;102;91;92;81;104;122;103;109;136;153;140;145;155;151;160;141;132;133;135;146;134;153;128;127;148;141;130;150;143;133;133;100;123;119;100;103;79;85;96;83;71;88;84;86;87;70;75;60;63;64;72;64;60;54;53;46;43;46;44;41;36;33;26;24;15;11;12;13;10;6;6;3;5;3;0;1;1;1;1
092099;Villa San Pietro;14;19;26;23;23;16;12;16;18;16;12;25;14;13;15;21;12;21;17;16;18;17;16;26;19;20;27;14;29;23;34;27;38;34;29;36;51;38;40;42;36;37;42;42;39;34;36;24;23;24;23;21;31;16;31;23;24;28;29;33;25;29;29;36;23;32;23;26;22;25;31;27;17;18;20;15;5;15;4;11;3;12;12;7;4;7;3;5;1;4;4;1;1;0;1;1;0;0;0;0;0
092105;Quartucciu;107;123;106;118;155;118;137;126;134;102;113;120;113;110;117;102;110;105;117;130;127;134;132;145;152;124;106;137;137;143;140;143;163;163;181;207;188;218;254;254;299;267;257;248;256;215;265;271;252;251;240;206;226;180;173;200;173;172;145;166;148;150;147;151;148;151;117;139;115;96;82;93;115;102;102;88;88;82;71;77;60;58;55;48;39;53;28;47;16;20;19;12;13;14;2;5;1;0;3;2;7
092108;Elmas;64;68;72;89;81;96;76;79;68;73;81;83;78;94;63;74;80;77;63;89;109;97;97;84;93;90;97;105;95;100;108;108;113;99;116;135;133;137;164;165;163;170;175;161;156;195;146;170;163;171;152;153;143;152;154;145;127;114;137;131;138;102;121;120;102;119;109;96;75;68;88;76;74;68;70;56;66;59;50;50;46;42;40;27;43;36;20;23;20;16;9;17;4;11;5;2;1;0;4;1;2
092109;Monserrato;132;157;132;171;151;150;145;163;146;157;147;152;145;147;149;152;160;150;191;184;158;194;229;238;220;200;233;215;209;217;238;249;259;232;200;254;295;298;307;324;329;310;346;315;337;329;293;313;356;382;369;344;294;360;345;327;333;314;302;332;275;278;295;254;300;254;241;241;256;173;194;224;170;217;217;183;175;168;153;144;136;140;110;114;73;84;67;59;47;35;40;30;27;33;11;7;4;9;4;3;2
;Totale;2948;3314;3236;3419;3454;3452;3375;3510;3414;3354;3537;3379;3559;3485;3436;3330;3352;3395;3484;3687;3810;3924;4017;4308;4185;4337;4239;4319;4546;4599;4867;5101;5134;5330;5404;5843;6068;6414;6943;7257;7361;7288;7312;6997;7193;7066;7227;7230;7416;7430;7037;6769;6516;6371;6348;6065;6076;6060;5828;5961;5581;5478;5351;5464;5354;5413;5275;4996;4772;4192;4160;4478;4225;4433;4040;3653;3389;3330;2879;2870;2797;2396;2254;2272;1933;1793;1483;1373;1074;982;774;667;520;463;268;158;105;92;106;52;104
Territorio/Età;;0;1;2;3;4;5;6;7;8;9;10;11;12;13;14;15;16;17;18;19;20;21;22;23;24;25;26;27;28;29;30;31;32;33;34;35;36;37;38;39;40;41;42;43;44;45;46;47;48;49;50;51;52;53;54;55;56;57;58;59;60;61;62;63;64;65;66;67;68;69;70;71;72;73;74;75;76;77;78;79;80;81;82;83;84;85;86;87;88;89;90;91;92;93;94;95;96;97;98;99;100
Codice comune;Comune;Maschi
092003;Assemini;116;143;105;145;126;127;123;132;157;117;118;152;120;119;126;94;121;122;138;136;98;123;123;150;131;157;140;160;156;168;156;181;165;211;236;233;206;220;244;246;250;245;237;223;223;262;234;240;257;244;247;217;187;213;193;168;176;182;162;175;142;160;175;153;139;125;121;137;98;125;94;113;107;103;103;74;73;72;58;46;51;38;44;48;30;24;24;17;10;8;9;8;3;6;3;2;0;0;1;0;1
092009;Cagliari;406;463;431;484;491;514;452;511;522;467;536;479;529;509;558;527;536;569;549;602;597;598;649;738;680;724;707;713;746;751;755;752;763;839;790;898;922;962;1054;1089;1092;1113;1105;1035;1147;1079;1124;1164;1189;1213;1095;1042;1089;1077;1025;977;1041;1027;976;951;898;944;911;953;898;976;956;880;831;774;738;811;796;818;794;708;684;646;586;567;533;476;423;446;322;308;255;231;187;156;132;118;69;73;48;14;9;10;17;5;16
092011;Capoterra;103;118;110;107;109;129;108;125;128;101;130;106;123;118;123;124;125;103;115;110;114;131;111;131;134;136;135;114;121;114;130;147;146;145;167;166;172;182;181;223;228;189;232;192;228;184;241;220;224;218;224;199;164;173;193;158;164;153;167;152;138;131;135;141;122;132;119;143;128;102;91;107;90;96;87;75;65;63;47;44;52;42;45;37;37;29;21;20;12;16;6;4;6;2;7;0;3;0;2;1;2
092015;Decimomannu;35;36;33;39;35;27;40;31;41;41;43;41;38;47;36;42;36;40;45;36;48;35;45;51;44;36;46;46;37;49;46;52;55;83;53;73;65;65;78;79;94;95;68;93;75;66;73;87;76;71;73;49;62;64;61;61;42;48;48;44;44;50;39;36;43;44;45;49;40;34;32;37;32;36;29;26;27;24;15;18;17;14;14;14;9;9;5;11;4;5;3;4;2;1;0;0;1;0;1;0;0
092037;Maracalagonis;37;35;37;39;37;27;42;41;44;46;44;30;45;41;33;34;38;31;41;37;33;38;42;36;32;50;54;37;63;36;67;52;74;56;63;76;71;68;74;87;79;84;59;95;61;73;88;68;62;70;68;48;66;50;51;39;40;46;45;53;45;44;44;30;44;43;44;42;35;37;31;42;27;43;31;30;26;25;23;13;19;13;19;15;11;9;8;4;6;4;6;2;1;1;1;0;0;0;0;0;0
092050;Pula;32;33;33;32;34;32;34;34;30;28;27;26;35;36;31;23;32;29;30;35;22;32;33;25;26;49;34;24;47;50;45;37;41;44;49;72;60;57;60;66;69;57;45;63;79;57;69;65;57;53;53;71;45;47;62;48;55;45;49;47;54;45;46;50;53;53;51;51;48;51;30;49;42;39;35;37;36;21;15;16;18;20;11;16;13;11;8;8;4;4;1;3;4;0;1;0;1;0;0;1;0
092051;Quartu Sant'Elena;258;286;313;319;303;309;297;325;303;294;302;321;320;348;296;342;291;323;304;323;381;373;392;391;395;415;363;347;375;397;438;465;428;435;433;421;486;535;546;603;600;598;607;576;615;567;584;614;599;627;560;588;528;531;510;541;468;478;480;505;461;437;355;408;436;436;441;425;394;302;282;317;319;312;284;241;191;221;165;163;152;125;99;126;95;74;54;44;39;34;22;19;9;13;7;2;2;1;1;1;0
092066;Sarroch;14;20;14;15;21;17;19;28;14;19;30;22;23;18;20;14;16;20;28;22;13;32;27;22;26;29;31;28;35;38;31;32;38;42;40;46;45;44;46;49;50;45;53;51;47;42;32;44;48;46;45;43;58;28;35;33;33;35;49;38;40;31;31;33;30;31;35;36;33;35;26;23;29;34;25;19;24;20;14;24;18;10;13;12;12;11;9;5;3;0;2;3;1;1;0;0;0;0;0;1;0
092068;Selargius;82;115;131;120;150;126;120;131;112;117;155;134;154;153;135;145;135;123;158;165;140;151;138;159;169;160;156;166;170;184;194;178;181;177;206;191;212;187;233;273;260;243;245;232;227;244;253;237;224;267;234;224;219;200;200;189;200;227;200;230;184;196;185;198;178;168;152;171;151;121;147;143;104;137;97;102;80;69;53;52;66;58;56;45;38;20;21;17;12;13;7;15;3;7;3;1;1;0;0;0;0
092074;Sestu;121;131;140;119;132;118;135;140;119;99;109;96;111;96;93;96;93;80;83;86;92;85;87;108;94;91;104;90;111;134;131;146;134;154;153;209;202;198;218;237;290;248;217;224;233;198;207;178;180;181;198;157;135;123;126;120;115;120;101;82;88;82;95;93;102;78;77;81;62;75;66;68;75;85;65;62;56;59;33;32;46;24;29;31;24;16;15;12;11;9;6;4;5;3;0;1;1;1;0;0;0
092075;Settimo San Pietro;36;32;39;29;39;38;39;31;23;30;30;28;22;29;27;27;39;27;31;42;28;35;30;32;37;32;37;37;51;52;57;57;62;55;68;63;65;66;60;74;64;81;59;54;39;60;53;56;50;54;55;47;36;51;41;48;42;43;46;44;40;30;37;57;48;37;37;31;27;25;34;30;19;20;25;12;18;19;18;4;15;10;11;8;9;9;7;12;6;2;1;1;1;0;2;1;0;0;1;0;0
092080;Sinnai;71;75;93;71;93;81;78;99;80;96;84;75;84;88;69;76;71;89;90;87;95;103;86;92;98;105;80;89;105;104;114;108;112;137;141;139;133;164;174;159;159;172;128;166;138;150;172;149;148;137;134;147;104;136;126;121;106;95;110;101;106;101;88;99;100;80;81;90;89;64;50;75;64;62;59;60;49;57;36;43;31;20;22;28;31;20;17;15;15;5;14;9;5;4;3;0;0;1;0;0;0
092090;Uta;43;44;38;49;38;50;37;33;33;46;35;29;37;33;36;34;26;28;47;43;56;25;41;44;37;39;47;56;54;63;73;75;78;73;75;80;78;75;88;71;52;62;68;76;63;68;83;82;69;79;73;68;63;59;59;64;52;53;53;44;48;46;34;47;41;38;39;31;37;36;28;37;36;29;30;31;29;24;20;17;18;17;22;14;4;13;4;3;4;5;3;0;2;1;1;2;0;0;0;0;0
092099;Villa San Pietro;5;10;13;14;12;6;8;6;10;8;5;17;7;9;9;12;6;11;9;7;9;7;6;15;9;10;15;7;11;10;14;13;24;19;15;16;23;17;23;24;17;17;23;20;21;16;20;13;12;13;10;10;15;7;15;9;12;11;16;15;8;17;14;22;13;14;11;11;11;12;17;18;9;10;15;9;3;8;2;5;0;4;7;2;3;4;1;4;0;0;1;0;0;0;0;0;0;0;0;0;0
092105;Quartucciu;57;65;46;50;79;60;67;54;78;52;61;66;65;57;68;58;54;57;59;57;65;69;71;70;78;67;56;74;70;74;66;79;68;99;84;89;98;95;127;128;156;131;138;121;127;108;133;122;127;121;124;91;113;102;68;99;89;87;74;77;79;66;74;75;66;75;59;78;50;40;35;45;54;50;45;37;41;39;33;29;21;22;22;15;14;19;6;18;6;7;8;1;5;4;1;1;1;0;1;0;2
092108;Elmas;41;34;38;50;45;46;34;44;38;37;47;36;37;53;30;42;43;45;40;43;62;46;51;45;39;47;41;47;50;49;54;47;51;50;68;65;67;72;80;82;82;90;85;71;75;92;71;77;82;81;75;74;70;83;73;78;65;59;63;57;70;42;61;67;53;59;54;48;27;37;40;33;39;36;38;27;35;28;23;23;19;15;16;12;22;12;8;5;9;9;4;9;0;2;1;0;1;0;1;1;0
092109;Monserrato;66;81;64;82;75;67;69;63;90;94;83;75;77;69;70;81;83;80;90;97;70;102;137;126;109;92;130;105;120;116;120;120;132;111;97;118;150;137;161;177;173;138;170;155;156;149;135;148;160;187;168;175;126;166;169;156;159;143;155;154;134;148;131;107;134;114;106;111;128;84;103;108;77;77;104;82;72;71;65;53;60;53;52;45;24;25;18;21;16;8;16;3;6;11;0;0;1;3;2;2;0
;Totale;1523;1721;1678;1764;1819;1774;1702;1828;1822;1692;1839;1733;1827;1823;1760;1771;1745;1777;1857;1928;1923;1985;2069;2235;2138;2239;2176;2140;2322;2389;2491;2541;2552;2730;2738;2955;3055;3144;3447;3667;3715;3608;3539;3447;3554;3415;3572;3564;3564;3662;3436;3250;3080;3110;3007;2909;2859;2852;2794;2769;2579;2570;2455;2569;2500;2503;2428;2415;2189;1954;1844;2056;1919;1987;1866;1632;1509;1466;1206;1149;1136;961;905;914;698;613;481;447;344;285;241;203;122;129;78;24;21;16;27;12;21
Territorio/Età;;0;1;2;3;4;5;6;7;8;9;10;11;12;13;14;15;16;17;18;19;20;21;22;23;24;25;26;27;28;29;30;31;32;33;34;35;36;37;38;39;40;41;42;43;44;45;46;47;48;49;50;51;52;53;54;55;56;57;58;59;60;61;62;63;64;65;66;67;68;69;70;71;72;73;74;75;76;77;78;79;80;81;82;83;84;85;86;87;88;89;90;91;92;93;94;95;96;97;98;99;100
Codice comune;Comune;Femmine
092003;Assemini;97;135;130;126;134;118;140;117;132;131;114;117;123;111;115;128;103;103;102;100;120;131;126;144;130;134;154;136;141;175;184;175;196;168;180;213;224;231;257;222;292;235;278;208;244;262;258;242;255;250;232;221;195;220;189;208;195;196;190;164;199;179;159;150;157;156;134;114;116;105;101;124;109;108;87;98;101;74;59;79;73;57;56;53;45;49;40;26;25;32;22;14;16;4;10;5;2;0;0;0;2
092009;Cagliari;377;469;416;416;436;455;446;449;471;514;501;471;517;470;547;473;496;494;517;557;590;562;626;668;635;687;639;685;711;699;738;740;752;804;817;854;875;939;1028;1148;1128;1168;1205;1129;1174;1206;1221;1244;1294;1312;1265;1237;1232;1184;1230;1161;1216;1206;1146;1246;1162;1194;1104;1191;1159;1116;1237;1103;1122;1009;1070;1117;1133;1162;1075;1002;922;947;863;880;910;749;700;762;691;629;581;546;442;395;306;274;241;183;95;74;49;47;46;24;54
092011;Capoterra;80;91;95;115;103;124;116;127;106;128;120;120;104;110;94;100;110;96;105;111;108;111;119;112;87;114;135;113;133;124;139;146;134;118;148;145;175;217;207;202;223;221;211;213;200;206;230;208;215;204;213;202;192;157;190;154;175;154;155;168;166;156;144;144;127;157;149;132;147;106;119;98;99;92;97;86;65;77;65;48;73;36;54;42;38;38;21;26;17;24;16;12;9;8;6;4;7;3;2;2;1
092015;Decimomannu;32;34;45;24;39;36;32;31;35;40;40;32;49;25;40;26;23;36;37;33;36;39;39;42;29;36;42;39;47;56;38;60;61;61;51;67;70;63;77;72;77;84;63;61;87;63;72;64;68;74;69;81;60;62;57;40;43;56;53;42;40;44;52;49;45;57;38;47;44;21;54;51;41;32;22;29;24;22;18;33;13;26;20;15;14;23;7;5;9;7;6;5;5;3;3;3;0;0;1;1;1
092037;Maracalagonis;31;36;24;34;25;29;38;34;39;38;45;28;31;36;32;34;24;27;34;46;34;38;32;32;40;43;51;46;38;50;66;64;80;62;62;50;73;52;80;50;63;60;70;78;63;71;65;56;62;69;52;58;59;36;46;49;45;55;38;52;41;29;38;56;44;35;45;27;39;33;33;43;28;40;34;23;28;35;29;26;21;13;13;17;17;11;9;11;7;10;10;4;2;2;1;2;0;1;1;0;0
092050;Pula;21;29;33;16;32;32;30;36;30;21;26;14;28;29;23;26;27;20;22;27;33;39;26;34;39;30;36;34;40;40;34;48;44;47;57;56;57;60;61;69;52;47;56;55;53;49;58;45;71;58;46;47;60;50;40;54;47;52;48;52;49;48;64;34;55;59;48;51;48;44;55;37;38;42;35;27;23;31;20;25;20;20;20;18;17;15;18;15;9;13;9;6;4;2;3;2;0;1;1;0;2
092051;Quartu Sant'Elena;267;236;288;302;275;287;281;283;282;256;294;290;319;297;296;263;298;330;277;311;337;354;348;342;377;364;323;381;388;368;395;445;403;405;416;459;456;572;567;614;616;644;632;625;639;612;622;638;692;613;624;626;639;572;568;529;560;553;537;526;497;455;501;492;439;512;448;441;395;370;340;332;298;338;299;278;257;232;204;217;198;157;166;160;149;139;95;112;73;80;53;46;49;47;25;15;10;6;9;6;4
092066;Sarroch;29;22;19;15;23;24;21;22;16;17;20;13;22;19;10;20;20;13;16;16;23;37;28;33;29;19;27;35;35;21;32;38;34;38;36;43;45;34;49;39;33;30;48;31;34;43;32;41;43;39;41;40;35;36;46;40;44;44;42;34;35;33;34;40;39;36;38;26;21;23;29;33;26;40;28;28;23;26;23;14;15;20;23;13;18;14;13;6;5;5;3;9;2;3;5;1;0;0;0;0;0
092068;Selargius;98;100;109;108;113;133;113;123;104;124;126;130;139;141;147;111;122;132;125;124;138;172;139;174;138;169;133;148;159;139;141;183;169;196;192;189;232;226;268;241;248;252;268;255;274;264;284;260;302;288;229;233;218;257;268;249;237;248;235;254;214;210;218;209;213;202;175;156;170;138;123;159;130;131;101;110;114;95;84;79;72;75;73;68;58;62;53;37;36;36;29;17;14;19;11;4;6;3;3;1;3
092074;Sestu;99;116;87;118;106;99;115;108;100;107;124;103;91;101;76;90;84;73;73;83;74;85;87;80;111;104;109;123;101;125;111;156;162;189;179;201;190;236;253;256;216;228;259;223;199;204;175;206;188;166;170;143;131;120;112;101;114;96;101;108;101;108;83;75;85;88;83;70;79;73;69;79;69;87;57;55;41;54;62;62;36;42;42;30;25;27;26;24;18;11;16;7;11;7;0;3;2;4;3;1;1
092075;Settimo San Pietro;33;22;28;42;26;20;33;24;30;26;22;26;26;28;24;28;27;25;24;27;39;33;35;38;38;41;34;40;50;33;54;49;57;65;56;67;63;61;60;64;58;54;41;53;47;48;58;56;58;58;39;48;56;60;36;43;47;51;47;55;42;48;48;38;43;41;39;34;37;22;23;28;25;39;31;24;14;16;18;18;14;19;11;9;16;7;11;5;5;10;2;5;1;1;1;1;1;1;1;0;3
092080;Sinnai;67;88;69;86;74;89;84;73;66;70;76;84;81;82;73;66;67;71;70;77;97;82;73;90;90;97;102;95;113;100;115;110;130;126;130;129;142;143;171;177;158;165;172;143;151;156;134;129;130;140;144;144;119;116;117;120;114;119;111;91;113;81;102;86;98;109;105;87;75;81;65;78;77;68;71;51;61;55;50;39;45;39;37;30;29;35;32;19;23;15;11;12;6;12;9;5;4;3;4;1;2
092090;Uta;46;38;40;48;50;31;32;38;31;33;33;32;38;37;32;38;30;38;35;32;52;38;61;47;55;42;57;66;49;46;63;78;62;72;80;71;82;66;44;62;83;84;66;77;65;59;65;59;61;71;70;65;70;41;64;55;48;50;26;41;48;37;37;41;43;48;48;39;38;24;35;27;36;35;30;23;24;22;23;29;26;24;14;19;22;11;11;8;8;8;7;6;4;2;4;1;0;1;1;1;1
092099;Villa San Pietro;9;9;13;9;11;10;4;10;8;8;7;8;7;4;6;9;6;10;8;9;9;10;10;11;10;10;12;7;18;13;20;14;14;15;14;20;28;21;17;18;19;20;19;22;18;18;16;11;11;11;13;11;16;9;16;14;12;17;13;18;17;12;15;14;10;18;12;15;11;13;14;9;8;8;5;6;2;7;2;6;3;8;5;5;1;3;2;1;1;4;3;1;1;0;1;1;0;0;0;0;0
092105;Quartucciu;50;58;60;68;76;58;70;72;56;50;52;54;48;53;49;44;56;48;58;73;62;65;61;75;74;57;50;63;67;69;74;64;95;64;97;118;90;123;127;126;143;136;119;127;129;107;132;149;125;130;116;115;113;78;105;101;84;85;71;89;69;84;73;76;82;76;58;61;65;56;47;48;61;52;57;51;47;43;38;48;39;36;33;33;25;34;22;29;10;13;11;11;8;10;1;4;0;0;2;2;5
092108;Elmas;23;34;34;39;36;50;42;35;30;36;34;47;41;41;33;32;37;32;23;46;47;51;46;39;54;43;56;58;45;51;54;61;62;49;48;70;66;65;84;83;81;80;90;90;81;103;75;93;81;90;77;79;73;69;81;67;62;55;74;74;68;60;60;53;49;60;55;48;48;31;48;43;35;32;32;29;31;31;27;27;27;27;24;15;21;24;12;18;11;7;5;8;4;9;4;2;0;0;3;0;2
092109;Monserrato;66;76;68;89;76;83;76;100;56;63;64;77;68;78;79;71;77;70;101;87;88;92;92;112;111;108;103;110;89;101;118;129;127;121;103;136;145;161;146;147;156;172;176;160;181;180;158;165;196;195;201;169;168;194;176;171;174;171;147;178;141;130;164;147;166;140;135;130;128;89;91;116;93;140;113;101;103;97;88;91;76;87;58;69;49;59;49;38;31;27;24;27;21;22;11;7;3;6;2;1;2
;Totale;1425;1593;1558;1655;1635;1678;1673;1682;1592;1662;1698;1646;1732;1662;1676;1559;1607;1618;1627;1759;1887;1939;1948;2073;2047;2098;2063;2179;2224;2210;2376;2560;2582;2600;2666;2888;3013;3270;3496;3590;3646;3680;3773;3550;3639;3651;3655;3666;3852;3768;3601;3519;3436;3261;3341;3156;3217;3208;3034;3192;3002;2908;2896;2895;2854;2910;2847;2581;2583;2238;2316;2422;2306;2446;2174;2021;1880;1864;1673;1721;1661;1435;1349;1358;1235;1180;1002;926;730;697;533;464;398;334;190;134;84;76;79;40;83

"Ricostruzione della popolazione intercensuaria - Popolazione al 1° gennaio per età"
"Cittadinanza italiana - Anno: 2015 - Provincia: Cagliari"
Territorio/Età;;0;1;2;3;4;5;6;7;8;9;10;11;12;13;14;15;16;17;18;19;20;21;22;23;24;25;26;27;28;29;30;31;32;33;34;35;36;37;38;39;40;41;42;43;44;45;46;47;48;49;50;51;52;53;54;55;56;57;58;59;60;61;62;63;64;65;66;67;68;69;70;71;72;73;74;75;76;77;78;79;80;81;82;83;84;85;86;87;88;89;90;91;92;93;94;95;96;97;98;99;100
Codice comune;Comune;Totale
092003;Assemini;206;206;271;220;271;255;248;258;248;287;248;230;270;236;226;239;217;223;224;237;231;217;252;244;296;267;290;290;290;288;343;343;345;362;382;410;433;433;457;499;469;543;476;507;428;465;521;484;480;510;490;475;433;378;427;377;373;364;381;350;330;337;336;335;296;292;278;258;249;210;228;192;230;216;206;188;168;174;143;110;116;126;93;101;97;68;65;62;38;26;29;28;18;18;7;9;5;1;0;1;4
092009;Cagliari;845;808;941;866;905;962;999;907;970;1007;990;1060;968;1064;996;1112;1012;1040;1082;1078;1181;1194;1167;1300;1400;1316;1406;1341;1385;1456;1443;1483;1496;1501;1615;1605;1772;1793;1904;2091;2239;2238;2292;2320;2204;2350;2309;2348;2413;2496;2529;2379;2265;2317;2255;2276;2139;2245;2222;2098;2183;2043;2119;2000;2117;2035;2071;2171;1954;1932;1762;1788;1900;1890;1957;1822;1677;1568;1543;1405;1396;1362;1165;1070;1133;953;877;782;699;556;481;374;330;262;215;108;72;48;40;44;65
092011;Capoterra;178;179;210;199;218;208;249;222;247;228;224;249;221;221;223;215;223;231;198;213;218;221;240;232;237;218;248;271;221;254;247;258;285;272;264;309;309;335;394;384;423;453;409;436;397;417;386;472;419;432;412;432;399;355;324;376;310;339;306;322;310;299;285;272;275;242;283;265;267;273;205;207;199;184;183;177;154;124;138;109;87;120;74;93;73;71;66;43;42;28;38;18;14;12;9;14;4;7;3;5;4
092015;Decimomannu;74;64;71;78;67;76;60;72;61;76;81;85;70;84;76;76;68;59;78;79;69;81;76;82;95;74;71;83;85;87;108;85;116;113;138;107;138;137;130;161;155;170;178;131;153;160;137;147;147;145;144;142;129;121;125;113;101;84;104;100;87;84;91;90;87;88;97;81;93;84;54;86;85;74;68;49;53;50;45;31;45;25;35;32;28;23;28;9;14;13;10;6;8;5;3;2;1;0;0;2;1
092037;Maracalagonis;73;70;69;61;73;62;55;78;75;83;85;87;56;75;81;67;72;62;61;76;82;71;75;75;67;74;93;107;87;98;90;130;109;156;122;125;127;148;120;159;137;141;141;128;175;129;144;150;120;127;140;122;106;125;86;93;90;85;100;80;110;86;72;81;87;84;78;90;65;72;66;63;84;54;80;61;52;49;51;49;39;37;25;28;26;25;15;16;13;9;11;11;4;2;1;2;1;0;0;0;0
092050;Pula;51;51;63;67;51;66;61;63;70;63;49;53;41;61;63;54;47;59;49;54;63;55;71;55;59;66;78;73;55;90;90;85;84;88;93;109;127;117;113;115;135;117;106;101;121;131;104;129;106;128;111;102;118;103;94;99;100;104;101;99;99;102;93;111;86;105;115;99;101;96;92;84;88;77;76;69;62;60;49;36;38;35;39;31;32;29;25;22;17;11;12;10;6;7;2;4;1;1;0;0;3
092051;Quartu Sant'Elena;489;522;529;591;613;576;599;582;606;589;555;587;611;638;644;590;597;587;646;579;626;710;727;740;737;766;777;700;714;749;749;836;913;842;851;854;895;945;1096;1121;1204;1210;1233;1224;1187;1238;1176;1220;1240;1284;1235;1173;1214;1163;1093;1067;1064;1018;1027;1009;1023;950;883;843;889;875;945;876;864;774;663;612;643;601;640;570;510;438;440;358;366;335;266;245;270;234;199;139;134;102;94;61;49;42;48;29;18;11;4;7;7
092066;Sarroch;43;41;40;31;31;44;41;39;49;27;32;51;36;44;37;32;33;36;35;40;38;35;67;50;54;55;49;53;60;69;56;60;71;71;79;72;87;90;78;90;85;85;74;101;81;81;83;64;85;91;86;83;81;93;64;82;75;78;79;91;71;78;64;64;73;71;64;70;61;53;58;53;53;53;75;53;49;44;47;37;38;32;29;34;23;29;24;21;9;7;5;4;11;2;3;3;0;0;0;0;1
092068;Selargius;192;181;219;248;240;258;255;239;256;208;242;280;262;290;298;276;254;260;250;279;290;271;325;279;345;307;338;277;316;335;335;325;354;340;387;408;385;443;420;507;517;502;502;510;483;500;499;528;500;519;557;457;452;438;456;468;424;435;463;436;480;394;401;399;405;384;369;324;323;319;251;263;299;228;263;197;201;190;162;133;132;131;125;124;108;92;69;70;49;46;43;31;24;15;24;12;2;6;3;2;1
092074;Sestu;201;217;246;217;235;233;215;249;249;222;203;233;201;199;201;169;184;176;153;157;170;163;174;169;186;201;199;217;218;211;273;254;305;304;352;318;408;395;428;464;485;497;476;480;446;429;405;373;378;362;346;369;298;264;250;235;219;230;216;202;192;191;187;180;171;182;166;157;151;140;144;137;145;142;165;119;113;96;110;91;93;82;64;73;56;45;42;38;34;25;17;18;10;15;9;0;4;3;3;2;2
092075;Settimo San Pietro;55;67;58;68;71;68;58;71;55;50;57;53;53;53;57;48;55;65;53;55;67;65;66;63;70;74;75;67;73;104;85;109;101;116;118;127;129;136;129;115;138;124;138;98;107;92;107;114;114;109;112;94;92;93;110;77;92;87;96;91;100;84;74;80;93;90;75;75;65;65;45;58;55;42;57;58;35;32;36;36;19;27;26;20;17;25;13;16;14;9;11;3;3;3;1;2;2;0;1;2;2
092080;Sinnai;131;138;164;162;156;166;167;159;173;147;165;155;155;164;168;138;138;137;158;157;167;190;185;153;186;181;200;178;189;219;203;235;224;238;259;264;271;276;303;341;343;315;333;299;307;286;303;301;281;275;275;273;290;222;244;243;236;219;211;221;191;218;183;192;184;196;183;184;174;161;145;115;155;137;122;125;104;107;106;84;82;78;56;56;50;54;53;49;30;34;13;16;16;9;14;10;4;4;3;2;2
092090;Uta;89;91;85;83;97;85;82;71;71;66;81;68;63;77;70;67;74;55;67;85;75;107;65;103;89;92;87;107;128;107;109;145;153;143;149;152;153;166;144;136;138;137;148;137;153;129;132;147;138;133;153;143;138;133;99;123;119;100;104;78;84;99;86;70;88;82;85;86;68;77;58;64;61;72;63;59;51;49;44;42;46;42;39;33;31;23;24;13;11;12;10;10;6;4;3;4;3;0;1;0;1
092099;Villa San Pietro;24;15;19;29;21;21;16;13;17;17;19;12;25;15;14;15;22;12;21;17;17;17;18;13;25;19;20;26;16;31;25;35;26;38;37;31;37;45;42;42;43;37;34;44;43;42;34;36;25;25;26;22;21;31;16;32;23;21;28;30;34;25;26;30;35;24;31;22;25;22;25;32;25;17;17;18;15;6;14;4;11;4;12;10;7;4;7;3;5;1;2;4;1;1;0;0;1;0;0;0;0
092105;Quartucciu;110;105;114;106;121;153;119;134;123;135;104;114;122;111;109;117;104;108;105;114;128;131;132;126;137;152;120;109;134;138;140;136;148;162;166;178;203;187;219;253;251;306;270;260;246;267;211;262;267;255;243;242;210;227;177;172;198;174;171;147;164;148;152;145;150;145;151;118;138;114;95;82;90;112;100;101;86;86;81;68;76;54;55;50;47;37;47;27;40;14;18;15;12;9;11;2;4;1;0;1;7
092108;Elmas;46;75;68;74;92;75;96;82;77;68;77;81;83;80;90;64;74;79;78;66;88;107;95;100;86;98;89;98;104;98;90;121;106;110;101;122;139;136;149;167;168;167;165;176;156;160;196;144;172;163;171;156;154;144;151;155;143;124;118;135;130;134;105;119;117;102;120;104;97;76;69;86;76;70;66;70;54;65;56;50;49;44;40;40;26;43;32;18;20;17;9;8;12;4;7;5;2;1;0;2;2
092109;Monserrato;127;123;154;140;167;151;143;146;160;147;155;150;157;143;149;150;151;164;149;188;184;156;193;225;232;218;195;232;213;206;211;232;248;260;237;198;243;285;294;309;324;328;315;348;315;335;324;293;317;361;380;372;338;289;357;346;325;330;310;301;332;274;273;294;255;300;248;237;235;253;171;189;217;169;212;213;178;171;168;151;143;131;135;101;109;71;79;61;55;41;31;34;26;24;29;10;9;4;7;4;3
;Totale;2934;2953;3321;3240;3429;3459;3463;3385;3507;3420;3367;3548;3394;3555;3502;3429;3325;3353;3407;3474;3694;3791;3928;4009;4301;4178;4335;4229;4288;4540;4597;4872;5084;5116;5350;5389;5856;6067;6420;6954;7254;7370;7290;7300;7002;7211;7071;7212;7202;7415;7410;7036;6738;6496;6328;6334;6031;6037;6037;5790;5920;5546;5430;5305;5408;5297;5359;5217;4930;4721;4131;4111;4405;4138;4350;3949;3562;3309;3233;2794;2776;2665;2278;2141;2133;1826;1665;1389;1224;951;834;651;550;434;386;216;133;87;65;74;105
Territorio/Età;;0;1;2;3;4;5;6;7;8;9;10;11;12;13;14;15;16;17;18;19;20;21;22;23;24;25;26;27;28;29;30;31;32;33;34;35;36;37;38;39;40;41;42;43;44;45;46;47;48;49;50;51;52;53;54;55;56;57;58;59;60;61;62;63;64;65;66;67;68;69;70;71;72;73;74;75;76;77;78;79;80;81;82;83;84;85;86;87;88;89;90;91;92;93;94;95;96;97;98;99;100
Codice comune;Comune;Maschi
092003;Assemini;97;113;134;100;144;123;128;119;134;154;118;117;154;113;117;125;93;118;122;132;132;99;125;119;148;132;158;144;153;151;165;162;181;167;214;230;228;209;224;244;242;255;244;233;223;223;264;229;239;257;244;240;217;184;208;189;167;174;182;160;168;140;157;174;154;135;124;123;138;96;125;92;107;107;99;102;71;73;69;55;41;52;36;44;46;26;23;24;15;7;6;9;7;3;4;2;1;0;0;1;1
092009;Cagliari;451;416;471;441;485;512;523;454;512;533;472;545;485;535;512;560;533;542;582;557;615;597;606;661;742;682;712;693;693;749;734;739;760;743;807;784;901;917;952;1051;1085;1089;1121;1105;1051;1149;1096;1124;1164;1197;1219;1110;1028;1090;1080;1042;979;1039;1018;968;940;895;930;902;937;880;967;932;867;819;759;726;795;770;804;766;689;663;616;558;549;491;453;395;411;299;282;235;201;153;138;111;96;51;61;34;10;5;5;13;15
092011;Capoterra;90;101;120;109;106;106;124;105;123;122;101;129;106;124;115;121;122;121;104;113;110;114;130;110;127;131;137;133;109;122;120;120;143;141;146;164;167;167;179;182;224;232;184;224;188;226;182;240;216;221;213;219;197;160;170;192;156;162;153;170;147;136;130;132;136;117;132;118;137;127;101;88;102;86;90;81;73;60;59;45;39;49;37;42;33;33;28;21;17;12;14;5;3;5;3;7;0;2;0;2;2
092015;Decimomannu;38;33;39;33;39;35;26;40;31;41;41;45;40;36;48;36;42;37;40;43;38;46;35;43;51;44;35;44;45;38;51;43;55;53;81;54;73;68;66;81;84;93;95;69;92;75;69;73;86;77;71;73;47;63;64;58;61;41;49;45;44;43;49;39;38;43;41;43;46;41;33;32;34;32;36;29;24;26;23;15;15;13;13;13;13;9;5;5;8;4;4;3;3;1;1;0;0;0;0;1;0
092037;Maracalagonis;34;39;32;36;41;36;26;42;43;44;47;43;28;44;43;32;37;37;33;41;36;35;35;43;36;33;54;54;41;59;40;67;48;79;58;63;75;74;68;77;86;79;81;56;95;64;71;85;65;65;70;68;48;64;51;48;41;39;43;42;57;45;43;45;31;41;43;43;38;33;33;29;41;26;42;28;29;21;19;21;13;17;12;17;11;11;6;7;2;3;4;2;1;1;0;1;0;0;0;0;0
092050;Pula;25;30;33;33;33;34;29;32;34;34;29;26;27;35;35;31;21;32;29;32;35;22;35;32;25;26;48;36;23;49;51;49;39;44;46;53;73;61;56;55;66;67;58;45;66;78;58;70;63;57;54;56;72;42;45;59;47;57;46;51;47;56;45;46;51;51;54;50;51;49;49;30;51;39;34;35;35;37;21;16;14;16;20;11;14;12;10;7;7;3;3;1;1;4;0;1;0;1;0;0;1
092051;Quartu Sant'Elena;262;263;286;303;315;301;312;299;323;305;296;299;319;323;345;295;339;289;320;296;322;376;367;390;386;401;418;372;350;375;395;446;463;434;436;439;420;488;530;553;595;596;589;603;571;604;563;593;604;598;622;557;589;524;528;501;530;466;478;474;500;457;434;350;400;436;432;433;421;383;296;278;312;311;306;274;236;186;211;157;158;145;115;86;119;89;65;49;35;35;27;18;11;5;8;6;2;2;1;1;0
092066;Sarroch;21;13;18;12;15;20;18;18;27;12;17;29;23;22;18;20;14;16;20;25;23;13;30;24;22;26;29;29;27;33;38;30;32;38;42;37;44;46;43;44;49;49;45;54;49;49;42;32;44;48;46;43;42;58;28;35;34;34;35;49;37;42;30;31;34;31;30;33;35;31;35;24;22;27;34;25;21;22;20;14;24;17;10;13;11;11;10;8;4;3;0;2;3;1;1;0;0;0;0;0;1
092068;Selargius;105;81;114;139;122;150;124;123;131;106;114;154;132;152;157;131;144;138;118;154;161;138;151;140;165;175;166;147;158;171;187;188;179;179;178;217;200;213;192;237;274;259;241;243;230;229;243;248;238;223;270;226;223;224;198;199;180;198;222;202;228;181;192;181;198;176;166;150;169;150;114;143;141;105;133;95;96;79;67;52;52;64;55;54;40;36;16;17;15;13;11;6;9;3;8;3;0;1;0;0;0
092074;Sestu;106;118;128;136;116;131;116;136;140;121;97;110;97;108;98;91;94;93;81;83;85;90;87;85;107;92;93;109;96;113;141;143;147;140;160;145;205;210;194;219;235;286;246;220;225;234;200;202;174;174;179;196;156;136;126;124;120;115;120;103;84;92;79;96;94;100;78;76;81;62;72;66;66;73;82;63;58;55;55;30;30;47;22;30;27;21;16;15;11;9;6;5;4;5;2;0;1;1;1;0;0
092075;Settimo San Pietro;24;36;34;39;31;40;39;38;32;21;32;29;28;23;28;25;29;38;28;30;42;28;32;28;33;35;32;33;36;51;50;57;54;58;56;65;65;71;67;57;72;63;83;58;57;41;59;53;58;51;55;56;44;34;51;41;49;40;43;46;44;42;29;35;55;46;35;36;30;28;24;34;29;17;20;26;12;18;20;17;4;14;10;10;8;8;7;5;9;4;2;1;0;1;0;1;1;0;0;1;0
092080;Sinnai;76;75;78;93;68;91;78;77;101;82;96;82;75;84;86;67;73;71;87;89;88;94;104;83;92;94;102;83;87;108;102;117;115;112;137;136;142;134;165;170;163;158;168;128;165;136;148;170;149;145;134;131;147;105;130;126;117;106;95;112;98;106;103;88;99;102;80;81;88;86;62;50;76;61;55;58;56;48;53;35;43;31;20;21;21;27;18;16;12;12;4;8;8;3;4;3;0;0;1;0;0
092090;Uta;48;44;47;40;49;37;51;39;32;34;49;35;30;38;33;36;36;25;28;50;43;55;25;42;43;37;43;48;62;57;60;76;74;77;76;75;82;82;77;89;73;55;62;69;75;65;70;82;80;70;81;73;72;64;58;59;63;52;54;53;43;51;48;34;47;40;37;39;29;38;35;29;34;36;28;30;28;26;24;20;17;17;16;21;13;2;13;3;3;3;5;3;0;2;1;1;2;0;0;0;0
092099;Villa San Pietro;12;5;10;15;12;12;5;8;7;8;9;5;17;8;10;9;12;6;11;9;7;9;7;6;15;9;11;14;7;15;10;14;11;24;19;15;17;21;19;25;25;19;15;25;20;24;16;20;14;13;13;10;10;15;7;16;9;11;11;16;16;7;15;14;22;14;13;11;10;11;12;17;16;9;9;14;10;4;8;2;5;0;4;6;2;3;4;1;4;0;0;1;0;0;0;0;0;0;0;0;0
092105;Quartucciu;51;55;60;46;53;81;62;67;52;79;54;59;67;64;55;69;59;54;58;60;57;68;66;67;65;74;63;55;75;69;72;66;77;70;97;86;83;97;100;127;125;157;137;136;120;135;110;133;119;130;115;123;91;114;100;69;97;90;85;73;76;78;66;73;76;63;74;58;77;49;40;35;42;53;49;44;36;40;38;32;29;18;20;21;13;13;16;6;16;6;7;7;1;3;4;1;1;1;0;1;1
092108;Elmas;26;47;37;39;51;43;47;38;41;37;41;48;38;38;53;30;42;43;45;41;43;61;44;53;46;42;49;42;46;50;49;60;47;51;56;70;65;65;79;81;84;86;89;85;70;77;94;71;78;82;82;77;74;70;81;74;76;62;61;63;57;69;44;59;64;53;60;51;48;28;38;39;33;37;34;38;26;34;26;22;22;17;14;16;11;22;9;8;4;7;6;5;6;0;1;1;0;1;0;0;1
092109;Monserrato;65;60;79;68;81;76;66;74;63;92;92;87;77;75;71;71;79;83;79;88;97;70;103;135;120;109;92;130;110;115;113;119;120;129;114;98;113;148;134;160;175;170;137;173;153;155;144;133;151;161;184;171;173;124;162;171;156;156;141;153;153;135;142;130;109;134;112;102;108;125;82;98;106;77;77;101;79;70;72;65;53;57;53;46;44;22;23;15;19;12;6;14;2;5;11;0;1;1;2;2;2
;Totale;1531;1529;1720;1682;1761;1828;1774;1709;1826;1825;1705;1842;1743;1822;1824;1749;1769;1743;1785;1843;1934;1915;1982;2061;2223;2142;2242;2166;2118;2325;2378;2496;2545;2539;2723;2731;2953;3071;3145;3452;3657;3713;3595;3526;3450;3564;3429;3558;3542;3569;3652;3429;3230;3071;3087;3003;2882;2842;2836;2780;2739;2575;2536;2429;2545;2462;2478;2379;2373;2156;1910;1810;2007;1866;1932;1809;1579;1462;1401;1156;1108;1065;910;846;837;644;551;442;382;286;243;201;155;93;109;61;19;15;10;22;24
Territorio/Età;;0;1;2;3;4;5;6;7;8;9;10;11;12;13;14;15;16;17;18;19;20;21;22;23;24;25;26;27;28;29;30;31;32;33;34;35;36;37;38;39;40;41;42;43;44;45;46;47;48;49;50;51;52;53;54;55;56;57;58;59;60;61;62;63;64;65;66;67;68;69;70;71;72;73;74;75;76;77;78;79;80;81;82;83;84;85;86;87;88;89;90;91;92;93;94;95;96;97;98;99;100
Codice comune;Comune;Femmine
092003;Assemini;109;93;137;120;127;132;120;139;114;133;130;113;116;123;109;114;124;105;102;105;99;118;127;125;148;135;132;146;137;137;178;181;164;195;168;180;205;224;233;255;227;288;232;274;205;242;257;255;241;253;246;235;216;194;219;188;206;190;199;190;162;197;179;161;142;157;154;135;111;114;103;100;123;109;107;86;97;101;74;55;75;74;57;57;51;42;42;38;23;19;23;19;11;15;3;7;4;1;0;0;3
092009;Cagliari;394;392;470;425;420;450;476;453;458;474;518;515;483;529;484;552;479;498;500;521;566;597;561;639;658;634;694;648;692;707;709;744;736;758;808;821;871;876;952;1040;1154;1149;1171;1215;1153;1201;1213;1224;1249;1299;1310;1269;1237;1227;1175;1234;1160;1206;1204;1130;1243;1148;1189;1098;1180;1155;1104;1239;1087;1113;1003;1062;1105;1120;1153;1056;988;905;927;847;847;871;712;675;722;654;595;547;498;403;343;263;234;211;154;74;62;43;35;31;50
092011;Capoterra;88;78;90;90;112;102;125;117;124;106;123;120;115;97;108;94;101;110;94;100;108;107;110;122;110;87;111;138;112;132;127;138;142;131;118;145;142;168;215;202;199;221;225;212;209;191;204;232;203;211;199;213;202;195;154;184;154;177;153;152;163;163;155;140;139;125;151;147;130;146;104;119;97;98;93;96;81;64;79;64;48;71;37;51;40;38;38;22;25;16;24;13;11;7;6;7;4;5;3;3;2
092015;Decimomannu;36;31;32;45;28;41;34;32;30;35;40;40;30;48;28;40;26;22;38;36;31;35;41;39;44;30;36;39;40;49;57;42;61;60;57;53;65;69;64;80;71;77;83;62;61;85;68;74;61;68;73;69;82;58;61;55;40;43;55;55;43;41;42;51;49;45;56;38;47;43;21;54;51;42;32;20;29;24;22;16;30;12;22;19;15;14;23;4;6;9;6;3;5;4;2;2;1;0;0;1;1
092037;Maracalagonis;39;31;37;25;32;26;29;36;32;39;38;44;28;31;38;35;35;25;28;35;46;36;40;32;31;41;39;53;46;39;50;63;61;77;64;62;52;74;52;82;51;62;60;72;80;65;73;65;55;62;70;54;58;61;35;45;49;46;57;38;53;41;29;36;56;43;35;47;27;39;33;34;43;28;38;33;23;28;32;28;26;20;13;11;15;14;9;9;11;6;7;9;3;1;1;1;1;0;0;0;0
092050;Pula;26;21;30;34;18;32;32;31;36;29;20;27;14;26;28;23;26;27;20;22;28;33;36;23;34;40;30;37;32;41;39;36;45;44;47;56;54;56;57;60;69;50;48;56;55;53;46;59;43;71;57;46;46;61;49;40;53;47;55;48;52;46;48;65;35;54;61;49;50;47;43;54;37;38;42;34;27;23;28;20;24;19;19;20;18;17;15;15;10;8;9;9;5;3;2;3;1;0;0;0;2
092051;Quartu Sant'Elena;227;259;243;288;298;275;287;283;283;284;259;288;292;315;299;295;258;298;326;283;304;334;360;350;351;365;359;328;364;374;354;390;450;408;415;415;475;457;566;568;609;614;644;621;616;634;613;627;636;686;613;616;625;639;565;566;534;552;549;535;523;493;449;493;489;439;513;443;443;391;367;334;331;290;334;296;274;252;229;201;208;190;151;159;151;145;134;90;99;67;67;43;38;37;40;23;16;9;3;6;7
092066;Sarroch;22;28;22;19;16;24;23;21;22;15;15;22;13;22;19;12;19;20;15;15;15;22;37;26;32;29;20;24;33;36;18;30;39;33;37;35;43;44;35;46;36;36;29;47;32;32;41;32;41;43;40;40;39;35;36;47;41;44;44;42;34;36;34;33;39;40;34;37;26;22;23;29;31;26;41;28;28;22;27;23;14;15;19;21;12;18;14;13;5;4;5;2;8;1;2;3;0;0;0;0;0
092068;Selargius;87;100;105;109;118;108;131;116;125;102;128;126;130;138;141;145;110;122;132;125;129;133;174;139;180;132;172;130;158;164;148;137;175;161;209;191;185;230;228;270;243;243;261;267;253;271;256;280;262;296;287;231;229;214;258;269;244;237;241;234;252;213;209;218;207;208;203;174;154;169;137;120;158;123;130;102;105;111;95;81;80;67;70;70;68;56;53;53;34;33;32;25;15;12;16;9;2;5;3;2;1
092074;Sestu;95;99;118;81;119;102;99;113;109;101;106;123;104;91;103;78;90;83;72;74;85;73;87;84;79;109;106;108;122;98;132;111;158;164;192;173;203;185;234;245;250;211;230;260;221;195;205;171;204;188;167;173;142;128;124;111;99;115;96;99;108;99;108;84;77;82;88;81;70;78;72;71;79;69;83;56;55;41;55;61;63;35;42;43;29;24;26;23;23;16;11;13;6;10;7;0;3;2;2;2;2
092075;Settimo San Pietro;31;31;24;29;40;28;19;33;23;29;25;24;25;30;29;23;26;27;25;25;25;37;34;35;37;39;43;34;37;53;35;52;47;58;62;62;64;65;62;58;66;61;55;40;50;51;48;61;56;58;57;38;48;59;59;36;43;47;53;45;56;42;45;45;38;44;40;39;35;37;21;24;26;25;37;32;23;14;16;19;15;13;16;10;9;17;6;11;5;5;9;2;3;2;1;1;1;0;1;1;2
092080;Sinnai;55;63;86;69;88;75;89;82;72;65;69;73;80;80;82;71;65;66;71;68;79;96;81;70;94;87;98;95;102;111;101;118;109;126;122;128;129;142;138;171;180;157;165;171;142;150;155;131;132;130;141;142;143;117;114;117;119;113;116;109;93;112;80;104;85;94;103;103;86;75;83;65;79;76;67;67;48;59;53;49;39;47;36;35;29;27;35;33;18;22;9;8;8;6;10;7;4;4;2;2;2
092090;Uta;41;47;38;43;48;48;31;32;39;32;32;33;33;39;37;31;38;30;39;35;32;52;40;61;46;55;44;59;66;50;49;69;79;66;73;77;71;84;67;47;65;82;86;68;78;64;62;65;58;63;72;70;66;69;41;64;56;48;50;25;41;48;38;36;41;42;48;47;39;39;23;35;27;36;35;29;23;23;20;22;29;25;23;12;18;21;11;10;8;9;5;7;6;2;2;3;1;0;1;0;1
092099;Villa San Pietro;12;10;9;14;9;9;11;5;10;9;10;7;8;7;4;6;10;6;10;8;10;8;11;7;10;10;9;12;9;16;15;21;15;14;18;16;20;24;23;17;18;18;19;19;23;18;18;16;11;12;13;12;11;16;9;16;14;10;17;14;18;18;11;16;13;10;18;11;15;11;13;15;9;8;8;4;5;2;6;2;6;4;8;4;5;1;3;2;1;1;2;3;1;1;0;0;1;0;0;0;0
092105;Quartucciu;59;50;54;60;68;72;57;67;71;56;50;55;55;47;54;48;45;54;47;54;71;63;66;59;72;78;57;54;59;69;68;70;71;92;69;92;120;90;119;126;126;149;133;124;126;132;101;129;148;125;128;119;119;113;77;103;101;84;86;74;88;70;86;72;74;82;77;60;61;65;55;47;48;59;51;57;50;46;43;36;47;36;35;29;34;24;31;21;24;8;11;8;11;6;7;1;3;0;0;0;6
092108;Elmas;20;28;31;35;41;32;49;44;36;31;36;33;45;42;37;34;32;36;33;25;45;46;51;47;40;56;40;56;58;48;41;61;59;59;45;52;74;71;70;86;84;81;76;91;86;83;102;73;94;81;89;79;80;74;70;81;67;62;57;72;73;65;61;60;53;49;60;53;49;48;31;47;43;33;32;32;28;31;30;28;27;27;26;24;15;21;23;10;16;10;3;3;6;4;6;4;2;0;0;2;1
092109;Monserrato;62;63;75;72;86;75;77;72;97;55;63;63;80;68;78;79;72;81;70;100;87;86;90;90;112;109;103;102;103;91;98;113;128;131;123;100;130;137;160;149;149;158;178;175;162;180;180;160;166;200;196;201;165;165;195;175;169;174;169;148;179;139;131;164;146;166;136;135;127;128;89;91;111;92;135;112;99;101;96;86;90;74;82;55;65;49;56;46;36;29;25;20;24;19;18;10;8;3;5;2;1
;Totale;1403;1424;1601;1558;1668;1631;1689;1676;1681;1595;1662;1706;1651;1733;1678;1680;1556;1610;1622;1631;1760;1876;1946;1948;2078;2036;2093;2063;2170;2215;2219;2376;2539;2577;2627;2658;2903;2996;3275;3502;3597;3657;3695;3774;3552;3647;3642;3654;3660;3846;3758;3607;3508;3425;3241;3331;3149;3195;3201;3010;3181;2971;2894;2876;2863;2835;2881;2838;2557;2565;2221;2301;2398;2272;2418;2140;1983;1847;1832;1638;1668;1600;1368;1295;1296;1182;1114;947;842;665;591;450;395;341;277;155;114;72;55;52;81

"Ricostruzione della popolazione intercensuaria - Popolazione al 1° gennaio per età"
"Cittadinanza italiana - Anno: 2016 - Provincia: Cagliari"
Territorio/Età;;0;1;2;3;4;5;6;7;8;9;10;11;12;13;14;15;16;17;18;19;20;21;22;23;24;25;26;27;28;29;30;31;32;33;34;35;36;37;38;39;40;41;42;43;44;45;46;47;48;49;50;51;52;53;54;55;56;57;58;59;60;61;62;63;64;65;66;67;68;69;70;71;72;73;74;75;76;77;78;79;80;81;82;83;84;85;86;87;88;89;90;91;92;93;94;95;96;97;98;99;100
Codice comune;Comune;Totale
092003;Assemini;180;199;196;258;217;261;246;242;254;248;281;242;232;266;231;227;233;218;220;220;234;222;215;246;246;294;256;282;285;294;282;331;329;349;348;383;392;412;426;444;476;466;536;469;504;421;460;512;481;480;503;483;462;428;374;423;376;371;357;377;341;323;330;330;327;291;282;273;259;241;205;227;189;225;210;205;180;163;167;142;108;107;116;89;93;87;59;61;51;33;21;22;24;15;16;3;6;5;0;0;4
092009;Cagliari;817;846;807;946;873;938;982;1007;921;972;1027;999;1062;978;1070;1002;1131;1012;1038;1092;1081;1194;1201;1179;1303;1394;1313;1405;1338;1380;1470;1425;1472;1494;1500;1608;1615;1784;1804;1940;2092;2250;2263;2324;2328;2208;2361;2318;2335;2425;2509;2542;2377;2274;2305;2241;2265;2137;2234;2208;2092;2169;2024;2111;1982;2099;2017;2049;2143;1941;1891;1738;1751;1871;1850;1918;1770;1631;1542;1482;1344;1324;1307;1108;994;1076;874;812;700;609;482;429;304;262;210;174;80;54;32;29;68
092011;Capoterra;170;176;174;214;202;213;207;246;215;247;230;224;248;218;217;217;209;221;229;199;211;217;219;236;227;227;218;240;259;219;246;237;261;279;265;267;313;307;334;392;377;411;442;403;430;402;414;383;464;413;429;407;424;388;353;321;370;304;335;300;318;308;297;279;272;268;238;275;262;253;270;202;205;197;181;173;177;151;123;130;105;84;114;71;83;62;69;62;41;36;28;32;14;8;11;5;12;1;7;2;5
092015;Decimomannu;59;73;68;70;79;65;74;61;73;62;79;81;87;70;87;76;79;67;58;76;78;69;78;79;76;91;75;78;82;79;83;106;81;119;115;136;104;140;139;125;156;152;166;184;131;151;161;137;148;147;144;140;139;132;122;127;112;101;84;103;101;87;84;93;91;88;88;98;80;92;84;55;84;84;74;67;49;50;49;42;31;40;24;36;33;25;21;25;9;11;11;6;4;9;2;3;2;0;0;0;1
092037;Maracalagonis;60;70;71;74;59;73;61;60;79;75;82;83;87;56;71;76;69;73;63;63;79;84;72;77;70;69;76;95;110;86;96;87;127;105;149;114;131;135;148;116;156;128;137;144;132;174;130;142;150;119;127;143;122;108;126;86;99;87;85;101;76;108;84;73;82;86;83;79;91;65;71;65;64;83;54;77;55;51;48;50;46;38;31;24;27;22;23;14;16;11;9;10;7;4;0;0;2;1;0;0;0
092050;Pula;52;51;55;62;65;50;67;64;69;72;64;50;53;41;60;64;54;49;61;51;54;62;56;68;53;59;67;79;73;55;89;88;81;87;92;92;111;125;114;109;121;138;116;108;101;121;139;106;136;108;133;118;100;117;105;94;101;102;105;102;104;100;102;92;108;87;107;113;99;100;98;91;86;88;71;76;68;60;59;48;33;34;32;36;31;30;27;24;20;15;9;11;8;4;5;1;3;1;1;0;1
092051;Quartu Sant'Elena;486;480;520;519;577;601;572;592;574;600;581;554;585;608;626;641;588;597;580;635;586;621;698;716;742;716;765;761;692;703;729;740;834;904;836;836;845;900;930;1074;1124;1195;1197;1232;1218;1194;1235;1183;1218;1233;1277;1228;1164;1210;1152;1087;1067;1056;1011;1027;1006;1011;931;876;839;875;872;928;864;858;747;645;599;636;589;617;565;492;419;415;339;355;323;246;232;251;217;181;128;121;94;75;51;41;35;38;23;14;8;3;7
092066;Sarroch;31;39;39;42;31;30;43;40;38;48;26;33;53;36;44;36;31;33;36;35;40;37;39;67;48;55;49;47;53;60;69;52;61;68;73;80;66;94;87;81;89;89;89;74;98;82;82;83;66;85;88;85;84;80;92;64;82;75;78;79;90;71;77;64;64;73;71;63;67;62;52;58;52;52;53;73;49;49;42;43;36;38;28;28;31;21;24;20;17;8;6;4;2;9;1;3;2;0;0;0;1
092068;Selargius;204;187;174;223;252;238;265;263;234;258;212;242;284;256;287;301;279;255;260;247;280;291;275;323;282;346;299;336;283;311;341;324;329;349;357;375;402;386;447;415;506;515;509;499;511;483;493;493;536;505;513;556;462;459;448;449;469;420;436;462;426;474;393;397;392;398;384;364;323;318;315;241;259;296;221;251;195;197;183;158;127;128;122;117;115;100;76;60;63;44;40;32;25;21;11;18;7;1;4;2;4
092074;Sestu;245;190;225;246;216;237;225;211;246;248;228;202;236;201;197;201;164;184;175;155;155;167;161;177;166;187;201;206;218;232;218;282;266;316;304;360;335;409;385;428;465;482;491;480;484;446;425;406;373;384;359;347;374;303;260;252;239;224;228;217;200;189;190;183;176;166;179;165;158;147;137;144;135;142;135;163;116;113;90;106;86;89;79;62;69;56;44;38;30;32;23;13;15;10;15;8;0;2;2;3;4
092075;Settimo San Pietro;55;54;64;65;68;66;66;57;71;53;49;59;54;52;54;58;48;53;65;51;52;68;63;64;62;74;73;73;67;75;103;84;106;99;115;117;123;128;140;136;120;141;124;138;98;111;92;106;114;113;110;110;95;95;90;110;76;90;86;95;92;100;84;74;82;89;87;73;75;65;66;40;56;53;40;56;56;36;31;36;34;17;25;26;19;17;23;12;13;11;8;11;3;1;3;1;2;0;0;1;4
092080;Sinnai;155;139;143;162;162;159;162;165;157;173;142;162;157;151;160;164;133;140;134;157;160;171;188;187;149;183;176;208;183;188;224;213;237;220;237;267;260;273;277;301;342;347;314;328;297;299;288;299;298;279;270;270;274;289;227;245;241;236;218;209;219;189;216;183;189;186;194;182;183;168;159;142;110;155;133;119;117;97;104;103;82;80;73;54;53;46;47;52;43;24;30;11;14;13;7;12;5;4;1;3;0
092090;Uta;102;90;89;80;88;92;83;83;71;70;70;79;68;64;74;69;71;75;59;63;87;77;110;66;101;92;94;88;111;122;109;113;147;162;147;155;158;158;171;141;142;143;143;149;136;157;135;134;146;141;133;152;144;139;135;101;125;123;101;104;75;85;99;89;71;86;83;85;84;68;78;57;63;62;69;62;59;49;48;42;41;45;40;37;30;32;21;21;13;10;10;8;6;5;4;3;2;1;0;1;1
092099;Villa San Pietro;17;26;14;19;28;17;21;18;13;14;17;19;12;23;17;14;14;22;11;19;21;20;14;19;15;25;16;21;28;16;28;29;40;26;36;39;33;34;47;44;40;44;35;33;45;43;42;33;33;26;27;26;23;22;30;15;32;23;20;27;29;34;25;27;29;36;21;31;22;26;20;25;32;22;17;17;17;15;5;13;4;11;4;11;10;7;3;6;2;3;0;2;2;1;1;0;0;0;0;0;0
092105;Quartucciu;117;108;108;117;111;123;153;118;136;123;136;100;111;120;114;108;116;102;114;108;110;129;130;129;128;138;156;116;109;142;133;149;131;153;159;170;179;203;190;210;256;257;303;272;256;242;268;210;264;267;248;245;235;202;226;176;173;197;174;173;151;160;147;150;142;151;143;151;112;134;114;97;83;91;111;98;97;85;83;79;65;74;54;50;46;37;35;40;25;37;11;16;10;11;3;7;2;3;2;0;7
092108;Elmas;73;55;74;66;78;92;78;94;81;80;67;78;81;80;79;87;61;74;78;80;66;86;108;95;100;82;99;90;100;105;96;95;120;101;113;107;127;139;137;155;174;173;168;162;177;156;158;185;144;166;163;172;155;157;146;147;149;144;123;118;131;130;136;103;118;119;99;120;101;93;73;68;84;75;71;66;68;52;64;54;48;46;40;39;36;25;38;27;15;18;15;9;8;10;4;6;2;0;0;0;3
092109;Monserrato;94;117;125;151;138;166;153;141;147;158;143;149;149;155;150;149;151;153;164;148;188;182;154;191;217;234;207;194;227;209;191;216;228;236;247;233;202;240;281;294;314;329;326;313;339;315;333;325;296;314;362;381;376;333;289;355;342;326;329;310;302;325;274;271;287;255;296;243;237;237;249;170;184;212;169;209;209;171;164;164;144;134;126;129;92;99;65;71;57;46;32;25;26;24;17;23;8;7;3;4;5
;Totale;2917;2900;2946;3314;3244;3421;3458;3462;3379;3501;3434;3356;3559;3375;3538;3490;3431;3328;3345;3399;3482;3697;3781;3919;3985;4266;4140;4319;4218;4276;4507;4571;4850;5067;5093;5339;5396;5867;6057;6405;6950;7260;7359;7312;7285;7005;7216;7055;7202;7205;7395;7405;7010;6736;6480;6293;6318;6016;6004;6012;5753;5863;5493;5395;5251;5353;5244;5292;5160;4868;4629;4065;4036;4344;4048;4247;3847;3462;3221;3107;2673;2644;2538;2163;1994;1993;1666;1526;1243;1069;829;716;523;448;345;305;158;94;60;48;115
Territorio/Età;;0;1;2;3;4;5;6;7;8;9;10;11;12;13;14;15;16;17;18;19;20;21;22;23;24;25;26;27;28;29;30;31;32;33;34;35;36;37;38;39;40;41;42;43;44;45;46;47;48;49;50;51;52;53;54;55;56;57;58;59;60;61;62;63;64;65;66;67;68;69;70;71;72;73;74;75;76;77;78;79;80;81;82;83;84;85;86;87;88;89;90;91;92;93;94;95;96;97;98;99;100
Codice comune;Comune;Maschi
092003;Assemini;102;96;109;125;98;136;116;121;118;132;148;118;118;150;107;119;122;94;117;119;131;128;99;122;121;145;131;152;142;153;148;162;154;182;156;214;223;214;205;218;231;238;250;238;232;223;220;262;229;240;251;239;233;215;180;207;189;167;170;178;151;167;138;154;170;151;131;120;126;132;94;125;90;107;105;98;94;69;69;67;53;34;48;32;41;42;20;21;19;13;7;4;9;6;2;2;2;1;0;0;2
092009;Cagliari;420;454;414;471;443;501;520;527;465;520;545;482;546;486;538;512;564;527;539;583;557;616;607;609;669;732;677;708;693;687;756;720;741;763;734;810;788;901;920;967;1063;1097;1103;1121;1119;1057;1161;1098;1121;1166;1199;1225;1111;1039;1087;1066;1035;979;1045;1002;964;936;882;930;885;927;869;952;920;857;801;746;704;778;744;777;730;667;650;582;528;515;464;425;356;388;266;253;203;173;135;115;88;70;36;48;24;3;4;3;16
092011;Capoterra;81;88;96;117;112;106;103;122;103;123;125;98;127;105;121;114;119;122;120;103;110;110;111;127;108;120;132;136;127;106;118;115;124;139;133;144;162;164;165;177;180;220;222;184;221;194;221;182;238;214;217;212;214;189;159;168;189;153;158;151;166;147;135;130;133;131;116;127;116;129;126;99;84;101;85;84;82;70;59;54;43;35;46;34;38;26;30;26;19;14;12;13;4;0;5;1;6;0;2;0;1
092015;Decimomannu;29;37;33;40;36;40;34;26;40;31;44;41;47;40;38;48;36;42;36;38;44;38;45;35;39;50;44;39;43;41;37;53;43;55;54;74;55;77;69;64;79;82;89;99;68;89;75;68;75;85;76;69;72;47;64;65;57;61;41;48;44;44;43;51;39;38;43;42;42;45;41;33;32;34;33;35;29;23;26;20;15;12;12;13;13;10;8;5;3;6;4;4;2;3;0;1;0;0;0;0;0
092037;Maracalagonis;33;34;40;34;34;40;37;30;44;43;40;45;45;28;40;40;33;37;38;34;42;37;35;35;39;36;33;55;58;39;58;36;62;47;75;55;68;78;76;66;74;79;76;82;61;91;66;70;85;65;64;70;69;49;65;51;53;41;39;42;39;55;43;45;44;30;42;43;43;38;33;31;30;41;26;40;24;30;21;18;21;12;12;12;16;8;10;6;7;1;3;4;1;1;0;0;1;0;0;0;0
092050;Pula;26;25;30;31;31;33;33;31;34;34;35;30;26;27;35;35;31;23;31;30;32;35;21;33;31;24;26;47;36;23;49;48;48;40;49;44;55;72;62;53;56;67;68;57;46;66;82;56;76;63;60;58;55;72;43;47;60;47;57;47;54;48;56;44;45;52;53;53;49;51;51;47;33;51;35;34;35;34;36;20;14;13;16;17;11;13;11;9;6;6;2;2;1;1;2;0;1;0;1;0;1
092051;Quartu Sant'Elena;275;261;264;284;297;305;302;308;292;320;298;294;295;317;315;342;295;341;287;316;302;314;367;362;388;376;394;403;362;350;362;392;438;460;430;421;434;425;479;514;549;584;600;592;599;575;598;566;592;598;596;617;553;586;522;525;500;528;460;479;475;491;447;427;350;394;432;425;424;422;369;287;270;307;301;292;270;221;172;197;149;149;138;101;81;108;75;59;45;30;27;23;12;11;3;6;4;3;2;1;0
092066;Sarroch;18;19;14;20;12;15;19;17;18;26;12;17;29;23;22;18;19;14;16;20;25;22;15;30;24;23;24;26;28;28;31;37;32;30;40;42;34;47;46;46;43;50;52;45;53;50;50;42;31;45;47;44;43;40;57;28;35;34;34;35;48;37;42;31;31;35;31;29;32;36;30;35;22;22;28;32;22;20;21;16;13;24;14;9;11;10;11;9;6;3;3;0;2;2;1;1;0;0;0;0;1
092068;Selargius;102;99;79;120;139;124;150;129;120;130;110;117;159;130;150;155;138;144;138;117;155;163;138;149;142;168;165;168;150;152;177;184;183;176;180;171;210;200;220;195;236;269;268;237;247;232;226;240;249;242;220;266;228;225;231;194;200;178;199;225;198;228;183;189;177;194;176;163;148;166;147;107;138;140;101;125;96;94;75;67;49;49;58;52;51;37;27;14;15;13;12;9;6;7;1;5;1;0;1;0;0
092074;Sestu;137;100;123;128;133;119;126;115;133;141;124;97;108;97;109;99;88;96;92;80;81;83;88;86;85;106;97;97;105;104;112;143;149;151;142;163;160;205;211;196;221;235;280;250;224;224;228;200;202;179;174;180;194;159;133;130;128;122;115;120;102;83;92;75;95;92;98;78;78;78;60;73;64;65;69;81;61;57;50;52;28;30;44;21;27;27;20;14;13;11;8;5;2;4;6;1;0;0;1;1;0
092075;Settimo San Pietro;24;24;36;37;39;28;39;39;38;29;22;34;29;26;24;29;26;29;38;27;28;42;28;32;29;35;34;32;33;32;54;49;54;52;57;56;63;63;73;69;58;73;62;84;62;59;42;56;55;56;52;54;56;46;31;50;41;47;39;42;48;44;42;29;37;52;46;35;36;29;28;20;32;27;16;19;26;13;17;20;15;3;13;10;9;8;7;6;3;8;3;2;1;0;1;0;1;0;0;0;1
092080;Sinnai;78;80;74;77;92;67;89;76;76;101;80;96;83;73;83;84;65;75;69;87;93;92;93;103;78;92;93;107;86;88;109;109;121;115;111;139;130;146;134;167;173;166;154;168;126;159;139;148;168;149;143;131;132;147;107;133;122;116;104;92;113;97;105;101;86;99;99;78;78;85;85;61;47;77;60;52;51;52;46;51;32;41;28;19;20;18;22;17;14;9;10;4;8;4;2;2;2;0;0;1;0
092090;Uta;56;45;44;43;41;46;39;51;38;31;37;46;36;30;36;33;37;36;28;29;49;45;57;26;43;45;37;44;49;59;58;61;76;84;80;84;78;86;85;73;94;78;56;65;69;78;69;71;84;81;70;81;73;73;67;59;61;67;53;54;50;41;49;49;34;46;41;37;38;29;39;35;29;33;35;28;29;28;25;22;19;17;17;15;19;13;2;12;3;2;1;5;2;0;2;1;0;0;0;0;0
092099;Villa San Pietro;11;11;4;10;15;11;12;6;8;4;8;9;5;15;8;10;8;12;6;9;10;7;8;7;6;16;8;12;15;7;14;14;16;12;21;22;16;16;21;21;25;26;17;15;26;20;24;15;19;15;13;13;10;11;15;6;16;9;10;11;15;16;7;15;13;22;12;13;11;11;10;12;17;13;8;9;13;10;3;7;2;5;0;4;6;2;2;3;1;3;0;0;1;0;0;0;0;0;0;0;0
092105;Quartucciu;59;49;55;63;47;54;84;61;65;52;81;50;58;67;67;55;65;58;57;59;57;58;67;68;67;65;72;63;50;74;68;75;65;80;71;101;83;83;94;97;129;128;156;141;135;114;135;111;134;120;124;115;120;88;112;100;73;95;91;90;73;74;77;65;70;76;60;77;57;74;48;41;36;41;52;48;43;38;38;37;29;29;17;18;18;10;12;13;6;15;3;6;3;1;2;2;1;0;1;0;2
092108;Elmas;37;31;47;36;42;54;46;45;37;41;37;39;46;39;38;51;28;42;43;45;42;42;64;43;51;44;43;48;42;48;50;50;60;42;57;57;74;64;64;84;83;87;87;86;88;71;79;87;68;75;82;85;76;77;72;79;68;78;64;62;62;56;71;44;60;65;52;61;48;47;27;36;39;31;38;33;37;25;33;26;20;19;14;13;14;10;21;9;6;1;6;6;5;6;0;1;0;0;0;0;1
092109;Monserrato;54;57;64;82;70;80;78;66;75;62;91;90;84;76;81;70;72;81;83;77;86;99;68;100;131;122;107;92;131;111;103;118;116;112;122;116;101;113;144;128;160;178;171;138;165;159;155;144;133;148;160;187;174;169;124;162;169;158;157;140;153;148;136;140;124;108;134;110;102;109;127;82;98;102;78;75;98;76;69;68;60;48;56;50;42;41;20;20;14;15;11;5;11;1;5;8;0;1;0;1;1
;Totale;1542;1510;1526;1718;1681;1759;1827;1770;1704;1820;1837;1703;1841;1729;1812;1814;1746;1773;1738;1773;1844;1931;1911;1967;2051;2199;2117;2229;2150;2102;2304;2366;2482;2540;2512;2713;2734;2954;3068;3135;3454;3657;3711;3602;3541;3461;3570;3416;3559;3541;3548;3646;3413;3232;3069;3070;2996;2880;2836;2818;2755;2712;2548;2519;2393;2512;2435;2443;2348;2338;2116;1870;1765;1970;1814;1862;1740;1527;1410;1324;1090;1035;997;845;773;771;564;496;383;323;247;207;158;117;68;79;43;8;12;7;26
Territorio/Età;;0;1;2;3;4;5;6;7;8;9;10;11;12;13;14;15;16;17;18;19;20;21;22;23;24;25;26;27;28;29;30;31;32;33;34;35;36;37;38;39;40;41;42;43;44;45;46;47;48;49;50;51;52;53;54;55;56;57;58;59;60;61;62;63;64;65;66;67;68;69;70;71;72;73;74;75;76;77;78;79;80;81;82;83;84;85;86;87;88;89;90;91;92;93;94;95;96;97;98;99;100
Codice comune;Comune;Femmine
092003;Assemini;78;103;87;133;119;125;130;121;136;116;133;124;114;116;124;108;111;124;103;101;103;94;116;124;125;149;125;130;143;141;134;169;175;167;192;169;169;198;221;226;245;228;286;231;272;198;240;250;252;240;252;244;229;213;194;216;187;204;187;199;190;156;192;176;157;140;151;153;133;109;111;102;99;118;105;107;86;94;98;75;55;73;68;57;52;45;39;40;32;20;14;18;15;9;14;1;4;4;0;0;2
092009;Cagliari;397;392;393;475;430;437;462;480;456;452;482;517;516;492;532;490;567;485;499;509;524;578;594;570;634;662;636;697;645;693;714;705;731;731;766;798;827;883;884;973;1029;1153;1160;1203;1209;1151;1200;1220;1214;1259;1310;1317;1266;1235;1218;1175;1230;1158;1189;1206;1128;1233;1142;1181;1097;1172;1148;1097;1223;1084;1090;992;1047;1093;1106;1141;1040;964;892;900;816;809;843;683;638;688;608;559;497;436;347;314;216;192;174;126;56;51;28;26;52
092011;Capoterra;89;88;78;97;90;107;104;124;112;124;105;126;121;113;96;103;90;99;109;96;101;107;108;109;119;107;86;104;132;113;128;122;137;140;132;123;151;143;169;215;197;191;220;219;209;208;193;201;226;199;212;195;210;199;194;153;181;151;177;149;152;161;162;149;139;137;122;148;146;124;144;103;121;96;96;89;95;81;64;76;62;49;68;37;45;36;39;36;22;22;16;19;10;8;6;4;6;1;5;2;4
092015;Decimomannu;30;36;35;30;43;25;40;35;33;31;35;40;40;30;49;28;43;25;22;38;34;31;33;44;37;41;31;39;39;38;46;53;38;64;61;62;49;63;70;61;77;70;77;85;63;62;86;69;73;62;68;71;67;85;58;62;55;40;43;55;57;43;41;42;52;50;45;56;38;47;43;22;52;50;41;32;20;27;23;22;16;28;12;23;20;15;13;20;6;5;7;2;2;6;2;2;2;0;0;0;1
092037;Maracalagonis;27;36;31;40;25;33;24;30;35;32;42;38;42;28;31;36;36;36;25;29;37;47;37;42;31;33;43;40;52;47;38;51;65;58;74;59;63;57;72;50;82;49;61;62;71;83;64;72;65;54;63;73;53;59;61;35;46;46;46;59;37;53;41;28;38;56;41;36;48;27;38;34;34;42;28;37;31;21;27;32;25;26;19;12;11;14;13;8;9;10;6;6;6;3;0;0;1;1;0;0;0
092050;Pula;26;26;25;31;34;17;34;33;35;38;29;20;27;14;25;29;23;26;30;21;22;27;35;35;22;35;41;32;37;32;40;40;33;47;43;48;56;53;52;56;65;71;48;51;55;55;57;50;60;45;73;60;45;45;62;47;41;55;48;55;50;52;46;48;63;35;54;60;50;49;47;44;53;37;36;42;33;26;23;28;19;21;16;19;20;17;16;15;14;9;7;9;7;3;3;1;2;1;0;0;0
092051;Quartu Sant'Elena;211;219;256;235;280;296;270;284;282;280;283;260;290;291;311;299;293;256;293;319;284;307;331;354;354;340;371;358;330;353;367;348;396;444;406;415;411;475;451;560;575;611;597;640;619;619;637;617;626;635;681;611;611;624;630;562;567;528;551;548;531;520;484;449;489;481;440;503;440;436;378;358;329;329;288;325;295;271;247;218;190;206;185;145;151;143;142;122;83;91;67;52;39;30;32;32;19;11;6;2;7
092066;Sarroch;13;20;25;22;19;15;24;23;20;22;14;16;24;13;22;18;12;19;20;15;15;15;24;37;24;32;25;21;25;32;38;15;29;38;33;38;32;47;41;35;46;39;37;29;45;32;32;41;35;40;41;41;41;40;35;36;47;41;44;44;42;34;35;33;33;38;40;34;35;26;22;23;30;30;25;41;27;29;21;27;23;14;14;19;20;11;13;11;11;5;3;4;0;7;0;2;2;0;0;0;0
092068;Selargius;102;88;95;103;113;114;115;134;114;128;102;125;125;126;137;146;141;111;122;130;125;128;137;174;140;178;134;168;133;159;164;140;146;173;177;204;192;186;227;220;270;246;241;262;264;251;267;253;287;263;293;290;234;234;217;255;269;242;237;237;228;246;210;208;215;204;208;201;175;152;168;134;121;156;120;126;99;103;108;91;78;79;64;65;64;63;49;46;48;31;28;23;19;14;10;13;6;1;3;2;4
092074;Sestu;108;90;102;118;83;118;99;96;113;107;104;105;128;104;88;102;76;88;83;75;74;84;73;91;81;81;104;109;113;128;106;139;117;165;162;197;175;204;174;232;244;247;211;230;260;222;197;206;171;205;185;167;180;144;127;122;111;102;113;97;98;106;98;108;81;74;81;87;80;69;77;71;71;77;66;82;55;56;40;54;58;59;35;41;42;29;24;24;17;21;15;8;13;6;9;7;0;2;1;2;4
092075;Settimo San Pietro;31;30;28;28;29;38;27;18;33;24;27;25;25;26;30;29;22;24;27;24;24;26;35;32;33;39;39;41;34;43;49;35;52;47;58;61;60;65;67;67;62;68;62;54;36;52;50;50;59;57;58;56;39;49;59;60;35;43;47;53;44;56;42;45;45;37;41;38;39;36;38;20;24;26;24;37;30;23;14;16;19;14;12;16;10;9;16;6;10;3;5;9;2;1;2;1;1;0;0;1;3
092080;Sinnai;77;59;69;85;70;92;73;89;81;72;62;66;74;78;77;80;68;65;65;70;67;79;95;84;71;91;83;101;97;100;115;104;116;105;126;128;130;127;143;134;169;181;160;160;171;140;149;151;130;130;127;139;142;142;120;112;119;120;114;117;106;92;111;82;103;87;95;104;105;83;74;81;63;78;73;67;66;45;58;52;50;39;45;35;33;28;25;35;29;15;20;7;6;9;5;10;3;4;1;2;0
092090;Uta;46;45;45;37;47;46;44;32;33;39;33;33;32;34;38;36;34;39;31;34;38;32;53;40;58;47;57;44;62;63;51;52;71;78;67;71;80;72;86;68;48;65;87;84;67;79;66;63;62;60;63;71;71;66;68;42;64;56;48;50;25;44;50;40;37;40;42;48;46;39;39;22;34;29;34;34;30;21;23;20;22;28;23;22;11;19;19;9;10;8;9;3;4;5;2;2;2;1;0;1;1
092099;Villa San Pietro;6;15;10;9;13;6;9;12;5;10;9;10;7;8;9;4;6;10;5;10;11;13;6;12;9;9;8;9;13;9;14;15;24;14;15;17;17;18;26;23;15;18;18;18;19;23;18;18;14;11;14;13;13;11;15;9;16;14;10;16;14;18;18;12;16;14;9;18;11;15;10;13;15;9;9;8;4;5;2;6;2;6;4;7;4;5;1;3;1;0;0;2;1;1;1;0;0;0;0;0;0
092105;Quartucciu;58;59;53;54;64;69;69;57;71;71;55;50;53;53;47;53;51;44;57;49;53;71;63;61;61;73;84;53;59;68;65;74;66;73;88;69;96;120;96;113;127;129;147;131;121;128;133;99;130;147;124;130;115;114;114;76;100;102;83;83;78;86;70;85;72;75;83;74;55;60;66;56;47;50;59;50;54;47;45;42;36;45;37;32;28;27;23;27;19;22;8;10;7;10;1;5;1;3;1;0;5
092108;Elmas;36;24;27;30;36;38;32;49;44;39;30;39;35;41;41;36;33;32;35;35;24;44;44;52;49;38;56;42;58;57;46;45;60;59;56;50;53;75;73;71;91;86;81;76;89;85;79;98;76;91;81;87;79;80;74;68;81;66;59;56;69;74;65;59;58;54;47;59;53;46;46;32;45;44;33;33;31;27;31;28;28;27;26;26;22;15;17;18;9;17;9;3;3;4;4;5;2;0;0;0;2
092109;Monserrato;40;60;61;69;68;86;75;75;72;96;52;59;65;79;69;79;79;72;81;71;102;83;86;91;86;112;100;102;96;98;88;98;112;124;125;117;101;127;137;166;154;151;155;175;174;156;178;181;163;166;202;194;202;164;165;193;173;168;172;170;149;177;138;131;163;147;162;133;135;128;122;88;86;110;91;134;111;95;95;96;84;86;70;79;50;58;45;51;43;31;21;20;15;23;12;15;8;6;3;3;4
;Totale;1375;1390;1420;1596;1563;1662;1631;1692;1675;1681;1597;1653;1718;1646;1726;1676;1685;1555;1607;1626;1638;1766;1870;1952;1934;2067;2023;2090;2068;2174;2203;2205;2368;2527;2581;2626;2662;2913;2989;3270;3496;3603;3648;3710;3744;3544;3646;3639;3643;3664;3847;3759;3597;3504;3411;3223;3322;3136;3168;3194;2998;3151;2945;2876;2858;2841;2809;2849;2812;2530;2513;2195;2271;2374;2234;2385;2107;1935;1811;1783;1583;1609;1541;1318;1221;1222;1102;1030;860;746;582;509;365;331;277;226;115;86;48;41;89

"Ricostruzione della popolazione intercensuaria - Popolazione al 1° gennaio per età"
"Cittadinanza italiana - Anno: 2017 - Provincia: Cagliari"
Territorio/Età;;0;1;2;3;4;5;6;7;8;9;10;11;12;13;14;15;16;17;18;19;20;21;22;23;24;25;26;27;28;29;30;31;32;33;34;35;36;37;38;39;40;41;42;43;44;45;46;47;48;49;50;51;52;53;54;55;56;57;58;59;60;61;62;63;64;65;66;67;68;69;70;71;72;73;74;75;76;77;78;79;80;81;82;83;84;85;86;87;88;89;90;91;92;93;94;95;96;97;98;99;100
Codice comune;Comune;Totale
092003;Assemini;188;178;198;189;252;223;264;243;237;258;241;278;248;235;264;235;227;231;218;218;226;232;220;221;245;249;296;264;279;288;296;289;324;331;350;354;398;398;403;432;446;473;460;533;460;503;425;455;514;477;471;500;480;459;425;376;417;373;367;359;371;337;320;331;327;326;291;280;269;259;240;206;224;188;224;203;200;175;162;163;139;103;104;102;83;88;80;56;53;46;31;19;19;20;10;13;2;4;3;0;3
092009;Cagliari;730;840;846;802;944;879;966;991;1031;924;984;1040;1005;1069;989;1081;1002;1132;1017;1059;1099;1090;1201;1199;1164;1283;1364;1302;1382;1327;1353;1449;1402;1464;1477;1518;1599;1607;1801;1822;1947;2127;2269;2276;2332;2334;2221;2363;2315;2334;2423;2510;2544;2378;2263;2293;2231;2269;2129;2229;2193;2063;2147;2008;2095;1964;2077;1994;2029;2102;1922;1868;1704;1707;1839;1816;1875;1720;1568;1483;1432;1301;1266;1248;1049;930;1017;812;731;623;533;414;364;255;215;165;138;61;40;23;64
092011;Capoterra;153;165;174;177;208;209;210;205;242;214;244;228;221;241;215;209;212;207;222;226;199;208;211;217;225;222;224;205;237;249;224;241;243;260;274;262;267;318;310;325;393;378;407;438;399;426;400;411;383;462;409;420;400;421;385;349;313;362;301;331;296;307;301;290;270;273;264;240;275;259;246;261;200;204;191;175;170;165;143;118;124;97;83;108;66;79;62;61;50;31;29;25;26;14;7;7;6;9;1;5;3
092015;Decimomannu;71;62;71;76;66;79;64;78;63;74;62;78;79;86;69;86;72;78;68;59;74;75;68;75;78;79;91;78;80;79;77;84;108;77;122;117;139;105;143;141;126;158;155;158;180;130;146;163;135;146;149;145;139;134;132;121;128;114;98;84;103;102;86;84;92;89;88;87;98;79;92;81;51;80;84;73;66;50;49;47;41;28;39;22;34;32;23;18;21;9;10;8;5;2;8;1;4;1;0;0;0
092037;Maracalagonis;71;63;71;70;75;59;68;61;62;78;72;82;82;87;56;70;76;68;73;59;63;77;82;73;78;75;74;76;100;110;89;102;89;127;107;144;111;133;133;148;113;151;129;140;145;130;172;129;143;151;117;129;145;125;109;123;86;99;80;82;102;79;109;85;74;81;86;84;78;91;67;73;66;59;82;51;74;54;50;49;50;45;38;32;24;28;24;20;12;15;10;7;7;6;3;1;0;2;1;0;0
092050;Pula;46;54;53;56;61;67;49;65;63;66;71;62;52;52;40;60;64;55;48;61;51;50;59;54;67;53;63;70;71;74;54;88;85;78;87;94;88;107;121;112;112;122;134;116;104;102;117;142;104;135;108;132;116;100;116;107;94;100;103;103;101;103;99;104;94;106;86;106;109;97;93;98;88;87;85;70;75;66;55;59;48;32;33;32;33;29;27;23;22;20;13;7;10;6;4;4;1;2;1;1;0
092051;Quartu Sant'Elena;426;480;478;524;519;574;601;574;585;571;598;577;553;584;593;619;632;584;592;571;629;577;616;687;721;736;709;748;759;688;708;725;723;826;885;811;821;850;919;923;1082;1125;1203;1195;1226;1213;1194;1231;1172;1209;1218;1271;1226;1156;1200;1148;1078;1056;1046;1004;1031;1000;1003;923;868;837;867;871;910;845;841;742;632;585;624;569;595;546;476;404;395;322;330;305;237;213;227;204;170;110;103;81;62;45;30;29;30;18;12;6;7
092066;Sarroch;30;30;41;40;42;31;32;47;40;38;48;28;33;53;39;44;37;31;35;38;35;41;40;39;68;44;54;47;47;58;63;68;51;62;68;71;86;68;93;86;79;89;87;90;76;99;83;78;83;68;88;87;86;86;76;89;64;84;73;76;79;90;74;77;65;64;73;70;63;68;61;50;58;51;52;51;73;49;46;39;43;35;34;27;27;30;17;24;19;15;8;5;4;1;7;1;2;1;0;0;0
092068;Selargius;168;203;181;182;224;255;235;273;263;236;259;216;246;286;254;289;304;279;251;256;245;279;284;277;318;274;342;298;334;267;308;340;319;325;365;366;390;396;398;443;412;512;516;515;512;508;481;492;498;537;496;521;550;456;455;442;444;465;414;437;457;430;475;388;394;388;398;380;357;328;311;306;238;252;292;212;245;189;195;176;147;121;121;113;107;106;95;70;55;60;35;30;24;20;18;9;15;4;1;3;3
092074;Sestu;177;239;182;217;234;217;224;225;209;239;249;227;200;234;200;192;201;167;183;173;157;153;172;159;183;176;195;217;215;228;234;229;289;262;318;305;347;335;403;390;419;453;480;482;475;481;443;428;397;368;385;360;345;374;303;258;253;239;225;227;215;199;189;186;183;173;165;175;163;157;145;134;142;133;136;135;160;116;112;89;99;84;85;74;58;64;53;36;37;29;26;18;12;11;8;12;8;0;2;1;5
092075;Settimo San Pietro;56;52;52;68;66;70;67;64;57;72;56;49;59;56;53;53;59;49;55;68;54;56;67;64;60;63;71;75;75;68;80;99;87;113;97;118;116;120;131;137;139;124;139;128;136;101;115;89;107;114;111;110;112;97;93;91;107;77;89;87;94;91;99;84;74;81;88;87;72;75;64;66;38;55;52;40;54;55;34;31;35;34;17;23;25;18;16;22;11;10;10;8;8;2;1;3;1;2;0;0;2
092080;Sinnai;156;156;135;143;162;161;154;157;160;159;170;140;158;152;149;161;164;132;139;134;156;159;167;186;182;145;184;174;206;191;191;219;220;235;225;230;274;257;266;267;297;333;352;316;329;294;292;285;292;295;278;270;268;271;290;226;245;245;233;222;207;219;184;217;182;187;180;195;182;178;167;158;144;109;153;129;119;116;96;104;97;76;77;72;47;50;44;44;46;39;20;27;9;11;11;6;10;4;4;1;3
092090;Uta;90;101;89;88;78;88;89;82;82;72;71;66;78;70;65;75;69;70;77;60;63;86;79;107;68;105;90;95;89;115;120;115;115;155;161;148;151;155;151;173;140;140;146;142;153;137;161;133;129;148;143;134;149;143;138;133;99;124;120;102;107;77;85;99;89;71;88;81;84;84;66;76;55;63;62;69;60;58;46;43;42;40;46;37;34;31;31;18;18;8;9;9;7;6;4;3;2;2;1;0;2
092099;Villa San Pietro;20;17;22;14;20;26;17;23;17;15;14;17;17;11;24;17;13;14;22;12;21;22;20;14;19;17;23;16;20;25;18;27;31;39;26;34;38;32;34;46;43;38;42;35;34;44;43;40;34;33;26;26;27;24;22;30;15;31;23;20;27;28;33;26;26;29;38;21;30;21;26;16;25;32;22;17;17;18;14;4;13;5;11;3;11;11;7;3;6;2;3;0;2;2;1;1;0;0;0;0;0
092105;Quartucciu;108;116;108;104;116;111;128;154;119;138;121;137;99;110;118;115;112;116;104;109;113;111;127;129;126;133;136;160;120;110;144;139;142;144;158;159;170;178;209;191;214;254;260;307;270;257;243;265;209;263;272;248;244;240;207;229;175;169;200;173;175;149;163;151;145;140;147;139;153;111;137;113;96;79;91;110;96;93;82;76;77;64;71;50;45;46;32;31;37;24;31;8;14;9;6;1;5;1;2;2;4
092108;Elmas;86;71;59;76;69;81;92;80;96;83;79;69;79;82;86;81;86;63;76;76;79;65;84;105;91;100;79;89;86;98;104;98;95;117;114;117;104;127;142;143;154;176;174;177;167;178;155;161;182;144;164;159;172;152;160;141;146;145;146;122;118;127;130;131;106;119;115;100;121;103;92;71;66;82;73;70;61;68;53;64;54;47;44;40;37;30;25;30;23;15;17;15;5;7;6;3;4;3;0;0;0
092109;Monserrato;119;99;114;125;157;136;162;149;137;147;157;141;148;149;159;147;147;151;157;163;149;186;180;151;187;213;224;200;192;223;208;193;214;230;232;245;236;205;235;284;297;314;332;325;316;341;312;334;322;299;316;358;374;375;333;294;353;341;321;323;305;296;319;274;266;284;253;295;240;235;236;243;170;186;208;164;207;205;162;157;158;140;129;114;120;82;89;56;62;52;43;26;20;18;20;14;18;7;7;3;8
;Totale;2695;2926;2874;2951;3293;3266;3422;3471;3463;3384;3496;3435;3357;3557;3373;3534;3477;3427;3337;3342;3413;3467;3677;3757;3880;3967;4219;4114;4292;4198;4271;4505;4537;4845;5066;5093;5335;5391;5892;6063;6413;6967;7285;7373;7314;7278;7003;7199;7019;7183;7174;7380;7377;6991;6707;6450;6248;6293;5968;5981;5981;5697;5816;5458;5350;5212;5304;5205;5233;5092;4806;4562;3997;3952;4270;3954;4147;3743;3343;3106;2994;2574;2528;2402;2037;1867;1869;1528;1373;1108;931;707;598;435;359;273;246;121;75;45;104
Territorio/Età;;0;1;2;3;4;5;6;7;8;9;10;11;12;13;14;15;16;17;18;19;20;21;22;23;24;25;26;27;28;29;30;31;32;33;34;35;36;37;38;39;40;41;42;43;44;45;46;47;48;49;50;51;52;53;54;55;56;57;58;59;60;61;62;63;64;65;66;67;68;69;70;71;72;73;74;75;76;77;78;79;80;81;82;83;84;85;86;87;88;89;90;91;92;93;94;95;96;97;98;99;100
Codice comune;Comune;Maschi
092003;Assemini;95;101;99;103;123;100;138;117;115;122;127;145;120;119;150;111;120;120;94;117;121;130;130;105;122;122;151;133;150;138;152;154;157;152;178;160;223;226;210;211;224;229;238;250;231;233;225;215;267;223;235;246;234;232;213;182;207;186;167;171;175;146;164;140;154;168;152;130;115;127;130;93;124;90;106;101;93;89;68;68;64;50;33;40;31;36;37;19;18;18;11;5;3;6;4;2;0;1;0;0;1
092009;Cagliari;409;435;453;413;468;438;510;520;538;463;532;552;486;557;497;546;512;561;531;549;585;557;621;602;601;654;715;667;694;677;671;748;718;729;752;744;794;783;897;927;963;1059;1111;1108;1124;1119;1063;1147;1105;1125;1161;1205;1226;1114;1036;1074;1050;1042;974;1038;999;948;924;877;921;874;911;854;942;896;843;795;730;691;755;730;755;701;636;618;559;505;482;430;389;331;362;235;225;177;143;106;91;69;58;24;37;15;2;4;12
092011;Capoterra;77;81;89;100;110;113;104;104;121;103;122;124;99;121;106;115;111;120;123;119;101;109;108;111;122;106;123;123;136;120;115;113;121;128;141;131;141;164;164;158;177;181;217;221;181;220;197;218;181;239;215;213;208;208;188;157;162;183;153;154;147;162;142;131;126;135;127;117;125;117;124;119;98;83;100;81;82;79;66;54;51;39;35;44;32;38;27;23;21;16;11;11;11;4;0;3;2;6;0;1;1
092015;Decimomannu;37;28;39;37;38;40;38;34;27;41;32;44;39;47;40;38;45;36;42;36;37;43;38;45;35;40;46;44;36;41;44;38;51;42;55;56;76;55;78;72;67;80;83;82;97;67;87;76;65;75;86;78;69;66;48;65;65;56;59;41;48;43;44;43;50;40;38;42;42;42;45;40;30;30;34;33;34;29;23;25;19;14;12;11;13;12;10;6;3;4;5;3;3;1;3;0;1;0;0;0;0
092037;Maracalagonis;31;35;32;40;37;35;36;38;31;44;40;39;43;45;28;40;40;32;38;35;33;42;36;36;36;39;40;37;61;57;41;59;38;63;47;74;52;68;77;77;65;69;80;77;83;60;91;65;72;84;65;65;70;71;49;63;51;52;37;37;43;38;55;44;45;43;30;41;43;44;40;33;31;27;41;24;38;23;29;22;18;21;12;13;13;15;9;9;4;9;1;3;2;1;1;0;0;1;0;0;0
092050;Pula;25;28;26;31;28;34;34;32;30;32;34;34;30;25;26;35;36;32;24;31;30;30;34;20;32;29;25;26;44;37;24;48;47;48;41;50;43;52;67;60;53;56;66;66;55;50;62;85;56;76;63;59;56;54;71;45;47;59;47;55;47;54;48;57;45;44;51;53;52;49;46;50;44;34;48;35;33;34;30;35;20;13;13;16;15;9;11;9;9;6;6;1;2;1;0;2;0;0;0;1;0
092051;Quartu Sant'Elena;216;268;259;266;288;300;311;301;306;293;322;299;295;295;303;311;336;294;337;277;315;300;316;360;363;386;374;385;399;365;354;358;383;432;450;420;410;438;435;479;521;565;585;601;594;598;575;595;557;586;587;591;617;549;583;521;523;496;523;462;478;478;486;443;421;350;387;431;417;411;414;365;285;259;300;292;281;260;211;161;186;135;136;136;96;74;91;70;51;36;24;23;17;13;10;3;2;2;2;2;1
092066;Sarroch;17;16;17;15;22;11;18;22;17;18;26;14;17;29;25;22;19;19;15;16;20;25;23;14;31;23;24;22;27;30;28;32;36;31;31;38;44;33;46;46;44;43;49;53;45;53;50;47;43;32;45;48;45;44;37;54;28;37;34;33;35;48;39;42;31;30;35;31;30;32;36;29;35;22;22;26;32;22;18;19;16;13;20;13;9;11;8;12;9;5;3;2;0;1;1;1;1;0;0;0;0
092068;Selargius;95;103;90;86;122;140;122;156;127;120;132;108;120;160;131;148;152;141;139;134;114;155;161;141;147;137;161;162;169;142;156;177;178;172;190;178;179;199;199;214;193;243;268;270;245;247;225;229;236;248;237;226;266;226;222;229;193;193;174;201;220;202;229;179;187;179;192;175;157;146;163;141;108;132;136;93;120;89;90;71;63;43;46;53;46;45;35;24;13;13;9;9;6;4;5;0;3;1;0;0;0
092074;Sestu;102;131;99;124;119;132;111;126;114;129;139;122;96;106;98;108;98;90;95;92;83;81;83;86;90;88;107;108;94;117;106;122;145;149;155;147;157;164;204;208;194;210;234;269;251;226;220;232;195;201;181;176;180;194;160;131;130;128;122;115;118;101;82;90;74;94;91;94;78;77;78;59;72;63;63;69;79;60;57;50;50;27;29;39;19;24;25;16;12;14;11;6;4;1;3;4;1;0;0;1;1
092075;Settimo San Pietro;31;26;24;37;36;39;28;38;40;39;30;21;34;29;27;24;30;26;29;39;28;31;41;30;30;32;34;34;32;33;34;51;51;60;52;60;56;63;63;73;70;58;72;67;81;64;62;41;57;54;56;50;55;55;46;32;48;42;47;40;40;47;44;42;29;37;50;46;34;36;29;28;19;32;26;16;18;25;12;17;20;15;3;12;9;9;7;6;6;2;6;3;1;1;0;1;0;1;0;0;0
092080;Sinnai;83;76;81;75;75;89;65;87;75;79;100;76;93;80;73;84;82;64;74;68;86;92;91;90;101;76;91;89;104;88;91;104;110;122;118;106;145;129;142;127;168;169;165;157;168;125;157;137;147;167;149;144;132;129;148;106;132;125;116;104;93;110;96;105;102;86;96;100;79;74;83;83;63;47;74;59;52;50;52;46;48;29;39;27;16;19;15;21;17;13;7;7;3;6;4;2;2;1;0;0;1
092090;Uta;48;56;44;42;41;44;45;38;50;38;31;33;45;36;32;36;33;35;38;29;30;50;46;56;29;45;41;39;43;51;58;65;59;82;82;82;84;76;84;85;72;88;82;58;68;69;82;69;70;85;82;71;81;73;72;64;58;61;65;53;55;51;41;50;50;34;47;39;36;38;28;38;35;30;33;36;26;29;25;21;22;19;18;15;14;19;12;2;11;2;2;1;4;2;0;2;1;0;0;0;0
092099;Villa San Pietro;8;11;9;4;11;15;10;13;5;8;4;8;9;5;15;8;10;8;12;7;11;10;7;8;7;7;14;8;11;13;8;13;14;16;12;19;23;16;17;22;21;24;25;17;15;25;20;21;15;19;15;13;14;10;11;15;6;16;9;10;11;15;15;8;15;13;22;12;12;11;11;9;12;17;13;8;9;13;9;2;7;3;5;0;4;6;2;2;3;1;3;0;0;1;0;0;0;0;0;0;0
092105;Quartucciu;62;59;50;49;65;48;56;84;63;67;49;84;48;59;63;64;60;66;60;55;62;58;56;65;68;68;66;76;67;48;77;70;72;68;81;66;98;85;92;100;99;126;129;162;138;134;117;134;110;132;126;124;113;123;91;113;98;70;95;91;89;72;75;79;63;70;76;57;78;56;77;48;40;32;42;51;47;40;36;37;35;28;27;16;14;17;7;11;12;6;12;2;5;2;0;0;1;1;0;1;2
092108;Elmas;44;36;31;51;38;44;53;47;48;37;41;37;39;46;42;38;50;30;43;41;45;41;41;62;42;52;41;40;45;44;50;49;49;59;50;58;55;70;64;67;84;84;89;92;89;88;71;80;83;70;73;80;84;75;79;69;78;66;78;63;62;60;56;66;45;60;61;53;61;50;46;27;36;38;30;38;31;37;26;33;26;20;17;14;11;13;10;15;7;5;1;6;4;4;5;0;1;0;0;0;0
092109;Monserrato;56;56;55;65;82;71;81;77;63;75;58;89;90;83;76;80;70;73;83;81;78;83;97;68;99;132;113;103;93;128;109;102;115;115;110;124;120;104;114;144;130;162;181;172;139;164;159;155;143;132;148;158;180;176;168;127;164;168;155;151;139;148;147;136;138;121;106;132;109;101;110;126;82;100;102;73;75;97;70;64;64;56;44;48;44;40;34;17;18;12;13;7;4;7;1;4;7;0;1;0;2
;Totale;1436;1546;1497;1538;1703;1693;1760;1834;1770;1708;1819;1829;1703;1842;1732;1808;1804;1747;1777;1726;1779;1837;1929;1899;1955;2036;2166;2096;2205;2129;2118;2303;2344;2468;2545;2513;2700;2725;2953;3070;3145;3446;3674;3722;3604;3542;3463;3546;3402;3548;3524;3547;3630;3399;3222;3047;3040;2980;2855;2819;2799;2723;2687;2532;2496;2378;2472;2407;2410;2307;2303;2083;1844;1727;1925;1765;1805;1677;1458;1343;1268;1030;971;927;775;718;702;497;439;339;268;195;160;124;95;48;59;29;5;10;21
Territorio/Età;;0;1;2;3;4;5;6;7;8;9;10;11;12;13;14;15;16;17;18;19;20;21;22;23;24;25;26;27;28;29;30;31;32;33;34;35;36;37;38;39;40;41;42;43;44;45;46;47;48;49;50;51;52;53;54;55;56;57;58;59;60;61;62;63;64;65;66;67;68;69;70;71;72;73;74;75;76;77;78;79;80;81;82;83;84;85;86;87;88;89;90;91;92;93;94;95;96;97;98;99;100
Codice comune;Comune;Femmine
092003;Assemini;93;77;99;86;129;123;126;126;122;136;114;133;128;116;114;124;107;111;124;101;105;102;90;116;123;127;145;131;129;150;144;135;167;179;172;194;175;172;193;221;222;244;222;283;229;270;200;240;247;254;236;254;246;227;212;194;210;187;200;188;196;191;156;191;173;158;139;150;154;132;110;113;100;98;118;102;107;86;94;95;75;53;71;62;52;52;43;37;35;28;20;14;16;14;6;11;2;3;3;0;2
092009;Cagliari;321;405;393;389;476;441;456;471;493;461;452;488;519;512;492;535;490;571;486;510;514;533;580;597;563;629;649;635;688;650;682;701;684;735;725;774;805;824;904;895;984;1068;1158;1168;1208;1215;1158;1216;1210;1209;1262;1305;1318;1264;1227;1219;1181;1227;1155;1191;1194;1115;1223;1131;1174;1090;1166;1140;1087;1206;1079;1073;974;1016;1084;1086;1120;1019;932;865;873;796;784;818;660;599;655;577;506;446;390;308;273;186;157;141;101;46;38;19;52
092011;Capoterra;76;84;85;77;98;96;106;101;121;111;122;104;122;120;109;94;101;87;99;107;98;99;103;106;103;116;101;82;101;129;109;128;122;132;133;131;126;154;146;167;216;197;190;217;218;206;203;193;202;223;194;207;192;213;197;192;151;179;148;177;149;145;159;159;144;138;137;123;150;142;122;142;102;121;91;94;88;86;77;64;73;58;48;64;34;41;35;38;29;15;18;14;15;10;7;4;4;3;1;4;2
092015;Decimomannu;34;34;32;39;28;39;26;44;36;33;30;34;40;39;29;48;27;42;26;23;37;32;30;30;43;39;45;34;44;38;33;46;57;35;67;61;63;50;65;69;59;78;72;76;83;63;59;87;70;71;63;67;70;68;84;56;63;58;39;43;55;59;42;41;42;49;50;45;56;37;47;41;21;50;50;40;32;21;26;22;22;14;27;11;21;20;13;12;18;5;5;5;2;1;5;1;3;1;0;0;0
092037;Maracalagonis;40;28;39;30;38;24;32;23;31;34;32;43;39;42;28;30;36;36;35;24;30;35;46;37;42;36;34;39;39;53;48;43;51;64;60;70;59;65;56;71;48;82;49;63;62;70;81;64;71;67;52;64;75;54;60;60;35;47;43;45;59;41;54;41;29;38;56;43;35;47;27;40;35;32;41;27;36;31;21;27;32;24;26;19;11;13;15;11;8;6;9;4;5;5;2;1;0;1;1;0;0
092050;Pula;21;26;27;25;33;33;15;33;33;34;37;28;22;27;14;25;28;23;24;30;21;20;25;34;35;24;38;44;27;37;30;40;38;30;46;44;45;55;54;52;59;66;68;50;49;52;55;57;48;59;45;73;60;46;45;62;47;41;56;48;54;49;51;47;49;62;35;53;57;48;47;48;44;53;37;35;42;32;25;24;28;19;20;16;18;20;16;14;13;14;7;6;8;5;4;2;1;2;1;0;0
092051;Quartu Sant'Elena;210;212;219;258;231;274;290;273;279;278;276;278;258;289;290;308;296;290;255;294;314;277;300;327;358;350;335;363;360;323;354;367;340;394;435;391;411;412;484;444;561;560;618;594;632;615;619;636;615;623;631;680;609;607;617;627;555;560;523;542;553;522;517;480;447;487;480;440;493;434;427;377;347;326;324;277;314;286;265;243;209;187;194;169;141;139;136;134;119;74;79;58;45;32;20;26;28;16;10;4;6
092066;Sarroch;13;14;24;25;20;20;14;25;23;20;22;14;16;24;14;22;18;12;20;22;15;16;17;25;37;21;30;25;20;28;35;36;15;31;37;33;42;35;47;40;35;46;38;37;31;46;33;31;40;36;43;39;41;42;39;35;36;47;39;43;44;42;35;35;34;34;38;39;33;36;25;21;23;29;30;25;41;27;28;20;27;22;14;14;18;19;9;12;10;10;5;3;4;0;6;0;1;1;0;0;0
092068;Selargius;73;100;91;96;102;115;113;117;136;116;127;108;126;126;123;141;152;138;112;122;131;124;123;136;171;137;181;136;165;125;152;163;141;153;175;188;211;197;199;229;219;269;248;245;267;261;256;263;262;289;259;295;284;230;233;213;251;272;240;236;237;228;246;209;207;209;206;205;200;182;148;165;130;120;156;119;125;100;105;105;84;78;75;60;61;61;60;46;42;47;26;21;18;16;13;9;12;3;1;3;3
092074;Sestu;75;108;83;93;115;85;113;99;95;110;110;105;104;128;102;84;103;77;88;81;74;72;89;73;93;88;88;109;121;111;128;107;144;113;163;158;190;171;199;182;225;243;246;213;224;255;223;196;202;167;204;184;165;180;143;127;123;111;103;112;97;98;107;96;109;79;74;81;85;80;67;75;70;70;73;66;81;56;55;39;49;57;56;35;39;40;28;20;25;15;15;12;8;10;5;8;7;0;2;0;4
092075;Settimo San Pietro;25;26;28;31;30;31;39;26;17;33;26;28;25;27;26;29;29;23;26;29;26;25;26;34;30;31;37;41;43;35;46;48;36;53;45;58;60;57;68;64;69;66;67;61;55;37;53;48;50;60;55;60;57;42;47;59;59;35;42;47;54;44;55;42;45;44;38;41;38;39;35;38;19;23;26;24;36;30;22;14;15;19;14;11;16;9;9;16;5;8;4;5;7;1;1;2;1;1;0;0;2
092080;Sinnai;73;80;54;68;87;72;89;70;85;80;70;64;65;72;76;77;82;68;65;66;70;67;76;96;81;69;93;85;102;103;100;115;110;113;107;124;129;128;124;140;129;164;187;159;161;169;135;148;145;128;129;126;136;142;142;120;113;120;117;118;114;109;88;112;80;101;84;95;103;104;84;75;81;62;79;70;67;66;44;58;49;47;38;45;31;31;29;23;29;26;13;20;6;5;7;4;8;3;4;1;2
092090;Uta;42;45;45;46;37;44;44;44;32;34;40;33;33;34;33;39;36;35;39;31;33;36;33;51;39;60;49;56;46;64;62;50;56;73;79;66;67;79;67;88;68;52;64;84;85;68;79;64;59;63;61;63;68;70;66;69;41;63;55;49;52;26;44;49;39;37;41;42;48;46;38;38;20;33;29;33;34;29;21;22;20;21;28;22;20;12;19;16;7;6;7;8;3;4;4;1;1;2;1;0;2
092099;Villa San Pietro;12;6;13;10;9;11;7;10;12;7;10;9;8;6;9;9;3;6;10;5;10;12;13;6;12;10;9;8;9;12;10;14;17;23;14;15;15;16;17;24;22;14;17;18;19;19;23;19;19;14;11;13;13;14;11;15;9;15;14;10;16;13;18;18;11;16;16;9;18;10;15;7;13;15;9;9;8;5;5;2;6;2;6;3;7;5;5;1;3;1;0;0;2;1;1;1;0;0;0;0;0
092105;Quartucciu;46;57;58;55;51;63;72;70;56;71;72;53;51;51;55;51;52;50;44;54;51;53;71;64;58;65;70;84;53;62;67;69;70;76;77;93;72;93;117;91;115;128;131;145;132;123;126;131;99;131;146;124;131;117;116;116;77;99;105;82;86;77;88;72;82;70;71;82;75;55;60;65;56;47;49;59;49;53;46;39;42;36;44;34;31;29;25;20;25;18;19;6;9;7;6;1;4;0;2;1;2
092108;Elmas;42;35;28;25;31;37;39;33;48;46;38;32;40;36;44;43;36;33;33;35;34;24;43;43;49;48;38;49;41;54;54;49;46;58;64;59;49;57;78;76;70;92;85;85;78;90;84;81;99;74;91;79;88;77;81;72;68;79;68;59;56;67;74;65;61;59;54;47;60;53;46;44;30;44;43;32;30;31;27;31;28;27;27;26;26;17;15;15;16;10;16;9;1;3;1;3;3;3;0;0;0
092109;Monserrato;63;43;59;60;75;65;81;72;74;72;99;52;58;66;83;67;77;78;74;82;71;103;83;83;88;81;111;97;99;95;99;91;99;115;122;121;116;101;121;140;167;152;151;153;177;177;153;179;179;167;168;200;194;199;165;167;189;173;166;172;166;148;172;138;128;163;147;163;131;134;126;117;88;86;106;91;132;108;92;93;94;84;85;66;76;42;55;39;44;40;30;19;16;11;19;10;11;7;6;3;6
;Totale;1259;1380;1377;1413;1590;1573;1662;1637;1693;1676;1677;1606;1654;1715;1641;1726;1673;1680;1560;1616;1634;1630;1748;1858;1925;1931;2053;2018;2087;2069;2153;2202;2193;2377;2521;2580;2635;2666;2939;2993;3268;3521;3611;3651;3710;3736;3540;3653;3617;3635;3650;3833;3747;3592;3485;3403;3208;3313;3113;3162;3182;2974;3129;2926;2854;2834;2832;2798;2823;2785;2503;2479;2153;2225;2345;2189;2342;2066;1885;1763;1726;1544;1557;1475;1262;1149;1167;1031;934;769;663;512;438;311;264;225;187;92;70;35;83

"Ricostruzione della popolazione intercensuaria - Popolazione al 1° gennaio per età"
"Cittadinanza italiana - Anno: 2018 - Provincia: Cagliari"
Territorio/Età;;0;1;2;3;4;5;6;7;8;9;10;11;12;13;14;15;16;17;18;19;20;21;22;23;24;25;26;27;28;29;30;31;32;33;34;35;36;37;38;39;40;41;42;43;44;45;46;47;48;49;50;51;52;53;54;55;56;57;58;59;60;61;62;63;64;65;66;67;68;69;70;71;72;73;74;75;76;77;78;79;80;81;82;83;84;85;86;87;88;89;90;91;92;93;94;95;96;97;98;99;100
Codice comune;Comune;Totale
092003;Assemini;180;188;185;189;189;251;217;260;243;230;251;238;278;245;224;263;229;222;228;220;219;229;237;221;216;244;245;306;265;278;289;297;300;320;329;358;344;396;409;400;435;444;461;462;525;457;489;422;448;507;473;465;495;476;459;423;370;415;369;364;361;363;331;312;328;323;326;290;279;267;256;238;205;220;184;221;199;200;168;159;153;132;98;96;95;73;75;73;51;47;41;23;17;19;19;9;9;1;3;2;2
092009;Cagliari;738;741;845;835;813;945;901;970;1010;1047;935;1007;1053;1002;1089;996;1079;1015;1139;1034;1073;1107;1083;1200;1196;1170;1279;1365;1284;1359;1328;1337;1433;1419;1464;1465;1526;1603;1624;1806;1821;1962;2129;2292;2299;2379;2352;2252;2385;2334;2349;2423;2513;2550;2366;2262;2302;2211;2259;2121;2225;2181;2048;2120;2004;2076;1950;2048;1969;2011;2070;1893;1833;1677;1673;1788;1764;1825;1680;1529;1440;1379;1220;1198;1173;978;866;941;735;651;527;458;342;287;202;173;130;102;43;27;53
092011;Capoterra;155;150;164;171;171;199;209;208;201;239;213;235;228;221;238;212;207;210;203;219;225;198;206;207;212;224;219;222;203;236;247;219;231;238;262;270;259;270;315;309;319;385;378;395;433;395;414;409;407;386;458;400;415;392;417;380;344;313;363;304;324;295;305;300;290;267;264;262;234;271;250;240;252;200;201;188;165;166;154;135;109;122;91;78;99;59;68;57;55;46;27;27;19;21;8;8;5;3;2;1;6
092015;Decimomannu;51;70;68;71;79;68;79;68;78;65;77;62;82;81;90;70;87;74;78;67;61;73;78;66;76;76;80;91;81;83;81;80;85;106;87;123;114;140;108;145;137;125;158;159;159;178;136;148;162;137;143;149;143;139;135;130;116;126;114;98;82;104;101;87;81;93;86;87;90;93;78;91;81;50;80;80;72;64;49;49;47;37;26;38;18;32;26;21;14;17;7;8;8;4;2;5;0;3;1;0;0
092037;Maracalagonis;67;75;61;68;69;74;59;64;62;60;76;71;83;81;88;55;71;75;67;73;58;62;76;82;74;74;72;79;77;105;109;89;102;85;118;117;143;113;131;131;141;109;147;130;145;145;126;171;125;141;150;118;132;147;125;111;123;86;101;81;83;102;76;109;89;71;79;87;82;77;90;66;72;63;59;81;49;71;53;44;45;49;43;34;29;23;24;19;20;11;15;7;7;2;4;3;1;0;1;0;0
092050;Pula;44;47;53;55;51;62;68;48;59;63;65;69;63;52;53;41;59;62;53;52;60;50;49;57;56;69;56;62;63;71;75;51;91;80;78;87;92;96;102;118;114;110;124;138;122;102;102;118;141;103;134;112;132;112;100;115;108;95;99;101;103;101;102;100;102;94;105;86;101;108;95;89;97;87;82;82;70;76;66;51;59;48;30;32;32;32;24;22;18;21;16;12;7;9;3;4;3;1;2;1;1
092051;Quartu Sant'Elena;406;413;483;475;519;521;567;598;565;581;576;598;577;548;577;593;619;623;582;584;569;637;575;619;678;705;713;705;720;751;679;699;724;720;821;884;804;841;852;917;934;1087;1122;1200;1191;1228;1211;1198;1239;1176;1207;1223;1266;1218;1158;1197;1137;1075;1053;1020;1001;1035;992;1005;910;862;828;866;861;902;834;829;730;608;565;600;551;581;528;448;388;367;308;314;286;218;202;206;184;154;94;88;62;53;37;24;18;21;8;7;5
092066;Sarroch;34;33;32;46;42;41;30;31;49;38;38;50;28;32;53;38;47;39;31;39;38;37;42;40;44;68;45;55;47;48;62;63;67;51;59;64;74;85;73;88;85;76;92;89;90;78;94;82;82;81;71;88;87;86;82;73;90;65;82;73;77;79;90;73;80;63;63;76;69;64;66;60;49;58;52;51;48;72;50;44;39;39;33;28;27;24;29;16;23;17;13;6;5;3;1;6;1;1;0;0;0
092068;Selargius;175;164;196;194;187;218;261;240;267;263;229;265;208;248;284;252;290;300;282;250;254;243;276;286;274;316;274;336;295;335;278;308;333;309;323;373;368;387;394;398;434;416;519;514;521;507;519;482;483;497;540;496;522;549;450;459;437;443;464;420;430;454;423;464;383;381;378;392;370;349;328;308;302;234;251;284;209;234;182;192;169;139;120;119;107;103;94;90;65;49;58;31;25;24;13;13;8;16;2;1;5
092074;Sestu;159;177;237;179;214;234;220;220;218;202;230;241;227;202;228;198;191;196;165;181;172;155;154;170;162;180;183;200;211;225;230;246;235;296;263;322;304;343;340;395;390;411;437;478;483;467;476;434;427;401;364;382;360;348;372;298;259;254;235;220;224;212;198;187;189;183;168;161;172;160;154;145;132;144;132;132;134;153;115;110;82;96;85;85;68;55;55;48;30;35;23;21;15;9;8;7;10;8;0;1;5
092075;Settimo San Pietro;57;59;53;55;72;65;69;67;66;58;71;60;49;61;56;52;52;58;48;54;69;50;54;64;64;58;62;71;74;75;71;81;101;92;119;95;116;121;120;134;133;139;121;138;128;133;101;118;88;106;110;110;109;107;97;94;95;105;76;87;88;92;86;97;81;76;80;89;85;71;75;65;65;39;55;52;40;51;52;31;28;32;34;17;22;22;17;14;21;10;8;8;8;6;2;0;3;1;0;0;1
092080;Sinnai;125;154;161;134;144;160;156;157;157;159;165;166;141;156;153;153;157;163;135;139;129;150;156;170;187;181;141;180;176;203;194;190;226;222;234;227;233;275;262;269;270;298;337;343;318;330;292;286;291;289;286;276;269;261;270;284;224;244;243;231;220;204;216;185;214;181;183;183;197;177;172;166;153;137;108;146;128;119;114;91;102;94;68;74;65;46;47;39;34;39;32;20;23;7;8;8;5;10;4;2;1
092090;Uta;103;89;101;90;92;81;88;90;84;81;73;66;64;76;71;65;74;70;68;74;59;60;84;77;110;69;106;100;97;89;110;123;111;115;156;160;148;153;148;153;172;142;139;145;149;152;141;153;136;127;148;145;132;152;142;136;133;100;122;118;102;104;77;85;97;88;74;89;81;84;83;65;76;53;60;63;67;59;54;43;42;41;36;43;36;32;29;26;17;16;8;9;8;5;5;4;2;1;1;1;1
092099;Villa San Pietro;16;20;16;20;12;21;26;16;25;18;15;15;19;18;11;25;17;12;14;19;12;23;22;18;14;19;15;25;15;21;25;17;26;31;41;30;36;34;32;37;44;42;40;41;35;35;47;41;39;34;35;27;28;27;23;23;30;15;31;23;21;29;28;33;26;26;29;38;22;31;21;26;16;25;30;23;18;16;18;14;4;14;4;11;3;9;10;7;3;5;2;3;0;1;1;1;1;0;0;0;0
092105;Quartucciu;67;102;121;103;103;124;106;127;148;124;139;123;135;99;110;117;116;117;116;105;109;110;113;125;128;123;136;140;154;122;109;145;141;150;143;159;159;167;173;207;192;219;253;263;302;267;255;246;263;206;263;261;247;242;240;205;228;180;165;197;171;177;151;159;148;144;138;143;136;149;110;133;112;94;79;88;109;95;86;77;73;71;62;63;46;47;45;32;31;35;20;27;6;11;7;3;1;2;1;2;3
092108;Elmas;44;80;68;54;76;68;82;95;78;93;85;81;66;81;80;86;83;88;64;77;71;76;64;82;102;92;92;78;97;88;100;99;90;94;112;115;120;102;129;140;148;158;177;173;182;171;177;159;164;177;141;161;154;178;153;159;142;144;147;148;124;118;127;129;129;109;118;109;101;119;101;92;71;63;82;71;67;62;65;49;64;52;43;45;38;36;27;21;27;17;15;14;11;6;5;3;2;4;3;0;0
092109;Monserrato;94;121;107;121;123;157;135;164;157;134;143;158;136;147;151;160;149;147;150;152;161;154;182;181;147;186;205;221;197;199;216;209;195;209;227;225;246;227;206;229;280;291;326;327;333;310;331;312;335;316;296;317;350;369;371;327;297;352;338;321;320;295;294;315;270;264;279;248;289;237;233;235;242;167;182;205;161;201;192;158;150;156;129;124;107;114;79;86;49;50;50;37;19;15;14;14;12;9;4;5;6
;Totale;2515;2683;2951;2860;2956;3289;3273;3423;3467;3455;3381;3505;3437;3350;3556;3376;3527;3471;3423;3339;3339;3414;3451;3665;3740;3854;3923;4236;4056;4288;4203;4253;4491;4537;4836;5074;5086;5353;5418;5876;6049;6414;6960;7287;7415;7334;7263;7031;7215;7018;7168;7153;7354;7353;6960;6676;6435;6223;6261;5927;5956;5945;5645;5760;5421;5301;5148;5254;5138;5170;5016;4741;4488;3919;3875;4155;3851;4045;3626;3224;2994;2868;2430;2399;2251;1903;1717;1718;1377;1220;956;799;582;482;339;285;211;183;75;50;89
Territorio/Età;;0;1;2;3;4;5;6;7;8;9;10;11;12;13;14;15;16;17;18;19;20;21;22;23;24;25;26;27;28;29;30;31;32;33;34;35;36;37;38;39;40;41;42;43;44;45;46;47;48;49;50;51;52;53;54;55;56;57;58;59;60;61;62;63;64;65;66;67;68;69;70;71;72;73;74;75;76;77;78;79;80;81;82;83;84;85;86;87;88;89;90;91;92;93;94;95;96;97;98;99;100
Codice comune;Comune;Maschi
092003;Assemini;90;97;100;90;100;123;99;138;115;112;119;126;146;115;113;150;112;119;118;95;115;120;130;131;104;126;116;155;127;151;135;153;162;159;153;179;158;224;229;206;217;221;227;237;248;231;223;224;211;264;221;233;247;230;233;214;179;207;183;166;171;172;145;157;137;151;168;153;130;114;126;127;92;121;87;105;97;93;85;67;62;61;47;30;35;28;29;33;18;13;16;9;3;4;5;4;2;0;0;0;0
092009;Cagliari;376;414;434;456;419;472;449;510;525;546;468;542;555;486;561;500;541;524;566;541;556;588;557;623;604;596;650;723;658;685;680;652;735;727;725;741;742;794;787;897;927;970;1068;1108;1118;1138;1129;1078;1164;1101;1142;1161;1208;1230;1110;1030;1079;1036;1040;970;1034;991;937;908;878;905;868;897;834;926;874;822;780;714;669;734;700;736;680;616;587;539;471;452;399;354;299;326;209;198;142;118;81;64;52;48;16;26;9;2;6
092011;Capoterra;74;75;80;83;95;103;115;101;102;118;102;119;123;101;122;106;113;110;119;123;117;103;107;107;107;123;104;120;122;137;120;112;108;121;130;145;132;144;161;160;159;174;178;213;217;180;208;204;215;186;236;208;209;204;205;186;152;162;182;154;154;146;164;141;128;122;128;125;114;124;113;119;117;97;81;100;76;80;73;58;50;50;38;33;40;29;31;26;20;18;13;10;7;8;2;0;3;0;2;0;2
092015;Decimomannu;23;34;31;35;39;36;38;39;35;28;44;32;45;41;48;40;38;46;37;41;37;37;46;36;46;35;43;46;48;36;44;44;40;50;46;58;51;75;55;78;69;67;80;84;80;94;73;88;74;64;73;85;77;69;64;47;61;63;55;60;40;49;44;44;42;50;39;38;46;40;38;44;39;30;29;32;33;32;28;23;25;16;12;12;9;12;8;9;4;3;2;4;3;3;1;2;0;1;0;0;0
092037;Maracalagonis;37;33;32;32;42;37;34;33;37;32;42;40;40;44;45;27;41;39;32;39;34;32;42;37;36;34;36;39;39;63;58;42;58;37;55;55;68;51;69;76;75;61;68;80;79;82;56;91;64;71;83;66;67;72;72;50;63;52;53;38;38;43;35;56;46;41;41;32;40;42;43;39;34;28;27;41;22;37;23;25;19;18;21;10;11;13;13;8;8;4;9;0;3;1;0;1;0;0;1;0;0
092050;Pula;28;25;27;25;28;28;36;35;29;31;32;33;34;31;25;28;34;34;31;24;31;32;29;32;19;31;29;26;22;45;38;23;48;47;47;41;49;49;51;65;61;53;58;67;72;54;49;61;84;55;76;65;59;55;56;71;47;48;58;46;55;47;54;49;56;45;43;50;50;50;48;43;49;44;33;44;35;34;34;28;35;20;12;13;16;14;7;8;6;8;5;4;1;1;0;0;1;0;0;0;1
092051;Quartu Sant'Elena;210;212;273;255;259;291;296;313;294;303;296;320;300;291;294;304;312;328;295;330;272;312;296;317;356;357;372;370;374;398;359;345;353;381;426;454;419;418;440;441;479;523;563;583;601;606;592;577;603;559;580;584;589;609;549;580;515;522;492;505;463;483;477;490;435;417;352;385;425;414;406;404;359;273;248;283;285;269;246;197;158;172;125;128;125;86;70;84;62;42;29;18;17;13;12;7;2;1;0;1;2
092066;Sarroch;19;19;18;20;17;21;11;18;23;16;18;26;14;17;29;24;24;21;19;15;16;21;26;21;17;31;23;24;22;27;29;27;31;36;32;29;39;43;36;45;46;41;45;50;53;47;52;50;48;43;35;46;48;44;43;37;55;27;35;34;33;35;48;39;42;31;30;35;31;32;32;36;29;35;23;22;23;33;23;18;19;15;14;16;13;9;10;7;12;7;5;2;2;0;1;1;1;0;0;0;0
092068;Selargius;99;90;103;97;86;123;146;124;154;125;117;133;105;123;156;130;148;150;143;141;133;114;150;158;138;148;138;156;157;165;146;158;168;170;177;196;180;178;196;199;205;201;247;271;272;237;256;230;222;235;243;239;231;265;225;219;227;193;197;180;201;218;196;226;177;180;174;187;168;152;146;160;141;106;131;132;89;113;85;88;69;57;43;47;50;43;39;33;22;11;12;5;7;5;2;3;0;3;0;0;0
092074;Sestu;91;105;131;99;125;120;134;107;122;111;123;136;120;97;103;96;107;93;88;94;91;81;81;84;88;87;92;109;101;101;116;113;126;145;150;151;144;155;166;199;209;193;201;234;268;251;220;213;229;197;199;177;174;181;193;158;131;127;124;118;115;116;99;81;90;75;92;89;92;77;76;78;57;73;62;60;69;74;59;57;44;49;28;28;37;19;20;22;13;13;11;7;4;1;1;2;4;1;0;0;2
092075;Settimo San Pietro;31;36;28;20;41;35;38;28;41;41;39;30;21;36;28;27;23;29;26;28;40;27;30;40;28;30;30;32;34;32;36;38;53;53;61;49;60;58;64;60;71;72;56;72;68;79;64;65;41;58;52;55;50;53;55;46;36;48;42;46;38;39;45;40;41;30;36;52;45;32;36;30;27;20;33;26;16;16;22;11;15;18;15;3;12;7;8;6;6;5;2;5;3;1;1;0;1;0;0;0;0
092080;Sinnai;75;80;78;80;74;72;87;66;87;71;82;97;75;88;80;75;82;81;66;75;70;81;91;93;93;100;75;93;89;104;89;89;110;108;120;117;109;148;134;145;128;167;171;167;158;171;123;153;138;145;161;149;146;128;127;146;106;129;124;114;105;92;109;97;104;101;84;96;102;77;73;82;82;57;47;69;59;52;47;48;45;46;24;37;23;16;18;12;15;13;11;7;6;2;4;3;2;2;1;0;0
092090;Uta;52;45;54;47;43;41;42;46;39;49;39;31;33;45;37;32;35;33;34;39;30;30;49;45;58;30;47;43;44;42;48;59;61;58;82;80;83;87;76;85;84;74;87;80;63;67;73;79;71;69;85;83;71;83;73;71;65;59;60;65;53;52;49;41;51;49;36;49;38;36;37;28;38;34;28;33;34;25;27;23;21;20;17;16;14;13;18;9;2;9;2;2;1;2;2;0;1;0;0;0;0
092099;Villa San Pietro;6;8;10;9;4;12;15;9;14;6;7;5;9;9;5;16;9;9;8;11;7;11;11;7;7;8;6;15;9;12;13;7;13;15;16;14;21;20;17;17;22;21;24;24;17;15;27;19;20;15;20;16;14;15;10;12;15;6;16;9;10;11;15;15;8;15;13;22;13;13;11;11;9;11;16;14;9;9;13;9;2;8;2;5;0;2;6;2;2;2;1;3;0;0;1;0;0;0;0;0;0
092105;Quartucciu;35;58;61;49;46;67;45;58;82;63;69;52;81;48;59;62;65;63;64;60;56;62;58;55;62;67;69;69;72;65;51;80;73;78;66;79;64;95;82;92;100;101;125;130;161;139;134;117;132;111;133;123;122;115;122;91;112;101;69;93;88;91;74;72;78;62;70;72;55;73;56;75;47;40;32;39;50;45;38;33;35;33;26;24;15;16;17;6;10;12;4;10;1;5;1;0;0;0;1;0;1
092108;Elmas;24;42;33;28;49;34;42;55;48;49;41;40;34;41;46;42;38;51;31;44;39;45;41;38;58;43;47;41;46;47;44;47;45;47;56;55;58;54;69;65;70;86;83;89;96;90;86;73;84;82;69;73;74;88;75;78;69;77;66;79;63;60;61;56;65;47;60;55;52;60;49;46;27;33;38;29;34;32;34;22;33;25;19;18;12;12;12;6;13;6;5;1;4;4;2;2;0;1;0;0;0
092109;Monserrato;40;57;62;58;66;81;68;85;81;63;72;61;85;90;84;76;81;72;72;79;80;80;83;98;70;98;124;112;101;92;119;108;101;115;112;103;126;115;106;108;140;129;167;182;179;141;160;157;159;141;133;145;155;176;177;165;130;163;166;155;150;135;147;147;133;136;119;102;130;108;100;110;124;80;94;100;72;69;88;67;57;62;52;39;45;41;37;34;16;15;10;11;6;4;4;1;3;3;0;0;2
;Totale;1310;1430;1555;1483;1533;1696;1695;1765;1828;1764;1710;1823;1820;1703;1835;1735;1803;1802;1749;1779;1724;1776;1827;1922;1891;1944;2001;2173;2065;2202;2125;2097;2285;2347;2454;2546;2503;2708;2738;2938;3062;3154;3448;3671;3750;3622;3525;3479;3559;3396;3541;3508;3541;3617;3389;3201;3042;3020;2962;2832;2811;2780;2699;2659;2511;2457;2353;2439;2365;2370;2264;2254;2051;1796;1678;1863;1703;1749;1605;1390;1276;1209;966;911;856;714;642;631;438;379;279;216;149;118;91;74;36;38;14;3;16
Territorio/Età;;0;1;2;3;4;5;6;7;8;9;10;11;12;13;14;15;16;17;18;19;20;21;22;23;24;25;26;27;28;29;30;31;32;33;34;35;36;37;38;39;40;41;42;43;44;45;46;47;48;49;50;51;52;53;54;55;56;57;58;59;60;61;62;63;64;65;66;67;68;69;70;71;72;73;74;75;76;77;78;79;80;81;82;83;84;85;86;87;88;89;90;91;92;93;94;95;96;97;98;99;100
Codice comune;Comune;Femmine
092003;Assemini;90;91;85;99;89;128;118;122;128;118;132;112;132;130;111;113;117;103;110;125;104;109;107;90;112;118;129;151;138;127;154;144;138;161;176;179;186;172;180;194;218;223;234;225;277;226;266;198;237;243;252;232;248;246;226;209;191;208;186;198;190;191;186;155;191;172;158;137;149;153;130;111;113;99;97;116;102;107;83;92;91;71;51;66;60;45;46;40;33;34;25;14;14;15;14;5;7;1;3;2;2
092009;Cagliari;362;327;411;379;394;473;452;460;485;501;467;465;498;516;528;496;538;491;573;493;517;519;526;577;592;574;629;642;626;674;648;685;698;692;739;724;784;809;837;909;894;992;1061;1184;1181;1241;1223;1174;1221;1233;1207;1262;1305;1320;1256;1232;1223;1175;1219;1151;1191;1190;1111;1212;1126;1171;1082;1151;1135;1085;1196;1071;1053;963;1004;1054;1064;1089;1000;913;853;840;749;746;774;624;567;615;526;453;385;340;261;223;150;125;114;76;34;25;47
092011;Capoterra;81;75;84;88;76;96;94;107;99;121;111;116;105;120;116;106;94;100;84;96;108;95;99;100;105;101;115;102;81;99;127;107;123;117;132;125;127;126;154;149;160;211;200;182;216;215;206;205;192;200;222;192;206;188;212;194;192;151;181;150;170;149;141;159;162;145;136;137;120;147;137;121;135;103;120;88;89;86;81;77;59;72;53;45;59;30;37;31;35;28;14;17;12;13;6;8;2;3;0;1;4
092015;Decimomannu;28;36;37;36;40;32;41;29;43;37;33;30;37;40;42;30;49;28;41;26;24;36;32;30;30;41;37;45;33;47;37;36;45;56;41;65;63;65;53;67;68;58;78;75;79;84;63;60;88;73;70;64;66;70;71;83;55;63;59;38;42;55;57;43;39;43;47;49;44;53;40;47;42;20;51;48;39;32;21;26;22;21;14;26;9;20;18;12;10;14;5;4;5;1;1;3;0;2;1;0;0
092037;Maracalagonis;30;42;29;36;27;37;25;31;25;28;34;31;43;37;43;28;30;36;35;34;24;30;34;45;38;40;36;40;38;42;51;47;44;48;63;62;75;62;62;55;66;48;79;50;66;63;70;80;61;70;67;52;65;75;53;61;60;34;48;43;45;59;41;53;43;30;38;55;42;35;47;27;38;35;32;40;27;34;30;19;26;31;22;24;18;10;11;11;12;7;6;7;4;1;4;2;1;0;0;0;0
092050;Pula;16;22;26;30;23;34;32;13;30;32;33;36;29;21;28;13;25;28;22;28;29;18;20;25;37;38;27;36;41;26;37;28;43;33;31;46;43;47;51;53;53;57;66;71;50;48;53;57;57;48;58;47;73;57;44;44;61;47;41;55;48;54;48;51;46;49;62;36;51;58;47;46;48;43;49;38;35;42;32;23;24;28;18;19;16;18;17;14;12;13;11;8;6;8;3;4;2;1;2;1;0
092051;Quartu Sant'Elena;196;201;210;220;260;230;271;285;271;278;280;278;277;257;283;289;307;295;287;254;297;325;279;302;322;348;341;335;346;353;320;354;371;339;395;430;385;423;412;476;455;564;559;617;590;622;619;621;636;617;627;639;677;609;609;617;622;553;561;515;538;552;515;515;475;445;476;481;436;488;428;425;371;335;317;317;266;312;282;251;230;195;183;186;161;132;132;122;122;112;65;70;45;40;25;17;16;20;8;6;3
092066;Sarroch;15;14;14;26;25;20;19;13;26;22;20;24;14;15;24;14;23;18;12;24;22;16;16;19;27;37;22;31;25;21;33;36;36;15;27;35;35;42;37;43;39;35;47;39;37;31;42;32;34;38;36;42;39;42;39;36;35;38;47;39;44;44;42;34;38;32;33;41;38;32;34;24;20;23;29;29;25;39;27;26;20;24;19;12;14;15;19;9;11;10;8;4;3;3;0;5;0;1;0;0;0
092068;Selargius;76;74;93;97;101;95;115;116;113;138;112;132;103;125;128;122;142;150;139;109;121;129;126;128;136;168;136;180;138;170;132;150;165;139;146;177;188;209;198;199;229;215;272;243;249;270;263;252;261;262;297;257;291;284;225;240;210;250;267;240;229;236;227;238;206;201;204;205;202;197;182;148;161;128;120;152;120;121;97;104;100;82;77;72;57;60;55;57;43;38;46;26;18;19;11;10;8;13;2;1;5
092074;Sestu;68;72;106;80;89;114;86;113;96;91;107;105;107;105;125;102;84;103;77;87;81;74;73;86;74;93;91;91;110;124;114;133;109;151;113;171;160;188;174;196;181;218;236;244;215;216;256;221;198;204;165;205;186;167;179;140;128;127;111;102;109;96;99;106;99;108;76;72;80;83;78;67;75;71;70;72;65;79;56;53;38;47;57;57;31;36;35;26;17;22;12;14;11;8;7;5;6;7;0;1;3
092075;Settimo San Pietro;26;23;25;35;31;30;31;39;25;17;32;30;28;25;28;25;29;29;22;26;29;23;24;24;36;28;32;39;40;43;35;43;48;39;58;46;56;63;56;74;62;67;65;66;60;54;37;53;47;48;58;55;59;54;42;48;59;57;34;41;50;53;41;57;40;46;44;37;40;39;39;35;38;19;22;26;24;35;30;20;13;14;19;14;10;15;9;8;15;5;6;3;5;5;1;0;2;1;0;0;1
092080;Sinnai;50;74;83;54;70;88;69;91;70;88;83;69;66;68;73;78;75;82;69;64;59;69;65;77;94;81;66;87;87;99;105;101;116;114;114;110;124;127;128;124;142;131;166;176;160;159;169;133;153;144;125;127;123;133;143;138;118;115;119;117;115;112;107;88;110;80;99;87;95;100;99;84;71;80;61;77;69;67;67;43;57;48;44;37;42;30;29;27;19;26;21;13;17;5;4;5;3;8;3;2;1
092090;Uta;51;44;47;43;49;40;46;44;45;32;34;35;31;31;34;33;39;37;34;35;29;30;35;32;52;39;59;57;53;47;62;64;50;57;74;80;65;66;72;68;88;68;52;65;86;85;68;74;65;58;63;62;61;69;69;65;68;41;62;53;49;52;28;44;46;39;38;40;43;48;46;37;38;19;32;30;33;34;27;20;21;21;19;27;22;19;11;17;15;7;6;7;7;3;3;4;1;1;1;1;1
092099;Villa San Pietro;10;12;6;11;8;9;11;7;11;12;8;10;10;9;6;9;8;3;6;8;5;12;11;11;7;11;9;10;6;9;12;10;13;16;25;16;15;14;15;20;22;21;16;17;18;20;20;22;19;19;15;11;14;12;13;11;15;9;15;14;11;18;13;18;18;11;16;16;9;18;10;15;7;14;14;9;9;7;5;5;2;6;2;6;3;7;4;5;1;3;1;0;0;1;0;1;1;0;0;0;0
092105;Quartucciu;32;44;60;54;57;57;61;69;66;61;70;71;54;51;51;55;51;54;52;45;53;48;55;70;66;56;67;71;82;57;58;65;68;72;77;80;95;72;91;115;92;118;128;133;141;128;121;129;131;95;130;138;125;127;118;114;116;79;96;104;83;86;77;87;70;82;68;71;81;76;54;58;65;54;47;49;59;50;48;44;38;38;36;39;31;31;28;26;21;23;16;17;5;6;6;3;1;2;0;2;2
092108;Elmas;20;38;35;26;27;34;40;40;30;44;44;41;32;40;34;44;45;37;33;33;32;31;23;44;44;49;45;37;51;41;56;52;45;47;56;60;62;48;60;75;78;72;94;84;86;81;91;86;80;95;72;88;80;90;78;81;73;67;81;69;61;58;66;73;64;62;58;54;49;59;52;46;44;30;44;42;33;30;31;27;31;27;24;27;26;24;15;15;14;11;10;13;7;2;3;1;2;3;3;0;0
092109;Monserrato;54;64;45;63;57;76;67;79;76;71;71;97;51;57;67;84;68;75;78;73;81;74;99;83;77;88;81;109;96;107;97;101;94;94;115;122;120;112;100;121;140;162;159;145;154;169;171;155;176;175;163;172;195;193;194;162;167;189;172;166;170;160;147;168;137;128;160;146;159;129;133;125;118;87;88;105;89;132;104;91;93;94;77;85;62;73;42;52;33;35;40;26;13;11;10;13;9;6;4;5;4
;Totale;1205;1253;1396;1377;1423;1593;1578;1658;1639;1691;1671;1682;1617;1647;1721;1641;1724;1669;1674;1560;1615;1638;1624;1743;1849;1910;1922;2063;1991;2086;2078;2156;2206;2190;2382;2528;2583;2645;2680;2938;2987;3260;3512;3616;3665;3712;3738;3552;3656;3622;3627;3645;3813;3736;3571;3475;3393;3203;3299;3095;3145;3165;2946;3101;2910;2844;2795;2815;2773;2800;2752;2487;2437;2123;2197;2292;2148;2296;2021;1834;1718;1659;1464;1488;1395;1189;1075;1087;939;841;677;583;433;364;248;211;175;145;61;47;73

"Ricostruzione della popolazione intercensuaria - Popolazione al 1° gennaio per età"
"Cittadinanza italiana - Anno: 2019 - Provincia: Cagliari"
Territorio/Età;;0;1;2;3;4;5;6;7;8;9;10;11;12;13;14;15;16;17;18;19;20;21;22;23;24;25;26;27;28;29;30;31;32;33;34;35;36;37;38;39;40;41;42;43;44;45;46;47;48;49;50;51;52;53;54;55;56;57;58;59;60;61;62;63;64;65;66;67;68;69;70;71;72;73;74;75;76;77;78;79;80;81;82;83;84;85;86;87;88;89;90;91;92;93;94;95;96;97;98;99;100
Codice comune;Comune;Totale
092003;Assemini;149;176;188;180;182;183;246;207;254;234;224;249;232;273;242;222;259;226;227;225;219;219;225;233;223;218;240;234;300;259;272;279;292;287;315;322;348;338;381;402;408;419;438;450;453;512;449;478;425;446;506;473;452;496;473;454;412;364;412;362;358;358;361;329;306;323;318;323;286;276;268;247;235;200;216;178;214;194;194;164;150;145;126;92;92;88;65;74;63;46;40;37;24;16;16;15;8;7;2;1;3
092009;Cagliari;638;746;753;829;858;826;965;937;988;1022;1060;957;1031;1066;1022;1108;996;1085;1027;1142;1047;1083;1113;1086;1205;1209;1183;1281;1364;1286;1363;1325;1323;1436;1426;1474;1506;1539;1623;1621;1805;1849;1986;2162;2343;2340;2397;2378;2307;2402;2358;2378;2430;2529;2562;2351;2259;2289;2210;2266;2116;2208;2173;2040;2108;1984;2061;1935;2020;1954;1988;2048;1867;1812;1652;1642;1758;1742;1788;1635;1490;1390;1319;1162;1137;1102;926;811;875;666;582;468;381;294;234;160;149;106;78;32;57
092011;Capoterra;122;147;154;159;164;166;197;207;208;201;230;207;236;223;216;233;215;203;210;197;215;222;196;203;205;205;221;214;213;203;229;242;216;231;236;254;266;252;268;322;310;318;379;376;388;430;392;412;409;402;379;458;394;403;387;420;374;340;306;357;305;322;300;300;299;282;262;258;260;234;268;246;236;247;192;194;181;159;154;147;128;100;110;91;78;96;52;63;49;49;41;27;24;16;15;5;8;5;4;2;4
092015;Decimomannu;46;55;65;67;69;77;66;80;67;80;66;77;62;83;83;91;71;90;76;80;62;61;71;77;65;73;75;84;89;83;84;86;79;84;114;90;131;117;141;112;148;145;128;161;163;164;180;135;154;159;135;141;147;142;141;130;123;121;126;117;100;82;103;100;89;79;91;84;87;88;92;78;92;78;50;78;79;72;62;47;50;44;37;26;36;17;29;22;18;13;15;7;5;5;4;1;5;0;3;0;0
092037;Maracalagonis;50;71;69;59;72;62;78;62;64;62;58;75;73;81;81;88;55;71;76;69;74;57;62;76;84;72;74;76;81;78;104;119;83;109;82;118;117;134;122;140;130;141;111;147;133;146;145;122;174;123;144;145;123;130;150;126;111;125;89;97;84;86;102;79;109;85;70;82;85;79;78;89;65;70;61;59;77;43;74;52;41;43;48;41;32;25;22;22;19;15;11;11;7;7;2;3;3;0;0;0;0
092050;Pula;37;45;46;51;56;54;68;67;50;54;65;65;67;62;52;53;40;58;59;51;54;59;48;48;57;55;71;54;64;57;71;73;55;86;84;79;91;87;98;104;121;120;106;123;139;124;108;103;118;140;102;131;113;132;113;99;111;105;94;98;102;103;101;105;102;101;96;102;88;102;103;97;88;98;85;83;80;66;75;65;51;55;46;28;29;30;28;21;17;16;20;15;10;5;8;2;3;3;0;0;1
092051;Quartu Sant'Elena;356;389;416;476;469;519;516;564;589;562;580;570;586;565;544;571;595;611;621;578;580;562;635;560;615;666;689;693;704;714;731;671;688;719;702;804;864;811;832;853;906;926;1087;1099;1194;1186;1235;1203;1194;1241;1158;1201;1211;1260;1202;1159;1185;1131;1064;1045;1007;995;1019;988;993;902;849;828;853;840;884;816;814;717;602;550;577;527;557;501;429;371;348;286;291;265;197;174;179;168;127;78;76;44;46;25;21;17;17;8;7
092066;Sarroch;28;31;33;30;43;41;40;32;29;51;38;39;49;28;33;54;38;46;37;34;36;36;34;43;39;44;66;48;53;46;47;59;62;63;57;57;65;75;85;71;84;91;76;91;89;90;80;94;83;85;80;68;88;90;87;78;75;91;65;82;73;74;79;89;73;78;59;64;75;67;60;66;60;49;59;52;50;47;72;49;42;37;39;32;28;25;24;27;13;17;12;9;6;3;3;0;5;1;1;0;0
092068;Selargius;133;169;162;198;190;183;218;256;240;264;252;223;259;206;243;274;249;287;301;282;248;248;240;264;281;265;301;254;317;275;330;270;294;324;295;315;363;377;377;380;386;435;402;515;510;522;504;510;473;476;486;521;488;510;543;443;452;436;436;461;418;422;444;411;454;374;368;369;385;359;340;325;304;290;228;244;276;206;228;176;189;161;134;112;115;104;100;82;84;57;43;48;24;18;16;9;9;8;7;0;3
092074;Sestu;151;156;172;244;173;208;231;216;218;219;198;227;235;221;194;222;194;186;191;165;184;173;155;163;171;162;177;189;202;227;236;255;262;240;297;277;327;312;336;340;385;400;402;421;466;470;459;477;428;417;400;366;383;356;348;365;294;256;254;232;215;226;213;196;187;190;183;168;161;172;157;155;143;131;139;131;134;135;148;110;106;80;91;81;77;66;52;53;43;27;30;20;15;15;7;8;5;5;6;0;5
092075;Settimo San Pietro;53;60;61;58;58;76;71;71;68;68;56;71;60;50;64;55;53;53;60;47;52;65;50;51;63;63;58;57;76;77;84;69;80;109;97;123;96;114;126;118;135;127;140;117;138;126;133;106;111;90;108;106;108;107;104;98;92;97;103;79;86;87;91;88;99;82;76;78;89;85;67;69;65;65;41;54;48;40;51;51;30;28;29;33;17;22;22;16;12;20;6;7;6;8;5;2;1;3;1;0;0
092080;Sinnai;111;128;154;164;133;147;157;158;161;152;165;169;168;146;155;149;154;162;161;136;142;127;149;158;172;185;174;147;172;182;209;188;195;227;225;240;232;237;275;269;280;270;296;334;343;316;325;292;289;289;291;280;276;268;263;266;283;218;242;243;234;215;202;209;183;215;174;178;181;194;176;172;165;151;132;111;142;126;116;113;90;94;90;65;70;60;42;44;37;35;35;24;15;20;7;8;5;5;6;2;3
092090;Uta;62;94;87;95;88;94;86;84;89;88;80;74;65;65;76;70;65;74;70;69;72;60;59;82;76;105;72;107;103;98;95;111;121;120;114;153;166;152;152;153;147;170;143;132;143;148;154;142;150;133;133;151;145;130;151;141;143;132;100;125;121;101;105;75;87;98;86;76;89;82;84;86;66;76;51;60;63;65;58;53;43;41;40;35;43;32;31;24;21;14;13;8;6;4;3;3;3;1;1;1;1
092099;Villa San Pietro;17;16;18;18;20;13;21;28;18;24;18;16;18;19;18;11;25;16;13;16;18;13;22;21;16;14;15;12;24;16;22;26;18;28;28;41;28;38;37;31;38;48;43;43;40;33;36;46;40;42;33;31;27;29;26;23;23;30;15;32;24;23;29;27;32;27;25;29;39;22;31;20;26;16;25;30;20;16;16;17;12;3;13;4;11;3;7;10;6;3;5;1;3;0;1;1;1;1;0;0;0
092105;Quartucciu;81;67;100;125;107;106;118;103;128;143;127;141;124;137;96;115;117;117;117;114;108;111;106;120;127;122;125;132;144;150;123;112;151;133;145;148;162;167;164;178;210;187;221;253;258;296;263;261;242;260;204;256;258;250;240;240;210;229;177;169;197;168;180;150;157;149;140;135;142;135;147;109;131;109;90;77;86;103;92;86;76;71;66;59;60;44;46;41;29;24;32;20;24;4;8;5;2;1;1;1;3
092108;Elmas;52;45;79;73;54;77;68;82;92;78;88;80;84;67;79;81;83;82;88;64;75;71;74;65;84;101;91;94;82;94;83;102;110;90;91;114;110;118;105;131;143;140;161;175;173;182;174;180;157;164;175;139;162;153;179;155;157;142;143;140;141;123;119;125;124;127;105;116;108;96;120;100;90;72;60;81;72;67;60;64;48;60;47;41;46;38;35;22;17;26;16;12;13;11;8;5;2;1;4;2;0
092109;Monserrato;90;95;124;107;124;124;157;136;163;156;142;143;157;139;152;152;161;153;145;150;155;161;156;188;180;147;189;196;221;196;202;209;209;202;208;231;241;247;230;206;232;283;291;338;335;327;311;326;316;337;316;305;313;349;367;369;325;297;349;334;316;319;295;285;311;266;254;281;244;286;233;233;232;240;165;180;204;152;200;187;150;141;149;123;119;102;102;71;73;49;42;46;32;17;13;10;14;11;6;2;8
;Totale;2176;2490;2681;2933;2860;2956;3303;3290;3426;3458;3447;3383;3506;3431;3350;3549;3370;3520;3479;3419;3341;3328;3395;3438;3663;3706;3821;3872;4209;4041;4285;4196;4238;4488;4516;4840;5113;5115;5352;5431;5868;6069;6410;6937;7308;7412;7345;7265;7070;7206;7008;7150;7118;7334;7336;6917;6629;6403;6185;6239;5897;5912;5916;5596;5713;5362;5217;5106;5192;5071;5096;4956;4679;4421;3848;3804;4061;3760;3945;3517;3125;2864;2732;2311;2281;2119;1780;1577;1555;1245;1070;838;671;487;396;262;244;175;137;51;95
Territorio/Età;;0;1;2;3;4;5;6;7;8;9;10;11;12;13;14;15;16;17;18;19;20;21;22;23;24;25;26;27;28;29;30;31;32;33;34;35;36;37;38;39;40;41;42;43;44;45;46;47;48;49;50;51;52;53;54;55;56;57;58;59;60;61;62;63;64;65;66;67;68;69;70;71;72;73;74;75;76;77;78;79;80;81;82;83;84;85;86;87;88;89;90;91;92;93;94;95;96;97;98;99;100
Codice comune;Comune;Maschi
092003;Assemini;89;84;101;98;88;98;120;97;136;114;110;116;124;143;111;111;148;110;121;115;91;117;119;129;129;102;127;116;152;121;145;133;148;155;159;156;169;147;214;225;209;202;218;223;237;244;223;215;220;215;262;220;224;247;226;230;207;175;204;182;165;171;172;143;153;135;148;166;151;127;114;120;124;86;117;83;102;93;92;84;60;58;56;44;27;32;23;26;26;18;13;15;8;3;2;5;4;2;0;0;0
092009;Cagliari;310;375;416;432;468;425;483;465;520;525;557;471;553;558;499;570;492;544;529;561;541;563;591;562;623;607;592;645;718;655;695;671;648;726;730;728;757;752;802;789;896;941;977;1074;1139;1133;1153;1145;1114;1177;1114;1157;1167;1211;1233;1105;1035;1069;1040;1045;965;1023;980;936;895;872;893;856;881;829;906;863;801;772;706;649;716;689;718;653;599;561;504;443;422;376;324;265;303;184;175;124;98;64;53;42;43;14;20;7;5
092011;Capoterra;63;73;73;79;80;95;102;113;102;104;113;99;116;122;95;121;109;112;108;117;120;116;101;107;104;107;119;98;115;123;137;116;110;111;117;124;141;122;146;167;158;158;172;176;205;217;179;205;204;209;183;237;206;199;200;207;182;146;157;177;152;155;147;161;140;124;120;128;126;116;123;106;115;116;93;78;97;74;73;69;56;46;44;37;33;36;26;29;20;17;15;13;9;6;7;1;1;3;1;1;1
092015;Decimomannu;25;26;32;34;32;42;36;36;39;36;28;45;32;45;42;48;39;39;48;40;37;37;38;45;39;43;35;43;45;48;36;44;42;41;56;45;64;52;76;58;83;74;70;81;87;80;95;73;91;70;64;71;82;77;71;61;44;60;62;57;61;40;49;43;47;39;49;37;38;46;39;38;46;37;30;28;33;34;31;27;24;25;16;12;12;9;11;7;8;4;3;2;2;2;3;0;2;0;1;0;0
092037;Maracalagonis;21;42;30;31;34;40;37;35;33;35;33;42;42;37;44;45;28;41;40;33;41;35;32;41;39;37;34;36;37;43;60;64;40;60;36;54;54;61;55;77;75;77;64;67;81;81;83;55;92;63;74;79;68;66;74;73;50;64;53;53;39;40;43;38;56;44;40;45;32;38;43;42;38;32;28;28;39;18;40;23;24;17;16;20;10;9;13;11;8;7;4;6;0;3;1;0;1;0;0;0;0
092050;Pula;23;28;24;26;25;29;30;35;36;26;32;32;31;31;33;25;26;33;34;29;25;30;28;30;33;19;32;28;27;22;44;37;26;44;47;47;41;49;50;51;65;64;54;60;66;76;57;49;61;84;53;74;66;58;55;54;68;47;47;57;46;55;46;58;51;53;47;41;50;50;48;48;42;51;43;34;42;34;34;34;28;31;18;11;12;15;14;7;4;5;7;5;4;1;1;0;0;1;0;0;0
092051;Quartu Sant'Elena;194;197;210;265;254;254;286;293;303;296;304;290;312;297;287;293;306;309;326;293;324;271;314;286;319;342;348;366;370;371;386;352;338;351;369;414;440;424;411;434;431;477;524;558;579;597;609;590;570;608;549;578;575;589;602;548;568;507;514;484;503;459;473;474;486;431;409;355;379;412;408;399;395;347;274;242;274;265;252;228;189;148;162;114;112;117;76;59;70;55;31;19;18;8;11;8;5;4;2;2;1
092066;Sarroch;17;16;18;18;20;16;21;12;17;26;16;19;25;14;18;29;24;24;19;22;14;15;21;26;20;17;32;24;23;22;27;28;27;31;37;30;30;37;42;35;43;47;43;42;50;54;47;52;49;50;42;34;46;50;44;40;39;55;28;35;34;32;35;47;39;41;28;30;35;30;27;32;36;29;35;23;21;22;34;22;17;18;15;12;16;13;9;10;6;8;5;2;2;2;0;0;0;1;0;0;0
092068;Selargius;68;94;92;102;97;82;123;144;125;151;120;116;132;103;123;151;129;149;155;144;143;129;116;141;156;132;143;131;153;145;162;144;152;165;162;176;191;184;175;190;190;206;188;248;266;271;235;250;220;219;230;233;235;224;262;221;213;227;190;197;180;198;211;189;223;171;171;168;182;160;150;144;159;134;103;125;128;87;110;81;87;63;55;41;45;50;41;33;30;17;9;9;4;6;3;1;3;0;1;0;0
092074;Sestu;79;91;103;132;94;120;119;130;106;122;107;123;131;116;94;101;95;103;88;91;96;93;83;85;86;85;91;98;108;103;110;132;118;129;146;159;161;146;154;171;195;216;188;192;228;267;244;221;210;222;194;199;178;171;182;191;154;129;126;120;115;116;116;97;82;89;77;91;89;91;75;74;76;55;69;60;62;69;71;55;54;43;47;26;26;35;17;20;19;13;12;8;5;5;0;1;2;3;1;0;2
092075;Settimo San Pietro;25;33;36;31;21;41;40;39;29;42;39;38;29;21;38;28;27;24;29;26;27;36;26;30;38;27;30;28;35;37;38;33;38;58;55;62;50;57;61;63;59;66;73;52;70;67;78;66;62;41;58;52;53;50;50;57;44;37;48;43;45;36;39;47;41;42;31;34;52;45;29;33;30;27;20;32;23;16;16;21;11;15;16;15;3;12;7;8;5;6;3;1;4;3;0;1;0;1;0;0;0
092080;Sinnai;54;78;84;79;77;78;70;87;69;83;75;84;96;79;88;78;76;86;81;66;77;67;76;91;94;92;95;77;88;92;104;87;95;113;106;123;119;109;144;141;148;127;165;170;167;158;169;126;156;135;147;155;146;144;133;126;144;102;129;125;115;102;92;103;94;104;97;81;94;99;76;73;82;82;56;49;66;58;50;46;47;43;42;22;35;22;13;17;13;15;11;8;3;5;1;4;3;2;1;0;0
092090;Uta;27;44;45;52;48;44;42;38;45;42;50;40;32;33;46;38;33;36;34;36;38;30;29;48;42;55;30;45;47;46;49;49;59;63;58;79;83;86;87;80;82;84;74;83;78;63;69;73;78;67;73;86;84;70;84;71;72;65;58;60;66;53;53;49;43;51;47;37;46;39;36;40;30;38;33;28;32;33;24;26;23;20;20;16;16;14;12;13;6;2;7;2;1;0;2;2;0;1;0;0;0
092099;Villa San Pietro;10;6;7;12;10;4;12;16;10;13;6;8;8;9;8;5;16;8;10;9;10;8;10;11;7;7;8;5;15;9;13;14;8;13;15;16;13;22;22;15;18;24;23;24;24;17;15;25;19;22;15;18;16;14;15;10;12;15;6;16;10;11;12;14;14;9;15;13;23;13;13;10;11;9;11;15;12;8;9;13;8;1;8;2;5;0;2;6;1;2;2;1;3;0;0;1;0;0;0;0;0
092105;Quartucciu;48;33;57;64;48;50;63;43;59;80;62;72;52;82;47;61;61;63;63;63;60;57;60;62;56;62;66;70;72;72;67;55;80;71;74;70;82;68;92;86;92;96;102;131;128;161;136;135;114;134;109;126;119;122;114;120;94;112;99;69;92;87;90;72;72;78;60;69;70;55;71;56;74;46;36;31;38;45;43;38;32;35;31;25;23;15;15;16;4;5;11;5;10;1;3;0;0;0;0;1;0
092108;Elmas;30;24;40;35;27;48;33;42;52;50;44;40;43;32;40;47;40;37;49;31;42;38;42;41;38;56;43;47;40;45;42;45;54;40;43;58;49;56;56;68;68;69;88;81;88;98;90;89;74;84;82;70;72;74;91;77;76;71;75;61;74;62;62;60;54;63;43;57;55;48;61;48;44;27;30;38;28;34;30;34;22;30;23;18;18;12;13;9;4;12;5;4;1;4;4;2;1;0;1;0;0
092109;Monserrato;49;40;59;60;61;66;82;72;91;78;69;72;59;86;93;84;77;82;70;70;79;80;80;85;98;70;98;115;113;102;96;117;107;101;114;115;108;121;114;105;109;145;129;170;190;172;146;151;158;157;141;139;145;151;174;176;162;129;164;164;153;148;136;140;146;132;132;118;100;128;106;101;106;122;77;93;98;66;70;82;64;51;59;50;38;44;38;33;28;14;12;9;8;6;3;3;2;3;1;0;2
;Totale;1132;1284;1427;1550;1484;1532;1699;1697;1772;1823;1765;1707;1817;1808;1706;1835;1726;1800;1804;1746;1765;1722;1766;1820;1921;1860;1923;1972;2158;2056;2211;2121;2090;2272;2324;2456;2552;2493;2701;2755;2921;3073;3152;3432;3683;3756;3628;3520;3492;3557;3390;3528;3482;3517;3610;3367;3164;3010;3000;2945;2815;2788;2756;2671;2636;2478;2407;2326;2403;2326;2325;2227;2209;2010;1761;1636;1811;1645;1697;1536;1345;1205;1132;908;853;811;654;569;555;384;325;233;180;119;94;71;67;35;29;11;11
Territorio/Età;;0;1;2;3;4;5;6;7;8;9;10;11;12;13;14;15;16;17;18;19;20;21;22;23;24;25;26;27;28;29;30;31;32;33;34;35;36;37;38;39;40;41;42;43;44;45;46;47;48;49;50;51;52;53;54;55;56;57;58;59;60;61;62;63;64;65;66;67;68;69;70;71;72;73;74;75;76;77;78;79;80;81;82;83;84;85;86;87;88;89;90;91;92;93;94;95;96;97;98;99;100
Codice comune;Comune;Femmine
092003;Assemini;60;92;87;82;94;85;126;110;118;120;114;133;108;130;131;111;111;116;106;110;128;102;106;104;94;116;113;118;148;138;127;146;144;132;156;166;179;191;167;177;199;217;220;227;216;268;226;263;205;231;244;253;228;249;247;224;205;189;208;180;193;187;189;186;153;188;170;157;135;149;154;127;111;114;99;95;112;101;102;80;90;87;70;48;65;56;42;48;37;28;27;22;16;13;14;10;4;5;2;1;3
092009;Cagliari;328;371;337;397;390;401;482;472;468;497;503;486;478;508;523;538;504;541;498;581;506;520;522;524;582;602;591;636;646;631;668;654;675;710;696;746;749;787;821;832;909;908;1009;1088;1204;1207;1244;1233;1193;1225;1244;1221;1263;1318;1329;1246;1224;1220;1170;1221;1151;1185;1193;1104;1213;1112;1168;1079;1139;1125;1082;1185;1066;1040;946;993;1042;1053;1070;982;891;829;815;719;715;726;602;546;572;482;407;344;283;230;181;118;106;92;58;25;52
092011;Capoterra;59;74;81;80;84;71;95;94;106;97;117;108;120;101;121;112;106;91;102;80;95;106;95;96;101;98;102;116;98;80;92;126;106;120;119;130;125;130;122;155;152;160;207;200;183;213;213;207;205;193;196;221;188;204;187;213;192;194;149;180;153;167;153;139;159;158;142;130;134;118;145;140;121;131;99;116;84;85;81;78;72;54;66;54;45;60;26;34;29;32;26;14;15;10;8;4;7;2;3;1;3
092015;Decimomannu;21;29;33;33;37;35;30;44;28;44;38;32;30;38;41;43;32;51;28;40;25;24;33;32;26;30;40;41;44;35;48;42;37;43;58;45;67;65;65;54;65;71;58;80;76;84;85;62;63;89;71;70;65;65;70;69;79;61;64;60;39;42;54;57;42;40;42;47;49;42;53;40;46;41;20;50;46;38;31;20;26;19;21;14;24;8;18;15;10;9;12;5;3;3;1;1;3;0;2;0;0
092037;Maracalagonis;29;29;39;28;38;22;41;27;31;27;25;33;31;44;37;43;27;30;36;36;33;22;30;35;45;35;40;40;44;35;44;55;43;49;46;64;63;73;67;63;55;64;47;80;52;65;62;67;82;60;70;66;55;64;76;53;61;61;36;44;45;46;59;41;53;41;30;37;53;41;35;47;27;38;33;31;38;25;34;29;17;26;32;21;22;16;9;11;11;8;7;5;7;4;1;3;2;0;0;0;0
092050;Pula;14;17;22;25;31;25;38;32;14;28;33;33;36;31;19;28;14;25;25;22;29;29;20;18;24;36;39;26;37;35;27;36;29;42;37;32;50;38;48;53;56;56;52;63;73;48;51;54;57;56;49;57;47;74;58;45;43;58;47;41;56;48;55;47;51;48;49;61;38;52;55;49;46;47;42;49;38;32;41;31;23;24;28;17;17;15;14;14;13;11;13;10;6;4;7;2;3;2;0;0;1
092051;Quartu Sant'Elena;162;192;206;211;215;265;230;271;286;266;276;280;274;268;257;278;289;302;295;285;256;291;321;274;296;324;341;327;334;343;345;319;350;368;333;390;424;387;421;419;475;449;563;541;615;589;626;613;624;633;609;623;636;671;600;611;617;624;550;561;504;536;546;514;507;471;440;473;474;428;476;417;419;370;328;308;303;262;305;273;240;223;186;172;179;148;121;115;109;113;96;59;58;36;35;17;16;13;15;6;6
092066;Sarroch;11;15;15;12;23;25;19;20;12;25;22;20;24;14;15;25;14;22;18;12;22;21;13;17;19;27;34;24;30;24;20;31;35;32;20;27;35;38;43;36;41;44;33;49;39;36;33;42;34;35;38;34;42;40;43;38;36;36;37;47;39;42;44;42;34;37;31;34;40;37;33;34;24;20;24;29;29;25;38;27;25;19;24;20;12;12;15;17;7;9;7;7;4;1;3;0;5;0;1;0;0
092068;Selargius;65;75;70;96;93;101;95;112;115;113;132;107;127;103;120;123;120;138;146;138;105;119;124;123;125;133;158;123;164;130;168;126;142;159;133;139;172;193;202;190;196;229;214;267;244;251;269;260;253;257;256;288;253;286;281;222;239;209;246;264;238;224;233;222;231;203;197;201;203;199;190;181;145;156;125;119;148;119;118;95;102;98;79;71;70;54;59;49;54;40;34;39;20;12;13;8;6;8;6;0;3
092074;Sestu;72;65;69;112;79;88;112;86;112;97;91;104;104;105;100;121;99;83;103;74;88;80;72;78;85;77;86;91;94;124;126;123;144;111;151;118;166;166;182;169;190;184;214;229;238;203;215;256;218;195;206;167;205;185;166;174;140;127;128;112;100;110;97;99;105;101;106;77;72;81;82;81;67;76;70;71;72;66;77;55;52;37;44;55;51;31;35;33;24;14;18;12;10;10;7;7;3;2;5;0;3
092075;Settimo San Pietro;28;27;25;27;37;35;31;32;39;26;17;33;31;29;26;27;26;29;31;21;25;29;24;21;25;36;28;29;41;40;46;36;42;51;42;61;46;57;65;55;76;61;67;65;68;59;55;40;49;49;50;54;55;57;54;41;48;60;55;36;41;51;52;41;58;40;45;44;37;40;38;36;35;38;21;22;25;24;35;30;19;13;13;18;14;10;15;8;7;14;3;6;2;5;5;1;1;2;1;0;0
092080;Sinnai;57;50;70;85;56;69;87;71;92;69;90;85;72;67;67;71;78;76;80;70;65;60;73;67;78;93;79;70;84;90;105;101;100;114;119;117;113;128;131;128;132;143;131;164;176;158;156;166;133;154;144;125;130;124;130;140;139;116;113;118;119;113;110;106;89;111;77;97;87;95;100;99;83;69;76;62;76;68;66;67;43;51;48;43;35;38;29;27;24;20;24;16;12;15;6;4;2;3;5;2;3
092090;Uta;35;50;42;43;40;50;44;46;44;46;30;34;33;32;30;32;32;38;36;33;34;30;30;34;34;50;42;62;56;52;46;62;62;57;56;74;83;66;65;73;65;86;69;49;65;85;85;69;72;66;60;65;61;60;67;70;71;67;42;65;55;48;52;26;44;47;39;39;43;43;48;46;36;38;18;32;31;32;34;27;20;21;20;19;27;18;19;11;15;12;6;6;5;4;1;1;3;0;1;1;1
092099;Villa San Pietro;7;10;11;6;10;9;9;12;8;11;12;8;10;10;10;6;9;8;3;7;8;5;12;10;9;7;7;7;9;7;9;12;10;15;13;25;15;16;15;16;20;24;20;19;16;16;21;21;21;20;18;13;11;15;11;13;11;15;9;16;14;12;17;13;18;18;10;16;16;9;18;10;15;7;14;15;8;8;7;4;4;2;5;2;6;3;5;4;5;1;3;0;0;0;1;0;1;1;0;0;0
092105;Quartucciu;33;34;43;61;59;56;55;60;69;63;65;69;72;55;49;54;56;54;54;51;48;54;46;58;71;60;59;62;72;78;56;57;71;62;71;78;80;99;72;92;118;91;119;122;130;135;127;126;128;126;95;130;139;128;126;120;116;117;78;100;105;81;90;78;85;71;80;66;72;80;76;53;57;63;54;46;48;58;49;48;44;36;35;34;37;29;31;25;25;19;21;15;14;3;5;5;2;1;1;0;3
092108;Elmas;22;21;39;38;27;29;35;40;40;28;44;40;41;35;39;34;43;45;39;33;33;33;32;24;46;45;48;47;42;49;41;57;56;50;48;56;61;62;49;63;75;71;73;94;85;84;84;91;83;80;93;69;90;79;88;78;81;71;68;79;67;61;57;65;70;64;62;59;53;48;59;52;46;45;30;43;44;33;30;30;26;30;24;23;28;26;22;13;13;14;11;8;12;7;4;3;1;1;3;2;0
092109;Monserrato;41;55;65;47;63;58;75;64;72;78;73;71;98;53;59;68;84;71;75;80;76;81;76;103;82;77;91;81;108;94;106;92;102;101;94;116;133;126;116;101;123;138;162;168;145;155;165;175;158;180;175;166;168;198;193;193;163;168;185;170;163;171;159;145;165;134;122;163;144;158;127;132;126;118;88;87;106;86;130;105;86;90;90;73;81;58;64;38;45;35;30;37;24;11;10;7;12;8;5;2;6
;Totale;1044;1206;1254;1383;1376;1424;1604;1593;1654;1635;1682;1676;1689;1623;1644;1714;1644;1720;1675;1673;1576;1606;1629;1618;1742;1846;1898;1900;2051;1985;2074;2075;2148;2216;2192;2384;2561;2622;2651;2676;2947;2996;3258;3505;3625;3656;3717;3745;3578;3649;3618;3622;3636;3817;3726;3550;3465;3393;3185;3294;3082;3124;3160;2925;3077;2884;2810;2780;2789;2745;2771;2729;2470;2411;2087;2168;2250;2115;2248;1981;1780;1659;1600;1403;1428;1308;1126;1008;1000;861;745;605;491;368;302;191;177;140;108;40;84

"Ricostruzione della popolazione intercensuaria - Popolazione al 1° gennaio per età"
"Cittadinanza straniera - Anno: 2002 - Provincia: Cagliari"
Territorio/Età;;0;1;2;3;4;5;6;7;8;9;10;11;12;13;14;15;16;17;18;19;20;21;22;23;24;25;26;27;28;29;30;31;32;33;34;35;36;37;38;39;40;41;42;43;44;45;46;47;48;49;50;51;52;53;54;55;56;57;58;59;60;61;62;63;64;65;66;67;68;69;70;71;72;73;74;75;76;77;78;79;80;81;82;83;84;85;86;87;88;89;90;91;92;93;94;95;96;97;98;99;100
Codice comune;Comune;Totale
092003;Assemini;1;1;1;3;2;4;3;4;0;0;2;1;0;2;0;1;1;0;0;0;3;1;3;3;2;5;2;3;3;3;4;1;4;10;3;7;4;7;3;5;7;6;3;3;1;1;3;5;1;1;0;1;2;0;1;0;1;3;0;1;2;0;0;0;0;0;1;0;0;0;0;0;0;0;1;0;0;0;1;0;0;0;0;0;0;0;0;0;0;0;0;0;0;0;0;0;0;0;0;0;0
092009;Cagliari;26;17;21;17;19;13;19;11;12;6;14;11;12;8;11;6;11;9;7;9;18;13;22;31;38;34;49;39;37;49;45;46;50;46;52;52;46;46;39;46;50;46;35;35;35;37;29;28;21;31;17;23;11;11;14;12;13;6;8;9;12;5;2;6;5;5;6;2;4;4;2;6;1;7;0;0;1;0;2;1;3;1;0;0;3;0;0;0;0;0;1;0;0;0;0;0;0;0;0;0;0
092011;Capoterra;3;2;1;1;3;0;2;2;1;0;1;0;1;2;2;0;2;3;1;1;0;0;1;1;2;3;0;1;4;6;7;5;6;1;3;8;6;6;6;6;8;0;2;5;8;1;4;3;2;2;2;6;0;0;0;1;2;0;1;0;4;3;0;2;0;0;0;0;0;0;0;0;0;0;0;0;0;0;0;0;0;1;0;0;0;0;0;0;0;0;0;0;0;0;0;0;0;0;0;0;0
092015;Decimomannu;0;0;0;0;0;0;0;0;0;0;0;0;0;0;0;0;0;0;0;0;0;0;2;1;0;2;0;1;0;0;1;1;0;0;1;0;1;2;0;1;1;2;1;0;1;0;1;0;0;0;0;0;0;0;0;0;0;0;0;0;1;0;0;0;0;0;0;0;0;0;0;0;0;0;0;0;0;0;0;0;0;0;0;0;0;0;0;0;0;0;0;0;0;0;0;0;0;0;0;0;0
092037;Maracalagonis;0;1;0;0;0;0;0;1;0;0;2;1;1;0;0;0;0;0;0;0;0;0;0;1;0;0;0;0;1;0;0;0;1;1;1;1;2;0;2;1;0;0;0;0;0;3;0;2;1;1;0;0;1;1;0;0;0;1;1;1;0;2;0;0;0;0;0;1;0;0;0;0;0;0;0;0;0;0;0;0;0;0;0;0;0;0;0;0;0;0;0;0;0;0;0;0;0;0;0;0;0
092050;Pula;0;2;2;0;1;1;1;1;1;3;3;2;1;2;3;0;2;1;0;1;0;2;2;1;0;4;3;1;2;2;4;4;2;5;2;3;5;4;2;3;5;4;2;3;1;2;0;0;0;1;2;0;0;0;0;4;1;1;0;0;0;4;0;0;0;1;0;0;1;0;0;0;1;0;0;0;0;0;0;0;0;0;0;0;0;0;0;0;0;0;0;0;0;0;0;0;0;0;0;0;0
092051;Quartu Sant'Elena;1;4;4;3;5;3;4;1;3;2;1;2;5;1;2;6;3;6;4;8;6;4;7;14;2;7;12;10;15;14;15;21;19;11;23;26;28;25;18;20;19;17;19;18;13;22;15;7;15;14;7;10;4;8;5;6;6;9;2;5;5;5;3;1;4;5;2;0;4;0;2;2;0;0;3;3;0;1;0;2;1;0;0;1;0;0;0;0;0;0;0;1;1;0;0;0;0;0;0;0;0
092066;Sarroch;0;0;0;1;0;1;0;0;0;0;0;0;0;0;0;0;0;0;1;0;0;0;1;0;1;0;0;2;1;2;0;0;0;3;0;1;0;0;0;0;2;1;1;1;0;0;0;0;1;0;3;0;1;2;1;0;0;0;1;0;0;1;0;0;0;0;0;0;0;1;0;0;1;1;0;0;0;0;0;0;0;0;0;0;0;0;0;0;0;0;0;0;0;0;0;0;0;0;0;0;0
092068;Selargius;0;1;2;0;0;0;0;0;1;0;2;0;1;1;0;0;2;1;1;1;1;0;3;1;2;4;4;2;2;1;3;3;7;4;4;3;2;5;3;5;3;2;3;1;0;1;1;0;0;3;4;0;3;0;0;0;0;0;0;2;0;1;0;2;0;0;0;0;0;0;0;0;0;0;0;0;0;0;0;0;0;0;0;0;0;0;0;0;0;0;0;0;0;0;0;0;0;0;0;0;0
092074;Sestu;1;2;0;1;0;0;0;1;2;0;0;0;0;0;0;0;0;0;0;0;0;1;1;3;3;2;3;3;2;0;5;1;3;0;3;1;4;0;1;2;5;2;0;2;0;1;1;1;0;0;0;0;0;0;0;0;0;0;0;0;0;0;0;0;0;0;0;0;0;0;1;0;0;0;0;0;0;0;0;0;0;0;0;0;0;0;0;0;0;0;0;0;0;0;0;0;0;0;0;0;0
092075;Settimo San Pietro;0;0;1;0;0;0;0;1;0;0;0;0;0;0;0;0;0;0;0;0;1;0;1;0;0;0;0;1;1;0;0;0;0;1;1;0;1;0;1;3;1;0;0;0;0;2;1;0;0;0;0;0;0;0;0;0;1;0;0;0;0;0;0;0;0;0;0;0;0;0;0;0;0;0;0;0;0;0;0;0;0;0;0;0;0;0;0;0;0;0;0;0;0;0;0;0;0;0;0;0;0
092080;Sinnai;1;1;0;0;0;0;2;1;0;1;0;0;0;2;0;2;0;1;0;0;1;0;0;0;0;2;1;2;1;1;1;2;3;4;2;1;1;4;6;1;0;3;5;4;3;2;0;0;1;0;0;2;1;1;0;0;0;1;1;0;0;0;0;0;1;0;0;0;0;0;0;0;0;0;0;0;0;0;1;0;0;0;0;0;0;0;0;0;0;0;0;0;0;0;0;0;0;0;0;0;0
092090;Uta;2;1;0;0;1;0;1;1;1;0;0;0;0;0;1;2;1;2;1;1;1;1;1;0;1;1;2;0;0;1;0;0;3;0;0;0;2;3;3;3;0;1;2;0;2;1;5;3;2;1;2;1;1;0;1;1;1;0;0;0;0;0;0;0;0;0;2;0;0;0;1;0;0;0;0;0;0;0;0;0;0;0;0;0;0;0;0;0;0;0;0;0;0;0;0;0;0;0;0;0;0
092099;Villa San Pietro;0;0;0;0;0;0;0;0;0;0;0;0;0;0;0;0;0;0;0;0;0;0;0;0;0;0;0;0;0;1;3;0;0;0;1;1;0;0;0;1;1;0;1;0;0;0;0;2;1;0;0;0;0;0;0;0;0;0;0;0;0;0;0;0;0;0;0;0;0;0;0;0;0;0;0;0;0;0;0;0;1;0;0;0;0;0;0;0;0;0;0;0;0;0;0;0;0;0;0;0;0
092105;Quartucciu;0;1;0;0;0;1;0;1;0;0;0;0;0;0;0;0;0;0;0;0;1;1;1;0;0;0;0;3;0;0;0;2;3;1;0;2;1;1;2;3;1;1;0;1;2;0;0;0;0;2;1;1;1;0;0;0;0;0;0;0;0;0;1;1;0;0;0;0;0;0;0;0;1;0;0;0;0;0;0;0;0;0;0;0;0;0;0;0;0;0;0;0;0;0;0;0;0;0;0;0;0
092108;Elmas;0;0;1;0;1;1;1;1;0;0;1;0;0;0;0;0;1;0;0;0;1;0;1;2;1;2;2;2;5;1;2;1;2;1;2;0;0;1;1;0;1;1;0;1;0;0;1;2;0;1;2;1;0;1;0;0;0;1;0;0;0;0;0;0;0;0;0;0;0;0;0;0;0;0;0;0;0;0;0;0;0;0;0;0;0;0;0;0;0;0;0;0;0;0;0;0;0;0;0;0;0
092109;Monserrato;0;2;1;1;3;1;0;3;1;2;2;0;1;2;2;2;1;2;0;1;0;2;0;0;5;3;2;2;1;0;0;1;1;2;2;1;2;3;3;2;8;1;3;1;3;1;1;1;1;0;1;3;1;2;1;0;0;0;2;0;1;0;0;1;0;0;0;0;0;0;0;0;0;0;0;0;0;0;0;0;0;0;0;0;0;0;0;0;0;0;0;0;0;0;0;0;0;0;0;0;0
;Totale;35;35;34;27;35;25;33;29;22;14;28;17;22;20;21;19;24;25;15;22;33;25;46;58;57;69;80;72;75;81;90;88;104;90;100;107;105;107;90;102;112;87;77;75;69;74;62;54;46;57;41;48;26;26;23;24;25;22;16;18;25;21;6;13;10;11;11;3;9;5;6;8;4;8;4;3;1;1;4;3;5;2;0;1;3;0;0;0;0;0;1;1;1;0;0;0;0;0;0;0;0
Territorio/Età;;0;1;2;3;4;5;6;7;8;9;10;11;12;13;14;15;16;17;18;19;20;21;22;23;24;25;26;27;28;29;30;31;32;33;34;35;36;37;38;39;40;41;42;43;44;45;46;47;48;49;50;51;52;53;54;55;56;57;58;59;60;61;62;63;64;65;66;67;68;69;70;71;72;73;74;75;76;77;78;79;80;81;82;83;84;85;86;87;88;89;90;91;92;93;94;95;96;97;98;99;100
Codice comune;Comune;Maschi
092003;Assemini;0;0;0;3;0;1;1;3;0;0;1;1;0;2;0;0;0;0;0;0;1;0;0;1;1;3;1;1;2;1;2;0;1;3;2;2;2;4;2;2;4;4;2;2;0;1;1;4;1;0;0;1;2;0;0;0;0;1;0;0;2;0;0;0;0;0;1;0;0;0;0;0;0;0;0;0;0;0;1;0;0;0;0;0;0;0;0;0;0;0;0;0;0;0;0;0;0;0;0;0;0
092009;Cagliari;12;8;10;7;7;11;11;4;2;2;8;4;7;6;6;3;5;5;5;4;8;2;13;12;19;16;16;20;9;23;20;24;28;22;30;27;27;32;25;32;36;36;21;23;23;27;23;21;14;25;11;13;10;6;7;7;9;2;3;6;7;2;0;3;4;2;4;1;2;1;0;4;0;3;0;0;0;0;0;0;1;1;0;0;1;0;0;0;0;0;1;0;0;0;0;0;0;0;0;0;0
092011;Capoterra;1;0;0;0;1;0;0;1;1;0;1;0;0;0;1;0;2;1;1;1;0;0;1;0;1;1;0;0;0;2;1;0;3;1;0;3;3;1;4;4;3;0;1;2;4;0;2;1;2;1;2;2;0;0;0;1;1;0;0;0;2;2;0;1;0;0;0;0;0;0;0;0;0;0;0;0;0;0;0;0;0;0;0;0;0;0;0;0;0;0;0;0;0;0;0;0;0;0;0;0;0
092015;Decimomannu;0;0;0;0;0;0;0;0;0;0;0;0;0;0;0;0;0;0;0;0;0;0;1;1;0;2;0;0;0;0;0;0;0;0;1;0;0;1;0;1;1;2;1;0;1;0;1;0;0;0;0;0;0;0;0;0;0;0;0;0;1;0;0;0;0;0;0;0;0;0;0;0;0;0;0;0;0;0;0;0;0;0;0;0;0;0;0;0;0;0;0;0;0;0;0;0;0;0;0;0;0
092037;Maracalagonis;0;0;0;0;0;0;0;1;0;0;1;1;1;0;0;0;0;0;0;0;0;0;0;1;0;0;0;0;0;0;0;0;0;1;0;0;2;0;1;1;0;0;0;0;0;2;0;2;1;0;0;0;1;1;0;0;0;0;1;1;0;1;0;0;0;0;0;1;0;0;0;0;0;0;0;0;0;0;0;0;0;0;0;0;0;0;0;0;0;0;0;0;0;0;0;0;0;0;0;0;0
092050;Pula;0;1;2;0;1;0;1;0;1;1;2;1;0;2;2;0;0;1;0;1;0;0;1;1;0;1;1;1;0;1;1;2;0;1;2;1;2;2;1;2;3;2;2;1;0;1;0;0;0;0;0;0;0;0;0;1;1;0;0;0;0;1;0;0;0;1;0;0;1;0;0;0;1;0;0;0;0;0;0;0;0;0;0;0;0;0;0;0;0;0;0;0;0;0;0;0;0;0;0;0;0
092051;Quartu Sant'Elena;1;4;1;2;1;1;1;0;1;0;1;2;2;0;0;3;2;5;1;5;3;3;5;4;0;1;2;6;9;9;7;11;6;5;15;11;13;18;9;10;12;11;8;15;8;17;12;7;10;11;5;8;3;2;5;4;1;4;1;2;2;4;1;1;2;2;0;0;1;0;0;2;0;0;0;2;0;1;0;1;0;0;0;0;0;0;0;0;0;0;0;1;0;0;0;0;0;0;0;0;0
092066;Sarroch;0;0;0;0;0;1;0;0;0;0;0;0;0;0;0;0;0;0;1;0;0;0;0;0;0;0;0;0;1;2;0;0;0;0;0;0;0;0;0;0;0;0;0;1;0;0;0;0;0;0;1;0;1;2;0;0;0;0;1;0;0;0;0;0;0;0;0;0;0;1;0;0;1;0;0;0;0;0;0;0;0;0;0;0;0;0;0;0;0;0;0;0;0;0;0;0;0;0;0;0;0
092068;Selargius;0;0;2;0;0;0;0;0;0;0;1;0;0;0;0;0;1;0;1;1;0;0;1;0;0;0;1;0;1;0;2;2;2;0;1;0;1;1;2;2;3;1;3;1;0;1;0;0;0;2;1;0;2;0;0;0;0;0;0;1;0;0;0;1;0;0;0;0;0;0;0;0;0;0;0;0;0;0;0;0;0;0;0;0;0;0;0;0;0;0;0;0;0;0;0;0;0;0;0;0;0
092074;Sestu;1;0;0;1;0;0;0;0;0;0;0;0;0;0;0;0;0;0;0;0;0;0;0;1;1;1;0;1;1;0;2;0;1;0;0;1;3;0;0;1;1;2;0;2;0;0;0;0;0;0;0;0;0;0;0;0;0;0;0;0;0;0;0;0;0;0;0;0;0;0;0;0;0;0;0;0;0;0;0;0;0;0;0;0;0;0;0;0;0;0;0;0;0;0;0;0;0;0;0;0;0
092075;Settimo San Pietro;0;0;1;0;0;0;0;0;0;0;0;0;0;0;0;0;0;0;0;0;0;0;1;0;0;0;0;0;0;0;0;0;0;0;0;0;1;0;1;2;0;0;0;0;0;0;1;0;0;0;0;0;0;0;0;0;0;0;0;0;0;0;0;0;0;0;0;0;0;0;0;0;0;0;0;0;0;0;0;0;0;0;0;0;0;0;0;0;0;0;0;0;0;0;0;0;0;0;0;0;0
092080;Sinnai;1;0;0;0;0;0;2;0;0;0;0;0;0;1;0;1;0;0;0;0;0;0;0;0;0;1;0;2;1;1;0;1;1;2;0;0;1;2;2;1;0;3;3;2;2;2;0;0;1;0;0;1;0;1;0;0;0;1;0;0;0;0;0;0;0;0;0;0;0;0;0;0;0;0;0;0;0;0;0;0;0;0;0;0;0;0;0;0;0;0;0;0;0;0;0;0;0;0;0;0;0
092090;Uta;2;1;0;0;1;0;1;1;1;0;0;0;0;0;0;2;1;2;0;0;1;0;1;0;1;0;2;0;0;0;0;0;1;0;0;0;1;3;2;2;0;0;1;0;1;1;4;2;2;0;2;1;1;0;1;1;1;0;0;0;0;0;0;0;0;0;0;0;0;0;1;0;0;0;0;0;0;0;0;0;0;0;0;0;0;0;0;0;0;0;0;0;0;0;0;0;0;0;0;0;0
092099;Villa San Pietro;0;0;0;0;0;0;0;0;0;0;0;0;0;0;0;0;0;0;0;0;0;0;0;0;0;0;0;0;0;1;0;0;0;0;1;0;0;0;0;1;1;0;0;0;0;0;0;2;1;0;0;0;0;0;0;0;0;0;0;0;0;0;0;0;0;0;0;0;0;0;0;0;0;0;0;0;0;0;0;0;0;0;0;0;0;0;0;0;0;0;0;0;0;0;0;0;0;0;0;0;0
092105;Quartucciu;0;1;0;0;0;0;0;1;0;0;0;0;0;0;0;0;0;0;0;0;1;0;0;0;0;0;0;1;0;0;0;0;2;0;0;1;1;1;0;1;1;1;0;1;2;0;0;0;0;1;1;1;1;0;0;0;0;0;0;0;0;0;0;0;0;0;0;0;0;0;0;0;0;0;0;0;0;0;0;0;0;0;0;0;0;0;0;0;0;0;0;0;0;0;0;0;0;0;0;0;0
092108;Elmas;0;0;0;0;1;1;1;1;0;0;1;0;0;0;0;0;0;0;0;0;0;0;1;1;0;2;1;1;2;0;1;1;2;1;2;0;0;1;0;0;1;0;0;0;0;0;0;0;0;0;0;1;0;1;0;0;0;1;0;0;0;0;0;0;0;0;0;0;0;0;0;0;0;0;0;0;0;0;0;0;0;0;0;0;0;0;0;0;0;0;0;0;0;0;0;0;0;0;0;0;0
092109;Monserrato;0;2;0;1;1;1;0;1;0;1;0;0;1;1;1;2;1;1;0;1;0;2;0;0;3;1;1;0;1;0;0;0;0;1;1;1;1;3;1;2;4;0;2;0;2;1;0;1;1;0;1;2;0;1;1;0;0;0;1;0;1;0;0;1;0;0;0;0;0;0;0;0;0;0;0;0;0;0;0;0;0;0;0;0;0;0;0;0;0;0;0;0;0;0;0;0;0;0;0;0;0
;Totale;18;17;16;14;13;16;18;13;6;4;16;9;11;12;10;11;12;15;9;13;14;7;25;22;26;29;25;33;27;40;36;41;47;37;55;47;58;69;50;64;70;62;44;50;43;53;44;40;33;40;24;30;21;14;14;14;13;9;7;10;15;10;1;7;6;5;5;2;4;2;1;6;2;3;0;2;0;1;1;1;1;1;0;0;1;0;0;0;0;0;1;1;0;0;0;0;0;0;0;0;0
Territorio/Età;;0;1;2;3;4;5;6;7;8;9;10;11;12;13;14;15;16;17;18;19;20;21;22;23;24;25;26;27;28;29;30;31;32;33;34;35;36;37;38;39;40;41;42;43;44;45;46;47;48;49;50;51;52;53;54;55;56;57;58;59;60;61;62;63;64;65;66;67;68;69;70;71;72;73;74;75;76;77;78;79;80;81;82;83;84;85;86;87;88;89;90;91;92;93;94;95;96;97;98;99;100
Codice comune;Comune;Femmine
092003;Assemini;1;1;1;0;2;3;2;1;0;0;1;0;0;0;0;1;1;0;0;0;2;1;3;2;1;2;1;2;1;2;2;1;3;7;1;5;2;3;1;3;3;2;1;1;1;0;2;1;0;1;0;0;0;0;1;0;1;2;0;1;0;0;0;0;0;0;0;0;0;0;0;0;0;0;1;0;0;0;0;0;0;0;0;0;0;0;0;0;0;0;0;0;0;0;0;0;0;0;0;0;0
092009;Cagliari;14;9;11;10;12;2;8;7;10;4;6;7;5;2;5;3;6;4;2;5;10;11;9;19;19;18;33;19;28;26;25;22;22;24;22;25;19;14;14;14;14;10;14;12;12;10;6;7;7;6;6;10;1;5;7;5;4;4;5;3;5;3;2;3;1;3;2;1;2;3;2;2;1;4;0;0;1;0;2;1;2;0;0;0;2;0;0;0;0;0;0;0;0;0;0;0;0;0;0;0;0
092011;Capoterra;2;2;1;1;2;0;2;1;0;0;0;0;1;2;1;0;0;2;0;0;0;0;0;1;1;2;0;1;4;4;6;5;3;0;3;5;3;5;2;2;5;0;1;3;4;1;2;2;0;1;0;4;0;0;0;0;1;0;1;0;2;1;0;1;0;0;0;0;0;0;0;0;0;0;0;0;0;0;0;0;0;1;0;0;0;0;0;0;0;0;0;0;0;0;0;0;0;0;0;0;0
092015;Decimomannu;0;0;0;0;0;0;0;0;0;0;0;0;0;0;0;0;0;0;0;0;0;0;1;0;0;0;0;1;0;0;1;1;0;0;0;0;1;1;0;0;0;0;0;0;0;0;0;0;0;0;0;0;0;0;0;0;0;0;0;0;0;0;0;0;0;0;0;0;0;0;0;0;0;0;0;0;0;0;0;0;0;0;0;0;0;0;0;0;0;0;0;0;0;0;0;0;0;0;0;0;0
092037;Maracalagonis;0;1;0;0;0;0;0;0;0;0;1;0;0;0;0;0;0;0;0;0;0;0;0;0;0;0;0;0;1;0;0;0;1;0;1;1;0;0;1;0;0;0;0;0;0;1;0;0;0;1;0;0;0;0;0;0;0;1;0;0;0;1;0;0;0;0;0;0;0;0;0;0;0;0;0;0;0;0;0;0;0;0;0;0;0;0;0;0;0;0;0;0;0;0;0;0;0;0;0;0;0
092050;Pula;0;1;0;0;0;1;0;1;0;2;1;1;1;0;1;0;2;0;0;0;0;2;1;0;0;3;2;0;2;1;3;2;2;4;0;2;3;2;1;1;2;2;0;2;1;1;0;0;0;1;2;0;0;0;0;3;0;1;0;0;0;3;0;0;0;0;0;0;0;0;0;0;0;0;0;0;0;0;0;0;0;0;0;0;0;0;0;0;0;0;0;0;0;0;0;0;0;0;0;0;0
092051;Quartu Sant'Elena;0;0;3;1;4;2;3;1;2;2;0;0;3;1;2;3;1;1;3;3;3;1;2;10;2;6;10;4;6;5;8;10;13;6;8;15;15;7;9;10;7;6;11;3;5;5;3;0;5;3;2;2;1;6;0;2;5;5;1;3;3;1;2;0;2;3;2;0;3;0;2;0;0;0;3;1;0;0;0;1;1;0;0;1;0;0;0;0;0;0;0;0;1;0;0;0;0;0;0;0;0
092066;Sarroch;0;0;0;1;0;0;0;0;0;0;0;0;0;0;0;0;0;0;0;0;0;0;1;0;1;0;0;2;0;0;0;0;0;3;0;1;0;0;0;0;2;1;1;0;0;0;0;0;1;0;2;0;0;0;1;0;0;0;0;0;0;1;0;0;0;0;0;0;0;0;0;0;0;1;0;0;0;0;0;0;0;0;0;0;0;0;0;0;0;0;0;0;0;0;0;0;0;0;0;0;0
092068;Selargius;0;1;0;0;0;0;0;0;1;0;1;0;1;1;0;0;1;1;0;0;1;0;2;1;2;4;3;2;1;1;1;1;5;4;3;3;1;4;1;3;0;1;0;0;0;0;1;0;0;1;3;0;1;0;0;0;0;0;0;1;0;1;0;1;0;0;0;0;0;0;0;0;0;0;0;0;0;0;0;0;0;0;0;0;0;0;0;0;0;0;0;0;0;0;0;0;0;0;0;0;0
092074;Sestu;0;2;0;0;0;0;0;1;2;0;0;0;0;0;0;0;0;0;0;0;0;1;1;2;2;1;3;2;1;0;3;1;2;0;3;0;1;0;1;1;4;0;0;0;0;1;1;1;0;0;0;0;0;0;0;0;0;0;0;0;0;0;0;0;0;0;0;0;0;0;1;0;0;0;0;0;0;0;0;0;0;0;0;0;0;0;0;0;0;0;0;0;0;0;0;0;0;0;0;0;0
092075;Settimo San Pietro;0;0;0;0;0;0;0;1;0;0;0;0;0;0;0;0;0;0;0;0;1;0;0;0;0;0;0;1;1;0;0;0;0;1;1;0;0;0;0;1;1;0;0;0;0;2;0;0;0;0;0;0;0;0;0;0;1;0;0;0;0;0;0;0;0;0;0;0;0;0;0;0;0;0;0;0;0;0;0;0;0;0;0;0;0;0;0;0;0;0;0;0;0;0;0;0;0;0;0;0;0
092080;Sinnai;0;1;0;0;0;0;0;1;0;1;0;0;0;1;0;1;0;1;0;0;1;0;0;0;0;1;1;0;0;0;1;1;2;2;2;1;0;2;4;0;0;0;2;2;1;0;0;0;0;0;0;1;1;0;0;0;0;0;1;0;0;0;0;0;1;0;0;0;0;0;0;0;0;0;0;0;0;0;1;0;0;0;0;0;0;0;0;0;0;0;0;0;0;0;0;0;0;0;0;0;0
092090;Uta;0;0;0;0;0;0;0;0;0;0;0;0;0;0;1;0;0;0;1;1;0;1;0;0;0;1;0;0;0;1;0;0;2;0;0;0;1;0;1;1;0;1;1;0;1;0;1;1;0;1;0;0;0;0;0;0;0;0;0;0;0;0;0;0;0;0;2;0;0;0;0;0;0;0;0;0;0;0;0;0;0;0;0;0;0;0;0;0;0;0;0;0;0;0;0;0;0;0;0;0;0
092099;Villa San Pietro;0;0;0;0;0;0;0;0;0;0;0;0;0;0;0;0;0;0;0;0;0;0;0;0;0;0;0;0;0;0;3;0;0;0;0;1;0;0;0;0;0;0;1;0;0;0;0;0;0;0;0;0;0;0;0;0;0;0;0;0;0;0;0;0;0;0;0;0;0;0;0;0;0;0;0;0;0;0;0;0;1;0;0;0;0;0;0;0;0;0;0;0;0;0;0;0;0;0;0;0;0
092105;Quartucciu;0;0;0;0;0;1;0;0;0;0;0;0;0;0;0;0;0;0;0;0;0;1;1;0;0;0;0;2;0;0;0;2;1;1;0;1;0;0;2;2;0;0;0;0;0;0;0;0;0;1;0;0;0;0;0;0;0;0;0;0;0;0;1;1;0;0;0;0;0;0;0;0;1;0;0;0;0;0;0;0;0;0;0;0;0;0;0;0;0;0;0;0;0;0;0;0;0;0;0;0;0
092108;Elmas;0;0;1;0;0;0;0;0;0;0;0;0;0;0;0;0;1;0;0;0;1;0;0;1;1;0;1;1;3;1;1;0;0;0;0;0;0;0;1;0;0;1;0;1;0;0;1;2;0;1;2;0;0;0;0;0;0;0;0;0;0;0;0;0;0;0;0;0;0;0;0;0;0;0;0;0;0;0;0;0;0;0;0;0;0;0;0;0;0;0;0;0;0;0;0;0;0;0;0;0;0
092109;Monserrato;0;0;1;0;2;0;0;2;1;1;2;0;0;1;1;0;0;1;0;0;0;0;0;0;2;2;1;2;0;0;0;1;1;1;1;0;1;0;2;0;4;1;1;1;1;0;1;0;0;0;0;1;1;1;0;0;0;0;1;0;0;0;0;0;0;0;0;0;0;0;0;0;0;0;0;0;0;0;0;0;0;0;0;0;0;0;0;0;0;0;0;0;0;0;0;0;0;0;0;0;0
;Totale;17;18;18;13;22;9;15;16;16;10;12;8;11;8;11;8;12;10;6;9;19;18;21;36;31;40;55;39;48;41;54;47;57;53;45;60;47;38;40;38;42;25;33;25;26;21;18;14;13;17;17;18;5;12;9;10;12;13;9;8;10;11;5;6;4;6;6;1;5;3;5;2;2;5;4;1;1;0;3;2;4;1;0;1;2;0;0;0;0;0;0;0;1;0;0;0;0;0;0;0;0

"Ricostruzione della popolazione intercensuaria - Popolazione al 1° gennaio per età"
"Cittadinanza straniera - Anno: 2003 - Provincia: Cagliari"
Territorio/Età;;0;1;2;3;4;5;6;7;8;9;10;11;12;13;14;15;16;17;18;19;20;21;22;23;24;25;26;27;28;29;30;31;32;33;34;35;36;37;38;39;40;41;42;43;44;45;46;47;48;49;50;51;52;53;54;55;56;57;58;59;60;61;62;63;64;65;66;67;68;69;70;71;72;73;74;75;76;77;78;79;80;81;82;83;84;85;86;87;88;89;90;91;92;93;94;95;96;97;98;99;100
Codice comune;Comune;Totale
092003;Assemini;2;1;2;1;2;2;2;3;4;0;0;4;1;0;2;0;2;1;0;0;2;1;3;3;2;1;7;2;5;4;5;3;4;3;8;4;8;4;3;2;4;6;5;1;2;1;1;3;5;1;1;0;1;1;0;1;0;0;2;0;1;2;0;0;0;0;0;0;0;0;0;0;0;0;0;1;0;0;0;2;0;0;0;0;0;0;0;0;0;0;0;0;0;0;0;0;0;0;0;0;0
092009;Cagliari;29;25;20;24;19;17;13;21;8;14;11;13;13;12;7;13;7;4;10;4;9;12;13;22;33;42;37;57;44;40;52;42;49;47;50;53;55;45;47;44;46;49;44;37;27;30;32;28;28;18;31;13;19;11;11;13;11;10;6;7;10;10;4;1;5;4;4;3;2;6;1;1;5;1;5;0;0;2;0;2;0;2;0;0;0;2;0;0;0;0;0;1;0;0;0;0;0;0;0;0;0
092011;Capoterra;1;2;3;1;1;3;0;2;1;1;0;1;1;1;3;2;0;3;5;1;1;0;1;2;1;4;1;3;2;2;6;7;5;6;5;3;5;10;8;8;7;5;1;0;6;7;1;6;3;3;2;1;6;0;0;0;1;2;0;1;1;3;3;0;2;0;0;0;0;0;0;0;0;0;0;0;0;0;0;0;0;0;1;0;0;0;0;0;0;0;0;0;0;0;0;0;0;0;0;0;0
092015;Decimomannu;0;0;0;0;0;0;0;0;0;0;0;0;0;0;0;0;1;0;0;0;0;0;0;3;1;0;3;0;1;0;0;0;1;0;0;1;0;0;2;0;0;1;1;0;0;1;0;0;0;0;0;0;0;0;0;0;0;0;0;1;0;1;0;0;0;0;0;0;0;0;0;0;0;0;0;0;0;0;0;0;0;0;0;0;0;0;0;0;0;0;0;0;0;0;0;0;0;0;0;0;0
092037;Maracalagonis;0;0;1;0;0;0;0;0;1;0;0;2;0;1;0;0;0;0;0;0;0;0;0;0;1;0;0;0;1;0;1;0;1;1;2;1;1;2;0;1;2;0;0;0;0;0;3;0;2;1;1;0;0;1;1;0;0;0;0;1;1;0;2;0;0;0;0;0;1;0;0;0;0;0;0;0;0;0;0;0;0;0;0;0;0;0;0;0;0;0;0;0;0;0;0;0;0;0;0;0;0
092050;Pula;3;0;2;2;1;1;2;1;1;1;3;3;2;1;2;3;0;1;1;1;1;0;2;2;2;1;3;2;2;2;1;6;3;2;7;3;6;4;4;2;3;4;4;1;3;1;2;0;0;1;1;2;0;0;1;1;4;1;1;0;0;0;4;0;0;0;2;1;0;1;0;0;0;1;0;0;1;0;0;0;0;0;0;0;0;0;0;0;0;0;0;0;0;0;0;0;0;0;0;0;0
092051;Quartu Sant'Elena;5;2;6;3;1;2;3;5;3;1;2;2;3;4;1;1;6;1;5;3;3;2;1;4;11;2;8;9;9;18;15;20;23;26;10;21;21;21;26;15;15;15;15;15;17;9;22;10;7;12;10;7;11;6;9;3;3;5;8;3;5;6;4;3;1;3;4;1;1;3;1;1;2;0;0;2;3;0;1;0;2;1;0;0;1;0;0;0;0;0;0;0;1;1;0;0;0;0;0;0;0
092066;Sarroch;0;0;0;0;1;0;1;0;0;0;0;0;0;0;0;0;0;0;0;1;0;0;0;1;1;1;0;0;2;1;2;0;0;0;2;0;2;0;0;0;0;1;0;1;1;0;0;0;0;2;0;4;0;1;3;1;0;0;0;1;0;0;1;0;0;0;0;0;0;0;0;0;0;1;0;0;0;0;0;0;0;0;0;0;0;0;0;0;0;0;0;0;0;0;0;0;0;0;0;0;0
092068;Selargius;3;1;2;1;0;2;1;0;1;1;0;2;0;1;2;0;1;2;1;1;1;2;0;5;1;1;7;6;5;3;6;5;4;5;3;2;3;2;4;3;4;3;3;2;1;0;1;0;0;0;3;1;0;3;0;0;1;0;0;0;2;0;1;1;2;0;0;0;0;0;0;0;0;0;0;0;0;0;0;0;0;0;0;0;0;0;0;0;0;0;0;0;0;0;0;0;0;0;0;0;0
092074;Sestu;1;1;2;1;0;0;0;0;2;2;1;0;0;0;0;0;0;0;0;0;0;0;1;1;3;2;4;3;3;1;1;5;1;3;0;1;1;2;1;1;1;4;1;0;2;0;1;1;1;0;0;0;0;0;0;0;0;0;0;0;0;0;0;0;0;0;0;0;0;0;0;1;0;0;0;0;0;0;0;0;0;0;0;0;0;0;0;0;0;0;0;0;0;0;0;0;0;0;0;0;0
092075;Settimo San Pietro;1;1;0;1;1;0;1;1;2;0;0;1;0;0;0;1;0;0;0;0;0;1;0;1;1;0;0;1;2;3;1;0;0;0;2;0;0;0;0;1;2;1;0;0;0;0;3;1;0;0;0;0;0;0;0;0;0;0;0;0;0;0;0;0;0;0;0;0;0;0;0;0;0;0;0;0;0;0;0;0;0;0;0;0;0;0;0;0;0;0;0;0;0;0;0;0;0;0;0;0;0
092080;Sinnai;2;1;1;1;1;1;0;3;2;1;1;2;0;2;2;0;4;0;3;0;1;1;1;2;0;1;1;1;7;3;2;1;1;5;2;2;2;2;4;5;0;1;2;5;5;4;1;0;1;2;0;0;3;1;1;1;0;1;1;1;0;0;0;0;0;1;0;0;0;0;0;0;0;0;0;0;0;0;0;1;0;0;0;0;0;0;0;0;0;0;0;0;0;0;0;0;0;0;0;0;0
092090;Uta;2;2;1;0;0;1;0;1;1;1;0;0;0;0;0;1;2;1;2;1;2;1;1;2;0;1;0;3;0;0;0;0;0;3;1;0;2;2;4;3;4;1;1;2;1;2;1;4;3;2;1;1;1;2;0;1;0;1;0;0;0;0;0;0;0;0;0;2;0;0;0;1;0;0;0;0;0;0;0;0;0;0;0;0;0;0;0;0;0;0;0;0;0;0;0;0;0;0;0;0;0
092099;Villa San Pietro;0;0;0;0;0;0;0;0;0;0;0;0;0;0;0;0;0;0;0;0;0;0;0;0;0;0;0;0;0;0;1;2;0;0;0;1;0;0;0;0;1;3;1;1;0;0;0;0;1;1;0;0;0;0;0;0;0;0;0;0;0;0;0;0;0;0;0;0;0;0;0;0;0;0;0;0;0;0;0;0;0;1;0;0;0;0;0;0;0;0;0;0;0;0;0;0;0;0;0;0;0
092105;Quartucciu;1;0;1;0;0;0;0;1;0;1;0;1;0;0;0;0;0;0;0;2;0;1;2;1;1;0;0;3;2;2;2;0;2;1;1;0;1;0;1;5;1;1;3;0;0;1;0;0;0;0;1;1;1;1;0;0;0;0;0;0;0;0;0;1;1;0;0;0;0;0;0;0;0;1;0;0;0;0;0;0;0;0;0;0;0;0;0;0;0;0;0;0;0;0;0;0;0;0;0;0;0
092108;Elmas;1;0;0;2;1;1;1;2;0;0;2;2;0;0;0;0;0;1;0;0;0;1;1;0;2;0;0;2;1;7;1;2;1;3;0;2;1;0;1;1;0;0;0;1;1;0;1;0;2;0;1;2;1;0;1;0;0;0;1;0;0;0;0;0;0;0;0;0;0;0;0;0;0;0;0;0;0;0;0;0;0;0;0;0;0;0;0;0;0;0;0;0;0;0;0;0;0;0;0;0;0
092109;Monserrato;0;1;1;0;1;3;1;0;3;1;1;2;0;1;2;1;1;1;1;0;0;0;1;0;0;4;4;2;3;1;1;1;2;0;3;2;1;2;2;2;2;7;1;2;1;3;0;1;2;1;0;1;2;1;2;0;0;0;0;2;0;1;0;0;0;0;0;0;0;0;0;0;0;0;0;0;0;0;0;0;0;0;0;0;0;0;0;0;0;0;0;0;0;0;0;0;0;0;0;0;0
;Totale;51;37;42;37;29;33;25;40;29;24;21;35;20;23;21;22;24;15;28;14;20;22;27;49;60;60;75;94;89;87;97;94;97;105;96;96;109;96;107;93;92;102;82;68;67;59;69;54;55;44;52;33;45;28;29;21;20;20;19;17;20;23;19;6;11;8;10;7;4;10;2;4;7;4;5;3;4;2;1;5;2;4;1;0;1;2;0;0;0;0;0;1;1;1;0;0;0;0;0;0;0
Territorio/Età;;0;1;2;3;4;5;6;7;8;9;10;11;12;13;14;15;16;17;18;19;20;21;22;23;24;25;26;27;28;29;30;31;32;33;34;35;36;37;38;39;40;41;42;43;44;45;46;47;48;49;50;51;52;53;54;55;56;57;58;59;60;61;62;63;64;65;66;67;68;69;70;71;72;73;74;75;76;77;78;79;80;81;82;83;84;85;86;87;88;89;90;91;92;93;94;95;96;97;98;99;100
Codice comune;Comune;Maschi
092003;Assemini;1;0;0;0;2;0;1;1;3;0;0;2;1;0;2;0;0;0;0;0;1;0;0;0;1;0;4;0;1;2;2;0;2;1;3;3;2;2;1;2;2;4;3;1;2;0;1;1;4;1;0;0;1;1;0;0;0;0;1;0;0;2;0;0;0;0;0;0;0;0;0;0;0;0;0;0;0;0;0;2;0;0;0;0;0;0;0;0;0;0;0;0;0;0;0;0;0;0;0;0;0
092009;Cagliari;18;13;10;12;7;6;10;11;4;2;4;8;3;6;6;8;2;2;4;3;3;5;0;12;13;19;15;16;21;11;27;19;27;29;24;33;26;28;34;27;30;37;35;24;19;20;24;22;22;12;27;10;14;11;7;7;7;7;2;3;6;6;2;0;2;2;2;2;1;2;0;0;4;0;3;0;0;0;0;0;0;1;0;0;0;1;0;0;0;0;0;1;0;0;0;0;0;0;0;0;0
092011;Capoterra;0;1;0;0;0;1;0;1;1;1;0;1;1;0;0;1;0;3;2;1;1;0;0;2;0;1;0;3;1;0;3;0;0;4;3;0;1;5;3;6;4;2;1;0;3;3;0;4;1;2;1;1;3;0;0;0;1;1;0;0;1;2;2;0;1;0;0;0;0;0;0;0;0;0;0;0;0;0;0;0;0;0;0;0;0;0;0;0;0;0;0;0;0;0;0;0;0;0;0;0;0
092015;Decimomannu;0;0;0;0;0;0;0;0;0;0;0;0;0;0;0;0;1;0;0;0;0;0;0;2;1;0;3;0;0;0;0;0;0;0;0;1;0;0;1;0;0;1;1;0;0;1;0;0;0;0;0;0;0;0;0;0;0;0;0;0;0;1;0;0;0;0;0;0;0;0;0;0;0;0;0;0;0;0;0;0;0;0;0;0;0;0;0;0;0;0;0;0;0;0;0;0;0;0;0;0;0
092037;Maracalagonis;0;0;0;0;0;0;0;0;1;0;0;1;0;1;0;0;0;0;0;0;0;0;0;0;1;0;0;0;0;0;1;0;0;1;2;0;0;2;0;0;2;0;0;0;0;0;2;0;2;1;0;0;0;1;1;0;0;0;0;1;1;0;1;0;0;0;0;0;1;0;0;0;0;0;0;0;0;0;0;0;0;0;0;0;0;0;0;0;0;0;0;0;0;0;0;0;0;0;0;0;0
092050;Pula;2;0;1;2;1;1;0;1;0;1;1;2;1;0;1;2;0;0;1;0;1;0;0;1;1;0;0;0;2;0;0;2;2;0;2;2;2;2;2;1;2;2;2;1;1;0;1;0;0;0;0;0;0;0;0;1;1;1;0;0;0;0;1;0;0;0;1;0;0;1;0;0;0;1;0;0;1;0;0;0;0;0;0;0;0;0;0;0;0;0;0;0;0;0;0;0;0;0;0;0;0
092051;Quartu Sant'Elena;2;0;6;1;1;0;1;2;0;0;0;1;3;2;0;0;4;1;3;1;2;0;0;3;1;0;0;0;4;9;9;8;9;8;5;14;9;9;19;6;8;9;11;5;15;5;16;6;6;7;8;5;8;4;4;3;2;0;4;2;3;2;4;2;1;1;2;0;1;2;0;0;1;0;0;0;2;0;1;0;1;0;0;0;0;0;0;0;0;0;0;0;1;0;0;0;0;0;0;0;0
092066;Sarroch;0;0;0;0;0;0;1;0;0;0;0;0;0;0;0;0;0;0;0;1;0;0;0;0;0;0;0;0;0;1;2;0;0;0;0;0;1;0;0;0;0;0;0;0;1;0;0;0;0;1;0;1;0;1;3;0;0;0;0;1;0;0;1;0;0;0;0;0;0;0;0;0;0;1;0;0;0;0;0;0;0;0;0;0;0;0;0;0;0;0;0;0;0;0;0;0;0;0;0;0;0
092068;Selargius;2;1;0;1;0;1;1;0;1;0;0;1;0;0;0;0;0;1;0;1;1;0;0;2;0;0;1;2;1;1;1;3;3;2;0;0;0;1;1;2;2;3;2;2;1;0;1;0;0;0;2;0;0;2;0;0;1;0;0;0;1;0;0;1;1;0;0;0;0;0;0;0;0;0;0;0;0;0;0;0;0;0;0;0;0;0;0;0;0;0;0;0;0;0;0;0;0;0;0;0;0
092074;Sestu;0;1;0;0;0;0;0;0;1;0;0;0;0;0;0;0;0;0;0;0;0;0;0;0;1;1;1;0;1;1;1;2;0;1;0;0;1;2;0;0;0;1;1;0;2;0;0;0;0;0;0;0;0;0;0;0;0;0;0;0;0;0;0;0;0;0;0;0;0;0;0;0;0;0;0;0;0;0;0;0;0;0;0;0;0;0;0;0;0;0;0;0;0;0;0;0;0;0;0;0;0
092075;Settimo San Pietro;1;0;0;1;1;0;0;1;0;0;0;1;0;0;0;1;0;0;0;0;0;0;0;1;1;0;0;1;0;0;0;0;0;0;0;0;0;0;0;1;1;0;0;0;0;0;0;1;0;0;0;0;0;0;0;0;0;0;0;0;0;0;0;0;0;0;0;0;0;0;0;0;0;0;0;0;0;0;0;0;0;0;0;0;0;0;0;0;0;0;0;0;0;0;0;0;0;0;0;0;0
092080;Sinnai;1;1;0;1;0;1;0;3;0;0;0;1;0;1;1;0;2;0;0;0;0;0;1;1;0;0;1;0;3;3;2;0;1;1;0;0;1;1;2;2;0;1;2;3;3;2;1;0;1;1;0;0;2;0;1;1;0;1;1;0;0;0;0;0;0;0;0;0;0;0;0;0;0;0;0;0;0;0;0;0;0;0;0;0;0;0;0;0;0;0;0;0;0;0;0;0;0;0;0;0;0
092090;Uta;2;2;1;0;0;1;0;1;1;1;0;0;0;0;0;0;2;1;2;0;0;1;0;1;0;1;0;3;0;0;0;0;0;1;0;0;2;1;4;2;3;1;0;1;1;1;1;3;2;2;0;1;1;2;0;1;0;1;0;0;0;0;0;0;0;0;0;1;0;0;0;1;0;0;0;0;0;0;0;0;0;0;0;0;0;0;0;0;0;0;0;0;0;0;0;0;0;0;0;0;0
092099;Villa San Pietro;0;0;0;0;0;0;0;0;0;0;0;0;0;0;0;0;0;0;0;0;0;0;0;0;0;0;0;0;0;0;1;0;0;0;0;1;0;0;0;0;1;1;1;0;0;0;0;0;1;1;0;0;0;0;0;0;0;0;0;0;0;0;0;0;0;0;0;0;0;0;0;0;0;0;0;0;0;0;0;0;0;0;0;0;0;0;0;0;0;0;0;0;0;0;0;0;0;0;0;0;0
092105;Quartucciu;0;0;0;0;0;0;0;1;0;0;0;1;0;0;0;0;0;0;0;2;0;1;0;0;0;0;0;0;1;0;2;0;0;1;1;0;1;0;1;1;1;1;3;0;0;1;0;0;0;0;1;1;1;1;0;0;0;0;0;0;0;0;0;0;0;0;0;0;0;0;0;0;0;0;0;0;0;0;0;0;0;0;0;0;0;0;0;0;0;0;0;0;0;0;0;0;0;0;0;0;0
092108;Elmas;0;0;0;1;0;1;1;2;0;0;2;1;0;0;0;0;0;0;0;0;0;0;0;0;1;0;0;1;0;4;0;1;1;2;0;2;0;0;1;0;0;0;0;1;0;0;1;0;0;0;0;0;1;0;1;0;0;0;1;0;0;0;0;0;0;0;0;0;0;0;0;0;0;0;0;0;0;0;0;0;0;0;0;0;0;0;0;0;0;0;0;0;0;0;0;0;0;0;0;0;0
092109;Monserrato;0;0;1;0;1;1;1;0;2;0;1;0;0;1;1;1;1;1;1;0;0;0;1;0;0;2;1;1;0;1;1;1;0;0;2;2;1;1;2;1;2;4;0;2;0;2;0;0;1;1;0;1;1;0;1;0;0;0;0;1;0;1;0;0;0;0;0;0;0;0;0;0;0;0;0;0;0;0;0;0;0;0;0;0;0;0;0;0;0;0;0;0;0;0;0;0;0;0;0;0;0
;Totale;29;19;19;19;13;13;16;24;14;5;8;20;9;11;11;13;12;9;13;9;9;7;2;25;21;24;26;27;35;33;52;36;45;51;42;58;47;54;71;51;58;67;62;40;48;35;48;37;40;29;39;20;32;23;18;13;12;11;9;8;12;14;11;3;5;3;5;3;3;5;0;1;5;2;3;0;3;0;1;2;1;1;0;0;0;1;0;0;0;0;0;1;1;0;0;0;0;0;0;0;0
Territorio/Età;;0;1;2;3;4;5;6;7;8;9;10;11;12;13;14;15;16;17;18;19;20;21;22;23;24;25;26;27;28;29;30;31;32;33;34;35;36;37;38;39;40;41;42;43;44;45;46;47;48;49;50;51;52;53;54;55;56;57;58;59;60;61;62;63;64;65;66;67;68;69;70;71;72;73;74;75;76;77;78;79;80;81;82;83;84;85;86;87;88;89;90;91;92;93;94;95;96;97;98;99;100
Codice comune;Comune;Femmine
092003;Assemini;1;1;2;1;0;2;1;2;1;0;0;2;0;0;0;0;2;1;0;0;1;1;3;3;1;1;3;2;4;2;3;3;2;2;5;1;6;2;2;0;2;2;2;0;0;1;0;2;1;0;1;0;0;0;0;1;0;0;1;0;1;0;0;0;0;0;0;0;0;0;0;0;0;0;0;1;0;0;0;0;0;0;0;0;0;0;0;0;0;0;0;0;0;0;0;0;0;0;0;0;0
092009;Cagliari;11;12;10;12;12;11;3;10;4;12;7;5;10;6;1;5;5;2;6;1;6;7;13;10;20;23;22;41;23;29;25;23;22;18;26;20;29;17;13;17;16;12;9;13;8;10;8;6;6;6;4;3;5;0;4;6;4;3;4;4;4;4;2;1;3;2;2;1;1;4;1;1;1;1;2;0;0;2;0;2;0;1;0;0;0;1;0;0;0;0;0;0;0;0;0;0;0;0;0;0;0
092011;Capoterra;1;1;3;1;1;2;0;1;0;0;0;0;0;1;3;1;0;0;3;0;0;0;1;0;1;3;1;0;1;2;3;7;5;2;2;3;4;5;5;2;3;3;0;0;3;4;1;2;2;1;1;0;3;0;0;0;0;1;0;1;0;1;1;0;1;0;0;0;0;0;0;0;0;0;0;0;0;0;0;0;0;0;1;0;0;0;0;0;0;0;0;0;0;0;0;0;0;0;0;0;0
092015;Decimomannu;0;0;0;0;0;0;0;0;0;0;0;0;0;0;0;0;0;0;0;0;0;0;0;1;0;0;0;0;1;0;0;0;1;0;0;0;0;0;1;0;0;0;0;0;0;0;0;0;0;0;0;0;0;0;0;0;0;0;0;1;0;0;0;0;0;0;0;0;0;0;0;0;0;0;0;0;0;0;0;0;0;0;0;0;0;0;0;0;0;0;0;0;0;0;0;0;0;0;0;0;0
092037;Maracalagonis;0;0;1;0;0;0;0;0;0;0;0;1;0;0;0;0;0;0;0;0;0;0;0;0;0;0;0;0;1;0;0;0;1;0;0;1;1;0;0;1;0;0;0;0;0;0;1;0;0;0;1;0;0;0;0;0;0;0;0;0;0;0;1;0;0;0;0;0;0;0;0;0;0;0;0;0;0;0;0;0;0;0;0;0;0;0;0;0;0;0;0;0;0;0;0;0;0;0;0;0;0
092050;Pula;1;0;1;0;0;0;2;0;1;0;2;1;1;1;1;1;0;1;0;1;0;0;2;1;1;1;3;2;0;2;1;4;1;2;5;1;4;2;2;1;1;2;2;0;2;1;1;0;0;1;1;2;0;0;1;0;3;0;1;0;0;0;3;0;0;0;1;1;0;0;0;0;0;0;0;0;0;0;0;0;0;0;0;0;0;0;0;0;0;0;0;0;0;0;0;0;0;0;0;0;0
092051;Quartu Sant'Elena;3;2;0;2;0;2;2;3;3;1;2;1;0;2;1;1;2;0;2;2;1;2;1;1;10;2;8;9;5;9;6;12;14;18;5;7;12;12;7;9;7;6;4;10;2;4;6;4;1;5;2;2;3;2;5;0;1;5;4;1;2;4;0;1;0;2;2;1;0;1;1;1;1;0;0;2;1;0;0;0;1;1;0;0;1;0;0;0;0;0;0;0;0;1;0;0;0;0;0;0;0
092066;Sarroch;0;0;0;0;1;0;0;0;0;0;0;0;0;0;0;0;0;0;0;0;0;0;0;1;1;1;0;0;2;0;0;0;0;0;2;0;1;0;0;0;0;1;0;1;0;0;0;0;0;1;0;3;0;0;0;1;0;0;0;0;0;0;0;0;0;0;0;0;0;0;0;0;0;0;0;0;0;0;0;0;0;0;0;0;0;0;0;0;0;0;0;0;0;0;0;0;0;0;0;0;0
092068;Selargius;1;0;2;0;0;1;0;0;0;1;0;1;0;1;2;0;1;1;1;0;0;2;0;3;1;1;6;4;4;2;5;2;1;3;3;2;3;1;3;1;2;0;1;0;0;0;0;0;0;0;1;1;0;1;0;0;0;0;0;0;1;0;1;0;1;0;0;0;0;0;0;0;0;0;0;0;0;0;0;0;0;0;0;0;0;0;0;0;0;0;0;0;0;0;0;0;0;0;0;0;0
092074;Sestu;1;0;2;1;0;0;0;0;1;2;1;0;0;0;0;0;0;0;0;0;0;0;1;1;2;1;3;3;2;0;0;3;1;2;0;1;0;0;1;1;1;3;0;0;0;0;1;1;1;0;0;0;0;0;0;0;0;0;0;0;0;0;0;0;0;0;0;0;0;0;0;1;0;0;0;0;0;0;0;0;0;0;0;0;0;0;0;0;0;0;0;0;0;0;0;0;0;0;0;0;0
092075;Settimo San Pietro;0;1;0;0;0;0;1;0;2;0;0;0;0;0;0;0;0;0;0;0;0;1;0;0;0;0;0;0;2;3;1;0;0;0;2;0;0;0;0;0;1;1;0;0;0;0;3;0;0;0;0;0;0;0;0;0;0;0;0;0;0;0;0;0;0;0;0;0;0;0;0;0;0;0;0;0;0;0;0;0;0;0;0;0;0;0;0;0;0;0;0;0;0;0;0;0;0;0;0;0;0
092080;Sinnai;1;0;1;0;1;0;0;0;2;1;1;1;0;1;1;0;2;0;3;0;1;1;0;1;0;1;0;1;4;0;0;1;0;4;2;2;1;1;2;3;0;0;0;2;2;2;0;0;0;1;0;0;1;1;0;0;0;0;0;1;0;0;0;0;0;1;0;0;0;0;0;0;0;0;0;0;0;0;0;1;0;0;0;0;0;0;0;0;0;0;0;0;0;0;0;0;0;0;0;0;0
092090;Uta;0;0;0;0;0;0;0;0;0;0;0;0;0;0;0;1;0;0;0;1;2;0;1;1;0;0;0;0;0;0;0;0;0;2;1;0;0;1;0;1;1;0;1;1;0;1;0;1;1;0;1;0;0;0;0;0;0;0;0;0;0;0;0;0;0;0;0;1;0;0;0;0;0;0;0;0;0;0;0;0;0;0;0;0;0;0;0;0;0;0;0;0;0;0;0;0;0;0;0;0;0
092099;Villa San Pietro;0;0;0;0;0;0;0;0;0;0;0;0;0;0;0;0;0;0;0;0;0;0;0;0;0;0;0;0;0;0;0;2;0;0;0;0;0;0;0;0;0;2;0;1;0;0;0;0;0;0;0;0;0;0;0;0;0;0;0;0;0;0;0;0;0;0;0;0;0;0;0;0;0;0;0;0;0;0;0;0;0;1;0;0;0;0;0;0;0;0;0;0;0;0;0;0;0;0;0;0;0
092105;Quartucciu;1;0;1;0;0;0;0;0;0;1;0;0;0;0;0;0;0;0;0;0;0;0;2;1;1;0;0;3;1;2;0;0;2;0;0;0;0;0;0;4;0;0;0;0;0;0;0;0;0;0;0;0;0;0;0;0;0;0;0;0;0;0;0;1;1;0;0;0;0;0;0;0;0;1;0;0;0;0;0;0;0;0;0;0;0;0;0;0;0;0;0;0;0;0;0;0;0;0;0;0;0
092108;Elmas;1;0;0;1;1;0;0;0;0;0;0;1;0;0;0;0;0;1;0;0;0;1;1;0;1;0;0;1;1;3;1;1;0;1;0;0;1;0;0;1;0;0;0;0;1;0;0;0;2;0;1;2;0;0;0;0;0;0;0;0;0;0;0;0;0;0;0;0;0;0;0;0;0;0;0;0;0;0;0;0;0;0;0;0;0;0;0;0;0;0;0;0;0;0;0;0;0;0;0;0;0
092109;Monserrato;0;1;0;0;0;2;0;0;1;1;0;2;0;0;1;0;0;0;0;0;0;0;0;0;0;2;3;1;3;0;0;0;2;0;1;0;0;1;0;1;0;3;1;0;1;1;0;1;1;0;0;0;1;1;1;0;0;0;0;1;0;0;0;0;0;0;0;0;0;0;0;0;0;0;0;0;0;0;0;0;0;0;0;0;0;0;0;0;0;0;0;0;0;0;0;0;0;0;0;0;0
;Totale;22;18;23;18;16;20;9;16;15;19;13;15;11;12;10;9;12;6;15;5;11;15;25;24;39;36;49;67;54;54;45;58;52;54;54;38;62;42;36;42;34;35;20;28;19;24;21;17;15;15;13;13;13;5;11;8;8;9;10;9;8;9;8;3;6;5;5;4;1;5;2;3;2;2;2;3;1;2;0;3;1;3;1;0;1;1;0;0;0;0;0;0;0;1;0;0;0;0;0;0;0

"Ricostruzione della popolazione intercensuaria - Popolazione al 1° gennaio per età"
"Cittadinanza straniera - Anno: 2004 - Provincia: Cagliari"
Territorio/Età;;0;1;2;3;4;5;6;7;8;9;10;11;12;13;14;15;16;17;18;19;20;21;22;23;24;25;26;27;28;29;30;31;32;33;34;35;36;37;38;39;40;41;42;43;44;45;46;47;48;49;50;51;52;53;54;55;56;57;58;59;60;61;62;63;64;65;66;67;68;69;70;71;72;73;74;75;76;77;78;79;80;81;82;83;84;85;86;87;88;89;90;91;92;93;94;95;96;97;98;99;100
Codice comune;Comune;Totale
092003;Assemini;3;1;3;2;0;1;3;2;3;4;0;0;3;1;0;2;0;2;2;0;0;3;2;3;2;4;2;12;4;9;4;8;4;6;6;9;5;7;4;5;0;5;6;6;1;3;2;1;2;4;2;0;0;1;1;0;0;0;0;2;0;1;1;0;0;0;0;0;1;0;0;1;0;0;0;0;1;0;0;0;2;0;0;0;0;0;0;0;0;0;0;0;0;0;0;0;0;0;0;0;0
092009;Cagliari;29;36;25;19;23;18;19;15;21;14;16;12;16;13;14;11;14;6;3;7;3;10;24;15;32;58;58;55;83;58;54;66;56;68;56;62;58;69;54;47;44;55;54;47;42;35;33;39;31;31;20;31;12;25;15;12;12;12;10;7;5;11;7;8;0;5;5;3;2;2;4;0;2;5;1;6;0;0;2;0;2;0;2;0;1;0;2;0;0;0;0;0;1;0;0;0;0;0;0;0;0
092011;Capoterra;0;1;1;4;2;1;2;1;0;2;1;0;2;2;1;5;2;0;3;6;2;3;1;1;1;5;2;0;4;3;5;6;11;7;8;4;3;7;11;9;9;9;5;2;1;7;7;1;7;3;2;0;2;7;0;0;0;2;2;0;1;1;3;2;1;3;0;0;0;0;0;0;0;0;0;0;0;0;0;1;0;0;0;1;0;0;0;0;0;0;0;0;0;0;0;0;0;0;0;0;0
092015;Decimomannu;0;0;0;0;0;0;1;0;0;0;0;0;0;0;0;0;0;1;0;0;0;0;0;0;5;2;1;4;2;3;3;1;0;2;0;1;2;0;1;2;0;0;1;2;0;0;1;0;0;0;0;0;0;0;0;0;0;0;0;0;1;0;1;0;0;0;0;0;0;1;0;0;0;0;0;0;0;0;0;0;0;0;0;0;0;0;0;0;0;0;0;0;0;0;0;0;0;0;0;0;0
092037;Maracalagonis;0;0;0;1;0;0;0;0;0;1;1;0;2;0;1;0;0;0;0;0;0;0;1;0;0;1;0;0;2;2;2;1;0;1;1;1;1;1;3;0;1;1;0;0;0;0;0;2;0;1;1;1;0;0;1;1;1;0;0;0;1;1;0;2;0;0;0;0;0;1;0;0;0;0;0;0;0;0;0;0;0;0;0;0;0;0;0;0;0;0;0;0;0;0;0;0;0;0;0;0;0
092050;Pula;2;2;0;1;2;1;0;2;1;1;1;2;2;2;1;2;3;0;0;1;1;1;0;1;2;1;2;4;4;4;3;3;5;1;3;7;4;7;5;4;1;2;5;4;1;3;1;2;0;0;2;0;1;0;1;0;1;3;1;1;0;0;0;4;0;0;0;2;1;0;1;0;0;0;1;0;0;0;0;0;0;0;0;0;0;0;0;0;0;0;0;0;0;0;0;0;0;0;0;0;0
092051;Quartu Sant'Elena;5;5;5;7;2;1;3;4;5;3;2;4;3;2;4;1;1;6;0;7;3;2;7;7;12;16;4;18;20;17;27;28;25;34;26;18;35;21;21;29;18;18;18;14;17;20;8;23;10;8;14;10;10;10;6;7;0;4;5;8;3;6;7;4;3;1;3;3;1;0;5;1;1;2;0;0;2;3;0;1;0;3;1;2;0;1;0;0;0;0;0;0;0;1;0;0;0;0;0;0;0
092066;Sarroch;0;0;0;0;0;1;0;1;0;0;0;0;0;0;0;0;0;0;0;0;1;0;0;1;1;0;1;0;1;2;2;1;0;0;0;2;0;3;0;0;2;0;1;0;1;1;0;0;0;0;3;0;6;0;0;2;3;0;0;0;2;0;1;0;0;0;0;0;0;0;0;0;0;0;1;0;0;0;0;0;0;0;0;0;0;0;0;0;0;0;0;0;0;0;0;0;0;0;0;0;0
092068;Selargius;1;3;1;2;1;0;1;1;0;2;1;0;2;0;1;2;0;1;1;1;1;0;2;1;5;1;3;7;9;10;6;11;4;6;5;2;3;2;2;4;3;4;1;2;3;1;1;1;1;2;1;5;1;0;2;0;0;1;0;0;0;2;0;1;1;2;0;0;0;0;0;0;0;0;0;0;0;0;0;0;0;0;0;0;0;0;0;0;0;0;0;0;0;0;0;0;0;0;0;0;0
092074;Sestu;0;0;2;1;2;1;0;0;1;1;2;1;0;0;0;0;0;0;0;0;0;1;0;0;3;3;2;5;3;3;3;5;4;2;2;0;1;3;2;1;2;1;3;0;0;2;0;1;1;2;0;2;0;0;0;0;0;1;0;0;1;0;0;0;0;0;0;0;0;0;0;0;1;0;0;0;0;0;0;0;0;0;0;0;0;0;0;0;0;0;0;0;0;0;0;0;0;0;0;0;0
092075;Settimo San Pietro;0;1;1;0;1;1;0;2;1;2;0;0;1;0;0;0;2;0;0;0;0;0;1;0;0;1;0;0;1;2;3;1;2;0;0;1;1;0;0;0;0;3;1;0;0;0;0;3;1;0;0;0;0;0;0;0;0;0;0;0;0;0;0;0;0;0;0;0;0;0;0;0;0;0;0;0;0;0;0;0;0;0;0;0;0;0;0;0;0;0;0;0;0;0;0;0;0;0;0;0;0
092080;Sinnai;1;1;0;0;1;1;3;0;2;2;1;0;2;0;2;1;0;3;0;5;0;1;1;1;2;0;2;2;2;13;3;4;6;2;7;2;2;1;1;4;5;1;1;2;4;5;4;1;0;2;1;0;0;3;1;0;0;0;1;1;1;0;0;0;0;0;2;0;0;0;0;0;0;0;0;0;0;0;0;0;1;0;0;0;0;0;0;0;0;0;0;0;0;1;0;0;0;0;0;0;0
092090;Uta;1;2;2;1;0;0;1;0;0;2;1;0;0;2;1;0;1;3;3;2;2;2;1;3;2;0;2;0;4;2;1;1;0;2;3;1;2;2;2;1;5;4;0;1;1;1;3;1;3;3;3;1;1;1;2;0;1;0;1;0;0;0;0;0;0;0;0;0;1;0;0;0;1;0;0;0;0;0;0;0;0;0;0;0;0;0;0;0;0;0;0;0;0;0;0;0;0;0;0;0;0
092099;Villa San Pietro;0;0;1;0;0;0;0;0;0;0;0;0;0;0;0;0;0;0;0;0;1;0;0;1;0;0;0;0;0;0;0;1;3;0;0;0;1;0;0;0;0;1;3;0;1;0;0;0;0;1;1;0;0;0;0;0;0;0;0;0;0;0;0;0;0;0;0;0;0;0;0;0;0;0;0;0;0;0;0;0;0;0;1;0;0;0;0;0;0;0;0;0;0;0;0;0;0;0;0;0;0
092105;Quartucciu;0;2;0;2;0;0;0;0;1;0;2;0;1;0;0;0;0;0;0;0;2;0;0;2;1;2;3;0;4;2;2;2;0;1;0;1;0;2;0;1;5;1;1;3;0;0;1;0;0;0;0;1;0;1;1;0;0;0;0;0;0;0;0;0;2;1;0;0;0;0;1;0;0;0;1;0;0;0;0;0;0;0;0;0;0;0;0;0;0;0;0;0;0;0;0;0;0;0;0;0;0
092108;Elmas;1;1;0;0;2;1;1;0;2;0;0;2;2;0;0;0;0;0;1;0;0;0;1;1;1;4;1;0;3;3;7;0;4;1;4;1;2;1;0;1;2;0;0;0;1;1;0;1;0;2;1;1;2;1;0;1;0;1;0;1;0;0;0;0;0;0;0;0;0;0;0;0;0;0;0;0;0;0;0;0;0;0;0;0;0;0;0;0;0;0;0;0;0;0;0;0;0;0;0;0;0
092109;Monserrato;0;0;1;1;0;1;3;1;0;2;1;1;2;0;1;2;1;1;1;1;0;0;0;2;0;0;6;7;2;4;1;7;8;6;3;6;4;4;3;3;2;4;8;1;3;1;3;0;1;2;0;0;1;2;1;1;1;0;0;0;2;1;1;0;0;0;0;0;0;0;0;0;0;0;0;0;0;0;0;0;0;0;0;0;0;0;0;0;0;0;0;0;0;0;0;0;0;0;0;0;0
;Totale;43;55;42;41;36;28;37;29;37;36;29;22;38;22;26;26;24;23;14;30;16;23;41;39;69;98;89;114;148;137;126;146;132;139;124;118;124;130;109;111;99;109;108;84;76;80;64;76;57;61;51;52;36;51;31;24;19;24;20;20;17;23;21;21;7;12;10;8;6;4;11;2;5;7;4;6;3;3;2;2;5;3;4;3;1;1;2;0;0;0;0;0;1;2;0;0;0;0;0;0;0
Territorio/Età;;0;1;2;3;4;5;6;7;8;9;10;11;12;13;14;15;16;17;18;19;20;21;22;23;24;25;26;27;28;29;30;31;32;33;34;35;36;37;38;39;40;41;42;43;44;45;46;47;48;49;50;51;52;53;54;55;56;57;58;59;60;61;62;63;64;65;66;67;68;69;70;71;72;73;74;75;76;77;78;79;80;81;82;83;84;85;86;87;88;89;90;91;92;93;94;95;96;97;98;99;100
Codice comune;Comune;Maschi
092003;Assemini;3;0;0;0;0;1;0;1;1;3;0;0;1;1;0;2;0;0;0;0;0;2;0;0;0;3;0;7;1;4;2;2;1;3;4;4;4;1;2;2;0;4;4;4;1;3;0;1;1;3;1;0;0;1;1;0;0;0;0;1;0;0;1;0;0;0;0;0;1;0;0;0;0;0;0;0;0;0;0;0;2;0;0;0;0;0;0;0;0;0;0;0;0;0;0;0;0;0;0;0;0
092009;Cagliari;6;24;10;8;10;7;8;12;11;6;2;4;11;2;9;8;10;3;0;1;3;3;14;0;19;25;31;26;35;26;21;32;32;47;36;33;33;35;33;33;26;34;42;33;25;21;21;24;23;25;12;25;9;16;14;7;6;7;7;1;2;5;4;4;0;2;2;1;1;1;1;0;0;4;0;4;0;0;0;0;0;0;1;0;0;0;1;0;0;0;0;0;1;0;0;0;0;0;0;0;0
092011;Capoterra;0;0;1;0;0;0;1;0;0;1;1;0;1;0;0;1;0;0;3;2;2;1;0;1;1;1;0;0;1;1;0;4;2;1;6;3;0;2;5;3;5;4;2;2;0;3;3;1;5;1;2;0;2;4;0;0;0;2;1;0;0;1;2;1;0;1;0;0;0;0;0;0;0;0;0;0;0;0;0;0;0;0;0;0;0;0;0;0;0;0;0;0;0;0;0;0;0;0;0;0;0
092015;Decimomannu;0;0;0;0;0;0;0;0;0;0;0;0;0;0;0;0;0;1;0;0;0;0;0;0;3;2;0;4;2;2;2;1;0;0;0;1;2;0;1;1;0;0;1;2;0;0;1;0;0;0;0;0;0;0;0;0;0;0;0;0;0;0;1;0;0;0;0;0;0;0;0;0;0;0;0;0;0;0;0;0;0;0;0;0;0;0;0;0;0;0;0;0;0;0;0;0;0;0;0;0;0
092037;Maracalagonis;0;0;0;0;0;0;0;0;0;1;1;0;1;0;1;0;0;0;0;0;0;0;0;0;0;1;0;0;0;0;1;1;0;0;1;1;0;0;3;0;0;1;0;0;0;0;0;2;0;1;1;0;0;0;1;1;0;0;0;0;1;1;0;1;0;0;0;0;0;1;0;0;0;0;0;0;0;0;0;0;0;0;0;0;0;0;0;0;0;0;0;0;0;0;0;0;0;0;0;0;0
092050;Pula;1;2;0;1;2;1;0;0;1;0;1;1;2;1;0;1;2;0;0;1;0;1;0;0;1;1;0;1;1;3;0;2;1;1;0;2;3;3;3;2;0;1;3;2;1;1;0;1;0;0;1;0;0;0;1;0;1;1;1;0;0;0;0;1;0;0;0;1;0;0;1;0;0;0;1;0;0;0;0;0;0;0;0;0;0;0;0;0;0;0;0;0;0;0;0;0;0;0;0;0;0
092051;Quartu Sant'Elena;5;1;3;7;0;1;0;1;1;0;1;2;2;2;3;0;0;3;0;5;0;2;2;1;5;5;2;1;6;8;12;18;12;19;10;13;20;9;11;20;10;10;10;12;7;16;5;15;5;6;8;8;7;8;5;4;0;2;0;4;2;3;3;4;2;1;1;2;0;0;3;0;0;1;0;0;0;2;0;1;0;1;0;0;0;0;0;0;0;0;0;0;0;1;0;0;0;0;0;0;0
092066;Sarroch;0;0;0;0;0;0;0;1;0;0;0;0;0;0;0;0;0;0;0;0;1;0;0;1;0;0;0;0;0;0;1;1;0;0;0;0;0;1;0;0;0;0;0;0;0;1;0;0;0;0;1;0;1;0;0;2;2;0;0;0;1;0;1;0;0;0;0;0;0;0;0;0;0;0;1;0;0;0;0;0;0;0;0;0;0;0;0;0;0;0;0;0;0;0;0;0;0;0;0;0;0
092068;Selargius;1;2;1;0;1;0;0;1;0;1;0;0;1;0;0;0;0;0;1;0;1;0;0;0;2;0;0;1;2;4;2;2;3;4;2;0;1;0;1;2;2;2;1;2;3;1;0;1;1;2;0;4;0;0;1;0;0;1;0;0;0;1;0;0;1;1;0;0;0;0;0;0;0;0;0;0;0;0;0;0;0;0;0;0;0;0;0;0;0;0;0;0;0;0;0;0;0;0;0;0;0
092074;Sestu;0;0;2;0;0;1;0;0;1;0;0;0;0;0;0;0;0;0;0;0;0;0;0;0;1;1;1;2;0;1;3;2;1;0;1;0;0;2;2;0;0;0;1;0;0;2;0;0;0;1;0;0;0;0;0;0;0;1;0;0;0;0;0;0;0;0;0;0;0;0;0;0;0;0;0;0;0;0;0;0;0;0;0;0;0;0;0;0;0;0;0;0;0;0;0;0;0;0;0;0;0
092075;Settimo San Pietro;0;1;0;0;1;1;0;0;1;0;0;0;1;0;0;0;2;0;0;0;0;0;0;0;0;1;0;0;1;0;0;0;1;0;0;0;1;0;0;0;0;2;0;0;0;0;0;0;1;0;0;0;0;0;0;0;0;0;0;0;0;0;0;0;0;0;0;0;0;0;0;0;0;0;0;0;0;0;0;0;0;0;0;0;0;0;0;0;0;0;0;0;0;0;0;0;0;0;0;0;0
092080;Sinnai;0;0;0;0;1;0;3;0;2;0;0;0;1;0;1;0;0;2;0;0;0;0;0;1;1;0;1;2;1;6;3;4;3;2;3;0;0;1;1;2;3;1;1;2;2;3;2;1;0;1;0;0;0;2;0;0;0;0;1;1;0;0;0;0;0;0;0;0;0;0;0;0;0;0;0;0;0;0;0;0;0;0;0;0;0;0;0;0;0;0;0;0;0;1;0;0;0;0;0;0;0
092090;Uta;1;2;2;1;0;0;1;0;0;2;1;0;0;1;0;0;0;2;2;2;0;0;1;2;1;0;1;0;4;0;1;1;0;1;2;0;1;2;1;1;4;3;0;0;0;1;2;1;1;2;3;0;1;1;2;0;1;0;1;0;0;0;0;0;0;0;0;0;0;0;0;0;1;0;0;0;0;0;0;0;0;0;0;0;0;0;0;0;0;0;0;0;0;0;0;0;0;0;0;0;0
092099;Villa San Pietro;0;0;1;0;0;0;0;0;0;0;0;0;0;0;0;0;0;0;0;0;1;0;0;0;0;0;0;0;0;0;0;1;1;0;0;0;1;0;0;0;0;1;1;0;0;0;0;0;0;1;1;0;0;0;0;0;0;0;0;0;0;0;0;0;0;0;0;0;0;0;0;0;0;0;0;0;0;0;0;0;0;0;0;0;0;0;0;0;0;0;0;0;0;0;0;0;0;0;0;0;0
092105;Quartucciu;0;0;0;0;0;0;0;0;1;0;1;0;1;0;0;0;0;0;0;0;2;0;0;0;0;0;0;0;0;1;0;2;0;0;0;1;0;2;0;1;2;1;1;3;0;0;1;0;0;0;0;1;0;1;1;0;0;0;0;0;0;0;0;0;1;0;0;0;0;0;1;0;0;0;0;0;0;0;0;0;0;0;0;0;0;0;0;0;0;0;0;0;0;0;0;0;0;0;0;0;0
092108;Elmas;1;0;0;0;1;0;1;0;2;0;0;2;1;0;0;0;0;0;0;0;0;0;0;0;1;2;1;0;2;0;5;0;2;1;2;1;2;0;0;1;1;0;0;0;1;0;0;1;0;0;1;0;0;1;0;1;0;1;0;1;0;0;0;0;0;0;0;0;0;0;0;0;0;0;0;0;0;0;0;0;0;0;0;0;0;0;0;0;0;0;0;0;0;0;0;0;0;0;0;0;0
092109;Monserrato;0;0;0;1;0;1;1;1;0;1;0;1;0;0;1;1;1;1;1;1;0;0;0;2;0;0;3;2;1;1;1;3;2;3;2;6;4;4;2;3;1;3;5;0;3;0;2;0;0;1;0;0;1;1;0;1;1;0;0;0;1;1;1;0;0;0;0;0;0;0;0;0;0;0;0;0;0;0;0;0;0;0;0;0;0;0;0;0;0;0;0;0;0;0;0;0;0;0;0;0;0
;Totale;18;32;20;18;16;13;15;17;21;15;8;10;23;7;15;13;15;12;7;12;10;9;17;8;35;42;40;46;57;57;54;76;61;82;69;65;72;62;65;71;54;67;72;62;43;52;37;48;37;44;31;38;21;35;26;16;11;15;11;8;7;12;13;11;4;5;3;4;2;2;6;0;1;5;2;4;0;2;0;1;2;1;1;0;0;0;1;0;0;0;0;0;1;2;0;0;0;0;0;0;0
Territorio/Età;;0;1;2;3;4;5;6;7;8;9;10;11;12;13;14;15;16;17;18;19;20;21;22;23;24;25;26;27;28;29;30;31;32;33;34;35;36;37;38;39;40;41;42;43;44;45;46;47;48;49;50;51;52;53;54;55;56;57;58;59;60;61;62;63;64;65;66;67;68;69;70;71;72;73;74;75;76;77;78;79;80;81;82;83;84;85;86;87;88;89;90;91;92;93;94;95;96;97;98;99;100
Codice comune;Comune;Femmine
092003;Assemini;0;1;3;2;0;0;3;1;2;1;0;0;2;0;0;0;0;2;2;0;0;1;2;3;2;1;2;5;3;5;2;6;3;3;2;5;1;6;2;3;0;1;2;2;0;0;2;0;1;1;1;0;0;0;0;0;0;0;0;1;0;1;0;0;0;0;0;0;0;0;0;1;0;0;0;0;1;0;0;0;0;0;0;0;0;0;0;0;0;0;0;0;0;0;0;0;0;0;0;0;0
092009;Cagliari;23;12;15;11;13;11;11;3;10;8;14;8;5;11;5;3;4;3;3;6;0;7;10;15;13;33;27;29;48;32;33;34;24;21;20;29;25;34;21;14;18;21;12;14;17;14;12;15;8;6;8;6;3;9;1;5;6;5;3;6;3;6;3;4;0;3;3;2;1;1;3;0;2;1;1;2;0;0;2;0;2;0;1;0;1;0;1;0;0;0;0;0;0;0;0;0;0;0;0;0;0
092011;Capoterra;0;1;0;4;2;1;1;1;0;1;0;0;1;2;1;4;2;0;0;4;0;2;1;0;0;4;2;0;3;2;5;2;9;6;2;1;3;5;6;6;4;5;3;0;1;4;4;0;2;2;0;0;0;3;0;0;0;0;1;0;1;0;1;1;1;2;0;0;0;0;0;0;0;0;0;0;0;0;0;1;0;0;0;1;0;0;0;0;0;0;0;0;0;0;0;0;0;0;0;0;0
092015;Decimomannu;0;0;0;0;0;0;1;0;0;0;0;0;0;0;0;0;0;0;0;0;0;0;0;0;2;0;1;0;0;1;1;0;0;2;0;0;0;0;0;1;0;0;0;0;0;0;0;0;0;0;0;0;0;0;0;0;0;0;0;0;1;0;0;0;0;0;0;0;0;1;0;0;0;0;0;0;0;0;0;0;0;0;0;0;0;0;0;0;0;0;0;0;0;0;0;0;0;0;0;0;0
092037;Maracalagonis;0;0;0;1;0;0;0;0;0;0;0;0;1;0;0;0;0;0;0;0;0;0;1;0;0;0;0;0;2;2;1;0;0;1;0;0;1;1;0;0;1;0;0;0;0;0;0;0;0;0;0;1;0;0;0;0;1;0;0;0;0;0;0;1;0;0;0;0;0;0;0;0;0;0;0;0;0;0;0;0;0;0;0;0;0;0;0;0;0;0;0;0;0;0;0;0;0;0;0;0;0
092050;Pula;1;0;0;0;0;0;0;2;0;1;0;1;0;1;1;1;1;0;0;0;1;0;0;1;1;0;2;3;3;1;3;1;4;0;3;5;1;4;2;2;1;1;2;2;0;2;1;1;0;0;1;0;1;0;0;0;0;2;0;1;0;0;0;3;0;0;0;1;1;0;0;0;0;0;0;0;0;0;0;0;0;0;0;0;0;0;0;0;0;0;0;0;0;0;0;0;0;0;0;0;0
092051;Quartu Sant'Elena;0;4;2;0;2;0;3;3;4;3;1;2;1;0;1;1;1;3;0;2;3;0;5;6;7;11;2;17;14;9;15;10;13;15;16;5;15;12;10;9;8;8;8;2;10;4;3;8;5;2;6;2;3;2;1;3;0;2;5;4;1;3;4;0;1;0;2;1;1;0;2;1;1;1;0;0;2;1;0;0;0;2;1;2;0;1;0;0;0;0;0;0;0;0;0;0;0;0;0;0;0
092066;Sarroch;0;0;0;0;0;1;0;0;0;0;0;0;0;0;0;0;0;0;0;0;0;0;0;0;1;0;1;0;1;2;1;0;0;0;0;2;0;2;0;0;2;0;1;0;1;0;0;0;0;0;2;0;5;0;0;0;1;0;0;0;1;0;0;0;0;0;0;0;0;0;0;0;0;0;0;0;0;0;0;0;0;0;0;0;0;0;0;0;0;0;0;0;0;0;0;0;0;0;0;0;0
092068;Selargius;0;1;0;2;0;0;1;0;0;1;1;0;1;0;1;2;0;1;0;1;0;0;2;1;3;1;3;6;7;6;4;9;1;2;3;2;2;2;1;2;1;2;0;0;0;0;1;0;0;0;1;1;1;0;1;0;0;0;0;0;0;1;0;1;0;1;0;0;0;0;0;0;0;0;0;0;0;0;0;0;0;0;0;0;0;0;0;0;0;0;0;0;0;0;0;0;0;0;0;0;0
092074;Sestu;0;0;0;1;2;0;0;0;0;1;2;1;0;0;0;0;0;0;0;0;0;1;0;0;2;2;1;3;3;2;0;3;3;2;1;0;1;1;0;1;2;1;2;0;0;0;0;1;1;1;0;2;0;0;0;0;0;0;0;0;1;0;0;0;0;0;0;0;0;0;0;0;1;0;0;0;0;0;0;0;0;0;0;0;0;0;0;0;0;0;0;0;0;0;0;0;0;0;0;0;0
092075;Settimo San Pietro;0;0;1;0;0;0;0;2;0;2;0;0;0;0;0;0;0;0;0;0;0;0;1;0;0;0;0;0;0;2;3;1;1;0;0;1;0;0;0;0;0;1;1;0;0;0;0;3;0;0;0;0;0;0;0;0;0;0;0;0;0;0;0;0;0;0;0;0;0;0;0;0;0;0;0;0;0;0;0;0;0;0;0;0;0;0;0;0;0;0;0;0;0;0;0;0;0;0;0;0;0
092080;Sinnai;1;1;0;0;0;1;0;0;0;2;1;0;1;0;1;1;0;1;0;5;0;1;1;0;1;0;1;0;1;7;0;0;3;0;4;2;2;0;0;2;2;0;0;0;2;2;2;0;0;1;1;0;0;1;1;0;0;0;0;0;1;0;0;0;0;0;2;0;0;0;0;0;0;0;0;0;0;0;0;0;1;0;0;0;0;0;0;0;0;0;0;0;0;0;0;0;0;0;0;0;0
092090;Uta;0;0;0;0;0;0;0;0;0;0;0;0;0;1;1;0;1;1;1;0;2;2;0;1;1;0;1;0;0;2;0;0;0;1;1;1;1;0;1;0;1;1;0;1;1;0;1;0;2;1;0;1;0;0;0;0;0;0;0;0;0;0;0;0;0;0;0;0;1;0;0;0;0;0;0;0;0;0;0;0;0;0;0;0;0;0;0;0;0;0;0;0;0;0;0;0;0;0;0;0;0
092099;Villa San Pietro;0;0;0;0;0;0;0;0;0;0;0;0;0;0;0;0;0;0;0;0;0;0;0;1;0;0;0;0;0;0;0;0;2;0;0;0;0;0;0;0;0;0;2;0;1;0;0;0;0;0;0;0;0;0;0;0;0;0;0;0;0;0;0;0;0;0;0;0;0;0;0;0;0;0;0;0;0;0;0;0;0;0;1;0;0;0;0;0;0;0;0;0;0;0;0;0;0;0;0;0;0
092105;Quartucciu;0;2;0;2;0;0;0;0;0;0;1;0;0;0;0;0;0;0;0;0;0;0;0;2;1;2;3;0;4;1;2;0;0;1;0;0;0;0;0;0;3;0;0;0;0;0;0;0;0;0;0;0;0;0;0;0;0;0;0;0;0;0;0;0;1;1;0;0;0;0;0;0;0;0;1;0;0;0;0;0;0;0;0;0;0;0;0;0;0;0;0;0;0;0;0;0;0;0;0;0;0
092108;Elmas;0;1;0;0;1;1;0;0;0;0;0;0;1;0;0;0;0;0;1;0;0;0;1;1;0;2;0;0;1;3;2;0;2;0;2;0;0;1;0;0;1;0;0;0;0;1;0;0;0;2;0;1;2;0;0;0;0;0;0;0;0;0;0;0;0;0;0;0;0;0;0;0;0;0;0;0;0;0;0;0;0;0;0;0;0;0;0;0;0;0;0;0;0;0;0;0;0;0;0;0;0
092109;Monserrato;0;0;1;0;0;0;2;0;0;1;1;0;2;0;0;1;0;0;0;0;0;0;0;0;0;0;3;5;1;3;0;4;6;3;1;0;0;0;1;0;1;1;3;1;0;1;1;0;1;1;0;0;0;1;1;0;0;0;0;0;1;0;0;0;0;0;0;0;0;0;0;0;0;0;0;0;0;0;0;0;0;0;0;0;0;0;0;0;0;0;0;0;0;0;0;0;0;0;0;0;0
;Totale;25;23;22;23;20;15;22;12;16;21;21;12;15;15;11;13;9;11;7;18;6;14;24;31;34;56;49;68;91;80;72;70;71;57;55;53;52;68;44;40;45;42;36;22;33;28;27;28;20;17;20;14;15;16;5;8;8;9;9;12;10;11;8;10;3;7;7;4;4;2;5;2;4;2;2;2;3;1;2;1;3;2;3;3;1;1;1;0;0;0;0;0;0;0;0;0;0;0;0;0;0

"Ricostruzione della popolazione intercensuaria - Popolazione al 1° gennaio per età"
"Cittadinanza straniera - Anno: 2005 - Provincia: Cagliari"
Territorio/Età;;0;1;2;3;4;5;6;7;8;9;10;11;12;13;14;15;16;17;18;19;20;21;22;23;24;25;26;27;28;29;30;31;32;33;34;35;36;37;38;39;40;41;42;43;44;45;46;47;48;49;50;51;52;53;54;55;56;57;58;59;60;61;62;63;64;65;66;67;68;69;70;71;72;73;74;75;76;77;78;79;80;81;82;83;84;85;86;87;88;89;90;91;92;93;94;95;96;97;98;99;100
Codice comune;Comune;Totale
092003;Assemini;5;5;2;3;2;0;1;3;2;3;5;2;0;3;2;0;2;0;1;2;1;0;4;5;5;2;8;3;13;9;9;9;7;5;5;4;8;5;10;4;7;1;5;5;6;2;3;1;1;2;4;2;0;0;1;2;1;0;0;1;2;0;1;1;0;0;0;0;0;1;0;0;1;0;0;0;0;1;0;0;0;2;0;0;0;0;0;0;0;0;0;0;0;0;0;0;0;0;0;0;0
092009;Cagliari;29;25;36;27;19;22;20;19;15;23;16;20;12;22;16;15;13;14;9;4;8;7;11;26;22;34;61;63;67;80;70;55;68;65;75;59;55;62;70;60;48;47;62;62;49;40;40;37;39;38;28;22;33;14;27;20;9;14;11;11;7;6;8;10;8;0;4;5;2;4;2;4;0;2;3;0;3;0;0;2;2;2;0;3;0;0;0;2;0;0;0;0;0;0;0;0;0;0;0;0;0
092011;Capoterra;1;0;1;1;4;2;1;2;1;1;2;0;0;1;2;0;3;3;0;5;3;3;3;2;1;2;9;5;3;4;5;4;6;11;10;6;9;7;7;11;10;7;12;5;2;2;5;7;2;6;4;2;0;3;8;0;0;1;1;3;1;1;1;3;1;1;1;0;0;0;0;0;0;0;0;0;0;0;0;0;0;0;0;0;1;0;0;0;0;0;0;0;0;0;0;0;0;0;0;0;0
092015;Decimomannu;0;0;0;0;0;0;0;1;0;0;0;0;0;0;0;0;0;0;1;1;0;0;0;0;0;4;2;2;4;2;4;3;2;0;2;0;1;3;0;0;2;0;0;1;2;0;0;1;0;0;0;0;0;0;0;0;0;0;0;0;0;1;0;0;0;0;0;0;0;0;1;0;0;0;0;0;0;0;0;0;0;0;0;0;0;0;0;0;0;0;0;0;0;0;0;0;0;0;0;0;0
092037;Maracalagonis;0;0;0;0;2;0;0;0;0;0;1;1;0;2;0;1;0;0;0;0;0;0;0;1;0;0;1;0;1;2;3;1;0;0;3;0;2;0;1;3;0;1;1;0;0;0;0;0;2;0;2;1;1;0;0;1;1;1;0;0;0;1;1;0;2;0;0;0;0;0;1;0;0;0;0;0;0;0;0;0;0;0;0;0;0;0;0;0;0;0;0;0;0;0;0;0;0;0;0;0;0
092050;Pula;4;2;2;0;1;3;1;0;3;1;1;1;2;2;2;1;2;2;0;0;2;2;1;0;0;2;1;2;5;5;7;3;5;5;1;2;6;2;6;7;5;1;2;3;4;1;2;1;2;1;0;2;0;1;0;1;0;1;3;1;1;0;0;0;5;0;1;0;2;1;0;1;0;0;0;1;0;0;0;0;0;0;0;0;0;1;0;0;0;0;0;0;0;0;0;0;0;0;0;0;0
092051;Quartu Sant'Elena;6;5;6;6;7;4;2;4;5;5;2;3;4;6;3;7;3;3;5;2;10;3;2;7;13;9;20;15;20;20;22;24;33;33;38;31;15;31;23;23;32;22;20;18;15;20;18;9;20;9;5;20;10;8;11;7;8;3;4;4;6;4;7;6;5;5;1;2;3;1;0;4;2;0;2;0;0;2;3;0;2;1;3;1;2;0;0;0;0;0;0;0;0;0;1;0;0;0;0;0;0
092066;Sarroch;1;0;0;1;0;0;1;0;1;0;0;0;0;0;0;0;0;0;0;0;0;1;0;1;1;1;0;0;2;1;4;3;4;2;2;0;2;0;2;0;1;2;0;1;0;1;1;1;0;0;0;4;0;6;0;0;2;3;0;0;0;2;0;1;0;0;2;0;0;0;0;0;0;0;3;1;0;0;0;0;0;0;0;0;0;0;0;0;0;0;0;0;0;0;0;0;0;0;0;0;0
092068;Selargius;5;1;3;1;2;0;0;1;1;0;2;1;0;2;0;1;3;1;1;2;1;3;4;4;4;5;1;1;9;13;10;3;10;5;7;4;7;3;4;4;4;8;5;2;3;4;1;2;4;1;2;2;5;2;0;2;0;1;0;0;0;0;1;0;1;1;2;0;0;0;0;0;0;0;0;0;1;0;0;0;0;0;0;0;0;0;0;0;0;0;0;0;0;0;0;0;0;0;0;0;0
092074;Sestu;0;0;1;2;1;3;2;0;0;0;1;2;1;0;0;0;0;0;0;0;1;0;3;0;0;6;1;4;4;2;4;1;5;3;4;1;0;1;4;1;2;1;2;3;0;0;2;1;2;1;2;0;2;1;0;0;0;0;1;0;0;1;0;0;0;0;0;0;0;0;0;0;0;1;0;0;0;0;0;0;0;0;0;0;0;0;0;0;0;0;0;0;0;0;0;0;0;0;0;0;0
092075;Settimo San Pietro;0;0;1;2;0;1;1;0;2;1;2;0;0;1;0;0;0;2;0;1;0;0;0;2;0;0;0;0;0;0;2;2;1;1;0;1;1;1;0;0;0;0;2;1;0;0;0;0;2;0;0;0;0;0;0;0;0;0;0;0;0;0;0;0;0;0;0;0;0;0;0;0;0;0;0;0;0;0;0;0;0;0;0;0;0;0;0;0;0;0;0;0;0;0;0;0;0;0;0;0;0
092080;Sinnai;3;1;0;0;0;1;0;3;0;2;3;3;0;2;0;2;0;0;3;0;4;0;1;1;2;0;1;4;2;1;9;5;4;3;1;4;0;2;1;2;7;5;1;1;4;4;3;6;2;1;1;1;0;0;3;1;0;0;0;1;1;0;0;0;0;0;0;2;0;0;0;0;0;0;0;0;0;0;0;0;0;1;0;0;0;0;0;0;0;0;0;0;0;0;0;0;0;0;0;0;0
092090;Uta;2;2;2;2;1;0;0;1;0;0;2;2;0;1;1;2;0;2;3;3;3;2;2;0;3;1;1;2;0;5;3;1;2;1;2;3;1;2;2;1;1;5;4;0;1;4;2;3;0;3;3;1;1;1;1;2;0;1;0;1;0;0;0;0;0;0;0;0;0;1;0;0;0;1;0;0;0;0;0;0;0;0;0;0;0;0;0;0;0;0;0;0;0;0;0;0;0;0;0;0;0
092099;Villa San Pietro;0;0;0;1;1;0;0;0;0;0;0;0;0;0;0;0;0;0;0;0;0;1;0;1;1;0;0;0;0;1;0;0;1;2;0;1;0;1;0;0;0;0;1;2;0;1;0;0;0;0;1;1;0;0;0;0;0;0;0;0;0;0;0;0;0;0;0;0;0;0;0;0;0;0;0;0;0;0;0;0;0;0;0;2;0;0;0;0;0;0;0;0;0;0;0;0;0;0;0;0;0
092105;Quartucciu;0;0;1;0;1;0;0;0;0;1;0;2;0;1;0;0;0;0;0;0;1;2;0;0;0;1;2;4;1;3;3;2;2;0;2;0;1;3;1;1;0;2;1;0;1;0;0;0;0;0;0;0;1;0;1;2;0;1;0;0;0;0;0;0;0;2;1;1;0;0;0;1;0;0;0;1;0;0;0;0;0;0;0;0;0;0;0;0;0;0;0;0;0;0;0;0;0;0;0;0;0
092108;Elmas;0;0;1;0;0;2;1;1;0;2;0;0;2;2;0;0;0;0;0;1;1;0;0;2;0;1;1;1;1;7;4;4;1;5;4;3;1;3;1;0;1;2;1;1;0;3;2;0;1;0;3;1;0;2;2;0;1;0;1;1;1;0;0;0;0;0;0;0;0;0;0;0;0;0;0;0;0;0;0;0;0;0;0;0;0;0;0;0;0;0;0;0;0;0;0;0;0;0;0;0;0
092109;Monserrato;1;0;0;1;1;0;1;3;2;0;3;1;2;2;0;2;2;1;2;1;2;0;0;0;2;0;1;7;9;2;5;1;9;8;6;5;4;3;3;3;2;1;4;5;1;2;1;3;0;1;2;0;0;0;1;1;2;0;0;0;1;2;1;1;0;0;0;0;0;0;0;0;0;0;0;1;0;0;0;0;0;0;0;0;0;0;0;0;0;0;0;0;0;0;0;0;0;0;0;0;0
;Totale;57;41;56;47;42;38;31;38;32;39;40;38;23;47;26;31;28;28;25;22;37;24;31;52;54;68;110;113;141;157;164;121;160;149;162;124;113;129;135;120;122;105;123;110;88;84;80;72;77;63;57;59;53;38;55;39;24;26;21;23;20;18;20;22;22;9;12;10;7;8;4;10;3;4;8;4;4;3;3;2;4;6;3;6;3;1;0;2;0;0;0;0;0;0;1;0;0;0;0;0;0
Territorio/Età;;0;1;2;3;4;5;6;7;8;9;10;11;12;13;14;15;16;17;18;19;20;21;22;23;24;25;26;27;28;29;30;31;32;33;34;35;36;37;38;39;40;41;42;43;44;45;46;47;48;49;50;51;52;53;54;55;56;57;58;59;60;61;62;63;64;65;66;67;68;69;70;71;72;73;74;75;76;77;78;79;80;81;82;83;84;85;86;87;88;89;90;91;92;93;94;95;96;97;98;99;100
Codice comune;Comune;Maschi
092003;Assemini;2;3;0;0;0;0;1;0;1;1;4;2;0;1;2;0;2;0;0;0;1;0;1;0;1;0;5;0;7;3;3;6;2;1;2;2;4;4;3;1;3;0;4;4;4;1;3;0;1;1;3;1;0;0;1;1;0;0;0;0;1;0;0;1;0;0;0;0;0;1;0;0;0;0;0;0;0;0;0;0;0;2;0;0;0;0;0;0;0;0;0;0;0;0;0;0;0;0;0;0;0
092009;Cagliari;9;5;25;11;8;10;8;9;11;14;5;5;3;16;2;8;9;9;3;0;3;5;2;12;3;15;22;33;28;33;33;23;28;37;49;40;29;37;38;38;34;28;39;46;33;22;24;20;23;23;21;10;24;7;17;15;7;7;5;6;2;2;4;4;4;0;2;2;1;1;1;2;0;0;3;0;2;0;0;0;1;0;0;1;0;0;0;1;0;0;0;0;0;0;0;0;0;0;0;0;0
092011;Capoterra;0;0;0;1;0;0;0;1;0;0;2;0;0;1;0;0;0;2;0;4;2;3;2;0;1;1;3;0;1;1;2;1;4;2;4;5;5;3;2;6;4;3;6;1;2;0;1;3;1;4;1;2;0;3;4;0;0;0;1;1;1;0;1;2;1;0;1;0;0;0;0;0;0;0;0;0;0;0;0;0;0;0;0;0;0;0;0;0;0;0;0;0;0;0;0;0;0;0;0;0;0
092015;Decimomannu;0;0;0;0;0;0;0;0;0;0;0;0;0;0;0;0;0;0;1;1;0;0;0;0;0;3;1;0;4;2;2;2;2;0;0;0;1;3;0;0;1;0;0;1;2;0;0;1;0;0;0;0;0;0;0;0;0;0;0;0;0;0;0;0;0;0;0;0;0;0;0;0;0;0;0;0;0;0;0;0;0;0;0;0;0;0;0;0;0;0;0;0;0;0;0;0;0;0;0;0;0
092037;Maracalagonis;0;0;0;0;0;0;0;0;0;0;1;1;0;1;0;1;0;0;0;0;0;0;0;0;0;0;1;0;1;0;1;1;0;0;0;0;2;0;0;3;0;0;1;0;0;0;0;0;2;0;1;1;0;0;0;1;1;0;0;0;0;1;1;0;1;0;0;0;0;0;1;0;0;0;0;0;0;0;0;0;0;0;0;0;0;0;0;0;0;0;0;0;0;0;0;0;0;0;0;0;0
092050;Pula;3;1;2;0;1;3;1;0;0;0;0;1;1;2;1;0;1;2;0;0;1;0;1;0;0;1;1;0;2;1;4;0;4;1;0;0;2;2;2;5;3;0;1;2;2;1;1;0;1;1;0;1;0;0;0;1;0;1;0;1;0;0;0;0;2;0;1;0;1;0;0;1;0;0;0;1;0;0;0;0;0;0;0;0;0;0;0;0;0;0;0;0;0;0;0;0;0;0;0;0;0
092051;Quartu Sant'Elena;5;5;2;2;7;0;1;1;2;1;0;2;2;5;1;5;2;2;2;1;6;0;2;2;0;2;9;3;3;7;11;10;20;12;21;13;10;16;9;13;21;14;12;9;12;9;15;9;11;5;4;13;9;6;9;6;4;2;2;0;3;3;3;2;5;3;1;0;2;0;0;2;1;0;1;0;0;0;2;0;1;0;1;0;0;0;0;0;0;0;0;0;0;0;1;0;0;0;0;0;0
092066;Sarroch;0;0;0;1;0;0;0;0;1;0;0;0;0;0;0;0;0;0;0;0;0;1;0;0;0;0;0;0;1;0;1;2;4;1;2;0;0;0;0;0;0;0;0;0;0;0;1;0;0;0;0;1;0;0;0;0;2;2;0;0;0;1;0;1;0;0;0;0;0;0;0;0;0;0;3;1;0;0;0;0;0;0;0;0;0;0;0;0;0;0;0;0;0;0;0;0;0;0;0;0;0
092068;Selargius;3;1;2;1;0;0;0;0;1;0;1;0;0;1;0;0;0;0;0;1;0;2;3;1;2;2;0;0;3;3;4;0;1;3;4;2;2;2;1;2;3;6;3;2;2;4;0;1;3;1;2;1;4;1;0;1;0;0;0;0;0;0;0;0;0;1;1;0;0;0;0;0;0;0;0;0;0;0;0;0;0;0;0;0;0;0;0;0;0;0;0;0;0;0;0;0;0;0;0;0;0
092074;Sestu;0;0;1;2;0;0;2;0;0;0;0;0;0;0;0;0;0;0;0;0;0;0;0;0;0;3;0;2;1;0;1;1;3;1;1;1;0;0;2;1;1;0;0;1;0;0;2;1;1;0;1;0;0;1;0;0;0;0;1;0;0;0;0;0;0;0;0;0;0;0;0;0;0;0;0;0;0;0;0;0;0;0;0;0;0;0;0;0;0;0;0;0;0;0;0;0;0;0;0;0;0
092075;Settimo San Pietro;0;0;1;1;0;1;1;0;0;1;0;0;0;1;0;0;0;2;0;0;0;0;0;0;0;0;0;0;0;0;0;1;0;1;0;0;0;1;0;0;0;0;1;0;0;0;0;0;0;0;0;0;0;0;0;0;0;0;0;0;0;0;0;0;0;0;0;0;0;0;0;0;0;0;0;0;0;0;0;0;0;0;0;0;0;0;0;0;0;0;0;0;0;0;0;0;0;0;0;0;0
092080;Sinnai;2;0;0;0;0;1;0;3;0;2;1;2;0;0;0;1;0;0;2;0;0;0;0;0;2;0;0;3;2;1;2;5;4;1;1;3;0;0;1;2;4;3;1;1;4;2;2;3;2;0;0;0;0;0;2;0;0;0;0;1;1;0;0;0;0;0;0;0;0;0;0;0;0;0;0;0;0;0;0;0;0;0;0;0;0;0;0;0;0;0;0;0;0;0;0;0;0;0;0;0;0
092090;Uta;2;1;2;2;1;0;0;1;0;0;2;2;0;1;1;1;0;1;1;2;3;0;0;0;2;1;1;1;0;4;0;0;2;1;1;1;1;1;2;1;1;4;3;0;0;1;2;2;0;1;2;1;0;1;1;2;0;1;0;1;0;0;0;0;0;0;0;0;0;0;0;0;0;1;0;0;0;0;0;0;0;0;0;0;0;0;0;0;0;0;0;0;0;0;0;0;0;0;0;0;0
092099;Villa San Pietro;0;0;0;1;1;0;0;0;0;0;0;0;0;0;0;0;0;0;0;0;0;1;0;1;0;0;0;0;0;1;0;0;1;1;0;0;0;1;0;0;0;0;1;0;0;0;0;0;0;0;1;1;0;0;0;0;0;0;0;0;0;0;0;0;0;0;0;0;0;0;0;0;0;0;0;0;0;0;0;0;0;0;0;0;0;0;0;0;0;0;0;0;0;0;0;0;0;0;0;0;0
092105;Quartucciu;0;0;0;0;0;0;0;0;0;1;0;1;0;1;0;0;0;0;0;0;0;2;0;0;0;0;0;0;0;0;1;0;2;0;1;0;1;2;1;0;0;1;1;0;1;0;0;0;0;0;0;0;1;0;1;1;0;1;0;0;0;0;0;0;0;1;0;1;0;0;0;1;0;0;0;0;0;0;0;0;0;0;0;0;0;0;0;0;0;0;0;0;0;0;0;0;0;0;0;0;0
092108;Elmas;0;0;0;0;0;1;0;1;0;2;0;0;2;1;0;0;0;0;0;0;0;0;0;0;0;1;0;0;1;4;1;1;0;2;3;2;1;2;0;0;1;1;1;1;0;2;0;0;1;0;1;1;0;0;1;0;1;0;1;1;1;0;0;0;0;0;0;0;0;0;0;0;0;0;0;0;0;0;0;0;0;0;0;0;0;0;0;0;0;0;0;0;0;0;0;0;0;0;0;0;0
092109;Monserrato;0;0;0;0;1;0;1;1;2;0;2;0;2;0;0;1;1;1;2;1;2;0;0;0;2;0;1;3;2;1;1;0;3;3;3;2;4;3;2;2;2;1;3;2;0;2;0;2;0;0;1;0;0;0;1;0;2;0;0;0;1;1;1;1;0;0;0;0;0;0;0;0;0;0;0;0;0;0;0;0;0;0;0;0;0;0;0;0;0;0;0;0;0;0;0;0;0;0;0;0;0
;Totale;26;16;35;22;19;16;15;17;18;22;18;16;10;31;7;17;15;19;11;10;18;14;11;16;13;29;44;45;56;61;67;53;80;67;92;71;62;77;63;74;78;61;77;70;62;44;51;42;46;36;38;33;38;19;37;28;17;14;10;11;10;8;10;11;13;5;6;3;4;2;2;6;1;1;7;2;2;0;2;0;2;2;1;1;0;0;0;1;0;0;0;0;0;0;1;0;0;0;0;0;0
Territorio/Età;;0;1;2;3;4;5;6;7;8;9;10;11;12;13;14;15;16;17;18;19;20;21;22;23;24;25;26;27;28;29;30;31;32;33;34;35;36;37;38;39;40;41;42;43;44;45;46;47;48;49;50;51;52;53;54;55;56;57;58;59;60;61;62;63;64;65;66;67;68;69;70;71;72;73;74;75;76;77;78;79;80;81;82;83;84;85;86;87;88;89;90;91;92;93;94;95;96;97;98;99;100
Codice comune;Comune;Femmine
092003;Assemini;3;2;2;3;2;0;0;3;1;2;1;0;0;2;0;0;0;0;1;2;0;0;3;5;4;2;3;3;6;6;6;3;5;4;3;2;4;1;7;3;4;1;1;1;2;1;0;1;0;1;1;1;0;0;0;1;1;0;0;1;1;0;1;0;0;0;0;0;0;0;0;0;1;0;0;0;0;1;0;0;0;0;0;0;0;0;0;0;0;0;0;0;0;0;0;0;0;0;0;0;0
092009;Cagliari;20;20;11;16;11;12;12;10;4;9;11;15;9;6;14;7;4;5;6;4;5;2;9;14;19;19;39;30;39;47;37;32;40;28;26;19;26;25;32;22;14;19;23;16;16;18;16;17;16;15;7;12;9;7;10;5;2;7;6;5;5;4;4;6;4;0;2;3;1;3;1;2;0;2;0;0;1;0;0;2;1;2;0;2;0;0;0;1;0;0;0;0;0;0;0;0;0;0;0;0;0
092011;Capoterra;1;0;1;0;4;2;1;1;1;1;0;0;0;0;2;0;3;1;0;1;1;0;1;2;0;1;6;5;2;3;3;3;2;9;6;1;4;4;5;5;6;4;6;4;0;2;4;4;1;2;3;0;0;0;4;0;0;1;0;2;0;1;0;1;0;1;0;0;0;0;0;0;0;0;0;0;0;0;0;0;0;0;0;0;1;0;0;0;0;0;0;0;0;0;0;0;0;0;0;0;0
092015;Decimomannu;0;0;0;0;0;0;0;1;0;0;0;0;0;0;0;0;0;0;0;0;0;0;0;0;0;1;1;2;0;0;2;1;0;0;2;0;0;0;0;0;1;0;0;0;0;0;0;0;0;0;0;0;0;0;0;0;0;0;0;0;0;1;0;0;0;0;0;0;0;0;1;0;0;0;0;0;0;0;0;0;0;0;0;0;0;0;0;0;0;0;0;0;0;0;0;0;0;0;0;0;0
092037;Maracalagonis;0;0;0;0;2;0;0;0;0;0;0;0;0;1;0;0;0;0;0;0;0;0;0;1;0;0;0;0;0;2;2;0;0;0;3;0;0;0;1;0;0;1;0;0;0;0;0;0;0;0;1;0;1;0;0;0;0;1;0;0;0;0;0;0;1;0;0;0;0;0;0;0;0;0;0;0;0;0;0;0;0;0;0;0;0;0;0;0;0;0;0;0;0;0;0;0;0;0;0;0;0
092050;Pula;1;1;0;0;0;0;0;0;3;1;1;0;1;0;1;1;1;0;0;0;1;2;0;0;0;1;0;2;3;4;3;3;1;4;1;2;4;0;4;2;2;1;1;1;2;0;1;1;1;0;0;1;0;1;0;0;0;0;3;0;1;0;0;0;3;0;0;0;1;1;0;0;0;0;0;0;0;0;0;0;0;0;0;0;0;1;0;0;0;0;0;0;0;0;0;0;0;0;0;0;0
092051;Quartu Sant'Elena;1;0;4;4;0;4;1;3;3;4;2;1;2;1;2;2;1;1;3;1;4;3;0;5;13;7;11;12;17;13;11;14;13;21;17;18;5;15;14;10;11;8;8;9;3;11;3;0;9;4;1;7;1;2;2;1;4;1;2;4;3;1;4;4;0;2;0;2;1;1;0;2;1;0;1;0;0;2;1;0;1;1;2;1;2;0;0;0;0;0;0;0;0;0;0;0;0;0;0;0;0
092066;Sarroch;1;0;0;0;0;0;1;0;0;0;0;0;0;0;0;0;0;0;0;0;0;0;0;1;1;1;0;0;1;1;3;1;0;1;0;0;2;0;2;0;1;2;0;1;0;1;0;1;0;0;0;3;0;6;0;0;0;1;0;0;0;1;0;0;0;0;2;0;0;0;0;0;0;0;0;0;0;0;0;0;0;0;0;0;0;0;0;0;0;0;0;0;0;0;0;0;0;0;0;0;0
092068;Selargius;2;0;1;0;2;0;0;1;0;0;1;1;0;1;0;1;3;1;1;1;1;1;1;3;2;3;1;1;6;10;6;3;9;2;3;2;5;1;3;2;1;2;2;0;1;0;1;1;1;0;0;1;1;1;0;1;0;1;0;0;0;0;1;0;1;0;1;0;0;0;0;0;0;0;0;0;1;0;0;0;0;0;0;0;0;0;0;0;0;0;0;0;0;0;0;0;0;0;0;0;0
092074;Sestu;0;0;0;0;1;3;0;0;0;0;1;2;1;0;0;0;0;0;0;0;1;0;3;0;0;3;1;2;3;2;3;0;2;2;3;0;0;1;2;0;1;1;2;2;0;0;0;0;1;1;1;0;2;0;0;0;0;0;0;0;0;1;0;0;0;0;0;0;0;0;0;0;0;1;0;0;0;0;0;0;0;0;0;0;0;0;0;0;0;0;0;0;0;0;0;0;0;0;0;0;0
092075;Settimo San Pietro;0;0;0;1;0;0;0;0;2;0;2;0;0;0;0;0;0;0;0;1;0;0;0;2;0;0;0;0;0;0;2;1;1;0;0;1;1;0;0;0;0;0;1;1;0;0;0;0;2;0;0;0;0;0;0;0;0;0;0;0;0;0;0;0;0;0;0;0;0;0;0;0;0;0;0;0;0;0;0;0;0;0;0;0;0;0;0;0;0;0;0;0;0;0;0;0;0;0;0;0;0
092080;Sinnai;1;1;0;0;0;0;0;0;0;0;2;1;0;2;0;1;0;0;1;0;4;0;1;1;0;0;1;1;0;0;7;0;0;2;0;1;0;2;0;0;3;2;0;0;0;2;1;3;0;1;1;1;0;0;1;1;0;0;0;0;0;0;0;0;0;0;0;2;0;0;0;0;0;0;0;0;0;0;0;0;0;1;0;0;0;0;0;0;0;0;0;0;0;0;0;0;0;0;0;0;0
092090;Uta;0;1;0;0;0;0;0;0;0;0;0;0;0;0;0;1;0;1;2;1;0;2;2;0;1;0;0;1;0;1;3;1;0;0;1;2;0;1;0;0;0;1;1;0;1;3;0;1;0;2;1;0;1;0;0;0;0;0;0;0;0;0;0;0;0;0;0;0;0;1;0;0;0;0;0;0;0;0;0;0;0;0;0;0;0;0;0;0;0;0;0;0;0;0;0;0;0;0;0;0;0
092099;Villa San Pietro;0;0;0;0;0;0;0;0;0;0;0;0;0;0;0;0;0;0;0;0;0;0;0;0;1;0;0;0;0;0;0;0;0;1;0;1;0;0;0;0;0;0;0;2;0;1;0;0;0;0;0;0;0;0;0;0;0;0;0;0;0;0;0;0;0;0;0;0;0;0;0;0;0;0;0;0;0;0;0;0;0;0;0;2;0;0;0;0;0;0;0;0;0;0;0;0;0;0;0;0;0
092105;Quartucciu;0;0;1;0;1;0;0;0;0;0;0;1;0;0;0;0;0;0;0;0;1;0;0;0;0;1;2;4;1;3;2;2;0;0;1;0;0;1;0;1;0;1;0;0;0;0;0;0;0;0;0;0;0;0;0;1;0;0;0;0;0;0;0;0;0;1;1;0;0;0;0;0;0;0;0;1;0;0;0;0;0;0;0;0;0;0;0;0;0;0;0;0;0;0;0;0;0;0;0;0;0
092108;Elmas;0;0;1;0;0;1;1;0;0;0;0;0;0;1;0;0;0;0;0;1;1;0;0;2;0;0;1;1;0;3;3;3;1;3;1;1;0;1;1;0;0;1;0;0;0;1;2;0;0;0;2;0;0;2;1;0;0;0;0;0;0;0;0;0;0;0;0;0;0;0;0;0;0;0;0;0;0;0;0;0;0;0;0;0;0;0;0;0;0;0;0;0;0;0;0;0;0;0;0;0;0
092109;Monserrato;1;0;0;1;0;0;0;2;0;0;1;1;0;2;0;1;1;0;0;0;0;0;0;0;0;0;0;4;7;1;4;1;6;5;3;3;0;0;1;1;0;0;1;3;1;0;1;1;0;1;1;0;0;0;0;1;0;0;0;0;0;1;0;0;0;0;0;0;0;0;0;0;0;0;0;1;0;0;0;0;0;0;0;0;0;0;0;0;0;0;0;0;0;0;0;0;0;0;0;0;0
;Totale;31;25;21;25;23;22;16;21;14;17;22;22;13;16;19;14;13;9;14;12;19;10;20;36;41;39;66;68;85;96;97;68;80;82;70;53;51;52;72;46;44;44;46;40;26;40;29;30;31;27;19;26;15;19;18;11;7;12;11;12;10;10;10;11;9;4;6;7;3;6;2;4;2;3;1;2;2;3;1;2;2;4;2;5;3;1;0;1;0;0;0;0;0;0;0;0;0;0;0;0;0

"Ricostruzione della popolazione intercensuaria - Popolazione al 1° gennaio per età"
"Cittadinanza straniera - Anno: 2006 - Provincia: Cagliari"
Territorio/Età;;0;1;2;3;4;5;6;7;8;9;10;11;12;13;14;15;16;17;18;19;20;21;22;23;24;25;26;27;28;29;30;31;32;33;34;35;36;37;38;39;40;41;42;43;44;45;46;47;48;49;50;51;52;53;54;55;56;57;58;59;60;61;62;63;64;65;66;67;68;69;70;71;72;73;74;75;76;77;78;79;80;81;82;83;84;85;86;87;88;89;90;91;92;93;94;95;96;97;98;99;100
Codice comune;Comune;Totale
092003;Assemini;6;4;5;5;4;4;0;2;4;4;3;5;2;0;4;2;0;2;2;2;4;2;1;5;5;4;0;10;4;14;11;10;10;8;8;4;4;7;6;10;7;5;2;6;4;7;4;3;3;1;3;4;3;1;0;1;4;1;0;0;0;1;1;1;1;0;0;1;0;1;1;1;0;1;0;0;0;0;1;0;0;0;1;0;0;0;0;0;0;0;0;0;0;0;0;0;0;0;0;0;0
092009;Cagliari;28;28;28;36;30;20;23;21;23;20;32;23;26;21;29;24;19;19;21;13;6;7;11;18;20;33;47;69;73;71;86;80;77;68;71;85;62;61;66;81;65;53;55;60;65;48;40;45;37;46;41;32;28;32;21;25;19;7;15;11;10;9;7;9;11;9;1;4;5;2;3;2;2;0;2;4;0;4;0;0;2;2;2;0;4;0;0;0;1;0;0;0;0;0;0;0;0;0;0;0;0
092011;Capoterra;2;1;0;0;2;2;2;2;2;0;2;1;0;0;2;3;0;4;3;0;5;3;4;4;2;1;5;6;7;6;6;6;5;5;9;10;6;8;4;9;9;10;7;12;6;2;1;4;6;1;6;1;2;2;2;6;1;1;1;1;4;1;1;2;3;1;0;1;0;0;0;0;0;0;0;0;0;0;0;0;0;0;0;0;0;1;0;0;0;0;0;0;0;0;0;0;0;0;0;0;0
092015;Decimomannu;1;0;0;0;0;0;0;0;1;0;0;0;0;0;0;0;0;1;0;1;1;0;0;0;0;0;4;2;3;5;3;4;3;2;0;3;0;0;3;0;0;3;0;0;1;2;0;1;3;1;0;0;0;0;0;0;0;0;0;0;0;0;1;0;0;0;0;0;0;0;0;1;0;0;0;0;0;0;0;0;0;0;0;0;0;0;0;0;0;0;0;0;0;0;0;0;0;0;0;0;0
092037;Maracalagonis;0;0;0;0;0;1;0;1;0;1;0;1;1;0;2;1;1;0;0;0;0;1;0;0;1;0;0;0;0;0;3;3;0;1;1;2;0;1;0;1;3;1;1;1;0;0;0;0;0;1;0;2;0;1;0;0;1;1;1;0;0;0;1;1;0;2;0;0;0;0;0;1;0;0;0;0;0;0;0;0;0;0;0;0;0;0;0;0;0;0;0;0;0;0;0;0;0;0;0;0;0
092050;Pula;2;4;2;2;0;2;3;1;0;3;1;1;2;2;2;1;1;2;2;1;0;1;2;2;1;0;1;1;3;5;6;6;6;5;5;2;3;6;2;4;7;4;1;3;3;5;1;2;1;3;1;0;2;3;1;0;2;2;1;3;1;3;0;0;0;5;1;1;0;2;1;0;1;0;0;0;1;0;0;1;1;0;0;0;0;0;1;0;0;0;0;0;0;0;0;0;0;0;0;0;0
092051;Quartu Sant'Elena;5;8;6;4;6;8;5;3;4;5;7;3;2;4;3;2;10;6;8;3;5;11;8;3;16;14;17;25;18;28;21;27;27;35;34;39;33;16;29;25;23;34;26;23;17;15;23;18;11;20;13;9;23;11;8;12;8;8;4;4;6;6;5;6;6;5;6;2;2;3;0;1;5;2;0;2;0;0;2;4;0;3;1;2;0;1;0;0;0;0;0;0;0;0;0;1;0;0;0;0;0
092066;Sarroch;0;1;0;0;1;0;0;1;0;1;0;0;0;1;0;0;0;0;0;0;0;0;1;0;1;0;2;1;2;2;1;4;3;4;1;1;0;2;0;2;0;1;2;0;1;0;1;1;1;0;0;0;2;0;6;0;0;1;3;1;0;0;3;0;0;1;0;2;0;0;0;0;0;0;0;4;2;0;0;0;0;0;0;0;0;0;0;0;0;0;0;0;0;0;0;0;0;0;0;0;0
092068;Selargius;5;4;1;3;1;2;0;0;1;1;1;2;1;0;2;0;0;3;1;1;2;1;2;3;4;2;4;2;2;10;14;12;3;9;6;13;6;7;3;6;5;4;8;5;4;1;4;4;2;4;1;1;2;3;2;1;2;1;1;0;1;1;0;1;0;0;1;2;0;0;0;0;0;0;0;0;0;1;0;0;0;0;0;0;0;0;0;0;0;0;0;0;0;0;0;0;0;0;0;0;0
092074;Sestu;1;0;0;2;2;2;3;1;1;0;0;0;1;1;1;0;1;0;1;0;0;1;1;3;1;0;5;0;2;6;3;4;1;4;2;5;2;0;2;3;3;4;1;2;1;0;0;1;2;2;1;0;0;1;1;0;0;0;0;1;0;1;2;0;0;0;0;0;0;0;0;0;0;0;1;0;0;0;0;0;0;0;0;0;0;0;0;0;0;0;0;0;0;0;0;0;0;0;0;0;0
092075;Settimo San Pietro;0;0;0;1;2;0;1;1;0;2;1;2;0;0;1;0;0;0;2;0;1;1;0;0;4;0;0;0;0;2;0;2;1;3;1;0;1;1;1;0;0;0;0;2;1;0;1;0;1;2;0;0;0;0;0;0;0;1;0;0;0;0;0;0;0;0;0;0;0;0;0;0;0;0;0;0;0;0;0;0;0;0;0;0;0;0;0;0;0;0;0;0;0;0;0;0;0;0;0;0;0
092080;Sinnai;2;2;1;0;1;0;0;1;4;0;0;2;3;0;0;0;2;0;0;3;0;6;0;1;0;0;0;3;3;3;2;9;5;4;2;5;4;0;3;2;2;7;6;2;1;4;1;3;7;2;1;2;0;0;1;3;1;0;0;0;1;1;1;0;0;0;0;0;1;0;0;0;0;0;0;0;0;0;0;0;0;1;1;0;0;0;0;0;0;0;0;0;0;0;0;0;0;0;0;0;0
092090;Uta;3;4;4;4;2;1;2;0;2;0;0;3;2;2;1;1;2;0;5;4;3;3;3;3;2;3;0;1;3;3;7;7;0;4;2;2;4;1;3;2;1;0;5;4;0;2;5;2;5;0;3;3;1;1;1;2;2;0;1;0;1;0;0;0;0;0;0;0;0;0;1;0;0;0;1;0;0;0;0;0;0;0;0;0;0;0;0;0;0;0;0;0;0;0;0;0;0;0;0;0;0
092099;Villa San Pietro;1;0;0;0;1;1;0;0;0;0;0;0;0;0;0;0;1;0;0;0;0;0;1;0;1;1;0;0;0;1;1;0;0;1;2;0;1;0;1;0;0;0;0;4;2;0;1;0;0;0;0;1;1;0;0;0;0;0;0;0;0;0;0;0;0;0;0;0;0;0;0;0;0;0;0;0;0;0;0;0;0;0;0;0;2;0;0;0;0;0;0;0;0;0;0;0;0;0;0;0;0
092105;Quartucciu;1;0;0;1;1;0;0;0;0;0;1;0;2;1;2;0;1;0;0;0;0;2;2;1;1;1;1;3;8;2;7;2;4;1;1;1;0;1;4;2;2;0;2;1;3;1;0;0;0;0;0;0;0;0;0;0;2;0;1;0;0;0;0;0;0;0;3;1;0;0;0;0;1;0;0;0;1;0;0;0;0;0;0;0;0;0;0;0;0;0;0;0;0;0;0;0;0;0;0;0;0
092108;Elmas;2;0;0;0;0;0;3;2;1;0;2;0;1;2;2;0;0;0;1;0;2;2;0;2;2;0;0;1;2;0;5;3;6;1;4;3;3;3;6;4;0;3;2;1;1;0;3;3;0;2;1;3;1;0;3;2;1;1;1;1;1;1;0;0;0;0;0;0;0;0;0;0;0;0;0;0;0;0;0;0;0;0;0;0;0;0;0;0;0;0;0;0;0;0;0;0;0;0;0;0;0
092109;Monserrato;4;1;1;0;1;3;0;3;4;3;0;3;1;2;2;0;2;1;2;3;0;4;0;0;0;0;0;2;12;10;6;8;4;10;7;5;5;4;3;3;4;2;2;5;5;2;2;1;3;0;2;2;0;0;0;1;1;3;0;0;1;1;2;1;1;0;0;0;1;0;0;0;0;0;0;0;1;0;0;0;0;0;0;0;1;0;0;0;0;0;0;0;0;0;0;0;0;0;0;0;0
;Totale;63;57;48;58;54;46;42;39;47;40;50;46;44;36;53;34;40;38;48;31;29;45;36;45;61;59;86;126;142;168;182;187;155;165;156;180;134;118;136;154;131;131;120;131;115;89;87;88;82;85;73;60;65;55;46;53;44;27;29;22;26;25;24;21;22;23;12;14;9;8;6;6;9;3;4;10;5;5;3;5;3;6;5;2;7;2;1;0;1;0;0;0;0;0;0;1;0;0;0;0;0
Territorio/Età;;0;1;2;3;4;5;6;7;8;9;10;11;12;13;14;15;16;17;18;19;20;21;22;23;24;25;26;27;28;29;30;31;32;33;34;35;36;37;38;39;40;41;42;43;44;45;46;47;48;49;50;51;52;53;54;55;56;57;58;59;60;61;62;63;64;65;66;67;68;69;70;71;72;73;74;75;76;77;78;79;80;81;82;83;84;85;86;87;88;89;90;91;92;93;94;95;96;97;98;99;100
Codice comune;Comune;Maschi
092003;Assemini;4;2;3;0;2;2;0;2;0;3;1;3;2;0;2;2;0;2;2;0;0;2;1;3;0;0;0;3;0;7;3;3;5;1;0;2;2;3;2;2;3;1;0;4;2;5;1;3;1;1;1;3;2;1;0;1;3;0;0;0;0;0;1;0;1;0;0;0;0;0;1;1;0;0;0;0;0;0;0;0;0;0;1;0;0;0;0;0;0;0;0;0;0;0;0;0;0;0;0;0;0
092009;Cagliari;12;9;6;25;12;8;9;10;12;15;19;11;7;10;20;9;9;11;12;6;3;0;3;6;4;5;21;25;31;32;36;37;33;33;39;54;42;31;37;45;40;38;31;37;46;35;26;29;21;23;22;23;13;21;8;15;13;6;6;3;6;1;3;5;6;5;0;2;2;1;0;1;0;0;0;3;0;3;0;0;0;1;0;0;1;0;0;0;1;0;0;0;0;0;0;0;0;0;0;0;0
092011;Capoterra;1;0;0;0;2;0;0;1;1;0;0;1;0;0;1;0;0;1;3;0;4;2;3;2;0;1;1;1;0;3;2;2;1;3;1;3;3;6;2;3;5;3;3;6;2;2;0;0;2;0;4;0;2;2;2;3;0;1;0;1;2;1;0;2;2;1;0;1;0;0;0;0;0;0;0;0;0;0;0;0;0;0;0;0;0;0;0;0;0;0;0;0;0;0;0;0;0;0;0;0;0
092015;Decimomannu;1;0;0;0;0;0;0;0;0;0;0;0;0;0;0;0;0;1;0;1;1;0;0;0;0;0;3;1;0;5;3;2;2;2;0;1;0;0;3;0;0;1;0;0;1;2;0;0;2;0;0;0;0;0;0;0;0;0;0;0;0;0;0;0;0;0;0;0;0;0;0;0;0;0;0;0;0;0;0;0;0;0;0;0;0;0;0;0;0;0;0;0;0;0;0;0;0;0;0;0;0
092037;Maracalagonis;0;0;0;0;0;0;0;0;0;1;0;1;1;0;1;1;1;0;0;0;0;1;0;0;0;0;0;0;0;0;0;1;0;0;0;0;0;1;0;0;3;0;0;1;0;0;0;0;0;0;0;1;0;0;0;0;1;1;0;0;0;0;1;1;0;1;0;0;0;0;0;1;0;0;0;0;0;0;0;0;0;0;0;0;0;0;0;0;0;0;0;0;0;0;0;0;0;0;0;0;0
092050;Pula;2;3;1;2;0;1;3;1;0;0;0;0;1;1;2;0;0;1;2;0;0;0;0;1;1;0;0;1;0;1;2;3;1;4;0;0;0;2;2;2;5;3;0;2;2;2;1;1;0;2;1;0;1;1;0;0;2;0;1;0;1;2;0;0;0;2;1;1;0;1;0;0;1;0;0;0;1;0;0;1;1;0;0;0;0;0;0;0;0;0;0;0;0;0;0;0;0;0;0;0;0
092051;Quartu Sant'Elena;1;6;6;0;2;7;1;0;0;2;3;0;1;3;3;0;7;4;6;1;4;7;0;3;5;0;6;10;4;4;8;15;13;21;14;22;15;12;15;9;14;22;16;12;6;11;9;13;8;14;8;4;14;10;5;9;7;3;4;3;1;3;4;2;2;5;4;2;0;2;0;1;3;1;0;1;0;0;0;2;0;2;0;1;0;0;0;0;0;0;0;0;0;0;0;1;0;0;0;0;0
092066;Sarroch;0;0;0;0;1;0;0;0;0;1;0;0;0;1;0;0;0;0;0;0;0;0;1;0;0;0;1;0;0;1;0;1;2;4;0;1;0;0;0;0;0;0;0;0;0;0;0;1;0;0;0;0;0;0;0;0;0;1;2;0;0;0;1;0;0;1;0;0;0;0;0;0;0;0;0;4;2;0;0;0;0;0;0;0;0;0;0;0;0;0;0;0;0;0;0;0;0;0;0;0;0
092068;Selargius;5;3;1;2;1;0;0;0;0;1;1;1;0;0;1;0;0;0;0;0;1;0;0;3;1;2;2;0;0;6;6;4;1;0;3;8;4;2;2;2;2;3;6;3;2;0;4;1;1;3;1;1;1;2;1;1;1;0;0;0;0;1;0;0;0;0;1;1;0;0;0;0;0;0;0;0;0;0;0;0;0;0;0;0;0;0;0;0;0;0;0;0;0;0;0;0;0;0;0;0;0
092074;Sestu;0;0;0;2;2;0;0;1;0;0;0;0;0;0;0;0;1;0;0;0;0;0;1;0;0;0;2;0;1;1;2;1;0;2;0;1;1;0;1;2;1;3;0;0;0;0;0;1;1;1;0;0;0;0;1;0;0;0;0;1;0;1;0;0;0;0;0;0;0;0;0;0;0;0;0;0;0;0;0;0;0;0;0;0;0;0;0;0;0;0;0;0;0;0;0;0;0;0;0;0;0
092075;Settimo San Pietro;0;0;0;1;1;0;1;1;0;0;1;0;0;0;1;0;0;0;2;0;0;0;0;0;0;0;0;0;0;2;0;0;0;1;1;0;0;0;1;0;0;0;0;1;0;0;0;0;1;0;0;0;0;0;0;0;0;1;0;0;0;0;0;0;0;0;0;0;0;0;0;0;0;0;0;0;0;0;0;0;0;0;0;0;0;0;0;0;0;0;0;0;0;0;0;0;0;0;0;0;0
092080;Sinnai;1;2;0;0;0;0;0;1;3;0;0;0;2;0;0;0;1;0;0;2;0;0;0;0;0;0;0;1;2;1;2;1;5;4;0;1;3;0;0;2;2;4;4;2;1;4;0;2;4;2;0;1;0;0;0;2;0;0;0;0;1;1;0;0;0;0;0;0;0;0;0;0;0;0;0;0;0;0;0;0;0;0;0;0;0;0;0;0;0;0;0;0;0;0;0;0;0;0;0;0;0
092090;Uta;1;3;3;3;2;1;0;0;2;0;0;2;2;1;1;1;1;0;3;3;2;3;0;0;0;1;0;1;1;1;5;3;0;4;1;1;2;1;2;2;1;0;4;3;0;0;2;2;3;0;2;2;1;0;1;2;2;0;1;0;1;0;0;0;0;0;0;0;0;0;0;0;0;0;1;0;0;0;0;0;0;0;0;0;0;0;0;0;0;0;0;0;0;0;0;0;0;0;0;0;0
092099;Villa San Pietro;0;0;0;0;1;1;0;0;0;0;0;0;0;0;0;0;1;0;0;0;0;0;1;0;1;0;0;0;0;1;1;0;0;1;1;0;0;0;1;0;0;0;0;3;0;0;0;0;0;0;0;1;1;0;0;0;0;0;0;0;0;0;0;0;0;0;0;0;0;0;0;0;0;0;0;0;0;0;0;0;0;0;0;0;0;0;0;0;0;0;0;0;0;0;0;0;0;0;0;0;0
092105;Quartucciu;0;0;0;0;0;0;0;0;0;0;1;0;1;0;2;0;1;0;0;0;0;0;2;0;0;0;0;0;1;2;0;0;0;1;1;0;0;1;3;1;1;0;0;1;2;1;0;0;0;0;0;0;0;0;0;0;1;0;1;0;0;0;0;0;0;0;1;0;0;0;0;0;1;0;0;0;0;0;0;0;0;0;0;0;0;0;0;0;0;0;0;0;0;0;0;0;0;0;0;0;0
092108;Elmas;0;0;0;0;0;0;1;1;1;0;2;0;1;2;1;0;0;0;1;0;1;0;0;2;0;0;0;0;0;0;3;1;2;0;0;3;2;3;4;2;0;3;1;1;1;0;2;0;0;2;0;1;1;0;1;1;1;1;1;1;1;1;0;0;0;0;0;0;0;0;0;0;0;0;0;0;0;0;0;0;0;0;0;0;0;0;0;0;0;0;0;0;0;0;0;0;0;0;0;0;0
092109;Monserrato;2;0;1;0;0;3;0;1;1;3;0;1;0;2;0;0;1;1;2;3;0;4;0;0;0;0;0;2;4;2;3;4;0;4;4;2;2;4;3;2;3;2;1;3;2;1;2;0;3;0;1;1;0;0;0;1;0;2;0;0;0;1;1;1;1;0;0;0;1;0;0;0;0;0;0;0;0;0;0;0;0;0;0;0;0;0;0;0;0;0;0;0;0;0;0;0;0;0;0;0;0
;Totale;30;28;21;35;26;23;15;19;20;26;28;20;18;20;35;13;23;21;33;16;16;19;12;20;12;9;36;45;44;69;76;78;65;85;65;99;76;66;78;74;80;83;66;79;67;63;47;53;47;48;40;38;36;37;19;35;31;16;16;9;13;12;11;11;12;15;7;7;3;4;1;4;5;1;1;8;3;3;0;3;1;3;1;1;1;0;0;0;1;0;0;0;0;0;0;1;0;0;0;0;0
Territorio/Età;;0;1;2;3;4;5;6;7;8;9;10;11;12;13;14;15;16;17;18;19;20;21;22;23;24;25;26;27;28;29;30;31;32;33;34;35;36;37;38;39;40;41;42;43;44;45;46;47;48;49;50;51;52;53;54;55;56;57;58;59;60;61;62;63;64;65;66;67;68;69;70;71;72;73;74;75;76;77;78;79;80;81;82;83;84;85;86;87;88;89;90;91;92;93;94;95;96;97;98;99;100
Codice comune;Comune;Femmine
092003;Assemini;2;2;2;5;2;2;0;0;4;1;2;2;0;0;2;0;0;0;0;2;4;0;0;2;5;4;0;7;4;7;8;7;5;7;8;2;2;4;4;8;4;4;2;2;2;2;3;0;2;0;2;1;1;0;0;0;1;1;0;0;0;1;0;1;0;0;0;1;0;1;0;0;0;1;0;0;0;0;1;0;0;0;0;0;0;0;0;0;0;0;0;0;0;0;0;0;0;0;0;0;0
092009;Cagliari;16;19;22;11;18;12;14;11;11;5;13;12;19;11;9;15;10;8;9;7;3;7;8;12;16;28;26;44;42;39;50;43;44;35;32;31;20;30;29;36;25;15;24;23;19;13;14;16;16;23;19;9;15;11;13;10;6;1;9;8;4;8;4;4;5;4;1;2;3;1;3;1;2;0;2;1;0;1;0;0;2;1;2;0;3;0;0;0;0;0;0;0;0;0;0;0;0;0;0;0;0
092011;Capoterra;1;1;0;0;0;2;2;1;1;0;2;0;0;0;1;3;0;3;0;0;1;1;1;2;2;0;4;5;7;3;4;4;4;2;8;7;3;2;2;6;4;7;4;6;4;0;1;4;4;1;2;1;0;0;0;3;1;0;1;0;2;0;1;0;1;0;0;0;0;0;0;0;0;0;0;0;0;0;0;0;0;0;0;0;0;1;0;0;0;0;0;0;0;0;0;0;0;0;0;0;0
092015;Decimomannu;0;0;0;0;0;0;0;0;1;0;0;0;0;0;0;0;0;0;0;0;0;0;0;0;0;0;1;1;3;0;0;2;1;0;0;2;0;0;0;0;0;2;0;0;0;0;0;1;1;1;0;0;0;0;0;0;0;0;0;0;0;0;1;0;0;0;0;0;0;0;0;1;0;0;0;0;0;0;0;0;0;0;0;0;0;0;0;0;0;0;0;0;0;0;0;0;0;0;0;0;0
092037;Maracalagonis;0;0;0;0;0;1;0;1;0;0;0;0;0;0;1;0;0;0;0;0;0;0;0;0;1;0;0;0;0;0;3;2;0;1;1;2;0;0;0;1;0;1;1;0;0;0;0;0;0;1;0;1;0;1;0;0;0;0;1;0;0;0;0;0;0;1;0;0;0;0;0;0;0;0;0;0;0;0;0;0;0;0;0;0;0;0;0;0;0;0;0;0;0;0;0;0;0;0;0;0;0
092050;Pula;0;1;1;0;0;1;0;0;0;3;1;1;1;1;0;1;1;1;0;1;0;1;2;1;0;0;1;0;3;4;4;3;5;1;5;2;3;4;0;2;2;1;1;1;1;3;0;1;1;1;0;0;1;2;1;0;0;2;0;3;0;1;0;0;0;3;0;0;0;1;1;0;0;0;0;0;0;0;0;0;0;0;0;0;0;0;1;0;0;0;0;0;0;0;0;0;0;0;0;0;0
092051;Quartu Sant'Elena;4;2;0;4;4;1;4;3;4;3;4;3;1;1;0;2;3;2;2;2;1;4;8;0;11;14;11;15;14;24;13;12;14;14;20;17;18;4;14;16;9;12;10;11;11;4;14;5;3;6;5;5;9;1;3;3;1;5;0;1;5;3;1;4;4;0;2;0;2;1;0;0;2;1;0;1;0;0;2;2;0;1;1;1;0;1;0;0;0;0;0;0;0;0;0;0;0;0;0;0;0
092066;Sarroch;0;1;0;0;0;0;0;1;0;0;0;0;0;0;0;0;0;0;0;0;0;0;0;0;1;0;1;1;2;1;1;3;1;0;1;0;0;2;0;2;0;1;2;0;1;0;1;0;1;0;0;0;2;0;6;0;0;0;1;1;0;0;2;0;0;0;0;2;0;0;0;0;0;0;0;0;0;0;0;0;0;0;0;0;0;0;0;0;0;0;0;0;0;0;0;0;0;0;0;0;0
092068;Selargius;0;1;0;1;0;2;0;0;1;0;0;1;1;0;1;0;0;3;1;1;1;1;2;0;3;0;2;2;2;4;8;8;2;9;3;5;2;5;1;4;3;1;2;2;2;1;0;3;1;1;0;0;1;1;1;0;1;1;1;0;1;0;0;1;0;0;0;1;0;0;0;0;0;0;0;0;0;1;0;0;0;0;0;0;0;0;0;0;0;0;0;0;0;0;0;0;0;0;0;0;0
092074;Sestu;1;0;0;0;0;2;3;0;1;0;0;0;1;1;1;0;0;0;1;0;0;1;0;3;1;0;3;0;1;5;1;3;1;2;2;4;1;0;1;1;2;1;1;2;1;0;0;0;1;1;1;0;0;1;0;0;0;0;0;0;0;0;2;0;0;0;0;0;0;0;0;0;0;0;1;0;0;0;0;0;0;0;0;0;0;0;0;0;0;0;0;0;0;0;0;0;0;0;0;0;0
092075;Settimo San Pietro;0;0;0;0;1;0;0;0;0;2;0;2;0;0;0;0;0;0;0;0;1;1;0;0;4;0;0;0;0;0;0;2;1;2;0;0;1;1;0;0;0;0;0;1;1;0;1;0;0;2;0;0;0;0;0;0;0;0;0;0;0;0;0;0;0;0;0;0;0;0;0;0;0;0;0;0;0;0;0;0;0;0;0;0;0;0;0;0;0;0;0;0;0;0;0;0;0;0;0;0;0
092080;Sinnai;1;0;1;0;1;0;0;0;1;0;0;2;1;0;0;0;1;0;0;1;0;6;0;1;0;0;0;2;1;2;0;8;0;0;2;4;1;0;3;0;0;3;2;0;0;0;1;1;3;0;1;1;0;0;1;1;1;0;0;0;0;0;1;0;0;0;0;0;1;0;0;0;0;0;0;0;0;0;0;0;0;1;1;0;0;0;0;0;0;0;0;0;0;0;0;0;0;0;0;0;0
092090;Uta;2;1;1;1;0;0;2;0;0;0;0;1;0;1;0;0;1;0;2;1;1;0;3;3;2;2;0;0;2;2;2;4;0;0;1;1;2;0;1;0;0;0;1;1;0;2;3;0;2;0;1;1;0;1;0;0;0;0;0;0;0;0;0;0;0;0;0;0;0;0;1;0;0;0;0;0;0;0;0;0;0;0;0;0;0;0;0;0;0;0;0;0;0;0;0;0;0;0;0;0;0
092099;Villa San Pietro;1;0;0;0;0;0;0;0;0;0;0;0;0;0;0;0;0;0;0;0;0;0;0;0;0;1;0;0;0;0;0;0;0;0;1;0;1;0;0;0;0;0;0;1;2;0;1;0;0;0;0;0;0;0;0;0;0;0;0;0;0;0;0;0;0;0;0;0;0;0;0;0;0;0;0;0;0;0;0;0;0;0;0;0;2;0;0;0;0;0;0;0;0;0;0;0;0;0;0;0;0
092105;Quartucciu;1;0;0;1;1;0;0;0;0;0;0;0;1;1;0;0;0;0;0;0;0;2;0;1;1;1;1;3;7;0;7;2;4;0;0;1;0;0;1;1;1;0;2;0;1;0;0;0;0;0;0;0;0;0;0;0;1;0;0;0;0;0;0;0;0;0;2;1;0;0;0;0;0;0;0;0;1;0;0;0;0;0;0;0;0;0;0;0;0;0;0;0;0;0;0;0;0;0;0;0;0
092108;Elmas;2;0;0;0;0;0;2;1;0;0;0;0;0;0;1;0;0;0;0;0;1;2;0;0;2;0;0;1;2;0;2;2;4;1;4;0;1;0;2;2;0;0;1;0;0;0;1;3;0;0;1;2;0;0;2;1;0;0;0;0;0;0;0;0;0;0;0;0;0;0;0;0;0;0;0;0;0;0;0;0;0;0;0;0;0;0;0;0;0;0;0;0;0;0;0;0;0;0;0;0;0
092109;Monserrato;2;1;0;0;1;0;0;2;3;0;0;2;1;0;2;0;1;0;0;0;0;0;0;0;0;0;0;0;8;8;3;4;4;6;3;3;3;0;0;1;1;0;1;2;3;1;0;1;0;0;1;1;0;0;0;0;1;1;0;0;1;0;1;0;0;0;0;0;0;0;0;0;0;0;0;0;1;0;0;0;0;0;0;0;1;0;0;0;0;0;0;0;0;0;0;0;0;0;0;0;0
;Totale;33;29;27;23;28;23;27;20;27;14;22;26;26;16;18;21;17;17;15;15;13;26;24;25;49;50;50;81;98;99;106;109;90;80;91;81;58;52;58;80;51;48;54;52;48;26;40;35;35;37;33;22;29;18;27;18;13;11;13;13;13;13;13;10;10;8;5;7;6;4;5;2;4;2;3;2;2;2;3;2;2;3;4;1;6;2;1;0;0;0;0;0;0;0;0;0;0;0;0;0;0

"Ricostruzione della popolazione intercensuaria - Popolazione al 1° gennaio per età"
"Cittadinanza straniera - Anno: 2007 - Provincia: Cagliari"
Territorio/Età;;0;1;2;3;4;5;6;7;8;9;10;11;12;13;14;15;16;17;18;19;20;21;22;23;24;25;26;27;28;29;30;31;32;33;34;35;36;37;38;39;40;41;42;43;44;45;46;47;48;49;50;51;52;53;54;55;56;57;58;59;60;61;62;63;64;65;66;67;68;69;70;71;72;73;74;75;76;77;78;79;80;81;82;83;84;85;86;87;88;89;90;91;92;93;94;95;96;97;98;99;100
Codice comune;Comune;Totale
092003;Assemini;2;6;4;5;5;4;6;2;5;4;4;2;6;2;2;3;4;1;0;2;1;5;2;2;5;5;4;0;9;8;20;10;11;7;9;7;3;6;7;3;11;8;6;2;5;4;5;4;3;1;1;2;5;3;1;0;1;3;1;0;0;0;0;2;1;1;0;0;2;0;1;1;2;1;1;0;0;0;0;1;0;0;0;1;0;0;0;0;0;0;0;0;0;0;0;0;0;0;0;0;0
092009;Cagliari;34;32;32;32;38;30;22;21;18;23;22;33;22;20;18;29;28;18;18;21;15;5;11;16;26;33;49;49;77;75;78;85;79;80;60;70;87;56;64;58;74;63;53;53;59;60;50;39;41;35;44;45;31;28;31;20;22;19;6;15;10;10;9;6;7;15;7;1;2;4;3;2;2;3;0;3;4;0;3;0;0;3;2;3;0;2;0;0;0;1;0;0;0;0;0;0;0;0;0;0;0
092011;Capoterra;4;3;1;0;0;3;3;3;5;3;0;3;2;0;1;2;2;0;5;4;0;4;1;3;1;2;3;6;6;7;7;6;6;7;7;10;9;6;9;4;9;13;5;5;11;6;3;0;4;5;1;6;1;3;3;2;4;1;1;1;0;3;1;1;2;3;1;0;1;0;0;0;0;0;0;0;0;0;0;0;0;0;0;0;0;0;1;0;0;0;0;0;0;0;0;0;0;0;0;0;0
092015;Decimomannu;0;1;0;0;0;0;0;0;0;2;0;1;0;0;0;0;0;0;1;0;1;1;0;1;0;0;0;5;3;5;5;3;4;2;0;0;2;0;1;5;0;0;2;0;0;2;1;1;1;3;1;0;0;0;0;0;0;0;0;0;0;0;0;1;0;0;0;0;0;0;0;0;1;0;0;0;0;0;0;0;0;0;0;0;0;0;0;0;0;0;0;0;0;0;0;0;0;0;0;0;0
092037;Maracalagonis;0;0;0;0;0;0;2;0;1;0;1;0;1;1;0;2;1;1;0;0;0;0;0;0;0;5;0;0;1;0;0;3;2;0;1;0;1;0;1;0;1;3;1;2;1;0;0;0;0;0;1;0;2;0;1;0;0;1;1;1;0;0;0;1;1;0;2;0;0;0;0;0;1;0;0;0;0;0;0;0;0;0;0;0;0;0;0;0;0;0;0;0;0;0;0;0;0;0;0;0;0
092050;Pula;3;2;4;2;2;0;1;3;1;0;3;1;1;3;3;2;1;1;2;1;0;0;1;3;2;1;0;2;1;3;4;7;9;6;6;6;1;3;6;2;4;8;7;1;4;3;5;1;2;1;3;2;0;2;3;1;0;3;1;1;3;1;3;0;1;0;5;1;1;0;2;1;0;1;0;0;0;1;0;0;1;1;0;0;0;0;0;1;0;0;0;0;0;0;0;0;0;0;0;0;0
092051;Quartu Sant'Elena;10;4;8;5;3;3;9;4;3;3;4;7;5;3;4;3;3;10;6;9;2;10;13;13;7;18;15;21;21;19;25;27;22;33;37;34;40;33;18;27;24;22;32;22;22;16;18;24;25;12;23;14;10;22;12;9;11;12;8;4;5;6;6;5;6;5;5;6;2;2;3;0;1;5;2;0;2;0;0;2;4;0;3;1;2;0;0;0;0;0;1;0;0;0;0;0;1;0;0;0;0
092066;Sarroch;0;0;0;0;0;1;1;1;1;0;1;0;0;0;1;0;0;0;0;0;0;1;0;1;0;0;0;2;0;3;4;1;2;2;2;1;1;0;1;0;2;0;1;2;0;1;0;1;1;0;0;0;0;1;0;5;0;0;3;3;1;1;0;2;0;0;1;0;2;0;0;0;0;0;0;0;3;1;0;0;0;0;0;0;0;0;0;0;0;0;0;0;0;0;0;0;0;0;0;0;0
092068;Selargius;4;5;4;1;3;0;4;1;0;0;1;0;3;4;0;3;0;3;3;3;1;3;3;3;2;5;2;2;6;3;9;15;12;4;10;7;11;6;8;4;6;8;6;7;6;4;0;4;3;2;4;3;1;2;3;2;2;2;1;1;0;1;1;0;1;0;0;0;2;0;0;0;0;0;0;0;0;0;1;0;0;0;0;0;0;0;0;0;0;0;0;0;0;0;0;0;0;0;0;0;0
092074;Sestu;1;1;0;1;3;2;2;3;1;3;0;0;0;1;1;1;0;1;1;1;0;0;0;3;4;1;0;6;1;2;7;5;6;6;7;1;6;2;0;2;4;3;4;2;2;0;1;0;2;1;1;2;2;0;1;1;0;0;0;0;1;0;0;0;0;0;0;0;0;0;0;0;0;0;0;0;0;0;0;0;0;0;0;0;0;0;0;0;0;0;0;0;0;0;0;0;0;0;0;0;0
092075;Settimo San Pietro;0;0;0;0;1;2;0;1;0;0;0;0;2;0;0;1;0;0;0;2;0;1;1;0;0;2;0;0;0;0;2;0;2;1;0;1;0;1;0;0;0;0;0;2;2;1;0;1;1;1;2;0;0;0;1;0;0;0;1;0;0;0;0;0;0;0;0;0;0;0;0;0;0;0;0;0;0;0;0;0;0;0;0;0;0;0;0;0;0;0;0;0;0;0;0;0;0;0;0;0;0
092080;Sinnai;3;3;1;0;0;1;0;0;1;4;0;0;1;2;0;0;0;1;0;0;2;0;5;0;0;1;0;0;3;3;2;2;11;5;5;1;6;3;2;4;5;0;5;5;1;0;4;1;4;4;2;1;2;0;0;1;2;1;0;0;0;0;1;0;0;0;0;0;0;1;0;0;0;0;0;0;0;0;0;0;0;0;0;1;0;0;0;0;0;0;0;0;0;0;0;0;0;0;0;0;0
092090;Uta;3;3;4;3;4;1;1;2;1;1;0;0;3;3;2;1;0;4;0;4;3;2;6;2;3;3;2;0;1;6;3;6;3;1;5;3;2;3;1;3;1;1;0;3;3;0;2;5;1;5;0;3;2;1;1;1;3;2;0;1;0;1;0;0;0;0;0;0;0;0;0;1;0;0;0;1;0;0;0;0;0;0;0;0;0;0;0;0;0;0;0;0;0;0;0;0;0;0;0;0;0
092099;Villa San Pietro;1;1;0;0;0;1;1;0;0;0;0;0;0;0;0;0;0;1;0;0;0;0;0;1;0;0;1;0;0;0;1;1;0;0;0;2;0;1;0;1;0;0;0;0;2;2;0;1;0;0;0;0;1;1;0;0;0;0;0;0;0;0;0;0;0;0;0;0;0;0;0;0;0;0;0;0;0;0;0;0;0;0;0;0;0;2;0;0;0;0;0;0;0;0;0;0;0;0;0;0;0
092105;Quartucciu;0;1;0;0;0;1;0;0;0;0;0;1;0;2;1;2;0;1;0;0;0;0;4;2;2;1;1;1;5;10;1;6;2;3;1;1;2;0;1;3;2;1;0;3;1;1;1;0;0;1;0;0;0;0;0;0;0;2;0;1;0;0;0;0;0;0;1;3;1;0;0;0;0;1;0;0;0;1;0;0;0;0;0;0;0;0;0;0;0;0;0;0;0;0;0;0;0;0;0;0;0
092108;Elmas;0;2;0;0;0;0;0;3;2;1;0;2;0;1;3;2;0;0;0;1;0;4;4;0;2;2;0;1;2;2;1;5;3;4;1;3;3;2;1;5;4;3;2;2;1;1;0;3;2;0;2;1;3;1;1;3;2;1;2;1;1;0;1;0;0;0;0;0;0;0;0;0;0;0;0;0;0;0;0;0;0;0;0;0;0;0;0;0;0;0;0;0;0;0;0;0;0;0;0;0;0
092109;Monserrato;1;3;0;1;1;0;3;1;2;7;2;0;4;1;1;1;0;3;1;3;2;1;4;1;0;1;0;0;1;12;5;8;7;6;9;5;3;5;3;6;3;4;2;5;5;5;2;1;1;3;1;1;2;1;1;0;1;1;1;0;0;1;1;1;1;1;0;0;0;1;0;0;0;0;0;0;0;1;0;0;0;0;0;0;0;1;0;0;0;0;0;0;0;0;0;0;0;0;0;0;0
;Totale;66;67;58;50;60;49;55;45;41;51;38;50;50;43;37;52;39;45;37;51;27;37;55;51;54;80;77;95;137;158;174;190;181;167;160;152;177;127;123;127;150;137;126;116;125;106;92;86;91;74;86;80;62;65;59;45;48;48;26;29;21;24;23;19;20;25;22;11;13;8;9;5;7;11;3;4;9;4;4;3;5;4;5;6;2;5;1;1;0;1;1;0;0;0;0;0;1;0;0;0;0
Territorio/Età;;0;1;2;3;4;5;6;7;8;9;10;11;12;13;14;15;16;17;18;19;20;21;22;23;24;25;26;27;28;29;30;31;32;33;34;35;36;37;38;39;40;41;42;43;44;45;46;47;48;49;50;51;52;53;54;55;56;57;58;59;60;61;62;63;64;65;66;67;68;69;70;71;72;73;74;75;76;77;78;79;80;81;82;83;84;85;86;87;88;89;90;91;92;93;94;95;96;97;98;99;100
Codice comune;Comune;Maschi
092003;Assemini;0;5;2;2;0;2;2;2;4;1;3;0;3;2;2;2;2;0;0;2;0;0;2;2;1;0;1;0;1;0;9;3;4;4;2;0;1;3;4;2;3;4;2;0;4;3;3;1;3;1;1;1;3;2;1;0;1;3;0;0;0;0;0;1;0;1;0;0;0;0;0;1;1;1;0;0;0;0;0;0;0;0;0;1;0;0;0;0;0;0;0;0;0;0;0;0;0;0;0;0;0
092009;Cagliari;20;13;11;7;25;13;12;9;8;12;15;21;11;2;9;20;12;10;10;15;7;0;0;2;7;9;15;22;30;29;33;34;36;37;30;38;55;40;35;36;42;40;38;31;36;39;36;27;27;20;21;25;24;13;20;8;12;11;6;8;3;6;1;3;4;7;4;0;2;2;1;0;1;0;0;0;3;0;3;0;0;0;1;0;0;0;0;0;0;1;0;0;0;0;0;0;0;0;0;0;0
092011;Capoterra;0;1;0;0;0;2;0;1;2;2;0;0;2;0;1;1;0;0;3;4;0;2;1;1;1;0;3;1;2;0;3;1;2;3;3;1;2;4;5;1;4;9;0;3;7;4;3;0;0;3;0;4;0;3;3;2;3;0;1;0;0;2;1;0;2;2;1;0;1;0;0;0;0;0;0;0;0;0;0;0;0;0;0;0;0;0;0;0;0;0;0;0;0;0;0;0;0;0;0;0;0
092015;Decimomannu;0;1;0;0;0;0;0;0;0;0;0;1;0;0;0;0;0;0;1;0;1;1;0;1;0;0;0;3;1;2;4;3;1;1;0;0;1;0;0;3;0;0;1;0;0;2;1;1;0;2;0;0;0;0;0;0;0;0;0;0;0;0;0;0;0;0;0;0;0;0;0;0;0;0;0;0;0;0;0;0;0;0;0;0;0;0;0;0;0;0;0;0;0;0;0;0;0;0;0;0;0
092037;Maracalagonis;0;0;0;0;0;0;0;0;0;0;1;0;1;1;0;1;1;1;0;0;0;0;0;0;0;0;0;0;0;0;0;0;1;0;0;0;0;0;1;0;0;3;0;0;1;0;0;0;0;0;0;0;1;0;0;0;0;1;1;0;0;0;0;1;1;0;1;0;0;0;0;0;1;0;0;0;0;0;0;0;0;0;0;0;0;0;0;0;0;0;0;0;0;0;0;0;0;0;0;0;0
092050;Pula;2;2;3;1;2;0;1;3;1;0;0;0;0;1;2;2;0;0;1;1;0;0;0;0;1;1;0;0;1;0;0;1;4;1;4;2;0;0;2;2;3;6;5;0;3;2;2;1;1;0;2;1;0;1;1;0;0;3;0;1;0;1;2;0;0;0;2;1;1;0;1;0;0;1;0;0;0;1;0;0;1;1;0;0;0;0;0;0;0;0;0;0;0;0;0;0;0;0;0;0;0
092051;Quartu Sant'Elena;6;1;5;5;0;0;6;0;0;0;2;4;2;2;3;3;0;8;3;5;1;4;9;0;4;4;0;8;10;5;2;13;12;18;22;17;22;15;14;14;9;14;21;13;11;7;12;9;15;10;16;9;5;13;11;5;10;11;3;4;4;1;3;4;2;2;5;4;2;0;2;0;1;3;1;0;1;0;0;0;2;0;2;0;1;0;0;0;0;0;1;0;0;0;0;0;1;0;0;0;0
092066;Sarroch;0;0;0;0;0;1;0;0;0;0;1;0;0;0;1;0;0;0;0;0;0;0;0;1;0;0;0;0;0;1;3;0;1;1;2;0;1;0;0;0;0;0;1;0;0;0;0;0;1;0;0;0;0;0;0;0;0;0;3;2;0;1;0;0;0;0;1;0;0;0;0;0;0;0;0;0;3;1;0;0;0;0;0;0;0;0;0;0;0;0;0;0;0;0;0;0;0;0;0;0;0
092068;Selargius;2;5;3;1;2;0;2;0;0;0;1;0;2;3;0;2;0;2;0;0;0;1;1;1;2;0;1;2;0;0;6;6;2;4;2;5;8;4;2;2;1;3;4;5;4;4;0;3;1;0;3;3;1;1;2;1;2;1;0;0;0;0;1;0;0;0;0;0;1;0;0;0;0;0;0;0;0;0;0;0;0;0;0;0;0;0;0;0;0;0;0;0;0;0;0;0;0;0;0;0;0
092074;Sestu;1;0;0;0;3;2;0;0;1;0;0;0;0;0;0;0;0;1;1;0;0;0;0;2;0;0;0;1;0;1;1;4;2;1;2;0;1;1;0;1;2;1;3;1;0;0;1;0;1;0;0;1;1;0;0;1;0;0;0;0;1;0;0;0;0;0;0;0;0;0;0;0;0;0;0;0;0;0;0;0;0;0;0;0;0;0;0;0;0;0;0;0;0;0;0;0;0;0;0;0;0
092075;Settimo San Pietro;0;0;0;0;1;1;0;1;0;0;0;0;0;0;0;1;0;0;0;2;0;0;0;0;0;0;0;0;0;0;2;0;0;0;0;1;0;0;0;0;0;0;0;2;1;0;0;0;0;1;0;0;0;0;0;0;0;0;1;0;0;0;0;0;0;0;0;0;0;0;0;0;0;0;0;0;0;0;0;0;0;0;0;0;0;0;0;0;0;0;0;0;0;0;0;0;0;0;0;0;0
092080;Sinnai;1;2;1;0;0;0;0;0;1;3;0;0;1;1;0;0;0;0;0;0;2;0;0;0;0;0;0;0;0;1;0;2;1;5;4;0;2;1;1;0;2;0;4;3;1;0;3;0;3;2;2;0;1;0;0;0;1;0;0;0;0;0;1;0;0;0;0;0;0;0;0;0;0;0;0;0;0;0;0;0;0;0;0;0;0;0;0;0;0;0;0;0;0;0;0;0;0;0;0;0;0
092090;Uta;1;1;3;2;3;1;1;0;1;1;0;0;2;3;1;1;0;2;0;2;2;1;4;0;0;0;1;0;1;1;1;4;2;1;3;0;2;3;1;2;1;1;0;2;2;0;0;2;1;3;0;2;1;1;0;1;2;2;0;1;0;1;0;0;0;0;0;0;0;0;0;0;0;0;0;1;0;0;0;0;0;0;0;0;0;0;0;0;0;0;0;0;0;0;0;0;0;0;0;0;0
092099;Villa San Pietro;1;0;0;0;0;1;1;0;0;0;0;0;0;0;0;0;0;1;0;0;0;0;0;1;0;0;0;0;0;0;1;1;0;0;0;1;0;0;0;1;0;0;0;0;1;0;0;0;0;0;0;0;1;1;0;0;0;0;0;0;0;0;0;0;0;0;0;0;0;0;0;0;0;0;0;0;0;0;0;0;0;0;0;0;0;0;0;0;0;0;0;0;0;0;0;0;0;0;0;0;0
092105;Quartucciu;0;0;0;0;0;0;0;0;0;0;0;1;0;1;0;2;0;1;0;0;0;0;2;2;0;0;0;0;0;1;1;0;0;0;1;1;0;0;1;3;0;0;0;1;1;1;1;0;0;1;0;0;0;0;0;0;0;1;0;1;0;0;0;0;0;0;1;1;0;0;0;0;0;1;0;0;0;0;0;0;0;0;0;0;0;0;0;0;0;0;0;0;0;0;0;0;0;0;0;0;0
092108;Elmas;0;0;0;0;0;0;0;1;1;1;0;2;0;1;3;1;0;0;0;1;0;2;1;0;2;0;0;1;1;0;1;2;0;0;0;0;3;1;1;3;2;2;2;1;1;1;0;2;0;0;2;0;1;1;0;1;1;1;2;1;1;0;1;0;0;0;0;0;0;0;0;0;0;0;0;0;0;0;0;0;0;0;0;0;0;0;0;0;0;0;0;0;0;0;0;0;0;0;0;0;0
092109;Monserrato;0;1;0;1;1;0;3;1;1;4;2;0;1;0;1;0;0;3;1;3;2;1;4;1;0;1;0;0;1;6;0;3;3;0;3;3;1;2;3;4;2;3;2;3;3;2;1;1;0;3;0;1;1;1;1;0;1;0;1;0;0;0;1;0;1;1;0;0;0;1;0;0;0;0;0;0;0;0;0;0;0;0;0;0;0;0;0;0;0;0;0;0;0;0;0;0;0;0;0;0;0
;Totale;34;32;28;19;37;23;28;18;20;24;25;29;25;17;23;36;15;29;20;35;15;12;24;14;18;15;21;38;48;47;67;77;71;76;78;69;99;74;70;74;71;86;83;65;76;65;63;47;53;46;47;47;40;37;39;19;33;34;18;18;9;12;11;9;10;13;15;6;7;3;4;1;4;6;1;1;7;2;3;0;3;1;3;1;1;0;0;0;0;1;1;0;0;0;0;0;1;0;0;0;0
Territorio/Età;;0;1;2;3;4;5;6;7;8;9;10;11;12;13;14;15;16;17;18;19;20;21;22;23;24;25;26;27;28;29;30;31;32;33;34;35;36;37;38;39;40;41;42;43;44;45;46;47;48;49;50;51;52;53;54;55;56;57;58;59;60;61;62;63;64;65;66;67;68;69;70;71;72;73;74;75;76;77;78;79;80;81;82;83;84;85;86;87;88;89;90;91;92;93;94;95;96;97;98;99;100
Codice comune;Comune;Femmine
092003;Assemini;2;1;2;3;5;2;4;0;1;3;1;2;3;0;0;1;2;1;0;0;1;5;0;0;4;5;3;0;8;8;11;7;7;3;7;7;2;3;3;1;8;4;4;2;1;1;2;3;0;0;0;1;2;1;0;0;0;0;1;0;0;0;0;1;1;0;0;0;2;0;1;0;1;0;1;0;0;0;0;1;0;0;0;0;0;0;0;0;0;0;0;0;0;0;0;0;0;0;0;0;0
092009;Cagliari;14;19;21;25;13;17;10;12;10;11;7;12;11;18;9;9;16;8;8;6;8;5;11;14;19;24;34;27;47;46;45;51;43;43;30;32;32;16;29;22;32;23;15;22;23;21;14;12;14;15;23;20;7;15;11;12;10;8;0;7;7;4;8;3;3;8;3;1;0;2;2;2;1;3;0;3;1;0;0;0;0;3;1;3;0;2;0;0;0;0;0;0;0;0;0;0;0;0;0;0;0
092011;Capoterra;4;2;1;0;0;1;3;2;3;1;0;3;0;0;0;1;2;0;2;0;0;2;0;2;0;2;0;5;4;7;4;5;4;4;4;9;7;2;4;3;5;4;5;2;4;2;0;0;4;2;1;2;1;0;0;0;1;1;0;1;0;1;0;1;0;1;0;0;0;0;0;0;0;0;0;0;0;0;0;0;0;0;0;0;0;0;1;0;0;0;0;0;0;0;0;0;0;0;0;0;0
092015;Decimomannu;0;0;0;0;0;0;0;0;0;2;0;0;0;0;0;0;0;0;0;0;0;0;0;0;0;0;0;2;2;3;1;0;3;1;0;0;1;0;1;2;0;0;1;0;0;0;0;0;1;1;1;0;0;0;0;0;0;0;0;0;0;0;0;1;0;0;0;0;0;0;0;0;1;0;0;0;0;0;0;0;0;0;0;0;0;0;0;0;0;0;0;0;0;0;0;0;0;0;0;0;0
092037;Maracalagonis;0;0;0;0;0;0;2;0;1;0;0;0;0;0;0;1;0;0;0;0;0;0;0;0;0;5;0;0;1;0;0;3;1;0;1;0;1;0;0;0;1;0;1;2;0;0;0;0;0;0;1;0;1;0;1;0;0;0;0;1;0;0;0;0;0;0;1;0;0;0;0;0;0;0;0;0;0;0;0;0;0;0;0;0;0;0;0;0;0;0;0;0;0;0;0;0;0;0;0;0;0
092050;Pula;1;0;1;1;0;0;0;0;0;0;3;1;1;2;1;0;1;1;1;0;0;0;1;3;1;0;0;2;0;3;4;6;5;5;2;4;1;3;4;0;1;2;2;1;1;1;3;0;1;1;1;1;0;1;2;1;0;0;1;0;3;0;1;0;1;0;3;0;0;0;1;1;0;0;0;0;0;0;0;0;0;0;0;0;0;0;0;1;0;0;0;0;0;0;0;0;0;0;0;0;0
092051;Quartu Sant'Elena;4;3;3;0;3;3;3;4;3;3;2;3;3;1;1;0;3;2;3;4;1;6;4;13;3;14;15;13;11;14;23;14;10;15;15;17;18;18;4;13;15;8;11;9;11;9;6;15;10;2;7;5;5;9;1;4;1;1;5;0;1;5;3;1;4;3;0;2;0;2;1;0;0;2;1;0;1;0;0;2;2;0;1;1;1;0;0;0;0;0;0;0;0;0;0;0;0;0;0;0;0
092066;Sarroch;0;0;0;0;0;0;1;1;1;0;0;0;0;0;0;0;0;0;0;0;0;1;0;0;0;0;0;2;0;2;1;1;1;1;0;1;0;0;1;0;2;0;0;2;0;1;0;1;0;0;0;0;0;1;0;5;0;0;0;1;1;0;0;2;0;0;0;0;2;0;0;0;0;0;0;0;0;0;0;0;0;0;0;0;0;0;0;0;0;0;0;0;0;0;0;0;0;0;0;0;0
092068;Selargius;2;0;1;0;1;0;2;1;0;0;0;0;1;1;0;1;0;1;3;3;1;2;2;2;0;5;1;0;6;3;3;9;10;0;8;2;3;2;6;2;5;5;2;2;2;0;0;1;2;2;1;0;0;1;1;1;0;1;1;1;0;1;0;0;1;0;0;0;1;0;0;0;0;0;0;0;0;0;1;0;0;0;0;0;0;0;0;0;0;0;0;0;0;0;0;0;0;0;0;0;0
092074;Sestu;0;1;0;1;0;0;2;3;0;3;0;0;0;1;1;1;0;0;0;1;0;0;0;1;4;1;0;5;1;1;6;1;4;5;5;1;5;1;0;1;2;2;1;1;2;0;0;0;1;1;1;1;1;0;1;0;0;0;0;0;0;0;0;0;0;0;0;0;0;0;0;0;0;0;0;0;0;0;0;0;0;0;0;0;0;0;0;0;0;0;0;0;0;0;0;0;0;0;0;0;0
092075;Settimo San Pietro;0;0;0;0;0;1;0;0;0;0;0;0;2;0;0;0;0;0;0;0;0;1;1;0;0;2;0;0;0;0;0;0;2;1;0;0;0;1;0;0;0;0;0;0;1;1;0;1;1;0;2;0;0;0;1;0;0;0;0;0;0;0;0;0;0;0;0;0;0;0;0;0;0;0;0;0;0;0;0;0;0;0;0;0;0;0;0;0;0;0;0;0;0;0;0;0;0;0;0;0;0
092080;Sinnai;2;1;0;0;0;1;0;0;0;1;0;0;0;1;0;0;0;1;0;0;0;0;5;0;0;1;0;0;3;2;2;0;10;0;1;1;4;2;1;4;3;0;1;2;0;0;1;1;1;2;0;1;1;0;0;1;1;1;0;0;0;0;0;0;0;0;0;0;0;1;0;0;0;0;0;0;0;0;0;0;0;0;0;1;0;0;0;0;0;0;0;0;0;0;0;0;0;0;0;0;0
092090;Uta;2;2;1;1;1;0;0;2;0;0;0;0;1;0;1;0;0;2;0;2;1;1;2;2;3;3;1;0;0;5;2;2;1;0;2;3;0;0;0;1;0;0;0;1;1;0;2;3;0;2;0;1;1;0;1;0;1;0;0;0;0;0;0;0;0;0;0;0;0;0;0;1;0;0;0;0;0;0;0;0;0;0;0;0;0;0;0;0;0;0;0;0;0;0;0;0;0;0;0;0;0
092099;Villa San Pietro;0;1;0;0;0;0;0;0;0;0;0;0;0;0;0;0;0;0;0;0;0;0;0;0;0;0;1;0;0;0;0;0;0;0;0;1;0;1;0;0;0;0;0;0;1;2;0;1;0;0;0;0;0;0;0;0;0;0;0;0;0;0;0;0;0;0;0;0;0;0;0;0;0;0;0;0;0;0;0;0;0;0;0;0;0;2;0;0;0;0;0;0;0;0;0;0;0;0;0;0;0
092105;Quartucciu;0;1;0;0;0;1;0;0;0;0;0;0;0;1;1;0;0;0;0;0;0;0;2;0;2;1;1;1;5;9;0;6;2;3;0;0;2;0;0;0;2;1;0;2;0;0;0;0;0;0;0;0;0;0;0;0;0;1;0;0;0;0;0;0;0;0;0;2;1;0;0;0;0;0;0;0;0;1;0;0;0;0;0;0;0;0;0;0;0;0;0;0;0;0;0;0;0;0;0;0;0
092108;Elmas;0;2;0;0;0;0;0;2;1;0;0;0;0;0;0;1;0;0;0;0;0;2;3;0;0;2;0;0;1;2;0;3;3;4;1;3;0;1;0;2;2;1;0;1;0;0;0;1;2;0;0;1;2;0;1;2;1;0;0;0;0;0;0;0;0;0;0;0;0;0;0;0;0;0;0;0;0;0;0;0;0;0;0;0;0;0;0;0;0;0;0;0;0;0;0;0;0;0;0;0;0
092109;Monserrato;1;2;0;0;0;0;0;0;1;3;0;0;3;1;0;1;0;0;0;0;0;0;0;0;0;0;0;0;0;6;5;5;4;6;6;2;2;3;0;2;1;1;0;2;2;3;1;0;1;0;1;0;1;0;0;0;0;1;0;0;0;1;0;1;0;0;0;0;0;0;0;0;0;0;0;0;0;1;0;0;0;0;0;0;0;1;0;0;0;0;0;0;0;0;0;0;0;0;0;0;0
;Totale;32;35;30;31;23;26;27;27;21;27;13;21;25;26;14;16;24;16;17;16;12;25;31;37;36;65;56;57;89;111;107;113;110;91;82;83;78;53;53;53;79;51;43;51;49;41;29;39;38;28;39;33;22;28;20;26;15;14;8;11;12;12;12;10;10;12;7;5;6;5;5;4;3;5;2;3;2;2;1;3;2;3;2;5;1;5;1;1;0;0;0;0;0;0;0;0;0;0;0;0;0

"Ricostruzione della popolazione intercensuaria - Popolazione al 1° gennaio per età"
"Cittadinanza straniera - Anno: 2008 - Provincia: Cagliari"
Territorio/Età;;0;1;2;3;4;5;6;7;8;9;10;11;12;13;14;15;16;17;18;19;20;21;22;23;24;25;26;27;28;29;30;31;32;33;34;35;36;37;38;39;40;41;42;43;44;45;46;47;48;49;50;51;52;53;54;55;56;57;58;59;60;61;62;63;64;65;66;67;68;69;70;71;72;73;74;75;76;77;78;79;80;81;82;83;84;85;86;87;88;89;90;91;92;93;94;95;96;97;98;99;100
Codice comune;Comune;Totale
092003;Assemini;5;3;5;2;5;4;4;6;2;7;4;4;2;6;2;3;3;4;2;0;4;1;4;4;3;7;4;5;3;11;11;24;9;7;5;6;7;4;10;6;4;12;6;6;3;4;3;4;5;2;2;1;1;4;2;1;0;1;5;0;0;0;0;0;2;1;1;0;0;2;0;1;1;2;1;1;0;0;0;0;1;0;0;0;1;0;0;0;0;0;0;0;0;0;0;0;0;0;0;0;0
092009;Cagliari;42;39;36;32;34;41;29;23;26;21;25;23;31;20;21;21;25;29;19;21;28;28;10;15;37;59;62;63;68;109;89;98;98;88;78;70;81;97;66;80;70;77;66;69;53;73;72;56;44;54;38;60;55;33;34;36;21;22;18;7;15;12;13;14;4;5;12;6;1;2;5;3;1;2;5;0;4;4;0;3;0;0;3;2;3;0;2;0;0;0;0;0;0;0;0;0;0;0;0;0;0
092011;Capoterra;3;3;3;0;0;0;5;4;2;3;2;1;4;3;1;1;2;2;1;6;4;2;5;1;2;5;5;5;8;6;12;8;9;9;13;6;7;8;5;8;7;11;13;6;4;9;6;6;4;5;4;2;6;5;2;1;2;4;1;1;1;0;3;3;0;3;3;1;0;1;0;0;0;0;0;0;0;0;0;0;0;0;0;0;0;0;0;1;0;0;0;0;0;0;0;0;0;0;0;0;0
092015;Decimomannu;1;0;2;0;1;0;0;1;0;1;3;1;2;0;1;0;0;0;0;1;0;1;1;1;1;1;1;7;6;6;11;5;5;5;1;0;1;5;0;0;4;1;0;1;0;0;3;1;1;1;3;2;1;1;0;0;0;0;0;0;0;0;0;0;1;0;0;0;0;0;1;0;0;1;0;0;0;0;0;0;0;0;0;0;0;0;0;0;0;0;0;0;0;0;0;0;0;0;0;0;0
092037;Maracalagonis;0;2;0;0;2;0;0;2;0;1;1;1;1;1;1;0;2;1;0;1;0;3;0;0;1;0;4;0;1;1;0;0;4;4;0;2;0;1;0;1;0;1;2;1;2;1;2;1;0;0;0;0;0;2;0;1;0;0;1;1;1;0;0;0;1;1;0;2;0;0;0;0;0;1;0;0;0;0;0;0;0;0;0;0;0;0;0;0;0;0;0;0;0;0;0;0;0;0;0;0;0
092050;Pula;4;3;2;4;2;2;0;1;3;1;0;3;1;1;3;3;1;1;1;3;0;0;0;2;4;2;2;0;4;2;4;6;9;11;6;8;6;2;4;7;3;3;8;5;1;6;3;3;1;2;1;3;2;0;2;3;2;0;3;1;1;3;1;4;0;1;0;5;1;1;0;2;1;0;1;0;0;0;0;0;0;1;0;0;0;0;0;0;1;0;0;0;0;0;0;0;0;0;0;0;0
092051;Quartu Sant'Elena;4;4;5;7;7;2;2;10;4;4;4;1;8;7;4;7;4;4;13;5;11;1;9;15;17;13;18;19;23;31;23;31;31;27;30;42;35;37;28;23;37;25;22;31;24;22;17;21;27;24;14;27;17;10;24;13;5;13;11;10;4;4;5;6;5;6;2;7;6;2;2;3;0;1;3;2;0;1;1;0;1;4;0;2;1;1;0;0;0;0;0;0;0;0;0;0;0;0;0;0;0
092066;Sarroch;0;0;0;0;1;0;1;1;1;1;1;1;0;0;0;1;0;0;0;1;0;0;1;0;1;1;1;0;2;0;2;5;1;0;2;2;3;1;2;1;1;1;0;2;2;0;0;0;0;0;0;0;0;0;2;0;5;0;0;3;3;1;1;0;1;0;0;1;0;2;0;0;0;0;0;0;0;3;2;0;0;0;0;0;0;0;0;0;0;0;0;0;0;0;0;0;0;0;0;0;0
092068;Selargius;3;5;4;4;2;3;2;7;0;0;0;3;1;4;5;1;3;0;3;3;4;1;3;3;7;6;11;8;5;9;7;12;18;10;5;12;5;10;6;10;6;6;6;8;6;3;3;0;8;2;4;5;3;1;4;3;3;2;3;1;2;0;1;1;0;2;0;0;0;2;0;0;0;0;0;0;0;0;0;0;0;0;0;0;0;0;0;0;0;0;0;0;0;0;0;0;0;0;0;0;0
092074;Sestu;0;3;1;2;1;4;1;3;3;1;3;0;1;0;2;1;1;0;1;0;2;0;0;3;6;5;3;0;6;1;5;10;5;6;5;7;1;6;3;1;2;5;2;4;1;2;0;2;3;3;2;1;5;2;0;2;2;0;1;0;0;1;0;0;0;0;0;0;0;0;0;0;0;0;0;0;0;0;0;0;0;0;0;0;0;0;0;0;0;0;0;0;0;0;0;0;0;0;0;0;0
092075;Settimo San Pietro;0;0;0;0;0;1;1;0;2;0;0;0;1;3;0;0;1;0;0;0;2;0;1;1;0;0;1;2;0;0;0;2;0;2;2;1;0;0;1;0;1;0;0;0;2;1;1;0;1;1;1;2;0;0;0;1;0;0;0;1;0;0;0;0;0;0;0;0;0;0;0;0;0;0;0;0;0;0;0;0;0;0;0;0;0;0;0;0;0;0;0;0;0;0;0;0;0;0;0;0;0
092080;Sinnai;2;3;3;1;0;0;1;0;1;1;3;0;0;0;2;0;1;0;1;0;0;4;0;5;1;2;2;0;0;3;6;2;3;14;6;4;1;6;1;2;3;8;1;5;5;3;0;4;1;3;3;2;1;2;0;0;1;1;1;0;0;1;0;1;0;0;0;0;0;0;1;0;0;0;0;0;0;0;0;0;0;0;0;0;1;0;0;0;0;0;0;0;0;0;0;0;0;0;0;0;0
092090;Uta;2;3;3;4;2;4;1;0;2;3;1;1;0;3;3;2;1;0;5;0;4;3;2;7;2;3;5;2;1;3;8;1;8;4;3;6;3;2;3;1;3;1;1;2;4;2;0;3;5;1;7;0;3;2;1;1;0;3;2;0;1;0;1;0;0;0;0;0;0;0;0;0;1;0;0;0;1;0;0;0;0;0;0;0;0;0;0;0;0;0;0;0;0;0;0;0;0;0;0;0;0
092099;Villa San Pietro;1;1;1;0;0;1;1;1;0;0;1;0;0;0;0;0;0;0;1;0;0;0;0;0;1;0;0;1;2;1;0;1;1;2;0;0;2;0;1;0;3;0;0;0;0;4;2;0;1;0;0;0;0;1;1;0;0;0;0;0;1;1;0;0;0;0;0;0;0;0;0;0;0;0;0;0;0;0;0;0;0;0;0;0;0;0;2;0;0;0;0;0;0;0;0;0;0;0;0;0;0
092105;Quartucciu;2;0;1;0;0;0;1;0;0;0;1;0;2;0;2;2;2;0;2;0;0;0;0;5;2;3;1;1;3;7;10;1;7;4;3;2;1;3;3;1;2;2;1;0;2;3;0;1;0;1;1;0;0;1;0;0;0;0;2;0;1;0;0;0;0;1;0;0;3;1;0;0;0;0;1;0;0;0;1;0;0;0;0;0;0;0;0;0;0;0;0;0;0;0;0;0;0;0;0;0;0
092108;Elmas;1;1;3;0;1;0;0;1;3;3;2;0;2;0;1;3;0;1;0;0;2;0;4;5;0;2;3;0;1;2;3;3;5;3;7;2;2;3;2;1;5;4;3;1;3;0;2;0;3;2;0;2;1;4;1;1;4;1;0;3;1;1;0;1;0;0;0;0;0;0;0;0;0;0;0;0;0;0;0;0;0;0;0;0;0;0;0;0;0;0;0;0;0;0;0;0;0;0;0;0;0
092109;Monserrato;0;1;3;1;1;1;2;3;2;2;6;2;0;3;1;1;1;0;1;0;1;2;1;4;0;0;0;0;2;1;10;4;6;7;6;7;7;2;7;6;7;3;3;4;6;5;4;3;2;0;3;2;1;2;1;1;0;2;1;2;0;0;1;1;1;1;1;0;0;0;1;0;0;0;0;0;0;0;1;0;0;0;0;0;0;0;1;0;0;0;0;0;0;0;0;0;0;0;0;0;0
;Totale;70;71;72;57;59;63;51;63;51;49;57;41;56;51;49;46;47;42;50;41;62;46;41;71;85;109;123;113;135;193;201;213;219;203;172;177;162;187;142;148;158;160;134;145;118;138;118;105;106;101;83;109;96;70;74;64;45;49;49;30;31;24;26;31;15;21;19;22;11;13;10;9;4;7;11;3;5;8;5;3;2;5;3;4;6;1;5;1;1;0;0;0;0;0;0;0;0;0;0;0;0
Territorio/Età;;0;1;2;3;4;5;6;7;8;9;10;11;12;13;14;15;16;17;18;19;20;21;22;23;24;25;26;27;28;29;30;31;32;33;34;35;36;37;38;39;40;41;42;43;44;45;46;47;48;49;50;51;52;53;54;55;56;57;58;59;60;61;62;63;64;65;66;67;68;69;70;71;72;73;74;75;76;77;78;79;80;81;82;83;84;85;86;87;88;89;90;91;92;93;94;95;96;97;98;99;100
Codice comune;Comune;Maschi
092003;Assemini;3;1;5;1;2;0;2;2;2;6;1;3;0;3;2;3;1;2;1;0;3;0;0;4;3;1;0;1;0;2;3;9;2;3;3;1;1;2;4;5;3;3;3;2;0;3;3;1;1;2;2;1;0;3;1;1;0;1;5;0;0;0;0;0;1;0;1;0;0;0;0;0;1;1;1;0;0;0;0;0;0;0;0;0;1;0;0;0;0;0;0;0;0;0;0;0;0;0;0;0;0
092009;Cagliari;26;25;15;12;9;26;13;12;11;10;12;15;22;10;1;10;16;12;11;14;16;7;0;0;7;14;14;18;27;47;34;34;36;34;31;36;38;54;38;37;36;40;38;38;30;42;38;35;24;25;19;21;25;21;13;22;8;12;8;6;7;4;8;2;3;2;6;3;0;2;2;1;0;1;2;0;1;3;0;3;0;0;0;1;0;0;0;0;0;0;0;0;0;0;0;0;0;0;0;0;0
092011;Capoterra;3;0;1;0;0;0;3;1;0;1;1;1;1;2;1;1;1;0;1;3;4;2;2;1;0;3;3;4;1;2;1;4;2;2;8;2;1;3;4;5;1;5;8;1;2;5;4;4;3;0;3;0;4;2;2;1;2;3;0;1;0;0;2;1;0;3;2;1;0;1;0;0;0;0;0;0;0;0;0;0;0;0;0;0;0;0;0;0;0;0;0;0;0;0;0;0;0;0;0;0;0
092015;Decimomannu;1;0;2;0;0;0;0;1;0;1;1;0;2;0;1;0;0;0;0;1;0;1;1;0;1;0;1;3;3;1;4;2;3;1;0;0;0;2;0;0;2;0;0;1;0;0;3;1;1;0;2;0;1;0;0;0;0;0;0;0;0;0;0;0;0;0;0;0;0;0;1;0;0;0;0;0;0;0;0;0;0;0;0;0;0;0;0;0;0;0;0;0;0;0;0;0;0;0;0;0;0
092037;Maracalagonis;0;0;0;0;1;0;0;0;0;0;0;1;0;1;1;0;1;1;0;0;0;0;0;0;1;0;0;0;0;0;0;0;0;2;0;1;0;0;0;1;0;0;2;0;0;1;2;1;0;0;0;0;0;1;0;0;0;0;1;1;0;0;0;0;1;1;0;1;0;0;0;0;0;1;0;0;0;0;0;0;0;0;0;0;0;0;0;0;0;0;0;0;0;0;0;0;0;0;0;0;0
092050;Pula;2;2;2;4;1;2;0;1;3;1;0;0;0;0;1;2;1;0;0;1;0;0;0;0;0;0;1;0;1;2;0;1;1;5;2;4;2;0;0;2;3;2;6;5;0;4;2;2;1;1;0;2;1;0;1;1;1;0;3;0;1;0;1;2;0;0;0;2;1;1;0;1;0;0;1;0;0;0;0;0;0;1;0;0;0;0;0;0;0;0;0;0;0;0;0;0;0;0;0;0;0
092051;Quartu Sant'Elena;3;3;1;4;5;1;0;7;0;0;0;0;3;3;2;2;4;1;12;0;6;1;1;9;2;7;6;0;6;10;6;8;14;11;12;20;14;20;13;17;18;10;15;18;13;10;8;14;9;18;10;17;8;3;13;11;5;11;9;4;4;4;1;3;4;2;1;7;4;2;0;2;0;1;1;1;0;0;1;0;0;2;0;1;0;1;0;0;0;0;0;0;0;0;0;0;0;0;0;0;0
092066;Sarroch;0;0;0;0;0;0;1;0;0;0;1;1;0;0;0;1;0;0;0;0;0;0;0;0;1;0;1;0;0;0;1;3;0;0;1;2;0;1;0;0;1;0;0;1;0;0;0;0;0;0;0;0;0;0;0;0;1;0;0;3;2;0;1;0;0;0;0;1;0;0;0;0;0;0;0;0;0;3;2;0;0;0;0;0;0;0;0;0;0;0;0;0;0;0;0;0;0;0;0;0;0
092068;Selargius;1;2;3;3;2;2;1;4;0;0;0;1;1;3;4;1;2;0;2;0;1;0;1;1;2;5;2;3;2;1;2;7;10;3;5;2;4;5;4;3;3;2;2;4;4;1;3;0;3;1;0;3;3;1;2;2;1;2;2;0;0;0;0;1;0;0;0;0;0;1;0;0;0;0;0;0;0;0;0;0;0;0;0;0;0;0;0;0;0;0;0;0;0;0;0;0;0;0;0;0;0
092074;Sestu;0;3;0;2;1;4;1;0;0;1;0;0;1;0;1;0;0;0;1;0;0;0;0;1;2;0;0;0;1;0;3;2;4;3;2;3;1;1;2;1;1;2;1;2;0;0;0;1;2;1;0;0;2;1;0;0;2;0;1;0;0;1;0;0;0;0;0;0;0;0;0;0;0;0;0;0;0;0;0;0;0;0;0;0;0;0;0;0;0;0;0;0;0;0;0;0;0;0;0;0;0
092075;Settimo San Pietro;0;0;0;0;0;1;0;0;1;0;0;0;1;0;0;0;1;0;0;0;2;0;0;0;0;0;0;0;0;0;0;2;0;0;0;0;0;0;0;0;0;0;0;0;2;0;0;0;0;0;1;0;0;0;0;0;0;0;0;1;0;0;0;0;0;0;0;0;0;0;0;0;0;0;0;0;0;0;0;0;0;0;0;0;0;0;0;0;0;0;0;0;0;0;0;0;0;0;0;0;0
092080;Sinnai;2;1;2;1;0;0;0;0;1;1;2;0;0;0;1;0;1;0;0;0;0;2;0;0;1;0;0;0;0;0;3;0;3;3;6;4;0;2;1;2;0;4;0;3;3;3;0;3;0;2;1;2;0;1;0;0;0;1;0;0;0;0;0;1;0;0;0;0;0;0;0;0;0;0;0;0;0;0;0;0;0;0;0;0;0;0;0;0;0;0;0;0;0;0;0;0;0;0;0;0;0
092090;Uta;1;1;1;3;1;3;1;0;0;3;1;0;0;2;3;0;1;0;3;0;2;2;1;5;0;0;0;1;0;3;2;1;4;2;2;3;0;1;2;1;2;1;1;0;2;1;0;0;1;1;3;0;2;1;1;0;0;2;2;0;1;0;1;0;0;0;0;0;0;0;0;0;0;0;0;0;1;0;0;0;0;0;0;0;0;0;0;0;0;0;0;0;0;0;0;0;0;0;0;0;0
092099;Villa San Pietro;0;1;0;0;0;0;1;1;0;0;1;0;0;0;0;0;0;0;1;0;0;0;0;0;1;0;0;0;0;1;0;1;1;0;0;0;1;0;0;0;1;0;0;0;0;3;0;0;0;0;0;0;0;1;1;0;0;0;0;0;0;1;0;0;0;0;0;0;0;0;0;0;0;0;0;0;0;0;0;0;0;0;0;0;0;0;0;0;0;0;0;0;0;0;0;0;0;0;0;0;0
092105;Quartucciu;0;0;0;0;0;0;0;0;0;0;0;0;1;0;1;1;2;0;2;0;0;0;0;2;2;0;0;0;0;2;1;1;0;1;0;2;1;1;1;1;2;0;0;0;1;3;0;1;0;0;0;0;0;0;0;0;0;0;1;0;1;0;0;0;0;0;0;0;1;0;0;0;0;0;1;0;0;0;0;0;0;0;0;0;0;0;0;0;0;0;0;0;0;0;0;0;0;0;0;0;0
092108;Elmas;1;1;1;0;0;0;0;0;1;2;2;0;2;0;1;3;0;0;0;0;2;0;2;1;0;2;1;0;1;0;0;3;2;1;0;0;0;3;0;1;3;2;2;1;1;0;2;0;3;0;0;2;0;1;1;0;1;1;0;2;1;1;0;1;0;0;0;0;0;0;0;0;0;0;0;0;0;0;0;0;0;0;0;0;0;0;0;0;0;0;0;0;0;0;0;0;0;0;0;0;0
092109;Monserrato;0;0;1;1;1;1;1;3;2;1;3;2;0;1;0;1;0;0;1;0;1;2;1;4;0;0;0;0;0;1;4;0;2;3;0;2;3;0;3;5;4;2;2;2;4;3;1;2;2;0;3;0;1;1;1;1;0;1;0;1;0;0;0;1;0;1;1;0;0;0;1;0;0;0;0;0;0;0;0;0;0;0;0;0;0;0;0;0;0;0;0;0;0;0;0;0;0;0;0;0;0
;Totale;43;40;34;31;23;40;24;32;21;27;25;24;34;25;20;25;31;16;35;19;37;17;9;28;23;32;29;30;42;72;64;78;84;74;72;82;66;95;72;81;80;73;80;78;62;79;66;65;50;51;44;48;47;37;36;39;21;34;32;19;17;11;14;12;9;9;11;15;6;7;4;4;1;4;6;1;2;6;3;3;0;3;0;2;1;1;0;0;0;0;0;0;0;0;0;0;0;0;0;0;0
Territorio/Età;;0;1;2;3;4;5;6;7;8;9;10;11;12;13;14;15;16;17;18;19;20;21;22;23;24;25;26;27;28;29;30;31;32;33;34;35;36;37;38;39;40;41;42;43;44;45;46;47;48;49;50;51;52;53;54;55;56;57;58;59;60;61;62;63;64;65;66;67;68;69;70;71;72;73;74;75;76;77;78;79;80;81;82;83;84;85;86;87;88;89;90;91;92;93;94;95;96;97;98;99;100
Codice comune;Comune;Femmine
092003;Assemini;2;2;0;1;3;4;2;4;0;1;3;1;2;3;0;0;2;2;1;0;1;1;4;0;0;6;4;4;3;9;8;15;7;4;2;5;6;2;6;1;1;9;3;4;3;1;0;3;4;0;0;0;1;1;1;0;0;0;0;0;0;0;0;0;1;1;0;0;0;2;0;1;0;1;0;1;0;0;0;0;1;0;0;0;0;0;0;0;0;0;0;0;0;0;0;0;0;0;0;0;0
092009;Cagliari;16;14;21;20;25;15;16;11;15;11;13;8;9;10;20;11;9;17;8;7;12;21;10;15;30;45;48;45;41;62;55;64;62;54;47;34;43;43;28;43;34;37;28;31;23;31;34;21;20;29;19;39;30;12;21;14;13;10;10;1;8;8;5;12;1;3;6;3;1;0;3;2;1;1;3;0;3;1;0;0;0;0;3;1;3;0;2;0;0;0;0;0;0;0;0;0;0;0;0;0;0
092011;Capoterra;0;3;2;0;0;0;2;3;2;2;1;0;3;1;0;0;1;2;0;3;0;0;3;0;2;2;2;1;7;4;11;4;7;7;5;4;6;5;1;3;6;6;5;5;2;4;2;2;1;5;1;2;2;3;0;0;0;1;1;0;1;0;1;2;0;0;1;0;0;0;0;0;0;0;0;0;0;0;0;0;0;0;0;0;0;0;0;1;0;0;0;0;0;0;0;0;0;0;0;0;0
092015;Decimomannu;0;0;0;0;1;0;0;0;0;0;2;1;0;0;0;0;0;0;0;0;0;0;0;1;0;1;0;4;3;5;7;3;2;4;1;0;1;3;0;0;2;1;0;0;0;0;0;0;0;1;1;2;0;1;0;0;0;0;0;0;0;0;0;0;1;0;0;0;0;0;0;0;0;1;0;0;0;0;0;0;0;0;0;0;0;0;0;0;0;0;0;0;0;0;0;0;0;0;0;0;0
092037;Maracalagonis;0;2;0;0;1;0;0;2;0;1;1;0;1;0;0;0;1;0;0;1;0;3;0;0;0;0;4;0;1;1;0;0;4;2;0;1;0;1;0;0;0;1;0;1;2;0;0;0;0;0;0;0;0;1;0;1;0;0;0;0;1;0;0;0;0;0;0;1;0;0;0;0;0;0;0;0;0;0;0;0;0;0;0;0;0;0;0;0;0;0;0;0;0;0;0;0;0;0;0;0;0
092050;Pula;2;1;0;0;1;0;0;0;0;0;0;3;1;1;2;1;0;1;1;2;0;0;0;2;4;2;1;0;3;0;4;5;8;6;4;4;4;2;4;5;0;1;2;0;1;2;1;1;0;1;1;1;1;0;1;2;1;0;0;1;0;3;0;2;0;1;0;3;0;0;0;1;1;0;0;0;0;0;0;0;0;0;0;0;0;0;0;0;1;0;0;0;0;0;0;0;0;0;0;0;0
092051;Quartu Sant'Elena;1;1;4;3;2;1;2;3;4;4;4;1;5;4;2;5;0;3;1;5;5;0;8;6;15;6;12;19;17;21;17;23;17;16;18;22;21;17;15;6;19;15;7;13;11;12;9;7;18;6;4;10;9;7;11;2;0;2;2;6;0;0;4;3;1;4;1;0;2;0;2;1;0;0;2;1;0;1;0;0;1;2;0;1;1;0;0;0;0;0;0;0;0;0;0;0;0;0;0;0;0
092066;Sarroch;0;0;0;0;1;0;0;1;1;1;0;0;0;0;0;0;0;0;0;1;0;0;1;0;0;1;0;0;2;0;1;2;1;0;1;0;3;0;2;1;0;1;0;1;2;0;0;0;0;0;0;0;0;0;2;0;4;0;0;0;1;1;0;0;1;0;0;0;0;2;0;0;0;0;0;0;0;0;0;0;0;0;0;0;0;0;0;0;0;0;0;0;0;0;0;0;0;0;0;0;0
092068;Selargius;2;3;1;1;0;1;1;3;0;0;0;2;0;1;1;0;1;0;1;3;3;1;2;2;5;1;9;5;3;8;5;5;8;7;0;10;1;5;2;7;3;4;4;4;2;2;0;0;5;1;4;2;0;0;2;1;2;0;1;1;2;0;1;0;0;2;0;0;0;1;0;0;0;0;0;0;0;0;0;0;0;0;0;0;0;0;0;0;0;0;0;0;0;0;0;0;0;0;0;0;0
092074;Sestu;0;0;1;0;0;0;0;3;3;0;3;0;0;0;1;1;1;0;0;0;2;0;0;2;4;5;3;0;5;1;2;8;1;3;3;4;0;5;1;0;1;3;1;2;1;2;0;1;1;2;2;1;3;1;0;2;0;0;0;0;0;0;0;0;0;0;0;0;0;0;0;0;0;0;0;0;0;0;0;0;0;0;0;0;0;0;0;0;0;0;0;0;0;0;0;0;0;0;0;0;0
092075;Settimo San Pietro;0;0;0;0;0;0;1;0;1;0;0;0;0;3;0;0;0;0;0;0;0;0;1;1;0;0;1;2;0;0;0;0;0;2;2;1;0;0;1;0;1;0;0;0;0;1;1;0;1;1;0;2;0;0;0;1;0;0;0;0;0;0;0;0;0;0;0;0;0;0;0;0;0;0;0;0;0;0;0;0;0;0;0;0;0;0;0;0;0;0;0;0;0;0;0;0;0;0;0;0;0
092080;Sinnai;0;2;1;0;0;0;1;0;0;0;1;0;0;0;1;0;0;0;1;0;0;2;0;5;0;2;2;0;0;3;3;2;0;11;0;0;1;4;0;0;3;4;1;2;2;0;0;1;1;1;2;0;1;1;0;0;1;0;1;0;0;1;0;0;0;0;0;0;0;0;1;0;0;0;0;0;0;0;0;0;0;0;0;0;1;0;0;0;0;0;0;0;0;0;0;0;0;0;0;0;0
092090;Uta;1;2;2;1;1;1;0;0;2;0;0;1;0;1;0;2;0;0;2;0;2;1;1;2;2;3;5;1;1;0;6;0;4;2;1;3;3;1;1;0;1;0;0;2;2;1;0;3;4;0;4;0;1;1;0;1;0;1;0;0;0;0;0;0;0;0;0;0;0;0;0;0;1;0;0;0;0;0;0;0;0;0;0;0;0;0;0;0;0;0;0;0;0;0;0;0;0;0;0;0;0
092099;Villa San Pietro;1;0;1;0;0;1;0;0;0;0;0;0;0;0;0;0;0;0;0;0;0;0;0;0;0;0;0;1;2;0;0;0;0;2;0;0;1;0;1;0;2;0;0;0;0;1;2;0;1;0;0;0;0;0;0;0;0;0;0;0;1;0;0;0;0;0;0;0;0;0;0;0;0;0;0;0;0;0;0;0;0;0;0;0;0;0;2;0;0;0;0;0;0;0;0;0;0;0;0;0;0
092105;Quartucciu;2;0;1;0;0;0;1;0;0;0;1;0;1;0;1;1;0;0;0;0;0;0;0;3;0;3;1;1;3;5;9;0;7;3;3;0;0;2;2;0;0;2;1;0;1;0;0;0;0;1;1;0;0;1;0;0;0;0;1;0;0;0;0;0;0;1;0;0;2;1;0;0;0;0;0;0;0;0;1;0;0;0;0;0;0;0;0;0;0;0;0;0;0;0;0;0;0;0;0;0;0
092108;Elmas;0;0;2;0;1;0;0;1;2;1;0;0;0;0;0;0;0;1;0;0;0;0;2;4;0;0;2;0;0;2;3;0;3;2;7;2;2;0;2;0;2;2;1;0;2;0;0;0;0;2;0;0;1;3;0;1;3;0;0;1;0;0;0;0;0;0;0;0;0;0;0;0;0;0;0;0;0;0;0;0;0;0;0;0;0;0;0;0;0;0;0;0;0;0;0;0;0;0;0;0;0
092109;Monserrato;0;1;2;0;0;0;1;0;0;1;3;0;0;2;1;0;1;0;0;0;0;0;0;0;0;0;0;0;2;0;6;4;4;4;6;5;4;2;4;1;3;1;1;2;2;2;3;1;0;0;0;2;0;1;0;0;0;1;1;1;0;0;1;0;1;0;0;0;0;0;0;0;0;0;0;0;0;0;1;0;0;0;0;0;0;0;1;0;0;0;0;0;0;0;0;0;0;0;0;0;0
;Totale;27;31;38;26;36;23;27;31;30;22;32;17;22;26;29;21;16;26;15;22;25;29;32;43;62;77;94;83;93;121;137;135;135;129;100;95;96;92;70;67;78;87;54;67;56;59;52;40;56;50;39;61;49;33;38;25;24;15;17;11;14;13;12;19;6;12;8;7;5;6;6;5;3;3;5;2;3;2;2;0;2;2;3;2;5;0;5;1;1;0;0;0;0;0;0;0;0;0;0;0;0

"Ricostruzione della popolazione intercensuaria - Popolazione al 1° gennaio per età"
"Cittadinanza straniera - Anno: 2009 - Provincia: Cagliari"
Territorio/Età;;0;1;2;3;4;5;6;7;8;9;10;11;12;13;14;15;16;17;18;19;20;21;22;23;24;25;26;27;28;29;30;31;32;33;34;35;36;37;38;39;40;41;42;43;44;45;46;47;48;49;50;51;52;53;54;55;56;57;58;59;60;61;62;63;64;65;66;67;68;69;70;71;72;73;74;75;76;77;78;79;80;81;82;83;84;85;86;87;88;89;90;91;92;93;94;95;96;97;98;99;100
Codice comune;Comune;Totale
092003;Assemini;4;5;4;5;3;3;5;3;6;2;7;2;5;2;4;2;2;4;6;2;0;4;6;5;7;3;12;10;5;2;12;12;22;11;8;7;6;8;4;8;8;6;12;9;6;5;2;4;5;8;2;1;2;2;3;1;1;0;1;5;0;0;0;0;0;2;1;3;0;0;1;0;1;1;1;1;1;0;0;0;0;1;0;0;0;1;0;0;0;0;0;0;0;0;0;0;0;0;0;0;0
092009;Cagliari;44;42;41;35;40;39;44;41;32;30;27;28;26;40;26;25;26;38;38;33;33;37;37;32;32;53;76;92;84;99;112;97;109;117;113;96;91;91;115;81;94;87;80;77;85;63;88;72;64;57;60;54;57;64;36;41;43;27;35;25;15;16;15;14;14;7;7;9;7;1;2;4;2;1;2;4;0;4;2;0;3;0;0;2;1;3;0;2;0;0;0;0;0;0;0;0;0;0;0;0;0
092011;Capoterra;7;2;1;3;2;0;3;3;5;2;2;5;1;4;3;0;1;2;2;4;3;9;0;3;4;7;8;7;10;8;12;12;12;11;7;12;5;10;12;7;8;7;9;13;6;7;10;6;4;5;6;3;2;7;6;3;1;3;3;1;2;1;0;2;3;0;3;3;1;0;1;0;0;0;0;0;0;0;0;0;0;0;0;0;0;0;0;0;0;0;0;0;0;0;0;0;0;0;0;0;0
092015;Decimomannu;0;1;0;2;2;1;0;1;3;0;1;2;1;3;0;2;0;1;1;0;1;2;1;1;1;2;3;0;8;6;8;10;7;9;8;2;0;4;4;1;2;3;2;0;2;1;0;2;1;1;0;3;2;2;1;0;0;0;0;0;0;0;0;0;0;1;0;0;0;0;0;1;0;0;0;0;0;0;0;0;0;0;0;0;0;0;0;0;0;0;0;0;0;0;0;0;0;0;0;0;0
092037;Maracalagonis;0;0;2;0;0;2;0;0;2;0;1;1;1;1;1;1;0;2;0;0;1;1;2;0;3;1;0;2;0;3;1;0;0;5;4;1;2;0;1;0;1;1;1;1;1;2;1;2;1;0;0;1;0;0;2;0;1;0;0;1;1;1;0;0;0;0;1;0;2;0;0;0;0;0;1;0;0;0;0;0;0;0;0;0;0;0;0;0;0;0;0;0;0;0;0;0;0;0;0;0;0
092050;Pula;1;4;3;2;4;2;3;0;1;3;1;0;3;1;2;3;3;1;1;1;3;1;0;0;2;6;5;2;3;3;3;3;7;9;9;4;5;6;2;4;5;4;4;8;5;1;5;4;4;1;2;1;3;1;1;2;3;2;0;3;0;1;2;1;4;0;1;0;4;1;1;0;2;1;0;1;0;0;0;0;0;0;0;0;0;0;0;0;0;1;0;0;0;0;0;0;0;0;0;0;0
092051;Quartu Sant'Elena;12;3;2;9;6;9;4;3;11;7;5;5;2;10;9;6;10;10;9;13;10;8;5;15;20;14;19;26;21;31;30;28;32;33;26;30;42;37;38;27;22;34;24;21;30;24;24;17;21;32;25;15;27;18;11;27;16;7;15;8;11;5;1;5;6;3;4;1;7;6;2;2;4;1;1;2;2;0;1;1;0;1;4;0;1;1;1;0;0;0;0;0;0;0;0;0;0;0;0;0;0
092066;Sarroch;0;0;0;0;0;2;1;1;1;1;1;1;1;0;0;0;0;0;0;1;1;0;0;1;0;0;2;3;0;2;0;1;5;0;0;2;0;4;0;3;0;2;0;0;3;2;0;1;0;1;0;0;3;3;2;2;0;5;0;0;4;5;1;1;0;1;0;0;1;0;2;0;0;0;0;0;0;0;2;1;0;0;0;0;0;0;0;0;0;0;0;0;0;0;0;0;0;0;0;0;0
092068;Selargius;6;6;5;5;3;2;3;2;8;1;1;1;3;0;4;4;1;1;0;4;4;3;4;2;3;8;12;13;9;6;13;8;8;18;9;2;9;2;5;7;12;5;4;3;5;5;1;5;0;7;6;4;5;1;1;1;7;3;2;2;1;2;2;1;1;0;2;0;0;0;2;0;0;0;0;0;0;0;0;0;0;0;0;0;0;0;0;0;0;0;0;0;0;0;0;0;0;0;0;0;0
092074;Sestu;3;0;4;1;3;2;6;0;2;2;1;2;0;2;0;1;1;1;0;1;0;2;0;0;7;7;6;4;2;7;5;7;12;4;6;7;5;1;7;2;3;5;3;2;1;3;2;0;1;5;3;2;2;5;2;1;2;2;0;2;1;0;1;0;0;0;0;0;0;0;0;0;0;0;0;0;0;0;0;0;0;0;0;0;0;0;0;0;0;0;0;0;0;0;0;0;0;0;0;0;0
092075;Settimo San Pietro;0;0;0;0;1;0;1;1;0;2;0;0;0;1;3;0;0;1;0;0;0;3;0;1;1;0;0;1;4;0;0;0;2;0;4;2;0;0;0;1;0;1;0;0;0;3;1;1;0;1;1;1;4;0;0;0;1;0;0;0;1;0;0;0;0;0;0;0;0;0;0;0;0;0;0;0;0;0;0;0;0;0;0;0;0;0;0;0;0;0;0;0;0;0;0;0;0;0;0;0;0
092080;Sinnai;0;4;3;4;1;1;0;1;0;1;2;3;1;0;0;1;0;2;0;0;0;0;7;0;5;1;2;4;3;0;3;5;3;5;11;5;4;2;6;2;2;3;8;1;3;4;1;0;3;3;1;3;2;1;2;1;0;1;1;2;1;1;1;0;1;0;0;0;0;0;0;1;0;0;0;0;0;0;0;0;0;0;0;0;0;1;0;0;0;0;0;0;0;0;0;0;0;0;0;0;0
092090;Uta;2;2;3;3;5;2;4;1;0;2;2;1;1;0;3;3;3;2;0;4;1;4;3;2;9;2;3;9;3;3;3;9;3;6;6;4;6;1;2;3;2;3;1;2;3;4;2;1;2;5;1;6;0;3;2;3;1;0;2;2;0;1;0;1;0;0;0;0;0;0;0;0;0;1;0;0;0;1;0;0;0;0;0;0;0;0;0;0;0;0;0;0;0;0;0;0;0;0;0;0;0
092099;Villa San Pietro;0;2;2;1;0;1;1;1;0;0;0;1;0;0;0;0;0;0;0;1;0;0;0;0;1;1;1;0;2;2;1;0;1;0;2;0;0;2;0;0;0;3;0;0;0;0;4;2;0;1;0;0;0;0;2;1;0;0;0;0;0;1;1;0;0;1;0;0;0;0;0;0;0;0;0;0;0;0;0;0;0;0;0;0;0;0;0;2;0;0;0;0;0;0;0;0;0;0;0;0;0
092105;Quartucciu;0;2;0;0;1;0;0;1;0;1;0;1;0;1;0;3;2;2;0;2;0;0;2;2;5;2;4;0;2;1;7;9;0;6;3;2;0;1;2;4;1;2;2;3;0;3;5;0;2;1;1;0;0;0;2;0;0;1;0;1;0;1;0;0;0;0;1;0;0;3;1;0;0;0;0;1;0;0;0;1;0;0;0;0;0;0;0;0;0;0;0;0;0;0;0;0;0;0;0;0;0
092108;Elmas;2;2;1;1;0;1;1;0;1;3;2;2;0;2;0;1;3;0;0;0;0;2;0;4;5;1;2;2;1;1;4;3;4;6;1;6;3;4;3;2;1;6;3;3;0;3;1;3;0;4;2;0;2;0;4;2;1;4;1;0;3;1;2;0;1;0;0;0;0;0;0;0;0;0;0;0;0;0;0;0;0;0;0;0;0;0;0;0;0;0;0;0;0;0;0;0;0;0;0;0;0
092109;Monserrato;0;0;3;4;2;2;1;3;4;1;2;5;2;0;2;1;2;1;0;0;0;2;2;1;5;1;2;1;3;3;6;12;6;7;6;5;7;4;3;7;8;6;4;3;3;7;5;8;5;2;0;3;2;2;3;0;2;0;1;1;2;0;0;1;1;2;2;1;0;0;0;1;0;0;0;0;0;0;0;1;0;0;0;0;0;0;0;1;0;0;0;0;0;0;0;0;0;0;0;0;0
;Totale;81;75;74;75;73;69;77;62;76;58;55;60;47;67;57;53;54;68;57;66;57;78;69;69;110;109;157;176;160;177;220;216;233;247;223;187;185;177;204;159;169;178;157;146;153;137;152;128;113;134;110;97;113;109;80;85;79;55;61;53;42;36;26;26;31;17;22;17;22;11;12;9;9;5;5;9;3;5;5;4;3;2;4;2;2;6;1;5;0;1;0;0;0;0;0;0;0;0;0;0;0
Territorio/Età;;0;1;2;3;4;5;6;7;8;9;10;11;12;13;14;15;16;17;18;19;20;21;22;23;24;25;26;27;28;29;30;31;32;33;34;35;36;37;38;39;40;41;42;43;44;45;46;47;48;49;50;51;52;53;54;55;56;57;58;59;60;61;62;63;64;65;66;67;68;69;70;71;72;73;74;75;76;77;78;79;80;81;82;83;84;85;86;87;88;89;90;91;92;93;94;95;96;97;98;99;100
Codice comune;Comune;Maschi
092003;Assemini;3;3;2;5;1;1;1;2;2;2;4;0;4;0;2;2;2;3;3;1;0;2;3;0;7;3;1;0;1;0;2;6;8;2;5;4;0;0;4;3;7;3;3;4;2;0;1;4;1;1;2;1;1;0;3;1;1;0;1;5;0;0;0;0;0;1;0;1;0;0;1;0;0;1;0;1;0;0;0;0;0;0;0;0;0;1;0;0;0;0;0;0;0;0;0;0;0;0;0;0;0
092009;Cagliari;20;27;24;12;20;10;28;14;16;14;14;15;17;28;13;5;13;25;18;18;19;21;11;8;2;16;19;25;28;45;49;43;39;43;48;40;42;44;57;41;37;41;38;37;40;30;46;39;38;23;26;20;17;22;18;13;21;8;14;9;7;6;7;7;2;4;2;5;2;1;2;2;1;0;1;2;0;1;2;0;3;0;0;0;1;0;0;0;0;0;0;0;0;0;0;0;0;0;0;0;0
092011;Capoterra;0;2;0;1;0;0;1;2;1;0;1;2;1;1;1;0;1;1;0;3;1;6;0;0;2;3;4;3;5;0;3;0;5;2;3;7;0;3;4;6;5;2;4;7;1;2;6;4;1;3;1;3;0;4;2;3;1;2;2;1;2;0;0;1;1;0;3;2;1;0;1;0;0;0;0;0;0;0;0;0;0;0;0;0;0;0;0;0;0;0;0;0;0;0;0;0;0;0;0;0;0
092015;Decimomannu;0;1;0;2;2;0;0;0;2;0;1;0;0;2;0;2;0;0;0;0;1;0;1;1;1;1;0;0;4;4;1;2;2;6;2;0;0;3;2;1;2;2;0;0;2;1;0;2;1;1;0;2;0;1;0;0;0;0;0;0;0;0;0;0;0;0;0;0;0;0;0;1;0;0;0;0;0;0;0;0;0;0;0;0;0;0;0;0;0;0;0;0;0;0;0;0;0;0;0;0;0
092037;Maracalagonis;0;0;0;0;0;1;0;0;0;0;0;0;1;0;1;1;0;1;0;0;0;0;0;0;0;1;0;0;0;1;0;0;0;0;2;1;1;0;0;0;1;1;0;1;0;0;1;2;1;0;0;0;0;0;1;0;0;0;0;1;1;0;0;0;0;0;1;0;1;0;0;0;0;0;1;0;0;0;0;0;0;0;0;0;0;0;0;0;0;0;0;0;0;0;0;0;0;0;0;0;0
092050;Pula;0;2;2;2;4;1;3;0;1;3;1;0;0;0;0;1;2;1;0;0;1;1;0;0;0;0;2;1;0;1;2;0;2;1;3;2;3;1;0;0;2;3;3;5;5;0;3;2;2;1;1;0;2;0;0;1;1;1;0;3;0;1;0;1;2;0;0;0;1;1;1;0;1;0;0;1;0;0;0;0;0;0;0;0;0;0;0;0;0;0;0;0;0;0;0;0;0;0;0;0;0
092051;Quartu Sant'Elena;4;2;1;3;4;6;3;1;6;2;1;0;2;4;5;4;6;10;6;12;2;5;1;2;10;1;9;7;0;11;8;9;10;11;7;8;18;13;21;12;16;18;10;16;17;13;9;6;13;12;18;11;16;8;3;16;12;5;8;7;4;5;1;0;2;2;2;0;7;4;2;0;3;1;1;1;1;0;0;1;0;0;2;0;1;0;1;0;0;0;0;0;0;0;0;0;0;0;0;0;0
092066;Sarroch;0;0;0;0;0;0;1;1;0;0;0;1;1;0;0;0;0;0;0;0;1;0;0;0;0;0;1;3;0;0;0;1;2;0;0;1;0;0;0;1;0;2;0;0;1;0;0;1;0;1;0;0;0;3;0;0;0;0;0;0;4;4;0;1;0;0;0;0;1;0;0;0;0;0;0;0;0;0;2;1;0;0;0;0;0;0;0;0;0;0;0;0;0;0;0;0;0;0;0;0;0
092068;Selargius;3;3;2;3;1;2;1;1;5;1;0;0;1;0;3;3;1;1;0;2;0;1;1;0;1;3;6;6;5;2;4;3;4;10;2;2;1;2;2;4;3;3;0;0;1;4;0;4;0;3;3;0;2;1;1;0;3;3;2;1;0;0;2;0;1;0;0;0;0;0;1;0;0;0;0;0;0;0;0;0;0;0;0;0;0;0;0;0;0;0;0;0;0;0;0;0;0;0;0;0;0
092074;Sestu;0;0;4;0;2;1;5;0;0;0;1;0;0;1;0;1;0;0;0;1;0;0;0;0;3;2;0;1;0;2;1;4;3;2;2;3;2;0;1;2;1;2;1;1;1;0;0;0;0;3;1;0;0;2;1;0;0;2;0;2;1;0;1;0;0;0;0;0;0;0;0;0;0;0;0;0;0;0;0;0;0;0;0;0;0;0;0;0;0;0;0;0;0;0;0;0;0;0;0;0;0
092075;Settimo San Pietro;0;0;0;0;0;0;1;0;0;1;0;0;0;1;0;0;0;1;0;0;0;2;0;0;0;0;0;0;0;0;0;0;2;0;0;0;0;0;0;0;0;0;0;0;0;3;0;0;0;0;0;1;0;0;0;0;0;0;0;0;1;0;0;0;0;0;0;0;0;0;0;0;0;0;0;0;0;0;0;0;0;0;0;0;0;0;0;0;0;0;0;0;0;0;0;0;0;0;0;0;0
092080;Sinnai;0;3;1;2;1;1;0;0;0;1;2;2;1;0;0;1;0;2;0;0;0;0;5;0;0;0;0;0;0;0;0;2;0;3;3;4;4;0;2;1;2;0;4;0;1;2;1;0;2;1;0;1;2;0;1;0;0;0;1;0;1;0;0;0;1;0;0;0;0;0;0;0;0;0;0;0;0;0;0;0;0;0;0;0;0;0;0;0;0;0;0;0;0;0;0;0;0;0;0;0;0
092090;Uta;2;1;1;1;4;1;3;1;0;0;2;1;0;0;1;3;1;2;0;3;0;2;2;1;6;0;0;1;2;2;3;4;2;2;4;3;3;0;1;3;1;2;1;1;2;2;0;1;0;1;1;4;0;2;1;2;0;0;2;2;0;1;0;1;0;0;0;0;0;0;0;0;0;0;0;0;0;1;0;0;0;0;0;0;0;0;0;0;0;0;0;0;0;0;0;0;0;0;0;0;0
092099;Villa San Pietro;0;0;1;0;0;1;0;1;0;0;0;1;0;0;0;0;0;0;0;1;0;0;0;0;0;1;0;0;1;0;1;0;1;0;0;0;0;1;0;0;0;1;0;0;0;0;3;0;0;0;0;0;0;0;1;1;0;0;0;0;0;0;1;0;0;1;0;0;0;0;0;0;0;0;0;0;0;0;0;0;0;0;0;0;0;0;0;0;0;0;0;0;0;0;0;0;0;0;0;0;0
092105;Quartucciu;0;0;0;0;1;0;0;0;0;0;0;0;0;0;0;1;1;2;0;2;0;0;0;2;2;2;0;0;0;0;2;1;0;0;0;0;0;1;0;2;1;2;0;0;0;1;4;0;1;0;0;0;0;0;0;0;0;0;0;0;0;1;0;0;0;0;0;0;0;1;0;0;0;0;0;1;0;0;0;0;0;0;0;0;0;0;0;0;0;0;0;0;0;0;0;0;0;0;0;0;0
092108;Elmas;2;2;1;1;0;0;0;0;0;1;1;2;0;2;0;1;3;0;0;0;0;2;0;2;2;0;2;1;1;1;2;0;4;2;0;0;1;2;3;0;1;3;2;2;0;1;0;3;0;4;0;0;2;0;1;2;0;1;1;0;2;1;2;0;1;0;0;0;0;0;0;0;0;0;0;0;0;0;0;0;0;0;0;0;0;0;0;0;0;0;0;0;0;0;0;0;0;0;0;0;0
092109;Monserrato;0;0;1;2;2;2;1;1;3;1;1;2;2;0;1;0;1;0;0;0;0;2;2;0;4;0;2;1;1;0;1;5;1;2;3;0;2;3;0;3;6;4;3;2;2;4;3;2;3;2;0;3;0;1;2;0;1;0;1;0;1;0;0;0;1;1;2;1;0;0;0;1;0;0;0;0;0;0;0;0;0;0;0;0;0;0;0;0;0;0;0;0;0;0;0;0;0;0;0;0;0
;Totale;34;46;40;34;42;27;48;24;36;26;29;26;30;39;27;25;31;49;27;43;25;44;26;16;40;33;46;49;48;69;79;80;85;86;84;75;77;73;97;79;85;89;69;76;75;63;77;70;63;56;53;46;42;44;35;39;40;22;32;31;24;19;14;11;11;9;10;9;13;7;8;4;5;2;3;6;1;2;4;2;3;0;2;0;2;1;1;0;0;0;0;0;0;0;0;0;0;0;0;0;0
Territorio/Età;;0;1;2;3;4;5;6;7;8;9;10;11;12;13;14;15;16;17;18;19;20;21;22;23;24;25;26;27;28;29;30;31;32;33;34;35;36;37;38;39;40;41;42;43;44;45;46;47;48;49;50;51;52;53;54;55;56;57;58;59;60;61;62;63;64;65;66;67;68;69;70;71;72;73;74;75;76;77;78;79;80;81;82;83;84;85;86;87;88;89;90;91;92;93;94;95;96;97;98;99;100
Codice comune;Comune;Femmine
092003;Assemini;1;2;2;0;2;2;4;1;4;0;3;2;1;2;2;0;0;1;3;1;0;2;3;5;0;0;11;10;4;2;10;6;14;9;3;3;6;8;0;5;1;3;9;5;4;5;1;0;4;7;0;0;1;2;0;0;0;0;0;0;0;0;0;0;0;1;1;2;0;0;0;0;1;0;1;0;1;0;0;0;0;1;0;0;0;0;0;0;0;0;0;0;0;0;0;0;0;0;0;0;0
092009;Cagliari;24;15;17;23;20;29;16;27;16;16;13;13;9;12;13;20;13;13;20;15;14;16;26;24;30;37;57;67;56;54;63;54;70;74;65;56;49;47;58;40;57;46;42;40;45;33;42;33;26;34;34;34;40;42;18;28;22;19;21;16;8;10;8;7;12;3;5;4;5;0;0;2;1;1;1;2;0;3;0;0;0;0;0;2;0;3;0;2;0;0;0;0;0;0;0;0;0;0;0;0;0
092011;Capoterra;7;0;1;2;2;0;2;1;4;2;1;3;0;3;2;0;0;1;2;1;2;3;0;3;2;4;4;4;5;8;9;12;7;9;4;5;5;7;8;1;3;5;5;6;5;5;4;2;3;2;5;0;2;3;4;0;0;1;1;0;0;1;0;1;2;0;0;1;0;0;0;0;0;0;0;0;0;0;0;0;0;0;0;0;0;0;0;0;0;0;0;0;0;0;0;0;0;0;0;0;0
092015;Decimomannu;0;0;0;0;0;1;0;1;1;0;0;2;1;1;0;0;0;1;1;0;0;2;0;0;0;1;3;0;4;2;7;8;5;3;6;2;0;1;2;0;0;1;2;0;0;0;0;0;0;0;0;1;2;1;1;0;0;0;0;0;0;0;0;0;0;1;0;0;0;0;0;0;0;0;0;0;0;0;0;0;0;0;0;0;0;0;0;0;0;0;0;0;0;0;0;0;0;0;0;0;0
092037;Maracalagonis;0;0;2;0;0;1;0;0;2;0;1;1;0;1;0;0;0;1;0;0;1;1;2;0;3;0;0;2;0;2;1;0;0;5;2;0;1;0;1;0;0;0;1;0;1;2;0;0;0;0;0;1;0;0;1;0;1;0;0;0;0;1;0;0;0;0;0;0;1;0;0;0;0;0;0;0;0;0;0;0;0;0;0;0;0;0;0;0;0;0;0;0;0;0;0;0;0;0;0;0;0
092050;Pula;1;2;1;0;0;1;0;0;0;0;0;0;3;1;2;2;1;0;1;1;2;0;0;0;2;6;3;1;3;2;1;3;5;8;6;2;2;5;2;4;3;1;1;3;0;1;2;2;2;0;1;1;1;1;1;1;2;1;0;0;0;0;2;0;2;0;1;0;3;0;0;0;1;1;0;0;0;0;0;0;0;0;0;0;0;0;0;0;0;1;0;0;0;0;0;0;0;0;0;0;0
092051;Quartu Sant'Elena;8;1;1;6;2;3;1;2;5;5;4;5;0;6;4;2;4;0;3;1;8;3;4;13;10;13;10;19;21;20;22;19;22;22;19;22;24;24;17;15;6;16;14;5;13;11;15;11;8;20;7;4;11;10;8;11;4;2;7;1;7;0;0;5;4;1;2;1;0;2;0;2;1;0;0;1;1;0;1;0;0;1;2;0;0;1;0;0;0;0;0;0;0;0;0;0;0;0;0;0;0
092066;Sarroch;0;0;0;0;0;2;0;0;1;1;1;0;0;0;0;0;0;0;0;1;0;0;0;1;0;0;1;0;0;2;0;0;3;0;0;1;0;4;0;2;0;0;0;0;2;2;0;0;0;0;0;0;3;0;2;2;0;5;0;0;0;1;1;0;0;1;0;0;0;0;2;0;0;0;0;0;0;0;0;0;0;0;0;0;0;0;0;0;0;0;0;0;0;0;0;0;0;0;0;0;0
092068;Selargius;3;3;3;2;2;0;2;1;3;0;1;1;2;0;1;1;0;0;0;2;4;2;3;2;2;5;6;7;4;4;9;5;4;8;7;0;8;0;3;3;9;2;4;3;4;1;1;1;0;4;3;4;3;0;0;1;4;0;0;1;1;2;0;1;0;0;2;0;0;0;1;0;0;0;0;0;0;0;0;0;0;0;0;0;0;0;0;0;0;0;0;0;0;0;0;0;0;0;0;0;0
092074;Sestu;3;0;0;1;1;1;1;0;2;2;0;2;0;1;0;0;1;1;0;0;0;2;0;0;4;5;6;3;2;5;4;3;9;2;4;4;3;1;6;0;2;3;2;1;0;3;2;0;1;2;2;2;2;3;1;1;2;0;0;0;0;0;0;0;0;0;0;0;0;0;0;0;0;0;0;0;0;0;0;0;0;0;0;0;0;0;0;0;0;0;0;0;0;0;0;0;0;0;0;0;0
092075;Settimo San Pietro;0;0;0;0;1;0;0;1;0;1;0;0;0;0;3;0;0;0;0;0;0;1;0;1;1;0;0;1;4;0;0;0;0;0;4;2;0;0;0;1;0;1;0;0;0;0;1;1;0;1;1;0;4;0;0;0;1;0;0;0;0;0;0;0;0;0;0;0;0;0;0;0;0;0;0;0;0;0;0;0;0;0;0;0;0;0;0;0;0;0;0;0;0;0;0;0;0;0;0;0;0
092080;Sinnai;0;1;2;2;0;0;0;1;0;0;0;1;0;0;0;0;0;0;0;0;0;0;2;0;5;1;2;4;3;0;3;3;3;2;8;1;0;2;4;1;0;3;4;1;2;2;0;0;1;2;1;2;0;1;1;1;0;1;0;2;0;1;1;0;0;0;0;0;0;0;0;1;0;0;0;0;0;0;0;0;0;0;0;0;0;1;0;0;0;0;0;0;0;0;0;0;0;0;0;0;0
092090;Uta;0;1;2;2;1;1;1;0;0;2;0;0;1;0;2;0;2;0;0;1;1;2;1;1;3;2;3;8;1;1;0;5;1;4;2;1;3;1;1;0;1;1;0;1;1;2;2;0;2;4;0;2;0;1;1;1;1;0;0;0;0;0;0;0;0;0;0;0;0;0;0;0;0;1;0;0;0;0;0;0;0;0;0;0;0;0;0;0;0;0;0;0;0;0;0;0;0;0;0;0;0
092099;Villa San Pietro;0;2;1;1;0;0;1;0;0;0;0;0;0;0;0;0;0;0;0;0;0;0;0;0;1;0;1;0;1;2;0;0;0;0;2;0;0;1;0;0;0;2;0;0;0;0;1;2;0;1;0;0;0;0;1;0;0;0;0;0;0;1;0;0;0;0;0;0;0;0;0;0;0;0;0;0;0;0;0;0;0;0;0;0;0;0;0;2;0;0;0;0;0;0;0;0;0;0;0;0;0
092105;Quartucciu;0;2;0;0;0;0;0;1;0;1;0;1;0;1;0;2;1;0;0;0;0;0;2;0;3;0;4;0;2;1;5;8;0;6;3;2;0;0;2;2;0;0;2;3;0;2;1;0;1;1;1;0;0;0;2;0;0;1;0;1;0;0;0;0;0;0;1;0;0;2;1;0;0;0;0;0;0;0;0;1;0;0;0;0;0;0;0;0;0;0;0;0;0;0;0;0;0;0;0;0;0
092108;Elmas;0;0;0;0;0;1;1;0;1;2;1;0;0;0;0;0;0;0;0;0;0;0;0;2;3;1;0;1;0;0;2;3;0;4;1;6;2;2;0;2;0;3;1;1;0;2;1;0;0;0;2;0;0;0;3;0;1;3;0;0;1;0;0;0;0;0;0;0;0;0;0;0;0;0;0;0;0;0;0;0;0;0;0;0;0;0;0;0;0;0;0;0;0;0;0;0;0;0;0;0;0
092109;Monserrato;0;0;2;2;0;0;0;2;1;0;1;3;0;0;1;1;1;1;0;0;0;0;0;1;1;1;0;0;2;3;5;7;5;5;3;5;5;1;3;4;2;2;1;1;1;3;2;6;2;0;0;0;2;1;1;0;1;0;0;1;1;0;0;1;0;1;0;0;0;0;0;0;0;0;0;0;0;0;0;1;0;0;0;0;0;0;0;1;0;0;0;0;0;0;0;0;0;0;0;0;0
;Totale;47;29;34;41;31;42;29;38;40;32;26;34;17;28;30;28;23;19;30;23;32;34;43;53;70;76;111;127;112;108;141;136;148;161;139;112;108;104;107;80;84;89;88;70;78;74;75;58;50;78;57;51;71;65;45;46;39;33;29;22;18;17;12;15;20;8;12;8;9;4;4;5;4;3;2;3;2;3;1;2;0;2;2;2;0;5;0;5;0;1;0;0;0;0;0;0;0;0;0;0;0

"Ricostruzione della popolazione intercensuaria - Popolazione al 1° gennaio per età"
"Cittadinanza straniera - Anno: 2010 - Provincia: Cagliari"
Territorio/Età;;0;1;2;3;4;5;6;7;8;9;10;11;12;13;14;15;16;17;18;19;20;21;22;23;24;25;26;27;28;29;30;31;32;33;34;35;36;37;38;39;40;41;42;43;44;45;46;47;48;49;50;51;52;53;54;55;56;57;58;59;60;61;62;63;64;65;66;67;68;69;70;71;72;73;74;75;76;77;78;79;80;81;82;83;84;85;86;87;88;89;90;91;92;93;94;95;96;97;98;99;100
Codice comune;Comune;Totale
092003;Assemini;2;4;7;2;4;3;4;6;2;5;1;6;3;5;3;5;2;0;5;5;2;5;5;6;6;8;7;13;11;5;2;13;11;18;10;8;8;6;8;9;9;10;7;16;10;4;8;2;5;5;6;3;1;3;2;1;1;1;1;2;3;0;0;1;1;1;2;1;3;0;0;1;0;1;1;0;0;1;0;3;0;0;1;0;0;0;1;0;0;0;0;0;0;0;0;0;0;0;0;0;0
092009;Cagliari;56;42;45;43;38;42;38;44;42;33;36;32;26;24;40;26;35;33;44;46;39;39;43;52;52;41;70;91;105;100;113;132;110;108;123;129;108;101;95;113;80;98;97;80;78;85;62;94;78;71;64;70;60;60;70;36;47;46;25;35;28;21;18;15;14;14;2;8;7;6;0;2;4;2;2;2;4;0;3;2;0;3;0;0;2;1;3;0;1;0;0;0;0;0;0;0;0;0;0;0;0
092011;Capoterra;5;9;2;0;4;1;2;3;3;5;4;2;6;2;2;3;1;0;4;4;3;2;11;1;5;1;7;10;7;18;7;10;12;10;13;6;13;8;11;16;7;10;6;13;13;5;9;8;9;3;4;6;4;2;6;5;3;0;3;3;0;2;1;0;3;2;0;4;3;2;0;1;0;0;0;0;0;0;0;0;0;0;0;0;0;0;0;0;0;0;0;0;0;0;0;0;0;0;0;0;0
092015;Decimomannu;0;0;1;0;2;0;2;0;1;4;0;1;4;1;2;0;2;1;1;0;0;1;2;1;1;2;5;3;1;6;7;9;9;7;7;9;1;1;3;4;2;2;3;0;0;0;1;0;4;1;1;0;2;2;2;1;1;0;0;0;0;0;0;0;0;0;0;0;0;0;0;0;1;0;0;0;0;0;0;0;0;0;0;0;0;0;0;0;0;0;0;0;0;0;0;0;0;0;0;0;0
092037;Maracalagonis;2;0;0;0;0;0;1;0;0;2;0;1;1;0;1;1;1;0;1;0;0;0;2;0;0;4;0;0;1;0;3;1;0;2;5;5;1;2;0;3;1;1;3;0;3;1;2;2;1;1;0;0;3;0;0;2;0;1;0;0;1;1;1;0;0;0;0;1;0;2;0;0;0;0;0;1;0;0;0;0;0;0;0;0;0;0;0;0;0;0;0;0;0;0;0;0;0;0;0;0;0
092050;Pula;0;0;4;3;3;4;2;4;0;1;3;1;0;3;1;2;3;2;1;1;0;2;1;0;2;3;8;4;2;2;2;3;3;5;9;7;3;3;7;2;4;6;3;3;7;5;1;7;3;3;1;1;2;3;0;1;2;3;1;0;3;0;1;1;0;4;0;0;0;4;1;1;0;2;1;0;1;0;0;0;0;0;0;0;0;0;0;0;0;0;0;0;0;0;0;0;0;0;0;0;0
092051;Quartu Sant'Elena;11;12;2;2;5;8;7;7;5;18;11;9;4;3;15;11;13;13;9;12;13;13;6;15;23;23;16;22;26;22;27;29;31;32;40;27;28;49;37;40;35;27;35;21;20;33;27;21;20;24;33;27;18;27;20;11;25;18;7;14;10;7;6;1;7;6;2;2;1;6;4;2;2;3;1;1;3;1;0;1;1;1;1;4;0;1;1;1;0;0;0;0;0;0;0;0;0;0;0;0;0
092066;Sarroch;2;0;0;0;0;0;1;1;1;0;1;1;0;1;1;0;0;0;1;0;1;0;1;0;2;0;0;2;1;0;1;0;0;1;0;0;1;0;3;1;3;1;1;0;0;2;2;0;2;0;1;0;0;1;3;1;2;0;4;0;0;3;3;1;1;0;1;0;0;1;0;2;0;0;0;0;0;0;0;2;0;0;0;0;0;0;0;0;0;0;0;0;0;0;0;0;0;0;0;0;0
092068;Selargius;8;6;6;5;6;4;3;3;2;6;1;1;1;3;0;4;4;2;4;0;4;4;4;6;3;4;8;9;12;6;7;12;4;7;13;8;2;7;4;5;6;10;4;4;1;6;4;1;5;3;7;4;5;2;4;0;2;7;3;3;2;2;2;2;1;0;0;2;0;0;1;2;0;0;0;0;0;0;0;0;0;0;0;0;0;0;0;0;0;0;0;0;0;0;0;0;0;0;0;0;0
092074;Sestu;3;3;2;4;2;3;3;5;0;2;2;1;2;0;2;0;1;0;1;0;2;1;2;1;1;7;5;5;6;4;10;4;6;11;7;8;6;6;2;8;3;4;5;3;2;2;4;2;2;1;5;3;3;1;5;4;1;1;2;0;3;1;1;0;1;0;0;0;0;0;0;0;0;0;0;0;0;0;0;0;0;0;0;0;0;0;0;0;0;0;0;0;0;0;0;0;0;0;0;0;0
092075;Settimo San Pietro;2;0;0;1;0;1;0;1;1;0;2;0;0;0;0;2;0;0;1;0;0;0;3;0;0;0;0;1;2;4;0;0;0;1;0;4;2;0;0;0;1;0;1;0;0;0;1;1;0;0;1;1;2;4;0;0;1;1;0;0;0;0;0;0;0;0;1;0;0;0;0;0;0;1;0;0;0;1;0;0;0;0;0;0;0;0;0;0;0;0;0;0;0;0;0;0;0;0;0;0;0
092080;Sinnai;2;1;3;3;4;2;1;0;2;1;3;2;7;1;1;0;1;0;1;0;0;0;1;6;2;7;2;1;4;5;3;3;4;2;2;11;4;4;2;7;3;2;3;8;2;3;6;1;0;3;3;1;3;2;0;2;1;1;1;2;2;2;1;1;0;1;0;0;0;0;0;0;1;0;0;0;0;0;0;0;0;0;0;0;0;0;1;0;0;0;0;0;0;0;0;0;0;0;0;0;0
092090;Uta;4;2;1;5;2;6;2;4;1;0;2;2;1;1;1;4;3;2;1;0;4;2;7;3;4;9;4;3;9;3;4;3;7;1;6;8;5;6;1;3;5;2;2;2;4;3;3;3;1;2;5;2;6;0;3;2;3;1;0;2;2;0;1;0;1;0;1;0;0;0;0;0;0;0;1;0;0;0;1;0;0;0;0;0;0;0;0;0;0;0;0;0;0;0;0;0;0;0;0;0;0
092099;Villa San Pietro;0;0;2;2;1;0;1;1;1;0;0;0;1;0;0;0;0;0;0;0;1;0;0;0;1;1;1;1;0;1;2;1;1;1;0;1;0;0;1;0;0;0;3;0;0;0;0;4;2;0;1;0;0;0;0;2;1;0;0;0;0;0;1;1;0;0;0;0;0;0;0;0;0;0;0;0;0;0;0;0;0;0;0;0;0;0;0;0;1;0;0;0;0;0;0;0;0;0;0;0;0
092105;Quartucciu;1;1;2;0;1;1;0;0;2;0;0;0;0;0;1;0;2;2;1;0;2;0;1;2;3;5;3;3;1;1;0;6;9;1;5;2;3;0;2;4;5;2;4;1;3;0;4;3;2;2;1;1;1;0;0;2;0;1;1;1;1;0;1;0;0;0;1;1;0;0;2;1;0;0;0;0;1;0;0;0;1;0;0;0;0;0;0;0;0;0;0;0;0;0;0;0;0;0;0;0;0
092108;Elmas;4;2;1;1;1;0;1;1;1;1;3;2;2;0;2;0;1;3;1;1;0;0;0;0;2;3;2;1;3;2;2;3;3;3;5;1;6;2;5;2;2;0;6;1;2;2;4;2;3;0;3;2;0;2;0;5;2;2;4;1;0;3;1;2;0;0;0;0;0;0;0;0;0;0;0;0;0;0;0;0;0;0;0;0;0;0;0;0;0;0;0;0;0;0;0;0;0;0;0;0;0
092109;Monserrato;1;0;0;3;4;2;1;2;3;4;1;3;5;2;1;2;2;2;1;2;2;0;3;2;1;4;1;3;4;5;4;4;9;5;5;4;6;7;3;5;5;7;6;5;4;6;5;4;9;1;0;1;3;2;1;3;0;4;1;1;1;1;0;0;0;0;2;1;1;0;0;0;1;0;0;0;0;0;0;0;0;0;0;0;0;0;0;0;1;0;0;0;0;0;0;0;0;0;0;0;0
;Totale;103;82;78;74;77;77;69;82;67;82;70;64;63;46;73;60;71;60;77;71;73;69;92;95;108;122;139;172;195;184;194;233;219;215;250;238;197;202;184;222;171;182;189;157;149;157;143;155;146;120;136;122;113;111;116;78;92;87;53;64;56;43;38;25;29;28;12;20;15;21;8;12;9;9;6;4;9;3;4;8;2;4;2;4;2;2;6;1;3;0;0;0;0;0;0;0;0;0;0;0;0
Territorio/Età;;0;1;2;3;4;5;6;7;8;9;10;11;12;13;14;15;16;17;18;19;20;21;22;23;24;25;26;27;28;29;30;31;32;33;34;35;36;37;38;39;40;41;42;43;44;45;46;47;48;49;50;51;52;53;54;55;56;57;58;59;60;61;62;63;64;65;66;67;68;69;70;71;72;73;74;75;76;77;78;79;80;81;82;83;84;85;86;87;88;89;90;91;92;93;94;95;96;97;98;99;100
Codice comune;Comune;Maschi
092003;Assemini;2;1;5;1;4;0;3;2;1;1;0;3;0;4;1;2;2;0;3;2;0;2;2;4;0;5;4;2;0;0;0;2;7;6;2;6;5;0;1;7;4;6;3;4;5;1;2;1;4;1;2;2;1;2;0;1;1;1;0;1;3;0;0;0;0;1;1;0;1;0;0;1;0;0;1;0;0;0;0;2;0;0;0;0;0;0;1;0;0;0;0;0;0;0;0;0;0;0;0;0;0
092009;Cagliari;30;18;30;23;15;19;11;25;18;20;17;17;16;16;29;10;13;14;29;23;20;22;25;18;16;5;24;29;37;33;56;62;46;35;44;56;45;47;47;58;42;41;40;30;36;41;28;45;35;41;25;26;21;16;23;16;12;22;9;16;10;9;8;7;5;2;1;3;4;1;0;2;2;1;0;1;2;0;0;2;0;3;0;0;0;1;0;0;0;0;0;0;0;0;0;0;0;0;0;0;0
092011;Capoterra;2;0;2;0;1;0;2;1;2;0;1;1;3;2;1;2;0;0;1;2;3;1;7;0;2;0;4;6;3;9;0;1;1;5;1;2;7;2;3;5;5;5;3;4;6;0;4;5;4;1;1;1;3;0;3;2;3;0;2;2;0;2;0;0;1;0;0;4;2;2;0;1;0;0;0;0;0;0;0;0;0;0;0;0;0;0;0;0;0;0;0;0;0;0;0;0;0;0;0;0;0
092015;Decimomannu;0;0;1;0;2;0;1;0;1;2;0;1;1;0;2;0;2;1;0;0;0;1;0;1;1;2;4;2;0;3;4;2;1;2;5;2;0;1;1;2;1;2;2;0;0;0;1;0;3;1;1;0;2;0;1;0;0;0;0;0;0;0;0;0;0;0;0;0;0;0;0;0;1;0;0;0;0;0;0;0;0;0;0;0;0;0;0;0;0;0;0;0;0;0;0;0;0;0;0;0;0
092037;Maracalagonis;1;0;0;0;0;0;1;0;0;0;0;0;0;0;0;1;1;0;0;0;0;0;0;0;0;1;0;0;0;0;1;0;0;0;0;2;1;1;0;0;0;1;2;0;1;0;0;1;1;1;0;0;2;0;0;1;0;0;0;0;1;1;0;0;0;0;0;1;0;1;0;0;0;0;0;1;0;0;0;0;0;0;0;0;0;0;0;0;0;0;0;0;0;0;0;0;0;0;0;0;0
092050;Pula;0;0;2;2;3;4;1;3;0;1;3;1;0;0;0;0;1;2;1;0;0;0;1;0;0;0;1;1;0;0;0;2;0;1;1;2;2;2;1;0;0;2;2;2;4;5;0;3;2;2;1;0;0;2;0;0;1;1;1;0;3;0;1;0;0;2;0;0;0;1;1;1;0;1;0;0;1;0;0;0;0;0;0;0;0;0;0;0;0;0;0;0;0;0;0;0;0;0;0;0;0
092051;Quartu Sant'Elena;5;5;1;1;1;6;3;5;3;9;6;5;0;3;8;6;8;9;9;10;12;3;4;5;4;7;2;6;3;4;6;10;7;8;19;7;10;23;11;24;14;19;19;8;16;19;12;8;9;15;12;20;11;16;8;5;16;14;4;8;8;2;5;1;2;2;2;1;0;6;2;2;0;2;1;1;1;0;0;0;1;0;0;2;0;1;0;1;0;0;0;0;0;0;0;0;0;0;0;0;0
092066;Sarroch;0;0;0;0;0;0;0;1;1;0;0;0;0;1;1;0;0;0;1;0;0;0;0;0;0;0;0;1;1;0;0;0;0;1;0;0;1;0;0;0;1;0;1;0;0;0;0;0;1;0;1;0;0;0;3;0;0;0;0;0;0;3;3;0;1;0;0;0;0;1;0;0;0;0;0;0;0;0;0;2;0;0;0;0;0;0;0;0;0;0;0;0;0;0;0;0;0;0;0;0;0
092068;Selargius;5;3;3;2;3;1;1;1;1;4;1;0;0;1;0;3;3;1;4;0;2;0;2;0;1;3;0;7;5;2;2;4;1;5;6;2;2;1;1;3;3;3;2;0;0;1;4;0;4;0;3;3;1;0;1;0;0;3;1;3;1;0;0;2;0;0;0;0;0;0;1;1;0;0;0;0;0;0;0;0;0;0;0;0;0;0;0;0;0;0;0;0;0;0;0;0;0;0;0;0;0
092074;Sestu;2;1;2;4;1;2;2;5;0;0;0;1;0;0;1;0;1;0;0;0;2;0;0;1;0;2;1;0;3;0;5;1;4;3;3;3;3;2;0;2;1;1;2;1;1;1;0;0;0;0;3;1;0;1;2;1;0;0;2;0;3;1;0;0;0;0;0;0;0;0;0;0;0;0;0;0;0;0;0;0;0;0;0;0;0;0;0;0;0;0;0;0;0;0;0;0;0;0;0;0;0
092075;Settimo San Pietro;2;0;0;0;0;0;0;1;0;0;1;0;0;0;0;0;0;0;1;0;0;0;2;0;0;0;0;0;0;1;0;0;0;1;0;1;0;0;0;0;0;0;0;0;0;0;1;0;0;0;0;0;1;0;0;0;0;0;0;0;0;0;0;0;0;0;0;0;0;0;0;0;0;0;0;0;0;1;0;0;0;0;0;0;0;0;0;0;0;0;0;0;0;0;0;0;0;0;0;0;0
092080;Sinnai;1;1;3;1;2;2;1;0;0;0;3;2;5;1;1;0;1;0;1;0;0;0;1;3;1;1;0;0;0;0;2;0;1;0;2;3;3;4;0;2;2;2;0;4;1;1;4;0;0;2;1;0;1;2;0;1;0;0;0;1;0;1;0;0;0;1;0;0;0;0;0;0;0;0;0;0;0;0;0;0;0;0;0;0;0;0;0;0;0;0;0;0;0;0;0;0;0;0;0;0;0
092090;Uta;2;2;1;3;1;4;1;3;1;0;0;2;1;0;1;2;3;0;1;0;3;1;3;2;1;4;0;0;1;2;2;3;3;0;2;3;4;3;0;1;5;1;2;1;3;2;2;0;1;0;1;1;4;0;2;1;2;0;0;2;2;0;1;0;1;0;0;0;0;0;0;0;0;0;0;0;0;0;1;0;0;0;0;0;0;0;0;0;0;0;0;0;0;0;0;0;0;0;0;0;0
092099;Villa San Pietro;0;0;0;1;0;0;1;0;1;0;0;0;1;0;0;0;0;0;0;0;1;0;0;0;1;0;1;0;0;1;0;1;1;1;0;0;0;0;1;0;0;0;1;0;0;0;0;3;0;0;0;0;0;0;0;1;1;0;0;0;0;0;0;1;0;0;0;0;0;0;0;0;0;0;0;0;0;0;0;0;0;0;0;0;0;0;0;0;0;0;0;0;0;0;0;0;0;0;0;0;0
092105;Quartucciu;0;0;0;0;0;1;0;0;0;0;0;0;0;0;0;0;1;1;1;0;2;0;1;0;2;2;2;0;0;0;0;2;2;1;0;1;0;0;1;1;1;1;2;0;0;0;2;2;0;1;0;0;1;0;0;0;0;1;0;1;0;0;1;0;0;0;1;0;0;0;0;0;0;0;0;0;1;0;0;0;0;0;0;0;0;0;0;0;0;0;0;0;0;0;0;0;0;0;0;0;0
092108;Elmas;2;2;1;1;1;0;0;0;0;0;1;1;2;0;2;0;1;3;1;1;0;0;0;0;0;2;0;1;1;2;1;1;0;3;2;0;0;1;2;1;0;0;3;0;1;2;2;0;3;0;3;1;0;2;0;2;2;1;1;1;0;2;1;2;0;0;0;0;0;0;0;0;0;0;0;0;0;0;0;0;0;0;0;0;0;0;0;0;0;0;0;0;0;0;0;0;0;0;0;0;0
092109;Monserrato;0;0;0;1;2;2;1;2;1;3;1;2;2;2;0;1;0;1;0;2;0;0;3;2;0;3;0;3;1;1;0;1;3;1;2;1;0;3;3;0;2;6;4;3;3;2;1;3;2;0;0;1;3;0;0;2;0;1;0;1;0;1;0;0;0;0;1;1;1;0;0;0;1;0;0;0;0;0;0;0;0;0;0;0;0;0;0;0;0;0;0;0;0;0;0;0;0;0;0;0;0
;Totale;54;33;51;40;36;41;29;49;30;40;34;36;31;30;47;27;37;32;53;40;45;30;51;36;29;37;43;58;55;58;79;92;77;73;89;91;83;90;72;106;81;90;88;57;77;75;63;71;69;65;54;56;51;41;43;33;38;44;20;36;31;22;20;13;10;8;6;10;8;12;4;8;4;4;2;3;5;1;1;6;1;3;0;2;0;2;1;1;0;0;0;0;0;0;0;0;0;0;0;0;0
Territorio/Età;;0;1;2;3;4;5;6;7;8;9;10;11;12;13;14;15;16;17;18;19;20;21;22;23;24;25;26;27;28;29;30;31;32;33;34;35;36;37;38;39;40;41;42;43;44;45;46;47;48;49;50;51;52;53;54;55;56;57;58;59;60;61;62;63;64;65;66;67;68;69;70;71;72;73;74;75;76;77;78;79;80;81;82;83;84;85;86;87;88;89;90;91;92;93;94;95;96;97;98;99;100
Codice comune;Comune;Femmine
092003;Assemini;0;3;2;1;0;3;1;4;1;4;1;3;3;1;2;3;0;0;2;3;2;3;3;2;6;3;3;11;11;5;2;11;4;12;8;2;3;6;7;2;5;4;4;12;5;3;6;1;1;4;4;1;0;1;2;0;0;0;1;1;0;0;0;1;1;0;1;1;2;0;0;0;0;1;0;0;0;1;0;1;0;0;1;0;0;0;0;0;0;0;0;0;0;0;0;0;0;0;0;0;0
092009;Cagliari;26;24;15;20;23;23;27;19;24;13;19;15;10;8;11;16;22;19;15;23;19;17;18;34;36;36;46;62;68;67;57;70;64;73;79;73;63;54;48;55;38;57;57;50;42;44;34;49;43;30;39;44;39;44;47;20;35;24;16;19;18;12;10;8;9;12;1;5;3;5;0;0;2;1;2;1;2;0;3;0;0;0;0;0;2;0;3;0;1;0;0;0;0;0;0;0;0;0;0;0;0
092011;Capoterra;3;9;0;0;3;1;0;2;1;5;3;1;3;0;1;1;1;0;3;2;0;1;4;1;3;1;3;4;4;9;7;9;11;5;12;4;6;6;8;11;2;5;3;9;7;5;5;3;5;2;3;5;1;2;3;3;0;0;1;1;0;0;1;0;2;2;0;0;1;0;0;0;0;0;0;0;0;0;0;0;0;0;0;0;0;0;0;0;0;0;0;0;0;0;0;0;0;0;0;0;0
092015;Decimomannu;0;0;0;0;0;0;1;0;0;2;0;0;3;1;0;0;0;0;1;0;0;0;2;0;0;0;1;1;1;3;3;7;8;5;2;7;1;0;2;2;1;0;1;0;0;0;0;0;1;0;0;0;0;2;1;1;1;0;0;0;0;0;0;0;0;0;0;0;0;0;0;0;0;0;0;0;0;0;0;0;0;0;0;0;0;0;0;0;0;0;0;0;0;0;0;0;0;0;0;0;0
092037;Maracalagonis;1;0;0;0;0;0;0;0;0;2;0;1;1;0;1;0;0;0;1;0;0;0;2;0;0;3;0;0;1;0;2;1;0;2;5;3;0;1;0;3;1;0;1;0;2;1;2;1;0;0;0;0;1;0;0;1;0;1;0;0;0;0;1;0;0;0;0;0;0;1;0;0;0;0;0;0;0;0;0;0;0;0;0;0;0;0;0;0;0;0;0;0;0;0;0;0;0;0;0;0;0
092050;Pula;0;0;2;1;0;0;1;1;0;0;0;0;0;3;1;2;2;0;0;1;0;2;0;0;2;3;7;3;2;2;2;1;3;4;8;5;1;1;6;2;4;4;1;1;3;0;1;4;1;1;0;1;2;1;0;1;1;2;0;0;0;0;0;1;0;2;0;0;0;3;0;0;0;1;1;0;0;0;0;0;0;0;0;0;0;0;0;0;0;0;0;0;0;0;0;0;0;0;0;0;0
092051;Quartu Sant'Elena;6;7;1;1;4;2;4;2;2;9;5;4;4;0;7;5;5;4;0;2;1;10;2;10;19;16;14;16;23;18;21;19;24;24;21;20;18;26;26;16;21;8;16;13;4;14;15;13;11;9;21;7;7;11;12;6;9;4;3;6;2;5;1;0;5;4;0;1;1;0;2;0;2;1;0;0;2;1;0;1;0;1;1;2;0;0;1;0;0;0;0;0;0;0;0;0;0;0;0;0;0
092066;Sarroch;2;0;0;0;0;0;1;0;0;0;1;1;0;0;0;0;0;0;0;0;1;0;1;0;2;0;0;1;0;0;1;0;0;0;0;0;0;0;3;1;2;1;0;0;0;2;2;0;1;0;0;0;0;1;0;1;2;0;4;0;0;0;0;1;0;0;1;0;0;0;0;2;0;0;0;0;0;0;0;0;0;0;0;0;0;0;0;0;0;0;0;0;0;0;0;0;0;0;0;0;0
092068;Selargius;3;3;3;3;3;3;2;2;1;2;0;1;1;2;0;1;1;1;0;0;2;4;2;6;2;1;8;2;7;4;5;8;3;2;7;6;0;6;3;2;3;7;2;4;1;5;0;1;1;3;4;1;4;2;3;0;2;4;2;0;1;2;2;0;1;0;0;2;0;0;0;1;0;0;0;0;0;0;0;0;0;0;0;0;0;0;0;0;0;0;0;0;0;0;0;0;0;0;0;0;0
092074;Sestu;1;2;0;0;1;1;1;0;0;2;2;0;2;0;1;0;0;0;1;0;0;1;2;0;1;5;4;5;3;4;5;3;2;8;4;5;3;4;2;6;2;3;3;2;1;1;4;2;2;1;2;2;3;0;3;3;1;1;0;0;0;0;1;0;1;0;0;0;0;0;0;0;0;0;0;0;0;0;0;0;0;0;0;0;0;0;0;0;0;0;0;0;0;0;0;0;0;0;0;0;0
092075;Settimo San Pietro;0;0;0;1;0;1;0;0;1;0;1;0;0;0;0;2;0;0;0;0;0;0;1;0;0;0;0;1;2;3;0;0;0;0;0;3;2;0;0;0;1;0;1;0;0;0;0;1;0;0;1;1;1;4;0;0;1;1;0;0;0;0;0;0;0;0;1;0;0;0;0;0;0;1;0;0;0;0;0;0;0;0;0;0;0;0;0;0;0;0;0;0;0;0;0;0;0;0;0;0;0
092080;Sinnai;1;0;0;2;2;0;0;0;2;1;0;0;2;0;0;0;0;0;0;0;0;0;0;3;1;6;2;1;4;5;1;3;3;2;0;8;1;0;2;5;1;0;3;4;1;2;2;1;0;1;2;1;2;0;0;1;1;1;1;1;2;1;1;1;0;0;0;0;0;0;0;0;1;0;0;0;0;0;0;0;0;0;0;0;0;0;1;0;0;0;0;0;0;0;0;0;0;0;0;0;0
092090;Uta;2;0;0;2;1;2;1;1;0;0;2;0;0;1;0;2;0;2;0;0;1;1;4;1;3;5;4;3;8;1;2;0;4;1;4;5;1;3;1;2;0;1;0;1;1;1;1;3;0;2;4;1;2;0;1;1;1;1;0;0;0;0;0;0;0;0;1;0;0;0;0;0;0;0;1;0;0;0;0;0;0;0;0;0;0;0;0;0;0;0;0;0;0;0;0;0;0;0;0;0;0
092099;Villa San Pietro;0;0;2;1;1;0;0;1;0;0;0;0;0;0;0;0;0;0;0;0;0;0;0;0;0;1;0;1;0;0;2;0;0;0;0;1;0;0;0;0;0;0;2;0;0;0;0;1;2;0;1;0;0;0;0;1;0;0;0;0;0;0;1;0;0;0;0;0;0;0;0;0;0;0;0;0;0;0;0;0;0;0;0;0;0;0;0;0;1;0;0;0;0;0;0;0;0;0;0;0;0
092105;Quartucciu;1;1;2;0;1;0;0;0;2;0;0;0;0;0;1;0;1;1;0;0;0;0;0;2;1;3;1;3;1;1;0;4;7;0;5;1;3;0;1;3;4;1;2;1;3;0;2;1;2;1;1;1;0;0;0;2;0;0;1;0;1;0;0;0;0;0;0;1;0;0;2;1;0;0;0;0;0;0;0;0;1;0;0;0;0;0;0;0;0;0;0;0;0;0;0;0;0;0;0;0;0
092108;Elmas;2;0;0;0;0;0;1;1;1;1;2;1;0;0;0;0;0;0;0;0;0;0;0;0;2;1;2;0;2;0;1;2;3;0;3;1;6;1;3;1;2;0;3;1;1;0;2;2;0;0;0;1;0;0;0;3;0;1;3;0;0;1;0;0;0;0;0;0;0;0;0;0;0;0;0;0;0;0;0;0;0;0;0;0;0;0;0;0;0;0;0;0;0;0;0;0;0;0;0;0;0
092109;Monserrato;1;0;0;2;2;0;0;0;2;1;0;1;3;0;1;1;2;1;1;0;2;0;0;0;1;1;1;0;3;4;4;3;6;4;3;3;6;4;0;5;3;1;2;2;1;4;4;1;7;1;0;0;0;2;1;1;0;3;1;0;1;0;0;0;0;0;1;0;0;0;0;0;0;0;0;0;0;0;0;0;0;0;0;0;0;0;0;0;1;0;0;0;0;0;0;0;0;0;0;0;0
;Totale;49;49;27;34;41;36;40;33;37;42;36;28;32;16;26;33;34;28;24;31;28;39;41;59;79;85;96;114;140;126;115;141;142;142;161;147;114;112;112;116;90;92;101;100;72;82;80;84;77;55;82;66;62;70;73;45;54;43;33;28;25;21;18;12;19;20;6;10;7;9;4;4;5;5;4;1;4;2;3;2;1;1;2;2;2;0;5;0;3;0;0;0;0;0;0;0;0;0;0;0;0

"Ricostruzione della popolazione intercensuaria - Popolazione al 1° gennaio per età"
"Cittadinanza straniera - Anno: 2011 - Provincia: Cagliari"
Territorio/Età;;0;1;2;3;4;5;6;7;8;9;10;11;12;13;14;15;16;17;18;19;20;21;22;23;24;25;26;27;28;29;30;31;32;33;34;35;36;37;38;39;40;41;42;43;44;45;46;47;48;49;50;51;52;53;54;55;56;57;58;59;60;61;62;63;64;65;66;67;68;69;70;71;72;73;74;75;76;77;78;79;80;81;82;83;84;85;86;87;88;89;90;91;92;93;94;95;96;97;98;99;100
Codice comune;Comune;Totale
092003;Assemini;7;3;5;5;5;6;5;4;5;2;5;1;6;2;4;2;4;3;1;7;7;7;8;9;10;10;9;8;14;10;12;4;13;14;16;14;14;6;9;10;10;5;9;6;16;11;6;13;4;7;6;6;5;1;4;1;1;1;1;2;3;2;0;1;1;2;1;2;1;3;0;0;1;0;1;1;0;0;1;0;2;0;0;1;0;0;0;1;0;0;0;0;0;0;0;0;0;0;0;0;0
092009;Cagliari;67;61;47;49;44;41;40;41;42;43;42;40;34;34;32;49;31;50;43;55;55;53;48;69;76;75;75;98;111;115;114;152;141;133;121;150;139;110;111;99;131;91;99;105;82;83;89;81;95;80;78;76;75;72;67;68;43;53;62;30;42;34;27;20;18;15;15;2;7;8;4;0;4;3;1;3;2;4;0;3;1;0;3;0;0;2;1;3;0;0;0;0;0;0;0;0;0;0;0;0;0
092011;Capoterra;0;5;8;3;2;2;2;3;3;4;6;3;4;5;2;1;3;1;0;4;6;6;4;9;3;3;5;5;9;9;16;8;9;9;8;13;12;14;10;13;14;7;8;7;11;14;5;7;10;8;5;2;9;5;2;6;4;3;1;3;3;0;2;1;0;1;2;0;4;3;2;0;1;0;0;0;0;0;0;0;0;0;0;0;0;0;0;0;0;0;0;0;0;0;0;0;0;0;0;0;0
092015;Decimomannu;0;0;0;2;0;0;2;1;1;1;3;1;2;4;2;3;0;2;2;1;0;0;1;2;1;0;1;5;4;2;6;7;7;10;4;6;6;2;0;2;4;3;2;2;1;1;2;2;1;5;1;0;0;2;1;4;2;0;0;0;0;0;0;0;0;0;0;0;0;0;0;0;0;1;0;0;0;0;0;0;0;0;0;0;0;0;0;0;0;0;0;0;0;0;0;0;0;0;0;0;0
092037;Maracalagonis;0;1;0;0;0;0;0;1;0;0;3;0;1;1;1;1;1;2;2;1;0;1;0;2;0;0;4;0;0;1;0;3;0;0;1;4;4;2;1;0;2;0;2;2;1;3;2;3;2;1;1;0;0;3;0;0;2;0;1;0;0;1;1;1;0;0;1;0;1;0;2;0;0;0;0;0;1;0;0;0;0;0;0;0;0;0;0;0;0;0;0;0;0;0;0;0;0;0;0;0;0
092050;Pula;1;0;0;4;4;2;5;2;4;0;1;3;1;0;3;1;2;4;2;1;1;0;3;1;0;4;2;8;3;5;2;3;2;4;5;11;7;5;4;7;1;5;6;3;3;7;4;0;9;4;4;2;2;2;3;0;3;2;3;2;2;3;1;1;2;1;3;0;0;0;5;1;1;0;2;0;0;1;0;0;0;0;0;0;0;0;0;0;0;0;0;0;0;0;0;0;0;0;0;0;0
092051;Quartu Sant'Elena;12;6;12;2;5;4;11;7;10;5;14;10;11;6;5;20;11;19;17;15;13;11;18;13;12;27;31;23;25;27;29;34;34;34;30;36;28;32;41;41;40;32;31;36;26;25;36;32;21;24;25;32;29;23;27;22;14;28;19;9;12;7;10;9;0;6;6;2;2;1;3;3;2;2;3;1;1;2;1;0;2;1;0;1;3;0;1;0;0;0;0;0;0;0;0;0;0;0;0;0;0
092066;Sarroch;0;2;0;0;0;0;0;0;0;1;0;0;1;0;1;1;0;0;0;0;0;1;0;0;0;1;1;2;2;0;0;3;0;0;0;0;0;0;1;3;2;1;1;0;0;0;2;2;0;2;0;1;1;0;1;3;1;1;0;4;0;0;3;2;1;1;0;1;0;0;1;0;2;0;0;0;0;0;0;0;1;0;0;0;0;0;0;0;0;0;0;0;0;0;0;0;0;0;0;0;0
092068;Selargius;6;8;7;5;6;6;4;2;2;3;8;1;1;2;3;0;5;4;5;5;0;4;4;4;9;7;8;12;16;13;10;7;13;7;7;13;9;5;8;6;7;5;9;4;4;3;6;5;4;7;5;7;6;5;2;5;0;2;4;4;3;1;3;2;2;1;0;0;2;0;0;1;1;0;0;0;0;0;0;0;0;0;0;0;0;0;0;0;0;0;0;0;0;0;0;0;0;0;0;0;0
092074;Sestu;1;1;3;3;3;1;4;3;4;2;3;1;0;2;1;2;2;1;0;0;1;1;0;1;5;1;8;5;1;4;6;7;2;6;15;7;10;12;4;3;9;6;4;7;6;2;1;3;2;3;1;4;2;0;1;5;4;1;1;1;0;4;1;1;0;0;0;0;0;0;0;0;0;0;0;0;0;0;0;0;0;0;1;0;0;0;0;0;0;0;0;0;0;0;0;0;0;0;0;0;0
092075;Settimo San Pietro;0;1;0;0;1;0;1;0;1;1;0;1;0;0;0;0;2;0;0;1;0;0;0;2;0;0;1;0;0;1;2;1;0;0;0;0;5;2;0;1;0;1;0;0;0;0;0;1;2;0;0;1;2;3;4;0;0;0;1;0;0;0;0;0;0;0;0;0;1;0;0;0;0;0;1;0;0;0;1;0;0;0;0;0;0;0;0;0;0;0;0;0;0;0;0;0;0;0;0;0;0
092080;Sinnai;0;3;1;3;3;2;2;1;0;2;2;3;2;6;1;1;0;1;0;1;0;0;0;0;5;2;7;1;3;5;7;5;3;3;3;2;10;4;4;2;6;3;2;3;8;2;4;6;1;0;3;4;2;3;2;0;2;0;3;1;1;2;2;1;1;0;1;0;0;0;0;0;0;1;0;0;0;0;0;0;0;0;0;0;0;0;0;1;0;0;0;0;0;0;0;0;0;0;0;0;0
092090;Uta;4;4;3;0;3;2;5;2;2;1;0;3;2;1;1;3;4;3;2;1;0;2;3;5;6;4;7;5;4;8;4;4;3;5;1;4;6;3;4;1;5;4;3;0;2;4;4;3;1;1;3;5;2;6;0;2;4;3;2;0;2;2;0;1;0;1;0;1;0;0;0;0;0;0;0;1;0;0;0;1;0;0;0;0;0;0;0;0;0;0;0;0;0;0;0;0;0;0;0;0;0
092099;Villa San Pietro;0;0;0;2;2;1;0;1;0;1;0;0;0;1;0;0;0;0;0;0;0;1;0;0;0;0;2;1;1;0;1;0;1;1;2;0;1;0;0;1;0;0;0;3;0;0;0;0;4;2;0;1;0;0;0;0;2;1;0;0;0;0;0;1;1;0;0;0;0;0;0;0;0;0;0;0;0;0;0;0;0;0;0;0;0;0;0;0;0;1;0;0;0;0;0;0;0;0;0;0;0
092105;Quartucciu;4;4;2;1;1;2;1;0;1;2;0;0;0;0;0;1;0;3;1;1;0;2;0;1;2;4;3;2;3;1;1;0;5;4;2;5;3;3;0;4;5;6;3;5;1;3;1;4;2;4;2;0;4;2;0;0;2;1;1;0;1;2;0;1;0;0;0;1;1;0;0;2;1;0;0;0;0;1;0;0;0;1;0;0;0;0;0;0;0;0;0;0;0;0;0;0;0;0;0;0;0
092108;Elmas;3;2;0;1;2;1;0;1;1;1;0;3;5;2;2;2;1;4;3;3;1;0;0;0;1;5;6;1;4;3;4;2;8;6;6;7;6;10;3;8;3;3;2;5;2;1;2;4;3;3;0;5;3;1;2;1;4;2;4;4;1;0;3;1;2;0;0;0;0;0;0;0;0;0;0;0;0;0;0;0;0;0;0;0;0;0;0;0;0;0;0;0;0;0;0;0;0;0;0;0;0
092109;Monserrato;1;1;0;1;3;3;2;1;3;3;5;2;2;4;2;0;3;4;2;2;2;1;0;2;4;2;7;0;5;4;7;5;7;10;4;6;5;8;9;4;7;6;5;6;5;4;5;4;3;11;1;2;2;3;2;5;3;1;5;1;2;2;0;1;0;0;0;3;1;1;0;0;0;0;0;0;0;0;0;0;0;0;0;0;0;0;0;0;0;1;0;0;0;0;0;0;0;0;0;0;0
;Totale;106;102;88;81;84;73;84;70;79;72;92;72;72;70;60;87;69;101;80;98;86;90;89;120;134;145;177;176;205;208;221;245;248;246;225;278;265;218;209;205;246;178;186;194;168;163;169;170;164;162;135;148;144;131;118;122;91;99;108;61;72;60;53;44;28;28;29;12;20;16;17;7;13;7;8;6;4;8;3;4;6;2;4;2;3;2;2;5;0;2;0;0;0;0;0;0;0;0;0;0;0
Territorio/Età;;0;1;2;3;4;5;6;7;8;9;10;11;12;13;14;15;16;17;18;19;20;21;22;23;24;25;26;27;28;29;30;31;32;33;34;35;36;37;38;39;40;41;42;43;44;45;46;47;48;49;50;51;52;53;54;55;56;57;58;59;60;61;62;63;64;65;66;67;68;69;70;71;72;73;74;75;76;77;78;79;80;81;82;83;84;85;86;87;88;89;90;91;92;93;94;95;96;97;98;99;100
Codice comune;Comune;Maschi
092003;Assemini;2;2;1;3;1;4;2;3;2;1;1;0;2;0;3;1;2;3;0;5;5;2;4;3;5;2;4;2;5;0;5;2;2;9;6;6;11;4;3;2;6;3;6;2;4;5;3;7;1;6;3;1;3;1;2;0;1;0;1;1;2;2;0;0;0;0;1;1;0;1;0;0;1;0;0;1;0;0;0;0;1;0;0;0;0;0;0;1;0;0;0;0;0;0;0;0;0;0;0;0;0
092009;Cagliari;39;31;23;29;24;17;21;12;25;21;24;19;18;21;21;36;13;20;18;30;26;26;22;34;28;31;25;41;46;50;48;75;67;63;49;64;63;48;47;45;62;43;44;43;30;37;40;26;37;30;39;25;26;18;17;15;15;12;20;9;14;10;9;9;7;6;2;1;2;4;1;0;2;2;1;1;1;2;0;0;1;0;3;0;0;0;1;0;0;0;0;0;0;0;0;0;0;0;0;0;0
092011;Capoterra;0;2;0;3;0;1;1;2;1;3;0;1;3;2;2;1;2;1;0;1;4;5;2;7;0;1;1;2;4;3;8;0;1;1;2;2;4;7;4;3;5;4;5;3;2;5;0;2;6;2;3;1;2;4;0;3;0;3;0;2;2;0;2;0;0;1;0;0;4;2;2;0;1;0;0;0;0;0;0;0;0;0;0;0;0;0;0;0;0;0;0;0;0;0;0;0;0;0;0;0;0
092015;Decimomannu;0;0;0;2;0;0;1;0;1;1;2;0;2;1;0;2;0;2;2;0;0;0;1;0;1;0;1;3;2;0;3;4;0;2;2;5;2;0;0;1;2;1;1;1;0;0;0;1;1;3;1;0;0;2;0;2;1;0;0;0;0;0;0;0;0;0;0;0;0;0;0;0;0;1;0;0;0;0;0;0;0;0;0;0;0;0;0;0;0;0;0;0;0;0;0;0;0;0;0;0;0
092037;Maracalagonis;0;1;0;0;0;0;0;1;0;0;1;0;0;0;1;0;1;2;0;0;0;0;0;0;0;0;1;0;0;1;0;1;0;0;0;0;2;2;1;0;0;0;1;1;0;1;0;1;1;1;1;0;0;2;0;0;1;0;0;0;0;1;1;0;0;0;0;0;1;0;1;0;0;0;0;0;1;0;0;0;0;0;0;0;0;0;0;0;0;0;0;0;0;0;0;0;0;0;0;0;0
092050;Pula;1;0;0;2;2;2;5;1;3;0;1;3;1;0;0;0;0;1;2;1;0;0;1;1;0;2;0;1;0;3;0;1;1;1;1;1;2;3;2;1;0;1;2;2;2;4;4;0;3;2;2;1;0;0;2;0;0;1;1;1;0;3;1;1;1;0;1;0;0;0;2;1;1;0;1;0;0;1;0;0;0;0;0;0;0;0;0;0;0;0;0;0;0;0;0;0;0;0;0;0;0
092051;Quartu Sant'Elena;4;4;7;2;1;1;6;4;7;5;8;6;7;2;5;11;5;13;14;13;9;9;3;6;3;8;10;4;11;3;10;8;11;8;8;16;12;12;17;12;25;12;18;18;7;20;16;15;9;12;17;13;19;12;16;11;7;15;13;4;8;7;4;6;0;2;2;2;1;0;3;2;2;0;2;1;1;1;0;0;1;1;0;0;2;0;1;0;0;0;0;0;0;0;0;0;0;0;0;0;0
092066;Sarroch;0;0;0;0;0;0;0;0;0;1;0;0;0;0;1;1;0;0;0;0;0;0;0;0;0;0;0;2;1;0;0;0;0;0;0;0;0;0;1;0;1;0;0;0;0;0;0;0;0;1;0;1;0;0;0;3;0;0;0;0;0;0;3;2;0;1;0;0;0;0;1;0;0;0;0;0;0;0;0;0;1;0;0;0;0;0;0;0;0;0;0;0;0;0;0;0;0;0;0;0;0
092068;Selargius;4;6;3;2;2;2;1;0;1;1;6;1;0;0;1;0;4;3;4;5;0;2;0;3;1;2;3;2;10;6;4;3;4;4;3;5;3;3;2;1;5;2;2;2;0;2;2;4;2;4;0;3;3;1;0;1;0;0;0;2;3;1;0;0;2;0;0;0;0;0;0;1;1;0;0;0;0;0;0;0;0;0;0;0;0;0;0;0;0;0;0;0;0;0;0;0;0;0;0;0;0
092074;Sestu;0;0;1;2;2;1;4;2;4;0;1;0;0;0;1;1;1;1;0;0;0;1;0;0;2;0;2;1;0;1;0;5;1;3;4;3;6;4;0;1;3;3;1;4;3;1;1;0;0;0;0;2;0;0;1;2;1;0;0;1;0;4;1;0;0;0;0;0;0;0;0;0;0;0;0;0;0;0;0;0;0;0;0;0;0;0;0;0;0;0;0;0;0;0;0;0;0;0;0;0;0
092075;Settimo San Pietro;0;1;0;0;0;0;0;0;1;0;0;1;0;0;0;0;0;0;0;1;0;0;0;2;0;0;0;0;0;0;0;0;0;0;0;0;2;0;0;0;0;0;0;0;0;0;0;1;1;0;0;0;0;1;0;0;0;0;0;0;0;0;0;0;0;0;0;0;0;0;0;0;0;0;0;0;0;0;1;0;0;0;0;0;0;0;0;0;0;0;0;0;0;0;0;0;0;0;0;0;0
092080;Sinnai;0;1;1;3;1;1;2;1;0;0;0;3;2;4;1;1;0;1;0;1;0;0;0;0;4;1;1;1;0;0;1;2;0;1;0;2;3;3;4;0;2;2;2;0;4;1;1;4;0;0;2;1;0;1;2;0;1;0;1;0;1;0;1;0;0;0;1;0;0;0;0;0;0;0;0;0;0;0;0;0;0;0;0;0;0;0;0;0;0;0;0;0;0;0;0;0;0;0;0;0;0
092090;Uta;4;2;3;0;1;1;4;1;2;1;0;0;2;1;0;1;2;3;0;1;0;1;1;1;3;1;3;1;2;1;3;2;3;2;0;0;3;2;1;0;1;4;1;0;1;3;3;2;0;1;0;1;1;4;0;1;3;2;1;0;2;2;0;1;0;1;0;0;0;0;0;0;0;0;0;0;0;0;0;1;0;0;0;0;0;0;0;0;0;0;0;0;0;0;0;0;0;0;0;0;0
092099;Villa San Pietro;0;0;0;0;1;0;0;1;0;1;0;0;0;1;0;0;0;0;0;0;0;1;0;0;0;0;0;1;0;0;1;0;1;1;2;0;0;0;0;1;0;0;0;1;0;0;0;0;3;0;0;0;0;0;0;0;1;1;0;0;0;0;0;0;1;0;0;0;0;0;0;0;0;0;0;0;0;0;0;0;0;0;0;0;0;0;0;0;0;0;0;0;0;0;0;0;0;0;0;0;0
092105;Quartucciu;1;1;1;0;0;1;1;0;1;0;0;0;0;0;0;0;0;1;0;1;0;1;0;1;0;3;0;0;0;0;0;0;1;1;1;1;2;0;0;0;2;2;2;3;0;0;0;1;1;0;1;0;3;1;0;0;0;0;1;0;1;0;0;1;0;0;0;1;0;0;0;0;0;0;0;0;0;1;0;0;0;0;0;0;0;0;0;0;0;0;0;0;0;0;0;0;0;0;0;0;0
092108;Elmas;1;2;0;0;1;1;0;0;0;0;0;1;4;2;2;2;1;4;3;2;1;0;0;0;1;2;5;0;1;0;2;2;2;1;5;3;3;1;2;3;1;1;1;2;1;0;2;2;0;2;0;3;2;1;2;0;1;2;2;1;1;0;2;1;2;0;0;0;0;0;0;0;0;0;0;0;0;0;0;0;0;0;0;0;0;0;0;0;0;0;0;0;0;0;0;0;0;0;0;0;0
092109;Monserrato;0;0;0;0;1;1;2;1;3;1;3;2;1;1;2;0;1;2;1;1;2;0;0;1;4;1;5;0;4;1;3;1;1;5;2;3;2;0;3;3;2;3;3;3;4;2;1;0;2;4;0;0;1;3;0;1;2;0;2;0;1;0;0;0;0;0;0;1;1;1;0;0;0;0;0;0;0;0;0;0;0;0;0;0;0;0;0;0;0;0;0;0;0;0;0;0;0;0;0;0;0
;Totale;56;53;40;48;37;33;50;29;51;36;47;37;42;35;40;57;32;57;44;62;47;48;34;59;52;54;61;61;86;69;88;106;95;102;85;111;120;89;87;73;117;81;89;85;58;81;73;66;67;68;69;52;60;51;42;39;34;36;42;21;35;30;24;21;13;11;7;6;9;8;10;4;8;3;4;3;3;5;1;1;4;1;3;0;2;0;2;1;0;0;0;0;0;0;0;0;0;0;0;0;0
Territorio/Età;;0;1;2;3;4;5;6;7;8;9;10;11;12;13;14;15;16;17;18;19;20;21;22;23;24;25;26;27;28;29;30;31;32;33;34;35;36;37;38;39;40;41;42;43;44;45;46;47;48;49;50;51;52;53;54;55;56;57;58;59;60;61;62;63;64;65;66;67;68;69;70;71;72;73;74;75;76;77;78;79;80;81;82;83;84;85;86;87;88;89;90;91;92;93;94;95;96;97;98;99;100
Codice comune;Comune;Femmine
092003;Assemini;5;1;4;2;4;2;3;1;3;1;4;1;4;2;1;1;2;0;1;2;2;5;4;6;5;8;5;6;9;10;7;2;11;5;10;8;3;2;6;8;4;2;3;4;12;6;3;6;3;1;3;5;2;0;2;1;0;1;0;1;1;0;0;1;1;2;0;1;1;2;0;0;0;0;1;0;0;0;1;0;1;0;0;1;0;0;0;0;0;0;0;0;0;0;0;0;0;0;0;0;0
092009;Cagliari;28;30;24;20;20;24;19;29;17;22;18;21;16;13;11;13;18;30;25;25;29;27;26;35;48;44;50;57;65;65;66;77;74;70;72;86;76;62;64;54;69;48;55;62;52;46;49;55;58;50;39;51;49;54;50;53;28;41;42;21;28;24;18;11;11;9;13;1;5;4;3;0;2;1;0;2;1;2;0;3;0;0;0;0;0;2;0;3;0;0;0;0;0;0;0;0;0;0;0;0;0
092011;Capoterra;0;3;8;0;2;1;1;1;2;1;6;2;1;3;0;0;1;0;0;3;2;1;2;2;3;2;4;3;5;6;8;8;8;8;6;11;8;7;6;10;9;3;3;4;9;9;5;5;4;6;2;1;7;1;2;3;4;0;1;1;1;0;0;1;0;0;2;0;0;1;0;0;0;0;0;0;0;0;0;0;0;0;0;0;0;0;0;0;0;0;0;0;0;0;0;0;0;0;0;0;0
092015;Decimomannu;0;0;0;0;0;0;1;1;0;0;1;1;0;3;2;1;0;0;0;1;0;0;0;2;0;0;0;2;2;2;3;3;7;8;2;1;4;2;0;1;2;2;1;1;1;1;2;1;0;2;0;0;0;0;1;2;1;0;0;0;0;0;0;0;0;0;0;0;0;0;0;0;0;0;0;0;0;0;0;0;0;0;0;0;0;0;0;0;0;0;0;0;0;0;0;0;0;0;0;0;0
092037;Maracalagonis;0;0;0;0;0;0;0;0;0;0;2;0;1;1;0;1;0;0;2;1;0;1;0;2;0;0;3;0;0;0;0;2;0;0;1;4;2;0;0;0;2;0;1;1;1;2;2;2;1;0;0;0;0;1;0;0;1;0;1;0;0;0;0;1;0;0;1;0;0;0;1;0;0;0;0;0;0;0;0;0;0;0;0;0;0;0;0;0;0;0;0;0;0;0;0;0;0;0;0;0;0
092050;Pula;0;0;0;2;2;0;0;1;1;0;0;0;0;0;3;1;2;3;0;0;1;0;2;0;0;2;2;7;3;2;2;2;1;3;4;10;5;2;2;6;1;4;4;1;1;3;0;0;6;2;2;1;2;2;1;0;3;1;2;1;2;0;0;0;1;1;2;0;0;0;3;0;0;0;1;0;0;0;0;0;0;0;0;0;0;0;0;0;0;0;0;0;0;0;0;0;0;0;0;0;0
092051;Quartu Sant'Elena;8;2;5;0;4;3;5;3;3;0;6;4;4;4;0;9;6;6;3;2;4;2;15;7;9;19;21;19;14;24;19;26;23;26;22;20;16;20;24;29;15;20;13;18;19;5;20;17;12;12;8;19;10;11;11;11;7;13;6;5;4;0;6;3;0;4;4;0;1;1;0;1;0;2;1;0;0;1;1;0;1;0;0;1;1;0;0;0;0;0;0;0;0;0;0;0;0;0;0;0;0
092066;Sarroch;0;2;0;0;0;0;0;0;0;0;0;0;1;0;0;0;0;0;0;0;0;1;0;0;0;1;1;0;1;0;0;3;0;0;0;0;0;0;0;3;1;1;1;0;0;0;2;2;0;1;0;0;1;0;1;0;1;1;0;4;0;0;0;0;1;0;0;1;0;0;0;0;2;0;0;0;0;0;0;0;0;0;0;0;0;0;0;0;0;0;0;0;0;0;0;0;0;0;0;0;0
092068;Selargius;2;2;4;3;4;4;3;2;1;2;2;0;1;2;2;0;1;1;1;0;0;2;4;1;8;5;5;10;6;7;6;4;9;3;4;8;6;2;6;5;2;3;7;2;4;1;4;1;2;3;5;4;3;4;2;4;0;2;4;2;0;0;3;2;0;1;0;0;2;0;0;0;0;0;0;0;0;0;0;0;0;0;0;0;0;0;0;0;0;0;0;0;0;0;0;0;0;0;0;0;0
092074;Sestu;1;1;2;1;1;0;0;1;0;2;2;1;0;2;0;1;1;0;0;0;1;0;0;1;3;1;6;4;1;3;6;2;1;3;11;4;4;8;4;2;6;3;3;3;3;1;0;3;2;3;1;2;2;0;0;3;3;1;1;0;0;0;0;1;0;0;0;0;0;0;0;0;0;0;0;0;0;0;0;0;0;0;1;0;0;0;0;0;0;0;0;0;0;0;0;0;0;0;0;0;0
092075;Settimo San Pietro;0;0;0;0;1;0;1;0;0;1;0;0;0;0;0;0;2;0;0;0;0;0;0;0;0;0;1;0;0;1;2;1;0;0;0;0;3;2;0;1;0;1;0;0;0;0;0;0;1;0;0;1;2;2;4;0;0;0;1;0;0;0;0;0;0;0;0;0;1;0;0;0;0;0;1;0;0;0;0;0;0;0;0;0;0;0;0;0;0;0;0;0;0;0;0;0;0;0;0;0;0
092080;Sinnai;0;2;0;0;2;1;0;0;0;2;2;0;0;2;0;0;0;0;0;0;0;0;0;0;1;1;6;0;3;5;6;3;3;2;3;0;7;1;0;2;4;1;0;3;4;1;3;2;1;0;1;3;2;2;0;0;1;0;2;1;0;2;1;1;1;0;0;0;0;0;0;0;0;1;0;0;0;0;0;0;0;0;0;0;0;0;0;1;0;0;0;0;0;0;0;0;0;0;0;0;0
092090;Uta;0;2;0;0;2;1;1;1;0;0;0;3;0;0;1;2;2;0;2;0;0;1;2;4;3;3;4;4;2;7;1;2;0;3;1;4;3;1;3;1;4;0;2;0;1;1;1;1;1;0;3;4;1;2;0;1;1;1;1;0;0;0;0;0;0;0;0;1;0;0;0;0;0;0;0;1;0;0;0;0;0;0;0;0;0;0;0;0;0;0;0;0;0;0;0;0;0;0;0;0;0
092099;Villa San Pietro;0;0;0;2;1;1;0;0;0;0;0;0;0;0;0;0;0;0;0;0;0;0;0;0;0;0;2;0;1;0;0;0;0;0;0;0;1;0;0;0;0;0;0;2;0;0;0;0;1;2;0;1;0;0;0;0;1;0;0;0;0;0;0;1;0;0;0;0;0;0;0;0;0;0;0;0;0;0;0;0;0;0;0;0;0;0;0;0;0;1;0;0;0;0;0;0;0;0;0;0;0
092105;Quartucciu;3;3;1;1;1;1;0;0;0;2;0;0;0;0;0;1;0;2;1;0;0;1;0;0;2;1;3;2;3;1;1;0;4;3;1;4;1;3;0;4;3;4;1;2;1;3;1;3;1;4;1;0;1;1;0;0;2;1;0;0;0;2;0;0;0;0;0;0;1;0;0;2;1;0;0;0;0;0;0;0;0;1;0;0;0;0;0;0;0;0;0;0;0;0;0;0;0;0;0;0;0
092108;Elmas;2;0;0;1;1;0;0;1;1;1;0;2;1;0;0;0;0;0;0;1;0;0;0;0;0;3;1;1;3;3;2;0;6;5;1;4;3;9;1;5;2;2;1;3;1;1;0;2;3;1;0;2;1;0;0;1;3;0;2;3;0;0;1;0;0;0;0;0;0;0;0;0;0;0;0;0;0;0;0;0;0;0;0;0;0;0;0;0;0;0;0;0;0;0;0;0;0;0;0;0;0
092109;Monserrato;1;1;0;1;2;2;0;0;0;2;2;0;1;3;0;0;2;2;1;1;0;1;0;1;0;1;2;0;1;3;4;4;6;5;2;3;3;8;6;1;5;3;2;3;1;2;4;4;1;7;1;2;1;0;2;4;1;1;3;1;1;2;0;1;0;0;0;2;0;0;0;0;0;0;0;0;0;0;0;0;0;0;0;0;0;0;0;0;0;1;0;0;0;0;0;0;0;0;0;0;0
;Totale;50;49;48;33;47;40;34;41;28;36;45;35;30;35;20;30;37;44;36;36;39;42;55;61;82;91;116;115;119;139;133;139;153;144;140;167;145;129;122;132;129;97;97;109;110;82;96;104;97;94;66;96;84;80;76;83;57;63;66;40;37;30;29;23;15;17;22;6;11;8;7;3;5;4;4;3;1;3;2;3;2;1;1;2;1;2;0;4;0;2;0;0;0;0;0;0;0;0;0;0;0

"Ricostruzione della popolazione intercensuaria - Popolazione al 1° gennaio per età"
"Cittadinanza straniera - Anno: 2012 - Provincia: Cagliari"
Territorio/Età;;0;1;2;3;4;5;6;7;8;9;10;11;12;13;14;15;16;17;18;19;20;21;22;23;24;25;26;27;28;29;30;31;32;33;34;35;36;37;38;39;40;41;42;43;44;45;46;47;48;49;50;51;52;53;54;55;56;57;58;59;60;61;62;63;64;65;66;67;68;69;70;71;72;73;74;75;76;77;78;79;80;81;82;83;84;85;86;87;88;89;90;91;92;93;94;95;96;97;98;99;100
Codice comune;Comune;Totale
092003;Assemini;9;7;3;6;7;6;6;6;5;6;1;5;2;8;2;5;3;4;3;1;8;9;6;14;12;12;12;9;9;15;12;11;10;14;12;16;14;16;7;11;11;12;9;9;9;15;11;9;12;4;7;7;6;5;3;4;1;1;1;2;3;2;2;0;0;2;2;0;2;1;4;0;0;1;0;2;1;0;0;1;0;2;0;0;1;0;0;0;1;0;0;0;0;0;0;0;0;0;0;0;0
092009;Cagliari;51;66;56;44;44;49;46;45;48;47;45;44;43;40;38;42;54;45;58;46;65;67;59;56;74;85;87;97;110;119;122;130;152;145;145;125;154;145;107;112;101;135;90;105;97;87;86;92;82;97;81;84;74;71;73;66;71;45;57;65;26;38;32;26;18;21;18;16;5;7;9;4;0;3;2;1;3;1;5;0;3;1;0;2;0;0;2;0;2;0;0;0;0;0;0;0;0;0;0;0;0
092011;Capoterra;3;0;7;9;4;0;3;2;3;2;4;6;3;4;6;2;2;2;0;0;4;5;6;3;9;4;5;5;8;9;8;18;10;8;7;9;11;9;11;11;12;13;7;7;5;12;15;5;8;9;9;5;3;9;5;4;5;5;3;1;2;2;0;2;1;0;1;2;0;4;3;2;0;1;0;0;0;0;0;0;0;0;0;0;0;0;0;0;0;0;0;0;0;0;0;0;0;0;0;0;0
092015;Decimomannu;2;0;1;0;3;0;0;3;1;0;0;3;0;1;5;2;4;0;3;1;1;0;0;1;3;3;0;4;5;4;0;6;6;6;6;2;6;8;1;0;2;8;3;2;2;1;1;3;1;3;4;2;0;0;2;1;4;1;0;0;0;0;0;0;0;0;0;0;0;0;0;0;0;0;1;0;0;0;0;0;0;0;0;0;0;0;0;0;0;0;0;0;0;0;0;0;0;0;0;0;0
092037;Maracalagonis;1;0;2;0;1;0;0;0;1;0;0;3;1;1;1;1;1;1;2;2;2;0;2;0;2;1;1;4;0;0;2;1;5;0;0;2;4;4;2;2;0;2;0;1;2;2;5;3;4;2;2;1;0;0;2;0;0;3;0;1;0;0;1;1;2;0;1;1;0;1;0;2;0;0;0;0;0;1;0;0;0;0;0;0;0;0;0;0;0;0;0;0;0;0;0;0;0;0;0;0;0
092050;Pula;1;1;0;0;5;5;2;5;2;4;0;1;3;1;0;3;1;2;4;2;1;2;0;4;2;1;5;1;9;5;5;1;3;2;4;4;13;6;6;6;8;1;5;6;4;4;7;4;0;10;3;4;2;2;1;3;1;3;2;3;2;2;3;1;1;2;1;3;0;0;0;5;1;1;0;2;0;0;1;0;0;0;0;0;0;0;0;0;0;0;0;0;0;0;0;0;0;0;0;0;0
092051;Quartu Sant'Elena;10;15;7;12;2;7;7;10;7;10;7;15;9;12;9;8;25;10;17;19;17;17;16;20;15;13;35;35;37;28;32;34;35;38;38;31;35;29;32;38;45;40;36;35;34;25;25;37;34;24;25;24;31;30;23;27;20;18;26;19;9;14;10;11;9;2;5;6;4;2;1;4;3;2;2;3;1;1;2;1;0;2;1;0;1;3;0;1;0;0;0;0;0;0;0;0;0;0;0;0;0
092066;Sarroch;0;0;2;0;0;0;0;0;0;0;1;0;0;1;0;1;1;0;0;0;0;0;0;0;1;0;1;0;1;1;0;0;3;0;0;0;0;0;0;2;4;2;1;3;0;0;0;2;2;0;0;0;1;1;0;1;3;1;1;0;2;0;0;1;3;1;1;0;1;0;0;1;0;2;0;0;0;0;0;0;0;1;0;0;0;0;0;0;0;0;0;0;0;0;0;0;0;0;0;0;0
092068;Selargius;6;6;8;7;6;5;5;4;2;2;3;9;1;2;2;3;2;5;3;6;5;1;4;3;6;12;8;7;12;16;13;10;6;13;8;5;12;8;6;7;7;8;7;9;3;5;2;5;6;5;5;8;9;5;4;3;5;0;2;4;5;3;1;3;2;2;1;0;0;2;0;0;1;1;0;0;0;0;0;0;0;0;0;0;0;0;0;0;0;0;0;0;0;0;0;0;0;0;0;0;0
092074;Sestu;8;1;1;4;3;5;1;6;5;4;2;3;1;0;3;2;2;3;1;0;1;2;2;3;1;8;4;6;8;3;7;10;7;3;8;12;8;8;12;6;3;8;7;6;6;6;1;2;1;2;3;0;3;1;0;1;5;5;2;2;2;0;4;1;1;0;1;0;0;0;0;0;0;0;0;0;0;0;0;0;0;0;0;1;0;0;0;0;0;0;0;0;0;0;0;0;0;0;0;0;0
092075;Settimo San Pietro;0;0;1;0;0;1;0;1;0;1;0;0;1;0;0;0;0;2;0;0;1;0;0;0;2;0;1;1;1;0;1;1;1;0;0;0;0;6;2;1;1;0;2;0;0;0;0;0;1;2;0;0;1;3;3;4;0;1;0;1;0;0;0;0;0;0;0;0;0;1;0;0;0;0;0;1;0;0;0;1;0;0;0;0;0;0;0;0;0;0;0;0;0;0;0;0;0;0;0;0;0
092080;Sinnai;1;0;2;1;2;3;1;3;1;0;3;1;2;2;6;1;1;0;1;0;1;0;0;0;0;4;2;7;3;2;3;9;6;4;5;4;2;11;5;3;2;8;3;1;3;7;2;5;5;1;1;3;5;3;4;2;1;2;1;4;1;1;2;2;1;0;0;1;1;0;0;0;0;0;1;0;0;0;0;0;0;0;0;0;0;0;0;0;1;0;0;0;0;0;0;0;0;0;0;0;0
092090;Uta;2;2;4;3;0;3;2;3;2;2;1;0;3;2;2;1;4;4;3;2;2;0;2;3;6;6;4;5;8;2;8;4;2;2;4;1;4;8;3;3;2;5;3;4;0;3;4;4;3;1;0;3;5;2;5;0;2;3;3;2;0;2;2;0;1;0;1;0;1;0;0;0;0;0;0;0;1;0;0;0;1;0;0;0;0;0;0;0;0;0;0;0;0;0;0;0;0;0;0;0;0
092099;Villa San Pietro;0;1;0;0;2;2;1;0;1;0;1;0;0;0;1;0;0;0;0;0;0;1;0;0;1;0;1;2;3;1;0;2;0;1;1;2;0;1;0;0;1;0;0;1;1;0;0;0;0;0;2;0;1;0;0;0;0;1;0;0;0;0;0;0;1;1;0;0;0;0;0;0;0;0;0;0;0;0;0;0;0;0;0;0;0;0;0;0;0;0;1;0;0;0;0;0;0;0;0;0;0
092105;Quartucciu;1;4;3;1;1;1;2;0;0;1;2;0;0;0;0;0;1;0;3;2;4;0;3;3;1;6;2;4;3;5;4;1;3;7;4;2;3;3;2;0;3;6;4;1;4;0;3;1;4;3;4;2;1;4;2;1;1;1;3;2;0;1;2;1;1;0;0;0;1;1;0;0;2;1;0;0;0;0;1;0;0;0;1;0;0;0;0;0;0;0;0;0;0;0;0;0;0;0;0;0;0
092108;Elmas;4;2;2;1;1;2;2;0;1;1;1;0;2;5;3;2;2;1;4;3;2;0;0;0;2;1;5;5;2;4;3;6;3;12;6;6;8;5;12;2;8;3;5;4;6;3;1;2;3;3;3;0;6;3;2;2;0;5;2;4;5;1;0;3;1;2;0;0;0;0;0;0;0;0;0;0;0;0;0;0;0;0;0;0;0;0;0;0;0;0;0;0;0;0;0;0;0;0;0;0;0
092109;Monserrato;3;2;1;0;1;2;3;2;0;3;3;5;2;2;5;4;1;3;4;2;1;3;2;2;4;4;3;10;1;7;7;6;5;7;7;3;4;8;6;8;3;7;6;4;7;4;4;4;5;3;9;1;1;3;4;4;5;1;1;7;1;3;1;0;0;0;0;0;2;1;1;0;0;0;0;0;0;0;0;0;0;0;0;0;0;0;0;0;0;0;1;0;0;0;0;0;0;0;0;0;0
;Totale;102;107;100;88;82;91;81;90;79;83;74;95;73;81;83;77;104;82;106;86;115;107;102;112;141;160;176;202;220;221;227;250;257;262;255;224;278;275;214;212;213;258;188;198;183;174;167;178;171;169;158;144;149;142;133;123;124;96;104;117;58;69;60;52;42;33;32;29;17;20;18;18;7;12;6;9;6;3;9;3;4;6;2;3;2;3;2;1;4;0;2;0;0;0;0;0;0;0;0;0;0
Territorio/Età;;0;1;2;3;4;5;6;7;8;9;10;11;12;13;14;15;16;17;18;19;20;21;22;23;24;25;26;27;28;29;30;31;32;33;34;35;36;37;38;39;40;41;42;43;44;45;46;47;48;49;50;51;52;53;54;55;56;57;58;59;60;61;62;63;64;65;66;67;68;69;70;71;72;73;74;75;76;77;78;79;80;81;82;83;84;85;86;87;88;89;90;91;92;93;94;95;96;97;98;99;100
Codice comune;Comune;Maschi
092003;Assemini;4;2;1;1;4;2;4;3;4;3;0;2;1;4;0;3;2;2;3;0;6;6;1;5;6;7;2;4;3;6;1;5;3;2;9;7;5;10;3;5;2;8;5;7;3;4;5;6;6;1;6;2;1;3;2;2;0;1;0;1;1;2;2;0;0;0;0;0;1;0;1;0;0;1;0;0;1;0;0;0;0;1;0;0;0;0;0;0;1;0;0;0;0;0;0;0;0;0;0;0;0
092009;Cagliari;20;37;27;23;22;26;18;21;14;32;19;28;20;20;22;28;38;22;28;22;36;29;25;28;35;31;41;31;54;53;59;59;73;70;74;49;68;66;44;44;42;67;39;47;39;32;36;36;26;38;29;41;26;24;18;17;14;13;11;22;8;11;10;9;8;8;9;2;1;2;6;0;0;1;1;1;1;1;3;0;0;0;0;2;0;0;0;0;0;0;0;0;0;0;0;0;0;0;0;0;0
092011;Capoterra;2;0;4;0;3;0;1;0;2;0;2;0;1;3;2;2;1;2;0;0;1;4;5;1;7;0;0;2;2;4;3;9;0;0;1;1;2;4;7;5;3;5;3;4;2;3;7;0;2;5;3;2;1;2;4;2;3;0;3;0;1;2;0;2;0;0;1;0;0;4;2;2;0;1;0;0;0;0;0;0;0;0;0;0;0;0;0;0;0;0;0;0;0;0;0;0;0;0;0;0;0
092015;Decimomannu;1;0;0;0;2;0;0;2;0;0;0;2;0;1;1;0;3;0;3;1;0;0;0;1;0;2;0;1;3;2;0;3;4;0;1;2;5;3;0;0;1;3;1;1;1;1;0;0;0;1;2;2;0;0;2;0;2;1;0;0;0;0;0;0;0;0;0;0;0;0;0;0;0;0;1;0;0;0;0;0;0;0;0;0;0;0;0;0;0;0;0;0;0;0;0;0;0;0;0;0;0
092037;Maracalagonis;0;0;1;0;1;0;0;0;1;0;0;1;1;0;0;1;0;1;2;0;0;0;1;0;0;0;0;1;0;0;1;1;2;0;0;0;0;2;2;2;0;0;0;0;1;1;2;1;2;1;1;1;0;0;2;0;0;1;0;0;0;0;1;1;0;0;0;0;0;1;0;1;0;0;0;0;0;1;0;0;0;0;0;0;0;0;0;0;0;0;0;0;0;0;0;0;0;0;0;0;0
092050;Pula;0;1;0;0;3;2;2;5;1;3;0;1;3;1;0;0;0;0;1;2;1;0;0;1;2;0;2;0;2;1;3;0;1;1;1;1;1;2;4;2;1;0;1;2;2;3;4;4;0;3;2;2;1;0;0;2;0;0;1;1;1;0;3;1;1;1;0;1;0;0;0;2;1;1;0;1;0;0;1;0;0;0;0;0;0;0;0;0;0;0;0;0;0;0;0;0;0;0;0;0;0
092051;Quartu Sant'Elena;2;5;5;6;2;2;1;6;1;5;5;7;6;9;5;7;15;4;12;14;14;12;12;4;6;4;12;11;9;12;4;9;7;12;13;12;19;11;13;18;12;26;13;20;15;6;18;17;16;11;13;19;13;21;12;16;10;9;14;12;5;10;8;4;6;2;1;2;4;1;0;3;2;2;0;2;1;1;1;0;0;1;1;0;0;2;0;1;0;0;0;0;0;0;0;0;0;0;0;0;0
092066;Sarroch;0;0;0;0;0;0;0;0;0;0;1;0;0;0;0;1;1;0;0;0;0;0;0;0;1;0;0;0;1;0;0;0;0;0;0;0;0;0;0;2;0;1;0;0;0;0;0;0;0;0;0;0;1;0;0;0;3;0;0;0;0;0;0;1;2;0;1;0;0;0;0;1;0;0;0;0;0;0;0;0;0;1;0;0;0;0;0;0;0;0;0;0;0;0;0;0;0;0;0;0;0
092068;Selargius;3;4;6;3;3;2;1;1;1;1;1;7;1;1;0;1;1;4;2;4;4;0;2;0;4;3;3;3;2;10;8;4;3;5;4;2;5;1;3;1;1;5;3;3;0;2;1;3;5;1;4;0;3;2;0;0;0;0;0;0;2;3;1;0;0;2;0;0;0;0;0;0;1;1;0;0;0;0;0;0;0;0;0;0;0;0;0;0;0;0;0;0;0;0;0;0;0;0;0;0;0
092074;Sestu;5;0;0;2;2;4;1;4;3;4;0;1;0;0;0;2;1;2;1;0;1;0;1;1;0;2;1;2;1;1;2;1;5;1;2;3;3;5;5;1;1;2;3;2;3;2;0;2;0;0;0;0;1;0;0;1;2;2;0;1;1;0;4;1;0;0;0;0;0;0;0;0;0;0;0;0;0;0;0;0;0;0;0;0;0;0;0;0;0;0;0;0;0;0;0;0;0;0;0;0;0
092075;Settimo San Pietro;0;0;1;0;0;0;0;0;0;1;0;0;1;0;0;0;0;0;0;0;1;0;0;0;2;0;0;0;0;0;0;0;0;0;0;0;0;2;0;1;0;0;0;0;0;0;0;0;1;1;0;0;0;0;1;0;0;0;0;0;0;0;0;0;0;0;0;0;0;0;0;0;0;0;0;0;0;0;0;1;0;0;0;0;0;0;0;0;0;0;0;0;0;0;0;0;0;0;0;0;0
092080;Sinnai;1;0;1;1;2;1;1;2;1;0;0;0;2;2;4;1;1;0;1;0;1;0;0;0;0;3;1;1;1;0;0;1;2;0;2;1;2;4;3;3;0;2;2;1;0;3;1;1;3;0;0;2;1;0;2;2;0;1;0;2;0;1;0;1;0;0;0;1;0;0;0;0;0;0;0;0;0;0;0;0;0;0;0;0;0;0;0;0;0;0;0;0;0;0;0;0;0;0;0;0;0
092090;Uta;1;2;2;3;0;0;1;2;1;2;1;0;0;2;1;0;1;2;3;0;2;0;1;1;1;1;1;2;2;1;1;2;1;2;1;0;0;3;2;0;0;1;3;1;0;1;3;3;2;0;0;0;1;1;3;0;1;2;2;1;0;2;2;0;1;0;1;0;0;0;0;0;0;0;0;0;0;0;0;0;1;0;0;0;0;0;0;0;0;0;0;0;0;0;0;0;0;0;0;0;0
092099;Villa San Pietro;0;1;0;0;0;1;0;0;1;0;1;0;0;0;1;0;0;0;0;0;0;1;0;0;0;0;1;0;3;0;0;2;0;1;1;2;0;0;0;0;1;0;0;0;0;0;0;0;0;0;0;0;0;0;0;0;0;0;0;0;0;0;0;0;0;1;0;0;0;0;0;0;0;0;0;0;0;0;0;0;0;0;0;0;0;0;0;0;0;0;0;0;0;0;0;0;0;0;0;0;0
092105;Quartucciu;1;2;1;1;0;0;1;0;0;1;0;0;0;0;0;0;0;0;1;1;4;0;1;0;1;3;1;0;0;1;1;0;1;2;1;1;1;2;0;0;1;2;1;0;2;0;0;0;1;2;0;1;0;2;1;0;0;0;2;1;0;1;0;0;1;0;0;0;1;0;0;0;0;0;0;0;0;0;1;0;0;0;0;0;0;0;0;0;0;0;0;0;0;0;0;0;0;0;0;0;0
092108;Elmas;1;0;2;1;0;1;2;0;0;0;0;0;0;4;2;2;2;1;4;3;2;0;0;0;1;1;2;4;0;1;0;3;3;4;1;5;3;2;2;1;3;1;3;2;2;1;0;2;0;0;2;0;4;2;1;2;0;2;2;2;1;1;0;2;1;2;0;0;0;0;0;0;0;0;0;0;0;0;0;0;0;0;0;0;0;0;0;0;0;0;0;0;0;0;0;0;0;0;0;0;0
092109;Monserrato;1;1;0;0;0;1;1;2;0;3;1;3;2;1;2;4;1;1;3;1;0;3;0;0;2;4;1;7;0;6;2;2;3;2;3;2;3;3;0;3;3;2;3;2;2;3;2;0;2;1;3;0;0;3;4;0;1;1;0;3;0;2;0;0;0;0;0;0;1;1;1;0;0;0;0;0;0;0;0;0;0;0;0;0;0;0;0;0;0;0;0;0;0;0;0;0;0;0;0;0;0
;Totale;42;55;51;41;44;42;34;48;30;55;31;52;38;48;40;52;67;41;64;48;73;55;49;42;68;61;68;69;83;98;85;101;108;102;114;88;117;120;88;88;71;125;80;92;72;62;79;75;66;65;65;72;53;60;52;44;36;33;35;46;20;35;31;22;20;16;13;6;8;9;10;9;4;7;2;4;3;3;6;1;1;3;1;2;0;2;0;1;1;0;0;0;0;0;0;0;0;0;0;0;0
Territorio/Età;;0;1;2;3;4;5;6;7;8;9;10;11;12;13;14;15;16;17;18;19;20;21;22;23;24;25;26;27;28;29;30;31;32;33;34;35;36;37;38;39;40;41;42;43;44;45;46;47;48;49;50;51;52;53;54;55;56;57;58;59;60;61;62;63;64;65;66;67;68;69;70;71;72;73;74;75;76;77;78;79;80;81;82;83;84;85;86;87;88;89;90;91;92;93;94;95;96;97;98;99;100
Codice comune;Comune;Femmine
092003;Assemini;5;5;2;5;3;4;2;3;1;3;1;3;1;4;2;2;1;2;0;1;2;3;5;9;6;5;10;5;6;9;11;6;7;12;3;9;9;6;4;6;9;4;4;2;6;11;6;3;6;3;1;5;5;2;1;2;1;0;1;1;2;0;0;0;0;2;2;0;1;1;3;0;0;0;0;2;0;0;0;1;0;1;0;0;1;0;0;0;0;0;0;0;0;0;0;0;0;0;0;0;0
092009;Cagliari;31;29;29;21;22;23;28;24;34;15;26;16;23;20;16;14;16;23;30;24;29;38;34;28;39;54;46;66;56;66;63;71;79;75;71;76;86;79;63;68;59;68;51;58;58;55;50;56;56;59;52;43;48;47;55;49;57;32;46;43;18;27;22;17;10;13;9;14;4;5;3;4;0;2;1;0;2;0;2;0;3;1;0;0;0;0;2;0;2;0;0;0;0;0;0;0;0;0;0;0;0
092011;Capoterra;1;0;3;9;1;0;2;2;1;2;2;6;2;1;4;0;1;0;0;0;3;1;1;2;2;4;5;3;6;5;5;9;10;8;6;8;9;5;4;6;9;8;4;3;3;9;8;5;6;4;6;3;2;7;1;2;2;5;0;1;1;0;0;0;1;0;0;2;0;0;1;0;0;0;0;0;0;0;0;0;0;0;0;0;0;0;0;0;0;0;0;0;0;0;0;0;0;0;0;0;0
092015;Decimomannu;1;0;1;0;1;0;0;1;1;0;0;1;0;0;4;2;1;0;0;0;1;0;0;0;3;1;0;3;2;2;0;3;2;6;5;0;1;5;1;0;1;5;2;1;1;0;1;3;1;2;2;0;0;0;0;1;2;0;0;0;0;0;0;0;0;0;0;0;0;0;0;0;0;0;0;0;0;0;0;0;0;0;0;0;0;0;0;0;0;0;0;0;0;0;0;0;0;0;0;0;0
092037;Maracalagonis;1;0;1;0;0;0;0;0;0;0;0;2;0;1;1;0;1;0;0;2;2;0;1;0;2;1;1;3;0;0;1;0;3;0;0;2;4;2;0;0;0;2;0;1;1;1;3;2;2;1;1;0;0;0;0;0;0;2;0;1;0;0;0;0;2;0;1;1;0;0;0;1;0;0;0;0;0;0;0;0;0;0;0;0;0;0;0;0;0;0;0;0;0;0;0;0;0;0;0;0;0
092050;Pula;1;0;0;0;2;3;0;0;1;1;0;0;0;0;0;3;1;2;3;0;0;2;0;3;0;1;3;1;7;4;2;1;2;1;3;3;12;4;2;4;7;1;4;4;2;1;3;0;0;7;1;2;1;2;1;1;1;3;1;2;1;2;0;0;0;1;1;2;0;0;0;3;0;0;0;1;0;0;0;0;0;0;0;0;0;0;0;0;0;0;0;0;0;0;0;0;0;0;0;0;0
092051;Quartu Sant'Elena;8;10;2;6;0;5;6;4;6;5;2;8;3;3;4;1;10;6;5;5;3;5;4;16;9;9;23;24;28;16;28;25;28;26;25;19;16;18;19;20;33;14;23;15;19;19;7;20;18;13;12;5;18;9;11;11;10;9;12;7;4;4;2;7;3;0;4;4;0;1;1;1;1;0;2;1;0;0;1;1;0;1;0;0;1;1;0;0;0;0;0;0;0;0;0;0;0;0;0;0;0
092066;Sarroch;0;0;2;0;0;0;0;0;0;0;0;0;0;1;0;0;0;0;0;0;0;0;0;0;0;0;1;0;0;1;0;0;3;0;0;0;0;0;0;0;4;1;1;3;0;0;0;2;2;0;0;0;0;1;0;1;0;1;1;0;2;0;0;0;1;1;0;0;1;0;0;0;0;2;0;0;0;0;0;0;0;0;0;0;0;0;0;0;0;0;0;0;0;0;0;0;0;0;0;0;0
092068;Selargius;3;2;2;4;3;3;4;3;1;1;2;2;0;1;2;2;1;1;1;2;1;1;2;3;2;9;5;4;10;6;5;6;3;8;4;3;7;7;3;6;6;3;4;6;3;3;1;2;1;4;1;8;6;3;4;3;5;0;2;4;3;0;0;3;2;0;1;0;0;2;0;0;0;0;0;0;0;0;0;0;0;0;0;0;0;0;0;0;0;0;0;0;0;0;0;0;0;0;0;0;0
092074;Sestu;3;1;1;2;1;1;0;2;2;0;2;2;1;0;3;0;1;1;0;0;0;2;1;2;1;6;3;4;7;2;5;9;2;2;6;9;5;3;7;5;2;6;4;4;3;4;1;0;1;2;3;0;2;1;0;0;3;3;2;1;1;0;0;0;1;0;1;0;0;0;0;0;0;0;0;0;0;0;0;0;0;0;0;1;0;0;0;0;0;0;0;0;0;0;0;0;0;0;0;0;0
092075;Settimo San Pietro;0;0;0;0;0;1;0;1;0;0;0;0;0;0;0;0;0;2;0;0;0;0;0;0;0;0;1;1;1;0;1;1;1;0;0;0;0;4;2;0;1;0;2;0;0;0;0;0;0;1;0;0;1;3;2;4;0;1;0;1;0;0;0;0;0;0;0;0;0;1;0;0;0;0;0;1;0;0;0;0;0;0;0;0;0;0;0;0;0;0;0;0;0;0;0;0;0;0;0;0;0
092080;Sinnai;0;0;1;0;0;2;0;1;0;0;3;1;0;0;2;0;0;0;0;0;0;0;0;0;0;1;1;6;2;2;3;8;4;4;3;3;0;7;2;0;2;6;1;0;3;4;1;4;2;1;1;1;4;3;2;0;1;1;1;2;1;0;2;1;1;0;0;0;1;0;0;0;0;0;1;0;0;0;0;0;0;0;0;0;0;0;0;0;1;0;0;0;0;0;0;0;0;0;0;0;0
092090;Uta;1;0;2;0;0;3;1;1;1;0;0;0;3;0;1;1;3;2;0;2;0;0;1;2;5;5;3;3;6;1;7;2;1;0;3;1;4;5;1;3;2;4;0;3;0;2;1;1;1;1;0;3;4;1;2;0;1;1;1;1;0;0;0;0;0;0;0;0;1;0;0;0;0;0;0;0;1;0;0;0;0;0;0;0;0;0;0;0;0;0;0;0;0;0;0;0;0;0;0;0;0
092099;Villa San Pietro;0;0;0;0;2;1;1;0;0;0;0;0;0;0;0;0;0;0;0;0;0;0;0;0;1;0;0;2;0;1;0;0;0;0;0;0;0;1;0;0;0;0;0;1;1;0;0;0;0;0;2;0;1;0;0;0;0;1;0;0;0;0;0;0;1;0;0;0;0;0;0;0;0;0;0;0;0;0;0;0;0;0;0;0;0;0;0;0;0;0;1;0;0;0;0;0;0;0;0;0;0
092105;Quartucciu;0;2;2;0;1;1;1;0;0;0;2;0;0;0;0;0;1;0;2;1;0;0;2;3;0;3;1;4;3;4;3;1;2;5;3;1;2;1;2;0;2;4;3;1;2;0;3;1;3;1;4;1;1;2;1;1;1;1;1;1;0;0;2;1;0;0;0;0;0;1;0;0;2;1;0;0;0;0;0;0;0;0;1;0;0;0;0;0;0;0;0;0;0;0;0;0;0;0;0;0;0
092108;Elmas;3;2;0;0;1;1;0;0;1;1;1;0;2;1;1;0;0;0;0;0;0;0;0;0;1;0;3;1;2;3;3;3;0;8;5;1;5;3;10;1;5;2;2;2;4;2;1;0;3;3;1;0;2;1;1;0;0;3;0;2;4;0;0;1;0;0;0;0;0;0;0;0;0;0;0;0;0;0;0;0;0;0;0;0;0;0;0;0;0;0;0;0;0;0;0;0;0;0;0;0;0
092109;Monserrato;2;1;1;0;1;1;2;0;0;0;2;2;0;1;3;0;0;2;1;1;1;0;2;2;2;0;2;3;1;1;5;4;2;5;4;1;1;5;6;5;0;5;3;2;5;1;2;4;3;2;6;1;1;0;0;4;4;0;1;4;1;1;1;0;0;0;0;0;1;0;0;0;0;0;0;0;0;0;0;0;0;0;0;0;0;0;0;0;0;0;1;0;0;0;0;0;0;0;0;0;0
;Totale;60;52;49;47;38;49;47;42;49;28;43;43;35;33;43;25;37;41;42;38;42;52;53;70;73;99;108;133;137;123;142;149;149;160;141;136;161;155;126;124;142;133;108;106;111;112;88;103;105;104;93;72;96;82;81;79;88;63;69;71;38;34;29;30;22;17;19;23;9;11;8;9;3;5;4;5;3;0;3;2;3;3;1;1;2;1;2;0;3;0;2;0;0;0;0;0;0;0;0;0;0

"Ricostruzione della popolazione intercensuaria - Popolazione al 1° gennaio per età"
"Cittadinanza straniera - Anno: 2013 - Provincia: Cagliari"
Territorio/Età;;0;1;2;3;4;5;6;7;8;9;10;11;12;13;14;15;16;17;18;19;20;21;22;23;24;25;26;27;28;29;30;31;32;33;34;35;36;37;38;39;40;41;42;43;44;45;46;47;48;49;50;51;52;53;54;55;56;57;58;59;60;61;62;63;64;65;66;67;68;69;70;71;72;73;74;75;76;77;78;79;80;81;82;83;84;85;86;87;88;89;90;91;92;93;94;95;96;97;98;99;100
Codice comune;Comune;Totale
092003;Assemini;7;10;7;6;5;8;6;6;6;7;8;5;8;2;7;1;5;4;4;5;2;9;7;6;13;18;15;11;9;8;18;12;12;8;11;13;12;15;20;9;13;13;8;9;8;11;13;9;10;8;4;11;5;7;5;3;5;1;0;1;1;2;3;2;0;0;1;1;0;2;1;4;0;0;1;0;3;1;0;0;1;0;2;0;0;1;0;0;0;0;0;0;0;0;0;0;0;0;0;0;0
092009;Cagliari;79;55;68;57;48;49;50;53;51;49;54;44;49;50;45;38;49;66;63;78;72;74;85;77;74;93;101;107;115;128;128;133;139;165;152;159;128;158;169;128;118;110;143;97;121;102;103;86;99;96;103;93;91;79;78;85;71;79;47;57;62;34;42;32;25;19;22;18;14;4;8;10;5;1;3;2;1;4;1;4;0;3;1;0;2;0;0;2;0;2;0;0;0;0;0;0;0;0;0;0;0
092011;Capoterra;9;3;2;9;12;8;2;4;5;6;1;4;9;5;3;7;2;4;2;2;1;4;7;7;5;9;10;10;4;11;10;14;19;11;11;9;10;10;10;11;13;13;11;7;8;6;12;13;5;9;10;8;5;1;9;5;3;3;5;4;2;3;2;1;2;1;0;2;1;0;3;3;2;0;1;1;1;0;0;0;0;0;0;0;0;0;0;0;0;0;0;0;0;0;0;0;0;0;0;0;0
092015;Decimomannu;2;2;0;3;0;2;0;0;2;2;0;0;3;0;1;4;2;3;0;2;2;0;0;0;3;4;2;0;3;4;5;1;6;10;4;7;2;6;8;1;0;3;6;3;1;2;1;0;4;1;5;2;2;1;0;1;2;5;1;0;0;0;0;0;0;0;0;0;0;0;0;0;0;0;0;1;0;0;0;0;0;0;0;0;0;0;0;0;0;0;0;0;0;0;0;0;0;0;0;0;0
092037;Maracalagonis;0;0;0;3;0;1;0;0;0;1;0;0;3;1;1;2;1;1;0;1;2;2;0;2;1;3;1;1;3;0;1;1;1;3;1;0;2;5;4;2;0;0;2;0;1;2;2;5;3;4;2;1;1;0;0;2;0;1;4;0;1;0;0;1;1;2;0;1;1;0;1;0;2;0;0;0;0;0;1;0;0;0;0;0;0;0;0;0;0;0;0;0;0;0;0;0;0;0;0;0;0
092050;Pula;4;0;0;0;1;5;4;2;3;2;3;0;0;2;1;0;1;1;1;3;2;1;2;0;4;1;1;5;2;8;7;7;2;3;1;6;5;12;5;6;6;7;1;5;6;3;3;5;4;0;11;3;5;2;3;1;3;1;3;3;2;2;2;3;1;1;2;1;3;0;0;0;5;1;1;0;2;0;0;1;0;0;0;0;0;0;0;0;0;0;0;0;0;0;0;0;0;0;0;0;0
092051;Quartu Sant'Elena;14;15;23;10;16;6;9;9;14;10;12;7;13;9;11;10;9;20;12;19;22;25;23;22;33;28;31;56;53;56;51;50;44;47;51;58;40;43;35;35;39;44;44;44;38;35;31;27;36;30;32;25;28;34;30;26;29;23;19;24;19;10;12;11;12;10;2;6;8;4;2;1;5;4;3;2;3;1;1;3;1;0;2;0;0;1;3;0;1;0;0;0;0;0;0;0;0;0;0;0;0
092066;Sarroch;0;1;0;3;0;0;0;0;0;0;0;1;1;0;1;0;2;0;0;0;0;0;0;0;0;1;0;1;1;1;1;0;0;3;1;1;1;0;1;0;2;4;2;2;3;1;0;2;0;1;0;1;0;2;0;0;1;3;0;1;0;2;1;0;1;3;1;1;0;1;0;0;1;0;2;0;0;0;0;0;0;0;1;0;0;0;0;0;0;0;0;0;0;0;0;0;0;0;0;0;0
092068;Selargius;4;9;6;8;9;4;6;6;5;3;4;4;9;2;2;4;3;3;3;4;7;6;3;5;4;5;12;12;9;13;10;16;14;6;11;9;10;12;6;7;5;6;8;9;16;1;5;7;6;8;5;6;6;9;5;5;3;4;0;2;3;4;3;1;3;2;2;2;0;0;2;0;0;1;1;0;0;0;0;0;0;0;0;0;0;0;0;0;0;0;0;0;0;0;0;0;0;0;0;0;0
092074;Sestu;2;7;1;3;5;4;5;2;5;5;6;1;3;1;1;3;1;2;1;1;1;2;1;3;3;0;10;3;5;11;5;9;7;7;8;7;14;9;6;8;5;4;9;7;3;3;6;1;2;0;2;3;0;3;2;1;1;3;5;2;2;2;1;4;1;1;0;1;0;0;0;0;1;0;0;0;0;0;0;0;0;0;0;0;1;0;0;0;0;0;0;0;0;0;0;0;0;0;0;0;0
092075;Settimo San Pietro;1;0;1;1;1;1;1;0;2;0;0;0;0;1;0;0;0;1;1;0;0;0;0;0;1;0;3;0;1;1;1;2;1;1;0;0;1;0;6;2;1;0;1;1;0;1;1;1;0;2;1;0;0;2;3;2;4;2;1;0;2;0;0;0;0;0;0;0;0;0;1;0;0;0;0;0;1;0;0;0;1;0;0;0;0;0;0;0;0;0;0;0;0;0;0;0;0;0;0;0;0
092080;Sinnai;0;0;1;3;1;1;3;1;2;1;0;2;1;2;1;5;1;0;0;0;0;1;0;1;0;0;4;2;7;6;3;2;6;7;3;6;5;2;8;5;6;3;6;3;1;5;6;1;5;4;2;1;3;5;1;5;2;0;2;2;4;1;1;3;2;1;0;0;1;0;0;0;0;0;0;2;0;0;0;0;0;0;0;0;0;0;0;0;0;1;0;0;0;0;0;0;0;0;0;0;0
092090;Uta;1;2;2;4;2;0;3;2;3;2;2;1;0;4;2;2;1;2;5;2;2;1;0;1;3;4;5;4;7;6;2;7;4;3;3;4;2;4;8;3;2;2;3;3;4;0;4;4;5;3;1;0;5;4;4;5;0;2;2;3;2;0;2;2;0;1;0;1;0;1;0;0;0;0;0;0;0;1;0;0;0;1;0;0;0;0;0;0;0;0;0;0;0;0;0;0;0;0;0;0;0
092099;Villa San Pietro;2;0;2;0;0;2;2;1;0;1;0;1;0;0;0;1;0;0;0;0;0;1;1;0;1;2;3;0;2;3;2;0;3;1;1;1;0;0;2;0;0;0;1;0;2;1;0;1;0;0;1;1;0;0;0;0;0;1;1;0;0;0;0;0;0;1;1;0;0;0;0;0;0;0;0;0;0;0;0;0;0;0;0;0;0;0;0;0;0;0;0;1;0;0;0;0;0;0;0;0;0
092105;Quartucciu;4;4;5;3;3;3;1;2;0;0;2;2;0;1;0;0;0;2;1;4;2;4;1;6;3;2;9;1;7;6;8;2;1;10;8;4;4;2;6;5;1;5;7;5;2;5;1;4;2;5;2;3;2;1;5;1;2;2;1;3;2;0;1;3;1;1;0;0;0;1;1;0;0;2;1;0;0;0;0;1;0;0;0;1;0;0;0;0;0;0;0;0;0;0;0;0;0;0;0;0;0
092108;Elmas;5;4;2;2;1;1;1;1;0;1;1;2;1;2;4;4;2;3;1;3;3;2;2;0;1;3;3;6;5;4;4;4;6;3;13;7;5;5;8;9;2;7;2;6;8;7;4;4;4;4;5;3;0;6;3;1;2;0;4;2;4;5;1;0;3;1;2;0;1;0;0;0;0;0;0;0;0;0;0;0;0;0;0;0;0;0;0;0;0;0;0;0;0;0;0;0;0;0;0;0;0
092109;Monserrato;2;4;2;2;2;2;2;3;1;0;3;1;5;2;2;3;4;2;2;5;2;1;4;2;1;4;5;2;11;2;5;8;5;4;6;8;2;6;6;4;11;4;7;6;6;9;4;6;6;6;3;6;3;0;3;3;2;4;2;3;5;2;2;1;0;0;0;0;0;2;1;1;0;0;0;0;0;0;0;0;0;0;0;0;0;0;0;0;0;0;0;1;0;0;0;0;0;0;0;0;0
;Totale;136;116;122;117;106;97;95;92;99;90;96;75;105;84;82;84;83;114;96;129;120;133;136;132;150;177;215;221;244;268;261;268;270;292;285;299;243;289;308;235;224;225;261;207;228;194;196;176;191;181;189;167;156;156;151;146;130;134;97;107;111;67;73;64;52;44;33;34;29;15;20;19;21;9;13;8;11;7;3;9;3;4;6;1;3;2;3;2;1;3;0;2;0;0;0;0;0;0;0;0;0
Territorio/Età;;0;1;2;3;4;5;6;7;8;9;10;11;12;13;14;15;16;17;18;19;20;21;22;23;24;25;26;27;28;29;30;31;32;33;34;35;36;37;38;39;40;41;42;43;44;45;46;47;48;49;50;51;52;53;54;55;56;57;58;59;60;61;62;63;64;65;66;67;68;69;70;71;72;73;74;75;76;77;78;79;80;81;82;83;84;85;86;87;88;89;90;91;92;93;94;95;96;97;98;99;100
Codice comune;Comune;Maschi
092003;Assemini;5;4;2;2;0;4;2;4;2;6;4;2;5;0;3;0;3;3;2;3;0;6;4;1;6;7;7;2;3;4;6;3;4;2;3;9;5;6;12;4;6;3;5;6;5;3;6;5;4;4;1;7;2;3;2;2;3;1;0;0;1;1;2;2;0;0;0;0;0;1;0;1;0;0;1;0;1;1;0;0;0;0;1;0;0;0;0;0;0;0;0;0;0;0;0;0;0;0;0;0;0
092009;Cagliari;38;19;36;29;27;29;29;19;25;14;34;17;28;24;20;20;33;44;36;39;39;39;46;32;43;47;43;52;44;63;62;58;71;85;70;83;50;68;75;55;49;48;69;43;50;41;38;31;38;30;41;34;42;26;25;19;20;14;13;13;19;11;12;10;8;7;9;8;2;0;2;6;1;0;2;1;1;2;1;2;0;0;0;0;2;0;0;0;0;0;0;0;0;0;0;0;0;0;0;0;0
092011;Capoterra;3;2;1;5;2;4;2;2;3;3;0;2;2;3;2;3;2;1;1;2;1;1;5;6;1;6;6;1;1;4;5;5;10;3;1;0;3;2;4;7;5;4;3;2;5;3;4;6;1;3;5;3;1;0;2;4;1;2;0;3;1;1;1;1;2;0;0;2;0;0;3;2;2;0;1;1;0;0;0;0;0;0;0;0;0;0;0;0;0;0;0;0;0;0;0;0;0;0;0;0;0
092015;Decimomannu;1;1;0;0;0;1;0;0;1;1;0;0;2;0;1;1;0;2;0;2;1;0;0;0;3;0;2;0;1;2;2;0;3;5;0;1;2;5;3;0;0;2;3;1;0;1;0;0;1;0;1;1;2;0;0;1;0;2;1;0;0;0;0;0;0;0;0;0;0;0;0;0;0;0;0;1;0;0;0;0;0;0;0;0;0;0;0;0;0;0;0;0;0;0;0;0;0;0;0;0;0
092037;Maracalagonis;0;0;0;1;0;1;0;0;0;1;0;0;1;1;0;0;1;0;0;1;0;0;0;1;1;0;1;0;1;0;1;0;1;1;1;0;0;1;2;2;0;0;0;0;0;1;1;2;1;2;1;1;1;0;0;2;0;0;2;0;0;0;0;1;1;0;0;0;0;0;1;0;1;0;0;0;0;0;1;0;0;0;0;0;0;0;0;0;0;0;0;0;0;0;0;0;0;0;0;0;0
092050;Pula;1;0;0;0;1;3;1;2;3;1;2;0;0;2;1;0;0;0;0;1;2;1;0;0;1;1;0;2;0;2;1;4;1;1;0;2;1;1;2;4;3;1;0;1;2;1;2;3;3;0;4;1;2;1;0;0;2;0;0;1;1;1;0;3;1;1;1;0;1;0;0;0;2;1;1;0;1;0;0;1;0;0;0;0;0;0;0;0;0;0;0;0;0;0;0;0;0;0;0;0;0
092051;Quartu Sant'Elena;9;4;14;7;11;4;2;2;7;3;7;5;6;5;7;6;7;13;4;14;17;21;15;15;11;14;9;23;20;22;24;15;15;20;20;26;18;23;15;14;21;14;25;15;19;15;8;20;16;14;13;13;21;13;21;13;16;12;8;13;12;5;9;9;5;6;2;2;3;4;1;0;4;3;2;0;2;1;1;2;0;0;1;0;0;0;2;0;1;0;0;0;0;0;0;0;0;0;0;0;0
092066;Sarroch;0;0;0;1;0;0;0;0;0;0;0;1;1;0;0;0;1;0;0;0;0;0;0;0;0;1;0;0;0;1;0;0;0;0;1;1;1;0;0;0;2;0;1;0;0;0;0;0;0;0;0;1;0;2;0;0;0;2;0;0;0;0;0;0;1;2;0;1;0;0;0;0;1;0;0;0;0;0;0;0;0;0;1;0;0;0;0;0;0;0;0;0;0;0;0;0;0;0;0;0;0
092068;Selargius;1;5;3;6;3;0;2;2;2;1;2;3;6;2;1;2;1;2;2;2;4;5;2;2;1;4;2;5;4;4;7;9;4;2;4;4;3;5;2;3;0;0;5;2;4;0;2;1;5;5;2;4;0;3;3;0;0;0;0;0;0;2;3;0;0;0;2;0;0;0;0;0;0;1;1;0;0;0;0;0;0;0;0;0;0;0;0;0;0;0;0;0;0;0;0;0;0;0;0;0;0
092074;Sestu;1;5;0;1;2;3;3;2;3;3;4;0;1;0;0;0;1;0;1;1;0;1;0;1;1;0;3;0;2;1;2;1;1;5;3;1;5;3;3;4;1;1;2;3;1;1;2;0;2;0;0;0;0;1;0;0;1;2;2;0;1;1;0;3;1;0;0;0;0;0;0;0;0;0;0;0;0;0;0;0;0;0;0;0;0;0;0;0;0;0;0;0;0;0;0;0;0;0;0;0;0
092075;Settimo San Pietro;0;0;1;1;0;1;0;0;1;0;0;0;0;1;0;0;0;0;0;0;0;0;0;0;0;0;0;0;0;0;0;1;0;0;0;0;1;0;2;0;1;0;1;0;0;0;0;1;0;1;0;0;0;0;0;1;0;0;0;0;0;0;0;0;0;0;0;0;0;0;0;0;0;0;0;0;0;0;0;0;1;0;0;0;0;0;0;0;0;0;0;0;0;0;0;0;0;0;0;0;0
092080;Sinnai;0;0;0;1;1;1;1;1;1;1;0;0;0;2;1;3;1;0;0;0;0;1;0;1;0;0;3;0;2;3;0;0;0;3;0;2;2;2;2;3;6;0;1;2;1;0;3;0;1;2;0;0;2;1;0;2;2;0;1;0;2;0;1;0;1;0;0;0;1;0;0;0;0;0;0;0;0;0;0;0;0;0;0;0;0;0;0;0;0;0;0;0;0;0;0;0;0;0;0;0;0
092090;Uta;1;1;2;2;2;0;0;1;2;1;2;1;0;0;2;1;0;1;3;2;0;1;0;0;1;0;2;1;4;3;1;1;1;1;2;1;0;1;3;1;0;0;1;3;2;0;1;3;3;2;0;0;1;1;1;3;0;1;1;2;1;0;2;2;0;1;0;1;0;0;0;0;0;0;0;0;0;0;0;0;0;1;0;0;0;0;0;0;0;0;0;0;0;0;0;0;0;0;0;0;0
092099;Villa San Pietro;2;0;2;0;0;0;1;0;0;1;0;1;0;0;0;1;0;0;0;0;0;1;1;0;1;1;1;0;0;3;0;0;3;1;1;1;0;0;0;0;0;0;1;0;0;0;0;0;0;0;0;0;0;0;0;0;0;1;0;0;0;0;0;0;0;0;1;0;0;0;0;0;0;0;0;0;0;0;0;0;0;0;0;0;0;0;0;0;0;0;0;0;0;0;0;0;0;0;0;0;0
092105;Quartucciu;2;3;2;1;2;0;0;1;0;0;2;0;0;0;0;0;0;0;1;2;1;1;1;1;0;1;2;1;0;1;2;1;0;4;3;1;1;1;4;1;0;2;3;2;1;3;1;0;0;1;1;0;1;0;2;1;1;0;0;2;1;0;1;1;0;1;0;0;0;1;0;0;0;0;0;0;0;0;0;1;0;0;0;0;0;0;0;0;0;0;0;0;0;0;0;0;0;0;0;0;0
092108;Elmas;4;1;0;1;1;0;0;1;0;1;0;0;1;0;3;3;2;3;1;3;3;2;1;0;1;0;2;2;3;0;1;1;2;2;5;2;3;1;2;2;1;3;1;4;5;2;1;2;3;0;0;2;0;4;2;1;2;0;2;2;2;1;1;0;2;1;2;0;0;0;0;0;0;0;0;0;0;0;0;0;0;0;0;0;0;0;0;0;0;0;0;0;0;0;0;0;0;0;0;0;0
092109;Monserrato;2;2;1;0;1;0;2;0;1;0;2;1;3;2;1;0;4;2;1;3;1;1;3;0;0;2;4;0;8;0;4;4;0;2;1;4;2;4;3;0;4;2;2;4;4;4;3;3;1;2;1;2;0;0;3;3;0;2;1;0;2;0;2;0;0;0;0;0;0;1;1;1;0;0;0;0;0;0;0;0;0;0;0;0;0;0;0;0;0;0;0;0;0;0;0;0;0;0;0;0;0
;Totale;70;47;64;58;53;51;45;37;51;37;59;33;56;42;42;40;56;71;52;75;69;81;78;60;71;84;87;89;93;113;118;103;116;137;115;138;97;123;134;100;99;80;123;88;99;75;72;77;79;66;70;69;75;55;61;52;48;39;31;36;43;23;34;32;22;19;17;14;7;7;8;10;11;5;8;3;5;4;3;6;1;1;3;0;2;0;2;0;1;0;0;0;0;0;0;0;0;0;0;0;0
Territorio/Età;;0;1;2;3;4;5;6;7;8;9;10;11;12;13;14;15;16;17;18;19;20;21;22;23;24;25;26;27;28;29;30;31;32;33;34;35;36;37;38;39;40;41;42;43;44;45;46;47;48;49;50;51;52;53;54;55;56;57;58;59;60;61;62;63;64;65;66;67;68;69;70;71;72;73;74;75;76;77;78;79;80;81;82;83;84;85;86;87;88;89;90;91;92;93;94;95;96;97;98;99;100
Codice comune;Comune;Femmine
092003;Assemini;2;6;5;4;5;4;4;2;4;1;4;3;3;2;4;1;2;1;2;2;2;3;3;5;7;11;8;9;6;4;12;9;8;6;8;4;7;9;8;5;7;10;3;3;3;8;7;4;6;4;3;4;3;4;3;1;2;0;0;1;0;1;1;0;0;0;1;1;0;1;1;3;0;0;0;0;2;0;0;0;1;0;1;0;0;1;0;0;0;0;0;0;0;0;0;0;0;0;0;0;0
092009;Cagliari;41;36;32;28;21;20;21;34;26;35;20;27;21;26;25;18;16;22;27;39;33;35;39;45;31;46;58;55;71;65;66;75;68;80;82;76;78;90;94;73;69;62;74;54;71;61;65;55;61;66;62;59;49;53;53;66;51;65;34;44;43;23;30;22;17;12;13;10;12;4;6;4;4;1;1;1;0;2;0;2;0;3;1;0;0;0;0;2;0;2;0;0;0;0;0;0;0;0;0;0;0
092011;Capoterra;6;1;1;4;10;4;0;2;2;3;1;2;7;2;1;4;0;3;1;0;0;3;2;1;4;3;4;9;3;7;5;9;9;8;10;9;7;8;6;4;8;9;8;5;3;3;8;7;4;6;5;5;4;1;7;1;2;1;5;1;1;2;1;0;0;1;0;0;1;0;0;1;0;0;0;0;1;0;0;0;0;0;0;0;0;0;0;0;0;0;0;0;0;0;0;0;0;0;0;0;0
092015;Decimomannu;1;1;0;3;0;1;0;0;1;1;0;0;1;0;0;3;2;1;0;0;1;0;0;0;0;4;0;0;2;2;3;1;3;5;4;6;0;1;5;1;0;1;3;2;1;1;1;0;3;1;4;1;0;1;0;0;2;3;0;0;0;0;0;0;0;0;0;0;0;0;0;0;0;0;0;0;0;0;0;0;0;0;0;0;0;0;0;0;0;0;0;0;0;0;0;0;0;0;0;0;0
092037;Maracalagonis;0;0;0;2;0;0;0;0;0;0;0;0;2;0;1;2;0;1;0;0;2;2;0;1;0;3;0;1;2;0;0;1;0;2;0;0;2;4;2;0;0;0;2;0;1;1;1;3;2;2;1;0;0;0;0;0;0;1;2;0;1;0;0;0;0;2;0;1;1;0;0;0;1;0;0;0;0;0;0;0;0;0;0;0;0;0;0;0;0;0;0;0;0;0;0;0;0;0;0;0;0
092050;Pula;3;0;0;0;0;2;3;0;0;1;1;0;0;0;0;0;1;1;1;2;0;0;2;0;3;0;1;3;2;6;6;3;1;2;1;4;4;11;3;2;3;6;1;4;4;2;1;2;1;0;7;2;3;1;3;1;1;1;3;2;1;1;2;0;0;0;1;1;2;0;0;0;3;0;0;0;1;0;0;0;0;0;0;0;0;0;0;0;0;0;0;0;0;0;0;0;0;0;0;0;0
092051;Quartu Sant'Elena;5;11;9;3;5;2;7;7;7;7;5;2;7;4;4;4;2;7;8;5;5;4;8;7;22;14;22;33;33;34;27;35;29;27;31;32;22;20;20;21;18;30;19;29;19;20;23;7;20;16;19;12;7;21;9;13;13;11;11;11;7;5;3;2;7;4;0;4;5;0;1;1;1;1;1;2;1;0;0;1;1;0;1;0;0;1;1;0;0;0;0;0;0;0;0;0;0;0;0;0;0
092066;Sarroch;0;1;0;2;0;0;0;0;0;0;0;0;0;0;1;0;1;0;0;0;0;0;0;0;0;0;0;1;1;0;1;0;0;3;0;0;0;0;1;0;0;4;1;2;3;1;0;2;0;1;0;0;0;0;0;0;1;1;0;1;0;2;1;0;0;1;1;0;0;1;0;0;0;0;2;0;0;0;0;0;0;0;0;0;0;0;0;0;0;0;0;0;0;0;0;0;0;0;0;0;0
092068;Selargius;3;4;3;2;6;4;4;4;3;2;2;1;3;0;1;2;2;1;1;2;3;1;1;3;3;1;10;7;5;9;3;7;10;4;7;5;7;7;4;4;5;6;3;7;12;1;3;6;1;3;3;2;6;6;2;5;3;4;0;2;3;2;0;1;3;2;0;2;0;0;2;0;0;0;0;0;0;0;0;0;0;0;0;0;0;0;0;0;0;0;0;0;0;0;0;0;0;0;0;0;0
092074;Sestu;1;2;1;2;3;1;2;0;2;2;2;1;2;1;1;3;0;2;0;0;1;1;1;2;2;0;7;3;3;10;3;8;6;2;5;6;9;6;3;4;4;3;7;4;2;2;4;1;0;0;2;3;0;2;2;1;0;1;3;2;1;1;1;1;0;1;0;1;0;0;0;0;1;0;0;0;0;0;0;0;0;0;0;0;1;0;0;0;0;0;0;0;0;0;0;0;0;0;0;0;0
092075;Settimo San Pietro;1;0;0;0;1;0;1;0;1;0;0;0;0;0;0;0;0;1;1;0;0;0;0;0;1;0;3;0;1;1;1;1;1;1;0;0;0;0;4;2;0;0;0;1;0;1;1;0;0;1;1;0;0;2;3;1;4;2;1;0;2;0;0;0;0;0;0;0;0;0;1;0;0;0;0;0;1;0;0;0;0;0;0;0;0;0;0;0;0;0;0;0;0;0;0;0;0;0;0;0;0
092080;Sinnai;0;0;1;2;0;0;2;0;1;0;0;2;1;0;0;2;0;0;0;0;0;0;0;0;0;0;1;2;5;3;3;2;6;4;3;4;3;0;6;2;0;3;5;1;0;5;3;1;4;2;2;1;1;4;1;3;0;0;1;2;2;1;0;3;1;1;0;0;0;0;0;0;0;0;0;2;0;0;0;0;0;0;0;0;0;0;0;0;0;1;0;0;0;0;0;0;0;0;0;0;0
092090;Uta;0;1;0;2;0;0;3;1;1;1;0;0;0;4;0;1;1;1;2;0;2;0;0;1;2;4;3;3;3;3;1;6;3;2;1;3;2;3;5;2;2;2;2;0;2;0;3;1;2;1;1;0;4;3;3;2;0;1;1;1;1;0;0;0;0;0;0;0;0;1;0;0;0;0;0;0;0;1;0;0;0;0;0;0;0;0;0;0;0;0;0;0;0;0;0;0;0;0;0;0;0
092099;Villa San Pietro;0;0;0;0;0;2;1;1;0;0;0;0;0;0;0;0;0;0;0;0;0;0;0;0;0;1;2;0;2;0;2;0;0;0;0;0;0;0;2;0;0;0;0;0;2;1;0;1;0;0;1;1;0;0;0;0;0;0;1;0;0;0;0;0;0;1;0;0;0;0;0;0;0;0;0;0;0;0;0;0;0;0;0;0;0;0;0;0;0;0;0;1;0;0;0;0;0;0;0;0;0
092105;Quartucciu;2;1;3;2;1;3;1;1;0;0;0;2;0;1;0;0;0;2;0;2;1;3;0;5;3;1;7;0;7;5;6;1;1;6;5;3;3;1;2;4;1;3;4;3;1;2;0;4;2;4;1;3;1;1;3;0;1;2;1;1;1;0;0;2;1;0;0;0;0;0;1;0;0;2;1;0;0;0;0;0;0;0;0;1;0;0;0;0;0;0;0;0;0;0;0;0;0;0;0;0;0
092108;Elmas;1;3;2;1;0;1;1;0;0;0;1;2;0;2;1;1;0;0;0;0;0;0;1;0;0;3;1;4;2;4;3;3;4;1;8;5;2;4;6;7;1;4;1;2;3;5;3;2;1;4;5;1;0;2;1;0;0;0;2;0;2;4;0;0;1;0;0;0;1;0;0;0;0;0;0;0;0;0;0;0;0;0;0;0;0;0;0;0;0;0;0;0;0;0;0;0;0;0;0;0;0
092109;Monserrato;0;2;1;2;1;2;0;3;0;0;1;0;2;0;1;3;0;0;1;2;1;0;1;2;1;2;1;2;3;2;1;4;5;2;5;4;0;2;3;4;7;2;5;2;2;5;1;3;5;4;2;4;3;0;0;0;2;2;1;3;3;2;0;1;0;0;0;0;0;1;0;0;0;0;0;0;0;0;0;0;0;0;0;0;0;0;0;0;0;0;0;1;0;0;0;0;0;0;0;0;0
;Totale;66;69;58;59;53;46;50;55;48;53;37;42;49;42;40;44;27;43;44;54;51;52;58;72;79;93;128;132;151;155;143;165;154;155;170;161;146;166;174;135;125;145;138;119;129;119;124;99;112;115;119;98;81;101;90;94;82;95;66;71;68;44;39;32;30;25;16;20;22;8;12;9;10;4;5;5;6;3;0;3;2;3;3;1;1;2;1;2;0;3;0;2;0;0;0;0;0;0;0;0;0

"Ricostruzione della popolazione intercensuaria - Popolazione al 1° gennaio per età"
"Cittadinanza straniera - Anno: 2014 - Provincia: Cagliari"
Territorio/Età;;0;1;2;3;4;5;6;7;8;9;10;11;12;13;14;15;16;17;18;19;20;21;22;23;24;25;26;27;28;29;30;31;32;33;34;35;36;37;38;39;40;41;42;43;44;45;46;47;48;49;50;51;52;53;54;55;56;57;58;59;60;61;62;63;64;65;66;67;68;69;70;71;72;73;74;75;76;77;78;79;80;81;82;83;84;85;86;87;88;89;90;91;92;93;94;95;96;97;98;99;100
Codice comune;Comune;Totale
092003;Assemini;8;7;11;5;9;4;10;6;7;5;10;5;5;7;2;6;1;6;3;8;6;4;8;7;8;15;18;15;9;13;7;16;6;10;5;10;13;10;18;22;10;12;11;8;10;12;13;12;8;10;12;6;14;7;6;9;2;5;5;1;2;1;1;3;3;2;0;1;2;0;1;1;4;0;0;2;0;4;0;0;0;1;0;2;0;0;1;0;0;0;0;0;0;0;0;0;0;0;0;0;0
092009;Cagliari;65;77;59;65;56;49;46;41;50;51;50;53;50;56;52;39;44;57;79;73;91;90;95;103;100;93;105;115;124;141;139;141;149;150;167;162;157;132;169;181;136;122;115;159;103;126;115;112;91;99;106;110;96;99;92;83;94;78;78;53;62;61;34;38;33;27;20;24;19;10;3;9;7;5;1;5;3;1;4;1;5;0;3;2;0;2;1;1;2;0;1;0;0;0;0;0;0;0;0;0;0
092011;Capoterra;3;6;3;2;7;11;7;4;3;4;8;1;3;8;5;5;5;0;1;4;2;2;4;8;7;11;10;12;10;9;8;14;20;19;12;12;9;10;6;7;8;11;10;11;7;7;6;14;10;6;8;9;9;4;2;7;5;2;5;5;7;4;4;1;1;3;1;0;3;2;0;2;3;2;0;0;2;1;0;0;0;0;0;0;0;0;0;0;0;0;0;0;0;0;0;0;0;0;0;0;0
092015;Decimomannu;1;1;1;0;3;1;1;0;0;1;2;0;0;3;1;3;3;2;3;1;1;1;0;0;1;3;3;3;0;3;3;5;3;5;11;4;7;4;5;12;1;0;3;4;3;3;2;1;1;4;2;4;2;2;1;1;1;3;5;1;0;0;0;0;0;0;0;0;0;0;0;0;0;0;0;0;1;0;0;0;0;0;0;0;0;0;0;0;0;0;0;0;0;0;0;0;0;0;0;0;0
092037;Maracalagonis;0;0;0;0;4;0;1;0;1;0;1;1;0;2;3;3;2;4;1;0;2;1;2;0;3;1;3;1;0;5;1;1;0;2;2;1;1;2;5;6;2;1;0;1;3;1;2;3;3;3;5;1;2;2;0;2;2;0;1;5;1;1;0;0;1;1;2;0;1;1;0;1;0;2;0;0;0;0;0;1;0;0;0;0;0;0;0;0;0;0;0;0;0;0;0;0;0;0;0;0;0
092050;Pula;1;2;0;0;0;1;4;4;2;3;1;2;0;1;1;2;0;0;1;1;2;2;1;2;0;3;1;2;6;2;7;7;7;2;3;2;4;4;11;5;6;6;7;1;3;5;3;3;6;3;0;10;2;4;3;2;1;5;1;4;3;2;1;1;2;1;1;2;1;2;1;0;0;5;1;1;0;2;0;0;1;0;0;0;0;0;0;0;0;0;0;0;0;0;0;0;0;0;0;0;0
092051;Quartu Sant'Elena;11;17;17;25;11;16;8;8;8;14;8;10;7;13;9;8;12;10;23;13;19;22;24;21;25;31;27;31;56;51;59;48;48;45;52;55;63;43;43;38;36;45;46;45;46;38;37;28;31;31;27;29;23;29;31;28;25;32;23;15;22;22;11;12;13;12;10;2;6;9;3;2;1;5;4;2;2;3;1;1;3;1;0;1;0;0;0;3;0;1;0;0;0;0;0;0;0;0;0;0;0
092066;Sarroch;0;0;1;0;3;0;0;0;0;2;0;0;2;1;0;1;0;3;0;0;0;0;1;0;0;0;1;0;1;0;1;1;0;0;2;1;1;1;1;2;0;2;3;2;3;2;3;0;2;0;1;1;1;0;2;0;1;1;1;0;1;0;2;2;0;1;3;1;1;0;1;0;0;1;0;2;0;0;0;0;0;0;0;1;0;0;0;0;0;0;0;0;0;0;0;0;0;0;0;0;0
092068;Selargius;5;3;9;7;8;11;5;8;9;5;2;6;3;9;3;3;5;5;4;5;6;8;6;3;5;9;8;16;12;10;15;11;12;17;7;7;12;10;9;5;6;9;4;4;10;15;1;5;8;5;9;7;6;6;9;8;8;4;4;0;1;3;5;3;0;3;2;4;1;0;0;1;0;0;1;0;0;0;0;0;0;0;0;0;0;0;0;0;0;0;0;0;0;0;0;0;0;0;0;0;0
092074;Sestu;0;2;5;1;3;4;3;5;4;3;4;3;1;3;2;1;3;0;3;3;0;1;1;1;4;1;3;12;6;8;10;7;8;6;8;9;9;14;8;7;8;6;5;11;9;5;3;6;2;3;0;2;4;0;3;1;1;1;3;6;1;3;1;3;3;2;1;0;1;0;1;0;0;1;0;0;0;0;0;0;0;0;0;0;0;0;0;0;0;0;0;0;0;0;0;0;0;0;0;0;0
092075;Settimo San Pietro;1;1;0;2;1;1;2;2;0;2;0;1;1;0;1;0;0;0;0;0;0;0;0;0;0;2;2;5;1;1;0;0;2;3;1;0;0;2;2;5;2;2;0;1;0;0;1;1;2;0;0;1;1;0;1;4;3;2;1;2;0;0;0;0;0;0;0;0;0;0;0;1;0;0;0;0;0;0;0;0;0;0;0;0;0;0;0;0;0;0;0;0;0;0;0;0;0;0;0;0;0
092080;Sinnai;1;0;1;0;2;2;1;4;1;2;1;0;0;1;4;0;3;1;0;0;0;0;0;1;1;1;2;2;0;7;6;4;3;4;8;3;5;5;1;6;4;6;4;6;5;1;3;7;1;6;4;3;2;3;5;1;4;3;1;1;4;3;1;1;1;2;1;0;1;1;1;0;1;0;0;0;2;0;0;0;0;0;0;0;0;0;0;0;0;0;1;0;0;0;0;0;0;0;0;0;0
092090;Uta;3;0;2;0;4;1;0;2;2;3;2;2;1;0;2;2;1;1;0;4;3;3;0;0;1;5;4;3;4;8;5;1;7;4;3;3;4;2;3;5;3;4;1;3;4;3;0;5;4;5;2;1;0;4;3;2;3;0;2;4;3;2;0;2;1;0;1;1;1;0;1;0;1;0;0;0;0;0;1;0;0;0;1;0;0;0;0;0;0;0;0;0;0;0;0;0;0;0;0;0;0
092099;Villa San Pietro;0;0;0;0;3;0;3;2;2;0;0;0;1;0;0;0;1;0;0;0;0;0;0;0;0;2;1;0;0;1;2;2;0;2;1;1;3;0;0;1;0;2;0;1;0;1;1;1;1;0;0;1;2;0;0;0;0;0;1;1;0;0;0;0;0;0;1;1;0;0;0;0;0;0;0;0;0;0;0;0;0;0;0;0;0;0;0;0;0;0;0;0;1;0;0;0;0;0;0;0;0
092105;Quartucciu;2;3;6;9;3;3;2;0;4;0;0;1;2;0;1;0;0;1;1;0;1;1;3;2;7;7;5;11;3;5;6;5;3;1;10;4;4;3;1;5;6;2;3;7;4;2;3;1;7;3;5;0;3;1;1;5;1;0;2;0;2;3;0;1;2;1;1;0;0;0;1;1;0;0;1;1;0;1;0;0;1;0;0;0;1;0;0;0;0;0;0;0;0;0;0;0;0;0;0;0;0
092108;Elmas;5;3;4;1;3;0;1;0;2;0;1;1;1;1;0;1;4;1;2;0;3;3;3;4;3;1;3;8;7;4;7;3;2;5;5;12;10;6;6;12;7;4;4;3;6;8;9;5;4;4;4;5;3;1;4;2;1;2;1;3;1;4;7;1;0;3;1;2;0;2;0;0;0;0;0;0;0;0;0;0;0;0;0;0;0;0;0;0;0;0;0;0;0;0;0;0;0;0;0;0;0
092109;Monserrato;3;1;4;1;1;3;1;3;3;0;0;3;1;4;1;2;4;4;3;0;4;2;2;4;1;3;2;3;1;10;3;6;9;7;5;9;6;4;6;2;4;12;6;6;5;7;8;4;7;6;6;5;7;5;2;3;2;3;5;4;3;5;3;2;1;0;0;0;0;0;2;0;1;0;0;1;0;0;0;1;0;0;0;0;0;0;0;0;0;0;0;0;1;0;0;0;0;0;0;0;0
;Totale;109;123;123;118;121;107;95;89;98;95;90;89;78;109;87;76;88;95;124;112;140;140;150;156;166;188;198;239;240;278;279;272;279;282;302;295;308;252;294;321;239;246;222;273;221;236;210;208;188;188;191;195;177;167;165;158;154;141;139;105;113;114;70;70;61;58;45;38;37;27;15;18;18;21;8;14;10;12;6;4;10;2;4;6;1;2;2;4;2;1;2;0;2;0;0;0;0;0;0;0;0
Territorio/Età;;0;1;2;3;4;5;6;7;8;9;10;11;12;13;14;15;16;17;18;19;20;21;22;23;24;25;26;27;28;29;30;31;32;33;34;35;36;37;38;39;40;41;42;43;44;45;46;47;48;49;50;51;52;53;54;55;56;57;58;59;60;61;62;63;64;65;66;67;68;69;70;71;72;73;74;75;76;77;78;79;80;81;82;83;84;85;86;87;88;89;90;91;92;93;94;95;96;97;98;99;100
Codice comune;Comune;Maschi
092003;Assemini;4;5;4;1;4;0;5;2;4;1;7;2;2;5;0;2;0;4;2;3;2;1;4;4;2;8;7;5;1;6;3;6;2;3;2;3;10;4;10;12;5;5;3;5;5;5;6;6;6;4;6;1;7;3;2;2;2;3;1;1;0;1;1;2;2;1;0;0;0;0;1;0;1;0;0;1;0;1;0;0;0;0;0;1;0;0;0;0;0;0;0;0;0;0;0;0;0;0;0;0;0
092009;Cagliari;31;39;22;33;28;26;26;24;19;28;17;34;23;31;28;19;23;38;52;43;49;55;50;62;46;57;55;53;68;60;68;71;69;78;89;75;79;57;77;86;63;50;53;75;46;56;44;40;32;35;32;44;33;44;30;27;22;24;13;16;12;19;9;8;9;8;7;10;8;1;0;2;4;2;0;2;1;1;2;1;3;0;0;1;0;2;0;0;0;0;0;0;0;0;0;0;0;0;0;0;0
092011;Capoterra;1;1;1;1;4;3;4;3;2;2;3;0;1;2;1;2;2;0;0;2;1;2;1;5;6;2;4;7;2;3;2;7;7;10;5;2;0;3;0;3;5;3;3;5;3;3;4;5;4;1;3;5;3;1;0;1;3;0;2;0;4;1;1;1;1;2;0;0;2;0;0;2;2;2;0;0;2;0;0;0;0;0;0;0;0;0;0;0;0;0;0;0;0;0;0;0;0;0;0;0;0
092015;Decimomannu;1;1;0;0;0;0;0;0;0;0;1;0;0;2;0;3;1;0;2;0;1;1;0;0;1;3;0;2;0;1;2;2;0;3;5;0;1;3;4;4;0;0;2;2;1;0;1;0;0;1;0;1;1;2;0;0;1;0;2;1;0;0;0;0;0;0;0;0;0;0;0;0;0;0;0;0;1;0;0;0;0;0;0;0;0;0;0;0;0;0;0;0;0;0;0;0;0;0;0;0;0
092037;Maracalagonis;0;0;0;0;1;0;1;0;0;0;1;0;0;1;3;1;0;3;0;0;1;0;0;0;2;1;0;1;0;1;0;1;0;1;0;1;0;0;1;2;2;0;0;0;0;0;1;1;1;1;2;0;2;1;0;2;2;0;0;3;1;0;0;0;1;1;0;0;0;0;0;1;0;1;0;0;0;0;0;1;0;0;0;0;0;0;0;0;0;0;0;0;0;0;0;0;0;0;0;0;0
092050;Pula;0;0;0;0;0;1;2;1;2;3;0;1;0;0;1;2;0;0;0;0;1;1;1;0;0;1;1;0;1;1;0;1;4;1;1;0;2;1;1;3;4;3;1;0;1;1;1;2;3;3;0;4;1;2;1;0;1;4;0;0;1;1;1;0;2;1;1;1;0;1;1;0;0;2;1;1;0;1;0;0;1;0;0;0;0;0;0;0;0;0;0;0;0;0;0;0;0;0;0;0;0
092051;Quartu Sant'Elena;9;9;6;13;7;11;5;2;0;7;3;7;5;6;5;5;8;9;18;7;14;17;22;13;19;12;12;10;20;20;23;22;16;16;23;22;29;19;23;18;14;25;18;26;16;17;17;8;23;16;13;15;13;22;11;20;13;17;11;7;12;13;5;9;9;4;6;2;2;3;3;1;0;4;3;2;0;2;1;1;2;0;0;1;0;0;0;2;0;1;0;0;0;0;0;0;0;0;0;0;0
092066;Sarroch;0;0;0;0;1;0;0;0;0;0;0;0;2;1;0;0;0;1;0;0;0;0;0;0;0;0;1;0;0;0;1;0;0;0;0;1;1;1;0;0;0;2;0;1;0;0;0;0;0;0;0;0;1;0;2;0;0;0;1;0;0;0;0;0;0;1;2;0;1;0;0;0;0;1;0;0;0;0;0;0;0;0;0;1;0;0;0;0;0;0;0;0;0;0;0;0;0;0;0;0;0
092068;Selargius;3;1;5;3;6;4;0;2;3;2;0;4;2;6;3;2;3;3;2;2;3;5;5;1;1;1;5;7;4;6;4;6;8;6;2;3;6;2;5;3;2;0;0;2;3;5;0;2;1;4;4;3;4;0;2;4;1;1;0;0;0;0;3;3;0;0;0;2;0;0;0;0;0;0;1;0;0;0;0;0;0;0;0;0;0;0;0;0;0;0;0;0;0;0;0;0;0;0;0;0;0
092074;Sestu;0;1;3;0;1;2;3;4;3;2;2;3;0;1;1;0;0;0;1;2;0;0;0;0;1;0;1;4;0;3;1;4;1;2;5;1;1;7;2;4;4;1;2;2;3;4;1;2;0;3;0;0;1;0;1;0;0;1;2;2;0;1;1;0;2;1;0;0;0;0;0;0;0;0;0;0;0;0;0;0;0;0;0;0;0;0;0;0;0;0;0;0;0;0;0;0;0;0;0;0;0
092075;Settimo San Pietro;1;0;0;2;1;0;2;0;0;1;0;0;0;0;1;0;0;0;0;0;0;0;0;0;0;1;0;1;1;0;0;0;1;0;0;0;0;2;1;2;0;1;0;1;0;0;0;0;2;0;0;0;1;0;0;0;0;1;0;0;0;0;0;0;0;0;0;0;0;0;0;0;0;0;0;0;0;0;0;0;0;0;0;0;0;0;0;0;0;0;0;0;0;0;0;0;0;0;0;0;0
092080;Sinnai;0;0;0;0;1;1;1;1;1;1;1;0;0;0;4;0;2;1;0;0;0;0;0;0;1;0;0;1;0;0;3;0;2;0;5;0;1;2;1;2;3;6;0;1;2;1;1;4;0;1;1;0;0;2;1;0;2;2;0;0;1;1;0;1;0;1;0;0;0;1;0;0;0;0;0;0;0;0;0;0;0;0;0;0;0;0;0;0;0;0;0;0;0;0;0;0;0;0;0;0;0
092090;Uta;0;0;1;0;2;1;0;0;1;2;1;2;1;0;0;2;0;0;0;2;3;1;0;0;0;3;1;1;0;5;2;1;0;1;0;2;1;0;0;2;1;1;0;1;4;2;0;1;3;3;2;0;0;1;1;1;2;0;1;2;2;1;0;2;1;0;1;0;1;0;0;0;1;0;0;0;0;0;0;0;0;0;1;0;0;0;0;0;0;0;0;0;0;0;0;0;0;0;0;0;0
092099;Villa San Pietro;0;0;0;0;2;0;0;2;0;0;0;0;1;0;0;0;1;0;0;0;0;0;0;0;0;1;0;0;0;0;2;0;0;2;1;1;1;0;0;0;0;2;0;1;0;0;0;0;0;0;0;0;1;0;0;0;0;0;1;0;0;0;0;0;0;0;0;1;0;0;0;0;0;0;0;0;0;0;0;0;0;0;0;0;0;0;0;0;0;0;0;0;0;0;0;0;0;0;0;0;0
092105;Quartucciu;1;2;4;5;1;3;0;0;3;0;0;1;0;0;0;0;0;0;0;0;0;0;0;1;2;0;2;4;1;0;2;1;1;0;2;1;0;1;0;3;0;0;1;3;1;0;2;1;0;0;1;0;0;1;0;1;1;0;0;0;1;1;0;1;1;0;1;0;0;0;1;0;0;0;0;0;0;0;0;0;1;0;0;0;0;0;0;0;0;0;0;0;0;0;0;0;0;0;0;0;0
092108;Elmas;3;3;1;0;0;0;0;0;2;0;1;0;0;1;0;0;3;1;2;0;3;2;2;1;2;0;0;6;1;3;0;1;0;3;2;5;4;3;2;6;1;1;2;1;4;5;3;2;2;4;0;0;2;0;4;1;1;2;1;2;1;2;2;1;0;1;1;2;0;1;0;0;0;0;0;0;0;0;0;0;0;0;0;0;0;0;0;0;0;0;0;0;0;0;0;0;0;0;0;0;0
092109;Monserrato;2;1;2;1;0;2;0;3;0;0;0;1;1;3;1;1;0;4;3;0;4;1;1;3;0;2;1;3;0;7;1;5;4;2;2;1;4;4;3;2;0;4;2;1;4;4;4;3;4;1;3;1;2;0;0;3;1;0;2;1;0;1;0;1;0;0;0;0;0;0;1;0;1;0;0;1;0;0;0;0;0;0;0;0;0;0;0;0;0;0;0;0;0;0;0;0;0;0;0;0;0
;Totale;56;63;49;59;59;54;49;44;40;49;37;55;38;59;48;39;43;64;82;61;82;86;86;90;83;92;90;105;99;116;114;128;115;128;144;118;140;109;130;152;104;104;87;127;93;103;85;77;81;77;67;74;72;79;55;62;52;55;37;35;35;42;23;29;28;21;19;18;14;7;7;6;9;12;5;7;4;5;3;3;7;0;1;4;0;2;0;2;0;1;0;0;0;0;0;0;0;0;0;0;0
Territorio/Età;;0;1;2;3;4;5;6;7;8;9;10;11;12;13;14;15;16;17;18;19;20;21;22;23;24;25;26;27;28;29;30;31;32;33;34;35;36;37;38;39;40;41;42;43;44;45;46;47;48;49;50;51;52;53;54;55;56;57;58;59;60;61;62;63;64;65;66;67;68;69;70;71;72;73;74;75;76;77;78;79;80;81;82;83;84;85;86;87;88;89;90;91;92;93;94;95;96;97;98;99;100
Codice comune;Comune;Femmine
092003;Assemini;4;2;7;4;5;4;5;4;3;4;3;3;3;2;2;4;1;2;1;5;4;3;4;3;6;7;11;10;8;7;4;10;4;7;3;7;3;6;8;10;5;7;8;3;5;7;7;6;2;6;6;5;7;4;4;7;0;2;4;0;2;0;0;1;1;1;0;1;2;0;0;1;3;0;0;1;0;3;0;0;0;1;0;1;0;0;1;0;0;0;0;0;0;0;0;0;0;0;0;0;0
092009;Cagliari;34;38;37;32;28;23;20;17;31;23;33;19;27;25;24;20;21;19;27;30;42;35;45;41;54;36;50;62;56;81;71;70;80;72;78;87;78;75;92;95;73;72;62;84;57;70;71;72;59;64;74;66;63;55;62;56;72;54;65;37;50;42;25;30;24;19;13;14;11;9;3;7;3;3;1;3;2;0;2;0;2;0;3;1;0;0;1;1;2;0;1;0;0;0;0;0;0;0;0;0;0
092011;Capoterra;2;5;2;1;3;8;3;1;1;2;5;1;2;6;4;3;3;0;1;2;1;0;3;3;1;9;6;5;8;6;6;7;13;9;7;10;9;7;6;4;3;8;7;6;4;4;2;9;6;5;5;4;6;3;2;6;2;2;3;5;3;3;3;0;0;1;1;0;1;2;0;0;1;0;0;0;0;1;0;0;0;0;0;0;0;0;0;0;0;0;0;0;0;0;0;0;0;0;0;0;0
092015;Decimomannu;0;0;1;0;3;1;1;0;0;1;1;0;0;1;1;0;2;2;1;1;0;0;0;0;0;0;3;1;0;2;1;3;3;2;6;4;6;1;1;8;1;0;1;2;2;3;1;1;1;3;2;3;1;0;1;1;0;3;3;0;0;0;0;0;0;0;0;0;0;0;0;0;0;0;0;0;0;0;0;0;0;0;0;0;0;0;0;0;0;0;0;0;0;0;0;0;0;0;0;0;0
092037;Maracalagonis;0;0;0;0;3;0;0;0;1;0;0;1;0;1;0;2;2;1;1;0;1;1;2;0;1;0;3;0;0;4;1;0;0;1;2;0;1;2;4;4;0;1;0;1;3;1;1;2;2;2;3;1;0;1;0;0;0;0;1;2;0;1;0;0;0;0;2;0;1;1;0;0;0;1;0;0;0;0;0;0;0;0;0;0;0;0;0;0;0;0;0;0;0;0;0;0;0;0;0;0;0
092050;Pula;1;2;0;0;0;0;2;3;0;0;1;1;0;1;0;0;0;0;1;1;1;1;0;2;0;2;0;2;5;1;7;6;3;1;2;2;2;3;10;2;2;3;6;1;2;4;2;1;3;0;0;6;1;2;2;2;0;1;1;4;2;1;0;1;0;0;0;1;1;1;0;0;0;3;0;0;0;1;0;0;0;0;0;0;0;0;0;0;0;0;0;0;0;0;0;0;0;0;0;0;0
092051;Quartu Sant'Elena;2;8;11;12;4;5;3;6;8;7;5;3;2;7;4;3;4;1;5;6;5;5;2;8;6;19;15;21;36;31;36;26;32;29;29;33;34;24;20;20;22;20;28;19;30;21;20;20;8;15;14;14;10;7;20;8;12;15;12;8;10;9;6;3;4;8;4;0;4;6;0;1;1;1;1;0;2;1;0;0;1;1;0;0;0;0;0;1;0;0;0;0;0;0;0;0;0;0;0;0;0
092066;Sarroch;0;0;1;0;2;0;0;0;0;2;0;0;0;0;0;1;0;2;0;0;0;0;1;0;0;0;0;0;1;0;0;1;0;0;2;0;0;0;1;2;0;0;3;1;3;2;3;0;2;0;1;1;0;0;0;0;1;1;0;0;1;0;2;2;0;0;1;1;0;0;1;0;0;0;0;2;0;0;0;0;0;0;0;0;0;0;0;0;0;0;0;0;0;0;0;0;0;0;0;0;0
092068;Selargius;2;2;4;4;2;7;5;6;6;3;2;2;1;3;0;1;2;2;2;3;3;3;1;2;4;8;3;9;8;4;11;5;4;11;5;4;6;8;4;2;4;9;4;2;7;10;1;3;7;1;5;4;2;6;7;4;7;3;4;0;1;3;2;0;0;3;2;2;1;0;0;1;0;0;0;0;0;0;0;0;0;0;0;0;0;0;0;0;0;0;0;0;0;0;0;0;0;0;0;0;0
092074;Sestu;0;1;2;1;2;2;0;1;1;1;2;0;1;2;1;1;3;0;2;1;0;1;1;1;3;1;2;8;6;5;9;3;7;4;3;8;8;7;6;3;4;5;3;9;6;1;2;4;2;0;0;2;3;0;2;1;1;0;1;4;1;2;0;3;1;1;1;0;1;0;1;0;0;1;0;0;0;0;0;0;0;0;0;0;0;0;0;0;0;0;0;0;0;0;0;0;0;0;0;0;0
092075;Settimo San Pietro;0;1;0;0;0;1;0;2;0;1;0;1;1;0;0;0;0;0;0;0;0;0;0;0;0;1;2;4;0;1;0;0;1;3;1;0;0;0;1;3;2;1;0;0;0;0;1;1;0;0;0;1;0;0;1;4;3;1;1;2;0;0;0;0;0;0;0;0;0;0;0;1;0;0;0;0;0;0;0;0;0;0;0;0;0;0;0;0;0;0;0;0;0;0;0;0;0;0;0;0;0
092080;Sinnai;1;0;1;0;1;1;0;3;0;1;0;0;0;1;0;0;1;0;0;0;0;0;0;1;0;1;2;1;0;7;3;4;1;4;3;3;4;3;0;4;1;0;4;5;3;0;2;3;1;5;3;3;2;1;4;1;2;1;1;1;3;2;1;0;1;1;1;0;1;0;1;0;1;0;0;0;2;0;0;0;0;0;0;0;0;0;0;0;0;0;1;0;0;0;0;0;0;0;0;0;0
092090;Uta;3;0;1;0;2;0;0;2;1;1;1;0;0;0;2;0;1;1;0;2;0;2;0;0;1;2;3;2;4;3;3;0;7;3;3;1;3;2;3;3;2;3;1;2;0;1;0;4;1;2;0;1;0;3;2;1;1;0;1;2;1;1;0;0;0;0;0;1;0;0;1;0;0;0;0;0;0;0;1;0;0;0;0;0;0;0;0;0;0;0;0;0;0;0;0;0;0;0;0;0;0
092099;Villa San Pietro;0;0;0;0;1;0;3;0;2;0;0;0;0;0;0;0;0;0;0;0;0;0;0;0;0;1;1;0;0;1;0;2;0;0;0;0;2;0;0;1;0;0;0;0;0;1;1;1;1;0;0;1;1;0;0;0;0;0;0;1;0;0;0;0;0;0;1;0;0;0;0;0;0;0;0;0;0;0;0;0;0;0;0;0;0;0;0;0;0;0;0;0;1;0;0;0;0;0;0;0;0
092105;Quartucciu;1;1;2;4;2;0;2;0;1;0;0;0;2;0;1;0;0;1;1;0;1;1;3;1;5;7;3;7;2;5;4;4;2;1;8;3;4;2;1;2;6;2;2;4;3;2;1;0;7;3;4;0;3;0;1;4;0;0;2;0;1;2;0;0;1;1;0;0;0;0;0;1;0;0;1;1;0;1;0;0;0;0;0;0;1;0;0;0;0;0;0;0;0;0;0;0;0;0;0;0;0
092108;Elmas;2;0;3;1;3;0;1;0;0;0;0;1;1;0;0;1;1;0;0;0;0;1;1;3;1;1;3;2;6;1;7;2;2;2;3;7;6;3;4;6;6;3;2;2;2;3;6;3;2;0;4;5;1;1;0;1;0;0;0;1;0;2;5;0;0;2;0;0;0;1;0;0;0;0;0;0;0;0;0;0;0;0;0;0;0;0;0;0;0;0;0;0;0;0;0;0;0;0;0;0;0
092109;Monserrato;1;0;2;0;1;1;1;0;3;0;0;2;0;1;0;1;4;0;0;0;0;1;1;1;1;1;1;0;1;3;2;1;5;5;3;8;2;0;3;0;4;8;4;5;1;3;4;1;3;5;3;4;5;5;2;0;1;3;3;3;3;4;3;1;1;0;0;0;0;0;1;0;0;0;0;0;0;0;0;1;0;0;0;0;0;0;0;0;0;0;0;0;1;0;0;0;0;0;0;0;0
;Totale;53;60;74;59;62;53;46;45;58;46;53;34;40;50;39;37;45;31;42;51;58;54;64;66;83;96;108;134;141;162;165;144;164;154;158;177;168;143;164;169;135;142;135;146;128;133;125;131;107;111;124;121;105;88;110;96;102;86;102;70;78;72;47;41;33;37;26;20;23;20;8;12;9;9;3;7;6;7;3;1;3;2;3;2;1;0;2;2;2;0;2;0;2;0;0;0;0;0;0;0;0

"Ricostruzione della popolazione intercensuaria - Popolazione al 1° gennaio per età"
"Cittadinanza straniera - Anno: 2015 - Provincia: Cagliari"
Territorio/Età;;0;1;2;3;4;5;6;7;8;9;10;11;12;13;14;15;16;17;18;19;20;21;22;23;24;25;26;27;28;29;30;31;32;33;34;35;36;37;38;39;40;41;42;43;44;45;46;47;48;49;50;51;52;53;54;55;56;57;58;59;60;61;62;63;64;65;66;67;68;69;70;71;72;73;74;75;76;77;78;79;80;81;82;83;84;85;86;87;88;89;90;91;92;93;94;95;96;97;98;99;100
Codice comune;Comune;Totale
092003;Assemini;8;9;10;11;9;11;6;10;6;5;5;9;6;4;6;2;6;1;4;4;6;8;4;10;9;10;17;18;17;9;16;7;15;10;11;8;12;14;10;20;18;12;8;13;7;12;10;12;16;8;8;11;3;14;7;7;9;2;6;7;2;1;1;2;2;3;2;0;1;2;1;1;1;4;0;0;2;0;3;0;0;0;1;0;1;0;0;0;0;0;0;0;0;0;0;0;0;0;0;0;0
092009;Cagliari;86;68;71;60;58;52;54;50;42;46;48;53;60;48;56;56;31;44;55;89;86;102;99;114;118;112;124;121;138;136;149;152;164;173;156;169;172;160;129;178;184;142;141;121;153;107;130;110;112;91;107;113;112;102;100;93;89;97;83;80;59;67;60;37;42;33;24;20;25;18;11;6;9;6;4;1;5;3;1;4;1;4;0;3;2;0;2;0;0;1;0;1;0;0;0;0;0;0;0;0;0
092011;Capoterra;4;3;9;4;1;7;11;6;4;3;6;6;2;3;9;5;7;5;0;3;4;1;3;5;6;10;12;10;12;10;7;10;13;20;19;12;14;11;11;10;6;8;11;9;9;7;4;8;13;8;5;7;8;10;4;1;5;6;4;6;5;5;5;3;1;1;3;0;0;3;2;0;2;3;2;0;0;2;1;0;0;0;0;0;0;0;0;0;0;0;0;0;0;0;0;0;0;0;0;0;0
092015;Decimomannu;2;1;2;4;0;5;2;2;1;0;1;2;0;1;3;1;5;2;1;3;1;1;1;0;1;3;3;5;6;1;3;5;4;3;5;12;5;9;4;6;13;1;0;3;3;4;6;1;0;1;5;2;3;1;2;1;1;1;3;4;1;0;0;0;0;0;0;0;0;0;0;0;0;0;0;0;0;1;0;0;0;0;0;0;0;0;0;0;0;0;0;0;0;0;0;0;0;0;0;0;0
092037;Maracalagonis;4;0;0;1;0;5;0;1;0;2;1;1;1;0;1;2;1;1;2;1;0;2;1;2;3;3;1;3;2;2;4;1;3;0;3;1;4;1;2;5;5;1;0;1;1;2;1;1;3;2;3;4;2;3;2;1;2;2;0;0;5;0;2;0;0;2;1;1;0;1;1;0;1;0;2;0;0;0;0;0;1;0;0;0;0;0;0;0;0;0;0;0;0;0;0;0;0;0;0;0;0
092050;Pula;3;1;2;0;1;1;1;3;2;3;2;0;2;0;1;1;3;0;0;1;1;3;2;2;2;1;2;0;2;6;1;9;8;6;3;4;1;4;3;10;7;6;4;8;1;3;6;4;5;5;3;0;10;1;4;2;2;2;7;1;4;3;2;1;1;2;2;1;4;1;2;0;0;1;5;1;1;0;2;0;0;1;0;0;0;0;0;0;0;0;0;0;0;0;0;0;0;0;0;0;0
092051;Quartu Sant'Elena;4;13;15;14;25;12;9;12;7;7;12;7;6;7;15;6;8;12;12;25;11;22;19;21;23;25;36;28;30;52;44;63;43;47;45;49;48;69;51;45;40;35;43;39;48;43;32;33;29;32;33;26;27;23;24;31;29;25;29;20;15;21;20;10;14;10;13;9;1;7;7;3;2;1;5;4;2;2;3;1;0;1;1;0;1;0;0;0;2;0;1;0;0;0;0;0;0;0;0;0;0
092066;Sarroch;1;0;0;2;0;4;1;0;0;1;2;2;0;2;2;0;1;0;3;0;0;0;0;0;0;0;0;1;1;1;1;1;1;3;0;3;1;1;0;3;3;1;2;3;2;5;2;1;0;2;0;1;1;1;0;2;1;1;0;1;0;1;0;2;2;2;1;3;1;1;0;1;0;0;1;0;2;0;0;0;0;0;0;0;1;0;0;0;0;0;0;0;0;0;0;0;0;0;0;0;0
092068;Selargius;7;5;4;9;5;7;11;3;7;9;4;2;3;2;6;3;3;6;5;5;7;5;8;7;8;6;14;7;14;13;12;22;14;16;18;10;7;12;7;9;5;7;8;3;4;10;12;2;6;6;4;8;6;3;4;7;8;7;4;3;0;1;3;5;1;2;3;2;2;1;0;0;1;0;0;1;0;0;0;0;0;0;0;0;0;0;0;0;0;0;0;0;0;0;0;0;0;0;0;0;0
092074;Sestu;3;0;2;4;1;3;5;2;6;2;3;4;3;1;2;2;2;3;1;2;3;1;2;3;1;5;3;5;9;7;9;8;4;7;7;9;12;9;15;9;8;7;4;4;10;11;9;3;4;2;3;0;2;3;0;4;1;1;2;3;5;1;3;1;3;2;1;1;0;2;0;1;0;0;1;0;0;0;0;0;0;0;0;0;0;0;0;0;0;0;0;0;0;0;0;0;0;0;0;0;0
092075;Settimo San Pietro;0;1;1;0;2;0;1;2;3;3;2;0;1;1;0;1;0;2;0;0;0;0;0;0;1;0;3;2;4;1;1;0;0;2;3;1;0;1;3;2;4;2;2;0;1;0;0;1;1;2;0;0;1;1;0;1;4;3;2;1;1;0;0;1;0;0;0;0;0;0;0;0;1;0;0;0;0;0;0;0;0;0;0;0;0;0;0;0;0;0;0;0;0;0;0;0;0;0;0;0;0
092080;Sinnai;1;1;0;2;0;2;2;1;4;1;1;1;0;1;1;6;0;3;1;0;0;0;0;1;1;1;1;2;0;1;7;6;5;3;3;7;1;6;2;1;9;3;6;3;6;5;1;4;6;0;7;5;2;0;2;4;1;5;3;1;1;4;2;1;1;1;2;1;0;1;1;1;0;0;0;0;0;2;0;0;0;0;0;0;0;0;0;0;0;0;0;1;0;0;0;0;0;0;0;0;0
092090;Uta;1;2;0;2;0;2;1;0;2;4;2;4;1;1;1;1;1;0;1;0;3;3;0;2;0;1;5;4;2;5;6;5;4;8;3;4;3;3;1;4;4;3;4;1;3;3;2;0;4;3;3;2;2;0;4;3;2;3;0;2;4;3;2;0;2;1;0;1;1;1;0;1;0;1;0;0;0;0;0;1;0;0;0;1;0;0;0;0;0;0;0;0;0;0;0;0;0;0;0;0;0
092099;Villa San Pietro;0;0;0;0;0;6;0;3;1;2;0;0;0;1;0;0;0;0;0;0;0;0;0;0;0;0;1;1;0;0;1;2;1;0;0;1;1;3;0;1;1;0;1;0;0;0;1;1;1;1;0;0;1;2;0;0;0;0;0;1;1;1;0;0;0;0;0;1;1;0;0;0;0;0;0;0;0;0;0;0;0;0;0;0;0;0;0;0;0;0;0;0;0;1;0;0;0;0;0;0;0
092105;Quartucciu;1;2;1;6;7;3;4;2;0;5;0;0;2;2;1;1;0;0;2;2;0;2;2;6;2;4;6;3;7;2;5;4;6;3;1;8;6;4;4;1;3;7;0;1;9;4;3;4;2;6;4;6;0;3;2;1;5;1;0;2;0;2;1;0;1;2;1;1;0;0;0;1;1;0;0;1;0;0;0;0;0;1;0;0;0;1;0;0;0;0;0;0;0;0;0;0;0;0;0;0;0
092108;Elmas;2;6;2;4;1;4;1;1;0;5;0;2;1;1;3;1;2;5;2;3;0;2;3;3;3;3;2;3;7;10;5;3;5;7;4;4;11;9;14;9;11;8;5;8;5;6;6;9;4;4;3;6;5;3;2;2;2;2;2;1;3;1;4;7;2;0;3;1;3;0;1;0;0;0;0;0;0;0;0;0;1;0;0;0;0;0;0;0;0;0;0;0;0;0;0;0;0;0;0;0;0
092109;Monserrato;1;3;1;2;1;3;2;0;4;3;0;0;4;1;5;0;3;3;3;3;0;5;2;1;3;5;6;3;4;2;10;3;5;8;5;7;10;3;5;5;5;7;9;8;4;4;8;8;4;6;4;6;6;12;5;2;2;2;4;2;4;3;4;3;1;1;0;0;0;0;0;3;1;1;0;0;1;0;0;0;1;0;0;0;0;0;0;0;0;0;0;0;0;1;0;0;0;0;0;0;0
;Totale;128;115;120;125;111;127;111;98;89;101;89;93;92;76;112;88;73;87;92;141;122;157;146;177;181;189;236;216;255;258;281;301;295;316;286;309;308;319;261;318;326;250;248;225;266;226;233;202;210;179;192;197;191;182;162;162;163;160;149;135;110;114;109;73;73;62;56;42;39;38;26;18;19;17;20;8;13;10;10;6;4;7;2;4;5;1;2;0;2;1;1;2;0;2;0;0;0;0;0;0;0
Territorio/Età;;0;1;2;3;4;5;6;7;8;9;10;11;12;13;14;15;16;17;18;19;20;21;22;23;24;25;26;27;28;29;30;31;32;33;34;35;36;37;38;39;40;41;42;43;44;45;46;47;48;49;50;51;52;53;54;55;56;57;58;59;60;61;62;63;64;65;66;67;68;69;70;71;72;73;74;75;76;77;78;79;80;81;82;83;84;85;86;87;88;89;90;91;92;93;94;95;96;97;98;99;100
Codice comune;Comune;Maschi
092003;Assemini;5;3;7;4;4;4;1;6;1;3;1;6;2;1;4;0;0;0;2;2;1;3;0;4;5;4;10;5;8;1;8;2;6;3;4;4;5;11;3;10;11;6;2;4;4;4;4;7;8;6;3;6;1;7;4;2;2;2;3;1;2;0;1;2;1;2;1;0;0;0;1;1;0;1;0;0;1;0;0;0;0;0;0;0;0;0;0;0;0;0;0;0;0;0;0;0;0;0;0;0;0
092009;Cagliari;41;34;38;23;29;25;30;27;27;18;25;20;38;19;31;29;15;21;40;57;49;59;61;64;74;55;71;65;67;78;70;82;83;84;85;83;87;83;58;84;92;70;62;52;75;47;60;41;34;29;38;34;46;35;42;28;31;22;25;14;19;15;19;9;11;9;7;6;10;8;1;1;3;3;2;0;2;1;1;2;1;2;0;0;1;0;2;0;0;0;0;0;0;0;0;0;0;0;0;0;0
092011;Capoterra;2;2;1;1;1;4;3;3;3;2;2;2;0;1;3;1;4;2;0;0;2;1;2;1;3;8;2;5;6;2;2;3;7;7;10;5;2;2;4;1;3;5;4;2;4;2;2;4;4;4;1;3;4;3;1;0;1;3;1;2;0;2;1;1;1;1;2;0;0;2;0;0;2;2;2;0;0;2;0;0;0;0;0;0;0;0;0;0;0;0;0;0;0;0;0;0;0;0;0;0;0
092015;Decimomannu;1;1;1;3;0;0;0;0;1;0;0;1;0;0;2;0;3;1;0;2;0;1;1;0;0;2;3;0;3;0;1;5;1;0;3;5;0;1;3;4;5;0;0;2;3;1;0;1;0;0;1;0;1;0;2;0;0;1;0;2;1;0;0;0;0;0;0;0;0;0;0;0;0;0;0;0;0;1;0;0;0;0;0;0;0;0;0;0;0;0;0;0;0;0;0;0;0;0;0;0;0
092037;Maracalagonis;4;0;0;0;0;2;0;1;0;1;0;1;0;0;1;2;1;0;2;0;0;1;0;0;3;2;1;0;2;1;1;0;3;0;1;0;2;0;0;1;2;1;0;0;0;0;0;1;1;0;1;2;0;2;1;1;2;2;0;0;3;0;0;0;0;1;1;0;0;0;0;0;1;0;1;0;0;0;0;0;1;0;0;0;0;0;0;0;0;0;0;0;0;0;0;0;0;0;0;0;0
092050;Pula;0;0;0;0;1;1;1;1;1;3;2;0;1;0;0;1;3;0;0;0;0;1;1;2;0;1;2;0;0;1;1;1;1;3;1;1;0;2;0;1;5;4;1;1;0;1;1;3;4;2;3;0;4;1;2;1;0;1;4;0;0;1;1;1;0;2;1;1;2;0;1;0;0;1;2;1;1;0;1;0;0;1;0;0;0;0;0;0;0;0;0;0;0;0;0;0;0;0;0;0;0
092051;Quartu Sant'Elena;3;10;8;4;10;6;5;9;1;0;8;2;5;4;8;4;4;8;10;21;7;16;15;20;15;19;17;13;10;19;20;26;18;18;16;20;22;34;25;24;16;15;25;16;28;16;15;16;8;25;15;13;13;12;17;11;21;15;15;9;6;11;12;4;10;8;4;6;1;2;2;3;1;0;4;3;2;0;2;1;0;1;0;0;1;0;0;0;2;0;1;0;0;0;0;0;0;0;0;0;0
092066;Sarroch;1;0;0;0;0;2;0;0;0;0;0;0;0;2;2;0;0;0;2;0;0;0;0;0;0;0;0;1;1;0;1;1;0;0;0;1;1;1;0;1;1;1;2;0;1;1;0;0;0;0;0;0;0;1;0;2;0;0;0;1;0;0;0;0;0;2;1;2;0;1;0;0;0;0;1;0;0;0;0;0;0;0;0;0;1;0;0;0;0;0;0;0;0;0;0;0;0;0;0;0;0
092068;Selargius;5;3;2;5;1;5;4;0;2;4;2;0;1;1;3;3;2;4;4;2;3;2;5;6;2;1;4;5;5;3;6;7;8;9;5;5;0;7;1;5;2;1;0;0;2;2;2;0;2;1;3;5;2;2;0;2;4;0;0;0;0;0;0;3;1;0;0;0;1;0;0;0;0;0;0;1;0;0;0;0;0;0;0;0;0;0;0;0;0;0;0;0;0;0;0;0;0;0;0;0;0
092074;Sestu;2;0;1;2;0;1;3;2;5;2;2;2;3;0;1;1;0;0;1;1;2;0;0;0;0;2;0;3;4;1;3;1;3;1;2;7;2;1;9;1;4;2;1;1;3;3;5;1;2;0;3;0;0;1;0;1;0;0;1;2;2;0;1;1;0;1;1;0;0;0;0;0;0;0;0;0;0;0;0;0;0;0;0;0;0;0;0;0;0;0;0;0;0;0;0;0;0;0;0;0;0
092075;Settimo San Pietro;0;1;0;0;2;0;0;2;0;0;1;0;0;0;0;1;0;2;0;0;0;0;0;0;1;0;2;0;1;1;0;0;0;1;0;0;0;1;2;1;2;0;1;0;1;0;0;0;0;2;0;0;0;1;0;0;0;0;1;0;0;0;0;0;0;0;0;0;0;0;0;0;0;0;0;0;0;0;0;0;0;0;0;0;0;0;0;0;0;0;0;0;0;0;0;0;0;0;0;0;0
092080;Sinnai;0;0;0;0;0;1;1;1;1;1;1;1;0;0;1;6;0;2;1;0;0;0;0;0;0;1;0;0;0;1;0;3;1;2;0;5;0;1;0;1;3;2;5;0;1;2;1;1;4;0;1;1;0;0;2;0;0;2;2;0;0;1;1;0;1;0;1;0;0;0;1;0;0;0;0;0;0;0;0;0;0;0;0;0;0;0;0;0;0;0;0;0;0;0;0;0;0;0;0;0;0
092090;Uta;1;0;0;1;0;1;0;0;0;3;1;1;1;1;1;0;1;0;0;0;2;3;0;0;0;0;4;2;0;0;3;2;4;0;1;0;2;0;0;1;1;1;1;0;1;3;1;0;1;2;1;1;0;0;2;1;1;2;0;1;2;2;1;0;2;1;0;1;0;1;0;0;0;1;0;0;0;0;0;0;0;0;0;1;0;0;0;0;0;0;0;0;0;0;0;0;0;0;0;0;0
092099;Villa San Pietro;0;0;0;0;0;3;0;0;1;0;0;0;0;1;0;0;0;0;0;0;0;0;0;0;0;0;0;0;0;0;0;2;0;0;0;1;1;1;0;0;0;0;1;0;0;0;1;0;0;0;0;0;0;1;0;0;0;0;0;1;0;1;0;0;0;0;0;0;1;0;0;0;0;0;0;0;0;0;0;0;0;0;0;0;0;0;0;0;0;0;0;0;0;0;0;0;0;0;0;0;0
092105;Quartucciu;0;1;1;4;2;1;3;0;0;3;0;0;1;0;1;0;0;0;0;0;0;0;0;2;1;0;0;1;2;1;0;2;2;0;0;1;2;0;2;0;2;0;0;1;3;1;1;3;2;0;1;1;0;0;2;0;1;1;0;0;0;2;1;0;1;1;0;1;0;0;0;1;0;0;0;0;0;0;0;0;0;1;0;0;0;0;0;0;0;0;0;0;0;0;0;0;0;0;0;0;0
092108;Elmas;0;4;2;1;0;1;0;0;0;3;0;2;0;0;1;1;0;4;1;3;0;2;2;1;1;2;0;1;4;2;4;0;2;3;1;2;5;4;9;4;5;2;2;6;1;5;3;3;3;2;2;2;0;2;1;2;1;2;2;0;2;1;2;2;0;0;1;1;2;0;0;0;0;0;0;0;0;0;0;0;0;0;0;0;0;0;0;0;0;0;0;0;0;0;0;0;0;0;0;0;0
092109;Monserrato;1;2;1;0;1;2;1;0;3;0;0;0;2;1;4;0;2;0;3;3;0;5;1;0;2;0;5;1;4;1;8;1;3;3;3;4;3;2;5;3;3;3;3;4;0;2;4;4;2;3;1;3;1;5;0;0;2;1;0;2;1;0;1;0;0;0;0;0;0;0;0;1;1;1;0;0;1;0;0;0;0;0;0;0;0;0;0;0;0;0;0;0;0;0;0;0;0;0;0;0;0
;Totale;66;61;62;48;51;59;52;52;46;43;45;38;54;31;63;49;35;44;66;91;66;94;88;100;107;97;121;102;117;112;128;138;142;134;132;144;134;151;121;142;157;113;110;89;127;90;100;85;75;76;74;71;72;73;76;51;66;54;54;35;38;36;41;23;28;28;20;18;17;14;6;7;8;9;12;5;7;4;4;3;2;5;0;1;3;0;2;0;2;0;1;0;0;0;0;0;0;0;0;0;0
Territorio/Età;;0;1;2;3;4;5;6;7;8;9;10;11;12;13;14;15;16;17;18;19;20;21;22;23;24;25;26;27;28;29;30;31;32;33;34;35;36;37;38;39;40;41;42;43;44;45;46;47;48;49;50;51;52;53;54;55;56;57;58;59;60;61;62;63;64;65;66;67;68;69;70;71;72;73;74;75;76;77;78;79;80;81;82;83;84;85;86;87;88;89;90;91;92;93;94;95;96;97;98;99;100
Codice comune;Comune;Femmine
092003;Assemini;3;6;3;7;5;7;5;4;5;2;4;3;4;3;2;2;6;1;2;2;5;5;4;6;4;6;7;13;9;8;8;5;9;7;7;4;7;3;7;10;7;6;6;9;3;8;6;5;8;2;5;5;2;7;3;5;7;0;3;6;0;1;0;0;1;1;1;0;1;2;0;0;1;3;0;0;1;0;3;0;0;0;1;0;1;0;0;0;0;0;0;0;0;0;0;0;0;0;0;0;0
092009;Cagliari;45;34;33;37;29;27;24;23;15;28;23;33;22;29;25;27;16;23;15;32;37;43;38;50;44;57;53;56;71;58;79;70;81;89;71;86;85;77;71;94;92;72;79;69;78;60;70;69;78;62;69;79;66;67;58;65;58;75;58;66;40;52;41;28;31;24;17;14;15;10;10;5;6;3;2;1;3;2;0;2;0;2;0;3;1;0;0;0;0;1;0;1;0;0;0;0;0;0;0;0;0
092011;Capoterra;2;1;8;3;0;3;8;3;1;1;4;4;2;2;6;4;3;3;0;3;2;0;1;4;3;2;10;5;6;8;5;7;6;13;9;7;12;9;7;9;3;3;7;7;5;5;2;4;9;4;4;4;4;7;3;1;4;3;3;4;5;3;4;2;0;0;1;0;0;1;2;0;0;1;0;0;0;0;1;0;0;0;0;0;0;0;0;0;0;0;0;0;0;0;0;0;0;0;0;0;0
092015;Decimomannu;1;0;1;1;0;5;2;2;0;0;1;1;0;1;1;1;2;1;1;1;1;0;0;0;1;1;0;5;3;1;2;0;3;3;2;7;5;8;1;2;8;1;0;1;0;3;6;0;0;1;4;2;2;1;0;1;1;0;3;2;0;0;0;0;0;0;0;0;0;0;0;0;0;0;0;0;0;0;0;0;0;0;0;0;0;0;0;0;0;0;0;0;0;0;0;0;0;0;0;0;0
092037;Maracalagonis;0;0;0;1;0;3;0;0;0;1;1;0;1;0;0;0;0;1;0;1;0;1;1;2;0;1;0;3;0;1;3;1;0;0;2;1;2;1;2;4;3;0;0;1;1;2;1;0;2;2;2;2;2;1;1;0;0;0;0;0;2;0;2;0;0;1;0;1;0;1;1;0;0;0;1;0;0;0;0;0;0;0;0;0;0;0;0;0;0;0;0;0;0;0;0;0;0;0;0;0;0
092050;Pula;3;1;2;0;0;0;0;2;1;0;0;0;1;0;1;0;0;0;0;1;1;2;1;0;2;0;0;0;2;5;0;8;7;3;2;3;1;2;3;9;2;2;3;7;1;2;5;1;1;3;0;0;6;0;2;1;2;1;3;1;4;2;1;0;1;0;1;0;2;1;1;0;0;0;3;0;0;0;1;0;0;0;0;0;0;0;0;0;0;0;0;0;0;0;0;0;0;0;0;0;0
092051;Quartu Sant'Elena;1;3;7;10;15;6;4;3;6;7;4;5;1;3;7;2;4;4;2;4;4;6;4;1;8;6;19;15;20;33;24;37;25;29;29;29;26;35;26;21;24;20;18;23;20;27;17;17;21;7;18;13;14;11;7;20;8;10;14;11;9;10;8;6;4;2;9;3;0;5;5;0;1;1;1;1;0;2;1;0;0;0;1;0;0;0;0;0;0;0;0;0;0;0;0;0;0;0;0;0;0
092066;Sarroch;0;0;0;2;0;2;1;0;0;1;2;2;0;0;0;0;1;0;1;0;0;0;0;0;0;0;0;0;0;1;0;0;1;3;0;2;0;0;0;2;2;0;0;3;1;4;2;1;0;2;0;1;1;0;0;0;1;1;0;0;0;1;0;2;2;0;0;1;1;0;0;1;0;0;0;0;2;0;0;0;0;0;0;0;0;0;0;0;0;0;0;0;0;0;0;0;0;0;0;0;0
092068;Selargius;2;2;2;4;4;2;7;3;5;5;2;2;2;1;3;0;1;2;1;3;4;3;3;1;6;5;10;2;9;10;6;15;6;7;13;5;7;5;6;4;3;6;8;3;2;8;10;2;4;5;1;3;4;1;4;5;4;7;4;3;0;1;3;2;0;2;3;2;1;1;0;0;1;0;0;0;0;0;0;0;0;0;0;0;0;0;0;0;0;0;0;0;0;0;0;0;0;0;0;0;0
092074;Sestu;1;0;1;2;1;2;2;0;1;0;1;2;0;1;1;1;2;3;0;1;1;1;2;3;1;3;3;2;5;6;6;7;1;6;5;2;10;8;6;8;4;5;3;3;7;8;4;2;2;2;0;0;2;2;0;3;1;1;1;1;3;1;2;0;3;1;0;1;0;2;0;1;0;0;1;0;0;0;0;0;0;0;0;0;0;0;0;0;0;0;0;0;0;0;0;0;0;0;0;0;0
092075;Settimo San Pietro;0;0;1;0;0;0;1;0;3;3;1;0;1;1;0;0;0;0;0;0;0;0;0;0;0;0;1;2;3;0;1;0;0;1;3;1;0;0;1;1;2;2;1;0;0;0;0;1;1;0;0;0;1;0;0;1;4;3;1;1;1;0;0;1;0;0;0;0;0;0;0;0;1;0;0;0;0;0;0;0;0;0;0;0;0;0;0;0;0;0;0;0;0;0;0;0;0;0;0;0;0
092080;Sinnai;1;1;0;2;0;1;1;0;3;0;0;0;0;1;0;0;0;1;0;0;0;0;0;1;1;0;1;2;0;0;7;3;4;1;3;2;1;5;2;0;6;1;1;3;5;3;0;3;2;0;6;4;2;0;0;4;1;3;1;1;1;3;1;1;0;1;1;1;0;1;0;1;0;0;0;0;0;2;0;0;0;0;0;0;0;0;0;0;0;0;0;1;0;0;0;0;0;0;0;0;0
092090;Uta;0;2;0;1;0;1;1;0;2;1;1;3;0;0;0;1;0;0;1;0;1;0;0;2;0;1;1;2;2;5;3;3;0;8;2;4;1;3;1;3;3;2;3;1;2;0;1;0;3;1;2;1;2;0;2;2;1;1;0;1;2;1;1;0;0;0;0;0;1;0;0;1;0;0;0;0;0;0;0;1;0;0;0;0;0;0;0;0;0;0;0;0;0;0;0;0;0;0;0;0;0
092099;Villa San Pietro;0;0;0;0;0;3;0;3;0;2;0;0;0;0;0;0;0;0;0;0;0;0;0;0;0;0;1;1;0;0;1;0;1;0;0;0;0;2;0;1;1;0;0;0;0;0;0;1;1;1;0;0;1;1;0;0;0;0;0;0;1;0;0;0;0;0;0;1;0;0;0;0;0;0;0;0;0;0;0;0;0;0;0;0;0;0;0;0;0;0;0;0;0;1;0;0;0;0;0;0;0
092105;Quartucciu;1;1;0;2;5;2;1;2;0;2;0;0;1;2;0;1;0;0;2;2;0;2;2;4;1;4;6;2;5;1;5;2;4;3;1;7;4;4;2;1;1;7;0;0;6;3;2;1;0;6;3;5;0;3;0;1;4;0;0;2;0;0;0;0;0;1;1;0;0;0;0;0;1;0;0;1;0;0;0;0;0;0;0;0;0;1;0;0;0;0;0;0;0;0;0;0;0;0;0;0;0
092108;Elmas;2;2;0;3;1;3;1;1;0;2;0;0;1;1;2;0;2;1;1;0;0;0;1;2;2;1;2;2;3;8;1;3;3;4;3;2;6;5;5;5;6;6;3;2;4;1;3;6;1;2;1;4;5;1;1;0;1;0;0;1;1;0;2;5;2;0;2;0;1;0;1;0;0;0;0;0;0;0;0;0;1;0;0;0;0;0;0;0;0;0;0;0;0;0;0;0;0;0;0;0;0
092109;Monserrato;0;1;0;2;0;1;1;0;1;3;0;0;2;0;1;0;1;3;0;0;0;0;1;1;1;5;1;2;0;1;2;2;2;5;2;3;7;1;0;2;2;4;6;4;4;2;4;4;2;3;3;3;5;7;5;2;0;1;4;0;3;3;3;3;1;1;0;0;0;0;0;2;0;0;0;0;0;0;0;0;1;0;0;0;0;0;0;0;0;0;0;0;0;1;0;0;0;0;0;0;0
;Totale;62;54;58;77;60;68;59;46;43;58;44;55;38;45;49;39;38;43;26;50;56;63;58;77;74;92;115;114;138;146;153;163;153;182;154;165;174;168;140;176;169;137;138;136;139;136;133;117;135;103;118;126;119;109;86;111;97;106;95;100;72;78;68;50;45;34;36;24;22;24;20;11;11;8;8;3;6;6;6;3;2;2;2;3;2;1;0;0;0;1;0;2;0;2;0;0;0;0;0;0;0

"Ricostruzione della popolazione intercensuaria - Popolazione al 1° gennaio per età"
"Cittadinanza straniera - Anno: 2016 - Provincia: Cagliari"
Territorio/Età;;0;1;2;3;4;5;6;7;8;9;10;11;12;13;14;15;16;17;18;19;20;21;22;23;24;25;26;27;28;29;30;31;32;33;34;35;36;37;38;39;40;41;42;43;44;45;46;47;48;49;50;51;52;53;54;55;56;57;58;59;60;61;62;63;64;65;66;67;68;69;70;71;72;73;74;75;76;77;78;79;80;81;82;83;84;85;86;87;88;89;90;91;92;93;94;95;96;97;98;99;100
Codice comune;Comune;Totale
092003;Assemini;9;9;10;9;9;10;11;7;6;5;5;5;9;4;2;6;2;6;0;3;5;4;9;5;11;9;10;14;20;17;11;12;11;16;12;10;11;13;15;11;19;15;11;6;13;7;12;7;12;13;5;7;13;3;8;6;6;7;1;5;7;0;1;1;2;4;5;1;0;1;2;1;1;1;4;0;0;1;0;2;0;0;0;1;0;1;0;0;0;0;0;0;0;0;0;0;0;0;0;0;0
092009;Cagliari;58;84;66;70;60;62;58;59;50;43;49;45;55;63;55;65;60;35;50;70;107;99;117;124;132;143;142;151;150;162;167;169;166;179;178;174;175;182;172;138;180;175;145;152;129;151;113;129;121;108;93;100;110;113;106;104;94;90;93;86;80;59;62;63;39;43;29;28;22;24;16;9;5;11;6;6;1;5;3;1;4;1;4;0;3;2;0;2;0;0;1;0;1;0;0;0;0;0;0;0;0
092011;Capoterra;5;4;1;8;2;1;6;9;5;4;3;4;5;2;5;8;4;8;3;0;3;5;2;3;6;6;12;11;7;11;11;7;8;12;15;17;8;12;12;11;10;6;10;8;8;8;6;6;8;11;6;7;7;8;9;4;2;5;6;5;5;5;5;6;3;1;2;3;0;0;3;1;0;1;2;2;0;0;1;1;0;0;0;0;0;0;0;0;0;0;0;0;0;0;0;0;0;0;0;0;0
092015;Decimomannu;4;3;1;2;4;0;5;2;2;1;0;1;1;0;1;2;0;4;1;2;3;3;1;1;0;1;4;3;5;8;2;4;5;3;3;5;12;5;10;7;5;12;2;0;1;3;4;6;1;1;1;3;1;2;2;2;1;1;1;3;4;2;0;0;0;0;0;0;0;0;0;0;0;0;0;0;0;0;1;0;0;0;0;0;0;0;0;0;0;0;0;0;0;0;0;0;0;0;0;0;0
092037;Maracalagonis;2;3;0;0;1;0;5;1;0;0;2;0;1;1;0;1;5;1;1;2;1;1;2;1;1;2;3;1;4;4;2;4;1;5;1;4;3;4;3;1;6;6;2;0;1;2;0;1;1;2;2;2;5;2;4;2;1;2;2;0;0;5;0;1;0;1;2;1;1;0;0;1;1;1;1;2;0;0;0;0;0;1;0;0;0;0;0;0;0;0;0;0;0;0;0;0;0;0;0;0;0
092050;Pula;1;2;1;0;0;1;1;1;1;2;2;2;0;3;0;1;1;2;0;0;1;1;3;3;2;2;1;4;0;2;6;2;9;7;5;3;5;3;4;4;9;9;4;2;8;2;3;4;5;5;5;2;1;7;1;3;2;2;1;5;1;4;3;2;1;3;2;2;1;4;1;2;0;0;1;4;1;1;0;2;0;0;1;0;0;0;0;0;0;0;0;0;0;0;0;0;0;0;0;0;0
092051;Quartu Sant'Elena;16;5;13;15;17;25;14;12;12;8;7;13;6;7;8;17;6;10;11;17;28;17;28;22;26;29;38;38;29;38;51;53;66;40;45;52;50;44;66;54;45;42;29;42;35;40;39;34;28;22;32;31;28;29;24;19;30;26;29;27;20;17;22;21;9;14;11;9;9;2;7;7;3;2;1;5;4;2;2;3;1;0;1;1;0;1;0;0;0;2;0;1;1;0;0;0;0;0;0;0;0
092066;Sarroch;0;2;0;0;2;0;4;0;0;0;1;2;1;0;2;2;0;1;0;3;0;0;0;1;2;1;0;0;0;2;0;1;1;1;3;0;2;1;1;0;3;4;2;2;4;1;4;3;0;0;2;0;1;1;3;0;3;1;1;0;1;0;1;0;2;2;2;1;3;1;1;0;1;0;0;1;0;2;0;0;0;0;0;0;0;1;0;0;0;0;0;0;0;0;0;0;0;0;0;0;0
092068;Selargius;8;6;5;3;7;4;7;12;5;6;6;4;2;4;2;8;4;3;7;6;3;10;8;13;12;12;8;19;8;15;18;9;20;20;15;15;9;6;15;4;8;5;7;9;3;4;8;13;2;7;6;8;9;7;5;4;8;8;6;4;4;0;2;3;5;1;2;3;2;2;0;0;0;1;0;0;1;0;0;0;0;0;0;0;0;0;0;0;0;0;0;0;0;0;0;0;0;0;0;0;0
092074;Sestu;0;2;0;2;4;1;3;5;2;6;2;3;4;3;1;2;2;2;3;0;3;3;1;3;2;0;5;4;4;9;8;10;8;5;7;6;8;11;9;12;9;6;7;3;5;10;8;9;3;4;2;3;0;2;3;0;3;1;1;2;3;5;1;2;1;3;2;2;1;0;2;0;1;0;0;1;0;0;0;0;0;0;0;0;0;0;0;0;0;0;0;0;0;0;0;0;0;0;0;0;0
092075;Settimo San Pietro;0;0;0;0;0;2;0;1;1;3;3;1;0;1;1;0;1;0;1;0;0;0;0;0;0;0;1;3;1;3;1;1;0;0;2;4;1;0;2;3;3;2;2;2;0;1;0;1;1;1;0;1;0;2;1;0;1;2;3;2;0;1;0;0;1;0;0;1;0;0;0;0;0;1;0;0;0;0;0;0;0;0;0;0;0;0;0;0;0;0;0;0;0;0;0;0;0;0;0;0;0
092080;Sinnai;1;0;1;0;3;0;2;1;1;3;2;1;1;1;0;1;6;0;1;2;2;3;2;5;3;2;2;1;6;0;4;6;7;4;5;4;7;2;5;1;1;9;3;5;3;5;4;1;2;5;1;6;4;2;0;2;4;1;5;3;0;2;4;2;1;1;1;2;1;0;1;2;1;0;0;0;0;0;1;0;0;0;0;0;0;0;0;0;0;0;0;0;0;0;0;0;0;0;0;0;0
092090;Uta;1;0;2;0;2;0;2;1;0;2;4;2;4;1;1;1;2;1;0;1;0;1;3;2;3;0;1;4;4;2;4;7;6;4;10;4;3;3;3;1;4;3;2;4;1;4;3;2;0;4;3;4;2;2;0;5;2;2;3;0;2;4;3;2;0;2;1;0;1;0;1;0;1;0;0;0;0;0;0;0;1;0;0;0;1;0;0;0;0;0;0;0;0;0;0;0;0;0;0;0;0
092099;Villa San Pietro;0;0;0;0;0;0;6;0;3;2;2;0;0;0;1;0;0;0;0;0;0;0;0;0;0;0;0;0;0;0;0;1;2;0;0;0;1;1;6;0;1;1;0;0;0;0;0;1;1;1;1;0;0;1;2;1;0;0;0;1;1;1;1;0;0;0;1;0;2;1;0;0;0;0;0;0;0;0;0;0;0;0;0;0;0;0;0;0;0;0;0;0;0;0;1;0;0;0;0;0;0
092105;Quartucciu;0;0;4;1;4;7;2;4;2;0;4;0;0;1;2;1;1;0;0;6;7;7;3;4;8;12;4;7;7;11;7;9;5;6;5;2;8;4;6;6;5;6;5;2;1;9;3;4;5;3;4;6;6;2;4;3;4;5;1;0;2;0;1;1;0;1;2;1;1;0;0;0;1;0;0;0;1;0;0;0;0;0;0;0;0;0;1;0;0;0;0;0;0;0;0;0;0;0;0;0;0
092108;Elmas;0;3;6;3;1;1;3;2;1;1;5;0;3;2;2;4;2;2;5;2;4;0;3;2;5;6;3;3;2;10;9;5;4;8;8;3;5;10;7;18;10;7;6;6;7;4;10;6;5;3;5;3;6;5;4;3;2;2;2;3;1;3;1;4;7;2;0;3;1;3;0;1;0;0;0;0;0;0;0;0;0;1;0;0;0;0;0;0;0;0;0;0;0;0;0;0;0;0;0;0;0
092109;Monserrato;0;2;2;1;1;1;3;2;0;4;2;0;1;4;1;4;0;3;4;3;2;0;5;5;1;3;2;8;4;3;3;8;1;4;8;8;10;11;3;6;5;4;7;11;6;4;7;9;7;4;5;4;4;5;8;3;3;2;3;5;3;5;4;5;3;1;1;0;0;0;0;0;3;1;1;0;0;1;0;0;0;1;0;0;0;0;0;0;0;0;0;0;0;0;1;0;0;0;0;0;0
;Totale;105;125;112;114;117;115;132;119;91;90;99;83;93;97;84;123;96;78;87;117;169;154;187;194;214;228;236;271;251;297;304;308;320;314;322;311;318;312;339;277;323;312;244;254;225;255;224;236;202;194;173;187;197;193;184;161;166;157;158;151;134;113;111;113;74;79;63;57;45;38;34;24;18;19;16;21;8;12;8;9;6;4;6;2;4;5;1;2;0;2;1;1;2;0;2;0;0;0;0;0;0
Territorio/Età;;0;1;2;3;4;5;6;7;8;9;10;11;12;13;14;15;16;17;18;19;20;21;22;23;24;25;26;27;28;29;30;31;32;33;34;35;36;37;38;39;40;41;42;43;44;45;46;47;48;49;50;51;52;53;54;55;56;57;58;59;60;61;62;63;64;65;66;67;68;69;70;71;72;73;74;75;76;77;78;79;80;81;82;83;84;85;86;87;88;89;90;91;92;93;94;95;96;97;98;99;100
Codice comune;Comune;Maschi
092003;Assemini;3;6;5;5;4;4;4;2;4;1;3;1;6;1;0;3;0;0;0;1;1;0;4;0;4;4;2;7;6;9;1;7;3;6;4;4;6;6;11;3;8;10;6;2;4;4;4;3;6;5;4;3;7;1;4;4;1;2;1;3;1;0;0;1;2;1;3;0;0;0;0;1;1;0;1;0;0;0;0;0;0;0;0;0;0;0;0;0;0;0;0;0;0;0;0;0;0;0;0;0;0
092009;Cagliari;35;42;35;39;26;34;32;35;29;29;23;25;22;40;26;41;35;19;27;52;73;65;72;82;85;102;87;95;85;88;100;85;94;97;93;102;94;101;100;66;90;90;75;73;58;73;47;64;48;38;35;39;37;49;37;45;29;29;20;29;15;19;15;21;11;13;7;8;8;10;6;0;1;4;3;2;0;2;1;1;2;1;2;0;0;1;0;2;0;0;0;0;0;0;0;0;0;0;0;0;0
092011;Capoterra;2;2;0;1;0;1;3;2;3;3;3;1;2;0;4;3;1;5;1;0;0;3;2;2;1;4;9;2;4;6;2;1;2;6;5;10;1;2;2;5;1;3;7;2;2;4;2;2;4;4;3;1;3;4;3;1;1;1;4;1;2;1;2;1;1;1;2;2;0;0;2;0;0;1;2;2;0;0;1;0;0;0;0;0;0;0;0;0;0;0;0;0;0;0;0;0;0;0;0;0;0
092015;Decimomannu;2;2;1;1;3;0;0;0;0;1;0;0;0;0;0;2;0;3;0;1;2;1;1;1;0;0;3;3;0;3;0;1;5;1;0;3;5;2;1;4;4;5;0;0;0;3;1;0;1;1;0;1;0;0;1;2;0;0;1;0;2;2;0;0;0;0;0;0;0;0;0;0;0;0;0;0;0;0;1;0;0;0;0;0;0;0;0;0;0;0;0;0;0;0;0;0;0;0;0;0;0
092037;Maracalagonis;1;3;0;0;0;0;2;1;0;0;1;0;1;0;0;1;5;1;1;2;0;1;1;0;0;2;2;1;0;1;1;1;0;3;1;1;1;2;1;0;2;2;2;0;0;0;0;0;1;1;0;1;3;0;2;1;1;2;2;0;0;3;0;0;0;1;1;1;0;0;0;0;1;1;1;1;0;0;0;0;0;1;0;0;0;0;0;0;0;0;0;0;0;0;0;0;0;0;0;0;0
092050;Pula;1;0;0;0;0;1;1;1;1;2;2;1;0;2;0;0;1;2;0;0;0;0;1;2;2;0;1;3;0;0;1;1;1;1;3;1;2;0;2;1;1;6;2;0;1;0;1;1;2;3;2;2;0;2;1;1;1;0;0;2;0;0;1;1;1;0;2;1;1;2;0;1;0;0;1;2;1;1;0;1;0;0;1;0;0;0;0;0;0;0;0;0;0;0;0;0;0;0;0;0;0
092051;Quartu Sant'Elena;10;4;9;9;6;9;6;7;8;1;1;8;1;5;5;8;4;5;7;14;21;12;22;18;24;16;24;20;16;16;20;26;29;17;18;21;20;20;32;28;24;17;15;25;15;25;16;15;14;7;25;16;13;13;13;15;11;20;14;15;9;6;11;10;4;9;9;2;6;2;2;3;3;1;0;4;3;2;0;2;1;0;1;0;0;1;0;0;0;2;0;1;0;0;0;0;0;0;0;0;0
092066;Sarroch;0;2;0;0;0;0;3;0;0;0;0;0;0;0;2;2;0;0;0;2;0;0;0;1;2;0;0;0;0;1;0;1;1;0;0;0;1;0;1;0;1;1;2;2;0;0;1;0;0;0;0;0;0;1;1;0;2;0;0;0;1;0;0;0;0;0;2;1;2;0;1;0;0;0;0;1;0;0;0;0;0;0;0;0;0;1;0;0;0;0;0;0;0;0;0;0;0;0;0;0;0
092068;Selargius;3;4;3;1;3;1;5;4;2;2;2;2;0;1;1;5;4;2;5;5;1;6;5;10;10;5;4;9;5;4;8;4;6;11;7;4;5;0;9;0;6;2;3;0;0;1;2;2;0;2;1;4;5;2;2;0;1;4;0;0;0;0;0;0;3;1;1;0;0;1;0;0;0;0;0;0;1;0;0;0;0;0;0;0;0;0;0;0;0;0;0;0;0;0;0;0;0;0;0;0;0
092074;Sestu;0;1;0;1;2;0;1;3;2;5;2;2;2;3;0;1;1;0;0;0;1;2;0;1;0;0;3;1;1;3;2;3;3;3;1;3;5;2;1;7;2;3;2;1;1;3;2;5;1;2;0;3;0;0;1;0;1;0;0;1;2;2;0;1;1;0;1;2;0;0;0;0;0;0;0;0;0;0;0;0;0;0;0;0;0;0;0;0;0;0;0;0;0;0;0;0;0;0;0;0;0
092075;Settimo San Pietro;0;0;0;0;0;2;0;0;1;0;0;0;0;0;0;0;1;0;1;0;0;0;0;0;0;0;0;2;0;1;1;0;0;0;1;0;0;0;1;2;1;1;0;1;0;1;0;0;0;0;0;0;0;0;1;0;0;0;0;1;0;0;0;0;0;0;0;0;0;0;0;0;0;0;0;0;0;0;0;0;0;0;0;0;0;0;0;0;0;0;0;0;0;0;0;0;0;0;0;0;0
092080;Sinnai;1;0;0;0;1;0;1;0;1;1;1;1;1;0;0;1;6;0;1;2;0;3;2;5;1;0;2;1;3;0;4;1;3;1;2;1;6;1;1;0;1;3;2;4;0;1;1;1;2;4;1;1;0;0;0;2;0;0;2;2;0;0;1;1;0;1;0;1;0;0;0;1;0;0;0;0;0;0;0;0;0;0;0;0;0;0;0;0;0;0;0;0;0;0;0;0;0;0;0;0;0
092090;Uta;1;0;0;0;1;0;1;0;0;0;2;1;1;1;1;1;0;1;0;0;0;1;3;2;0;0;0;3;2;0;0;3;3;3;1;1;1;1;0;0;1;1;2;1;0;2;3;1;0;1;2;1;1;0;0;3;0;1;2;0;1;2;2;1;0;2;1;0;1;0;1;0;0;0;0;0;0;0;0;0;0;0;0;0;1;0;0;0;0;0;0;0;0;0;0;0;0;0;0;0;0
092099;Villa San Pietro;0;0;0;0;0;0;3;0;0;2;0;0;0;0;1;0;0;0;0;0;0;0;0;0;0;0;0;0;0;0;0;0;2;0;0;0;1;1;1;0;0;0;0;0;0;0;0;1;0;0;0;0;0;0;1;1;0;0;0;0;1;0;1;0;0;0;0;0;1;1;0;0;0;0;0;0;0;0;0;0;0;0;0;0;0;0;0;0;0;0;0;0;0;0;0;0;0;0;0;0;0
092105;Quartucciu;0;0;1;1;2;2;1;3;0;0;2;0;0;1;0;1;0;0;0;5;5;7;2;3;5;10;1;0;4;6;5;6;0;3;2;0;1;2;2;2;1;3;1;0;1;3;1;0;4;2;0;3;1;1;0;2;1;1;1;0;0;0;1;1;0;1;1;0;1;0;0;0;1;0;0;0;0;0;0;0;0;0;0;0;0;0;0;0;0;0;0;0;0;0;0;0;0;0;0;0;0
092108;Elmas;0;1;4;3;1;0;1;1;0;0;3;0;3;1;1;1;1;0;4;0;3;0;3;1;3;1;2;3;1;6;3;4;0;4;4;0;3;4;4;13;4;4;2;3;5;1;7;3;2;3;3;2;2;0;2;2;2;1;2;2;0;2;1;2;2;0;0;1;1;2;0;0;0;0;0;0;0;0;0;0;0;0;0;0;0;0;0;0;0;0;0;0;0;0;0;0;0;0;0;0;0
092109;Monserrato;0;1;2;1;0;1;2;1;0;2;0;0;0;2;0;4;0;2;0;3;2;0;5;2;0;3;0;4;1;3;2;6;0;2;5;6;5;3;3;6;3;2;3;4;3;0;3;4;3;2;3;1;1;1;5;0;0;2;2;0;2;2;0;1;0;0;0;0;0;0;0;0;1;1;1;0;0;1;0;0;0;0;0;0;0;0;0;0;0;0;0;0;0;0;0;0;0;0;0;0;0
;Totale;59;68;60;62;49;55;66;60;51;49;45;42;39;57;41;74;59;40;47;87;109;101;123;130;137;147;140;154;128;147;150;150;152;158;147;157;157;147;172;137;150;153;124;118;90;121;91;102;88;75;79;78;73;74;74;79;51;63;51;56;36;39;35;41;25;30;30;19;21;18;12;6;8;8;9;12;5;6;3;4;3;2;4;0;1;3;0;2;0;2;0;1;0;0;0;0;0;0;0;0;0
Territorio/Età;;0;1;2;3;4;5;6;7;8;9;10;11;12;13;14;15;16;17;18;19;20;21;22;23;24;25;26;27;28;29;30;31;32;33;34;35;36;37;38;39;40;41;42;43;44;45;46;47;48;49;50;51;52;53;54;55;56;57;58;59;60;61;62;63;64;65;66;67;68;69;70;71;72;73;74;75;76;77;78;79;80;81;82;83;84;85;86;87;88;89;90;91;92;93;94;95;96;97;98;99;100
Codice comune;Comune;Femmine
092003;Assemini;6;3;5;4;5;6;7;5;2;4;2;4;3;3;2;3;2;6;0;2;4;4;5;5;7;5;8;7;14;8;10;5;8;10;8;6;5;7;4;8;11;5;5;4;9;3;8;4;6;8;1;4;6;2;4;2;5;5;0;2;6;0;1;0;0;3;2;1;0;1;2;0;0;1;3;0;0;1;0;2;0;0;0;1;0;1;0;0;0;0;0;0;0;0;0;0;0;0;0;0;0
092009;Cagliari;23;42;31;31;34;28;26;24;21;14;26;20;33;23;29;24;25;16;23;18;34;34;45;42;47;41;55;56;65;74;67;84;72;82;85;72;81;81;72;72;90;85;70;79;71;78;66;65;73;70;58;61;73;64;69;59;65;61;73;57;65;40;47;42;28;30;22;20;14;14;10;9;4;7;3;4;1;3;2;0;2;0;2;0;3;1;0;0;0;0;1;0;1;0;0;0;0;0;0;0;0
092011;Capoterra;3;2;1;7;2;0;3;7;2;1;0;3;3;2;1;5;3;3;2;0;3;2;0;1;5;2;3;9;3;5;9;6;6;6;10;7;7;10;10;6;9;3;3;6;6;4;4;4;4;7;3;6;4;4;6;3;1;4;2;4;3;4;3;5;2;0;0;1;0;0;1;1;0;0;0;0;0;0;0;1;0;0;0;0;0;0;0;0;0;0;0;0;0;0;0;0;0;0;0;0;0
092015;Decimomannu;2;1;0;1;1;0;5;2;2;0;0;1;1;0;1;0;0;1;1;1;1;2;0;0;0;1;1;0;5;5;2;3;0;2;3;2;7;3;9;3;1;7;2;0;1;0;3;6;0;0;1;2;1;2;1;0;1;1;0;3;2;0;0;0;0;0;0;0;0;0;0;0;0;0;0;0;0;0;0;0;0;0;0;0;0;0;0;0;0;0;0;0;0;0;0;0;0;0;0;0;0
092037;Maracalagonis;1;0;0;0;1;0;3;0;0;0;1;0;0;1;0;0;0;0;0;0;1;0;1;1;1;0;1;0;4;3;1;3;1;2;0;3;2;2;2;1;4;4;0;0;1;2;0;1;0;1;2;1;2;2;2;1;0;0;0;0;0;2;0;1;0;0;1;0;1;0;0;1;0;0;0;1;0;0;0;0;0;0;0;0;0;0;0;0;0;0;0;0;0;0;0;0;0;0;0;0;0
092050;Pula;0;2;1;0;0;0;0;0;0;0;0;1;0;1;0;1;0;0;0;0;1;1;2;1;0;2;0;1;0;2;5;1;8;6;2;2;3;3;2;3;8;3;2;2;7;2;2;3;3;2;3;0;1;5;0;2;1;2;1;3;1;4;2;1;0;3;0;1;0;2;1;1;0;0;0;2;0;0;0;1;0;0;0;0;0;0;0;0;0;0;0;0;0;0;0;0;0;0;0;0;0
092051;Quartu Sant'Elena;6;1;4;6;11;16;8;5;4;7;6;5;5;2;3;9;2;5;4;3;7;5;6;4;2;13;14;18;13;22;31;27;37;23;27;31;30;24;34;26;21;25;14;17;20;15;23;19;14;15;7;15;15;16;11;4;19;6;15;12;11;11;11;11;5;5;2;7;3;0;5;4;0;1;1;1;1;0;2;1;0;0;0;1;0;0;0;0;0;0;0;0;1;0;0;0;0;0;0;0;0
092066;Sarroch;0;0;0;0;2;0;1;0;0;0;1;2;1;0;0;0;0;1;0;1;0;0;0;0;0;1;0;0;0;1;0;0;0;1;3;0;1;1;0;0;2;3;0;0;4;1;3;3;0;0;2;0;1;0;2;0;1;1;1;0;0;0;1;0;2;2;0;0;1;1;0;0;1;0;0;0;0;2;0;0;0;0;0;0;0;0;0;0;0;0;0;0;0;0;0;0;0;0;0;0;0
092068;Selargius;5;2;2;2;4;3;2;8;3;4;4;2;2;3;1;3;0;1;2;1;2;4;3;3;2;7;4;10;3;11;10;5;14;9;8;11;4;6;6;4;2;3;4;9;3;3;6;11;2;5;5;4;4;5;3;4;7;4;6;4;4;0;2;3;2;0;1;3;2;1;0;0;0;1;0;0;0;0;0;0;0;0;0;0;0;0;0;0;0;0;0;0;0;0;0;0;0;0;0;0;0
092074;Sestu;0;1;0;1;2;1;2;2;0;1;0;1;2;0;1;1;1;2;3;0;2;1;1;2;2;0;2;3;3;6;6;7;5;2;6;3;3;9;8;5;7;3;5;2;4;7;6;4;2;2;2;0;0;2;2;0;2;1;1;1;1;3;1;1;0;3;1;0;1;0;2;0;1;0;0;1;0;0;0;0;0;0;0;0;0;0;0;0;0;0;0;0;0;0;0;0;0;0;0;0;0
092075;Settimo San Pietro;0;0;0;0;0;0;0;1;0;3;3;1;0;1;1;0;0;0;0;0;0;0;0;0;0;0;1;1;1;2;0;1;0;0;1;4;1;0;1;1;2;1;2;1;0;0;0;1;1;1;0;1;0;2;0;0;1;2;3;1;0;1;0;0;1;0;0;1;0;0;0;0;0;1;0;0;0;0;0;0;0;0;0;0;0;0;0;0;0;0;0;0;0;0;0;0;0;0;0;0;0
092080;Sinnai;0;0;1;0;2;0;1;1;0;2;1;0;0;1;0;0;0;0;0;0;2;0;0;0;2;2;0;0;3;0;0;5;4;3;3;3;1;1;4;1;0;6;1;1;3;4;3;0;0;1;0;5;4;2;0;0;4;1;3;1;0;2;3;1;1;0;1;1;1;0;1;1;1;0;0;0;0;0;1;0;0;0;0;0;0;0;0;0;0;0;0;0;0;0;0;0;0;0;0;0;0
092090;Uta;0;0;2;0;1;0;1;1;0;2;2;1;3;0;0;0;2;0;0;1;0;0;0;0;3;0;1;1;2;2;4;4;3;1;9;3;2;2;3;1;3;2;0;3;1;2;0;1;0;3;1;3;1;2;0;2;2;1;1;0;1;2;1;1;0;0;0;0;0;0;0;0;1;0;0;0;0;0;0;0;1;0;0;0;0;0;0;0;0;0;0;0;0;0;0;0;0;0;0;0;0
092099;Villa San Pietro;0;0;0;0;0;0;3;0;3;0;2;0;0;0;0;0;0;0;0;0;0;0;0;0;0;0;0;0;0;0;0;1;0;0;0;0;0;0;5;0;1;1;0;0;0;0;0;0;1;1;1;0;0;1;1;0;0;0;0;1;0;1;0;0;0;0;1;0;1;0;0;0;0;0;0;0;0;0;0;0;0;0;0;0;0;0;0;0;0;0;0;0;0;0;1;0;0;0;0;0;0
092105;Quartucciu;0;0;3;0;2;5;1;1;2;0;2;0;0;0;2;0;1;0;0;1;2;0;1;1;3;2;3;7;3;5;2;3;5;3;3;2;7;2;4;4;4;3;4;2;0;6;2;4;1;1;4;3;5;1;4;1;3;4;0;0;2;0;0;0;0;0;1;1;0;0;0;0;0;0;0;0;1;0;0;0;0;0;0;0;0;0;1;0;0;0;0;0;0;0;0;0;0;0;0;0;0
092108;Elmas;0;2;2;0;0;1;2;1;1;1;2;0;0;1;1;3;1;2;1;2;1;0;0;1;2;5;1;0;1;4;6;1;4;4;4;3;2;6;3;5;6;3;4;3;2;3;3;3;3;0;2;1;4;5;2;1;0;1;0;1;1;1;0;2;5;2;0;2;0;1;0;1;0;0;0;0;0;0;0;0;0;1;0;0;0;0;0;0;0;0;0;0;0;0;0;0;0;0;0;0;0
092109;Monserrato;0;1;0;0;1;0;1;1;0;2;2;0;1;2;1;0;0;1;4;0;0;0;0;3;1;0;2;4;3;0;1;2;1;2;3;2;5;8;0;0;2;2;4;7;3;4;4;5;4;2;2;3;3;4;3;3;3;0;1;5;1;3;4;4;3;1;1;0;0;0;0;0;2;0;0;0;0;0;0;0;0;1;0;0;0;0;0;0;0;0;0;0;0;0;1;0;0;0;0;0;0
;Totale;46;57;52;52;68;60;66;59;40;41;54;41;54;40;43;49;37;38;40;30;60;53;64;64;77;81;96;117;123;150;154;158;168;156;175;154;161;165;167;140;173;159;120;136;135;134;133;134;114;119;94;109;124;119;110;82;115;94;107;95;98;74;76;72;49;49;33;38;24;20;22;18;10;11;7;9;3;6;5;5;3;2;2;2;3;2;1;0;0;0;1;0;2;0;2;0;0;0;0;0;0

"Ricostruzione della popolazione intercensuaria - Popolazione al 1° gennaio per età"
"Cittadinanza straniera - Anno: 2017 - Provincia: Cagliari"
Territorio/Età;;0;1;2;3;4;5;6;7;8;9;10;11;12;13;14;15;16;17;18;19;20;21;22;23;24;25;26;27;28;29;30;31;32;33;34;35;36;37;38;39;40;41;42;43;44;45;46;47;48;49;50;51;52;53;54;55;56;57;58;59;60;61;62;63;64;65;66;67;68;69;70;71;72;73;74;75;76;77;78;79;80;81;82;83;84;85;86;87;88;89;90;91;92;93;94;95;96;97;98;99;100
Codice comune;Comune;Totale
092003;Assemini;12;11;9;10;9;7;11;12;7;7;4;4;6;7;6;2;7;1;5;0;6;9;4;9;5;12;11;13;10;20;21;13;17;11;17;13;10;14;20;11;15;19;14;8;5;14;9;11;11;11;15;4;6;12;5;9;5;9;9;2;5;7;2;1;2;3;3;5;0;0;1;2;1;1;1;4;0;0;1;0;1;0;0;0;1;0;1;0;0;0;0;0;0;0;0;0;0;0;0;0;0
092009;Cagliari;72;50;84;62;73;57;61;55;50;53;45;49;48;58;59;51;71;62;53;67;87;137;133;134;160;155;177;168;159;180;177;179;175;174;193;183;183;167;188;175;140;171;176;135;148;128;149;111;124;130;107;100;93;109;109;106;104;94;92;83;88;78;61;52;64;40;44;29;28;20;22;15;8;5;10;5;7;1;3;3;1;3;1;4;0;3;3;0;2;1;0;1;0;1;0;0;0;0;0;0;0
092011;Capoterra;4;5;4;3;7;3;1;5;9;5;2;4;2;7;1;4;6;3;9;8;2;5;8;2;7;10;13;11;11;7;13;11;7;12;14;15;13;9;11;12;9;10;7;8;9;6;6;5;5;6;10;7;7;7;8;9;4;2;5;6;5;5;5;5;6;3;1;2;3;0;1;3;0;0;1;2;2;0;0;1;1;0;0;0;0;1;0;0;0;0;0;0;0;0;0;0;0;0;0;0;0
092015;Decimomannu;1;3;2;1;2;3;1;4;2;3;1;1;1;1;0;3;2;0;1;3;1;3;2;1;1;1;2;3;4;6;8;6;5;5;3;4;5;9;3;10;7;5;8;2;0;1;3;4;4;1;0;1;4;1;2;2;2;2;1;0;3;3;2;0;0;0;0;0;0;0;0;0;0;0;0;0;0;0;0;1;0;0;0;0;0;0;0;0;0;0;0;0;0;0;0;0;0;0;0;0;0
092037;Maracalagonis;0;2;3;0;0;0;0;4;1;0;0;2;0;1;0;0;1;5;1;1;2;1;1;2;1;1;2;2;2;3;3;0;4;1;4;1;4;3;2;2;1;4;6;2;0;0;2;0;2;1;1;1;2;4;2;4;2;2;2;2;0;1;5;0;1;0;1;2;1;2;1;0;1;1;1;1;2;0;0;0;0;0;1;0;0;0;0;0;0;0;0;0;0;0;0;0;0;0;0;0;0
092050;Pula;0;1;2;1;0;0;2;1;0;1;2;2;2;0;3;0;1;0;2;0;0;2;1;2;2;3;2;1;4;2;1;7;2;7;7;5;4;4;3;3;3;7;8;4;3;7;2;1;4;4;5;5;3;1;8;1;2;0;1;1;5;1;4;3;2;1;3;2;2;1;4;1;2;0;1;1;2;1;1;0;2;0;0;1;0;0;0;0;0;0;0;1;0;0;0;0;0;0;0;0;0
092051;Quartu Sant'Elena;18;14;5;14;14;17;27;11;15;13;9;8;12;5;6;7;15;9;18;20;27;39;25;28;19;30;34;46;41;29;42;47;51;65;41;43;56;50;45;60;57;42;50;30;41;30;37;38;37;26;22;26;33;31;28;27;20;25;28;26;27;21;17;23;20;9;14;11;7;9;3;5;6;3;1;1;5;4;2;2;3;1;0;1;1;0;1;0;0;0;2;0;0;1;0;0;0;0;0;0;0
092066;Sarroch;0;0;2;0;0;2;0;4;0;0;0;0;3;1;0;2;1;1;1;0;3;0;0;0;1;3;2;0;0;0;2;1;1;1;0;2;0;2;0;1;0;3;4;3;2;4;1;5;2;0;0;2;0;2;1;3;0;4;1;3;0;1;1;1;0;2;0;2;3;3;0;0;0;1;0;0;1;0;2;0;0;0;0;0;0;0;1;0;0;0;0;0;0;0;0;0;0;0;0;0;0
092068;Selargius;3;9;6;4;3;7;4;8;9;4;8;5;4;2;5;2;10;6;1;8;10;4;8;8;12;14;10;8;23;11;13;18;16;19;21;20;9;8;6;15;6;11;5;7;9;3;4;13;12;2;10;5;9;10;10;6;4;8;8;6;4;4;0;4;4;2;1;2;2;2;0;0;0;0;0;0;0;1;0;0;0;0;0;0;0;0;0;0;0;0;0;0;0;0;0;0;0;0;0;0;0
092074;Sestu;2;0;1;1;2;2;1;3;5;1;5;2;2;2;2;2;2;5;2;3;2;8;4;3;2;3;2;10;7;7;10;7;11;9;5;8;5;9;11;6;10;14;10;11;2;4;10;8;7;3;6;2;4;0;2;3;2;4;1;2;2;3;6;2;1;1;3;2;2;1;0;2;1;1;0;0;1;0;0;0;0;0;0;0;0;0;0;0;0;0;0;0;0;0;0;0;0;0;0;0;0
092075;Settimo San Pietro;1;0;0;0;0;0;1;0;1;0;3;3;1;0;2;1;0;1;0;0;0;1;0;0;0;0;0;1;2;0;1;0;1;3;0;1;4;2;0;1;2;2;2;2;2;0;0;0;1;1;1;0;0;0;2;0;0;1;1;4;2;0;2;0;0;1;0;0;1;0;0;0;0;0;1;0;0;0;0;0;0;0;0;0;0;0;0;0;0;0;0;0;0;0;0;0;0;0;0;0;0
092080;Sinnai;2;7;0;3;0;2;0;2;1;1;2;2;1;1;0;3;0;8;1;11;10;15;6;7;6;5;17;2;7;16;4;5;8;4;7;7;6;6;2;5;1;3;9;3;7;3;7;4;0;3;7;1;5;4;2;1;3;6;2;5;3;0;2;4;3;2;2;1;2;1;1;1;2;1;0;0;0;0;0;1;0;0;0;0;0;0;0;0;0;0;0;0;0;0;0;0;0;0;0;0;0
092090;Uta;1;1;1;2;0;1;0;2;1;0;1;0;2;1;1;1;1;1;1;0;1;0;3;4;2;4;1;1;5;4;4;4;8;6;3;9;5;2;4;3;0;4;3;5;4;2;2;2;2;0;4;3;4;3;2;0;5;0;2;4;0;3;3;3;2;0;2;1;0;1;0;1;0;1;0;0;0;0;0;0;0;1;0;0;0;1;0;0;0;0;0;0;0;0;0;0;0;0;0;0;0
092099;Villa San Pietro;0;0;0;0;0;0;0;6;0;2;2;2;0;0;0;2;0;0;0;1;0;0;1;0;0;0;0;0;0;0;0;0;3;4;0;0;0;1;1;5;0;1;1;0;0;0;0;0;1;1;0;1;0;1;1;2;1;0;0;0;1;1;1;2;0;0;0;1;0;2;1;0;0;0;0;0;0;0;0;0;0;0;0;0;0;0;0;0;0;0;0;0;0;0;0;1;0;0;0;0;0
092105;Quartucciu;3;1;0;6;1;3;6;1;5;1;0;2;0;0;2;2;1;1;7;4;5;5;5;4;4;9;7;3;10;10;9;7;10;5;9;3;5;7;7;4;6;4;6;7;2;5;9;3;3;5;2;3;5;3;2;4;3;4;6;1;0;2;0;1;2;0;1;2;1;1;0;0;0;1;0;0;0;1;0;0;0;0;0;0;0;0;0;1;0;0;0;0;0;0;0;0;0;0;0;0;0
092108;Elmas;8;0;3;4;4;2;2;3;2;2;2;4;0;4;1;2;4;2;3;5;1;5;1;4;1;5;5;4;5;2;9;5;7;6;7;6;5;6;7;5;14;16;8;6;6;5;6;12;6;4;3;4;3;6;4;5;3;2;2;2;2;1;3;4;2;6;2;0;3;1;2;0;1;0;0;0;0;0;0;0;0;0;1;0;0;0;0;0;0;0;0;0;0;0;0;0;0;0;0;0;0
092109;Monserrato;3;0;0;2;2;1;1;3;1;0;3;1;0;1;4;0;2;0;4;1;3;2;1;5;5;0;3;2;8;4;3;2;8;2;5;8;7;8;11;1;5;5;3;6;12;6;3;8;7;9;4;2;5;2;5;8;2;2;0;3;4;4;5;4;3;3;1;1;0;0;0;0;0;3;1;1;0;0;1;0;0;0;1;0;0;0;0;0;0;0;0;0;0;0;0;1;0;0;0;0;0
;Totale;130;104;122;113;117;107;118;124;109;93;89;91;84;91;92;84;124;105;109;132;160;236;203;213;228;255;288;275;298;301;320;312;334;334;336;328;321;307;321;319;276;321;320;239;252;218;250;225;228;207;197;167;183;196;193;190;162;165;161;150;151;135;119;109;112;73;78;63;55;44;36;30;22;18;17;15;20;8;10;8;8;5;4;6;2;5;6;1;2;1;2;2;0;2;0;2;0;0;0;0;0
Territorio/Età;;0;1;2;3;4;5;6;7;8;9;10;11;12;13;14;15;16;17;18;19;20;21;22;23;24;25;26;27;28;29;30;31;32;33;34;35;36;37;38;39;40;41;42;43;44;45;46;47;48;49;50;51;52;53;54;55;56;57;58;59;60;61;62;63;64;65;66;67;68;69;70;71;72;73;74;75;76;77;78;79;80;81;82;83;84;85;86;87;88;89;90;91;92;93;94;95;96;97;98;99;100
Codice comune;Comune;Maschi
092003;Assemini;8;3;6;6;5;4;5;5;2;4;1;3;1;4;3;0;4;0;0;0;3;5;0;4;0;5;3;4;7;7;9;1;9;6;8;5;4;7;9;8;5;8;8;5;1;4;2;4;5;5;5;3;2;7;2;4;3;2;3;2;3;1;2;0;1;2;1;3;0;0;0;0;1;1;0;1;0;0;0;0;0;0;0;0;0;0;0;0;0;0;0;0;0;0;0;0;0;0;0;0;0
092009;Cagliari;31;30;45;29;40;25;31;28;26;31;29;23;26;23;36;24;49;36;37;42;63;99;94;88;111;103;130;103;102;107;104;108;91;94;99;98;108;85;103;98;70;85;89;74;72;58;66;44;57;50;38;40;41;34;51;38;43;29;29;18;27;16;18;14;22;10;13;7;7;7;10;6;0;1;3;3;3;0;1;1;1;2;1;2;0;0;2;0;2;0;0;0;0;0;0;0;0;0;0;0;0
092011;Capoterra;2;2;2;1;1;1;1;2;2;3;1;3;0;4;0;3;2;0;7;6;2;1;5;2;4;3;9;8;3;4;8;3;2;5;6;5;6;1;2;4;5;1;4;6;2;2;3;2;1;3;4;3;1;3;4;4;1;1;1;4;1;2;1;2;1;1;1;2;2;0;0;2;0;0;1;2;2;0;0;1;0;0;0;0;0;0;0;0;0;0;0;0;0;0;0;0;0;0;0;0;0
092015;Decimomannu;0;1;1;1;1;1;1;0;0;0;1;1;0;0;0;2;2;0;1;0;0;2;1;1;1;0;0;2;4;1;3;4;3;4;1;0;3;4;1;2;4;4;4;0;0;0;3;1;0;1;0;0;1;0;0;1;2;0;0;0;0;2;2;0;0;0;0;0;0;0;0;0;0;0;0;0;0;0;0;1;0;0;0;0;0;0;0;0;0;0;0;0;0;0;0;0;0;0;0;0;0
092037;Maracalagonis;0;1;3;0;0;0;0;1;1;0;0;1;0;1;0;0;1;5;1;1;2;0;1;1;0;0;2;1;1;0;1;0;1;0;2;1;1;1;0;1;0;2;2;2;0;0;0;0;0;1;1;0;1;2;0;2;1;2;2;2;0;0;3;0;0;0;1;1;1;1;0;0;0;1;1;1;1;0;0;0;0;0;1;0;0;0;0;0;0;0;0;0;0;0;0;0;0;0;0;0;0
092050;Pula;0;1;0;0;0;0;1;1;0;1;2;2;1;0;2;0;0;0;2;0;0;0;0;1;2;2;0;1;3;2;0;1;1;1;1;3;2;2;0;1;1;1;6;2;0;1;0;1;1;2;3;2;3;0;3;1;1;0;0;0;2;0;0;1;1;1;0;2;1;1;2;0;1;0;1;1;1;1;1;0;1;0;0;1;0;0;0;0;0;0;0;0;0;0;0;0;0;0;0;0;0
092051;Quartu Sant'Elena;10;8;4;10;9;6;8;4;9;8;2;2;8;1;5;4;7;6;12;16;23;30;19;18;16;25;21;32;19;17;16;20;27;31;20;14;27;20;23;29;29;21;23;18;25;13;23;16;16;12;6;21;16;16;11;13;15;8;19;14;16;9;6;11;10;4;9;9;2;7;2;2;3;3;1;0;4;3;2;0;2;1;0;1;0;0;1;0;0;0;2;0;0;0;0;0;0;0;0;0;0
092066;Sarroch;0;0;2;0;0;0;0;3;0;0;0;0;0;0;0;2;1;1;0;0;2;0;0;0;1;3;1;0;0;0;1;0;1;1;0;0;0;1;0;1;0;1;1;3;2;0;0;2;0;0;0;0;0;0;1;1;0;2;0;0;0;1;0;0;0;0;0;2;2;2;0;0;0;0;0;0;1;0;0;0;0;0;0;0;0;0;1;0;0;0;0;0;0;0;0;0;0;0;0;0;0
092068;Selargius;2;3;4;2;1;3;1;5;3;1;4;3;2;0;2;1;7;6;0;6;9;2;3;4;9;11;4;4;10;8;3;7;6;5;11;10;2;5;0;9;1;5;1;3;0;0;0;4;1;0;2;1;4;5;1;2;0;2;4;0;0;0;0;0;0;1;1;1;0;0;0;0;0;0;0;0;0;1;0;0;0;0;0;0;0;0;0;0;0;0;0;0;0;0;0;0;0;0;0;0;0
092074;Sestu;2;0;1;0;1;1;0;1;3;0;4;2;1;1;2;0;1;4;0;1;1;7;3;2;2;2;2;7;4;5;5;2;3;4;4;2;3;5;3;1;5;5;4;3;1;1;3;2;3;1;4;0;4;0;0;1;0;1;0;0;1;2;2;0;1;1;0;1;2;0;0;0;0;0;0;0;0;0;0;0;0;0;0;0;0;0;0;0;0;0;0;0;0;0;0;0;0;0;0;0;0
092075;Settimo San Pietro;0;0;0;0;0;0;1;0;0;0;0;0;0;0;0;0;0;1;0;0;0;0;0;0;0;0;0;0;1;0;0;0;0;0;0;0;0;0;0;0;1;0;1;0;1;0;0;0;0;0;0;0;0;0;0;0;0;0;0;0;1;0;0;0;0;0;0;0;0;0;0;0;0;0;0;0;0;0;0;0;0;0;0;0;0;0;0;0;0;0;0;0;0;0;0;0;0;0;0;0;0
092080;Sinnai;1;5;0;1;0;1;0;1;0;1;1;1;1;1;0;3;0;8;1;10;9;8;4;6;5;3;13;2;2;10;3;3;2;1;4;3;4;5;1;2;0;1;4;2;5;0;3;1;0;3;4;1;1;0;0;1;2;0;0;2;2;0;0;1;2;1;1;0;1;0;1;0;1;0;0;0;0;0;0;0;0;0;0;0;0;0;0;0;0;0;0;0;0;0;0;0;0;0;0;0;0
092090;Uta;1;1;1;0;0;1;0;1;0;0;0;0;1;0;1;1;1;0;1;0;0;0;3;4;2;1;1;0;4;2;2;0;4;1;2;1;2;1;3;0;0;1;1;4;1;0;0;2;1;0;1;2;1;1;0;0;2;0;1;3;0;2;1;2;1;0;2;1;0;1;0;1;0;0;0;0;0;0;0;0;0;0;0;0;0;1;0;0;0;0;0;0;0;0;0;0;0;0;0;0;0
092099;Villa San Pietro;0;0;0;0;0;0;0;3;0;0;2;0;0;0;0;2;0;0;0;1;0;0;0;0;0;0;0;0;0;0;0;0;0;3;0;0;0;1;1;1;0;0;0;0;0;0;0;0;1;0;0;0;0;0;0;1;1;0;0;0;0;1;0;1;0;0;0;0;0;1;1;0;0;0;0;0;0;0;0;0;0;0;0;0;0;0;0;0;0;0;0;0;0;0;0;0;0;0;0;0;0
092105;Quartucciu;2;1;0;3;1;2;2;0;4;0;0;2;0;0;0;0;1;0;7;4;4;3;5;1;3;4;6;0;4;7;4;5;6;0;6;2;2;1;4;1;3;2;3;0;0;1;3;1;0;4;1;0;2;1;1;0;2;0;1;1;0;0;0;1;1;0;1;1;0;1;0;0;0;1;0;0;0;0;0;0;0;0;0;0;0;0;0;0;0;0;0;0;0;0;0;0;0;0;0;0;0
092108;Elmas;4;0;1;3;4;2;0;1;1;1;0;3;0;4;0;1;1;1;1;4;0;3;0;4;0;2;1;2;4;0;6;2;4;0;4;2;2;3;3;4;11;6;4;4;3;4;2;9;3;1;3;2;2;2;0;3;2;2;1;2;1;0;2;2;2;2;0;0;1;1;2;0;0;0;0;0;0;0;0;0;0;0;0;0;0;0;0;0;0;0;0;0;0;0;0;0;0;0;0;0;0
092109;Monserrato;2;0;0;2;2;0;1;2;1;0;2;0;0;0;1;0;2;0;2;0;3;2;1;5;3;0;2;0;4;0;3;1;6;1;1;5;5;5;3;1;5;4;1;3;4;3;0;3;4;3;2;1;1;0;1;4;0;0;0;2;0;2;2;0;0;0;0;0;0;0;0;0;0;1;1;1;0;0;1;0;0;0;0;0;0;0;0;0;0;0;0;0;0;0;0;0;0;0;0;0;0
;Totale;65;56;70;58;65;47;52;58;52;50;49;46;41;39;52;43;79;68;72;91;121;162;139;141;159;164;195;166;172;170;168;157;166;157;169;151;171;147;156;163;140;147;156;129;117;87;108;92;93;86;74;76;80;71;75;76;75;49;61;50;54;38;39;35;42;23;30;30;19;22;18;11;6;8;8;9;12;5;5;3;4;3;2;4;0;1;4;0;2;0;2;0;0;0;0;0;0;0;0;0;0
Territorio/Età;;0;1;2;3;4;5;6;7;8;9;10;11;12;13;14;15;16;17;18;19;20;21;22;23;24;25;26;27;28;29;30;31;32;33;34;35;36;37;38;39;40;41;42;43;44;45;46;47;48;49;50;51;52;53;54;55;56;57;58;59;60;61;62;63;64;65;66;67;68;69;70;71;72;73;74;75;76;77;78;79;80;81;82;83;84;85;86;87;88;89;90;91;92;93;94;95;96;97;98;99;100
Codice comune;Comune;Femmine
092003;Assemini;4;8;3;4;4;3;6;7;5;3;3;1;5;3;3;2;3;1;5;0;3;4;4;5;5;7;8;9;3;13;12;12;8;5;9;8;6;7;11;3;10;11;6;3;4;10;7;7;6;6;10;1;4;5;3;5;2;7;6;0;2;6;0;1;1;1;2;2;0;0;1;2;0;0;1;3;0;0;1;0;1;0;0;0;1;0;1;0;0;0;0;0;0;0;0;0;0;0;0;0;0
092009;Cagliari;41;20;39;33;33;32;30;27;24;22;16;26;22;35;23;27;22;26;16;25;24;38;39;46;49;52;47;65;57;73;73;71;84;80;94;85;75;82;85;77;70;86;87;61;76;70;83;67;67;80;69;60;52;75;58;68;61;65;63;65;61;62;43;38;42;30;31;22;21;13;12;9;8;4;7;2;4;1;2;2;0;1;0;2;0;3;1;0;0;1;0;1;0;1;0;0;0;0;0;0;0
092011;Capoterra;2;3;2;2;6;2;0;3;7;2;1;1;2;3;1;1;4;3;2;2;0;4;3;0;3;7;4;3;8;3;5;8;5;7;8;10;7;8;9;8;4;9;3;2;7;4;3;3;4;3;6;4;6;4;4;5;3;1;4;2;4;3;4;3;5;2;0;0;1;0;1;1;0;0;0;0;0;0;0;0;1;0;0;0;0;1;0;0;0;0;0;0;0;0;0;0;0;0;0;0;0
092015;Decimomannu;1;2;1;0;1;2;0;4;2;3;0;0;1;1;0;1;0;0;0;3;1;1;1;0;0;1;2;1;0;5;5;2;2;1;2;4;2;5;2;8;3;1;4;2;0;1;0;3;4;0;0;1;3;1;2;1;0;2;1;0;3;1;0;0;0;0;0;0;0;0;0;0;0;0;0;0;0;0;0;0;0;0;0;0;0;0;0;0;0;0;0;0;0;0;0;0;0;0;0;0;0
092037;Maracalagonis;0;1;0;0;0;0;0;3;0;0;0;1;0;0;0;0;0;0;0;0;0;1;0;1;1;1;0;1;1;3;2;0;3;1;2;0;3;2;2;1;1;2;4;0;0;0;2;0;2;0;0;1;1;2;2;2;1;0;0;0;0;1;2;0;1;0;0;1;0;1;1;0;1;0;0;0;1;0;0;0;0;0;0;0;0;0;0;0;0;0;0;0;0;0;0;0;0;0;0;0;0
092050;Pula;0;0;2;1;0;0;1;0;0;0;0;0;1;0;1;0;1;0;0;0;0;2;1;1;0;1;2;0;1;0;1;6;1;6;6;2;2;2;3;2;2;6;2;2;3;6;2;0;3;2;2;3;0;1;5;0;1;0;1;1;3;1;4;2;1;0;3;0;1;0;2;1;1;0;0;0;1;0;0;0;1;0;0;0;0;0;0;0;0;0;0;1;0;0;0;0;0;0;0;0;0
092051;Quartu Sant'Elena;8;6;1;4;5;11;19;7;6;5;7;6;4;4;1;3;8;3;6;4;4;9;6;10;3;5;13;14;22;12;26;27;24;34;21;29;29;30;22;31;28;21;27;12;16;17;14;22;21;14;16;5;17;15;17;14;5;17;9;12;11;12;11;12;10;5;5;2;5;2;1;3;3;0;0;1;1;1;0;2;1;0;0;0;1;0;0;0;0;0;0;0;0;1;0;0;0;0;0;0;0
092066;Sarroch;0;0;0;0;0;2;0;1;0;0;0;0;3;1;0;0;0;0;1;0;1;0;0;0;0;0;1;0;0;0;1;1;0;0;0;2;0;1;0;0;0;2;3;0;0;4;1;3;2;0;0;2;0;2;0;2;0;2;1;3;0;0;1;1;0;2;0;0;1;1;0;0;0;1;0;0;0;0;2;0;0;0;0;0;0;0;0;0;0;0;0;0;0;0;0;0;0;0;0;0;0
092068;Selargius;1;6;2;2;2;4;3;3;6;3;4;2;2;2;3;1;3;0;1;2;1;2;5;4;3;3;6;4;13;3;10;11;10;14;10;10;7;3;6;6;5;6;4;4;9;3;4;9;11;2;8;4;5;5;9;4;4;6;4;6;4;4;0;4;4;1;0;1;2;2;0;0;0;0;0;0;0;0;0;0;0;0;0;0;0;0;0;0;0;0;0;0;0;0;0;0;0;0;0;0;0
092074;Sestu;0;0;0;1;1;1;1;2;2;1;1;0;1;1;0;2;1;1;2;2;1;1;1;1;0;1;0;3;3;2;5;5;8;5;1;6;2;4;8;5;5;9;6;8;1;3;7;6;4;2;2;2;0;0;2;2;2;3;1;2;1;1;4;2;0;0;3;1;0;1;0;2;1;1;0;0;1;0;0;0;0;0;0;0;0;0;0;0;0;0;0;0;0;0;0;0;0;0;0;0;0
092075;Settimo San Pietro;1;0;0;0;0;0;0;0;1;0;3;3;1;0;2;1;0;0;0;0;0;1;0;0;0;0;0;1;1;0;1;0;1;3;0;1;4;2;0;1;1;2;1;2;1;0;0;0;1;1;1;0;0;0;2;0;0;1;1;4;1;0;2;0;0;1;0;0;1;0;0;0;0;0;1;0;0;0;0;0;0;0;0;0;0;0;0;0;0;0;0;0;0;0;0;0;0;0;0;0;0
092080;Sinnai;1;2;0;2;0;1;0;1;1;0;1;1;0;0;0;0;0;0;0;1;1;7;2;1;1;2;4;0;5;6;1;2;6;3;3;4;2;1;1;3;1;2;5;1;2;3;4;3;0;0;3;0;4;4;2;0;1;6;2;3;1;0;2;3;1;1;1;1;1;1;0;1;1;1;0;0;0;0;0;1;0;0;0;0;0;0;0;0;0;0;0;0;0;0;0;0;0;0;0;0;0
092090;Uta;0;0;0;2;0;0;0;1;1;0;1;0;1;1;0;0;0;1;0;0;1;0;0;0;0;3;0;1;1;2;2;4;4;5;1;8;3;1;1;3;0;3;2;1;3;2;2;0;1;0;3;1;3;2;2;0;3;0;1;1;0;1;2;1;1;0;0;0;0;0;0;0;0;1;0;0;0;0;0;0;0;1;0;0;0;0;0;0;0;0;0;0;0;0;0;0;0;0;0;0;0
092099;Villa San Pietro;0;0;0;0;0;0;0;3;0;2;0;2;0;0;0;0;0;0;0;0;0;0;1;0;0;0;0;0;0;0;0;0;3;1;0;0;0;0;0;4;0;1;1;0;0;0;0;0;0;1;0;1;0;1;1;1;0;0;0;0;1;0;1;1;0;0;0;1;0;1;0;0;0;0;0;0;0;0;0;0;0;0;0;0;0;0;0;0;0;0;0;0;0;0;0;1;0;0;0;0;0
092105;Quartucciu;1;0;0;3;0;1;4;1;1;1;0;0;0;0;2;2;0;1;0;0;1;2;0;3;1;5;1;3;6;3;5;2;4;5;3;1;3;6;3;3;3;2;3;7;2;4;6;2;3;1;1;3;3;2;1;4;1;4;5;0;0;2;0;0;1;0;0;1;1;0;0;0;0;0;0;0;0;1;0;0;0;0;0;0;0;0;0;1;0;0;0;0;0;0;0;0;0;0;0;0;0
092108;Elmas;4;0;2;1;0;0;2;2;1;1;2;1;0;0;1;1;3;1;2;1;1;2;1;0;1;3;4;2;1;2;3;3;3;6;3;4;3;3;4;1;3;10;4;2;3;1;4;3;3;3;0;2;1;4;4;2;1;0;1;0;1;1;1;2;0;4;2;0;2;0;0;0;1;0;0;0;0;0;0;0;0;0;1;0;0;0;0;0;0;0;0;0;0;0;0;0;0;0;0;0;0
092109;Monserrato;1;0;0;0;0;1;0;1;0;0;1;1;0;1;3;0;0;0;2;1;0;0;0;0;2;0;1;2;4;4;0;1;2;1;4;3;2;3;8;0;0;1;2;3;8;3;3;5;3;6;2;1;4;2;4;4;2;2;0;1;4;2;3;4;3;3;1;1;0;0;0;0;0;2;0;0;0;0;0;0;0;0;1;0;0;0;0;0;0;0;0;0;0;0;0;1;0;0;0;0;0
;Totale;65;48;52;55;52;60;66;66;57;43;40;45;43;52;40;41;45;37;37;41;39;74;64;72;69;91;93;109;126;131;152;155;168;177;167;177;150;160;165;156;136;174;164;110;135;131;142;133;135;121;123;91;103;125;118;114;87;116;100;100;97;97;80;74;70;50;48;33;36;22;18;19;16;10;9;6;8;3;5;5;4;2;2;2;2;4;2;1;0;1;0;2;0;2;0;2;0;0;0;0;0

"Ricostruzione della popolazione intercensuaria - Popolazione al 1° gennaio per età"
"Cittadinanza straniera - Anno: 2018 - Provincia: Cagliari"
Territorio/Età;;0;1;2;3;4;5;6;7;8;9;10;11;12;13;14;15;16;17;18;19;20;21;22;23;24;25;26;27;28;29;30;31;32;33;34;35;36;37;38;39;40;41;42;43;44;45;46;47;48;49;50;51;52;53;54;55;56;57;58;59;60;61;62;63;64;65;66;67;68;69;70;71;72;73;74;75;76;77;78;79;80;81;82;83;84;85;86;87;88;89;90;91;92;93;94;95;96;97;98;99;100
Codice comune;Comune;Totale
092003;Assemini;4;12;13;11;9;15;6;11;9;9;10;5;5;6;8;6;2;8;13;19;11;20;16;11;18;18;23;20;20;16;29;28;12;22;20;18;12;16;17;18;22;21;22;13;13;10;12;12;8;10;13;12;5;9;12;6;11;7;11;9;3;5;8;3;1;3;3;3;4;0;1;1;2;1;1;0;2;0;0;1;0;2;0;0;0;1;0;1;0;0;0;0;0;0;0;0;0;0;0;0;0
092009;Cagliari;55;75;49;82;61;72;58;65;55;50;51;47;50;53;57;58;48;72;103;97;97;118;168;168;162;190;187;194;195;196;202;206;199;195;183;198;190;187;174;194;172;143;163;183;124;153;129;144;118;126;125;111;98;87;103;108;103;107;92;90;83;84;81;62;53;60;36;39;29;28;16;21;12;9;5;8;6;7;1;3;3;1;3;1;5;0;3;2;0;2;1;0;1;0;1;0;0;0;0;0;0
092011;Capoterra;10;5;5;5;3;8;3;1;7;7;4;3;3;2;9;1;4;6;18;23;15;11;12;8;7;8;12;20;11;16;11;17;10;6;14;17;15;12;9;15;14;12;7;6;10;8;7;7;6;8;6;11;6;7;7;10;9;3;4;7;5;5;5;5;6;7;3;1;3;3;0;1;3;0;0;1;2;3;0;0;0;1;0;0;0;1;1;0;0;0;0;0;0;0;0;0;0;0;0;0;0
092015;Decimomannu;1;2;5;3;1;1;4;1;3;2;3;1;1;1;2;0;3;2;1;1;7;2;3;3;2;2;1;3;3;3;5;11;9;5;4;4;4;5;10;3;8;5;5;7;2;0;1;2;4;3;3;0;1;5;2;3;2;2;3;1;0;2;2;2;0;0;0;0;0;0;0;0;0;0;0;0;0;0;0;0;1;0;0;0;0;0;0;0;0;0;0;0;0;0;0;0;0;0;0;0;0
092037;Maracalagonis;3;0;2;3;2;2;0;0;4;1;2;0;1;1;1;0;0;2;4;1;2;2;1;2;2;1;1;4;2;3;4;3;0;3;2;4;2;4;3;2;1;1;5;4;1;0;0;3;0;2;1;1;2;2;3;2;5;2;3;3;1;0;1;6;0;1;1;1;2;1;2;1;0;1;1;1;1;2;0;0;0;0;0;1;0;0;0;0;0;0;0;0;0;0;0;0;0;0;0;0;0
092050;Pula;1;0;1;2;1;0;0;2;1;1;1;2;2;2;0;3;0;1;1;2;0;2;3;1;3;2;3;2;0;5;1;1;3;2;6;6;5;4;4;4;3;2;5;6;6;2;5;2;2;4;4;7;5;3;1;7;2;3;0;3;1;5;1;5;3;2;1;4;3;2;1;4;1;2;0;1;1;2;1;1;0;2;0;0;0;0;0;0;0;0;0;0;0;0;0;0;0;0;0;0;0
092051;Quartu Sant'Elena;7;18;11;9;12;15;17;24;13;13;12;4;8;8;7;10;12;20;35;31;33;32;45;29;38;35;45;48;47;43;32;45;50;49;66;44;45;56;48;46;54;56;50;52;32;38;30;38;36;40;30;19;29;33;31;28;30;20;27;32;31;27;18;18;17;20;11;17;11;11;10;2;4;7;3;1;1;4;4;2;2;3;1;0;1;1;0;1;0;0;0;0;0;0;1;0;0;0;0;0;0
092066;Sarroch;0;0;0;0;0;0;1;0;1;0;0;0;0;2;0;0;2;0;6;0;0;1;0;0;0;3;1;0;0;0;0;3;0;1;1;1;1;1;1;1;2;0;2;2;4;2;4;2;4;2;0;3;2;0;2;2;2;3;3;1;3;0;2;1;1;0;1;0;1;2;3;0;0;2;1;0;0;2;0;2;0;0;0;0;0;0;0;1;0;0;0;0;0;0;0;0;0;0;0;0;0
092068;Selargius;6;10;8;9;4;3;7;4;9;5;2;6;5;2;1;4;2;11;24;19;18;17;14;18;11;19;18;19;12;27;19;18;19;19;17;19;17;11;12;6;14;11;16;3;8;13;3;7;14;13;2;10;4;11;10;10;7;4;7;8;8;4;5;0;4;3;2;1;2;2;2;1;0;0;0;0;0;1;1;0;0;0;0;0;0;0;0;0;0;0;0;0;0;0;0;0;0;0;0;0;0
092074;Sestu;1;1;2;0;4;3;2;0;3;4;3;6;2;3;2;3;5;2;15;18;8;5;12;6;4;6;8;3;11;8;12;12;11;14;9;7;7;9;7;11;8;11;13;13;10;7;3;15;8;5;4;6;3;3;0;2;3;2;4;1;1;1;4;4;1;1;2;3;2;1;1;0;2;1;1;0;0;1;0;0;0;0;0;0;0;0;0;0;0;0;0;0;0;0;0;0;0;0;0;0;0
092075;Settimo San Pietro;0;1;0;0;0;0;0;1;0;1;0;2;2;1;0;1;1;0;2;0;0;0;1;0;0;0;1;0;1;2;0;2;1;1;3;1;1;4;1;0;1;1;1;2;0;2;0;0;1;1;1;1;0;0;1;2;1;0;0;0;3;2;0;2;0;0;1;0;0;1;0;0;0;0;0;1;0;0;0;0;0;0;0;0;0;0;0;0;0;0;0;0;0;0;0;0;0;0;0;0;0
092080;Sinnai;3;0;7;0;3;0;1;0;2;1;1;2;2;1;1;1;5;9;17;13;20;19;20;15;16;7;10;14;8;5;13;9;6;9;5;9;8;9;5;2;5;7;3;6;4;8;3;7;4;0;1;7;3;6;5;2;1;4;7;2;3;3;0;2;4;3;2;2;1;2;1;1;1;1;1;0;0;0;0;0;1;0;0;0;0;0;0;0;0;0;0;0;0;0;0;0;0;0;0;0;0
092090;Uta;0;2;1;0;3;0;0;1;2;1;0;1;1;2;1;1;1;1;2;5;0;3;0;5;5;2;5;2;2;6;4;6;6;8;8;5;9;6;2;5;4;2;4;4;2;4;3;3;2;2;0;4;3;3;3;2;0;4;1;2;4;0;2;3;1;2;0;2;1;0;1;0;1;0;1;0;1;0;0;0;0;0;1;0;0;0;1;0;0;0;0;0;0;0;0;0;0;0;0;0;0
092099;Villa San Pietro;0;0;0;0;1;0;0;2;4;0;1;1;1;0;0;0;1;0;1;0;1;0;1;2;1;0;0;0;0;1;0;0;0;1;1;0;0;0;1;1;5;0;2;1;0;1;0;1;1;1;1;0;3;0;1;1;3;1;0;0;1;1;1;1;2;0;0;0;0;0;2;1;0;0;0;0;0;0;0;0;0;0;0;0;0;0;0;0;0;0;0;0;0;0;0;0;1;0;0;0;0
092105;Quartucciu;0;2;2;0;4;2;3;5;1;2;2;0;2;0;0;2;2;1;1;7;4;4;6;6;5;4;5;5;3;9;10;7;7;11;5;10;4;5;7;7;3;6;4;4;5;2;5;7;2;4;3;2;2;4;3;1;4;3;4;4;1;0;2;0;2;2;0;1;1;1;1;0;0;0;1;0;0;0;1;0;1;0;0;0;0;0;0;0;1;0;0;0;0;0;0;0;0;0;0;0;0
092108;Elmas;1;3;2;3;6;2;3;1;3;2;0;2;4;1;5;1;5;8;4;14;8;3;7;5;14;1;4;10;9;8;4;9;9;7;6;5;6;6;6;4;8;13;14;5;5;6;6;6;13;9;5;4;6;3;6;4;4;4;3;2;2;4;1;3;2;2;6;2;0;3;1;2;0;1;0;0;0;0;0;0;0;0;0;1;0;0;0;0;0;0;0;0;0;0;0;0;0;0;0;0;0
092109;Monserrato;4;3;0;0;2;2;2;1;3;1;1;2;1;0;0;3;0;2;0;3;0;5;5;1;5;5;1;4;2;9;4;3;7;11;2;5;9;10;8;8;5;2;3;5;9;10;5;4;9;7;7;3;3;5;2;5;8;2;2;1;1;4;4;4;4;3;4;2;1;0;0;0;0;0;3;1;1;0;0;1;0;0;0;1;0;0;0;0;0;0;0;0;0;0;0;0;1;0;0;0;0
;Totale;96;134;108;127;116;125;107;119;120;100;93;84;90;85;94;94;93;145;247;253;224;244;314;280;293;303;325;348;326;357;350;380;349;364;352;353;335;345;315;327;329;293;319;316;235;266;216;260;232;237;206;201;175;181;192;195;195;171;171;166;151;147;137;121;101;109;73;78;61;57;42;35;26;25;18;14;15;22;8;10;8;9;5;4;6;3;5;5;1;2;1;0;1;0;2;0;2;0;0;0;0
Territorio/Età;;0;1;2;3;4;5;6;7;8;9;10;11;12;13;14;15;16;17;18;19;20;21;22;23;24;25;26;27;28;29;30;31;32;33;34;35;36;37;38;39;40;41;42;43;44;45;46;47;48;49;50;51;52;53;54;55;56;57;58;59;60;61;62;63;64;65;66;67;68;69;70;71;72;73;74;75;76;77;78;79;80;81;82;83;84;85;86;87;88;89;90;91;92;93;94;95;96;97;98;99;100
Codice comune;Comune;Maschi
092003;Assemini;2;8;6;8;4;7;3;5;4;4;6;2;3;1;4;3;0;5;11;12;8;13;11;5;10;9;13;9;10;13;11;14;2;13;11;11;5;8;9;10;16;9;9;8;9;4;4;4;3;5;8;5;4;3;7;3;5;4;3;3;3;3;2;3;0;1;1;1;3;0;0;0;0;1;1;0;1;0;0;0;0;0;0;0;0;0;0;0;0;0;0;0;0;0;0;0;0;0;0;0;0
092009;Cagliari;25;35;27;43;31;41;28;32;27;23;29;29;19;31;23;33;21;49;79;76;66;85;124;114;104;133;122;141;119;122;119;125;126;101;96;104;104;113;85;109;97;72;83;95;66;74;52;66;46;54;48;36;41;41;35;51;34;48;28;29;19;27;15;18;13;20;9;11;6;8;6;10;6;0;1;3;3;3;0;1;1;1;2;1;3;0;0;1;0;2;0;0;0;0;0;0;0;0;0;0;0
092011;Capoterra;4;2;2;3;1;1;0;1;3;2;2;1;1;0;5;0;3;2;16;21;11;11;9;6;5;7;4;13;8;6;5;9;3;3;5;6;4;6;1;3;6;7;1;3;6;3;1;3;3;3;3;5;3;1;3;5;4;1;1;2;3;1;3;1;2;1;1;1;3;2;0;0;2;0;0;1;2;3;0;0;0;0;0;0;0;0;0;0;0;0;0;0;0;0;0;0;0;0;0;0;0
092015;Decimomannu;1;0;3;2;1;1;2;1;0;0;0;1;1;0;0;0;2;2;1;1;3;1;1;1;1;1;0;1;2;3;2;4;5;2;3;1;0;3;3;1;2;4;3;4;0;0;0;1;1;0;1;0;0;1;0;1;1;2;0;0;0;0;2;2;0;0;0;0;0;0;0;0;0;0;0;0;0;0;0;0;1;0;0;0;0;0;0;0;0;0;0;0;0;0;0;0;0;0;0;0;0
092037;Maracalagonis;3;0;1;3;2;2;0;0;1;1;2;0;1;1;1;0;0;2;4;1;1;2;0;1;1;0;0;2;1;2;1;1;0;2;1;2;2;1;1;0;0;0;2;1;1;0;0;0;0;0;1;1;0;1;2;1;2;1;3;2;1;0;0;3;0;0;1;1;1;1;1;0;0;0;1;1;1;1;0;0;0;0;0;1;0;0;0;0;0;0;0;0;0;0;0;0;0;0;0;0;0
092050;Pula;0;0;1;0;0;0;0;1;1;0;1;2;2;1;0;2;0;0;1;2;0;1;0;0;2;2;2;0;0;3;1;0;0;1;1;1;2;2;2;0;1;1;1;4;2;0;1;0;1;1;2;5;2;3;0;3;1;1;0;0;0;2;0;0;1;1;1;0;2;1;1;2;0;2;0;1;1;1;1;1;0;1;0;0;0;0;0;0;0;0;0;0;0;0;0;0;0;0;0;0;0
092051;Quartu Sant'Elena;3;10;8;5;8;8;6;7;5;7;7;1;3;5;4;7;9;11;34;24;27;29;37;22;25;28;38;33;33;22;21;18;22;29;32;19;15;29;20;25;25;29;25;27;18;24;14;23;17;18;13;5;23;14;17;10;14;14;9;22;14;16;9;8;9;10;6;10;9;2;7;2;2;4;3;1;0;3;3;2;0;2;1;0;1;0;0;1;0;0;0;0;0;0;0;0;0;0;0;0;0
092066;Sarroch;0;0;0;0;0;0;0;0;1;0;0;0;0;0;0;0;2;0;5;0;0;1;0;0;0;3;1;0;0;0;0;2;0;1;1;1;0;1;0;0;1;0;1;0;3;2;0;0;1;0;0;0;0;0;0;2;0;2;1;0;0;0;1;0;0;0;0;0;1;1;2;0;0;2;0;0;0;2;0;1;0;0;0;0;0;0;0;1;0;0;0;0;0;0;0;0;0;0;0;0;0
092068;Selargius;2;8;4;6;2;1;3;1;5;3;1;4;3;0;0;2;1;9;24;15;15;12;11;9;6;15;14;9;5;14;15;7;8;8;5;10;8;2;7;0;9;3;7;1;4;4;0;3;4;1;0;2;1;4;5;1;1;0;2;4;0;0;1;0;0;0;1;1;2;0;0;0;0;0;0;0;0;0;1;0;0;0;0;0;0;0;0;0;0;0;0;0;0;0;0;0;0;0;0;0;0
092074;Sestu;0;1;2;0;2;2;1;0;1;3;1;3;2;2;1;3;3;1;13;15;5;4;11;3;3;5;5;3;9;2;9;6;6;5;4;5;2;5;4;3;2;6;5;6;3;1;1;5;2;2;2;4;0;3;0;0;1;0;1;0;0;1;2;0;0;1;1;0;1;1;0;0;0;0;0;0;0;0;0;0;0;0;0;0;0;0;0;0;0;0;0;0;0;0;0;0;0;0;0;0;0
092075;Settimo San Pietro;0;0;0;0;0;0;0;1;0;0;0;0;0;0;0;0;0;0;2;0;0;0;0;0;0;0;0;0;0;1;0;1;0;0;0;0;0;0;0;0;0;1;0;1;0;1;0;0;0;0;0;0;0;0;0;0;0;0;0;0;0;1;0;0;0;0;0;0;0;0;0;0;0;0;0;0;0;0;0;0;0;0;0;0;0;0;0;0;0;0;0;0;0;0;0;0;0;0;0;0;0
092080;Sinnai;0;0;4;0;1;0;1;0;1;0;1;1;1;1;1;0;4;9;14;7;15;15;9;9;11;7;6;7;6;2;9;5;5;3;3;4;2;7;4;1;1;2;1;2;3;6;0;3;1;0;1;3;3;2;1;1;1;3;0;0;2;2;0;0;1;2;1;1;0;1;0;1;0;1;0;0;0;0;0;0;0;0;0;0;0;0;0;0;0;0;0;0;0;0;0;0;0;0;0;0;0
092090;Uta;0;1;1;0;1;0;0;1;1;0;0;0;0;1;0;1;1;1;1;5;0;2;0;4;4;2;2;2;1;5;2;3;1;6;3;4;1;3;1;3;1;2;1;2;2;1;0;1;2;1;0;1;2;1;1;0;0;2;0;1;3;0;1;1;0;1;0;2;1;0;1;0;1;0;0;0;0;0;0;0;0;0;0;0;0;0;1;0;0;0;0;0;0;0;0;0;0;0;0;0;0
092099;Villa San Pietro;0;0;0;0;1;0;0;0;2;0;0;1;0;0;0;0;1;0;0;0;1;0;0;0;1;0;0;0;0;0;0;0;0;0;1;0;0;0;1;1;2;0;1;0;0;0;0;1;1;1;0;0;1;0;0;0;1;1;0;0;0;0;1;0;1;0;0;0;0;0;1;1;0;0;0;0;0;0;0;0;0;0;0;0;0;0;0;0;0;0;0;0;0;0;0;0;0;0;0;0;0
092105;Quartucciu;0;1;1;0;2;2;2;2;0;2;0;0;2;0;0;0;0;1;1;7;4;3;4;6;2;2;2;5;1;2;7;2;4;6;0;3;2;1;3;3;1;3;2;1;0;0;1;3;1;0;3;1;0;2;1;0;0;2;0;1;1;0;0;0;1;1;0;1;0;0;1;0;0;0;1;0;0;0;0;0;0;0;0;0;0;0;0;0;0;0;0;0;0;0;0;0;0;0;0;0;0
092108;Elmas;1;1;2;1;3;2;3;0;1;2;0;0;3;1;5;0;4;4;4;12;7;2;6;2;11;1;4;4;6;7;1;4;5;4;2;3;2;4;3;1;5;10;7;2;3;3;4;2;9;3;2;3;4;2;2;0;3;2;2;1;2;2;0;2;1;2;2;0;0;1;1;2;0;0;0;0;0;0;0;0;0;0;0;0;0;0;0;0;0;0;0;0;0;0;0;0;0;0;0;0;0
092109;Monserrato;4;2;0;0;2;2;1;1;2;1;0;1;0;0;0;1;0;2;0;1;0;4;5;1;4;2;0;2;0;4;0;3;3;7;1;2;5;7;4;3;3;2;2;3;4;3;3;1;3;4;3;2;1;1;0;1;4;0;0;1;1;0;2;2;0;0;0;1;0;0;0;0;0;0;1;1;1;0;0;1;0;0;0;0;0;0;0;0;0;0;0;0;0;0;0;0;0;0;0;0;0
;Totale;45;69;62;71;61;69;50;53;55;48;50;46;41;44;44;52;51;98;210;199;163;185;228;183;190;217;213;231;201;208;203;204;190;191;169;176;154;192;148;163;172;151;151;160;124;126;81;116;95;93;87;73;85;79;74;79;72;83;50;66;49;55;39;40;29;40;24;30;29;18;21;18;11;10;8;8;9;13;5;6;2;4;3;2;4;0;1;3;0;2;0;0;0;0;0;0;0;0;0;0;0
Territorio/Età;;0;1;2;3;4;5;6;7;8;9;10;11;12;13;14;15;16;17;18;19;20;21;22;23;24;25;26;27;28;29;30;31;32;33;34;35;36;37;38;39;40;41;42;43;44;45;46;47;48;49;50;51;52;53;54;55;56;57;58;59;60;61;62;63;64;65;66;67;68;69;70;71;72;73;74;75;76;77;78;79;80;81;82;83;84;85;86;87;88;89;90;91;92;93;94;95;96;97;98;99;100
Codice comune;Comune;Femmine
092003;Assemini;2;4;7;3;5;8;3;6;5;5;4;3;2;5;4;3;2;3;2;7;3;7;5;6;8;9;10;11;10;3;18;14;10;9;9;7;7;8;8;8;6;12;13;5;4;6;8;8;5;5;5;7;1;6;5;3;6;3;8;6;0;2;6;0;1;2;2;2;1;0;1;1;2;0;0;0;1;0;0;1;0;2;0;0;0;1;0;1;0;0;0;0;0;0;0;0;0;0;0;0;0
092009;Cagliari;30;40;22;39;30;31;30;33;28;27;22;18;31;22;34;25;27;23;24;21;31;33;44;54;58;57;65;53;76;74;83;81;73;94;87;94;86;74;89;85;75;71;80;88;58;79;77;78;72;72;77;75;57;46;68;57;69;59;64;61;64;57;66;44;40;40;27;28;23;20;10;11;6;9;4;5;3;4;1;2;2;0;1;0;2;0;3;1;0;0;1;0;1;0;1;0;0;0;0;0;0
092011;Capoterra;6;3;3;2;2;7;3;0;4;5;2;2;2;2;4;1;1;4;2;2;4;0;3;2;2;1;8;7;3;10;6;8;7;3;9;11;11;6;8;12;8;5;6;3;4;5;6;4;3;5;3;6;3;6;4;5;5;2;3;5;2;4;2;4;4;6;2;0;0;1;0;1;1;0;0;0;0;0;0;0;0;1;0;0;0;1;1;0;0;0;0;0;0;0;0;0;0;0;0;0;0
092015;Decimomannu;0;2;2;1;0;0;2;0;3;2;3;0;0;1;2;0;1;0;0;0;4;1;2;2;1;1;1;2;1;0;3;7;4;3;1;3;4;2;7;2;6;1;2;3;2;0;1;1;3;3;2;0;1;4;2;2;1;0;3;1;0;2;0;0;0;0;0;0;0;0;0;0;0;0;0;0;0;0;0;0;0;0;0;0;0;0;0;0;0;0;0;0;0;0;0;0;0;0;0;0;0
092037;Maracalagonis;0;0;1;0;0;0;0;0;3;0;0;0;0;0;0;0;0;0;0;0;1;0;1;1;1;1;1;2;1;1;3;2;0;1;1;2;0;3;2;2;1;1;3;3;0;0;0;3;0;2;0;0;2;1;1;1;3;1;0;1;0;0;1;3;0;1;0;0;1;0;1;1;0;1;0;0;0;1;0;0;0;0;0;0;0;0;0;0;0;0;0;0;0;0;0;0;0;0;0;0;0
092050;Pula;1;0;0;2;1;0;0;1;0;1;0;0;0;1;0;1;0;1;0;0;0;1;3;1;1;0;1;2;0;2;0;1;3;1;5;5;3;2;2;4;2;1;4;2;4;2;4;2;1;3;2;2;3;0;1;4;1;2;0;3;1;3;1;5;2;1;0;4;1;1;0;2;1;0;0;0;0;1;0;0;0;1;0;0;0;0;0;0;0;0;0;0;0;0;0;0;0;0;0;0;0
092051;Quartu Sant'Elena;4;8;3;4;4;7;11;17;8;6;5;3;5;3;3;3;3;9;1;7;6;3;8;7;13;7;7;15;14;21;11;27;28;20;34;25;30;27;28;21;29;27;25;25;14;14;16;15;19;22;17;14;6;19;14;18;16;6;18;10;17;11;9;10;8;10;5;7;2;9;3;0;2;3;0;0;1;1;1;0;2;1;0;0;0;1;0;0;0;0;0;0;0;0;1;0;0;0;0;0;0
092066;Sarroch;0;0;0;0;0;0;1;0;0;0;0;0;0;2;0;0;0;0;1;0;0;0;0;0;0;0;0;0;0;0;0;1;0;0;0;0;1;0;1;1;1;0;1;2;1;0;4;2;3;2;0;3;2;0;2;0;2;1;2;1;3;0;1;1;1;0;1;0;0;1;1;0;0;0;1;0;0;0;0;1;0;0;0;0;0;0;0;0;0;0;0;0;0;0;0;0;0;0;0;0;0
092068;Selargius;4;2;4;3;2;2;4;3;4;2;1;2;2;2;1;2;1;2;0;4;3;5;3;9;5;4;4;10;7;13;4;11;11;11;12;9;9;9;5;6;5;8;9;2;4;9;3;4;10;12;2;8;3;7;5;9;6;4;5;4;8;4;4;0;4;3;1;0;0;2;2;1;0;0;0;0;0;1;0;0;0;0;0;0;0;0;0;0;0;0;0;0;0;0;0;0;0;0;0;0;0
092074;Sestu;1;0;0;0;2;1;1;0;2;1;2;3;0;1;1;0;2;1;2;3;3;1;1;3;1;1;3;0;2;6;3;6;5;9;5;2;5;4;3;8;6;5;8;7;7;6;2;10;6;3;2;2;3;0;0;2;2;2;3;1;1;0;2;4;1;0;1;3;1;0;1;0;2;1;1;0;0;1;0;0;0;0;0;0;0;0;0;0;0;0;0;0;0;0;0;0;0;0;0;0;0
092075;Settimo San Pietro;0;1;0;0;0;0;0;0;0;1;0;2;2;1;0;1;1;0;0;0;0;0;1;0;0;0;1;0;1;1;0;1;1;1;3;1;1;4;1;0;1;0;1;1;0;1;0;0;1;1;1;1;0;0;1;2;1;0;0;0;3;1;0;2;0;0;1;0;0;1;0;0;0;0;0;1;0;0;0;0;0;0;0;0;0;0;0;0;0;0;0;0;0;0;0;0;0;0;0;0;0
092080;Sinnai;3;0;3;0;2;0;0;0;1;1;0;1;1;0;0;1;1;0;3;6;5;4;11;6;5;0;4;7;2;3;4;4;1;6;2;5;6;2;1;1;4;5;2;4;1;2;3;4;3;0;0;4;0;4;4;1;0;1;7;2;1;1;0;2;3;1;1;1;1;1;1;0;1;0;1;0;0;0;0;0;1;0;0;0;0;0;0;0;0;0;0;0;0;0;0;0;0;0;0;0;0
092090;Uta;0;1;0;0;2;0;0;0;1;1;0;1;1;1;1;0;0;0;1;0;0;1;0;1;1;0;3;0;1;1;2;3;5;2;5;1;8;3;1;2;3;0;3;2;0;3;3;2;0;1;0;3;1;2;2;2;0;2;1;1;1;0;1;2;1;1;0;0;0;0;0;0;0;0;1;0;1;0;0;0;0;0;1;0;0;0;0;0;0;0;0;0;0;0;0;0;0;0;0;0;0
092099;Villa San Pietro;0;0;0;0;0;0;0;2;2;0;1;0;1;0;0;0;0;0;1;0;0;0;1;2;0;0;0;0;0;1;0;0;0;1;0;0;0;0;0;0;3;0;1;1;0;1;0;0;0;0;1;0;2;0;1;1;2;0;0;0;1;1;0;1;1;0;0;0;0;0;1;0;0;0;0;0;0;0;0;0;0;0;0;0;0;0;0;0;0;0;0;0;0;0;0;0;1;0;0;0;0
092105;Quartucciu;0;1;1;0;2;0;1;3;1;0;2;0;0;0;0;2;2;0;0;0;0;1;2;0;3;2;3;0;2;7;3;5;3;5;5;7;2;4;4;4;2;3;2;3;5;2;4;4;1;4;0;1;2;2;2;1;4;1;4;3;0;0;2;0;1;1;0;0;1;1;0;0;0;0;0;0;0;0;1;0;1;0;0;0;0;0;0;0;1;0;0;0;0;0;0;0;0;0;0;0;0
092108;Elmas;0;2;0;2;3;0;0;1;2;0;0;2;1;0;0;1;1;4;0;2;1;1;1;3;3;0;0;6;3;1;3;5;4;3;4;2;4;2;3;3;3;3;7;3;2;3;2;4;4;6;3;1;2;1;4;4;1;2;1;1;0;2;1;1;1;0;4;2;0;2;0;0;0;1;0;0;0;0;0;0;0;0;0;1;0;0;0;0;0;0;0;0;0;0;0;0;0;0;0;0;0
092109;Monserrato;0;1;0;0;0;0;1;0;1;0;1;1;1;0;0;2;0;0;0;2;0;1;0;0;1;3;1;2;2;5;4;0;4;4;1;3;4;3;4;5;2;0;1;2;5;7;2;3;6;3;4;1;2;4;2;4;4;2;2;0;0;4;2;2;4;3;4;1;1;0;0;0;0;0;2;0;0;0;0;0;0;0;0;1;0;0;0;0;0;0;0;0;0;0;0;0;1;0;0;0;0
;Totale;51;65;46;56;55;56;57;66;65;52;43;38;49;41;50;42;42;47;37;54;61;59;86;97;103;86;112;117;125;149;147;176;159;173;183;177;181;153;167;164;157;142;168;156;111;140;135;144;137;144;119;128;90;102;118;116;123;88;121;100;102;92;98;81;72;69;49;48;32;39;21;17;15;15;10;6;6;9;3;4;6;5;2;2;2;3;4;2;1;0;1;0;1;0;2;0;2;0;0;0;0

"Ricostruzione della popolazione intercensuaria - Popolazione al 1° gennaio per età"
"Cittadinanza straniera - Anno: 2019 - Provincia: Cagliari"
Territorio/Età;;0;1;2;3;4;5;6;7;8;9;10;11;12;13;14;15;16;17;18;19;20;21;22;23;24;25;26;27;28;29;30;31;32;33;34;35;36;37;38;39;40;41;42;43;44;45;46;47;48;49;50;51;52;53;54;55;56;57;58;59;60;61;62;63;64;65;66;67;68;69;70;71;72;73;74;75;76;77;78;79;80;81;82;83;84;85;86;87;88;89;90;91;92;93;94;95;96;97;98;99;100
Codice comune;Comune;Totale
092003;Assemini;10;7;10;11;12;9;15;6;11;11;9;11;5;7;7;9;7;6;7;12;20;14;21;16;11;20;18;20;20;19;16;27;26;13;22;24;19;13;15;20;17;23;21;18;14;14;11;12;15;8;10;16;10;4;8;8;7;10;9;8;8;3;5;6;2;1;3;3;2;4;0;2;1;2;1;1;0;2;0;0;0;0;2;0;0;0;1;0;1;0;0;0;0;0;0;0;0;0;0;0;0
092009;Cagliari;73;59;76;50;84;66;73;58;67;58;54;53;49;49;59;56;63;59;82;122;111;99;133;169;175;182;194;185;206;204;206;207;215;211;206;196;215;191;196;179;195;175;144;171;180;129;146;123;149;121;127;131;121;108;86;101;121;102;109;100;88;88;84;81;66;55;65;41;44;27;30;16;19;12;8;5;8;6;8;1;4;1;1;4;1;4;0;2;2;0;2;0;0;1;0;1;0;0;0;0;0
092011;Capoterra;2;8;6;4;5;3;6;3;1;7;8;5;3;3;4;9;1;5;9;24;27;15;10;13;11;6;7;14;16;11;16;17;16;12;7;15;19;14;12;7;18;14;10;8;8;10;9;5;11;6;9;6;11;5;5;6;11;7;3;3;7;5;6;5;5;6;7;3;1;4;3;0;1;3;0;0;1;2;3;0;0;0;1;0;0;0;1;0;0;0;0;0;0;0;0;0;0;0;0;0;0
092015;Decimomannu;1;1;2;4;3;2;2;4;1;2;2;3;1;1;1;2;0;3;1;1;1;6;1;3;2;1;2;2;3;3;4;5;13;9;5;3;5;4;5;9;4;6;4;4;8;2;0;1;3;4;3;2;1;1;5;1;3;2;2;2;1;0;2;1;2;0;0;0;0;0;0;0;0;0;0;0;0;0;0;0;0;0;0;0;0;0;0;0;0;0;0;0;0;0;0;0;0;0;0;0;0
092037;Maracalagonis;2;3;0;2;3;2;2;0;0;3;1;2;0;1;1;1;0;0;1;3;1;2;2;2;2;3;0;1;4;3;2;4;2;1;2;2;5;3;2;5;2;2;1;4;4;2;0;0;3;0;2;1;1;3;2;3;2;6;2;2;2;2;0;1;5;0;1;1;1;2;1;2;1;1;1;1;1;1;2;0;0;0;0;0;1;0;0;0;0;0;0;0;0;0;0;0;0;0;0;0;0
092050;Pula;1;0;0;1;2;1;0;0;2;2;1;1;1;2;2;0;3;0;1;1;2;0;2;1;1;2;1;4;1;0;6;0;1;3;2;8;4;6;4;5;5;3;1;7;6;5;4;6;2;4;4;5;6;4;3;1;7;3;3;0;4;2;6;1;5;3;2;1;3;3;2;1;4;1;2;0;1;1;2;1;1;0;2;0;0;0;0;0;0;0;0;0;0;0;0;0;0;0;0;0;0
092051;Quartu Sant'Elena;10;9;14;13;9;14;15;15;17;14;12;9;7;9;8;9;16;15;24;41;40;49;33;48;34;35;39;46;52;54;44;47;45;49;51;62;48;42;55;53;48;56;56;51;52;37;43;33;39;37;36;29;18;26;32;35;29;31;21;29;32;32;27;18;17;16;18;11;16;11;11;10;3;5;7;3;1;1;4;3;2;2;3;0;0;1;1;0;1;0;0;0;0;0;0;1;0;0;0;0;0
092066;Sarroch;0;0;0;1;1;0;0;0;0;2;0;0;0;0;1;1;4;6;2;2;1;0;2;1;0;1;1;1;0;1;1;0;3;0;1;3;2;1;0;1;1;2;0;2;2;3;2;2;2;4;2;1;2;3;0;2;1;4;1;3;1;2;1;0;2;2;0;1;0;1;3;3;0;0;1;1;0;0;2;0;1;0;0;0;0;0;0;0;1;0;0;0;0;0;0;0;0;0;0;0;0
092068;Selargius;8;10;11;9;9;6;3;7;4;7;7;2;7;5;2;1;5;2;10;31;25;24;24;19;18;16;20;20;19;16;26;21;19;14;19;15;16;18;10;9;7;13;10;14;6;9;12;4;6;12;14;2;9;7;10;12;10;7;1;7;9;7;2;3;2;5;3;2;1;2;2;2;1;1;0;0;1;0;1;1;0;0;0;0;0;0;0;0;0;0;0;0;0;0;0;0;0;0;0;0;0
092074;Sestu;1;0;1;2;0;3;3;2;0;2;2;3;5;2;3;3;3;6;3;15;18;9;5;9;12;5;6;8;5;12;12;11;12;15;10;10;9;8;7;11;10;9;12;13;12;9;7;3;15;9;7;4;6;3;4;0;2;2;1;4;1;1;1;4;3;1;2;1;3;2;1;1;1;2;1;1;0;0;1;0;0;0;0;0;0;0;0;0;0;0;0;0;0;0;0;0;0;0;0;0;0
092075;Settimo San Pietro;2;0;1;0;0;0;0;0;1;0;1;0;1;0;2;0;1;1;0;1;0;0;0;1;1;0;0;1;0;1;1;0;2;1;1;3;1;1;5;0;1;1;1;1;3;1;2;0;1;1;1;1;1;0;0;1;2;0;0;1;0;2;1;0;2;0;0;1;0;0;1;0;0;0;0;0;1;0;0;0;0;0;0;0;0;0;0;0;0;0;0;0;0;0;0;0;0;0;0;0;0
092080;Sinnai;2;3;0;2;1;3;0;2;1;2;1;2;2;2;1;2;3;6;7;20;17;16;17;17;12;11;5;9;7;6;3;7;10;5;5;4;6;8;4;8;2;5;7;4;7;6;6;3;7;4;0;1;7;3;5;5;2;4;3;7;2;4;3;0;2;4;3;2;2;1;2;1;1;1;1;1;0;0;1;0;0;1;0;0;0;0;0;0;0;0;0;0;0;0;0;0;0;0;0;0;0
092090;Uta;1;0;2;1;0;3;0;0;1;2;1;0;1;1;2;1;1;1;4;1;4;1;4;5;3;7;2;5;4;5;5;4;7;10;7;7;5;8;6;2;5;4;1;4;5;2;4;4;4;3;3;0;3;3;3;3;2;0;4;1;1;4;0;2;2;1;1;0;2;1;0;1;0;0;0;1;0;1;0;0;0;0;0;1;0;0;0;1;0;0;0;0;0;0;0;0;0;0;0;0;0
092099;Villa San Pietro;0;0;0;0;0;1;0;0;1;2;0;1;1;1;0;0;0;1;0;0;0;0;0;1;0;0;0;1;0;0;1;0;0;0;1;0;0;0;0;1;1;3;0;2;0;1;1;1;1;1;2;1;0;3;0;1;1;3;1;0;0;1;1;2;1;3;0;0;0;0;0;2;1;0;0;0;0;0;0;0;0;0;0;0;0;0;0;0;0;0;0;0;0;0;0;0;0;1;0;0;0
092105;Quartucciu;2;1;2;2;0;3;1;3;3;1;1;2;0;2;0;0;2;2;5;3;5;6;7;9;5;7;6;8;4;2;6;10;5;7;11;4;6;6;6;7;4;2;5;3;4;5;2;5;7;3;4;4;3;3;4;4;1;1;3;5;4;2;0;1;0;1;1;0;1;1;1;1;0;0;0;1;0;0;0;1;0;1;0;0;0;0;0;0;0;1;0;0;0;0;0;0;0;0;0;0;0
092108;Elmas;1;4;6;2;3;4;2;3;1;0;2;0;2;3;0;4;3;5;6;7;13;8;5;8;5;9;5;7;11;13;7;4;8;12;9;5;8;10;4;4;6;8;12;13;6;5;7;6;5;10;8;6;4;6;3;6;1;4;5;3;2;2;4;3;2;3;3;4;1;0;3;1;2;0;1;0;0;0;0;0;0;0;0;0;1;0;0;0;0;0;0;0;0;0;0;0;0;0;0;0;0
092109;Monserrato;4;3;1;0;1;0;2;1;3;4;1;1;3;1;0;0;3;0;1;0;3;1;4;6;4;5;2;4;6;2;8;5;3;8;8;6;7;5;10;9;6;8;3;3;4;8;10;6;1;6;6;8;4;2;5;3;3;9;2;3;2;3;3;2;5;4;4;4;2;1;0;0;0;0;0;1;1;1;0;0;1;0;0;0;2;0;0;0;1;0;0;0;0;0;0;0;0;0;0;0;0
;Totale;120;108;132;104;133;120;124;104;114;119;103;95;88;89;93;98;115;118;163;284;288;250;270;328;296;310;308;336;358;352;364;369;387;370;367;367;375;338;341;330;332;334;288;322;321;248;266;214;271;233;238;218;207;184;175;192;205;195;170;178;164;160;146;130;123;105;113;75;79;60;60;43;35;28;23;16;15;15;24;7;9;5;9;5;5;5;3;3;6;1;2;0;0;1;0;2;0;1;0;0;0
Territorio/Età;;0;1;2;3;4;5;6;7;8;9;10;11;12;13;14;15;16;17;18;19;20;21;22;23;24;25;26;27;28;29;30;31;32;33;34;35;36;37;38;39;40;41;42;43;44;45;46;47;48;49;50;51;52;53;54;55;56;57;58;59;60;61;62;63;64;65;66;67;68;69;70;71;72;73;74;75;76;77;78;79;80;81;82;83;84;85;86;87;88;89;90;91;92;93;94;95;96;97;98;99;100
Codice comune;Comune;Maschi
092003;Assemini;5;3;6;6;7;4;7;3;5;5;3;7;2;4;2;5;3;4;4;9;14;11;15;10;5;11;9;11;10;10;12;11;14;3;14;14;13;7;7;9;9;17;9;6;8;8;4;4;7;4;6;9;5;3;3;5;3;6;4;3;3;3;3;3;2;0;1;1;1;3;0;0;0;0;1;1;0;1;0;0;0;0;0;0;0;0;0;0;0;0;0;0;0;0;0;0;0;0;0;0;0
092009;Cagliari;30;26;36;26;44;34;43;27;35;29;26;30;32;19;35;23;36;32;61;96;83;65;94;123;114;120;136;123;149;123;126;119;127;127;110;108;111;103;118;89;112;97;75;87;94;67;70;50;69;48;56;48;42;47;37;33;53;32;49;29;28;19;27;18;19;16;24;11;14;7;7;5;9;5;0;1;3;2;3;0;2;0;1;2;1;2;0;0;1;0;2;0;0;0;0;0;0;0;0;0;0
092011;Capoterra;1;3;3;1;3;1;1;0;1;3;3;2;1;1;1;5;0;4;6;22;25;11;10;7;7;5;6;5;9;8;7;9;8;4;4;7;8;4;6;1;4;7;6;2;3;6;4;1;5;3;3;3;5;3;1;3;5;3;1;0;2;3;3;3;1;2;1;1;1;3;2;0;0;2;0;0;1;2;3;0;0;0;0;0;0;0;0;0;0;0;0;0;0;0;0;0;0;0;0;0;0
092015;Decimomannu;1;1;0;3;2;2;1;2;1;0;0;0;1;1;0;1;0;2;1;1;1;1;0;1;1;1;1;0;1;2;4;2;5;5;2;1;2;0;3;3;1;2;3;2;4;0;0;0;1;1;0;1;0;0;1;0;1;1;2;0;0;0;0;1;2;0;0;0;0;0;0;0;0;0;0;0;0;0;0;0;0;0;0;0;0;0;0;0;0;0;0;0;0;0;0;0;0;0;0;0;0
092037;Maracalagonis;1;3;0;1;3;2;2;0;0;1;1;2;0;1;1;1;0;0;1;3;1;1;2;1;1;2;0;0;2;1;1;1;1;1;1;1;3;0;0;2;0;1;0;1;1;1;0;0;0;0;0;1;1;1;1;2;1;2;1;2;1;2;0;0;3;0;0;1;1;1;1;1;0;1;0;1;1;1;1;0;0;0;0;0;1;0;0;0;0;0;0;0;0;0;0;0;0;0;0;0;0
092050;Pula;0;0;0;1;0;0;0;0;1;2;0;1;1;2;1;0;2;0;0;1;2;0;1;0;0;1;1;3;0;0;3;0;0;0;1;2;1;1;2;3;1;1;1;1;4;2;1;1;0;1;1;2;4;2;3;0;4;1;1;0;0;0;3;0;0;1;1;1;0;2;1;1;2;0;2;0;1;1;1;1;1;0;1;0;0;0;0;0;0;0;0;0;0;0;0;0;0;0;0;0;0
092051;Quartu Sant'Elena;7;4;7;9;4;10;9;6;4;5;6;6;3;2;5;6;12;11;17;40;34;38;30;38;26;23;31;35;35;37;23;26;20;26;32;32;21;17;31;22;28;27;28;27;29;19;24;16;25;18;17;15;4;20;15;19;10;15;15;11;23;15;17;9;8;7;9;6;9;9;2;7;2;2;4;3;1;0;3;2;2;0;2;0;0;1;0;0;1;0;0;0;0;0;0;0;0;0;0;0;0
092066;Sarroch;0;0;0;0;0;0;0;0;0;1;0;0;0;0;0;0;4;6;2;1;0;0;1;1;0;0;1;1;0;0;0;0;3;0;1;2;1;0;0;0;0;1;0;1;0;2;2;0;0;1;0;1;0;1;0;0;0;2;0;1;0;0;0;0;0;0;0;0;0;1;2;2;0;0;1;0;0;0;1;0;0;0;0;0;0;0;0;0;1;0;0;0;0;0;0;0;0;0;0;0;0
092068;Selargius;4;3;9;5;7;2;1;3;1;4;4;1;4;3;0;0;2;1;10;30;20;19;15;15;12;9;16;15;9;8;15;14;9;5;9;5;10;9;2;5;1;9;3;7;1;5;4;1;4;2;2;0;2;3;4;5;2;1;0;2;4;0;0;1;0;1;0;1;1;2;0;0;0;0;0;0;0;0;0;1;0;0;0;0;0;0;0;0;0;0;0;0;0;0;0;0;0;0;0;0;0
092074;Sestu;1;0;1;2;0;1;2;1;0;1;1;1;3;2;2;2;3;3;2;12;16;6;4;8;7;4;5;4;5;9;3;7;5;8;4;4;7;3;4;8;3;2;5;5;6;2;1;1;4;2;3;2;4;0;3;0;0;0;0;2;0;0;1;2;0;0;1;0;0;1;1;0;0;0;0;0;0;0;0;0;0;0;0;0;0;0;0;0;0;0;0;0;0;0;0;0;0;0;0;0;0
092075;Settimo San Pietro;1;0;0;0;0;0;0;0;1;0;0;0;0;0;1;0;0;0;0;1;0;0;0;0;0;0;0;0;0;0;1;0;1;0;0;0;0;0;1;0;0;0;1;0;1;0;1;0;0;0;0;0;0;0;0;0;0;0;0;1;0;0;0;0;0;0;0;0;0;0;0;0;0;0;0;0;0;0;0;0;0;0;0;0;0;0;0;0;0;0;0;0;0;0;0;0;0;0;0;0;0
092080;Sinnai;2;0;0;1;0;1;0;1;0;1;0;2;1;1;1;2;2;5;7;17;12;9;14;9;9;6;5;4;3;4;1;3;5;4;2;3;2;2;2;6;1;1;2;1;2;6;4;0;3;1;0;1;3;2;2;2;1;2;2;0;0;2;2;0;0;1;2;1;1;0;1;0;1;0;1;0;0;0;1;0;0;0;0;0;0;0;0;0;0;0;0;0;0;0;0;0;0;0;0;0;0
092090;Uta;0;0;1;1;0;1;0;0;1;1;0;0;0;0;1;0;1;1;4;0;4;1;3;4;2;6;2;2;3;3;4;2;4;3;5;2;4;2;3;0;3;1;1;1;2;2;1;1;1;2;1;0;1;2;1;1;0;0;2;0;0;3;0;1;1;0;0;0;2;1;0;1;0;0;0;0;0;0;0;0;0;0;0;0;0;0;0;1;0;0;0;0;0;0;0;0;0;0;0;0;0
092099;Villa San Pietro;0;0;0;0;0;1;0;0;0;1;0;0;1;0;0;0;0;1;0;0;0;0;0;0;0;0;0;0;0;0;0;0;0;0;0;0;0;0;0;1;1;1;0;1;0;0;0;1;1;1;1;0;0;1;0;0;0;1;1;0;0;0;0;1;0;1;0;0;0;0;0;1;1;0;0;0;0;0;0;0;0;0;0;0;0;0;0;0;0;0;0;0;0;0;0;0;0;0;0;0;0
092105;Quartucciu;1;1;1;1;0;2;1;2;0;0;1;0;0;2;0;0;0;0;5;3;5;6;6;7;5;3;4;5;4;1;0;6;1;4;7;1;2;3;2;4;1;0;3;1;1;1;0;1;3;1;0;3;2;0;2;2;0;0;2;1;2;1;0;0;0;1;1;0;1;0;0;1;0;0;0;1;0;0;0;0;0;0;0;0;0;0;0;0;0;0;0;0;0;0;0;0;0;0;0;0;0
092108;Elmas;0;2;3;2;1;1;2;3;0;0;2;0;0;2;0;4;0;4;3;6;12;7;3;7;2;6;5;6;7;8;5;2;4;8;4;2;5;4;2;2;2;2;9;8;3;3;4;4;2;7;3;2;3;4;2;2;0;3;2;2;1;2;2;0;1;2;2;1;0;0;1;1;2;0;0;0;0;0;0;0;0;0;0;0;0;0;0;0;0;0;0;0;0;0;0;0;0;0;0;0;0
092109;Monserrato;0;3;1;0;1;0;2;1;2;3;1;0;1;0;0;0;1;0;1;0;1;0;3;6;3;2;0;2;4;1;4;1;2;4;6;2;4;3;7;5;0;4;2;2;1;4;3;4;1;1;2;3;2;1;1;1;1;4;0;0;1;2;0;0;2;0;0;0;1;0;0;0;0;0;0;0;1;1;0;0;1;0;0;0;0;0;0;0;0;0;0;0;0;0;0;0;0;0;0;0;0
;Totale;54;49;68;59;72;62;71;49;52;57;48;52;50;40;50;49;66;74;124;242;230;175;201;237;194;199;222;216;241;215;209;203;209;202;202;186;194;158;190;160;167;173;148;153;160;128;123;85;126;93;95;91;78;90;76;75;81;73;82;54;65;52;58;39;39;32;42;24;32;30;18;20;17;10;9;7;8;8;13;4;6;0;4;2;2;3;0;1;3;0;2;0;0;0;0;0;0;0;0;0;0
Territorio/Età;;0;1;2;3;4;5;6;7;8;9;10;11;12;13;14;15;16;17;18;19;20;21;22;23;24;25;26;27;28;29;30;31;32;33;34;35;36;37;38;39;40;41;42;43;44;45;46;47;48;49;50;51;52;53;54;55;56;57;58;59;60;61;62;63;64;65;66;67;68;69;70;71;72;73;74;75;76;77;78;79;80;81;82;83;84;85;86;87;88;89;90;91;92;93;94;95;96;97;98;99;100
Codice comune;Comune;Femmine
092003;Assemini;5;4;4;5;5;5;8;3;6;6;6;4;3;3;5;4;4;2;3;3;6;3;6;6;6;9;9;9;10;9;4;16;12;10;8;10;6;6;8;11;8;6;12;12;6;6;7;8;8;4;4;7;5;1;5;3;4;4;5;5;5;0;2;3;0;1;2;2;1;1;0;2;1;2;0;0;0;1;0;0;0;0;2;0;0;0;1;0;1;0;0;0;0;0;0;0;0;0;0;0;0
092009;Cagliari;43;33;40;24;40;32;30;31;32;29;28;23;17;30;24;33;27;27;21;26;28;34;39;46;61;62;58;62;57;81;80;88;88;84;96;88;104;88;78;90;83;78;69;84;86;62;76;73;80;73;71;83;79;61;49;68;68;70;60;71;60;69;57;63;47;39;41;30;30;20;23;11;10;7;8;4;5;4;5;1;2;1;0;2;0;2;0;2;1;0;0;0;0;1;0;1;0;0;0;0;0
092011;Capoterra;1;5;3;3;2;2;5;3;0;4;5;3;2;2;3;4;1;1;3;2;2;4;0;6;4;1;1;9;7;3;9;8;8;8;3;8;11;10;6;6;14;7;4;6;5;4;5;4;6;3;6;3;6;2;4;3;6;4;2;3;5;2;3;2;4;4;6;2;0;1;1;0;1;1;0;0;0;0;0;0;0;0;1;0;0;0;1;0;0;0;0;0;0;0;0;0;0;0;0;0;0
092015;Decimomannu;0;0;2;1;1;0;1;2;0;2;2;3;0;0;1;1;0;1;0;0;0;5;1;2;1;0;1;2;2;1;0;3;8;4;3;2;3;4;2;6;3;4;1;2;4;2;0;1;2;3;3;1;1;1;4;1;2;1;0;2;1;0;2;0;0;0;0;0;0;0;0;0;0;0;0;0;0;0;0;0;0;0;0;0;0;0;0;0;0;0;0;0;0;0;0;0;0;0;0;0;0
092037;Maracalagonis;1;0;0;1;0;0;0;0;0;2;0;0;0;0;0;0;0;0;0;0;0;1;0;1;1;1;0;1;2;2;1;3;1;0;1;1;2;3;2;3;2;1;1;3;3;1;0;0;3;0;2;0;0;2;1;1;1;4;1;0;1;0;0;1;2;0;1;0;0;1;0;1;1;0;1;0;0;0;1;0;0;0;0;0;0;0;0;0;0;0;0;0;0;0;0;0;0;0;0;0;0
092050;Pula;1;0;0;0;2;1;0;0;1;0;1;0;0;0;1;0;1;0;1;0;0;0;1;1;1;1;0;1;1;0;3;0;1;3;1;6;3;5;2;2;4;2;0;6;2;3;3;5;2;3;3;3;2;2;0;1;3;2;2;0;4;2;3;1;5;2;1;0;3;1;1;0;2;1;0;0;0;0;1;0;0;0;1;0;0;0;0;0;0;0;0;0;0;0;0;0;0;0;0;0;0
092051;Quartu Sant'Elena;3;5;7;4;5;4;6;9;13;9;6;3;4;7;3;3;4;4;7;1;6;11;3;10;8;12;8;11;17;17;21;21;25;23;19;30;27;25;24;31;20;29;28;24;23;18;19;17;14;19;19;14;14;6;17;16;19;16;6;18;9;17;10;9;9;9;9;5;7;2;9;3;1;3;3;0;0;1;1;1;0;2;1;0;0;0;1;0;0;0;0;0;0;0;0;1;0;0;0;0;0
092066;Sarroch;0;0;0;1;1;0;0;0;0;1;0;0;0;0;1;1;0;0;0;1;1;0;1;0;0;1;0;0;0;1;1;0;0;0;0;1;1;1;0;1;1;1;0;1;2;1;0;2;2;3;2;0;2;2;0;2;1;2;1;2;1;2;1;0;2;2;0;1;0;0;1;1;0;0;0;1;0;0;1;0;1;0;0;0;0;0;0;0;0;0;0;0;0;0;0;0;0;0;0;0;0
092068;Selargius;4;7;2;4;2;4;2;4;3;3;3;1;3;2;2;1;3;1;0;1;5;5;9;4;6;7;4;5;10;8;11;7;10;9;10;10;6;9;8;4;6;4;7;7;5;4;8;3;2;10;12;2;7;4;6;7;8;6;1;5;5;7;2;2;2;4;3;1;0;0;2;2;1;1;0;0;1;0;1;0;0;0;0;0;0;0;0;0;0;0;0;0;0;0;0;0;0;0;0;0;0
092074;Sestu;0;0;0;0;0;2;1;1;0;1;1;2;2;0;1;1;0;3;1;3;2;3;1;1;5;1;1;4;0;3;9;4;7;7;6;6;2;5;3;3;7;7;7;8;6;7;6;2;11;7;4;2;2;3;1;0;2;2;1;2;1;1;0;2;3;1;1;1;3;1;0;1;1;2;1;1;0;0;1;0;0;0;0;0;0;0;0;0;0;0;0;0;0;0;0;0;0;0;0;0;0
092075;Settimo San Pietro;1;0;1;0;0;0;0;0;0;0;1;0;1;0;1;0;1;1;0;0;0;0;0;1;1;0;0;1;0;1;0;0;1;1;1;3;1;1;4;0;1;1;0;1;2;1;1;0;1;1;1;1;1;0;0;1;2;0;0;0;0;2;1;0;2;0;0;1;0;0;1;0;0;0;0;0;1;0;0;0;0;0;0;0;0;0;0;0;0;0;0;0;0;0;0;0;0;0;0;0;0
092080;Sinnai;0;3;0;1;1;2;0;1;1;1;1;0;1;1;0;0;1;1;0;3;5;7;3;8;3;5;0;5;4;2;2;4;5;1;3;1;4;6;2;2;1;4;5;3;5;0;2;3;4;3;0;0;4;1;3;3;1;2;1;7;2;2;1;0;2;3;1;1;1;1;1;1;0;1;0;1;0;0;0;0;0;1;0;0;0;0;0;0;0;0;0;0;0;0;0;0;0;0;0;0;0
092090;Uta;1;0;1;0;0;2;0;0;0;1;1;0;1;1;1;1;0;0;0;1;0;0;1;1;1;1;0;3;1;2;1;2;3;7;2;5;1;6;3;2;2;3;0;3;3;0;3;3;3;1;2;0;2;1;2;2;2;0;2;1;1;1;0;1;1;1;1;0;0;0;0;0;0;0;0;1;0;1;0;0;0;0;0;1;0;0;0;0;0;0;0;0;0;0;0;0;0;0;0;0;0
092099;Villa San Pietro;0;0;0;0;0;0;0;0;1;1;0;1;0;1;0;0;0;0;0;0;0;0;0;1;0;0;0;1;0;0;1;0;0;0;1;0;0;0;0;0;0;2;0;1;0;1;1;0;0;0;1;1;0;2;0;1;1;2;0;0;0;1;1;1;1;2;0;0;0;0;0;1;0;0;0;0;0;0;0;0;0;0;0;0;0;0;0;0;0;0;0;0;0;0;0;0;0;1;0;0;0
092105;Quartucciu;1;0;1;1;0;1;0;1;3;1;0;2;0;0;0;0;2;2;0;0;0;0;1;2;0;4;2;3;0;1;6;4;4;3;4;3;4;3;4;3;3;2;2;2;3;4;2;4;4;2;4;1;1;3;2;2;1;1;1;4;2;1;0;1;0;0;0;0;0;1;1;0;0;0;0;0;0;0;0;1;0;1;0;0;0;0;0;0;0;1;0;0;0;0;0;0;0;0;0;0;0
092108;Elmas;1;2;3;0;2;3;0;0;1;0;0;0;2;1;0;0;3;1;3;1;1;1;2;1;3;3;0;1;4;5;2;2;4;4;5;3;3;6;2;2;4;6;3;5;3;2;3;2;3;3;5;4;1;2;1;4;1;1;3;1;1;0;2;3;1;1;1;3;1;0;2;0;0;0;1;0;0;0;0;0;0;0;0;0;1;0;0;0;0;0;0;0;0;0;0;0;0;0;0;0;0
092109;Monserrato;4;0;0;0;0;0;0;0;1;1;0;1;2;1;0;0;2;0;0;0;2;1;1;0;1;3;2;2;2;1;4;4;1;4;2;4;3;2;3;4;6;4;1;1;3;4;7;2;0;5;4;5;2;1;4;2;2;5;2;3;1;1;3;2;3;4;4;4;1;1;0;0;0;0;0;1;0;0;0;0;0;0;0;0;2;0;0;0;1;0;0;0;0;0;0;0;0;0;0;0;0
;Totale;66;59;64;45;61;58;53;55;62;62;55;43;38;49;43;49;49;44;39;42;58;75;69;91;102;111;86;120;117;137;155;166;178;168;165;181;181;180;151;170;165;161;140;169;161;120;143;129;145;140;143;127;129;94;99;117;124;122;88;124;99;108;88;91;84;73;71;51;47;30;42;23;18;18;14;9;7;7;11;3;3;5;5;3;3;2;3;2;3;1;0;0;0;1;0;2;0;1;0;0;0
