"Popolazione per età, vista per territorio - Comuni della Provincia di Trieste"

"Ricostruzione della popolazione intercensuaria - Popolazione al 1° gennaio per età"
"Tutte le cittadinanze - Anno: 2002 - Provincia: Trieste"
Territorio/Età;;0;1;2;3;4;5;6;7;8;9;10;11;12;13;14;15;16;17;18;19;20;21;22;23;24;25;26;27;28;29;30;31;32;33;34;35;36;37;38;39;40;41;42;43;44;45;46;47;48;49;50;51;52;53;54;55;56;57;58;59;60;61;62;63;64;65;66;67;68;69;70;71;72;73;74;75;76;77;78;79;80;81;82;83;84;85;86;87;88;89;90;91;92;93;94;95;96;97;98;99;100
Codice comune;Comune;Totale
032001;Duino-Aurisina;80;71;59;55;82;80;84;72;80;75;78;67;71;70;55;60;56;48;59;66;53;59;76;74;95;77;77;98;111;158;133;116;123;155;141;152;171;144;160;148;154;130;119;107;131;112;136;115;127;117;94;125;137;122;116;155;91;116;114;124;135;153;162;168;144;133;142;104;100;103;104;112;93;90;97;86;77;82;68;74;58;52;39;18;25;13;19;29;21;31;23;21;18;11;13;5;3;3;2;1;2
032002;Monrupino;9;3;4;4;2;6;7;8;2;9;8;8;8;5;4;3;8;8;9;5;6;8;18;16;17;27;27;26;11;10;14;17;14;9;12;6;10;16;12;9;13;14;11;11;10;14;12;10;6;19;12;10;18;12;12;12;7;13;9;7;10;12;20;13;10;11;16;13;11;6;8;5;7;3;8;5;4;1;11;3;3;2;1;2;1;0;1;2;4;4;2;6;1;4;0;0;0;0;0;0;0
032003;Muggia;63;79;84;85;96;89;95;89;97;107;81;122;105;92;95;83;74;90;95;82;96;90;125;110;161;161;152;170;187;185;204;174;186;171;207;210;192;204;199;168;193;169;179;164;173;205;166;171;156;197;213;204;237;261;234;236;150;214;222;207;204;237;225;197;212;183;179;166;163;180;183;170;150;135;115;144;116;139;127;114;130;135;77;25;25;35;54;71;46;58;39;36;25;10;12;10;2;1;2;2;1
032004;San Dorligo della Valle-Dolina;33;41;40;49;31;36;53;37;54;36;43;49;44;36;48;47;39;50;49;52;43;42;60;59;62;83;65;94;86;88;86;79;91;77;99;99;91;97;82;88;90;86;94;92;92;83;72;71;84;104;69;84;118;101;102;107;55;73;81;70;94;91;112;87;87;95;87;75;73;54;65;83;65;49;58;58;41;55;70;43;45;44;37;15;10;8;17;32;20;10;11;11;10;6;4;4;1;0;0;0;2
032005;Sgonico;9;15;14;7;19;20;14;22;19;9;16;18;18;19;18;17;29;19;16;23;28;20;22;18;28;34;31;42;43;36;27;28;21;23;35;42;23;24;25;28;30;27;39;33;33;40;39;33;23;34;33;40;48;42;47;55;35;22;34;39;37;24;31;35;30;19;25;25;15;19;22;23;22;15;17;21;19;11;14;16;15;11;9;6;6;4;3;5;8;4;5;5;1;2;1;1;1;0;1;1;0
032006;Trieste;1488;1509;1455;1391;1392;1400;1342;1399;1391;1553;1481;1454;1406;1384;1300;1328;1383;1340;1400;1407;1416;1518;1553;1929;1908;2343;2550;2803;2897;3165;3130;3154;3082;3123;3122;3331;3377;3442;3213;3128;3000;2909;2899;2798;2745;2753;2706;2621;2540;2665;2682;2966;2857;3200;3326;3396;2391;2888;2977;3007;3245;3475;3345;3302;3027;2768;2841;2685;2714;2618;2706;2799;2531;2368;2366;2527;2530;2398;2505;2598;2561;2515;1609;788;740;648;1024;1237;1020;913;730;620;473;329;259;165;122;76;51;34;67
;Totale;1682;1718;1656;1591;1622;1631;1595;1627;1643;1789;1707;1718;1652;1606;1520;1538;1589;1555;1628;1635;1642;1737;1854;2206;2271;2725;2902;3233;3335;3642;3594;3568;3517;3558;3616;3840;3864;3927;3691;3569;3480;3335;3341;3205;3184;3207;3131;3021;2936;3136;3103;3429;3415;3738;3837;3961;2729;3326;3437;3454;3725;3992;3895;3802;3510;3209;3290;3068;3076;2980;3088;3192;2868;2660;2661;2841;2787;2686;2795;2848;2812;2759;1772;854;807;708;1118;1376;1119;1020;810;699;528;362;289;185;129;80;56;38;72
Territorio/Età;;0;1;2;3;4;5;6;7;8;9;10;11;12;13;14;15;16;17;18;19;20;21;22;23;24;25;26;27;28;29;30;31;32;33;34;35;36;37;38;39;40;41;42;43;44;45;46;47;48;49;50;51;52;53;54;55;56;57;58;59;60;61;62;63;64;65;66;67;68;69;70;71;72;73;74;75;76;77;78;79;80;81;82;83;84;85;86;87;88;89;90;91;92;93;94;95;96;97;98;99;100
Codice comune;Comune;Maschi
032001;Duino-Aurisina;39;32;40;33;47;28;37;37;39;34;42;34;39;31;34;35;38;25;30;29;26;31;37;42;53;42;42;58;51;92;63;68;70;82;77;77;82;69;76;68;81;74;57;59;56;64;68;54;61;69;47;58;75;68;54;78;36;55;46;52;73;71;82;89;71;58;61;50;57;55;46;46;39;42;37;35;40;27;30;30;21;22;7;4;12;7;6;9;10;9;10;3;6;2;1;1;0;0;0;1;0
032002;Monrupino;5;1;3;3;1;3;4;2;0;4;3;4;5;1;2;2;2;5;5;3;4;5;12;11;15;25;21;20;7;6;10;10;9;3;8;3;7;11;7;4;6;5;6;7;6;7;5;6;6;9;4;2;13;5;5;7;3;5;4;2;2;8;9;6;6;8;7;6;6;3;2;3;2;1;1;2;3;0;5;1;0;1;1;0;0;0;0;0;0;1;1;2;1;0;0;0;0;0;0;0;0
032003;Muggia;32;36;49;48;50;42;48;47;52;61;31;58;49;54;38;46;32;54;48;46;46;44;72;64;82;95;87;85;103;107;116;99;94;95;103;88;94;111;102;100;98;87;99;79;95;92;88;82;76;89;91;101;120;117;117;108;78;101;118;114;94;124;111;100;104;85;87;73;80;95;79;75;72;73;54;53;49;61;55;47;46;47;23;7;9;10;16;14;12;21;13;13;5;1;2;1;0;0;0;1;1
032004;San Dorligo della Valle-Dolina;18;14;21;25;20;16;25;19;26;19;21;24;15;21;28;25;16;26;21;30;20;19;39;31;26;50;40;48;39;48;51;41;55;32;48;65;35;48;37;43;48;37;40;51;47;41;43;36;41;48;31;41;62;55;59;55;27;38;39;41;53;52;56;42;45;44;38;45;40;22;29;45;24;25;21;23;13;19;36;14;17;16;13;4;0;2;4;9;5;4;7;1;3;3;0;0;0;0;0;0;0
032005;Sgonico;5;9;6;4;13;10;8;11;13;4;11;9;7;8;6;8;14;14;7;12;12;9;14;14;16;18;16;21;28;17;14;10;13;11;16;22;10;11;12;10;16;15;22;16;16;19;18;18;11;13;15;18;23;21;25;29;14;13;13;27;14;14;20;21;17;10;13;17;7;9;6;13;7;8;9;10;6;6;4;9;3;4;1;5;2;1;2;0;1;0;3;2;0;0;1;0;1;0;0;0;0
032006;Trieste;754;791;741;686;728;723;703;695;726;800;763;699;769;725;683;718;706;673;734;741;746;779;761;1004;1000;1162;1248;1457;1451;1652;1568;1602;1586;1575;1549;1669;1664;1749;1645;1581;1572;1477;1464;1372;1359;1421;1340;1322;1218;1292;1295;1365;1403;1564;1555;1611;1146;1355;1423;1408;1512;1603;1592;1527;1412;1259;1297;1212;1168;1124;1150;1221;1005;965;980;912;912;853;918;891;879;797;516;241;228;200;278;358;270;238;171;140;105;76;42;21;20;10;10;7;7
;Totale;853;883;860;799;859;822;825;811;856;922;871;828;884;840;791;834;808;797;845;861;854;887;935;1166;1192;1392;1454;1689;1679;1922;1822;1830;1827;1798;1801;1924;1892;1999;1879;1806;1821;1695;1688;1584;1579;1644;1562;1518;1413;1520;1483;1585;1696;1830;1815;1888;1304;1567;1643;1644;1748;1872;1870;1785;1655;1464;1503;1403;1358;1308;1312;1403;1149;1114;1102;1035;1023;966;1048;992;966;887;561;261;251;220;306;390;298;273;205;161;120;82;46;23;21;10;10;9;8
Territorio/Età;;0;1;2;3;4;5;6;7;8;9;10;11;12;13;14;15;16;17;18;19;20;21;22;23;24;25;26;27;28;29;30;31;32;33;34;35;36;37;38;39;40;41;42;43;44;45;46;47;48;49;50;51;52;53;54;55;56;57;58;59;60;61;62;63;64;65;66;67;68;69;70;71;72;73;74;75;76;77;78;79;80;81;82;83;84;85;86;87;88;89;90;91;92;93;94;95;96;97;98;99;100
Codice comune;Comune;Femmine
032001;Duino-Aurisina;41;39;19;22;35;52;47;35;41;41;36;33;32;39;21;25;18;23;29;37;27;28;39;32;42;35;35;40;60;66;70;48;53;73;64;75;89;75;84;80;73;56;62;48;75;48;68;61;66;48;47;67;62;54;62;77;55;61;68;72;62;82;80;79;73;75;81;54;43;48;58;66;54;48;60;51;37;55;38;44;37;30;32;14;13;6;13;20;11;22;13;18;12;9;12;4;3;3;2;0;2
032002;Monrupino;4;2;1;1;1;3;3;6;2;5;5;4;3;4;2;1;6;3;4;2;2;3;6;5;2;2;6;6;4;4;4;7;5;6;4;3;3;5;5;5;7;9;5;4;4;7;7;4;0;10;8;8;5;7;7;5;4;8;5;5;8;4;11;7;4;3;9;7;5;3;6;2;5;2;7;3;1;1;6;2;3;1;0;2;1;0;1;2;4;3;1;4;0;4;0;0;0;0;0;0;0
032003;Muggia;31;43;35;37;46;47;47;42;45;46;50;64;56;38;57;37;42;36;47;36;50;46;53;46;79;66;65;85;84;78;88;75;92;76;104;122;98;93;97;68;95;82;80;85;78;113;78;89;80;108;122;103;117;144;117;128;72;113;104;93;110;113;114;97;108;98;92;93;83;85;104;95;78;62;61;91;67;78;72;67;84;88;54;18;16;25;38;57;34;37;26;23;20;9;10;9;2;1;2;1;0
032004;San Dorligo della Valle-Dolina;15;27;19;24;11;20;28;18;28;17;22;25;29;15;20;22;23;24;28;22;23;23;21;28;36;33;25;46;47;40;35;38;36;45;51;34;56;49;45;45;42;49;54;41;45;42;29;35;43;56;38;43;56;46;43;52;28;35;42;29;41;39;56;45;42;51;49;30;33;32;36;38;41;24;37;35;28;36;34;29;28;28;24;11;10;6;13;23;15;6;4;10;7;3;4;4;1;0;0;0;2
032005;Sgonico;4;6;8;3;6;10;6;11;6;5;5;9;11;11;12;9;15;5;9;11;16;11;8;4;12;16;15;21;15;19;13;18;8;12;19;20;13;13;13;18;14;12;17;17;17;21;21;15;12;21;18;22;25;21;22;26;21;9;21;12;23;10;11;14;13;9;12;8;8;10;16;10;15;7;8;11;13;5;10;7;12;7;8;1;4;3;1;5;7;4;2;3;1;2;0;1;0;0;1;1;0
032006;Trieste;734;718;714;705;664;677;639;704;665;753;718;755;637;659;617;610;677;667;666;666;670;739;792;925;908;1181;1302;1346;1446;1513;1562;1552;1496;1548;1573;1662;1713;1693;1568;1547;1428;1432;1435;1426;1386;1332;1366;1299;1322;1373;1387;1601;1454;1636;1771;1785;1245;1533;1554;1599;1733;1872;1753;1775;1615;1509;1544;1473;1546;1494;1556;1578;1526;1403;1386;1615;1618;1545;1587;1707;1682;1718;1093;547;512;448;746;879;750;675;559;480;368;253;217;144;102;66;41;27;60
;Totale;829;835;796;792;763;809;770;816;787;867;836;890;768;766;729;704;781;758;783;774;788;850;919;1040;1079;1333;1448;1544;1656;1720;1772;1738;1690;1760;1815;1916;1972;1928;1812;1763;1659;1640;1653;1621;1605;1563;1569;1503;1523;1616;1620;1844;1719;1908;2022;2073;1425;1759;1794;1810;1977;2120;2025;2017;1855;1745;1787;1665;1718;1672;1776;1789;1719;1546;1559;1806;1764;1720;1747;1856;1846;1872;1211;593;556;488;812;986;821;747;605;538;408;280;243;162;108;70;46;29;64

"Ricostruzione della popolazione intercensuaria - Popolazione al 1° gennaio per età"
"Tutte le cittadinanze - Anno: 2003 - Provincia: Trieste"
Territorio/Età;;0;1;2;3;4;5;6;7;8;9;10;11;12;13;14;15;16;17;18;19;20;21;22;23;24;25;26;27;28;29;30;31;32;33;34;35;36;37;38;39;40;41;42;43;44;45;46;47;48;49;50;51;52;53;54;55;56;57;58;59;60;61;62;63;64;65;66;67;68;69;70;71;72;73;74;75;76;77;78;79;80;81;82;83;84;85;86;87;88;89;90;91;92;93;94;95;96;97;98;99;100
Codice comune;Comune;Totale
032001;Duino-Aurisina;69;80;75;64;60;83;79;82;72;78;76;79;71;69;70;56;60;57;50;58;66;54;59;77;70;96;75;72;103;109;152;131;118;122;158;137;153;173;146;158;150;154;131;113;110;130;114;136;114;124;114;93;124;134;125;117;150;92;111;112;123;135;151;162;166;144;130;141;102;96;103;104;106;91;85;96;79;75;80;69;68;57;46;42;17;23;10;18;24;18;23;14;16;15;9;11;5;3;2;3;1
032002;Monrupino;2;7;3;4;4;3;6;7;8;2;9;8;9;8;5;4;4;8;10;9;5;5;9;20;18;14;18;20;20;11;9;16;14;15;10;12;9;11;15;12;9;14;14;11;12;10;13;14;9;7;19;12;11;20;12;13;12;8;15;8;10;11;12;21;13;10;8;16;13;11;3;8;5;7;4;8;5;4;1;11;3;4;2;2;2;1;0;0;1;3;1;3;6;0;4;0;0;0;0;0;0
032003;Muggia;85;65;75;87;88;96;94;97;90;94;108;85;125;106;95;95;83;74;89;95;82;95;91;124;100;148;155;151;169;181;189;208;180;189;169;210;212;194;210;202;167;201;171;180;163;173;216;170;176;163;198;215;203;239;260;236;232;155;215;220;209;202;238;226;203;216;181;181;169;162;175;180;170;147;131;109;144;114;133;122;111;125;124;69;23;22;32;47;64;40;49;33;30;18;8;11;8;1;0;2;2
032004;San Dorligo della Valle-Dolina;32;40;41;43;51;35;37;54;37;52;35;44;54;46;36;50;49;39;50;51;50;43;44;65;62;60;80;59;89;86;86;84;86;94;77;101;103;95;97;84;86;89;89;96;95;93;80;72;73;84;106;71;86;113;100;101;108;56;73;80;69;94;91;112;86;79;97;89;74;70;54;61;80;65;50;58;55;38;54;65;39;40;44;34;13;10;7;15;28;17;8;10;5;10;4;2;1;1;0;0;2
032005;Sgonico;11;13;14;14;10;19;21;14;22;21;9;16;20;19;19;18;17;28;19;17;20;30;19;20;21;31;31;26;35;38;31;26;28;25;24;36;41;23;26;24;28;30;27;42;35;32;37;40;32;23;35;33;37;46;40;47;54;35;22;35;39;37;25;31;36;30;19;25;25;15;19;22;21;22;15;16;21;19;9;13;14;13;11;9;5;4;3;3;7;7;1;4;5;1;2;1;0;1;0;0;0
032006;Trieste;1443;1490;1516;1453;1400;1396;1411;1345;1399;1407;1557;1469;1458;1408;1382;1300;1323;1385;1344;1417;1415;1419;1540;1575;1962;1953;2383;2584;2846;2931;3174;3133;3145;3072;3133;3141;3318;3387;3421;3209;3104;2997;2891;2896;2793;2727;2748;2705;2606;2534;2642;2663;2942;2833;3180;3314;3381;2380;2857;2951;2979;3206;3439;3296;3259;2982;2737;2795;2631;2674;2560;2647;2734;2456;2305;2278;2428;2432;2281;2383;2475;2418;2354;1496;714;649;570;917;1084;866;795;612;503;378;268;201;138;89;54;32;63
;Totale;1642;1695;1724;1665;1613;1632;1648;1599;1628;1654;1794;1701;1737;1656;1607;1523;1536;1591;1562;1647;1638;1646;1762;1881;2233;2302;2742;2912;3262;3356;3641;3598;3571;3517;3571;3637;3836;3883;3915;3689;3544;3485;3323;3338;3208;3165;3208;3137;3010;2935;3114;3087;3403;3385;3717;3828;3937;2726;3293;3406;3429;3685;3956;3848;3763;3461;3172;3247;3014;3028;2914;3022;3116;2788;2590;2565;2732;2682;2558;2663;2710;2657;2581;1652;774;709;622;1000;1208;951;877;676;565;422;295;226;152;95;56;37;68
Territorio/Età;;0;1;2;3;4;5;6;7;8;9;10;11;12;13;14;15;16;17;18;19;20;21;22;23;24;25;26;27;28;29;30;31;32;33;34;35;36;37;38;39;40;41;42;43;44;45;46;47;48;49;50;51;52;53;54;55;56;57;58;59;60;61;62;63;64;65;66;67;68;69;70;71;72;73;74;75;76;77;78;79;80;81;82;83;84;85;86;87;88;89;90;91;92;93;94;95;96;97;98;99;100
Codice comune;Comune;Maschi
032001;Duino-Aurisina;33;39;35;41;34;45;26;37;37;39;36;42;37;39;33;34;35;39;26;30;29;28;29;39;41;56;39;41;62;47;85;59;67;71;80;77;76;82;72;77;69;81;73;52;63;53;66;66;54;61;67;47;57;74;70;55;77;36;52;46;52;73;70;82;87;69;58;61;49;55;55;45;41;39;37;35;32;39;27;30;27;21;18;7;4;11;5;3;7;8;5;5;2;5;3;1;1;0;0;0;1
032002;Monrupino;1;5;1;3;3;2;3;4;2;0;4;3;4;5;1;2;3;2;7;5;3;3;6;14;13;12;17;14;16;5;6;12;9;10;4;8;5;7;10;7;4;7;5;6;7;6;6;5;5;6;9;4;2;15;5;5;7;4;7;4;3;3;8;9;6;6;5;7;6;6;1;2;3;2;2;1;2;3;0;5;0;0;1;1;0;0;0;0;0;0;0;1;1;0;0;0;0;0;0;0;0
032003;Muggia;38;34;35;52;49;51;45;49;47;49;60;33;62;50;57;38;44;33;54;48;45;45;41;73;54;73;88;86;85;96;107;113;102;96;96;106;92;97;115;104;101;100;90;98;77;95;100;90;86;81;88;92;100;120;116;119;105;79;100;120;114;92;122;113;102;106;84;89;73;79;92;77;75;71;68;51;53;48;56;52;44;44;42;21;6;7;8;14;13;10;19;9;9;4;0;1;1;0;0;0;1
032004;San Dorligo della Valle-Dolina;14;22;12;23;26;21;17;24;18;26;19;23;28;17;21;31;27;16;27;22;31;20;23;44;32;26;47;34;43;39;46;50;45;57;33;48;65;38;48;38;42;45;36;44;53;48;39;43;37;42;49;31;42;60;53;59;56;28;37;38;39;52;52;56;43;41;46;39;45;38;23;26;42;23;25;21;20;11;19;32;12;14;15;10;3;0;3;4;6;3;4;7;0;3;3;0;0;0;0;0;0
032005;Sgonico;5;7;8;6;5;13;11;8;11;13;4;11;11;7;8;6;8;14;14;7;12;13;9;13;14;18;17;11;16;25;13;13;9;14;9;16;21;10;12;11;10;16;15;22;17;15;16;18;18;11;14;15;15;22;21;24;28;14;13;13;27;14;14;20;22;17;10;13;17;7;8;6;13;7;8;8;10;6;4;3;7;2;3;1;4;2;0;2;0;1;0;3;2;0;0;1;0;1;0;0;0
032006;Trieste;752;749;788;737;696;735;727;706;694;735;800;755;698;770;721;681;714;702;680;743;738;748;793;779;1019;1016;1187;1265;1473;1472;1647;1565;1585;1556;1573;1553;1651;1669;1747;1650;1570;1568;1466;1456;1369;1343;1419;1347;1312;1210;1281;1284;1354;1385;1557;1552;1607;1136;1334;1406;1396;1491;1581;1560;1500;1383;1234;1260;1178;1139;1085;1113;1178;962;930;935;859;860;796;864;840;803;725;461;212;191;169;236;311;223;200;138;116;80;56;33;16;9;6;6;8
;Totale;843;856;879;862;813;867;829;828;809;862;923;867;840;888;841;792;831;806;808;855;858;857;901;962;1173;1201;1395;1451;1695;1684;1904;1812;1817;1804;1795;1808;1910;1903;2004;1887;1796;1817;1685;1678;1586;1560;1646;1569;1512;1411;1508;1473;1570;1676;1822;1814;1880;1297;1543;1627;1631;1725;1847;1840;1760;1622;1437;1469;1368;1324;1264;1269;1352;1104;1070;1051;976;967;902;986;930;884;804;501;229;211;185;259;337;245;228;163;130;92;62;36;18;10;6;6;10
Territorio/Età;;0;1;2;3;4;5;6;7;8;9;10;11;12;13;14;15;16;17;18;19;20;21;22;23;24;25;26;27;28;29;30;31;32;33;34;35;36;37;38;39;40;41;42;43;44;45;46;47;48;49;50;51;52;53;54;55;56;57;58;59;60;61;62;63;64;65;66;67;68;69;70;71;72;73;74;75;76;77;78;79;80;81;82;83;84;85;86;87;88;89;90;91;92;93;94;95;96;97;98;99;100
Codice comune;Comune;Femmine
032001;Duino-Aurisina;36;41;40;23;26;38;53;45;35;39;40;37;34;30;37;22;25;18;24;28;37;26;30;38;29;40;36;31;41;62;67;72;51;51;78;60;77;91;74;81;81;73;58;61;47;77;48;70;60;63;47;46;67;60;55;62;73;56;59;66;71;62;81;80;79;75;72;80;53;41;48;59;65;52;48;61;47;36;53;39;41;36;28;35;13;12;5;15;17;10;18;9;14;10;6;10;4;3;2;3;0
032002;Monrupino;1;2;2;1;1;1;3;3;6;2;5;5;5;3;4;2;1;6;3;4;2;2;3;6;5;2;1;6;4;6;3;4;5;5;6;4;4;4;5;5;5;7;9;5;5;4;7;9;4;1;10;8;9;5;7;8;5;4;8;4;7;8;4;12;7;4;3;9;7;5;2;6;2;5;2;7;3;1;1;6;3;4;1;1;2;1;0;0;1;3;1;2;5;0;4;0;0;0;0;0;0
032003;Muggia;47;31;40;35;39;45;49;48;43;45;48;52;63;56;38;57;39;41;35;47;37;50;50;51;46;75;67;65;84;85;82;95;78;93;73;104;120;97;95;98;66;101;81;82;86;78;116;80;90;82;110;123;103;119;144;117;127;76;115;100;95;110;116;113;101;110;97;92;96;83;83;103;95;76;63;58;91;66;77;70;67;81;82;48;17;15;24;33;51;30;30;24;21;14;8;10;7;1;0;2;1
032004;San Dorligo della Valle-Dolina;18;18;29;20;25;14;20;30;19;26;16;21;26;29;15;19;22;23;23;29;19;23;21;21;30;34;33;25;46;47;40;34;41;37;44;53;38;57;49;46;44;44;53;52;42;45;41;29;36;42;57;40;44;53;47;42;52;28;36;42;30;42;39;56;43;38;51;50;29;32;31;35;38;42;25;37;35;27;35;33;27;26;29;24;10;10;4;11;22;14;4;3;5;7;1;2;1;1;0;0;2
032005;Sgonico;6;6;6;8;5;6;10;6;11;8;5;5;9;12;11;12;9;14;5;10;8;17;10;7;7;13;14;15;19;13;18;13;19;11;15;20;20;13;14;13;18;14;12;20;18;17;21;22;14;12;21;18;22;24;19;23;26;21;9;22;12;23;11;11;14;13;9;12;8;8;11;16;8;15;7;8;11;13;5;10;7;11;8;8;1;2;3;1;7;6;1;1;3;1;2;0;0;0;0;0;0
032006;Trieste;691;741;728;716;704;661;684;639;705;672;757;714;760;638;661;619;609;683;664;674;677;671;747;796;943;937;1196;1319;1373;1459;1527;1568;1560;1516;1560;1588;1667;1718;1674;1559;1534;1429;1425;1440;1424;1384;1329;1358;1294;1324;1361;1379;1588;1448;1623;1762;1774;1244;1523;1545;1583;1715;1858;1736;1759;1599;1503;1535;1453;1535;1475;1534;1556;1494;1375;1343;1569;1572;1485;1519;1635;1615;1629;1035;502;458;401;681;773;643;595;474;387;298;212;168;122;80;48;26;55
;Totale;799;839;845;803;800;765;819;771;819;792;871;834;897;768;766;731;705;785;754;792;780;789;861;919;1060;1101;1347;1461;1567;1672;1737;1786;1754;1713;1776;1829;1926;1980;1911;1802;1748;1668;1638;1660;1622;1605;1562;1568;1498;1524;1606;1614;1833;1709;1895;2014;2057;1429;1750;1779;1798;1960;2109;2008;2003;1839;1735;1778;1646;1704;1650;1753;1764;1684;1520;1514;1756;1715;1656;1677;1780;1773;1777;1151;545;498;437;741;871;706;649;513;435;330;233;190;134;85;50;31;58

"Ricostruzione della popolazione intercensuaria - Popolazione al 1° gennaio per età"
"Tutte le cittadinanze - Anno: 2004 - Provincia: Trieste"
Territorio/Età;;0;1;2;3;4;5;6;7;8;9;10;11;12;13;14;15;16;17;18;19;20;21;22;23;24;25;26;27;28;29;30;31;32;33;34;35;36;37;38;39;40;41;42;43;44;45;46;47;48;49;50;51;52;53;54;55;56;57;58;59;60;61;62;63;64;65;66;67;68;69;70;71;72;73;74;75;76;77;78;79;80;81;82;83;84;85;86;87;88;89;90;91;92;93;94;95;96;97;98;99;100
Codice comune;Comune;Totale
032001;Duino-Aurisina;69;92;74;76;68;61;83;82;79;72;85;76;78;68;68;70;56;59;56;50;55;65;61;65;78;72;95;86;75;102;122;145;131;116;120;151;153;153;177;143;156;157;148;129;113;113;131;111;141;122;125;117;102;122;138;127;116;152;91;114;111;125;135;153;162;163;152;134;136;98;96;101;102;100;86;81;85;76;71;78;72;61;59;42;39;14;27;6;22;22;13;20;12;9;12;7;8;4;1;1;2
032002;Monrupino;7;2;6;4;6;4;3;7;7;8;2;7;8;9;8;5;4;4;8;10;9;8;9;7;18;18;12;18;19;17;16;7;17;11;20;12;10;7;12;16;13;10;13;14;12;12;10;15;15;11;6;19;12;11;20;14;13;12;8;15;9;9;11;12;19;12;10;7;16;13;11;3;8;5;6;4;8;6;4;1;9;3;4;0;2;1;1;0;0;0;1;1;2;4;0;1;0;0;0;0;0
032003;Muggia;81;89;63;76;88;93;95;89;100;87;90;105;88;122;105;94;90;87;73;90;96;87;96;100;122;105;148;151;144;170;174;189;214;172;195;178;208;214;198;202;196;166;197;165;184;159;169;212;176;181;161;197;211;200;243;253;237;230;153;217;223;203;203;228;226;198;214;181;176;171;161;171;174;162;146;129;107;139;109;127;116;107;116;118;63;19;18;28;43;56;34;39;27;22;17;6;7;3;1;0;3
032004;San Dorligo della Valle-Dolina;52;32;42;44;49;55;36;38;56;38;54;40;44;55;46;35;54;49;37;51;52;58;43;44;62;64;63;76;54;88;81;86;91;88;101;86;102;112;98;96;87;88;95;86;98;97;96;82;74;75;84;106;71;85;111;96;100;108;57;67;80;68;96;92;111;85;76;99;91;71;75;53;60;80;64;44;55;55;34;48;60;36;30;38;30;13;8;5;11;23;15;6;4;3;8;4;0;1;1;0;0
032005;Sgonico;18;7;14;14;14;12;17;20;14;21;20;7;17;20;19;20;17;19;26;20;18;23;32;20;24;18;29;27;24;36;35;31;28;28;24;23;34;42;23;24;24;28;31;26;41;35;33;39;38;34;23;36;34;39;46;39;49;52;35;21;36;39;36;26;29;34;30;18;24;22;15;19;21;24;22;14;17;20;16;9;12;13;14;10;9;5;2;3;0;4;5;1;2;2;1;2;0;0;1;0;0
032006;Trieste;1475;1437;1502;1513;1433;1403;1416;1421;1353;1395;1418;1556;1472;1469;1405;1392;1297;1319;1400;1348;1438;1429;1446;1553;1598;2034;2013;2418;2623;2861;2953;3204;3109;3187;3086;3117;3146;3297;3368;3418;3206;3093;2980;2889;2874;2789;2725;2737;2694;2578;2510;2612;2645;2910;2819;3159;3287;3348;2350;2822;2916;2947;3174;3405;3241;3221;2928;2686;2752;2594;2618;2512;2574;2644;2380;2225;2178;2330;2327;2171;2235;2337;2260;2201;1382;654;579;487;811;937;746;654;502;410;302;204;150;106;67;42;58
;Totale;1702;1659;1701;1727;1658;1628;1650;1657;1609;1621;1669;1791;1707;1743;1651;1616;1518;1537;1600;1569;1668;1670;1687;1789;1902;2311;2360;2776;2939;3274;3381;3662;3590;3602;3546;3567;3653;3825;3876;3899;3682;3542;3464;3309;3322;3205;3164;3196;3138;3001;2909;3087;3075;3367;3377;3688;3802;3902;2694;3256;3375;3391;3655;3916;3788;3713;3410;3125;3195;2969;2976;2859;2939;3015;2704;2497;2450;2626;2561;2434;2504;2557;2483;2409;1525;706;635;529;887;1042;814;721;549;450;340;224;165;114;71;43;63
Territorio/Età;;0;1;2;3;4;5;6;7;8;9;10;11;12;13;14;15;16;17;18;19;20;21;22;23;24;25;26;27;28;29;30;31;32;33;34;35;36;37;38;39;40;41;42;43;44;45;46;47;48;49;50;51;52;53;54;55;56;57;58;59;60;61;62;63;64;65;66;67;68;69;70;71;72;73;74;75;76;77;78;79;80;81;82;83;84;85;86;87;88;89;90;91;92;93;94;95;96;97;98;99;100
Codice comune;Comune;Maschi
032001;Duino-Aurisina;40;49;35;35;44;35;44;29;34;38;45;34;41;36;39;32;34;34;38;26;29;29;30;33;41;44;55;45;43;59;51;80;61;67;66;80;81;77;87;69;72;71;76;71;53;63;55;63;68;57;63;67;50;57;75;72;54;75;35;55;45;51;72;70;82;84;77;63;56;46;56;54;44;40;37;36;26;30;37;25;27;24;19;16;5;3;11;2;8;6;7;4;5;1;3;2;0;1;0;0;1
032002;Monrupino;4;1;4;2;4;3;2;3;4;2;0;3;3;4;5;1;2;3;2;7;5;6;7;6;11;13;10;17;13;12;9;5;11;7;10;4;8;3;7;11;8;5;6;5;6;7;6;7;6;6;5;9;4;2;15;7;5;7;4;7;4;3;3;8;7;5;6;5;7;6;6;1;2;3;1;2;1;3;3;0;3;0;0;0;1;0;0;0;0;0;0;0;1;2;0;0;0;0;0;0;0
032003;Muggia;48;38;31;35;53;53;51;42;50;46;45;59;34;61;51;57;35;46;33;55;50;48;45;44;73;55;75;80;82;88;87;109;115;97;99;99;102;93;101;112;99;99;101;86;102;73;91;99;95;86;80;86;90;98;122;112;119;104;77;101;119;111;90;117;112;99;103;85;86;73;80;90;73;73;69;66;50;50;47;53;48;42;41;40;17;5;5;7;12;10;10;15;7;8;2;0;1;0;0;0;1
032004;San Dorligo della Valle-Dolina;25;15;22;13;25;28;21;18;24;19;27;23;23;27;17;20;33;27;15;28;23;34;20;23;42;31;28;45;31;42;38;44;51;46;59;38;48;70;39;47;40;44;47;37;46;53;51;41;43;39;43;49;31;41;58;50;58;56;28;34;40;37;53;52;55;42;38;47;38;44;41;22;25;42;22;22;19;20;10;14;28;9;8;12;9;3;0;2;3;6;2;4;3;0;3;3;0;0;0;0;0
032005;Sgonico;9;0;8;8;7;4;12;10;8;11;11;3;11;12;7;8;6;8;14;14;8;14;15;9;15;12;17;20;9;17;24;14;13;11;15;8;16;22;10;12;12;10;17;14;22;17;15;17;17;20;11;14;16;16;22;21;26;27;14;12;13;27;13;14;18;21;17;9;12;14;7;8;6;13;7;7;9;9;6;4;3;7;3;2;1;4;2;0;0;0;0;0;1;0;0;0;0;0;1;0;0
032006;Trieste;761;742;764;789;730;707;750;729;706;695;736;804;760;703;767;730;681;715;713;676;755;741;769;795;793;1050;1041;1203;1289;1474;1480;1650;1547;1596;1558;1576;1563;1649;1651;1744;1648;1561;1562;1463;1444;1362;1338;1410;1336;1297;1190;1263;1272;1340;1371;1537;1534;1593;1117;1308;1388;1370;1478;1556;1530;1475;1345;1194;1238;1159;1107;1064;1071;1124;920;884;884;807;812;745;796;764;745;657;421;187;163;143;211;264;184;147;113;90;63;35;22;11;4;4;5
;Totale;887;845;864;882;863;830;880;831;826;811;864;926;872;843;886;848;791;833;815;806;870;872;886;910;975;1205;1226;1410;1467;1692;1689;1902;1798;1824;1807;1805;1818;1914;1895;1995;1879;1790;1809;1676;1673;1575;1556;1637;1565;1505;1392;1488;1463;1554;1663;1799;1796;1862;1275;1517;1609;1599;1709;1817;1804;1726;1586;1403;1437;1342;1297;1239;1221;1295;1056;1017;989;919;915;841;905;846;816;727;454;202;181;154;234;286;203;170;130;101;71;40;23;12;5;4;7
Territorio/Età;;0;1;2;3;4;5;6;7;8;9;10;11;12;13;14;15;16;17;18;19;20;21;22;23;24;25;26;27;28;29;30;31;32;33;34;35;36;37;38;39;40;41;42;43;44;45;46;47;48;49;50;51;52;53;54;55;56;57;58;59;60;61;62;63;64;65;66;67;68;69;70;71;72;73;74;75;76;77;78;79;80;81;82;83;84;85;86;87;88;89;90;91;92;93;94;95;96;97;98;99;100
Codice comune;Comune;Femmine
032001;Duino-Aurisina;29;43;39;41;24;26;39;53;45;34;40;42;37;32;29;38;22;25;18;24;26;36;31;32;37;28;40;41;32;43;71;65;70;49;54;71;72;76;90;74;84;86;72;58;60;50;76;48;73;65;62;50;52;65;63;55;62;77;56;59;66;74;63;83;80;79;75;71;80;52;40;47;58;60;49;45;59;46;34;53;45;37;40;26;34;11;16;4;14;16;6;16;7;8;9;5;8;3;1;1;1
032002;Monrupino;3;1;2;2;2;1;1;4;3;6;2;4;5;5;3;4;2;1;6;3;4;2;2;1;7;5;2;1;6;5;7;2;6;4;10;8;2;4;5;5;5;5;7;9;6;5;4;8;9;5;1;10;8;9;5;7;8;5;4;8;5;6;8;4;12;7;4;2;9;7;5;2;6;2;5;2;7;3;1;1;6;3;4;0;1;1;1;0;0;0;1;1;1;2;0;1;0;0;0;0;0
032003;Muggia;33;51;32;41;35;40;44;47;50;41;45;46;54;61;54;37;55;41;40;35;46;39;51;56;49;50;73;71;62;82;87;80;99;75;96;79;106;121;97;90;97;67;96;79;82;86;78;113;81;95;81;111;121;102;121;141;118;126;76;116;104;92;113;111;114;99;111;96;90;98;81;81;101;89;77;63;57;89;62;74;68;65;75;78;46;14;13;21;31;46;24;24;20;14;15;6;6;3;1;0;2
032004;San Dorligo della Valle-Dolina;27;17;20;31;24;27;15;20;32;19;27;17;21;28;29;15;21;22;22;23;29;24;23;21;20;33;35;31;23;46;43;42;40;42;42;48;54;42;59;49;47;44;48;49;52;44;45;41;31;36;41;57;40;44;53;46;42;52;29;33;40;31;43;40;56;43;38;52;53;27;34;31;35;38;42;22;36;35;24;34;32;27;22;26;21;10;8;3;8;17;13;2;1;3;5;1;0;1;1;0;0
032005;Sgonico;9;7;6;6;7;8;5;10;6;10;9;4;6;8;12;12;11;11;12;6;10;9;17;11;9;6;12;7;15;19;11;17;15;17;9;15;18;20;13;12;12;18;14;12;19;18;18;22;21;14;12;22;18;23;24;18;23;25;21;9;23;12;23;12;11;13;13;9;12;8;8;11;15;11;15;7;8;11;10;5;9;6;11;8;8;1;0;3;0;4;5;1;1;2;1;2;0;0;0;0;0
032006;Trieste;714;695;738;724;703;696;666;692;647;700;682;752;712;766;638;662;616;604;687;672;683;688;677;758;805;984;972;1215;1334;1387;1473;1554;1562;1591;1528;1541;1583;1648;1717;1674;1558;1532;1418;1426;1430;1427;1387;1327;1358;1281;1320;1349;1373;1570;1448;1622;1753;1755;1233;1514;1528;1577;1696;1849;1711;1746;1583;1492;1514;1435;1511;1448;1503;1520;1460;1341;1294;1523;1515;1426;1439;1573;1515;1544;961;467;416;344;600;673;562;507;389;320;239;169;128;95;63;38;53
;Totale;815;814;837;845;795;798;770;826;783;810;805;865;835;900;765;768;727;704;785;763;798;798;801;879;927;1106;1134;1366;1472;1582;1692;1760;1792;1778;1739;1762;1835;1911;1981;1904;1803;1752;1655;1633;1649;1630;1608;1559;1573;1496;1517;1599;1612;1813;1714;1889;2006;2040;1419;1739;1766;1792;1946;2099;1984;1987;1824;1722;1758;1627;1679;1620;1718;1720;1648;1480;1461;1707;1646;1593;1599;1711;1667;1682;1071;504;454;375;653;756;611;551;419;349;269;184;142;102;66;39;56

"Ricostruzione della popolazione intercensuaria - Popolazione al 1° gennaio per età"
"Tutte le cittadinanze - Anno: 2005 - Provincia: Trieste"
Territorio/Età;;0;1;2;3;4;5;6;7;8;9;10;11;12;13;14;15;16;17;18;19;20;21;22;23;24;25;26;27;28;29;30;31;32;33;34;35;36;37;38;39;40;41;42;43;44;45;46;47;48;49;50;51;52;53;54;55;56;57;58;59;60;61;62;63;64;65;66;67;68;69;70;71;72;73;74;75;76;77;78;79;80;81;82;83;84;85;86;87;88;89;90;91;92;93;94;95;96;97;98;99;100
Codice comune;Comune;Totale
032001;Duino-Aurisina;62;71;86;76;75;67;61;83;79;80;70;84;72;74;67;68;71;57;63;58;47;55;64;66;61;76;68;96;88;85;100;119;148;131;118;115;150;154;144;173;143;157;150;150;132;113;117;132;114;145;117;127;119;101;127;137;129;113;148;88;110;110;124;136;156;155;161;147;127;133;95;92;98;99;99;83;83;86;73;72;72;72;58;56;44;36;13;23;5;22;18;9;16;8;6;13;4;2;4;1;4
032002;Monrupino;6;8;3;7;4;6;4;5;7;7;9;2;7;8;10;8;5;5;4;8;10;9;7;7;7;11;14;11;17;17;15;15;7;16;12;21;14;8;7;12;17;13;10;13;14;13;12;10;16;15;11;8;20;11;10;20;14;13;12;8;14;8;8;11;11;19;12;10;9;15;13;11;2;8;7;6;4;8;6;3;2;8;3;4;0;2;1;0;0;0;2;1;1;1;3;0;0;0;0;0;0
032003;Muggia;88;80;89;68;74;85;95;94;92;99;84;88;105;86;122;103;91;91;83;72;92;101;84;100;97;117;107;144;148;144;179;181;187;203;173;195;179;208;222;194;206;193;160;191;168;187;165;172;214;172;184;160;197;211;201;236;259;237;230;157;218;226;205;198;230;226;200;214;179;173;164;157;168;170;161;140;125;100;134;100;116;105;96;107;107;51;18;15;22;36;48;26;31;23;15;14;5;7;2;1;1
032004;San Dorligo della Valle-Dolina;51;50;39;42;44;49;58;36;37;58;39;52;41;43;54;45;35;53;49;37;49;52;54;45;47;59;65;62;75;54;84;80;89;91;91;106;84;100;113;100;99;93;88;95;84;99;93;95;87;73;75;83;103;69;83;108;99;101;108;57;64;83;66;96;92;105;84;77;99;89;73;74;53;57;79;62;44;55;54;36;47;55;36;29;37;27;8;8;3;13;19;11;3;3;2;7;6;0;1;0;0
032005;Sgonico;7;17;6;14;14;12;11;17;22;16;23;20;6;17;21;19;20;17;19;25;21;17;25;32;23;23;16;27;23;23;36;34;25;26;25;25;22;29;43;28;24;24;29;29;25;43;35;33;39;38;36;24;36;33;39;46;38;49;53;35;20;35;38;36;26;27;34;30;19;25;23;15;18;22;24;22;13;17;19;15;8;10;12;12;9;6;5;2;3;1;4;4;1;0;1;1;2;0;0;0;0
032006;Trieste;1596;1485;1440;1510;1517;1442;1423;1421;1428;1360;1409;1425;1561;1481;1473;1415;1398;1292;1341;1410;1367;1449;1458;1466;1567;1674;2073;2058;2445;2663;2901;2980;3220;3161;3192;3098;3153;3127;3298;3377;3408;3210;3085;2989;2877;2862;2788;2724;2722;2683;2566;2496;2609;2638;2897;2816;3140;3263;3318;2336;2804;2889;2929;3131;3359;3210;3177;2898;2635;2710;2540;2566;2460;2519;2583;2311;2138;2110;2243;2203;2055;2112;2180;2107;2046;1255;583;525;423;670;793;640;550;418;339;240;145;106;80;52;63
;Totale;1810;1711;1663;1717;1728;1661;1652;1656;1665;1620;1634;1671;1792;1709;1747;1658;1620;1515;1559;1610;1586;1683;1692;1716;1802;1960;2343;2398;2796;2986;3315;3409;3676;3628;3611;3560;3602;3626;3827;3884;3897;3690;3522;3467;3300;3317;3210;3166;3192;3126;2989;2898;3084;3063;3357;3363;3679;3776;3869;2681;3230;3351;3370;3608;3874;3742;3668;3376;3068;3145;2908;2915;2799;2875;2953;2624;2407;2376;2529;2429;2300;2362;2385;2315;2243;1377;628;573;456;742;884;691;602;453;366;275;162;115;87;54;68
Territorio/Età;;0;1;2;3;4;5;6;7;8;9;10;11;12;13;14;15;16;17;18;19;20;21;22;23;24;25;26;27;28;29;30;31;32;33;34;35;36;37;38;39;40;41;42;43;44;45;46;47;48;49;50;51;52;53;54;55;56;57;58;59;60;61;62;63;64;65;66;67;68;69;70;71;72;73;74;75;76;77;78;79;80;81;82;83;84;85;86;87;88;89;90;91;92;93;94;95;96;97;98;99;100
Codice comune;Comune;Maschi
032001;Duino-Aurisina;29;41;47;36;35;43;36;44;27;35;37;42;32;39;35;39;33;35;36;38;25;30;29;33;32;41;42;50;41;48;56;50;81;61;68;62;79;84;73;86;71;73;66;76;76;51;65;56;63;69;52;65;68;49;59;75;74;52;72;34;53;44;51;74;70;77;81;72;58;52;43;54;52;43;41;36;38;28;27;36;24;26;21;16;15;4;3;10;1;9;3;5;3;4;1;3;2;0;1;0;1
032002;Monrupino;4;4;2;5;2;4;3;2;3;4;3;0;3;3;5;5;1;2;3;2;7;5;5;7;6;4;10;9;17;11;9;9;5;11;9;11;4;6;3;7;12;8;4;6;6;6;7;6;8;6;6;7;10;3;1;15;7;5;7;4;6;4;3;3;7;7;5;6;6;7;6;6;1;2;3;1;2;1;3;3;0;4;0;0;0;1;0;0;0;0;2;0;0;1;2;0;0;0;0;0;0
032003;Muggia;49;49;37;35;35;53;55;52;45;50;44;45;59;34;63;49;57;36;46;35;55;51;44;44;43;69;56;72;81;85;91;92;104;106;98;102;98;102;100;97;114;99;97;98;87;106;74;91;103;91;89;78;85;88;97;118;114;120;107;80;102;120;112;88;119;111;97;106;83;84;70;76;87;70;71;66;63;47;46;41;46;41;36;38;34;12;4;4;6;10;9;9;11;6;6;2;0;1;0;0;0
032004;San Dorligo della Valle-Dolina;28;24;20;22;14;26;30;21;18;25;20;25;24;23;27;16;20;32;26;16;27;24;33;23;24;39;31;24;41;29;42;38;47;52;45;63;35;47;67;41;45;44;44;48;35;47;51;52;45;43;39;42;49;31;39;55;52;58;56;30;35;39;35;52;48;50;40;38;46;38;46;40;21;21;41;22;21;19;19;12;14;23;9;6;12;7;3;0;2;4;4;2;3;2;0;3;3;0;0;0;0
032005;Sgonico;4;8;0;7;9;6;4;12;11;10;13;12;2;11;13;7;8;6;8;13;15;8;15;15;11;13;10;18;16;9;16;23;9;11;9;15;7;14;24;11;12;12;10;16;13;23;18;14;17;16;21;12;15;16;16;23;21;25;28;15;12;13;26;13;14;16;21;17;10;12;15;7;8;7;13;7;6;9;9;5;4;4;7;2;2;1;4;2;0;0;0;0;0;0;0;0;0;0;0;0;0
032006;Trieste;838;760;748;773;794;733;720;753;731;711;699;739;811;765;703;771;732;677;727;716;685;754;756;769;803;830;1072;1061;1219;1309;1493;1475;1659;1565;1590;1567;1604;1554;1647;1659;1731;1652;1557;1568;1459;1434;1362;1334;1400;1333;1287;1176;1261;1272;1337;1365;1526;1519;1573;1106;1293;1371;1364;1446;1524;1505;1438;1329;1166;1211;1129;1077;1030;1042;1096;880;837;847;768;754;706;739;694;684;598;366;161;143;119;173;215;139;113;89;68;48;24;13;7;1;5
;Totale;952;886;854;878;889;865;848;884;835;835;816;863;931;875;846;887;851;788;846;820;814;872;882;891;919;996;1221;1234;1415;1491;1707;1687;1905;1806;1819;1820;1827;1807;1914;1901;1985;1888;1778;1812;1676;1667;1577;1553;1636;1558;1494;1380;1488;1459;1549;1651;1794;1779;1843;1269;1501;1591;1591;1676;1782;1766;1682;1568;1369;1404;1309;1260;1199;1185;1265;1012;967;951;872;851;794;837;767;746;661;391;175;159;128;196;233;155;130;102;77;56;29;14;8;1;6
Territorio/Età;;0;1;2;3;4;5;6;7;8;9;10;11;12;13;14;15;16;17;18;19;20;21;22;23;24;25;26;27;28;29;30;31;32;33;34;35;36;37;38;39;40;41;42;43;44;45;46;47;48;49;50;51;52;53;54;55;56;57;58;59;60;61;62;63;64;65;66;67;68;69;70;71;72;73;74;75;76;77;78;79;80;81;82;83;84;85;86;87;88;89;90;91;92;93;94;95;96;97;98;99;100
Codice comune;Comune;Femmine
032001;Duino-Aurisina;33;30;39;40;40;24;25;39;52;45;33;42;40;35;32;29;38;22;27;20;22;25;35;33;29;35;26;46;47;37;44;69;67;70;50;53;71;70;71;87;72;84;84;74;56;62;52;76;51;76;65;62;51;52;68;62;55;61;76;54;57;66;73;62;86;78;80;75;69;81;52;38;46;56;58;47;45;58;46;36;48;46;37;40;29;32;10;13;4;13;15;4;13;4;5;10;2;2;3;1;3
032002;Monrupino;2;4;1;2;2;2;1;3;4;3;6;2;4;5;5;3;4;3;1;6;3;4;2;0;1;7;4;2;0;6;6;6;2;5;3;10;10;2;4;5;5;5;6;7;8;7;5;4;8;9;5;1;10;8;9;5;7;8;5;4;8;4;5;8;4;12;7;4;3;8;7;5;1;6;4;5;2;7;3;0;2;4;3;4;0;1;1;0;0;0;0;1;1;0;1;0;0;0;0;0;0
032003;Muggia;39;31;52;33;39;32;40;42;47;49;40;43;46;52;59;54;34;55;37;37;37;50;40;56;54;48;51;72;67;59;88;89;83;97;75;93;81;106;122;97;92;94;63;93;81;81;91;81;111;81;95;82;112;123;104;118;145;117;123;77;116;106;93;110;111;115;103;108;96;89;94;81;81;100;90;74;62;53;88;59;70;64;60;69;73;39;14;11;16;26;39;17;20;17;9;12;5;6;2;1;1
032004;San Dorligo della Valle-Dolina;23;26;19;20;30;23;28;15;19;33;19;27;17;20;27;29;15;21;23;21;22;28;21;22;23;20;34;38;34;25;42;42;42;39;46;43;49;53;46;59;54;49;44;47;49;52;42;43;42;30;36;41;54;38;44;53;47;43;52;27;29;44;31;44;44;55;44;39;53;51;27;34;32;36;38;40;23;36;35;24;33;32;27;23;25;20;5;8;1;9;15;9;0;1;2;4;3;0;1;0;0
032005;Sgonico;3;9;6;7;5;6;7;5;11;6;10;8;4;6;8;12;12;11;11;12;6;9;10;17;12;10;6;9;7;14;20;11;16;15;16;10;15;15;19;17;12;12;19;13;12;20;17;19;22;22;15;12;21;17;23;23;17;24;25;20;8;22;12;23;12;11;13;13;9;13;8;8;10;15;11;15;7;8;10;10;4;6;5;10;7;5;1;0;3;1;4;4;1;0;1;1;2;0;0;0;0
032006;Trieste;758;725;692;737;723;709;703;668;697;649;710;686;750;716;770;644;666;615;614;694;682;695;702;697;764;844;1001;997;1226;1354;1408;1505;1561;1596;1602;1531;1549;1573;1651;1718;1677;1558;1528;1421;1418;1428;1426;1390;1322;1350;1279;1320;1348;1366;1560;1451;1614;1744;1745;1230;1511;1518;1565;1685;1835;1705;1739;1569;1469;1499;1411;1489;1430;1477;1487;1431;1301;1263;1475;1449;1349;1373;1486;1423;1448;889;422;382;304;497;578;501;437;329;271;192;121;93;73;51;58
;Totale;858;825;809;839;839;796;804;772;830;785;818;808;861;834;901;771;769;727;713;790;772;811;810;825;883;964;1122;1164;1381;1495;1608;1722;1771;1822;1792;1740;1775;1819;1913;1983;1912;1802;1744;1655;1624;1650;1633;1613;1556;1568;1495;1518;1596;1604;1808;1712;1885;1997;2026;1412;1729;1760;1779;1932;2092;1976;1986;1808;1699;1741;1599;1655;1600;1690;1688;1612;1440;1425;1657;1578;1506;1525;1618;1569;1582;986;453;414;328;546;651;536;472;351;289;219;133;101;79;53;62

"Ricostruzione della popolazione intercensuaria - Popolazione al 1° gennaio per età"
"Tutte le cittadinanze - Anno: 2006 - Provincia: Trieste"
Territorio/Età;;0;1;2;3;4;5;6;7;8;9;10;11;12;13;14;15;16;17;18;19;20;21;22;23;24;25;26;27;28;29;30;31;32;33;34;35;36;37;38;39;40;41;42;43;44;45;46;47;48;49;50;51;52;53;54;55;56;57;58;59;60;61;62;63;64;65;66;67;68;69;70;71;72;73;74;75;76;77;78;79;80;81;82;83;84;85;86;87;88;89;90;91;92;93;94;95;96;97;98;99;100
Codice comune;Comune;Totale
032001;Duino-Aurisina;57;70;70;83;77;81;71;60;83;77;80;66;83;68;72;67;62;71;58;60;56;46;53;64;62;69;71;66;93;80;90;102;110;139;131;115;116;150;154;146;181;149;154;150;149;130;115;116;134;111;153;113;126;120;98;127;131;127;111;148;89;109;110;128;136;153;153;159;146;123;126;96;90;99;95;97;79;78;83;71;69;67;68;55;52;41;33;10;17;8;17;18;9;12;7;5;10;2;2;4;2
032002;Monrupino;4;7;8;3;9;7;6;6;5;8;6;8;4;7;6;10;8;5;5;4;8;10;10;9;6;7;8;8;7;15;15;15;13;6;16;15;20;15;11;7;13;17;13;10;13;12;14;11;10;16;15;11;8;19;12;10;20;15;13;14;8;13;8;8;11;12;18;12;10;9;16;12;11;2;8;7;6;4;9;6;2;2;8;3;4;1;2;0;0;0;0;1;2;1;1;3;0;0;0;0;0
032003;Muggia;68;89;81;93;72;77;90;95;95;91;105;84;87;104;88;121;106;90;92;87;76;90;100;85;104;93;120;106;143;148;141;169;184;193;208;174;191;177;212;224;192;211;191;165;199;172;185;169;174;212;177;181;165;201;209;203;235;259;238;229;157;218;222;209;198;225;227;200;213;182;174;159;156;167;167;157;137;124;97;127;101;109;100;90;103;95;45;17;17;18;35;43;23;22;18;13;10;2;4;2;2
032004;San Dorligo della Valle-Dolina;41;56;52;41;48;45;50;56;34;38;57;37;53;44;43;55;45;37;54;50;38;43;52;53;44;46;56;63;60;77;60;89;86;88;90;92;112;85;95;118;98;99;97;89;97;91;98;91;95;85;75;76;86;104;68;84;112;100;103;110;58;63;85;67;93;91;105;83;75;96;88;73;73;51;57;76;61;40;55;55;37;44;50;32;27;30;24;8;8;2;12;14;8;2;2;1;6;4;0;0;0
032005;Sgonico;4;9;15;7;13;13;11;10;16;21;14;25;19;7;18;19;19;20;20;20;25;21;17;22;30;23;23;15;29;28;20;31;31;27;23;24;27;23;28;40;28;24;27;30;31;25;40;37;35;42;39;37;24;34;33;39;46;38;47;53;38;23;35;37;38;26;27;34;30;19;25;22;15;18;22;24;19;13;17;18;14;8;6;10;12;9;5;4;2;3;0;0;4;1;0;1;0;2;0;0;0
032006;Trieste;1480;1582;1480;1438;1507;1519;1445;1426;1443;1431;1359;1427;1430;1573;1494;1494;1425;1409;1299;1361;1419;1395;1481;1485;1485;1597;1715;2069;2088;2450;2668;2894;2985;3209;3161;3172;3084;3146;3121;3284;3373;3404;3208;3071;2975;2874;2862;2771;2708;2708;2665;2557;2496;2580;2623;2870;2795;3120;3252;3296;2302;2788;2857;2891;3084;3339;3173;3137;2865;2593;2671;2487;2509;2385;2447;2494;2264;2059;2026;2148;2107;1943;1980;2020;1944;1854;1135;518;478;361;576;648;534;464;338;270;195;104;73;55;78
;Totale;1654;1813;1706;1665;1726;1742;1673;1653;1676;1666;1621;1647;1676;1803;1721;1766;1665;1632;1528;1582;1622;1605;1713;1718;1731;1835;1993;2327;2420;2798;2994;3300;3409;3662;3629;3592;3550;3596;3621;3819;3885;3904;3690;3515;3464;3304;3314;3195;3156;3174;3124;2975;2905;3058;3043;3333;3339;3659;3764;3850;2652;3214;3317;3340;3560;3846;3703;3625;3339;3022;3100;2849;2854;2722;2796;2855;2566;2318;2287;2425;2330;2173;2212;2210;2142;2030;1244;557;522;392;640;724;580;502;366;293;221;114;79;61;82
Territorio/Età;;0;1;2;3;4;5;6;7;8;9;10;11;12;13;14;15;16;17;18;19;20;21;22;23;24;25;26;27;28;29;30;31;32;33;34;35;36;37;38;39;40;41;42;43;44;45;46;47;48;49;50;51;52;53;54;55;56;57;58;59;60;61;62;63;64;65;66;67;68;69;70;71;72;73;74;75;76;77;78;79;80;81;82;83;84;85;86;87;88;89;90;91;92;93;94;95;96;97;98;99;100
Codice comune;Comune;Maschi
032001;Duino-Aurisina;35;34;40;43;38;39;47;36;46;26;35;36;40;30;37;34;36;34;36;34;38;25;30;28;28;37;36;40;48;34;49;58;47;74;61;65;62;76;85;73;91;74;73;68;76;74;52;67;57;60;74;52;66;68;48;60;73;72;52;73;34;51;41;51;74;68;76;80;72;54;45;45;52;52;40;40;32;33;28;27;33;24;24;21;13;15;3;1;5;1;6;4;5;1;3;1;3;1;0;1;1
032002;Monrupino;3;4;4;2;7;2;4;5;2;3;3;2;0;3;3;5;5;1;2;3;2;7;6;6;6;6;1;6;5;14;9;9;9;3;10;11;11;6;7;3;8;12;8;4;6;5;7;6;6;8;6;6;7;9;4;1;15;7;5;8;4;5;4;3;3;8;6;5;6;6;8;6;6;1;2;3;1;2;1;3;2;0;3;0;0;1;1;0;0;0;0;1;0;0;1;2;0;0;0;0;0
032003;Muggia;38;46;51;39;37;37;55;55;52;45;53;43;46;59;34;62;49;55;34;47;37;55;56;44;48;43;69;54;73;77;78;82;93;104;112;93;105;96;99;101;95;119;98;101;101;91;105;77;93;105;94;84;81;89;88;98;116;116;120;106;79;102;117;117;85;118;112;96;103;82;84;67;75;86;71;66;63;62;47;42;41;44;37;32;36;29;9;4;5;3;11;7;9;6;3;6;2;0;0;0;0
032004;San Dorligo della Valle-Dolina;22;34;25;21;25;15;27;30;19;18;26;19;26;25;23;28;16;21;32;27;17;25;24;30;22;22;37;30;22;39;32;40;43;45;53;48;65;33;44;72;42;44;47;46;50;39;46;49;52;44;44;40;45;51;31;39;58;53;58;58;30;36;41;36;50;48;51;39;36;46;37;45;39;21;21;40;20;19;19;17;13;15;21;8;6;7;7;3;0;2;4;4;2;2;1;0;3;3;0;0;0
032005;Sgonico;2;5;8;1;6;9;6;4;11;9;9;15;11;4;11;13;7;8;6;8;13;15;8;12;13;12;14;11;19;17;7;14;21;11;9;8;15;8;13;21;12;12;13;11;17;14;22;19;16;19;16;21;11;13;16;16;24;21;24;27;17;13;13;25;15;14;15;21;17;10;12;14;7;8;7;13;5;6;9;9;6;4;2;7;2;3;1;3;2;0;0;0;0;0;0;0;0;0;0;0;0
032006;Trieste;787;827;755;744;767;790;737;720;766;727;713;708;743;817;773;719;776;736;682;741;718;700;776;761;783;817;849;1069;1069;1210;1300;1485;1485;1652;1541;1580;1547;1610;1558;1633;1651;1717;1655;1545;1547;1448;1434;1344;1329;1392;1319;1287;1173;1240;1263;1327;1351;1511;1506;1565;1092;1283;1356;1343;1420;1511;1483;1422;1309;1143;1187;1099;1050;987;1004;1039;858;806;802;732;699;657;679;636;613;516;325;144;132;104;153;168;116;93;66;53;39;17;8;5;4
;Totale;887;950;883;850;880;892;876;850;896;828;839;823;866;938;881;861;889;855;792;860;825;827;900;881;900;937;1006;1210;1236;1391;1475;1688;1698;1889;1786;1805;1805;1829;1806;1903;1899;1978;1894;1775;1797;1671;1666;1562;1553;1628;1553;1490;1383;1470;1450;1541;1637;1780;1765;1837;1256;1490;1572;1575;1647;1767;1743;1663;1543;1341;1373;1276;1229;1155;1145;1201;979;928;906;830;794;744;766;704;670;571;346;155;144;110;174;184;132;102;74;62;47;21;8;6;5
Territorio/Età;;0;1;2;3;4;5;6;7;8;9;10;11;12;13;14;15;16;17;18;19;20;21;22;23;24;25;26;27;28;29;30;31;32;33;34;35;36;37;38;39;40;41;42;43;44;45;46;47;48;49;50;51;52;53;54;55;56;57;58;59;60;61;62;63;64;65;66;67;68;69;70;71;72;73;74;75;76;77;78;79;80;81;82;83;84;85;86;87;88;89;90;91;92;93;94;95;96;97;98;99;100
Codice comune;Comune;Femmine
032001;Duino-Aurisina;22;36;30;40;39;42;24;24;37;51;45;30;43;38;35;33;26;37;22;26;18;21;23;36;34;32;35;26;45;46;41;44;63;65;70;50;54;74;69;73;90;75;81;82;73;56;63;49;77;51;79;61;60;52;50;67;58;55;59;75;55;58;69;77;62;85;77;79;74;69;81;51;38;47;55;57;47;45;55;44;36;43;44;34;39;26;30;9;12;7;11;14;4;11;4;4;7;1;2;3;1
032002;Monrupino;1;3;4;1;2;5;2;1;3;5;3;6;4;4;3;5;3;4;3;1;6;3;4;3;0;1;7;2;2;1;6;6;4;3;6;4;9;9;4;4;5;5;5;6;7;7;7;5;4;8;9;5;1;10;8;9;5;8;8;6;4;8;4;5;8;4;12;7;4;3;8;6;5;1;6;4;5;2;8;3;0;2;5;3;4;0;1;0;0;0;0;0;2;1;0;1;0;0;0;0;0
032003;Muggia;30;43;30;54;35;40;35;40;43;46;52;41;41;45;54;59;57;35;58;40;39;35;44;41;56;50;51;52;70;71;63;87;91;89;96;81;86;81;113;123;97;92;93;64;98;81;80;92;81;107;83;97;84;112;121;105;119;143;118;123;78;116;105;92;113;107;115;104;110;100;90;92;81;81;96;91;74;62;50;85;60;65;63;58;67;66;36;13;12;15;24;36;14;16;15;7;8;2;4;2;2
032004;San Dorligo della Valle-Dolina;19;22;27;20;23;30;23;26;15;20;31;18;27;19;20;27;29;16;22;23;21;18;28;23;22;24;19;33;38;38;28;49;43;43;37;44;47;52;51;46;56;55;50;43;47;52;52;42;43;41;31;36;41;53;37;45;54;47;45;52;28;27;44;31;43;43;54;44;39;50;51;28;34;30;36;36;41;21;36;38;24;29;29;24;21;23;17;5;8;0;8;10;6;0;1;1;3;1;0;0;0
032005;Sgonico;2;4;7;6;7;4;5;6;5;12;5;10;8;3;7;6;12;12;14;12;12;6;9;10;17;11;9;4;10;11;13;17;10;16;14;16;12;15;15;19;16;12;14;19;14;11;18;18;19;23;23;16;13;21;17;23;22;17;23;26;21;10;22;12;23;12;12;13;13;9;13;8;8;10;15;11;14;7;8;9;8;4;4;3;10;6;4;1;0;3;0;0;4;1;0;1;0;2;0;0;0
032006;Trieste;693;755;725;694;740;729;708;706;677;704;646;719;687;756;721;775;649;673;617;620;701;695;705;724;702;780;866;1000;1019;1240;1368;1409;1500;1557;1620;1592;1537;1536;1563;1651;1722;1687;1553;1526;1428;1426;1428;1427;1379;1316;1346;1270;1323;1340;1360;1543;1444;1609;1746;1731;1210;1505;1501;1548;1664;1828;1690;1715;1556;1450;1484;1388;1459;1398;1443;1455;1406;1253;1224;1416;1408;1286;1301;1384;1331;1338;810;374;346;257;423;480;418;371;272;217;156;87;65;50;74
;Totale;767;863;823;815;846;850;797;803;780;838;782;824;810;865;840;905;776;777;736;722;797;778;813;837;831;898;987;1117;1184;1407;1519;1612;1711;1773;1843;1787;1745;1767;1815;1916;1986;1926;1796;1740;1667;1633;1648;1633;1603;1546;1571;1485;1522;1588;1593;1792;1702;1879;1999;2013;1396;1724;1745;1765;1913;2079;1960;1962;1796;1681;1727;1573;1625;1567;1651;1654;1587;1390;1381;1595;1536;1429;1446;1506;1472;1459;898;402;378;282;466;540;448;400;292;231;174;93;71;55;77

"Ricostruzione della popolazione intercensuaria - Popolazione al 1° gennaio per età"
"Tutte le cittadinanze - Anno: 2007 - Provincia: Trieste"
Territorio/Età;;0;1;2;3;4;5;6;7;8;9;10;11;12;13;14;15;16;17;18;19;20;21;22;23;24;25;26;27;28;29;30;31;32;33;34;35;36;37;38;39;40;41;42;43;44;45;46;47;48;49;50;51;52;53;54;55;56;57;58;59;60;61;62;63;64;65;66;67;68;69;70;71;72;73;74;75;76;77;78;79;80;81;82;83;84;85;86;87;88;89;90;91;92;93;94;95;96;97;98;99;100
Codice comune;Comune;Totale
032001;Duino-Aurisina;64;57;75;68;81;76;83;73;57;87;74;81;67;80;70;71;63;63;72;59;56;57;44;50;65;58;61;68;65;90;78;90;108;102;148;139;113;116;149;150;148;181;143;156;152;150;131;113;113;133;114;152;112;126;118;97;129;133;124;116;152;91;109;110;130;136;154;153;153;144;121;129;97;88;92;94;96;76;80;82;69;68;65;62;44;51;40;32;9;16;8;12;13;7;12;4;3;11;2;2;6
032002;Monrupino;12;5;7;8;4;9;8;6;6;4;8;7;7;4;8;6;11;7;5;5;4;8;11;10;8;5;8;9;4;8;12;12;18;12;3;16;14;19;15;13;8;14;18;13;10;15;12;13;10;10;16;14;13;9;19;12;11;20;14;13;14;7;13;8;8;13;12;15;14;10;8;16;13;11;2;8;6;6;4;8;4;2;2;8;3;3;0;1;0;0;1;0;1;1;1;1;3;0;0;0;0
032003;Muggia;106;74;96;86;91;74;80;94;98;100;90;106;83;91;106;90;121;104;93;91;85;79;93;102;91;111;91;118;113;150;148;144;174;193;204;218;188;208;184;221;226;199;219;192;171;201;174;185;171;176;210;177;185;172;202;207;202;233;261;243;230;157;223;221;210;202;224;225;198;208;182;172;160;156;163;165;152;135;119;92;118;89;106;97;82;94;87;41;14;12;14;32;34;22;17;11;6;7;2;2;4
032004;San Dorligo della Valle-Dolina;38;40;55;56;46;47;47;50;57;35;39;55;37;52;44;42;54;42;38;52;49;36;46;54;56;45;47;58;62;55;70;62;90;87;84;93;95;109;88;94;113;93;103;97;87;101;87;101;96;98;87;76;77;90;103;68;81;112;98;105;109;59;62;80;65;85;91;100;79;76;93;88;75;68;52;57;76;59;42;49;55;37;42;45;33;24;31;23;6;3;2;8;13;7;4;4;0;5;4;0;0
032005;Sgonico;15;4;11;16;7;13;15;11;10;14;21;14;23;17;7;18;20;21;20;21;19;25;21;17;22;32;21;25;14;24;29;22;31;30;25;22;22;24;24;29;41;26;23;27;28;30;25;36;32;36;41;36;36;25;35;33;39;49;37;49;52;36;20;35;38;39;27;27;33;30;18;25;22;15;17;20;24;20;12;16;17;13;8;7;12;13;5;5;4;2;3;0;0;3;1;1;0;0;1;0;0
032006;Trieste;1537;1482;1566;1468;1441;1508;1515;1446;1427;1449;1431;1374;1441;1439;1575;1514;1515;1444;1420;1337;1384;1438;1417;1514;1516;1534;1641;1747;2091;2111;2486;2670;2904;2964;3215;3139;3158;3091;3131;3109;3278;3376;3401;3210;3048;2967;2870;2858;2764;2709;2718;2657;2543;2496;2574;2602;2836;2763;3107;3210;3270;2277;2766;2812;2857;3048;3285;3140;3082;2821;2571;2613;2454;2444;2328;2378;2430;2184;1992;1956;2069;2000;1831;1867;1851;1759;1668;1009;453;421;317;488;542;436;375;261;205;146;75;43;90
;Totale;1772;1662;1810;1702;1670;1727;1748;1680;1655;1689;1663;1637;1658;1683;1810;1741;1784;1681;1648;1565;1597;1643;1632;1747;1758;1785;1869;2025;2349;2438;2823;3000;3325;3388;3679;3627;3590;3567;3591;3616;3814;3889;3907;3695;3496;3464;3299;3306;3186;3162;3186;3112;2966;2918;3051;3019;3298;3310;3641;3736;3827;2627;3193;3266;3308;3523;3793;3660;3559;3289;2993;3043;2821;2782;2654;2722;2784;2480;2249;2203;2332;2209;2054;2086;2025;1944;1831;1111;486;454;345;540;603;476;410;282;217;169;84;47;100
Territorio/Età;;0;1;2;3;4;5;6;7;8;9;10;11;12;13;14;15;16;17;18;19;20;21;22;23;24;25;26;27;28;29;30;31;32;33;34;35;36;37;38;39;40;41;42;43;44;45;46;47;48;49;50;51;52;53;54;55;56;57;58;59;60;61;62;63;64;65;66;67;68;69;70;71;72;73;74;75;76;77;78;79;80;81;82;83;84;85;86;87;88;89;90;91;92;93;94;95;96;97;98;99;100
Codice comune;Comune;Maschi
032001;Duino-Aurisina;25;31;38;38;41;36;39;48;35;50;26;36;36;37;32;36;34;38;36;36;30;39;24;29;28;28;31;33;40;46;35;46;60;42;78;67;64;62;77;82;74;88;70;77;68;79;74;51;64;57;61;75;49;66;68;48;63;76;71;55;75;37;49;39;52;72;67;75;76;74;53;46;44;51;45;40;39;28;33;27;27;33;22;21;15;11;14;3;1;3;1;4;2;4;1;1;1;3;1;0;2
032002;Monrupino;6;4;4;5;2;6;2;4;5;1;3;3;2;0;3;3;5;5;1;2;3;2;7;6;7;5;7;2;4;4;10;6;10;7;0;10;10;12;6;8;3;8;13;8;4;8;5;7;6;6;8;5;7;7;9;5;2;15;7;5;9;4;5;4;3;4;8;6;7;6;5;8;6;6;1;2;3;1;2;1;3;2;0;3;0;0;0;1;0;0;0;0;1;0;0;1;2;0;0;0;0
032003;Muggia;50;40;50;54;42;39;39;58;57;54;47;54;42;47;60;36;62;48;56;34;46;38;57;55;49;51;45;70;56;76;77;78;83;94;106;113;96;117;95;100;100;97;119;99;105;103;93;104;77;93;104;92;90;83;88;87;101;114;113;123;107;78;105;114;118;88;119;111;94;101;81;81;68;76;84;67;63;61;60;44;34;37;43;36;29;33;28;7;3;3;1;10;5;7;5;2;2;1;0;0;0
032004;San Dorligo della Valle-Dolina;14;23;33;26;22;25;17;27;29;19;18;24;19;23;25;22;28;15;21;31;25;17;27;25;32;24;20;38;30;19;37;31;43;46;39;56;50;64;35;45;68;40;48;46;46;52;36;48;53;54;45;44;41;48;50;30;36;60;51;59;56;30;34;39;34;48;49;49;36;36;45;37;45;36;21;22;39;19;21;16;18;13;14;18;9;6;9;7;3;0;1;3;3;1;3;1;0;3;3;0;0
032005;Sgonico;7;2;5;9;1;6;10;6;4;9;9;9;14;11;4;11;13;7;8;7;7;13;15;8;12;14;12;13;10;15;16;9;14;21;11;10;7;14;10;14;20;10;11;13;9;16;14;22;17;17;18;15;20;11;14;16;16;25;21;23;26;16;9;13;26;16;15;15;21;17;10;12;14;7;7;7;13;5;6;8;8;6;4;3;7;2;2;1;3;2;0;0;0;0;0;1;0;0;0;0;0
032006;Trieste;783;792;828;753;744;765;791;739;717;763;723;715;718;755;822;780;729;783;744;704;750;727;709;795;763;803;830;865;1066;1073;1233;1299;1485;1469;1654;1531;1571;1543;1595;1551;1627;1652;1707;1652;1529;1535;1445;1424;1340;1332;1393;1312;1271;1169;1234;1254;1303;1329;1506;1484;1550;1077;1263;1332;1328;1387;1472;1454;1395;1275;1134;1154;1070;1018;961;958;1001;817;772;771;689;656;599;642;566;540;450;277;121;106;88;126;140;90;72;46;35;27;11;5;7
;Totale;885;892;958;885;852;877;898;882;847;896;826;841;831;873;946;888;871;896;866;814;861;836;839;918;891;925;945;1021;1206;1233;1408;1469;1695;1679;1888;1787;1798;1812;1818;1800;1892;1895;1968;1895;1761;1793;1667;1656;1557;1559;1629;1543;1478;1384;1463;1440;1521;1619;1769;1749;1823;1242;1465;1541;1561;1615;1730;1710;1629;1509;1328;1338;1247;1194;1119;1096;1158;931;894;867;779;747;682;723;626;592;503;296;131;114;91;143;151;102;81;52;40;34;15;5;9
Territorio/Età;;0;1;2;3;4;5;6;7;8;9;10;11;12;13;14;15;16;17;18;19;20;21;22;23;24;25;26;27;28;29;30;31;32;33;34;35;36;37;38;39;40;41;42;43;44;45;46;47;48;49;50;51;52;53;54;55;56;57;58;59;60;61;62;63;64;65;66;67;68;69;70;71;72;73;74;75;76;77;78;79;80;81;82;83;84;85;86;87;88;89;90;91;92;93;94;95;96;97;98;99;100
Codice comune;Comune;Femmine
032001;Duino-Aurisina;39;26;37;30;40;40;44;25;22;37;48;45;31;43;38;35;29;25;36;23;26;18;20;21;37;30;30;35;25;44;43;44;48;60;70;72;49;54;72;68;74;93;73;79;84;71;57;62;49;76;53;77;63;60;50;49;66;57;53;61;77;54;60;71;78;64;87;78;77;70;68;83;53;37;47;54;57;48;47;55;42;35;43;41;29;40;26;29;8;13;7;8;11;3;11;3;2;8;1;2;4
032002;Monrupino;6;1;3;3;2;3;6;2;1;3;5;4;5;4;5;3;6;2;4;3;1;6;4;4;1;0;1;7;0;4;2;6;8;5;3;6;4;7;9;5;5;6;5;5;6;7;7;6;4;4;8;9;6;2;10;7;9;5;7;8;5;3;8;4;5;9;4;9;7;4;3;8;7;5;1;6;3;5;2;7;1;0;2;5;3;3;0;0;0;0;1;0;0;1;1;0;1;0;0;0;0
032003;Muggia;56;34;46;32;49;35;41;36;41;46;43;52;41;44;46;54;59;56;37;57;39;41;36;47;42;60;46;48;57;74;71;66;91;99;98;105;92;91;89;121;126;102;100;93;66;98;81;81;94;83;106;85;95;89;114;120;101;119;148;120;123;79;118;107;92;114;105;114;104;107;101;91;92;80;79;98;89;74;59;48;84;52;63;61;53;61;59;34;11;9;13;22;29;15;12;9;4;6;2;2;4
032004;San Dorligo della Valle-Dolina;24;17;22;30;24;22;30;23;28;16;21;31;18;29;19;20;26;27;17;21;24;19;19;29;24;21;27;20;32;36;33;31;47;41;45;37;45;45;53;49;45;53;55;51;41;49;51;53;43;44;42;32;36;42;53;38;45;52;47;46;53;29;28;41;31;37;42;51;43;40;48;51;30;32;31;35;37;40;21;33;37;24;28;27;24;18;22;16;3;3;1;5;10;6;1;3;0;2;1;0;0
032005;Sgonico;8;2;6;7;6;7;5;5;6;5;12;5;9;6;3;7;7;14;12;14;12;12;6;9;10;18;9;12;4;9;13;13;17;9;14;12;15;10;14;15;21;16;12;14;19;14;11;14;15;19;23;21;16;14;21;17;23;24;16;26;26;20;11;22;12;23;12;12;12;13;8;13;8;8;10;13;11;15;6;8;9;7;4;4;5;11;3;4;1;0;3;0;0;3;1;0;0;0;1;0;0
032006;Trieste;754;690;738;715;697;743;724;707;710;686;708;659;723;684;753;734;786;661;676;633;634;711;708;719;753;731;811;882;1025;1038;1253;1371;1419;1495;1561;1608;1587;1548;1536;1558;1651;1724;1694;1558;1519;1432;1425;1434;1424;1377;1325;1345;1272;1327;1340;1348;1533;1434;1601;1726;1720;1200;1503;1480;1529;1661;1813;1686;1687;1546;1437;1459;1384;1426;1367;1420;1429;1367;1220;1185;1380;1344;1232;1225;1285;1219;1218;732;332;315;229;362;402;346;303;215;170;119;64;38;83
;Totale;887;770;852;817;818;850;850;798;808;793;837;796;827;810;864;853;913;785;782;751;736;807;793;829;867;860;924;1004;1143;1205;1415;1531;1630;1709;1791;1840;1792;1755;1773;1816;1922;1994;1939;1800;1735;1671;1632;1650;1629;1603;1557;1569;1488;1534;1588;1579;1777;1691;1872;1987;2004;1385;1728;1725;1747;1908;2063;1950;1930;1780;1665;1705;1574;1588;1535;1626;1626;1549;1355;1336;1553;1462;1372;1363;1399;1352;1328;815;355;340;254;397;452;374;329;230;177;135;69;42;91

"Ricostruzione della popolazione intercensuaria - Popolazione al 1° gennaio per età"
"Tutte le cittadinanze - Anno: 2008 - Provincia: Trieste"
Territorio/Età;;0;1;2;3;4;5;6;7;8;9;10;11;12;13;14;15;16;17;18;19;20;21;22;23;24;25;26;27;28;29;30;31;32;33;34;35;36;37;38;39;40;41;42;43;44;45;46;47;48;49;50;51;52;53;54;55;56;57;58;59;60;61;62;63;64;65;66;67;68;69;70;71;72;73;74;75;76;77;78;79;80;81;82;83;84;85;86;87;88;89;90;91;92;93;94;95;96;97;98;99;100
Codice comune;Comune;Totale
032001;Duino-Aurisina;68;69;59;70;68;78;73;79;75;51;87;75;82;63;80;68;70;61;63;71;55;53;54;41;49;64;55;63;67;75;90;78;89;110;99;147;138;115;122;146;148;152;175;148;151;149;146;131;116;113;134;110;148;109;123;116;96;129;126;126;118;151;89;110;107;129;134;151;151;154;141;119;127;95;90;80;89;92;74;79;80;69;66;65;57;44;44;34;26;9;12;8;9;9;6;8;3;1;7;2;6
032002;Monrupino;5;10;6;5;10;6;10;8;6;6;7;8;8;7;5;9;6;11;8;6;4;4;8;10;10;9;5;7;8;4;8;13;13;20;10;4;16;13;21;17;13;11;14;16;11;10;16;13;13;9;10;16;14;13;10;21;12;14;20;14;13;15;11;13;8;8;12;12;14;13;10;10;14;13;10;2;8;6;6;4;7;4;5;2;8;2;2;0;1;0;0;1;0;1;1;2;1;3;0;0;0
032003;Muggia;91;108;77;102;89;97;80;79;99;101;100;94;110;81;91;104;89;123;108;92;87;87;79;92;105;92;109;90;111;113;152;149;137;175;196;199;220;200;202;189;219;235;204;216;192;177;199;172;187;170;173;216;179;187;169;200;206;197;232;258;246;224;152;219;214;206;204;223;218;193;208;181;170;158;153;159;158;151;128;119;92;117;87;101;89;73;84;81;35;12;10;10;19;29;16;13;8;4;5;0;6
032004;San Dorligo della Valle-Dolina;34;42;43;57;57;47;48;46;50;53;37;41;51;38;50;44;41;56;44;36;53;50;39;45;52;56;43;46;55;67;52;71;60;95;89;80;88;93;107;95;94;114;93;105;102;95;104;86;102;95;101;86;78;77;92;103;71;81;109;99;101;109;57;64;75;60;87;88;96;80;77;87;87;72;63;51;52;74;60;41;47;51;39;41;40;30;21;26;21;5;3;3;7;8;4;2;3;1;4;0;0
032005;Sgonico;20;18;5;15;18;10;14;18;13;10;14;20;14;24;17;8;22;20;19;19;21;20;26;21;17;21;32;19;23;12;27;25;23;27;29;26;24;28;23;27;28;42;26;24;25;28;29;25;38;30;33;41;36;38;26;37;32;38;48;40;49;52;36;20;34;36;40;27;26;33;31;17;24;22;15;17;17;24;19;11;16;15;13;8;6;10;13;4;3;4;1;3;0;0;2;1;0;0;0;1;0
032006;Trieste;1554;1513;1474;1562;1471;1446;1519;1515;1453;1447;1457;1449;1395;1455;1462;1588;1545;1531;1469;1461;1395;1433;1491;1486;1548;1576;1627;1727;1800;2146;2163;2523;2687;2899;2995;3242;3169;3182;3074;3124;3104;3267;3381;3416;3215;3045;2961;2874;2856;2769;2716;2730;2670;2553;2498;2569;2594;2828;2753;3100;3193;3258;2253;2743;2795;2832;2994;3265;3103;3056;2773;2539;2573;2418;2390;2269;2319;2357;2088;1917;1853;1959;1875;1716;1729;1716;1609;1500;909;399;363;268;405;459;357;297;194;154;107;55;79
;Totale;1772;1760;1664;1811;1713;1684;1744;1745;1696;1668;1702;1687;1660;1668;1705;1821;1773;1802;1711;1685;1615;1647;1697;1695;1781;1818;1871;1952;2064;2417;2492;2859;3009;3326;3418;3698;3655;3631;3549;3598;3606;3821;3893;3925;3696;3504;3455;3301;3312;3186;3167;3199;3125;2977;2918;3046;3011;3287;3288;3637;3720;3809;2598;3169;3233;3271;3471;3766;3608;3529;3240;2953;2995;2778;2721;2578;2643;2704;2375;2171;2095;2215;2085;1933;1929;1875;1773;1645;995;429;389;293;440;506;386;323;209;163;123;58;91
Territorio/Età;;0;1;2;3;4;5;6;7;8;9;10;11;12;13;14;15;16;17;18;19;20;21;22;23;24;25;26;27;28;29;30;31;32;33;34;35;36;37;38;39;40;41;42;43;44;45;46;47;48;49;50;51;52;53;54;55;56;57;58;59;60;61;62;63;64;65;66;67;68;69;70;71;72;73;74;75;76;77;78;79;80;81;82;83;84;85;86;87;88;89;90;91;92;93;94;95;96;97;98;99;100
Codice comune;Comune;Maschi
032001;Duino-Aurisina;27;27;29;36;35;40;34;38;49;32;50;29;36;33;36;31;35;32;38;35;34;28;34;23;28;29;27;32;28;40;42;32;47;64;41;79;64;64;64;76;84;78;84;74;76;68;78;73;54;63;55;58;75;47;65;65;45;61;70;72;55;76;37;50;38;54;70;65;75;78;73;51;45;44;50;36;36;36;27;31;24;28;33;23;19;16;10;10;2;1;2;1;4;2;3;0;0;1;0;1;1
032002;Monrupino;1;4;5;2;5;2;6;2;4;5;3;3;3;2;1;4;3;5;5;1;2;3;2;7;6;8;5;6;1;4;4;11;5;11;5;1;10;9;11;7;8;5;9;11;6;4;8;6;7;6;5;8;5;7;7;11;5;4;15;7;5;11;7;5;4;3;4;8;6;6;6;6;6;6;5;1;2;3;1;2;1;3;2;0;3;0;0;0;1;0;0;0;0;1;0;0;1;2;0;0;0
032003;Muggia;45;49;41;53;57;45;42;41;60;58;56;48;54;40;46;58;34;64;48;55;34;46;41;57;55;47;50;43;67;56;76;75;70;85;93;109;113;96;112;97;100;102;97;116;100;111;102;91;104;77;92;108;92;93;82;87;88;97;114;110;128;102;76;104;112;116;88;119;106;92;101;81;80;66;72;82;62;63;56;59;43;34;35;41;33;24;27;27;6;3;3;0;4;4;6;4;2;2;1;0;0
032004;San Dorligo della Valle-Dolina;16;14;25;31;27;22;26;17;28;25;19;19;23;19;23;24;22;29;16;19;31;27;15;25;27;31;23;19;35;31;18;38;30;43;50;37;52;49;61;38;47;68;40;47;49;51;56;37;48;53;58;43;46;41;48;48;33;36;59;52;57;56;29;33;36;30;49;46;45;38;37;44;36;43;32;22;20;37;20;18;16;16;12;12;15;8;4;7;5;2;0;1;1;1;0;2;1;1;3;0;0
032005;Sgonico;8;9;3;7;10;2;7;13;7;4;9;10;9;15;10;4;14;13;7;8;7;8;14;15;8;12;15;11;12;9;16;14;8;12;23;11;12;8;12;12;12;21;11;12;12;8;15;14;24;17;16;18;15;21;12;14;16;15;25;22;23;26;16;9;13;25;16;15;15;20;18;10;11;14;7;7;4;13;5;5;8;6;6;4;2;5;2;2;1;3;1;0;0;0;0;0;0;0;0;0;0
032006;Trieste;791;773;784;838;762;741;771;785;744;726;760;727;729;723;768;831;793;748;800;769;737;772;755;748;810;796;847;875;891;1095;1093;1257;1303;1471;1477;1666;1540;1596;1536;1591;1535;1622;1652;1711;1650;1527;1525;1443;1425;1336;1333;1395;1314;1275;1166;1240;1249;1297;1318;1501;1474;1543;1061;1251;1316;1314;1359;1463;1432;1377;1238;1106;1127;1048;983;930;926;958;765;735;722;635;613;552;589;519;491;389;251;101;81;72;96;121;74;54;35;22;14;8;1
;Totale;888;876;887;967;896;852;886;896;892;850;897;836;854;832;884;952;901;891;914;887;845;884;861;875;934;923;967;986;1034;1235;1249;1427;1463;1686;1689;1903;1791;1822;1796;1821;1786;1896;1893;1971;1893;1769;1784;1664;1662;1552;1559;1630;1547;1484;1380;1465;1436;1510;1601;1764;1742;1814;1226;1452;1519;1542;1586;1716;1679;1611;1473;1298;1305;1221;1149;1078;1050;1110;874;850;814;722;701;632;661;572;534;435;266;110;87;74;105;129;83;60;39;28;18;9;2
Territorio/Età;;0;1;2;3;4;5;6;7;8;9;10;11;12;13;14;15;16;17;18;19;20;21;22;23;24;25;26;27;28;29;30;31;32;33;34;35;36;37;38;39;40;41;42;43;44;45;46;47;48;49;50;51;52;53;54;55;56;57;58;59;60;61;62;63;64;65;66;67;68;69;70;71;72;73;74;75;76;77;78;79;80;81;82;83;84;85;86;87;88;89;90;91;92;93;94;95;96;97;98;99;100
Codice comune;Comune;Femmine
032001;Duino-Aurisina;41;42;30;34;33;38;39;41;26;19;37;46;46;30;44;37;35;29;25;36;21;25;20;18;21;35;28;31;39;35;48;46;42;46;58;68;74;51;58;70;64;74;91;74;75;81;68;58;62;50;79;52;73;62;58;51;51;68;56;54;63;75;52;60;69;75;64;86;76;76;68;68;82;51;40;44;53;56;47;48;56;41;33;42;38;28;34;24;24;8;10;7;5;7;3;8;3;0;7;1;5
032002;Monrupino;4;6;1;3;5;4;4;6;2;1;4;5;5;5;4;5;3;6;3;5;2;1;6;3;4;1;0;1;7;0;4;2;8;9;5;3;6;4;10;10;5;6;5;5;5;6;8;7;6;3;5;8;9;6;3;10;7;10;5;7;8;4;4;8;4;5;8;4;8;7;4;4;8;7;5;1;6;3;5;2;6;1;3;2;5;2;2;0;0;0;0;1;0;0;1;2;0;1;0;0;0
032003;Muggia;46;59;36;49;32;52;38;38;39;43;44;46;56;41;45;46;55;59;60;37;53;41;38;35;50;45;59;47;44;57;76;74;67;90;103;90;107;104;90;92;119;133;107;100;92;66;97;81;83;93;81;108;87;94;87;113;118;100;118;148;118;122;76;115;102;90;116;104;112;101;107;100;90;92;81;77;96;88;72;60;49;83;52;60;56;49;57;54;29;9;7;10;15;25;10;9;6;2;4;0;6
032004;San Dorligo della Valle-Dolina;18;28;18;26;30;25;22;29;22;28;18;22;28;19;27;20;19;27;28;17;22;23;24;20;25;25;20;27;20;36;34;33;30;52;39;43;36;44;46;57;47;46;53;58;53;44;48;49;54;42;43;43;32;36;44;55;38;45;50;47;44;53;28;31;39;30;38;42;51;42;40;43;51;29;31;29;32;37;40;23;31;35;27;29;25;22;17;19;16;3;3;2;6;7;4;0;2;0;1;0;0
032005;Sgonico;12;9;2;8;8;8;7;5;6;6;5;10;5;9;7;4;8;7;12;11;14;12;12;6;9;9;17;8;11;3;11;11;15;15;6;15;12;20;11;15;16;21;15;12;13;20;14;11;14;13;17;23;21;17;14;23;16;23;23;18;26;26;20;11;21;11;24;12;11;13;13;7;13;8;8;10;13;11;14;6;8;9;7;4;4;5;11;2;2;1;0;3;0;0;2;1;0;0;0;1;0
032006;Trieste;763;740;690;724;709;705;748;730;709;721;697;722;666;732;694;757;752;783;669;692;658;661;736;738;738;780;780;852;909;1051;1070;1266;1384;1428;1518;1576;1629;1586;1538;1533;1569;1645;1729;1705;1565;1518;1436;1431;1431;1433;1383;1335;1356;1278;1332;1329;1345;1531;1435;1599;1719;1715;1192;1492;1479;1518;1635;1802;1671;1679;1535;1433;1446;1370;1407;1339;1393;1399;1323;1182;1131;1324;1262;1164;1140;1197;1118;1111;658;298;282;196;309;338;283;243;159;132;93;47;78
;Totale;884;884;777;844;817;832;858;849;804;818;805;851;806;836;821;869;872;911;797;798;770;763;836;820;847;895;904;966;1030;1182;1243;1432;1546;1640;1729;1795;1864;1809;1753;1777;1820;1925;2000;1954;1803;1735;1671;1637;1650;1634;1608;1569;1578;1493;1538;1581;1575;1777;1687;1873;1978;1995;1372;1717;1714;1729;1885;2050;1929;1918;1767;1655;1690;1557;1572;1500;1593;1594;1501;1321;1281;1493;1384;1301;1268;1303;1239;1210;729;319;302;219;335;377;303;263;170;135;105;49;89

"Ricostruzione della popolazione intercensuaria - Popolazione al 1° gennaio per età"
"Tutte le cittadinanze - Anno: 2009 - Provincia: Trieste"
Territorio/Età;;0;1;2;3;4;5;6;7;8;9;10;11;12;13;14;15;16;17;18;19;20;21;22;23;24;25;26;27;28;29;30;31;32;33;34;35;36;37;38;39;40;41;42;43;44;45;46;47;48;49;50;51;52;53;54;55;56;57;58;59;60;61;62;63;64;65;66;67;68;69;70;71;72;73;74;75;76;77;78;79;80;81;82;83;84;85;86;87;88;89;90;91;92;93;94;95;96;97;98;99;100
Codice comune;Comune;Totale
032001;Duino-Aurisina;57;75;66;62;71;69;73;73;81;73;51;85;74;83;69;82;69;72;61;63;71;54;50;51;43;52;63;48;64;64;71;90;78;86;120;103;147;133;113;123;140;151;156;176;144;149;155;140;133;118;109;132;111;147;110;121;114;99;128;124;127;117;146;88;109;105;128;128;148;147;152;138;116;125;97;89;78;88;87;66;77;74;70;61;59;50;39;38;32;25;7;12;10;8;8;8;8;3;0;5;7
032002;Monrupino;7;5;12;7;5;10;6;11;8;6;6;10;8;9;7;5;9;7;11;8;6;4;4;9;11;10;8;5;9;7;4;7;12;11;18;8;5;20;13;21;17;13;11;14;17;11;12;17;13;14;9;10;19;13;13;9;20;11;14;21;14;13;16;11;12;8;8;11;12;14;12;10;8;13;13;10;2;8;6;5;4;6;3;4;2;8;3;2;1;1;0;0;1;0;1;0;2;1;3;0;0
032003;Muggia;86;97;109;82;107;88;99;84;78;102;105;102;98;110;82;93;104;92;126;111;94;84;90;78;90;103;85;102;96;108;113;153;155;146;176;196;196;230;199;197;200;217;230;205;212;195;183;199;174;186;172;181;217;177;187;169;199;209;199;231;256;243;220;155;216;208;204;201;222;212;188;212;182;168;150;147;156;157;149;123;114;87;104;80;96;82;66;71;68;32;12;8;7;17;23;12;12;5;5;1;5
032004;San Dorligo della Valle-Dolina;42;31;42;41;60;54;48;49;46;50;52;41;40;51;37;50;44;39;56;44;32;50;49;39;46;51;54;41;43;52;67;52;68;57;95;95;87;88;92;104;93;95;112;95;104;103;93;106;82;98;96;93;81;76;77;98;102;73;80;108;100;102;109;58;64;75;59;87;81;96;79;76;85;86;71;63;52;50;72;60;41;43;51;34;38;38;25;22;24;19;6;2;2;6;4;1;2;3;1;4;0
032005;Sgonico;13;23;20;7;15;17;11;14;17;13;11;16;22;15;23;19;8;21;20;17;19;21;21;25;20;16;20;33;24;23;12;23;25;25;29;28;27;26;30;23;25;30;41;26;27;24;27;28;25;41;30;34;38;36;37;27;36;30;39;48;38;49;53;35;19;33;36;39;28;25;33;29;18;24;22;15;16;16;22;18;10;15;15;13;7;7;10;13;5;4;3;1;2;0;0;1;1;0;0;0;1
032006;Trieste;1573;1534;1522;1487;1555;1489;1464;1522;1538;1465;1450;1470;1474;1428;1470;1487;1610;1558;1546;1501;1520;1460;1510;1543;1560;1633;1644;1700;1801;1864;2175;2211;2554;2711;2920;2989;3249;3170;3195;3087;3133;3112;3260;3386;3431;3228;3063;2976;2879;2862;2773;2706;2739;2673;2554;2504;2573;2573;2803;2746;3078;3163;3229;2227;2718;2760;2814;2977;3221;3062;3022;2738;2506;2518;2361;2320;2198;2242;2265;1996;1814;1755;1855;1740;1575;1589;1569;1429;1317;776;329;308;226;322;362;258;230;134;110;81;93
;Totale;1778;1765;1771;1686;1813;1727;1701;1753;1768;1709;1675;1724;1716;1696;1688;1736;1844;1789;1820;1744;1742;1673;1724;1745;1770;1865;1874;1929;2037;2118;2442;2536;2892;3036;3358;3419;3711;3667;3642;3555;3608;3618;3810;3902;3935;3710;3533;3466;3306;3319;3189;3156;3205;3122;2978;2928;3044;2995;3263;3278;3613;3687;3773;2574;3138;3189;3249;3443;3712;3556;3486;3203;2915;2934;2714;2644;2502;2561;2601;2268;2060;1980;2098;1932;1777;1774;1712;1575;1447;857;357;331;248;353;398;280;255;146;119;91;106
Territorio/Età;;0;1;2;3;4;5;6;7;8;9;10;11;12;13;14;15;16;17;18;19;20;21;22;23;24;25;26;27;28;29;30;31;32;33;34;35;36;37;38;39;40;41;42;43;44;45;46;47;48;49;50;51;52;53;54;55;56;57;58;59;60;61;62;63;64;65;66;67;68;69;70;71;72;73;74;75;76;77;78;79;80;81;82;83;84;85;86;87;88;89;90;91;92;93;94;95;96;97;98;99;100
Codice comune;Comune;Maschi
032001;Duino-Aurisina;26;31;29;32;36;36;37;33;38;46;31;47;28;35;37;37;32;38;32;38;36;31;26;31;25;28;27;24;31;27;38;40;35;46;69;45;81;64;64;62;74;83;83;86;73;74;71;76;73;56;62;55;58;74;50;64;64;46;61;68;73;56;72;36;49;36;52;67;64;73;77;70;50;44;45;50;35;37;34;25;30;24;28;30;20;17;13;8;9;3;0;2;2;3;2;3;0;0;0;0;2
032002;Monrupino;3;1;6;5;2;5;2;7;2;4;5;4;3;5;2;1;4;3;5;5;1;2;3;2;7;6;7;5;6;0;3;3;10;3;9;4;2;12;9;11;6;8;5;9;12;6;4;9;6;8;6;5;11;4;7;6;10;4;4;15;7;5;11;7;5;4;3;3;8;6;5;6;5;6;6;4;1;2;3;0;2;1;3;2;0;3;0;0;0;1;0;0;0;0;1;0;0;1;2;0;0
032003;Muggia;49;49;48;41;56;58;46;45;40;62;59;56;51;55;40;46;58;36;66;50;55;33;46;41;55;55;47;47;46;66;56;75;75;77;86;96;107;115;95;108;104;98;99;96;115;102;114;102;89;104;79;95;110;92;94;82;89;88;98;113;109;124;102;78;101;109;116;86;117;101;89;103;83;77;61;68;80;61;63;53;55;41;31;28;40;31;21;23;21;4;3;2;0;5;2;4;4;1;2;0;0
032004;San Dorligo della Valle-Dolina;24;15;15;22;32;25;22;26;16;28;26;22;19;23;19;23;24;22;29;16;17;30;26;16;26;27;32;24;19;33;32;18;36;29;42;51;42;51;49;59;38;49;66;43;47;49;49;57;37;47;55;49;41;45;41;51;48;35;35;60;51;57;56;29;34;34;29;49;41;46;37;36;42;34;42;31;22;18;37;21;18;14;17;10;11;13;7;5;8;4;2;0;1;1;1;0;2;1;1;3;0
032005;Sgonico;5;9;9;3;8;10;3;7;13;7;4;11;12;10;14;10;4;13;13;7;8;8;8;13;14;7;12;15;14;12;10;13;13;8;11;22;12;13;10;13;10;13;21;11;13;12;9;14;14;25;17;18;18;15;19;12;12;14;16;25;20;23;27;15;9;12;25;14;15;14;20;16;10;11;14;7;6;4;11;5;4;8;5;6;4;3;5;3;3;2;2;1;0;0;0;1;0;0;0;0;0
032006;Trieste;842;789;771;799;836;763;754;766;794;743;729;769;736;744;730;785;844;798;758;818;801;775;809;784;772;848;830;886;891;917;1101;1124;1257;1321;1476;1458;1664;1528;1608;1545;1601;1524;1615;1652;1705;1662;1524;1527;1446;1420;1339;1316;1390;1311;1265;1166;1233;1235;1273;1314;1484;1453;1530;1043;1231;1295;1301;1340;1439;1405;1353;1212;1080;1093;1000;935;890;889;912;730;680;664;596;565;493;532;460;413;329;199;74;62;61;69;88;48;36;22;14;11;6
;Totale;949;894;878;902;970;897;864;884;903;890;854;909;849;872;842;902;966;910;903;934;918;879;918;887;899;971;955;1001;1007;1055;1240;1273;1426;1484;1693;1676;1908;1783;1835;1798;1833;1775;1889;1897;1965;1905;1771;1785;1665;1660;1558;1538;1628;1541;1476;1381;1456;1422;1487;1595;1744;1718;1798;1208;1429;1490;1526;1559;1684;1645;1581;1443;1270;1265;1168;1095;1034;1011;1060;834;789;752;680;641;568;599;506;452;370;213;81;67;64;78;94;56;42;25;19;14;8
Territorio/Età;;0;1;2;3;4;5;6;7;8;9;10;11;12;13;14;15;16;17;18;19;20;21;22;23;24;25;26;27;28;29;30;31;32;33;34;35;36;37;38;39;40;41;42;43;44;45;46;47;48;49;50;51;52;53;54;55;56;57;58;59;60;61;62;63;64;65;66;67;68;69;70;71;72;73;74;75;76;77;78;79;80;81;82;83;84;85;86;87;88;89;90;91;92;93;94;95;96;97;98;99;100
Codice comune;Comune;Femmine
032001;Duino-Aurisina;31;44;37;30;35;33;36;40;43;27;20;38;46;48;32;45;37;34;29;25;35;23;24;20;18;24;36;24;33;37;33;50;43;40;51;58;66;69;49;61;66;68;73;90;71;75;84;64;60;62;47;77;53;73;60;57;50;53;67;56;54;61;74;52;60;69;76;61;84;74;75;68;66;81;52;39;43;51;53;41;47;50;42;31;39;33;26;30;23;22;7;10;8;5;6;5;8;3;0;5;5
032002;Monrupino;4;4;6;2;3;5;4;4;6;2;1;6;5;4;5;4;5;4;6;3;5;2;1;7;4;4;1;0;3;7;1;4;2;8;9;4;3;8;4;10;11;5;6;5;5;5;8;8;7;6;3;5;8;9;6;3;10;7;10;6;7;8;5;4;7;4;5;8;4;8;7;4;3;7;7;6;1;6;3;5;2;5;0;2;2;5;3;2;1;0;0;0;1;0;0;0;2;0;1;0;0
032003;Muggia;37;48;61;41;51;30;53;39;38;40;46;46;47;55;42;47;46;56;60;61;39;51;44;37;35;48;38;55;50;42;57;78;80;69;90;100;89;115;104;89;96;119;131;109;97;93;69;97;85;82;93;86;107;85;93;87;110;121;101;118;147;119;118;77;115;99;88;115;105;111;99;109;99;91;89;79;76;96;86;70;59;46;73;52;56;51;45;48;47;28;9;6;7;12;21;8;8;4;3;1;5
032004;San Dorligo della Valle-Dolina;18;16;27;19;28;29;26;23;30;22;26;19;21;28;18;27;20;17;27;28;15;20;23;23;20;24;22;17;24;19;35;34;32;28;53;44;45;37;43;45;55;46;46;52;57;54;44;49;45;51;41;44;40;31;36;47;54;38;45;48;49;45;53;29;30;41;30;38;40;50;42;40;43;52;29;32;30;32;35;39;23;29;34;24;27;25;18;17;16;15;4;2;1;5;3;1;0;2;0;1;0
032005;Sgonico;8;14;11;4;7;7;8;7;4;6;7;5;10;5;9;9;4;8;7;10;11;13;13;12;6;9;8;18;10;11;2;10;12;17;18;6;15;13;20;10;15;17;20;15;14;12;18;14;11;16;13;16;20;21;18;15;24;16;23;23;18;26;26;20;10;21;11;25;13;11;13;13;8;13;8;8;10;12;11;13;6;7;10;7;3;4;5;10;2;2;1;0;2;0;0;0;1;0;0;0;1
032006;Trieste;731;745;751;688;719;726;710;756;744;722;721;701;738;684;740;702;766;760;788;683;719;685;701;759;788;785;814;814;910;947;1074;1087;1297;1390;1444;1531;1585;1642;1587;1542;1532;1588;1645;1734;1726;1566;1539;1449;1433;1442;1434;1390;1349;1362;1289;1338;1340;1338;1530;1432;1594;1710;1699;1184;1487;1465;1513;1637;1782;1657;1669;1526;1426;1425;1361;1385;1308;1353;1353;1266;1134;1091;1259;1175;1082;1057;1109;1016;988;577;255;246;165;253;274;210;194;112;96;70;87
;Totale;829;871;893;784;843;830;837;869;865;819;821;815;867;824;846;834;878;879;917;810;824;794;806;858;871;894;919;928;1030;1063;1202;1263;1466;1552;1665;1743;1803;1884;1807;1757;1775;1843;1921;2005;1970;1805;1762;1681;1641;1659;1631;1618;1577;1581;1502;1547;1588;1573;1776;1683;1869;1969;1975;1366;1709;1699;1723;1884;2028;1911;1905;1760;1645;1669;1546;1549;1468;1550;1541;1434;1271;1228;1418;1291;1209;1175;1206;1123;1077;644;276;264;184;275;304;224;213;121;100;77;98

"Ricostruzione della popolazione intercensuaria - Popolazione al 1° gennaio per età"
"Tutte le cittadinanze - Anno: 2010 - Provincia: Trieste"
Territorio/Età;;0;1;2;3;4;5;6;7;8;9;10;11;12;13;14;15;16;17;18;19;20;21;22;23;24;25;26;27;28;29;30;31;32;33;34;35;36;37;38;39;40;41;42;43;44;45;46;47;48;49;50;51;52;53;54;55;56;57;58;59;60;61;62;63;64;65;66;67;68;69;70;71;72;73;74;75;76;77;78;79;80;81;82;83;84;85;86;87;88;89;90;91;92;93;94;95;96;97;98;99;100
Codice comune;Comune;Totale
032001;Duino-Aurisina;53;63;75;67;62;71;73;74;74;81;74;53;84;73;88;66;80;74;74;64;64;67;53;52;51;45;57;63;47;65;62;73;95;78;83;115;106;147;131;113;127;146;153;161;176;141;150;156;143;134;123;109;132;115;145;109;124;111;102;127;123;125;117;144;89;106;99;124;129;149;145;148;131;115;121;93;90;75;84;87;64;76;65;62;54;53;48;31;36;32;20;6;9;8;8;8;8;8;2;0;8
032002;Monrupino;12;7;4;13;7;5;11;6;12;8;6;6;10;8;9;5;6;8;8;11;8;6;4;4;9;11;8;8;2;10;10;3;5;12;10;20;10;7;18;12;20;17;14;11;13;16;11;13;17;14;13;9;10;19;15;13;9;21;11;14;21;14;13;16;10;12;8;8;11;12;15;11;10;8;12;13;10;2;8;6;5;3;6;4;4;3;7;4;1;1;1;0;2;0;0;1;0;0;1;2;0
032003;Muggia;83;87;93;110;82;106;91;98;89;77;104;107;106;101;113;84;95;104;92;123;113;89;86;91;80;89;101;88;102;92;108;107;148;153;151;171;193;199;233;204;191;193;213;229;201;211;201;184;203;174;190;171;182;217;179;183;171;197;208;198;233;253;243;222;151;216;209;205;199;216;207;182;209;179;167;147;143;149;150;145;117;108;86;96;68;87;72;61;63;51;30;11;5;3;14;15;10;8;7;1;5
032004;San Dorligo della Valle-Dolina;39;41;34;44;46;58;55;47;48;45;50;55;42;39;51;33;51;44;38;55;46;32;51;53;40;43;50;49;41;47;51;66;57;74;65;94;91;84;91;95;108;94;96;110;98;108;100;94;102;81;99;98;95;78;75;76;95;103;71;82;108;99;100;103;57;64;72;64;87;79;95;78;72;84;82;66;61;53;45;69;60;35;42;48;30;33;37;22;20;20;18;6;2;2;5;2;2;1;3;0;1
032005;Sgonico;10;15;23;19;7;14;18;10;14;17;12;12;17;23;15;23;20;10;20;20;17;20;21;20;22;17;16;20;30;20;19;14;26;28;22;29;28;24;26;28;21;25;33;38;28;28;23;29;30;28;41;32;37;38;36;33;27;34;30;39;47;37;49;51;35;19;32;36;38;27;24;33;29;18;24;21;14;15;16;21;17;9;15;10;13;7;8;9;10;5;4;3;1;1;0;0;1;1;0;0;1
032006;Trieste;1517;1558;1541;1521;1498;1568;1489;1477;1526;1555;1491;1464;1495;1501;1438;1496;1501;1634;1589;1599;1556;1585;1540;1567;1614;1633;1700;1731;1757;1877;1917;2211;2253;2579;2718;2942;2991;3272;3168;3192;3086;3140;3110;3270;3400;3423;3226;3070;2976;2879;2837;2772;2705;2743;2675;2572;2498;2554;2582;2788;2738;3057;3156;3193;2214;2697;2740;2771;2950;3201;3023;2977;2698;2447;2464;2297;2261;2135;2157;2171;1917;1714;1669;1741;1607;1462;1420;1400;1261;1155;664;286;249;189;258;271;191;159;97;83;110
;Totale;1714;1771;1770;1774;1702;1822;1737;1712;1763;1783;1737;1697;1754;1745;1714;1707;1753;1874;1821;1872;1804;1799;1755;1787;1816;1838;1932;1959;1979;2111;2167;2474;2584;2924;3049;3371;3419;3733;3667;3644;3553;3615;3619;3819;3916;3927;3711;3546;3471;3310;3303;3191;3161;3210;3125;2986;2924;3020;3004;3248;3270;3585;3678;3729;2556;3114;3160;3208;3414;3684;3509;3429;3149;2851;2870;2637;2579;2429;2460;2499;2180;1945;1883;1961;1776;1645;1592;1527;1391;1264;737;312;268;203;285;297;212;177;110;86;125
Territorio/Età;;0;1;2;3;4;5;6;7;8;9;10;11;12;13;14;15;16;17;18;19;20;21;22;23;24;25;26;27;28;29;30;31;32;33;34;35;36;37;38;39;40;41;42;43;44;45;46;47;48;49;50;51;52;53;54;55;56;57;58;59;60;61;62;63;64;65;66;67;68;69;70;71;72;73;74;75;76;77;78;79;80;81;82;83;84;85;86;87;88;89;90;91;92;93;94;95;96;97;98;99;100
Codice comune;Comune;Maschi
032001;Duino-Aurisina;28;30;31;29;34;36;37;38;34;38;47;33;46;26;39;33;37;34;39;34;38;32;31;26;31;24;32;31;21;31;23;40;43;33;45;62;47;81;59;62;64;77;79;86;86;72;77;70;77;73;60;65;53;58;70;49;64;62;47;60;67;72;55;72;35;49;33;53;67;66;70;76;63;49;43;41;50;33;34;34;24;30;22;24;26;17;16;10;9;8;2;0;1;2;3;2;3;0;0;0;1
032002;Monrupino;3;3;1;7;5;2;6;2;7;2;4;5;4;3;5;2;1;4;3;5;5;1;2;3;2;7;5;6;2;7;2;3;3;10;4;10;5;3;12;8;10;6;9;5;8;11;6;5;9;6;6;6;5;11;5;7;6;12;4;4;15;7;5;11;6;5;4;3;3;8;6;5;6;5;5;6;4;1;2;3;0;2;1;3;2;0;3;0;0;0;1;0;0;0;0;1;0;0;1;1;0
032003;Muggia;41;51;49;48;42;56;59;44;48;39;61;59;57;53;55;41;47;60;39;64;51;54;35;45;40;54;53;47;50;41;61;54;75;73;77;84;97;104;120;99;103;98;93;96;96;117;105;113;104;90;106;80;97;109;95;88;81;89;87;98;112;107;122;104;75;100;108;118;85;112;96;86;103;82;77;58;67;73;57;60;47;50;42;27;23;33;28;17;19;13;4;2;0;0;5;1;2;4;2;0;0
032004;San Dorligo della Valle-Dolina;18;24;17;19;24;30;27;21;25;18;29;28;22;18;23;16;23;22;21;29;18;18;28;27;17;24;25;29;25;20;33;32;21;41;34;45;51;39;49;47;61;38;51;68;46;48;50;49;56;36;48;55;51;38;45;40;48;49;34;36;59;50;55;53;26;33;35;33;50;39;45;37;34;41;31;40;30;21;14;36;22;15;14;15;8;8;12;6;4;8;4;2;0;1;1;0;0;1;1;0;0
032005;Sgonico;4;7;8;9;3;8;11;2;7;13;7;4;11;12;10;14;10;4;13;13;7;8;7;8;13;13;7;12;13;11;11;10;15;14;6;11;21;9;12;10;12;10;15;19;12;14;12;10;15;16;24;18;17;18;15;16;12;12;14;16;22;19;23;26;15;9;12;25;14;14;13;20;16;10;11;13;6;6;4;10;4;3;8;3;5;4;3;4;2;2;2;2;1;0;0;0;1;0;0;0;0
032006;Trieste;776;833;797;779;806;839;754;764;772;800;754;736;782;749;751;747;793;860;824;795;856;834;816;825;806;800;884;878;900;926;953;1116;1144;1267;1316;1479;1461;1677;1529;1606;1547;1594;1524;1617;1655;1698;1653;1528;1521;1443;1403;1329;1307;1384;1297;1269;1156;1217;1241;1262;1301;1464;1445;1508;1039;1219;1273;1275;1317;1422;1372;1328;1185;1040;1063;968;909;853;846;866;693;635;619;545;512;454;467;396;351;257;158;65;51;51;52;60;29;23;13;14;13
;Totale;870;948;903;891;914;971;894;871;893;910;902;865;922;861;883;853;911;984;939;940;975;947;919;934;909;922;1006;1003;1011;1036;1083;1255;1301;1438;1482;1691;1682;1913;1781;1832;1797;1823;1771;1891;1903;1960;1903;1775;1782;1664;1647;1553;1530;1618;1527;1469;1367;1441;1427;1476;1576;1719;1705;1774;1196;1415;1465;1507;1536;1661;1602;1552;1407;1227;1230;1126;1066;987;957;1009;790;735;706;617;576;516;529;433;385;288;171;71;53;54;61;64;35;28;17;15;14
Territorio/Età;;0;1;2;3;4;5;6;7;8;9;10;11;12;13;14;15;16;17;18;19;20;21;22;23;24;25;26;27;28;29;30;31;32;33;34;35;36;37;38;39;40;41;42;43;44;45;46;47;48;49;50;51;52;53;54;55;56;57;58;59;60;61;62;63;64;65;66;67;68;69;70;71;72;73;74;75;76;77;78;79;80;81;82;83;84;85;86;87;88;89;90;91;92;93;94;95;96;97;98;99;100
Codice comune;Comune;Femmine
032001;Duino-Aurisina;25;33;44;38;28;35;36;36;40;43;27;20;38;47;49;33;43;40;35;30;26;35;22;26;20;21;25;32;26;34;39;33;52;45;38;53;59;66;72;51;63;69;74;75;90;69;73;86;66;61;63;44;79;57;75;60;60;49;55;67;56;53;62;72;54;57;66;71;62;83;75;72;68;66;78;52;40;42;50;53;40;46;43;38;28;36;32;21;27;24;18;6;8;6;5;6;5;8;2;0;7
032002;Monrupino;9;4;3;6;2;3;5;4;5;6;2;1;6;5;4;3;5;4;5;6;3;5;2;1;7;4;3;2;0;3;8;0;2;2;6;10;5;4;6;4;10;11;5;6;5;5;5;8;8;8;7;3;5;8;10;6;3;9;7;10;6;7;8;5;4;7;4;5;8;4;9;6;4;3;7;7;6;1;6;3;5;1;5;1;2;3;4;4;1;1;0;0;2;0;0;0;0;0;0;1;0
032003;Muggia;42;36;44;62;40;50;32;54;41;38;43;48;49;48;58;43;48;44;53;59;62;35;51;46;40;35;48;41;52;51;47;53;73;80;74;87;96;95;113;105;88;95;120;133;105;94;96;71;99;84;84;91;85;108;84;95;90;108;121;100;121;146;121;118;76;116;101;87;114;104;111;96;106;97;90;89;76;76;93;85;70;58;44;69;45;54;44;44;44;38;26;9;5;3;9;14;8;4;5;1;5
032004;San Dorligo della Valle-Dolina;21;17;17;25;22;28;28;26;23;27;21;27;20;21;28;17;28;22;17;26;28;14;23;26;23;19;25;20;16;27;18;34;36;33;31;49;40;45;42;48;47;56;45;42;52;60;50;45;46;45;51;43;44;40;30;36;47;54;37;46;49;49;45;50;31;31;37;31;37;40;50;41;38;43;51;26;31;32;31;33;38;20;28;33;22;25;25;16;16;12;14;4;2;1;4;2;2;0;2;0;1
032005;Sgonico;6;8;15;10;4;6;7;8;7;4;5;8;6;11;5;9;10;6;7;7;10;12;14;12;9;4;9;8;17;9;8;4;11;14;16;18;7;15;14;18;9;15;18;19;16;14;11;19;15;12;17;14;20;20;21;17;15;22;16;23;25;18;26;25;20;10;20;11;24;13;11;13;13;8;13;8;8;9;12;11;13;6;7;7;8;3;5;5;8;3;2;1;0;1;0;0;0;1;0;0;1
032006;Trieste;741;725;744;742;692;729;735;713;754;755;737;728;713;752;687;749;708;774;765;804;700;751;724;742;808;833;816;853;857;951;964;1095;1109;1312;1402;1463;1530;1595;1639;1586;1539;1546;1586;1653;1745;1725;1573;1542;1455;1436;1434;1443;1398;1359;1378;1303;1342;1337;1341;1526;1437;1593;1711;1685;1175;1478;1467;1496;1633;1779;1651;1649;1513;1407;1401;1329;1352;1282;1311;1305;1224;1079;1050;1196;1095;1008;953;1004;910;898;506;221;198;138;206;211;162;136;84;69;97
;Totale;844;823;867;883;788;851;843;841;870;873;835;832;832;884;831;854;842;890;882;932;829;852;836;853;907;916;926;956;968;1075;1084;1219;1283;1486;1567;1680;1737;1820;1886;1812;1756;1792;1848;1928;2013;1967;1808;1771;1689;1646;1656;1638;1631;1592;1598;1517;1557;1579;1577;1772;1694;1866;1973;1955;1360;1699;1695;1701;1878;2023;1907;1877;1742;1624;1640;1511;1513;1442;1503;1490;1390;1210;1177;1344;1200;1129;1063;1094;1006;976;566;241;215;149;224;233;177;149;93;71;111

"Ricostruzione della popolazione intercensuaria - Popolazione al 1° gennaio per età"
"Tutte le cittadinanze - Anno: 2011 - Provincia: Trieste"
Territorio/Età;;0;1;2;3;4;5;6;7;8;9;10;11;12;13;14;15;16;17;18;19;20;21;22;23;24;25;26;27;28;29;30;31;32;33;34;35;36;37;38;39;40;41;42;43;44;45;46;47;48;49;50;51;52;53;54;55;56;57;58;59;60;61;62;63;64;65;66;67;68;69;70;71;72;73;74;75;76;77;78;79;80;81;82;83;84;85;86;87;88;89;90;91;92;93;94;95;96;97;98;99;100
Codice comune;Comune;Totale
032001;Duino-Aurisina;60;55;69;78;71;62;70;77;73;74;80;74;55;88;73;86;69;81;75;75;62;61;68;51;50;54;40;57;66;49;64;68;73;92;83;94;114;111;151;135;117;130;144;147;163;174;144;144;155;135;137;128;108;130;117;142;111;126;113;100;127;121;124;120;148;91;106;100;122;127;146;141;147;126;113;118;91;87;74;82;86;63;73;61;54;50;54;43;31;33;28;18;7;8;6;7;7;8;9;3;6
032002;Monrupino;11;12;8;6;13;8;7;11;6;12;6;6;5;10;8;9;4;6;8;8;11;8;6;5;4;8;11;10;9;1;8;9;5;8;9;13;17;11;9;16;14;20;16;14;12;13;15;11;13;17;16;13;9;10;19;14;13;8;21;11;14;19;15;13;14;9;12;7;8;11;12;15;11;8;8;12;12;10;2;8;6;4;3;5;3;2;4;8;3;2;1;1;0;2;0;0;0;0;0;0;1
032003;Muggia;79;84;94;91;111;87;108;95;98;86;79;101;106;107;101;112;87;99;110;91;121;111;92;89;94;83;87;100;81;110;91;110;113;147;144;154;173;187;192;235;209;195;186;215;226;209;210;206;187;204;177;193;172;184;220;183;183;173;202;211;199;233;247;241;219;152;213;213;200;195;213;208;176;210;176;161;137;141;145;145;141;116;96;80;83;63;80;68;53;53;42;23;10;5;5;13;13;7;3;4;5
032004;San Dorligo della Valle-Dolina;41;39;44;37;46;47;58;56;47;49;44;50;54;44;40;49;33;51;44;34;57;44;34;52;50;44;47;50;48;37;44;56;61;66;77;64;96;91;86;88;94;104;94;92;107;94;102;100;90;100;82;96;96;94;73;77;75;94;104;70;81;109;99;102;102;58;63;70;66;85;78;93;77;72;85;82;65;57;51;45;65;58;36;36;42;27;29;35;24;15;17;11;1;2;1;5;2;3;0;3;1
032005;Sgonico;22;7;16;24;18;7;14;18;12;13;19;11;12;17;22;15;24;20;10;20;20;17;18;18;20;23;18;14;18;26;16;19;15;28;29;27;27;28;22;23;31;21;26;35;38;30;30;25;30;31;27;42;30;39;39;38;32;25;33;31;36;49;37;49;51;33;19;32;36;37;26;25;30;29;16;24;18;14;15;16;16;17;9;12;9;12;7;6;7;7;4;2;3;0;1;0;0;0;0;0;0
032006;Trieste;1554;1531;1544;1544;1535;1506;1574;1506;1486;1535;1564;1501;1480;1506;1511;1456;1501;1514;1646;1611;1650;1612;1642;1604;1612;1675;1693;1750;1785;1818;1934;1945;2237;2276;2604;2703;2930;3034;3262;3159;3177;3095;3156;3108;3274;3407;3423;3241;3066;2991;2886;2851;2754;2712;2733;2678;2568;2489;2546;2577;2782;2710;3053;3140;3160;2206;2665;2699;2731;2901;3157;2979;2926;2647;2393;2410;2223;2188;2054;2054;2097;1829;1615;1549;1612;1467;1332;1273;1243;1127;1002;541;243;211;151;190;204;140;117;65;126
;Totale;1767;1728;1775;1780;1794;1717;1831;1763;1722;1769;1792;1743;1712;1772;1755;1727;1718;1771;1893;1839;1921;1853;1860;1819;1830;1887;1896;1981;2007;2041;2157;2207;2504;2617;2946;3055;3357;3462;3722;3656;3642;3565;3622;3611;3820;3927;3924;3727;3541;3478;3325;3323;3169;3169;3201;3132;2982;2915;3019;3000;3239;3241;3575;3665;3694;2549;3078;3121;3163;3356;3632;3461;3367;3092;2791;2807;2546;2497;2341;2350;2411;2087;1832;1743;1803;1621;1506;1433;1361;1237;1094;596;264;228;164;215;226;158;129;75;139
Territorio/Età;;0;1;2;3;4;5;6;7;8;9;10;11;12;13;14;15;16;17;18;19;20;21;22;23;24;25;26;27;28;29;30;31;32;33;34;35;36;37;38;39;40;41;42;43;44;45;46;47;48;49;50;51;52;53;54;55;56;57;58;59;60;61;62;63;64;65;66;67;68;69;70;71;72;73;74;75;76;77;78;79;80;81;82;83;84;85;86;87;88;89;90;91;92;93;94;95;96;97;98;99;100
Codice comune;Comune;Maschi
032001;Duino-Aurisina;31;29;33;34;30;34;36;40;37;33;38;47;33;49;26;36;36;38;36;38;33;37;32;29;25;34;22;32;33;20;32;26;40;41;35;51;60;51;79;60;65;67;74;75;88;83;70;73;67;71;71;66;64;52;59;68;51;66;63;48;60;67;70;55;76;36;50;35;51;65;63;67;75;61;47;41;40;49;33;32;33;22;29;21;19;25;19;13;8;6;7;4;0;1;2;2;2;3;0;1;0
032002;Monrupino;6;3;4;3;7;6;4;6;2;7;0;4;4;4;3;5;1;1;4;3;5;5;1;3;3;2;7;6;6;1;6;2;3;4;7;7;7;5;4;10;8;10;6;8;6;8;10;6;5;9;8;6;6;5;11;5;7;6;12;4;4;14;7;5;10;5;5;4;3;3;8;6;5;4;5;5;6;4;1;2;3;0;1;0;2;1;1;4;0;0;0;1;0;0;0;0;0;0;0;0;0
032003;Muggia;34;41;56;48;50;45;58;60;44;47;39;61;61;58;54;55;42;49;61;38;64;50;53;36;48;39;54;55;44;58;37;60;56;71;71;78;90;96;97;116;103;105;93;97;94;98;116;109;113;105;93;109;81;97;109;95;88;84;92;89;95;111;103;120;100;74;98;107;114;83;108;97;82;104;79;73;54;64;70;53;57;45;43;37;24;21;29;23;13;17;11;3;2;0;1;4;2;1;1;1;0
032004;San Dorligo della Valle-Dolina;22;18;25;18;21;25;29;28;20;26;18;29;28;24;19;22;16;23;23;17;31;18;19;30;27;18;24;24;30;23;15;34;30;28;41;31;47;52;38;49;45;60;41;47;64;43;44;49;45;56;37;46;54;50;34;47;37;46;49;34;37;59;50;55;52;26;33;34;35;49;39;44;36;35;41;30;39;29;19;15;33;21;16;13;13;7;6;13;7;3;6;3;0;0;0;1;0;0;0;1;0
032005;Sgonico;10;2;8;7;9;3;9;11;3;6;13;6;4;11;12;10;15;10;4;13;12;7;7;5;9;13;13;5;9;12;10;12;11;16;14;11;11;17;8;12;10;12;11;16;19;12;15;14;11;16;16;25;16;19;18;17;15;12;12;15;16;23;19;23;25;14;9;12;25;14;14;14;18;16;9;11;10;6;6;4;8;4;3;7;3;4;4;2;3;2;2;1;2;0;0;0;0;0;0;0;0
032006;Trieste;796;776;822;807;783;805;839;762;771;781;807;758;742;792;753;762;753;800;867;839;817;881;853;849;850;844;827;918;910;930;959;964;1121;1157;1281;1303;1468;1480;1670;1529;1584;1551;1589;1515;1609;1662;1703;1652;1523;1524;1443;1404;1320;1305;1378;1293;1257;1152;1206;1233;1251;1279;1453;1437;1489;1035;1202;1248;1249;1290;1397;1350;1303;1150;1002;1036;921;858;810;791;821;650;587;560;493;457;406;415;343;303;214;121;51;40;40;40;42;20;17;9;20
;Totale;899;869;948;917;900;918;975;907;877;900;915;905;872;938;867;890;863;921;995;948;962;998;965;952;962;950;947;1040;1032;1044;1059;1098;1261;1317;1449;1481;1683;1701;1896;1776;1815;1805;1814;1758;1880;1906;1958;1903;1764;1781;1668;1656;1541;1528;1609;1525;1455;1366;1434;1423;1463;1553;1702;1695;1752;1190;1397;1440;1477;1504;1629;1578;1519;1370;1183;1196;1070;1010;939;897;955;742;679;638;554;515;465;470;374;331;240;133;55;41;43;47;46;24;18;12;20
Territorio/Età;;0;1;2;3;4;5;6;7;8;9;10;11;12;13;14;15;16;17;18;19;20;21;22;23;24;25;26;27;28;29;30;31;32;33;34;35;36;37;38;39;40;41;42;43;44;45;46;47;48;49;50;51;52;53;54;55;56;57;58;59;60;61;62;63;64;65;66;67;68;69;70;71;72;73;74;75;76;77;78;79;80;81;82;83;84;85;86;87;88;89;90;91;92;93;94;95;96;97;98;99;100
Codice comune;Comune;Femmine
032001;Duino-Aurisina;29;26;36;44;41;28;34;37;36;41;42;27;22;39;47;50;33;43;39;37;29;24;36;22;25;20;18;25;33;29;32;42;33;51;48;43;54;60;72;75;52;63;70;72;75;91;74;71;88;64;66;62;44;78;58;74;60;60;50;52;67;54;54;65;72;55;56;65;71;62;83;74;72;65;66;77;51;38;41;50;53;41;44;40;35;25;35;30;23;27;21;14;7;7;4;5;5;5;9;2;6
032002;Monrupino;5;9;4;3;6;2;3;5;4;5;6;2;1;6;5;4;3;5;4;5;6;3;5;2;1;6;4;4;3;0;2;7;2;4;2;6;10;6;5;6;6;10;10;6;6;5;5;5;8;8;8;7;3;5;8;9;6;2;9;7;10;5;8;8;4;4;7;3;5;8;4;9;6;4;3;7;6;6;1;6;3;4;2;5;1;1;3;4;3;2;1;0;0;2;0;0;0;0;0;0;1
032003;Muggia;45;43;38;43;61;42;50;35;54;39;40;40;45;49;47;57;45;50;49;53;57;61;39;53;46;44;33;45;37;52;54;50;57;76;73;76;83;91;95;119;106;90;93;118;132;111;94;97;74;99;84;84;91;87;111;88;95;89;110;122;104;122;144;121;119;78;115;106;86;112;105;111;94;106;97;88;83;77;75;92;84;71;53;43;59;42;51;45;40;36;31;20;8;5;4;9;11;6;2;3;5
032004;San Dorligo della Valle-Dolina;19;21;19;19;25;22;29;28;27;23;26;21;26;20;21;27;17;28;21;17;26;26;15;22;23;26;23;26;18;14;29;22;31;38;36;33;49;39;48;39;49;44;53;45;43;51;58;51;45;44;45;50;42;44;39;30;38;48;55;36;44;50;49;47;50;32;30;36;31;36;39;49;41;37;44;52;26;28;32;30;32;37;20;23;29;20;23;22;17;12;11;8;1;2;1;4;2;3;0;2;1
032005;Sgonico;12;5;8;17;9;4;5;7;9;7;6;5;8;6;10;5;9;10;6;7;8;10;11;13;11;10;5;9;9;14;6;7;4;12;15;16;16;11;14;11;21;9;15;19;19;18;15;11;19;15;11;17;14;20;21;21;17;13;21;16;20;26;18;26;26;19;10;20;11;23;12;11;12;13;7;13;8;8;9;12;8;13;6;5;6;8;3;4;4;5;2;1;1;0;1;0;0;0;0;0;0
032006;Trieste;758;755;722;737;752;701;735;744;715;754;757;743;738;714;758;694;748;714;779;772;833;731;789;755;762;831;866;832;875;888;975;981;1116;1119;1323;1400;1462;1554;1592;1630;1593;1544;1567;1593;1665;1745;1720;1589;1543;1467;1443;1447;1434;1407;1355;1385;1311;1337;1340;1344;1531;1431;1600;1703;1671;1171;1463;1451;1482;1611;1760;1629;1623;1497;1391;1374;1302;1330;1244;1263;1276;1179;1028;989;1119;1010;926;858;900;824;788;420;192;171;111;150;162;120;100;56;106
;Totale;868;859;827;863;894;799;856;856;845;869;877;838;840;834;888;837;855;850;898;891;959;855;895;867;868;937;949;941;975;997;1098;1109;1243;1300;1497;1574;1674;1761;1826;1880;1827;1760;1808;1853;1940;2021;1966;1824;1777;1697;1657;1667;1628;1641;1592;1607;1527;1549;1585;1577;1776;1688;1873;1970;1942;1359;1681;1681;1686;1852;2003;1883;1848;1722;1608;1611;1476;1487;1402;1453;1456;1345;1153;1105;1249;1106;1041;963;987;906;854;463;209;187;121;168;180;134;111;63;119

"Ricostruzione della popolazione intercensuaria - Popolazione al 1° gennaio per età"
"Tutte le cittadinanze - Anno: 2012 - Provincia: Trieste"
Territorio/Età;;0;1;2;3;4;5;6;7;8;9;10;11;12;13;14;15;16;17;18;19;20;21;22;23;24;25;26;27;28;29;30;31;32;33;34;35;36;37;38;39;40;41;42;43;44;45;46;47;48;49;50;51;52;53;54;55;56;57;58;59;60;61;62;63;64;65;66;67;68;69;70;71;72;73;74;75;76;77;78;79;80;81;82;83;84;85;86;87;88;89;90;91;92;93;94;95;96;97;98;99;100
Codice comune;Comune;Totale
032001;Duino-Aurisina;54;63;52;72;78;71;63;72;75;72;76;78;74;52;87;72;85;70;79;73;76;64;59;67;51;50;54;40;58;68;49;63;74;81;88;86;100;128;114;153;134;117;135;146;145;159;174;147;144;156;136;137;131;110;129;117;145;111;127;115;104;126;121;122;118;148;89;106;100;121;129;141;140;142;120;108;118;89;86;71;74;81;59;68;61;52;46;50;39;27;29;25;18;7;5;5;7;5;3;7;6
032002;Monrupino;6;11;12;8;7;12;8;7;10;6;12;6;6;5;10;8;9;5;6;8;8;10;8;5;5;4;8;12;9;8;3;7;6;7;7;11;14;14;11;10;16;14;20;16;15;12;13;15;12;13;17;17;14;8;10;17;15;13;9;19;11;14;20;15;13;15;8;12;6;7;11;11;15;10;7;8;12;11;9;2;8;7;4;3;5;3;0;2;8;3;2;2;1;0;2;0;0;1;0;0;0
032003;Muggia;74;80;79;93;97;116;86;106;95;100;85;80;102;106;104;104;114;86;98;112;93;127;110;93;93;89;87;89;96;85;106;89;106;109;150;147;161;179;188;194;239;218;197;186;216;227;211;208;212;188;205;181;194;172;179;221;179;182;173;200;209;205;235;244;238;220;149;214;212;195;193;210;204;172;202;173;160;132;139;139;140;137;109;87;72;74;58;69;61;48;42;32;21;4;3;3;9;10;2;2;7
032004;San Dorligo della Valle-Dolina;50;45;41;46;39;48;45;59;56;45;47;44;48;52;43;39;49;33;54;45;33;57;42;36;54;49;44;46;48;46;38;48;55;63;59;85;64;97;94;88;89;97;100;93;95;105;94;103;100;91;99;86;94;96;96;73;76;74;89;105;68;79;108;97;101;95;58;64;69;65;87;78;92;76;70;83;80;66;54;50;43;61;56;34;32;39;25;27;31;20;14;18;8;0;3;2;5;2;3;0;3
032005;Sgonico;10;20;9;15;25;18;9;15;19;12;13;20;10;14;16;21;15;22;20;9;20;19;17;18;17;24;21;20;15;19;29;18;17;14;25;29;24;31;32;24;23;33;21;26;35;41;30;31;24;32;30;26;41;32;39;38;37;32;25;33;30;35;49;37;49;48;33;20;31;36;37;26;23;29;29;15;23;17;13;15;14;16;16;9;12;9;12;7;5;6;6;3;2;2;0;1;0;0;0;0;0
032006;Trieste;1473;1550;1511;1558;1545;1533;1521;1580;1512;1502;1528;1564;1512;1484;1522;1526;1461;1521;1539;1662;1650;1688;1657;1698;1662;1669;1723;1754;1810;1796;1857;1951;2003;2247;2319;2593;2682;2931;3013;3258;3156;3167;3075;3140;3112;3269;3417;3432;3238;3051;2990;2894;2845;2754;2719;2719;2676;2562;2485;2536;2578;2773;2685;3034;3101;3119;2196;2642;2665;2684;2857;3107;2904;2880;2591;2333;2353;2162;2114;1973;1949;1998;1734;1511;1410;1493;1343;1195;1135;1091;969;851;450;195;177;118;143;149;99;93;122
;Totale;1667;1769;1704;1792;1791;1798;1732;1839;1767;1737;1761;1792;1752;1713;1782;1770;1733;1737;1796;1909;1880;1965;1893;1917;1882;1885;1937;1961;2036;2022;2082;2176;2261;2521;2648;2951;3045;3380;3452;3727;3657;3646;3548;3607;3618;3813;3939;3936;3730;3531;3477;3341;3319;3172;3172;3185;3128;2974;2908;3008;3000;3232;3218;3549;3620;3645;2533;3058;3083;3108;3314;3573;3378;3309;3019;2720;2746;2477;2415;2250;2228;2300;1978;1712;1592;1670;1484;1350;1279;1195;1062;931;500;208;190;129;164;167;107;102;138
Territorio/Età;;0;1;2;3;4;5;6;7;8;9;10;11;12;13;14;15;16;17;18;19;20;21;22;23;24;25;26;27;28;29;30;31;32;33;34;35;36;37;38;39;40;41;42;43;44;45;46;47;48;49;50;51;52;53;54;55;56;57;58;59;60;61;62;63;64;65;66;67;68;69;70;71;72;73;74;75;76;77;78;79;80;81;82;83;84;85;86;87;88;89;90;91;92;93;94;95;96;97;98;99;100
Codice comune;Comune;Maschi
032001;Duino-Aurisina;27;35;28;37;35;29;35;36;39;36;32;37;47;30;48;27;35;36;37;36;38;36;36;31;29;26;33;20;27;33;20;33;28;44;39;34;55;69;52;81;59;64;67;75;73;85;84;70;73;67;71;73;66;65;51;63;70;49;67;64;51;58;66;68;52;74;35;50;36;50;65;60;66;71;57;43;42;40;49;31;31;30;19;27;22;17;25;18;12;7;5;7;4;0;1;1;2;1;1;0;0
032002;Monrupino;3;5;3;4;4;7;6;4;5;2;7;0;4;4;4;3;5;2;1;4;3;5;5;1;3;3;2;7;6;5;2;5;2;3;4;8;8;6;5;5;10;8;10;6;8;6;8;10;7;5;9;8;7;5;5;10;5;7;6;10;4;4;15;7;5;11;4;5;4;3;3;7;6;4;3;5;5;5;4;1;2;3;0;1;0;2;0;0;4;0;0;0;1;0;0;0;0;0;0;0;0
032003;Muggia;35;33;38;55;51;49;45;55;57;47;49;39;62;60;56;57;57;41;48;61;38;68;51;54;39;47;43;58;51;45;54;38;58;52;70;73;81;93;97;98;121;107;107;93;97;97;102;112;115;112;106;92;107;82;95;107;91;88;85;91;89;97;114;102;119;102;71;99;105;112;79;105;98;78;99;76;72;51;63;69;49;56;40;42;33;20;19;24;20;14;14;9;3;0;0;1;3;1;0;1;1
032004;San Dorligo della Valle-Dolina;25;21;18;27;20;21;24;31;27;19;24;17;28;27;24;18;22;16;23;23;17;34;17;20;29;25;19;20;26;30;24;18;32;31;24;47;29;48;53;38;52;48;58;41;48;62;43;47;49;45;56;40;44;55;51;34;46;37;44;50;34;36;59;48;54;47;25;34;34;35;49;39;43;34;33;40;29;40;27;18;15;31;20;16;11;12;7;6;13;6;1;6;3;0;0;1;1;0;0;0;1
032005;Sgonico;1;10;2;7;8;9;4;9;11;2;6;13;6;4;11;12;10;14;10;4;13;11;7;7;5;11;12;14;6;9;12;11;12;10;15;16;9;14;22;10;14;12;12;12;16;20;12;15;13;12;14;16;24;18;20;17;16;15;12;12;15;17;23;19;23;23;14;10;11;25;14;14;12;18;16;9;11;9;6;6;2;8;4;3;7;3;4;4;2;3;2;2;1;2;0;0;0;0;0;0;0
032006;Trieste;796;790;764;829;810;784;812;844;769;778;778;812;762;747;806;756;767;758;820;876;854;830;904;872;864;861;868;852;952;904;943;961;987;1138;1167;1272;1290;1472;1466;1660;1515;1569;1532;1578;1501;1607;1668;1710;1653;1515;1523;1448;1401;1306;1303;1368;1288;1252;1148;1203;1231;1250;1265;1435;1412;1463;1029;1182;1230;1219;1268;1369;1305;1274;1118;967;1011;888;816;767;739;779;606;532;491;441;409;338;362;282;248;179;96;34;31;34;28;27;14;12;18
;Totale;887;894;853;959;928;899;926;979;908;884;896;918;909;872;949;873;896;867;939;1004;963;984;1020;985;969;973;977;971;1068;1026;1055;1066;1119;1278;1319;1450;1472;1702;1695;1892;1771;1808;1786;1805;1743;1877;1917;1964;1910;1756;1779;1677;1649;1531;1525;1599;1516;1448;1362;1430;1424;1462;1542;1679;1665;1720;1178;1380;1420;1444;1478;1594;1530;1479;1326;1140;1170;1033;965;892;838;907;689;621;564;495;464;390;413;312;270;203;108;36;32;37;34;29;15;13;20
Territorio/Età;;0;1;2;3;4;5;6;7;8;9;10;11;12;13;14;15;16;17;18;19;20;21;22;23;24;25;26;27;28;29;30;31;32;33;34;35;36;37;38;39;40;41;42;43;44;45;46;47;48;49;50;51;52;53;54;55;56;57;58;59;60;61;62;63;64;65;66;67;68;69;70;71;72;73;74;75;76;77;78;79;80;81;82;83;84;85;86;87;88;89;90;91;92;93;94;95;96;97;98;99;100
Codice comune;Comune;Femmine
032001;Duino-Aurisina;27;28;24;35;43;42;28;36;36;36;44;41;27;22;39;45;50;34;42;37;38;28;23;36;22;24;21;20;31;35;29;30;46;37;49;52;45;59;62;72;75;53;68;71;72;74;90;77;71;89;65;64;65;45;78;54;75;62;60;51;53;68;55;54;66;74;54;56;64;71;64;81;74;71;63;65;76;49;37;40;43;51;40;41;39;35;21;32;27;20;24;18;14;7;4;4;5;4;2;7;6
032002;Monrupino;3;6;9;4;3;5;2;3;5;4;5;6;2;1;6;5;4;3;5;4;5;5;3;4;2;1;6;5;3;3;1;2;4;4;3;3;6;8;6;5;6;6;10;10;7;6;5;5;5;8;8;9;7;3;5;7;10;6;3;9;7;10;5;8;8;4;4;7;2;4;8;4;9;6;4;3;7;6;5;1;6;4;4;2;5;1;0;2;4;3;2;2;0;0;2;0;0;1;0;0;0
032003;Muggia;39;47;41;38;46;67;41;51;38;53;36;41;40;46;48;47;57;45;50;51;55;59;59;39;54;42;44;31;45;40;52;51;48;57;80;74;80;86;91;96;118;111;90;93;119;130;109;96;97;76;99;89;87;90;84;114;88;94;88;109;120;108;121;142;119;118;78;115;107;83;114;105;106;94;103;97;88;81;76;70;91;81;69;45;39;54;39;45;41;34;28;23;18;4;3;2;6;9;2;1;6
032004;San Dorligo della Valle-Dolina;25;24;23;19;19;27;21;28;29;26;23;27;20;25;19;21;27;17;31;22;16;23;25;16;25;24;25;26;22;16;14;30;23;32;35;38;35;49;41;50;37;49;42;52;47;43;51;56;51;46;43;46;50;41;45;39;30;37;45;55;34;43;49;49;47;48;33;30;35;30;38;39;49;42;37;43;51;26;27;32;28;30;36;18;21;27;18;21;18;14;13;12;5;0;3;1;4;2;3;0;2
032005;Sgonico;9;10;7;8;17;9;5;6;8;10;7;7;4;10;5;9;5;8;10;5;7;8;10;11;12;13;9;6;9;10;17;7;5;4;10;13;15;17;10;14;9;21;9;14;19;21;18;16;11;20;16;10;17;14;19;21;21;17;13;21;15;18;26;18;26;25;19;10;20;11;23;12;11;11;13;6;12;8;7;9;12;8;12;6;5;6;8;3;3;3;4;1;1;0;0;1;0;0;0;0;0
032006;Trieste;677;760;747;729;735;749;709;736;743;724;750;752;750;737;716;770;694;763;719;786;796;858;753;826;798;808;855;902;858;892;914;990;1016;1109;1152;1321;1392;1459;1547;1598;1641;1598;1543;1562;1611;1662;1749;1722;1585;1536;1467;1446;1444;1448;1416;1351;1388;1310;1337;1333;1347;1523;1420;1599;1689;1656;1167;1460;1435;1465;1589;1738;1599;1606;1473;1366;1342;1274;1298;1206;1210;1219;1128;979;919;1052;934;857;773;809;721;672;354;161;146;84;115;122;85;81;104
;Totale;780;875;851;833;863;899;806;860;859;853;865;874;843;841;833;897;837;870;857;905;917;981;873;932;913;912;960;990;968;996;1027;1110;1142;1243;1329;1501;1573;1678;1757;1835;1886;1838;1762;1802;1875;1936;2022;1972;1820;1775;1698;1664;1670;1641;1647;1586;1612;1526;1546;1578;1576;1770;1676;1870;1955;1925;1355;1678;1663;1664;1836;1979;1848;1830;1693;1580;1576;1444;1450;1358;1390;1393;1289;1091;1028;1175;1020;960;866;883;792;728;392;172;158;92;130;138;92;89;118

"Ricostruzione della popolazione intercensuaria - Popolazione al 1° gennaio per età"
"Tutte le cittadinanze - Anno: 2013 - Provincia: Trieste"
Territorio/Età;;0;1;2;3;4;5;6;7;8;9;10;11;12;13;14;15;16;17;18;19;20;21;22;23;24;25;26;27;28;29;30;31;32;33;34;35;36;37;38;39;40;41;42;43;44;45;46;47;48;49;50;51;52;53;54;55;56;57;58;59;60;61;62;63;64;65;66;67;68;69;70;71;72;73;74;75;76;77;78;79;80;81;82;83;84;85;86;87;88;89;90;91;92;93;94;95;96;97;98;99;100
Codice comune;Comune;Totale
032001;Duino-Aurisina;55;56;62;52;69;82;76;64;71;75;71;78;80;74;53;87;73;84;69;80;75;75;65;62;67;51;50;54;41;56;73;56;65;77;78;91;80;96;124;116;150;136;116;132;149;148;155;176;148;141;147;134;136;126;111;131;113;144;109;132;116;102;131;122;117;116;148;89;105;98;120;128;134;140;143;120;107;117;85;83;70;71;77;55;62;55;51;44;45;36;24;27;21;11;7;4;4;6;5;1;8
032002;Monrupino;2;6;11;11;8;7;13;7;7;10;6;11;6;6;5;10;7;9;4;5;8;9;9;8;5;4;4;8;13;10;9;4;8;6;9;5;10;15;11;9;10;16;14;23;16;14;12;13;14;13;13;17;16;13;9;10;18;14;13;9;18;11;15;18;16;13;15;8;12;6;7;11;11;15;9;7;8;12;11;9;2;8;5;4;2;6;2;0;1;7;3;3;2;2;0;2;0;0;0;0;0
032003;Muggia;73;78;85;77;101;100;120;87;107;99;100;89;82;106;105;104;104;114;88;103;115;94;129;110;96;98;91;89;82;102;92;108;88;111;114;162;145;165;184;191;201;239;221;200;189;219;232;219;211;209;187;206;180;195;173;182;218;176;188;176;202;205;208;231;242;237;218;149;213;212;193;195;204;203;165;201;168;154;128;127;135;134;136;104;86;65;67;49;61;56;41;37;29;16;3;3;3;6;4;2;4
032004;San Dorligo della Valle-Dolina;36;53;46;39;48;41;49;46;59;56;47;47;44;48;52;44;39;49;32;52;43;34;55;38;36;54;49;43;46;52;47;40;46;54;64;57;85;63;95;98;89;87;97;100;97;95;105;96;99;97;91;97;88;96;97;94;74;76;72;88;105;66;82;108;97;101;97;59;61;68;64;86;77;87;76;69;78;76;63;50;51;40;61;53;32;30;35;19;26;27;15;10;14;6;0;2;1;5;1;3;0
032005;Sgonico;17;13;23;10;15;24;20;11;15;20;12;14;19;11;13;16;21;15;22;19;10;20;20;17;17;17;21;19;18;14;15;30;20;17;14;24;28;25;30;34;25;21;35;21;29;34;37;30;32;24;33;29;27;42;32;41;37;38;32;24;34;31;35;50;38;50;49;32;20;31;35;36;25;22;30;29;15;23;14;13;15;14;15;17;10;12;8;9;8;5;6;5;2;2;2;0;0;0;0;0;0
032006;Trieste;1547;1478;1552;1525;1569;1549;1545;1534;1589;1529;1512;1535;1572;1514;1492;1513;1544;1473;1540;1554;1680;1668;1717;1700;1740;1694;1722;1790;1832;1890;1849;1902;1976;2028;2271;2348;2632;2718;2938;3028;3254;3177;3212;3094;3143;3134;3272;3416;3465;3247;3059;3006;2893;2861;2751;2711;2733;2664;2555;2465;2499;2560;2776;2663;3008;3078;3097;2177;2610;2636;2652;2804;3058;2839;2807;2524;2275;2271;2099;2033;1904;1849;1876;1642;1388;1319;1388;1208;1050;987;937;824;675;352;149;135;91;97;102;73;134
;Totale;1730;1684;1779;1714;1810;1803;1823;1749;1848;1789;1748;1774;1803;1759;1720;1774;1788;1744;1755;1813;1931;1900;1995;1935;1961;1918;1937;2003;2032;2124;2085;2140;2203;2293;2550;2687;2980;3082;3382;3476;3729;3676;3695;3570;3623;3644;3813;3950;3969;3731;3530;3489;3340;3333;3173;3169;3193;3112;2969;2894;2974;2975;3247;3192;3518;3595;3624;2514;3021;3051;3071;3260;3509;3306;3230;2950;2651;2653;2400;2315;2177;2116;2170;1875;1580;1487;1551;1329;1191;1118;1026;906;743;389;161;146;99;114;112;79;146
Territorio/Età;;0;1;2;3;4;5;6;7;8;9;10;11;12;13;14;15;16;17;18;19;20;21;22;23;24;25;26;27;28;29;30;31;32;33;34;35;36;37;38;39;40;41;42;43;44;45;46;47;48;49;50;51;52;53;54;55;56;57;58;59;60;61;62;63;64;65;66;67;68;69;70;71;72;73;74;75;76;77;78;79;80;81;82;83;84;85;86;87;88;89;90;91;92;93;94;95;96;97;98;99;100
Codice comune;Comune;Maschi
032001;Duino-Aurisina;23;30;34;31;37;37;34;35;35;39;35;34;38;47;33;49;26;35;35;40;35;37;38;37;31;28;27;32;21;28;35;24;36;33;41;44;32;52;67;54;79;61;61;64;79;73;84;86;74;72;63;70;72;62;67;52;63;68;45;68;64;51;62;65;66;51;76;36;48;34;49;64;56;65;72;57;42;42;38;46;30;30;29;15;26;17;16;22;16;12;7;3;5;2;0;1;0;1;1;0;0
032002;Monrupino;2;3;5;3;4;4;7;5;4;5;2;6;0;4;4;4;3;5;1;0;4;3;5;5;1;3;3;2;7;6;6;2;5;2;5;4;7;9;6;4;5;10;8;11;6;8;6;8;9;8;5;9;8;7;6;5;10;5;7;6;10;5;5;13;8;5;11;4;5;4;3;3;7;6;4;3;5;5;5;4;1;2;2;0;1;0;2;0;0;4;0;0;0;1;0;0;0;0;0;0;0
032003;Muggia;37;40;37;36;59;53;50;44;55;59;48;49;39;61;59;55;56;54;43;53;60;39;69;51;54;42;48;43;53;54;50;57;36;67;55;76;70;82;97;98;102;122;107;111;93;99;104;104;114;113;110;104;90;108;83;95;106;92;91;86;93;86;97;111;101;119;101;71;97;106;110;80;101;98;71;98;73;68;49;58;68;46;56;38;41;28;15;12;20;18;11;11;7;2;0;0;1;3;0;0;1
032004;San Dorligo della Valle-Dolina;19;26;23;17;27;21;21;25;30;26;19;25;16;27;27;25;18;22;15;23;22;16;33;16;20;31;26;20;20;28;31;23;16;31;32;24;49;29;49;56;39;50;47;59;42;49;60;45;44;46;45;55;40;47;55;49;36;46;35;43;51;32;37;59;48;54;47;25;32;33;34;48;37;41;34;33;39;26;37;25;19;14;30;20;14;10;10;5;7;11;5;1;3;2;0;0;0;1;0;0;0
032005;Sgonico;10;4;13;4;8;8;9;6;9;12;2;6;13;7;4;11;12;11;14;9;5;13;11;7;6;5;9;11;13;5;6;12;12;11;10;15;15;10;12;22;10;11;12;12;15;16;18;12;15;13;12;14;17;25;18;22;17;16;15;12;12;16;17;23;20;25;24;13;10;11;25;14;13;11;19;16;9;11;6;6;6;2;7;4;3;7;2;3;5;2;3;2;1;1;2;0;0;0;0;0;0
032006;Trieste;794;799;784;771;840;808;791;816;849;775;782;783;815;770;752;800;773;777;774;823;889;867;847;926;890;877;888;892;895;989;948;973;991;1001;1154;1188;1295;1302;1475;1472;1661;1530;1593;1532;1579;1515;1594;1668;1727;1657;1519;1529;1448;1405;1303;1294;1366;1279;1250;1136;1186;1215;1249;1247;1414;1388;1443;1013;1162;1209;1197;1239;1346;1267;1230;1078;936;963;855;769;726;692;711;564;470;445;397;348;279;305;228;199;132;64;26;23;26;16;19;8;16
;Totale;885;902;896;862;975;931;912;931;982;916;888;903;921;916;879;944;888;904;882;948;1015;975;1003;1042;1002;986;1001;1000;1009;1110;1076;1091;1096;1145;1297;1351;1468;1484;1706;1706;1896;1784;1828;1789;1814;1760;1866;1923;1983;1909;1754;1781;1675;1654;1532;1517;1598;1506;1443;1351;1416;1405;1467;1518;1657;1642;1702;1162;1354;1397;1418;1448;1560;1488;1430;1285;1104;1115;990;908;850;786;835;641;555;507;442;390;327;352;254;216;148;72;28;24;27;21;20;8;17
Territorio/Età;;0;1;2;3;4;5;6;7;8;9;10;11;12;13;14;15;16;17;18;19;20;21;22;23;24;25;26;27;28;29;30;31;32;33;34;35;36;37;38;39;40;41;42;43;44;45;46;47;48;49;50;51;52;53;54;55;56;57;58;59;60;61;62;63;64;65;66;67;68;69;70;71;72;73;74;75;76;77;78;79;80;81;82;83;84;85;86;87;88;89;90;91;92;93;94;95;96;97;98;99;100
Codice comune;Comune;Femmine
032001;Duino-Aurisina;32;26;28;21;32;45;42;29;36;36;36;44;42;27;20;38;47;49;34;40;40;38;27;25;36;23;23;22;20;28;38;32;29;44;37;47;48;44;57;62;71;75;55;68;70;75;71;90;74;69;84;64;64;64;44;79;50;76;64;64;52;51;69;57;51;65;72;53;57;64;71;64;78;75;71;63;65;75;47;37;40;41;48;40;36;38;35;22;29;24;17;24;16;9;7;3;4;5;4;1;8
032002;Monrupino;0;3;6;8;4;3;6;2;3;5;4;5;6;2;1;6;4;4;3;5;4;6;4;3;4;1;1;6;6;4;3;2;3;4;4;1;3;6;5;5;5;6;6;12;10;6;6;5;5;5;8;8;8;6;3;5;8;9;6;3;8;6;10;5;8;8;4;4;7;2;4;8;4;9;5;4;3;7;6;5;1;6;3;4;1;6;0;0;1;3;3;3;2;1;0;2;0;0;0;0;0
032003;Muggia;36;38;48;41;42;47;70;43;52;40;52;40;43;45;46;49;48;60;45;50;55;55;60;59;42;56;43;46;29;48;42;51;52;44;59;86;75;83;87;93;99;117;114;89;96;120;128;115;97;96;77;102;90;87;90;87;112;84;97;90;109;119;111;120;141;118;117;78;116;106;83;115;103;105;94;103;95;86;79;69;67;88;80;66;45;37;52;37;41;38;30;26;22;14;3;3;2;3;4;2;3
032004;San Dorligo della Valle-Dolina;17;27;23;22;21;20;28;21;29;30;28;22;28;21;25;19;21;27;17;29;21;18;22;22;16;23;23;23;26;24;16;17;30;23;32;33;36;34;46;42;50;37;50;41;55;46;45;51;55;51;46;42;48;49;42;45;38;30;37;45;54;34;45;49;49;47;50;34;29;35;30;38;40;46;42;36;39;50;26;25;32;26;31;33;18;20;25;14;19;16;10;9;11;4;0;2;1;4;1;3;0
032005;Sgonico;7;9;10;6;7;16;11;5;6;8;10;8;6;4;9;5;9;4;8;10;5;7;9;10;11;12;12;8;5;9;9;18;8;6;4;9;13;15;18;12;15;10;23;9;14;18;19;18;17;11;21;15;10;17;14;19;20;22;17;12;22;15;18;27;18;25;25;19;10;20;10;22;12;11;11;13;6;12;8;7;9;12;8;13;7;5;6;6;3;3;3;3;1;1;0;0;0;0;0;0;0
032006;Trieste;753;679;768;754;729;741;754;718;740;754;730;752;757;744;740;713;771;696;766;731;791;801;870;774;850;817;834;898;937;901;901;929;985;1027;1117;1160;1337;1416;1463;1556;1593;1647;1619;1562;1564;1619;1678;1748;1738;1590;1540;1477;1445;1456;1448;1417;1367;1385;1305;1329;1313;1345;1527;1416;1594;1690;1654;1164;1448;1427;1455;1565;1712;1572;1577;1446;1339;1308;1244;1264;1178;1157;1165;1078;918;874;991;860;771;682;709;625;543;288;123;112;65;81;83;65;118
;Totale;845;782;883;852;835;872;911;818;866;873;860;871;882;843;841;830;900;840;873;865;916;925;992;893;959;932;936;1003;1023;1014;1009;1049;1107;1148;1253;1336;1512;1598;1676;1770;1833;1892;1867;1781;1809;1884;1947;2027;1986;1822;1776;1708;1665;1679;1641;1652;1595;1606;1526;1543;1558;1570;1780;1674;1861;1953;1922;1352;1667;1654;1653;1812;1949;1818;1800;1665;1547;1538;1410;1407;1327;1330;1335;1234;1025;980;1109;939;864;766;772;690;595;317;133;122;72;93;92;71;129

"Ricostruzione della popolazione intercensuaria - Popolazione al 1° gennaio per età"
"Tutte le cittadinanze - Anno: 2014 - Provincia: Trieste"
Territorio/Età;;0;1;2;3;4;5;6;7;8;9;10;11;12;13;14;15;16;17;18;19;20;21;22;23;24;25;26;27;28;29;30;31;32;33;34;35;36;37;38;39;40;41;42;43;44;45;46;47;48;49;50;51;52;53;54;55;56;57;58;59;60;61;62;63;64;65;66;67;68;69;70;71;72;73;74;75;76;77;78;79;80;81;82;83;84;85;86;87;88;89;90;91;92;93;94;95;96;97;98;99;100
Codice comune;Comune;Totale
032001;Duino-Aurisina;44;56;58;59;55;66;79;81;63;71;74;68;78;81;71;53;87;74;87;69;78;74;78;69;68;69;52;49;58;39;49;75;56;69;75;75;94;82;93;116;117;153;130;120;133;146;150;154;181;153;140;145;134;135;124;111;137;113;143;108;131;114;105;131;121;116;114;146;88;99;97;119;128;134;138;142;115;107;114;83;80;66;69;77;51;57;51;46;45;40;34;22;25;20;5;5;4;4;5;5;7
032002;Monrupino;7;3;6;11;12;8;6;13;7;6;11;6;11;7;6;5;10;9;9;5;5;7;9;9;8;5;4;4;10;12;11;10;3;8;6;8;4;10;15;11;10;10;15;14;25;16;15;12;14;14;13;14;17;15;12;9;10;18;13;13;9;17;11;14;18;15;14;14;8;14;6;7;10;11;15;9;7;7;12;11;9;2;8;5;3;2;4;3;0;1;6;3;3;2;1;0;0;0;0;0;0
032003;Muggia;65;83;81;85;79;105;100;117;92;113;100;99;91;81;103;104;106;103;113;89;102;109;93;127;114;92;97;85;85;85;96;91;103;84;109;122;155;145;176;189;187;195;237;222;202;192;222;226;221;217;208;187;203;177;196;166;184;220;175;192;180;203;205;208;229;246;236;218;146;208;213;192;193;208;202;166;192;161;151;122;122;130;125;132;98;78;56;65;38;57;49;35;31;25;12;3;3;4;3;3;2
032004;San Dorligo della Valle-Dolina;42;39;54;49;39;48;45;51;45;58;57;47;48;45;50;53;44;39;49;34;52;45;35;53;39;36;50;51;38;44;49;48;41;47;55;65;56;85;63;96;98;89;90;99;103;97;92;110;97;101;99;92;98;92;98;98;93;73;76;71;93;103;66;83;106;97;101;95;56;63;67;63;86;78;83;76;67;76;73;59;49;50;37;56;48;26;25;32;18;26;23;14;10;6;7;0;2;1;4;1;1
032005;Sgonico;11;18;15;21;11;18;25;21;10;17;22;13;14;19;13;14;16;21;14;22;17;10;19;19;18;17;16;14;20;18;14;13;29;18;17;14;27;27;25;32;35;26;21;37;20;31;34;37;32;31;24;31;30;25;41;33;45;36;37;32;25;35;34;34;51;38;51;49;30;20;31;33;35;25;22;29;29;14;23;13;12;14;13;15;14;9;12;8;8;5;2;4;4;2;2;1;0;0;0;0;0
032006;Trieste;1400;1535;1492;1559;1537;1575;1554;1550;1544;1594;1538;1512;1543;1586;1539;1514;1531;1561;1496;1563;1583;1719;1711;1754;1740;1773;1750;1799;1871;1882;1937;1894;1927;2023;2060;2305;2370;2659;2756;2974;3067;3268;3212;3213;3117;3150;3174;3306;3424;3459;3264;3079;3016;2920;2879;2766;2715;2740;2671;2549;2450;2489;2549;2767;2650;2989;3054;3064;2162;2582;2590;2625;2763;3003;2772;2747;2471;2205;2204;2032;1934;1805;1754;1779;1520;1288;1216;1262;1067;917;834;797;697;547;280;118;106;68;68;60;141
;Totale;1569;1734;1706;1784;1733;1820;1809;1833;1761;1859;1802;1745;1785;1819;1782;1743;1794;1807;1768;1782;1837;1964;1945;2031;1987;1992;1969;2002;2082;2080;2156;2131;2159;2249;2322;2589;2706;3008;3128;3418;3514;3741;3705;3705;3600;3632;3687;3845;3969;3975;3748;3548;3498;3364;3350;3183;3184;3200;3115;2965;2888;2961;2970;3237;3175;3501;3570;3586;2490;2986;3004;3039;3215;3459;3232;3169;2881;2570;2577;2320;2206;2067;2006;2064;1734;1460;1364;1416;1176;1046;948;875;770;602;307;127;115;77;80;69;151
Territorio/Età;;0;1;2;3;4;5;6;7;8;9;10;11;12;13;14;15;16;17;18;19;20;21;22;23;24;25;26;27;28;29;30;31;32;33;34;35;36;37;38;39;40;41;42;43;44;45;46;47;48;49;50;51;52;53;54;55;56;57;58;59;60;61;62;63;64;65;66;67;68;69;70;71;72;73;74;75;76;77;78;79;80;81;82;83;84;85;86;87;88;89;90;91;92;93;94;95;96;97;98;99;100
Codice comune;Comune;Maschi
032001;Duino-Aurisina;26;24;30;33;33;35;37;36;35;35;39;32;34;38;43;34;49;27;37;36;40;35;38;38;41;32;28;28;35;20;27;35;27;41;34;38;45;33;49;65;54;78;59;63;64;77;74;83;89;75;70;63;71;71;62;68;56;63;67;44;66;64;51;61;65;65;48;76;35;45;34;49;65;55;62;71;56;41;40;39;44;27;29;29;14;23;16;13;20;12;9;6;2;3;0;1;1;0;1;1;0
032002;Monrupino;4;2;3;5;3;4;3;7;5;3;6;2;6;1;4;4;4;5;5;1;0;4;3;5;5;1;4;2;2;6;6;8;1;5;2;4;4;7;9;6;4;5;9;8;11;6;9;6;9;9;8;6;9;8;6;6;5;10;4;8;6;10;5;5;13;7;5;10;4;6;4;3;2;7;6;4;3;4;5;5;4;1;2;2;0;1;0;3;0;0;3;0;0;0;1;0;0;0;0;0;0
032003;Muggia;34;41;40;38;38;62;51;51;48;60;58;47;49;39;60;58;56;56;54;43;51;59;38;69;52;51;44;47;39;51;48;49;56;34;65;58;75;66;86;99;95;96;124;106;112;92;99;101;108;117;111;112;101;89;108;78;96;108;91;94;89;94;87;98;110;103;118;100;69;94;108;110;79;102;96;73;89;68;66;44;57;65;44;53;37;37;25;14;11;17;14;9;10;4;2;0;0;2;1;0;0
032004;San Dorligo della Valle-Dolina;18;20;26;25;17;27;21;22;25;30;28;19;26;17;28;28;25;17;22;16;23;24;16;34;18;21;31;25;18;21;28;32;24;14;31;32;23;49;30;47;55;40;53;46;60;42;49;62;46;46;44;44;57;41;48;55;48;36;45;33;44;50;32;36;59;50;53;46;26;34;33;34;47;37;38;34;33;37;24;33;24;17;12;27;16;11;7;8;4;6;11;5;1;1;2;0;0;0;1;0;0
032005;Sgonico;5;10;5;13;4;10;7;10;5;9;12;3;6;13;8;4;10;12;11;14;8;4;13;11;7;8;4;6;12;13;6;6;12;13;10;10;17;14;11;15;22;11;9;13;11;15;16;18;13;14;13;10;15;16;25;18;24;18;15;15;12;13;18;16;24;19;26;24;12;9;11;24;13;13;11;18;16;9;11;6;5;6;2;7;3;2;7;2;3;3;1;2;2;1;1;1;0;0;0;0;0
032006;Trieste;751;781;807;784;790;843;809;790;824;844;781;779;786;823;782;761;810;785;790;783;841;909;891;867;945;908;901;921;939;918;1022;977;989;1017;1020;1179;1187;1315;1331;1486;1492;1666;1546;1592;1542;1580;1541;1616;1666;1724;1657;1528;1525;1457;1405;1308;1295;1370;1279;1248;1125;1177;1208;1241;1226;1403;1370;1427;996;1141;1186;1179;1214;1316;1232;1194;1051;894;923;818;720;680;644;669;517;429;397;345;292;245;244;180;156;102;50;21;12;18;10;6;18
;Totale;838;878;911;898;885;981;928;916;942;981;924;882;907;931;925;889;954;902;919;893;963;1035;999;1024;1068;1021;1012;1029;1045;1029;1137;1107;1109;1124;1162;1321;1351;1484;1516;1718;1722;1896;1800;1828;1800;1812;1788;1886;1931;1985;1903;1763;1778;1682;1654;1533;1524;1605;1501;1442;1342;1408;1401;1457;1497;1647;1620;1683;1142;1329;1376;1399;1420;1530;1445;1394;1248;1053;1069;945;854;796;733;787;587;503;452;385;330;283;282;202;171;111;56;23;13;20;13;7;18
Territorio/Età;;0;1;2;3;4;5;6;7;8;9;10;11;12;13;14;15;16;17;18;19;20;21;22;23;24;25;26;27;28;29;30;31;32;33;34;35;36;37;38;39;40;41;42;43;44;45;46;47;48;49;50;51;52;53;54;55;56;57;58;59;60;61;62;63;64;65;66;67;68;69;70;71;72;73;74;75;76;77;78;79;80;81;82;83;84;85;86;87;88;89;90;91;92;93;94;95;96;97;98;99;100
Codice comune;Comune;Femmine
032001;Duino-Aurisina;18;32;28;26;22;31;42;45;28;36;35;36;44;43;28;19;38;47;50;33;38;39;40;31;27;37;24;21;23;19;22;40;29;28;41;37;49;49;44;51;63;75;71;57;69;69;76;71;92;78;70;82;63;64;62;43;81;50;76;64;65;50;54;70;56;51;66;70;53;54;63;70;63;79;76;71;59;66;74;44;36;39;40;48;37;34;35;33;25;28;25;16;23;17;5;4;3;4;4;4;7
032002;Monrupino;3;1;3;6;9;4;3;6;2;3;5;4;5;6;2;1;6;4;4;4;5;3;6;4;3;4;0;2;8;6;5;2;2;3;4;4;0;3;6;5;6;5;6;6;14;10;6;6;5;5;5;8;8;7;6;3;5;8;9;5;3;7;6;9;5;8;9;4;4;8;2;4;8;4;9;5;4;3;7;6;5;1;6;3;3;1;4;0;0;1;3;3;3;2;0;0;0;0;0;0;0
032003;Muggia;31;42;41;47;41;43;49;66;44;53;42;52;42;42;43;46;50;47;59;46;51;50;55;58;62;41;53;38;46;34;48;42;47;50;44;64;80;79;90;90;92;99;113;116;90;100;123;125;113;100;97;75;102;88;88;88;88;112;84;98;91;109;118;110;119;143;118;118;77;114;105;82;114;106;106;93;103;93;85;78;65;65;81;79;61;41;31;51;27;40;35;26;21;21;10;3;3;2;2;3;2
032004;San Dorligo della Valle-Dolina;24;19;28;24;22;21;24;29;20;28;29;28;22;28;22;25;19;22;27;18;29;21;19;19;21;15;19;26;20;23;21;16;17;33;24;33;33;36;33;49;43;49;37;53;43;55;43;48;51;55;55;48;41;51;50;43;45;37;31;38;49;53;34;47;47;47;48;49;30;29;34;29;39;41;45;42;34;39;49;26;25;33;25;29;32;15;18;24;14;20;12;9;9;5;5;0;2;1;3;1;1
032005;Sgonico;6;8;10;8;7;8;18;11;5;8;10;10;8;6;5;10;6;9;3;8;9;6;6;8;11;9;12;8;8;5;8;7;17;5;7;4;10;13;14;17;13;15;12;24;9;16;18;19;19;17;11;21;15;9;16;15;21;18;22;17;13;22;16;18;27;19;25;25;18;11;20;9;22;12;11;11;13;5;12;7;7;8;11;8;11;7;5;6;5;2;1;2;2;1;1;0;0;0;0;0;0
032006;Trieste;649;754;685;775;747;732;745;760;720;750;757;733;757;763;757;753;721;776;706;780;742;810;820;887;795;865;849;878;932;964;915;917;938;1006;1040;1126;1183;1344;1425;1488;1575;1602;1666;1621;1575;1570;1633;1690;1758;1735;1607;1551;1491;1463;1474;1458;1420;1370;1392;1301;1325;1312;1341;1526;1424;1586;1684;1637;1166;1441;1404;1446;1549;1687;1540;1553;1420;1311;1281;1214;1214;1125;1110;1110;1003;859;819;917;775;672;590;617;541;445;230;97;94;50;58;54;123
;Totale;731;856;795;886;848;839;881;917;819;878;878;863;878;888;857;854;840;905;849;889;874;929;946;1007;919;971;957;973;1037;1051;1019;1024;1050;1125;1160;1268;1355;1524;1612;1700;1792;1845;1905;1877;1800;1820;1899;1959;2038;1990;1845;1785;1720;1682;1696;1650;1660;1595;1614;1523;1546;1553;1569;1780;1678;1854;1950;1903;1348;1657;1628;1640;1795;1929;1787;1775;1633;1517;1508;1375;1352;1271;1273;1277;1147;957;912;1031;846;763;666;673;599;491;251;104;102;57;67;62;133

"Ricostruzione della popolazione intercensuaria - Popolazione al 1° gennaio per età"
"Tutte le cittadinanze - Anno: 2015 - Provincia: Trieste"
Territorio/Età;;0;1;2;3;4;5;6;7;8;9;10;11;12;13;14;15;16;17;18;19;20;21;22;23;24;25;26;27;28;29;30;31;32;33;34;35;36;37;38;39;40;41;42;43;44;45;46;47;48;49;50;51;52;53;54;55;56;57;58;59;60;61;62;63;64;65;66;67;68;69;70;71;72;73;74;75;76;77;78;79;80;81;82;83;84;85;86;87;88;89;90;91;92;93;94;95;96;97;98;99;100
Codice comune;Comune;Totale
032001;Duino-Aurisina;47;45;56;57;60;52;69;81;84;66;71;76;69;79;79;70;54;87;77;85;72;76;73;76;71;65;64;54;48;56;43;46;75;56;69;77;81;100;89;99;120;111;153;134;124;135;148;151;158;182;155;138;143;135;136;125;111;135;113;143;112;126;112;107;134;123;119;113;145;88;96;96;117;126;137;137;137;112;104;107;78;76;65;58;81;49;50;49;41;39;31;30;20;23;19;4;4;2;2;5;7
032002;Monrupino;3;7;3;5;12;12;9;7;12;7;6;11;6;11;6;6;5;10;7;9;5;5;7;8;9;8;6;3;3;9;12;10;10;5;8;6;9;6;10;14;10;9;12;14;14;22;17;14;12;14;14;13;12;17;15;12;9;10;18;13;12;9;17;10;14;18;15;14;15;7;13;6;7;10;11;13;9;8;7;11;9;8;1;8;6;3;2;4;1;0;2;6;3;3;3;1;0;0;0;0;0
032003;Muggia;61;69;89;87;92;82;106;107;112;97;117;101;104;96;83;105;102;110;108;113;89;103;106;91;119;114;90;90;87;81;77;98;88;106;85;119;131;155;156;174;194;193;193;236;222;204;192;227;225;226;214;204;187;202;179;197;167;188;222;176;188;185;202;204;206;226;246;235;214;144;205;203;188;192;200;200;163;194;154;141;119;119;124;119;123;87;75;49;61;33;50;40;34;27;18;10;1;3;4;2;3
032004;San Dorligo della Valle-Dolina;36;45;42;53;50;38;47;43;53;45;56;55;46;47;47;48;54;44;38;49;34;53;45;34;52;37;33;51;47;41;39;42;46;45;53;58;65;51;89;65;100;101;88;84;98;99;93;90;109;96;100;102;91;96;93;97;98;90;71;77;71;91;99;63;81;106;97;98;93;55;65;67;57;86;74;80;74;64;75;71;57;43;48;33;54;47;23;22;28;19;22;17;10;6;5;6;0;2;1;1;1
032005;Sgonico;13;10;18;15;20;11;19;23;22;11;18;23;13;14;19;12;15;16;21;13;21;19;10;18;19;17;16;17;16;20;18;14;12;25;18;17;14;27;28;26;29;33;26;23;36;19;27;35;36;33;32;25;31;30;24;40;33;44;36;34;31;25;35;34;34;51;37;50;49;30;20;31;33;33;21;22;28;28;10;23;13;9;13;12;14;11;9;10;7;8;6;2;3;3;0;1;0;0;0;0;0
032006;Trieste;1436;1385;1524;1491;1560;1555;1583;1566;1557;1543;1596;1538;1512;1559;1607;1554;1508;1540;1564;1516;1592;1626;1753;1742;1780;1777;1849;1778;1849;1894;1906;1944;1928;1940;2075;2062;2322;2383;2644;2764;2981;3089;3272;3220;3221;3128;3151;3188;3315;3437;3467;3261;3098;3021;2920;2885;2764;2722;2747;2657;2544;2448;2497;2523;2755;2621;2956;3024;3029;2123;2549;2567;2582;2703;2935;2704;2654;2406;2147;2141;1967;1851;1712;1659;1673;1423;1193;1112;1144;926;796;712;684;572;433;222;97;75;46;46;147
;Totale;1596;1561;1732;1708;1794;1750;1833;1827;1840;1769;1864;1804;1750;1806;1841;1795;1738;1807;1815;1785;1813;1882;1994;1969;2050;2018;2058;1993;2050;2101;2095;2154;2159;2177;2308;2339;2622;2722;3016;3142;3434;3536;3744;3711;3715;3607;3628;3705;3855;3988;3982;3743;3562;3501;3367;3356;3182;3189;3207;3100;2958;2884;2962;2941;3224;3145;3470;3534;3545;2447;2948;2970;2984;3150;3378;3156;3065;2812;2497;2494;2243;2106;1963;1889;1951;1620;1352;1246;1282;1025;907;807;754;634;478;244;102;82;53;54;158
Territorio/Età;;0;1;2;3;4;5;6;7;8;9;10;11;12;13;14;15;16;17;18;19;20;21;22;23;24;25;26;27;28;29;30;31;32;33;34;35;36;37;38;39;40;41;42;43;44;45;46;47;48;49;50;51;52;53;54;55;56;57;58;59;60;61;62;63;64;65;66;67;68;69;70;71;72;73;74;75;76;77;78;79;80;81;82;83;84;85;86;87;88;89;90;91;92;93;94;95;96;97;98;99;100
Codice comune;Comune;Maschi
032001;Duino-Aurisina;28;27;23;31;33;32;38;38;38;37;35;41;33;34;37;42;35;49;30;38;37;38;35;35;39;40;32;28;26;34;21;26;32;24;40;33;37;48;35;54;67;51;77;63;65;65;78;75;86;91;76;70;61;69;71;63;68;54;63;67;47;64;63;52;63;65;66;48;74;35;44;35;48;64;58;61;67;54;41;37;36;39;27;23;28;12;17;15;12;16;9;8;6;2;3;0;0;1;0;1;1
032002;Monrupino;1;4;2;3;6;4;4;4;6;5;3;6;2;6;0;4;4;4;3;5;1;0;4;3;5;5;2;3;2;3;6;5;8;3;5;2;4;5;7;8;5;4;6;8;8;10;7;8;6;9;9;8;5;9;8;5;6;5;10;4;7;6;10;4;5;13;7;5;10;3;6;4;3;2;7;4;4;3;4;5;4;3;0;2;2;0;1;0;1;0;1;2;0;0;0;1;0;0;0;0;0
032003;Muggia;32;35;45;42;39;40;61;54;48;50;64;60;50;50;39;61;58;57;59;54;45;50;55;39;65;50;52;36;46;37;45;50;47;58;34;69;65;75;70;81;100;98;93;121;106;116;90;103;101;111;116;111;112;99;89;108;80;98;108;90;92;92;94;89;98;110;102;114;96;68;91;100;107;78;95;96;71;89;61;61;41;56;62;40;47;30;34;21;11;8;16;12;7;10;4;2;0;0;2;1;0
032004;San Dorligo della Valle-Dolina;11;19;21;28;26;16;29;21;23;26;28;27;20;25;19;25;29;26;17;23;17;25;24;15;34;16;19;30;24;20;19;23;32;23;18;33;36;21;52;32;46;57;42;48;46;58;42;48;61;45;42;46;46;57;43;48;55;45;35;44;32;44;49;30;35;59;51;50;44;25;35;33;28;47;35;36;33;32;36;23;32;21;15;11;24;15;10;6;7;3;6;6;4;1;1;2;0;0;1;0;0
032005;Sgonico;7;3;10;4;13;4;11;5;11;7;9;13;3;6;13;7;4;10;12;11;13;9;4;12;12;7;7;5;7;13;12;6;6;12;12;10;9;15;14;13;12;22;11;9;13;10;13;17;17;13;15;13;10;15;15;24;19;24;18;15;15;12;13;19;16;24;19;26;24;12;9;11;24;13;10;11;18;15;6;11;6;4;5;2;6;3;2;6;2;3;4;1;2;2;0;1;0;0;0;0;0
032006;Trieste;747;747;774;802;788;794;842;811;792;815;846;780;779;798;835;794;753;815;786;793;796;859;927;904;882;953;945;910;954;959;939;1034;995;993;1048;1016;1178;1195;1303;1334;1496;1503;1678;1560;1589;1550;1573;1543;1619;1669;1732;1653;1533;1523;1453;1414;1301;1302;1374;1276;1239;1121;1177;1189;1236;1210;1390;1356;1411;978;1114;1172;1151;1183;1273;1191;1145;1015;866;893;787;685;632;597;619;478;388;349;313;243;202;196;147;116;79;37;17;8;11;6;18
;Totale;826;835;875;910;905;890;985;933;918;940;985;927;887;919;943;933;883;961;907;924;909;981;1049;1008;1037;1071;1057;1012;1059;1066;1042;1144;1120;1113;1157;1163;1329;1359;1481;1522;1726;1735;1907;1809;1827;1809;1803;1794;1890;1938;1990;1901;1767;1772;1679;1662;1529;1528;1608;1496;1432;1339;1406;1383;1453;1481;1635;1599;1659;1121;1299;1355;1361;1387;1478;1399;1338;1208;1014;1030;906;808;741;675;726;538;452;397;346;273;238;225;166;131;87;43;17;9;14;8;19
Territorio/Età;;0;1;2;3;4;5;6;7;8;9;10;11;12;13;14;15;16;17;18;19;20;21;22;23;24;25;26;27;28;29;30;31;32;33;34;35;36;37;38;39;40;41;42;43;44;45;46;47;48;49;50;51;52;53;54;55;56;57;58;59;60;61;62;63;64;65;66;67;68;69;70;71;72;73;74;75;76;77;78;79;80;81;82;83;84;85;86;87;88;89;90;91;92;93;94;95;96;97;98;99;100
Codice comune;Comune;Femmine
032001;Duino-Aurisina;19;18;33;26;27;20;31;43;46;29;36;35;36;45;42;28;19;38;47;47;35;38;38;41;32;25;32;26;22;22;22;20;43;32;29;44;44;52;54;45;53;60;76;71;59;70;70;76;72;91;79;68;82;66;65;62;43;81;50;76;65;62;49;55;71;58;53;65;71;53;52;61;69;62;79;76;70;58;63;70;42;37;38;35;53;37;33;34;29;23;22;22;14;21;16;4;4;1;2;4;6
032002;Monrupino;2;3;1;2;6;8;5;3;6;2;3;5;4;5;6;2;1;6;4;4;4;5;3;5;4;3;4;0;1;6;6;5;2;2;3;4;5;1;3;6;5;5;6;6;6;12;10;6;6;5;5;5;7;8;7;7;3;5;8;9;5;3;7;6;9;5;8;9;5;4;7;2;4;8;4;9;5;5;3;6;5;5;1;6;4;3;1;4;0;0;1;4;3;3;3;0;0;0;0;0;0
032003;Muggia;29;34;44;45;53;42;45;53;64;47;53;41;54;46;44;44;44;53;49;59;44;53;51;52;54;64;38;54;41;44;32;48;41;48;51;50;66;80;86;93;94;95;100;115;116;88;102;124;124;115;98;93;75;103;90;89;87;90;114;86;96;93;108;115;108;116;144;121;118;76;114;103;81;114;105;104;92;105;93;80;78;63;62;79;76;57;41;28;50;25;34;28;27;17;14;8;1;3;2;1;3
032004;San Dorligo della Valle-Dolina;25;26;21;25;24;22;18;22;30;19;28;28;26;22;28;23;25;18;21;26;17;28;21;19;18;21;14;21;23;21;20;19;14;22;35;25;29;30;37;33;54;44;46;36;52;41;51;42;48;51;58;56;45;39;50;49;43;45;36;33;39;47;50;33;46;47;46;48;49;30;30;34;29;39;39;44;41;32;39;48;25;22;33;22;30;32;13;16;21;16;16;11;6;5;4;4;0;2;0;1;1
032005;Sgonico;6;7;8;11;7;7;8;18;11;4;9;10;10;8;6;5;11;6;9;2;8;10;6;6;7;10;9;12;9;7;6;8;6;13;6;7;5;12;14;13;17;11;15;14;23;9;14;18;19;20;17;12;21;15;9;16;14;20;18;19;16;13;22;15;18;27;18;24;25;18;11;20;9;20;11;11;10;13;4;12;7;5;8;10;8;8;7;4;5;5;2;1;1;1;0;0;0;0;0;0;0
032006;Trieste;689;638;750;689;772;761;741;755;765;728;750;758;733;761;772;760;755;725;778;723;796;767;826;838;898;824;904;868;895;935;967;910;933;947;1027;1046;1144;1188;1341;1430;1485;1586;1594;1660;1632;1578;1578;1645;1696;1768;1735;1608;1565;1498;1467;1471;1463;1420;1373;1381;1305;1327;1320;1334;1519;1411;1566;1668;1618;1145;1435;1395;1431;1520;1662;1513;1509;1391;1281;1248;1180;1166;1080;1062;1054;945;805;763;831;683;594;516;537;456;354;185;80;67;35;40;129
;Totale;770;726;857;798;889;860;848;894;922;829;879;877;863;887;898;862;855;846;908;861;904;901;945;961;1013;947;1001;981;991;1035;1053;1010;1039;1064;1151;1176;1293;1363;1535;1620;1708;1801;1837;1902;1888;1798;1825;1911;1965;2050;1992;1842;1795;1729;1688;1694;1653;1661;1599;1604;1526;1545;1556;1558;1771;1664;1835;1935;1886;1326;1649;1615;1623;1763;1900;1757;1727;1604;1483;1464;1337;1298;1222;1214;1225;1082;900;849;936;752;669;582;588;503;391;201;85;73;39;46;139

"Ricostruzione della popolazione intercensuaria - Popolazione al 1° gennaio per età"
"Tutte le cittadinanze - Anno: 2016 - Provincia: Trieste"
Territorio/Età;;0;1;2;3;4;5;6;7;8;9;10;11;12;13;14;15;16;17;18;19;20;21;22;23;24;25;26;27;28;29;30;31;32;33;34;35;36;37;38;39;40;41;42;43;44;45;46;47;48;49;50;51;52;53;54;55;56;57;58;59;60;61;62;63;64;65;66;67;68;69;70;71;72;73;74;75;76;77;78;79;80;81;82;83;84;85;86;87;88;89;90;91;92;93;94;95;96;97;98;99;100
Codice comune;Comune;Totale
032001;Duino-Aurisina;38;51;48;54;57;65;54;66;80;88;68;77;71;68;80;78;69;55;90;77;77;70;73;72;79;68;62;58;47;48;59;40;45;77;62;69;80;81;99;89;103;123;114;155;140;117;132;149;151;157;181;153;137;142;137;140;131;108;132;115;137;113;124;108;103;126;122;117;116;141;84;93;94;117;121;132;133;134;112;106;105;76;67;63;55;76;48;46;43;42;30;28;25;16;20;17;4;4;0;0;9
032002;Monrupino;7;2;8;4;5;12;12;9;7;12;8;7;11;6;12;7;6;5;11;7;9;6;5;8;8;9;8;5;5;2;10;13;9;9;3;7;7;9;6;12;14;8;9;12;14;15;21;18;14;12;14;13;13;12;15;14;12;9;10;18;13;11;9;17;9;14;19;15;14;13;9;14;6;9;9;11;14;10;7;7;10;9;8;1;8;6;3;6;6;2;2;2;7;3;3;4;1;0;1;0;0
032003;Muggia;49;68;73;93;87;90;83;105;107;110;94;112;102;104;95;84;105;104;113;106;108;95;103;107;91;115;111;93;84;89;79;78;94;93;101;90;121;131;152;155;175;192;194;193;236;224;198;199;227;223;225;208;208;186;200;181;191;166;189;216;180;188;189;198;207;202;223;248;235;213;143;202;198;186;188;191;197;158;195;153;129;119;112;117;114;117;78;69;47;54;32;46;30;24;23;15;7;0;3;4;3
032004;San Dorligo della Valle-Dolina;27;35;49;48;54;53;39;48;44;52;48;56;54;47;47;47;49;55;45;37;50;36;52;40;34;52;38;33;49;44;33;35;45;47;48;58;60;64;53;92;68;102;99;90;89;97;104;92;87;110;98;100;100;94;98;89;95;95;90;72;76;70;88;99;62;79;105;93;96;91;54;66;68;56;86;73;79;72;62;73;68;54;40;45;31;50;37;19;21;27;16;18;12;10;8;5;5;0;2;1;1
032005;Sgonico;11;13;13;16;15;20;10;15;23;22;9;17;23;13;14;19;12;15;17;21;12;21;19;9;19;18;16;16;18;17;21;20;14;13;25;16;18;14;28;29;25;31;32;27;22;35;20;30;34;39;34;32;24;31;30;24;41;33;42;36;34;31;25;33;31;32;51;37;48;49;30;20;29;32;32;16;21;25;27;11;22;13;9;13;12;13;10;9;7;5;7;7;1;1;1;0;1;0;0;0;0
032006;Trieste;1336;1422;1385;1513;1506;1557;1561;1591;1575;1558;1546;1605;1534;1529;1557;1613;1574;1518;1541;1583;1550;1623;1661;1786;1773;1833;1815;1927;1843;1885;1972;1951;1963;1950;1962;2092;2080;2342;2403;2662;2773;2990;3085;3269;3216;3239;3130;3137;3204;3331;3428;3476;3260;3087;3023;2912;2877;2769;2702;2722;2651;2556;2440;2481;2493;2740;2597;2934;2983;3000;2102;2515;2535;2554;2667;2869;2639;2568;2335;2045;2080;1865;1750;1611;1531;1543;1301;1080;989;1004;823;671;569;532;451;334;160;66;53;25;105
;Totale;1468;1591;1576;1728;1724;1797;1759;1834;1836;1842;1773;1874;1795;1767;1805;1848;1815;1752;1817;1831;1806;1851;1913;2022;2004;2095;2050;2132;2046;2085;2174;2137;2170;2189;2201;2332;2366;2641;2741;3039;3158;3446;3533;3746;3717;3727;3605;3625;3717;3872;3980;3982;3742;3552;3503;3360;3347;3180;3165;3179;3091;2969;2875;2936;2905;3193;3117;3444;3492;3507;2422;2910;2930;2954;3103;3292;3083;2967;2738;2395;2414;2136;1986;1850;1751;1805;1477;1229;1113;1134;910;772;644;586;506;375;178;70;59;30;118
Territorio/Età;;0;1;2;3;4;5;6;7;8;9;10;11;12;13;14;15;16;17;18;19;20;21;22;23;24;25;26;27;28;29;30;31;32;33;34;35;36;37;38;39;40;41;42;43;44;45;46;47;48;49;50;51;52;53;54;55;56;57;58;59;60;61;62;63;64;65;66;67;68;69;70;71;72;73;74;75;76;77;78;79;80;81;82;83;84;85;86;87;88;89;90;91;92;93;94;95;96;97;98;99;100
Codice comune;Comune;Maschi
032001;Duino-Aurisina;16;29;30;21;33;37;32;36;37;39;37;36;37;32;34;37;42;35;49;30;35;37;37;35;36;37;37;28;27;26;33;17;21;33;28;40;34;35;48;33;57;68;52;80;66;60;64;78;75;89;91;74;66;61;70;73;67;63;53;64;65;47;63;60;50;58;65;63;50;72;35;42;35;48;61;54;58;65;52;41;38;35;34;24;23;25;12;16;14;11;15;6;6;4;2;2;0;0;0;0;2
032002;Monrupino;6;1;5;3;3;6;4;4;4;6;5;5;6;2;6;0;4;4;4;3;5;2;0;5;3;5;5;1;3;2;2;7;5;7;1;4;2;4;5;9;8;4;4;6;8;8;9;8;8;6;9;8;8;5;7;8;5;6;5;10;4;6;6;10;4;5;14;7;5;8;4;6;4;3;1;7;4;4;3;4;4;4;4;0;2;2;0;2;0;1;0;0;1;0;0;0;1;0;0;0;0
032003;Muggia;28;34;33;47;42;37;42;60;54;48;48;62;61;50;49;40;63;59;59;61;54;49;51;55;41;64;52;51;32;46;37;44;49;47;53;33;73;68;73;71;83;97;97;96;122;105;112;96;104;98;109;113;113;110;99;88;104;78;99;107;95;93;92;91;90;96;108;100;115;94;68;88;97;105;75;91;92;66;89;62;50;42;53;59;35;44;29;30;18;7;7;14;9;3;8;3;1;0;0;2;0
032004;San Dorligo della Valle-Dolina;11;10;21;23;25;29;17;29;22;23;25;28;27;21;26;19;25;29;27;16;23;16;24;24;16;30;16;16;31;22;15;19;25;30;24;21;34;38;22;54;33;48;55;42;52;45;63;42;45;64;46;42;44;48;57;43;45;52;45;34;43;33;44;49;29;34;59;47;48;43;25;36;34;27;47;35;35;32;31;34;21;29;19;15;10;22;14;7;5;7;2;5;3;4;1;1;2;0;0;1;0
032005;Sgonico;7;6;4;10;4;12;3;10;5;11;7;8;13;3;6;13;7;4;11;12;10;13;9;4;12;12;7;8;5;7;14;12;5;7;11;10;11;9;15;15;13;12;21;12;8;12;11;16;16;17;14;16;13;10;15;15;26;19;24;16;15;15;13;11;16;14;24;19;24;24;12;9;10;23;13;9;9;15;14;7;11;6;4;5;2;6;3;2;4;2;2;4;1;1;0;0;1;0;0;0;0
032006;Trieste;707;745;746;768;815;794;799;839;812;788;818;853;778;786;795;836;808;763;818;807;813;818;879;945;925;913;978;984;953;983;1010;962;1040;1006;1022;1065;1028;1181;1209;1309;1340;1508;1499;1671;1552;1602;1562;1560;1554;1628;1665;1737;1650;1525;1523;1452;1410;1298;1284;1360;1270;1246;1125;1164;1162;1227;1194;1374;1328;1396;969;1094;1149;1136;1159;1231;1154;1099;975;818;861;727;638;588;539;556;423;356;296;271;209;161;150;110;83;55;29;7;7;6;14
;Totale;775;825;839;872;922;915;897;978;934;915;940;992;922;894;916;945;949;894;968;929;940;935;1000;1068;1033;1061;1095;1088;1051;1086;1111;1061;1145;1130;1139;1173;1182;1335;1372;1491;1534;1737;1728;1907;1808;1832;1821;1800;1802;1902;1934;1990;1894;1759;1771;1679;1657;1516;1510;1591;1492;1440;1343;1385;1351;1434;1464;1610;1570;1637;1113;1275;1329;1342;1356;1427;1352;1281;1164;966;985;843;752;691;611;655;481;413;337;299;235;190;170;122;94;61;34;7;7;9;16
Territorio/Età;;0;1;2;3;4;5;6;7;8;9;10;11;12;13;14;15;16;17;18;19;20;21;22;23;24;25;26;27;28;29;30;31;32;33;34;35;36;37;38;39;40;41;42;43;44;45;46;47;48;49;50;51;52;53;54;55;56;57;58;59;60;61;62;63;64;65;66;67;68;69;70;71;72;73;74;75;76;77;78;79;80;81;82;83;84;85;86;87;88;89;90;91;92;93;94;95;96;97;98;99;100
Codice comune;Comune;Femmine
032001;Duino-Aurisina;22;22;18;33;24;28;22;30;43;49;31;41;34;36;46;41;27;20;41;47;42;33;36;37;43;31;25;30;20;22;26;23;24;44;34;29;46;46;51;56;46;55;62;75;74;57;68;71;76;68;90;79;71;81;67;67;64;45;79;51;72;66;61;48;53;68;57;54;66;69;49;51;59;69;60;78;75;69;60;65;67;41;33;39;32;51;36;30;29;31;15;22;19;12;18;15;4;4;0;0;7
032002;Monrupino;1;1;3;1;2;6;8;5;3;6;3;2;5;4;6;7;2;1;7;4;4;4;5;3;5;4;3;4;2;0;8;6;4;2;2;3;5;5;1;3;6;4;5;6;6;7;12;10;6;6;5;5;5;7;8;6;7;3;5;8;9;5;3;7;5;9;5;8;9;5;5;8;2;6;8;4;10;6;4;3;6;5;4;1;6;4;3;4;6;1;2;2;6;3;3;4;0;0;1;0;0
032003;Muggia;21;34;40;46;45;53;41;45;53;62;46;50;41;54;46;44;42;45;54;45;54;46;52;52;50;51;59;42;52;43;42;34;45;46;48;57;48;63;79;84;92;95;97;97;114;119;86;103;123;125;116;95;95;76;101;93;87;88;90;109;85;95;97;107;117;106;115;148;120;119;75;114;101;81;113;100;105;92;106;91;79;77;59;58;79;73;49;39;29;47;25;32;21;21;15;12;6;0;3;2;3
032004;San Dorligo della Valle-Dolina;16;25;28;25;29;24;22;19;22;29;23;28;27;26;21;28;24;26;18;21;27;20;28;16;18;22;22;17;18;22;18;16;20;17;24;37;26;26;31;38;35;54;44;48;37;52;41;50;42;46;52;58;56;46;41;46;50;43;45;38;33;37;44;50;33;45;46;46;48;48;29;30;34;29;39;38;44;40;31;39;47;25;21;30;21;28;23;12;16;20;14;13;9;6;7;4;3;0;2;0;1
032005;Sgonico;4;7;9;6;11;8;7;5;18;11;2;9;10;10;8;6;5;11;6;9;2;8;10;5;7;6;9;8;13;10;7;8;9;6;14;6;7;5;13;14;12;19;11;15;14;23;9;14;18;22;20;16;11;21;15;9;15;14;18;20;19;16;12;22;15;18;27;18;24;25;18;11;19;9;19;7;12;10;13;4;11;7;5;8;10;7;7;7;3;3;5;3;0;0;1;0;0;0;0;0;0
032006;Trieste;629;677;639;745;691;763;762;752;763;770;728;752;756;743;762;777;766;755;723;776;737;805;782;841;848;920;837;943;890;902;962;989;923;944;940;1027;1052;1161;1194;1353;1433;1482;1586;1598;1664;1637;1568;1577;1650;1703;1763;1739;1610;1562;1500;1460;1467;1471;1418;1362;1381;1310;1315;1317;1331;1513;1403;1560;1655;1604;1133;1421;1386;1418;1508;1638;1485;1469;1360;1227;1219;1138;1112;1023;992;987;878;724;693;733;614;510;419;422;368;279;131;59;46;19;91
;Totale;693;766;737;856;802;882;862;856;902;927;833;882;873;873;889;903;866;858;849;902;866;916;913;954;971;1034;955;1044;995;999;1063;1076;1025;1059;1062;1159;1184;1306;1369;1548;1624;1709;1805;1839;1909;1895;1784;1825;1915;1970;2046;1992;1848;1793;1732;1681;1690;1664;1655;1588;1599;1529;1532;1551;1554;1759;1653;1834;1922;1870;1309;1635;1601;1612;1747;1865;1731;1686;1574;1429;1429;1293;1234;1159;1140;1150;996;816;776;835;675;582;474;464;412;314;144;63;52;21;102

"Ricostruzione della popolazione intercensuaria - Popolazione al 1° gennaio per età"
"Tutte le cittadinanze - Anno: 2017 - Provincia: Trieste"
Territorio/Età;;0;1;2;3;4;5;6;7;8;9;10;11;12;13;14;15;16;17;18;19;20;21;22;23;24;25;26;27;28;29;30;31;32;33;34;35;36;37;38;39;40;41;42;43;44;45;46;47;48;49;50;51;52;53;54;55;56;57;58;59;60;61;62;63;64;65;66;67;68;69;70;71;72;73;74;75;76;77;78;79;80;81;82;83;84;85;86;87;88;89;90;91;92;93;94;95;96;97;98;99;100
Codice comune;Comune;Totale
032001;Duino-Aurisina;47;37;52;51;56;55;64;57;63;79;84;71;81;70;70;84;78;69;53;92;75;76;67;76;71;74;66;60;57;45;51;63;41;46;77;56;66;78;84;97;92;103;121;122;156;141;120;133;149;156;160;181;156;137;145;141;143;134;108;134;117;140;112;128;110;101;126;122;118;117;140;81;92;94;111;122;128;132;133;110;100;103;79;66;57;54;74;46;41;40;36;28;19;17;13;12;13;3;3;0;6
032002;Monrupino;5;7;2;8;6;5;10;11;9;7;12;8;7;11;6;12;7;6;6;10;7;9;6;5;8;8;10;7;7;6;3;10;13;9;9;3;7;6;9;6;13;13;8;8;10;16;13;19;17;14;12;14;13;13;12;14;14;12;9;9;18;14;11;9;17;9;14;19;14;14;13;9;14;6;8;8;11;13;10;7;7;10;9;7;2;8;5;4;4;5;2;2;4;7;3;3;4;1;1;1;0
032003;Muggia;63;58;75;81;98;88;93;84;106;103;106;94;113;102;104;95;88;104;106;112;105;109;91;101;115;89;116;114;88;90;91;70;80;97;91;107;95;124;134;156;154;174;197;196;201;236;225;203;197;237;223;227;211;210;190;199;181;195;169;188;216;178;188;184;195;206;196;219;244;231;210;141;198;195;184;181;188;192;151;179;151;126;108;107;107;110;108;73;60;45;49;33;36;23;22;16;12;6;1;2;5
032004;San Dorligo della Valle-Dolina;27;26;42;47;49;55;51;40;49;49;53;48;56;57;47;47;47;47;55;43;38;53;40;52;38;36;49;38;33;49;54;34;41;43;51;45;58;62;60;56;95;72;104;99;94;89;100;104;93;88;111;97;96;102;97;97;91;97;95;89;72;77;71;86;101;60;78;102;96;95;94;54;66;68;55;87;73;76;66;61;72;63;52;40;46;29;47;36;15;19;23;15;17;8;6;4;5;3;0;1;1
032005;Sgonico;10;11;13;15;18;16;20;11;16;21;22;9;16;24;14;15;19;14;17;17;20;12;21;17;10;20;17;16;16;18;16;19;19;14;16;26;16;17;15;26;27;25;33;30;25;26;36;21;30;35;39;34;36;25;31;31;24;39;31;40;35;37;31;23;34;32;31;49;35;47;46;30;21;29;29;31;15;22;24;26;10;19;13;6;11;9;13;9;8;7;4;6;6;1;0;1;0;0;0;0;0
032006;Trieste;1323;1347;1409;1372;1513;1515;1559;1556;1591;1583;1560;1540;1600;1536;1530;1559;1623;1586;1564;1577;1644;1608;1694;1745;1856;1846;1946;1929;2009;1925;1960;2048;2009;2015;1996;2016;2119;2068;2367;2419;2673;2790;3009;3080;3275;3232;3235;3134;3143;3188;3318;3439;3465;3259;3090;3013;2924;2864;2766;2711;2697;2634;2539;2436;2469;2476;2717;2586;2885;2953;2966;2070;2474;2477;2520;2618;2808;2567;2498;2260;1984;1991;1765;1655;1504;1432;1421;1188;955;871;864;712;551;476;433;355;273;121;48;36;81
;Totale;1475;1486;1593;1574;1740;1734;1797;1759;1834;1842;1837;1770;1873;1800;1771;1812;1862;1826;1801;1851;1889;1867;1919;1996;2098;2073;2204;2164;2210;2133;2175;2244;2203;2224;2240;2253;2361;2355;2669;2760;3054;3177;3472;3535;3761;3740;3729;3614;3629;3718;3863;3992;3977;3746;3565;3495;3377;3341;3178;3171;3155;3080;2952;2866;2926;2884;3162;3097;3392;3457;3469;2385;2865;2869;2907;3047;3223;3002;2882;2643;2324;2312;2026;1881;1727;1642;1668;1356;1083;987;978;796;633;532;477;391;307;134;53;40;93
Territorio/Età;;0;1;2;3;4;5;6;7;8;9;10;11;12;13;14;15;16;17;18;19;20;21;22;23;24;25;26;27;28;29;30;31;32;33;34;35;36;37;38;39;40;41;42;43;44;45;46;47;48;49;50;51;52;53;54;55;56;57;58;59;60;61;62;63;64;65;66;67;68;69;70;71;72;73;74;75;76;77;78;79;80;81;82;83;84;85;86;87;88;89;90;91;92;93;94;95;96;97;98;99;100
Codice comune;Comune;Maschi
032001;Duino-Aurisina;24;16;31;32;22;30;36;32;32;38;36;38;39;37;33;36;38;43;33;51;30;34;38;39;36;35;36;34;31;26;27;35;18;21;36;23;37;34;36;50;35;58;67;57;81;68;63;65;79;77;90;91;75;65;64;71;73;68;64;54;64;63;47;67;61;50;57;66;62;50;72;34;42;34;45;60;53;58;62;50;38;38;33;34;22;22;21;11;13;12;8;14;3;3;4;1;1;0;0;0;1
032002;Monrupino;1;6;1;5;5;3;4;3;4;4;6;5;5;6;2;6;0;4;5;3;3;5;2;0;5;3;5;4;2;2;3;2;7;5;7;1;5;2;3;5;10;7;4;3;4;8;8;8;7;8;6;9;8;8;5;7;8;5;6;4;9;5;6;6;10;4;5;14;7;5;8;4;6;4;3;1;7;3;4;3;4;4;4;3;0;2;2;0;0;0;1;0;1;1;0;0;0;1;0;0;0
032003;Muggia;37;32;39;39;49;41;38;40;60;50;48;48;63;61;49;49;42;62;59;59;61;53;46;50;59;42;66;53;49;34;45;33;46;47;47;55;34;74;69;73;68;84;98;99;102;118;106;115;97;110;98;113;116;113;114;99;88;105;79;96;108;94;92;87;89;90;94;105;99;112;92;66;87;95;104;69;88;89;65;78;59;46;37;51;51;33;41;28;26;17;3;8;11;8;4;5;3;1;0;0;0
032004;San Dorligo della Valle-Dolina;8;13;14;21;23;26;29;17;30;27;22;25;29;31;21;25;19;25;29;24;17;25;17;24;21;18;30;14;15;32;28;16;24;24;28;22;22;35;34;24;57;33;47;54;47;52;46;63;43;46;63;45;42;48;50;56;44;48;53;45;34;45;35;42;49;27;32;56;48;48;46;25;36;34;27;47;35;34;30;29;33;20;28;18;16;9;22;14;4;4;6;2;5;3;4;0;1;1;0;0;0
032005;Sgonico;2;7;6;7;11;5;12;3;10;5;11;7;8;13;3;6;13;7;5;11;11;9;13;8;4;13;11;7;8;5;7;12;12;5;9;12;9;9;10;13;16;14;13;20;12;9;12;12;16;16;17;16;19;14;10;15;15;25;17;22;16;16;15;11;12;17;14;23;18;24;24;12;10;10;20;13;8;9;15;13;6;9;6;2;5;2;6;3;2;4;1;1;3;1;0;0;0;0;0;0;0
032006;Trieste;703;720;719;735;771;824;787;792;839;810;789;814;849;770;784;806;845;821;806;848;847;857;871;937;992;972;991;1047;1038;999;1046;1045;1001;1070;1033;1051;1074;1019;1204;1214;1309;1352;1525;1488;1670;1561;1597;1565;1565;1538;1622;1664;1730;1651;1524;1520;1453;1406;1294;1284;1341;1259;1232;1122;1154;1149;1208;1180;1350;1308;1366;950;1067;1118;1115;1132;1203;1110;1063;928;788;814;686;590;538;503;495;368;308;242;232;172;128;120;89;58;45;16;5;5;14
;Totale;775;794;810;839;881;929;906;887;975;934;912;937;993;918;892;928;957;962;937;996;969;983;987;1058;1117;1083;1139;1159;1143;1098;1156;1143;1108;1172;1160;1164;1181;1173;1356;1379;1495;1548;1754;1721;1916;1816;1832;1828;1807;1795;1896;1938;1990;1899;1767;1768;1681;1657;1513;1505;1572;1482;1427;1335;1375;1337;1410;1444;1584;1547;1608;1091;1248;1295;1314;1322;1394;1303;1239;1101;928;931;794;698;632;571;587;424;353;279;251;197;151;136;101;64;50;19;5;5;15
Territorio/Età;;0;1;2;3;4;5;6;7;8;9;10;11;12;13;14;15;16;17;18;19;20;21;22;23;24;25;26;27;28;29;30;31;32;33;34;35;36;37;38;39;40;41;42;43;44;45;46;47;48;49;50;51;52;53;54;55;56;57;58;59;60;61;62;63;64;65;66;67;68;69;70;71;72;73;74;75;76;77;78;79;80;81;82;83;84;85;86;87;88;89;90;91;92;93;94;95;96;97;98;99;100
Codice comune;Comune;Femmine
032001;Duino-Aurisina;23;21;21;19;34;25;28;25;31;41;48;33;42;33;37;48;40;26;20;41;45;42;29;37;35;39;30;26;26;19;24;28;23;25;41;33;29;44;48;47;57;45;54;65;75;73;57;68;70;79;70;90;81;72;81;70;70;66;44;80;53;77;65;61;49;51;69;56;56;67;68;47;50;60;66;62;75;74;71;60;62;65;46;32;35;32;53;35;28;28;28;14;16;14;9;11;12;3;3;0;5
032002;Monrupino;4;1;1;3;1;2;6;8;5;3;6;3;2;5;4;6;7;2;1;7;4;4;4;5;3;5;5;3;5;4;0;8;6;4;2;2;2;4;6;1;3;6;4;5;6;8;5;11;10;6;6;5;5;5;7;7;6;7;3;5;9;9;5;3;7;5;9;5;7;9;5;5;8;2;5;7;4;10;6;4;3;6;5;4;2;6;3;4;4;5;1;2;3;6;3;3;4;0;1;1;0
032003;Muggia;26;26;36;42;49;47;55;44;46;53;58;46;50;41;55;46;46;42;47;53;44;56;45;51;56;47;50;61;39;56;46;37;34;50;44;52;61;50;65;83;86;90;99;97;99;118;119;88;100;127;125;114;95;97;76;100;93;90;90;92;108;84;96;97;106;116;102;114;145;119;118;75;111;100;80;112;100;103;86;101;92;80;71;56;56;77;67;45;34;28;46;25;25;15;18;11;9;5;1;2;5
032004;San Dorligo della Valle-Dolina;19;13;28;26;26;29;22;23;19;22;31;23;27;26;26;22;28;22;26;19;21;28;23;28;17;18;19;24;18;17;26;18;17;19;23;23;36;27;26;32;38;39;57;45;47;37;54;41;50;42;48;52;54;54;47;41;47;49;42;44;38;32;36;44;52;33;46;46;48;47;48;29;30;34;28;40;38;42;36;32;39;43;24;22;30;20;25;22;11;15;17;13;12;5;2;4;4;2;0;1;1
032005;Sgonico;8;4;7;8;7;11;8;8;6;16;11;2;8;11;11;9;6;7;12;6;9;3;8;9;6;7;6;9;8;13;9;7;7;9;7;14;7;8;5;13;11;11;20;10;13;17;24;9;14;19;22;18;17;11;21;16;9;14;14;18;19;21;16;12;22;15;17;26;17;23;22;18;11;19;9;18;7;13;9;13;4;10;7;4;6;7;7;6;6;3;3;5;3;0;0;1;0;0;0;0;0
032006;Trieste;620;627;690;637;742;691;772;764;752;773;771;726;751;766;746;753;778;765;758;729;797;751;823;808;864;874;955;882;971;926;914;1003;1008;945;963;965;1045;1049;1163;1205;1364;1438;1484;1592;1605;1671;1638;1569;1578;1650;1696;1775;1735;1608;1566;1493;1471;1458;1472;1427;1356;1375;1307;1314;1315;1327;1509;1406;1535;1645;1600;1120;1407;1359;1405;1486;1605;1457;1435;1332;1196;1177;1079;1065;966;929;926;820;647;629;632;540;423;356;344;297;228;105;43;31;67
;Totale;700;692;783;735;859;805;891;872;859;908;925;833;880;882;879;884;905;864;864;855;920;884;932;938;981;990;1065;1005;1067;1035;1019;1101;1095;1052;1080;1089;1180;1182;1313;1381;1559;1629;1718;1814;1845;1924;1897;1786;1822;1923;1967;2054;1987;1847;1798;1727;1696;1684;1665;1666;1583;1598;1525;1531;1551;1547;1752;1653;1808;1910;1861;1294;1617;1574;1593;1725;1829;1699;1643;1542;1396;1381;1232;1183;1095;1071;1081;932;730;708;727;599;482;396;376;327;257;115;48;35;78

"Ricostruzione della popolazione intercensuaria - Popolazione al 1° gennaio per età"
"Tutte le cittadinanze - Anno: 2018 - Provincia: Trieste"
Territorio/Età;;0;1;2;3;4;5;6;7;8;9;10;11;12;13;14;15;16;17;18;19;20;21;22;23;24;25;26;27;28;29;30;31;32;33;34;35;36;37;38;39;40;41;42;43;44;45;46;47;48;49;50;51;52;53;54;55;56;57;58;59;60;61;62;63;64;65;66;67;68;69;70;71;72;73;74;75;76;77;78;79;80;81;82;83;84;85;86;87;88;89;90;91;92;93;94;95;96;97;98;99;100
Codice comune;Comune;Totale
032001;Duino-Aurisina;52;50;35;52;53;55;51;62;58;65;78;85;67;79;70;69;80;77;68;55;91;74;78;64;77;64;79;63;60;54;48;52;60;43;51;73;55;67;74;78;100;91;106;119;122;161;141;125;136;144;155;165;180;154;132;145;138;146;136;110;131;114;140;113;126;108;99;123;122;116;118;136;78;91;92;107;114;125;127;131;102;95;97;75;64;50;53;68;34;38;33;31;23;16;12;8;10;9;2;2;4
032002;Monrupino;9;4;7;3;7;5;5;10;11;9;7;12;8;7;10;5;12;7;6;6;8;7;9;5;6;7;6;11;7;7;7;3;10;10;11;7;2;6;8;11;6;16;13;8;8;9;15;13;18;15;14;12;14;12;13;12;14;13;15;8;10;19;14;10;9;16;9;15;18;14;14;13;9;14;6;8;8;11;12;10;8;7;9;9;6;2;7;6;3;4;5;2;4;4;4;2;2;4;1;1;1
032003;Muggia;66;70;58;80;87;98;88;95;88;107;105;108;96;114;109;99;97;87;102;112;111;101;103;95;95;111;88;111;104;88;91;89;72;86;98;99;108;101;129;131;162;159;185;212;200;198;231;224;202;197;236;228;228;212;212;196;195;187;199;167;188;216;180;198;183;192;204;198;217;246;232;206;140;192;195;181;176;182;189;149;175;144;119;104;98;97;105;99;65;54;36;41;27;29;16;17;13;8;5;1;5
032004;San Dorligo della Valle-Dolina;26;26;31;45;46;49;61;52;41;49;49;53;49;57;56;46;47;47;46;55;43;37;51;36;50;36;35;45;38;34;50;56;38;43;46;53;47;57;66;65;56;95;75;103;104;97;93;107;102;96;83;103;96;93;102;91;101;87;93;96;89;71;79;71;80;99;58;78;99;93;94;93;52;63;66;54;85;69;74;64;58;70;56;47;38;43;25;42;32;15;15;18;14;14;5;5;2;3;3;0;1
032005;Sgonico;9;14;13;12;16;18;16;21;14;18;21;22;10;16;26;14;16;19;14;18;15;20;11;23;18;11;20;20;13;16;18;14;20;20;14;17;22;17;17;15;28;25;26;35;31;29;25;37;22;31;33;38;32;38;24;29;32;25;37;31;40;36;36;31;23;34;31;29;48;35;46;46;29;21;30;28;29;16;22;23;26;9;19;10;6;10;9;12;7;7;5;4;3;5;1;0;1;0;0;0;0
032006;Trieste;1317;1327;1343;1421;1371;1518;1529;1564;1552;1595;1597;1555;1561;1604;1544;1542;1560;1646;1622;1612;1659;1737;1686;1749;1821;1951;1964;2085;2034;2111;1985;2013;2095;2044;2036;2035;2049;2137;2075;2371;2452;2732;2824;3017;3097;3287;3235;3227;3139;3152;3202;3355;3464;3473;3273;3095;3013;2916;2862;2765;2705;2703;2635;2519;2437;2457;2478;2699;2567;2847;2937;2950;2045;2430;2421;2462;2560;2758;2482;2422;2178;1904;1884;1663;1564;1400;1330;1290;1064;862;765;735;585;434;385;327;279;189;86;34;81
;Totale;1479;1491;1487;1613;1580;1743;1750;1804;1764;1843;1857;1835;1791;1877;1815;1775;1812;1883;1858;1858;1927;1976;1938;1972;2067;2180;2192;2335;2256;2310;2199;2227;2295;2246;2256;2284;2283;2385;2369;2671;2804;3118;3229;3494;3562;3781;3740;3733;3619;3635;3723;3901;4014;3982;3756;3568;3493;3374;3342;3177;3163;3159;3084;2942;2858;2906;2879;3142;3071;3351;3441;3444;2353;2811;2810;2840;2972;3161;2906;2799;2547;2229;2184;1908;1776;1602;1529;1517;1205;980;859;831;656;502;423;359;307;213;97;38;92
Territorio/Età;;0;1;2;3;4;5;6;7;8;9;10;11;12;13;14;15;16;17;18;19;20;21;22;23;24;25;26;27;28;29;30;31;32;33;34;35;36;37;38;39;40;41;42;43;44;45;46;47;48;49;50;51;52;53;54;55;56;57;58;59;60;61;62;63;64;65;66;67;68;69;70;71;72;73;74;75;76;77;78;79;80;81;82;83;84;85;86;87;88;89;90;91;92;93;94;95;96;97;98;99;100
Codice comune;Comune;Maschi
032001;Duino-Aurisina;28;26;16;32;33;21;28;34;33;32;36;37;36;38;37;32;36;38;42;34;50;28;35;35;39;33;39;33;34;28;28;27;34;19;24;38;24;38;33;34;51;33;61;66;56;85;67;64;67;77;77;93;86;74;61;63;72;76;70;64;53;64;64;49;65;59;49;57;66;60;51;69;34;42;34;42;55;51;57;61;46;33;37;30;33;20;21;18;8;12;12;5;13;2;1;2;1;2;0;0;1
032002;Monrupino;5;1;6;2;4;4;3;4;3;4;4;6;5;5;6;1;6;0;4;5;3;3;5;1;1;4;1;5;4;2;2;2;3;6;7;5;0;5;4;5;5;11;7;4;3;4;8;8;8;7;8;6;9;7;8;5;7;7;8;6;4;9;5;5;6;9;4;5;13;7;5;8;4;6;4;3;1;7;3;4;3;4;4;4;2;0;1;3;0;0;0;1;0;1;0;0;0;0;1;0;0
032003;Muggia;37;41;32;41;40;48;40;38;42;61;50;49;50;59;64;48;51;42;61;64;59;60;52;47;48;61;40;60;51;50;36;48;37;48;49;51;56;41;74;67;76;73;89;107;98;100;116;105;114;97;111;100;115;118;110;116;100;92;107;74;94;107;95;96;85;88;89;94;103;102;111;89;67;83;96;101;66;84;88;65;76;54;45;33;43;49;31;39;23;23;13;4;6;10;5;3;2;0;1;0;0
032004;San Dorligo della Valle-Dolina;12;8;15;17;20;21;29;29;18;29;26;22;26;30;32;20;25;18;24;29;24;16;26;16;23;20;18;27;13;16;33;28;17;25;23;29;23;21;40;36;21;59;37;46;58;49;54;52;62;43;41;61;45;42;47;46;58;42;44;53;45;34;48;35;38;48;26;31;52;47;47;47;23;34;33;26;45;34;32;28;29;32;16;25;17;14;5;19;11;4;3;5;2;2;1;3;0;0;1;0;0
032005;Sgonico;4;4;8;6;7;11;5;10;5;11;5;11;7;8;15;3;7;13;7;5;10;10;8;14;8;5;13;13;5;8;6;7;13;12;6;8;9;9;9;11;14;15;14;14;20;14;8;13;12;17;14;19;15;20;13;10;16;15;23;17;21;16;15;15;11;12;16;13;23;18;23;24;12;10;10;19;11;9;9;14;13;6;9;4;2;4;2;6;3;2;3;1;1;2;1;0;0;0;0;0;0
032006;Trieste;654;692;715;724;728;773;831;792;788;846;820;785;831;849;776;791;802;861;850;848;909;912;910;908;1002;1057;1044;1090;1103;1104;1044;1085;1069;1028;1082;1049;1061;1092;1021;1212;1237;1333;1368;1530;1496;1680;1566;1593;1560;1565;1549;1629;1679;1728;1660;1522;1523;1438;1398;1290;1284;1344;1246;1214;1125;1144;1145;1191;1168;1325;1290;1355;931;1041;1081;1075;1101;1181;1055;1021;884;744;755;629;553;486;463;435;322;261;207;188;131;94;97;65;47;31;13;4;10
;Totale;740;772;792;822;832;878;936;907;889;983;941;910;955;989;930;895;927;972;988;985;1055;1029;1036;1021;1121;1180;1155;1228;1210;1208;1149;1197;1173;1138;1191;1180;1173;1206;1181;1365;1404;1524;1576;1767;1731;1932;1819;1835;1823;1806;1800;1908;1949;1989;1899;1762;1776;1670;1650;1504;1501;1574;1473;1414;1330;1360;1329;1391;1425;1559;1527;1592;1071;1216;1258;1266;1279;1366;1244;1193;1051;873;866;725;650;573;523;520;367;302;238;204;153;111;105;73;50;33;16;4;11
Territorio/Età;;0;1;2;3;4;5;6;7;8;9;10;11;12;13;14;15;16;17;18;19;20;21;22;23;24;25;26;27;28;29;30;31;32;33;34;35;36;37;38;39;40;41;42;43;44;45;46;47;48;49;50;51;52;53;54;55;56;57;58;59;60;61;62;63;64;65;66;67;68;69;70;71;72;73;74;75;76;77;78;79;80;81;82;83;84;85;86;87;88;89;90;91;92;93;94;95;96;97;98;99;100
Codice comune;Comune;Femmine
032001;Duino-Aurisina;24;24;19;20;20;34;23;28;25;33;42;48;31;41;33;37;44;39;26;21;41;46;43;29;38;31;40;30;26;26;20;25;26;24;27;35;31;29;41;44;49;58;45;53;66;76;74;61;69;67;78;72;94;80;71;82;66;70;66;46;78;50;76;64;61;49;50;66;56;56;67;67;44;49;58;65;59;74;70;70;56;62;60;45;31;30;32;50;26;26;21;26;10;14;11;6;9;7;2;2;3
032002;Monrupino;4;3;1;1;3;1;2;6;8;5;3;6;3;2;4;4;6;7;2;1;5;4;4;4;5;3;5;6;3;5;5;1;7;4;4;2;2;1;4;6;1;5;6;4;5;5;7;5;10;8;6;6;5;5;5;7;7;6;7;2;6;10;9;5;3;7;5;10;5;7;9;5;5;8;2;5;7;4;9;6;5;3;5;5;4;2;6;3;3;4;5;1;4;3;4;2;2;4;0;1;1
032003;Muggia;29;29;26;39;47;50;48;57;46;46;55;59;46;55;45;51;46;45;41;48;52;41;51;48;47;50;48;51;53;38;55;41;35;38;49;48;52;60;55;64;86;86;96;105;102;98;115;119;88;100;125;128;113;94;102;80;95;95;92;93;94;109;85;102;98;104;115;104;114;144;121;117;73;109;99;80;110;98;101;84;99;90;74;71;55;48;74;60;42;31;23;37;21;19;11;14;11;8;4;1;5
032004;San Dorligo della Valle-Dolina;14;18;16;28;26;28;32;23;23;20;23;31;23;27;24;26;22;29;22;26;19;21;25;20;27;16;17;18;25;18;17;28;21;18;23;24;24;36;26;29;35;36;38;57;46;48;39;55;40;53;42;42;51;51;55;45;43;45;49;43;44;37;31;36;42;51;32;47;47;46;47;46;29;29;33;28;40;35;42;36;29;38;40;22;21;29;20;23;21;11;12;13;12;12;4;2;2;3;2;0;1
032005;Sgonico;5;10;5;6;9;7;11;11;9;7;16;11;3;8;11;11;9;6;7;13;5;10;3;9;10;6;7;7;8;8;12;7;7;8;8;9;13;8;8;4;14;10;12;21;11;15;17;24;10;14;19;19;17;18;11;19;16;10;14;14;19;20;21;16;12;22;15;16;25;17;23;22;17;11;20;9;18;7;13;9;13;3;10;6;4;6;7;6;4;5;2;3;2;3;0;0;1;0;0;0;0
032006;Trieste;663;635;628;697;643;745;698;772;764;749;777;770;730;755;768;751;758;785;772;764;750;825;776;841;819;894;920;995;931;1007;941;928;1026;1016;954;986;988;1045;1054;1159;1215;1399;1456;1487;1601;1607;1669;1634;1579;1587;1653;1726;1785;1745;1613;1573;1490;1478;1464;1475;1421;1359;1389;1305;1312;1313;1333;1508;1399;1522;1647;1595;1114;1389;1340;1387;1459;1577;1427;1401;1294;1160;1129;1034;1011;914;867;855;742;601;558;547;454;340;288;262;232;158;73;30;71
;Totale;739;719;695;791;748;865;814;897;875;860;916;925;836;888;885;880;885;911;870;873;872;947;902;951;946;1000;1037;1107;1046;1102;1050;1030;1122;1108;1065;1104;1110;1179;1188;1306;1400;1594;1653;1727;1831;1849;1921;1898;1796;1829;1923;1993;2065;1993;1857;1806;1717;1704;1692;1673;1662;1585;1611;1528;1528;1546;1550;1751;1646;1792;1914;1852;1282;1595;1552;1574;1693;1795;1662;1606;1496;1356;1318;1183;1126;1029;1006;997;838;678;621;627;503;391;318;286;257;180;81;34;81

"Ricostruzione della popolazione intercensuaria - Popolazione al 1° gennaio per età"
"Tutte le cittadinanze - Anno: 2019 - Provincia: Trieste"
Territorio/Età;;0;1;2;3;4;5;6;7;8;9;10;11;12;13;14;15;16;17;18;19;20;21;22;23;24;25;26;27;28;29;30;31;32;33;34;35;36;37;38;39;40;41;42;43;44;45;46;47;48;49;50;51;52;53;54;55;56;57;58;59;60;61;62;63;64;65;66;67;68;69;70;71;72;73;74;75;76;77;78;79;80;81;82;83;84;85;86;87;88;89;90;91;92;93;94;95;96;97;98;99;100
Codice comune;Comune;Totale
032001;Duino-Aurisina;35;56;49;36;48;47;51;53;63;59;65;78;86;68;82;70;68;83;76;71;53;90;73;73;64;77;68;80;66;59;51;50;48;56;43;49;72;60;66;74;85;103;92;109;124;126;159;141;129;138;153;150;172;182;157;131;144;140;145;137;109;131;113;138;114;121;106;100;128;122;115;117;138;78;88;91;105;103;123;126;130;102;87;92;71;62;46;50;63;32;34;30;24;15;14;10;8;6;7;2;5
032002;Monrupino;7;8;5;7;3;6;4;5;9;12;9;7;13;8;7;10;5;11;7;5;6;10;7;8;5;7;7;6;10;6;5;6;4;10;9;10;8;2;7;8;11;6;15;14;8;8;9;17;11;18;15;14;12;14;12;13;12;14;15;16;8;9;19;13;10;9;15;9;15;16;14;14;13;9;12;6;7;7;12;11;8;8;6;8;9;6;2;8;4;3;2;4;3;4;3;3;2;2;2;1;1
032003;Muggia;56;67;75;64;79;93;99;89;101;96;115;109;111;96;114;108;100;95;89;103;112;111;98;99;95;90;113;87;110;99;92;98;92;74;88;99;108;108;104;135;133;163;166;185;213;211;204;233;228;205;197;232;232;234;220;211;194;188;186;200;171;189;208;175;197;177;198;200;198;214;245;231;204;139;190;190;177;174;176;181;146;161;136;115;96;92;88;98;84;60;47;28;34;19;22;9;10;8;4;3;3
032004;San Dorligo della Valle-Dolina;38;27;28;35;46;54;52;61;55;40;48;49;53;48;57;54;44;48;48;50;56;44;40;51;37;49;40;36;45;36;31;44;56;41;43;51;53;47;58;66;66;61;94;78;107;104;97;95;105;102;100;88;106;95;92;103;90;100;87;94;94;89;70;77;70;79;95;58;75;99;94;91;90;50;59;65;53;84;69;68;59;54;68;52;44;38;37;22;37;24;13;16;15;12;11;4;5;1;2;2;0
032005;Sgonico;7;11;13;14;14;16;18;16;22;13;17;20;21;9;16;25;15;15;20;14;16;15;21;12;23;21;11;21;21;13;15;20;12;18;19;13;16;22;19;16;14;25;23;26;36;31;30;26;37;24;29;34;37;32;38;24;29;33;27;40;33;41;34;35;30;23;35;30;30;45;36;45;44;29;22;29;28;29;16;22;23;26;8;17;10;6;10;8;10;6;6;5;2;2;3;1;0;0;0;0;0
032006;Trieste;1282;1306;1332;1342;1436;1361;1536;1536;1584;1559;1598;1616;1574;1578;1628;1574;1572;1578;1668;1665;1656;1684;1791;1725;1796;1874;1985;2053;2152;2082;2198;2040;2077;2119;2091;2049;2047;2083;2140;2082;2386;2466;2778;2848;3007;3114;3291;3248;3253;3155;3170;3205;3357;3465;3482;3298;3101;3039;2910;2844;2759;2710;2701;2621;2495;2425;2455;2442;2687;2541;2812;2899;2911;2014;2370;2374;2409;2506;2679;2391;2325;2097;1823;1805;1561;1457;1332;1229;1165;966;773;653;612;490;341;305;252;203;145;71;79
;Totale;1425;1475;1502;1498;1626;1577;1760;1760;1834;1779;1852;1879;1858;1807;1904;1841;1804;1830;1908;1908;1899;1954;2030;1968;2020;2118;2224;2283;2404;2295;2392;2258;2289;2318;2293;2271;2304;2322;2394;2381;2695;2824;3168;3260;3495;3594;3790;3760;3763;3642;3664;3723;3916;4022;4001;3780;3570;3514;3370;3331;3174;3169;3145;3059;2916;2834;2904;2839;3133;3037;3316;3397;3400;2319;2741;2755;2779;2903;3075;2799;2691;2448;2128;2089;1791;1661;1515;1415;1363;1091;875;736;690;542;394;332;277;220;160;79;88
Territorio/Età;;0;1;2;3;4;5;6;7;8;9;10;11;12;13;14;15;16;17;18;19;20;21;22;23;24;25;26;27;28;29;30;31;32;33;34;35;36;37;38;39;40;41;42;43;44;45;46;47;48;49;50;51;52;53;54;55;56;57;58;59;60;61;62;63;64;65;66;67;68;69;70;71;72;73;74;75;76;77;78;79;80;81;82;83;84;85;86;87;88;89;90;91;92;93;94;95;96;97;98;99;100
Codice comune;Comune;Maschi
032001;Duino-Aurisina;22;28;24;16;31;31;21;28;35;32;32;36;38;36;40;36;32;38;38;43;31;47;28;33;33;41;36;39;36;32;28;27;26;32;19;21;38;31;37;33;36;54;37;60;70;57;82;66;65;69;83;73;95;88;74;62;61;71;78;73;62;53;64;57;47;61;60;49;59;66;58;49;70;34;40;34;41;50;50;56;60;47;28;37;25;31;18;20;16;7;10;10;4;8;2;1;1;1;2;0;1
032002;Monrupino;4;5;2;6;2;3;3;3;4;3;4;4;7;5;5;6;1;6;0;4;5;5;3;4;2;3;4;1;5;4;1;1;2;3;5;6;6;0;5;4;5;5;11;7;4;3;4;9;6;8;7;8;6;9;7;8;5;7;7;9;6;3;10;4;5;6;9;4;5;11;7;5;8;4;5;4;3;1;8;2;4;3;3;4;4;1;0;1;1;0;0;0;1;0;1;0;0;0;1;1;0
032003;Muggia;21;38;42;37;40;44;49;40;40;44;66;52;53;49;59;61;48;48;44;60;60;62;57;49;46;45;63;41;60;48;48;42;44;39;50;52;58;55;40;80;68;77;78;84;106;103;101;120;110;118;98;109;100;119;123;113;115;98;92;108;76;96;98;89;95;83;93;87;94;102;100;110;88;65;81;92;97;68;80;87;64;72;50;45;30;37;41;28;35;19;22;9;2;4;8;1;2;0;1;0;0
032004;San Dorligo della Valle-Dolina;19;13;11;17;18;23;25;28;31;19;29;27;22;26;29;31;18;25;19;27;30;23;18;27;17;22;20;19;24;12;12;28;28;20;23;22;30;25;25;39;38;27;57;40;50;56;49;56;51;62;46;43;63;46;41;49;45;56;43;43;51;44;33;46;34;38;44;26;28;51;49;45;45;21;32;32;27;44;35;27;25;29;29;16;24;17;12;5;16;9;2;5;4;2;2;1;3;0;0;1;0
032005;Sgonico;4;6;3;9;8;7;11;5;10;4;10;5;10;7;8;15;3;6;13;7;5;10;11;9;14;11;5;14;14;6;7;7;5;11;11;5;9;9;9;9;11;13;14;14;14;19;14;8;14;14;16;15;19;15;20;12;10;16;16;25;17;22;16;15;14;11;13;16;14;21;19;22;22;12;11;10;19;11;9;9;14;13;5;8;3;2;4;2;6;3;2;3;1;0;0;1;0;0;0;0;0
032006;Trieste;652;652;683;708;733;726;780;838;805;796;846;833;797;841;860;800;809;818;872;873;878;931;953;931;934;1033;1081;1096;1135;1120;1171;1078;1135;1093;1059;1101;1058;1073;1096;1017;1213;1242;1353;1376;1528;1512;1683;1568;1607;1559;1569;1555;1634;1668;1731;1655;1509;1539;1431;1381;1294;1277;1341;1235;1198;1115;1136;1120;1183;1154;1302;1264;1333;914;999;1053;1048;1068;1138;1004;965;849;701;707;586;516;461;428;385;279;231;170;149;104;73;71;50;31;24;13;7
;Totale;722;742;765;793;832;834;889;942;925;898;987;957;927;964;1001;949;911;941;986;1014;1009;1078;1070;1053;1046;1155;1209;1210;1274;1222;1267;1183;1240;1198;1167;1207;1199;1193;1212;1182;1371;1418;1550;1581;1772;1750;1933;1827;1853;1830;1819;1803;1917;1945;1996;1899;1745;1787;1667;1639;1506;1495;1562;1446;1393;1314;1355;1302;1383;1405;1535;1495;1566;1050;1168;1225;1235;1242;1320;1185;1132;1013;816;817;672;604;536;484;459;317;267;197;161;118;86;75;56;32;28;15;8
Territorio/Età;;0;1;2;3;4;5;6;7;8;9;10;11;12;13;14;15;16;17;18;19;20;21;22;23;24;25;26;27;28;29;30;31;32;33;34;35;36;37;38;39;40;41;42;43;44;45;46;47;48;49;50;51;52;53;54;55;56;57;58;59;60;61;62;63;64;65;66;67;68;69;70;71;72;73;74;75;76;77;78;79;80;81;82;83;84;85;86;87;88;89;90;91;92;93;94;95;96;97;98;99;100
Codice comune;Comune;Femmine
032001;Duino-Aurisina;13;28;25;20;17;16;30;25;28;27;33;42;48;32;42;34;36;45;38;28;22;43;45;40;31;36;32;41;30;27;23;23;22;24;24;28;34;29;29;41;49;49;55;49;54;69;77;75;64;69;70;77;77;94;83;69;83;69;67;64;47;78;49;81;67;60;46;51;69;56;57;68;68;44;48;57;64;53;73;70;70;55;59;55;46;31;28;30;47;25;24;20;20;7;12;9;7;5;5;2;4
032002;Monrupino;3;3;3;1;1;3;1;2;5;9;5;3;6;3;2;4;4;5;7;1;1;5;4;4;3;4;3;5;5;2;4;5;2;7;4;4;2;2;2;4;6;1;4;7;4;5;5;8;5;10;8;6;6;5;5;5;7;7;8;7;2;6;9;9;5;3;6;5;10;5;7;9;5;5;7;2;4;6;4;9;4;5;3;4;5;5;2;7;3;3;2;4;2;4;2;3;2;2;1;0;1
032003;Muggia;35;29;33;27;39;49;50;49;61;52;49;57;58;47;55;47;52;47;45;43;52;49;41;50;49;45;50;46;50;51;44;56;48;35;38;47;50;53;64;55;65;86;88;101;107;108;103;113;118;87;99;123;132;115;97;98;79;90;94;92;95;93;110;86;102;94;105;113;104;112;145;121;116;74;109;98;80;106;96;94;82;89;86;70;66;55;47;70;49;41;25;19;32;15;14;8;8;8;3;3;3
032004;San Dorligo della Valle-Dolina;19;14;17;18;28;31;27;33;24;21;19;22;31;22;28;23;26;23;29;23;26;21;22;24;20;27;20;17;21;24;19;16;28;21;20;29;23;22;33;27;28;34;37;38;57;48;48;39;54;40;54;45;43;49;51;54;45;44;44;51;43;45;37;31;36;41;51;32;47;48;45;46;45;29;27;33;26;40;34;41;34;25;39;36;20;21;25;17;21;15;11;11;11;10;9;3;2;1;2;1;0
032005;Sgonico;3;5;10;5;6;9;7;11;12;9;7;15;11;2;8;10;12;9;7;7;11;5;10;3;9;10;6;7;7;7;8;13;7;7;8;8;7;13;10;7;3;12;9;12;22;12;16;18;23;10;13;19;18;17;18;12;19;17;11;15;16;19;18;20;16;12;22;14;16;24;17;23;22;17;11;19;9;18;7;13;9;13;3;9;7;4;6;6;4;3;4;2;1;2;3;0;0;0;0;0;0
032006;Trieste;630;654;649;634;703;635;756;698;779;763;752;783;777;737;768;774;763;760;796;792;778;753;838;794;862;841;904;957;1017;962;1027;962;942;1026;1032;948;989;1010;1044;1065;1173;1224;1425;1472;1479;1602;1608;1680;1646;1596;1601;1650;1723;1797;1751;1643;1592;1500;1479;1463;1465;1433;1360;1386;1297;1310;1319;1322;1504;1387;1510;1635;1578;1100;1371;1321;1361;1438;1541;1387;1360;1248;1122;1098;975;941;871;801;780;687;542;483;463;386;268;234;202;172;121;58;72
;Totale;703;733;737;705;794;743;871;818;909;881;865;922;931;843;903;892;893;889;922;894;890;876;960;915;974;963;1015;1073;1130;1073;1125;1075;1049;1120;1126;1064;1105;1129;1182;1199;1324;1406;1618;1679;1723;1844;1857;1933;1910;1812;1845;1920;1999;2077;2005;1881;1825;1727;1703;1692;1668;1674;1583;1613;1523;1520;1549;1537;1750;1632;1781;1902;1834;1269;1573;1530;1544;1661;1755;1614;1559;1435;1312;1272;1119;1057;979;931;904;774;608;539;529;424;308;257;221;188;132;64;80

"Ricostruzione della popolazione intercensuaria - Popolazione al 1° gennaio per età"
"Cittadinanza italiana - Anno: 2002 - Provincia: Trieste"
Territorio/Età;;0;1;2;3;4;5;6;7;8;9;10;11;12;13;14;15;16;17;18;19;20;21;22;23;24;25;26;27;28;29;30;31;32;33;34;35;36;37;38;39;40;41;42;43;44;45;46;47;48;49;50;51;52;53;54;55;56;57;58;59;60;61;62;63;64;65;66;67;68;69;70;71;72;73;74;75;76;77;78;79;80;81;82;83;84;85;86;87;88;89;90;91;92;93;94;95;96;97;98;99;100
Codice comune;Comune;Totale
032001;Duino-Aurisina;79;69;59;55;80;77;81;71;78;71;75;66;69;69;55;57;53;46;58;66;53;59;74;72;93;73;74;97;107;154;126;110;120;144;140;148;167;141;153;136;145;124;109;101;124;110;131;107;118;110;89;123;129;112;111;152;87;110;109;120;134;152;158;165;143;130;139;104;99;101;104;110;91;89;97;85;77;81;67;74;58;52;39;18;25;13;18;29;20;31;23;20;18;11;13;5;3;3;2;1;2
032002;Monrupino;9;3;4;4;2;6;7;8;2;9;8;8;8;5;4;3;8;8;9;5;6;8;17;16;17;27;27;26;11;10;13;17;14;9;12;6;10;13;12;9;12;13;10;11;10;14;12;10;6;18;12;10;18;12;12;12;7;13;9;6;10;12;20;13;10;9;16;13;11;6;8;5;7;3;8;5;4;1;11;3;3;2;1;2;1;0;1;2;4;4;2;6;0;4;0;0;0;0;0;0;0
032003;Muggia;62;79;81;84;94;89;93;88;97;106;80;120;105;91;93;83;70;88;94;82;95;88;125;106;153;158;149;163;183;181;197;167;181;166;204;203;186;195;198;159;188;164;173;148;167;191;155;162;144;187;206;191;218;249;228;231;147;208;215;199;197;236;221;194;211;180;178;166;161;179;183;169;147;133;115;144;116;138;127;114;130;135;75;25;24;35;54;71;45;58;39;36;23;10;12;10;2;1;2;2;1
032004;San Dorligo della Valle-Dolina;33;41;40;48;31;36;51;37;54;35;43;48;44;36;47;47;38;50;49;52;43;42;60;58;61;81;64;94;84;87;81;75;88;73;96;93;89;89;78;83;89;80;91;87;85;78;68;67;80;96;68;79;110;99;98;106;53;70;76;70;90;91;112;87;81;94;85;74;73;53;65;83;65;48;58;58;40;55;70;43;45;44;37;15;10;8;17;32;20;10;11;11;10;6;4;4;1;0;0;0;2
032005;Sgonico;9;15;14;7;18;20;13;22;18;9;16;18;18;19;18;16;29;18;15;23;28;19;22;18;28;34;30;39;42;36;27;28;21;23;35;39;21;23;24;27;28;27;37;33;33;39;39;30;23;34;33;40;47;42;47;55;34;22;34;38;36;24;31;34;30;19;25;25;15;19;20;23;21;15;17;21;19;11;14;16;15;11;8;6;6;4;3;5;7;4;5;5;1;2;1;1;1;0;1;1;0
032006;Trieste;1420;1445;1386;1312;1342;1329;1264;1342;1321;1471;1405;1366;1340;1317;1234;1265;1308;1249;1302;1319;1304;1414;1448;1813;1774;2193;2349;2590;2698;2959;2920;2935;2862;2905;2900;3122;3159;3250;3012;2909;2815;2714;2725;2640;2575;2567;2516;2429;2362;2470;2501;2787;2705;3037;3171;3295;2310;2812;2901;2927;3161;3398;3276;3252;2968;2733;2804;2636;2674;2582;2676;2775;2498;2348;2335;2499;2499;2370;2468;2576;2541;2489;1591;772;724;643;1008;1219;1000;899;724;611;466;322;254;163;122;76;51;33;64
;Totale;1612;1652;1584;1510;1567;1557;1509;1568;1570;1701;1627;1626;1584;1537;1451;1471;1506;1459;1527;1547;1529;1630;1746;2083;2126;2566;2693;3009;3125;3427;3364;3332;3286;3320;3387;3611;3632;3711;3477;3323;3277;3122;3145;3020;2994;2999;2921;2805;2733;2915;2909;3230;3227;3551;3667;3851;2638;3235;3344;3360;3628;3913;3818;3745;3443;3165;3247;3018;3033;2940;3056;3165;2829;2636;2630;2812;2755;2656;2757;2826;2792;2733;1751;838;790;703;1101;1358;1096;1006;804;689;518;355;284;183;129;80;56;37;69
Territorio/Età;;0;1;2;3;4;5;6;7;8;9;10;11;12;13;14;15;16;17;18;19;20;21;22;23;24;25;26;27;28;29;30;31;32;33;34;35;36;37;38;39;40;41;42;43;44;45;46;47;48;49;50;51;52;53;54;55;56;57;58;59;60;61;62;63;64;65;66;67;68;69;70;71;72;73;74;75;76;77;78;79;80;81;82;83;84;85;86;87;88;89;90;91;92;93;94;95;96;97;98;99;100
Codice comune;Comune;Maschi
032001;Duino-Aurisina;38;32;40;33;45;26;36;36;38;32;40;33;38;31;34;33;36;24;29;29;26;31;36;41;53;40;41;57;51;92;62;65;70;78;76;76;81;69;76;63;76;69;53;56;54;63;66;49;56;66;42;58;70;63;51;76;35;55;44;52;72;71;81;87;70;57;60;50;56;55;46;45;39;41;37;35;40;27;29;30;21;22;7;4;12;7;6;9;9;9;10;3;6;2;1;1;0;0;0;1;0
032002;Monrupino;5;1;3;3;1;3;4;2;0;4;3;4;5;1;2;2;2;5;5;3;4;5;11;11;15;25;21;20;7;6;10;10;9;3;8;3;7;8;7;4;6;5;6;7;6;7;5;6;6;8;4;2;13;5;5;7;3;5;4;2;2;8;9;6;6;7;7;6;6;3;2;3;2;1;1;2;3;0;5;1;0;1;1;0;0;0;0;0;0;1;1;2;0;0;0;0;0;0;0;0;0
032003;Muggia;32;36;49;47;50;42;46;46;52;60;31;56;49;54;38;46;31;53;47;46;46;43;72;62;82;95;87;83;100;104;113;96;93;93;102;83;93;107;101;94;97;84;95;71;91;87;80;77;70;86;89;95;110;110;116;107;77;97;113;110;93;123;109;99;104;85;87;73;78;95;79;74;70;72;54;53;49;60;55;47;46;47;23;7;8;10;16;14;12;21;13;13;5;1;2;1;0;0;0;1;1
032004;San Dorligo della Valle-Dolina;18;14;21;25;20;16;23;19;26;18;21;24;15;21;28;25;15;26;21;30;20;19;39;31;25;50;40;48;39;47;49;38;54;29;47;61;33;43;37;42;48;34;38;48;42;40;39;33;39;44;31;38;59;53;59;54;26;36;37;41;50;52;56;42;44;43;38;44;40;21;29;45;24;25;21;23;12;19;36;14;17;16;13;4;0;2;4;9;5;4;7;1;3;3;0;0;0;0;0;0;0
032005;Sgonico;5;9;6;4;13;10;8;11;12;4;11;9;7;8;6;8;14;14;7;12;12;9;14;14;16;18;15;19;28;17;14;10;13;11;16;22;10;11;11;9;16;15;22;16;16;18;18;16;11;13;15;18;22;21;25;29;13;13;13;27;13;14;20;21;17;10;13;17;7;9;5;13;7;8;9;10;6;6;4;9;3;4;1;5;2;1;2;0;0;0;3;2;0;0;1;0;1;0;0;0;0
032006;Trieste;725;756;705;646;704;692;662;668;691;761;722;652;733;682;644;686;668;622;682;687;698;730;725;946;942;1097;1152;1359;1370;1559;1472;1501;1491;1451;1443;1577;1557;1650;1539;1466;1469;1380;1377;1290;1269;1329;1251;1233;1136;1197;1211;1289;1335;1499;1497;1563;1106;1328;1387;1375;1475;1566;1563;1504;1384;1244;1282;1195;1152;1112;1136;1211;994;958;968;903;903;846;904;886;869;789;510;232;221;198;273;355;266;233;170;136;101;76;41;20;20;10;10;7;7
;Totale;823;848;824;758;833;789;779;782;819;879;828;778;847;797;752;800;766;744;791;807;806;837;897;1105;1133;1325;1356;1586;1595;1825;1720;1720;1730;1665;1692;1822;1781;1888;1771;1678;1712;1587;1591;1488;1478;1544;1459;1414;1318;1414;1392;1500;1609;1751;1753;1836;1260;1534;1598;1607;1705;1834;1838;1759;1625;1446;1487;1385;1339;1295;1297;1391;1136;1105;1090;1026;1013;958;1033;987;956;879;555;252;243;218;301;387;292;268;204;157;115;82;45;22;21;10;10;9;8
Territorio/Età;;0;1;2;3;4;5;6;7;8;9;10;11;12;13;14;15;16;17;18;19;20;21;22;23;24;25;26;27;28;29;30;31;32;33;34;35;36;37;38;39;40;41;42;43;44;45;46;47;48;49;50;51;52;53;54;55;56;57;58;59;60;61;62;63;64;65;66;67;68;69;70;71;72;73;74;75;76;77;78;79;80;81;82;83;84;85;86;87;88;89;90;91;92;93;94;95;96;97;98;99;100
Codice comune;Comune;Femmine
032001;Duino-Aurisina;41;37;19;22;35;51;45;35;40;39;35;33;31;38;21;24;17;22;29;37;27;28;38;31;40;33;33;40;56;62;64;45;50;66;64;72;86;72;77;73;69;55;56;45;70;47;65;58;62;44;47;65;59;49;60;76;52;55;65;68;62;81;77;78;73;73;79;54;43;46;58;65;52;48;60;50;37;54;38;44;37;30;32;14;13;6;12;20;11;22;13;17;12;9;12;4;3;3;2;0;2
032002;Monrupino;4;2;1;1;1;3;3;6;2;5;5;4;3;4;2;1;6;3;4;2;2;3;6;5;2;2;6;6;4;4;3;7;5;6;4;3;3;5;5;5;6;8;4;4;4;7;7;4;0;10;8;8;5;7;7;5;4;8;5;4;8;4;11;7;4;2;9;7;5;3;6;2;5;2;7;3;1;1;6;2;3;1;0;2;1;0;1;2;4;3;1;4;0;4;0;0;0;0;0;0;0
032003;Muggia;30;43;32;37;44;47;47;42;45;46;49;64;56;37;55;37;39;35;47;36;49;45;53;44;71;63;62;80;83;77;84;71;88;73;102;120;93;88;97;65;91;80;78;77;76;104;75;85;74;101;117;96;108;139;112;124;70;111;102;89;104;113;112;95;107;95;91;93;83;84;104;95;77;61;61;91;67;78;72;67;84;88;52;18;16;25;38;57;33;37;26;23;18;9;10;9;2;1;2;1;0
032004;San Dorligo della Valle-Dolina;15;27;19;23;11;20;28;18;28;17;22;24;29;15;19;22;23;24;28;22;23;23;21;27;36;31;24;46;45;40;32;37;34;44;49;32;56;46;41;41;41;46;53;39;43;38;29;34;41;52;37;41;51;46;39;52;27;34;39;29;40;39;56;45;37;51;47;30;33;32;36;38;41;23;37;35;28;36;34;29;28;28;24;11;10;6;13;23;15;6;4;10;7;3;4;4;1;0;0;0;2
032005;Sgonico;4;6;8;3;5;10;5;11;6;5;5;9;11;11;12;8;15;4;8;11;16;10;8;4;12;16;15;20;14;19;13;18;8;12;19;17;11;12;13;18;12;12;15;17;17;21;21;14;12;21;18;22;25;21;22;26;21;9;21;11;23;10;11;13;13;9;12;8;8;10;15;10;14;7;8;11;13;5;10;7;12;7;7;1;4;3;1;5;7;4;2;3;1;2;0;1;0;0;1;1;0
032006;Trieste;695;689;681;666;638;637;602;674;630;710;683;714;607;635;590;579;640;627;620;632;606;684;723;867;832;1096;1197;1231;1328;1400;1448;1434;1371;1454;1457;1545;1602;1600;1473;1443;1346;1334;1348;1350;1306;1238;1265;1196;1226;1273;1290;1498;1370;1538;1674;1732;1204;1484;1514;1552;1686;1832;1713;1748;1584;1489;1522;1441;1522;1470;1540;1564;1504;1390;1367;1596;1596;1524;1564;1690;1672;1700;1081;540;503;445;735;864;734;666;554;475;365;246;213;143;102;66;41;26;57
;Totale;789;804;760;752;734;768;730;786;751;822;799;848;737;740;699;671;740;715;736;740;723;793;849;978;993;1241;1337;1423;1530;1602;1644;1612;1556;1655;1695;1789;1851;1823;1706;1645;1565;1535;1554;1532;1516;1455;1462;1391;1415;1501;1517;1730;1618;1800;1914;2015;1378;1701;1746;1753;1923;2079;1980;1986;1818;1719;1760;1633;1694;1645;1759;1774;1693;1531;1540;1786;1742;1698;1724;1839;1836;1854;1196;586;547;485;800;971;804;738;600;532;403;273;239;161;108;70;46;28;61

"Ricostruzione della popolazione intercensuaria - Popolazione al 1° gennaio per età"
"Cittadinanza italiana - Anno: 2003 - Provincia: Trieste"
Territorio/Età;;0;1;2;3;4;5;6;7;8;9;10;11;12;13;14;15;16;17;18;19;20;21;22;23;24;25;26;27;28;29;30;31;32;33;34;35;36;37;38;39;40;41;42;43;44;45;46;47;48;49;50;51;52;53;54;55;56;57;58;59;60;61;62;63;64;65;66;67;68;69;70;71;72;73;74;75;76;77;78;79;80;81;82;83;84;85;86;87;88;89;90;91;92;93;94;95;96;97;98;99;100
Codice comune;Comune;Totale
032001;Duino-Aurisina;68;79;72;63;60;81;76;79;71;76;72;76;70;67;69;56;57;53;47;56;66;54;57;75;68;95;70;69;102;105;149;125;113;119;148;136;148;169;142;154;139;146;127;105;105;125;111;131;108;117;109;86;123;129;116;113;148;89;107;108;120;134;149;159;164;143;126;138;101;95;101;104;104;89;84;96;78;75;79;68;68;57;46;42;17;23;10;17;24;17;23;14;15;15;9;11;5;3;2;3;1
032002;Monrupino;2;7;3;4;4;3;6;7;8;2;9;8;9;8;5;4;4;8;10;9;5;5;9;18;18;14;18;20;19;11;9;15;14;15;10;12;8;11;14;12;9;14;13;10;11;10;13;14;9;7;17;12;11;20;12;12;12;8;15;8;8;11;12;21;13;10;7;16;13;11;3;8;5;7;4;8;5;4;1;11;3;4;2;2;2;1;0;0;1;3;1;3;6;0;4;0;0;0;0;0;0
032003;Muggia;83;64;75;83;87;94;93;95;89;94;107;84;122;105;94;93;83;72;89;95;82;95;89;123;97;140;149;147;164;179;183;200;173;184;165;208;204;189;201;202;159;195;166;174;148;167;202;157;167;152;189;208;193;222;250;232;228;152;209;215;204;196;237;225;201;215;179;180;169;161;174;180;169;144;129;109;144;114;131;122;111;125;124;67;23;21;32;47;64;39;49;33;29;16;8;11;8;1;0;2;2
032004;San Dorligo della Valle-Dolina;32;40;41;43;50;35;37;53;37;52;35;44;53;46;36;49;48;38;50;51;50;43;44;65;61;59;76;57;89;85;84;79;81;91;73;97;97;93;88;80;82;88;85;95;91;87;77;68;69;80;100;70;80;107;99;98;107;55;70;77;69;91;91;112;86;77;95;88;73;70;53;61;80;65;48;58;55;37;54;65;39;40;44;34;13;10;7;15;28;17;8;10;5;10;4;2;1;1;0;0;2
032005;Sgonico;11;13;14;13;10;18;21;13;22;20;9;16;20;18;19;18;16;28;18;16;20;30;18;20;21;31;31;25;34;37;31;25;28;24;24;36;40;21;25;24;27;28;27;38;35;32;37;40;30;23;34;33;37;46;40;47;54;34;22;35;38;36;25;31;35;30;19;25;25;15;19;20;21;21;15;16;21;19;9;13;14;13;11;8;5;4;3;3;7;6;1;4;5;1;2;1;0;1;0;0;0
032006;Trieste;1347;1409;1445;1378;1312;1334;1331;1257;1339;1325;1470;1392;1359;1334;1314;1226;1255;1306;1246;1305;1326;1308;1419;1461;1819;1810;2206;2361;2606;2703;2932;2899;2910;2836;2913;2900;3110;3153;3223;2996;2889;2811;2686;2725;2641;2563;2560;2504;2428;2359;2456;2495;2776;2688;3025;3164;3286;2307;2789;2880;2906;3127;3371;3233;3217;2932;2706;2765;2588;2637;2531;2621;2709;2429;2288;2251;2404;2405;2257;2351;2455;2398;2331;1482;702;639;568;906;1071;851;784;608;495;374;264;198;135;89;54;32;59
;Totale;1543;1612;1650;1584;1523;1565;1564;1504;1566;1569;1702;1620;1633;1578;1537;1446;1463;1505;1460;1532;1549;1535;1636;1762;2084;2149;2550;2679;3014;3120;3388;3343;3319;3269;3333;3389;3607;3636;3693;3468;3305;3282;3104;3147;3031;2984;3000;2914;2811;2738;2905;2904;3220;3212;3542;3666;3835;2645;3212;3323;3345;3595;3885;3781;3716;3407;3132;3212;2969;2989;2881;2994;3088;2755;2568;2538;2707;2654;2531;2630;2690;2637;2558;1635;762;698;620;988;1195;933;866;672;555;416;291;223;149;95;56;37;64
Territorio/Età;;0;1;2;3;4;5;6;7;8;9;10;11;12;13;14;15;16;17;18;19;20;21;22;23;24;25;26;27;28;29;30;31;32;33;34;35;36;37;38;39;40;41;42;43;44;45;46;47;48;49;50;51;52;53;54;55;56;57;58;59;60;61;62;63;64;65;66;67;68;69;70;71;72;73;74;75;76;77;78;79;80;81;82;83;84;85;86;87;88;89;90;91;92;93;94;95;96;97;98;99;100
Codice comune;Comune;Maschi
032001;Duino-Aurisina;32;38;35;41;34;43;24;36;36;38;34;40;36;38;33;34;33;36;24;28;29;28;28;39;40;56;38;40;61;47;85;58;64;70;76;76;74;81;71;77;64;76;70;49;60;52;64;64;49;57;65;41;57;70;65;52;75;35;52;44;52;72;69;81;85;68;56;60;48;54;55;45;40;39;36;35;32;39;27;29;27;21;18;7;4;11;5;3;7;7;5;5;2;5;3;1;1;0;0;0;1
032002;Monrupino;1;5;1;3;3;2;3;4;2;0;4;3;4;5;1;2;3;2;7;5;3;3;6;13;13;12;17;14;15;5;6;12;9;10;4;8;5;7;9;7;4;7;5;6;7;6;6;5;5;6;7;4;2;15;5;5;7;4;7;4;3;3;8;9;6;6;5;7;6;6;1;2;3;2;2;1;2;3;0;5;0;0;1;1;0;0;0;0;0;0;0;1;1;0;0;0;0;0;0;0;0
032003;Muggia;38;34;35;51;48;51;45;47;46;49;59;33;59;49;57;38;44;32;54;48;45;45;40;72;51;73;88;86;84;95;103;110;98;95;93;104;85;95;111;104;95;99;87;94;71;90;93;80;80;75;86;90;95;111;110;118;104;78;97;116;112;92;122;112;101;106;84;89;73;78;92;77;74;69;67;51;53;48;55;52;44;44;42;21;6;6;8;14;13;10;19;9;9;4;0;1;1;0;0;0;1
032004;San Dorligo della Valle-Dolina;14;22;12;23;26;21;17;23;18;26;19;23;27;17;21;31;26;15;27;22;31;20;23;44;32;25;47;34;43;39;44;48;42;56;30;46;61;36;42;38;41;45;35;43;51;44;39;39;34;40;46;31;38;57;52;59;55;27;35;37;39;50;52;56;43;40;44;39;44;38;22;26;42;23;25;21;20;10;19;32;12;14;15;10;3;0;3;4;6;3;4;7;0;3;3;0;0;0;0;0;0
032005;Sgonico;5;7;8;5;5;13;11;8;11;12;4;11;11;7;8;6;8;14;14;7;12;13;9;13;14;18;17;10;16;25;13;13;9;14;9;16;21;10;12;11;9;16;15;22;17;15;16;18;17;11;13;15;15;22;21;24;28;13;13;13;27;13;14;20;22;17;10;13;17;7;8;5;13;7;8;8;10;6;4;3;7;2;3;1;4;2;0;2;0;0;0;3;2;0;0;1;0;1;0;0;0
032006;Trieste;705;715;750;702;648;705;693;660;668;692;760;715;646;731;680;638;679;665;621;677;687;704;735;736;955;959;1115;1156;1370;1380;1539;1458;1476;1458;1453;1435;1559;1554;1640;1535;1451;1465;1360;1369;1289;1257;1322;1245;1228;1126;1187;1207;1281;1319;1488;1491;1561;1101;1311;1371;1365;1457;1549;1534;1482;1360;1222;1251;1163;1124;1077;1101;1169;954;925;924;851;853;792;853;836;793;718;457;206;187;168;234;311;221;197;137;111;77;55;32;15;9;6;6;8
;Totale;795;821;841;825;764;835;793;778;781;817;880;825;783;847;800;749;793;764;747;787;807;813;841;917;1105;1143;1322;1340;1589;1591;1790;1699;1698;1703;1665;1685;1805;1783;1885;1772;1664;1708;1572;1583;1495;1464;1540;1451;1413;1315;1404;1388;1488;1594;1741;1749;1830;1258;1515;1585;1598;1687;1814;1812;1739;1597;1421;1459;1351;1307;1255;1256;1341;1094;1063;1040;968;959;897;974;926;874;797;497;223;206;184;257;337;241;225;162;125;89;61;35;17;10;6;6;10
Territorio/Età;;0;1;2;3;4;5;6;7;8;9;10;11;12;13;14;15;16;17;18;19;20;21;22;23;24;25;26;27;28;29;30;31;32;33;34;35;36;37;38;39;40;41;42;43;44;45;46;47;48;49;50;51;52;53;54;55;56;57;58;59;60;61;62;63;64;65;66;67;68;69;70;71;72;73;74;75;76;77;78;79;80;81;82;83;84;85;86;87;88;89;90;91;92;93;94;95;96;97;98;99;100
Codice comune;Comune;Femmine
032001;Duino-Aurisina;36;41;37;22;26;38;52;43;35;38;38;36;34;29;36;22;24;17;23;28;37;26;29;36;28;39;32;29;41;58;64;67;49;49;72;60;74;88;71;77;75;70;57;56;45;73;47;67;59;60;44;45;66;59;51;61;73;54;55;64;68;62;80;78;79;75;70;78;53;41;46;59;64;50;48;61;46;36;52;39;41;36;28;35;13;12;5;14;17;10;18;9;13;10;6;10;4;3;2;3;0
032002;Monrupino;1;2;2;1;1;1;3;3;6;2;5;5;5;3;4;2;1;6;3;4;2;2;3;5;5;2;1;6;4;6;3;3;5;5;6;4;3;4;5;5;5;7;8;4;4;4;7;9;4;1;10;8;9;5;7;7;5;4;8;4;5;8;4;12;7;4;2;9;7;5;2;6;2;5;2;7;3;1;1;6;3;4;1;1;2;1;0;0;1;3;1;2;5;0;4;0;0;0;0;0;0
032003;Muggia;45;30;40;32;39;43;48;48;43;45;48;51;63;56;37;55;39;40;35;47;37;50;49;51;46;67;61;61;80;84;80;90;75;89;72;104;119;94;90;98;64;96;79;80;77;77;109;77;87;77;103;118;98;111;140;114;124;74;112;99;92;104;115;113;100;109;95;91;96;83;82;103;95;75;62;58;91;66;76;70;67;81;82;46;17;15;24;33;51;29;30;24;20;12;8;10;7;1;0;2;1
032004;San Dorligo della Valle-Dolina;18;18;29;20;24;14;20;30;19;26;16;21;26;29;15;18;22;23;23;29;19;23;21;21;29;34;29;23;46;46;40;31;39;35;43;51;36;57;46;42;41;43;50;52;40;43;38;29;35;40;54;39;42;50;47;39;52;28;35;40;30;41;39;56;43;37;51;49;29;32;31;35;38;42;23;37;35;27;35;33;27;26;29;24;10;10;4;11;22;14;4;3;5;7;1;2;1;1;0;0;2
032005;Sgonico;6;6;6;8;5;5;10;5;11;8;5;5;9;11;11;12;8;14;4;9;8;17;9;7;7;13;14;15;18;12;18;12;19;10;15;20;19;11;13;13;18;12;12;16;18;17;21;22;13;12;21;18;22;24;19;23;26;21;9;22;11;23;11;11;13;13;9;12;8;8;11;15;8;14;7;8;11;13;5;10;7;11;8;7;1;2;3;1;7;6;1;1;3;1;2;0;0;0;0;0;0
032006;Trieste;642;694;695;676;664;629;638;597;671;633;710;677;713;603;634;588;576;641;625;628;639;604;684;725;864;851;1091;1205;1236;1323;1393;1441;1434;1378;1460;1465;1551;1599;1583;1461;1438;1346;1326;1356;1352;1306;1238;1259;1200;1233;1269;1288;1495;1369;1537;1673;1725;1206;1478;1509;1541;1670;1822;1699;1735;1572;1484;1514;1425;1513;1454;1520;1540;1475;1363;1327;1553;1552;1465;1498;1619;1605;1613;1025;496;452;400;672;760;630;587;471;384;297;209;166;120;80;48;26;51
;Totale;748;791;809;759;759;730;771;726;785;752;822;795;850;731;737;697;670;741;713;745;742;722;795;845;979;1006;1228;1339;1425;1529;1598;1644;1621;1566;1668;1704;1802;1853;1808;1696;1641;1574;1532;1564;1536;1520;1460;1463;1398;1423;1501;1516;1732;1618;1801;1917;2005;1387;1697;1738;1747;1908;2071;1969;1977;1810;1711;1753;1618;1682;1626;1738;1747;1661;1505;1498;1739;1695;1634;1656;1764;1763;1761;1138;539;492;436;731;858;692;641;510;430;327;230;188;132;85;50;31;54

"Ricostruzione della popolazione intercensuaria - Popolazione al 1° gennaio per età"
"Cittadinanza italiana - Anno: 2004 - Provincia: Trieste"
Territorio/Età;;0;1;2;3;4;5;6;7;8;9;10;11;12;13;14;15;16;17;18;19;20;21;22;23;24;25;26;27;28;29;30;31;32;33;34;35;36;37;38;39;40;41;42;43;44;45;46;47;48;49;50;51;52;53;54;55;56;57;58;59;60;61;62;63;64;65;66;67;68;69;70;71;72;73;74;75;76;77;78;79;80;81;82;83;84;85;86;87;88;89;90;91;92;93;94;95;96;97;98;99;100
Codice comune;Comune;Totale
032001;Duino-Aurisina;68;91;72;74;67;61;82;79;76;71;82;73;76;67;66;68;56;56;52;47;51;65;61;63;76;69;92;81;73;101;115;143;125;110;114;143;150;147;172;140;151;142;142;124;105;104;123;107;136;115;118;114;95;120;132;118;114;151;88;110;107;121;134;150;159;161;151;130;133;97;95;99;101;98;84;80;85;75;71;77;71;61;59;42;39;14;27;6;21;22;12;20;12;8;12;7;8;4;1;1;2
032002;Monrupino;7;2;6;4;6;4;3;7;7;8;2;7;8;9;8;5;4;4;8;10;9;8;9;7;15;18;12;18;19;16;15;7;15;11;18;12;10;6;12;15;13;10;13;13;11;11;10;15;14;11;6;17;12;11;20;14;12;12;8;15;9;8;11;12;19;12;10;6;16;13;11;3;8;5;6;4;8;6;4;1;9;3;4;0;2;1;1;0;0;0;1;1;2;4;0;1;0;0;0;0;0
032003;Muggia;79;85;62;76;85;90;93;88;99;86;90;104;87;121;104;94;88;86;70;89;96;85;93;98;120;100;144;141;141;160;170;179;206;169;190;175;206;208;191;192;196;160;192;161;179;146;162;199;162;173;153;187;206;191;227;245;232;228;151;211;218;198;196;227;225;197;213;179;175;171;160;170;174;161;142;127;107;139;109;125;116;107;116;118;61;19;17;28;43;56;34;39;27;22;15;6;7;3;1;0;3
032004;San Dorligo della Valle-Dolina;52;32;42;44;49;54;36;38;55;38;53;40;44;54;46;35;53;48;37;51;51;56;43;43;62;63;62;72;51;88;80;83;89;84;96;81;96;103;96;88;82;85;93;85;97;93;91;77;70;71;81;102;70;79;105;95;96;107;56;64;78;68;92;92;111;85;74;97;90;70;75;52;60;80;64;44;55;55;33;48;60;36;30;38;30;13;8;5;11;23;15;6;4;3;8;4;0;1;1;0;0
032005;Sgonico;18;7;14;14;14;12;16;20;13;21;19;7;17;19;18;20;17;19;26;20;17;23;32;19;24;18;29;27;22;33;34;31;27;28;22;23;34;42;21;24;24;27;30;26;38;35;33;39;38;32;23;35;34;39;46;39;48;52;33;21;35;39;36;26;29;33;30;18;24;22;15;19;20;24;21;14;17;20;16;9;12;13;14;10;8;5;2;3;0;4;5;1;2;2;1;2;0;0;1;0;0
032006;Trieste;1412;1334;1412;1435;1359;1304;1340;1337;1257;1333;1321;1467;1386;1366;1328;1319;1229;1250;1314;1254;1315;1322;1319;1412;1458;1835;1826;2219;2362;2594;2692;2937;2861;2928;2839;2886;2893;3081;3132;3221;2988;2881;2789;2686;2710;2634;2559;2559;2494;2411;2344;2435;2479;2757;2677;3018;3143;3263;2286;2759;2847;2873;3102;3342;3185;3179;2881;2655;2730;2552;2581;2482;2550;2623;2357;2211;2154;2312;2303;2150;2204;2317;2246;2180;1369;642;572;486;802;926;733;645;500;404;300;201;147;103;67;42;55
;Totale;1636;1551;1608;1647;1580;1525;1570;1569;1507;1557;1567;1698;1618;1636;1570;1541;1447;1463;1507;1471;1539;1559;1557;1642;1755;2103;2165;2558;2668;2992;3106;3380;3323;3330;3279;3320;3389;3587;3624;3680;3454;3305;3259;3095;3140;3023;2978;2996;2914;2813;2725;2890;2896;3197;3207;3529;3645;3813;2622;3180;3294;3307;3571;3849;3728;3667;3359;3085;3168;2925;2937;2825;2913;2991;2674;2480;2426;2607;2536;2410;2472;2537;2469;2388;1509;694;627;528;877;1031;800;712;547;443;336;221;162;111;71;43;60
Territorio/Età;;0;1;2;3;4;5;6;7;8;9;10;11;12;13;14;15;16;17;18;19;20;21;22;23;24;25;26;27;28;29;30;31;32;33;34;35;36;37;38;39;40;41;42;43;44;45;46;47;48;49;50;51;52;53;54;55;56;57;58;59;60;61;62;63;64;65;66;67;68;69;70;71;72;73;74;75;76;77;78;79;80;81;82;83;84;85;86;87;88;89;90;91;92;93;94;95;96;97;98;99;100
Codice comune;Comune;Maschi
032001;Duino-Aurisina;39;48;33;35;44;35;43;27;33;37;43;33;40;35;38;32;34;32;35;24;25;29;30;32;41;41;55;44;42;58;51;80;60;64;65;76;79;74;86;69;72;63;72;67;49;59;53;61;66;53;59;66;44;57;71;66;53;74;34;55;43;51;71;69;81;82;76;61;55;45;55;54;43;39;37;35;26;30;37;25;26;24;19;16;5;3;11;2;8;6;6;4;5;1;3;2;0;1;0;0;1
032002;Monrupino;4;1;4;2;4;3;2;3;4;2;0;3;3;4;5;1;2;3;2;7;5;6;7;6;9;13;10;17;13;11;8;5;11;7;10;4;8;3;7;10;8;5;6;5;6;7;6;7;5;6;5;7;4;2;15;7;5;7;4;7;4;3;3;8;7;5;6;5;7;6;6;1;2;3;1;2;1;3;3;0;3;0;0;0;1;0;0;0;0;0;0;0;1;2;0;0;0;0;0;0;0
032003;Muggia;46;37;31;35;52;50;51;42;49;45;45;58;34;60;50;57;35;45;32;55;50;47;45;44;71;51;75;80;82;83;86;103;112;95;99;96;100;88;96;106;99;95;99;84;99;68;86;92;84;81;76;83;88;93;113;108;118;104;77;98;115;109;90;117;111;98;103;85;86;73;79;90;73;72;67;65;50;50;47;52;48;42;41;40;17;5;4;7;12;10;10;15;7;8;2;0;1;0;0;0;1
032004;San Dorligo della Valle-Dolina;25;15;22;13;25;28;21;18;23;19;26;23;23;26;17;20;33;26;15;28;22;33;20;22;42;31;27;44;31;42;38;42;51;44;57;34;46;63;37;42;37;43;47;37;45;51;48;40;39;36;41;47;31;37;55;49;58;55;27;32;39;37;51;52;55;42;37;45;38;43;41;21;25;42;22;22;19;20;9;14;28;9;8;12;9;3;0;2;3;6;2;4;3;0;3;3;0;0;0;0;0
032005;Sgonico;9;0;8;8;7;4;12;10;8;11;11;3;11;11;7;8;6;8;14;14;8;14;15;9;15;12;17;20;8;16;24;14;13;11;14;8;16;22;10;12;12;9;17;14;22;17;15;17;17;19;11;13;16;16;22;21;25;27;12;12;13;27;13;14;18;21;17;9;12;14;7;8;6;13;7;7;9;9;6;4;3;7;3;2;1;4;2;0;0;0;0;0;1;0;0;0;0;0;1;0;0
032006;Trieste;731;695;724;744;694;649;709;693;659;664;686;759;712;649;727;685;641;681;667;619;681;685;709;731;730;959;963;1125;1157;1358;1369;1533;1436;1470;1455;1448;1439;1550;1538;1634;1533;1445;1454;1357;1359;1282;1249;1323;1235;1217;1114;1175;1196;1272;1308;1475;1471;1552;1088;1286;1354;1338;1446;1526;1507;1457;1325;1183;1234;1141;1092;1055;1060;1118;915;882;874;802;806;743;785;760;739;652;418;181;160;142;210;264;182;145;113;86;62;35;21;10;4;4;5
;Totale;854;796;822;837;826;769;838;793;776;778;811;879;823;785;844;803;751;795;765;747;791;814;826;844;908;1107;1147;1330;1333;1568;1576;1777;1683;1691;1700;1666;1688;1800;1774;1873;1761;1660;1695;1564;1580;1484;1457;1540;1446;1412;1306;1391;1379;1477;1584;1726;1730;1819;1242;1490;1568;1565;1674;1786;1779;1705;1564;1388;1432;1322;1280;1229;1209;1287;1049;1013;979;914;908;838;893;842;810;722;451;196;177;153;233;286;200;168;130;97;70;40;22;11;5;4;7
Territorio/Età;;0;1;2;3;4;5;6;7;8;9;10;11;12;13;14;15;16;17;18;19;20;21;22;23;24;25;26;27;28;29;30;31;32;33;34;35;36;37;38;39;40;41;42;43;44;45;46;47;48;49;50;51;52;53;54;55;56;57;58;59;60;61;62;63;64;65;66;67;68;69;70;71;72;73;74;75;76;77;78;79;80;81;82;83;84;85;86;87;88;89;90;91;92;93;94;95;96;97;98;99;100
Codice comune;Comune;Femmine
032001;Duino-Aurisina;29;43;39;39;23;26;39;52;43;34;39;40;36;32;28;36;22;24;17;23;26;36;31;31;35;28;37;37;31;43;64;63;65;46;49;67;71;73;86;71;79;79;70;57;56;45;70;46;70;62;59;48;51;63;61;52;61;77;54;55;64;70;63;81;78;79;75;69;78;52;40;45;58;59;47;45;59;45;34;52;45;37;40;26;34;11;16;4;13;16;6;16;7;7;9;5;8;3;1;1;1
032002;Monrupino;3;1;2;2;2;1;1;4;3;6;2;4;5;5;3;4;2;1;6;3;4;2;2;1;6;5;2;1;6;5;7;2;4;4;8;8;2;3;5;5;5;5;7;8;5;4;4;8;9;5;1;10;8;9;5;7;7;5;4;8;5;5;8;4;12;7;4;1;9;7;5;2;6;2;5;2;7;3;1;1;6;3;4;0;1;1;1;0;0;0;1;1;1;2;0;1;0;0;0;0;0
032003;Muggia;33;48;31;41;33;40;42;46;50;41;45;46;53;61;54;37;53;41;38;34;46;38;48;54;49;49;69;61;59;77;84;76;94;74;91;79;106;120;95;86;97;65;93;77;80;78;76;107;78;92;77;104;118;98;114;137;114;124;74;113;103;89;106;110;114;99;110;94;89;98;81;80;101;89;75;62;57;89;62;73;68;65;75;78;44;14;13;21;31;46;24;24;20;14;13;6;6;3;1;0;2
032004;San Dorligo della Valle-Dolina;27;17;20;31;24;26;15;20;32;19;27;17;21;28;29;15;20;22;22;23;29;23;23;21;20;32;35;28;20;46;42;41;38;40;39;47;50;40;59;46;45;42;46;48;52;42;43;37;31;35;40;55;39;42;50;46;38;52;29;32;39;31;41;40;56;43;37;52;52;27;34;31;35;38;42;22;36;35;24;34;32;27;22;26;21;10;8;3;8;17;13;2;1;3;5;1;0;1;1;0;0
032005;Sgonico;9;7;6;6;7;8;4;10;5;10;8;4;6;8;11;12;11;11;12;6;9;9;17;10;9;6;12;7;14;17;10;17;14;17;8;15;18;20;11;12;12;18;13;12;16;18;18;22;21;13;12;22;18;23;24;18;23;25;21;9;22;12;23;12;11;12;13;9;12;8;8;11;14;11;14;7;8;11;10;5;9;6;11;8;7;1;0;3;0;4;5;1;1;2;1;2;0;0;0;0;0
032006;Trieste;681;639;688;691;665;655;631;644;598;669;635;708;674;717;601;634;588;569;647;635;634;637;610;681;728;876;863;1094;1205;1236;1323;1404;1425;1458;1384;1438;1454;1531;1594;1587;1455;1436;1335;1329;1351;1352;1310;1236;1259;1194;1230;1260;1283;1485;1369;1543;1672;1711;1198;1473;1493;1535;1656;1816;1678;1722;1556;1472;1496;1411;1489;1427;1490;1505;1442;1329;1280;1510;1497;1407;1419;1557;1507;1528;951;461;412;344;592;662;551;500;387;318;238;166;126;93;63;38;50
;Totale;782;755;786;810;754;756;732;776;731;779;756;819;795;851;726;738;696;668;742;724;748;745;731;798;847;996;1018;1228;1335;1424;1530;1603;1640;1639;1579;1654;1701;1787;1850;1807;1693;1645;1564;1531;1560;1539;1521;1456;1468;1401;1419;1499;1517;1720;1623;1803;1915;1994;1380;1690;1726;1742;1897;2063;1949;1962;1795;1697;1736;1603;1657;1596;1704;1704;1625;1467;1447;1693;1628;1572;1579;1695;1659;1666;1058;498;450;375;644;745;600;544;417;346;266;181;140;100;66;39;53

"Ricostruzione della popolazione intercensuaria - Popolazione al 1° gennaio per età"
"Cittadinanza italiana - Anno: 2005 - Provincia: Trieste"
Territorio/Età;;0;1;2;3;4;5;6;7;8;9;10;11;12;13;14;15;16;17;18;19;20;21;22;23;24;25;26;27;28;29;30;31;32;33;34;35;36;37;38;39;40;41;42;43;44;45;46;47;48;49;50;51;52;53;54;55;56;57;58;59;60;61;62;63;64;65;66;67;68;69;70;71;72;73;74;75;76;77;78;79;80;81;82;83;84;85;86;87;88;89;90;91;92;93;94;95;96;97;98;99;100
Codice comune;Comune;Totale
032001;Duino-Aurisina;61;70;85;74;74;66;61;82;78;75;69;80;69;72;66;66;68;57;60;53;45;52;64;64;60;72;66;92;80;82;95;113;145;125;113;111;143;152;140;169;142;152;138;144;128;107;107;123;111;139;111;121;115;94;125;130;120;111;148;85;106;108;122;135;153;152;160;147;125;130;94;91;96;98;98;82;81;86;72;72;72;72;58;56;44;36;13;23;5;22;18;8;16;8;5;12;4;2;4;1;3
032002;Monrupino;6;8;3;6;4;6;4;5;7;7;9;2;7;8;10;8;5;4;4;8;10;9;7;7;7;10;14;11;17;17;13;14;7;15;12;20;14;8;6;12;16;13;10;13;13;12;11;10;16;14;11;8;18;11;10;20;14;12;12;8;14;8;7;11;11;19;12;10;6;15;13;11;2;8;7;6;4;8;6;3;2;8;3;4;0;2;1;0;0;0;2;1;1;1;3;0;0;0;0;0;0
032003;Muggia;87;78;85;67;74;82;92;93;91;98;83;88;105;85;121;102;91;88;82;69;89;98;81;96;95;115;101;139;140;140;166;173;179;196;170;190;175;206;213;188;195;193;155;186;164;180;152;167;200;162;177;154;190;206;195;224;251;232;227;154;212;220;199;192;228;225;198;213;177;171;164;156;167;170;160;136;123;100;134;100;115;105;96;107;107;49;18;14;22;36;48;26;31;23;15;12;5;7;2;1;1
032004;San Dorligo della Valle-Dolina;51;50;39;42;44;49;57;36;37;57;39;52;41;43;53;45;35;52;47;37;49;52;53;44;45;59;64;61;72;51;84;78;84;89;88;99;81;94;103;97;92;87;86;93;83;98;91;91;81;71;72;81;99;69;79;102;98;98;107;55;60;79;66;92;92;105;84;75;97;88;72;74;52;57;79;62;44;55;54;35;47;55;36;29;37;27;8;8;3;13;19;11;3;3;2;7;6;0;1;0;0
032005;Sgonico;7;17;6;14;14;12;11;16;22;15;23;19;6;17;20;18;20;17;19;25;21;16;22;30;21;23;16;27;23;21;33;32;25;25;25;24;22;29;43;26;24;24;29;28;25;41;35;33;39;38;35;24;35;33;39;46;38;47;53;33;20;35;38;36;25;27;33;30;19;25;23;15;18;21;24;21;13;17;19;15;8;10;12;12;9;5;5;2;3;1;4;4;1;0;1;1;2;0;0;0;0
032006;Trieste;1485;1410;1330;1409;1437;1355;1310;1339;1330;1260;1332;1325;1461;1390;1366;1331;1319;1221;1257;1318;1265;1314;1331;1322;1402;1486;1845;1845;2208;2373;2604;2690;2929;2880;2921;2827;2895;2869;3067;3122;3197;2981;2868;2793;2677;2692;2627;2560;2540;2484;2404;2330;2431;2480;2747;2681;3002;3134;3239;2275;2746;2822;2859;3065;3305;3162;3143;2853;2609;2694;2499;2533;2434;2498;2563;2290;2126;2091;2227;2182;2037;2084;2161;2092;2027;1243;574;518;422;663;785;630;541;415;334;240;144;104;78;52;62
;Totale;1697;1633;1548;1612;1647;1570;1535;1571;1565;1512;1555;1566;1689;1615;1636;1570;1538;1439;1469;1510;1479;1541;1558;1563;1630;1765;2106;2175;2540;2684;2995;3100;3369;3330;3329;3271;3330;3358;3572;3614;3666;3450;3286;3257;3090;3130;3023;2984;2987;2908;2810;2718;2888;2893;3195;3203;3523;3634;3786;2610;3158;3272;3291;3531;3814;3690;3630;3328;3033;3123;2865;2880;2769;2852;2931;2597;2391;2357;2512;2407;2281;2334;2366;2300;2224;1362;619;565;455;735;876;680;593;450;360;272;161;113;85;54;66
Territorio/Età;;0;1;2;3;4;5;6;7;8;9;10;11;12;13;14;15;16;17;18;19;20;21;22;23;24;25;26;27;28;29;30;31;32;33;34;35;36;37;38;39;40;41;42;43;44;45;46;47;48;49;50;51;52;53;54;55;56;57;58;59;60;61;62;63;64;65;66;67;68;69;70;71;72;73;74;75;76;77;78;79;80;81;82;83;84;85;86;87;88;89;90;91;92;93;94;95;96;97;98;99;100
Codice comune;Comune;Maschi
032001;Duino-Aurisina;28;40;46;34;35;43;36;43;26;34;36;40;31;38;34;38;32;35;34;35;24;27;29;31;31;39;40;50;39;46;54;49;79;60;64;61;75;82;71;85;71;72;61;73;73;49;60;53;61;67;48;61;66;42;58;70;67;51;72;32;53;44;51;73;69;76;80;72;56;51;43;53;52;42;40;36;36;28;27;36;24;26;21;16;15;4;3;10;1;9;3;4;3;4;1;3;2;0;1;0;1
032002;Monrupino;4;4;2;4;2;4;3;2;3;4;3;0;3;3;5;5;1;2;3;2;7;5;5;7;6;3;10;9;17;11;8;8;5;11;9;11;4;6;3;7;11;8;4;6;6;6;7;6;8;5;6;7;8;3;1;15;7;5;7;4;6;4;3;3;7;7;5;6;5;7;6;6;1;2;3;1;2;1;3;3;0;4;0;0;0;1;0;0;0;0;2;0;0;1;2;0;0;0;0;0;0
032003;Muggia;48;47;36;35;35;52;52;52;45;49;43;45;59;34;62;48;57;35;45;34;54;50;44;43;43;67;51;72;81;84;86;90;100;104;96;101;94;100;92;93;108;99;93;97;85;101;69;88;94;82;85;76;83;86;94;112;112;118;106;79;99;116;110;88;119;110;97;105;83;83;70;75;87;70;70;64;62;47;46;41;46;41;36;38;34;12;4;3;6;10;9;9;11;6;6;2;0;1;0;0;0
032004;San Dorligo della Valle-Dolina;28;24;20;22;14;26;30;21;18;24;20;25;24;23;26;16;20;32;25;16;27;24;33;22;22;39;31;23;41;29;42;37;45;52;44;60;34;45;60;38;40;40;44;48;35;46;50;48;43;41;37;41;46;31;37;52;51;58;55;28;32;38;35;50;48;50;40;37;44;38;45;40;20;21;41;22;21;19;19;11;14;23;9;6;12;7;3;0;2;4;4;2;3;2;0;3;3;0;0;0;0
032005;Sgonico;4;8;0;7;9;6;4;12;11;10;13;12;2;11;12;7;8;6;8;13;15;8;12;15;10;13;10;18;16;8;15;22;9;11;9;15;7;14;24;11;12;12;10;16;13;23;18;14;17;16;21;12;14;16;16;23;21;24;28;13;12;13;26;13;13;16;21;17;10;12;15;7;8;7;13;7;6;9;9;5;4;4;7;2;2;1;4;2;0;0;0;0;0;0;0;0;0;0;0;0;0
032006;Trieste;776;728;698;724;746;688;652;709;689;659;661;683;756;713;647;728;684;636;683;661;624;678;687;708;723;746;963;971;1121;1160;1355;1354;1531;1436;1457;1446;1461;1424;1539;1532;1615;1530;1437;1455;1351;1346;1279;1248;1310;1229;1211;1101;1172;1198;1269;1304;1464;1461;1534;1078;1272;1337;1333;1416;1498;1485;1424;1308;1158;1209;1112;1063;1021;1033;1090;876;835;840;763;747;703;728;690;677;593;363;155;140;119;172;215;137;111;88;65;48;24;13;7;1;5
;Totale;888;851;802;826;841;819;777;839;792;780;776;805;875;822;786;842;802;746;798;761;751;792;810;826;835;907;1105;1143;1315;1338;1560;1560;1769;1674;1679;1694;1675;1671;1789;1766;1857;1761;1649;1695;1563;1571;1483;1457;1533;1440;1408;1298;1389;1376;1475;1576;1722;1717;1802;1234;1474;1552;1558;1643;1754;1744;1667;1545;1356;1400;1291;1244;1189;1175;1257;1006;962;944;867;843;791;826;763;739;656;388;169;155;128;195;233;152;128;101;74;56;29;14;8;1;6
Territorio/Età;;0;1;2;3;4;5;6;7;8;9;10;11;12;13;14;15;16;17;18;19;20;21;22;23;24;25;26;27;28;29;30;31;32;33;34;35;36;37;38;39;40;41;42;43;44;45;46;47;48;49;50;51;52;53;54;55;56;57;58;59;60;61;62;63;64;65;66;67;68;69;70;71;72;73;74;75;76;77;78;79;80;81;82;83;84;85;86;87;88;89;90;91;92;93;94;95;96;97;98;99;100
Codice comune;Comune;Femmine
032001;Duino-Aurisina;33;30;39;40;39;23;25;39;52;41;33;40;38;34;32;28;36;22;26;18;21;25;35;33;29;33;26;42;41;36;41;64;66;65;49;50;68;70;69;84;71;80;77;71;55;58;47;70;50;72;63;60;49;52;67;60;53;60;76;53;53;64;71;62;84;76;80;75;69;79;51;38;44;56;58;46;45;58;45;36;48;46;37;40;29;32;10;13;4;13;15;4;13;4;4;9;2;2;3;1;2
032002;Monrupino;2;4;1;2;2;2;1;3;4;3;6;2;4;5;5;3;4;2;1;6;3;4;2;0;1;7;4;2;0;6;5;6;2;4;3;9;10;2;3;5;5;5;6;7;7;6;4;4;8;9;5;1;10;8;9;5;7;7;5;4;8;4;4;8;4;12;7;4;1;8;7;5;1;6;4;5;2;7;3;0;2;4;3;4;0;1;1;0;0;0;0;1;1;0;1;0;0;0;0;0;0
032003;Muggia;39;31;49;32;39;30;40;41;46;49;40;43;46;51;59;54;34;53;37;35;35;48;37;53;52;48;50;67;59;56;80;83;79;92;74;89;81;106;121;95;87;94;62;89;79;79;83;79;106;80;92;78;107;120;101;112;139;114;121;75;113;104;89;104;109;115;101;108;94;88;94;81;80;100;90;72;61;53;88;59;69;64;60;69;73;37;14;11;16;26;39;17;20;17;9;10;5;6;2;1;1
032004;San Dorligo della Valle-Dolina;23;26;19;20;30;23;27;15;19;33;19;27;17;20;27;29;15;20;22;21;22;28;20;22;23;20;33;38;31;22;42;41;39;37;44;39;47;49;43;59;52;47;42;45;48;52;41;43;38;30;35;40;53;38;42;50;47;40;52;27;28;41;31;42;44;55;44;38;53;50;27;34;32;36;38;40;23;36;35;24;33;32;27;23;25;20;5;8;1;9;15;9;0;1;2;4;3;0;1;0;0
032005;Sgonico;3;9;6;7;5;6;7;4;11;5;10;7;4;6;8;11;12;11;11;12;6;8;10;15;11;10;6;9;7;13;18;10;16;14;16;9;15;15;19;15;12;12;19;12;12;18;17;19;22;22;14;12;21;17;23;23;17;23;25;20;8;22;12;23;12;11;12;13;9;13;8;8;10;14;11;14;7;8;10;10;4;6;5;10;7;4;1;0;3;1;4;4;1;0;1;1;2;0;0;0;0
032006;Trieste;709;682;632;685;691;667;658;630;641;601;671;642;705;677;719;603;635;585;574;657;641;636;644;614;679;740;882;874;1087;1213;1249;1336;1398;1444;1464;1381;1434;1445;1528;1590;1582;1451;1431;1338;1326;1346;1348;1312;1230;1255;1193;1229;1259;1282;1478;1377;1538;1673;1705;1197;1474;1485;1526;1649;1807;1677;1719;1545;1451;1485;1387;1470;1413;1465;1473;1414;1291;1251;1464;1435;1334;1356;1471;1415;1434;880;419;378;303;491;570;493;430;327;269;192;120;91;71;51;57
;Totale;809;782;746;786;806;751;758;732;773;732;779;761;814;793;850;728;736;693;671;749;728;749;748;737;795;858;1001;1032;1225;1346;1435;1540;1600;1656;1650;1577;1655;1687;1783;1848;1809;1689;1637;1562;1527;1559;1540;1527;1454;1468;1402;1420;1499;1517;1720;1627;1801;1917;1984;1376;1684;1720;1733;1888;2060;1946;1963;1783;1677;1723;1574;1636;1580;1677;1674;1591;1429;1413;1645;1564;1490;1508;1603;1561;1568;974;450;410;327;540;643;528;465;349;286;216;132;99;77;53;60

"Ricostruzione della popolazione intercensuaria - Popolazione al 1° gennaio per età"
"Cittadinanza italiana - Anno: 2006 - Provincia: Trieste"
Territorio/Età;;0;1;2;3;4;5;6;7;8;9;10;11;12;13;14;15;16;17;18;19;20;21;22;23;24;25;26;27;28;29;30;31;32;33;34;35;36;37;38;39;40;41;42;43;44;45;46;47;48;49;50;51;52;53;54;55;56;57;58;59;60;61;62;63;64;65;66;67;68;69;70;71;72;73;74;75;76;77;78;79;80;81;82;83;84;85;86;87;88;89;90;91;92;93;94;95;96;97;98;99;100
Codice comune;Comune;Totale
032001;Duino-Aurisina;56;69;70;82;76;80;70;60;82;77;76;65;79;64;70;66;60;69;58;58;54;45;50;64;62;66;69;64;87;71;88;98;105;138;126;112;112;142;152;141;180;146;151;139;145;127;108;104;126;109;144;108;120;116;93;125;126;120;109;148;86;105;108;124;136;150;150;158;146;121;123;95;89;99;93;96;78;76;83;70;69;66;68;55;52;41;33;10;17;8;17;18;8;12;7;4;9;2;2;4;1
032002;Monrupino;4;7;8;3;8;7;6;6;5;8;6;8;4;7;6;10;8;5;4;4;8;10;10;9;6;7;7;8;7;15;15;13;13;6;14;15;20;15;10;7;13;16;13;10;13;11;13;10;10;16;14;11;8;17;12;10;20;15;12;14;8;13;8;7;11;12;18;12;10;7;16;12;11;2;8;7;6;4;9;6;2;2;8;3;4;1;2;0;0;0;0;1;2;1;1;3;0;0;0;0;0
032003;Muggia;68;88;79;90;71;77;88;92;94;89;104;83;87;104;87;120;105;90;88;84;73;87;97;81;93;91;117;99;136;139;137;156;173;185;200;168;186;173;210;215;188;199;191;161;195;166;180;158;169;199;167;176;157;192;204;196;223;252;233;227;154;211;216;204;194;224;226;199;212;180;172;159;155;166;167;156;134;123;97;127;101;108;100;90;103;95;43;17;16;18;35;43;23;22;18;13;8;2;4;2;2
032004;San Dorligo della Valle-Dolina;41;56;52;41;48;45;50;55;34;38;56;37;53;44;43;54;45;37;51;48;37;43;52;52;43;44;56;62;59;74;56;86;84;82;88;90;106;82;89;108;94;92;91;87;94;89;98;89;93;81;72;74;84;101;68;78;107;98;100;109;56;61;81;67;91;91;105;83;73;94;87;73;73;50;57;76;61;40;55;55;36;44;50;32;27;30;24;8;8;2;12;14;8;2;2;1;6;4;0;0;0
032005;Sgonico;4;9;15;6;13;13;11;10;15;21;13;25;18;7;18;18;18;20;20;20;25;21;16;19;28;21;23;14;27;28;18;29;28;27;22;24;27;23;27;40;26;24;26;30;29;25;40;36;35;42;39;36;24;33;33;39;46;38;46;53;36;23;35;37;38;25;27;33;30;19;25;22;15;18;21;24;18;13;17;18;14;8;6;10;12;9;4;4;2;3;0;0;4;1;0;1;0;2;0;0;0
032006;Trieste;1378;1461;1397;1328;1397;1430;1350;1300;1343;1325;1253;1340;1323;1465;1394;1363;1329;1316;1224;1254;1310;1278;1331;1336;1336;1405;1497;1839;1844;2199;2358;2586;2695;2909;2864;2885;2803;2880;2866;3041;3111;3184;2974;2845;2776;2676;2691;2611;2543;2532;2465;2398;2331;2410;2469;2733;2661;2990;3135;3220;2245;2729;2796;2825;3017;3287;3125;3103;2819;2569;2655;2446;2479;2361;2429;2473;2244;2047;2008;2132;2088;1926;1954;2002;1930;1838;1125;508;473;361;570;641;525;456;335;265;195;103;71;54;77
;Totale;1551;1690;1621;1550;1613;1652;1575;1523;1573;1558;1508;1558;1564;1691;1618;1631;1565;1537;1445;1468;1507;1484;1556;1561;1568;1634;1769;2086;2160;2526;2672;2968;3098;3347;3314;3294;3254;3315;3354;3552;3612;3661;3446;3272;3252;3094;3130;3008;2976;2979;2901;2803;2724;2869;2879;3181;3183;3513;3635;3771;2585;3142;3244;3264;3487;3789;3651;3588;3290;2990;3078;2807;2822;2696;2775;2832;2541;2303;2269;2408;2310;2154;2186;2192;2128;2014;1231;547;516;392;634;717;570;494;363;287;218;113;77;60;80
Territorio/Età;;0;1;2;3;4;5;6;7;8;9;10;11;12;13;14;15;16;17;18;19;20;21;22;23;24;25;26;27;28;29;30;31;32;33;34;35;36;37;38;39;40;41;42;43;44;45;46;47;48;49;50;51;52;53;54;55;56;57;58;59;60;61;62;63;64;65;66;67;68;69;70;71;72;73;74;75;76;77;78;79;80;81;82;83;84;85;86;87;88;89;90;91;92;93;94;95;96;97;98;99;100
Codice comune;Comune;Maschi
032001;Duino-Aurisina;35;33;40;42;37;39;47;36;45;26;34;35;38;29;36;33;35;33;36;32;36;24;27;28;28;34;35;38;48;32;47;56;46;74;60;63;61;72;83;70;91;74;73;61;74;72;49;60;54;59;70;48;62;66;43;59;70;66;51;73;32;51;41;51;74;67;75;79;72;52;44;45;51;52;38;39;32;31;28;27;33;24;24;21;13;15;3;1;5;1;6;4;4;1;3;1;3;1;0;1;1
032002;Monrupino;3;4;4;2;6;2;4;5;2;3;3;2;0;3;3;5;5;1;2;3;2;7;6;6;6;6;0;6;5;14;9;8;9;3;10;11;11;6;7;3;8;11;8;4;6;5;7;6;6;8;5;6;7;7;4;1;15;7;5;8;4;5;4;3;3;8;6;5;6;5;8;6;6;1;2;3;1;2;1;3;2;0;3;0;0;1;1;0;0;0;0;1;0;0;1;2;0;0;0;0;0
032003;Muggia;38;45;49;38;37;37;55;52;52;45;52;42;46;59;34;61;48;55;33;45;36;54;55;44;41;43;66;48;73;77;78;77;89;100;110;90;103;92;97;93;93;113;98;98;101;87;101;73;89;96;86;82;78;87;85;95;110;113;118;105;78;98;113;115;85;118;111;96;102;82;83;67;74;86;71;65;61;62;47;42;41;44;37;32;36;29;9;4;4;3;11;7;9;6;3;6;2;0;0;0;0
032004;San Dorligo della Valle-Dolina;22;34;25;21;25;15;27;30;19;18;25;19;26;25;23;27;16;21;32;26;17;25;24;30;21;20;37;30;21;39;31;40;42;43;53;47;63;32;42;65;39;39;43;45;49;39;46;48;50;42;41;39;44;49;31;36;55;51;58;57;28;34;40;36;50;48;51;39;35;44;37;45;39;20;21;40;20;19;19;17;12;15;21;8;6;7;7;3;0;2;4;4;2;2;1;0;3;3;0;0;0
032005;Sgonico;2;5;8;1;6;9;6;4;11;9;9;15;11;4;11;12;7;8;6;8;13;15;8;10;13;11;14;10;17;17;6;14;20;11;9;8;15;8;13;21;12;12;13;11;17;14;22;19;16;19;16;21;11;12;16;16;24;21;23;27;15;13;13;25;15;13;15;21;17;10;12;14;7;8;7;13;5;6;9;9;6;4;2;7;2;3;1;3;2;0;0;0;0;0;0;0;0;0;0;0;0
032006;Trieste;727;758;718;694;714;742;684;648;712;682;655;665;684;757;715;649;725;682;639;685;656;631;689;691;722;726;750;955;969;1115;1147;1345;1360;1525;1405;1438;1425;1463;1430;1517;1521;1594;1529;1419;1437;1344;1343;1262;1238;1301;1215;1210;1096;1156;1191;1262;1289;1451;1455;1527;1066;1261;1325;1313;1390;1486;1463;1407;1289;1134;1185;1080;1037;980;995;1031;853;803;796;727;693;655;669;632;606;511;322;138;129;104;152;168;114;91;65;50;39;17;8;5;4
;Totale;827;879;844;798;825;844;823;775;841;783;778;778;805;877;822;787;836;800;748;799;760;756;809;809;831;840;902;1087;1133;1294;1318;1540;1566;1756;1647;1657;1678;1673;1672;1769;1764;1843;1764;1638;1684;1561;1568;1468;1453;1525;1433;1406;1298;1377;1370;1469;1563;1709;1710;1797;1223;1462;1536;1543;1617;1740;1721;1647;1521;1327;1369;1257;1214;1147;1134;1191;972;923;900;825;787;742;756;700;663;566;343;149;140;110;173;184;129;100;73;59;47;21;8;6;5
Territorio/Età;;0;1;2;3;4;5;6;7;8;9;10;11;12;13;14;15;16;17;18;19;20;21;22;23;24;25;26;27;28;29;30;31;32;33;34;35;36;37;38;39;40;41;42;43;44;45;46;47;48;49;50;51;52;53;54;55;56;57;58;59;60;61;62;63;64;65;66;67;68;69;70;71;72;73;74;75;76;77;78;79;80;81;82;83;84;85;86;87;88;89;90;91;92;93;94;95;96;97;98;99;100
Codice comune;Comune;Femmine
032001;Duino-Aurisina;21;36;30;40;39;41;23;24;37;51;42;30;41;35;34;33;25;36;22;26;18;21;23;36;34;32;34;26;39;39;41;42;59;64;66;49;51;70;69;71;89;72;78;78;71;55;59;44;72;50;74;60;58;50;50;66;56;54;58;75;54;54;67;73;62;83;75;79;74;69;79;50;38;47;55;57;46;45;55;43;36;42;44;34;39;26;30;9;12;7;11;14;4;11;4;3;6;1;2;3;0
032002;Monrupino;1;3;4;1;2;5;2;1;3;5;3;6;4;4;3;5;3;4;2;1;6;3;4;3;0;1;7;2;2;1;6;5;4;3;4;4;9;9;3;4;5;5;5;6;7;6;6;4;4;8;9;5;1;10;8;9;5;8;7;6;4;8;4;4;8;4;12;7;4;2;8;6;5;1;6;4;5;2;8;3;0;2;5;3;4;0;1;0;0;0;0;0;2;1;0;1;0;0;0;0;0
032003;Muggia;30;43;30;52;34;40;33;40;42;44;52;41;41;45;53;59;57;35;55;39;37;33;42;37;52;48;51;51;63;62;59;79;84;85;90;78;83;81;113;122;95;86;93;63;94;79;79;85;80;103;81;94;79;105;119;101;113;139;115;122;76;113;103;89;109;106;115;103;110;98;89;92;81;80;96;91;73;61;50;85;60;64;63;58;67;66;34;13;12;15;24;36;14;16;15;7;6;2;4;2;2
032004;San Dorligo della Valle-Dolina;19;22;27;20;23;30;23;25;15;20;31;18;27;19;20;27;29;16;19;22;20;18;28;22;22;24;19;32;38;35;25;46;42;39;35;43;43;50;47;43;55;53;48;42;45;50;52;41;43;39;31;35;40;52;37;42;52;47;42;52;28;27;41;31;41;43;54;44;38;50;50;28;34;30;36;36;41;21;36;38;24;29;29;24;21;23;17;5;8;0;8;10;6;0;1;1;3;1;0;0;0
032005;Sgonico;2;4;7;5;7;4;5;6;4;12;4;10;7;3;7;6;11;12;14;12;12;6;8;9;15;10;9;4;10;11;12;15;8;16;13;16;12;15;14;19;14;12;13;19;12;11;18;17;19;23;23;15;13;21;17;23;22;17;23;26;21;10;22;12;23;12;12;12;13;9;13;8;8;10;14;11;13;7;8;9;8;4;4;3;10;6;3;1;0;3;0;0;4;1;0;1;0;2;0;0;0
032006;Trieste;651;703;679;634;683;688;666;652;631;643;598;675;639;708;679;714;604;634;585;569;654;647;642;645;614;679;747;884;875;1084;1211;1241;1335;1384;1459;1447;1378;1417;1436;1524;1590;1590;1445;1426;1339;1332;1348;1349;1305;1231;1250;1188;1235;1254;1278;1471;1372;1539;1680;1693;1179;1468;1471;1512;1627;1801;1662;1696;1530;1435;1470;1366;1442;1381;1434;1442;1391;1244;1212;1405;1395;1271;1285;1370;1324;1327;803;370;344;257;418;473;411;365;270;215;156;86;63;49;73
;Totale;724;811;777;752;788;808;752;748;732;775;730;780;759;814;796;844;729;737;697;669;747;728;747;752;737;794;867;999;1027;1232;1354;1428;1532;1591;1667;1637;1576;1642;1682;1783;1848;1818;1682;1634;1568;1533;1562;1540;1523;1454;1468;1397;1426;1492;1509;1712;1620;1804;1925;1974;1362;1680;1708;1721;1870;2049;1930;1941;1769;1663;1709;1550;1608;1549;1641;1641;1569;1380;1369;1583;1523;1412;1430;1492;1465;1448;888;398;376;282;461;533;441;394;290;228;171;92;69;54;75

"Ricostruzione della popolazione intercensuaria - Popolazione al 1° gennaio per età"
"Cittadinanza italiana - Anno: 2007 - Provincia: Trieste"
Territorio/Età;;0;1;2;3;4;5;6;7;8;9;10;11;12;13;14;15;16;17;18;19;20;21;22;23;24;25;26;27;28;29;30;31;32;33;34;35;36;37;38;39;40;41;42;43;44;45;46;47;48;49;50;51;52;53;54;55;56;57;58;59;60;61;62;63;64;65;66;67;68;69;70;71;72;73;74;75;76;77;78;79;80;81;82;83;84;85;86;87;88;89;90;91;92;93;94;95;96;97;98;99;100
Codice comune;Comune;Totale
032001;Duino-Aurisina;63;56;74;67;79;75;82;71;56;85;74;77;65;80;66;70;63;60;68;58;54;56;44;47;65;58;59;64;60;85;68;88;99;98;145;132;109;112;142;148;142;179;140;153;138;147;128;110;105;124;112;145;107;120;112;93;126;128;117;114;152;88;105;108;127;136;152;151;152;144;119;126;96;87;92;92;95;75;78;82;68;68;64;62;44;51;40;32;9;16;8;12;13;6;12;4;3;10;2;2;5
032002;Monrupino;12;5;7;8;4;8;8;6;6;4;8;7;7;4;8;6;11;7;5;4;4;8;10;10;8;5;8;8;4;8;12;11;16;12;3;14;14;19;15;12;8;14;17;13;10;15;11;12;10;10;16;14;13;9;17;12;11;20;14;13;14;7;13;8;7;13;12;15;14;10;6;16;13;11;2;8;6;6;4;8;4;2;2;8;3;3;0;1;0;0;1;0;1;1;1;1;3;0;0;0;0
032003;Muggia;104;74;95;84;89;73;80;92;95;99;90;105;81;91;105;89;120;103;92;87;83;76;91;98;88;100;90;115;107;143;139;140;163;183;195;208;180;204;181;218;215;192;207;192;166;195;168;179;163;172;200;169;178;162;193;201;197;224;254;239;227;154;216;217;206;199;223;223;197;207;180;170;160;155;162;165;151;132;118;92;118;89;105;97;82;94;87;39;14;12;14;32;34;22;17;11;6;5;2;2;4
032004;San Dorligo della Valle-Dolina;38;40;54;56;46;47;47;50;56;34;39;54;37;52;44;42;53;42;38;49;47;35;46;53;56;44;44;58;61;53;67;58;87;85;80;92;92;104;83;88;105;88;93;92;86;97;85;99;91;93;82;73;73;88;101;68;76;108;96;102;108;57;61;76;65;84;91;100;79;74;92;87;75;68;51;57;76;59;42;49;55;36;42;45;33;24;31;23;6;3;2;8;13;7;4;4;0;5;4;0;0
032005;Sgonico;15;4;11;15;7;13;14;11;10;13;21;13;23;17;7;18;19;20;20;21;19;25;21;16;19;30;20;25;13;23;29;18;29;27;24;20;22;24;23;28;41;24;23;26;28;30;25;36;31;36;41;36;35;25;34;33;39;49;37;48;51;34;20;35;38;39;26;27;33;30;18;25;22;15;17;19;24;19;12;16;17;13;8;7;12;13;5;4;4;2;3;0;0;3;1;1;0;0;1;0;0
032006;Trieste;1374;1366;1435;1382;1325;1395;1420;1346;1297;1340;1319;1258;1337;1320;1459;1396;1372;1332;1317;1235;1255;1320;1282;1345;1335;1352;1419;1517;1834;1848;2219;2355;2575;2662;2902;2840;2874;2786;2850;2853;3029;3107;3175;2967;2833;2767;2668;2684;2599;2544;2538;2457;2390;2324;2406;2454;2710;2636;2984;3098;3198;2225;2713;2750;2794;2984;3232;3092;3054;2780;2545;2601;2413;2416;2305;2359;2412;2168;1980;1940;2057;1983;1816;1844;1836;1747;1653;1001;444;416;317;483;537;428;369;259;200;146;74;41;88
;Totale;1606;1545;1676;1612;1550;1611;1651;1576;1520;1575;1551;1514;1550;1564;1689;1621;1638;1564;1540;1454;1462;1520;1494;1569;1571;1589;1640;1787;2079;2160;2534;2670;2969;3067;3349;3306;3291;3249;3294;3347;3540;3604;3655;3443;3261;3251;3085;3120;2999;2979;2989;2894;2796;2728;2863;2861;3159;3165;3502;3614;3750;2565;3128;3194;3237;3455;3736;3608;3529;3245;2960;3025;2779;2752;2629;2700;2764;2459;2234;2187;2319;2191;2037;2063;2010;1932;1816;1100;477;449;345;535;598;467;404;280;212;166;83;45;97
Territorio/Età;;0;1;2;3;4;5;6;7;8;9;10;11;12;13;14;15;16;17;18;19;20;21;22;23;24;25;26;27;28;29;30;31;32;33;34;35;36;37;38;39;40;41;42;43;44;45;46;47;48;49;50;51;52;53;54;55;56;57;58;59;60;61;62;63;64;65;66;67;68;69;70;71;72;73;74;75;76;77;78;79;80;81;82;83;84;85;86;87;88;89;90;91;92;93;94;95;96;97;98;99;100
Codice comune;Comune;Maschi
032001;Duino-Aurisina;25;31;37;38;39;35;39;47;35;48;26;35;35;37;31;36;34;36;34;36;28;38;24;26;28;28;29;32;38;46;33;44;55;41;78;65;62;61;73;80;71;88;70;77;60;77;73;49;60;54;60;71;45;63;64;44;61;73;65;54;75;35;49;39;52;72;67;75;75;74;51;45;44;50;45;38;38;28;31;27;27;33;22;21;15;11;14;3;1;3;1;4;2;3;1;1;1;3;1;0;2
032002;Monrupino;6;4;4;5;2;5;2;4;5;1;3;3;2;0;3;3;5;5;1;2;3;2;7;6;7;5;7;1;4;4;10;5;9;7;0;10;10;12;6;8;3;8;12;8;4;8;5;7;6;6;8;5;7;7;7;5;2;15;7;5;9;4;5;4;3;4;8;6;7;6;4;8;6;6;1;2;3;1;2;1;3;2;0;3;0;0;0;1;0;0;0;0;1;0;0;1;2;0;0;0;0
032003;Muggia;49;40;49;52;41;39;39;57;54;54;47;53;40;47;60;36;61;47;56;33;45;37;57;54;49;45;45;67;51;76;76;78;79;91;102;110;92;115;92;97;90;93;114;99;102;101;89;100;75;91;97;86;85;79;86;84;99;110;110;121;105;77;102;112;116;88;119;109;94;100;81;80;68;75;84;67;62;58;60;44;34;37;43;36;29;33;28;7;3;3;1;10;5;7;5;2;2;1;0;0;0
032004;San Dorligo della Valle-Dolina;14;23;32;26;22;25;17;27;29;19;18;23;19;23;25;22;27;15;21;31;24;17;27;25;32;23;17;38;30;17;37;30;43;45;39;56;48;63;32;43;62;37;42;43;46;51;36;47;50;49;43;41;38;46;49;30;34;57;49;59;55;28;33;38;34;48;49;49;36;35;44;37;45;36;20;22;39;19;21;16;18;12;14;18;9;6;9;7;3;0;1;3;3;1;3;1;0;3;3;0;0
032005;Sgonico;7;2;5;8;1;6;9;6;4;9;9;9;14;11;4;11;12;7;8;7;7;13;15;8;10;14;11;13;9;14;16;6;14;20;10;10;7;14;9;14;20;10;11;13;9;16;14;22;17;17;18;15;20;11;13;16;16;25;21;22;26;14;9;13;26;16;14;15;21;17;10;12;14;7;7;7;13;5;6;8;8;6;4;3;7;2;2;1;3;2;0;0;0;0;0;1;0;0;0;0;0
032006;Trieste;697;719;750;716;693;710;740;682;644;705;673;655;667;686;755;715;654;726;685;643;682;658;631;700;685;731;730;762;943;960;1127;1150;1334;1333;1521;1392;1434;1411;1443;1429;1506;1517;1579;1524;1407;1429;1337;1335;1257;1241;1300;1210;1199;1093;1151;1182;1243;1271;1451;1437;1514;1054;1245;1302;1298;1359;1449;1434;1383;1257;1125;1154;1051;1006;954;949;994;814;769;765;686;651;597;633;563;534;446;274;115;103;88;125;140;88;70;46;32;27;11;5;7
;Totale;798;819;877;845;798;820;846;823;771;836;776;778;777;804;878;823;793;836;805;752;789;765;761;819;811;846;839;913;1075;1117;1299;1313;1534;1537;1750;1643;1653;1676;1655;1671;1752;1753;1828;1764;1628;1682;1554;1560;1465;1458;1526;1428;1394;1299;1370;1361;1455;1551;1703;1698;1784;1212;1443;1508;1529;1587;1706;1688;1616;1489;1315;1336;1228;1180;1111;1085;1149;925;889;861;776;741;680;714;623;586;499;293;125;111;91;142;151;99;79;52;37;34;15;5;9
Territorio/Età;;0;1;2;3;4;5;6;7;8;9;10;11;12;13;14;15;16;17;18;19;20;21;22;23;24;25;26;27;28;29;30;31;32;33;34;35;36;37;38;39;40;41;42;43;44;45;46;47;48;49;50;51;52;53;54;55;56;57;58;59;60;61;62;63;64;65;66;67;68;69;70;71;72;73;74;75;76;77;78;79;80;81;82;83;84;85;86;87;88;89;90;91;92;93;94;95;96;97;98;99;100
Codice comune;Comune;Femmine
032001;Duino-Aurisina;38;25;37;29;40;40;43;24;21;37;48;42;30;43;35;34;29;24;34;22;26;18;20;21;37;30;30;32;22;39;35;44;44;57;67;67;47;51;69;68;71;91;70;76;78;70;55;61;45;70;52;74;62;57;48;49;65;55;52;60;77;53;56;69;75;64;85;76;77;70;68;81;52;37;47;54;57;47;47;55;41;35;42;41;29;40;26;29;8;13;7;8;11;3;11;3;2;7;1;2;3
032002;Monrupino;6;1;3;3;2;3;6;2;1;3;5;4;5;4;5;3;6;2;4;2;1;6;3;4;1;0;1;7;0;4;2;6;7;5;3;4;4;7;9;4;5;6;5;5;6;7;6;5;4;4;8;9;6;2;10;7;9;5;7;8;5;3;8;4;4;9;4;9;7;4;2;8;7;5;1;6;3;5;2;7;1;0;2;5;3;3;0;0;0;0;1;0;0;1;1;0;1;0;0;0;0
032003;Muggia;55;34;46;32;48;34;41;35;41;45;43;52;41;44;45;53;59;56;36;54;38;39;34;44;39;55;45;48;56;67;63;62;84;92;93;98;88;89;89;121;125;99;93;93;64;94;79;79;88;81;103;83;93;83;107;117;98;114;144;118;122;77;114;105;90;111;104;114;103;107;99;90;92;80;78;98;89;74;58;48;84;52;62;61;53;61;59;32;11;9;13;22;29;15;12;9;4;4;2;2;4
032004;San Dorligo della Valle-Dolina;24;17;22;30;24;22;30;23;27;15;21;31;18;29;19;20;26;27;17;18;23;18;19;28;24;21;27;20;31;36;30;28;44;40;41;36;44;41;51;45;43;51;51;49;40;46;49;52;41;44;39;32;35;42;52;38;42;51;47;43;53;29;28;38;31;36;42;51;43;39;48;50;30;32;31;35;37;40;21;33;37;24;28;27;24;18;22;16;3;3;1;5;10;6;1;3;0;2;1;0;0
032005;Sgonico;8;2;6;7;6;7;5;5;6;4;12;4;9;6;3;7;7;13;12;14;12;12;6;8;9;16;9;12;4;9;13;12;15;7;14;10;15;10;14;14;21;14;12;13;19;14;11;14;14;19;23;21;15;14;21;17;23;24;16;26;25;20;11;22;12;23;12;12;12;13;8;13;8;8;10;12;11;14;6;8;9;7;4;4;5;11;3;3;1;0;3;0;0;3;1;0;0;0;1;0;0
032006;Trieste;677;647;685;666;632;685;680;664;653;635;646;603;670;634;704;681;718;606;632;592;573;662;651;645;650;621;689;755;891;888;1092;1205;1241;1329;1381;1448;1440;1375;1407;1424;1523;1590;1596;1443;1426;1338;1331;1349;1342;1303;1238;1247;1191;1231;1255;1272;1467;1365;1533;1661;1684;1171;1468;1448;1496;1625;1783;1658;1671;1523;1420;1447;1362;1410;1351;1410;1418;1354;1211;1175;1371;1332;1219;1211;1273;1213;1207;727;329;313;229;358;397;340;299;213;168;119;63;36;81
;Totale;808;726;799;767;752;791;805;753;749;739;775;736;773;760;811;798;845;728;735;702;673;755;733;750;760;743;801;874;1004;1043;1235;1357;1435;1530;1599;1663;1638;1573;1639;1676;1788;1851;1827;1679;1633;1569;1531;1560;1534;1521;1463;1466;1402;1429;1493;1500;1704;1614;1799;1916;1966;1353;1685;1686;1708;1868;2030;1920;1913;1756;1645;1689;1551;1572;1518;1615;1615;1534;1345;1326;1543;1450;1357;1349;1387;1346;1317;807;352;338;254;393;447;368;325;228;175;132;68;40;88

"Ricostruzione della popolazione intercensuaria - Popolazione al 1° gennaio per età"
"Cittadinanza italiana - Anno: 2008 - Provincia: Trieste"
Territorio/Età;;0;1;2;3;4;5;6;7;8;9;10;11;12;13;14;15;16;17;18;19;20;21;22;23;24;25;26;27;28;29;30;31;32;33;34;35;36;37;38;39;40;41;42;43;44;45;46;47;48;49;50;51;52;53;54;55;56;57;58;59;60;61;62;63;64;65;66;67;68;69;70;71;72;73;74;75;76;77;78;79;80;81;82;83;84;85;86;87;88;89;90;91;92;93;94;95;96;97;98;99;100
Codice comune;Comune;Totale
032001;Duino-Aurisina;67;68;58;69;67;76;72;78;73;50;85;75;78;61;80;65;69;60;60;67;54;51;50;41;47;64;54;59;63;66;82;69;87;101;97;144;129;111;118;138;146;144;174;141;149;134;144;128;114;104;124;108;142;106;117;110;94;126;121;119;116;149;86;107;105;127;134;149;149;153;140;117;124;95;89;80;88;91;74;78;80;68;66;64;57;44;44;34;26;9;12;8;9;9;5;8;3;1;6;2;5
032002;Monrupino;5;10;6;5;10;6;9;8;6;6;7;8;8;7;5;9;6;11;8;6;4;3;8;9;10;9;5;7;8;4;8;13;11;18;10;4;14;13;21;16;12;11;14;15;11;10;16;12;12;9;10;16;14;13;9;18;12;14;20;14;13;15;11;13;8;7;12;12;14;13;10;8;14;13;10;2;8;6;6;4;7;4;5;2;8;2;2;0;1;0;0;1;0;1;1;2;1;3;0;0;0
032003;Muggia;89;105;77;101;86;96;77;78;97;98;99;93;109;81;90;103;86;121;107;91;83;85;77;89;99;89;99;87;106;110;142;136;133;165;187;191;210;193;197;186;217;223;197;204;192;171;191;167;179;164;171;205;169;182;159;194;201;195;224;251;242;221;151;216;214;203;202;222;216;193;207;179;168;158;152;158;158;150;125;118;92;117;87;100;89;73;84;81;33;12;10;10;19;29;16;13;8;4;3;0;6
032004;San Dorligo della Valle-Dolina;34;42;43;57;57;47;48;46;50;52;37;40;50;38;50;44;41;55;44;36;50;48;35;45;51;56;42;43;55;64;49;68;57;93;87;76;87;87;104;88;89;104;87;95;97;90;100;84;99;89;95;80;75;73;89;101;70;78;106;96;100;108;55;64;73;60;86;88;96;80;75;87;86;72;63;50;52;74;60;41;47;51;38;41;40;30;21;26;20;5;3;3;7;8;4;2;3;1;4;0;0
032005;Sgonico;19;18;5;15;17;10;14;17;13;10;13;20;13;24;16;7;22;20;19;19;21;19;26;21;17;19;30;18;23;12;26;25;21;25;28;25;23;28;23;25;27;42;26;24;25;28;29;25;38;30;33;41;36;36;26;36;32;38;48;40;48;51;34;20;34;36;40;26;26;32;31;17;24;22;15;17;16;24;18;11;16;15;13;8;6;10;13;4;3;4;1;3;0;0;2;1;0;0;0;1;0
032006;Trieste;1397;1334;1342;1411;1364;1308;1389;1412;1341;1304;1332;1320;1260;1337;1325;1464;1401;1373;1342;1336;1258;1274;1339;1305;1344;1347;1378;1457;1530;1825;1855;2216;2343;2549;2662;2896;2850;2874;2770;2822;2842;3003;3102;3179;2965;2827;2760;2662;2674;2603;2548;2541;2464;2393;2324;2397;2450;2696;2627;2979;3085;3185;2204;2690;2738;2768;2932;3212;3055;3025;2734;2509;2560;2381;2362;2246;2298;2340;2073;1907;1838;1946;1860;1701;1710;1703;1600;1489;901;391;360;268;400;455;353;293;193;151;107;54;77
;Totale;1611;1577;1531;1658;1601;1543;1609;1639;1580;1520;1573;1556;1518;1548;1566;1692;1625;1640;1580;1555;1470;1480;1535;1510;1568;1584;1608;1671;1785;2081;2162;2527;2652;2951;3071;3336;3313;3306;3233;3275;3333;3527;3600;3658;3439;3260;3240;3078;3116;2999;2981;2991;2900;2803;2724;2856;2859;3147;3146;3499;3604;3729;2541;3110;3172;3201;3406;3709;3556;3496;3197;2917;2976;2741;2691;2553;2620;2685;2356;2159;2080;2201;2069;1916;1910;1862;1764;1634;984;421;386;293;435;502;381;319;208;160;120;57;88
Territorio/Età;;0;1;2;3;4;5;6;7;8;9;10;11;12;13;14;15;16;17;18;19;20;21;22;23;24;25;26;27;28;29;30;31;32;33;34;35;36;37;38;39;40;41;42;43;44;45;46;47;48;49;50;51;52;53;54;55;56;57;58;59;60;61;62;63;64;65;66;67;68;69;70;71;72;73;74;75;76;77;78;79;80;81;82;83;84;85;86;87;88;89;90;91;92;93;94;95;96;97;98;99;100
Codice comune;Comune;Maschi
032001;Duino-Aurisina;27;27;29;35;35;38;33;38;48;32;48;29;35;32;36;31;35;31;36;33;34;26;32;23;26;29;27;30;28;36;42;31;45;58;40;79;62;63;63;72;82;73;84;71;76;59;77;72;53;60;52;57;71;45;62;61;43;59;67;66;54;76;35;50;38;54;70;65;75;77;72;49;44;44;49;36;35;35;27;30;24;28;33;23;19;16;10;10;2;1;2;1;4;2;2;0;0;1;0;1;1
032002;Monrupino;1;4;5;2;5;2;5;2;4;5;3;3;3;2;1;4;3;5;5;1;2;3;2;7;6;8;5;6;1;4;4;11;4;10;5;1;10;9;11;7;8;5;9;10;6;4;8;6;7;6;5;8;5;7;7;8;5;4;15;7;5;11;7;5;4;3;4;8;6;6;6;5;6;6;5;1;2;3;1;2;1;3;2;0;3;0;0;0;1;0;0;0;0;1;0;0;1;2;0;0;0
032003;Muggia;44;47;41;52;55;45;41;40;60;55;56;48;53;40;46;58;34;62;47;55;33;45;39;56;52;47;46;42;63;53;76;73;70;81;92;105;109;92;110;94;98;94;94;112;100;107;99;88;100;76;90;101;86;89;77;85;85;97;110;107;125;100;75;102;112;114;88;119;104;92;100;81;79;66;71;82;62;62;53;59;43;34;35;41;33;24;27;27;6;3;3;0;4;4;6;4;2;2;1;0;0
032004;San Dorligo della Valle-Dolina;16;14;25;31;27;22;26;17;28;25;19;19;22;19;23;24;22;28;16;19;31;26;15;25;27;31;22;16;35;31;15;38;30;43;49;36;51;44;60;34;45;60;37;42;46;48;54;37;46;50;52;41;43;38;45;48;32;34;56;49;57;55;27;33;36;30;49;46;45;38;36;44;36;43;32;21;20;37;20;18;16;16;11;12;15;8;4;7;5;2;0;1;1;1;0;2;1;1;3;0;0
032005;Sgonico;7;9;3;7;9;2;7;12;7;4;9;10;9;15;10;4;14;13;7;8;7;7;14;15;8;10;15;10;12;9;15;14;7;12;22;10;12;8;12;11;12;21;11;12;12;8;15;14;24;17;16;18;15;20;12;13;16;15;25;22;22;26;14;9;13;25;16;14;15;20;18;10;11;14;7;7;4;13;5;5;8;6;6;4;2;5;2;2;1;3;1;0;0;0;0;0;0;0;0;0;0
032006;Trieste;711;673;707;741;715;684;705;729;682;646;697;671;658;667;688;758;716;658;732;694;650;688;669;648;703;688;746;750;772;939;960;1127;1136;1313;1327;1512;1390;1443;1401;1428;1409;1490;1509;1580;1521;1400;1418;1332;1332;1254;1240;1299;1213;1196;1088;1149;1180;1237;1261;1446;1426;1507;1039;1231;1290;1282;1331;1438;1413;1364;1222;1096;1126;1031;970;923;916;950;761;732;716;633;608;549;582;516;486;385;248;95;80;72;95;121;74;52;35;21;14;8;1
;Totale;806;774;810;868;846;793;817;838;829;767;832;780;780;775;804;879;824;797;843;810;757;795;771;774;822;813;861;854;911;1072;1112;1294;1292;1517;1535;1743;1634;1659;1657;1646;1654;1743;1744;1827;1761;1626;1671;1549;1562;1463;1455;1524;1433;1395;1291;1364;1361;1446;1534;1697;1689;1775;1197;1430;1493;1508;1558;1690;1658;1597;1454;1285;1302;1204;1134;1070;1039;1100;867;846;808;720;695;629;654;569;529;431;263;104;86;74;104;129;82;58;39;27;18;9;2
Territorio/Età;;0;1;2;3;4;5;6;7;8;9;10;11;12;13;14;15;16;17;18;19;20;21;22;23;24;25;26;27;28;29;30;31;32;33;34;35;36;37;38;39;40;41;42;43;44;45;46;47;48;49;50;51;52;53;54;55;56;57;58;59;60;61;62;63;64;65;66;67;68;69;70;71;72;73;74;75;76;77;78;79;80;81;82;83;84;85;86;87;88;89;90;91;92;93;94;95;96;97;98;99;100
Codice comune;Comune;Femmine
032001;Duino-Aurisina;40;41;29;34;32;38;39;40;25;18;37;46;43;29;44;34;34;29;24;34;20;25;18;18;21;35;27;29;35;30;40;38;42;43;57;65;67;48;55;66;64;71;90;70;73;75;67;56;61;44;72;51;71;61;55;49;51;67;54;53;62;73;51;57;67;73;64;84;74;76;68;68;80;51;40;44;53;56;47;48;56;40;33;41;38;28;34;24;24;8;10;7;5;7;3;8;3;0;6;1;4
032002;Monrupino;4;6;1;3;5;4;4;6;2;1;4;5;5;5;4;5;3;6;3;5;2;0;6;2;4;1;0;1;7;0;4;2;7;8;5;3;4;4;10;9;4;6;5;5;5;6;8;6;5;3;5;8;9;6;2;10;7;10;5;7;8;4;4;8;4;4;8;4;8;7;4;3;8;7;5;1;6;3;5;2;6;1;3;2;5;2;2;0;0;0;0;1;0;0;1;2;0;1;0;0;0
032003;Muggia;45;58;36;49;31;51;36;38;37;43;43;45;56;41;44;45;52;59;60;36;50;40;38;33;47;42;53;45;43;57;66;63;63;84;95;86;101;101;87;92;119;129;103;92;92;64;92;79;79;88;81;104;83;93;82;109;116;98;114;144;117;121;76;114;102;89;114;103;112;101;107;98;89;92;81;76;96;88;72;59;49;83;52;59;56;49;57;54;27;9;7;10;15;25;10;9;6;2;2;0;6
032004;San Dorligo della Valle-Dolina;18;28;18;26;30;25;22;29;22;27;18;21;28;19;27;20;19;27;28;17;19;22;20;20;24;25;20;27;20;33;34;30;27;50;38;40;36;43;44;54;44;44;50;53;51;42;46;47;53;39;43;39;32;35;44;53;38;44;50;47;43;53;28;31;37;30;37;42;51;42;39;43;50;29;31;29;32;37;40;23;31;35;27;29;25;22;17;19;15;3;3;2;6;7;4;0;2;0;1;0;0
032005;Sgonico;12;9;2;8;8;8;7;5;6;6;4;10;4;9;6;3;8;7;12;11;14;12;12;6;9;9;15;8;11;3;11;11;14;13;6;15;11;20;11;14;15;21;15;12;13;20;14;11;14;13;17;23;21;16;14;23;16;23;23;18;26;25;20;11;21;11;24;12;11;12;13;7;13;8;8;10;12;11;13;6;8;9;7;4;4;5;11;2;2;1;0;3;0;0;2;1;0;0;0;1;0
032006;Trieste;686;661;635;670;649;624;684;683;659;658;635;649;602;670;637;706;685;715;610;642;608;586;670;657;641;659;632;707;758;886;895;1089;1207;1236;1335;1384;1460;1431;1369;1394;1433;1513;1593;1599;1444;1427;1342;1330;1342;1349;1308;1242;1251;1197;1236;1248;1270;1459;1366;1533;1659;1678;1165;1459;1448;1486;1601;1774;1642;1661;1512;1413;1434;1350;1392;1323;1382;1390;1312;1175;1122;1313;1252;1152;1128;1187;1114;1104;653;296;280;196;305;334;279;241;158;130;93;46;76
;Totale;805;803;721;790;755;750;792;801;751;753;741;776;738;773;762;813;801;843;737;745;713;685;764;736;746;771;747;817;874;1009;1050;1233;1360;1434;1536;1593;1679;1647;1576;1629;1679;1784;1856;1831;1678;1634;1569;1529;1554;1536;1526;1467;1467;1408;1433;1492;1498;1701;1612;1802;1915;1954;1344;1680;1679;1693;1848;2019;1898;1899;1743;1632;1674;1537;1557;1483;1581;1585;1489;1313;1272;1481;1374;1287;1256;1293;1235;1203;721;317;300;219;331;373;299;261;169;133;102;48;86

"Ricostruzione della popolazione intercensuaria - Popolazione al 1° gennaio per età"
"Cittadinanza italiana - Anno: 2009 - Provincia: Trieste"
Territorio/Età;;0;1;2;3;4;5;6;7;8;9;10;11;12;13;14;15;16;17;18;19;20;21;22;23;24;25;26;27;28;29;30;31;32;33;34;35;36;37;38;39;40;41;42;43;44;45;46;47;48;49;50;51;52;53;54;55;56;57;58;59;60;61;62;63;64;65;66;67;68;69;70;71;72;73;74;75;76;77;78;79;80;81;82;83;84;85;86;87;88;89;90;91;92;93;94;95;96;97;98;99;100
Codice comune;Comune;Totale
032001;Duino-Aurisina;56;74;65;62;70;68;71;72;80;71;50;85;74;79;67;82;68;70;60;62;67;54;48;47;42;50;63;47;58;58;64;80;71;86;111;101;144;127;111;117;133;149;146;175;140;145;139;138;130;116;102;125;110;141;107;117;110;97;126;118;119;115;144;87;106;103;126;128;148;145;151;138;114;122;96;88;78;87;86;66;75;73;69;61;58;50;39;38;32;25;7;12;10;8;8;7;8;3;0;4;6
032002;Monrupino;7;5;12;7;5;10;6;10;8;6;6;9;8;8;7;5;9;7;11;8;6;4;3;9;10;9;7;5;8;7;4;7;12;10;16;8;5;16;13;21;17;12;11;14;16;11;12;17;12;14;9;10;19;13;13;8;18;11;14;21;14;13;16;11;12;8;7;11;12;14;12;10;7;13;13;10;2;8;6;5;4;6;3;4;2;8;3;2;1;1;0;0;1;0;1;0;2;1;3;0;0
032003;Muggia;83;95;104;82;105;86;98;82;77;100;102;101;97;108;82;93;103;89;124;109;92;81;88;77;84;97;85;95;91;104;106;142;143;143;168;190;190;222;194;195;196;216;220;198;202;193;178;192;168;183;167;175;207;171;183;161;195;206;196;227;253;240;218;154;214;208;201;200;222;211;188;211;180;167;150;146;155;157;148;121;113;87;104;80;95;82;66;71;68;30;12;8;7;17;23;12;12;5;5;1;5
032004;San Dorligo della Valle-Dolina;42;31;42;41;60;54;47;49;46;50;51;41;39;50;37;50;44;39;55;44;32;46;48;35;46;50;52;40;40;52;62;49;65;57;91;92;84;86;87;101;87;88;103;92;95;98;89;103;81;95;90;93;77;73;73;94;100;72;78;105;98;101;108;56;64;73;59;86;81;96;79;75;85;85;71;63;52;50;72;60;41;43;51;33;38;38;25;22;24;19;6;2;2;6;4;1;2;3;1;4;0
032005;Sgonico;13;22;20;7;15;16;11;14;16;13;11;15;22;14;23;18;7;21;20;17;19;21;20;25;20;16;19;31;23;23;12;23;25;23;27;28;26;25;30;23;23;29;41;26;27;24;27;28;25;40;30;34;37;36;35;27;35;30;39;48;38;49;52;33;19;33;36;39;27;25;32;29;18;24;22;15;16;16;22;17;10;15;15;13;7;7;10;13;5;4;3;1;2;0;0;0;1;0;0;0;1
032006;Trieste;1365;1371;1322;1334;1395;1367;1309;1375;1418;1335;1299;1325;1323;1264;1342;1324;1464;1402;1377;1348;1352;1286;1305;1338;1321;1366;1367;1395;1493;1548;1838;1886;2207;2317;2545;2637;2868;2834;2857;2767;2801;2831;2987;3096;3172;2962;2824;2749;2659;2665;2599;2534;2548;2462;2386;2316;2393;2425;2679;2615;2958;3061;3156;2175;2666;2703;2755;2909;3171;3015;2997;2699;2478;2505;2325;2293;2175;2220;2250;1983;1805;1741;1843;1728;1562;1572;1559;1421;1309;768;325;305;225;318;359;255;228;133;107;81;91
;Totale;1566;1598;1565;1533;1650;1601;1542;1602;1645;1575;1519;1576;1563;1523;1558;1572;1695;1628;1647;1588;1568;1492;1512;1531;1523;1588;1593;1613;1713;1792;2086;2187;2523;2636;2958;3056;3317;3310;3292;3224;3257;3325;3508;3601;3652;3433;3269;3227;3075;3113;2997;2971;2998;2896;2797;2723;2851;2841;3132;3134;3480;3579;3694;2516;3081;3128;3184;3373;3661;3506;3459;3162;2882;2916;2677;2615;2478;2538;2584;2252;2048;1965;2085;1919;1762;1757;1702;1567;1439;847;353;328;247;349;395;275;253;145;116;90;103
Territorio/Età;;0;1;2;3;4;5;6;7;8;9;10;11;12;13;14;15;16;17;18;19;20;21;22;23;24;25;26;27;28;29;30;31;32;33;34;35;36;37;38;39;40;41;42;43;44;45;46;47;48;49;50;51;52;53;54;55;56;57;58;59;60;61;62;63;64;65;66;67;68;69;70;71;72;73;74;75;76;77;78;79;80;81;82;83;84;85;86;87;88;89;90;91;92;93;94;95;96;97;98;99;100
Codice comune;Comune;Maschi
032001;Duino-Aurisina;25;31;29;32;35;35;35;33;38;45;31;47;28;34;36;37;32;37;31;37;34;31;24;29;24;26;27;24;29;25;36;39;35;46;62;44;81;64;63;60;70;83;76;85;72;73;62;75;72;55;59;52;58;70;48;61;62;44;59;65;67;55;72;36;49;36;52;67;64;73;76;70;48;43;44;49;35;36;33;25;28;23;28;30;20;17;13;8;9;3;0;2;2;3;2;2;0;0;0;0;2
032002;Monrupino;3;1;6;5;2;5;2;6;2;4;5;4;3;4;2;1;4;3;5;5;1;2;3;2;7;6;6;5;6;0;3;3;10;3;8;4;2;12;9;11;6;8;5;9;11;6;4;9;6;8;6;5;11;4;7;6;8;4;4;15;7;5;11;7;5;4;3;3;8;6;5;6;4;6;6;4;1;2;3;0;2;1;3;2;0;3;0;0;0;1;0;0;0;0;1;0;0;1;2;0;0
032003;Muggia;49;48;46;41;55;56;46;44;39;62;56;56;51;53;40;46;58;35;64;49;55;31;46;40;52;51;47;45;45;62;51;75;73;77;82;96;103;112;92;107;100;97;92;93;111;101;110;100;87;104;78;92;103;88;91;79;88;86;97;112;108;122;100;77;100;109;114;86;117;100;89;102;83;77;61;67;80;61;62;51;55;41;31;28;40;31;21;23;21;4;3;2;0;5;2;4;4;1;2;0;0
032004;San Dorligo della Valle-Dolina;24;15;15;22;32;25;22;26;16;28;26;22;19;22;19;23;24;22;28;16;17;29;26;16;26;27;31;23;16;33;31;15;36;29;42;49;40;49;44;58;34;46;59;41;43;47;46;56;37;45;51;49;39;42;38;48;48;34;34;57;49;57;55;27;34;34;29;49;41;46;37;35;42;34;42;31;22;18;37;21;18;14;17;9;11;13;7;5;8;4;2;0;1;1;1;0;2;1;1;3;0
032005;Sgonico;5;8;9;3;8;9;3;7;12;7;4;11;12;10;14;10;4;13;13;7;8;8;7;13;14;7;11;15;13;12;10;13;13;7;11;22;11;13;10;13;9;13;21;11;13;12;9;14;14;25;17;18;17;15;18;12;11;14;16;25;20;23;27;13;9;12;25;14;14;14;20;16;10;11;14;7;6;4;11;5;4;8;5;6;4;3;5;3;3;2;2;1;0;0;0;0;0;0;0;0;0
032006;Trieste;726;704;660;708;735;710;688;697;728;676;644;693;670;660;669;691;757;716;659;735;700;667;703;674;651;711;696;749;747;782;939;973;1112;1122;1309;1302;1481;1372;1435;1400;1415;1390;1477;1503;1569;1518;1392;1410;1330;1322;1251;1225;1295;1209;1188;1084;1141;1169;1216;1253;1428;1405;1493;1018;1211;1267;1272;1310;1415;1387;1343;1198;1071;1092;983;922;882;879;905;727;678;659;593;561;492;526;457;409;325;196;71;61;61;68;88;48;36;22;13;11;6
;Totale;832;807;765;811;867;840;796;813;835;822;766;833;783;783;780;808;879;826;800;849;815;768;809;774;774;828;818;861;856;914;1070;1118;1279;1284;1514;1517;1718;1622;1653;1649;1634;1637;1730;1742;1819;1757;1623;1664;1546;1559;1462;1441;1523;1428;1390;1290;1358;1351;1426;1527;1679;1667;1758;1178;1408;1462;1495;1529;1659;1626;1570;1427;1258;1263;1150;1080;1026;1000;1051;829;785;746;677;636;567;593;503;448;366;210;78;66;64;77;94;54;42;25;18;14;8
Territorio/Età;;0;1;2;3;4;5;6;7;8;9;10;11;12;13;14;15;16;17;18;19;20;21;22;23;24;25;26;27;28;29;30;31;32;33;34;35;36;37;38;39;40;41;42;43;44;45;46;47;48;49;50;51;52;53;54;55;56;57;58;59;60;61;62;63;64;65;66;67;68;69;70;71;72;73;74;75;76;77;78;79;80;81;82;83;84;85;86;87;88;89;90;91;92;93;94;95;96;97;98;99;100
Codice comune;Comune;Femmine
032001;Duino-Aurisina;31;43;36;30;35;33;36;39;42;26;19;38;46;45;31;45;36;33;29;25;33;23;24;18;18;24;36;23;29;33;28;41;36;40;49;57;63;63;48;57;63;66;70;90;68;72;77;63;58;61;43;73;52;71;59;56;48;53;67;53;52;60;72;51;57;67;74;61;84;72;75;68;66;79;52;39;43;51;53;41;47;50;41;31;38;33;26;30;23;22;7;10;8;5;6;5;8;3;0;4;4
032002;Monrupino;4;4;6;2;3;5;4;4;6;2;1;5;5;4;5;4;5;4;6;3;5;2;0;7;3;3;1;0;2;7;1;4;2;7;8;4;3;4;4;10;11;4;6;5;5;5;8;8;6;6;3;5;8;9;6;2;10;7;10;6;7;8;5;4;7;4;4;8;4;8;7;4;3;7;7;6;1;6;3;5;2;5;0;2;2;5;3;2;1;0;0;0;1;0;0;0;2;0;1;0;0
032003;Muggia;34;47;58;41;50;30;52;38;38;38;46;45;46;55;42;47;45;54;60;60;37;50;42;37;32;46;38;50;46;42;55;67;70;66;86;94;87;110;102;88;96;119;128;105;91;92;68;92;81;79;89;83;104;83;92;82;107;120;99;115;145;118;118;77;114;99;87;114;105;111;99;109;97;90;89;79;75;96;86;70;58;46;73;52;55;51;45;48;47;26;9;6;7;12;21;8;8;4;3;1;5
032004;San Dorligo della Valle-Dolina;18;16;27;19;28;29;25;23;30;22;25;19;20;28;18;27;20;17;27;28;15;17;22;19;20;23;21;17;24;19;31;34;29;28;49;43;44;37;43;43;53;42;44;51;52;51;43;47;44;50;39;44;38;31;35;46;52;38;44;48;49;44;53;29;30;39;30;37;40;50;42;40;43;51;29;32;30;32;35;39;23;29;34;24;27;25;18;17;16;15;4;2;1;5;3;1;0;2;0;1;0
032005;Sgonico;8;14;11;4;7;7;8;7;4;6;7;4;10;4;9;8;3;8;7;10;11;13;13;12;6;9;8;16;10;11;2;10;12;16;16;6;15;12;20;10;14;16;20;15;14;12;18;14;11;15;13;16;20;21;17;15;24;16;23;23;18;26;25;20;10;21;11;25;13;11;12;13;8;13;8;8;10;12;11;12;6;7;10;7;3;4;5;10;2;2;1;0;2;0;0;0;1;0;0;0;1
032006;Trieste;639;667;662;626;660;657;621;678;690;659;655;632;653;604;673;633;707;686;718;613;652;619;602;664;670;655;671;646;746;766;899;913;1095;1195;1236;1335;1387;1462;1422;1367;1386;1441;1510;1593;1603;1444;1432;1339;1329;1343;1348;1309;1253;1253;1198;1232;1252;1256;1463;1362;1530;1656;1663;1157;1455;1436;1483;1599;1756;1628;1654;1501;1407;1413;1342;1371;1293;1341;1345;1256;1127;1082;1250;1167;1070;1046;1102;1012;984;572;254;244;164;250;271;207;192;111;94;70;85
;Totale;734;791;800;722;783;761;746;789;810;753;753;743;780;740;778;764;816;802;847;739;753;724;703;757;749;760;775;752;857;878;1016;1069;1244;1352;1444;1539;1599;1688;1639;1575;1623;1688;1778;1859;1833;1676;1646;1563;1529;1554;1535;1530;1475;1468;1407;1433;1493;1490;1706;1607;1801;1912;1936;1338;1673;1666;1689;1844;2002;1880;1889;1735;1624;1653;1527;1535;1452;1538;1533;1423;1263;1219;1408;1283;1195;1164;1199;1119;1073;637;275;262;183;272;301;221;211;120;98;76;95

"Ricostruzione della popolazione intercensuaria - Popolazione al 1° gennaio per età"
"Cittadinanza italiana - Anno: 2010 - Provincia: Trieste"
Territorio/Età;;0;1;2;3;4;5;6;7;8;9;10;11;12;13;14;15;16;17;18;19;20;21;22;23;24;25;26;27;28;29;30;31;32;33;34;35;36;37;38;39;40;41;42;43;44;45;46;47;48;49;50;51;52;53;54;55;56;57;58;59;60;61;62;63;64;65;66;67;68;69;70;71;72;73;74;75;76;77;78;79;80;81;82;83;84;85;86;87;88;89;90;91;92;93;94;95;96;97;98;99;100
Codice comune;Comune;Totale
032001;Duino-Aurisina;53;61;74;66;62;70;71;72;73;80;72;52;84;73;84;65;80;73;71;63;63;65;53;51;48;45;53;63;46;60;57;66;85;70;83;108;103;143;125;110;123;140;149;152;176;138;145;142;139;132;118;103;126;113;139;106;120;107;100;126;117;119;116;143;88;103;97;123;129;149;143;147;130;113;118;93;89;75;83;86;64;74;64;61;54;52;48;31;36;32;20;6;9;8;8;8;7;8;2;0;6
032002;Monrupino;12;7;4;13;7;5;11;6;11;8;6;6;9;8;8;5;6;8;8;11;8;6;4;3;9;10;7;7;2;9;10;3;5;12;10;18;10;7;15;12;20;17;13;11;13;15;11;13;17;13;13;9;10;19;15;13;8;18;11;14;21;14;13;16;10;12;8;7;11;12;15;11;10;7;12;13;10;2;8;6;5;3;6;4;4;3;7;4;1;1;1;0;2;0;0;1;0;0;1;2;0
032003;Muggia;75;85;92;105;82;104;89;96;87;77;102;104;105;99;109;84;95;103;89;123;110;89;83;87;79;83;97;87;97;84;103;102;138;141;147;165;188;191;226;200;189;187;210;219;194;201;200;178;195;169;187;168;176;209;171;178;164;191;206;196;227;251;240;220;150;214;209;202;198;216;206;182;208;178;167;147;142;148;150;145;115;107;86;96;68;86;72;61;63;51;28;11;5;3;14;15;10;8;7;1;5
032004;San Dorligo della Valle-Dolina;39;41;34;44;43;58;55;46;48;45;50;54;42;39;50;33;51;44;38;54;46;32;47;51;37;43;49;48;40;42;49;61;55;71;64;91;89;82;89;91;106;89;89;101;95;97;96;90;100;79;95;93;94;74;72;72;91;101;70;80;106;98;100;102;56;64;71;64;86;79;95;78;72;84;81;66;61;53;45;69;60;35;42;48;29;33;37;22;20;20;18;6;2;2;5;2;2;1;3;0;1
032005;Sgonico;10;14;22;19;7;14;17;10;14;16;12;12;16;23;14;23;19;9;20;20;17;20;21;19;22;17;16;19;28;19;19;14;26;28;20;27;28;23;25;28;21;23;32;38;28;28;23;29;28;28;40;32;37;37;36;31;27;33;30;39;47;37;49;50;33;19;32;36;38;27;24;32;29;18;24;21;14;15;16;21;16;9;15;10;13;7;8;9;10;5;4;3;1;1;0;0;0;1;0;0;1
032006;Trieste;1320;1348;1371;1312;1335;1398;1350;1307;1373;1423;1344;1299;1336;1331;1262;1354;1326;1466;1412;1400;1367;1371;1311;1317;1355;1345;1391;1409;1419;1535;1582;1860;1907;2225;2312;2557;2635;2873;2824;2837;2753;2794;2829;2995;3098;3163;2963;2821;2743;2653;2639;2586;2533;2539;2459;2395;2310;2377;2437;2661;2604;2936;3058;3121;2161;2645;2682;2713;2880;3150;2977;2953;2661;2419;2453;2264;2234;2114;2139;2158;1905;1707;1659;1729;1597;1450;1406;1393;1253;1150;658;282;247;188;255;269;189;157;97;82;108
;Totale;1509;1556;1597;1559;1536;1649;1593;1537;1606;1649;1586;1527;1592;1573;1527;1564;1577;1703;1638;1671;1611;1583;1519;1528;1550;1543;1613;1633;1632;1749;1820;2106;2216;2547;2636;2966;3053;3319;3304;3278;3212;3250;3322;3516;3604;3642;3438;3273;3222;3074;3092;2991;2976;2991;2892;2795;2720;2827;2854;3116;3122;3455;3576;3652;2498;3057;3099;3145;3342;3633;3460;3403;3110;2819;2855;2604;2550;2407;2441;2485;2165;1935;1872;1948;1765;1631;1578;1520;1383;1259;729;308;266;202;282;295;208;175;110;85;121
Territorio/Età;;0;1;2;3;4;5;6;7;8;9;10;11;12;13;14;15;16;17;18;19;20;21;22;23;24;25;26;27;28;29;30;31;32;33;34;35;36;37;38;39;40;41;42;43;44;45;46;47;48;49;50;51;52;53;54;55;56;57;58;59;60;61;62;63;64;65;66;67;68;69;70;71;72;73;74;75;76;77;78;79;80;81;82;83;84;85;86;87;88;89;90;91;92;93;94;95;96;97;98;99;100
Codice comune;Comune;Maschi
032001;Duino-Aurisina;28;28;31;29;34;35;36;36;34;38;46;33;46;26;38;32;37;34;37;33;37;32;31;25;29;24;29;31;21;29;22;38;41;32;45;58;46;80;59;61;63;74;79;81;86;72;75;63;75;73;58;61;52;58;68;47;62;60;45;59;64;67;54;72;35;49;33;53;67;66;70;75;63;47;42;41;49;33;33;33;24;28;21;24;26;17;16;10;9;8;2;0;1;2;3;2;2;0;0;0;1
032002;Monrupino;3;3;1;7;5;2;6;2;6;2;4;5;4;3;4;2;1;4;3;5;5;1;2;3;2;7;5;5;2;7;2;3;3;10;4;9;5;3;12;8;10;6;9;5;8;10;6;5;9;6;6;6;5;11;5;7;6;9;4;4;15;7;5;11;6;5;4;3;3;8;6;5;6;4;5;6;4;1;2;3;0;2;1;3;2;0;3;0;0;0;1;0;0;0;0;1;0;0;1;1;0
032003;Muggia;38;51;48;46;42;55;57;43;47;39;61;56;57;53;53;41;47;60;38;64;50;54;33;45;40;51;51;47;49;40;57;49;73;71;77;82;97;100;116;97;102;94;92;89;93;113;104;109;101;87;106;80;94;103;89;86;79;86;87;96;111;106;120;102;74;99;108;116;85;112;95;86;102;82;77;58;66;73;57;60;45;50;42;27;23;33;28;17;19;13;4;2;0;0;5;1;2;4;2;0;0
032004;San Dorligo della Valle-Dolina;18;24;17;19;24;30;27;21;25;18;29;28;22;18;22;16;23;22;21;28;18;18;27;27;17;24;25;29;24;15;33;31;19;41;33;45;49;38;47;43;60;35;47;61;44;43;48;46;54;35;45;52;50;36;42;37;45;48;33;35;57;49;55;52;25;33;35;33;50;39;45;37;34;41;31;40;30;21;14;36;22;15;14;15;7;8;12;6;4;8;4;2;0;1;1;0;0;1;1;0;0
032005;Sgonico;4;7;7;9;3;8;10;2;7;12;7;4;11;12;10;14;10;4;13;13;7;8;7;7;13;13;7;11;13;11;11;10;15;14;5;11;21;8;12;10;12;9;15;19;12;14;12;10;14;16;24;18;17;17;15;15;12;11;14;16;22;19;23;26;13;9;12;25;14;14;13;20;16;10;11;13;6;6;4;10;4;3;8;3;5;4;3;4;2;2;2;2;1;0;0;0;0;0;0;0;0
032006;Trieste;666;718;709;656;710;735;695;687;696;733;677;645;696;672;659;679;693;759;726;673;743;709;681;704;677;659;722;715;746;769;803;947;980;1115;1116;1306;1299;1483;1364;1421;1391;1403;1393;1481;1499;1562;1511;1392;1408;1331;1309;1240;1220;1292;1200;1187;1077;1132;1178;1207;1244;1406;1402;1473;1015;1200;1247;1247;1288;1400;1354;1317;1173;1031;1061;954;897;845;838;860;690;634;615;543;509;453;462;394;347;254;157;62;51;51;51;60;29;23;13;13;13
;Totale;757;831;813;766;818;865;831;791;815;842;824;771;836;784;786;784;811;883;838;816;860;822;781;811;778;778;839;838;855;871;928;1078;1131;1283;1280;1511;1517;1712;1610;1640;1638;1621;1635;1736;1742;1814;1756;1625;1661;1548;1548;1457;1438;1517;1419;1379;1281;1346;1361;1417;1513;1654;1659;1736;1168;1395;1439;1477;1507;1639;1583;1540;1394;1215;1227;1112;1052;979;948;1002;785;732;701;615;572;515;524;431;381;285;170;68;53;54;60;64;33;28;17;14;14
Territorio/Età;;0;1;2;3;4;5;6;7;8;9;10;11;12;13;14;15;16;17;18;19;20;21;22;23;24;25;26;27;28;29;30;31;32;33;34;35;36;37;38;39;40;41;42;43;44;45;46;47;48;49;50;51;52;53;54;55;56;57;58;59;60;61;62;63;64;65;66;67;68;69;70;71;72;73;74;75;76;77;78;79;80;81;82;83;84;85;86;87;88;89;90;91;92;93;94;95;96;97;98;99;100
Codice comune;Comune;Femmine
032001;Duino-Aurisina;25;33;43;37;28;35;35;36;39;42;26;19;38;47;46;33;43;39;34;30;26;33;22;26;19;21;24;32;25;31;35;28;44;38;38;50;57;63;66;49;60;66;70;71;90;66;70;79;64;59;60;42;74;55;71;59;58;47;55;67;53;52;62;71;53;54;64;70;62;83;73;72;67;66;76;52;40;42;50;53;40;46;43;37;28;35;32;21;27;24;18;6;8;6;5;6;5;8;2;0;5
032002;Monrupino;9;4;3;6;2;3;5;4;5;6;2;1;5;5;4;3;5;4;5;6;3;5;2;0;7;3;2;2;0;2;8;0;2;2;6;9;5;4;3;4;10;11;4;6;5;5;5;8;8;7;7;3;5;8;10;6;2;9;7;10;6;7;8;5;4;7;4;4;8;4;9;6;4;3;7;7;6;1;6;3;5;1;5;1;2;3;4;4;1;1;0;0;2;0;0;0;0;0;0;1;0
032003;Muggia;37;34;44;59;40;49;32;53;40;38;41;48;48;46;56;43;48;43;51;59;60;35;50;42;39;32;46;40;48;44;46;53;65;70;70;83;91;91;110;103;87;93;118;130;101;88;96;69;94;82;81;88;82;106;82;92;85;105;119;100;116;145;120;118;76;115;101;86;113;104;111;96;106;96;90;89;76;75;93;85;70;57;44;69;45;53;44;44;44;38;24;9;5;3;9;14;8;4;5;1;5
032004;San Dorligo della Valle-Dolina;21;17;17;25;19;28;28;25;23;27;21;26;20;21;28;17;28;22;17;26;28;14;20;24;20;19;24;19;16;27;16;30;36;30;31;46;40;44;42;48;46;54;42;40;51;54;48;44;46;44;50;41;44;38;30;35;46;53;37;45;49;49;45;50;31;31;36;31;36;40;50;41;38;43;50;26;31;32;31;33;38;20;28;33;22;25;25;16;16;12;14;4;2;1;4;2;2;0;2;0;1
032005;Sgonico;6;7;15;10;4;6;7;8;7;4;5;8;5;11;4;9;9;5;7;7;10;12;14;12;9;4;9;8;15;8;8;4;11;14;15;16;7;15;13;18;9;14;17;19;16;14;11;19;14;12;16;14;20;20;21;16;15;22;16;23;25;18;26;24;20;10;20;11;24;13;11;12;13;8;13;8;8;9;12;11;12;6;7;7;8;3;5;5;8;3;2;1;0;1;0;0;0;1;0;0;1
032006;Trieste;654;630;662;656;625;663;655;620;677;690;667;654;640;659;603;675;633;707;686;727;624;662;630;613;678;686;669;694;673;766;779;913;927;1110;1196;1251;1336;1390;1460;1416;1362;1391;1436;1514;1599;1601;1452;1429;1335;1322;1330;1346;1313;1247;1259;1208;1233;1245;1259;1454;1360;1530;1656;1648;1146;1445;1435;1466;1592;1750;1623;1636;1488;1388;1392;1310;1337;1269;1301;1298;1215;1073;1044;1186;1088;997;944;999;906;896;501;220;196;137;204;209;160;134;84;69;95
;Totale;752;725;784;793;718;784;762;746;791;807;762;756;756;789;741;780;766;820;800;855;751;761;738;717;772;765;774;795;777;878;892;1028;1085;1264;1356;1455;1536;1607;1694;1638;1574;1629;1687;1780;1862;1828;1682;1648;1561;1526;1544;1534;1538;1474;1473;1416;1439;1481;1493;1699;1609;1801;1917;1916;1330;1662;1660;1668;1835;1994;1877;1863;1716;1604;1628;1492;1498;1428;1493;1483;1380;1203;1171;1333;1193;1116;1054;1089;1002;974;559;240;213;148;222;231;175;147;93;71;107

"Ricostruzione della popolazione intercensuaria - Popolazione al 1° gennaio per età"
"Cittadinanza italiana - Anno: 2011 - Provincia: Trieste"
Territorio/Età;;0;1;2;3;4;5;6;7;8;9;10;11;12;13;14;15;16;17;18;19;20;21;22;23;24;25;26;27;28;29;30;31;32;33;34;35;36;37;38;39;40;41;42;43;44;45;46;47;48;49;50;51;52;53;54;55;56;57;58;59;60;61;62;63;64;65;66;67;68;69;70;71;72;73;74;75;76;77;78;79;80;81;82;83;84;85;86;87;88;89;90;91;92;93;94;95;96;97;98;99;100
Codice comune;Comune;Totale
032001;Duino-Aurisina;60;55;67;78;70;62;68;75;71;73;80;72;54;87;73;82;68;81;74;74;61;61;66;51;50;49;38;53;66;47;57;66;69;83;75;92;109;107;147;130;113;125;138;143;156;173;139;139;139;130;132;121;104;124;114;135;108;123;109;96;126;118;118;119;147;89;104;97;121;127;146;139;146;125;111;115;91;86;74;81;85;63;71;60;53;50;54;43;31;33;28;18;7;8;6;7;7;7;9;3;6
032002;Monrupino;11;12;8;5;13;8;6;10;6;11;6;6;5;9;8;8;4;6;8;8;11;8;6;5;3;8;9;9;8;1;7;8;5;8;9;13;15;10;9;13;14;20;16;13;12;13;14;11;13;17;15;13;9;10;19;14;13;8;18;11;14;19;14;13;14;9;12;7;7;11;12;15;11;8;6;12;12;10;2;8;6;4;3;5;3;2;4;8;3;2;1;1;0;2;0;0;0;0;0;0;1
032003;Muggia;79;76;93;90;106;87;106;93;95;84;79;100;102;104;100;108;87;99;107;88;121;108;90;86;89;81;84;94;80;104;84;102;104;135;134;150;167;183;185;227;203;194;181;213;220;202;203;201;181;197;172;188;168;181;211;175;179;167;195;210;196;228;246;240;219;151;212;213;199;195;213;207;176;209;175;161;137;140;144;145;141;115;96;80;83;63;79;68;53;53;42;23;10;5;5;13;13;7;3;4;5
032004;San Dorligo della Valle-Dolina;41;39;44;37;46;44;58;56;46;49;44;50;54;44;40;49;33;51;44;34;56;44;34;49;49;41;47;49;46;37;41;54;56;62;75;64;94;89;85;86;92;102;91;86;101;92;94;98;87;99;80;93;92;93;70;74;72;93;103;69;79;107;98;102;101;57;63;70;66;85;78;93;77;72;85;81;65;57;51;45;65;58;36;36;42;26;29;35;24;15;17;11;1;2;1;5;2;3;0;3;1
032005;Sgonico;22;7;15;23;18;7;14;17;12;13;18;11;12;16;22;14;24;19;9;20;20;17;18;18;18;23;18;14;17;24;16;19;15;28;29;25;25;28;21;22;30;21;24;34;38;29;30;25;30;29;27;41;30;39;38;38;30;25;32;31;36;49;37;49;50;31;19;32;36;37;26;25;29;29;16;24;18;14;15;16;16;16;9;12;9;12;7;6;7;7;4;2;3;0;1;0;0;0;0;0;0
032006;Trieste;1329;1326;1330;1365;1316;1334;1403;1357;1314;1378;1421;1349;1303;1337;1332;1269;1352;1322;1472;1415;1429;1396;1393;1331;1316;1373;1371;1413;1450;1444;1562;1587;1863;1918;2230;2292;2550;2665;2870;2821;2824;2757;2806;2836;3009;3104;3170;2968;2818;2754;2658;2646;2574;2533;2539;2457;2386;2303;2370;2428;2655;2582;2929;3047;3091;2154;2619;2641;2676;2832;3109;2938;2905;2614;2366;2401;2193;2164;2036;2038;2083;1818;1612;1543;1602;1460;1320;1264;1236;1119;999;537;238;209;151;187;203;139;116;65;125
;Totale;1542;1515;1557;1598;1569;1542;1655;1608;1544;1608;1648;1588;1530;1597;1575;1530;1568;1578;1714;1639;1698;1634;1607;1540;1525;1575;1567;1632;1667;1657;1767;1836;2112;2234;2552;2636;2960;3082;3317;3299;3276;3219;3256;3325;3536;3613;3650;3442;3268;3226;3084;3102;2977;2980;2991;2893;2788;2719;2827;2845;3106;3103;3442;3570;3622;2491;3029;3060;3105;3287;3584;3417;3344;3057;2759;2794;2516;2471;2322;2333;2396;2074;1827;1736;1792;1613;1493;1424;1354;1229;1091;592;259;226;164;212;225;156;128;75;138
Territorio/Età;;0;1;2;3;4;5;6;7;8;9;10;11;12;13;14;15;16;17;18;19;20;21;22;23;24;25;26;27;28;29;30;31;32;33;34;35;36;37;38;39;40;41;42;43;44;45;46;47;48;49;50;51;52;53;54;55;56;57;58;59;60;61;62;63;64;65;66;67;68;69;70;71;72;73;74;75;76;77;78;79;80;81;82;83;84;85;86;87;88;89;90;91;92;93;94;95;96;97;98;99;100
Codice comune;Comune;Maschi
032001;Duino-Aurisina;31;29;31;34;30;34;35;39;35;33;38;46;33;48;26;35;35;38;36;37;32;37;32;29;25;31;22;29;33;20;30;25;38;39;34;50;59;50;79;60;64;66;71;75;84;83;70;71;60;69;70;62;61;51;59;66;49;65;61;44;59;64;66;54;76;35;50;34;51;65;63;67;74;61;45;40;40;48;33;31;32;22;27;20;19;25;19;13;8;6;7;4;0;1;2;2;2;2;0;1;0
032002;Monrupino;6;3;4;2;7;6;3;5;2;6;0;4;4;4;3;4;1;1;4;3;5;5;1;3;3;2;6;6;5;1;6;1;3;4;7;7;6;5;4;10;8;10;6;8;6;8;9;6;5;9;8;6;6;5;11;5;7;6;9;4;4;14;7;5;10;5;5;4;3;3;8;6;5;4;4;5;6;4;1;2;3;0;1;0;2;1;1;4;0;0;0;1;0;0;0;0;0;0;0;0;0
032003;Muggia;34;38;56;47;48;45;57;58;42;46;39;61;57;57;54;53;42;49;61;37;64;49;53;34;48;38;53;51;44;54;36;56;47;67;69;78;87;95;95;113;101;105;91;97;90;95;114;105;110;103;88;107;81;96;102;90;86;81;89;89;93;110;102;120;100;73;98;107;113;83;108;96;82;103;79;73;54;63;70;53;57;44;43;37;24;21;29;23;13;17;11;3;2;0;1;4;2;1;1;1;0
032004;San Dorligo della Valle-Dolina;22;18;25;18;21;25;29;28;20;26;18;29;28;24;19;22;16;23;23;17;30;18;19;29;27;18;24;24;30;23;13;34;29;24;41;31;47;50;38;47;43;59;38;44;61;41;40;47;42;55;36;43;51;49;33;44;35;45;48;33;36;57;49;55;51;25;33;34;35;49;39;44;36;35;41;30;39;29;19;15;33;21;16;13;13;6;6;13;7;3;6;3;0;0;0;1;0;0;0;1;0
032005;Sgonico;10;2;8;6;9;3;9;10;3;6;12;6;4;11;12;10;15;10;4;13;12;7;7;5;8;13;13;5;8;12;10;12;11;16;14;10;11;17;7;12;10;12;10;16;19;12;15;14;11;15;16;25;16;19;17;17;14;12;11;15;16;23;19;23;25;12;9;12;25;14;14;14;18;16;9;11;10;6;6;4;8;4;3;7;3;4;4;2;3;2;2;1;2;0;0;0;0;0;0;0;0
032006;Trieste;689;666;710;711;656;700;733;700;694;699;733;679;645;697;670;662;679;693;764;733;683;756;721;695;706;691;673;745;746;753;777;800;941;988;1116;1101;1301;1315;1483;1366;1401;1389;1405;1393;1482;1508;1572;1517;1388;1415;1335;1312;1237;1223;1291;1199;1181;1074;1123;1173;1198;1225;1396;1399;1456;1010;1184;1223;1223;1261;1377;1334;1291;1139;994;1034;908;848;803;784;815;647;587;557;491;454;405;413;341;299;211;120;48;40;40;39;42;20;17;9;20
;Totale;792;756;834;818;771;813;866;840;796;816;840;825;771;841;784;786;788;814;892;840;826;872;833;795;817;793;791;860;866;863;872;928;1069;1138;1281;1277;1511;1532;1706;1608;1627;1641;1621;1633;1742;1747;1820;1760;1616;1666;1553;1555;1452;1443;1513;1421;1372;1283;1341;1358;1406;1493;1639;1656;1718;1160;1379;1414;1450;1475;1609;1561;1506;1358;1172;1193;1057;998;932;889;948;738;677;634;552;511;464;468;372;327;237;132;52;41;43;46;46;23;18;12;20
Territorio/Età;;0;1;2;3;4;5;6;7;8;9;10;11;12;13;14;15;16;17;18;19;20;21;22;23;24;25;26;27;28;29;30;31;32;33;34;35;36;37;38;39;40;41;42;43;44;45;46;47;48;49;50;51;52;53;54;55;56;57;58;59;60;61;62;63;64;65;66;67;68;69;70;71;72;73;74;75;76;77;78;79;80;81;82;83;84;85;86;87;88;89;90;91;92;93;94;95;96;97;98;99;100
Codice comune;Comune;Femmine
032001;Duino-Aurisina;29;26;36;44;40;28;33;36;36;40;42;26;21;39;47;47;33;43;38;37;29;24;34;22;25;18;16;24;33;27;27;41;31;44;41;42;50;57;68;70;49;59;67;68;72;90;69;68;79;61;62;59;43;73;55;69;59;58;48;52;67;54;52;65;71;54;54;63;70;62;83;72;72;64;66;75;51;38;41;50;53;41;44;40;34;25;35;30;23;27;21;14;7;7;4;5;5;5;9;2;6
032002;Monrupino;5;9;4;3;6;2;3;5;4;5;6;2;1;5;5;4;3;5;4;5;6;3;5;2;0;6;3;3;3;0;1;7;2;4;2;6;9;5;5;3;6;10;10;5;6;5;5;5;8;8;7;7;3;5;8;9;6;2;9;7;10;5;7;8;4;4;7;3;4;8;4;9;6;4;2;7;6;6;1;6;3;4;2;5;1;1;3;4;3;2;1;0;0;2;0;0;0;0;0;0;1
032003;Muggia;45;38;37;43;58;42;49;35;53;38;40;39;45;47;46;55;45;50;46;51;57;59;37;52;41;43;31;43;36;50;48;46;57;68;65;72;80;88;90;114;102;89;90;116;130;107;89;96;71;94;84;81;87;85;109;85;93;86;106;121;103;118;144;120;119;78;114;106;86;112;105;111;94;106;96;88;83;77;74;92;84;71;53;43;59;42;50;45;40;36;31;20;8;5;4;9;11;6;2;3;5
032004;San Dorligo della Valle-Dolina;19;21;19;19;25;19;29;28;26;23;26;21;26;20;21;27;17;28;21;17;26;26;15;20;22;23;23;25;16;14;28;20;27;38;34;33;47;39;47;39;49;43;53;42;40;51;54;51;45;44;44;50;41;44;37;30;37;48;55;36;43;50;49;47;50;32;30;36;31;36;39;49;41;37;44;51;26;28;32;30;32;37;20;23;29;20;23;22;17;12;11;8;1;2;1;4;2;3;0;2;1
032005;Sgonico;12;5;7;17;9;4;5;7;9;7;6;5;8;5;10;4;9;9;5;7;8;10;11;13;10;10;5;9;9;12;6;7;4;12;15;15;14;11;14;10;20;9;14;18;19;17;15;11;19;14;11;16;14;20;21;21;16;13;21;16;20;26;18;26;25;19;10;20;11;23;12;11;11;13;7;13;8;8;9;12;8;12;6;5;6;8;3;4;4;5;2;1;1;0;1;0;0;0;0;0;0
032006;Trieste;640;660;620;654;660;634;670;657;620;679;688;670;658;640;662;607;673;629;708;682;746;640;672;636;610;682;698;668;704;691;785;787;922;930;1114;1191;1249;1350;1387;1455;1423;1368;1401;1443;1527;1596;1598;1451;1430;1339;1323;1334;1337;1310;1248;1258;1205;1229;1247;1255;1457;1357;1533;1648;1635;1144;1435;1418;1453;1571;1732;1604;1614;1475;1372;1367;1285;1316;1233;1254;1268;1171;1025;986;1111;1006;915;851;895;820;788;417;190;169;111;148;161;119;99;56;105
;Totale;750;759;723;780;798;729;789;768;748;792;808;763;759;756;791;744;780;764;822;799;872;762;774;745;708;782;776;772;801;794;895;908;1043;1096;1271;1359;1449;1550;1611;1691;1649;1578;1635;1692;1794;1866;1830;1682;1652;1560;1531;1547;1525;1537;1478;1472;1416;1436;1486;1487;1700;1610;1803;1914;1904;1331;1650;1646;1655;1812;1975;1856;1838;1699;1587;1601;1459;1473;1390;1444;1448;1336;1150;1102;1240;1102;1029;956;982;902;854;460;207;185;121;166;179;133;110;63;118

"Ricostruzione della popolazione intercensuaria - Popolazione al 1° gennaio per età"
"Cittadinanza italiana - Anno: 2012 - Provincia: Trieste"
Territorio/Età;;0;1;2;3;4;5;6;7;8;9;10;11;12;13;14;15;16;17;18;19;20;21;22;23;24;25;26;27;28;29;30;31;32;33;34;35;36;37;38;39;40;41;42;43;44;45;46;47;48;49;50;51;52;53;54;55;56;57;58;59;60;61;62;63;64;65;66;67;68;69;70;71;72;73;74;75;76;77;78;79;80;81;82;83;84;85;86;87;88;89;90;91;92;93;94;95;96;97;98;99;100
Codice comune;Comune;Totale
032001;Duino-Aurisina;53;63;52;69;78;70;63;70;73;70;75;78;72;51;86;72;82;68;79;72;76;63;59;64;50;50;50;38;51;68;47;56;71;77;80;80;98;123;110;149;128;114;129;140;140;152;173;141;139;138;131;131;124;106;123;116;139;109;125;110;100;126;117;115;117;146;87;104;97;120;129;141;138;141;119;107;116;89;85;70;73;80;58;66;60;51;46;50;39;27;29;24;18;7;5;5;7;5;3;7;6
032002;Monrupino;6;11;12;8;6;12;8;6;10;6;11;6;6;5;9;8;8;5;6;8;8;10;8;5;5;3;7;10;8;8;3;6;5;7;7;11;14;12;10;10;14;14;20;16;14;12;13;14;12;13;17;16;14;8;10;17;15;13;9;17;11;14;20;14;13;15;8;12;6;7;11;11;15;10;7;6;12;11;9;2;8;7;4;3;5;3;0;2;8;3;2;2;1;0;2;0;0;1;0;0;0
032003;Muggia;73;79;76;91;96;111;86;104;93;95;82;80;101;102;101;103;110;86;97;109;89;127;107;89;89;85;84;87;88;81;99;84;100;101;138;137;155;173;184;186;232;211;195;181;213;223;206;201;208;182;197;177;188;168;177;212;171;181;168;193;208;201;230;243;237;220;149;213;212;194;193;210;203;172;202;172;160;132;139;139;140;137;108;87;72;73;58;67;61;48;42;32;21;4;3;3;9;10;2;2;7
032004;San Dorligo della Valle-Dolina;50;45;41;46;38;48;42;59;56;45;47;44;48;52;43;39;49;33;54;45;33;55;42;35;50;48;39;46;47;44;38;44;53;58;58;84;64;93;91;87;88;95;98;91;90;100;92;94;98;89;99;84;93;93;95;69;73;71;88;105;67;77;106;96;101;95;57;64;69;65;87;78;92;76;70;83;80;66;54;50;43;61;56;34;32;39;24;27;31;20;14;18;8;0;3;2;5;2;3;0;3
032005;Sgonico;10;20;9;14;24;18;9;14;18;12;13;19;10;13;15;21;14;22;19;8;20;19;17;18;17;21;21;20;15;17;27;18;17;14;25;29;22;29;32;23;22;33;21;24;34;41;29;31;24;32;29;26;40;32;39;37;37;30;25;32;30;35;49;37;49;47;31;20;31;36;37;26;23;29;29;15;23;17;13;15;14;16;15;9;12;9;12;7;5;6;6;3;2;2;0;1;0;0;0;0;0
032006;Trieste;1249;1313;1312;1334;1356;1312;1337;1405;1354;1322;1375;1418;1354;1305;1338;1335;1270;1360;1330;1480;1424;1450;1417;1404;1352;1325;1384;1393;1452;1456;1479;1576;1617;1865;1947;2240;2287;2563;2662;2871;2822;2824;2749;2798;2840;3004;3114;3182;2964;2806;2753;2654;2638;2567;2537;2525;2451;2386;2302;2364;2431;2652;2564;2915;3017;3056;2146;2596;2610;2635;2793;3060;2863;2857;2559;2307;2344;2135;2091;1957;1934;1986;1725;1509;1405;1484;1336;1185;1128;1085;962;848;446;193;176;118;140;148;99;92;121
;Totale;1441;1531;1502;1562;1598;1571;1545;1658;1604;1550;1603;1645;1591;1528;1592;1578;1533;1574;1585;1722;1650;1724;1650;1615;1563;1532;1585;1594;1661;1674;1693;1784;1863;2122;2255;2581;2640;2993;3089;3326;3306;3291;3212;3250;3331;3532;3627;3663;3445;3260;3226;3088;3097;2974;2981;2976;2886;2790;2717;2821;2847;3105;3086;3420;3534;3579;2478;3009;3025;3057;3250;3526;3334;3285;2986;2690;2735;2450;2391;2233;2212;2287;1966;1708;1586;1659;1476;1338;1272;1189;1055;927;496;206;189;129;161;166;107;101;137
Territorio/Età;;0;1;2;3;4;5;6;7;8;9;10;11;12;13;14;15;16;17;18;19;20;21;22;23;24;25;26;27;28;29;30;31;32;33;34;35;36;37;38;39;40;41;42;43;44;45;46;47;48;49;50;51;52;53;54;55;56;57;58;59;60;61;62;63;64;65;66;67;68;69;70;71;72;73;74;75;76;77;78;79;80;81;82;83;84;85;86;87;88;89;90;91;92;93;94;95;96;97;98;99;100
Codice comune;Comune;Maschi
032001;Duino-Aurisina;27;35;28;34;35;29;35;35;38;34;32;37;46;30;47;27;35;34;37;36;38;35;36;31;28;26;30;20;24;33;20;31;26;43;37;33;54;68;51;81;58;64;66;73;73;81;84;70;71;59;69;71;62;62;50;63;68;48;66;61;48;58;63;64;52;74;34;50;35;50;65;60;66;70;57;42;41;40;48;31;30;29;18;25;21;17;25;18;12;7;5;7;4;0;1;1;2;1;1;0;0
032002;Monrupino;3;5;3;4;3;7;6;3;5;2;6;0;4;4;4;3;4;2;1;4;3;5;5;1;3;3;2;6;6;5;2;5;1;3;4;8;8;5;5;5;10;8;10;6;8;6;8;9;7;5;9;8;7;5;5;10;5;7;6;8;4;4;15;7;5;11;4;5;4;3;3;7;6;4;3;4;5;5;4;1;2;3;0;1;0;2;0;0;4;0;0;0;1;0;0;0;0;0;0;0;0
032003;Muggia;35;32;36;54;50;47;45;54;55;43;47;39;62;56;55;57;55;41;48;61;37;68;50;54;36;47;42;57;46;43;50;37;56;46;67;71;81;91;96;96;117;104;107;92;97;94;99;110;111;110;104;88;104;82;94;100;87;87;83;87;89;95;113;101;119;102;71;99;105;111;79;105;97;78;99;76;72;51;63;69;49;56;39;42;33;20;19;24;20;14;14;9;3;0;0;1;3;1;0;1;1
032004;San Dorligo della Valle-Dolina;25;21;18;27;19;21;24;31;27;19;24;17;28;27;24;18;22;16;23;23;17;32;17;19;28;25;17;20;26;30;24;15;32;30;23;47;29;46;50;38;51;46;57;39;46;60;41;43;47;43;56;39;43;52;50;33;43;35;43;50;33;35;57;47;54;47;24;34;34;35;49;39;43;34;33;40;29;40;27;18;15;31;20;16;11;12;6;6;13;6;1;6;3;0;0;1;1;0;0;0;1
032005;Sgonico;1;10;2;7;7;9;4;9;10;2;6;12;6;4;11;12;10;14;10;4;13;11;7;7;5;9;12;14;6;8;12;11;12;10;15;16;8;14;22;9;14;12;12;11;16;20;12;15;13;12;14;16;24;18;20;16;16;14;12;11;15;17;23;19;23;23;12;10;11;25;14;14;12;18;16;9;11;9;6;6;2;8;4;3;7;3;4;4;2;3;2;2;1;2;0;0;0;0;0;0;0
032006;Trieste;698;679;663;713;709;659;700;738;702;699;695;735;680;648;700;666;663;682;699;769;734;693;769;722;698;706;695;681;769;741;765;779;810;943;991;1118;1097;1308;1300;1478;1358;1394;1381;1401;1389;1482;1517;1581;1515;1385;1417;1333;1310;1225;1225;1281;1197;1183;1073;1120;1169;1199;1213;1382;1381;1432;1005;1164;1206;1195;1242;1351;1290;1261;1108;959;1008;876;807;760;732;773;603;532;489;439;405;338;361;280;245;176;95;33;31;34;27;27;14;12;18
;Totale;789;782;750;839;823;772;814;870;837;799;810;840;826;769;841;783;789;789;818;897;842;844;884;834;798;816;798;798;877;860;873;878;937;1075;1137;1293;1277;1532;1524;1707;1608;1628;1633;1622;1629;1743;1761;1828;1764;1614;1669;1555;1550;1444;1444;1503;1416;1374;1283;1337;1358;1408;1484;1620;1634;1689;1150;1362;1395;1419;1452;1576;1514;1465;1316;1130;1166;1021;955;885;830;900;684;619;561;493;459;390;412;310;267;200;107;35;32;37;33;29;15;13;20
Territorio/Età;;0;1;2;3;4;5;6;7;8;9;10;11;12;13;14;15;16;17;18;19;20;21;22;23;24;25;26;27;28;29;30;31;32;33;34;35;36;37;38;39;40;41;42;43;44;45;46;47;48;49;50;51;52;53;54;55;56;57;58;59;60;61;62;63;64;65;66;67;68;69;70;71;72;73;74;75;76;77;78;79;80;81;82;83;84;85;86;87;88;89;90;91;92;93;94;95;96;97;98;99;100
Codice comune;Comune;Femmine
032001;Duino-Aurisina;26;28;24;35;43;41;28;35;35;36;43;41;26;21;39;45;47;34;42;36;38;28;23;33;22;24;20;18;27;35;27;25;45;34;43;47;44;55;59;68;70;50;63;67;67;71;89;71;68;79;62;60;62;44;73;53;71;61;59;49;52;68;54;51;65;72;53;54;62;70;64;81;72;71;62;65;75;49;37;39;43;51;40;41;39;34;21;32;27;20;24;17;14;7;4;4;5;4;2;7;6
032002;Monrupino;3;6;9;4;3;5;2;3;5;4;5;6;2;1;5;5;4;3;5;4;5;5;3;4;2;0;5;4;2;3;1;1;4;4;3;3;6;7;5;5;4;6;10;10;6;6;5;5;5;8;8;8;7;3;5;7;10;6;3;9;7;10;5;7;8;4;4;7;2;4;8;4;9;6;4;2;7;6;5;1;6;4;4;2;5;1;0;2;4;3;2;2;0;0;2;0;0;1;0;0;0
032003;Muggia;38;47;40;37;46;64;41;50;38;52;35;41;39;46;46;46;55;45;49;48;52;59;57;35;53;38;42;30;42;38;49;47;44;55;71;66;74;82;88;90;115;107;88;89;116;129;107;91;97;72;93;89;84;86;83;112;84;94;85;106;119;106;117;142;118;118;78;114;107;83;114;105;106;94;103;96;88;81;76;70;91;81;69;45;39;53;39;43;41;34;28;23;18;4;3;2;6;9;2;1;6
032004;San Dorligo della Valle-Dolina;25;24;23;19;19;27;18;28;29;26;23;27;20;25;19;21;27;17;31;22;16;23;25;16;22;23;22;26;21;14;14;29;21;28;35;37;35;47;41;49;37;49;41;52;44;40;51;51;51;46;43;45;50;41;45;36;30;36;45;55;34;42;49;49;47;48;33;30;35;30;38;39;49;42;37;43;51;26;27;32;28;30;36;18;21;27;18;21;18;14;13;12;5;0;3;1;4;2;3;0;2
032005;Sgonico;9;10;7;7;17;9;5;5;8;10;7;7;4;9;4;9;4;8;9;4;7;8;10;11;12;12;9;6;9;9;15;7;5;4;10;13;14;15;10;14;8;21;9;13;18;21;17;16;11;20;15;10;16;14;19;21;21;16;13;21;15;18;26;18;26;24;19;10;20;11;23;12;11;11;13;6;12;8;7;9;12;8;11;6;5;6;8;3;3;3;4;1;1;0;0;1;0;0;0;0;0
032006;Trieste;551;634;649;621;647;653;637;667;652;623;680;683;674;657;638;669;607;678;631;711;690;757;648;682;654;619;689;712;683;715;714;797;807;922;956;1122;1190;1255;1362;1393;1464;1430;1368;1397;1451;1522;1597;1601;1449;1421;1336;1321;1328;1342;1312;1244;1254;1203;1229;1244;1262;1453;1351;1533;1636;1624;1141;1432;1404;1440;1551;1709;1573;1596;1451;1348;1336;1259;1284;1197;1202;1213;1122;977;916;1045;931;847;767;805;717;672;351;160;145;84;113;121;85;80;103
;Totale;652;749;752;723;775;799;731;788;767;751;793;805;765;759;751;795;744;785;767;825;808;880;766;781;765;716;787;796;784;814;820;906;926;1047;1118;1288;1363;1461;1565;1619;1698;1663;1579;1628;1702;1789;1866;1835;1681;1646;1557;1533;1547;1530;1537;1473;1470;1416;1434;1484;1489;1697;1602;1800;1900;1890;1328;1647;1630;1638;1798;1950;1820;1820;1670;1560;1569;1429;1436;1348;1382;1387;1282;1089;1025;1166;1017;948;860;879;788;727;389;171;157;92;128;137;92;88;117

"Ricostruzione della popolazione intercensuaria - Popolazione al 1° gennaio per età"
"Cittadinanza italiana - Anno: 2013 - Provincia: Trieste"
Territorio/Età;;0;1;2;3;4;5;6;7;8;9;10;11;12;13;14;15;16;17;18;19;20;21;22;23;24;25;26;27;28;29;30;31;32;33;34;35;36;37;38;39;40;41;42;43;44;45;46;47;48;49;50;51;52;53;54;55;56;57;58;59;60;61;62;63;64;65;66;67;68;69;70;71;72;73;74;75;76;77;78;79;80;81;82;83;84;85;86;87;88;89;90;91;92;93;94;95;96;97;98;99;100
Codice comune;Comune;Totale
032001;Duino-Aurisina;54;55;62;52;66;80;73;64;69;73;70;76;80;73;53;86;73;81;69;79;73;75;63;61;63;48;49;49;38;51;72;53;59;75;74;82;75;94;119;113;148;132;113;127;141;142;149;175;142;136;135;130;129;117;107;124;112;138;105;130;112;100;131;118;111;115;147;87;103;95;119;128;134;138;142;119;106;116;85;82;69;70;75;55;61;54;50;44;45;36;24;27;20;11;7;4;4;6;5;1;8
032002;Monrupino;2;6;11;11;8;6;13;7;6;10;6;11;6;6;5;9;7;8;4;5;8;9;9;8;5;4;3;7;11;9;9;4;7;5;9;5;10;15;10;9;10;15;14;23;16;13;12;13;13;13;13;17;16;13;9;10;18;14;13;9;16;11;15;18;15;13;15;8;12;6;7;11;11;15;9;7;6;12;11;9;2;8;5;4;2;6;2;0;1;7;3;3;2;2;0;2;0;0;0;0;0
032003;Muggia;72;76;82;75;97;98;114;87;104;98;95;84;82;105;102;101;103;109;88;100;111;91;129;105;90;94;85;83;81;91;86;101;82;104;101;149;136;157;179;186;193;232;211;197;182;214;227;214;205;207;180;197;176;188;168;176;210;172;186;171;195;204;203;226;241;236;218;149;212;212;192;195;204;202;165;201;167;154;128;127;135;134;136;104;86;65;66;49;59;56;41;37;29;16;3;3;3;6;4;2;4
032004;San Dorligo della Valle-Dolina;36;53;46;39;48;40;49;43;59;56;47;47;44;48;52;44;39;49;32;52;43;34;53;38;34;51;48;39;46;49;45;40;42;52;60;56;84;62;91;94;88;86;95;98;95;90;99;94;92;95;89;97;87;95;94;94;71;74;70;87;105;66;79;106;94;101;96;57;61;68;64;86;77;87;76;69;78;76;63;50;51;40;61;53;32;30;35;18;26;27;15;10;14;6;0;2;1;5;1;3;0
032005;Sgonico;17;13;23;10;14;23;20;11;14;19;12;14;18;11;13;15;21;15;22;18;9;20;20;17;17;17;18;19;18;14;14;27;20;16;14;24;28;23;29;34;24;20;34;21;27;33;37;28;32;24;33;28;27;40;32;41;36;37;30;24;33;31;35;50;38;50;48;30;20;31;35;36;25;22;30;29;15;23;14;13;15;14;15;16;10;12;8;9;8;5;6;5;2;2;2;0;0;0;0;0;0
032006;Trieste;1289;1256;1312;1320;1338;1362;1320;1346;1414;1367;1332;1384;1426;1356;1324;1335;1348;1278;1374;1345;1490;1435;1472;1445;1439;1370;1377;1438;1463;1528;1497;1516;1609;1651;1897;1974;2277;2328;2581;2686;2876;2843;2864;2779;2815;2854;3022;3121;3214;2980;2818;2771;2660;2649;2569;2532;2540;2445;2379;2290;2334;2415;2649;2547;2894;2999;3032;2127;2569;2583;2606;2745;3014;2801;2784;2494;2248;2262;2074;2014;1888;1841;1866;1634;1386;1316;1380;1205;1042;980;932;817;673;350;147;134;91;97;102;73;132
;Totale;1470;1459;1536;1507;1571;1609;1589;1558;1666;1623;1562;1616;1656;1599;1549;1590;1591;1540;1589;1599;1734;1664;1746;1674;1648;1584;1580;1635;1657;1742;1723;1741;1819;1903;2155;2290;2610;2679;3009;3122;3339;3328;3331;3245;3276;3346;3546;3645;3698;3455;3268;3240;3095;3102;2979;2977;2987;2880;2783;2711;2795;2827;3112;3065;3393;3514;3556;2458;2977;2995;3023;3201;3465;3265;3206;2919;2620;2643;2375;2295;2160;2107;2158;1866;1577;1483;1541;1325;1181;1111;1021;899;740;387;159;145;99;114;112;79;144
Territorio/Età;;0;1;2;3;4;5;6;7;8;9;10;11;12;13;14;15;16;17;18;19;20;21;22;23;24;25;26;27;28;29;30;31;32;33;34;35;36;37;38;39;40;41;42;43;44;45;46;47;48;49;50;51;52;53;54;55;56;57;58;59;60;61;62;63;64;65;66;67;68;69;70;71;72;73;74;75;76;77;78;79;80;81;82;83;84;85;86;87;88;89;90;91;92;93;94;95;96;97;98;99;100
Codice comune;Comune;Maschi
032001;Duino-Aurisina;22;30;34;31;34;36;33;35;34;38;34;33;38;46;33;48;26;35;35;39;35;37;36;37;31;26;26;30;21;26;34;24;33;31;40;41;31;51;66;53;79;60;61;63;76;72;81;86;73;71;58;68;70;56;64;51;63;66;44;67;61;49;62;62;63;51;76;35;48;33;49;64;56;65;71;57;41;41;38;45;30;29;27;15;25;16;16;22;16;12;7;3;5;2;0;1;0;1;1;0;0
032002;Monrupino;2;3;5;3;4;3;7;5;3;5;2;6;0;4;4;4;3;4;1;0;4;3;5;5;1;3;3;2;6;6;6;2;5;1;5;4;7;9;5;4;5;10;8;11;6;8;6;8;8;8;5;9;8;7;6;5;10;5;7;6;8;5;5;13;8;5;11;4;5;4;3;3;7;6;4;3;4;5;5;4;1;2;2;0;1;0;2;0;0;4;0;0;0;1;0;0;0;0;0;0;0
032003;Muggia;36;40;35;34;57;52;48;44;53;58;44;47;39;61;56;54;56;52;43;51;60;38;69;49;53;39;48;41;52;48;47;54;35;62;46;73;69;80;95;96;99;118;105;110;91;98;101;102;113;111;107;102;87;104;83;93;100;89;90;84;88;86;96;110;100;119;101;71;97;106;109;80;101;97;71;98;73;68;49;58;68;46;56;38;41;28;15;12;20;18;11;11;7;2;0;0;1;3;0;0;1
032004;San Dorligo della Valle-Dolina;19;26;23;17;27;20;21;25;30;26;19;25;16;27;27;25;18;22;15;23;22;16;31;16;18;30;26;19;20;27;31;23;14;31;31;23;49;29;47;52;39;49;45;58;40;47;58;43;40;44;43;55;40;46;52;49;35;44;34;42;51;32;36;57;46;54;47;24;32;33;34;48;37;41;34;33;39;26;37;25;19;14;30;20;14;10;10;4;7;11;5;1;3;2;0;0;0;1;0;0;0
032005;Sgonico;10;4;13;4;8;7;9;6;9;11;2;6;12;7;4;11;12;11;14;9;5;13;11;7;6;5;6;11;13;5;5;12;12;11;10;15;15;9;12;22;9;11;12;12;14;16;18;11;15;13;12;14;17;24;18;22;16;16;14;12;11;16;17;23;20;25;24;11;10;11;25;14;13;11;19;16;9;11;6;6;6;2;7;4;3;7;2;3;5;2;3;2;1;1;2;0;0;0;0;0;0
032006;Trieste;663;699;676;668;720;710;661;702;748;708;701;699;741;687;662;698;675;668;691;704;777;742;705;786;743;706;731;718;718;807;775;785;806;830;961;1006;1134;1111;1313;1312;1482;1373;1417;1391;1412;1397;1482;1526;1602;1524;1395;1425;1340;1317;1227;1221;1284;1192;1181;1068;1107;1158;1198;1201;1368;1360;1413;990;1147;1187;1177;1218;1331;1251;1217;1069;928;962;843;760;719;688;706;560;470;443;395;347;279;304;227;196;131;64;25;23;26;16;19;8;16
;Totale;752;802;786;757;850;828;779;817;877;846;802;816;846;832;786;840;790;792;799;826;903;849;857;900;852;809;840;821;830;919;898;900;905;966;1093;1162;1305;1289;1538;1539;1713;1621;1648;1645;1639;1638;1746;1776;1851;1771;1620;1673;1562;1554;1450;1441;1508;1412;1370;1279;1326;1346;1414;1466;1605;1614;1672;1135;1339;1374;1397;1427;1545;1471;1416;1276;1094;1113;978;898;843;781;828;637;554;504;440;388;327;351;253;213;147;72;27;24;27;21;20;8;17
Territorio/Età;;0;1;2;3;4;5;6;7;8;9;10;11;12;13;14;15;16;17;18;19;20;21;22;23;24;25;26;27;28;29;30;31;32;33;34;35;36;37;38;39;40;41;42;43;44;45;46;47;48;49;50;51;52;53;54;55;56;57;58;59;60;61;62;63;64;65;66;67;68;69;70;71;72;73;74;75;76;77;78;79;80;81;82;83;84;85;86;87;88;89;90;91;92;93;94;95;96;97;98;99;100
Codice comune;Comune;Femmine
032001;Duino-Aurisina;32;25;28;21;32;44;40;29;35;35;36;43;42;27;20;38;47;46;34;40;38;38;27;24;32;22;23;19;17;25;38;29;26;44;34;41;44;43;53;60;69;72;52;64;65;70;68;89;69;65;77;62;59;61;43;73;49;72;61;63;51;51;69;56;48;64;71;52;55;62;70;64;78;73;71;62;65;75;47;37;39;41;48;40;36;38;34;22;29;24;17;24;15;9;7;3;4;5;4;1;8
032002;Monrupino;0;3;6;8;4;3;6;2;3;5;4;5;6;2;1;5;4;4;3;5;4;6;4;3;4;1;0;5;5;3;3;2;2;4;4;1;3;6;5;5;5;5;6;12;10;5;6;5;5;5;8;8;8;6;3;5;8;9;6;3;8;6;10;5;7;8;4;4;7;2;4;8;4;9;5;4;2;7;6;5;1;6;3;4;1;6;0;0;1;3;3;3;2;1;0;2;0;0;0;0;0
032003;Muggia;36;36;47;41;40;46;66;43;51;40;51;37;43;44;46;47;47;57;45;49;51;53;60;56;37;55;37;42;29;43;39;47;47;42;55;76;67;77;84;90;94;114;106;87;91;116;126;112;92;96;73;95;89;84;85;83;110;83;96;87;107;118;107;116;141;117;117;78;115;106;83;115;103;105;94;103;94;86;79;69;67;88;80;66;45;37;51;37;39;38;30;26;22;14;3;3;2;3;4;2;3
032004;San Dorligo della Valle-Dolina;17;27;23;22;21;20;28;18;29;30;28;22;28;21;25;19;21;27;17;29;21;18;22;22;16;21;22;20;26;22;14;17;28;21;29;33;35;33;44;42;49;37;50;40;55;43;41;51;52;51;46;42;47;49;42;45;36;30;36;45;54;34;43;49;48;47;49;33;29;35;30;38;40;46;42;36;39;50;26;25;32;26;31;33;18;20;25;14;19;16;10;9;11;4;0;2;1;4;1;3;0
032005;Sgonico;7;9;10;6;6;16;11;5;5;8;10;8;6;4;9;4;9;4;8;9;4;7;9;10;11;12;12;8;5;9;9;15;8;5;4;9;13;14;17;12;15;9;22;9;13;17;19;17;17;11;21;14;10;16;14;19;20;21;16;12;22;15;18;27;18;25;24;19;10;20;10;22;12;11;11;13;6;12;8;7;9;12;8;12;7;5;6;6;3;3;3;3;1;1;0;0;0;0;0;0;0
032006;Trieste;626;557;636;652;618;652;659;644;666;659;631;685;685;669;662;637;673;610;683;641;713;693;767;659;696;664;646;720;745;721;722;731;803;821;936;968;1143;1217;1268;1374;1394;1470;1447;1388;1403;1457;1540;1595;1612;1456;1423;1346;1320;1332;1342;1311;1256;1253;1198;1222;1227;1257;1451;1346;1526;1639;1619;1137;1422;1396;1429;1527;1683;1550;1567;1425;1320;1300;1231;1254;1169;1153;1160;1074;916;873;985;858;763;676;705;621;542;286;122;111;65;81;83;65;116
;Totale;718;657;750;750;721;781;810;741;789;777;760;800;810;767;763;750;801;748;790;773;831;815;889;774;796;775;740;814;827;823;825;841;914;937;1062;1128;1305;1390;1471;1583;1626;1707;1683;1600;1637;1708;1800;1869;1847;1684;1648;1567;1533;1548;1529;1536;1479;1468;1413;1432;1469;1481;1698;1599;1788;1900;1884;1323;1638;1621;1626;1774;1920;1794;1790;1643;1526;1530;1397;1397;1317;1326;1330;1229;1023;979;1101;937;854;760;768;686;593;315;132;121;72;93;92;71;127

"Ricostruzione della popolazione intercensuaria - Popolazione al 1° gennaio per età"
"Cittadinanza italiana - Anno: 2014 - Provincia: Trieste"
Territorio/Età;;0;1;2;3;4;5;6;7;8;9;10;11;12;13;14;15;16;17;18;19;20;21;22;23;24;25;26;27;28;29;30;31;32;33;34;35;36;37;38;39;40;41;42;43;44;45;46;47;48;49;50;51;52;53;54;55;56;57;58;59;60;61;62;63;64;65;66;67;68;69;70;71;72;73;74;75;76;77;78;79;80;81;82;83;84;85;86;87;88;89;90;91;92;93;94;95;96;97;98;99;100
Codice comune;Comune;Totale
032001;Duino-Aurisina;42;55;56;59;53;63;77;78;62;69;71;68;76;81;70;52;85;73;83;68;76;70;78;63;64;63;48;46;51;36;43;73;53;58;72;70;86;73;91;111;114;149;128;115;127;139;140;148;180;145;134;131;130;129;114;106;129;111;138;104;128;110;102;130;118;111;113;145;86;97;94;118;128;134;136;141;114;106;113;82;79;65;68;75;51;56;50;45;45;40;34;22;25;18;5;5;4;4;5;5;7
032002;Monrupino;7;3;6;11;12;8;6;13;7;6;11;6;11;7;6;5;10;9;9;5;5;7;9;9;8;5;4;3;9;10;10;9;3;7;5;8;4;10;15;10;10;10;14;14;25;16;15;12;14;13;13;14;17;15;12;9;10;18;13;13;9;15;11;14;18;14;14;14;8;14;6;7;10;11;15;9;7;6;12;11;9;2;8;5;3;2;4;3;0;1;6;3;3;2;1;0;0;0;0;0;0
032003;Muggia;62;81;79;82;76;99;98;113;92;110;98;95;83;80;103;100;101;101;108;89;97;105;91;127;108;88;88;80;79;83;88;85;100;78;103;105;143;134;167;185;180;188;229;211;199;181;217;221;216;210;207;179;196;173;187;161;178;213;170;188;174;196;205;202;222;246;235;217;146;207;213;191;193;207;200;165;192;160;151;122;122;130;125;132;97;78;56;64;38;55;49;35;31;25;12;3;3;4;3;3;2
032004;San Dorligo della Valle-Dolina;42;39;54;48;39;48;45;51;45;58;57;47;48;45;50;53;44;39;49;33;52;44;34;51;37;33;48;50;36;44;46;46;41;43;54;60;56;83;62;94;95;87;88;98;101;94;89;102;94;93;95;90;98;90;96;96;93;72;74;69;90;103;66;79;104;95;101;94;54;62;66;63;86;78;83;76;66;76;73;59;49;50;37;56;48;26;25;32;17;26;23;14;10;6;7;0;2;1;4;1;1
032005;Sgonico;11;18;15;21;11;16;25;21;10;17;21;13;14;18;13;14;14;21;14;22;16;9;19;19;18;15;16;14;19;18;14;13;28;18;16;14;27;27;23;31;35;25;20;36;20;29;33;37;28;31;24;31;28;24;39;33;45;35;36;30;25;34;34;34;51;38;51;48;29;20;31;33;35;25;22;29;29;14;23;13;12;14;13;15;13;9;12;8;8;5;2;4;4;2;2;1;0;0;0;0;0
032006;Trieste;1172;1284;1265;1318;1326;1349;1365;1329;1353;1422;1372;1343;1398;1438;1377;1342;1349;1360;1302;1388;1356;1522;1454;1489;1459;1458;1415;1434;1498;1497;1575;1520;1534;1646;1677;1934;1995;2303;2357;2609;2721;2892;2869;2864;2799;2824;2885;3051;3128;3199;2990;2836;2774;2673;2654;2576;2533;2545;2438;2370;2273;2321;2400;2638;2532;2877;2969;2995;2112;2539;2538;2580;2705;2962;2734;2725;2442;2177;2195;2008;1915;1790;1746;1768;1513;1284;1213;1255;1063;910;825;793;692;543;279;116;105;67;68;60;139
;Totale;1336;1480;1475;1539;1517;1583;1616;1605;1569;1682;1630;1572;1630;1669;1619;1566;1603;1603;1565;1605;1602;1757;1685;1758;1694;1662;1619;1627;1692;1688;1776;1746;1759;1850;1927;2191;2311;2630;2715;3040;3155;3351;3348;3338;3271;3283;3379;3571;3660;3691;3463;3281;3243;3104;3102;2981;2988;2994;2869;2774;2699;2779;2818;3097;3045;3381;3483;3513;2435;2939;2948;2992;3157;3417;3190;3145;2850;2539;2567;2295;2186;2051;1997;2051;1725;1455;1360;1407;1171;1037;939;871;765;596;306;125;114;76;80;69;149
Territorio/Età;;0;1;2;3;4;5;6;7;8;9;10;11;12;13;14;15;16;17;18;19;20;21;22;23;24;25;26;27;28;29;30;31;32;33;34;35;36;37;38;39;40;41;42;43;44;45;46;47;48;49;50;51;52;53;54;55;56;57;58;59;60;61;62;63;64;65;66;67;68;69;70;71;72;73;74;75;76;77;78;79;80;81;82;83;84;85;86;87;88;89;90;91;92;93;94;95;96;97;98;99;100
Codice comune;Comune;Maschi
032001;Duino-Aurisina;25;23;28;33;32;32;35;35;35;34;37;32;33;38;42;33;47;26;36;35;38;34;38;35;39;31;27;25;33;20;24;33;27;35;31;37;44;29;47;64;53;77;59;62;63;74;73;81;89;73;68;57;68;69;56;64;55;63;66;43;65;61;49;61;62;63;48;76;34;45;33;49;65;55;62;70;56;40;39;38;43;27;28;27;14;22;15;13;20;12;9;6;2;3;0;1;1;0;1;1;0
032002;Monrupino;4;2;3;5;3;4;3;7;5;3;6;2;6;1;4;4;4;5;5;1;0;4;3;5;5;1;4;2;2;5;6;7;1;5;1;4;4;7;9;5;4;5;9;8;11;6;9;6;9;8;8;6;9;8;6;6;5;10;4;8;6;8;5;5;13;7;5;10;4;6;4;3;2;7;6;4;3;4;5;5;4;1;2;2;0;1;0;3;0;0;3;0;0;0;1;0;0;0;0;0;0
032003;Muggia;32;40;40;36;35;59;50;49;48;58;57;44;46;38;60;55;54;56;52;43;48;59;37;69;50;51;38;47;36;51;43;46;55;32;61;47;73;66;84;97;92;93;119;104;111;88;98;98;107;115;110;107;100;86;102;77;93;104;88;91;86;88;87;95;109;103;118;100;69;94;108;109;79;102;95;73;89;68;66;44;57;65;44;53;36;37;25;14;11;17;14;9;10;4;2;0;0;2;1;0;0
032004;San Dorligo della Valle-Dolina;18;20;26;24;17;27;21;22;25;30;28;19;26;17;28;28;25;17;22;15;23;23;16;32;16;18;30;25;18;21;27;31;24;13;31;31;23;49;30;46;52;39;51;45;58;40;48;60;43;42;42;42;57;41;46;53;48;35;43;32;42;50;32;35;57;48;53;46;25;33;33;34;47;37;38;34;32;37;24;33;24;17;12;27;16;11;7;8;3;6;11;5;1;1;2;0;0;0;1;0;0
032005;Sgonico;5;10;5;13;4;10;7;10;5;9;11;3;6;12;8;4;10;12;11;14;8;4;13;11;7;6;4;6;11;13;6;6;12;13;10;10;17;14;10;15;22;10;9;13;11;14;16;18;11;14;13;10;14;15;24;18;24;17;15;14;12;12;18;16;24;19;26;24;11;9;11;24;13;13;11;18;16;9;11;6;5;6;2;7;3;2;7;2;3;3;1;2;2;1;1;1;0;0;0;0;0
032006;Trieste;640;655;703;675;680;728;711;667;712;750;711;705;705;745;700;670;706;681;678;693;709;794;757;716;790;756;724;756;754;734;835;794;800;827;839;984;1014;1150;1136;1318;1333;1492;1389;1418;1400;1420;1421;1499;1524;1602;1526;1404;1423;1347;1315;1233;1220;1285;1190;1180;1054;1098;1152;1190;1179;1358;1340;1397;974;1125;1164;1160;1194;1303;1215;1183;1042;886;922;809;711;673;640;664;513;427;395;343;291;245;243;179;155;100;50;20;12;17;10;6;18
;Totale;724;750;805;786;771;860;827;790;830;884;850;805;822;851;842;794;846;797;804;801;826;918;864;868;907;863;827;861;854;844;941;917;919;925;973;1113;1175;1315;1316;1545;1556;1716;1636;1650;1654;1642;1665;1762;1783;1854;1767;1626;1671;1566;1549;1451;1445;1514;1406;1368;1265;1317;1343;1402;1444;1598;1590;1653;1117;1312;1353;1379;1400;1517;1427;1382;1238;1044;1067;935;844;789;728;780;582;500;449;383;328;283;281;201;170;109;56;22;13;19;13;7;18
Territorio/Età;;0;1;2;3;4;5;6;7;8;9;10;11;12;13;14;15;16;17;18;19;20;21;22;23;24;25;26;27;28;29;30;31;32;33;34;35;36;37;38;39;40;41;42;43;44;45;46;47;48;49;50;51;52;53;54;55;56;57;58;59;60;61;62;63;64;65;66;67;68;69;70;71;72;73;74;75;76;77;78;79;80;81;82;83;84;85;86;87;88;89;90;91;92;93;94;95;96;97;98;99;100
Codice comune;Comune;Femmine
032001;Duino-Aurisina;17;32;28;26;21;31;42;43;27;35;34;36;43;43;28;19;38;47;47;33;38;36;40;28;25;32;21;21;18;16;19;40;26;23;41;33;42;44;44;47;61;72;69;53;64;65;67;67;91;72;66;74;62;60;58;42;74;48;72;61;63;49;53;69;56;48;65;69;52;52;61;69;63;79;74;71;58;66;74;44;36;38;40;48;37;34;35;32;25;28;25;16;23;15;5;4;3;4;4;4;7
032002;Monrupino;3;1;3;6;9;4;3;6;2;3;5;4;5;6;2;1;6;4;4;4;5;3;6;4;3;4;0;1;7;5;4;2;2;2;4;4;0;3;6;5;6;5;5;6;14;10;6;6;5;5;5;8;8;7;6;3;5;8;9;5;3;7;6;9;5;7;9;4;4;8;2;4;8;4;9;5;4;2;7;6;5;1;6;3;3;1;4;0;0;1;3;3;3;2;0;0;0;0;0;0;0
032003;Muggia;30;41;39;46;41;40;48;64;44;52;41;51;37;42;43;45;47;45;56;46;49;46;54;58;58;37;50;33;43;32;45;39;45;46;42;58;70;68;83;88;88;95;110;107;88;93;119;123;109;95;97;72;96;87;85;84;85;109;82;97;88;108;118;107;113;143;117;117;77;113;105;82;114;105;105;92;103;92;85;78;65;65;81;79;61;41;31;50;27;38;35;26;21;21;10;3;3;2;2;3;2
032004;San Dorligo della Valle-Dolina;24;19;28;24;22;21;24;29;20;28;29;28;22;28;22;25;19;22;27;18;29;21;18;19;21;15;18;25;18;23;19;15;17;30;23;29;33;34;32;48;43;48;37;53;43;54;41;42;51;51;53;48;41;49;50;43;45;37;31;37;48;53;34;44;47;47;48;48;29;29;33;29;39;41;45;42;34;39;49;26;25;33;25;29;32;15;18;24;14;20;12;9;9;5;5;0;2;1;3;1;1
032005;Sgonico;6;8;10;8;7;6;18;11;5;8;10;10;8;6;5;10;4;9;3;8;8;5;6;8;11;9;12;8;8;5;8;7;16;5;6;4;10;13;13;16;13;15;11;23;9;15;17;19;17;17;11;21;14;9;15;15;21;18;21;16;13;22;16;18;27;19;25;24;18;11;20;9;22;12;11;11;13;5;12;7;7;8;11;8;10;7;5;6;5;2;1;2;2;1;1;0;0;0;0;0;0
032006;Trieste;532;629;562;643;646;621;654;662;641;672;661;638;693;693;677;672;643;679;624;695;647;728;697;773;669;702;691;678;744;763;740;726;734;819;838;950;981;1153;1221;1291;1388;1400;1480;1446;1399;1404;1464;1552;1604;1597;1464;1432;1351;1326;1339;1343;1313;1260;1248;1190;1219;1223;1248;1448;1353;1519;1629;1598;1138;1414;1374;1420;1511;1659;1519;1542;1400;1291;1273;1199;1204;1117;1106;1104;1000;857;818;912;772;665;582;614;537;443;229;96;93;50;58;54;121
;Totale;612;730;670;753;746;723;789;815;739;798;780;767;808;818;777;772;757;806;761;804;776;839;821;890;787;799;792;766;838;844;835;829;840;925;954;1078;1136;1315;1399;1495;1599;1635;1712;1688;1617;1641;1714;1809;1877;1837;1696;1655;1572;1538;1553;1530;1543;1480;1463;1406;1434;1462;1475;1695;1601;1783;1893;1860;1318;1627;1595;1613;1757;1900;1763;1763;1612;1495;1500;1360;1342;1262;1269;1271;1143;955;911;1024;843;754;658;670;595;487;250;103;101;57;67;62;131

"Ricostruzione della popolazione intercensuaria - Popolazione al 1° gennaio per età"
"Cittadinanza italiana - Anno: 2015 - Provincia: Trieste"
Territorio/Età;;0;1;2;3;4;5;6;7;8;9;10;11;12;13;14;15;16;17;18;19;20;21;22;23;24;25;26;27;28;29;30;31;32;33;34;35;36;37;38;39;40;41;42;43;44;45;46;47;48;49;50;51;52;53;54;55;56;57;58;59;60;61;62;63;64;65;66;67;68;69;70;71;72;73;74;75;76;77;78;79;80;81;82;83;84;85;86;87;88;89;90;91;92;93;94;95;96;97;98;99;100
Codice comune;Comune;Totale
032001;Duino-Aurisina;46;43;55;52;59;50;63;79;78;63;68;73;69;74;79;69;52;85;76;80;71;75;69;76;63;63;59;48;46;50;41;41;72;50;58;75;69;91;78;96;115;108;149;127;118;129;141;142;151;181;148;132;130;131;130;117;106;128;109;138;106;123;109;103;134;121;114;112;144;86;95;93;116;126;137;135;136;111;103;106;77;75;64;57;79;49;50;48;40;39;31;30;20;23;17;4;4;2;2;5;7
032002;Monrupino;3;7;3;5;12;11;9;7;12;7;6;11;6;11;6;6;5;9;7;9;5;5;7;8;9;8;5;3;2;7;10;9;9;3;7;5;9;5;10;14;9;9;11;13;14;22;16;14;12;14;13;13;12;17;15;12;9;10;18;13;12;9;15;10;14;18;14;14;15;7;13;6;7;10;11;13;9;8;6;11;9;8;1;8;6;3;2;4;1;0;2;6;3;3;3;1;0;0;0;0;0
032003;Muggia;55;67;83;85;89;79;99;105;109;97;115;99;100;87;82;105;97;106;104;109;89;98;101;88;119;106;86;81;80;73;75;88;85;103;80;113;110;143;144;164;189;187;187;230;213;201;183;222;219;221;208;204;180;195;175;188;162;180;216;168;186;180;194;204;199;219;246;234;213;144;205;203;187;192;199;198;162;194;153;141;119;119;124;119;123;86;75;49;60;33;48;40;34;27;18;10;1;3;4;2;3
032004;San Dorligo della Valle-Dolina;35;45;42;53;49;38;47;43;53;45;56;55;46;47;46;48;54;44;38;49;33;53;45;33;50;36;30;47;46;38;39;41;44;45;49;55;59;50;86;64;98;98;85;82;96;97;91;86;101;93;94;98;87;96;92;96;96;90;70;74;70;87;99;63;77;105;95;98;92;53;64;65;57;86;74;80;74;63;75;71;57;43;48;33;54;47;23;22;28;18;22;17;10;6;5;6;0;2;1;1;1
032005;Sgonico;13;10;18;15;20;11;18;23;22;11;17;22;13;14;18;12;15;15;21;13;21;17;9;18;19;17;14;17;16;19;18;14;12;24;17;16;14;26;28;24;28;32;25;22;35;19;25;33;36;29;32;24;31;28;24;38;33;44;35;33;29;25;34;34;34;51;37;50;48;29;20;31;33;33;21;22;28;28;10;23;13;9;13;12;14;10;9;10;7;8;6;2;3;3;0;1;0;0;0;0;0
032006;Trieste;1209;1162;1280;1264;1325;1341;1366;1378;1341;1362;1438;1379;1352;1414;1460;1393;1341;1360;1370;1313;1400;1377;1542;1477;1505;1484;1519;1431;1472;1515;1521;1581;1551;1541;1688;1670;1945;2002;2292;2372;2628;2746;2903;2883;2870;2808;2832;2901;3068;3139;3207;2994;2855;2778;2672;2663;2563;2540;2549;2427;2370;2268;2326;2380;2626;2509;2850;2942;2964;2077;2505;2521;2540;2647;2894;2670;2631;2377;2122;2132;1943;1833;1697;1652;1661;1418;1191;1109;1138;925;791;703;681;569;432;221;96;75;45;46;146
;Totale;1361;1334;1481;1474;1554;1530;1602;1635;1615;1585;1700;1639;1586;1647;1691;1633;1564;1619;1616;1573;1619;1625;1773;1700;1765;1714;1713;1627;1662;1702;1704;1774;1773;1766;1899;1934;2206;2317;2638;2734;3067;3180;3360;3357;3346;3276;3288;3398;3587;3677;3702;3465;3295;3245;3108;3114;2969;2992;2997;2853;2773;2692;2777;2794;3084;3023;3356;3450;3476;2396;2902;2919;2940;3094;3336;3118;3040;2781;2469;2484;2218;2087;1947;1881;1937;1613;1350;1242;1274;1023;900;798;751;631;475;243;101;82;52;54;157
Territorio/Età;;0;1;2;3;4;5;6;7;8;9;10;11;12;13;14;15;16;17;18;19;20;21;22;23;24;25;26;27;28;29;30;31;32;33;34;35;36;37;38;39;40;41;42;43;44;45;46;47;48;49;50;51;52;53;54;55;56;57;58;59;60;61;62;63;64;65;66;67;68;69;70;71;72;73;74;75;76;77;78;79;80;81;82;83;84;85;86;87;88;89;90;91;92;93;94;95;96;97;98;99;100
Codice comune;Comune;Maschi
032001;Duino-Aurisina;27;26;22;26;33;31;32;36;35;35;33;39;33;32;37;41;33;47;29;36;36;37;34;35;36;39;31;27;24;33;21;22;32;24;34;31;34;45;32;51;66;50;76;61;63;64;75;74;84;91;75;68;56;66;69;59;64;53;62;66;44;63;61;49;63;63;64;48;74;34;44;34;48;64;58;61;66;54;40;36;35;38;27;22;26;12;17;14;12;16;9;8;6;2;3;0;0;1;0;1;1
032002;Monrupino;1;4;2;3;6;3;4;4;6;5;3;6;2;6;0;4;4;3;3;5;1;0;4;3;5;5;1;3;1;2;5;5;7;1;5;1;4;5;7;8;4;4;5;8;8;10;6;8;6;9;8;8;5;9;8;5;6;5;10;4;7;6;8;4;5;13;7;5;10;3;6;4;3;2;7;4;4;3;4;5;4;3;0;2;2;0;1;0;1;0;1;2;0;0;0;1;0;0;0;0;0
032003;Muggia;28;34;42;42;38;37;58;53;46;50;63;59;47;47;38;61;54;55;57;52;45;47;55;37;65;47;52;32;45;33;45;43;46;57;33;66;52;73;70;78;98;96;90;118;105;115;86;102;98;109;115;111;109;98;86;103;79;94;104;86;90;90;88;89;95;109;102;114;96;68;91;100;106;78;95;95;71;89;61;61;41;56;62;40;47;29;34;21;11;8;16;12;7;10;4;2;0;0;2;1;0
032004;San Dorligo della Valle-Dolina;10;19;21;28;25;16;29;21;23;26;28;27;20;25;18;25;29;26;17;23;16;25;24;15;32;15;16;27;24;20;19;22;31;23;17;32;35;20;51;31;45;54;40;46;45;56;40;46;59;42;41;44;42;57;43;47;53;45;34;42;31;41;49;30;34;58;49;50;44;24;34;33;28;47;35;36;33;31;36;23;32;21;15;11;24;15;10;6;7;2;6;6;4;1;1;2;0;0;1;0;0
032005;Sgonico;7;3;10;4;13;4;11;5;11;7;9;12;3;6;12;7;4;10;12;11;13;9;4;12;12;7;5;5;7;12;12;6;6;12;12;10;9;15;14;12;12;21;10;9;13;10;12;16;17;11;15;13;10;14;15;23;19;24;17;15;14;12;12;19;16;24;19;26;24;11;9;11;24;13;10;11;18;15;6;11;6;4;5;2;6;3;2;6;2;3;4;1;2;2;0;1;0;0;0;0;0
032006;Trieste;627;634;651;696;683;683;734;715;671;710;760;714;710;714;757;712;664;709;682;678;694;715;804;768;720;798;782;732;777;772;753;845;808;797;852;830;983;1016;1141;1140;1329;1348;1511;1401;1420;1405;1421;1428;1505;1526;1609;1528;1414;1426;1344;1327;1222;1227;1290;1183;1174;1050;1099;1137;1183;1165;1348;1329;1383;957;1098;1152;1133;1163;1259;1175;1133;1007;859;892;778;677;625;594;614;476;388;347;311;243;202;195;146;115;78;37;17;8;10;6;18
;Totale;700;720;748;799;798;774;868;834;792;833;896;857;815;830;862;850;788;850;800;805;805;833;925;870;870;911;887;826;878;872;855;943;930;914;953;970;1117;1174;1315;1320;1554;1573;1732;1643;1654;1660;1640;1674;1769;1788;1863;1772;1636;1670;1565;1564;1443;1448;1517;1396;1360;1262;1317;1328;1396;1432;1589;1572;1631;1097;1282;1334;1342;1367;1464;1382;1325;1199;1006;1028;896;799;734;671;719;535;452;394;344;272;238;224;165;130;86;43;17;9;13;8;19
Territorio/Età;;0;1;2;3;4;5;6;7;8;9;10;11;12;13;14;15;16;17;18;19;20;21;22;23;24;25;26;27;28;29;30;31;32;33;34;35;36;37;38;39;40;41;42;43;44;45;46;47;48;49;50;51;52;53;54;55;56;57;58;59;60;61;62;63;64;65;66;67;68;69;70;71;72;73;74;75;76;77;78;79;80;81;82;83;84;85;86;87;88;89;90;91;92;93;94;95;96;97;98;99;100
Codice comune;Comune;Femmine
032001;Duino-Aurisina;19;17;33;26;26;19;31;43;43;28;35;34;36;42;42;28;19;38;47;44;35;38;35;41;27;24;28;21;22;17;20;19;40;26;24;44;35;46;46;45;49;58;73;66;55;65;66;68;67;90;73;64;74;65;61;58;42;75;47;72;62;60;48;54;71;58;50;64;70;52;51;59;68;62;79;74;70;57;63;70;42;37;37;35;53;37;33;34;28;23;22;22;14;21;14;4;4;1;2;4;6
032002;Monrupino;2;3;1;2;6;8;5;3;6;2;3;5;4;5;6;2;1;6;4;4;4;5;3;5;4;3;4;0;1;5;5;4;2;2;2;4;5;0;3;6;5;5;6;5;6;12;10;6;6;5;5;5;7;8;7;7;3;5;8;9;5;3;7;6;9;5;7;9;5;4;7;2;4;8;4;9;5;5;2;6;5;5;1;6;4;3;1;4;0;0;1;4;3;3;3;0;0;0;0;0;0
032003;Muggia;27;33;41;43;51;42;41;52;63;47;52;40;53;40;44;44;43;51;47;57;44;51;46;51;54;59;34;49;35;40;30;45;39;46;47;47;58;70;74;86;91;91;97;112;108;86;97;120;121;112;93;93;71;97;89;85;83;86;112;82;96;90;106;115;104;110;144;120;117;76;114;103;81;114;104;103;91;105;92;80;78;63;62;79;76;57;41;28;49;25;32;28;27;17;14;8;1;3;2;1;3
032004;San Dorligo della Valle-Dolina;25;26;21;25;24;22;18;22;30;19;28;28;26;22;28;23;25;18;21;26;17;28;21;18;18;21;14;20;22;18;20;19;13;22;32;23;24;30;35;33;53;44;45;36;51;41;51;40;42;51;53;54;45;39;49;49;43;45;36;32;39;46;50;33;43;47;46;48;48;29;30;32;29;39;39;44;41;32;39;48;25;22;33;22;30;32;13;16;21;16;16;11;6;5;4;4;0;2;0;1;1
032005;Sgonico;6;7;8;11;7;7;7;18;11;4;8;10;10;8;6;5;11;5;9;2;8;8;5;6;7;10;9;12;9;7;6;8;6;12;5;6;5;11;14;12;16;11;15;13;22;9;13;17;19;18;17;11;21;14;9;15;14;20;18;18;15;13;22;15;18;27;18;24;24;18;11;20;9;20;11;11;10;13;4;12;7;5;8;10;8;7;7;4;5;5;2;1;1;1;0;0;0;0;0;0;0
032006;Trieste;582;528;629;568;642;658;632;663;670;652;678;665;642;700;703;681;677;651;688;635;706;662;738;709;785;686;737;699;695;743;768;736;743;744;836;840;962;986;1151;1232;1299;1398;1392;1482;1450;1403;1411;1473;1563;1613;1598;1466;1441;1352;1328;1336;1341;1313;1259;1244;1196;1218;1227;1243;1443;1344;1502;1613;1581;1120;1407;1369;1407;1484;1635;1495;1498;1370;1263;1240;1165;1156;1072;1058;1047;942;803;762;827;682;589;508;535;454;354;184;79;67;35;40;128
;Totale;661;614;733;675;756;756;734;801;823;752;804;782;771;817;829;783;776;769;816;768;814;792;848;830;895;803;826;801;784;830;849;831;843;852;946;964;1089;1143;1323;1414;1513;1607;1628;1714;1692;1616;1648;1724;1818;1889;1839;1693;1659;1575;1543;1550;1526;1544;1480;1457;1413;1430;1460;1466;1688;1591;1767;1878;1845;1299;1620;1585;1598;1727;1872;1736;1715;1582;1463;1456;1322;1288;1213;1210;1218;1078;898;848;930;751;662;574;586;501;389;200;84;73;39;46;138

"Ricostruzione della popolazione intercensuaria - Popolazione al 1° gennaio per età"
"Cittadinanza italiana - Anno: 2016 - Provincia: Trieste"
Territorio/Età;;0;1;2;3;4;5;6;7;8;9;10;11;12;13;14;15;16;17;18;19;20;21;22;23;24;25;26;27;28;29;30;31;32;33;34;35;36;37;38;39;40;41;42;43;44;45;46;47;48;49;50;51;52;53;54;55;56;57;58;59;60;61;62;63;64;65;66;67;68;69;70;71;72;73;74;75;76;77;78;79;80;81;82;83;84;85;86;87;88;89;90;91;92;93;94;95;96;97;98;99;100
Codice comune;Comune;Totale
032001;Duino-Aurisina;37;51;46;54;51;64;53;62;78;82;64;73;69;67;75;78;68;52;88;76;72;70;72;68;77;63;61;52;40;46;49;38;40;74;52;59;75;69;91;80;100;118;110;151;134;112;128;144;142;153;181;147;131;132;132;133;123;101;125;110;133;107;122;106;100;126;120;113;115;140;81;92;91;116;121;132;131;133;111;105;104;75;66;62;54;73;48;46;42;41;30;28;25;16;20;15;4;4;0;0;9
032002;Monrupino;7;2;8;4;5;12;11;9;7;12;8;7;11;6;12;7;6;5;10;7;9;5;5;7;8;9;8;5;5;1;10;11;8;8;3;6;6;9;5;12;14;8;9;11;13;15;21;17;14;12;14;13;13;12;15;14;12;9;10;18;13;11;9;15;9;14;19;14;14;13;8;14;6;9;9;11;14;10;7;6;10;9;8;1;8;6;3;6;6;2;2;2;7;3;3;4;1;0;1;0;0
032003;Muggia;48;64;71;86;85;89;81;102;106;108;94;111;100;99;88;83;104;100;108;102;105;93;98;102;87;114;105;86;75;81;73;76;87;89;97;85;115;113;142;142;161;186;189;190;231;217;196;190;223;218;219;204;206;180;194;175;182;161;182;210;171;186;183;191;206;198;216;246;234;212;143;202;198;185;188;190;195;157;195;152;129;119;112;117;114;117;77;69;47;54;32;44;30;24;23;15;7;0;3;4;3
032004;San Dorligo della Valle-Dolina;27;35;47;47;54;52;39;48;44;52;48;56;54;47;47;46;49;55;45;37;50;35;52;40;32;49;38;31;44;43;32;33;44;46;48;56;54;59;52;89;66;100;96;87;87;95;101;90;82;102;94;94;96;91;97;88;95;94;90;71;73;69;84;99;62;76;104;92;96;91;52;65;66;56;86;73;79;72;62;73;68;54;40;45;31;50;37;19;21;27;15;18;12;10;8;5;5;0;2;1;1
032005;Sgonico;11;13;13;16;15;20;10;14;23;22;9;16;22;13;14;18;12;15;16;21;12;21;17;8;19;18;16;14;18;17;20;20;14;13;24;15;17;14;27;29;22;29;31;26;21;34;20;28;33;39;31;32;24;31;28;24;40;33;42;36;33;29;25;32;31;32;51;37;48;48;29;20;29;32;32;16;21;25;27;11;22;13;9;13;12;13;10;9;7;5;7;7;1;1;1;0;1;0;0;0;0
032006;Trieste;1124;1205;1176;1274;1290;1334;1359;1384;1397;1356;1375;1454;1384;1377;1424;1466;1413;1350;1368;1380;1329;1414;1402;1558;1500;1540;1494;1586;1484;1486;1561;1550;1591;1567;1561;1698;1683;1962;2014;2309;2398;2649;2750;2904;2879;2901;2831;2840;2924;3082;3148;3222;3000;2856;2785;2673;2660;2574;2529;2529;2426;2385;2265;2320;2355;2616;2486;2827;2903;2937;2059;2470;2489;2515;2612;2832;2608;2545;2305;2023;2066;1842;1730;1597;1523;1534;1297;1078;985;998;822;668;563;529;449;333;159;65;53;25;104
;Totale;1254;1370;1361;1481;1500;1571;1553;1619;1655;1632;1598;1717;1640;1609;1660;1698;1652;1577;1635;1623;1577;1638;1646;1783;1723;1793;1722;1774;1666;1674;1745;1728;1784;1797;1785;1919;1950;2226;2331;2661;2761;3090;3185;3369;3365;3374;3297;3309;3418;3606;3687;3712;3470;3302;3251;3107;3112;2972;2978;2974;2849;2787;2688;2763;2763;3062;2996;3329;3410;3441;2372;2863;2879;2913;3048;3254;3048;2942;2707;2370;2399;2112;1965;1835;1742;1793;1472;1227;1108;1127;908;767;638;583;504;372;177;69;59;30;117
Territorio/Età;;0;1;2;3;4;5;6;7;8;9;10;11;12;13;14;15;16;17;18;19;20;21;22;23;24;25;26;27;28;29;30;31;32;33;34;35;36;37;38;39;40;41;42;43;44;45;46;47;48;49;50;51;52;53;54;55;56;57;58;59;60;61;62;63;64;65;66;67;68;69;70;71;72;73;74;75;76;77;78;79;80;81;82;83;84;85;86;87;88;89;90;91;92;93;94;95;96;97;98;99;100
Codice comune;Comune;Maschi
032001;Duino-Aurisina;16;29;29;21;27;37;31;32;36;36;35;33;36;32;32;37;41;33;47;29;33;37;36;34;36;35;37;27;23;24;32;17;19;33;27;36;31;32;46;32;54;67;51;79;64;59;63;77;74;87;91;74;64;57;67;71;63;60;51;62;64;44;62;59;48;58;63;62;50;72;33;42;34;48;61;54;58;64;52;40;37;34;33;24;22;23;12;16;13;11;15;6;6;4;2;2;0;0;0;0;2
032002;Monrupino;6;1;5;3;3;6;3;4;4;6;5;5;6;2;6;0;4;4;3;3;5;1;0;4;3;5;5;1;3;1;2;6;5;6;1;4;1;4;5;9;8;4;4;5;8;8;9;7;8;6;9;8;8;5;7;8;5;6;5;10;4;6;6;8;4;5;14;7;5;8;4;6;4;3;1;7;4;4;3;4;4;4;4;0;2;2;0;2;0;1;0;0;1;0;0;0;1;0;0;0;0
032003;Muggia;27;32;32;43;42;36;40;59;53;46;48;61;60;47;47;39;62;56;56;58;52;48;48;55;39;63;50;51;29;45;34;44;43;46;52;32;68;57;72;70;77;95;94;94;120;105;111;92;104;97;107;112;112;107;98;85;99;78;96;103;89;91;89;86;90;94;107;99;115;94;68;88;97;104;75;91;91;66;89;62;50;42;53;59;35;44;28;30;18;7;7;14;9;3;8;3;1;0;0;2;0
032004;San Dorligo della Valle-Dolina;11;10;20;23;25;28;17;29;22;23;25;28;27;21;26;18;25;29;27;16;23;15;24;24;16;28;16;14;27;22;15;18;24;30;24;20;32;36;21;53;31;47;52;40;50;44;60;40;42;61;43;42;42;45;57;43;45;51;45;33;41;32;41;49;29;33;58;46;48;43;24;35;34;27;47;35;35;32;31;34;21;29;19;15;10;22;14;7;5;7;1;5;3;4;1;1;2;0;0;1;0
032005;Sgonico;7;6;4;10;4;12;3;10;5;11;7;8;12;3;6;12;7;4;11;12;10;13;9;4;12;12;7;6;5;7;13;12;5;7;11;10;11;9;15;15;12;12;20;11;8;12;11;15;16;17;12;16;13;10;14;15;25;19;24;16;15;14;13;10;16;14;24;19;24;24;11;9;10;23;13;9;9;15;14;7;11;6;4;5;2;6;3;2;4;2;2;4;1;1;0;0;1;0;0;0;0
032006;Trieste;606;627;641;648;710;693;695;737;721;674;716;770;713;717;716;754;723;671;713;691;685;701;726;808;778;737;799;810;764;789;801;761;844;815;816;857;836;986;1021;1141;1157;1340;1351;1501;1395;1440;1423;1421;1441;1511;1529;1616;1531;1415;1430;1344;1325;1224;1212;1276;1182;1183;1056;1090;1112;1178;1149;1333;1301;1368;949;1078;1128;1118;1139;1219;1139;1087;967;811;857;718;629;581;536;554;421;356;294;269;209;161;149;109;83;54;29;7;7;6;14
;Totale;673;705;731;748;811;812;789;871;841;796;836;905;854;822;833;860;862;797;857;809;808;815;843;929;884;880;914;909;851;888;897;858;940;937;931;959;979;1124;1180;1320;1339;1565;1572;1730;1645;1668;1677;1652;1685;1779;1791;1868;1770;1639;1673;1566;1562;1438;1433;1500;1395;1370;1267;1302;1299;1382;1415;1566;1543;1609;1089;1258;1307;1323;1336;1415;1336;1268;1156;958;980;833;742;684;607;651;478;413;334;297;234;190;169;121;94;60;34;7;7;9;16
Territorio/Età;;0;1;2;3;4;5;6;7;8;9;10;11;12;13;14;15;16;17;18;19;20;21;22;23;24;25;26;27;28;29;30;31;32;33;34;35;36;37;38;39;40;41;42;43;44;45;46;47;48;49;50;51;52;53;54;55;56;57;58;59;60;61;62;63;64;65;66;67;68;69;70;71;72;73;74;75;76;77;78;79;80;81;82;83;84;85;86;87;88;89;90;91;92;93;94;95;96;97;98;99;100
Codice comune;Comune;Femmine
032001;Duino-Aurisina;21;22;17;33;24;27;22;30;42;46;29;40;33;35;43;41;27;19;41;47;39;33;36;34;41;28;24;25;17;22;17;21;21;41;25;23;44;37;45;48;46;51;59;72;70;53;65;67;68;66;90;73;67;75;65;62;60;41;74;48;69;63;60;47;52;68;57;51;65;68;48;50;57;68;60;78;73;69;59;65;67;41;33;38;32;50;36;30;29;30;15;22;19;12;18;13;4;4;0;0;7
032002;Monrupino;1;1;3;1;2;6;8;5;3;6;3;2;5;4;6;7;2;1;7;4;4;4;5;3;5;4;3;4;2;0;8;5;3;2;2;2;5;5;0;3;6;4;5;6;5;7;12;10;6;6;5;5;5;7;8;6;7;3;5;8;9;5;3;7;5;9;5;7;9;5;4;8;2;6;8;4;10;6;4;2;6;5;4;1;6;4;3;4;6;1;2;2;6;3;3;4;0;0;1;0;0
032003;Muggia;21;32;39;43;43;53;41;43;53;62;46;50;40;52;41;44;42;44;52;44;53;45;50;47;48;51;55;35;46;36;39;32;44;43;45;53;47;56;70;72;84;91;95;96;111;112;85;98;119;121;112;92;94;73;96;90;83;83;86;107;82;95;94;105;116;104;109;147;119;118;75;114;101;81;113;99;104;91;106;90;79;77;59;58;79;73;49;39;29;47;25;30;21;21;15;12;6;0;3;2;3
032004;San Dorligo della Valle-Dolina;16;25;27;24;29;24;22;19;22;29;23;28;27;26;21;28;24;26;18;21;27;20;28;16;16;21;22;17;17;21;17;15;20;16;24;36;22;23;31;36;35;53;44;47;37;51;41;50;40;41;51;52;54;46;40;45;50;43;45;38;32;37;43;50;33;43;46;46;48;48;28;30;32;29;39;38;44;40;31;39;47;25;21;30;21;28;23;12;16;20;14;13;9;6;7;4;3;0;2;0;1
032005;Sgonico;4;7;9;6;11;8;7;4;18;11;2;8;10;10;8;6;5;11;5;9;2;8;8;4;7;6;9;8;13;10;7;8;9;6;13;5;6;5;12;14;10;17;11;15;13;22;9;13;17;22;19;16;11;21;14;9;15;14;18;20;18;15;12;22;15;18;27;18;24;24;18;11;19;9;19;7;12;10;13;4;11;7;5;8;10;7;7;7;3;3;5;3;0;0;1;0;0;0;0;0;0
032006;Trieste;518;578;535;626;580;641;664;647;676;682;659;684;671;660;708;712;690;679;655;689;644;713;676;750;722;803;695;776;720;697;760;789;747;752;745;841;847;976;993;1168;1241;1309;1399;1403;1484;1461;1408;1419;1483;1571;1619;1606;1469;1441;1355;1329;1335;1350;1317;1253;1244;1202;1209;1230;1243;1438;1337;1494;1602;1569;1110;1392;1361;1397;1473;1613;1469;1458;1338;1212;1209;1124;1101;1016;987;980;876;722;691;729;613;507;414;420;366;279;130;58;46;19;90
;Totale;581;665;630;733;689;759;764;748;814;836;762;812;786;787;827;838;790;780;778;814;769;823;803;854;839;913;808;865;815;786;848;870;844;860;854;960;971;1102;1151;1341;1422;1525;1613;1639;1720;1706;1620;1657;1733;1827;1896;1844;1700;1663;1578;1541;1550;1534;1545;1474;1454;1417;1421;1461;1464;1680;1581;1763;1867;1832;1283;1605;1572;1590;1712;1839;1712;1674;1551;1412;1419;1279;1223;1151;1135;1142;994;814;774;830;674;577;469;462;410;312;143;62;52;21;101

"Ricostruzione della popolazione intercensuaria - Popolazione al 1° gennaio per età"
"Cittadinanza italiana - Anno: 2017 - Provincia: Trieste"
Territorio/Età;;0;1;2;3;4;5;6;7;8;9;10;11;12;13;14;15;16;17;18;19;20;21;22;23;24;25;26;27;28;29;30;31;32;33;34;35;36;37;38;39;40;41;42;43;44;45;46;47;48;49;50;51;52;53;54;55;56;57;58;59;60;61;62;63;64;65;66;67;68;69;70;71;72;73;74;75;76;77;78;79;80;81;82;83;84;85;86;87;88;89;90;91;92;93;94;95;96;97;98;99;100
Codice comune;Comune;Totale
032001;Duino-Aurisina;44;36;52;48;56;50;63;56;61;77;81;66;77;68;69;79;78;67;52;90;73;71;67;76;68;72;60;59;51;42;47;54;39;41;73;48;57;75;72;89;83;100;117;118;152;134;114;129;144;145;156;180;150;131;135;136;136;126;102;126;112;136;107;126;108;98;126;120;114;116;139;78;91;91;110;122;128;130;132;109;99;102;78;65;56;53;71;46;41;39;35;28;19;17;13;12;11;3;3;0;6
032002;Monrupino;5;7;2;8;4;5;10;11;9;7;12;8;7;11;6;12;7;6;6;10;7;9;5;5;7;8;9;7;7;5;2;10;11;8;8;3;6;5;9;5;13;13;8;8;10;15;13;19;16;14;12;14;13;13;12;14;14;12;9;9;18;14;11;9;15;9;14;19;13;14;13;8;14;6;8;8;11;13;10;7;6;10;9;7;2;8;5;4;4;5;2;2;4;7;3;3;4;1;1;1;0
032003;Muggia;63;57;71;77;97;85;92;82;106;102;104;94;111;100;100;89;87;103;102;108;101;105;88;94;107;85;114;107;80;80;82;68;78;92;90;98;88;118;118;146;143;162;191;193;196;230;219;198;191;232;218;221;207;207;185;193;176;187;163;181;210;168;186;178;188;205;192;213;242;230;209;141;198;195;183;181;187;190;150;179;150;126;108;107;107;110;108;73;60;45;49;33;35;23;22;16;12;6;1;2;5
032004;San Dorligo della Valle-Dolina;27;26;42;45;48;55;50;40;49;49;53;48;56;57;47;47;46;47;55;43;38;53;39;52;38;34;45;37;30;44;52;33;39;40;49;44;56;55;54;54;92;68;102;97;91;87;96;100;91;83;103;93;89;98;91;96;89;96;93;89;71;75;71;82;100;60;76;102;94;95;94;52;65;66;55;87;73;76;66;61;72;63;52;40;46;29;47;36;15;19;23;14;17;8;6;4;5;3;0;1;1
032005;Sgonico;9;11;13;15;18;16;20;11;15;21;22;9;15;23;14;15;18;14;17;16;20;12;21;16;8;20;17;16;14;18;15;18;19;13;15;25;15;16;15;26;27;22;31;29;24;25;35;21;28;33;39;30;36;25;31;29;24;38;31;40;35;36;29;23;33;32;31;49;35;47;45;29;21;29;29;31;15;22;24;26;10;19;13;6;11;9;13;9;8;7;4;6;6;1;0;1;0;0;0;0;0
032006;Trieste;1107;1139;1208;1176;1286;1313;1355;1374;1406;1425;1382;1385;1466;1400;1397;1433;1481;1428;1384;1381;1407;1355;1438;1441;1574;1536;1589;1555;1624;1526;1527;1600;1579;1637;1596;1600;1733;1687;2005;2030;2340;2424;2674;2761;2927;2909;2917;2849;2860;2917;3081;3174;3224;3008;2862;2782;2689;2655;2580;2532;2514;2411;2374;2262;2315;2348;2602;2473;2780;2876;2903;2023;2431;2437;2482;2565;2769;2540;2479;2232;1963;1978;1742;1635;1490;1425;1412;1184;951;867;859;711;549;470;431;352;272;120;47;36;81
;Totale;1255;1276;1388;1369;1509;1524;1590;1574;1646;1681;1654;1610;1732;1659;1633;1675;1717;1665;1616;1648;1646;1605;1658;1684;1802;1755;1834;1781;1806;1715;1725;1783;1765;1831;1831;1818;1955;1956;2273;2350;2698;2789;3123;3206;3400;3400;3394;3316;3330;3424;3609;3712;3719;3482;3316;3250;3128;3114;2978;2977;2960;2840;2778;2680;2759;2752;3041;2976;3278;3378;3403;2331;2820;2824;2867;2994;3183;2971;2861;2614;2300;2298;2002;1860;1712;1634;1656;1352;1079;982;972;794;630;526;475;388;304;133;52;40;93
Territorio/Età;;0;1;2;3;4;5;6;7;8;9;10;11;12;13;14;15;16;17;18;19;20;21;22;23;24;25;26;27;28;29;30;31;32;33;34;35;36;37;38;39;40;41;42;43;44;45;46;47;48;49;50;51;52;53;54;55;56;57;58;59;60;61;62;63;64;65;66;67;68;69;70;71;72;73;74;75;76;77;78;79;80;81;82;83;84;85;86;87;88;89;90;91;92;93;94;95;96;97;98;99;100
Codice comune;Comune;Maschi
032001;Duino-Aurisina;22;16;31;31;22;25;36;31;30;37;35;35;36;36;33;33;38;41;33;49;28;33;38;39;35;35;34;34;27;25;25;33;18;18;35;22;35;32;33;47;33;55;66;56;80;65;62;64;78;76;88;91;75;63;60;68;72;64;61;52;62;62;44;66;60;48;57;64;61;50;72;32;42;33;45;60;53;58;61;50;37;37;32;33;22;21;19;11;13;11;8;14;3;3;4;1;1;0;0;0;1
032002;Monrupino;1;6;1;5;3;3;4;3;4;4;6;5;5;6;2;6;0;4;5;3;3;5;1;0;4;3;5;4;2;2;2;2;6;5;6;1;5;1;3;5;10;7;4;3;4;8;8;8;6;8;6;9;8;8;5;7;8;5;6;4;9;5;6;6;8;4;5;14;7;5;8;4;6;4;3;1;7;3;4;3;4;4;4;3;0;2;2;0;0;0;1;0;1;1;0;0;0;1;0;0;0
032003;Muggia;37;31;36;36;48;41;37;38;60;49;46;48;62;60;47;47;41;61;56;57;58;51;45;46;58;40;65;50;48;32;44;32;46;45;46;52;33;70;59;72;67;78;96;97;100;116;106;114;94;109;97;111;115;111;112;98;85;102;78;93;104;89;90;85;84;90;92;104;98;112;92;66;87;95;103;69;88;88;65;78;59;46;37;51;51;33;41;28;26;17;3;8;11;8;4;5;3;1;0;0;0
032004;San Dorligo della Valle-Dolina;8;13;14;20;23;26;28;17;30;27;22;25;29;31;21;25;18;25;29;24;17;25;16;24;21;18;28;13;13;28;27;16;23;21;28;21;21;33;32;23;56;30;46;52;45;50;43;59;41;43;59;43;39;46;46;56;44;47;51;45;33;43;35;39;49;27;32;56;47;48;46;24;35;34;27;47;35;34;30;29;33;20;28;18;16;9;22;14;4;4;6;1;5;3;4;0;1;1;0;0;0
032005;Sgonico;1;7;6;7;11;5;12;3;10;5;11;7;8;12;3;6;12;7;5;11;11;9;13;8;4;13;11;7;6;5;6;11;12;5;9;12;9;9;10;13;16;13;13;19;11;9;12;12;15;16;17;13;19;14;10;14;15;24;17;22;16;16;14;11;11;17;14;23;18;24;24;11;10;10;20;13;8;9;15;13;6;9;6;2;5;2;6;3;2;4;1;1;3;1;0;0;0;0;0;0;0
032006;Trieste;595;616;615;637;658;722;698;700;751;731;688;721;774;716;724;728;765;731;690;723;701;700;712;737;814;796;766;838;830;787;818;811;775;870;828;835;868;831;1016;1025;1154;1172;1358;1351;1508;1409;1440;1433;1428;1434;1511;1536;1618;1541;1419;1429;1351;1322;1225;1212;1264;1171;1170;1054;1087;1103;1165;1136;1308;1281;1340;929;1051;1100;1098;1113;1190;1097;1053;920;781;811;677;581;531;500;493;366;308;240;230;172;128;119;88;58;44;16;5;5;14
;Totale;664;689;703;736;765;822;815;792;885;853;808;841;914;861;830;845;874;869;818;867;818;823;825;854;936;905;909;946;926;879;922;905;880;964;952;943;971;976;1153;1185;1336;1355;1583;1578;1748;1657;1671;1690;1662;1686;1778;1803;1874;1783;1652;1672;1575;1564;1438;1428;1488;1386;1359;1261;1299;1289;1365;1397;1539;1520;1582;1066;1231;1276;1296;1303;1381;1289;1228;1093;920;927;784;688;625;567;583;422;353;276;249;196;151;135;100;64;49;19;5;5;15
Territorio/Età;;0;1;2;3;4;5;6;7;8;9;10;11;12;13;14;15;16;17;18;19;20;21;22;23;24;25;26;27;28;29;30;31;32;33;34;35;36;37;38;39;40;41;42;43;44;45;46;47;48;49;50;51;52;53;54;55;56;57;58;59;60;61;62;63;64;65;66;67;68;69;70;71;72;73;74;75;76;77;78;79;80;81;82;83;84;85;86;87;88;89;90;91;92;93;94;95;96;97;98;99;100
Codice comune;Comune;Femmine
032001;Duino-Aurisina;22;20;21;17;34;25;27;25;31;40;46;31;41;32;36;46;40;26;19;41;45;38;29;37;33;37;26;25;24;17;22;21;21;23;38;26;22;43;39;42;50;45;51;62;72;69;52;65;66;69;68;89;75;68;75;68;64;62;41;74;50;74;63;60;48;50;69;56;53;66;67;46;49;58;65;62;75;72;71;59;62;65;46;32;34;32;52;35;28;28;27;14;16;14;9;11;10;3;3;0;5
032002;Monrupino;4;1;1;3;1;2;6;8;5;3;6;3;2;5;4;6;7;2;1;7;4;4;4;5;3;5;4;3;5;3;0;8;5;3;2;2;1;4;6;0;3;6;4;5;6;7;5;11;10;6;6;5;5;5;7;7;6;7;3;5;9;9;5;3;7;5;9;5;6;9;5;4;8;2;5;7;4;10;6;4;2;6;5;4;2;6;3;4;4;5;1;2;3;6;3;3;4;0;1;1;0
032003;Muggia;26;26;35;41;49;44;55;44;46;53;58;46;49;40;53;42;46;42;46;51;43;54;43;48;49;45;49;57;32;48;38;36;32;47;44;46;55;48;59;74;76;84;95;96;96;114;113;84;97;123;121;110;92;96;73;95;91;85;85;88;106;79;96;93;104;115;100;109;144;118;117;75;111;100;80;112;99;102;85;101;91;80;71;56;56;77;67;45;34;28;46;25;24;15;18;11;9;5;1;2;5
032004;San Dorligo della Valle-Dolina;19;13;28;25;25;29;22;23;19;22;31;23;27;26;26;22;28;22;26;19;21;28;23;28;17;16;17;24;17;16;25;17;16;19;21;23;35;22;22;31;36;38;56;45;46;37;53;41;50;40;44;50;50;52;45;40;45;49;42;44;38;32;36;43;51;33;44;46;47;47;48;28;30;32;28;40;38;42;36;32;39;43;24;22;30;20;25;22;11;15;17;13;12;5;2;4;4;2;0;1;1
032005;Sgonico;8;4;7;8;7;11;8;8;5;16;11;2;7;11;11;9;6;7;12;5;9;3;8;8;4;7;6;9;8;13;9;7;7;8;6;13;6;7;5;13;11;9;18;10;13;16;23;9;13;17;22;17;17;11;21;15;9;14;14;18;19;20;15;12;22;15;17;26;17;23;21;18;11;19;9;18;7;13;9;13;4;10;7;4;6;7;7;6;6;3;3;5;3;0;0;1;0;0;0;0;0
032006;Trieste;512;523;593;539;628;591;657;674;655;694;694;664;692;684;673;705;716;697;694;658;706;655;726;704;760;740;823;717;794;739;709;789;804;767;768;765;865;856;989;1005;1186;1252;1316;1410;1419;1500;1477;1416;1432;1483;1570;1638;1606;1467;1443;1353;1338;1333;1355;1320;1250;1240;1204;1208;1228;1245;1437;1337;1472;1595;1563;1094;1380;1337;1384;1452;1579;1443;1426;1312;1182;1167;1065;1054;959;925;919;818;643;627;629;539;421;351;343;294;228;104;42;31;67
;Totale;591;587;685;633;744;702;775;782;761;828;846;769;818;798;803;830;843;796;798;781;828;782;833;830;866;850;925;835;880;836;803;878;885;867;879;875;984;980;1120;1165;1362;1434;1540;1628;1652;1743;1723;1626;1668;1738;1831;1909;1845;1699;1664;1578;1553;1550;1540;1549;1472;1454;1419;1419;1460;1463;1676;1579;1739;1858;1821;1265;1589;1548;1571;1691;1802;1682;1633;1521;1380;1371;1218;1172;1087;1067;1073;930;726;706;723;598;479;391;375;324;255;114;47;35;78

"Ricostruzione della popolazione intercensuaria - Popolazione al 1° gennaio per età"
"Cittadinanza italiana - Anno: 2018 - Provincia: Trieste"
Territorio/Età;;0;1;2;3;4;5;6;7;8;9;10;11;12;13;14;15;16;17;18;19;20;21;22;23;24;25;26;27;28;29;30;31;32;33;34;35;36;37;38;39;40;41;42;43;44;45;46;47;48;49;50;51;52;53;54;55;56;57;58;59;60;61;62;63;64;65;66;67;68;69;70;71;72;73;74;75;76;77;78;79;80;81;82;83;84;85;86;87;88;89;90;91;92;93;94;95;96;97;98;99;100
Codice comune;Comune;Totale
032001;Duino-Aurisina;51;45;34;51;49;54;46;61;56;63;74;82;65;75;68;68;77;77;66;53;89;72;72;64;74;62;76;58;59;49;46;48;52;40;44;68;49;60;71;69;92;83;100;114;117;156;136;121;132;139;144;159;178;148;128;135;132;138;128;102;126;112;137;108;124;106;96;123;120;113;117;135;75;90;90;106;114;125;125;130;101;94;96;73;63;49;52;65;34;38;32;30;23;16;12;8;10;9;2;2;4
032002;Monrupino;9;4;7;3;7;4;5;10;11;9;7;12;8;7;10;5;12;7;6;6;8;7;9;5;5;7;6;11;7;7;6;3;10;7;9;7;2;6;7;11;6;14;13;8;8;9;14;13;18;15;14;12;14;12;13;12;14;13;15;8;10;19;14;10;9;15;9;14;18;13;14;13;8;14;6;8;8;11;12;10;8;6;9;9;6;2;7;6;3;4;5;2;4;4;4;2;2;4;1;1;1
032003;Muggia;63;69;57;78;83;96;85;94;86;106;104;106;96;112;107;95;92;86;101;107;107;95;99;90;89;107;82;109;103;81;85;83;68;82;94;94;98;92;121;118;153;149;174;206;196;195;226;219;197;189;231;222;223;209;206;190;188;184;189;159;180;209;170;195;176;187;203;194;211;243;231;205;140;192;195;180;175;180;187;148;175;143;119;104;98;97;105;99;65;54;36;41;27;28;16;17;13;8;5;1;5
032004;San Dorligo della Valle-Dolina;26;26;31;45;44;48;59;51;41;49;49;53;48;57;56;46;47;46;46;55;43;37;51;35;50;36;33;42;37;32;46;53;37;41;44;51;45;55;59;60;54;92;73;100;101;95;90;102;98;94;79;98;92;87;97;87;100;85;92;94;89;70;76;70;77;97;58;76;99;92;94;93;50;62;64;54;85;69;74;64;58;70;56;47;38;43;25;42;32;15;15;18;13;14;5;5;2;3;3;0;1
032005;Sgonico;9;11;12;12;16;18;16;21;13;16;21;22;10;15;24;14;16;18;14;18;14;20;11;22;17;9;19;19;13;14;18;13;19;19;14;15;22;16;16;15;27;24;23;31;31;28;24;35;22;29;32;38;28;38;24;29;29;24;37;31;39;36;35;29;23;33;31;29;48;34;46;45;28;21;30;28;29;16;22;23;26;9;19;10;6;10;9;12;7;7;5;4;3;5;1;0;1;0;0;0;0
032006;Trieste;1103;1118;1138;1210;1174;1290;1327;1361;1374;1414;1439;1382;1401;1469;1407;1411;1436;1499;1449;1397;1416;1433;1383;1449;1469;1601;1580;1641;1605;1649;1544;1541;1619;1592;1632;1613;1617;1739;1682;2010;2052;2369;2447;2679;2767;2949;2915;2923;2850;2871;2938;3112;3201;3230;3024;2867;2780;2675;2652;2577;2528;2514;2406;2350;2266;2299;2352;2586;2455;2744;2857;2886;1999;2388;2384;2425;2511;2718;2453;2403;2151;1884;1872;1642;1544;1389;1323;1283;1060;858;761;732;584;431;382;325;277;188;85;34;80
;Totale;1261;1273;1279;1399;1373;1510;1538;1598;1581;1657;1694;1657;1628;1735;1672;1639;1680;1733;1682;1636;1677;1664;1625;1665;1704;1822;1796;1880;1824;1832;1745;1741;1805;1781;1837;1848;1833;1968;1956;2283;2384;2731;2830;3138;3220;3432;3405;3413;3317;3337;3438;3641;3736;3724;3492;3320;3243;3119;3113;2971;2972;2960;2838;2762;2675;2737;2749;3022;2951;3239;3359;3377;2300;2767;2769;2801;2922;3119;2873;2778;2519;2206;2171;1885;1755;1590;1521;1507;1201;976;854;827;654;498;420;357;305;212;96;38;91
Territorio/Età;;0;1;2;3;4;5;6;7;8;9;10;11;12;13;14;15;16;17;18;19;20;21;22;23;24;25;26;27;28;29;30;31;32;33;34;35;36;37;38;39;40;41;42;43;44;45;46;47;48;49;50;51;52;53;54;55;56;57;58;59;60;61;62;63;64;65;66;67;68;69;70;71;72;73;74;75;76;77;78;79;80;81;82;83;84;85;86;87;88;89;90;91;92;93;94;95;96;97;98;99;100
Codice comune;Comune;Maschi
032001;Duino-Aurisina;27;22;16;31;32;20;24;34;31;30;35;36;34;35;36;32;34;38;40;33;48;27;34;35;38;33;38;31;34;25;26;25;32;19;20;36;23;36;31;32;48;31;56;65;55;83;66;63;66;76;76;91;86;74;60;58;69;74;66;60;52;64;63;46;64;58;47;57;64;60;51;69;32;42;33;42;55;51;57;60;46;32;36;28;32;20;20;16;8;12;11;5;13;2;1;2;1;2;0;0;1
032002;Monrupino;5;1;6;2;4;3;3;4;3;4;4;6;5;5;6;1;6;0;4;5;3;3;5;1;0;4;1;5;4;2;2;2;3;4;6;5;0;5;3;5;5;10;7;4;3;4;8;8;8;7;8;6;9;7;8;5;7;7;8;6;4;9;5;5;6;8;4;5;13;7;5;8;4;6;4;3;1;7;3;4;3;4;4;4;2;0;1;3;0;0;0;1;0;1;0;0;0;0;1;0;0
032003;Muggia;36;41;31;40;38;47;40;37;40;60;49;47;50;58;63;46;49;41;60;60;57;56;50;45;44;60;37;59;51;49;35;47;35;48;48;49;52;40;70;59;75;71;84;105;97;99;114;105;113;93;110;99;112;117;108;114;99;90;104;73;91;103;90;94;84;84;89;92;102;101;111;89;67;83;96;100;66;84;87;65;76;54;45;33;43;49;31;39;23;23;13;4;6;10;5;3;2;0;1;0;0
032004;San Dorligo della Valle-Dolina;12;8;15;17;19;21;28;28;18;29;26;22;25;30;32;20;25;17;24;29;24;16;26;15;23;20;18;26;12;14;30;27;17;24;21;28;22;20;37;34;20;58;36;45;56;48;52;48;58;41;39;57;43;39;45;44;58;42;43;51;45;33;45;35;36;47;26;31;52;46;47;47;22;33;33;26;45;34;32;28;29;32;16;25;17;14;5;19;11;4;3;5;1;2;1;3;0;0;1;0;0
032005;Sgonico;4;3;8;6;7;11;5;10;4;11;5;11;7;8;13;3;7;12;7;5;10;10;8;14;8;5;13;12;5;6;6;6;12;11;6;8;9;9;9;11;14;14;13;14;20;13;8;12;12;16;14;19;12;20;13;10;14;15;23;17;21;16;15;14;11;11;16;13;23;17;23;24;11;10;10;19;11;9;9;14;13;6;9;4;2;4;2;6;3;2;3;1;1;2;1;0;0;0;0;0;0
032006;Trieste;552;591;611;611;632;663;732;697;699;762;742;689;733;776;720;728;726;776;740;694;744;716;711;719;755;831;820;792;861;837;797;820;814;785;867;827;834;872;823;1024;1044;1167;1180;1359;1351;1524;1418;1443;1427;1431;1448;1522;1555;1618;1548;1420;1429;1335;1314;1221;1212;1266;1159;1153;1057;1074;1100;1150;1127;1282;1259;1328;910;1026;1064;1060;1084;1167;1041;1010;875;739;752;621;543;482;460;433;320;261;205;188;131;94;96;64;47;30;13;4;10
;Totale;636;666;687;707;732;765;832;810;795;896;861;811;854;912;870;830;847;884;875;826;886;828;834;829;868;953;927;925;967;933;896;927;913;891;968;953;940;982;973;1165;1206;1351;1376;1592;1582;1771;1666;1679;1684;1664;1695;1794;1817;1875;1782;1651;1676;1563;1558;1428;1425;1491;1377;1347;1258;1282;1282;1348;1381;1513;1496;1565;1046;1200;1240;1250;1262;1352;1229;1181;1042;867;862;715;639;569;519;516;365;302;235;204;152;111;104;72;50;32;16;4;11
Territorio/Età;;0;1;2;3;4;5;6;7;8;9;10;11;12;13;14;15;16;17;18;19;20;21;22;23;24;25;26;27;28;29;30;31;32;33;34;35;36;37;38;39;40;41;42;43;44;45;46;47;48;49;50;51;52;53;54;55;56;57;58;59;60;61;62;63;64;65;66;67;68;69;70;71;72;73;74;75;76;77;78;79;80;81;82;83;84;85;86;87;88;89;90;91;92;93;94;95;96;97;98;99;100
Codice comune;Comune;Femmine
032001;Duino-Aurisina;24;23;18;20;17;34;22;27;25;33;39;46;31;40;32;36;43;39;26;20;41;45;38;29;36;29;38;27;25;24;20;23;20;21;24;32;26;24;40;37;44;52;44;49;62;73;70;58;66;63;68;68;92;74;68;77;63;64;62;42;74;48;74;62;60;48;49;66;56;53;66;66;43;48;57;64;59;74;68;70;55;62;60;45;31;29;32;49;26;26;21;25;10;14;11;6;9;7;2;2;3
032002;Monrupino;4;3;1;1;3;1;2;6;8;5;3;6;3;2;4;4;6;7;2;1;5;4;4;4;5;3;5;6;3;5;4;1;7;3;3;2;2;1;4;6;1;4;6;4;5;5;6;5;10;8;6;6;5;5;5;7;7;6;7;2;6;10;9;5;3;7;5;9;5;6;9;5;4;8;2;5;7;4;9;6;5;2;5;5;4;2;6;3;3;4;5;1;4;3;4;2;2;4;0;1;1
032003;Muggia;27;28;26;38;45;49;45;57;46;46;55;59;46;54;44;49;43;45;41;47;50;39;49;45;45;47;45;50;52;32;50;36;33;34;46;45;46;52;51;59;78;78;90;101;99;96;112;114;84;96;121;123;111;92;98;76;89;94;85;86;89;106;80;101;92;103;114;102;109;142;120;116;73;109;99;80;109;96;100;83;99;89;74;71;55;48;74;60;42;31;23;37;21;18;11;14;11;8;4;1;5
032004;San Dorligo della Valle-Dolina;14;18;16;28;25;27;31;23;23;20;23;31;23;27;24;26;22;29;22;26;19;21;25;20;27;16;15;16;25;18;16;26;20;17;23;23;23;35;22;26;34;34;37;55;45;47;38;54;40;53;40;41;49;48;52;43;42;43;49;43;44;37;31;35;41;50;32;45;47;46;47;46;28;29;31;28;40;35;42;36;29;38;40;22;21;29;20;23;21;11;12;13;12;12;4;2;2;3;2;0;1
032005;Sgonico;5;8;4;6;9;7;11;11;9;5;16;11;3;7;11;11;9;6;7;13;4;10;3;8;9;4;6;7;8;8;12;7;7;8;8;7;13;7;7;4;13;10;10;17;11;15;16;23;10;13;18;19;16;18;11;19;15;9;14;14;18;20;20;15;12;22;15;16;25;17;23;21;17;11;20;9;18;7;13;9;13;3;10;6;4;6;7;6;4;5;2;3;2;3;0;0;1;0;0;0;0
032006;Trieste;551;527;527;599;542;627;595;664;675;652;697;693;668;693;687;683;710;723;709;703;672;717;672;730;714;770;760;849;744;812;747;721;805;807;765;786;783;867;859;986;1008;1202;1267;1320;1416;1425;1497;1480;1423;1440;1490;1590;1646;1612;1476;1447;1351;1340;1338;1356;1316;1248;1247;1197;1209;1225;1252;1436;1328;1462;1598;1558;1089;1362;1320;1365;1427;1551;1412;1393;1276;1145;1120;1021;1001;907;863;850;740;597;556;544;453;337;286;261;230;158;72;30;70
;Totale;625;607;592;692;641;745;706;788;786;761;833;846;774;823;802;809;833;849;807;810;791;836;791;836;836;869;869;955;857;899;849;814;892;890;869;895;893;986;983;1118;1178;1380;1454;1546;1638;1661;1739;1734;1633;1673;1743;1847;1919;1849;1710;1669;1567;1556;1555;1543;1547;1469;1461;1415;1417;1455;1467;1674;1570;1726;1863;1812;1254;1567;1529;1551;1660;1767;1644;1597;1477;1339;1309;1170;1116;1021;1002;991;836;674;619;623;502;387;316;285;255;180;80;34;80

"Ricostruzione della popolazione intercensuaria - Popolazione al 1° gennaio per età"
"Cittadinanza italiana - Anno: 2019 - Provincia: Trieste"
Territorio/Età;;0;1;2;3;4;5;6;7;8;9;10;11;12;13;14;15;16;17;18;19;20;21;22;23;24;25;26;27;28;29;30;31;32;33;34;35;36;37;38;39;40;41;42;43;44;45;46;47;48;49;50;51;52;53;54;55;56;57;58;59;60;61;62;63;64;65;66;67;68;69;70;71;72;73;74;75;76;77;78;79;80;81;82;83;84;85;86;87;88;89;90;91;92;93;94;95;96;97;98;99;100
Codice comune;Comune;Totale
032001;Duino-Aurisina;34;55;46;35;48;44;50;51;62;57;63;74;83;66;78;68;67;80;75;68;52;88;70;68;64;76;64;78;60;57;49;47;43;48;40;44;69;52;59;68;75;94;84;103;119;121;156;136;124;133;148;138;166;180;148;128;135;133;140;129;104;125;112;133;108;119;104;97;126;120;112;116;136;75;87;89;104;103;123;124;129;101;86;91;69;61;45;49;60;32;34;29;23;15;14;10;8;6;7;1;5
032002;Monrupino;7;8;5;7;3;6;3;5;9;12;9;7;13;8;7;10;5;11;7;5;6;10;7;8;5;6;7;5;10;6;5;6;4;10;7;9;8;2;7;7;11;6;13;14;8;8;9;16;11;18;15;14;12;14;12;13;12;14;15;16;8;9;19;13;10;9;14;9;14;16;13;14;13;8;12;6;7;7;12;11;8;8;5;8;9;6;2;8;4;3;2;4;3;4;3;3;2;2;2;1;1
032003;Muggia;56;65;75;63;78;92;98;88;98;92;114;108;110;96;112;106;96;91;88;102;108;106;93;96;90;86;111;82;106;98;85;89;85;70;83;96;101;100;96;124;121;154;156;174;209;205;200;229;223;198;189;228;227;229;217;207;189;184;182;189;163;181;202;166;192;172;192;199;194;207;242;230;203;139;190;190;176;173;174;179;145;161;135;115;96;92;88;98;84;60;47;28;34;19;21;9;10;8;4;3;3
032004;San Dorligo della Valle-Dolina;38;27;28;35;46;52;51;59;54;40;48;49;53;47;57;54;44;48;46;50;56;44;40;51;36;49;40;34;41;35;28;41;53;40;41;48;51;45;55;58;61;59;93;76;104;101;96;92;100;98;98;85;101;91;86;98;86;99;84;93;93;89;68;75;69;76;93;58;73;98;93;91;90;48;59;63;53;84;69;68;59;54;68;52;44;38;37;22;37;24;13;16;15;11;11;4;5;1;2;2;0
032005;Sgonico;5;11;12;13;14;16;18;16;22;13;15;20;21;9;15;24;15;15;19;14;16;14;21;12;22;20;10;21;20;13;13;20;12;17;19;13;15;22;18;15;14;24;22;23;32;31;29;24;35;24;27;33;37;28;38;24;29;30;26;40;33;40;34;35;28;23;34;30;30;45;35;45;43;28;22;29;28;29;16;22;23;26;8;17;10;6;10;8;10;6;6;5;2;2;3;1;0;0;0;0;0
032006;Trieste;1092;1108;1113;1139;1218;1160;1300;1334;1373;1377;1417;1449;1393;1408;1481;1419;1419;1441;1519;1468;1420;1423;1461;1404;1455;1497;1618;1634;1685;1631;1704;1575;1597;1624;1624;1635;1618;1641;1742;1695;2015;2055;2388;2456;2661;2770;2945;2919;2938;2855;2877;2936;3115;3200;3232;3034;2858;2801;2664;2631;2562;2520;2509;2390;2334;2259;2290;2323;2568;2432;2707;2821;2844;1965;2331;2334;2371;2463;2640;2363;2308;2074;1806;1793;1541;1440;1320;1221;1157;961;769;647;608;488;339;304;251;202;144;71;78
;Totale;1232;1274;1279;1292;1407;1370;1520;1553;1618;1591;1666;1707;1673;1634;1750;1681;1646;1686;1754;1707;1658;1685;1692;1639;1672;1734;1850;1854;1922;1840;1884;1778;1794;1809;1814;1845;1862;1862;1977;1967;2297;2392;2756;2846;3133;3236;3435;3416;3431;3326;3354;3434;3658;3742;3733;3504;3309;3261;3111;3098;2963;2964;2944;2812;2741;2658;2727;2716;3005;2918;3202;3317;3329;2263;2701;2711;2739;2859;3034;2767;2672;2424;2108;2076;1769;1643;1502;1406;1352;1086;871;729;685;539;391;331;276;219;159;78;87
Territorio/Età;;0;1;2;3;4;5;6;7;8;9;10;11;12;13;14;15;16;17;18;19;20;21;22;23;24;25;26;27;28;29;30;31;32;33;34;35;36;37;38;39;40;41;42;43;44;45;46;47;48;49;50;51;52;53;54;55;56;57;58;59;60;61;62;63;64;65;66;67;68;69;70;71;72;73;74;75;76;77;78;79;80;81;82;83;84;85;86;87;88;89;90;91;92;93;94;95;96;97;98;99;100
Codice comune;Comune;Maschi
032001;Duino-Aurisina;21;27;22;16;31;30;20;26;34;30;30;35;37;34;37;35;32;36;37;40;31;45;26;32;33;40;34;39;32;32;26;25;24;30;19;19;35;28;35;29;34;51;35;55;69;56;82;65;63;68;82;72;92;88;73;61;56;68;77;68;60;52;64;56;44;60;59;47;59;64;58;49;70;32;40;33;41;50;50;56;59;47;27;36;23;30;18;19;14;7;10;9;4;8;2;1;1;1;2;0;1
032002;Monrupino;4;5;2;6;2;3;2;3;4;3;4;4;7;5;5;6;1;6;0;4;5;5;3;4;2;2;4;1;5;4;1;1;2;3;4;6;6;0;5;3;5;5;10;7;4;3;4;9;6;8;7;8;6;9;7;8;5;7;7;9;6;3;10;4;5;6;8;4;5;11;7;5;8;4;5;4;3;1;8;2;4;3;3;4;4;1;0;1;1;0;0;0;1;0;1;0;0;0;1;1;0
032003;Muggia;21;37;42;36;40;43;49;40;38;41;65;51;52;49;58;60;46;47;43;59;57;59;53;47;44;42;63;38;57;48;47;40;43;37;50;51;54;51;39;76;61;76;76;80;104;102;100;118;109;116;94;109;99;116;122;111;114;97;90;103;74;93;95;86;91;82;88;87;92;100;99;110;88;65;81;92;96;68;80;86;64;72;50;45;30;37;41;28;35;19;22;9;2;4;8;1;2;0;1;0;0
032004;San Dorligo della Valle-Dolina;19;13;11;17;18;22;25;27;30;19;29;27;22;25;29;31;18;25;17;27;30;23;18;27;16;22;20;19;23;11;10;26;27;20;22;20;29;24;23;36;35;25;57;39;49;54;48;54;47;58;44;42;59;44;38;47;42;56;42;42;50;44;32;44;34;36;43;26;28;51;48;45;45;20;32;32;27;44;35;27;25;29;29;16;24;17;12;5;16;9;2;5;4;1;2;1;3;0;0;1;0
032005;Sgonico;2;6;3;9;8;7;11;5;10;4;10;5;10;7;8;14;3;6;12;7;5;10;11;9;14;11;5;14;13;6;5;7;5;10;11;5;9;9;9;9;11;13;13;13;14;19;13;8;13;14;15;15;19;12;20;12;10;14;16;25;17;22;16;15;13;11;12;16;14;21;18;22;22;11;11;10;19;11;9;9;14;13;5;8;3;2;4;2;6;3;2;3;1;0;0;1;0;0;0;0;0
032006;Trieste;546;557;576;609;617;627;661;739;704;706;762;749;695;735;781;729;733;730;781;747;711;754;733;718;718;766;844;843;817;857;874;813;858;822;803;872;828;837;876;823;1022;1043;1170;1182;1350;1358;1524;1418;1449;1425;1432;1450;1528;1551;1618;1539;1403;1443;1324;1296;1220;1202;1261;1148;1139;1044;1065;1080;1141;1111;1258;1232;1304;891;985;1034;1031;1053;1125;990;956;843;699;704;578;508;457;424;383;277;231;167;149;103;73;70;49;31;23;13;7
;Totale;613;645;656;693;716;732;768;840;820;803;900;871;823;855;918;875;833;850;890;884;839;896;844;837;827;883;970;954;947;958;963;912;959;922;909;973;961;949;987;976;1168;1213;1361;1376;1590;1592;1771;1672;1687;1689;1674;1696;1803;1820;1878;1778;1630;1685;1556;1543;1427;1416;1478;1353;1326;1239;1275;1260;1339;1358;1488;1463;1537;1023;1154;1205;1217;1227;1307;1170;1122;1007;813;813;662;595;532;479;455;315;267;193;161;116;86;74;55;32;27;15;8
Territorio/Età;;0;1;2;3;4;5;6;7;8;9;10;11;12;13;14;15;16;17;18;19;20;21;22;23;24;25;26;27;28;29;30;31;32;33;34;35;36;37;38;39;40;41;42;43;44;45;46;47;48;49;50;51;52;53;54;55;56;57;58;59;60;61;62;63;64;65;66;67;68;69;70;71;72;73;74;75;76;77;78;79;80;81;82;83;84;85;86;87;88;89;90;91;92;93;94;95;96;97;98;99;100
Codice comune;Comune;Femmine
032001;Duino-Aurisina;13;28;24;19;17;14;30;25;28;27;33;39;46;32;41;33;35;44;38;28;21;43;44;36;31;36;30;39;28;25;23;22;19;18;21;25;34;24;24;39;41;43;49;48;50;65;74;71;61;65;66;66;74;92;75;67;79;65;63;61;44;73;48;77;64;59;45;50;67;56;54;67;66;43;47;56;63;53;73;68;70;54;59;55;46;31;27;30;46;25;24;20;19;7;12;9;7;5;5;1;4
032002;Monrupino;3;3;3;1;1;3;1;2;5;9;5;3;6;3;2;4;4;5;7;1;1;5;4;4;3;4;3;4;5;2;4;5;2;7;3;3;2;2;2;4;6;1;3;7;4;5;5;7;5;10;8;6;6;5;5;5;7;7;8;7;2;6;9;9;5;3;6;5;9;5;6;9;5;4;7;2;4;6;4;9;4;5;2;4;5;5;2;7;3;3;2;4;2;4;2;3;2;2;1;0;1
032003;Muggia;35;28;33;27;38;49;49;48;60;51;49;57;58;47;54;46;50;44;45;43;51;47;40;49;46;44;48;44;49;50;38;49;42;33;33;45;47;49;57;48;60;78;80;94;105;103;100;111;114;82;95;119;128;113;95;96;75;87;92;86;89;88;107;80;101;90;104;112;102;107;143;120;115;74;109;98;80;105;94;93;81;89;85;70;66;55;47;70;49;41;25;19;32;15;13;8;8;8;3;3;3
032004;San Dorligo della Valle-Dolina;19;14;17;18;28;30;26;32;24;21;19;22;31;22;28;23;26;23;29;23;26;21;22;24;20;27;20;15;18;24;18;15;26;20;19;28;22;21;32;22;26;34;36;37;55;47;48;38;53;40;54;43;42;47;48;51;44;43;42;51;43;45;36;31;35;40;50;32;45;47;45;46;45;28;27;31;26;40;34;41;34;25;39;36;20;21;25;17;21;15;11;11;11;10;9;3;2;1;2;1;0
032005;Sgonico;3;5;9;4;6;9;7;11;12;9;5;15;11;2;7;10;12;9;7;7;11;4;10;3;8;9;5;7;7;7;8;13;7;7;8;8;6;13;9;6;3;11;9;10;18;12;16;16;22;10;12;18;18;16;18;12;19;16;10;15;16;18;18;20;15;12;22;14;16;24;17;23;21;17;11;19;9;18;7;13;9;13;3;9;7;4;6;6;4;3;4;2;1;2;3;0;0;0;0;0;0
032006;Trieste;546;551;537;530;601;533;639;595;669;671;655;700;698;673;700;690;686;711;738;721;709;669;728;686;737;731;774;791;868;774;830;762;739;802;821;763;790;804;866;872;993;1012;1218;1274;1311;1412;1421;1501;1489;1430;1445;1486;1587;1649;1614;1495;1455;1358;1340;1335;1342;1318;1248;1242;1195;1215;1225;1243;1427;1321;1449;1589;1540;1074;1346;1300;1340;1410;1515;1373;1352;1231;1107;1089;963;932;863;797;774;684;538;480;459;385;266;234;202;171;121;58;71
;Totale;619;629;623;599;691;638;752;713;798;788;766;836;850;779;832;806;813;836;864;823;819;789;848;802;845;851;880;900;975;882;921;866;835;887;905;872;901;913;990;991;1129;1179;1395;1470;1543;1644;1664;1744;1744;1637;1680;1738;1855;1922;1855;1726;1679;1576;1555;1555;1536;1548;1466;1459;1415;1419;1452;1456;1666;1560;1714;1854;1792;1240;1547;1506;1522;1632;1727;1597;1550;1417;1295;1263;1107;1048;970;927;897;771;604;536;524;423;305;257;221;187;132;63;79

"Ricostruzione della popolazione intercensuaria - Popolazione al 1° gennaio per età"
"Cittadinanza straniera - Anno: 2002 - Provincia: Trieste"
Territorio/Età;;0;1;2;3;4;5;6;7;8;9;10;11;12;13;14;15;16;17;18;19;20;21;22;23;24;25;26;27;28;29;30;31;32;33;34;35;36;37;38;39;40;41;42;43;44;45;46;47;48;49;50;51;52;53;54;55;56;57;58;59;60;61;62;63;64;65;66;67;68;69;70;71;72;73;74;75;76;77;78;79;80;81;82;83;84;85;86;87;88;89;90;91;92;93;94;95;96;97;98;99;100
Codice comune;Comune;Totale
032001;Duino-Aurisina;1;2;0;0;2;3;3;1;2;4;3;1;2;1;0;3;3;2;1;0;0;0;2;2;2;4;3;1;4;4;7;6;3;11;1;4;4;3;7;12;9;6;10;6;7;2;5;8;9;7;5;2;8;10;5;3;4;6;5;4;1;1;4;3;1;3;3;0;1;2;0;2;2;1;0;1;0;1;1;0;0;0;0;0;0;0;1;0;1;0;0;1;0;0;0;0;0;0;0;0;0
032002;Monrupino;0;0;0;0;0;0;0;0;0;0;0;0;0;0;0;0;0;0;0;0;0;0;1;0;0;0;0;0;0;0;1;0;0;0;0;0;0;3;0;0;1;1;1;0;0;0;0;0;0;1;0;0;0;0;0;0;0;0;0;1;0;0;0;0;0;2;0;0;0;0;0;0;0;0;0;0;0;0;0;0;0;0;0;0;0;0;0;0;0;0;0;0;1;0;0;0;0;0;0;0;0
032003;Muggia;1;0;3;1;2;0;2;1;0;1;1;2;0;1;2;0;4;2;1;0;1;2;0;4;8;3;3;7;4;4;7;7;5;5;3;7;6;9;1;9;5;5;6;16;6;14;11;9;12;10;7;13;19;12;6;5;3;6;7;8;7;1;4;3;1;3;1;0;2;1;0;1;3;2;0;0;0;1;0;0;0;0;2;0;1;0;0;0;1;0;0;0;2;0;0;0;0;0;0;0;0
032004;San Dorligo della Valle-Dolina;0;0;0;1;0;0;2;0;0;1;0;1;0;0;1;0;1;0;0;0;0;0;0;1;1;2;1;0;2;1;5;4;3;4;3;6;2;8;4;5;1;6;3;5;7;5;4;4;4;8;1;5;8;2;4;1;2;3;5;0;4;0;0;0;6;1;2;1;0;1;0;0;0;1;0;0;1;0;0;0;0;0;0;0;0;0;0;0;0;0;0;0;0;0;0;0;0;0;0;0;0
032005;Sgonico;0;0;0;0;1;0;1;0;1;0;0;0;0;0;0;1;0;1;1;0;0;1;0;0;0;0;1;3;1;0;0;0;0;0;0;3;2;1;1;1;2;0;2;0;0;1;0;3;0;0;0;0;1;0;0;0;1;0;0;1;1;0;0;1;0;0;0;0;0;0;2;0;1;0;0;0;0;0;0;0;0;0;1;0;0;0;0;0;1;0;0;0;0;0;0;0;0;0;0;0;0
032006;Trieste;68;64;69;79;50;71;78;57;70;82;76;88;66;67;66;63;75;91;98;88;112;104;105;116;134;150;201;213;199;206;210;219;220;218;222;209;218;192;201;219;185;195;174;158;170;186;190;192;178;195;181;179;152;163;155;101;81;76;76;80;84;77;69;50;59;35;37;49;40;36;30;24;33;20;31;28;31;28;37;22;20;26;18;16;16;5;16;18;20;14;6;9;7;7;5;2;0;0;0;1;3
;Totale;70;66;72;81;55;74;86;59;73;88;80;92;68;69;69;67;83;96;101;88;113;107;108;123;145;159;209;224;210;215;230;236;231;238;229;229;232;216;214;246;203;213;196;185;190;208;210;216;203;221;194;199;188;187;170;110;91;91;93;94;97;79;77;57;67;44;43;50;43;40;32;27;39;24;31;29;32;30;38;22;20;26;21;16;17;5;17;18;23;14;6;10;10;7;5;2;0;0;0;1;3
Territorio/Età;;0;1;2;3;4;5;6;7;8;9;10;11;12;13;14;15;16;17;18;19;20;21;22;23;24;25;26;27;28;29;30;31;32;33;34;35;36;37;38;39;40;41;42;43;44;45;46;47;48;49;50;51;52;53;54;55;56;57;58;59;60;61;62;63;64;65;66;67;68;69;70;71;72;73;74;75;76;77;78;79;80;81;82;83;84;85;86;87;88;89;90;91;92;93;94;95;96;97;98;99;100
Codice comune;Comune;Maschi
032001;Duino-Aurisina;1;0;0;0;2;2;1;1;1;2;2;1;1;0;0;2;2;1;1;0;0;0;1;1;0;2;1;1;0;0;1;3;0;4;1;1;1;0;0;5;5;5;4;3;2;1;2;5;5;3;5;0;5;5;3;2;1;0;2;0;1;0;1;2;1;1;1;0;1;0;0;1;0;1;0;0;0;0;1;0;0;0;0;0;0;0;0;0;1;0;0;0;0;0;0;0;0;0;0;0;0
032002;Monrupino;0;0;0;0;0;0;0;0;0;0;0;0;0;0;0;0;0;0;0;0;0;0;1;0;0;0;0;0;0;0;0;0;0;0;0;0;0;3;0;0;0;0;0;0;0;0;0;0;0;1;0;0;0;0;0;0;0;0;0;0;0;0;0;0;0;1;0;0;0;0;0;0;0;0;0;0;0;0;0;0;0;0;0;0;0;0;0;0;0;0;0;0;1;0;0;0;0;0;0;0;0
032003;Muggia;0;0;0;1;0;0;2;1;0;1;0;2;0;0;0;0;1;1;1;0;0;1;0;2;0;0;0;2;3;3;3;3;1;2;1;5;1;4;1;6;1;3;4;8;4;5;8;5;6;3;2;6;10;7;1;1;1;4;5;4;1;1;2;1;0;0;0;0;2;0;0;1;2;1;0;0;0;1;0;0;0;0;0;0;1;0;0;0;0;0;0;0;0;0;0;0;0;0;0;0;0
032004;San Dorligo della Valle-Dolina;0;0;0;0;0;0;2;0;0;1;0;0;0;0;0;0;1;0;0;0;0;0;0;0;1;0;0;0;0;1;2;3;1;3;1;4;2;5;0;1;0;3;2;3;5;1;4;3;2;4;0;3;3;2;0;1;1;2;2;0;3;0;0;0;1;1;0;1;0;1;0;0;0;0;0;0;1;0;0;0;0;0;0;0;0;0;0;0;0;0;0;0;0;0;0;0;0;0;0;0;0
032005;Sgonico;0;0;0;0;0;0;0;0;1;0;0;0;0;0;0;0;0;0;0;0;0;0;0;0;0;0;1;2;0;0;0;0;0;0;0;0;0;0;1;1;0;0;0;0;0;1;0;2;0;0;0;0;1;0;0;0;1;0;0;0;1;0;0;0;0;0;0;0;0;0;1;0;0;0;0;0;0;0;0;0;0;0;0;0;0;0;0;0;1;0;0;0;0;0;0;0;0;0;0;0;0
032006;Trieste;29;35;36;40;24;31;41;27;35;39;41;47;36;43;39;32;38;51;52;54;48;49;36;58;58;65;96;98;81;93;96;101;95;124;106;92;107;99;106;115;103;97;87;82;90;92;89;89;82;95;84;76;68;65;58;48;40;27;36;33;37;37;29;23;28;15;15;17;16;12;14;10;11;7;12;9;9;7;14;5;10;8;6;9;7;2;5;3;4;5;1;4;4;0;1;1;0;0;0;0;0
;Totale;30;35;36;41;26;33;46;29;37;43;43;50;37;43;39;34;42;53;54;54;48;50;38;61;59;67;98;103;84;97;102;110;97;133;109;102;111;111;108;128;109;108;97;96;101;100;103;104;95;106;91;85;87;79;62;52;44;33;45;37;43;38;32;26;30;18;16;18;19;13;15;12;13;9;12;9;10;8;15;5;10;8;6;9;8;2;5;3;6;5;1;4;5;0;1;1;0;0;0;0;0
Territorio/Età;;0;1;2;3;4;5;6;7;8;9;10;11;12;13;14;15;16;17;18;19;20;21;22;23;24;25;26;27;28;29;30;31;32;33;34;35;36;37;38;39;40;41;42;43;44;45;46;47;48;49;50;51;52;53;54;55;56;57;58;59;60;61;62;63;64;65;66;67;68;69;70;71;72;73;74;75;76;77;78;79;80;81;82;83;84;85;86;87;88;89;90;91;92;93;94;95;96;97;98;99;100
Codice comune;Comune;Femmine
032001;Duino-Aurisina;0;2;0;0;0;1;2;0;1;2;1;0;1;1;0;1;1;1;0;0;0;0;1;1;2;2;2;0;4;4;6;3;3;7;0;3;3;3;7;7;4;1;6;3;5;1;3;3;4;4;0;2;3;5;2;1;3;6;3;4;0;1;3;1;0;2;2;0;0;2;0;1;2;0;0;1;0;1;0;0;0;0;0;0;0;0;1;0;0;0;0;1;0;0;0;0;0;0;0;0;0
032002;Monrupino;0;0;0;0;0;0;0;0;0;0;0;0;0;0;0;0;0;0;0;0;0;0;0;0;0;0;0;0;0;0;1;0;0;0;0;0;0;0;0;0;1;1;1;0;0;0;0;0;0;0;0;0;0;0;0;0;0;0;0;1;0;0;0;0;0;1;0;0;0;0;0;0;0;0;0;0;0;0;0;0;0;0;0;0;0;0;0;0;0;0;0;0;0;0;0;0;0;0;0;0;0
032003;Muggia;1;0;3;0;2;0;0;0;0;0;1;0;0;1;2;0;3;1;0;0;1;1;0;2;8;3;3;5;1;1;4;4;4;3;2;2;5;5;0;3;4;2;2;8;2;9;3;4;6;7;5;7;9;5;5;4;2;2;2;4;6;0;2;2;1;3;1;0;0;1;0;0;1;1;0;0;0;0;0;0;0;0;2;0;0;0;0;0;1;0;0;0;2;0;0;0;0;0;0;0;0
032004;San Dorligo della Valle-Dolina;0;0;0;1;0;0;0;0;0;0;0;1;0;0;1;0;0;0;0;0;0;0;0;1;0;2;1;0;2;0;3;1;2;1;2;2;0;3;4;4;1;3;1;2;2;4;0;1;2;4;1;2;5;0;4;0;1;1;3;0;1;0;0;0;5;0;2;0;0;0;0;0;0;1;0;0;0;0;0;0;0;0;0;0;0;0;0;0;0;0;0;0;0;0;0;0;0;0;0;0;0
032005;Sgonico;0;0;0;0;1;0;1;0;0;0;0;0;0;0;0;1;0;1;1;0;0;1;0;0;0;0;0;1;1;0;0;0;0;0;0;3;2;1;0;0;2;0;2;0;0;0;0;1;0;0;0;0;0;0;0;0;0;0;0;1;0;0;0;1;0;0;0;0;0;0;1;0;1;0;0;0;0;0;0;0;0;0;1;0;0;0;0;0;0;0;0;0;0;0;0;0;0;0;0;0;0
032006;Trieste;39;29;33;39;26;40;37;30;35;43;35;41;30;24;27;31;37;40;46;34;64;55;69;58;76;85;105;115;118;113;114;118;125;94;116;117;111;93;95;104;82;98;87;76;80;94;101;103;96;100;97;103;84;98;97;53;41;49;40;47;47;40;40;27;31;20;22;32;24;24;16;14;22;13;19;19;22;21;23;17;10;18;12;7;9;3;11;15;16;9;5;5;3;7;4;1;0;0;0;1;3
;Totale;40;31;36;40;29;41;40;30;36;45;37;42;31;26;30;33;41;43;47;34;65;57;70;62;86;92;111;121;126;118;128;126;134;105;120;127;121;105;106;118;94;105;99;89;89;108;107;112;108;115;103;114;101;108;108;58;47;58;48;57;54;41;45;31;37;26;27;32;24;27;17;15;26;15;19;20;22;22;23;17;10;18;15;7;9;3;12;15;17;9;5;6;5;7;4;1;0;0;0;1;3

"Ricostruzione della popolazione intercensuaria - Popolazione al 1° gennaio per età"
"Cittadinanza straniera - Anno: 2003 - Provincia: Trieste"
Territorio/Età;;0;1;2;3;4;5;6;7;8;9;10;11;12;13;14;15;16;17;18;19;20;21;22;23;24;25;26;27;28;29;30;31;32;33;34;35;36;37;38;39;40;41;42;43;44;45;46;47;48;49;50;51;52;53;54;55;56;57;58;59;60;61;62;63;64;65;66;67;68;69;70;71;72;73;74;75;76;77;78;79;80;81;82;83;84;85;86;87;88;89;90;91;92;93;94;95;96;97;98;99;100
Codice comune;Comune;Totale
032001;Duino-Aurisina;1;1;3;1;0;2;3;3;1;2;4;3;1;2;1;0;3;4;3;2;0;0;2;2;2;1;5;3;1;4;3;6;5;3;10;1;5;4;4;4;11;8;4;8;5;5;3;5;6;7;5;7;1;5;9;4;2;3;4;4;3;1;2;3;2;1;4;3;1;1;2;0;2;2;1;0;1;0;1;1;0;0;0;0;0;0;0;1;0;1;0;0;1;0;0;0;0;0;0;0;0
032002;Monrupino;0;0;0;0;0;0;0;0;0;0;0;0;0;0;0;0;0;0;0;0;0;0;0;2;0;0;0;0;1;0;0;1;0;0;0;0;1;0;1;0;0;0;1;1;1;0;0;0;0;0;2;0;0;0;0;1;0;0;0;0;2;0;0;0;0;0;1;0;0;0;0;0;0;0;0;0;0;0;0;0;0;0;0;0;0;0;0;0;0;0;0;0;0;0;0;0;0;0;0;0;0
032003;Muggia;2;1;0;4;1;2;1;2;1;0;1;1;3;1;1;2;0;2;0;0;0;0;2;1;3;8;6;4;5;2;6;8;7;5;4;2;8;5;9;0;8;6;5;6;15;6;14;13;9;11;9;7;10;17;10;4;4;3;6;5;5;6;1;1;2;1;2;1;0;1;1;0;1;3;2;0;0;0;2;0;0;0;0;2;0;1;0;0;0;1;0;0;1;2;0;0;0;0;0;0;0
032004;San Dorligo della Valle-Dolina;0;0;0;0;1;0;0;1;0;0;0;0;1;0;0;1;1;1;0;0;0;0;0;0;1;1;4;2;0;1;2;5;5;3;4;4;6;2;9;4;4;1;4;1;4;6;3;4;4;4;6;1;6;6;1;3;1;1;3;3;0;3;0;0;0;2;2;1;1;0;1;0;0;0;2;0;0;1;0;0;0;0;0;0;0;0;0;0;0;0;0;0;0;0;0;0;0;0;0;0;0
032005;Sgonico;0;0;0;1;0;1;0;1;0;1;0;0;0;1;0;0;1;0;1;1;0;0;1;0;0;0;0;1;1;1;0;1;0;1;0;0;1;2;1;0;1;2;0;4;0;0;0;0;2;0;1;0;0;0;0;0;0;1;0;0;1;1;0;0;1;0;0;0;0;0;0;2;0;1;0;0;0;0;0;0;0;0;0;1;0;0;0;0;0;1;0;0;0;0;0;0;0;0;0;0;0
032006;Trieste;96;81;71;75;88;62;80;88;60;82;87;77;99;74;68;74;68;79;98;112;89;111;121;114;143;143;177;223;240;228;242;234;235;236;220;241;208;234;198;213;215;186;205;171;152;164;188;201;178;175;186;168;166;145;155;150;95;73;68;71;73;79;68;63;42;50;31;30;43;37;29;26;25;27;17;27;24;27;24;32;20;20;23;14;12;10;2;11;13;15;11;4;8;4;4;3;3;0;0;0;4
;Totale;99;83;74;81;90;67;84;95;62;85;92;81;104;78;70;77;73;86;102;115;89;111;126;119;149;153;192;233;248;236;253;255;252;248;238;248;229;247;222;221;239;203;219;191;177;181;208;223;199;197;209;183;183;173;175;162;102;81;81;83;84;90;71;67;47;54;40;35;45;39;33;28;28;33;22;27;25;28;27;33;20;20;23;17;12;11;2;12;13;18;11;4;10;6;4;3;3;0;0;0;4
Territorio/Età;;0;1;2;3;4;5;6;7;8;9;10;11;12;13;14;15;16;17;18;19;20;21;22;23;24;25;26;27;28;29;30;31;32;33;34;35;36;37;38;39;40;41;42;43;44;45;46;47;48;49;50;51;52;53;54;55;56;57;58;59;60;61;62;63;64;65;66;67;68;69;70;71;72;73;74;75;76;77;78;79;80;81;82;83;84;85;86;87;88;89;90;91;92;93;94;95;96;97;98;99;100
Codice comune;Comune;Maschi
032001;Duino-Aurisina;1;1;0;0;0;2;2;1;1;1;2;2;1;1;0;0;2;3;2;2;0;0;1;0;1;0;1;1;1;0;0;1;3;1;4;1;2;1;1;0;5;5;3;3;3;1;2;2;5;4;2;6;0;4;5;3;2;1;0;2;0;1;1;1;2;1;2;1;1;1;0;0;1;0;1;0;0;0;0;1;0;0;0;0;0;0;0;0;0;1;0;0;0;0;0;0;0;0;0;0;0
032002;Monrupino;0;0;0;0;0;0;0;0;0;0;0;0;0;0;0;0;0;0;0;0;0;0;0;1;0;0;0;0;1;0;0;0;0;0;0;0;0;0;1;0;0;0;0;0;0;0;0;0;0;0;2;0;0;0;0;0;0;0;0;0;0;0;0;0;0;0;0;0;0;0;0;0;0;0;0;0;0;0;0;0;0;0;0;0;0;0;0;0;0;0;0;0;0;0;0;0;0;0;0;0;0
032003;Muggia;0;0;0;1;1;0;0;2;1;0;1;0;3;1;0;0;0;1;0;0;0;0;1;1;3;0;0;0;1;1;4;3;4;1;3;2;7;2;4;0;6;1;3;4;6;5;7;10;6;6;2;2;5;9;6;1;1;1;3;4;2;0;0;1;1;0;0;0;0;1;0;0;1;2;1;0;0;0;1;0;0;0;0;0;0;1;0;0;0;0;0;0;0;0;0;0;0;0;0;0;0
032004;San Dorligo della Valle-Dolina;0;0;0;0;0;0;0;1;0;0;0;0;1;0;0;0;1;1;0;0;0;0;0;0;0;1;0;0;0;0;2;2;3;1;3;2;4;2;6;0;1;0;1;1;2;4;0;4;3;2;3;0;4;3;1;0;1;1;2;1;0;2;0;0;0;1;2;0;1;0;1;0;0;0;0;0;0;1;0;0;0;0;0;0;0;0;0;0;0;0;0;0;0;0;0;0;0;0;0;0;0
032005;Sgonico;0;0;0;1;0;0;0;0;0;1;0;0;0;0;0;0;0;0;0;0;0;0;0;0;0;0;0;1;0;0;0;0;0;0;0;0;0;0;0;0;1;0;0;0;0;0;0;0;1;0;1;0;0;0;0;0;0;1;0;0;0;1;0;0;0;0;0;0;0;0;0;1;0;0;0;0;0;0;0;0;0;0;0;0;0;0;0;0;0;1;0;0;0;0;0;0;0;0;0;0;0
032006;Trieste;47;34;38;35;48;30;34;46;26;43;40;40;52;39;41;43;35;37;59;66;51;44;58;43;64;57;72;109;103;92;108;107;109;98;120;118;92;115;107;115;119;103;106;87;80;86;97;102;84;84;94;77;73;66;69;61;46;35;23;35;31;34;32;26;18;23;12;9;15;15;8;12;9;8;5;11;8;7;4;11;4;10;7;4;6;4;1;2;0;2;3;1;5;3;1;1;1;0;0;0;0
;Totale;48;35;38;37;49;32;36;50;28;45;43;42;57;41;41;43;38;42;61;68;51;44;60;45;68;58;73;111;106;93;114;113;119;101;130;123;105;120;119;115;132;109;113;95;91;96;106;118;99;96;104;85;82;82;81;65;50;39;28;42;33;38;33;28;21;25;16;10;17;17;9;13;11;10;7;11;8;8;5;12;4;10;7;4;6;5;1;2;0;4;3;1;5;3;1;1;1;0;0;0;0
Territorio/Età;;0;1;2;3;4;5;6;7;8;9;10;11;12;13;14;15;16;17;18;19;20;21;22;23;24;25;26;27;28;29;30;31;32;33;34;35;36;37;38;39;40;41;42;43;44;45;46;47;48;49;50;51;52;53;54;55;56;57;58;59;60;61;62;63;64;65;66;67;68;69;70;71;72;73;74;75;76;77;78;79;80;81;82;83;84;85;86;87;88;89;90;91;92;93;94;95;96;97;98;99;100
Codice comune;Comune;Femmine
032001;Duino-Aurisina;0;0;3;1;0;0;1;2;0;1;2;1;0;1;1;0;1;1;1;0;0;0;1;2;1;1;4;2;0;4;3;5;2;2;6;0;3;3;3;4;6;3;1;5;2;4;1;3;1;3;3;1;1;1;4;1;0;2;4;2;3;0;1;2;0;0;2;2;0;0;2;0;1;2;0;0;1;0;1;0;0;0;0;0;0;0;0;1;0;0;0;0;1;0;0;0;0;0;0;0;0
032002;Monrupino;0;0;0;0;0;0;0;0;0;0;0;0;0;0;0;0;0;0;0;0;0;0;0;1;0;0;0;0;0;0;0;1;0;0;0;0;1;0;0;0;0;0;1;1;1;0;0;0;0;0;0;0;0;0;0;1;0;0;0;0;2;0;0;0;0;0;1;0;0;0;0;0;0;0;0;0;0;0;0;0;0;0;0;0;0;0;0;0;0;0;0;0;0;0;0;0;0;0;0;0;0
032003;Muggia;2;1;0;3;0;2;1;0;0;0;0;1;0;0;1;2;0;1;0;0;0;0;1;0;0;8;6;4;4;1;2;5;3;4;1;0;1;3;5;0;2;5;2;2;9;1;7;3;3;5;7;5;5;8;4;3;3;2;3;1;3;6;1;0;1;1;2;1;0;0;1;0;0;1;1;0;0;0;1;0;0;0;0;2;0;0;0;0;0;1;0;0;1;2;0;0;0;0;0;0;0
032004;San Dorligo della Valle-Dolina;0;0;0;0;1;0;0;0;0;0;0;0;0;0;0;1;0;0;0;0;0;0;0;0;1;0;4;2;0;1;0;3;2;2;1;2;2;0;3;4;3;1;3;0;2;2;3;0;1;2;3;1;2;3;0;3;0;0;1;2;0;1;0;0;0;1;0;1;0;0;0;0;0;0;2;0;0;0;0;0;0;0;0;0;0;0;0;0;0;0;0;0;0;0;0;0;0;0;0;0;0
032005;Sgonico;0;0;0;0;0;1;0;1;0;0;0;0;0;1;0;0;1;0;1;1;0;0;1;0;0;0;0;0;1;1;0;1;0;1;0;0;1;2;1;0;0;2;0;4;0;0;0;0;1;0;0;0;0;0;0;0;0;0;0;0;1;0;0;0;1;0;0;0;0;0;0;1;0;1;0;0;0;0;0;0;0;0;0;1;0;0;0;0;0;0;0;0;0;0;0;0;0;0;0;0;0
032006;Trieste;49;47;33;40;40;32;46;42;34;39;47;37;47;35;27;31;33;42;39;46;38;67;63;71;79;86;105;114;137;136;134;127;126;138;100;123;116;119;91;98;96;83;99;84;72;78;91;99;94;91;92;91;93;79;86;89;49;38;45;36;42;45;36;37;24;27;19;21;28;22;21;14;16;19;12;16;16;20;20;21;16;10;16;10;6;6;1;9;13;13;8;3;3;1;3;2;2;0;0;0;4
;Totale;51;48;36;44;41;35;48;45;34;40;49;39;47;37;29;34;35;44;41;47;38;67;66;74;81;95;119;122;142;143;139;142;133;147;108;125;124;127;103;106;107;94;106;96;86;85;102;105;100;101;105;98;101;91;94;97;52;42;53;41;51;52;38;39;26;29;24;25;28;22;24;15;17;23;15;16;17;20;22;21;16;10;16;13;6;6;1;10;13;14;8;3;5;3;3;2;2;0;0;0;4

"Ricostruzione della popolazione intercensuaria - Popolazione al 1° gennaio per età"
"Cittadinanza straniera - Anno: 2004 - Provincia: Trieste"
Territorio/Età;;0;1;2;3;4;5;6;7;8;9;10;11;12;13;14;15;16;17;18;19;20;21;22;23;24;25;26;27;28;29;30;31;32;33;34;35;36;37;38;39;40;41;42;43;44;45;46;47;48;49;50;51;52;53;54;55;56;57;58;59;60;61;62;63;64;65;66;67;68;69;70;71;72;73;74;75;76;77;78;79;80;81;82;83;84;85;86;87;88;89;90;91;92;93;94;95;96;97;98;99;100
Codice comune;Comune;Totale
032001;Duino-Aurisina;1;1;2;2;1;0;1;3;3;1;3;3;2;1;2;2;0;3;4;3;4;0;0;2;2;3;3;5;2;1;7;2;6;6;6;8;3;6;5;3;5;15;6;5;8;9;8;4;5;7;7;3;7;2;6;9;2;1;3;4;4;4;1;3;3;2;1;4;3;1;1;2;1;2;2;1;0;1;0;1;1;0;0;0;0;0;0;0;1;0;1;0;0;1;0;0;0;0;0;0;0
032002;Monrupino;0;0;0;0;0;0;0;0;0;0;0;0;0;0;0;0;0;0;0;0;0;0;0;0;3;0;0;0;0;1;1;0;2;0;2;0;0;1;0;1;0;0;0;1;1;1;0;0;1;0;0;2;0;0;0;0;1;0;0;0;0;1;0;0;0;0;0;1;0;0;0;0;0;0;0;0;0;0;0;0;0;0;0;0;0;0;0;0;0;0;0;0;0;0;0;0;0;0;0;0;0
032003;Muggia;2;4;1;0;3;3;2;1;1;1;0;1;1;1;1;0;2;1;3;1;0;2;3;2;2;5;4;10;3;10;4;10;8;3;5;3;2;6;7;10;0;6;5;4;5;13;7;13;14;8;8;10;5;9;16;8;5;2;2;6;5;5;7;1;1;1;1;2;1;0;1;1;0;1;4;2;0;0;0;2;0;0;0;0;2;0;1;0;0;0;0;0;0;0;2;0;0;0;0;0;0
032004;San Dorligo della Valle-Dolina;0;0;0;0;0;1;0;0;1;0;1;0;0;1;0;0;1;1;0;0;1;2;0;1;0;1;1;4;3;0;1;3;2;4;5;5;6;9;2;8;5;3;2;1;1;4;5;5;4;4;3;4;1;6;6;1;4;1;1;3;2;0;4;0;0;0;2;2;1;1;0;1;0;0;0;0;0;0;1;0;0;0;0;0;0;0;0;0;0;0;0;0;0;0;0;0;0;0;0;0;0
032005;Sgonico;0;0;0;0;0;0;1;0;1;0;1;0;0;1;1;0;0;0;0;0;1;0;0;1;0;0;0;0;2;3;1;0;1;0;2;0;0;0;2;0;0;1;1;0;3;0;0;0;0;2;0;1;0;0;0;0;1;0;2;0;1;0;0;0;0;1;0;0;0;0;0;0;1;0;1;0;0;0;0;0;0;0;0;0;1;0;0;0;0;0;0;0;0;0;0;0;0;0;0;0;0
032006;Trieste;63;103;90;78;74;99;76;84;96;62;97;89;86;103;77;73;68;69;86;94;123;107;127;141;140;199;187;199;261;267;261;267;248;259;247;231;253;216;236;197;218;212;191;203;164;155;166;178;200;167;166;177;166;153;142;141;144;85;64;63;69;74;72;63;56;42;47;31;22;42;37;30;24;21;23;14;24;18;24;21;31;20;14;21;13;12;7;1;9;11;13;9;2;6;2;3;3;3;0;0;3
;Totale;66;108;93;80;78;103;80;88;102;64;102;93;89;107;81;75;71;74;93;98;129;111;130;147;147;208;195;218;271;282;275;282;267;272;267;247;264;238;252;219;228;237;205;214;182;182;186;200;224;188;184;197;179;170;170;159;157;89;72;76;81;84;84;67;60;46;51;40;27;44;39;34;26;24;30;17;24;19;25;24;32;20;14;21;16;12;8;1;10;11;14;9;2;7;4;3;3;3;0;0;3
Territorio/Età;;0;1;2;3;4;5;6;7;8;9;10;11;12;13;14;15;16;17;18;19;20;21;22;23;24;25;26;27;28;29;30;31;32;33;34;35;36;37;38;39;40;41;42;43;44;45;46;47;48;49;50;51;52;53;54;55;56;57;58;59;60;61;62;63;64;65;66;67;68;69;70;71;72;73;74;75;76;77;78;79;80;81;82;83;84;85;86;87;88;89;90;91;92;93;94;95;96;97;98;99;100
Codice comune;Comune;Maschi
032001;Duino-Aurisina;1;1;2;0;0;0;1;2;1;1;2;1;1;1;1;0;0;2;3;2;4;0;0;1;0;3;0;1;1;1;0;0;1;3;1;4;2;3;1;0;0;8;4;4;4;4;2;2;2;4;4;1;6;0;4;6;1;1;1;0;2;0;1;1;1;2;1;2;1;1;1;0;1;1;0;1;0;0;0;0;1;0;0;0;0;0;0;0;0;0;1;0;0;0;0;0;0;0;0;0;0
032002;Monrupino;0;0;0;0;0;0;0;0;0;0;0;0;0;0;0;0;0;0;0;0;0;0;0;0;2;0;0;0;0;1;1;0;0;0;0;0;0;0;0;1;0;0;0;0;0;0;0;0;1;0;0;2;0;0;0;0;0;0;0;0;0;0;0;0;0;0;0;0;0;0;0;0;0;0;0;0;0;0;0;0;0;0;0;0;0;0;0;0;0;0;0;0;0;0;0;0;0;0;0;0;0
032003;Muggia;2;1;0;0;1;3;0;0;1;1;0;1;0;1;1;0;0;1;1;0;0;1;0;0;2;4;0;0;0;5;1;6;3;2;0;3;2;5;5;6;0;4;2;2;3;5;5;7;11;5;4;3;2;5;9;4;1;0;0;3;4;2;0;0;1;1;0;0;0;0;1;0;0;1;2;1;0;0;0;1;0;0;0;0;0;0;1;0;0;0;0;0;0;0;0;0;0;0;0;0;0
032004;San Dorligo della Valle-Dolina;0;0;0;0;0;0;0;0;1;0;1;0;0;1;0;0;0;1;0;0;1;1;0;1;0;0;1;1;0;0;0;2;0;2;2;4;2;7;2;5;3;1;0;0;1;2;3;1;4;3;2;2;0;4;3;1;0;1;1;2;1;0;2;0;0;0;1;2;0;1;0;1;0;0;0;0;0;0;1;0;0;0;0;0;0;0;0;0;0;0;0;0;0;0;0;0;0;0;0;0;0
032005;Sgonico;0;0;0;0;0;0;0;0;0;0;0;0;0;1;0;0;0;0;0;0;0;0;0;0;0;0;0;0;1;1;0;0;0;0;1;0;0;0;0;0;0;1;0;0;0;0;0;0;0;1;0;1;0;0;0;0;1;0;2;0;0;0;0;0;0;0;0;0;0;0;0;0;0;0;0;0;0;0;0;0;0;0;0;0;0;0;0;0;0;0;0;0;0;0;0;0;0;0;0;0;0
032006;Trieste;30;47;40;45;36;58;41;36;47;31;50;45;48;54;40;45;40;34;46;57;74;56;60;64;63;91;78;78;132;116;111;117;111;126;103;128;124;99;113;110;115;116;108;106;85;80;89;87;101;80;76;88;76;68;63;62;63;41;29;22;34;32;32;30;23;18;20;11;4;18;15;9;11;6;5;2;10;5;6;2;11;4;6;5;3;6;3;1;1;0;2;2;0;4;1;0;1;1;0;0;0
;Totale;33;49;42;45;37;61;42;38;50;33;53;47;49;58;42;45;40;38;50;59;79;58;60;66;67;98;79;80;134;124;113;125;115;133;107;139;130;114;121;122;118;130;114;112;93;91;99;97;119;93;86;97;84;77;79;73;66;43;33;27;41;34;35;31;25;21;22;15;5;20;17;10;12;8;7;4;10;5;7;3;12;4;6;5;3;6;4;1;1;0;3;2;0;4;1;0;1;1;0;0;0
Territorio/Età;;0;1;2;3;4;5;6;7;8;9;10;11;12;13;14;15;16;17;18;19;20;21;22;23;24;25;26;27;28;29;30;31;32;33;34;35;36;37;38;39;40;41;42;43;44;45;46;47;48;49;50;51;52;53;54;55;56;57;58;59;60;61;62;63;64;65;66;67;68;69;70;71;72;73;74;75;76;77;78;79;80;81;82;83;84;85;86;87;88;89;90;91;92;93;94;95;96;97;98;99;100
Codice comune;Comune;Femmine
032001;Duino-Aurisina;0;0;0;2;1;0;0;1;2;0;1;2;1;0;1;2;0;1;1;1;0;0;0;1;2;0;3;4;1;0;7;2;5;3;5;4;1;3;4;3;5;7;2;1;4;5;6;2;3;3;3;2;1;2;2;3;1;0;2;4;2;4;0;2;2;0;0;2;2;0;0;2;0;1;2;0;0;1;0;1;0;0;0;0;0;0;0;0;1;0;0;0;0;1;0;0;0;0;0;0;0
032002;Monrupino;0;0;0;0;0;0;0;0;0;0;0;0;0;0;0;0;0;0;0;0;0;0;0;0;1;0;0;0;0;0;0;0;2;0;2;0;0;1;0;0;0;0;0;1;1;1;0;0;0;0;0;0;0;0;0;0;1;0;0;0;0;1;0;0;0;0;0;1;0;0;0;0;0;0;0;0;0;0;0;0;0;0;0;0;0;0;0;0;0;0;0;0;0;0;0;0;0;0;0;0;0
032003;Muggia;0;3;1;0;2;0;2;1;0;0;0;0;1;0;0;0;2;0;2;1;0;1;3;2;0;1;4;10;3;5;3;4;5;1;5;0;0;1;2;4;0;2;3;2;2;8;2;6;3;3;4;7;3;4;7;4;4;2;2;3;1;3;7;1;0;0;1;2;1;0;0;1;0;0;2;1;0;0;0;1;0;0;0;0;2;0;0;0;0;0;0;0;0;0;2;0;0;0;0;0;0
032004;San Dorligo della Valle-Dolina;0;0;0;0;0;1;0;0;0;0;0;0;0;0;0;0;1;0;0;0;0;1;0;0;0;1;0;3;3;0;1;1;2;2;3;1;4;2;0;3;2;2;2;1;0;2;2;4;0;1;1;2;1;2;3;0;4;0;0;1;1;0;2;0;0;0;1;0;1;0;0;0;0;0;0;0;0;0;0;0;0;0;0;0;0;0;0;0;0;0;0;0;0;0;0;0;0;0;0;0;0
032005;Sgonico;0;0;0;0;0;0;1;0;1;0;1;0;0;0;1;0;0;0;0;0;1;0;0;1;0;0;0;0;1;2;1;0;1;0;1;0;0;0;2;0;0;0;1;0;3;0;0;0;0;1;0;0;0;0;0;0;0;0;0;0;1;0;0;0;0;1;0;0;0;0;0;0;1;0;1;0;0;0;0;0;0;0;0;0;1;0;0;0;0;0;0;0;0;0;0;0;0;0;0;0;0
032006;Trieste;33;56;50;33;38;41;35;48;49;31;47;44;38;49;37;28;28;35;40;37;49;51;67;77;77;108;109;121;129;151;150;150;137;133;144;103;129;117;123;87;103;96;83;97;79;75;77;91;99;87;90;89;90;85;79;79;81;44;35;41;35;42;40;33;33;24;27;20;18;24;22;21;13;15;18;12;14;13;18;19;20;16;8;16;10;6;4;0;8;11;11;7;2;2;1;3;2;2;0;0;3
;Totale;33;59;51;35;41;42;38;50;52;31;49;46;40;49;39;30;31;36;43;39;50;53;70;81;80;110;116;138;137;158;162;157;152;139;160;108;134;124;131;97;110;107;91;102;89;91;87;103;105;95;98;100;95;93;91;86;91;46;39;49;40;50;49;36;35;25;29;25;22;24;22;24;14;16;23;13;14;14;18;21;20;16;8;16;13;6;4;0;9;11;11;7;2;3;3;3;2;2;0;0;3

"Ricostruzione della popolazione intercensuaria - Popolazione al 1° gennaio per età"
"Cittadinanza straniera - Anno: 2005 - Provincia: Trieste"
Territorio/Età;;0;1;2;3;4;5;6;7;8;9;10;11;12;13;14;15;16;17;18;19;20;21;22;23;24;25;26;27;28;29;30;31;32;33;34;35;36;37;38;39;40;41;42;43;44;45;46;47;48;49;50;51;52;53;54;55;56;57;58;59;60;61;62;63;64;65;66;67;68;69;70;71;72;73;74;75;76;77;78;79;80;81;82;83;84;85;86;87;88;89;90;91;92;93;94;95;96;97;98;99;100
Codice comune;Comune;Totale
032001;Duino-Aurisina;1;1;1;2;1;1;0;1;1;5;1;4;3;2;1;2;3;0;3;5;2;3;0;2;1;4;2;4;8;3;5;6;3;6;5;4;7;2;4;4;1;5;12;6;4;6;10;9;3;6;6;6;4;7;2;7;9;2;0;3;4;2;2;1;3;3;1;0;2;3;1;1;2;1;1;1;2;0;1;0;0;0;0;0;0;0;0;0;0;0;0;1;0;0;1;1;0;0;0;0;1
032002;Monrupino;0;0;0;1;0;0;0;0;0;0;0;0;0;0;0;0;0;1;0;0;0;0;0;0;0;1;0;0;0;0;2;1;0;1;0;1;0;0;1;0;1;0;0;0;1;1;1;0;0;1;0;0;2;0;0;0;0;1;0;0;0;0;1;0;0;0;0;0;3;0;0;0;0;0;0;0;0;0;0;0;0;0;0;0;0;0;0;0;0;0;0;0;0;0;0;0;0;0;0;0;0
032003;Muggia;1;2;4;1;0;3;3;1;1;1;1;0;0;1;1;1;0;3;1;3;3;3;3;4;2;2;6;5;8;4;13;8;8;7;3;5;4;2;9;6;11;0;5;5;4;7;13;5;14;10;7;6;7;5;6;12;8;5;3;3;6;6;6;6;2;1;2;1;2;2;0;1;1;0;1;4;2;0;0;0;1;0;0;0;0;2;0;1;0;0;0;0;0;0;0;2;0;0;0;0;0
032004;San Dorligo della Valle-Dolina;0;0;0;0;0;0;1;0;0;1;0;0;0;0;1;0;0;1;2;0;0;0;1;1;2;0;1;1;3;3;0;2;5;2;3;7;3;6;10;3;7;6;2;2;1;1;2;4;6;2;3;2;4;0;4;6;1;3;1;2;4;4;0;4;0;0;0;2;2;1;1;0;1;0;0;0;0;0;0;1;0;0;0;0;0;0;0;0;0;0;0;0;0;0;0;0;0;0;0;0;0
032005;Sgonico;0;0;0;0;0;0;0;1;0;1;0;1;0;0;1;1;0;0;0;0;0;1;3;2;2;0;0;0;0;2;3;2;0;1;0;1;0;0;0;2;0;0;0;1;0;2;0;0;0;0;1;0;1;0;0;0;0;2;0;2;0;0;0;0;1;0;1;0;0;0;0;0;0;1;0;1;0;0;0;0;0;0;0;0;0;1;0;0;0;0;0;0;0;0;0;0;0;0;0;0;0
032006;Trieste;111;75;110;101;80;87;113;82;98;100;77;100;100;91;107;84;79;71;84;92;102;135;127;144;165;188;228;213;237;290;297;290;291;281;271;271;258;258;231;255;211;229;217;196;200;170;161;164;182;199;162;166;178;158;150;135;138;129;79;61;58;67;70;66;54;48;34;45;26;16;41;33;26;21;20;21;12;19;16;21;18;28;19;15;19;12;9;7;1;7;8;10;9;3;5;0;1;2;2;0;1
;Totale;113;78;115;105;81;91;117;85;100;108;79;105;103;94;111;88;82;76;90;100;107;142;134;153;172;195;237;223;256;302;320;309;307;298;282;289;272;268;255;270;231;240;236;210;210;187;187;182;205;218;179;180;196;170;162;160;156;142;83;71;72;79;79;77;60;52;38;48;35;22;43;35;30;23;22;27;16;19;17;22;19;28;19;15;19;15;9;8;1;7;8;11;9;3;6;3;1;2;2;0;2
Territorio/Età;;0;1;2;3;4;5;6;7;8;9;10;11;12;13;14;15;16;17;18;19;20;21;22;23;24;25;26;27;28;29;30;31;32;33;34;35;36;37;38;39;40;41;42;43;44;45;46;47;48;49;50;51;52;53;54;55;56;57;58;59;60;61;62;63;64;65;66;67;68;69;70;71;72;73;74;75;76;77;78;79;80;81;82;83;84;85;86;87;88;89;90;91;92;93;94;95;96;97;98;99;100
Codice comune;Comune;Maschi
032001;Duino-Aurisina;1;1;1;2;0;0;0;1;1;1;1;2;1;1;1;1;1;0;2;3;1;3;0;2;1;2;2;0;2;2;2;1;2;1;4;1;4;2;2;1;0;1;5;3;3;2;5;3;2;2;4;4;2;7;1;5;7;1;0;2;0;0;0;1;1;1;1;0;2;1;0;1;0;1;1;0;2;0;0;0;0;0;0;0;0;0;0;0;0;0;0;1;0;0;0;0;0;0;0;0;0
032002;Monrupino;0;0;0;1;0;0;0;0;0;0;0;0;0;0;0;0;0;0;0;0;0;0;0;0;0;1;0;0;0;0;1;1;0;0;0;0;0;0;0;0;1;0;0;0;0;0;0;0;0;1;0;0;2;0;0;0;0;0;0;0;0;0;0;0;0;0;0;0;1;0;0;0;0;0;0;0;0;0;0;0;0;0;0;0;0;0;0;0;0;0;0;0;0;0;0;0;0;0;0;0;0
032003;Muggia;1;2;1;0;0;1;3;0;0;1;1;0;0;0;1;1;0;1;1;1;1;1;0;1;0;2;5;0;0;1;5;2;4;2;2;1;4;2;8;4;6;0;4;1;2;5;5;3;9;9;4;2;2;2;3;6;2;2;1;1;3;4;2;0;0;1;0;1;0;1;0;1;0;0;1;2;1;0;0;0;0;0;0;0;0;0;0;1;0;0;0;0;0;0;0;0;0;0;0;0;0
032004;San Dorligo della Valle-Dolina;0;0;0;0;0;0;0;0;0;1;0;0;0;0;1;0;0;0;1;0;0;0;0;1;2;0;0;1;0;0;0;1;2;0;1;3;1;2;7;3;5;4;0;0;0;1;1;4;2;2;2;1;3;0;2;3;1;0;1;2;3;1;0;2;0;0;0;1;2;0;1;0;1;0;0;0;0;0;0;1;0;0;0;0;0;0;0;0;0;0;0;0;0;0;0;0;0;0;0;0;0
032005;Sgonico;0;0;0;0;0;0;0;0;0;0;0;0;0;0;1;0;0;0;0;0;0;0;3;0;1;0;0;0;0;1;1;1;0;0;0;0;0;0;0;0;0;0;0;0;0;0;0;0;0;0;0;0;1;0;0;0;0;1;0;2;0;0;0;0;1;0;0;0;0;0;0;0;0;0;0;0;0;0;0;0;0;0;0;0;0;0;0;0;0;0;0;0;0;0;0;0;0;0;0;0;0
032006;Trieste;62;32;50;49;48;45;68;44;42;52;38;56;55;52;56;43;48;41;44;55;61;76;69;61;80;84;109;90;98;149;138;121;128;129;133;121;143;130;108;127;116;122;120;113;108;88;83;86;90;104;76;75;89;74;68;61;62;58;39;28;21;34;31;30;26;20;14;21;8;2;17;14;9;9;6;4;2;7;5;7;3;11;4;7;5;3;6;3;0;1;0;2;2;1;3;0;0;0;0;0;0
;Totale;64;35;52;52;48;46;71;45;43;55;40;58;56;53;60;45;49;42;48;59;63;80;72;65;84;89;116;91;100;153;147;127;136;132;140;126;152;136;125;135;128;127;129;117;113;96;94;96;103;118;86;82;99;83;74;75;72;62;41;35;27;39;33;33;28;22;15;23;13;4;18;16;10;10;8;6;5;7;5;8;3;11;4;7;5;3;6;4;0;1;0;3;2;1;3;0;0;0;0;0;0
Territorio/Età;;0;1;2;3;4;5;6;7;8;9;10;11;12;13;14;15;16;17;18;19;20;21;22;23;24;25;26;27;28;29;30;31;32;33;34;35;36;37;38;39;40;41;42;43;44;45;46;47;48;49;50;51;52;53;54;55;56;57;58;59;60;61;62;63;64;65;66;67;68;69;70;71;72;73;74;75;76;77;78;79;80;81;82;83;84;85;86;87;88;89;90;91;92;93;94;95;96;97;98;99;100
Codice comune;Comune;Femmine
032001;Duino-Aurisina;0;0;0;0;1;1;0;0;0;4;0;2;2;1;0;1;2;0;1;2;1;0;0;0;0;2;0;4;6;1;3;5;1;5;1;3;3;0;2;3;1;4;7;3;1;4;5;6;1;4;2;2;2;0;1;2;2;1;0;1;4;2;2;0;2;2;0;0;0;2;1;0;2;0;0;1;0;0;1;0;0;0;0;0;0;0;0;0;0;0;0;0;0;0;1;1;0;0;0;0;1
032002;Monrupino;0;0;0;0;0;0;0;0;0;0;0;0;0;0;0;0;0;1;0;0;0;0;0;0;0;0;0;0;0;0;1;0;0;1;0;1;0;0;1;0;0;0;0;0;1;1;1;0;0;0;0;0;0;0;0;0;0;1;0;0;0;0;1;0;0;0;0;0;2;0;0;0;0;0;0;0;0;0;0;0;0;0;0;0;0;0;0;0;0;0;0;0;0;0;0;0;0;0;0;0;0
032003;Muggia;0;0;3;1;0;2;0;1;1;0;0;0;0;1;0;0;0;2;0;2;2;2;3;3;2;0;1;5;8;3;8;6;4;5;1;4;0;0;1;2;5;0;1;4;2;2;8;2;5;1;3;4;5;3;3;6;6;3;2;2;3;2;4;6;2;0;2;0;2;1;0;0;1;0;0;2;1;0;0;0;1;0;0;0;0;2;0;0;0;0;0;0;0;0;0;2;0;0;0;0;0
032004;San Dorligo della Valle-Dolina;0;0;0;0;0;0;1;0;0;0;0;0;0;0;0;0;0;1;1;0;0;0;1;0;0;0;1;0;3;3;0;1;3;2;2;4;2;4;3;0;2;2;2;2;1;0;1;0;4;0;1;1;1;0;2;3;0;3;0;0;1;3;0;2;0;0;0;1;0;1;0;0;0;0;0;0;0;0;0;0;0;0;0;0;0;0;0;0;0;0;0;0;0;0;0;0;0;0;0;0;0
032005;Sgonico;0;0;0;0;0;0;0;1;0;1;0;1;0;0;0;1;0;0;0;0;0;1;0;2;1;0;0;0;0;1;2;1;0;1;0;1;0;0;0;2;0;0;0;1;0;2;0;0;0;0;1;0;0;0;0;0;0;1;0;0;0;0;0;0;0;0;1;0;0;0;0;0;0;1;0;1;0;0;0;0;0;0;0;0;0;1;0;0;0;0;0;0;0;0;0;0;0;0;0;0;0
032006;Trieste;49;43;60;52;32;42;45;38;56;48;39;44;45;39;51;41;31;30;40;37;41;59;58;83;85;104;119;123;139;141;159;169;163;152;138;150;115;128;123;128;95;107;97;83;92;82;78;78;92;95;86;91;89;84;82;74;76;71;40;33;37;33;39;36;28;28;20;24;18;14;24;19;17;12;14;17;10;12;11;14;15;17;15;8;14;9;3;4;1;6;8;8;7;2;2;0;1;2;2;0;1
;Totale;49;43;63;53;33;45;46;40;57;53;39;47;47;41;51;43;33;34;42;41;44;62;62;88;88;106;121;132;156;149;173;182;171;166;142;163;120;132;130;135;103;113;107;93;97;91;93;86;102;100;93;98;97;87;88;85;84;80;42;36;45;40;46;44;32;30;23;25;22;18;25;19;20;13;14;21;11;12;12;14;16;17;15;8;14;12;3;4;1;6;8;8;7;2;3;3;1;2;2;0;2

"Ricostruzione della popolazione intercensuaria - Popolazione al 1° gennaio per età"
"Cittadinanza straniera - Anno: 2006 - Provincia: Trieste"
Territorio/Età;;0;1;2;3;4;5;6;7;8;9;10;11;12;13;14;15;16;17;18;19;20;21;22;23;24;25;26;27;28;29;30;31;32;33;34;35;36;37;38;39;40;41;42;43;44;45;46;47;48;49;50;51;52;53;54;55;56;57;58;59;60;61;62;63;64;65;66;67;68;69;70;71;72;73;74;75;76;77;78;79;80;81;82;83;84;85;86;87;88;89;90;91;92;93;94;95;96;97;98;99;100
Codice comune;Comune;Totale
032001;Duino-Aurisina;1;1;0;1;1;1;1;0;1;0;4;1;4;4;2;1;2;2;0;2;2;1;3;0;0;3;2;2;6;9;2;4;5;1;5;3;4;8;2;5;1;3;3;11;4;3;7;12;8;2;9;5;6;4;5;2;5;7;2;0;3;4;2;4;0;3;3;1;0;2;3;1;1;0;2;1;1;2;0;1;0;1;0;0;0;0;0;0;0;0;0;0;1;0;0;1;1;0;0;0;1
032002;Monrupino;0;0;0;0;1;0;0;0;0;0;0;0;0;0;0;0;0;0;1;0;0;0;0;0;0;0;1;0;0;0;0;2;0;0;2;0;0;0;1;0;0;1;0;0;0;1;1;1;0;0;1;0;0;2;0;0;0;0;1;0;0;0;0;1;0;0;0;0;0;2;0;0;0;0;0;0;0;0;0;0;0;0;0;0;0;0;0;0;0;0;0;0;0;0;0;0;0;0;0;0;0
032003;Muggia;0;1;2;3;1;0;2;3;1;2;1;1;0;0;1;1;1;0;4;3;3;3;3;4;11;2;3;7;7;9;4;13;11;8;8;6;5;4;2;9;4;12;0;4;4;6;5;11;5;13;10;5;8;9;5;7;12;7;5;2;3;7;6;5;4;1;1;1;1;2;2;0;1;1;0;1;3;1;0;0;0;1;0;0;0;0;2;0;1;0;0;0;0;0;0;0;2;0;0;0;0
032004;San Dorligo della Valle-Dolina;0;0;0;0;0;0;0;1;0;0;1;0;0;0;0;1;0;0;3;2;1;0;0;1;1;2;0;1;1;3;4;3;2;6;2;2;6;3;6;10;4;7;6;2;3;2;0;2;2;4;3;2;2;3;0;6;5;2;3;1;2;2;4;0;2;0;0;0;2;2;1;0;0;1;0;0;0;0;0;0;1;0;0;0;0;0;0;0;0;0;0;0;0;0;0;0;0;0;0;0;0
032005;Sgonico;0;0;0;1;0;0;0;0;1;0;1;0;1;0;0;1;1;0;0;0;0;0;1;3;2;2;0;1;2;0;2;2;3;0;1;0;0;0;1;0;2;0;1;0;2;0;0;1;0;0;0;1;0;1;0;0;0;0;1;0;2;0;0;0;0;1;0;1;0;0;0;0;0;0;1;0;1;0;0;0;0;0;0;0;0;0;1;0;0;0;0;0;0;0;0;0;0;0;0;0;0
032006;Trieste;102;121;83;110;110;89;95;126;100;106;106;87;107;108;100;131;96;93;75;107;109;117;150;149;149;192;218;230;244;251;310;308;290;300;297;287;281;266;255;243;262;220;234;226;199;198;171;160;165;176;200;159;165;170;154;137;134;130;117;76;57;59;61;66;67;52;48;34;46;24;16;41;30;24;18;21;20;12;18;16;19;17;26;18;14;16;10;10;5;0;6;7;9;8;3;5;0;1;2;1;1
;Totale;103;123;85;115;113;90;98;130;103;108;113;89;112;112;103;135;100;95;83;114;115;121;157;157;163;201;224;241;260;272;322;332;311;315;315;298;296;281;267;267;273;243;244;243;212;210;184;187;180;195;223;172;181;189;164;152;156;146;129;79;67;72;73;76;73;57;52;37;49;32;22;42;32;26;21;23;25;15;18;17;20;19;26;18;14;16;13;10;6;0;6;7;10;8;3;6;3;1;2;1;2
Territorio/Età;;0;1;2;3;4;5;6;7;8;9;10;11;12;13;14;15;16;17;18;19;20;21;22;23;24;25;26;27;28;29;30;31;32;33;34;35;36;37;38;39;40;41;42;43;44;45;46;47;48;49;50;51;52;53;54;55;56;57;58;59;60;61;62;63;64;65;66;67;68;69;70;71;72;73;74;75;76;77;78;79;80;81;82;83;84;85;86;87;88;89;90;91;92;93;94;95;96;97;98;99;100
Codice comune;Comune;Maschi
032001;Duino-Aurisina;0;1;0;1;1;0;0;0;1;0;1;1;2;1;1;1;1;1;0;2;2;1;3;0;0;3;1;2;0;2;2;2;1;0;1;2;1;4;2;3;0;0;0;7;2;2;3;7;3;1;4;4;4;2;5;1;3;6;1;0;2;0;0;0;0;1;1;1;0;2;1;0;1;0;2;1;0;2;0;0;0;0;0;0;0;0;0;0;0;0;0;0;1;0;0;0;0;0;0;0;0
032002;Monrupino;0;0;0;0;1;0;0;0;0;0;0;0;0;0;0;0;0;0;0;0;0;0;0;0;0;0;1;0;0;0;0;1;0;0;0;0;0;0;0;0;0;1;0;0;0;0;0;0;0;0;1;0;0;2;0;0;0;0;0;0;0;0;0;0;0;0;0;0;0;1;0;0;0;0;0;0;0;0;0;0;0;0;0;0;0;0;0;0;0;0;0;0;0;0;0;0;0;0;0;0;0
032003;Muggia;0;1;2;1;0;0;0;3;0;0;1;1;0;0;0;1;1;0;1;2;1;1;1;0;7;0;3;6;0;0;0;5;4;4;2;3;2;4;2;8;2;6;0;3;0;4;4;4;4;9;8;2;3;2;3;3;6;3;2;1;1;4;4;2;0;0;1;0;1;0;1;0;1;0;0;1;2;0;0;0;0;0;0;0;0;0;0;0;1;0;0;0;0;0;0;0;0;0;0;0;0
032004;San Dorligo della Valle-Dolina;0;0;0;0;0;0;0;0;0;0;1;0;0;0;0;1;0;0;0;1;0;0;0;0;1;2;0;0;1;0;1;0;1;2;0;1;2;1;2;7;3;5;4;1;1;0;0;1;2;2;3;1;1;2;0;3;3;2;0;1;2;2;1;0;0;0;0;0;1;2;0;0;0;1;0;0;0;0;0;0;1;0;0;0;0;0;0;0;0;0;0;0;0;0;0;0;0;0;0;0;0
032005;Sgonico;0;0;0;0;0;0;0;0;0;0;0;0;0;0;0;1;0;0;0;0;0;0;0;2;0;1;0;1;2;0;1;0;1;0;0;0;0;0;0;0;0;0;0;0;0;0;0;0;0;0;0;0;0;1;0;0;0;0;1;0;2;0;0;0;0;1;0;0;0;0;0;0;0;0;0;0;0;0;0;0;0;0;0;0;0;0;0;0;0;0;0;0;0;0;0;0;0;0;0;0;0
032006;Trieste;60;69;37;50;53;48;53;72;54;45;58;43;59;60;58;70;51;54;43;56;62;69;87;70;61;91;99;114;100;95;153;140;125;127;136;142;122;147;128;116;130;123;126;126;110;104;91;82;91;91;104;77;77;84;72;65;62;60;51;38;26;22;31;30;30;25;20;15;20;9;2;19;13;7;9;8;5;3;6;5;6;2;10;4;7;5;3;6;3;0;1;0;2;2;1;3;0;0;0;0;0
;Totale;60;71;39;52;55;48;53;75;55;45;61;45;61;61;59;74;53;55;44;61;65;71;91;72;69;97;104;123;103;97;157;148;132;133;139;148;127;156;134;134;135;135;130;137;113;110;98;94;100;103;120;84;85;93;80;72;74;71;55;40;33;28;36;32;30;27;22;16;22;14;4;19;15;8;11;10;7;5;6;5;7;2;10;4;7;5;3;6;4;0;1;0;3;2;1;3;0;0;0;0;0
Territorio/Età;;0;1;2;3;4;5;6;7;8;9;10;11;12;13;14;15;16;17;18;19;20;21;22;23;24;25;26;27;28;29;30;31;32;33;34;35;36;37;38;39;40;41;42;43;44;45;46;47;48;49;50;51;52;53;54;55;56;57;58;59;60;61;62;63;64;65;66;67;68;69;70;71;72;73;74;75;76;77;78;79;80;81;82;83;84;85;86;87;88;89;90;91;92;93;94;95;96;97;98;99;100
Codice comune;Comune;Femmine
032001;Duino-Aurisina;1;0;0;0;0;1;1;0;0;0;3;0;2;3;1;0;1;1;0;0;0;0;0;0;0;0;1;0;6;7;0;2;4;1;4;1;3;4;0;2;1;3;3;4;2;1;4;5;5;1;5;1;2;2;0;1;2;1;1;0;1;4;2;4;0;2;2;0;0;0;2;1;0;0;0;0;1;0;0;1;0;1;0;0;0;0;0;0;0;0;0;0;0;0;0;1;1;0;0;0;1
032002;Monrupino;0;0;0;0;0;0;0;0;0;0;0;0;0;0;0;0;0;0;1;0;0;0;0;0;0;0;0;0;0;0;0;1;0;0;2;0;0;0;1;0;0;0;0;0;0;1;1;1;0;0;0;0;0;0;0;0;0;0;1;0;0;0;0;1;0;0;0;0;0;1;0;0;0;0;0;0;0;0;0;0;0;0;0;0;0;0;0;0;0;0;0;0;0;0;0;0;0;0;0;0;0
032003;Muggia;0;0;0;2;1;0;2;0;1;2;0;0;0;0;1;0;0;0;3;1;2;2;2;4;4;2;0;1;7;9;4;8;7;4;6;3;3;0;0;1;2;6;0;1;4;2;1;7;1;4;2;3;5;7;2;4;6;4;3;1;2;3;2;3;4;1;0;1;0;2;1;0;0;1;0;0;1;1;0;0;0;1;0;0;0;0;2;0;0;0;0;0;0;0;0;0;2;0;0;0;0
032004;San Dorligo della Valle-Dolina;0;0;0;0;0;0;0;1;0;0;0;0;0;0;0;0;0;0;3;1;1;0;0;1;0;0;0;1;0;3;3;3;1;4;2;1;4;2;4;3;1;2;2;1;2;2;0;1;0;2;0;1;1;1;0;3;2;0;3;0;0;0;3;0;2;0;0;0;1;0;1;0;0;0;0;0;0;0;0;0;0;0;0;0;0;0;0;0;0;0;0;0;0;0;0;0;0;0;0;0;0
032005;Sgonico;0;0;0;1;0;0;0;0;1;0;1;0;1;0;0;0;1;0;0;0;0;0;1;1;2;1;0;0;0;0;1;2;2;0;1;0;0;0;1;0;2;0;1;0;2;0;0;1;0;0;0;1;0;0;0;0;0;0;0;0;0;0;0;0;0;0;0;1;0;0;0;0;0;0;1;0;1;0;0;0;0;0;0;0;0;0;1;0;0;0;0;0;0;0;0;0;0;0;0;0;0
032006;Trieste;42;52;46;60;57;41;42;54;46;61;48;44;48;48;42;61;45;39;32;51;47;48;63;79;88;101;119;116;144;156;157;168;165;173;161;145;159;119;127;127;132;97;108;100;89;94;80;78;74;85;96;82;88;86;82;72;72;70;66;38;31;37;30;36;37;27;28;19;26;15;14;22;17;17;9;13;15;9;12;11;13;15;16;14;7;11;7;4;2;0;5;7;7;6;2;2;0;1;2;1;1
;Totale;43;52;46;63;58;42;45;55;48;63;52;44;51;51;44;61;47;40;39;53;50;50;66;85;94;104;120;118;157;175;165;184;179;182;176;150;169;125;133;133;138;108;114;106;99;100;86;93;80;92;103;88;96;96;84;80;82;75;74;39;34;44;37;44;43;30;30;21;27;18;18;23;17;18;10;13;18;10;12;12;13;17;16;14;7;11;10;4;2;0;5;7;7;6;2;3;3;1;2;1;2

"Ricostruzione della popolazione intercensuaria - Popolazione al 1° gennaio per età"
"Cittadinanza straniera - Anno: 2007 - Provincia: Trieste"
Territorio/Età;;0;1;2;3;4;5;6;7;8;9;10;11;12;13;14;15;16;17;18;19;20;21;22;23;24;25;26;27;28;29;30;31;32;33;34;35;36;37;38;39;40;41;42;43;44;45;46;47;48;49;50;51;52;53;54;55;56;57;58;59;60;61;62;63;64;65;66;67;68;69;70;71;72;73;74;75;76;77;78;79;80;81;82;83;84;85;86;87;88;89;90;91;92;93;94;95;96;97;98;99;100
Codice comune;Comune;Totale
032001;Duino-Aurisina;1;1;1;1;2;1;1;2;1;2;0;4;2;0;4;1;0;3;4;1;2;1;0;3;0;0;2;4;5;5;10;2;9;4;3;7;4;4;7;2;6;2;3;3;14;3;3;3;8;9;2;7;5;6;6;4;3;5;7;2;0;3;4;2;3;0;2;2;1;0;2;3;1;1;0;2;1;1;2;0;1;0;1;0;0;0;0;0;0;0;0;0;0;1;0;0;0;1;0;0;1
032002;Monrupino;0;0;0;0;0;1;0;0;0;0;0;0;0;0;0;0;0;0;0;1;0;0;1;0;0;0;0;1;0;0;0;1;2;0;0;2;0;0;0;1;0;0;1;0;0;0;1;1;0;0;0;0;0;0;2;0;0;0;0;0;0;0;0;0;1;0;0;0;0;0;2;0;0;0;0;0;0;0;0;0;0;0;0;0;0;0;0;0;0;0;0;0;0;0;0;0;0;0;0;0;0
032003;Muggia;2;0;1;2;2;1;0;2;3;1;0;1;2;0;1;1;1;1;1;4;2;3;2;4;3;11;1;3;6;7;9;4;11;10;9;10;8;4;3;3;11;7;12;0;5;6;6;6;8;4;10;8;7;10;9;6;5;9;7;4;3;3;7;4;4;3;1;2;1;1;2;2;0;1;1;0;1;3;1;0;0;0;1;0;0;0;0;2;0;0;0;0;0;0;0;0;0;2;0;0;0
032004;San Dorligo della Valle-Dolina;0;0;1;0;0;0;0;0;1;1;0;1;0;0;0;0;1;0;0;3;2;1;0;1;0;1;3;0;1;2;3;4;3;2;4;1;3;5;5;6;8;5;10;5;1;4;2;2;5;5;5;3;4;2;2;0;5;4;2;3;1;2;1;4;0;1;0;0;0;2;1;1;0;0;1;0;0;0;0;0;0;1;0;0;0;0;0;0;0;0;0;0;0;0;0;0;0;0;0;0;0
032005;Sgonico;0;0;0;1;0;0;1;0;0;1;0;1;0;0;0;0;1;1;0;0;0;0;0;1;3;2;1;0;1;1;0;4;2;3;1;2;0;0;1;1;0;2;0;1;0;0;0;0;1;0;0;0;1;0;1;0;0;0;0;1;1;2;0;0;0;0;1;0;0;0;0;0;0;0;0;1;0;1;0;0;0;0;0;0;0;0;0;1;0;0;0;0;0;0;0;0;0;0;0;0;0
032006;Trieste;163;116;131;86;116;113;95;100;130;109;112;116;104;119;116;118;143;112;103;102;129;118;135;169;181;182;222;230;257;263;267;315;329;302;313;299;284;305;281;256;249;269;226;243;215;200;202;174;165;165;180;200;153;172;168;148;126;127;123;112;72;52;53;62;63;64;53;48;28;41;26;12;41;28;23;19;18;16;12;16;12;17;15;23;15;12;15;8;9;5;0;5;5;8;6;2;5;0;1;2;2
;Totale;166;117;134;90;120;116;97;104;135;114;112;123;108;119;121;120;146;117;108;111;135;123;138;178;187;196;229;238;270;278;289;330;356;321;330;321;299;318;297;269;274;285;252;252;235;213;214;186;187;183;197;218;170;190;188;158;139;145;139;122;77;62;65;72;71;68;57;52;30;44;33;18;42;30;25;22;20;21;15;16;13;18;17;23;15;12;15;11;9;5;0;5;5;9;6;2;5;3;1;2;3
Territorio/Età;;0;1;2;3;4;5;6;7;8;9;10;11;12;13;14;15;16;17;18;19;20;21;22;23;24;25;26;27;28;29;30;31;32;33;34;35;36;37;38;39;40;41;42;43;44;45;46;47;48;49;50;51;52;53;54;55;56;57;58;59;60;61;62;63;64;65;66;67;68;69;70;71;72;73;74;75;76;77;78;79;80;81;82;83;84;85;86;87;88;89;90;91;92;93;94;95;96;97;98;99;100
Codice comune;Comune;Maschi
032001;Duino-Aurisina;0;0;1;0;2;1;0;1;0;2;0;1;1;0;1;0;0;2;2;0;2;1;0;3;0;0;2;1;2;0;2;2;5;1;0;2;2;1;4;2;3;0;0;0;8;2;1;2;4;3;1;4;4;3;4;4;2;3;6;1;0;2;0;0;0;0;0;0;1;0;2;1;0;1;0;2;1;0;2;0;0;0;0;0;0;0;0;0;0;0;0;0;0;1;0;0;0;0;0;0;0
032002;Monrupino;0;0;0;0;0;1;0;0;0;0;0;0;0;0;0;0;0;0;0;0;0;0;0;0;0;0;0;1;0;0;0;1;1;0;0;0;0;0;0;0;0;0;1;0;0;0;0;0;0;0;0;0;0;0;2;0;0;0;0;0;0;0;0;0;0;0;0;0;0;0;1;0;0;0;0;0;0;0;0;0;0;0;0;0;0;0;0;0;0;0;0;0;0;0;0;0;0;0;0;0;0
032003;Muggia;1;0;1;2;1;0;0;1;3;0;0;1;2;0;0;0;1;1;0;1;1;1;0;1;0;6;0;3;5;0;1;0;4;3;4;3;4;2;3;3;10;4;5;0;3;2;4;4;2;2;7;6;5;4;2;3;2;4;3;2;2;1;3;2;2;0;0;2;0;1;0;1;0;1;0;0;1;3;0;0;0;0;0;0;0;0;0;0;0;0;0;0;0;0;0;0;0;0;0;0;0
032004;San Dorligo della Valle-Dolina;0;0;1;0;0;0;0;0;0;0;0;1;0;0;0;0;1;0;0;0;1;0;0;0;0;1;3;0;0;2;0;1;0;1;0;0;2;1;3;2;6;3;6;3;0;1;0;1;3;5;2;3;3;2;1;0;2;3;2;0;1;2;1;1;0;0;0;0;0;1;1;0;0;0;1;0;0;0;0;0;0;1;0;0;0;0;0;0;0;0;0;0;0;0;0;0;0;0;0;0;0
032005;Sgonico;0;0;0;1;0;0;1;0;0;0;0;0;0;0;0;0;1;0;0;0;0;0;0;0;2;0;1;0;1;1;0;3;0;1;1;0;0;0;1;0;0;0;0;0;0;0;0;0;0;0;0;0;0;0;1;0;0;0;0;1;0;2;0;0;0;0;1;0;0;0;0;0;0;0;0;0;0;0;0;0;0;0;0;0;0;0;0;0;0;0;0;0;0;0;0;0;0;0;0;0;0
032006;Trieste;86;73;78;37;51;55;51;57;73;58;50;60;51;69;67;65;75;57;59;61;68;69;78;95;78;72;100;103;123;113;106;149;151;136;133;139;137;132;152;122;121;135;128;128;122;106;108;89;83;91;93;102;72;76;83;72;60;58;55;47;36;23;18;30;30;28;23;20;12;18;9;0;19;12;7;9;7;3;3;6;3;5;2;9;3;6;4;3;6;3;0;1;0;2;2;0;3;0;0;0;0
;Totale;87;73;81;40;54;57;52;59;76;60;50;63;54;69;68;65;78;60;61;62;72;71;78;99;80;79;106;108;131;116;109;156;161;142;138;144;145;136;163;129;140;142;140;131;133;111;113;96;92;101;103;115;84;85;93;79;66;68;66;51;39;30;22;33;32;28;24;22;13;20;13;2;19;14;8;11;9;6;5;6;3;6;2;9;3;6;4;3;6;3;0;1;0;3;2;0;3;0;0;0;0
Territorio/Età;;0;1;2;3;4;5;6;7;8;9;10;11;12;13;14;15;16;17;18;19;20;21;22;23;24;25;26;27;28;29;30;31;32;33;34;35;36;37;38;39;40;41;42;43;44;45;46;47;48;49;50;51;52;53;54;55;56;57;58;59;60;61;62;63;64;65;66;67;68;69;70;71;72;73;74;75;76;77;78;79;80;81;82;83;84;85;86;87;88;89;90;91;92;93;94;95;96;97;98;99;100
Codice comune;Comune;Femmine
032001;Duino-Aurisina;1;1;0;1;0;0;1;1;1;0;0;3;1;0;3;1;0;1;2;1;0;0;0;0;0;0;0;3;3;5;8;0;4;3;3;5;2;3;3;0;3;2;3;3;6;1;2;1;4;6;1;3;1;3;2;0;1;2;1;1;0;1;4;2;3;0;2;2;0;0;0;2;1;0;0;0;0;1;0;0;1;0;1;0;0;0;0;0;0;0;0;0;0;0;0;0;0;1;0;0;1
032002;Monrupino;0;0;0;0;0;0;0;0;0;0;0;0;0;0;0;0;0;0;0;1;0;0;1;0;0;0;0;0;0;0;0;0;1;0;0;2;0;0;0;1;0;0;0;0;0;0;1;1;0;0;0;0;0;0;0;0;0;0;0;0;0;0;0;0;1;0;0;0;0;0;1;0;0;0;0;0;0;0;0;0;0;0;0;0;0;0;0;0;0;0;0;0;0;0;0;0;0;0;0;0;0
032003;Muggia;1;0;0;0;1;1;0;1;0;1;0;0;0;0;1;1;0;0;1;3;1;2;2;3;3;5;1;0;1;7;8;4;7;7;5;7;4;2;0;0;1;3;7;0;2;4;2;2;6;2;3;2;2;6;7;3;3;5;4;2;1;2;4;2;2;3;1;0;1;0;2;1;0;0;1;0;0;0;1;0;0;0;1;0;0;0;0;2;0;0;0;0;0;0;0;0;0;2;0;0;0
032004;San Dorligo della Valle-Dolina;0;0;0;0;0;0;0;0;1;1;0;0;0;0;0;0;0;0;0;3;1;1;0;1;0;0;0;0;1;0;3;3;3;1;4;1;1;4;2;4;2;2;4;2;1;3;2;1;2;0;3;0;1;0;1;0;3;1;0;3;0;0;0;3;0;1;0;0;0;1;0;1;0;0;0;0;0;0;0;0;0;0;0;0;0;0;0;0;0;0;0;0;0;0;0;0;0;0;0;0;0
032005;Sgonico;0;0;0;0;0;0;0;0;0;1;0;1;0;0;0;0;0;1;0;0;0;0;0;1;1;2;0;0;0;0;0;1;2;2;0;2;0;0;0;1;0;2;0;1;0;0;0;0;1;0;0;0;1;0;0;0;0;0;0;0;1;0;0;0;0;0;0;0;0;0;0;0;0;0;0;1;0;1;0;0;0;0;0;0;0;0;0;1;0;0;0;0;0;0;0;0;0;0;0;0;0
032006;Trieste;77;43;53;49;65;58;44;43;57;51;62;56;53;50;49;53;68;55;44;41;61;49;57;74;103;110;122;127;134;150;161;166;178;166;180;160;147;173;129;134;128;134;98;115;93;94;94;85;82;74;87;98;81;96;85;76;66;69;68;65;36;29;35;32;33;36;30;28;16;23;17;12;22;16;16;10;11;13;9;10;9;12;13;14;12;6;11;5;3;2;0;4;5;6;4;2;2;0;1;2;2
;Totale;79;44;53;50;66;59;45;45;59;54;62;60;54;50;53;55;68;57;47;49;63;52;60;79;107;117;123;130;139;162;180;174;195;179;192;177;154;182;134;140;134;143;112;121;102;102;101;90;95;82;94;103;86;105;95;79;73;77;73;71;38;32;43;39;39;40;33;30;17;24;20;16;23;16;17;11;11;15;10;10;10;12;15;14;12;6;11;8;3;2;0;4;5;6;4;2;2;3;1;2;3

"Ricostruzione della popolazione intercensuaria - Popolazione al 1° gennaio per età"
"Cittadinanza straniera - Anno: 2008 - Provincia: Trieste"
Territorio/Età;;0;1;2;3;4;5;6;7;8;9;10;11;12;13;14;15;16;17;18;19;20;21;22;23;24;25;26;27;28;29;30;31;32;33;34;35;36;37;38;39;40;41;42;43;44;45;46;47;48;49;50;51;52;53;54;55;56;57;58;59;60;61;62;63;64;65;66;67;68;69;70;71;72;73;74;75;76;77;78;79;80;81;82;83;84;85;86;87;88;89;90;91;92;93;94;95;96;97;98;99;100
Codice comune;Comune;Totale
032001;Duino-Aurisina;1;1;1;1;1;2;1;1;2;1;2;0;4;2;0;3;1;1;3;4;1;2;4;0;2;0;1;4;4;9;8;9;2;9;2;3;9;4;4;8;2;8;1;7;2;15;2;3;2;9;10;2;6;3;6;6;2;3;5;7;2;2;3;3;2;2;0;2;2;1;1;2;3;0;1;0;1;1;0;1;0;1;0;1;0;0;0;0;0;0;0;0;0;0;1;0;0;0;1;0;1
032002;Monrupino;0;0;0;0;0;0;1;0;0;0;0;0;0;0;0;0;0;0;0;0;0;1;0;1;0;0;0;0;0;0;0;0;2;2;0;0;2;0;0;1;1;0;0;1;0;0;0;1;1;0;0;0;0;0;1;3;0;0;0;0;0;0;0;0;0;1;0;0;0;0;0;2;0;0;0;0;0;0;0;0;0;0;0;0;0;0;0;0;0;0;0;0;0;0;0;0;0;0;0;0;0
032003;Muggia;2;3;0;1;3;1;3;1;2;3;1;1;1;0;1;1;3;2;1;1;4;2;2;3;6;3;10;3;5;3;10;13;4;10;9;8;10;7;5;3;2;12;7;12;0;6;8;5;8;6;2;11;10;5;10;6;5;2;8;7;4;3;1;3;0;3;2;1;2;0;1;2;2;0;1;1;0;1;3;1;0;0;0;1;0;0;0;0;2;0;0;0;0;0;0;0;0;0;2;0;0
032004;San Dorligo della Valle-Dolina;0;0;0;0;0;0;0;0;0;1;0;1;1;0;0;0;0;1;0;0;3;2;4;0;1;0;1;3;0;3;3;3;3;2;2;4;1;6;3;7;5;10;6;10;5;5;4;2;3;6;6;6;3;4;3;2;1;3;3;3;1;1;2;0;2;0;1;0;0;0;2;0;1;0;0;1;0;0;0;0;0;0;1;0;0;0;0;0;1;0;0;0;0;0;0;0;0;0;0;0;0
032005;Sgonico;1;0;0;0;1;0;0;1;0;0;1;0;1;0;1;1;0;0;0;0;0;1;0;0;0;2;2;1;0;0;1;0;2;2;1;1;1;0;0;2;1;0;0;0;0;0;0;0;0;0;0;0;0;2;0;1;0;0;0;0;1;1;2;0;0;0;0;1;0;1;0;0;0;0;0;0;1;0;1;0;0;0;0;0;0;0;0;0;0;0;0;0;0;0;0;0;0;0;0;0;0
032006;Trieste;157;179;132;151;107;138;130;103;112;143;125;129;135;118;137;124;144;158;127;125;137;159;152;181;204;229;249;270;270;321;308;307;344;350;333;346;319;308;304;302;262;264;279;237;250;218;201;212;182;166;168;189;206;160;174;172;144;132;126;121;108;73;49;53;57;64;62;53;48;31;39;30;13;37;28;23;21;17;15;10;15;13;15;15;19;13;9;11;8;8;3;0;5;4;4;4;1;3;0;1;2
;Totale;161;183;133;153;112;141;135;106;116;148;129;131;142;120;139;129;148;162;131;130;145;167;162;185;213;234;263;281;279;336;330;332;357;375;347;362;342;325;316;323;273;294;293;267;257;244;215;223;196;187;186;208;225;174;194;190;152;140;142;138;116;80;57;59;61;70;65;57;52;33;43;36;19;37;30;25;23;19;19;12;15;14;16;17;19;13;9;11;11;8;3;0;5;4;5;4;1;3;3;1;3
Territorio/Età;;0;1;2;3;4;5;6;7;8;9;10;11;12;13;14;15;16;17;18;19;20;21;22;23;24;25;26;27;28;29;30;31;32;33;34;35;36;37;38;39;40;41;42;43;44;45;46;47;48;49;50;51;52;53;54;55;56;57;58;59;60;61;62;63;64;65;66;67;68;69;70;71;72;73;74;75;76;77;78;79;80;81;82;83;84;85;86;87;88;89;90;91;92;93;94;95;96;97;98;99;100
Codice comune;Comune;Maschi
032001;Duino-Aurisina;0;0;0;1;0;2;1;0;1;0;2;0;1;1;0;0;0;1;2;2;0;2;2;0;2;0;0;2;0;4;0;1;2;6;1;0;2;1;1;4;2;5;0;3;0;9;1;1;1;3;3;1;4;2;3;4;2;2;3;6;1;0;2;0;0;0;0;0;0;1;1;2;1;0;1;0;1;1;0;1;0;0;0;0;0;0;0;0;0;0;0;0;0;0;1;0;0;0;0;0;0
032002;Monrupino;0;0;0;0;0;0;1;0;0;0;0;0;0;0;0;0;0;0;0;0;0;0;0;0;0;0;0;0;0;0;0;0;1;1;0;0;0;0;0;0;0;0;0;1;0;0;0;0;0;0;0;0;0;0;0;3;0;0;0;0;0;0;0;0;0;0;0;0;0;0;0;1;0;0;0;0;0;0;0;0;0;0;0;0;0;0;0;0;0;0;0;0;0;0;0;0;0;0;0;0;0
032003;Muggia;1;2;0;1;2;0;1;1;0;3;0;0;1;0;0;0;0;2;1;0;1;1;2;1;3;0;4;1;4;3;0;2;0;4;1;4;4;4;2;3;2;8;3;4;0;4;3;3;4;1;2;7;6;4;5;2;3;0;4;3;3;2;1;2;0;2;0;0;2;0;1;0;1;0;1;0;0;1;3;0;0;0;0;0;0;0;0;0;0;0;0;0;0;0;0;0;0;0;0;0;0
032004;San Dorligo della Valle-Dolina;0;0;0;0;0;0;0;0;0;0;0;0;1;0;0;0;0;1;0;0;0;1;0;0;0;0;1;3;0;0;3;0;0;0;1;1;1;5;1;4;2;8;3;5;3;3;2;0;2;3;6;2;3;3;3;0;1;2;3;3;0;1;2;0;0;0;0;0;0;0;1;0;0;0;0;1;0;0;0;0;0;0;1;0;0;0;0;0;0;0;0;0;0;0;0;0;0;0;0;0;0
032005;Sgonico;1;0;0;0;1;0;0;1;0;0;0;0;0;0;0;0;0;0;0;0;0;1;0;0;0;2;0;1;0;0;1;0;1;0;1;1;0;0;0;1;0;0;0;0;0;0;0;0;0;0;0;0;0;1;0;1;0;0;0;0;1;0;2;0;0;0;0;1;0;0;0;0;0;0;0;0;0;0;0;0;0;0;0;0;0;0;0;0;0;0;0;0;0;0;0;0;0;0;0;0;0
032006;Trieste;80;100;77;97;47;57;66;56;62;80;63;56;71;56;80;73;77;90;68;75;87;84;86;100;107;108;101;125;119;156;133;130;167;158;150;154;150;153;135;163;126;132;143;131;129;127;107;111;93;82;93;96;101;79;78;91;69;60;57;55;48;36;22;20;26;32;28;25;19;13;16;10;1;17;13;7;10;8;4;3;6;2;5;3;7;3;5;4;3;6;1;0;1;0;0;2;0;1;0;0;0
;Totale;82;102;77;99;50;59;69;58;63;83;65;56;74;57;80;73;77;94;71;77;88;89;90;101;112;110;106;132;123;163;137;133;171;169;154;160;157;163;139;175;132;153;149;144;132;143;113;115;100;89;104;106;114;89;89;101;75;64;67;67;53;39;29;22;26;34;28;26;21;14;19;13;3;17;15;8;11;10;7;4;6;2;6;3;7;3;5;4;3;6;1;0;1;0;1;2;0;1;0;0;0
Territorio/Età;;0;1;2;3;4;5;6;7;8;9;10;11;12;13;14;15;16;17;18;19;20;21;22;23;24;25;26;27;28;29;30;31;32;33;34;35;36;37;38;39;40;41;42;43;44;45;46;47;48;49;50;51;52;53;54;55;56;57;58;59;60;61;62;63;64;65;66;67;68;69;70;71;72;73;74;75;76;77;78;79;80;81;82;83;84;85;86;87;88;89;90;91;92;93;94;95;96;97;98;99;100
Codice comune;Comune;Femmine
032001;Duino-Aurisina;1;1;1;0;1;0;0;1;1;1;0;0;3;1;0;3;1;0;1;2;1;0;2;0;0;0;1;2;4;5;8;8;0;3;1;3;7;3;3;4;0;3;1;4;2;6;1;2;1;6;7;1;2;1;3;2;0;1;2;1;1;2;1;3;2;2;0;2;2;0;0;0;2;0;0;0;0;0;0;0;0;1;0;1;0;0;0;0;0;0;0;0;0;0;0;0;0;0;1;0;1
032002;Monrupino;0;0;0;0;0;0;0;0;0;0;0;0;0;0;0;0;0;0;0;0;0;1;0;1;0;0;0;0;0;0;0;0;1;1;0;0;2;0;0;1;1;0;0;0;0;0;0;1;1;0;0;0;0;0;1;0;0;0;0;0;0;0;0;0;0;1;0;0;0;0;0;1;0;0;0;0;0;0;0;0;0;0;0;0;0;0;0;0;0;0;0;0;0;0;0;0;0;0;0;0;0
032003;Muggia;1;1;0;0;1;1;2;0;2;0;1;1;0;0;1;1;3;0;0;1;3;1;0;2;3;3;6;2;1;0;10;11;4;6;8;4;6;3;3;0;0;4;4;8;0;2;5;2;4;5;0;4;4;1;5;4;2;2;4;4;1;1;0;1;0;1;2;1;0;0;0;2;1;0;0;1;0;0;0;1;0;0;0;1;0;0;0;0;2;0;0;0;0;0;0;0;0;0;2;0;0
032004;San Dorligo della Valle-Dolina;0;0;0;0;0;0;0;0;0;1;0;1;0;0;0;0;0;0;0;0;3;1;4;0;1;0;0;0;0;3;0;3;3;2;1;3;0;1;2;3;3;2;3;5;2;2;2;2;1;3;0;4;0;1;0;2;0;1;0;0;1;0;0;0;2;0;1;0;0;0;1;0;1;0;0;0;0;0;0;0;0;0;0;0;0;0;0;0;1;0;0;0;0;0;0;0;0;0;0;0;0
032005;Sgonico;0;0;0;0;0;0;0;0;0;0;1;0;1;0;1;1;0;0;0;0;0;0;0;0;0;0;2;0;0;0;0;0;1;2;0;0;1;0;0;1;1;0;0;0;0;0;0;0;0;0;0;0;0;1;0;0;0;0;0;0;0;1;0;0;0;0;0;0;0;1;0;0;0;0;0;0;1;0;1;0;0;0;0;0;0;0;0;0;0;0;0;0;0;0;0;0;0;0;0;0;0
032006;Trieste;77;79;55;54;60;81;64;47;50;63;62;73;64;62;57;51;67;68;59;50;50;75;66;81;97;121;148;145;151;165;175;177;177;192;183;192;169;155;169;139;136;132;136;106;121;91;94;101;89;84;75;93;105;81;96;81;75;72;69;66;60;37;27;33;31;32;34;28;29;18;23;20;12;20;15;16;11;9;11;7;9;11;10;12;12;10;4;7;5;2;2;0;4;4;4;2;1;2;0;1;2
;Totale;79;81;56;54;62;82;66;48;53;65;64;75;68;63;59;56;71;68;60;53;57;78;72;84;101;124;157;149;156;173;193;199;186;206;193;202;185;162;177;148;141;141;144;123;125;101;102;108;96;98;82;102;111;85;105;89;77;76;75;71;63;41;28;37;35;36;37;31;31;19;24;23;16;20;15;17;12;9;12;8;9;12;10;14;12;10;4;7;8;2;2;0;4;4;4;2;1;2;3;1;3

"Ricostruzione della popolazione intercensuaria - Popolazione al 1° gennaio per età"
"Cittadinanza straniera - Anno: 2009 - Provincia: Trieste"
Territorio/Età;;0;1;2;3;4;5;6;7;8;9;10;11;12;13;14;15;16;17;18;19;20;21;22;23;24;25;26;27;28;29;30;31;32;33;34;35;36;37;38;39;40;41;42;43;44;45;46;47;48;49;50;51;52;53;54;55;56;57;58;59;60;61;62;63;64;65;66;67;68;69;70;71;72;73;74;75;76;77;78;79;80;81;82;83;84;85;86;87;88;89;90;91;92;93;94;95;96;97;98;99;100
Codice comune;Comune;Totale
032001;Duino-Aurisina;1;1;1;0;1;1;2;1;1;2;1;0;0;4;2;0;1;2;1;1;4;0;2;4;1;2;0;1;6;6;7;10;7;0;9;2;3;6;2;6;7;2;10;1;4;4;16;2;3;2;7;7;1;6;3;4;4;2;2;6;8;2;2;1;3;2;2;0;0;2;1;0;2;3;1;1;0;1;1;0;2;1;1;0;1;0;0;0;0;0;0;0;0;0;0;1;0;0;0;1;1
032002;Monrupino;0;0;0;0;0;0;0;1;0;0;0;1;0;1;0;0;0;0;0;0;0;0;1;0;1;1;1;0;1;0;0;0;0;1;2;0;0;4;0;0;0;1;0;0;1;0;0;0;1;0;0;0;0;0;0;1;2;0;0;0;0;0;0;0;0;0;1;0;0;0;0;0;1;0;0;0;0;0;0;0;0;0;0;0;0;0;0;0;0;0;0;0;0;0;0;0;0;0;0;0;0
032003;Muggia;3;2;5;0;2;2;1;2;1;2;3;1;1;2;0;0;1;3;2;2;2;3;2;1;6;6;0;7;5;4;7;11;12;3;8;6;6;8;5;2;4;1;10;7;10;2;5;7;6;3;5;6;10;6;4;8;4;3;3;4;3;3;2;1;2;0;3;1;0;1;0;1;2;1;0;1;1;0;1;2;1;0;0;0;1;0;0;0;0;2;0;0;0;0;0;0;0;0;0;0;0
032004;San Dorligo della Valle-Dolina;0;0;0;0;0;0;1;0;0;0;1;0;1;1;0;0;0;0;1;0;0;4;1;4;0;1;2;1;3;0;5;3;3;0;4;3;3;2;5;3;6;7;9;3;9;5;4;3;1;3;6;0;4;3;4;4;2;1;2;3;2;1;1;2;0;2;0;1;0;0;0;1;0;1;0;0;0;0;0;0;0;0;0;1;0;0;0;0;0;0;0;0;0;0;0;0;0;0;0;0;0
032005;Sgonico;0;1;0;0;0;1;0;0;1;0;0;1;0;1;0;1;1;0;0;0;0;0;1;0;0;0;1;2;1;0;0;0;0;2;2;0;1;1;0;0;2;1;0;0;0;0;0;0;0;1;0;0;1;0;2;0;1;0;0;0;0;0;1;2;0;0;0;0;1;0;1;0;0;0;0;0;0;0;0;1;0;0;0;0;0;0;0;0;0;0;0;0;0;0;0;1;0;0;0;0;0
032006;Trieste;208;163;200;153;160;122;155;147;120;130;151;145;151;164;128;163;146;156;169;153;168;174;205;205;239;267;277;305;308;316;337;325;347;394;375;352;381;336;338;320;332;281;273;290;259;266;239;227;220;197;174;172;191;211;168;188;180;148;124;131;120;102;73;52;52;57;59;68;50;47;25;39;28;13;36;27;23;22;15;13;9;14;12;12;13;17;10;8;8;8;4;3;1;4;3;3;2;1;3;0;2
;Totale;212;167;206;153;163;126;159;151;123;134;156;148;153;173;130;164;149;161;173;156;174;181;212;214;247;277;281;316;324;326;356;349;369;400;400;363;394;357;350;331;351;293;302;301;283;277;264;239;231;206;192;185;207;226;181;205;193;154;131;144;133;108;79;58;57;61;65;70;51;50;27;41;33;18;37;29;24;23;17;16;12;15;13;13;15;17;10;8;8;10;4;3;1;4;3;5;2;1;3;1;3
Territorio/Età;;0;1;2;3;4;5;6;7;8;9;10;11;12;13;14;15;16;17;18;19;20;21;22;23;24;25;26;27;28;29;30;31;32;33;34;35;36;37;38;39;40;41;42;43;44;45;46;47;48;49;50;51;52;53;54;55;56;57;58;59;60;61;62;63;64;65;66;67;68;69;70;71;72;73;74;75;76;77;78;79;80;81;82;83;84;85;86;87;88;89;90;91;92;93;94;95;96;97;98;99;100
Codice comune;Comune;Maschi
032001;Duino-Aurisina;1;0;0;0;1;1;2;0;0;1;0;0;0;1;1;0;0;1;1;1;2;0;2;2;1;2;0;0;2;2;2;1;0;0;7;1;0;0;1;2;4;0;7;1;1;1;9;1;1;1;3;3;0;4;2;3;2;2;2;3;6;1;0;0;0;0;0;0;0;0;1;0;2;1;1;1;0;1;1;0;2;1;0;0;0;0;0;0;0;0;0;0;0;0;0;1;0;0;0;0;0
032002;Monrupino;0;0;0;0;0;0;0;1;0;0;0;0;0;1;0;0;0;0;0;0;0;0;0;0;0;0;1;0;0;0;0;0;0;0;1;0;0;0;0;0;0;0;0;0;1;0;0;0;0;0;0;0;0;0;0;0;2;0;0;0;0;0;0;0;0;0;0;0;0;0;0;0;1;0;0;0;0;0;0;0;0;0;0;0;0;0;0;0;0;0;0;0;0;0;0;0;0;0;0;0;0
032003;Muggia;0;1;2;0;1;2;0;1;1;0;3;0;0;2;0;0;0;1;2;1;0;2;0;1;3;4;0;2;1;4;5;0;2;0;4;0;4;3;3;1;4;1;7;3;4;1;4;2;2;0;1;3;7;4;3;3;1;2;1;1;1;2;2;1;1;0;2;0;0;1;0;1;0;0;0;1;0;0;1;2;0;0;0;0;0;0;0;0;0;0;0;0;0;0;0;0;0;0;0;0;0
032004;San Dorligo della Valle-Dolina;0;0;0;0;0;0;0;0;0;0;0;0;0;1;0;0;0;0;1;0;0;1;0;0;0;0;1;1;3;0;1;3;0;0;0;2;2;2;5;1;4;3;7;2;4;2;3;1;0;2;4;0;2;3;3;3;0;1;1;3;2;0;1;2;0;0;0;0;0;0;0;1;0;0;0;0;0;0;0;0;0;0;0;1;0;0;0;0;0;0;0;0;0;0;0;0;0;0;0;0;0
032005;Sgonico;0;1;0;0;0;1;0;0;1;0;0;0;0;0;0;0;0;0;0;0;0;0;1;0;0;0;1;0;1;0;0;0;0;1;0;0;1;0;0;0;1;0;0;0;0;0;0;0;0;0;0;0;1;0;1;0;1;0;0;0;0;0;0;2;0;0;0;0;1;0;0;0;0;0;0;0;0;0;0;0;0;0;0;0;0;0;0;0;0;0;0;0;0;0;0;1;0;0;0;0;0
032006;Trieste;116;85;111;91;101;53;66;69;66;67;85;76;66;84;61;94;87;82;99;83;101;108;106;110;121;137;134;137;144;135;162;151;145;199;167;156;183;156;173;145;186;134;138;149;136;144;132;117;116;98;88;91;95;102;77;82;92;66;57;61;56;48;37;25;20;28;29;30;24;18;10;14;9;1;17;13;8;10;7;3;2;5;3;4;1;6;3;4;4;3;3;1;0;1;0;0;0;0;1;0;0
;Totale;117;87;113;91;103;57;68;71;68;68;88;76;66;89;62;94;87;84;103;85;103;111;109;113;125;143;137;140;151;141;170;155;147;200;179;159;190;161;182;149;199;138;159;155;146;148;148;121;119;101;96;97;105;113;86;91;98;71;61;68;65;51;40;30;21;28;31;30;25;19;11;16;12;2;18;15;8;11;9;5;4;6;3;5;1;6;3;4;4;3;3;1;0;1;0;2;0;0;1;0;0
Territorio/Età;;0;1;2;3;4;5;6;7;8;9;10;11;12;13;14;15;16;17;18;19;20;21;22;23;24;25;26;27;28;29;30;31;32;33;34;35;36;37;38;39;40;41;42;43;44;45;46;47;48;49;50;51;52;53;54;55;56;57;58;59;60;61;62;63;64;65;66;67;68;69;70;71;72;73;74;75;76;77;78;79;80;81;82;83;84;85;86;87;88;89;90;91;92;93;94;95;96;97;98;99;100
Codice comune;Comune;Femmine
032001;Duino-Aurisina;0;1;1;0;0;0;0;1;1;1;1;0;0;3;1;0;1;1;0;0;2;0;0;2;0;0;0;1;4;4;5;9;7;0;2;1;3;6;1;4;3;2;3;0;3;3;7;1;2;1;4;4;1;2;1;1;2;0;0;3;2;1;2;1;3;2;2;0;0;2;0;0;0;2;0;0;0;0;0;0;0;0;1;0;1;0;0;0;0;0;0;0;0;0;0;0;0;0;0;1;1
032002;Monrupino;0;0;0;0;0;0;0;0;0;0;0;1;0;0;0;0;0;0;0;0;0;0;1;0;1;1;0;0;1;0;0;0;0;1;1;0;0;4;0;0;0;1;0;0;0;0;0;0;1;0;0;0;0;0;0;1;0;0;0;0;0;0;0;0;0;0;1;0;0;0;0;0;0;0;0;0;0;0;0;0;0;0;0;0;0;0;0;0;0;0;0;0;0;0;0;0;0;0;0;0;0
032003;Muggia;3;1;3;0;1;0;1;1;0;2;0;1;1;0;0;0;1;2;0;1;2;1;2;0;3;2;0;5;4;0;2;11;10;3;4;6;2;5;2;1;0;0;3;4;6;1;1;5;4;3;4;3;3;2;1;5;3;1;2;3;2;1;0;0;1;0;1;1;0;0;0;0;2;1;0;0;1;0;0;0;1;0;0;0;1;0;0;0;0;2;0;0;0;0;0;0;0;0;0;0;0
032004;San Dorligo della Valle-Dolina;0;0;0;0;0;0;1;0;0;0;1;0;1;0;0;0;0;0;0;0;0;3;1;4;0;1;1;0;0;0;4;0;3;0;4;1;1;0;0;2;2;4;2;1;5;3;1;2;1;1;2;0;2;0;1;1;2;0;1;0;0;1;0;0;0;2;0;1;0;0;0;0;0;1;0;0;0;0;0;0;0;0;0;0;0;0;0;0;0;0;0;0;0;0;0;0;0;0;0;0;0
032005;Sgonico;0;0;0;0;0;0;0;0;0;0;0;1;0;1;0;1;1;0;0;0;0;0;0;0;0;0;0;2;0;0;0;0;0;1;2;0;0;1;0;0;1;1;0;0;0;0;0;0;0;1;0;0;0;0;1;0;0;0;0;0;0;0;1;0;0;0;0;0;0;0;1;0;0;0;0;0;0;0;0;1;0;0;0;0;0;0;0;0;0;0;0;0;0;0;0;0;0;0;0;0;0
032006;Trieste;92;78;89;62;59;69;89;78;54;63;66;69;85;80;67;69;59;74;70;70;67;66;99;95;118;130;143;168;164;181;175;174;202;195;208;196;198;180;165;175;146;147;135;141;123;122;107;110;104;99;86;81;96;109;91;106;88;82;67;70;64;54;36;27;32;29;30;38;26;29;15;25;19;12;19;14;15;12;8;10;7;9;9;8;12;11;7;4;4;5;1;2;1;3;3;3;2;1;2;0;2
;Totale;95;80;93;62;60;69;91;80;55;66;68;72;87;84;68;70;62;77;70;71;71;70;103;101;122;134;144;176;173;185;186;194;222;200;221;204;204;196;168;182;152;155;143;146;137;129;116;118;112;105;96;88;102;113;95;114;95;83;70;76;68;57;39;28;36;33;34;40;26;31;16;25;21;16;19;14;16;12;8;11;8;9;10;8;14;11;7;4;4;7;1;2;1;3;3;3;2;1;2;1;3

"Ricostruzione della popolazione intercensuaria - Popolazione al 1° gennaio per età"
"Cittadinanza straniera - Anno: 2010 - Provincia: Trieste"
Territorio/Età;;0;1;2;3;4;5;6;7;8;9;10;11;12;13;14;15;16;17;18;19;20;21;22;23;24;25;26;27;28;29;30;31;32;33;34;35;36;37;38;39;40;41;42;43;44;45;46;47;48;49;50;51;52;53;54;55;56;57;58;59;60;61;62;63;64;65;66;67;68;69;70;71;72;73;74;75;76;77;78;79;80;81;82;83;84;85;86;87;88;89;90;91;92;93;94;95;96;97;98;99;100
Codice comune;Comune;Totale
032001;Duino-Aurisina;0;2;1;1;0;1;2;2;1;1;2;1;0;0;4;1;0;1;3;1;1;2;0;1;3;0;4;0;1;5;5;7;10;8;0;7;3;4;6;3;4;6;4;9;0;3;5;14;4;2;5;6;6;2;6;3;4;4;2;1;6;6;1;1;1;3;2;1;0;0;2;1;1;2;3;0;1;0;1;1;0;2;1;1;0;1;0;0;0;0;0;0;0;0;0;0;1;0;0;0;2
032002;Monrupino;0;0;0;0;0;0;0;0;1;0;0;0;1;0;1;0;0;0;0;0;0;0;0;1;0;1;1;1;0;1;0;0;0;0;0;2;0;0;3;0;0;0;1;0;0;1;0;0;0;1;0;0;0;0;0;0;1;3;0;0;0;0;0;0;0;0;0;1;0;0;0;0;0;1;0;0;0;0;0;0;0;0;0;0;0;0;0;0;0;0;0;0;0;0;0;0;0;0;0;0;0
032003;Muggia;8;2;1;5;0;2;2;2;2;0;2;3;1;2;4;0;0;1;3;0;3;0;3;4;1;6;4;1;5;8;5;5;10;12;4;6;5;8;7;4;2;6;3;10;7;10;1;6;8;5;3;3;6;8;8;5;7;6;2;2;6;2;3;2;1;2;0;3;1;0;1;0;1;1;0;0;1;1;0;0;2;1;0;0;0;1;0;0;0;0;2;0;0;0;0;0;0;0;0;0;0
032004;San Dorligo della Valle-Dolina;0;0;0;0;3;0;0;1;0;0;0;1;0;0;1;0;0;0;0;1;0;0;4;2;3;0;1;1;1;5;2;5;2;3;1;3;2;2;2;4;2;5;7;9;3;11;4;4;2;2;4;5;1;4;3;4;4;2;1;2;2;1;0;1;1;0;1;0;1;0;0;0;0;0;1;0;0;0;0;0;0;0;0;0;1;0;0;0;0;0;0;0;0;0;0;0;0;0;0;0;0
032005;Sgonico;0;1;1;0;0;0;1;0;0;1;0;0;1;0;1;0;1;1;0;0;0;0;0;1;0;0;0;1;2;1;0;0;0;0;2;2;0;1;1;0;0;2;1;0;0;0;0;0;2;0;1;0;0;1;0;2;0;1;0;0;0;0;0;1;2;0;0;0;0;0;0;1;0;0;0;0;0;0;0;0;1;0;0;0;0;0;0;0;0;0;0;0;0;0;0;0;1;0;0;0;0
032006;Trieste;197;210;170;209;163;170;139;170;153;132;147;165;159;170;176;142;175;168;177;199;189;214;229;250;259;288;309;322;338;342;335;351;346;354;406;385;356;399;344;355;333;346;281;275;302;260;263;249;233;226;198;186;172;204;216;177;188;177;145;127;134;121;98;72;53;52;58;58;70;51;46;24;37;28;11;33;27;21;18;13;12;7;10;12;10;12;14;7;8;5;6;4;2;1;3;2;2;2;0;1;2
;Totale;205;215;173;215;166;173;144;175;157;134;151;170;162;172;187;143;176;171;183;201;193;216;236;259;266;295;319;326;347;362;347;368;368;377;413;405;366;414;363;366;341;365;297;303;312;285;273;273;249;236;211;200;185;219;233;191;204;193;150;132;148;130;102;77;58;57;61;63;72;51;49;26;39;32;15;33;29;22;19;14;15;10;11;13;11;14;14;7;8;5;8;4;2;1;3;2;4;2;0;1;4
Territorio/Età;;0;1;2;3;4;5;6;7;8;9;10;11;12;13;14;15;16;17;18;19;20;21;22;23;24;25;26;27;28;29;30;31;32;33;34;35;36;37;38;39;40;41;42;43;44;45;46;47;48;49;50;51;52;53;54;55;56;57;58;59;60;61;62;63;64;65;66;67;68;69;70;71;72;73;74;75;76;77;78;79;80;81;82;83;84;85;86;87;88;89;90;91;92;93;94;95;96;97;98;99;100
Codice comune;Comune;Maschi
032001;Duino-Aurisina;0;2;0;0;0;1;1;2;0;0;1;0;0;0;1;1;0;0;2;1;1;0;0;1;2;0;3;0;0;2;1;2;2;1;0;4;1;1;0;1;1;3;0;5;0;0;2;7;2;0;2;4;1;0;2;2;2;2;2;1;3;5;1;0;0;0;0;0;0;0;0;1;0;2;1;0;1;0;1;1;0;2;1;0;0;0;0;0;0;0;0;0;0;0;0;0;1;0;0;0;0
032002;Monrupino;0;0;0;0;0;0;0;0;1;0;0;0;0;0;1;0;0;0;0;0;0;0;0;0;0;0;0;1;0;0;0;0;0;0;0;1;0;0;0;0;0;0;0;0;0;1;0;0;0;0;0;0;0;0;0;0;0;3;0;0;0;0;0;0;0;0;0;0;0;0;0;0;0;1;0;0;0;0;0;0;0;0;0;0;0;0;0;0;0;0;0;0;0;0;0;0;0;0;0;0;0
032003;Muggia;3;0;1;2;0;1;2;1;1;0;0;3;0;0;2;0;0;0;1;0;1;0;2;0;0;3;2;0;1;1;4;5;2;2;0;2;0;4;4;2;1;4;1;7;3;4;1;4;3;3;0;0;3;6;6;2;2;3;0;2;1;1;2;2;1;1;0;2;0;0;1;0;1;0;0;0;1;0;0;0;2;0;0;0;0;0;0;0;0;0;0;0;0;0;0;0;0;0;0;0;0
032004;San Dorligo della Valle-Dolina;0;0;0;0;0;0;0;0;0;0;0;0;0;0;1;0;0;0;0;1;0;0;1;0;0;0;0;0;1;5;0;1;2;0;1;0;2;1;2;4;1;3;4;7;2;5;2;3;2;1;3;3;1;2;3;3;3;1;1;1;2;1;0;1;1;0;0;0;0;0;0;0;0;0;0;0;0;0;0;0;0;0;0;0;1;0;0;0;0;0;0;0;0;0;0;0;0;0;0;0;0
032005;Sgonico;0;0;1;0;0;0;1;0;0;1;0;0;0;0;0;0;0;0;0;0;0;0;0;1;0;0;0;1;0;0;0;0;0;0;1;0;0;1;0;0;0;1;0;0;0;0;0;0;1;0;0;0;0;1;0;1;0;1;0;0;0;0;0;0;2;0;0;0;0;0;0;0;0;0;0;0;0;0;0;0;0;0;0;0;0;0;0;0;0;0;0;0;0;0;0;0;1;0;0;0;0
032006;Trieste;110;115;88;123;96;104;59;77;76;67;77;91;86;77;92;68;100;101;98;122;113;125;135;121;129;141;162;163;154;157;150;169;164;152;200;173;162;194;165;185;156;191;131;136;156;136;142;136;113;112;94;89;87;92;97;82;79;85;63;55;57;58;43;35;24;19;26;28;29;22;18;11;12;9;2;14;12;8;8;6;3;1;4;2;3;1;5;2;4;3;1;3;0;0;1;0;0;0;0;1;0
;Totale;113;117;90;125;96;106;63;80;78;68;78;94;86;77;97;69;100;101;101;124;115;125;138;123;131;144;167;165;156;165;155;177;170;155;202;180;165;201;171;192;159;202;136;155;161;146;147;150;121;116;99;96;92;101;108;90;86;95;66;59;63;65;46;38;28;20;26;30;29;22;19;12;13;12;3;14;14;8;9;7;5;3;5;2;4;1;5;2;4;3;1;3;0;0;1;0;2;0;0;1;0
Territorio/Età;;0;1;2;3;4;5;6;7;8;9;10;11;12;13;14;15;16;17;18;19;20;21;22;23;24;25;26;27;28;29;30;31;32;33;34;35;36;37;38;39;40;41;42;43;44;45;46;47;48;49;50;51;52;53;54;55;56;57;58;59;60;61;62;63;64;65;66;67;68;69;70;71;72;73;74;75;76;77;78;79;80;81;82;83;84;85;86;87;88;89;90;91;92;93;94;95;96;97;98;99;100
Codice comune;Comune;Femmine
032001;Duino-Aurisina;0;0;1;1;0;0;1;0;1;1;1;1;0;0;3;0;0;1;1;0;0;2;0;0;1;0;1;0;1;3;4;5;8;7;0;3;2;3;6;2;3;3;4;4;0;3;3;7;2;2;3;2;5;2;4;1;2;2;0;0;3;1;0;1;1;3;2;1;0;0;2;0;1;0;2;0;0;0;0;0;0;0;0;1;0;1;0;0;0;0;0;0;0;0;0;0;0;0;0;0;2
032002;Monrupino;0;0;0;0;0;0;0;0;0;0;0;0;1;0;0;0;0;0;0;0;0;0;0;1;0;1;1;0;0;1;0;0;0;0;0;1;0;0;3;0;0;0;1;0;0;0;0;0;0;1;0;0;0;0;0;0;1;0;0;0;0;0;0;0;0;0;0;1;0;0;0;0;0;0;0;0;0;0;0;0;0;0;0;0;0;0;0;0;0;0;0;0;0;0;0;0;0;0;0;0;0
032003;Muggia;5;2;0;3;0;1;0;1;1;0;2;0;1;2;2;0;0;1;2;0;2;0;1;4;1;3;2;1;4;7;1;0;8;10;4;4;5;4;3;2;1;2;2;3;4;6;0;2;5;2;3;3;3;2;2;3;5;3;2;0;5;1;1;0;0;1;0;1;1;0;0;0;0;1;0;0;0;1;0;0;0;1;0;0;0;1;0;0;0;0;2;0;0;0;0;0;0;0;0;0;0
032004;San Dorligo della Valle-Dolina;0;0;0;0;3;0;0;1;0;0;0;1;0;0;0;0;0;0;0;0;0;0;3;2;3;0;1;1;0;0;2;4;0;3;0;3;0;1;0;0;1;2;3;2;1;6;2;1;0;1;1;2;0;2;0;1;1;1;0;1;0;0;0;0;0;0;1;0;1;0;0;0;0;0;1;0;0;0;0;0;0;0;0;0;0;0;0;0;0;0;0;0;0;0;0;0;0;0;0;0;0
032005;Sgonico;0;1;0;0;0;0;0;0;0;0;0;0;1;0;1;0;1;1;0;0;0;0;0;0;0;0;0;0;2;1;0;0;0;0;1;2;0;0;1;0;0;1;1;0;0;0;0;0;1;0;1;0;0;0;0;1;0;0;0;0;0;0;0;1;0;0;0;0;0;0;0;1;0;0;0;0;0;0;0;0;1;0;0;0;0;0;0;0;0;0;0;0;0;0;0;0;0;0;0;0;0
032006;Trieste;87;95;82;86;67;66;80;93;77;65;70;74;73;93;84;74;75;67;79;77;76;89;94;129;130;147;147;159;184;185;185;182;182;202;206;212;194;205;179;170;177;155;150;139;146;124;121;113;120;114;104;97;85;112;119;95;109;92;82;72;77;63;55;37;29;33;32;30;41;29;28;13;25;19;9;19;15;13;10;7;9;6;6;10;7;11;9;5;4;2;5;1;2;1;2;2;2;2;0;0;2
;Totale;92;98;83;90;70;67;81;95;79;66;73;76;76;95;90;74;76;70;82;77;78;91;98;136;135;151;152;161;191;197;192;191;198;222;211;225;201;213;192;174;182;163;161;148;151;139;126;123;128;120;112;104;93;118;125;101;118;98;84;73;85;65;56;39;30;37;35;33;43;29;30;14;26;20;12;19;15;14;10;7;10;7;6;11;7;13;9;5;4;2;7;1;2;1;2;2;2;2;0;0;4

"Ricostruzione della popolazione intercensuaria - Popolazione al 1° gennaio per età"
"Cittadinanza straniera - Anno: 2011 - Provincia: Trieste"
Territorio/Età;;0;1;2;3;4;5;6;7;8;9;10;11;12;13;14;15;16;17;18;19;20;21;22;23;24;25;26;27;28;29;30;31;32;33;34;35;36;37;38;39;40;41;42;43;44;45;46;47;48;49;50;51;52;53;54;55;56;57;58;59;60;61;62;63;64;65;66;67;68;69;70;71;72;73;74;75;76;77;78;79;80;81;82;83;84;85;86;87;88;89;90;91;92;93;94;95;96;97;98;99;100
Codice comune;Comune;Totale
032001;Duino-Aurisina;0;0;2;0;1;0;2;2;2;1;0;2;1;1;0;4;1;0;1;1;1;0;2;0;0;5;2;4;0;2;7;2;4;9;8;2;5;4;4;5;4;5;6;4;7;1;5;5;16;5;5;7;4;6;3;7;3;3;4;4;1;3;6;1;1;2;2;3;1;0;0;2;1;1;2;3;0;1;0;1;1;0;2;1;1;0;0;0;0;0;0;0;0;0;0;0;0;1;0;0;0
032002;Monrupino;0;0;0;1;0;0;1;1;0;1;0;0;0;1;0;1;0;0;0;0;0;0;0;0;1;0;2;1;1;0;1;1;0;0;0;0;2;1;0;3;0;0;0;1;0;0;1;0;0;0;1;0;0;0;0;0;0;0;3;0;0;0;1;0;0;0;0;0;1;0;0;0;0;0;2;0;0;0;0;0;0;0;0;0;0;0;0;0;0;0;0;0;0;0;0;0;0;0;0;0;0
032003;Muggia;0;8;1;1;5;0;2;2;3;2;0;1;4;3;1;4;0;0;3;3;0;3;2;3;5;2;3;6;1;6;7;8;9;12;10;4;6;4;7;8;6;1;5;2;6;7;7;5;6;7;5;5;4;3;9;8;4;6;7;1;3;5;1;1;0;1;1;0;1;0;0;1;0;1;1;0;0;1;1;0;0;1;0;0;0;0;1;0;0;0;0;0;0;0;0;0;0;0;0;0;0
032004;San Dorligo della Valle-Dolina;0;0;0;0;0;3;0;0;1;0;0;0;0;0;0;0;0;0;0;0;1;0;0;3;1;3;0;1;2;0;3;2;5;4;2;0;2;2;1;2;2;2;3;6;6;2;8;2;3;1;2;3;4;1;3;3;3;1;1;1;2;2;1;0;1;1;0;0;0;0;0;0;0;0;0;1;0;0;0;0;0;0;0;0;0;1;0;0;0;0;0;0;0;0;0;0;0;0;0;0;0
032005;Sgonico;0;0;1;1;0;0;0;1;0;0;1;0;0;1;0;1;0;1;1;0;0;0;0;0;2;0;0;0;1;2;0;0;0;0;0;2;2;0;1;1;1;0;2;1;0;1;0;0;0;2;0;1;0;0;1;0;2;0;1;0;0;0;0;0;1;2;0;0;0;0;0;0;1;0;0;0;0;0;0;0;0;1;0;0;0;0;0;0;0;0;0;0;0;0;0;0;0;0;0;0;0
032006;Trieste;225;205;214;179;219;172;171;149;172;157;143;152;177;169;179;187;149;192;174;196;221;216;249;273;296;302;322;337;335;374;372;358;374;358;374;411;380;369;392;338;353;338;350;272;265;303;253;273;248;237;228;205;180;179;194;221;182;186;176;149;127;128;124;93;69;52;46;58;55;69;48;41;21;33;27;9;30;24;18;16;14;11;3;6;10;7;12;9;7;8;3;4;5;2;0;3;1;1;1;0;1
;Totale;225;213;218;182;225;175;176;155;178;161;144;155;182;175;180;197;150;193;179;200;223;219;253;279;305;312;329;349;340;384;390;371;392;383;394;419;397;380;405;357;366;346;366;286;284;314;274;285;273;252;241;221;192;189;210;239;194;196;192;155;133;138;133;95;72;58;49;61;58;69;48;44;23;35;32;13;30;26;19;17;15;13;5;7;11;8;13;9;7;8;3;4;5;2;0;3;1;2;1;0;1
Territorio/Età;;0;1;2;3;4;5;6;7;8;9;10;11;12;13;14;15;16;17;18;19;20;21;22;23;24;25;26;27;28;29;30;31;32;33;34;35;36;37;38;39;40;41;42;43;44;45;46;47;48;49;50;51;52;53;54;55;56;57;58;59;60;61;62;63;64;65;66;67;68;69;70;71;72;73;74;75;76;77;78;79;80;81;82;83;84;85;86;87;88;89;90;91;92;93;94;95;96;97;98;99;100
Codice comune;Comune;Maschi
032001;Duino-Aurisina;0;0;2;0;0;0;1;1;2;0;0;1;0;1;0;1;1;0;0;1;1;0;0;0;0;3;0;3;0;0;2;1;2;2;1;1;1;1;0;0;1;1;3;0;4;0;0;2;7;2;1;4;3;1;0;2;2;1;2;4;1;3;4;1;0;1;0;1;0;0;0;0;1;0;2;1;0;1;0;1;1;0;2;1;0;0;0;0;0;0;0;0;0;0;0;0;0;1;0;0;0
032002;Monrupino;0;0;0;1;0;0;1;1;0;1;0;0;0;0;0;1;0;0;0;0;0;0;0;0;0;0;1;0;1;0;0;1;0;0;0;0;1;0;0;0;0;0;0;0;0;0;1;0;0;0;0;0;0;0;0;0;0;0;3;0;0;0;0;0;0;0;0;0;0;0;0;0;0;0;1;0;0;0;0;0;0;0;0;0;0;0;0;0;0;0;0;0;0;0;0;0;0;0;0;0;0
032003;Muggia;0;3;0;1;2;0;1;2;2;1;0;0;4;1;0;2;0;0;0;1;0;1;0;2;0;1;1;4;0;4;1;4;9;4;2;0;3;1;2;3;2;0;2;0;4;3;2;4;3;2;5;2;0;1;7;5;2;3;3;0;2;1;1;0;0;1;0;0;1;0;0;1;0;1;0;0;0;1;0;0;0;1;0;0;0;0;0;0;0;0;0;0;0;0;0;0;0;0;0;0;0
032004;San Dorligo della Valle-Dolina;0;0;0;0;0;0;0;0;0;0;0;0;0;0;0;0;0;0;0;0;1;0;0;1;0;0;0;0;0;0;2;0;1;4;0;0;0;2;0;2;2;1;3;3;3;2;4;2;3;1;1;3;3;1;1;3;2;1;1;1;1;2;1;0;1;1;0;0;0;0;0;0;0;0;0;0;0;0;0;0;0;0;0;0;0;1;0;0;0;0;0;0;0;0;0;0;0;0;0;0;0
032005;Sgonico;0;0;0;1;0;0;0;1;0;0;1;0;0;0;0;0;0;0;0;0;0;0;0;0;1;0;0;0;1;0;0;0;0;0;0;1;0;0;1;0;0;0;1;0;0;0;0;0;0;1;0;0;0;0;1;0;1;0;1;0;0;0;0;0;0;2;0;0;0;0;0;0;0;0;0;0;0;0;0;0;0;0;0;0;0;0;0;0;0;0;0;0;0;0;0;0;0;0;0;0;0
032006;Trieste;107;110;112;96;127;105;106;62;77;82;74;79;97;95;83;100;74;107;103;106;134;125;132;154;144;153;154;173;164;177;182;164;180;169;165;202;167;165;187;163;183;162;184;122;127;154;131;135;135;109;108;92;83;82;87;94;76;78;83;60;53;54;57;38;33;25;18;25;26;29;20;16;12;11;8;2;13;10;7;7;6;3;0;3;2;3;1;2;2;4;3;1;3;0;0;1;0;0;0;0;0
;Totale;107;113;114;99;129;105;109;67;81;84;75;80;101;97;83;104;75;107;103;108;136;126;132;157;145;157;156;180;166;181;187;170;192;179;168;204;172;169;190;168;188;164;193;125;138;159;138;143;148;115;115;101;89;85;96;104;83;83;93;65;57;60;63;39;34;30;18;26;27;29;20;17;13;12;11;3;13;12;7;8;7;4;2;4;2;4;1;2;2;4;3;1;3;0;0;1;0;1;0;0;0
Territorio/Età;;0;1;2;3;4;5;6;7;8;9;10;11;12;13;14;15;16;17;18;19;20;21;22;23;24;25;26;27;28;29;30;31;32;33;34;35;36;37;38;39;40;41;42;43;44;45;46;47;48;49;50;51;52;53;54;55;56;57;58;59;60;61;62;63;64;65;66;67;68;69;70;71;72;73;74;75;76;77;78;79;80;81;82;83;84;85;86;87;88;89;90;91;92;93;94;95;96;97;98;99;100
Codice comune;Comune;Femmine
032001;Duino-Aurisina;0;0;0;0;1;0;1;1;0;1;0;1;1;0;0;3;0;0;1;0;0;0;2;0;0;2;2;1;0;2;5;1;2;7;7;1;4;3;4;5;3;4;3;4;3;1;5;3;9;3;4;3;1;5;3;5;1;2;2;0;0;0;2;0;1;1;2;2;1;0;0;2;0;1;0;2;0;0;0;0;0;0;0;0;1;0;0;0;0;0;0;0;0;0;0;0;0;0;0;0;0
032002;Monrupino;0;0;0;0;0;0;0;0;0;0;0;0;0;1;0;0;0;0;0;0;0;0;0;0;1;0;1;1;0;0;1;0;0;0;0;0;1;1;0;3;0;0;0;1;0;0;0;0;0;0;1;0;0;0;0;0;0;0;0;0;0;0;1;0;0;0;0;0;1;0;0;0;0;0;1;0;0;0;0;0;0;0;0;0;0;0;0;0;0;0;0;0;0;0;0;0;0;0;0;0;0
032003;Muggia;0;5;1;0;3;0;1;0;1;1;0;1;0;2;1;2;0;0;3;2;0;2;2;1;5;1;2;2;1;2;6;4;0;8;8;4;3;3;5;5;4;1;3;2;2;4;5;1;3;5;0;3;4;2;2;3;2;3;4;1;1;4;0;1;0;0;1;0;0;0;0;0;0;0;1;0;0;0;1;0;0;0;0;0;0;0;1;0;0;0;0;0;0;0;0;0;0;0;0;0;0
032004;San Dorligo della Valle-Dolina;0;0;0;0;0;3;0;0;1;0;0;0;0;0;0;0;0;0;0;0;0;0;0;2;1;3;0;1;2;0;1;2;4;0;2;0;2;0;1;0;0;1;0;3;3;0;4;0;0;0;1;0;1;0;2;0;1;0;0;0;1;0;0;0;0;0;0;0;0;0;0;0;0;0;0;1;0;0;0;0;0;0;0;0;0;0;0;0;0;0;0;0;0;0;0;0;0;0;0;0;0
032005;Sgonico;0;0;1;0;0;0;0;0;0;0;0;0;0;1;0;1;0;1;1;0;0;0;0;0;1;0;0;0;0;2;0;0;0;0;0;1;2;0;0;1;1;0;1;1;0;1;0;0;0;1;0;1;0;0;0;0;1;0;0;0;0;0;0;0;1;0;0;0;0;0;0;0;1;0;0;0;0;0;0;0;0;1;0;0;0;0;0;0;0;0;0;0;0;0;0;0;0;0;0;0;0
032006;Trieste;118;95;102;83;92;67;65;87;95;75;69;73;80;74;96;87;75;85;71;90;87;91;117;119;152;149;168;164;171;197;190;194;194;189;209;209;213;204;205;175;170;176;166;150;138;149;122;138;113;128;120;113;97;97;107;127;106;108;93;89;74;74;67;55;36;27;28;33;29;40;28;25;9;22;19;7;17;14;11;9;8;8;3;3;8;4;11;7;5;4;0;3;2;2;0;2;1;1;1;0;1
;Totale;118;100;104;83;96;70;67;88;97;77;69;75;81;78;97;93;75;86;76;92;87;93;121;122;160;155;173;169;174;203;203;201;200;204;226;215;225;211;215;189;178;182;173;161;146;155;136;142;125;137;126;120;103;104;114;135;111;113;99;90;76;78;70;56;38;28;31;35;31;40;28;27;10;23;21;10;17;14;12;9;8;9;3;3;9;4;12;7;5;4;0;3;2;2;0;2;1;1;1;0;1

"Ricostruzione della popolazione intercensuaria - Popolazione al 1° gennaio per età"
"Cittadinanza straniera - Anno: 2012 - Provincia: Trieste"
Territorio/Età;;0;1;2;3;4;5;6;7;8;9;10;11;12;13;14;15;16;17;18;19;20;21;22;23;24;25;26;27;28;29;30;31;32;33;34;35;36;37;38;39;40;41;42;43;44;45;46;47;48;49;50;51;52;53;54;55;56;57;58;59;60;61;62;63;64;65;66;67;68;69;70;71;72;73;74;75;76;77;78;79;80;81;82;83;84;85;86;87;88;89;90;91;92;93;94;95;96;97;98;99;100
Codice comune;Comune;Totale
032001;Duino-Aurisina;1;0;0;3;0;1;0;2;2;2;1;0;2;1;1;0;3;2;0;1;0;1;0;3;1;0;4;2;7;0;2;7;3;4;8;6;2;5;4;4;6;3;6;6;5;7;1;6;5;18;5;6;7;4;6;1;6;2;2;5;4;0;4;7;1;2;2;2;3;1;0;0;2;1;1;1;2;0;1;1;1;1;1;2;1;1;0;0;0;0;0;1;0;0;0;0;0;0;0;0;0
032002;Monrupino;0;0;0;0;1;0;0;1;0;0;1;0;0;0;1;0;1;0;0;0;0;0;0;0;0;1;1;2;1;0;0;1;1;0;0;0;0;2;1;0;2;0;0;0;1;0;0;1;0;0;0;1;0;0;0;0;0;0;0;2;0;0;0;1;0;0;0;0;0;0;0;0;0;0;0;2;0;0;0;0;0;0;0;0;0;0;0;0;0;0;0;0;0;0;0;0;0;0;0;0;0
032003;Muggia;1;1;3;2;1;5;0;2;2;5;3;0;1;4;3;1;4;0;1;3;4;0;3;4;4;4;3;2;8;4;7;5;6;8;12;10;6;6;4;8;7;7;2;5;3;4;5;7;4;6;8;4;6;4;2;9;8;1;5;7;1;4;5;1;1;0;0;1;0;1;0;0;1;0;0;1;0;0;0;0;0;0;1;0;0;1;0;2;0;0;0;0;0;0;0;0;0;0;0;0;0
032004;San Dorligo della Valle-Dolina;0;0;0;0;1;0;3;0;0;0;0;0;0;0;0;0;0;0;0;0;0;2;0;1;4;1;5;0;1;2;0;4;2;5;1;1;0;4;3;1;1;2;2;2;5;5;2;9;2;2;0;2;1;3;1;4;3;3;1;0;1;2;2;1;0;0;1;0;0;0;0;0;0;0;0;0;0;0;0;0;0;0;0;0;0;0;1;0;0;0;0;0;0;0;0;0;0;0;0;0;0
032005;Sgonico;0;0;0;1;1;0;0;1;1;0;0;1;0;1;1;0;1;0;1;1;0;0;0;0;0;3;0;0;0;2;2;0;0;0;0;0;2;2;0;1;1;0;0;2;1;0;1;0;0;0;1;0;1;0;0;1;0;2;0;1;0;0;0;0;0;1;2;0;0;0;0;0;0;0;0;0;0;0;0;0;0;0;1;0;0;0;0;0;0;0;0;0;0;0;0;0;0;0;0;0;0
032006;Trieste;224;237;199;224;189;221;184;175;158;180;153;146;158;179;184;191;191;161;209;182;226;238;240;294;310;344;339;361;358;340;378;375;386;382;372;353;395;368;351;387;334;343;326;342;272;265;303;250;274;245;237;240;207;187;182;194;225;176;183;172;147;121;121;119;84;63;50;46;55;49;64;47;41;23;32;26;9;27;23;16;15;12;9;2;5;9;7;10;7;6;7;3;4;2;1;0;3;1;0;1;1
;Totale;226;238;202;230;193;227;187;181;163;187;158;147;161;185;190;192;200;163;211;187;230;241;243;302;319;353;352;367;375;348;389;392;398;399;393;370;405;387;363;401;351;355;336;357;287;281;312;273;285;271;251;253;222;198;191;209;242;184;191;187;153;127;132;129;86;66;55;49;58;51;64;47;44;24;33;30;11;27;24;17;16;13;12;4;6;11;8;12;7;6;7;4;4;2;1;0;3;1;0;1;1
Territorio/Età;;0;1;2;3;4;5;6;7;8;9;10;11;12;13;14;15;16;17;18;19;20;21;22;23;24;25;26;27;28;29;30;31;32;33;34;35;36;37;38;39;40;41;42;43;44;45;46;47;48;49;50;51;52;53;54;55;56;57;58;59;60;61;62;63;64;65;66;67;68;69;70;71;72;73;74;75;76;77;78;79;80;81;82;83;84;85;86;87;88;89;90;91;92;93;94;95;96;97;98;99;100
Codice comune;Comune;Maschi
032001;Duino-Aurisina;0;0;0;3;0;0;0;1;1;2;0;0;1;0;1;0;0;2;0;0;0;1;0;0;1;0;3;0;3;0;0;2;2;1;2;1;1;1;1;0;1;0;1;2;0;4;0;0;2;8;2;2;4;3;1;0;2;1;1;3;3;0;3;4;0;0;1;0;1;0;0;0;0;1;0;1;1;0;1;0;1;1;1;2;1;0;0;0;0;0;0;0;0;0;0;0;0;0;0;0;0
032002;Monrupino;0;0;0;0;1;0;0;1;0;0;1;0;0;0;0;0;1;0;0;0;0;0;0;0;0;0;0;1;0;0;0;0;1;0;0;0;0;1;0;0;0;0;0;0;0;0;0;1;0;0;0;0;0;0;0;0;0;0;0;2;0;0;0;0;0;0;0;0;0;0;0;0;0;0;0;1;0;0;0;0;0;0;0;0;0;0;0;0;0;0;0;0;0;0;0;0;0;0;0;0;0
032003;Muggia;0;1;2;1;1;2;0;1;2;4;2;0;0;4;1;0;2;0;0;0;1;0;1;0;3;0;1;1;5;2;4;1;2;6;3;2;0;2;1;2;4;3;0;1;0;3;3;2;4;2;2;4;3;0;1;7;4;1;2;4;0;2;1;1;0;0;0;0;0;1;0;0;1;0;0;0;0;0;0;0;0;0;1;0;0;0;0;0;0;0;0;0;0;0;0;0;0;0;0;0;0
032004;San Dorligo della Valle-Dolina;0;0;0;0;1;0;0;0;0;0;0;0;0;0;0;0;0;0;0;0;0;2;0;1;1;0;2;0;0;0;0;3;0;1;1;0;0;2;3;0;1;2;1;2;2;2;2;4;2;2;0;1;1;3;1;1;3;2;1;0;1;1;2;1;0;0;1;0;0;0;0;0;0;0;0;0;0;0;0;0;0;0;0;0;0;0;1;0;0;0;0;0;0;0;0;0;0;0;0;0;0
032005;Sgonico;0;0;0;0;1;0;0;0;1;0;0;1;0;0;0;0;0;0;0;0;0;0;0;0;0;2;0;0;0;1;0;0;0;0;0;0;1;0;0;1;0;0;0;1;0;0;0;0;0;0;0;0;0;0;0;1;0;1;0;1;0;0;0;0;0;0;2;0;0;0;0;0;0;0;0;0;0;0;0;0;0;0;0;0;0;0;0;0;0;0;0;0;0;0;0;0;0;0;0;0;0
032006;Trieste;98;111;101;116;101;125;112;106;67;79;83;77;82;99;106;90;104;76;121;107;120;137;135;150;166;155;173;171;183;163;178;182;177;195;176;154;193;164;166;182;157;175;151;177;112;125;151;129;138;130;106;115;91;81;78;87;91;69;75;83;62;51;52;53;31;31;24;18;24;24;26;18;15;13;10;8;3;12;9;7;7;6;3;0;2;2;4;0;1;2;3;3;1;1;0;0;1;0;0;0;0
;Totale;98;112;103;120;105;127;112;109;71;85;86;78;83;103;108;90;107;78;121;107;121;140;136;151;171;157;179;173;191;166;182;188;182;203;182;157;195;170;171;185;163;180;153;183;114;134;156;136;146;142;110;122;99;87;81;96;100;74;79;93;66;54;58;59;31;31;28;18;25;25;26;18;16;14;10;10;4;12;10;7;8;7;5;2;3;2;5;0;1;2;3;3;1;1;0;0;1;0;0;0;0
Territorio/Età;;0;1;2;3;4;5;6;7;8;9;10;11;12;13;14;15;16;17;18;19;20;21;22;23;24;25;26;27;28;29;30;31;32;33;34;35;36;37;38;39;40;41;42;43;44;45;46;47;48;49;50;51;52;53;54;55;56;57;58;59;60;61;62;63;64;65;66;67;68;69;70;71;72;73;74;75;76;77;78;79;80;81;82;83;84;85;86;87;88;89;90;91;92;93;94;95;96;97;98;99;100
Codice comune;Comune;Femmine
032001;Duino-Aurisina;1;0;0;0;0;1;0;1;1;0;1;0;1;1;0;0;3;0;0;1;0;0;0;3;0;0;1;2;4;0;2;5;1;3;6;5;1;4;3;4;5;3;5;4;5;3;1;6;3;10;3;4;3;1;5;1;4;1;1;2;1;0;1;3;1;2;1;2;2;1;0;0;2;0;1;0;1;0;0;1;0;0;0;0;0;1;0;0;0;0;0;1;0;0;0;0;0;0;0;0;0
032002;Monrupino;0;0;0;0;0;0;0;0;0;0;0;0;0;0;1;0;0;0;0;0;0;0;0;0;0;1;1;1;1;0;0;1;0;0;0;0;0;1;1;0;2;0;0;0;1;0;0;0;0;0;0;1;0;0;0;0;0;0;0;0;0;0;0;1;0;0;0;0;0;0;0;0;0;0;0;1;0;0;0;0;0;0;0;0;0;0;0;0;0;0;0;0;0;0;0;0;0;0;0;0;0
032003;Muggia;1;0;1;1;0;3;0;1;0;1;1;0;1;0;2;1;2;0;1;3;3;0;2;4;1;4;2;1;3;2;3;4;4;2;9;8;6;4;3;6;3;4;2;4;3;1;2;5;0;4;6;0;3;4;1;2;4;0;3;3;1;2;4;0;1;0;0;1;0;0;0;0;0;0;0;1;0;0;0;0;0;0;0;0;0;1;0;2;0;0;0;0;0;0;0;0;0;0;0;0;0
032004;San Dorligo della Valle-Dolina;0;0;0;0;0;0;3;0;0;0;0;0;0;0;0;0;0;0;0;0;0;0;0;0;3;1;3;0;1;2;0;1;2;4;0;1;0;2;0;1;0;0;1;0;3;3;0;5;0;0;0;1;0;0;0;3;0;1;0;0;0;1;0;0;0;0;0;0;0;0;0;0;0;0;0;0;0;0;0;0;0;0;0;0;0;0;0;0;0;0;0;0;0;0;0;0;0;0;0;0;0
032005;Sgonico;0;0;0;1;0;0;0;1;0;0;0;0;0;1;1;0;1;0;1;1;0;0;0;0;0;1;0;0;0;1;2;0;0;0;0;0;1;2;0;0;1;0;0;1;1;0;1;0;0;0;1;0;1;0;0;0;0;1;0;0;0;0;0;0;0;1;0;0;0;0;0;0;0;0;0;0;0;0;0;0;0;0;1;0;0;0;0;0;0;0;0;0;0;0;0;0;0;0;0;0;0
032006;Trieste;126;126;98;108;88;96;72;69;91;101;70;69;76;80;78;101;87;85;88;75;106;101;105;144;144;189;166;190;175;177;200;193;209;187;196;199;202;204;185;205;177;168;175;165;160;140;152;121;136;115;131;125;116;106;104;107;134;107;108;89;85;70;69;66;53;32;26;28;31;25;38;29;26;10;22;18;6;15;14;9;8;6;6;2;3;7;3;10;6;4;4;0;3;1;1;0;2;1;0;1;1
;Totale;128;126;99;110;88;100;75;72;92;102;72;69;78;82;82;102;93;85;90;80;109;101;107;151;148;196;173;194;184;182;207;204;216;196;211;213;210;217;192;216;188;175;183;174;173;147;156;137;139;129;141;131;123;111;110;113;142;110;112;94;87;73;74;70;55;35;27;31;33;26;38;29;28;10;23;20;7;15;14;10;8;6;7;2;3;9;3;12;6;4;4;1;3;1;1;0;2;1;0;1;1

"Ricostruzione della popolazione intercensuaria - Popolazione al 1° gennaio per età"
"Cittadinanza straniera - Anno: 2013 - Provincia: Trieste"
Territorio/Età;;0;1;2;3;4;5;6;7;8;9;10;11;12;13;14;15;16;17;18;19;20;21;22;23;24;25;26;27;28;29;30;31;32;33;34;35;36;37;38;39;40;41;42;43;44;45;46;47;48;49;50;51;52;53;54;55;56;57;58;59;60;61;62;63;64;65;66;67;68;69;70;71;72;73;74;75;76;77;78;79;80;81;82;83;84;85;86;87;88;89;90;91;92;93;94;95;96;97;98;99;100
Codice comune;Comune;Totale
032001;Duino-Aurisina;1;1;0;0;3;2;3;0;2;2;1;2;0;1;0;1;0;3;0;1;2;0;2;1;4;3;1;5;3;5;1;3;6;2;4;9;5;2;5;3;2;4;3;5;8;6;6;1;6;5;12;4;7;9;4;7;1;6;4;2;4;2;0;4;6;1;1;2;2;3;1;0;0;2;1;1;1;1;0;1;1;1;2;0;1;1;1;0;0;0;0;0;1;0;0;0;0;0;0;0;0
032002;Monrupino;0;0;0;0;0;1;0;0;1;0;0;0;0;0;0;1;0;1;0;0;0;0;0;0;0;0;1;1;2;1;0;0;1;1;0;0;0;0;1;0;0;1;0;0;0;1;0;0;1;0;0;0;0;0;0;0;0;0;0;0;2;0;0;0;1;0;0;0;0;0;0;0;0;0;0;0;2;0;0;0;0;0;0;0;0;0;0;0;0;0;0;0;0;0;0;0;0;0;0;0;0
032003;Muggia;1;2;3;2;4;2;6;0;3;1;5;5;0;1;3;3;1;5;0;3;4;3;0;5;6;4;6;6;1;11;6;7;6;7;13;13;9;8;5;5;8;7;10;3;7;5;5;5;6;2;7;9;4;7;5;6;8;4;2;5;7;1;5;5;1;1;0;0;1;0;1;0;0;1;0;0;1;0;0;0;0;0;0;0;0;0;1;0;2;0;0;0;0;0;0;0;0;0;0;0;0
032004;San Dorligo della Valle-Dolina;0;0;0;0;0;1;0;3;0;0;0;0;0;0;0;0;0;0;0;0;0;0;2;0;2;3;1;4;0;3;2;0;4;2;4;1;1;1;4;4;1;1;2;2;2;5;6;2;7;2;2;0;1;1;3;0;3;2;2;1;0;0;3;2;3;0;1;2;0;0;0;0;0;0;0;0;0;0;0;0;0;0;0;0;0;0;0;1;0;0;0;0;0;0;0;0;0;0;0;0;0
032005;Sgonico;0;0;0;0;1;1;0;0;1;1;0;0;1;0;0;1;0;0;0;1;1;0;0;0;0;0;3;0;0;0;1;3;0;1;0;0;0;2;1;0;1;1;1;0;2;1;0;2;0;0;0;1;0;2;0;0;1;1;2;0;1;0;0;0;0;0;1;2;0;0;0;0;0;0;0;0;0;0;0;0;0;0;0;1;0;0;0;0;0;0;0;0;0;0;0;0;0;0;0;0;0
032006;Trieste;258;222;240;205;231;187;225;188;175;162;180;151;146;158;168;178;196;195;166;209;190;233;245;255;301;324;345;352;369;362;352;386;367;377;374;374;355;390;357;342;378;334;348;315;328;280;250;295;251;267;241;235;233;212;182;179;193;219;176;175;165;145;127;116;114;79;65;50;41;53;46;59;44;38;23;30;27;9;25;19;16;8;10;8;2;3;8;3;8;7;5;7;2;2;2;1;0;0;0;0;2
;Totale;260;225;243;207;239;194;234;191;182;166;186;158;147;160;171;184;197;204;166;214;197;236;249;261;313;334;357;368;375;382;362;399;384;390;395;397;370;403;373;354;390;348;364;325;347;298;267;305;271;276;262;249;245;231;194;192;206;232;186;183;179;148;135;127;125;81;68;56;44;56;48;59;44;41;24;31;31;10;25;20;17;9;12;9;3;4;10;4;10;7;5;7;3;2;2;1;0;0;0;0;2
Territorio/Età;;0;1;2;3;4;5;6;7;8;9;10;11;12;13;14;15;16;17;18;19;20;21;22;23;24;25;26;27;28;29;30;31;32;33;34;35;36;37;38;39;40;41;42;43;44;45;46;47;48;49;50;51;52;53;54;55;56;57;58;59;60;61;62;63;64;65;66;67;68;69;70;71;72;73;74;75;76;77;78;79;80;81;82;83;84;85;86;87;88;89;90;91;92;93;94;95;96;97;98;99;100
Codice comune;Comune;Maschi
032001;Duino-Aurisina;1;0;0;0;3;1;1;0;1;1;1;1;0;1;0;1;0;0;0;1;0;0;2;0;0;2;1;2;0;2;1;0;3;2;1;3;1;1;1;1;0;1;0;1;3;1;3;0;1;1;5;2;2;6;3;1;0;2;1;1;3;2;0;3;3;0;0;1;0;1;0;0;0;0;1;0;1;1;0;1;0;1;2;0;1;1;0;0;0;0;0;0;0;0;0;0;0;0;0;0;0
032002;Monrupino;0;0;0;0;0;1;0;0;1;0;0;0;0;0;0;0;0;1;0;0;0;0;0;0;0;0;0;0;1;0;0;0;0;1;0;0;0;0;1;0;0;0;0;0;0;0;0;0;1;0;0;0;0;0;0;0;0;0;0;0;2;0;0;0;0;0;0;0;0;0;0;0;0;0;0;0;1;0;0;0;0;0;0;0;0;0;0;0;0;0;0;0;0;0;0;0;0;0;0;0;0
032003;Muggia;1;0;2;2;2;1;2;0;2;1;4;2;0;0;3;1;0;2;0;2;0;1;0;2;1;3;0;2;1;6;3;3;1;5;9;3;1;2;2;2;3;4;2;1;2;1;3;2;1;2;3;2;3;4;0;2;6;3;1;2;5;0;1;1;1;0;0;0;0;0;1;0;0;1;0;0;0;0;0;0;0;0;0;0;0;0;0;0;0;0;0;0;0;0;0;0;0;0;0;0;0
032004;San Dorligo della Valle-Dolina;0;0;0;0;0;1;0;0;0;0;0;0;0;0;0;0;0;0;0;0;0;0;2;0;2;1;0;1;0;1;0;0;2;0;1;1;0;0;2;4;0;1;2;1;2;2;2;2;4;2;2;0;0;1;3;0;1;2;1;1;0;0;1;2;2;0;0;1;0;0;0;0;0;0;0;0;0;0;0;0;0;0;0;0;0;0;0;1;0;0;0;0;0;0;0;0;0;0;0;0;0
032005;Sgonico;0;0;0;0;0;1;0;0;0;1;0;0;1;0;0;0;0;0;0;0;0;0;0;0;0;0;3;0;0;0;1;0;0;0;0;0;0;1;0;0;1;0;0;0;1;0;0;1;0;0;0;0;0;1;0;0;1;0;1;0;1;0;0;0;0;0;0;2;0;0;0;0;0;0;0;0;0;0;0;0;0;0;0;0;0;0;0;0;0;0;0;0;0;0;0;0;0;0;0;0;0
032006;Trieste;131;100;108;103;120;98;130;114;101;67;81;84;74;83;90;102;98;109;83;119;112;125;142;140;147;171;157;174;177;182;173;188;185;171;193;182;161;191;162;160;179;157;176;141;167;118;112;142;125;133;124;104;108;88;76;73;82;87;69;68;79;57;51;46;46;28;30;23;15;22;20;21;15;16;13;9;8;1;12;9;7;4;5;4;0;2;2;1;0;1;1;3;1;0;1;0;0;0;0;0;0
;Totale;133;100;110;105;125;103;133;114;105;70;86;87;75;84;93;104;98;112;83;122;112;126;146;142;150;177;161;179;179;191;178;191;191;179;204;189;163;195;168;167;183;163;180;144;175;122;120;147;132;138;134;108;113;100;82;76;90;94;73;72;90;59;53;52;52;28;30;27;15;23;21;21;15;17;14;9;10;2;12;10;7;5;7;4;1;3;2;2;0;1;1;3;1;0;1;0;0;0;0;0;0
Territorio/Età;;0;1;2;3;4;5;6;7;8;9;10;11;12;13;14;15;16;17;18;19;20;21;22;23;24;25;26;27;28;29;30;31;32;33;34;35;36;37;38;39;40;41;42;43;44;45;46;47;48;49;50;51;52;53;54;55;56;57;58;59;60;61;62;63;64;65;66;67;68;69;70;71;72;73;74;75;76;77;78;79;80;81;82;83;84;85;86;87;88;89;90;91;92;93;94;95;96;97;98;99;100
Codice comune;Comune;Femmine
032001;Duino-Aurisina;0;1;0;0;0;1;2;0;1;1;0;1;0;0;0;0;0;3;0;0;2;0;0;1;4;1;0;3;3;3;0;3;3;0;3;6;4;1;4;2;2;3;3;4;5;5;3;1;5;4;7;2;5;3;1;6;1;4;3;1;1;0;0;1;3;1;1;1;2;2;1;0;0;2;0;1;0;0;0;0;1;0;0;0;0;0;1;0;0;0;0;0;1;0;0;0;0;0;0;0;0
032002;Monrupino;0;0;0;0;0;0;0;0;0;0;0;0;0;0;0;1;0;0;0;0;0;0;0;0;0;0;1;1;1;1;0;0;1;0;0;0;0;0;0;0;0;1;0;0;0;1;0;0;0;0;0;0;0;0;0;0;0;0;0;0;0;0;0;0;1;0;0;0;0;0;0;0;0;0;0;0;1;0;0;0;0;0;0;0;0;0;0;0;0;0;0;0;0;0;0;0;0;0;0;0;0
032003;Muggia;0;2;1;0;2;1;4;0;1;0;1;3;0;1;0;2;1;3;0;1;4;2;0;3;5;1;6;4;0;5;3;4;5;2;4;10;8;6;3;3;5;3;8;2;5;4;2;3;5;0;4;7;1;3;5;4;2;1;1;3;2;1;4;4;0;1;0;0;1;0;0;0;0;0;0;0;1;0;0;0;0;0;0;0;0;0;1;0;2;0;0;0;0;0;0;0;0;0;0;0;0
032004;San Dorligo della Valle-Dolina;0;0;0;0;0;0;0;3;0;0;0;0;0;0;0;0;0;0;0;0;0;0;0;0;0;2;1;3;0;2;2;0;2;2;3;0;1;1;2;0;1;0;0;1;0;3;4;0;3;0;0;0;1;0;0;0;2;0;1;0;0;0;2;0;1;0;1;1;0;0;0;0;0;0;0;0;0;0;0;0;0;0;0;0;0;0;0;0;0;0;0;0;0;0;0;0;0;0;0;0;0
032005;Sgonico;0;0;0;0;1;0;0;0;1;0;0;0;0;0;0;1;0;0;0;1;1;0;0;0;0;0;0;0;0;0;0;3;0;1;0;0;0;1;1;0;0;1;1;0;1;1;0;1;0;0;0;1;0;1;0;0;0;1;1;0;0;0;0;0;0;0;1;0;0;0;0;0;0;0;0;0;0;0;0;0;0;0;0;1;0;0;0;0;0;0;0;0;0;0;0;0;0;0;0;0;0
032006;Trieste;127;122;132;102;111;89;95;74;74;95;99;67;72;75;78;76;98;86;83;90;78;108;103;115;154;153;188;178;192;180;179;198;182;206;181;192;194;199;195;182;199;177;172;174;161;162;138;153;126;134;117;131;125;124;106;106;111;132;107;107;86;88;76;70;68;51;35;27;26;31;26;38;29;22;10;21;19;8;13;10;9;4;5;4;2;1;6;2;8;6;4;4;1;2;1;1;0;0;0;0;2
;Totale;127;125;133;102;114;91;101;77;77;96;100;71;72;76;78;80;99;92;83;92;85;110;103;119;163;157;196;189;196;191;184;208;193;211;191;208;207;208;205;187;207;185;184;181;172;176;147;158;139;138;128;141;132;131;112;116;116;138;113;111;89;89;82;75;73;53;38;29;29;33;27;38;29;24;10;22;21;8;13;10;10;4;5;5;2;1;8;2;10;6;4;4;2;2;1;1;0;0;0;0;2

"Ricostruzione della popolazione intercensuaria - Popolazione al 1° gennaio per età"
"Cittadinanza straniera - Anno: 2014 - Provincia: Trieste"
Territorio/Età;;0;1;2;3;4;5;6;7;8;9;10;11;12;13;14;15;16;17;18;19;20;21;22;23;24;25;26;27;28;29;30;31;32;33;34;35;36;37;38;39;40;41;42;43;44;45;46;47;48;49;50;51;52;53;54;55;56;57;58;59;60;61;62;63;64;65;66;67;68;69;70;71;72;73;74;75;76;77;78;79;80;81;82;83;84;85;86;87;88;89;90;91;92;93;94;95;96;97;98;99;100
Codice comune;Comune;Totale
032001;Duino-Aurisina;2;1;2;0;2;3;2;3;1;2;3;0;2;0;1;1;2;1;4;1;2;4;0;6;4;6;4;3;7;3;6;2;3;11;3;5;8;9;2;5;3;4;2;5;6;7;10;6;1;8;6;14;4;6;10;5;8;2;5;4;3;4;3;1;3;5;1;1;2;2;3;1;0;0;2;1;1;1;1;1;1;1;1;2;0;1;1;1;0;0;0;0;0;2;0;0;0;0;0;0;0
032002;Monrupino;0;0;0;0;0;0;0;0;0;0;0;0;0;0;0;0;0;0;0;0;0;0;0;0;0;0;0;1;1;2;1;1;0;1;1;0;0;0;0;1;0;0;1;0;0;0;0;0;0;1;0;0;0;0;0;0;0;0;0;0;0;2;0;0;0;1;0;0;0;0;0;0;0;0;0;0;0;1;0;0;0;0;0;0;0;0;0;0;0;0;0;0;0;0;0;0;0;0;0;0;0
032003;Muggia;3;2;2;3;3;6;2;4;0;3;2;4;8;1;0;4;5;2;5;0;5;4;2;0;6;4;9;5;6;2;8;6;3;6;6;17;12;11;9;4;7;7;8;11;3;11;5;5;5;7;1;8;7;4;9;5;6;7;5;4;6;7;0;6;7;0;1;1;0;1;0;1;0;1;2;1;0;1;0;0;0;0;0;0;1;0;0;1;0;2;0;0;0;0;0;0;0;0;0;0;0
032004;San Dorligo della Valle-Dolina;0;0;0;1;0;0;0;0;0;0;0;0;0;0;0;0;0;0;0;1;0;1;1;2;2;3;2;1;2;0;3;2;0;4;1;5;0;2;1;2;3;2;2;1;2;3;3;8;3;8;4;2;0;2;2;2;0;1;2;2;3;0;0;4;2;2;0;1;2;1;1;0;0;0;0;0;1;0;0;0;0;0;0;0;0;0;0;0;1;0;0;0;0;0;0;0;0;0;0;0;0
032005;Sgonico;0;0;0;0;0;2;0;0;0;0;1;0;0;1;0;0;2;0;0;0;1;1;0;0;0;2;0;0;1;0;0;0;1;0;1;0;0;0;2;1;0;1;1;1;0;2;1;0;4;0;0;0;2;1;2;0;0;1;1;2;0;1;0;0;0;0;0;1;1;0;0;0;0;0;0;0;0;0;0;0;0;0;0;0;1;0;0;0;0;0;0;0;0;0;0;0;0;0;0;0;0
032006;Trieste;228;251;227;241;211;226;189;221;191;172;166;169;145;148;162;172;182;201;194;175;227;197;257;265;281;315;335;365;373;385;362;374;393;377;383;371;375;356;399;365;346;376;343;349;318;326;289;255;296;260;274;243;242;247;225;190;182;195;233;179;177;168;149;129;118;112;85;69;50;43;52;45;58;41;38;22;29;28;9;24;19;15;8;11;7;4;3;7;4;7;9;4;5;4;1;2;1;1;0;0;2
;Totale;233;254;231;245;216;237;193;228;192;177;172;173;155;150;163;177;191;204;203;177;235;207;260;273;293;330;350;375;390;392;380;385;400;399;395;398;395;378;413;378;359;390;357;367;329;349;308;274;309;284;285;267;255;260;248;202;196;206;246;191;189;182;152;140;130;120;87;73;55;47;56;47;58;42;42;24;31;31;10;25;20;16;9;13;9;5;4;9;5;9;9;4;5;6;1;2;1;1;0;0;2
Territorio/Età;;0;1;2;3;4;5;6;7;8;9;10;11;12;13;14;15;16;17;18;19;20;21;22;23;24;25;26;27;28;29;30;31;32;33;34;35;36;37;38;39;40;41;42;43;44;45;46;47;48;49;50;51;52;53;54;55;56;57;58;59;60;61;62;63;64;65;66;67;68;69;70;71;72;73;74;75;76;77;78;79;80;81;82;83;84;85;86;87;88;89;90;91;92;93;94;95;96;97;98;99;100
Codice comune;Comune;Maschi
032001;Duino-Aurisina;1;1;2;0;1;3;2;1;0;1;2;0;1;0;1;1;2;1;1;1;2;1;0;3;2;1;1;3;2;0;3;2;0;6;3;1;1;4;2;1;1;1;0;1;1;3;1;2;0;2;2;6;3;2;6;4;1;0;1;1;1;3;2;0;3;2;0;0;1;0;1;0;0;0;0;1;0;1;1;1;1;0;1;2;0;1;1;0;0;0;0;0;0;0;0;0;0;0;0;0;0
032002;Monrupino;0;0;0;0;0;0;0;0;0;0;0;0;0;0;0;0;0;0;0;0;0;0;0;0;0;0;0;0;0;1;0;1;0;0;1;0;0;0;0;1;0;0;0;0;0;0;0;0;0;1;0;0;0;0;0;0;0;0;0;0;0;2;0;0;0;0;0;0;0;0;0;0;0;0;0;0;0;0;0;0;0;0;0;0;0;0;0;0;0;0;0;0;0;0;0;0;0;0;0;0;0
032003;Muggia;2;1;0;2;3;3;1;2;0;2;1;3;3;1;0;3;2;0;2;0;3;0;1;0;2;0;6;0;3;0;5;3;1;2;4;11;2;0;2;2;3;3;5;2;1;4;1;3;1;2;1;5;1;3;6;1;3;4;3;3;3;6;0;3;1;0;0;0;0;0;0;1;0;0;1;0;0;0;0;0;0;0;0;0;1;0;0;0;0;0;0;0;0;0;0;0;0;0;0;0;0
032004;San Dorligo della Valle-Dolina;0;0;0;1;0;0;0;0;0;0;0;0;0;0;0;0;0;0;0;1;0;1;0;2;2;3;1;0;0;0;1;1;0;1;0;1;0;0;0;1;3;1;2;1;2;2;1;2;3;4;2;2;0;0;2;2;0;1;2;1;2;0;0;1;2;2;0;0;1;1;0;0;0;0;0;0;1;0;0;0;0;0;0;0;0;0;0;0;1;0;0;0;0;0;0;0;0;0;0;0;0
032005;Sgonico;0;0;0;0;0;0;0;0;0;0;1;0;0;1;0;0;0;0;0;0;0;0;0;0;0;2;0;0;1;0;0;0;0;0;0;0;0;0;1;0;0;1;0;0;0;1;0;0;2;0;0;0;1;1;1;0;0;1;0;1;0;1;0;0;0;0;0;0;1;0;0;0;0;0;0;0;0;0;0;0;0;0;0;0;0;0;0;0;0;0;0;0;0;0;0;0;0;0;0;0;0
032006;Trieste;111;126;104;109;110;115;98;123;112;94;70;74;81;78;82;91;104;104;112;90;132;115;134;151;155;152;177;165;185;184;187;183;189;190;181;195;173;165;195;168;159;174;157;174;142;160;120;117;142;122;131;124;102;110;90;75;75;85;89;68;71;79;56;51;47;45;30;30;22;16;22;19;20;13;17;11;9;8;1;9;9;7;4;5;4;2;2;2;1;0;1;1;1;2;0;1;0;1;0;0;0
;Totale;114;128;106;112;114;121;101;126;112;97;74;77;85;80;83;95;108;105;115;92;137;117;135;156;161;158;185;168;191;185;196;190;190;199;189;208;176;169;200;173;166;180;164;178;146;170;123;124;148;131;136;137;107;116;105;82;79;91;95;74;77;91;58;55;53;49;30;30;25;17;23;20;20;13;18;12;10;9;2;10;10;7;5;7;5;3;3;2;2;0;1;1;1;2;0;1;0;1;0;0;0
Territorio/Età;;0;1;2;3;4;5;6;7;8;9;10;11;12;13;14;15;16;17;18;19;20;21;22;23;24;25;26;27;28;29;30;31;32;33;34;35;36;37;38;39;40;41;42;43;44;45;46;47;48;49;50;51;52;53;54;55;56;57;58;59;60;61;62;63;64;65;66;67;68;69;70;71;72;73;74;75;76;77;78;79;80;81;82;83;84;85;86;87;88;89;90;91;92;93;94;95;96;97;98;99;100
Codice comune;Comune;Femmine
032001;Duino-Aurisina;1;0;0;0;1;0;0;2;1;1;1;0;1;0;0;0;0;0;3;0;0;3;0;3;2;5;3;0;5;3;3;0;3;5;0;4;7;5;0;4;2;3;2;4;5;4;9;4;1;6;4;8;1;4;4;1;7;2;4;3;2;1;1;1;0;3;1;1;1;2;2;1;0;0;2;0;1;0;0;0;0;1;0;0;0;0;0;1;0;0;0;0;0;2;0;0;0;0;0;0;0
032002;Monrupino;0;0;0;0;0;0;0;0;0;0;0;0;0;0;0;0;0;0;0;0;0;0;0;0;0;0;0;1;1;1;1;0;0;1;0;0;0;0;0;0;0;0;1;0;0;0;0;0;0;0;0;0;0;0;0;0;0;0;0;0;0;0;0;0;0;1;0;0;0;0;0;0;0;0;0;0;0;1;0;0;0;0;0;0;0;0;0;0;0;0;0;0;0;0;0;0;0;0;0;0;0
032003;Muggia;1;1;2;1;0;3;1;2;0;1;1;1;5;0;0;1;3;2;3;0;2;4;1;0;4;4;3;5;3;2;3;3;2;4;2;6;10;11;7;2;4;4;3;9;2;7;4;2;4;5;0;3;6;1;3;4;3;3;2;1;3;1;0;3;6;0;1;1;0;1;0;0;0;1;1;1;0;1;0;0;0;0;0;0;0;0;0;1;0;2;0;0;0;0;0;0;0;0;0;0;0
032004;San Dorligo della Valle-Dolina;0;0;0;0;0;0;0;0;0;0;0;0;0;0;0;0;0;0;0;0;0;0;1;0;0;0;1;1;2;0;2;1;0;3;1;4;0;2;1;1;0;1;0;0;0;1;2;6;0;4;2;0;0;2;0;0;0;0;0;1;1;0;0;3;0;0;0;1;1;0;1;0;0;0;0;0;0;0;0;0;0;0;0;0;0;0;0;0;0;0;0;0;0;0;0;0;0;0;0;0;0
032005;Sgonico;0;0;0;0;0;2;0;0;0;0;0;0;0;0;0;0;2;0;0;0;1;1;0;0;0;0;0;0;0;0;0;0;1;0;1;0;0;0;1;1;0;0;1;1;0;1;1;0;2;0;0;0;1;0;1;0;0;0;1;1;0;0;0;0;0;0;0;1;0;0;0;0;0;0;0;0;0;0;0;0;0;0;0;0;1;0;0;0;0;0;0;0;0;0;0;0;0;0;0;0;0
032006;Trieste;117;125;123;132;101;111;91;98;79;78;96;95;64;70;80;81;78;97;82;85;95;82;123;114;126;163;158;200;188;201;175;191;204;187;202;176;202;191;204;197;187;202;186;175;176;166;169;138;154;138;143;119;140;137;135;115;107;110;144;111;106;89;93;78;71;67;55;39;28;27;30;26;38;28;21;11;20;20;8;15;10;8;4;6;3;2;1;5;3;7;8;3;4;2;1;1;1;0;0;0;2
;Totale;119;126;125;133;102;116;92;102;80;80;98;96;70;70;80;82;83;99;88;85;98;90;125;117;132;172;165;207;199;207;184;195;210;200;206;190;219;209;213;205;193;210;193;189;183;179;185;150;161;153;149;130;148;144;143;120;117;115;151;117;112;91;94;85;77;71;57;43;30;30;33;27;38;29;24;12;21;22;8;15;10;9;4;6;4;2;1;7;3;9;8;3;4;4;1;1;1;0;0;0;2

"Ricostruzione della popolazione intercensuaria - Popolazione al 1° gennaio per età"
"Cittadinanza straniera - Anno: 2015 - Provincia: Trieste"
Territorio/Età;;0;1;2;3;4;5;6;7;8;9;10;11;12;13;14;15;16;17;18;19;20;21;22;23;24;25;26;27;28;29;30;31;32;33;34;35;36;37;38;39;40;41;42;43;44;45;46;47;48;49;50;51;52;53;54;55;56;57;58;59;60;61;62;63;64;65;66;67;68;69;70;71;72;73;74;75;76;77;78;79;80;81;82;83;84;85;86;87;88;89;90;91;92;93;94;95;96;97;98;99;100
Codice comune;Comune;Totale
032001;Duino-Aurisina;1;2;1;5;1;2;6;2;6;3;3;3;0;5;0;1;2;2;1;5;1;1;4;0;8;2;5;6;2;6;2;5;3;6;11;2;12;9;11;3;5;3;4;7;6;6;7;9;7;1;7;6;13;4;6;8;5;7;4;5;6;3;3;4;0;2;5;1;1;2;1;3;1;0;0;2;1;1;1;1;1;1;1;1;2;0;0;1;1;0;0;0;0;0;2;0;0;0;0;0;0
032002;Monrupino;0;0;0;0;0;1;0;0;0;0;0;0;0;0;0;0;0;1;0;0;0;0;0;0;0;0;1;0;1;2;2;1;1;2;1;1;0;1;0;0;1;0;1;1;0;0;1;0;0;0;1;0;0;0;0;0;0;0;0;0;0;0;2;0;0;0;1;0;0;0;0;0;0;0;0;0;0;0;1;0;0;0;0;0;0;0;0;0;0;0;0;0;0;0;0;0;0;0;0;0;0
032003;Muggia;6;2;6;2;3;3;7;2;3;0;2;2;4;9;1;0;5;4;4;4;0;5;5;3;0;8;4;9;7;8;2;10;3;3;5;6;21;12;12;10;5;6;6;6;9;3;9;5;6;5;6;0;7;7;4;9;5;8;6;8;2;5;8;0;7;7;0;1;1;0;0;0;1;0;1;2;1;0;1;0;0;0;0;0;0;1;0;0;1;0;2;0;0;0;0;0;0;0;0;0;0
032004;San Dorligo della Valle-Dolina;1;0;0;0;1;0;0;0;0;0;0;0;0;0;1;0;0;0;0;0;1;0;0;1;2;1;3;4;1;3;0;1;2;0;4;3;6;1;3;1;2;3;3;2;2;2;2;4;8;3;6;4;4;0;1;1;2;0;1;3;1;4;0;0;4;1;2;0;1;2;1;2;0;0;0;0;0;1;0;0;0;0;0;0;0;0;0;0;0;1;0;0;0;0;0;0;0;0;0;0;0
032005;Sgonico;0;0;0;0;0;0;1;0;0;0;1;1;0;0;1;0;0;1;0;0;0;2;1;0;0;0;2;0;0;1;0;0;0;1;1;1;0;1;0;2;1;1;1;1;1;0;2;2;0;4;0;1;0;2;0;2;0;0;1;1;2;0;1;0;0;0;0;0;1;1;0;0;0;0;0;0;0;0;0;0;0;0;0;0;0;1;0;0;0;0;0;0;0;0;0;0;0;0;0;0;0
032006;Trieste;227;223;244;227;235;214;217;188;216;181;158;159;160;145;147;161;167;180;194;203;192;249;211;265;275;293;330;347;377;379;385;363;377;399;387;392;377;381;352;392;353;343;369;337;351;320;319;287;247;298;260;267;243;243;248;222;201;182;198;230;174;180;171;143;129;112;106;82;65;46;44;46;42;56;41;34;23;29;25;9;24;18;15;7;12;5;2;3;6;1;5;9;3;3;1;1;1;0;1;0;1
;Totale;235;227;251;234;240;220;231;192;225;184;164;165;164;159;150;162;174;188;199;212;194;257;221;269;285;304;345;366;388;399;391;380;386;411;409;405;416;405;378;408;367;356;384;354;369;331;340;307;268;311;280;278;267;256;259;242;213;197;210;247;185;192;185;147;140;122;114;84;69;51;46;51;44;56;42;38;25;31;28;10;25;19;16;8;14;7;2;4;8;2;7;9;3;3;3;1;1;0;1;0;1
Territorio/Età;;0;1;2;3;4;5;6;7;8;9;10;11;12;13;14;15;16;17;18;19;20;21;22;23;24;25;26;27;28;29;30;31;32;33;34;35;36;37;38;39;40;41;42;43;44;45;46;47;48;49;50;51;52;53;54;55;56;57;58;59;60;61;62;63;64;65;66;67;68;69;70;71;72;73;74;75;76;77;78;79;80;81;82;83;84;85;86;87;88;89;90;91;92;93;94;95;96;97;98;99;100
Codice comune;Comune;Maschi
032001;Duino-Aurisina;1;1;1;5;0;1;6;2;3;2;2;2;0;2;0;1;2;2;1;2;1;1;1;0;3;1;1;1;2;1;0;4;0;0;6;2;3;3;3;3;1;1;1;2;2;1;3;1;2;0;1;2;5;3;2;4;4;1;1;1;3;1;2;3;0;2;2;0;0;1;0;1;0;0;0;0;1;0;1;1;1;1;0;1;2;0;0;1;0;0;0;0;0;0;0;0;0;0;0;0;0
032002;Monrupino;0;0;0;0;0;1;0;0;0;0;0;0;0;0;0;0;0;1;0;0;0;0;0;0;0;0;1;0;1;1;1;0;1;2;0;1;0;0;0;0;1;0;1;0;0;0;1;0;0;0;1;0;0;0;0;0;0;0;0;0;0;0;2;0;0;0;0;0;0;0;0;0;0;0;0;0;0;0;0;0;0;0;0;0;0;0;0;0;0;0;0;0;0;0;0;0;0;0;0;0;0
032003;Muggia;4;1;3;0;1;3;3;1;2;0;1;1;3;3;1;0;4;2;2;2;0;3;0;2;0;3;0;4;1;4;0;7;1;1;1;3;13;2;0;3;2;2;3;3;1;1;4;1;3;2;1;0;3;1;3;5;1;4;4;4;2;2;6;0;3;1;0;0;0;0;0;0;1;0;0;1;0;0;0;0;0;0;0;0;0;1;0;0;0;0;0;0;0;0;0;0;0;0;0;0;0
032004;San Dorligo della Valle-Dolina;1;0;0;0;1;0;0;0;0;0;0;0;0;0;1;0;0;0;0;0;1;0;0;0;2;1;3;3;0;0;0;1;1;0;1;1;1;1;1;1;1;3;2;2;1;2;2;2;2;3;1;2;4;0;0;1;2;0;1;2;1;3;0;0;1;1;2;0;0;1;1;0;0;0;0;0;0;1;0;0;0;0;0;0;0;0;0;0;0;1;0;0;0;0;0;0;0;0;0;0;0
032005;Sgonico;0;0;0;0;0;0;0;0;0;0;0;1;0;0;1;0;0;0;0;0;0;0;0;0;0;0;2;0;0;1;0;0;0;0;0;0;0;0;0;1;0;1;1;0;0;0;1;1;0;2;0;0;0;1;0;1;0;0;1;0;1;0;1;0;0;0;0;0;0;1;0;0;0;0;0;0;0;0;0;0;0;0;0;0;0;0;0;0;0;0;0;0;0;0;0;0;0;0;0;0;0
032006;Trieste;120;113;123;106;105;111;108;96;121;105;86;66;69;84;78;82;89;106;104;115;102;144;123;136;162;155;163;178;177;187;186;189;187;196;196;186;195;179;162;194;167;155;167;159;169;145;152;115;114;143;123;125;119;97;109;87;79;75;84;93;65;71;78;52;53;45;42;27;28;21;16;20;18;20;14;16;12;8;7;1;9;8;7;3;5;2;0;2;2;0;0;1;1;1;1;0;0;0;1;0;0
;Totale;126;115;127;111;107;116;117;99;126;107;89;70;72;89;81;83;95;111;107;119;104;148;124;138;167;160;170;186;181;194;187;201;190;199;204;193;212;185;166;202;172;162;175;166;173;149;163;120;121;150;127;129;131;102;114;98;86;80;91;100;72;77;89;55;57;49;46;27;28;24;17;21;19;20;14;17;13;9;8;2;10;9;7;4;7;3;0;3;2;1;0;1;1;1;1;0;0;0;1;0;0
Territorio/Età;;0;1;2;3;4;5;6;7;8;9;10;11;12;13;14;15;16;17;18;19;20;21;22;23;24;25;26;27;28;29;30;31;32;33;34;35;36;37;38;39;40;41;42;43;44;45;46;47;48;49;50;51;52;53;54;55;56;57;58;59;60;61;62;63;64;65;66;67;68;69;70;71;72;73;74;75;76;77;78;79;80;81;82;83;84;85;86;87;88;89;90;91;92;93;94;95;96;97;98;99;100
Codice comune;Comune;Femmine
032001;Duino-Aurisina;0;1;0;0;1;1;0;0;3;1;1;1;0;3;0;0;0;0;0;3;0;0;3;0;5;1;4;5;0;5;2;1;3;6;5;0;9;6;8;0;4;2;3;5;4;5;4;8;5;1;6;4;8;1;4;4;1;6;3;4;3;2;1;1;0;0;3;1;1;1;1;2;1;0;0;2;0;1;0;0;0;0;1;0;0;0;0;0;1;0;0;0;0;0;2;0;0;0;0;0;0
032002;Monrupino;0;0;0;0;0;0;0;0;0;0;0;0;0;0;0;0;0;0;0;0;0;0;0;0;0;0;0;0;0;1;1;1;0;0;1;0;0;1;0;0;0;0;0;1;0;0;0;0;0;0;0;0;0;0;0;0;0;0;0;0;0;0;0;0;0;0;1;0;0;0;0;0;0;0;0;0;0;0;1;0;0;0;0;0;0;0;0;0;0;0;0;0;0;0;0;0;0;0;0;0;0
032003;Muggia;2;1;3;2;2;0;4;1;1;0;1;1;1;6;0;0;1;2;2;2;0;2;5;1;0;5;4;5;6;4;2;3;2;2;4;3;8;10;12;7;3;4;3;3;8;2;5;4;3;3;5;0;4;6;1;4;4;4;2;4;0;3;2;0;4;6;0;1;1;0;0;0;0;0;1;1;1;0;1;0;0;0;0;0;0;0;0;0;1;0;2;0;0;0;0;0;0;0;0;0;0
032004;San Dorligo della Valle-Dolina;0;0;0;0;0;0;0;0;0;0;0;0;0;0;0;0;0;0;0;0;0;0;0;1;0;0;0;1;1;3;0;0;1;0;3;2;5;0;2;0;1;0;1;0;1;0;0;2;6;0;5;2;0;0;1;0;0;0;0;1;0;1;0;0;3;0;0;0;1;1;0;2;0;0;0;0;0;0;0;0;0;0;0;0;0;0;0;0;0;0;0;0;0;0;0;0;0;0;0;0;0
032005;Sgonico;0;0;0;0;0;0;1;0;0;0;1;0;0;0;0;0;0;1;0;0;0;2;1;0;0;0;0;0;0;0;0;0;0;1;1;1;0;1;0;1;1;0;0;1;1;0;1;1;0;2;0;1;0;1;0;1;0;0;0;1;1;0;0;0;0;0;0;0;1;0;0;0;0;0;0;0;0;0;0;0;0;0;0;0;0;1;0;0;0;0;0;0;0;0;0;0;0;0;0;0;0
032006;Trieste;107;110;121;121;130;103;109;92;95;76;72;93;91;61;69;79;78;74;90;88;90;105;88;129;113;138;167;169;200;192;199;174;190;203;191;206;182;202;190;198;186;188;202;178;182;175;167;172;133;155;137;142;124;146;139;135;122;107;114;137;109;109;93;91;76;67;64;55;37;25;28;26;24;36;27;18;11;21;18;8;15;10;8;4;7;3;2;1;4;1;5;8;2;2;0;1;1;0;0;0;1
;Totale;109;112;124;123;133;104;114;93;99;77;75;95;92;70;69;79;79;77;92;93;90;109;97;131;118;144;175;180;207;205;204;179;196;212;205;212;204;220;212;206;195;194;209;188;196;182;177;187;147;161;153;149;136;154;145;144;127;117;119;147;113;115;96;92;83;73;68;57;41;27;29;30;25;36;28;21;12;22;20;8;15;10;9;4;7;4;2;1;6;1;7;8;2;2;2;1;1;0;0;0;1

"Ricostruzione della popolazione intercensuaria - Popolazione al 1° gennaio per età"
"Cittadinanza straniera - Anno: 2016 - Provincia: Trieste"
Territorio/Età;;0;1;2;3;4;5;6;7;8;9;10;11;12;13;14;15;16;17;18;19;20;21;22;23;24;25;26;27;28;29;30;31;32;33;34;35;36;37;38;39;40;41;42;43;44;45;46;47;48;49;50;51;52;53;54;55;56;57;58;59;60;61;62;63;64;65;66;67;68;69;70;71;72;73;74;75;76;77;78;79;80;81;82;83;84;85;86;87;88;89;90;91;92;93;94;95;96;97;98;99;100
Codice comune;Comune;Totale
032001;Duino-Aurisina;1;0;2;0;6;1;1;4;2;6;4;4;2;1;5;0;1;3;2;1;5;0;1;4;2;5;1;6;7;2;10;2;5;3;10;10;5;12;8;9;3;5;4;4;6;5;4;5;9;4;0;6;6;10;5;7;8;7;7;5;4;6;2;2;3;0;2;4;1;1;3;1;3;1;0;0;2;1;1;1;1;1;1;1;1;3;0;0;1;1;0;0;0;0;0;2;0;0;0;0;0
032002;Monrupino;0;0;0;0;0;0;1;0;0;0;0;0;0;0;0;0;0;0;1;0;0;1;0;1;0;0;0;0;0;1;0;2;1;1;0;1;1;0;1;0;0;0;0;1;1;0;0;1;0;0;0;0;0;0;0;0;0;0;0;0;0;0;0;2;0;0;0;1;0;0;1;0;0;0;0;0;0;0;0;1;0;0;0;0;0;0;0;0;0;0;0;0;0;0;0;0;0;0;0;0;0
032003;Muggia;1;4;2;7;2;1;2;3;1;2;0;1;2;5;7;1;1;4;5;4;3;2;5;5;4;1;6;7;9;8;6;2;7;4;4;5;6;18;10;13;14;6;5;3;5;7;2;9;4;5;6;4;2;6;6;6;9;5;7;6;9;2;6;7;1;4;7;2;1;1;0;0;0;1;0;1;2;1;0;1;0;0;0;0;0;0;1;0;0;0;0;2;0;0;0;0;0;0;0;0;0
032004;San Dorligo della Valle-Dolina;0;0;2;1;0;1;0;0;0;0;0;0;0;0;0;1;0;0;0;0;0;1;0;0;2;3;0;2;5;1;1;2;1;1;0;2;6;5;1;3;2;2;3;3;2;2;3;2;5;8;4;6;4;3;1;1;0;1;0;1;3;1;4;0;0;3;1;1;0;0;2;1;2;0;0;0;0;0;0;0;0;0;0;0;0;0;0;0;0;0;1;0;0;0;0;0;0;0;0;0;0
032005;Sgonico;0;0;0;0;0;0;0;1;0;0;0;1;1;0;0;1;0;0;1;0;0;0;2;1;0;0;0;2;0;0;1;0;0;0;1;1;1;0;1;0;3;2;1;1;1;1;0;2;1;0;3;0;0;0;2;0;1;0;0;0;1;2;0;1;0;0;0;0;0;1;1;0;0;0;0;0;0;0;0;0;0;0;0;0;0;0;0;0;0;0;0;0;0;0;0;0;0;0;0;0;0
032006;Trieste;212;217;209;239;216;223;202;207;178;202;171;151;150;152;133;147;161;168;173;203;221;209;259;228;273;293;321;341;359;399;411;401;372;383;401;394;397;380;389;353;375;341;335;365;337;338;299;297;280;249;280;254;260;231;238;239;217;195;173;193;225;171;175;161;138;124;111;107;80;63;43;45;46;39;55;37;31;23;30;22;14;23;20;14;8;9;4;2;4;6;1;3;6;3;2;1;1;1;0;0;1
;Totale;214;221;215;247;224;226;206;215;181;210;175;157;155;158;145;150;163;175;182;208;229;213;267;239;281;302;328;358;380;411;429;409;386;392;416;413;416;415;410;378;397;356;348;377;352;353;308;316;299;266;293;270;272;250;252;253;235;208;187;205;242;182;187;173;142;131;121;115;82;66;50;47;51;41;55;38;35;25;31;25;15;24;21;15;9;12;5;2;5;7;2;5;6;3;2;3;1;1;0;0;1
Territorio/Età;;0;1;2;3;4;5;6;7;8;9;10;11;12;13;14;15;16;17;18;19;20;21;22;23;24;25;26;27;28;29;30;31;32;33;34;35;36;37;38;39;40;41;42;43;44;45;46;47;48;49;50;51;52;53;54;55;56;57;58;59;60;61;62;63;64;65;66;67;68;69;70;71;72;73;74;75;76;77;78;79;80;81;82;83;84;85;86;87;88;89;90;91;92;93;94;95;96;97;98;99;100
Codice comune;Comune;Maschi
032001;Duino-Aurisina;0;0;1;0;6;0;1;4;1;3;2;3;1;0;2;0;1;2;2;1;2;0;1;1;0;2;0;1;4;2;1;0;2;0;1;4;3;3;2;1;3;1;1;1;2;1;1;1;1;2;0;0;2;4;3;2;4;3;2;2;1;3;1;1;2;0;2;1;0;0;2;0;1;0;0;0;0;1;0;1;1;1;1;0;1;2;0;0;1;0;0;0;0;0;0;0;0;0;0;0;0
032002;Monrupino;0;0;0;0;0;0;1;0;0;0;0;0;0;0;0;0;0;0;1;0;0;1;0;1;0;0;0;0;0;1;0;1;0;1;0;0;1;0;0;0;0;0;0;1;0;0;0;1;0;0;0;0;0;0;0;0;0;0;0;0;0;0;0;2;0;0;0;0;0;0;0;0;0;0;0;0;0;0;0;0;0;0;0;0;0;0;0;0;0;0;0;0;0;0;0;0;0;0;0;0;0
032003;Muggia;1;2;1;4;0;1;2;1;1;2;0;1;1;3;2;1;1;3;3;3;2;1;3;0;2;1;2;0;3;1;3;0;6;1;1;1;5;11;1;1;6;2;3;2;2;0;1;4;0;1;2;1;1;3;1;3;5;0;3;4;6;2;3;5;0;2;1;1;0;0;0;0;0;1;0;0;1;0;0;0;0;0;0;0;0;0;1;0;0;0;0;0;0;0;0;0;0;0;0;0;0
032004;San Dorligo della Valle-Dolina;0;0;1;0;0;1;0;0;0;0;0;0;0;0;0;1;0;0;0;0;0;1;0;0;0;2;0;2;4;0;0;1;1;0;0;1;2;2;1;1;2;1;3;2;2;1;3;2;3;3;3;0;2;3;0;0;0;1;0;1;2;1;3;0;0;1;1;1;0;0;1;1;0;0;0;0;0;0;0;0;0;0;0;0;0;0;0;0;0;0;1;0;0;0;0;0;0;0;0;0;0
032005;Sgonico;0;0;0;0;0;0;0;0;0;0;0;0;1;0;0;1;0;0;0;0;0;0;0;0;0;0;0;2;0;0;1;0;0;0;0;0;0;0;0;0;1;0;1;1;0;0;0;1;0;0;2;0;0;0;1;0;1;0;0;0;0;1;0;1;0;0;0;0;0;0;1;0;0;0;0;0;0;0;0;0;0;0;0;0;0;0;0;0;0;0;0;0;0;0;0;0;0;0;0;0;0
032006;Trieste;101;118;105;120;105;101;104;102;91;114;102;83;65;69;79;82;85;92;105;116;128;117;153;137;147;176;179;174;189;194;209;201;196;191;206;208;192;195;188;168;183;168;148;170;157;162;139;139;113;117;136;121;119;110;93;108;85;74;72;84;88;63;69;74;50;49;45;41;27;28;20;16;21;18;20;12;15;12;8;7;4;9;9;7;3;2;2;0;2;2;0;0;1;1;0;1;0;0;0;0;0
;Totale;102;120;108;124;111;103;108;107;93;119;104;87;68;72;83;85;87;97;111;120;132;120;157;139;149;181;181;179;200;198;214;203;205;193;208;214;203;211;192;171;195;172;156;177;163;164;144;148;117;123;143;122;124;120;98;113;95;78;77;91;97;70;76;83;52;52;49;44;27;28;24;17;22;19;20;12;16;13;8;8;5;10;10;7;4;4;3;0;3;2;1;0;1;1;0;1;0;0;0;0;0
Territorio/Età;;0;1;2;3;4;5;6;7;8;9;10;11;12;13;14;15;16;17;18;19;20;21;22;23;24;25;26;27;28;29;30;31;32;33;34;35;36;37;38;39;40;41;42;43;44;45;46;47;48;49;50;51;52;53;54;55;56;57;58;59;60;61;62;63;64;65;66;67;68;69;70;71;72;73;74;75;76;77;78;79;80;81;82;83;84;85;86;87;88;89;90;91;92;93;94;95;96;97;98;99;100
Codice comune;Comune;Femmine
032001;Duino-Aurisina;1;0;1;0;0;1;0;0;1;3;2;1;1;1;3;0;0;1;0;0;3;0;0;3;2;3;1;5;3;0;9;2;3;3;9;6;2;9;6;8;0;4;3;3;4;4;3;4;8;2;0;6;4;6;2;5;4;4;5;3;3;3;1;1;1;0;0;3;1;1;1;1;2;1;0;0;2;0;1;0;0;0;0;1;0;1;0;0;0;1;0;0;0;0;0;2;0;0;0;0;0
032002;Monrupino;0;0;0;0;0;0;0;0;0;0;0;0;0;0;0;0;0;0;0;0;0;0;0;0;0;0;0;0;0;0;0;1;1;0;0;1;0;0;1;0;0;0;0;0;1;0;0;0;0;0;0;0;0;0;0;0;0;0;0;0;0;0;0;0;0;0;0;1;0;0;1;0;0;0;0;0;0;0;0;1;0;0;0;0;0;0;0;0;0;0;0;0;0;0;0;0;0;0;0;0;0
032003;Muggia;0;2;1;3;2;0;0;2;0;0;0;0;1;2;5;0;0;1;2;1;1;1;2;5;2;0;4;7;6;7;3;2;1;3;3;4;1;7;9;12;8;4;2;1;3;7;1;5;4;4;4;3;1;3;5;3;4;5;4;2;3;0;3;2;1;2;6;1;1;1;0;0;0;0;0;1;1;1;0;1;0;0;0;0;0;0;0;0;0;0;0;2;0;0;0;0;0;0;0;0;0
032004;San Dorligo della Valle-Dolina;0;0;1;1;0;0;0;0;0;0;0;0;0;0;0;0;0;0;0;0;0;0;0;0;2;1;0;0;1;1;1;1;0;1;0;1;4;3;0;2;0;1;0;1;0;1;0;0;2;5;1;6;2;0;1;1;0;0;0;0;1;0;1;0;0;2;0;0;0;0;1;0;2;0;0;0;0;0;0;0;0;0;0;0;0;0;0;0;0;0;0;0;0;0;0;0;0;0;0;0;0
032005;Sgonico;0;0;0;0;0;0;0;1;0;0;0;1;0;0;0;0;0;0;1;0;0;0;2;1;0;0;0;0;0;0;0;0;0;0;1;1;1;0;1;0;2;2;0;0;1;1;0;1;1;0;1;0;0;0;1;0;0;0;0;0;1;1;0;0;0;0;0;0;0;1;0;0;0;0;0;0;0;0;0;0;0;0;0;0;0;0;0;0;0;0;0;0;0;0;0;0;0;0;0;0;0
032006;Trieste;111;99;104;119;111;122;98;105;87;88;69;68;85;83;54;65;76;76;68;87;93;92;106;91;126;117;142;167;170;205;202;200;176;192;195;186;205;185;201;185;192;173;187;195;180;176;160;158;167;132;144;133;141;121;145;131;132;121;101;109;137;108;106;87;88;75;66;66;53;35;23;29;25;21;35;25;16;11;22;15;10;14;11;7;5;7;2;2;2;4;1;3;5;2;2;0;1;1;0;0;1
;Totale;112;101;107;123;113;123;98;108;88;91;71;70;87;86;62;65;76;78;71;88;97;93;110;100;132;121;147;179;180;213;215;206;181;199;208;199;213;204;218;207;202;184;192;200;189;189;164;168;182;143;150;148;148;130;154;140;140;130;110;114;145;112;111;90;90;79;72;71;55;38;26;30;29;22;35;26;19;12;23;17;10;14;11;8;5;8;2;2;2;5;1;5;5;2;2;2;1;1;0;0;1

"Ricostruzione della popolazione intercensuaria - Popolazione al 1° gennaio per età"
"Cittadinanza straniera - Anno: 2017 - Provincia: Trieste"
Territorio/Età;;0;1;2;3;4;5;6;7;8;9;10;11;12;13;14;15;16;17;18;19;20;21;22;23;24;25;26;27;28;29;30;31;32;33;34;35;36;37;38;39;40;41;42;43;44;45;46;47;48;49;50;51;52;53;54;55;56;57;58;59;60;61;62;63;64;65;66;67;68;69;70;71;72;73;74;75;76;77;78;79;80;81;82;83;84;85;86;87;88;89;90;91;92;93;94;95;96;97;98;99;100
Codice comune;Comune;Totale
032001;Duino-Aurisina;3;1;0;3;0;5;1;1;2;2;3;5;4;2;1;5;0;2;1;2;2;5;0;0;3;2;6;1;6;3;4;9;2;5;4;8;9;3;12;8;9;3;4;4;4;7;6;4;5;11;4;1;6;6;10;5;7;8;6;8;5;4;5;2;2;3;0;2;4;1;1;3;1;3;1;0;0;2;1;1;1;1;1;1;1;1;3;0;0;1;1;0;0;0;0;0;2;0;0;0;0
032002;Monrupino;0;0;0;0;2;0;0;0;0;0;0;0;0;0;0;0;0;0;0;0;0;0;1;0;1;0;1;0;0;1;1;0;2;1;1;0;1;1;0;1;0;0;0;0;0;1;0;0;1;0;0;0;0;0;0;0;0;0;0;0;0;0;0;0;2;0;0;0;1;0;0;1;0;0;0;0;0;0;0;0;1;0;0;0;0;0;0;0;0;0;0;0;0;0;0;0;0;0;0;0;0
032003;Muggia;0;1;4;4;1;3;1;2;0;1;2;0;2;2;4;6;1;1;4;4;4;4;3;7;8;4;2;7;8;10;9;2;2;5;1;9;7;6;16;10;11;12;6;3;5;6;6;5;6;5;5;6;4;3;5;6;5;8;6;7;6;10;2;6;7;1;4;6;2;1;1;0;0;0;1;0;1;2;1;0;1;0;0;0;0;0;0;0;0;0;0;0;1;0;0;0;0;0;0;0;0
032004;San Dorligo della Valle-Dolina;0;0;0;2;1;0;1;0;0;0;0;0;0;0;0;0;1;0;0;0;0;0;1;0;0;2;4;1;3;5;2;1;2;3;2;1;2;7;6;2;3;4;2;2;3;2;4;4;2;5;8;4;7;4;6;1;2;1;2;0;1;2;0;4;1;0;2;0;2;0;0;2;1;2;0;0;0;0;0;0;0;0;0;0;0;0;0;0;0;0;0;1;0;0;0;0;0;0;0;0;0
032005;Sgonico;1;0;0;0;0;0;0;0;1;0;0;0;1;1;0;0;1;0;0;1;0;0;0;1;2;0;0;0;2;0;1;1;0;1;1;1;1;1;0;0;0;3;2;1;1;1;1;0;2;2;0;4;0;0;0;2;0;1;0;0;0;1;2;0;1;0;0;0;0;0;1;1;0;0;0;0;0;0;0;0;0;0;0;0;0;0;0;0;0;0;0;0;0;0;0;0;0;0;0;0;0
032006;Trieste;216;208;201;196;227;202;204;182;185;158;178;155;134;136;133;126;142;158;180;196;237;253;256;304;282;310;357;374;385;399;433;448;430;378;400;416;386;381;362;389;333;366;335;319;348;323;318;285;283;271;237;265;241;251;228;231;235;209;186;179;183;223;165;174;154;128;115;113;105;77;63;47;43;40;38;53;39;27;19;28;21;13;23;20;14;7;9;4;4;4;5;1;2;6;2;3;1;1;1;0;0
;Totale;220;210;205;205;231;210;207;185;188;161;183;160;141;141;138;137;145;161;185;203;243;262;261;312;296;318;370;383;404;418;450;461;438;393;409;435;406;399;396;410;356;388;349;329;361;340;335;298;299;294;254;280;258;264;249;245;249;227;200;194;195;240;174;186;167;132;121;121;114;79;66;54;45;45;40;53;40;31;21;29;24;14;24;21;15;8;12;4;4;5;6;2;3;6;2;3;3;1;1;0;0
Territorio/Età;;0;1;2;3;4;5;6;7;8;9;10;11;12;13;14;15;16;17;18;19;20;21;22;23;24;25;26;27;28;29;30;31;32;33;34;35;36;37;38;39;40;41;42;43;44;45;46;47;48;49;50;51;52;53;54;55;56;57;58;59;60;61;62;63;64;65;66;67;68;69;70;71;72;73;74;75;76;77;78;79;80;81;82;83;84;85;86;87;88;89;90;91;92;93;94;95;96;97;98;99;100
Codice comune;Comune;Maschi
032001;Duino-Aurisina;2;0;0;1;0;5;0;1;2;1;1;3;3;1;0;3;0;2;0;2;2;1;0;0;1;0;2;0;4;1;2;2;0;3;1;1;2;2;3;3;2;3;1;1;1;3;1;1;1;1;2;0;0;2;4;3;1;4;3;2;2;1;3;1;1;2;0;2;1;0;0;2;0;1;0;0;0;0;1;0;1;1;1;1;0;1;2;0;0;1;0;0;0;0;0;0;0;0;0;0;0
032002;Monrupino;0;0;0;0;2;0;0;0;0;0;0;0;0;0;0;0;0;0;0;0;0;0;1;0;1;0;0;0;0;0;1;0;1;0;1;0;0;1;0;0;0;0;0;0;0;0;0;0;1;0;0;0;0;0;0;0;0;0;0;0;0;0;0;0;2;0;0;0;0;0;0;0;0;0;0;0;0;0;0;0;0;0;0;0;0;0;0;0;0;0;0;0;0;0;0;0;0;0;0;0;0
032003;Muggia;0;1;3;3;1;0;1;2;0;1;2;0;1;1;2;2;1;1;3;2;3;2;1;4;1;2;1;3;1;2;1;1;0;2;1;3;1;4;10;1;1;6;2;2;2;2;0;1;3;1;1;2;1;2;2;1;3;3;1;3;4;5;2;2;5;0;2;1;1;0;0;0;0;0;1;0;0;1;0;0;0;0;0;0;0;0;0;0;0;0;0;0;0;0;0;0;0;0;0;0;0
032004;San Dorligo della Valle-Dolina;0;0;0;1;0;0;1;0;0;0;0;0;0;0;0;0;1;0;0;0;0;0;1;0;0;0;2;1;2;4;1;0;1;3;0;1;1;2;2;1;1;3;1;2;2;2;3;4;2;3;4;2;3;2;4;0;0;1;2;0;1;2;0;3;0;0;0;0;1;0;0;1;1;0;0;0;0;0;0;0;0;0;0;0;0;0;0;0;0;0;0;1;0;0;0;0;0;0;0;0;0
032005;Sgonico;1;0;0;0;0;0;0;0;0;0;0;0;0;1;0;0;1;0;0;0;0;0;0;0;0;0;0;0;2;0;1;1;0;0;0;0;0;0;0;0;0;1;0;1;1;0;0;0;1;0;0;3;0;0;0;1;0;1;0;0;0;0;1;0;1;0;0;0;0;0;0;1;0;0;0;0;0;0;0;0;0;0;0;0;0;0;0;0;0;0;0;0;0;0;0;0;0;0;0;0;0
032006;Trieste;108;104;104;98;113;102;89;92;88;79;101;93;75;54;60;78;80;90;116;125;146;157;159;200;178;176;225;209;208;212;228;234;226;200;205;216;206;188;188;189;155;180;167;137;162;152;157;132;137;104;111;128;112;110;105;91;102;84;69;72;77;88;62;68;67;46;43;44;42;27;26;21;16;18;17;19;13;13;10;8;7;3;9;9;7;3;2;2;0;2;2;0;0;1;1;0;1;0;0;0;0
;Totale;111;105;107;103;116;107;91;95;90;81;104;96;79;57;62;83;83;93;119;129;151;160;162;204;181;178;230;213;217;219;234;238;228;208;208;221;210;197;203;194;159;193;171;143;168;159;161;138;145;109;118;135;116;116;115;96;106;93;75;77;84;96;68;74;76;48;45;47;45;27;26;25;17;19;18;19;13;14;11;8;8;4;10;10;7;4;4;2;0;3;2;1;0;1;1;0;1;0;0;0;0
Territorio/Età;;0;1;2;3;4;5;6;7;8;9;10;11;12;13;14;15;16;17;18;19;20;21;22;23;24;25;26;27;28;29;30;31;32;33;34;35;36;37;38;39;40;41;42;43;44;45;46;47;48;49;50;51;52;53;54;55;56;57;58;59;60;61;62;63;64;65;66;67;68;69;70;71;72;73;74;75;76;77;78;79;80;81;82;83;84;85;86;87;88;89;90;91;92;93;94;95;96;97;98;99;100
Codice comune;Comune;Femmine
032001;Duino-Aurisina;1;1;0;2;0;0;1;0;0;1;2;2;1;1;1;2;0;0;1;0;0;4;0;0;2;2;4;1;2;2;2;7;2;2;3;7;7;1;9;5;7;0;3;3;3;4;5;3;4;10;2;1;6;4;6;2;6;4;3;6;3;3;2;1;1;1;0;0;3;1;1;1;1;2;1;0;0;2;0;1;0;0;0;0;1;0;1;0;0;0;1;0;0;0;0;0;2;0;0;0;0
032002;Monrupino;0;0;0;0;0;0;0;0;0;0;0;0;0;0;0;0;0;0;0;0;0;0;0;0;0;0;1;0;0;1;0;0;1;1;0;0;1;0;0;1;0;0;0;0;0;1;0;0;0;0;0;0;0;0;0;0;0;0;0;0;0;0;0;0;0;0;0;0;1;0;0;1;0;0;0;0;0;0;0;0;1;0;0;0;0;0;0;0;0;0;0;0;0;0;0;0;0;0;0;0;0
032003;Muggia;0;0;1;1;0;3;0;0;0;0;0;0;1;1;2;4;0;0;1;2;1;2;2;3;7;2;1;4;7;8;8;1;2;3;0;6;6;2;6;9;10;6;4;1;3;4;6;4;3;4;4;4;3;1;3;5;2;5;5;4;2;5;0;4;2;1;2;5;1;1;1;0;0;0;0;0;1;1;1;0;1;0;0;0;0;0;0;0;0;0;0;0;1;0;0;0;0;0;0;0;0
032004;San Dorligo della Valle-Dolina;0;0;0;1;1;0;0;0;0;0;0;0;0;0;0;0;0;0;0;0;0;0;0;0;0;2;2;0;1;1;1;1;1;0;2;0;1;5;4;1;2;1;1;0;1;0;1;0;0;2;4;2;4;2;2;1;2;0;0;0;0;0;0;1;1;0;2;0;1;0;0;1;0;2;0;0;0;0;0;0;0;0;0;0;0;0;0;0;0;0;0;0;0;0;0;0;0;0;0;0;0
032005;Sgonico;0;0;0;0;0;0;0;0;1;0;0;0;1;0;0;0;0;0;0;1;0;0;0;1;2;0;0;0;0;0;0;0;0;1;1;1;1;1;0;0;0;2;2;0;0;1;1;0;1;2;0;1;0;0;0;1;0;0;0;0;0;1;1;0;0;0;0;0;0;0;1;0;0;0;0;0;0;0;0;0;0;0;0;0;0;0;0;0;0;0;0;0;0;0;0;0;0;0;0;0;0
032006;Trieste;108;104;97;98;114;100;115;90;97;79;77;62;59;82;73;48;62;68;64;71;91;96;97;104;104;134;132;165;177;187;205;214;204;178;195;200;180;193;174;200;178;186;168;182;186;171;161;153;146;167;126;137;129;141;123;140;133;125;117;107;106;135;103;106;87;82;72;69;63;50;37;26;27;22;21;34;26;14;9;20;14;10;14;11;7;4;7;2;4;2;3;1;2;5;1;3;0;1;1;0;0
;Totale;109;105;98;102;115;103;116;90;98;80;79;64;62;84;76;54;62;68;66;74;92;102;99;108;115;140;140;170;187;199;216;223;210;185;201;214;196;202;193;216;197;195;178;186;193;181;174;160;154;185;136;145;142;148;134;149;143;134;125;117;111;144;106;112;91;84;76;74;69;52;40;29;28;26;22;34;27;17;10;21;16;10;14;11;8;4;8;2;4;2;4;1;3;5;1;3;2;1;1;0;0

"Ricostruzione della popolazione intercensuaria - Popolazione al 1° gennaio per età"
"Cittadinanza straniera - Anno: 2018 - Provincia: Trieste"
Territorio/Età;;0;1;2;3;4;5;6;7;8;9;10;11;12;13;14;15;16;17;18;19;20;21;22;23;24;25;26;27;28;29;30;31;32;33;34;35;36;37;38;39;40;41;42;43;44;45;46;47;48;49;50;51;52;53;54;55;56;57;58;59;60;61;62;63;64;65;66;67;68;69;70;71;72;73;74;75;76;77;78;79;80;81;82;83;84;85;86;87;88;89;90;91;92;93;94;95;96;97;98;99;100
Codice comune;Comune;Totale
032001;Duino-Aurisina;1;5;1;1;4;1;5;1;2;2;4;3;2;4;2;1;3;0;2;2;2;2;6;0;3;2;3;5;1;5;2;4;8;3;7;5;6;7;3;9;8;8;6;5;5;5;5;4;4;5;11;6;2;6;4;10;6;8;8;8;5;2;3;5;2;2;3;0;2;3;1;1;3;1;2;1;0;0;2;1;1;1;1;2;1;1;1;3;0;0;1;1;0;0;0;0;0;0;0;0;0
032002;Monrupino;0;0;0;0;0;1;0;0;0;0;0;0;0;0;0;0;0;0;0;0;0;0;0;0;1;0;0;0;0;0;1;0;0;3;2;0;0;0;1;0;0;2;0;0;0;0;1;0;0;0;0;0;0;0;0;0;0;0;0;0;0;0;0;0;0;1;0;1;0;1;0;0;1;0;0;0;0;0;0;0;0;1;0;0;0;0;0;0;0;0;0;0;0;0;0;0;0;0;0;0;0
032003;Muggia;3;1;1;2;4;2;3;1;2;1;1;2;0;2;2;4;5;1;1;5;4;6;4;5;6;4;6;2;1;7;6;6;4;4;4;5;10;9;8;13;9;10;11;6;4;3;5;5;5;8;5;6;5;3;6;6;7;3;10;8;8;7;10;3;7;5;1;4;6;3;1;1;0;0;0;1;1;2;2;1;0;1;0;0;0;0;0;0;0;0;0;0;0;1;0;0;0;0;0;0;0
032004;San Dorligo della Valle-Dolina;0;0;0;0;2;1;2;1;0;0;0;0;1;0;0;0;0;1;0;0;0;0;0;1;0;0;2;3;1;2;4;3;1;2;2;2;2;2;7;5;2;3;2;3;3;2;3;5;4;2;4;5;4;6;5;4;1;2;1;2;0;1;3;1;3;2;0;2;0;1;0;0;2;1;2;0;0;0;0;0;0;0;0;0;0;0;0;0;0;0;0;0;1;0;0;0;0;0;0;0;0
032005;Sgonico;0;3;1;0;0;0;0;0;1;2;0;0;0;1;2;0;0;1;0;0;1;0;0;1;1;2;1;1;0;2;0;1;1;1;0;2;0;1;1;0;1;1;3;4;0;1;1;2;0;2;1;0;4;0;0;0;3;1;0;0;1;0;1;2;0;1;0;0;0;1;0;1;1;0;0;0;0;0;0;0;0;0;0;0;0;0;0;0;0;0;0;0;0;0;0;0;0;0;0;0;0
032006;Trieste;214;209;205;211;197;228;202;203;178;181;158;173;160;135;137;131;124;147;173;215;243;304;303;300;352;350;384;444;429;462;441;472;476;452;404;422;432;398;393;361;400;363;377;338;330;338;320;304;289;281;264;243;263;243;249;228;233;241;210;188;177;189;229;169;171;158;126;113;112;103;80;64;46;42;37;37;49;40;29;19;27;20;12;21;20;11;7;7;4;4;4;3;1;3;3;2;2;1;1;0;1
;Totale;218;218;208;214;207;233;212;206;183;186;163;178;163;142;143;136;132;150;176;222;250;312;313;307;363;358;396;455;432;478;454;486;490;465;419;436;450;417;413;388;420;387;399;356;342;349;335;320;302;298;285;260;278;258;264;248;250;255;229;206;191;199;246;180;183;169;130;120;120;112;82;67;53;44;41;39;50;42;33;21;28;23;13;23;21;12;8;10;4;4;5;4;2;4;3;2;2;1;1;0;1
Territorio/Età;;0;1;2;3;4;5;6;7;8;9;10;11;12;13;14;15;16;17;18;19;20;21;22;23;24;25;26;27;28;29;30;31;32;33;34;35;36;37;38;39;40;41;42;43;44;45;46;47;48;49;50;51;52;53;54;55;56;57;58;59;60;61;62;63;64;65;66;67;68;69;70;71;72;73;74;75;76;77;78;79;80;81;82;83;84;85;86;87;88;89;90;91;92;93;94;95;96;97;98;99;100
Codice comune;Comune;Maschi
032001;Duino-Aurisina;1;4;0;1;1;1;4;0;2;2;1;1;2;3;1;0;2;0;2;1;2;1;1;0;1;0;1;2;0;3;2;2;2;0;4;2;1;2;2;2;3;2;5;1;1;2;1;1;1;1;1;2;0;0;1;5;3;2;4;4;1;0;1;3;1;1;2;0;2;0;0;0;2;0;1;0;0;0;0;1;0;1;1;2;1;0;1;2;0;0;1;0;0;0;0;0;0;0;0;0;0
032002;Monrupino;0;0;0;0;0;1;0;0;0;0;0;0;0;0;0;0;0;0;0;0;0;0;0;0;1;0;0;0;0;0;0;0;0;2;1;0;0;0;1;0;0;1;0;0;0;0;0;0;0;0;0;0;0;0;0;0;0;0;0;0;0;0;0;0;0;1;0;0;0;0;0;0;0;0;0;0;0;0;0;0;0;0;0;0;0;0;0;0;0;0;0;0;0;0;0;0;0;0;0;0;0
032003;Muggia;1;0;1;1;2;1;0;1;2;1;1;2;0;1;1;2;2;1;1;4;2;4;2;2;4;1;3;1;0;1;1;1;2;0;1;2;4;1;4;8;1;2;5;2;1;1;2;0;1;4;1;1;3;1;2;2;1;2;3;1;3;4;5;2;1;4;0;2;1;1;0;0;0;0;0;1;0;0;1;0;0;0;0;0;0;0;0;0;0;0;0;0;0;0;0;0;0;0;0;0;0
032004;San Dorligo della Valle-Dolina;0;0;0;0;1;0;1;1;0;0;0;0;1;0;0;0;0;1;0;0;0;0;0;1;0;0;0;1;1;2;3;1;0;1;2;1;1;1;3;2;1;1;1;1;2;1;2;4;4;2;2;4;2;3;2;2;0;0;1;2;0;1;3;0;2;1;0;0;0;1;0;0;1;1;0;0;0;0;0;0;0;0;0;0;0;0;0;0;0;0;0;0;1;0;0;0;0;0;0;0;0
032005;Sgonico;0;1;0;0;0;0;0;0;1;0;0;0;0;0;2;0;0;1;0;0;0;0;0;0;0;0;0;1;0;2;0;1;1;1;0;0;0;0;0;0;0;1;1;0;0;1;0;1;0;1;0;0;3;0;0;0;2;0;0;0;0;0;0;1;0;1;0;0;0;1;0;0;1;0;0;0;0;0;0;0;0;0;0;0;0;0;0;0;0;0;0;0;0;0;0;0;0;0;0;0;0
032006;Trieste;102;101;104;113;96;110;99;95;89;84;78;96;98;73;56;63;76;85;110;154;165;196;199;189;247;226;224;298;242;267;247;265;255;243;215;222;227;220;198;188;193;166;188;171;145;156;148;150;133;134;101;107;124;110;112;102;94;103;84;69;72;78;87;61;68;70;45;41;41;43;31;27;21;15;17;15;17;14;14;11;9;5;3;8;10;4;3;2;2;0;2;0;0;0;1;1;0;1;0;0;0
;Totale;104;106;105;115;100;113;104;97;94;87;80;99;101;77;60;65;80;88;113;159;169;201;202;192;253;227;228;303;243;275;253;270;260;247;223;227;233;224;208;200;198;173;200;175;149;161;153;156;139;142;105;114;132;114;117;111;100;107;92;76;76;83;96;67;72;78;47;43;44;46;31;27;25;16;18;16;17;14;15;12;9;6;4;10;11;4;4;4;2;0;3;0;1;0;1;1;0;1;0;0;0
Territorio/Età;;0;1;2;3;4;5;6;7;8;9;10;11;12;13;14;15;16;17;18;19;20;21;22;23;24;25;26;27;28;29;30;31;32;33;34;35;36;37;38;39;40;41;42;43;44;45;46;47;48;49;50;51;52;53;54;55;56;57;58;59;60;61;62;63;64;65;66;67;68;69;70;71;72;73;74;75;76;77;78;79;80;81;82;83;84;85;86;87;88;89;90;91;92;93;94;95;96;97;98;99;100
Codice comune;Comune;Femmine
032001;Duino-Aurisina;0;1;1;0;3;0;1;1;0;0;3;2;0;1;1;1;1;0;0;1;0;1;5;0;2;2;2;3;1;2;0;2;6;3;3;3;5;5;1;7;5;6;1;4;4;3;4;3;3;4;10;4;2;6;3;5;3;6;4;4;4;2;2;2;1;1;1;0;0;3;1;1;1;1;1;1;0;0;2;0;1;0;0;0;0;1;0;1;0;0;0;1;0;0;0;0;0;0;0;0;0
032002;Monrupino;0;0;0;0;0;0;0;0;0;0;0;0;0;0;0;0;0;0;0;0;0;0;0;0;0;0;0;0;0;0;1;0;0;1;1;0;0;0;0;0;0;1;0;0;0;0;1;0;0;0;0;0;0;0;0;0;0;0;0;0;0;0;0;0;0;0;0;1;0;1;0;0;1;0;0;0;0;0;0;0;0;1;0;0;0;0;0;0;0;0;0;0;0;0;0;0;0;0;0;0;0
032003;Muggia;2;1;0;1;2;1;3;0;0;0;0;0;0;1;1;2;3;0;0;1;2;2;2;3;2;3;3;1;1;6;5;5;2;4;3;3;6;8;4;5;8;8;6;4;3;2;3;5;4;4;4;5;2;2;4;4;6;1;7;7;5;3;5;1;6;1;1;2;5;2;1;1;0;0;0;0;1;2;1;1;0;1;0;0;0;0;0;0;0;0;0;0;0;1;0;0;0;0;0;0;0
032004;San Dorligo della Valle-Dolina;0;0;0;0;1;1;1;0;0;0;0;0;0;0;0;0;0;0;0;0;0;0;0;0;0;0;2;2;0;0;1;2;1;1;0;1;1;1;4;3;1;2;1;2;1;1;1;1;0;0;2;1;2;3;3;2;1;2;0;0;0;0;0;1;1;1;0;2;0;0;0;0;1;0;2;0;0;0;0;0;0;0;0;0;0;0;0;0;0;0;0;0;0;0;0;0;0;0;0;0;0
032005;Sgonico;0;2;1;0;0;0;0;0;0;2;0;0;0;1;0;0;0;0;0;0;1;0;0;1;1;2;1;0;0;0;0;0;0;0;0;2;0;1;1;0;1;0;2;4;0;0;1;1;0;1;1;0;1;0;0;0;1;1;0;0;1;0;1;1;0;0;0;0;0;0;0;1;0;0;0;0;0;0;0;0;0;0;0;0;0;0;0;0;0;0;0;0;0;0;0;0;0;0;0;0;0
032006;Trieste;112;108;101;98;101;118;103;108;89;97;80;77;62;62;81;68;48;62;63;61;78;108;104;111;105;124;160;146;187;195;194;207;221;209;189;200;205;178;195;173;207;197;189;167;185;182;172;154;156;147;163;136;139;133;137;126;139;138;126;119;105;111;142;108;103;88;81;72;71;60;49;37;25;27;20;22;32;26;15;8;18;15;9;13;10;7;4;5;2;4;2;3;1;3;2;1;2;0;1;0;1
;Totale;114;112;103;99;107;120;108;109;89;99;83;79;62;65;83;71;52;62;63;63;81;111;111;115;110;131;168;152;189;203;201;216;230;218;196;209;217;193;205;188;222;214;199;181;193;188;182;164;163;156;180;146;146;144;147;137;150;148;137;130;115;116;150;113;111;91;83;77;76;66;51;40;28;28;23;23;33;28;18;9;19;17;9;13;10;8;4;6;2;4;2;4;1;4;2;1;2;0;1;0;1

"Ricostruzione della popolazione intercensuaria - Popolazione al 1° gennaio per età"
"Cittadinanza straniera - Anno: 2019 - Provincia: Trieste"
Territorio/Età;;0;1;2;3;4;5;6;7;8;9;10;11;12;13;14;15;16;17;18;19;20;21;22;23;24;25;26;27;28;29;30;31;32;33;34;35;36;37;38;39;40;41;42;43;44;45;46;47;48;49;50;51;52;53;54;55;56;57;58;59;60;61;62;63;64;65;66;67;68;69;70;71;72;73;74;75;76;77;78;79;80;81;82;83;84;85;86;87;88;89;90;91;92;93;94;95;96;97;98;99;100
Codice comune;Comune;Totale
032001;Duino-Aurisina;1;1;3;1;0;3;1;2;1;2;2;4;3;2;4;2;1;3;1;3;1;2;3;5;0;1;4;2;6;2;2;3;5;8;3;5;3;8;7;6;10;9;8;6;5;5;3;5;5;5;5;12;6;2;9;3;9;7;5;8;5;6;1;5;6;2;2;3;2;2;3;1;2;3;1;2;1;0;0;2;1;1;1;1;2;1;1;1;3;0;0;1;1;0;0;0;0;0;0;1;0
032002;Monrupino;0;0;0;0;0;0;1;0;0;0;0;0;0;0;0;0;0;0;0;0;0;0;0;0;0;1;0;1;0;0;0;0;0;0;2;1;0;0;0;1;0;0;2;0;0;0;0;1;0;0;0;0;0;0;0;0;0;0;0;0;0;0;0;0;0;0;1;0;1;0;1;0;0;1;0;0;0;0;0;0;0;0;1;0;0;0;0;0;0;0;0;0;0;0;0;0;0;0;0;0;0
032003;Muggia;0;2;0;1;1;1;1;1;3;4;1;1;1;0;2;2;4;4;1;1;4;5;5;3;5;4;2;5;4;1;7;9;7;4;5;3;7;8;8;11;12;9;10;11;4;6;4;4;5;7;8;4;5;5;3;4;5;4;4;11;8;8;6;9;5;5;6;1;4;7;3;1;1;0;0;0;1;1;2;2;1;0;1;0;0;0;0;0;0;0;0;0;0;0;1;0;0;0;0;0;0
032004;San Dorligo della Valle-Dolina;0;0;0;0;0;2;1;2;1;0;0;0;0;1;0;0;0;0;2;0;0;0;0;0;1;0;0;2;4;1;3;3;3;1;2;3;2;2;3;8;5;2;1;2;3;3;1;3;5;4;2;3;5;4;6;5;4;1;3;1;1;0;2;2;1;3;2;0;2;1;1;0;0;2;0;2;0;0;0;0;0;0;0;0;0;0;0;0;0;0;0;0;0;1;0;0;0;0;0;0;0
032005;Sgonico;2;0;1;1;0;0;0;0;0;0;2;0;0;0;1;1;0;0;1;0;0;1;0;0;1;1;1;0;1;0;2;0;0;1;0;0;1;0;1;1;0;1;1;3;4;0;1;2;2;0;2;1;0;4;0;0;0;3;1;0;0;1;0;0;2;0;1;0;0;0;1;0;1;1;0;0;0;0;0;0;0;0;0;0;0;0;0;0;0;0;0;0;0;0;0;0;0;0;0;0;0
032006;Trieste;190;198;219;203;218;201;236;202;211;182;181;167;181;170;147;155;153;137;149;197;236;261;330;321;341;377;367;419;467;451;494;465;480;495;467;414;429;442;398;387;371;411;390;392;346;344;346;329;315;300;293;269;242;265;250;264;243;238;246;213;197;190;192;231;161;166;165;119;119;109;105;78;67;49;39;40;38;43;39;28;17;23;17;12;20;17;12;8;8;5;4;6;4;2;2;1;1;1;1;0;1
;Totale;193;201;223;206;219;207;240;207;216;188;186;172;185;173;154;160;158;144;154;201;241;269;338;329;348;384;374;429;482;455;508;480;495;509;479;426;442;460;417;414;398;432;412;414;362;358;355;344;332;316;310;289;258;280;268;276;261;253;259;233;211;205;201;247;175;176;177;123;128;119;114;80;71;56;40;44;40;44;41;32;19;24;20;13;22;18;13;9;11;5;4;7;5;3;3;1;1;1;1;1;1
Territorio/Età;;0;1;2;3;4;5;6;7;8;9;10;11;12;13;14;15;16;17;18;19;20;21;22;23;24;25;26;27;28;29;30;31;32;33;34;35;36;37;38;39;40;41;42;43;44;45;46;47;48;49;50;51;52;53;54;55;56;57;58;59;60;61;62;63;64;65;66;67;68;69;70;71;72;73;74;75;76;77;78;79;80;81;82;83;84;85;86;87;88;89;90;91;92;93;94;95;96;97;98;99;100
Codice comune;Comune;Maschi
032001;Duino-Aurisina;1;1;2;0;0;1;1;2;1;2;2;1;1;2;3;1;0;2;1;3;0;2;2;1;0;1;2;0;4;0;2;2;2;2;0;2;3;3;2;4;2;3;2;5;1;1;0;1;2;1;1;1;3;0;1;1;5;3;1;5;2;1;0;1;3;1;1;2;0;2;0;0;0;2;0;1;0;0;0;0;1;0;1;1;2;1;0;1;2;0;0;1;0;0;0;0;0;0;0;0;0
032002;Monrupino;0;0;0;0;0;0;1;0;0;0;0;0;0;0;0;0;0;0;0;0;0;0;0;0;0;1;0;0;0;0;0;0;0;0;1;0;0;0;0;1;0;0;1;0;0;0;0;0;0;0;0;0;0;0;0;0;0;0;0;0;0;0;0;0;0;0;1;0;0;0;0;0;0;0;0;0;0;0;0;0;0;0;0;0;0;0;0;0;0;0;0;0;0;0;0;0;0;0;0;0;0
032003;Muggia;0;1;0;1;0;1;0;0;2;3;1;1;1;0;1;1;2;1;1;1;3;3;4;2;2;3;0;3;3;0;1;2;1;2;0;1;4;4;1;4;7;1;2;4;2;1;1;2;1;2;4;0;1;3;1;2;1;1;2;5;2;3;3;3;4;1;5;0;2;2;1;0;0;0;0;0;1;0;0;1;0;0;0;0;0;0;0;0;0;0;0;0;0;0;0;0;0;0;0;0;0
032004;San Dorligo della Valle-Dolina;0;0;0;0;0;1;0;1;1;0;0;0;0;1;0;0;0;0;2;0;0;0;0;0;1;0;0;0;1;1;2;2;1;0;1;2;1;1;2;3;3;2;0;1;1;2;1;2;4;4;2;1;4;2;3;2;3;0;1;1;1;0;1;2;0;2;1;0;0;0;1;0;0;1;0;0;0;0;0;0;0;0;0;0;0;0;0;0;0;0;0;0;0;1;0;0;0;0;0;0;0
032005;Sgonico;2;0;0;0;0;0;0;0;0;0;0;0;0;0;0;1;0;0;1;0;0;0;0;0;0;0;0;0;1;0;2;0;0;1;0;0;0;0;0;0;0;0;1;1;0;0;1;0;1;0;1;0;0;3;0;0;0;2;0;0;0;0;0;0;1;0;1;0;0;0;1;0;0;1;0;0;0;0;0;0;0;0;0;0;0;0;0;0;0;0;0;0;0;0;0;0;0;0;0;0;0
032006;Trieste;106;95;107;99;116;99;119;99;101;90;84;84;102;106;79;71;76;88;91;126;167;177;220;213;216;267;237;253;318;263;297;265;277;271;256;229;230;236;220;194;191;199;183;194;178;154;159;150;158;134;137;105;106;117;113;116;106;96;107;85;74;75;80;87;59;71;71;40;42;43;44;32;29;23;14;19;17;15;13;14;9;6;2;3;8;8;4;4;2;2;0;3;0;1;0;1;1;0;1;0;0
;Totale;109;97;109;100;116;102;121;102;105;95;87;86;104;109;83;74;78;91;96;130;170;182;226;216;219;272;239;256;327;264;304;271;281;276;258;234;238;244;225;206;203;205;189;205;182;158;162;155;166;141;145;107;114;125;118;121;115;102;111;96;79;79;84;93;67;75;80;42;44;47;47;32;29;27;14;20;18;15;13;15;10;6;3;4;10;9;4;5;4;2;0;4;0;2;0;1;1;0;1;0;0
Territorio/Età;;0;1;2;3;4;5;6;7;8;9;10;11;12;13;14;15;16;17;18;19;20;21;22;23;24;25;26;27;28;29;30;31;32;33;34;35;36;37;38;39;40;41;42;43;44;45;46;47;48;49;50;51;52;53;54;55;56;57;58;59;60;61;62;63;64;65;66;67;68;69;70;71;72;73;74;75;76;77;78;79;80;81;82;83;84;85;86;87;88;89;90;91;92;93;94;95;96;97;98;99;100
Codice comune;Comune;Femmine
032001;Duino-Aurisina;0;0;1;1;0;2;0;0;0;0;0;3;2;0;1;1;1;1;0;0;1;0;1;4;0;0;2;2;2;2;0;1;3;6;3;3;0;5;5;2;8;6;6;1;4;4;3;4;3;4;4;11;3;2;8;2;4;4;4;3;3;5;1;4;3;1;1;1;2;0;3;1;2;1;1;1;1;0;0;2;0;1;0;0;0;0;1;0;1;0;0;0;1;0;0;0;0;0;0;1;0
032002;Monrupino;0;0;0;0;0;0;0;0;0;0;0;0;0;0;0;0;0;0;0;0;0;0;0;0;0;0;0;1;0;0;0;0;0;0;1;1;0;0;0;0;0;0;1;0;0;0;0;1;0;0;0;0;0;0;0;0;0;0;0;0;0;0;0;0;0;0;0;0;1;0;1;0;0;1;0;0;0;0;0;0;0;0;1;0;0;0;0;0;0;0;0;0;0;0;0;0;0;0;0;0;0
032003;Muggia;0;1;0;0;1;0;1;1;1;1;0;0;0;0;1;1;2;3;0;0;1;2;1;1;3;1;2;2;1;1;6;7;6;2;5;2;3;4;7;7;5;8;8;7;2;5;3;2;4;5;4;4;4;2;2;2;4;3;2;6;6;5;3;6;1;4;1;1;2;5;2;1;1;0;0;0;0;1;2;1;1;0;1;0;0;0;0;0;0;0;0;0;0;0;1;0;0;0;0;0;0
032004;San Dorligo della Valle-Dolina;0;0;0;0;0;1;1;1;0;0;0;0;0;0;0;0;0;0;0;0;0;0;0;0;0;0;0;2;3;0;1;1;2;1;1;1;1;1;1;5;2;0;1;1;2;1;0;1;1;0;0;2;1;2;3;3;1;1;2;0;0;0;1;0;1;1;1;0;2;1;0;0;0;1;0;2;0;0;0;0;0;0;0;0;0;0;0;0;0;0;0;0;0;0;0;0;0;0;0;0;0
032005;Sgonico;0;0;1;1;0;0;0;0;0;0;2;0;0;0;1;0;0;0;0;0;0;1;0;0;1;1;1;0;0;0;0;0;0;0;0;0;1;0;1;1;0;1;0;2;4;0;0;2;1;0;1;1;0;1;0;0;0;1;1;0;0;1;0;0;1;0;0;0;0;0;0;0;1;0;0;0;0;0;0;0;0;0;0;0;0;0;0;0;0;0;0;0;0;0;0;0;0;0;0;0;0
032006;Trieste;84;103;112;104;102;102;117;103;110;92;97;83;79;64;68;84;77;49;58;71;69;84;110;108;125;110;130;166;149;188;197;200;203;224;211;185;199;206;178;193;180;212;207;198;168;190;187;179;157;166;156;164;136;148;137;148;137;142;139;128;123;115;112;144;102;95;94;79;77;66;61;46;38;26;25;21;21;28;26;14;8;17;15;9;12;9;8;4;6;3;4;3;4;1;2;0;0;1;0;0;1
;Totale;84;104;114;106;103;105;119;105;111;93;99;86;81;64;71;86;80;53;58;71;71;87;112;113;129;112;135;173;155;191;204;209;214;233;221;192;204;216;192;208;195;227;223;209;180;200;193;189;166;175;165;182;144;155;150;155;146;151;148;137;132;126;117;154;108;101;97;81;84;72;67;48;42;29;26;24;22;29;28;17;9;18;17;9;12;9;9;4;7;3;4;3;5;1;3;0;0;1;0;1;1
