"Popolazione per età, vista per territorio - Comuni della Provincia di Prato"

"Ricostruzione della popolazione intercensuaria - Popolazione al 1° gennaio per età"
"Tutte le cittadinanze - Anno: 2002 - Provincia: Prato"
Territorio/Età;;0;1;2;3;4;5;6;7;8;9;10;11;12;13;14;15;16;17;18;19;20;21;22;23;24;25;26;27;28;29;30;31;32;33;34;35;36;37;38;39;40;41;42;43;44;45;46;47;48;49;50;51;52;53;54;55;56;57;58;59;60;61;62;63;64;65;66;67;68;69;70;71;72;73;74;75;76;77;78;79;80;81;82;83;84;85;86;87;88;89;90;91;92;93;94;95;96;97;98;99;100
Codice comune;Comune;Totale
100001;Cantagallo;19;28;18;33;19;17;26;20;26;17;23;23;16;20;21;29;16;25;24;19;29;23;24;17;37;34;26;49;47;44;46;38;48;58;52;46;68;45;51;38;27;40;38;35;31;37;33;36;35;39;36;37;37;37;47;42;25;34;32;35;42;42;31;44;38;40;34;33;30;40;40;38;30;44;34;31;26;26;27;30;34;19;16;14;9;8;14;15;11;9;5;5;4;4;2;1;0;0;3;0;0
100002;Carmignano;143;145;126;130;110;118;91;85;96;128;110;95;100;89;106;118;108;112;104;124;114;114;129;121;136;142;192;188;214;190;223;209;257;213;230;246;249;190;243;225;186;180;181;161;170;151;200;170;162;140;146;174;158;165;137;167;120;139;126;134;126;135;127;154;121;102;120;107;123;106;94;79;83;115;93;94;88;87;94;77;94;86;48;22;29;32;42;44;34;23;13;21;10;9;5;4;3;3;0;0;2
100003;Montemurlo;164;156;154;155;144;152;147;136;172;148;152;180;157;185;170;186;179;184;203;199;238;203;251;243;261;244;314;260;249;257;270;270;304;287;276;290;292;290;303;272;306;277;237;238;259;263;284;286;203;234;251;253;263;250;250;271;196;210;226;211;193;240;249;241;211;199;160;203;162;161;179;163;170;142;124;124;125;109;88;72;77;73;40;31;22;35;53;52;39;37;24;19;13;13;4;5;7;0;2;3;3
100004;Poggio a Caiano;61;78;81;63;61;56;77;70;86;72;87;78;93;76;72;90;67;104;94;90;102;107;108;106;108;117;145;126;141;137;141;127;148;134;111;148;126;141;131;141;135;118;138;117;136;129;141;119;123;138;157;137;123;144;146;124;123;117;119;102;104;119;109;106;85;90;83;62;76;72;83;77;68;66;78;67;68;85;58;63;50;42;28;26;23;21;21;39;20;20;14;21;7;10;3;7;4;2;1;1;0
100005;Prato;1582;1559;1506;1490;1434;1432;1365;1375;1412;1500;1464;1483;1516;1496;1491;1594;1608;1573;1585;1667;1773;1867;1875;2064;2136;2309;2524;2630;2812;2693;2899;2849;2890;2870;2933;2963;3040;3062;2859;2699;2688;2694;2484;2530;2486;2402;2390;2288;2261;2316;2151;2252;2509;2571;2522;2578;2067;2045;2093;1977;2074;2288;2273;2357;1968;1885;1972;1849;1750;1769;1711;1839;1668;1671;1595;1551;1488;1451;1371;1245;1406;1186;747;465;438;540;588;541;496;459;331;278;195;157;103;93;56;31;23;21;17
100006;Vaiano;72;69;76;57;66;72;65;60;59;70;75;76;77;73;62;77;93;87;74;72;78;102;96;101;109;117;106;118;141;129;118;137;132;129;133;154;166;150;130;148;126;109;121;131;140;162;137;116;128;131;138;146;133;154;144;140;126;105;111;118;111;123;122;127;101;103;99;106;84;94;110;123;99;86;95;111;99;89;79;72;77;68;49;26;25;34;48;42;39;27;26;13;12;9;10;3;4;3;3;0;1
100007;Vernio;30;32;42;39;33;33;34;43;33;35;40;49;45;49;40;37;45;36;41;42;49;53;52;58;47;70;80;72;76;79;69;86;84;80;95;71;75;85;95;98;90;77;76;86;66;79;75;61;66;81;70;95;80;108;80;72;72;58;59;59;72;84;68;66;85;68;57;75;57;63;64;75;78;78;84;67;74;71;64;55;72;47;36;26;13;18;41;24;14;18;17;16;11;4;7;6;5;4;0;1;1
;Totale;2071;2067;2003;1967;1867;1880;1805;1789;1884;1970;1951;1984;2004;1988;1962;2131;2116;2121;2125;2213;2383;2469;2535;2710;2834;3033;3387;3443;3680;3529;3766;3716;3863;3771;3830;3918;4016;3963;3812;3621;3558;3495;3275;3298;3288;3223;3260;3076;2978;3079;2949;3094;3303;3429;3326;3394;2729;2708;2766;2636;2722;3031;2979;3095;2609;2487;2525;2435;2282;2305;2281;2394;2196;2202;2103;2045;1968;1918;1781;1614;1810;1521;964;610;559;688;807;757;653;593;430;373;252;206;134;119;79;43;32;26;24
Territorio/Età;;0;1;2;3;4;5;6;7;8;9;10;11;12;13;14;15;16;17;18;19;20;21;22;23;24;25;26;27;28;29;30;31;32;33;34;35;36;37;38;39;40;41;42;43;44;45;46;47;48;49;50;51;52;53;54;55;56;57;58;59;60;61;62;63;64;65;66;67;68;69;70;71;72;73;74;75;76;77;78;79;80;81;82;83;84;85;86;87;88;89;90;91;92;93;94;95;96;97;98;99;100
Codice comune;Comune;Maschi
100001;Cantagallo;8;15;7;14;9;7;17;12;15;7;17;17;12;4;9;11;7;12;8;10;15;9;18;7;16;15;14;27;25;19;22;22;21;30;34;23;27;26;24;21;15;22;25;18;18;23;21;13;19;19;16;21;19;19;27;17;13;18;17;16;25;22;19;21;21;18;19;15;13;15;20;22;16;23;19;14;13;10;4;10;21;5;3;6;1;3;6;4;6;2;2;2;0;0;1;0;0;0;1;0;0
100002;Carmignano;71;66;66;66;50;58;47;46;51;71;64;45;42;46;60;61;52;52;51;61;58;51;69;60;61;70;111;84;89;89;115;115;139;112;112;128;137;87;124;119;94;99;94;83;83;87;96;84;89;62;75;87;82;94;75;92;51;69;56;75;62;80;60;79;56;47;61;50;69;57;33;33;48;49;42;39;44;39;35;31;34;31;18;8;14;14;18;14;10;8;3;6;0;2;0;0;1;1;0;0;1
100003;Montemurlo;78;75;79;83;82;83;81;68;80;71;84;104;78;104;85;103;86;92;105;94;125;103;127;139;132;133;157;128;136;143;128;137;150;141;146;159;144;146;167;124;149;125;116;120;137;123;139;126;111;130;110;129;135;127;120;130;99;107;107;104;98;127;125;120;98;102;80;116;86;71;87;81;86;61;67;67;52;45;42;27;27;26;12;11;5;15;20;14;13;12;7;4;0;2;1;2;2;0;0;0;1
100004;Poggio a Caiano;30;42;43;36;34;34;37;39;46;38;43;46;41;30;41;51;33;55;43;52;50;53;54;48;58;61;73;59;69;80;69;72;78;71;54;71;68;68;66;71;61;62;67;54;62;61;68;60;49;71;83;68;68;70;67;68;62;60;56;57;54;57;56;50;47;48;37;28;35;29;44;32;25;31;38;27;29;33;22;23;22;16;11;10;7;6;4;13;2;8;3;5;3;1;0;2;0;1;0;0;0
100005;Prato;832;768;776;747;753;745;728;705;721;734;721;804;750;759;784;778;844;795;844;860;931;954;935;1068;1072;1152;1273;1375;1450;1366;1459;1497;1458;1448;1473;1524;1560;1534;1442;1355;1325;1348;1281;1257;1246;1166;1164;1102;1118;1096;1076;1086;1199;1295;1220;1269;1026;958;1003;943;998;1034;1111;1131;921;909;909;902;828;802;775;821;751;729;713;641;644;616;569;487;547;422;287;165;162;191;196;191;149;123;95;73;54;34;24;18;7;8;3;3;4
100006;Vaiano;29;32;38;29;32;34;32;27;35;32;42;40;42;36;32;37;55;45;38;34;42;56;46;59;61;58;53;70;66;58;59;74;62;79;62;79;81;80;62;71;57;54;58;57;65;76;77;65;66;70;59;68;77;74;81;71;57;52;61;54;49;63;66;70;51;55;47;46;38;47;47;54;49;37;35;47;45;41;36;29;36;25;22;7;9;9;17;14;13;8;4;1;5;1;2;0;2;1;0;0;1
100007;Vernio;20;21;19;20;15;17;16;19;20;20;24;20;23;22;23;16;20;17;17;23;27;23;25;36;19;36;31;38;33;45;44;51;46;37;47;44;37;46;42;47;38;44;40;48;37;39;42;33;32;49;31;44;37;59;36;40;36;28;34;32;31;42;36;39;37;35;27;29;23;28;29;26;34;27;39;26;25;32;27;19;31;17;10;4;4;7;16;11;9;4;3;2;2;0;2;1;0;0;0;1;0
;Totale;1068;1019;1028;995;975;978;958;916;968;973;995;1076;988;1001;1034;1057;1097;1068;1106;1134;1248;1249;1274;1417;1419;1525;1712;1781;1868;1800;1896;1968;1954;1918;1928;2028;2054;1987;1927;1808;1739;1754;1681;1637;1648;1575;1607;1483;1484;1497;1450;1503;1617;1738;1626;1687;1344;1292;1334;1281;1317;1425;1473;1510;1231;1214;1180;1186;1092;1049;1035;1069;1009;957;953;861;852;816;735;626;718;542;363;211;202;245;277;261;202;165;117;93;64;40;30;23;12;11;4;4;7
Territorio/Età;;0;1;2;3;4;5;6;7;8;9;10;11;12;13;14;15;16;17;18;19;20;21;22;23;24;25;26;27;28;29;30;31;32;33;34;35;36;37;38;39;40;41;42;43;44;45;46;47;48;49;50;51;52;53;54;55;56;57;58;59;60;61;62;63;64;65;66;67;68;69;70;71;72;73;74;75;76;77;78;79;80;81;82;83;84;85;86;87;88;89;90;91;92;93;94;95;96;97;98;99;100
Codice comune;Comune;Femmine
100001;Cantagallo;11;13;11;19;10;10;9;8;11;10;6;6;4;16;12;18;9;13;16;9;14;14;6;10;21;19;12;22;22;25;24;16;27;28;18;23;41;19;27;17;12;18;13;17;13;14;12;23;16;20;20;16;18;18;20;25;12;16;15;19;17;20;12;23;17;22;15;18;17;25;20;16;14;21;15;17;13;16;23;20;13;14;13;8;8;5;8;11;5;7;3;3;4;4;1;1;0;0;2;0;0
100002;Carmignano;72;79;60;64;60;60;44;39;45;57;46;50;58;43;46;57;56;60;53;63;56;63;60;61;75;72;81;104;125;101;108;94;118;101;118;118;112;103;119;106;92;81;87;78;87;64;104;86;73;78;71;87;76;71;62;75;69;70;70;59;64;55;67;75;65;55;59;57;54;49;61;46;35;66;51;55;44;48;59;46;60;55;30;14;15;18;24;30;24;15;10;15;10;7;5;4;2;2;0;0;1
100003;Montemurlo;86;81;75;72;62;69;66;68;92;77;68;76;79;81;85;83;93;92;98;105;113;100;124;104;129;111;157;132;113;114;142;133;154;146;130;131;148;144;136;148;157;152;121;118;122;140;145;160;92;104;141;124;128;123;130;141;97;103;119;107;95;113;124;121;113;97;80;87;76;90;92;82;84;81;57;57;73;64;46;45;50;47;28;20;17;20;33;38;26;25;17;15;13;11;3;3;5;0;2;3;2
100004;Poggio a Caiano;31;36;38;27;27;22;40;31;40;34;44;32;52;46;31;39;34;49;51;38;52;54;54;58;50;56;72;67;72;57;72;55;70;63;57;77;58;73;65;70;74;56;71;63;74;68;73;59;74;67;74;69;55;74;79;56;61;57;63;45;50;62;53;56;38;42;46;34;41;43;39;45;43;35;40;40;39;52;36;40;28;26;17;16;16;15;17;26;18;12;11;16;4;9;3;5;4;1;1;1;0
100005;Prato;750;791;730;743;681;687;637;670;691;766;743;679;766;737;707;816;764;778;741;807;842;913;940;996;1064;1157;1251;1255;1362;1327;1440;1352;1432;1422;1460;1439;1480;1528;1417;1344;1363;1346;1203;1273;1240;1236;1226;1186;1143;1220;1075;1166;1310;1276;1302;1309;1041;1087;1090;1034;1076;1254;1162;1226;1047;976;1063;947;922;967;936;1018;917;942;882;910;844;835;802;758;859;764;460;300;276;349;392;350;347;336;236;205;141;123;79;75;49;23;20;18;13
100006;Vaiano;43;37;38;28;34;38;33;33;24;38;33;36;35;37;30;40;38;42;36;38;36;46;50;42;48;59;53;48;75;71;59;63;70;50;71;75;85;70;68;77;69;55;63;74;75;86;60;51;62;61;79;78;56;80;63;69;69;53;50;64;62;60;56;57;50;48;52;60;46;47;63;69;50;49;60;64;54;48;43;43;41;43;27;19;16;25;31;28;26;19;22;12;7;8;8;3;2;2;3;0;0
100007;Vernio;10;11;23;19;18;16;18;24;13;15;16;29;22;27;17;21;25;19;24;19;22;30;27;22;28;34;49;34;43;34;25;35;38;43;48;27;38;39;53;51;52;33;36;38;29;40;33;28;34;32;39;51;43;49;44;32;36;30;25;27;41;42;32;27;48;33;30;46;34;35;35;49;44;51;45;41;49;39;37;36;41;30;26;22;9;11;25;13;5;14;14;14;9;4;5;5;5;4;0;0;1
;Totale;1003;1048;975;972;892;902;847;873;916;997;956;908;1016;987;928;1074;1019;1053;1019;1079;1135;1220;1261;1293;1415;1508;1675;1662;1812;1729;1870;1748;1909;1853;1902;1890;1962;1976;1885;1813;1819;1741;1594;1661;1640;1648;1653;1593;1494;1582;1499;1591;1686;1691;1700;1707;1385;1416;1432;1355;1405;1606;1506;1585;1378;1273;1345;1249;1190;1256;1246;1325;1187;1245;1150;1184;1116;1102;1046;988;1092;979;601;399;357;443;530;496;451;428;313;280;188;166;104;96;67;32;28;22;17

"Ricostruzione della popolazione intercensuaria - Popolazione al 1° gennaio per età"
"Tutte le cittadinanze - Anno: 2003 - Provincia: Prato"
Territorio/Età;;0;1;2;3;4;5;6;7;8;9;10;11;12;13;14;15;16;17;18;19;20;21;22;23;24;25;26;27;28;29;30;31;32;33;34;35;36;37;38;39;40;41;42;43;44;45;46;47;48;49;50;51;52;53;54;55;56;57;58;59;60;61;62;63;64;65;66;67;68;69;70;71;72;73;74;75;76;77;78;79;80;81;82;83;84;85;86;87;88;89;90;91;92;93;94;95;96;97;98;99;100
Codice comune;Comune;Totale
100001;Cantagallo;23;18;24;23;32;18;17;24;21;22;21;23;22;15;21;21;29;17;21;25;21;26;24;27;19;38;37;20;49;52;46;50;35;47;54;56;47;73;43;50;37;31;37;36;37;30;38;33;35;34;39;36;40;37;36;46;42;26;35;35;35;40;42;32;44;39;41;34;32;30;38;40;40;31;42;35;28;26;25;24;30;33;17;15;9;9;9;13;13;9;9;5;4;4;4;1;1;0;0;1;0
100002;Carmignano;163;150;150;126;137;115;125;93;82;98;134;111;98;114;89;111;118;108;110;108;133;117;122;136;132;139;149;195;203;219;210;226;222;258;225;232;253;254;190;249;225;191;188;181;162;171;154;196;174;165;141;150;173;155;167;140;169;122;138;132;141;128;136;129;157;123;102;123;105;125;104;91;80;81;114;93;92;83;87;88;75;90;86;42;23;28;29;36;40;30;16;11;18;9;7;3;2;1;2;0;1
100003;Montemurlo;159;169;156;159;155;148;155;147;135;172;151;154;186;157;188;170;185;177;185;200;197;235;202;261;253;261;236;311;264;268;250;275;278;305;294;279;294;285;294;293;278;305;274;234;245;258;268;283;285;208;234;247;255;263;249;247;269;198;211;226;206;191;240;249;247;213;197;158;203;162;159;178;163;170;141;121;121;119;104;82;70;74;67;36;31;19;36;46;46;35;30;21;16;8;11;0;4;2;0;1;1
100004;Poggio a Caiano;83;65;76;81;65;64;57;80;70;86;71;90;77;96;77;72;86;70;100;94;86;100;105;113;104;107;128;146;132;141;141;143;124;160;135;117;153;132;146;127;152;136;116;132;118;137;125;137;115;121;137;155;139;122;142;146;126;124;120;118;105;103;114;110;103;86;93;83;65;74;73;85;79;68;66;74;66;65;81;57;60;49;42;26;25;23;21;20;38;18;19;13;19;7;8;3;5;4;1;1;1
100005;Prato;1722;1614;1601;1527;1499;1462;1438;1382;1403;1430;1525;1471;1497;1537;1532;1526;1612;1631;1598;1615;1679;1800;1907;1916;2139;2193;2380;2612;2674;2837;2751;2975;2930;2947;2943;2970;2972;3053;3078;2876;2732;2702;2696;2495;2534;2489;2404;2384;2295;2261;2319;2145;2241;2508;2558;2519;2564;2054;2034;2070;1975;2043;2284;2247;2328;1951;1868;1956;1830;1724;1747;1680;1807;1642;1638;1569;1514;1447;1397;1321;1179;1346;1122;694;441;397;486;534;484;428;400;284;225;167;123;82;73;35;19;18;29
100006;Vaiano;86;75;68;74;57;70;70;71;63;57;70;79;77;76;77;66;75;96;87;73;70;77;108;94;98;111;117;104;122;146;136;115;137;134;131;140;153;165;163;137;149;125;108;119;129;138;164;137;114;128;134;144;149;146;158;152;140;134;108;115;118;114;123;121;131;97;105;96;104;83;93;109;123;96;85;96;106;96;85;69;68;72;66;45;21;22;30;39;38;34;21;19;12;9;7;6;2;4;3;1;0
100007;Vernio;41;31;34;43;39;35;32;35;48;36;36;42;49;48;45;38;38;50;41;43;42;51;57;52;61;51;66;85;76;79;80;62;87;84;80;92;82;79;93;97;98;90;78;77;84;69;84;78;61;65;83;68;96;79;109;79;72;71;56;59;59;74;87;70;66;89;64;60;74;60;61;64;77;74;75;80;62;70;69;62;51;69;43;35;27;13;19;36;21;15;15;12;12;9;3;5;4;5;4;0;1
;Totale;2277;2122;2109;2033;1984;1912;1894;1832;1822;1901;2008;1970;2006;2043;2029;2004;2143;2149;2142;2158;2228;2406;2525;2599;2806;2900;3113;3473;3520;3742;3614;3846;3813;3935;3862;3886;3954;4041;4007;3829;3671;3580;3497;3274;3309;3292;3237;3248;3079;2982;3087;2945;3093;3310;3419;3329;3382;2729;2702;2755;2639;2693;3026;2958;3076;2598;2470;2510;2413;2258;2275;2247;2369;2162;2161;2068;1989;1906;1848;1703;1533;1733;1443;893;577;511;630;724;680;569;510;365;306;213;163;100;91;51;29;22;33
Territorio/Età;;0;1;2;3;4;5;6;7;8;9;10;11;12;13;14;15;16;17;18;19;20;21;22;23;24;25;26;27;28;29;30;31;32;33;34;35;36;37;38;39;40;41;42;43;44;45;46;47;48;49;50;51;52;53;54;55;56;57;58;59;60;61;62;63;64;65;66;67;68;69;70;71;72;73;74;75;76;77;78;79;80;81;82;83;84;85;86;87;88;89;90;91;92;93;94;95;96;97;98;99;100
Codice comune;Comune;Maschi
100001;Cantagallo;11;7;13;10;14;10;8;14;12;12;11;18;17;12;5;9;13;6;11;9;11;12;7;18;7;18;16;9;28;27;20;25;22;21;30;37;23;31;27;22;22;16;22;24;20;18;24;22;10;19;19;17;23;20;19;27;17;13;18;18;16;23;22;20;21;20;18;19;14;13;15;20;22;16;21;19;13;14;11;2;10;21;3;3;1;1;3;5;4;5;2;2;2;0;0;1;0;0;0;0;0
100002;Carmignano;82;75;71;66;70;53;59;50;45;52;73;61;46;52;45;62;60;53;53;55;63;59;54;74;61;61;73;110;89;89;96;118;122;140;115;115;128;139;87;123;119;101;106;95;82;85;87;94;85;90;63;79;88;81;93;78;91;52;66;58;78;65;82;60;80;58;46;60;49;68;58;32;34;47;49;43;35;41;38;35;29;31;29;17;8;13;10;15;13;8;4;1;6;0;1;0;0;1;1;0;1
100003;Montemurlo;88;75;73;82;82;86;87;82;68;79;75;84;107;78;102;84;103;87;90;103;92;123;101;128;143;130;132;160;128;148;140;132;137;149;144;146;166;136;150;163;124;150;121;116;125;133;127;139;127;114;130;112;131;136;127;119;127;98;106;106;100;95;128;124;122;100;100;77;115;85;69;83;83;87;63;63;64;48;44;37;25;24;24;10;11;5;14;18;11;11;10;5;4;0;1;0;0;0;0;0;1
100004;Poggio a Caiano;38;32;42;42;38;34;33;36;39;45;37;46;45;43;30;42;48;35;53;44;49;48;51;53;45;58;65;76;63;69;83;71;67;81;72;57;73;71;70;64;79;63;62;64;55;62;58;64;58;47;71;80;68;67;67;66;68;63;62;54;58;53;55;56;50;46;49;37;29;32;28;45;32;24;30;37;28;27;33;23;23;21;15;8;9;6;5;4;12;2;8;3;5;3;1;0;2;0;1;0;0
100005;Prato;888;845;792;787;754;768;739;738;715;736;746;724;809;762;779;803;786;852;805;861;868;933;965;955;1115;1089;1183;1315;1395;1466;1390;1506;1528;1494;1503;1499;1517;1567;1542;1443;1370;1328;1364;1293;1263;1248;1167;1167;1108;1109;1093;1073;1085;1201;1293;1218;1257;1018;955;988;940;981;1030;1092;1115;904;901;895;882;814;791;749;800;733;708;695;614;612;584;532;449;519;386;263;152;137;163;178;165;126;96;71;55;40;28;18;15;4;6;3;6
100006;Vaiano;52;32;33;38;29;34;33;36;29;35;30;46;41;43;39;36;34;57;44;38;34;44;60;45;59;62;59;52;69;68;60;56;75;65;78;65;77;80;88;68;74;55;54;58;56;61;76;76;64;65;72;61;69;84;76;85;74;62;54;63;56;50;62;65;75;49;57;44;46;36;47;46;54;46;35;36;46;42;38;29;26;33;23;21;5;7;8;13;13;11;8;3;1;3;1;1;0;2;1;0;0
100007;Vernio;21;21;23;17;21;14;16;15;22;21;19;25;20;23;20;21;17;22;20;18;22;30;23;27;40;20;36;35;41;35;45;38;51;49;35;47;50;43;49;43;46;37;45;38;46;39;42;44;31;34;50;30;43;36;59;36;39;36;27;33;33;32;44;38;39;41;32;28;28;24;27;30;28;32;24;36;23;24;33;28;15;29;15;10;4;4;7;14;11;9;2;1;2;2;0;2;0;0;0;0;0
;Totale;1180;1087;1047;1042;1008;999;975;971;930;980;991;1004;1085;1013;1020;1057;1061;1112;1076;1128;1139;1249;1261;1300;1470;1438;1564;1757;1813;1902;1834;1946;2002;1999;1977;1966;2034;2067;2013;1926;1834;1750;1774;1688;1647;1646;1581;1606;1483;1478;1498;1452;1507;1625;1734;1629;1673;1342;1288;1320;1281;1299;1423;1455;1502;1218;1203;1160;1163;1072;1035;1005;1053;985;930;929;823;808;781;686;577;678;495;332;190;173;210;247;229;172;130;86;75;48;32;22;17;7;9;3;8
Territorio/Età;;0;1;2;3;4;5;6;7;8;9;10;11;12;13;14;15;16;17;18;19;20;21;22;23;24;25;26;27;28;29;30;31;32;33;34;35;36;37;38;39;40;41;42;43;44;45;46;47;48;49;50;51;52;53;54;55;56;57;58;59;60;61;62;63;64;65;66;67;68;69;70;71;72;73;74;75;76;77;78;79;80;81;82;83;84;85;86;87;88;89;90;91;92;93;94;95;96;97;98;99;100
Codice comune;Comune;Femmine
100001;Cantagallo;12;11;11;13;18;8;9;10;9;10;10;5;5;3;16;12;16;11;10;16;10;14;17;9;12;20;21;11;21;25;26;25;13;26;24;19;24;42;16;28;15;15;15;12;17;12;14;11;25;15;20;19;17;17;17;19;25;13;17;17;19;17;20;12;23;19;23;15;18;17;23;20;18;15;21;16;15;12;14;22;20;12;14;12;8;8;6;8;9;4;7;3;2;4;4;0;1;0;0;1;0
100002;Carmignano;81;75;79;60;67;62;66;43;37;46;61;50;52;62;44;49;58;55;57;53;70;58;68;62;71;78;76;85;114;130;114;108;100;118;110;117;125;115;103;126;106;90;82;86;80;86;67;102;89;75;78;71;85;74;74;62;78;70;72;74;63;63;54;69;77;65;56;63;56;57;46;59;46;34;65;50;57;42;49;53;46;59;57;25;15;15;19;21;27;22;12;10;12;9;6;3;2;0;1;0;0
100003;Montemurlo;71;94;83;77;73;62;68;65;67;93;76;70;79;79;86;86;82;90;95;97;105;112;101;133;110;131;104;151;136;120;110;143;141;156;150;133;128;149;144;130;154;155;153;118;120;125;141;144;158;94;104;135;124;127;122;128;142;100;105;120;106;96;112;125;125;113;97;81;88;77;90;95;80;83;78;58;57;71;60;45;45;50;43;26;20;14;22;28;35;24;20;16;12;8;10;0;4;2;0;1;0
100004;Poggio a Caiano;45;33;34;39;27;30;24;44;31;41;34;44;32;53;47;30;38;35;47;50;37;52;54;60;59;49;63;70;69;72;58;72;57;79;63;60;80;61;76;63;73;73;54;68;63;75;67;73;57;74;66;75;71;55;75;80;58;61;58;64;47;50;59;54;53;40;44;46;36;42;45;40;47;44;36;37;38;38;48;34;37;28;27;18;16;17;16;16;26;16;11;10;14;4;7;3;3;4;0;1;1
100005;Prato;834;769;809;740;745;694;699;644;688;694;779;747;688;775;753;723;826;779;793;754;811;867;942;961;1024;1104;1197;1297;1279;1371;1361;1469;1402;1453;1440;1471;1455;1486;1536;1433;1362;1374;1332;1202;1271;1241;1237;1217;1187;1152;1226;1072;1156;1307;1265;1301;1307;1036;1079;1082;1035;1062;1254;1155;1213;1047;967;1061;948;910;956;931;1007;909;930;874;900;835;813;789;730;827;736;431;289;260;323;356;319;302;304;213;170;127;95;64;58;31;13;15;23
100006;Vaiano;34;43;35;36;28;36;37;35;34;22;40;33;36;33;38;30;41;39;43;35;36;33;48;49;39;49;58;52;53;78;76;59;62;69;53;75;76;85;75;69;75;70;54;61;73;77;88;61;50;63;62;83;80;62;82;67;66;72;54;52;62;64;61;56;56;48;48;52;58;47;46;63;69;50;50;60;60;54;47;40;42;39;43;24;16;15;22;26;25;23;13;16;11;6;6;5;2;2;2;1;0
100007;Vernio;20;10;11;26;18;21;16;20;26;15;17;17;29;25;25;17;21;28;21;25;20;21;34;25;21;31;30;50;35;44;35;24;36;35;45;45;32;36;44;54;52;53;33;39;38;30;42;34;30;31;33;38;53;43;50;43;33;35;29;26;26;42;43;32;27;48;32;32;46;36;34;34;49;42;51;44;39;46;36;34;36;40;28;25;23;9;12;22;10;6;13;11;10;7;3;3;4;5;4;0;1
;Totale;1097;1035;1062;991;976;913;919;861;892;921;1017;966;921;1030;1009;947;1082;1037;1066;1030;1089;1157;1264;1299;1336;1462;1549;1716;1707;1840;1780;1900;1811;1936;1885;1920;1920;1974;1994;1903;1837;1830;1723;1586;1662;1646;1656;1642;1596;1504;1589;1493;1586;1685;1685;1700;1709;1387;1414;1435;1358;1394;1603;1503;1574;1380;1267;1350;1250;1186;1240;1242;1316;1177;1231;1139;1166;1098;1067;1017;956;1055;948;561;387;338;420;477;451;397;380;279;231;165;131;78;74;44;20;19;25

"Ricostruzione della popolazione intercensuaria - Popolazione al 1° gennaio per età"
"Tutte le cittadinanze - Anno: 2004 - Provincia: Prato"
Territorio/Età;;0;1;2;3;4;5;6;7;8;9;10;11;12;13;14;15;16;17;18;19;20;21;22;23;24;25;26;27;28;29;30;31;32;33;34;35;36;37;38;39;40;41;42;43;44;45;46;47;48;49;50;51;52;53;54;55;56;57;58;59;60;61;62;63;64;65;66;67;68;69;70;71;72;73;74;75;76;77;78;79;80;81;82;83;84;85;86;87;88;89;90;91;92;93;94;95;96;97;98;99;100
Codice comune;Comune;Totale
100001;Cantagallo;22;20;20;24;25;32;21;16;24;21;22;20;22;22;15;21;23;30;18;24;28;20;28;25;27;20;38;33;24;45;53;45;47;32;48;52;56;50;70;41;50;39;31;40;35;38;33;40;39;35;33;40;35;39;33;35;47;41;26;32;31;34;40;43;32;42;40;41;34;33;28;37;39;36;26;39;36;28;25;25;23;28;33;17;15;6;6;9;13;13;9;9;4;4;2;4;1;1;0;0;1
100002;Carmignano;143;163;148;149;128;134;116;126;101;85;100;139;114;100;115;88;115;124;112;106;115;132;121;123;148;140;148;164;216;225;226;233;242;228;264;234;244;267;257;185;259;234;193;186;180;165;178;158;195;174;172;143;151;178;154;165;145;174;124;138;132;140;128;140;128;160;123;103;122;104;124;103;84;79;76;114;91;88;79;80;83;74;83;79;43;22;26;25;27;34;24;9;11;15;7;5;3;2;1;0;1
100003;Montemurlo;179;155;173;159;167;148;145;155;146;135;176;149;156;187;158;189;171;185;184;192;197;206;237;210;250;254;270;236;304;266;273;251;278;277;310;292;287;296;296;294;286;279;302;268;233;247;264;272;281;281;205;231;247;254;262;252;247;264;200;215;223;204;189;235;248;247;214;194;163;199;161;157;174;157;167;136;119;117;112;103;81;68;68;63;34;30;19;33;41;42;30;23;17;11;8;6;1;3;2;0;1
100004;Poggio a Caiano;72;83;67;81;82;72;66;59;80;71;89;71;90;76;94;77;75;86;71;101;95;87;100;107;115;108;114;127;149;132;139;146;146;129;151;137;118;151;134;149;131;154;142;117;133;123;137;123;139;116;122;136;154;140;121;141;149;127;125;118;113;105;103;112;111;102;85;96;81;67;73;73;80;76;65;64;73;64;68;75;51;58;46;39;26;24;19;15;19;32;13;16;9;18;7;4;3;5;3;1;3
100005;Prato;1685;1731;1641;1618;1541;1523;1470;1453;1399;1405;1441;1531;1491;1518;1567;1559;1560;1649;1669;1633;1642;1728;1864;1959;2012;2219;2280;2463;2685;2745;2898;2814;3027;2998;2994;2985;2991;2993;3057;3108;2888;2744;2704;2692;2518;2536;2487;2414;2372;2294;2270;2326;2130;2237;2504;2541;2517;2559;2036;2012;2061;1969;2029;2274;2224;2299;1936;1846;1929;1795;1697;1716;1649;1761;1602;1583;1541;1458;1386;1337;1262;1098;1278;1046;641;390;357;431;487;423;366;345;233;182;134;85;71;52;25;15;32
100006;Vaiano;74;92;77;72;79;57;71;70;71;64;60;72;85;75;76;80;67;76;101;82;81;68;84;109;102;106;116;119;113;131;151;140;118;136;138;138;155;155;171;168;139;158;129;112;120;133;144;166;141;120;130;136;145;160;153;163;152;146;132;109;115;117;118;122;119;131;97;103;93;107;82;89;105;122;94;81;96;96;93;83;67;66;69;64;44;18;19;30;35;33;25;15;14;8;7;5;3;2;4;3;1
100007;Vernio;52;47;31;40;45;43;38;32;35;49;37;37;43;51;52;46;39;38;56;41;48;43;52;62;47;65;56;72;84;83;79;87;65;89;83;88;97;90;82;96;99;99;97;83;81;87;69;85;77;64;72;86;69;97;83;112;78;72;71;60;58;59;70;90;69;69;91;66;60;74;58;61;66;71;73;72;76;62;67;64;58;50;66;41;33;27;12;17;31;16;15;13;12;9;8;2;3;3;3;0;1
;Totale;2227;2291;2157;2143;2067;2009;1927;1911;1856;1830;1925;2019;2001;2029;2077;2060;2050;2188;2211;2179;2206;2284;2486;2595;2701;2912;3022;3214;3575;3627;3819;3716;3923;3889;3988;3926;3948;4002;4067;4041;3852;3707;3598;3498;3300;3329;3312;3258;3244;3084;3004;3098;2931;3105;3310;3409;3335;3383;2714;2684;2733;2628;2677;3016;2931;3050;2586;2449;2482;2379;2223;2236;2197;2302;2103;2089;2032;1913;1830;1767;1625;1442;1643;1349;836;517;458;560;653;593;482;430;300;247;173;111;85;68;38;19;40
Territorio/Età;;0;1;2;3;4;5;6;7;8;9;10;11;12;13;14;15;16;17;18;19;20;21;22;23;24;25;26;27;28;29;30;31;32;33;34;35;36;37;38;39;40;41;42;43;44;45;46;47;48;49;50;51;52;53;54;55;56;57;58;59;60;61;62;63;64;65;66;67;68;69;70;71;72;73;74;75;76;77;78;79;80;81;82;83;84;85;86;87;88;89;90;91;92;93;94;95;96;97;98;99;100
Codice comune;Comune;Maschi
100001;Cantagallo;12;11;8;13;13;15;10;7;14;12;13;10;17;17;12;5;11;13;7;13;11;10;13;9;20;8;18;15;13;25;26;21;24;17;23;30;38;25;31;26;22;21;15;23;23;20;21;25;25;10;18;20;17;22;17;18;28;16;13;18;15;16;23;23;20;19;19;19;19;14;11;14;20;21;11;19;20;14;13;12;3;9;21;1;2;1;1;3;5;4;5;2;1;2;0;0;1;0;0;0;0
100002;Carmignano;59;82;73;72;64;68;56;62;54;48;54;77;64;47;50;43;65;62;57;49;60;63;62;60;76;64;67;79;116;100;93;106;129;125;140;117;126;136;141;86;128;122;102;108;93;85;88;89;97;84;93;66;83;91;80;92;80;93;56;65;57;80;67;84;59;81;58;48;60;47;68;57;27;35;42;51;43;31;37;33;30;27;27;26;18;8;12;9;11;12;6;3;1;5;0;0;0;0;1;0;1
100003;Montemurlo;89;85;74;73;88;78;83;90;82;67;82;73;83;107;81;101;86;103;92;95;100;98;123;105;122;140;133;132;153;131;156;144;138;137;149;143;150;167;141;149;159;125;152;118;116;124;136;131;140;127;111;127;114;132;137;126;119;125;99;107;105;101;96;127;121;122;100;98;78;110;83;67;82;82;86;59;62;61;44;41;35;21;22;22;9;10;5;14;18;12;6;5;5;2;0;0;0;0;0;0;1
100004;Poggio a Caiano;36;40;32;43;45;41;35;35;38;41;46;36;47;44;43;30;42;48;37;54;44;50;47;52;54;45;65;65;78;66;61;86;72;70;78;71;57;69;72;70;67;80;65;61;66;57;62;57;65;60;47;70;79;69;65;67;68;68;63;60;53;56;52;55;57;48;45;50;37;31;32;28;43;34;22;29;35;27;29;30;20;23;16;14;8;6;4;4;4;8;1;7;3;6;3;1;0;2;0;1;1
100005;Prato;886;896;867;808;799;765;780;748;741;713;737;751;734;823;782;794;824;800;881;822;874;889;964;984;998;1145;1142;1208;1341;1416;1485;1426;1520;1552;1537;1524;1510;1524;1553;1547;1453;1382;1328;1359;1301;1255;1246;1157;1159;1103;1116;1086;1058;1082;1190;1285;1214;1253;1009;943;990;931;969;1023;1078;1090;895;884;875;858;794;772;733;768;696;671;673;580;579;545;494;407;484;352;238;127;124;140;153;140;104;84;58;48;31;20;16;12;3;5;6
100006;Vaiano;32;54;35;35;37;28;36;33;36;31;36;29;49;39;42;40;37;35;59;41;44;34;48;63;47;60;61;64;60;73;74;61;59;73;66;78;72;79;83;88;68;76;57;58;60;55;63;78;78;67;68;73;62;74;90;77;85;78;64;53;61;56;53;62;63;73;49;56;40;48;36;43;43;52;45;34;37;42;37;38;29;27;30;22;21;4;6;8;12;12;7;5;4;1;3;2;1;0;2;1;0
100007;Vernio;23;25;20;27;18;23;18;17;15;22;22;20;25;21;25;21;21;17;28;21;19;22;30;24;26;44;24;38;36;43;34;51;41;50;48;39;53;56;44;51;44;45;42;46;39;48;41;43;43;31;36;53;31;43;37;62;34;39;36;30;34;33;29;45;37;40;43;32;28;28;23;28;29;27;31;24;34;24;24;28;25;14;26;15;10;4;3;6;12;10;8;2;1;2;1;0;2;0;0;0;0
;Totale;1137;1193;1109;1071;1064;1018;1018;992;980;934;990;996;1019;1098;1035;1034;1086;1078;1161;1095;1152;1166;1287;1297;1343;1506;1510;1601;1797;1854;1929;1895;1983;2024;2041;2002;2006;2056;2065;2017;1941;1851;1761;1773;1698;1644;1657;1580;1607;1482;1489;1495;1444;1513;1616;1727;1628;1672;1340;1276;1315;1273;1289;1419;1435;1473;1209;1187;1137;1136;1047;1009;977;1019;933;887;904;779;763;727;636;528;626;452;306;160;155;184;215;198;137;108;73;66;38;23;20;14;6;7;9
Territorio/Età;;0;1;2;3;4;5;6;7;8;9;10;11;12;13;14;15;16;17;18;19;20;21;22;23;24;25;26;27;28;29;30;31;32;33;34;35;36;37;38;39;40;41;42;43;44;45;46;47;48;49;50;51;52;53;54;55;56;57;58;59;60;61;62;63;64;65;66;67;68;69;70;71;72;73;74;75;76;77;78;79;80;81;82;83;84;85;86;87;88;89;90;91;92;93;94;95;96;97;98;99;100
Codice comune;Comune;Femmine
100001;Cantagallo;10;9;12;11;12;17;11;9;10;9;9;10;5;5;3;16;12;17;11;11;17;10;15;16;7;12;20;18;11;20;27;24;23;15;25;22;18;25;39;15;28;18;16;17;12;18;12;15;14;25;15;20;18;17;16;17;19;25;13;14;16;18;17;20;12;23;21;22;15;19;17;23;19;15;15;20;16;14;12;13;20;19;12;16;13;5;5;6;8;9;4;7;3;2;2;4;0;1;0;0;1
100002;Carmignano;84;81;75;77;64;66;60;64;47;37;46;62;50;53;65;45;50;62;55;57;55;69;59;63;72;76;81;85;100;125;133;127;113;103;124;117;118;131;116;99;131;112;91;78;87;80;90;69;98;90;79;77;68;87;74;73;65;81;68;73;75;60;61;56;69;79;65;55;62;57;56;46;57;44;34;63;48;57;42;47;53;47;56;53;25;14;14;16;16;22;18;6;10;10;7;5;3;2;0;0;0
100003;Montemurlo;90;70;99;86;79;70;62;65;64;68;94;76;73;80;77;88;85;82;92;97;97;108;114;105;128;114;137;104;151;135;117;107;140;140;161;149;137;129;155;145;127;154;150;150;117;123;128;141;141;154;94;104;133;122;125;126;128;139;101;108;118;103;93;108;127;125;114;96;85;89;78;90;92;75;81;77;57;56;68;62;46;47;46;41;25;20;14;19;23;30;24;18;12;9;8;6;1;3;2;0;0
100004;Poggio a Caiano;36;43;35;38;37;31;31;24;42;30;43;35;43;32;51;47;33;38;34;47;51;37;53;55;61;63;49;62;71;66;78;60;74;59;73;66;61;82;62;79;64;74;77;56;67;66;75;66;74;56;75;66;75;71;56;74;81;59;62;58;60;49;51;57;54;54;40;46;44;36;41;45;37;42;43;35;38;37;39;45;31;35;30;25;18;18;15;11;15;24;12;9;6;12;4;3;3;3;3;0;2
100005;Prato;799;835;774;810;742;758;690;705;658;692;704;780;757;695;785;765;736;849;788;811;768;839;900;975;1014;1074;1138;1255;1344;1329;1413;1388;1507;1446;1457;1461;1481;1469;1504;1561;1435;1362;1376;1333;1217;1281;1241;1257;1213;1191;1154;1240;1072;1155;1314;1256;1303;1306;1027;1069;1071;1038;1060;1251;1146;1209;1041;962;1054;937;903;944;916;993;906;912;868;878;807;792;768;691;794;694;403;263;233;291;334;283;262;261;175;134;103;65;55;40;22;10;26
100006;Vaiano;42;38;42;37;42;29;35;37;35;33;24;43;36;36;34;40;30;41;42;41;37;34;36;46;55;46;55;55;53;58;77;79;59;63;72;60;83;76;88;80;71;82;72;54;60;78;81;88;63;53;62;63;83;86;63;86;67;68;68;56;54;61;65;60;56;58;48;47;53;59;46;46;62;70;49;47;59;54;56;45;38;39;39;42;23;14;13;22;23;21;18;10;10;7;4;3;2;2;2;2;1
100007;Vernio;29;22;11;13;27;20;20;15;20;27;15;17;18;30;27;25;18;21;28;20;29;21;22;38;21;21;32;34;48;40;45;36;24;39;35;49;44;34;38;45;55;54;55;37;42;39;28;42;34;33;36;33;38;54;46;50;44;33;35;30;24;26;41;45;32;29;48;34;32;46;35;33;37;44;42;48;42;38;43;36;33;36;40;26;23;23;9;11;19;6;7;11;11;7;7;2;1;3;3;0;1
;Totale;1090;1098;1048;1072;1003;991;909;919;876;896;935;1023;982;931;1042;1026;964;1110;1050;1084;1054;1118;1199;1298;1358;1406;1512;1613;1778;1773;1890;1821;1940;1865;1947;1924;1942;1946;2002;2024;1911;1856;1837;1725;1602;1685;1655;1678;1637;1602;1515;1603;1487;1592;1694;1682;1707;1711;1374;1408;1418;1355;1388;1597;1496;1577;1377;1262;1345;1243;1176;1227;1220;1283;1170;1202;1128;1134;1067;1040;989;914;1017;897;530;357;303;376;438;395;345;322;227;181;135;88;65;54;32;12;31

"Ricostruzione della popolazione intercensuaria - Popolazione al 1° gennaio per età"
"Tutte le cittadinanze - Anno: 2005 - Provincia: Prato"
Territorio/Età;;0;1;2;3;4;5;6;7;8;9;10;11;12;13;14;15;16;17;18;19;20;21;22;23;24;25;26;27;28;29;30;31;32;33;34;35;36;37;38;39;40;41;42;43;44;45;46;47;48;49;50;51;52;53;54;55;56;57;58;59;60;61;62;63;64;65;66;67;68;69;70;71;72;73;74;75;76;77;78;79;80;81;82;83;84;85;86;87;88;89;90;91;92;93;94;95;96;97;98;99;100
Codice comune;Comune;Totale
100001;Cantagallo;20;19;19;20;26;23;31;21;17;24;18;23;20;21;21;13;19;23;29;18;25;27;21;28;25;29;21;35;36;31;50;59;45;53;37;46;54;59;54;68;39;49;41;27;39;37;36;30;42;43;36;32;39;41;37;33;35;45;40;28;35;31;35;39;41;30;42;41;38;33;31;27;39;38;35;26;38;35;27;23;24;24;27;30;17;13;6;5;9;11;10;6;5;3;4;2;4;0;1;0;0
100002;Carmignano;164;144;161;146;153;131;130;116;124;98;88;99;140;114;100;114;87;115;124;108;112;114;138;127;131;155;159;170;163;226;240;238;241;257;229;266;244;248;260;256;186;260;233;202;187;183;162;188;158;198;176;171;142;150;176;153;156;144;174;121;140;129;135;132;139;128;155;124;99;117;105;115;99;83;78;81;117;88;85;79;79;81;73;82;75;40;20;23;25;24;31;19;7;10;13;7;4;2;1;0;0
100003;Montemurlo;187;175;158;168;159;166;151;149;157;147;131;175;150;153;184;162;192;170;192;188;193;206;211;241;215;250;259;264;234;294;269;274;250;285;282;306;305;291;308;298;299;290;285;299;266;233;251;264;275;276;276;214;229;244;250;255;257;242;256;201;214;220;204;185;237;242;248;217;191;161;198;159;155;165;150;161;137;118;114;107;99;80;60;62;61;32;30;14;30;37;37;25;17;14;8;4;5;3;2;1;0
100004;Poggio a Caiano;72;77;82;72;75;86;74;66;58;79;70;88;69;88;75;99;79;75;90;68;106;95;86;99;112;124;109;120;127;158;153;148;159;142;135;158;145;128;159;135;153;137;155;147;117;133;124;140;125;137;117;125;135;154;147;127;144;155;130;125;120;114;103;104;113;112;105;83;94;79;65;69;73;78;74;65;63;76;62;68;70;49;57;44;36;25;26;16;14;15;26;12;14;8;14;4;3;3;3;3;3
100005;Prato;1942;1737;1766;1664;1627;1560;1560;1501;1471;1416;1444;1467;1552;1521;1548;1606;1586;1595;1727;1722;1699;1695;1830;1970;2057;2136;2351;2390;2601;2805;2838;3006;2930;3126;3072;3072;3028;3047;3024;3119;3192;2929;2799;2724;2713;2547;2570;2512;2443;2380;2290;2283;2325;2121;2234;2492;2520;2495;2556;2019;1993;2055;1949;2007;2252;2201;2281;1912;1832;1904;1771;1673;1684;1619;1719;1557;1547;1500;1406;1348;1286;1219;1038;1207;986;594;357;329;390;432;368;326;294;190;149;109;61;52;34;15;25
100006;Vaiano;84;74;93;73;77;78;56;72;74;77;64;62;71;87;73;77;81;71;76;100;86;86;71;85;121;100;111;121;120;126;125;155;142;125;145;135;149;154;161;181;170;143;159;131;111;124;137;143;165;140;122;129;140;145;165;158;163;150;142;133;107;115;122;122;124;116;134;96;101;94;105;84;87;103;120;89;76;92;97;93;84;66;60;59;61;40;19;17;22;30;25;14;11;11;7;5;3;1;1;1;0
100007;Vernio;43;54;47;32;43;47;44;38;33;35;48;35;42;38;51;54;50;39;40;57;41;51;45;52;59;48;71;58;81;90;90;93;97;77;102;82;89;95;102;82;98;100;100;103;87;85;87;69;83;79;65;77;86;68;99;86;111;82;72;73;63;59;60;73;93;66;67;93;65;59;74;57;60;65;70;73;70;74;59;71;63;57;46;64;37;27;24;11;13;24;14;15;9;11;8;7;2;2;2;3;1
;Totale;2512;2280;2326;2175;2160;2091;2046;1963;1934;1876;1863;1949;2044;2022;2052;2125;2094;2088;2278;2261;2262;2274;2402;2602;2720;2842;3081;3158;3362;3730;3765;3973;3864;4065;4002;4065;4014;4022;4068;4139;4137;3908;3772;3633;3520;3342;3367;3346;3291;3253;3082;3031;3096;2923;3108;3304;3386;3313;3370;2700;2672;2723;2608;2662;2999;2895;3032;2566;2420;2447;2349;2184;2197;2151;2246;2052;2048;1983;1850;1789;1705;1576;1361;1548;1273;771;482;415;503;573;511;417;357;247;203;138;82;63;44;23;29
Territorio/Età;;0;1;2;3;4;5;6;7;8;9;10;11;12;13;14;15;16;17;18;19;20;21;22;23;24;25;26;27;28;29;30;31;32;33;34;35;36;37;38;39;40;41;42;43;44;45;46;47;48;49;50;51;52;53;54;55;56;57;58;59;60;61;62;63;64;65;66;67;68;69;70;71;72;73;74;75;76;77;78;79;80;81;82;83;84;85;86;87;88;89;90;91;92;93;94;95;96;97;98;99;100
Codice comune;Comune;Maschi
100001;Cantagallo;7;9;12;8;14;13;15;10;9;14;11;14;10;17;18;10;3;11;14;8;14;12;11;13;10;20;10;14;15;19;25;29;21;29;20;22;34;40;26;32;25;21;22;14;22;24;18;19;27;29;10;18;19;18;20;17;18;28;15;14;18;15;16;23;21;19;20;20;17;18;13;11;16;19;20;11;18;19;13;12;10;4;9;17;1;2;1;1;3;4;4;2;1;1;2;0;0;0;0;0;0
100002;Carmignano;88;63;80;71;75;64;67;54;61;50;49;52;79;64;45;52;42;65;63;57;50;59;64;69;63;80;74;76;87;121;103;107;112;138;123;139;123;128;130;144;87;127;124;104;105;94;82;94;87;94;85;90;68;83;93;81;87;79;93;51;70;56;76;68;83;58;78;59;44;57;49;62;54;25;32;44;53;40;30;36;32;29;27;25;24;16;8;11;9;10;12;6;2;1;4;0;0;0;0;0;0
100003;Montemurlo;105;87;86;71;73;88;81;85;94;84;62;84;72;80;108;82;103;87;107;93;96;104;100;127;104;125;147;131;132;146;135;158;143;143;140;149;152;149;177;146;156;157;126;154;120;116;124;135;132;135;125;116;126;112;126;131;129;116;119;101;108;105;98;93;128;119;122;102;95;76;109;83;64;77;78;83;58;62;60;42;38;35;18;18;24;8;11;1;14;16;9;5;5;3;1;0;0;0;0;0;0
100004;Poggio a Caiano;41;38;39;34;40;44;42;35;34;36;40;46;34;46;43;46;33;41;50;38;55;46;48;46;52;58;42;72;62;83;79;66;99;71;77;88;78;62;75;71;71;71;80;70;64;65;56;62;59;66;60;49;70;79;72;66;70;71;68;62;62;56;54;51;56;57;47;44;48;37;31;31;29;40;33;22;29;38;25;31;25;16;24;15;12;7;8;1;5;2;5;1;7;2;3;0;1;0;1;0;2
100005;Prato;981;911;916;882;824;807;777;794;759;747;738;747;767;756;835;804;806;849;845;909;860;888;947;1021;1036;1078;1221;1221;1294;1424;1463;1533;1477;1568;1583;1584;1546;1553;1544;1588;1592;1488;1413;1335;1370;1309;1275;1256;1177;1150;1103;1126;1085;1057;1078;1176;1276;1202;1247;992;930;977;924;955;1011;1060;1075;878;873;858;841;777;753;715;749;662;651;651;556;561;515;469;382;449;330;215;112;109;123;129;119;91;71;44;36;24;17;13;3;2;7
100006;Vaiano;39;34;52;32;38;38;26;37;36;39;31;37;29;49;37;42;43;38;34;59;44;46;35;46;73;47;61;66;62;68;70;80;62;63;80;61;88;70;84;88;88;71;78;57;55;62;60;66;79;78;68;66;76;63;78;93;77;84;77;64;51;61;57;54;63;61;74;48;54;41;47;38;40;42;50;43;33;34;43;37;37;29;25;28;20;18;4;4;5;8;7;2;4;4;0;2;1;0;0;0;0
100007;Vernio;17;26;24;19;26;20;24;17;17;17;21;21;22;24;21;28;25;22;17;30;20;22;23;31;23;26;45;23;42;37;48;45;57;48;58;48;41;51;60;45;51;44;46;47;48;42;48;41;41;46;32;39;54;29;45;39;61;33;40;37;31;35;33;31;47;34;40;42;31;27;28;24;27;28;26;31;22;32;21;25;28;25;11;26;13;7;4;2;3;11;11;8;0;1;1;1;0;2;0;0;0
;Totale;1278;1168;1209;1117;1090;1074;1032;1032;1010;987;952;1001;1013;1036;1107;1064;1055;1113;1130;1194;1139;1177;1228;1353;1361;1434;1600;1603;1694;1898;1923;2018;1971;2060;2081;2091;2062;2053;2096;2114;2070;1979;1889;1781;1784;1712;1663;1673;1602;1598;1483;1504;1498;1441;1512;1603;1718;1613;1659;1321;1270;1305;1258;1275;1409;1408;1456;1193;1162;1114;1118;1026;983;946;988;896;864;876;748;744;685;607;496;578;424;273;148;129;162;180;167;115;90;56;47;27;19;15;4;2;9
Territorio/Età;;0;1;2;3;4;5;6;7;8;9;10;11;12;13;14;15;16;17;18;19;20;21;22;23;24;25;26;27;28;29;30;31;32;33;34;35;36;37;38;39;40;41;42;43;44;45;46;47;48;49;50;51;52;53;54;55;56;57;58;59;60;61;62;63;64;65;66;67;68;69;70;71;72;73;74;75;76;77;78;79;80;81;82;83;84;85;86;87;88;89;90;91;92;93;94;95;96;97;98;99;100
Codice comune;Comune;Femmine
100001;Cantagallo;13;10;7;12;12;10;16;11;8;10;7;9;10;4;3;3;16;12;15;10;11;15;10;15;15;9;11;21;21;12;25;30;24;24;17;24;20;19;28;36;14;28;19;13;17;13;18;11;15;14;26;14;20;23;17;16;17;17;25;14;17;16;19;16;20;11;22;21;21;15;18;16;23;19;15;15;20;16;14;11;14;20;18;13;16;11;5;4;6;7;6;4;4;2;2;2;4;0;1;0;0
100002;Carmignano;76;81;81;75;78;67;63;62;63;48;39;47;61;50;55;62;45;50;61;51;62;55;74;58;68;75;85;94;76;105;137;131;129;119;106;127;121;120;130;112;99;133;109;98;82;89;80;94;71;104;91;81;74;67;83;72;69;65;81;70;70;73;59;64;56;70;77;65;55;60;56;53;45;58;46;37;64;48;55;43;47;52;46;57;51;24;12;12;16;14;19;13;5;9;9;7;4;2;1;0;0
100003;Montemurlo;82;88;72;97;86;78;70;64;63;63;69;91;78;73;76;80;89;83;85;95;97;102;111;114;111;125;112;133;102;148;134;116;107;142;142;157;153;142;131;152;143;133;159;145;146;117;127;129;143;141;151;98;103;132;124;124;128;126;137;100;106;115;106;92;109;123;126;115;96;85;89;76;91;88;72;78;79;56;54;65;61;45;42;44;37;24;19;13;16;21;28;20;12;11;7;4;5;3;2;1;0
100004;Poggio a Caiano;31;39;43;38;35;42;32;31;24;43;30;42;35;42;32;53;46;34;40;30;51;49;38;53;60;66;67;48;65;75;74;82;60;71;58;70;67;66;84;64;82;66;75;77;53;68;68;78;66;71;57;76;65;75;75;61;74;84;62;63;58;58;49;53;57;55;58;39;46;42;34;38;44;38;41;43;34;38;37;37;45;33;33;29;24;18;18;15;9;13;21;11;7;6;11;4;2;3;2;3;1
100005;Prato;961;826;850;782;803;753;783;707;712;669;706;720;785;765;713;802;780;746;882;813;839;807;883;949;1021;1058;1130;1169;1307;1381;1375;1473;1453;1558;1489;1488;1482;1494;1480;1531;1600;1441;1386;1389;1343;1238;1295;1256;1266;1230;1187;1157;1240;1064;1156;1316;1244;1293;1309;1027;1063;1078;1025;1052;1241;1141;1206;1034;959;1046;930;896;931;904;970;895;896;849;850;787;771;750;656;758;656;379;245;220;267;303;249;235;223;146;113;85;44;39;31;13;18
100006;Vaiano;45;40;41;41;39;40;30;35;38;38;33;25;42;38;36;35;38;33;42;41;42;40;36;39;48;53;50;55;58;58;55;75;80;62;65;74;61;84;77;93;82;72;81;74;56;62;77;77;86;62;54;63;64;82;87;65;86;66;65;69;56;54;65;68;61;55;60;48;47;53;58;46;47;61;70;46;43;58;54;56;47;37;35;31;41;22;15;13;17;22;18;12;7;7;7;3;2;1;1;1;0
100007;Vernio;26;28;23;13;17;27;20;21;16;18;27;14;20;14;30;26;25;17;23;27;21;29;22;21;36;22;26;35;39;53;42;48;40;29;44;34;48;44;42;37;47;56;54;56;39;43;39;28;42;33;33;38;32;39;54;47;50;49;32;36;32;24;27;42;46;32;27;51;34;32;46;33;33;37;44;42;48;42;38;46;35;32;35;38;24;20;20;9;10;13;3;7;9;10;7;6;2;0;2;3;1
;Totale;1234;1112;1117;1058;1070;1017;1014;931;924;889;911;948;1031;986;945;1061;1039;975;1148;1067;1123;1097;1174;1249;1359;1408;1481;1555;1668;1832;1842;1955;1893;2005;1921;1974;1952;1969;1972;2025;2067;1929;1883;1852;1736;1630;1704;1673;1689;1655;1599;1527;1598;1482;1596;1701;1668;1700;1711;1379;1402;1418;1350;1387;1590;1487;1576;1373;1258;1333;1231;1158;1214;1205;1258;1156;1184;1107;1102;1045;1020;969;865;970;849;498;334;286;341;393;344;302;267;191;156;111;63;48;40;21;20

"Ricostruzione della popolazione intercensuaria - Popolazione al 1° gennaio per età"
"Tutte le cittadinanze - Anno: 2006 - Provincia: Prato"
Territorio/Età;;0;1;2;3;4;5;6;7;8;9;10;11;12;13;14;15;16;17;18;19;20;21;22;23;24;25;26;27;28;29;30;31;32;33;34;35;36;37;38;39;40;41;42;43;44;45;46;47;48;49;50;51;52;53;54;55;56;57;58;59;60;61;62;63;64;65;66;67;68;69;70;71;72;73;74;75;76;77;78;79;80;81;82;83;84;85;86;87;88;89;90;91;92;93;94;95;96;97;98;99;100
Codice comune;Comune;Totale
100001;Cantagallo;23;22;20;21;20;24;24;26;22;16;26;17;21;22;20;25;14;21;21;29;20;28;29;22;32;26;29;19;38;39;36;55;69;46;53;42;45;57;58;53;71;39;47;40;30;39;41;35;33;43;43;36;31;41;40;39;36;36;44;41;29;36;29;36;40;44;30;41;38;39;31;30;27;38;38;34;25;36;34;24;20;22;24;24;30;17;13;6;5;9;10;8;3;3;3;3;2;0;0;0;0
100002;Carmignano;150;154;148;155;148;154;130;126;114;124;94;85;102;134;117;98;115;83;113;125;105;115;115;135;134;136;164;168;187;175;238;255;247;255;266;220;265;246;244;262;261;194;263;238;200;187;183;162;185;155;193;180;169;142;150;175;154;160;151;176;123;139;128;137;135;143;122;158;123;98;119;101;116;99;80;80;80;111;83;86;75;74;77;68;77;70;38;21;21;24;22;28;17;5;7;12;6;1;2;1;0
100003;Montemurlo;163;190;175;155;169;158;164;153;150;157;150;131;175;151;165;184;163;200;174;189;192;191;212;207;248;214;254;249;259;234;290;265;260;250;277;284;307;301;278;299;298;299;293;288;290;262;236;244;262;280;272;272;212;232;246;249;254;256;241;254;201;215;217;199;182;232;239;245;215;187;165;193;156;156;160;151;158;136;117;111;101;92;77;56;57;50;32;26;9;27;30;32;19;12;11;3;3;3;1;2;0
100004;Poggio a Caiano;97;79;85;85;77;79;89;79;64;57;82;72;87;70;88;75;99;83;77;90;74;105;102;90;108;120;132;121;134;144;163;149;155;157;142;143;161;139;135;156;141;162;140;162;147;118;134;127;148;123;139;119;129;134;153;153;130;143;163;128;124;123;115;103;101;109;108;104;80;93;77;67;69;72;72;73;66;58;76;60;66;67;48;51;46;37;24;25;13;14;13;27;11;11;3;12;1;2;3;2;2
100005;Prato;2001;1946;1790;1785;1695;1683;1590;1581;1527;1482;1462;1474;1511;1596;1542;1608;1672;1656;1665;1815;1774;1781;1769;1942;2048;2175;2305;2490;2528;2760;2882;2968;3135;3023;3220;3156;3156;3108;3088;3069;3153;3226;2962;2801;2738;2733;2558;2587;2516;2449;2384;2289;2270;2321;2101;2210;2472;2520;2491;2538;1997;1990;2038;1932;1984;2221;2187;2264;1885;1809;1879;1746;1640;1643;1578;1669;1518;1503;1431;1370;1291;1239;1170;988;1118;902;548;327;286;353;386;323;274;247;155;121;78;48;38;25;19
100006;Vaiano;75;83;78;93;73;80;77;61;75;75;76;64;61;68;87;74;73;83;71;78;96;89;82;74;87;119;107;115;118;130;136;127;160;150;135;144;139;141;149;158;185;173;141;152;139;113;131;134;145;164;138;125;130;140;149;167;156;162;150;144;129;107;115;122;122;122;115;131;97;100;95;108;86;88;98;115;89;74;89;98;90;77;61;58;56;54;39;20;13;22;26;21;9;11;8;6;3;3;1;1;0
100007;Vernio;40;40;54;49;33;40;45;46;37;38;36;47;37;43;42;52;54;51;40;42;57;45;51;51;51;62;50;72;58;87;95;91;99;99;73;107;85;92;92;102;83;101;104;101;107;82;87;92;68;82;77;65;79;87;68;98;88;112;82;72;69;62;58;61;69;97;65;67;93;62;62;74;56;60;63;68;70;69;71;59;66;56;55;44;59;36;24;22;8;11;21;11;10;9;9;8;7;2;2;1;2
;Totale;2549;2514;2350;2343;2215;2218;2119;2072;1989;1949;1926;1890;1994;2084;2061;2116;2190;2177;2161;2368;2318;2354;2360;2521;2708;2852;3041;3234;3322;3569;3840;3910;4125;3980;4166;4096;4158;4084;4044;4099;4192;4194;3950;3782;3651;3534;3370;3381;3357;3296;3246;3086;3020;3097;2907;3091;3290;3389;3322;3353;2672;2672;2700;2590;2633;2968;2866;3010;2531;2388;2428;2319;2150;2156;2089;2190;2006;1987;1901;1808;1709;1627;1512;1289;1443;1166;718;447;355;460;508;450;343;298;196;165;100;59;47;32;23
Territorio/Età;;0;1;2;3;4;5;6;7;8;9;10;11;12;13;14;15;16;17;18;19;20;21;22;23;24;25;26;27;28;29;30;31;32;33;34;35;36;37;38;39;40;41;42;43;44;45;46;47;48;49;50;51;52;53;54;55;56;57;58;59;60;61;62;63;64;65;66;67;68;69;70;71;72;73;74;75;76;77;78;79;80;81;82;83;84;85;86;87;88;89;90;91;92;93;94;95;96;97;98;99;100
Codice comune;Comune;Maschi
100001;Cantagallo;9;10;11;13;9;12;13;13;10;7;15;10;12;12;16;21;11;5;9;14;11;16;12;11;12;9;19;8;13;15;19;28;37;24;28;25;21;35;37;26;35;25;21;22;17;21;23;18;21;27;29;11;18;19;17;21;19;21;27;15;14;19;13;15;25;22;20;19;19;19;18;12;11;15;19;19;11;17;18;11;10;9;4;8;17;1;2;1;1;3;5;4;0;1;1;1;0;0;0;0;0
100002;Carmignano;76;85;66;74;69;80;62;64;52;61;49;48;56;77;66;45;52;42;62;65;53;51;58;58;71;69;82;77;90;94;123;118;103;120;147;117;140;121;127;132;147;98;129;131;100;106;96;81;93;87;92;87;88;68;78;90;81;89;81;93;51;68;57;79;69;87;56;80;57;44;57;47;60;55;24;33;42;49;35;32;34;30;28;23;24;21;16;8;11;9;8;11;6;1;1;4;0;0;0;0;0
100003;Montemurlo;85;107;87;86;70;73;87;83;84;94;88;63;85;71;87;108;83;109;85;105;94;93;111;96;137;104;127;142;124;132;144;137;153;139;139;138;151;149;144;170;147;159;159;130;147;115;117;120;136;137;134;125;115;128;114;125;130;130;116;116;102;108;105;96;92;123;113;119;101;92;77;107;80;64;74;78;82;58;61;57;37;34;35;16;16;18;8;9;1;11;11;6;5;4;3;0;0;0;0;0;0
100004;Poggio a Caiano;45;42;40;41;38;42;46;48;33;33;38;42;46;33;46;42;44;33;41;49;40;53;51;53;47;57;64;46;74;69;85;72;75;94;72;83;88;74;66;75;74;74;75;79;70;64;66;57;67;58;67;62;50;67;80;75;67;68;75;66;63;63;59;56;50;53;54;45;42;48;37;32;31;28;36;33;21;27;39;25;29;24;13;20;16;13;7;8;1;5;3;5;0;5;1;2;0;1;0;1;1
100005;Prato;1063;982;937;918;898;845;825;800;797;766;768;752;765;794;764;874;847;850;901;892;940;896;937;994;1079;1118;1151;1308;1308;1383;1491;1537;1595;1534;1615;1623;1638;1593;1573;1564;1606;1608;1504;1409;1343;1384;1318;1285;1265;1182;1157;1101;1123;1088;1041;1066;1164;1271;1200;1236;978;929;969;913;935;990;1057;1058;859;853;840;825;755;740;685;725;640;625;610;535;520;489;446;355;398;290;197;100;92;113;101;102;77;52;35;30;18;12;10;0;3
100006;Vaiano;36;37;37;51;31;38;36;27;39;36;38;29;37;27;47;38;40;44;37;36;56;44;42;36;49;71;52;61;63;64;72;71;80;75;67;78;65;84;67;84;89;87;70;72;58;59;67;60;68;78;75;70;64;77;65;82;93;77;82;79;62;51;62;55;55;63;61;72;47;52;42;47;40;39;38;47;43;31;32;45;36;31;25;23;25;17;17;5;3;5;7;4;1;4;2;0;0;1;0;0;0
100007;Vernio;19;15;27;23;21;25;18;26;16;20;18;20;22;24;27;21;29;24;22;17;30;22;21;26;29;24;26;46;24;42;41;48;52;57;46;61;50;43;50;60;43;52;45;47;49;45;43;50;39;40;45;33;38;55;29;44;41;60;33;40;34;30;34;33;29;50;32;41;41;29;28;29;24;27;26;25;30;22;30;20;24;24;24;10;23;14;6;3;0;3;9;9;4;0;0;1;1;0;2;0;0
;Totale;1333;1278;1205;1206;1136;1115;1087;1061;1031;1017;1014;964;1023;1038;1053;1149;1106;1107;1157;1178;1224;1175;1232;1274;1424;1452;1521;1688;1696;1799;1975;2011;2095;2043;2114;2125;2153;2099;2064;2111;2141;2103;2003;1890;1784;1794;1730;1671;1689;1609;1599;1489;1496;1502;1424;1503;1595;1716;1614;1645;1304;1268;1299;1247;1255;1388;1393;1434;1166;1137;1099;1099;1001;968;902;960;869;829;825;725;690;641;575;455;519;374;253;134;109;149;144;141;93;67;43;38;19;14;12;1;4
Territorio/Età;;0;1;2;3;4;5;6;7;8;9;10;11;12;13;14;15;16;17;18;19;20;21;22;23;24;25;26;27;28;29;30;31;32;33;34;35;36;37;38;39;40;41;42;43;44;45;46;47;48;49;50;51;52;53;54;55;56;57;58;59;60;61;62;63;64;65;66;67;68;69;70;71;72;73;74;75;76;77;78;79;80;81;82;83;84;85;86;87;88;89;90;91;92;93;94;95;96;97;98;99;100
Codice comune;Comune;Femmine
100001;Cantagallo;14;12;9;8;11;12;11;13;12;9;11;7;9;10;4;4;3;16;12;15;9;12;17;11;20;17;10;11;25;24;17;27;32;22;25;17;24;22;21;27;36;14;26;18;13;18;18;17;12;16;14;25;13;22;23;18;17;15;17;26;15;17;16;21;15;22;10;22;19;20;13;18;16;23;19;15;14;19;16;13;10;13;20;16;13;16;11;5;4;6;5;4;3;2;2;2;2;0;0;0;0
100002;Carmignano;74;69;82;81;79;74;68;62;62;63;45;37;46;57;51;53;63;41;51;60;52;64;57;77;63;67;82;91;97;81;115;137;144;135;119;103;125;125;117;130;114;96;134;107;100;81;87;81;92;68;101;93;81;74;72;85;73;71;70;83;72;71;71;58;66;56;66;78;66;54;62;54;56;44;56;47;38;62;48;54;41;44;49;45;53;49;22;13;10;15;14;17;11;4;6;8;6;1;2;1;0
100003;Montemurlo;78;83;88;69;99;85;77;70;66;63;62;68;90;80;78;76;80;91;89;84;98;98;101;111;111;110;127;107;135;102;146;128;107;111;138;146;156;152;134;129;151;140;134;158;143;147;119;124;126;143;138;147;97;104;132;124;124;126;125;138;99;107;112;103;90;109;126;126;114;95;88;86;76;92;86;73;76;78;56;54;64;58;42;40;41;32;24;17;8;16;19;26;14;8;8;3;3;3;1;2;0
100004;Poggio a Caiano;52;37;45;44;39;37;43;31;31;24;44;30;41;37;42;33;55;50;36;41;34;52;51;37;61;63;68;75;60;75;78;77;80;63;70;60;73;65;69;81;67;88;65;83;77;54;68;70;81;65;72;57;79;67;73;78;63;75;88;62;61;60;56;47;51;56;54;59;38;45;40;35;38;44;36;40;45;31;37;35;37;43;35;31;30;24;17;17;12;9;10;22;11;6;2;10;1;1;3;1;1
100005;Prato;938;964;853;867;797;838;765;781;730;716;694;722;746;802;778;734;825;806;764;923;834;885;832;948;969;1057;1154;1182;1220;1377;1391;1431;1540;1489;1605;1533;1518;1515;1515;1505;1547;1618;1458;1392;1395;1349;1240;1302;1251;1267;1227;1188;1147;1233;1060;1144;1308;1249;1291;1302;1019;1061;1069;1019;1049;1231;1130;1206;1026;956;1039;921;885;903;893;944;878;878;821;835;771;750;724;633;720;612;351;227;194;240;285;221;197;195;120;91;60;36;28;25;16
100006;Vaiano;39;46;41;42;42;42;41;34;36;39;38;35;24;41;40;36;33;39;34;42;40;45;40;38;38;48;55;54;55;66;64;56;80;75;68;66;74;57;82;74;96;86;71;80;81;54;64;74;77;86;63;55;66;63;84;85;63;85;68;65;67;56;53;67;67;59;54;59;50;48;53;61;46;49;60;68;46;43;57;53;54;46;36;35;31;37;22;15;10;17;19;17;8;7;6;6;3;2;1;1;0
100007;Vernio;21;25;27;26;12;15;27;20;21;18;18;27;15;19;15;31;25;27;18;25;27;23;30;25;22;38;24;26;34;45;54;43;47;42;27;46;35;49;42;42;40;49;59;54;58;37;44;42;29;42;32;32;41;32;39;54;47;52;49;32;35;32;24;28;40;47;33;26;52;33;34;45;32;33;37;43;40;47;41;39;42;32;31;34;36;22;18;19;8;8;12;2;6;9;9;7;6;2;0;1;2
;Totale;1216;1236;1145;1137;1079;1103;1032;1011;958;932;912;926;971;1046;1008;967;1084;1070;1004;1190;1094;1179;1128;1247;1284;1400;1520;1546;1626;1770;1865;1899;2030;1937;2052;1971;2005;1985;1980;1988;2051;2091;1947;1892;1867;1740;1640;1710;1668;1687;1647;1597;1524;1595;1483;1588;1695;1673;1708;1708;1368;1404;1401;1343;1378;1580;1473;1576;1365;1251;1329;1220;1149;1188;1187;1230;1137;1158;1076;1083;1019;986;937;834;924;792;465;313;246;311;364;309;250;231;153;127;81;45;35;31;19

"Ricostruzione della popolazione intercensuaria - Popolazione al 1° gennaio per età"
"Tutte le cittadinanze - Anno: 2007 - Provincia: Prato"
Territorio/Età;;0;1;2;3;4;5;6;7;8;9;10;11;12;13;14;15;16;17;18;19;20;21;22;23;24;25;26;27;28;29;30;31;32;33;34;35;36;37;38;39;40;41;42;43;44;45;46;47;48;49;50;51;52;53;54;55;56;57;58;59;60;61;62;63;64;65;66;67;68;69;70;71;72;73;74;75;76;77;78;79;80;81;82;83;84;85;86;87;88;89;90;91;92;93;94;95;96;97;98;99;100
Codice comune;Comune;Totale
100001;Cantagallo;30;24;24;23;22;18;25;25;27;25;17;25;19;22;24;20;27;13;22;23;33;21;28;29;28;33;29;31;24;39;42;37;55;71;52;53;40;47;58;60;53;66;36;50;43;32;40;40;38;35;43;46;41;33;41;36;39;34;37;43;42;27;37;31;36;38;44;29;40;39;39;33;29;26;37;37;34;22;34;33;21;18;20;25;23;26;14;12;5;4;8;7;9;2;1;2;3;1;0;0;0
100002;Carmignano;185;149;147;145;157;149;149;129;126;112;124;96;87;103;135;116;98;123;86;112;124;102;120;114;124;140;140;167;177;197;190;258;273;259;262;262;220;263;246;244;261;265;202;265;233;209;183;185;164;183;153;192;177;172;145;149;171;154;160;152;180;121;141;130;136;134;142;123;156;124;100;115;98;115;93;80;79;80;109;85;86;74;70;76;61;72;66;36;17;19;23;20;23;10;6;5;11;4;0;2;1
100003;Montemurlo;194;165;192;182;156;176;158;171;155;153;155;157;132;181;156;165;183;171;201;177;189;191;191;212;212;252;220;249;240;263;234;284;261;265;253;272;285;298;303;274;299;304;302;286;288;290;258;241;244;251;279;271;266;211;226;242;245;251;257;239;252;191;214;217;199;184;226;235;242;206;185;163;188;153;156;151;144;147;129;116;108;94;88;70;54;57;47;27;25;8;21;27;30;20;10;12;2;3;0;1;2
100004;Poggio a Caiano;89;95;78;100;90;77;84;92;78;67;61;80;73;90;70;89;78;95;83;83;96;73;104;106;91;114;118;131;117;134;147;165;150;162;161;150;152;167;144;142;164;138;159;142;163;139;117;134;127;151;124;144;123;130;134;155;149;133;146;158;126;123;123;117;104;103;111;106;101;78;92;76;69;65;73;68;70;66;58;73;62;62;64;42;46;41;31;24;22;10;14;10;20;12;9;1;8;0;2;0;3
100005;Prato;2048;2028;1957;1804;1800;1706;1712;1595;1608;1537;1502;1499;1512;1545;1617;1587;1630;1717;1715;1718;1837;1782;1808;1840;2013;2112;2260;2392;2589;2611;2833;2957;3008;3202;3075;3231;3183;3179;3123;3096;3095;3170;3259;2970;2818;2737;2741;2567;2585;2524;2456;2378;2295;2246;2300;2088;2202;2448;2505;2494;2518;1987;1978;2019;1916;1957;2212;2174;2245;1863;1769;1842;1711;1611;1617;1539;1628;1479;1469;1388;1317;1247;1177;1093;933;1043;823;484;296;250;319;329;279;224;201;117;92;53;34;30;31
100006;Vaiano;78;82;75;84;92;72;85;83;64;72;78;82;69;64;72;88;76;76;85;77;83;99;89;83;87;93;118;106;117;118;124;137;130;164;155;137;142;148;143;154;162;190;167;150;154;139;114;139;140;151;162;139;125;128;140;152;166;161;162;148;151;123;108;115;120;120;123;112;131;96;100;92;106;83;87;97;110;87;74;88;98;87;77;57;53;55;48;28;19;11;21;21;18;8;9;8;1;2;2;0;1
100007;Vernio;53;38;43;56;49;36;43;46;47;38;38;36;46;38;39;40;50;52;54;40;46;56;45;47;50;52;63;50;78;60;85;99;92;96;97;75;108;86;92;92;105;85;106;107;104;109;80;81;91;68;83;78;68;75;87;69;102;88;112;82;75;70;58;58;60;69;91;67;70;91;67;61;73;57;61;62;66;71;69;68;59;65;50;56;40;57;31;23;18;8;9;17;11;9;12;7;4;6;2;2;2
;Totale;2677;2581;2516;2394;2366;2234;2256;2141;2105;2004;1975;1975;1938;2043;2113;2105;2142;2247;2246;2230;2408;2324;2385;2431;2605;2796;2948;3126;3342;3422;3655;3937;3969;4219;4055;4180;4130;4188;4109;4062;4139;4218;4231;3970;3803;3655;3533;3387;3389;3363;3300;3248;3095;2995;3073;2891;3074;3269;3379;3316;3344;2642;2659;2687;2571;2605;2949;2846;2985;2497;2352;2382;2274;2110;2124;2034;2131;1952;1942;1851;1751;1647;1546;1419;1210;1351;1060;634;402;310;415;431;390;285;248;152;121;69;40;35;40
Territorio/Età;;0;1;2;3;4;5;6;7;8;9;10;11;12;13;14;15;16;17;18;19;20;21;22;23;24;25;26;27;28;29;30;31;32;33;34;35;36;37;38;39;40;41;42;43;44;45;46;47;48;49;50;51;52;53;54;55;56;57;58;59;60;61;62;63;64;65;66;67;68;69;70;71;72;73;74;75;76;77;78;79;80;81;82;83;84;85;86;87;88;89;90;91;92;93;94;95;96;97;98;99;100
Codice comune;Comune;Maschi
100001;Cantagallo;19;9;12;12;15;9;12;13;14;11;7;14;11;13;14;15;22;10;5;12;15;11;15;12;12;12;11;19;13;14;16;21;32;34;28;28;25;23;34;38;28;33;25;21;24;18;21;22;20;21;27;30;14;19;20;14;21;17;21;26;16;14;20;13;15;23;21;19;20;21;19;19;12;11;14;18;19;10;17;17;10;9;7;4;8;14;1;2;1;1;3;3;3;0;0;0;1;0;0;0;0
100002;Carmignano;91;73;83;63;77;71;79;63;62;54;61;48;47;57;77;65;44;55;43;63;68;52;52;57;55;74;68;83;79;94;98;136;128;107;123;144;118;135;122;126;131;147;104;131;128;104;104;99;83;93;85;89;84;90;70;80;85;78;87;82;94;51;69;59;79;70;86;54;79;57;44;54;44;57;51;24;33;42;49;36;32;34;30;28;19;21;21;16;4;9;9;6;9;4;1;1;3;0;0;0;0
100003;Montemurlo;94;85;107;95;83;75;72;92;81;85;90;92;63;88;72;88;108;91;109;90;107;92;93;106;100;136;106;123;130;126;128;149;130;154;136;138;142;145;149;140;171;147;160;157;131;146;112;118;121;131;137;132;123;115;126;112;121;128;129;114;116;97;105;106;97;93;118;111;119;93;91;77;102;79;66;69;75;76;54;62;54;36;30;30;15;17;17;7;8;1;8;9;5;5;3;3;0;0;0;0;0
100004;Poggio a Caiano;45;46;41;46;47;37;45;47;45;34;35;40;42;48;33;47;45;43;36;46;50;39;54;53;50;51;55;61;45;74;74;85;76;83;96;78;86;93;79;67;76;73;71;78;77;66;63;64;59;71;60;69;64;51;69;82;73;70;71;73;64;63;63;58;55;52;55;54;41;39;48;37;31;28;29;33;29;21;27;37;25;27;20;12;15;12;9;7;7;1;5;2;4;0;4;0;2;0;1;0;2
100005;Prato;1063;1083;983;947;929;907;865;822;808;803;775;794;777;770;800;797;887;873;889;924;897;935;905;964;1031;1113;1158;1210;1356;1347;1411;1517;1559;1615;1589;1633;1659;1658;1598;1554;1571;1603;1629;1502;1420;1354;1386;1323;1283;1266;1184;1155;1104;1110;1075;1022;1056;1152;1264;1201;1223;980;919;956;902;918;983;1047;1037;838;822;821;803;738;716;664;705;613;598;587;511;492;458;409;331;359;252;171;88;77;94;83;78;61;37;26;17;10;7;8;2
100006;Vaiano;45;37;34;39;51;31;38;41;28;39;39;39;31;36;30;46;40;41;45;41;39;58;46;41;41;52;72;50;62;64;60;71;79;81;78;69;71;72;85;72;83;91;83;77;72;57;58;72;61;72;77;78;70;62;78;66;81;94;77;82;83;60;52;61;54;54;62;59;72;47;52;42;46;40;38;37;44;42;32;29;43;35;30;22;21;26;14;12;5;1;5;4;3;1;3;2;0;0;0;0;0
100007;Vernio;33;16;17;28;23;23;25;18;24;16;20;18;20;24;23;24;21;28;26;22;19;29;22;18;26;29;24;23;46;25;43;44;51;50;56;44;62;50;43;48;63;44;53;48;51;51;44;40;49;39;41;46;35;36;55;30;48;40;61;34;42;35;28;34;31;30;48;31;42;38;31;27;29;24;27;27;24;29;21;27;21;22;19;23;9;22;12;4;2;0;3;7;7;4;1;0;1;0;0;2;0
;Totale;1390;1349;1277;1230;1225;1153;1136;1096;1062;1042;1027;1045;991;1036;1049;1082;1167;1141;1153;1198;1195;1216;1187;1251;1315;1467;1494;1569;1731;1744;1830;2023;2055;2124;2106;2134;2163;2176;2110;2045;2123;2138;2125;2014;1903;1796;1788;1738;1676;1693;1611;1599;1494;1483;1493;1406;1485;1579;1710;1612;1638;1300;1256;1287;1233;1240;1373;1375;1410;1133;1107;1077;1067;977;941;872;929;833;798;795;696;655;594;528;418;471;326;219;115;90;127;114;109;75;49;32;24;10;8;10;4
Territorio/Età;;0;1;2;3;4;5;6;7;8;9;10;11;12;13;14;15;16;17;18;19;20;21;22;23;24;25;26;27;28;29;30;31;32;33;34;35;36;37;38;39;40;41;42;43;44;45;46;47;48;49;50;51;52;53;54;55;56;57;58;59;60;61;62;63;64;65;66;67;68;69;70;71;72;73;74;75;76;77;78;79;80;81;82;83;84;85;86;87;88;89;90;91;92;93;94;95;96;97;98;99;100
Codice comune;Comune;Femmine
100001;Cantagallo;11;15;12;11;7;9;13;12;13;14;10;11;8;9;10;5;5;3;17;11;18;10;13;17;16;21;18;12;11;25;26;16;23;37;24;25;15;24;24;22;25;33;11;29;19;14;19;18;18;14;16;16;27;14;21;22;18;17;16;17;26;13;17;18;21;15;23;10;20;18;20;14;17;15;23;19;15;12;17;16;11;9;13;21;15;12;13;10;4;3;5;4;6;2;1;2;2;1;0;0;0
100002;Carmignano;94;76;64;82;80;78;70;66;64;58;63;48;40;46;58;51;54;68;43;49;56;50;68;57;69;66;72;84;98;103;92;122;145;152;139;118;102;128;124;118;130;118;98;134;105;105;79;86;81;90;68;103;93;82;75;69;86;76;73;70;86;70;72;71;57;64;56;69;77;67;56;61;54;58;42;56;46;38;60;49;54;40;40;48;42;51;45;20;13;10;14;14;14;6;5;4;8;4;0;2;1
100003;Montemurlo;100;80;85;87;73;101;86;79;74;68;65;65;69;93;84;77;75;80;92;87;82;99;98;106;112;116;114;126;110;137;106;135;131;111;117;134;143;153;154;134;128;157;142;129;157;144;146;123;123;120;142;139;143;96;100;130;124;123;128;125;136;94;109;111;102;91;108;124;123;113;94;86;86;74;90;82;69;71;75;54;54;58;58;40;39;40;30;20;17;7;13;18;25;15;7;9;2;3;0;1;2
100004;Poggio a Caiano;44;49;37;54;43;40;39;45;33;33;26;40;31;42;37;42;33;52;47;37;46;34;50;53;41;63;63;70;72;60;73;80;74;79;65;72;66;74;65;75;88;65;88;64;86;73;54;70;68;80;64;75;59;79;65;73;76;63;75;85;62;60;60;59;49;51;56;52;60;39;44;39;38;37;44;35;41;45;31;36;37;35;44;30;31;29;22;17;15;9;9;8;16;12;5;1;6;0;1;0;1
100005;Prato;985;945;974;857;871;799;847;773;800;734;727;705;735;775;817;790;743;844;826;794;940;847;903;876;982;999;1102;1182;1233;1264;1422;1440;1449;1587;1486;1598;1524;1521;1525;1542;1524;1567;1630;1468;1398;1383;1355;1244;1302;1258;1272;1223;1191;1136;1225;1066;1146;1296;1241;1293;1295;1007;1059;1063;1014;1039;1229;1127;1208;1025;947;1021;908;873;901;875;923;866;871;801;806;755;719;684;602;684;571;313;208;173;225;246;201;163;164;91;75;43;27;22;29
100006;Vaiano;33;45;41;45;41;41;47;42;36;33;39;43;38;28;42;42;36;35;40;36;44;41;43;42;46;41;46;56;55;54;64;66;51;83;77;68;71;76;58;82;79;99;84;73;82;82;56;67;79;79;85;61;55;66;62;86;85;67;85;66;68;63;56;54;66;66;61;53;59;49;48;50;60;43;49;60;66;45;42;59;55;52;47;35;32;29;34;16;14;10;16;17;15;7;6;6;1;2;2;0;1
100007;Vernio;20;22;26;28;26;13;18;28;23;22;18;18;26;14;16;16;29;24;28;18;27;27;23;29;24;23;39;27;32;35;42;55;41;46;41;31;46;36;49;44;42;41;53;59;53;58;36;41;42;29;42;32;33;39;32;39;54;48;51;48;33;35;30;24;29;39;43;36;28;53;36;34;44;33;34;35;42;42;48;41;38;43;31;33;31;35;19;19;16;8;6;10;4;5;11;7;3;6;2;0;2
;Totale;1287;1232;1239;1164;1141;1081;1120;1045;1043;962;948;930;947;1007;1064;1023;975;1106;1093;1032;1213;1108;1198;1180;1290;1329;1454;1557;1611;1678;1825;1914;1914;2095;1949;2046;1967;2012;1999;2017;2016;2080;2106;1956;1900;1859;1745;1649;1713;1670;1689;1649;1601;1512;1580;1485;1589;1690;1669;1704;1706;1342;1403;1400;1338;1365;1576;1471;1575;1364;1245;1305;1207;1133;1183;1162;1202;1119;1144;1056;1055;992;952;891;792;880;734;415;287;220;288;317;281;210;199;120;97;59;32;25;36

"Ricostruzione della popolazione intercensuaria - Popolazione al 1° gennaio per età"
"Tutte le cittadinanze - Anno: 2008 - Provincia: Prato"
Territorio/Età;;0;1;2;3;4;5;6;7;8;9;10;11;12;13;14;15;16;17;18;19;20;21;22;23;24;25;26;27;28;29;30;31;32;33;34;35;36;37;38;39;40;41;42;43;44;45;46;47;48;49;50;51;52;53;54;55;56;57;58;59;60;61;62;63;64;65;66;67;68;69;70;71;72;73;74;75;76;77;78;79;80;81;82;83;84;85;86;87;88;89;90;91;92;93;94;95;96;97;98;99;100
Codice comune;Comune;Totale
100001;Cantagallo;17;30;27;19;22;21;17;24;25;25;28;19;24;20;20;23;20;27;14;22;22;31;22;30;28;27;34;29;31;29;42;45;35;55;73;51;54;40;48;53;62;55;67;38;50;45;33;42;42;38;37;40;46;39;30;41;37;39;33;37;45;41;28;36;29;35;38;43;28;41;39;38;32;29;24;35;36;34;22;33;30;21;17;19;23;22;26;14;11;4;3;8;6;6;1;0;2;2;1;0;0
100002;Carmignano;165;179;142;152;147;153;148;147;137;128;110;130;98;91;110;141;114;103;126;87;113;124;110;121;118;128;150;150;181;179;206;203;281;286;271;266;270;224;266;250;242;260;267;204;261;229;209;179;189;167;188;158;199;179;171;152;148;169;160;164;154;180;124;140;131;136;134;141;120;157;124;102;113;95;112;89;75;79;77;110;82;86;71;68;72;62;66;60;35;16;17;20;16;18;9;6;2;5;2;0;1
100003;Montemurlo;184;195;173;195;180;163;186;167;167;162;158;158;158;136;184;155;162;188;170;205;188;201;204;204;212;219;262;230;258;244;280;252;292;268;265;259;268;280;307;300;283;287;305;304;293;294;287;258;244;246;258;278;275;264;207;225;241;243;250;258;236;255;188;216;215;201;182;223;235;242;203;179;160;189;156;151;149;140;140;128;107;105;89;84;63;54;48;42;26;21;8;18;22;25;16;5;10;2;3;0;3
100004;Poggio a Caiano;78;90;104;79;98;96;79;92;90;80;73;62;82;73;90;69;89;80;91;91;80;101;75;102;109;102;112;119;137;125;137;156;164;143;169;162;142;157;176;147;139;169;141;158;141;167;140;117;134;129;149;126;145;122;129;134;156;148;129;148;156;125;121;121;117;105;99;114;106;100;81;91;76;66;66;74;67;69;62;56;70;60;58;62;36;42;42;29;21;22;7;11;7;13;11;7;1;6;0;2;2
100005;Prato;2036;2027;2009;1941;1818;1809;1715;1718;1617;1640;1547;1505;1508;1528;1564;1630;1588;1652;1743;1761;1769;1870;1783;1826;1878;2051;2156;2293;2390;2610;2617;2834;2968;2999;3203;3060;3219;3178;3178;3137;3096;3108;3158;3258;2971;2796;2745;2733;2555;2581;2524;2447;2370;2284;2237;2269;2078;2184;2435;2478;2467;2503;1961;1944;1991;1891;1934;2183;2155;2211;1831;1739;1810;1676;1567;1580;1512;1591;1448;1423;1338;1244;1175;1105;1005;863;958;761;424;245;220;270;274;220;176;140;86;70;36;20;33
100006;Vaiano;84;87;76;78;83;91;75;88;81;64;70;79;86;67;65;77;85;79;78;85;76;83;98;89;81;85;95;114;110;124;119;116;134;136;168;162;139;141;156;144;148;166;190;171;148;158;141;116;135;139;148;168;141;123;132;145;151;162;160;166;146;147;125;109;115;121;121;120;110;130;91;100;88;106;81;85;95;110;87;72;86;94;82;75;56;49;52;44;25;18;8;20;18;16;6;6;2;2;1;2;1
100007;Vernio;43;52;41;48;55;47;38;42;45;48;42;39;38;51;40;44;46;52;53;56;43;45;55;42;49;55;52;65;54;82;64;88;101;98;93;101;77;109;93;100;96;104;92;110;108;109;105;82;83;90;72;84;79;67;76;87;70;103;88;113;82;73;72;58;58;59;69;91;66;68;90;68;59;72;59;63;58;63;69;66;67;56;62;46;50;37;49;26;19;17;7;7;14;6;7;8;3;5;5;2;2
;Totale;2607;2660;2572;2512;2403;2380;2258;2278;2162;2147;2028;1992;1994;1966;2073;2139;2104;2181;2275;2307;2291;2455;2347;2414;2475;2667;2861;3000;3161;3393;3465;3694;3975;3985;4242;4061;4169;4129;4224;4131;4066;4149;4220;4243;3972;3798;3660;3527;3382;3390;3376;3301;3255;3078;2982;3053;2881;3048;3255;3364;3286;3324;2619;2624;2656;2548;2577;2915;2820;2949;2459;2317;2338;2233;2065;2077;1992;2086;1905;1888;1780;1666;1554;1459;1305;1129;1241;976;561;343;270;354;357;304;226;172;106;92;48;26;42
Territorio/Età;;0;1;2;3;4;5;6;7;8;9;10;11;12;13;14;15;16;17;18;19;20;21;22;23;24;25;26;27;28;29;30;31;32;33;34;35;36;37;38;39;40;41;42;43;44;45;46;47;48;49;50;51;52;53;54;55;56;57;58;59;60;61;62;63;64;65;66;67;68;69;70;71;72;73;74;75;76;77;78;79;80;81;82;83;84;85;86;87;88;89;90;91;92;93;94;95;96;97;98;99;100
Codice comune;Comune;Maschi
100001;Cantagallo;5;18;11;9;11;14;9;12;13;12;14;8;15;11;13;14;14;22;10;5;12;14;13;15;12;10;13;10;17;14;15;18;21;31;33;25;29;25;24;31;38;26;33;27;20;24;18;23;24;21;22;24;31;13;17;20;15;21;17;21;29;16;14;20;13;16;22;21;18;20;21;19;18;12;10;13;17;19;10;16;15;10;8;6;3;8;14;1;2;1;0;3;2;0;0;0;0;0;0;0;0
100002;Carmignano;90;86;67;87;65;75;72;79;67;64;52;66;50;47;62;79;64;48;54;44;62;69;55;49;56;50;80;70;85;82;98;110;146;131;120;124;148;119;137;125;126;131;149;107;128;122;105;100;99;85;93;82;90;86;88;72;79;85;82;87;82;93;52;70;59;81;69;84;54;81;56;47;51;43;54;48;22;33;39;48;34;32;32;27;25;18;17;19;16;4;8;6;5;6;4;1;2;0;0;0;0
100003;Montemurlo;101;93;90;111;95;90;80;77;87;84;87;90;92;65;91;67;86;108;95;111;94;112;96;100;106;103;143;114;135;132;135;136;154;134;157;143;140;136;146;146;142;162;147;160;159;137;145;114;120;121;131;138;134;123;111;125;114;119;125;130;113;116;96;107;105;97;89;117;108;117;91;89;74;102;78;64;67;71;73;53;56;52;34;28;27;17;12;17;4;7;0;6;6;3;3;1;3;0;0;0;0
100004;Poggio a Caiano;45;45;52;39;47;52;37;49;47;45;37;35;40;45;47;35;45;48;44;39;46;52;37;52;53;54;51;57;68;51;73;81;83;76;83;95;71;89;98;81;70;79;72;72;77;79;68;63;67;58;70;64;71;61;51;69;83;73;69;73;70;61;62;61;58;53;51;58;54;41;40;48;39;31;28;29;32;28;19;27;35;23;24;20;8;11;12;9;6;7;1;5;1;2;0;3;0;2;0;1;2
100005;Prato;1051;1046;1074;977;960;940;905;870;838;826;810;782;801;786;776;811;798;901;896;916;946;904;942;924;971;1040;1125;1166;1206;1368;1347;1412;1507;1541;1604;1574;1626;1664;1648;1585;1533;1561;1589;1629;1502;1401;1345;1370;1315;1281;1257;1178;1147;1100;1099;1064;1014;1042;1139;1251;1183;1213;972;901;937;886;912;967;1039;1014;813;802;793;783;706;695;649;683;594;573;564;471;456;415;360;298;312;228;140;69;70;77;66;60;49;17;20;15;8;4;6
100006;Vaiano;48;49;34;36;39;51;34;41;39;27;38;42;40;29;37;31;45;40;41;45;40;39;58;44;40;40;51;70;51;64;62;54;71;81;83;78;66;71;74;87;73;91;90;86;74;74;59;57;71;60;70;79;80;68;65;79;64;80;95;78;81;80;61;51;60;56;55;58;58;73;42;53;39;47;39;38;33;45;41;30;26;40;34;30;19;20;24;13;10;5;0;5;4;2;1;2;0;0;0;0;0
100007;Vernio;20;34;16;21;28;24;25;25;18;25;17;21;20;22;23;23;29;23;30;25;23;17;27;23;17;27;28;27;24;47;28;44;43;55;46;56;42;62;54;49;47;63;49;55;48;51;51;44;39;48;42;41;48;34;39;54;30;49;40;63;33;42;37;28;34;30;31;47;29;40;38;30;27;28;24;26;25;23;27;20;26;20;18;16;18;8;19;10;3;2;0;2;6;4;3;1;0;1;0;0;2
;Totale;1360;1371;1344;1280;1245;1246;1162;1153;1109;1083;1055;1044;1058;1005;1049;1060;1081;1190;1170;1185;1223;1207;1228;1207;1255;1324;1491;1514;1586;1758;1758;1855;2025;2049;2126;2095;2122;2166;2181;2104;2029;2113;2129;2136;2008;1888;1791;1771;1735;1674;1685;1606;1601;1485;1470;1483;1399;1469;1567;1703;1591;1621;1294;1238;1266;1219;1229;1352;1360;1386;1101;1088;1041;1046;939;913;845;902;803;767;756;648;606;542;460;380;410;297;181;95;79;104;90;77;60;25;25;18;8;5;10
Territorio/Età;;0;1;2;3;4;5;6;7;8;9;10;11;12;13;14;15;16;17;18;19;20;21;22;23;24;25;26;27;28;29;30;31;32;33;34;35;36;37;38;39;40;41;42;43;44;45;46;47;48;49;50;51;52;53;54;55;56;57;58;59;60;61;62;63;64;65;66;67;68;69;70;71;72;73;74;75;76;77;78;79;80;81;82;83;84;85;86;87;88;89;90;91;92;93;94;95;96;97;98;99;100
Codice comune;Comune;Femmine
100001;Cantagallo;12;12;16;10;11;7;8;12;12;13;14;11;9;9;7;9;6;5;4;17;10;17;9;15;16;17;21;19;14;15;27;27;14;24;40;26;25;15;24;22;24;29;34;11;30;21;15;19;18;17;15;16;15;26;13;21;22;18;16;16;16;25;14;16;16;19;16;22;10;21;18;19;14;17;14;22;19;15;12;17;15;11;9;13;20;14;12;13;9;3;3;5;4;6;1;0;2;2;1;0;0
100002;Carmignano;75;93;75;65;82;78;76;68;70;64;58;64;48;44;48;62;50;55;72;43;51;55;55;72;62;78;70;80;96;97;108;93;135;155;151;142;122;105;129;125;116;129;118;97;133;107;104;79;90;82;95;76;109;93;83;80;69;84;78;77;72;87;72;70;72;55;65;57;66;76;68;55;62;52;58;41;53;46;38;62;48;54;39;41;47;44;49;41;19;12;9;14;11;12;5;5;0;5;2;0;1
100003;Montemurlo;83;102;83;84;85;73;106;90;80;78;71;68;66;71;93;88;76;80;75;94;94;89;108;104;106;116;119;116;123;112;145;116;138;134;108;116;128;144;161;154;141;125;158;144;134;157;142;144;124;125;127;140;141;141;96;100;127;124;125;128;123;139;92;109;110;104;93;106;127;125;112;90;86;87;78;87;82;69;67;75;51;53;55;56;36;37;36;25;22;14;8;12;16;22;13;4;7;2;3;0;3
100004;Poggio a Caiano;33;45;52;40;51;44;42;43;43;35;36;27;42;28;43;34;44;32;47;52;34;49;38;50;56;48;61;62;69;74;64;75;81;67;86;67;71;68;78;66;69;90;69;86;64;88;72;54;67;71;79;62;74;61;78;65;73;75;60;75;86;64;59;60;59;52;48;56;52;59;41;43;37;35;38;45;35;41;43;29;35;37;34;42;28;31;30;20;15;15;6;6;6;11;11;4;1;4;0;1;0
100005;Prato;985;981;935;964;858;869;810;848;779;814;737;723;707;742;788;819;790;751;847;845;823;966;841;902;907;1011;1031;1127;1184;1242;1270;1422;1461;1458;1599;1486;1593;1514;1530;1552;1563;1547;1569;1629;1469;1395;1400;1363;1240;1300;1267;1269;1223;1184;1138;1205;1064;1142;1296;1227;1284;1290;989;1043;1054;1005;1022;1216;1116;1197;1018;937;1017;893;861;885;863;908;854;850;774;773;719;690;645;565;646;533;284;176;150;193;208;160;127;123;66;55;28;16;27
100006;Vaiano;36;38;42;42;44;40;41;47;42;37;32;37;46;38;28;46;40;39;37;40;36;44;40;45;41;45;44;44;59;60;57;62;63;55;85;84;73;70;82;57;75;75;100;85;74;84;82;59;64;79;78;89;61;55;67;66;87;82;65;88;65;67;64;58;55;65;66;62;52;57;49;47;49;59;42;47;62;65;46;42;60;54;48;45;37;29;28;31;15;13;8;15;14;14;5;4;2;2;1;2;1
100007;Vernio;23;18;25;27;27;23;13;17;27;23;25;18;18;29;17;21;17;29;23;31;20;28;28;19;32;28;24;38;30;35;36;44;58;43;47;45;35;47;39;51;49;41;43;55;60;58;54;38;44;42;30;43;31;33;37;33;40;54;48;50;49;31;35;30;24;29;38;44;37;28;52;38;32;44;35;37;33;40;42;46;41;36;44;30;32;29;30;16;16;15;7;5;8;2;4;7;3;4;5;2;0
;Totale;1247;1289;1228;1232;1158;1134;1096;1125;1053;1064;973;948;936;961;1024;1079;1023;991;1105;1122;1068;1248;1119;1207;1220;1343;1370;1486;1575;1635;1707;1839;1950;1936;2116;1966;2047;1963;2043;2027;2037;2036;2091;2107;1964;1910;1869;1756;1647;1716;1691;1695;1654;1593;1512;1570;1482;1579;1688;1661;1695;1703;1325;1386;1390;1329;1348;1563;1460;1563;1358;1229;1297;1187;1126;1164;1147;1184;1102;1121;1024;1018;948;917;845;749;831;679;380;248;191;250;267;227;166;147;81;74;40;21;32

"Ricostruzione della popolazione intercensuaria - Popolazione al 1° gennaio per età"
"Tutte le cittadinanze - Anno: 2009 - Provincia: Prato"
Territorio/Età;;0;1;2;3;4;5;6;7;8;9;10;11;12;13;14;15;16;17;18;19;20;21;22;23;24;25;26;27;28;29;30;31;32;33;34;35;36;37;38;39;40;41;42;43;44;45;46;47;48;49;50;51;52;53;54;55;56;57;58;59;60;61;62;63;64;65;66;67;68;69;70;71;72;73;74;75;76;77;78;79;80;81;82;83;84;85;86;87;88;89;90;91;92;93;94;95;96;97;98;99;100
Codice comune;Comune;Totale
100001;Cantagallo;37;17;32;27;22;22;22;15;29;25;28;27;18;23;21;18;26;22;26;12;20;22;31;25;29;31;30;37;31;24;32;47;51;35;56;75;57;52;43;50;50;59;54;67;38;52;43;35;41;44;37;38;36;46;40;31;38;38;39;34;38;41;41;27;35;31;37;39;43;28;42;37;38;30;28;24;33;35;32;20;30;27;18;16;17;19;21;23;14;10;3;3;7;6;5;0;1;2;2;0;0
100002;Carmignano;185;169;171;155;157;150;156;143;155;142;126;109;137;99;95;111;140;118;98;127;87;108;127;116;129;118;143;154;165;183;184;207;207;291;303;264;268;281;225;270;255;254;264;270;210;265;234;214;175;188;166;193;161;201;174;174;147;146;168;163;163;152;187;124;141;134;134;132;136;119;159;121;98;113;94;108;88;71;80;73;106;81;76;64;64;68;57;63;53;30;16;18;19;12;16;6;5;1;2;1;1
100003;Montemurlo;183;184;199;169;193;180;154;183;166;170;163;162;162;155;135;195;157;164;193;175;204;191;204;205;214;218;226;276;234;259;246;278;251;289;262;270;256;261;281;297;295;286;289;308;316;292;291;288;259;249;250;259;275;278;261;202;223;242;245;249;262;239;253;186;215;217;202;181;225;239;242;196;174;163;191;152;150;148;141;132;122;105;104;80;79;63;47;44;38;23;19;7;18;21;19;13;3;6;2;2;1
100004;Poggio a Caiano;100;81;102;107;87;99;102;81;91;87;84;77;66;81;68;91;70;89;80;99;96;92;103;84;103;110;114;119;128;143;125;143;159;164;143;165;159;149;161;176;153;135;171;137;159;142;165;146;116;138;132;147;122;141;126;132;134;158;143;132;148;157;126;116;113;116;108;98;112;106;101;87;89;72;63;65;73;65;71;56;53;66;56;53;56;35;33;37;28;18;19;5;10;7;11;9;2;1;1;0;2
100005;Prato;1973;1981;1984;1939;1894;1797;1796;1713;1723;1623;1647;1550;1522;1531;1542;1563;1658;1609;1675;1770;1773;1777;1882;1805;1825;1916;2061;2157;2294;2387;2585;2562;2827;2958;2984;3176;3028;3213;3125;3179;3118;3082;3137;3140;3228;2955;2783;2722;2709;2538;2567;2498;2438;2362;2278;2217;2246;2054;2159;2408;2463;2431;2494;1952;1932;1967;1861;1913;2168;2138;2191;1808;1710;1772;1640;1529;1526;1465;1546;1387;1373;1279;1191;1104;1033;927;783;873;684;362;218;179;221;224;167;130;104;61;54;25;35
100006;Vaiano;67;85;88;78;76;89;90;79;88;81;64;72;85;84;68;70;77;82;81;77;92;76;91;99;92;79;87;95;115;121;120;122;118;138;134;176;165;140;147;158;151;152;170;187;167;144;161;143;122;130;140;146;174;141;122;133;146;153;166;159;164;148;146;126;105;118;122;121;121;111;131;93;99;88;104;81;86;90;100;80;70;84;89;76;69;54;48;51;39;24;15;7;14;14;11;6;5;2;2;1;3
100007;Vernio;48;42;56;42;48;56;49;40;48;48;49;40;40;44;49;40;47;49;51;56;57;43;49;53;42;48;56;56;65;60;84;70;94;97;98;97;102;82;107;98;99;95;107;95;109;107;107;101;82;81;92;75;86;82;70;75;92;72;108;92;113;87;75;75;58;58;58;68;91;68;67;92;68;56;71;51;63;57;62;67;68;67;52;60;44;45;37;41;19;18;12;3;5;13;5;7;6;1;3;1;2
;Totale;2593;2559;2632;2517;2477;2393;2369;2254;2300;2176;2161;2037;2030;2017;1978;2088;2175;2133;2204;2316;2329;2309;2487;2387;2434;2520;2717;2894;3032;3177;3376;3429;3707;3972;3980;4223;4035;4178;4089;4228;4121;4063;4192;4204;4227;3957;3784;3649;3504;3368;3384;3356;3292;3251;3071;2964;3026;2863;3028;3237;3351;3255;3322;2606;2599;2641;2522;2552;2896;2809;2933;2434;2276;2294;2191;2010;2019;1931;2032;1815;1822;1709;1586;1453;1362;1211;1026;1132;875;485;302;222;294;297;234;171;126;74;66;30;44
Territorio/Età;;0;1;2;3;4;5;6;7;8;9;10;11;12;13;14;15;16;17;18;19;20;21;22;23;24;25;26;27;28;29;30;31;32;33;34;35;36;37;38;39;40;41;42;43;44;45;46;47;48;49;50;51;52;53;54;55;56;57;58;59;60;61;62;63;64;65;66;67;68;69;70;71;72;73;74;75;76;77;78;79;80;81;82;83;84;85;86;87;88;89;90;91;92;93;94;95;96;97;98;99;100
Codice comune;Comune;Maschi
100001;Cantagallo;22;5;20;11;10;11;14;6;16;12;13;14;9;16;12;11;14;15;21;9;6;12;13;13;12;14;13;14;11;13;15;17;23;21;35;36;25;28;26;26;29;36;23;34;26;21;24;21;22;25;20;23;22;29;15;17;18;15;22;15;21;26;16;13;18;15;18;22;22;18;20;21;19;16;12;10;12;16;17;10;13;14;8;7;4;1;7;13;2;2;0;0;3;2;0;0;0;0;0;0;0
100002;Carmignano;112;91;87;69;89;67;76;70;85;71;62;50;69;53;48;61;79;66;47;56;43;58;71;57;51;57;59;83;76;83;90;100;106;153;136;114;131;154;124;139;130;133;132;148;109;128;123;110;96;98;86;97;84;92;87;89;69;78;83;81;82;80;96;52;69;62;80;68;79;54;86;54;44;51;42;50;46;23;33;37;46;34;29;24;25;22;17;17;16;14;4;7;6;4;6;3;1;1;0;0;0
100003;Montemurlo;91;99;93;91;113;96;82;79;73;90;83;90;91;90;63;100;68;89;114;98;112;95;113;101;108;111;107;148;114;133;137;134;140;156;130;161;142;139;136;140;142;140;158;147;165;158;137;142;112;122;122;132;134;139;122;108;124;113;120;124;133;112;117;96;108;107;96;91;117;111;118;86;86;74;102;74;64;68;70;69;49;53;53;27;26;27;12;13;13;3;6;0;6;6;1;2;0;2;0;0;0
100004;Poggio a Caiano;53;49;44;52;42;46;55;40;48;45;48;38;38;41;43;48;34;45;46;48;40;53;52;40;50;52;63;52;62;65;54;71;85;87;77;82;95;76;87;97;83;69;82;68;74;76;78;74;60;67;59;70;62;67;61;50;68;84;72;71;74;70;61;61;58;55;55;50;57;54;40;43;45;37;29;28;27;32;30;16;26;33;19;22;17;8;7;13;9;3;7;1;4;1;2;0;1;0;0;0;2
100005;Prato;992;1026;1046;1044;945;953;927;901;868;852;839;816;792;818;800;777;831;807;912;904;918;941;907;952;910;978;1033;1119;1140;1204;1341;1308;1379;1487;1532;1598;1556;1622;1633;1638;1572;1509;1564;1576;1606;1485;1392;1330;1347;1302;1277;1231;1169;1130;1095;1077;1044;1004;1028;1118;1244;1162;1208;958;888;924;868;893;959;1025;999;790;783;775;760;683;667;618;657;562;544;525;446;421;390;323;265;277;202;116;60;54;65;52;40;33;9;18;10;8;10
100006;Vaiano;37;46;47;36;35;43;51;37;42;39;25;40;47;39;28;38;31;43;42;42;45;40;42;58;45;37;41;48;69;58;62;61;56;75;79;87;79;62;73;75;91;79;93;87;84;74;78;57;63;64;59;70;80;80;69;65;80;66;80;97;77;80;80;61;52;58;56;55;58;58;73;43;53;39;47;39;38;29;40;38;29;25;36;29;29;20;19;23;12;10;5;0;3;2;2;1;2;0;0;0;0
100007;Vernio;24;19;36;16;21;29;26;27;30;23;25;17;22;23;21;23;24;29;23;31;26;23;19;23;20;18;26;30;28;25;50;33;47;42;50;47;56;43;60;59;48;44;65;50;53;48;50;49;45;38;48;42;41;48;34;38;58;33;51;44;63;35;41;39;28;35;31;31;47;27;39;40;30;26;27;20;26;25;23;27;21;27;18;18;15;15;8;11;7;3;0;0;1;4;4;3;1;0;0;0;2
;Totale;1331;1335;1373;1319;1255;1245;1231;1160;1162;1132;1095;1065;1068;1080;1015;1058;1081;1094;1205;1188;1190;1222;1217;1244;1196;1267;1342;1494;1500;1581;1749;1724;1836;2021;2039;2125;2084;2124;2139;2174;2095;2010;2117;2110;2117;1990;1882;1783;1745;1716;1671;1665;1592;1585;1483;1444;1461;1393;1456;1550;1694;1565;1619;1280;1221;1256;1204;1210;1339;1347;1375;1077;1060;1018;1019;904;880;811;870;759;728;711;609;548;506;416;335;367;261;151;82;62;88;71;55;42;14;21;10;8;14
Territorio/Età;;0;1;2;3;4;5;6;7;8;9;10;11;12;13;14;15;16;17;18;19;20;21;22;23;24;25;26;27;28;29;30;31;32;33;34;35;36;37;38;39;40;41;42;43;44;45;46;47;48;49;50;51;52;53;54;55;56;57;58;59;60;61;62;63;64;65;66;67;68;69;70;71;72;73;74;75;76;77;78;79;80;81;82;83;84;85;86;87;88;89;90;91;92;93;94;95;96;97;98;99;100
Codice comune;Comune;Femmine
100001;Cantagallo;15;12;12;16;12;11;8;9;13;13;15;13;9;7;9;7;12;7;5;3;14;10;18;12;17;17;17;23;20;11;17;30;28;14;21;39;32;24;17;24;21;23;31;33;12;31;19;14;19;19;17;15;14;17;25;14;20;23;17;19;17;15;25;14;17;16;19;17;21;10;22;16;19;14;16;14;21;19;15;10;17;13;10;9;13;18;14;10;12;8;3;3;4;4;5;0;1;2;2;0;0
100002;Carmignano;73;78;84;86;68;83;80;73;70;71;64;59;68;46;47;50;61;52;51;71;44;50;56;59;78;61;84;71;89;100;94;107;101;138;167;150;137;127;101;131;125;121;132;122;101;137;111;104;79;90;80;96;77;109;87;85;78;68;85;82;81;72;91;72;72;72;54;64;57;65;73;67;54;62;52;58;42;48;47;36;60;47;47;40;39;46;40;46;37;16;12;11;13;8;10;3;4;0;2;1;1
100003;Montemurlo;92;85;106;78;80;84;72;104;93;80;80;72;71;65;72;95;89;75;79;77;92;96;91;104;106;107;119;128;120;126;109;144;111;133;132;109;114;122;145;157;153;146;131;161;151;134;154;146;147;127;128;127;141;139;139;94;99;129;125;125;129;127;136;90;107;110;106;90;108;128;124;110;88;89;89;78;86;80;71;63;73;52;51;53;53;36;35;31;25;20;13;7;12;15;18;11;3;4;2;2;1
100004;Poggio a Caiano;47;32;58;55;45;53;47;41;43;42;36;39;28;40;25;43;36;44;34;51;56;39;51;44;53;58;51;67;66;78;71;72;74;77;66;83;64;73;74;79;70;66;89;69;85;66;87;72;56;71;73;77;60;74;65;82;66;74;71;61;74;87;65;55;55;61;53;48;55;52;61;44;44;35;34;37;46;33;41;40;27;33;37;31;39;27;26;24;19;15;12;4;6;6;9;9;1;1;1;0;0
100005;Prato;981;955;938;895;949;844;869;812;855;771;808;734;730;713;742;786;827;802;763;866;855;836;975;853;915;938;1028;1038;1154;1183;1244;1254;1448;1471;1452;1578;1472;1591;1492;1541;1546;1573;1573;1564;1622;1470;1391;1392;1362;1236;1290;1267;1269;1232;1183;1140;1202;1050;1131;1290;1219;1269;1286;994;1044;1043;993;1020;1209;1113;1192;1018;927;997;880;846;859;847;889;825;829;754;745;683;643;604;518;596;482;246;158;125;156;172;127;97;95;43;44;17;25
100006;Vaiano;30;39;41;42;41;46;39;42;46;42;39;32;38;45;40;32;46;39;39;35;47;36;49;41;47;42;46;47;46;63;58;61;62;63;55;89;86;78;74;83;60;73;77;100;83;70;83;86;59;66;81;76;94;61;53;68;66;87;86;62;87;68;66;65;53;60;66;66;63;53;58;50;46;49;57;42;48;61;60;42;41;59;53;47;40;34;29;28;27;14;10;7;11;12;9;5;3;2;2;1;3
100007;Vernio;24;23;20;26;27;27;23;13;18;25;24;23;18;21;28;17;23;20;28;25;31;20;30;30;22;30;30;26;37;35;34;37;47;55;48;50;46;39;47;39;51;51;42;45;56;59;57;52;37;43;44;33;45;34;36;37;34;39;57;48;50;52;34;36;30;23;27;37;44;41;28;52;38;30;44;31;37;32;39;40;47;40;34;42;29;30;29;30;12;15;12;3;4;9;1;4;5;1;3;1;0
;Totale;1262;1224;1259;1198;1222;1148;1138;1094;1138;1044;1066;972;962;937;963;1030;1094;1039;999;1128;1139;1087;1270;1143;1238;1253;1375;1400;1532;1596;1627;1705;1871;1951;1941;2098;1951;2054;1950;2054;2026;2053;2075;2094;2110;1967;1902;1866;1759;1652;1713;1691;1700;1666;1588;1520;1565;1470;1572;1687;1657;1690;1703;1326;1378;1385;1318;1342;1557;1462;1558;1357;1216;1276;1172;1106;1139;1120;1162;1056;1094;998;977;905;856;795;691;765;614;334;220;160;206;226;179;129;112;53;56;22;30

"Ricostruzione della popolazione intercensuaria - Popolazione al 1° gennaio per età"
"Tutte le cittadinanze - Anno: 2010 - Provincia: Prato"
Territorio/Età;;0;1;2;3;4;5;6;7;8;9;10;11;12;13;14;15;16;17;18;19;20;21;22;23;24;25;26;27;28;29;30;31;32;33;34;35;36;37;38;39;40;41;42;43;44;45;46;47;48;49;50;51;52;53;54;55;56;57;58;59;60;61;62;63;64;65;66;67;68;69;70;71;72;73;74;75;76;77;78;79;80;81;82;83;84;85;86;87;88;89;90;91;92;93;94;95;96;97;98;99;100
Codice comune;Comune;Totale
100001;Cantagallo;27;41;19;35;31;22;20;21;15;29;27;29;27;17;25;20;19;24;22;26;16;20;25;31;28;30;34;32;43;40;28;34;47;49;39;57;74;57;55;40;53;50;58;53;65;39;53;43;35;44;46;43;38;41;45;41;30;42;38;40;35;39;38;41;27;34;30;39;37;41;28;43;35;39;27;27;20;33;36;31;17;29;27;18;16;17;17;18;18;14;8;3;3;6;5;5;0;1;2;2;0
100002;Carmignano;165;181;164;165;164;153;148;160;139;158;144;128;111;131;99;99;111;141;118;99;132;89;116;128;127;133;138;153;162;163;187;190;209;218;283;297;261;268;283;229;272;260;252;260;267;210;262;231;211;185;189;170;194;166;204;181;178;149;149;173;162;164;149;187;127;143;133;131;132;134;118;158;116;93;108;88;105;87;66;80;72;99;79;73;57;62;62;53;57;43;24;12;18;17;9;10;5;4;0;2;1
100003;Montemurlo;182;191;191;203;168;197;183;155;180;171;171;164;158;159;157;141;195;158;167;190;178;203;190;203;211;216;215;230;268;232;257;251;270;253;288;262;265;254;257;284;293;297;283;290;301;317;286;295;284;257;244;249;261;273;272;263;197;228;239;246;248;259;230;255;185;213;214;200;177;219;236;241;192;169;162;189;146;144;147;135;125;116;97;94;73;77;59;49;40;32;21;13;6;15;15;12;9;3;6;1;2
100004;Poggio a Caiano;108;100;82;108;113;85;105;103;79;91;85;85;75;65;85;67;90;77;89;79;98;88;94;106;82;102;110;112;126;127;143;123;141;163;179;159;165;162;149;161;178;154;138;167;135;164;140;164;140;114;135;131;144;120;139;120;134;134;157;143;133;144;157;123;113;109;114;105;100;107;105;103;86;89;69;64;63;72;61;70;53;50;62;50;48;50;38;33;36;25;15;16;5;7;6;8;7;3;1;1;1
100005;Prato;1828;1969;2015;1961;1918;1877;1817;1798;1740;1731;1645;1686;1583;1547;1561;1571;1600;1698;1638;1724;1814;1822;1821;1919;1851;1878;1949;2137;2238;2347;2419;2643;2584;2835;3001;3010;3196;3022;3236;3160;3172;3113;3087;3133;3142;3223;2931;2807;2729;2737;2514;2571;2497;2443;2354;2282;2207;2238;2042;2140;2397;2457;2423;2478;1928;1904;1957;1853;1886;2153;2111;2159;1771;1677;1738;1606;1498;1477;1406;1473;1343;1311;1209;1123;1041;968;866;699;795;601;315;175;142;180;180;120;90;77;47;32;37
100006;Vaiano;86;73;90;84;80;78;87;94;82;90;80;63;73;82;80;67;69;75;82;83;75;93;80;96;98;97;72;89;90;112;129;114;121;132;134;136;184;171;139;150;159;145;153;166;184;168;147;159;140;127;130;146;142;171;142;121;134;142;150;168;155;169;152;148;128;106;117;123;119;116;108;131;92;100;86;103;78;83;90;98;76;69;82;82;67;64;48;43;48;33;22;11;4;12;12;8;5;1;2;1;1
100007;Vernio;58;47;39;60;38;49;53;47;39;46;46;49;45;39;43;49;39;46;49;51;52;56;38;51;58;37;45;61;54;68;67;84;71;89;102;102;99;99;84;108;98;103;95;109;93;109;107;104;99;85;84;89;76;86;81;70;79;90;73;107;90;110;89;77;73;59;59;61;69;92;67;67;91;67;54;68;53;59;52;60;58;64;62;50;50;43;37;31;36;20;17;6;4;5;10;3;5;5;1;2;0
;Totale;2454;2602;2600;2616;2512;2461;2413;2378;2274;2316;2198;2204;2072;2040;2050;2014;2123;2219;2165;2252;2365;2371;2364;2534;2455;2493;2563;2814;2981;3089;3230;3439;3443;3739;4026;4023;4244;4033;4203;4132;4225;4122;4066;4178;4187;4230;3926;3803;3638;3549;3342;3399;3352;3300;3237;3078;2959;3023;2848;3017;3220;3342;3238;3309;2581;2568;2624;2512;2520;2862;2773;2902;2383;2234;2244;2145;1963;1955;1858;1947;1744;1738;1618;1490;1352;1281;1127;926;1030;768;422;236;182;242;237;166;121;94;59;41;42
Territorio/Età;;0;1;2;3;4;5;6;7;8;9;10;11;12;13;14;15;16;17;18;19;20;21;22;23;24;25;26;27;28;29;30;31;32;33;34;35;36;37;38;39;40;41;42;43;44;45;46;47;48;49;50;51;52;53;54;55;56;57;58;59;60;61;62;63;64;65;66;67;68;69;70;71;72;73;74;75;76;77;78;79;80;81;82;83;84;85;86;87;88;89;90;91;92;93;94;95;96;97;98;99;100
Codice comune;Comune;Maschi
100001;Cantagallo;13;22;6;23;12;10;11;13;6;16;14;14;14;9;17;12;12;12;14;21;10;6;12;13;14;13;17;16;18;16;16;17;15;24;23;34;37;27;30;23;28;29;35;24;33;26;19;23;20;23;27;21;21;24;28;15;17;19;15;23;15;21;22;18;13;18;14;20;20;22;18;20;20;20;16;12;9;12;15;16;9;12;14;7;6;4;1;5;10;3;1;0;0;2;2;0;0;0;0;0;0
100002;Carmignano;88;108;88;84;78;90;68;83;67;86;71;67;54;64;51;49;60;79;66;49;57;48;64;71;60;55;66;67;83;77;86;91;98;114;146;131;114;134;150;124;139;132;131;128;146;108;124;117;113;100;99;84;95;84;93;92;92;73;79;85;81;82;80;99;56;69;57;76;68;77;55;85;50;42;48;37;48;47;21;33;38;41;33;27;20;24;21;15;14;13;12;2;7;5;3;1;2;1;0;0;0
100003;Montemurlo;104;101;104;96;87;115;98;81;80;77;92;85;89;89;87;66;100;72;91;114;99;110;94;113;102;111;111;107;144;114;130;137;133;133;154;130;154;146;135;138;137;146;139;157;146;167;154;137;139;112;119;121;132;131;136;122;105;129;111;120;122;133;109;118;93;105;106;96;89;111;110;117;82;83;74;100;70;62;67;68;63;48;50;48;24;26;23;13;11;10;3;4;0;4;3;1;2;0;2;0;0
100004;Poggio a Caiano;63;56;51;50;57;38;47;54;40;48;47;48;39;37;43;40;47;39;45;44;49;39;48;53;42;50;51;62;59;62;65;54;61;86;91;84;82;93;77;88;96;81;69;78;68;76;78;77;67;60;65;55;66;63;67;58;51;67;82;72;71;72;69;60;57;55;54;54;52;54;54;42;44;44;36;29;26;26;31;31;16;23;31;17;19;17;9;8;11;7;2;6;1;3;0;2;0;1;0;0;1
100005;Prato;948;1002;1043;1037;1039;927;966;934;913;866;865;857;826;810;834;817;796;855;827;921;916;936;948;923;961;915;995;1071;1131;1157;1208;1355;1324;1371;1514;1542;1615;1544;1627;1641;1630;1566;1504;1561;1565;1607;1473;1402;1325;1350;1280;1279;1232;1171;1118;1090;1064;1034;999;1017;1111;1235;1153;1194;937;875;916;857;875;947;1005;983;767;762;750;736;659;637;582;615;535;505;487;413;386;353;293;237;245;183;101;43;43;51;45;25;24;6;16;6;10
100006;Vaiano;46;39;49;41;38;38;42;53;39;43;39;24;38;46;36;30;39;32;44;40;42;43;42;45;55;49;35;45;44;62;61;56;63;60;73;80;94;81;62;77;78;89;80;89;84;84;78;76;55;65;61;61;70;78;80;68;67;79;65;79;95;79;84;79;63;55;58;56;54;55;56;73;40;54;37;46;38;36;29;38;36;28;23;35;24;27;18;17;20;10;7;4;0;2;2;1;0;1;0;0;0
100007;Vernio;22;24;18;41;14;22;27;27;23;28;21;25;20;21;22;21;23;24;28;22;30;26;22;19;25;17;18;26;29;29;30;49;33;45;47;48;49;52;47;62;57;50;43;66;49;52;46;49;48;46;40;46;44;41;47;35;39;56;33;49;44;62;35;42;37;28;35;34;33;48;27;39;41;29;25;26;20;25;23;22;23;20;26;16;12;13;12;5;10;7;3;0;1;1;2;3;2;1;0;0;0
;Totale;1284;1352;1359;1372;1325;1240;1259;1245;1168;1164;1149;1120;1080;1076;1090;1035;1077;1113;1115;1211;1203;1208;1230;1237;1259;1210;1293;1394;1508;1517;1596;1759;1727;1833;2048;2049;2145;2077;2128;2153;2165;2093;2001;2103;2091;2120;1972;1881;1767;1756;1691;1667;1660;1592;1569;1480;1435;1457;1384;1445;1539;1684;1552;1610;1256;1205;1240;1193;1191;1314;1325;1359;1044;1034;986;986;870;845;768;823;720;677;664;563;491;464;377;300;321;233;129;59;52;68;57;33;30;10;18;6;11
Territorio/Età;;0;1;2;3;4;5;6;7;8;9;10;11;12;13;14;15;16;17;18;19;20;21;22;23;24;25;26;27;28;29;30;31;32;33;34;35;36;37;38;39;40;41;42;43;44;45;46;47;48;49;50;51;52;53;54;55;56;57;58;59;60;61;62;63;64;65;66;67;68;69;70;71;72;73;74;75;76;77;78;79;80;81;82;83;84;85;86;87;88;89;90;91;92;93;94;95;96;97;98;99;100
Codice comune;Comune;Femmine
100001;Cantagallo;14;19;13;12;19;12;9;8;9;13;13;15;13;8;8;8;7;12;8;5;6;14;13;18;14;17;17;16;25;24;12;17;32;25;16;23;37;30;25;17;25;21;23;29;32;13;34;20;15;21;19;22;17;17;17;26;13;23;23;17;20;18;16;23;14;16;16;19;17;19;10;23;15;19;11;15;11;21;21;15;8;17;13;11;10;13;16;13;8;11;7;3;3;4;3;5;0;1;2;2;0
100002;Carmignano;77;73;76;81;86;63;80;77;72;72;73;61;57;67;48;50;51;62;52;50;75;41;52;57;67;78;72;86;79;86;101;99;111;104;137;166;147;134;133;105;133;128;121;132;121;102;138;114;98;85;90;86;99;82;111;89;86;76;70;88;81;82;69;88;71;74;76;55;64;57;63;73;66;51;60;51;57;40;45;47;34;58;46;46;37;38;41;38;43;30;12;10;11;12;6;9;3;3;0;2;1
100003;Montemurlo;78;90;87;107;81;82;85;74;100;94;79;79;69;70;70;75;95;86;76;76;79;93;96;90;109;105;104;123;124;118;127;114;137;120;134;132;111;108;122;146;156;151;144;133;155;150;132;158;145;145;125;128;129;142;136;141;92;99;128;126;126;126;121;137;92;108;108;104;88;108;126;124;110;86;88;89;76;82;80;67;62;68;47;46;49;51;36;36;29;22;18;9;6;11;12;11;7;3;4;1;2
100004;Poggio a Caiano;45;44;31;58;56;47;58;49;39;43;38;37;36;28;42;27;43;38;44;35;49;49;46;53;40;52;59;50;67;65;78;69;80;77;88;75;83;69;72;73;82;73;69;89;67;88;62;87;73;54;70;76;78;57;72;62;83;67;75;71;62;72;88;63;56;54;60;51;48;53;51;61;42;45;33;35;37;46;30;39;37;27;31;33;29;33;29;25;25;18;13;10;4;4;6;6;7;2;1;1;0
100005;Prato;880;967;972;924;879;950;851;864;827;865;780;829;757;737;727;754;804;843;811;803;898;886;873;996;890;963;954;1066;1107;1190;1211;1288;1260;1464;1487;1468;1581;1478;1609;1519;1542;1547;1583;1572;1577;1616;1458;1405;1404;1387;1234;1292;1265;1272;1236;1192;1143;1204;1043;1123;1286;1222;1270;1284;991;1029;1041;996;1011;1206;1106;1176;1004;915;988;870;839;840;824;858;808;806;722;710;655;615;573;462;550;418;214;132;99;129;135;95;66;71;31;26;27
100006;Vaiano;40;34;41;43;42;40;45;41;43;47;41;39;35;36;44;37;30;43;38;43;33;50;38;51;43;48;37;44;46;50;68;58;58;72;61;56;90;90;77;73;81;56;73;77;100;84;69;83;85;62;69;85;72;93;62;53;67;63;85;89;60;90;68;69;65;51;59;67;65;61;52;58;52;46;49;57;40;47;61;60;40;41;59;47;43;37;30;26;28;23;15;7;4;10;10;7;5;0;2;1;1
100007;Vernio;36;23;21;19;24;27;26;20;16;18;25;24;25;18;21;28;16;22;21;29;22;30;16;32;33;20;27;35;25;39;37;35;38;44;55;54;50;47;37;46;41;53;52;43;44;57;61;55;51;39;44;43;32;45;34;35;40;34;40;58;46;48;54;35;36;31;24;27;36;44;40;28;50;38;29;42;33;34;29;38;35;44;36;34;38;30;25;26;26;13;14;6;3;4;8;0;3;4;1;2;0
;Totale;1170;1250;1241;1244;1187;1221;1154;1133;1106;1152;1049;1084;992;964;960;979;1046;1106;1050;1041;1162;1163;1134;1297;1196;1283;1270;1420;1473;1572;1634;1680;1716;1906;1978;1974;2099;1956;2075;1979;2060;2029;2065;2075;2096;2110;1954;1922;1871;1793;1651;1732;1692;1708;1668;1598;1524;1566;1464;1572;1681;1658;1686;1699;1325;1363;1384;1319;1329;1548;1448;1543;1339;1200;1258;1159;1093;1110;1090;1124;1024;1061;954;927;861;817;750;626;709;535;293;177;130;174;180;133;91;84;41;35;31

"Ricostruzione della popolazione intercensuaria - Popolazione al 1° gennaio per età"
"Tutte le cittadinanze - Anno: 2011 - Provincia: Prato"
Territorio/Età;;0;1;2;3;4;5;6;7;8;9;10;11;12;13;14;15;16;17;18;19;20;21;22;23;24;25;26;27;28;29;30;31;32;33;34;35;36;37;38;39;40;41;42;43;44;45;46;47;48;49;50;51;52;53;54;55;56;57;58;59;60;61;62;63;64;65;66;67;68;69;70;71;72;73;74;75;76;77;78;79;80;81;82;83;84;85;86;87;88;89;90;91;92;93;94;95;96;97;98;99;100
Codice comune;Comune;Totale
100001;Cantagallo;35;29;37;21;39;31;19;25;20;18;31;26;31;27;14;24;19;19;19;20;27;16;21;22;33;27;33;32;30;44;35;29;36;45;59;39;58;75;54;54;44;56;50;55;54;67;39;51;39;33;42;49;45;40;42;43;41;35;43;40;40;38;40;39;41;26;33;31;37;37;40;30;43;35;35;26;28;20;34;34;30;18;28;25;17;17;15;16;18;16;9;7;2;2;2;4;6;0;0;1;0
100002;Carmignano;162;168;186;169;162;164;150;156;155;144;156;142;125;113;134;98;95;109;136;120;101;132;88;125;136;131;137;137;171;169;168;190;196;210;219;287;296;260;275;291;229;273;269;254;260;263;207;257;239;210;185;188;171;201;175;203;181;176;153;155;174;162;164;150;188;123;139;136;133;130;134;120;154;117;93;101;84;97;80;67;75;69;91;70;66;52;54;56;47;50;41;15;9;13;15;5;10;5;1;0;1
100003;Montemurlo;178;190;184;185;198;172;184;176;147;175;172;170;165;159;157;159;139;192;157;171;191;179;204;203;212;211;206;207;219;252;228;242;242;276;250;280;268;261;252;260;278;295;294;280;290;302;309;279;297;285;256;247;246;261;268;270;264;194;223;239;245;252;258;229;250;188;208;218;194;177;214;234;242;185;165;158;185;143;142;146;128;123;107;84;80;68;65;50;44;34;30;16;11;5;11;15;9;6;3;4;3
100004;Poggio a Caiano;111;114;99;82;114;112;86;102;100;81;94;86;84;76;68;90;64;93;75;94;87;106;95;93;106;82;110;115;108;118;131;137;131;141;150;183;156;171;166;151;160;180;156;140;169;141;169;150;161;142;117;137;133;142;117;141;122;132;130;155;135;133;144;155;121;117;106;113;103;99;106;104;107;85;89;64;59;61;73;60;69;53;51;60;51;46;44;37;31;27;21;12;16;4;4;4;6;5;1;1;2
100005;Prato;1857;1881;1977;2002;1919;1907;1856;1808;1778;1767;1730;1672;1690;1601;1571;1578;1620;1626;1753;1689;1755;1853;1885;1871;1971;1926;1960;2003;2160;2272;2348;2417;2642;2584;2839;2979;3029;3186;3016;3220;3119;3158;3128;3094;3139;3177;3220;2952;2807;2716;2730;2486;2559;2490;2419;2361;2296;2194;2220;2044;2128;2392;2440;2412;2463;1917;1892;1937;1831;1870;2135;2069;2145;1750;1650;1705;1568;1460;1410;1353;1423;1283;1252;1145;1048;962;918;780;620;702;517;272;147;109;149;150;88;71;60;27;48
100006;Vaiano;84;82;73;93;84;78;80;85;96;81;89;79;64;74;83;82;69;71;73;84;87;77;92;80;99;103;97;79;99;99;111;135;125;127;132;141;135;182;171;149;150;164;142;158;163;178;169;149;159;137;132;132;148;140;167;143;122;130;144;149;168;154;173;151;147;124;101;115;119;117;114;105;129;95;98;84;103;76;80;87;92;72;64;77;77;63;56;49;37;46;25;19;11;4;10;10;6;7;1;2;0
100007;Vernio;56;59;49;40;60;34;49;55;49;36;45;43;49;46;39;41;53;39;46;51;48;51;57;42;50;56;39;44;66;56;67;67;78;70;86;94;103;105;105;77;105;95;101;93;101;94;105;108;107;100;81;87;87;75;88;84;70;86;87;72;104;89;109;90;77;74;60;56;62;68;86;66;69;90;62;53;64;53;60;52;57;55;59;59;42;40;39;33;24;27;19;16;3;4;4;7;4;4;4;0;2
;Totale;2483;2523;2605;2592;2576;2498;2424;2407;2345;2302;2317;2218;2208;2096;2066;2072;2059;2149;2259;2229;2296;2414;2442;2436;2607;2536;2582;2617;2853;3010;3088;3217;3450;3453;3735;4003;4045;4240;4039;4202;4085;4221;4140;4074;4176;4222;4218;3946;3809;3623;3543;3326;3389;3349;3276;3245;3096;2947;3000;2854;2994;3220;3328;3226;3287;2569;2539;2606;2479;2498;2829;2728;2889;2357;2192;2191;2091;1910;1879;1799;1874;1673;1652;1520;1381;1248;1191;1021;821;902;662;357;199;141;195;195;129;98;70;35;56
Territorio/Età;;0;1;2;3;4;5;6;7;8;9;10;11;12;13;14;15;16;17;18;19;20;21;22;23;24;25;26;27;28;29;30;31;32;33;34;35;36;37;38;39;40;41;42;43;44;45;46;47;48;49;50;51;52;53;54;55;56;57;58;59;60;61;62;63;64;65;66;67;68;69;70;71;72;73;74;75;76;77;78;79;80;81;82;83;84;85;86;87;88;89;90;91;92;93;94;95;96;97;98;99;100
Codice comune;Comune;Maschi
100001;Cantagallo;19;15;21;8;24;11;9;12;14;9;17;13;16;14;8;16;12;12;10;12;21;10;6;11;14;13;13;15;14;18;15;16;20;13;27;23;33;36;25;32;27;29;28;33;25;33;25;17;19;17;21;26;21;22;24;25;14;20;21;16;23;18;23;22;18;12;17;15;19;20;21;20;19;20;17;15;13;9;13;13;15;9;13;12;6;7;3;2;5;10;1;1;0;0;1;1;0;0;0;0;0
100002;Carmignano;88;92;109;88;82;81;85;73;83;70;82;71;64;55;64;52;48;60;75;65;52;57;50;67;76;57;59;65;72;86;83;91;97;104;118;139;130;116;137;153;127;132;139;129;129;145;107;122;119;111;99;97;82;101;90;92;91;90;75;82;84;81;85;80;101;54;66;59;76;66;76;56;85;50;42;47;35;45;43;20;32;36;37;28;25;19;20;19;14;12;12;6;2;3;5;2;1;2;0;0;0
100003;Montemurlo;91;103;100;102;92;88;106;97;77;76;74;94;85;89;89;87;66;96;70;90;113;97;112;97;113;104;107;102;99;136;117;122;126;130;130;146;139;147;142;135;134;141;145;133;150;146;160;148;137;136;108;123;119;130;126;133;125;101;122;114;116;122;130;107;116;95;103;109;90;91;110;110;118;81;80;73;98;68;62;63;68;61;42;43;40;24;24;18;13;8;11;2;2;0;0;2;1;2;0;2;0
100004;Poggio a Caiano;64;63;55;49;54;55;39;45;51;42;51;46;47;38;39;45;37;49;38;48;49;58;41;46;54;44;54;55;59;54;63;62;61;61;77;90;83;83;94;77;87;94;82;70;78;70;77;82;71;68;63;69;58;62;61;67;59;49;66;80;68;72;70;68;60;59;53;53;53;51;54;54;43;41;44;34;26;24;27;29;30;16;23;28;17;17;14;11;8;6;7;2;6;0;1;0;2;0;1;0;1
100005;Prato;1000;976;1002;1041;1010;1034;910;964;918;926;877;879;856;844;827;838;846;814;892;853;931;929;955;966;934;984;934;1012;1073;1141;1152;1191;1338;1316;1363;1486;1538;1594;1536;1618;1616;1621;1558;1492;1550;1589;1599;1479;1393;1312;1335;1257;1268;1217;1146;1112;1095;1052;1025;984;1009;1104;1220;1142;1185;931;865;899;847;865;933;979;968;750;741;728;713;644;602;552;588;498;463;455;376;350;333;254;209;210;150;83;38;28;44;37;17;20;7;9;8
100006;Vaiano;40;44;37;52;43;40;41;43;54;40;42;37;25;39;46;36;32;39;30;46;42;44;44;42;47;60;46;40;53;50;61;61;63;70;61;78;80;93;78;68;77;81;89;81;88;79;87;78;73;54;67;64;64;71;78;81;65;65;79;64;78;93;83;82;78;61;52;57;53;52;52;54;72;41;53;34;47;36;32;30;36;34;26;23;32;21;22;18;14;18;7;6;3;0;2;2;2;1;1;0;0
100007;Vernio;31;22;25;18;42;12;23;26;29;22;27;19;25;20;21;19;23;24;25;28;20;29;27;23;22;24;21;17;27;31;31;30;47;32;43;45;49;55;58;41;62;56;49;42;60;50;51;45;50;49;43;39;46;42;43;48;34;44;54;33;47;43;61;36;42;37;27;32;34;32;45;29;40;41;25;25;25;19;25;23;20;22;17;23;14;8;12;9;4;8;5;3;0;1;1;0;2;2;1;0;0
;Totale;1333;1315;1349;1358;1347;1321;1213;1260;1226;1185;1170;1159;1118;1099;1094;1093;1064;1094;1140;1142;1228;1224;1235;1252;1260;1286;1234;1306;1397;1516;1522;1573;1752;1726;1819;2007;2052;2124;2070;2124;2130;2154;2090;1980;2080;2112;2106;1971;1862;1747;1736;1675;1658;1645;1568;1558;1483;1421;1442;1373;1425;1533;1672;1537;1600;1249;1183;1224;1172;1177;1291;1302;1345;1024;1002;956;957;845;804;730;789;676;621;612;510;446;428;331;267;272;193;103;51;32;54;44;25;27;10;11;9
Territorio/Età;;0;1;2;3;4;5;6;7;8;9;10;11;12;13;14;15;16;17;18;19;20;21;22;23;24;25;26;27;28;29;30;31;32;33;34;35;36;37;38;39;40;41;42;43;44;45;46;47;48;49;50;51;52;53;54;55;56;57;58;59;60;61;62;63;64;65;66;67;68;69;70;71;72;73;74;75;76;77;78;79;80;81;82;83;84;85;86;87;88;89;90;91;92;93;94;95;96;97;98;99;100
Codice comune;Comune;Femmine
100001;Cantagallo;16;14;16;13;15;20;10;13;6;9;14;13;15;13;6;8;7;7;9;8;6;6;15;11;19;14;20;17;16;26;20;13;16;32;32;16;25;39;29;22;17;27;22;22;29;34;14;34;20;16;21;23;24;18;18;18;27;15;22;24;17;20;17;17;23;14;16;16;18;17;19;10;24;15;18;11;15;11;21;21;15;9;15;13;11;10;12;14;13;6;8;6;2;2;1;3;6;0;0;1;0
100002;Carmignano;74;76;77;81;80;83;65;83;72;74;74;71;61;58;70;46;47;49;61;55;49;75;38;58;60;74;78;72;99;83;85;99;99;106;101;148;166;144;138;138;102;141;130;125;131;118;100;135;120;99;86;91;89;100;85;111;90;86;78;73;90;81;79;70;87;69;73;77;57;64;58;64;69;67;51;54;49;52;37;47;43;33;54;42;41;33;34;37;33;38;29;9;7;10;10;3;9;3;1;0;1
100003;Montemurlo;87;87;84;83;106;84;78;79;70;99;98;76;80;70;68;72;73;96;87;81;78;82;92;106;99;107;99;105;120;116;111;120;116;146;120;134;129;114;110;125;144;154;149;147;140;156;149;131;160;149;148;124;127;131;142;137;139;93;101;125;129;130;128;122;134;93;105;109;104;86;104;124;124;104;85;85;87;75;80;83;60;62;65;41;40;44;41;32;31;26;19;14;9;5;11;13;8;4;3;2;3
100004;Poggio a Caiano;47;51;44;33;60;57;47;57;49;39;43;40;37;38;29;45;27;44;37;46;38;48;54;47;52;38;56;60;49;64;68;75;70;80;73;93;73;88;72;74;73;86;74;70;91;71;92;68;90;74;54;68;75;80;56;74;63;83;64;75;67;61;74;87;61;58;53;60;50;48;52;50;64;44;45;30;33;37;46;31;39;37;28;32;34;29;30;26;23;21;14;10;10;4;3;4;4;5;0;1;1
100005;Prato;857;905;975;961;909;873;946;844;860;841;853;793;834;757;744;740;774;812;861;836;824;924;930;905;1037;942;1026;991;1087;1131;1196;1226;1304;1268;1476;1493;1491;1592;1480;1602;1503;1537;1570;1602;1589;1588;1621;1473;1414;1404;1395;1229;1291;1273;1273;1249;1201;1142;1195;1060;1119;1288;1220;1270;1278;986;1027;1038;984;1005;1202;1090;1177;1000;909;977;855;816;808;801;835;785;789;690;672;612;585;526;411;492;367;189;109;81;105;113;71;51;53;18;40
100006;Vaiano;44;38;36;41;41;38;39;42;42;41;47;42;39;35;37;46;37;32;43;38;45;33;48;38;52;43;51;39;46;49;50;74;62;57;71;63;55;89;93;81;73;83;53;77;75;99;82;71;86;83;65;68;84;69;89;62;57;65;65;85;90;61;90;69;69;63;49;58;66;65;62;51;57;54;45;50;56;40;48;57;56;38;38;54;45;42;34;31;23;28;18;13;8;4;8;8;4;6;0;2;0
100007;Vernio;25;37;24;22;18;22;26;29;20;14;18;24;24;26;18;22;30;15;21;23;28;22;30;19;28;32;18;27;39;25;36;37;31;38;43;49;54;50;47;36;43;39;52;51;41;44;54;63;57;51;38;48;41;33;45;36;36;42;33;39;57;46;48;54;35;37;33;24;28;36;41;37;29;49;37;28;39;34;35;29;37;33;42;36;28;32;27;24;20;19;14;13;3;3;3;7;2;2;3;0;2
;Totale;1150;1208;1256;1234;1229;1177;1211;1147;1119;1117;1147;1059;1090;997;972;979;995;1055;1119;1087;1068;1190;1207;1184;1347;1250;1348;1311;1456;1494;1566;1644;1698;1727;1916;1996;1993;2116;1969;2078;1955;2067;2050;2094;2096;2110;2112;1975;1947;1876;1807;1651;1731;1704;1708;1687;1613;1526;1558;1481;1569;1687;1656;1689;1687;1320;1356;1382;1307;1321;1538;1426;1544;1333;1190;1235;1134;1065;1075;1069;1085;997;1031;908;871;802;763;690;554;630;469;254;148;109;141;151;104;71;60;24;47

"Ricostruzione della popolazione intercensuaria - Popolazione al 1° gennaio per età"
"Tutte le cittadinanze - Anno: 2012 - Provincia: Prato"
Territorio/Età;;0;1;2;3;4;5;6;7;8;9;10;11;12;13;14;15;16;17;18;19;20;21;22;23;24;25;26;27;28;29;30;31;32;33;34;35;36;37;38;39;40;41;42;43;44;45;46;47;48;49;50;51;52;53;54;55;56;57;58;59;60;61;62;63;64;65;66;67;68;69;70;71;72;73;74;75;76;77;78;79;80;81;82;83;84;85;86;87;88;89;90;91;92;93;94;95;96;97;98;99;100
Codice comune;Comune;Totale
100001;Cantagallo;36;39;30;39;19;37;32;21;27;21;17;31;27;32;25;14;25;19;19;21;19;29;17;23;24;36;31;33;27;34;40;41;33;37;53;57;37;61;80;59;55;45;56;50;56;53;67;39;49;39;35;39;51;46;40;42;42;42;33;41;39;40;40;39;40;42;28;34;30;35;36;38;30;42;34;35;24;28;19;33;32;27;16;26;22;17;15;13;14;18;16;9;6;2;0;1;4;5;0;0;0
100002;Carmignano;145;158;166;186;165;162;161;154;159;154;142;156;143;128;113;138;99;92;108;138;125;103;125;89;132;135;141;152;145;183;175;171;217;206;219;229;296;298;263;280;297;233;275;268;249;259;259;208;254;240;210;183;184;171;203;168;199;180;173;160;155;172;163;161;153;187;123;138;134;131;126;132;117;153;117;93;101;84;98;79;65;72;65;85;67;65;50;49;55;43;44;34;11;9;13;13;4;7;4;1;1
100003;Montemurlo;162;160;201;179;176;194;159;173;170;136;168;168;168;162;163;159;157;138;190;154;165;191;187;212;200;211;210;206;226;209;241;215;234;226;274;228;288;279;258;243;256;272;292;283;274;280;296;305;269;294;284;252;235;238;261;265;268;264;191;216;238;242;251;253;226;247;189;207;212;194;173;208;230;237;181;162;154;177;138;139;140;123;116;101;82;74;63;62;45;38;29;28;13;11;4;8;10;7;6;3;2
100004;Poggio a Caiano;88;104;120;99;84;117;112;80;103;95;77;93;88;81;76;70;89;68;89;76;95;88;109;93;91;105;71;111;114;107;120;124;127;134;136;143;176;152;161;162;151;161;176;150;138;169;135;167;146;150;138;117;143;129;143;116;142;121;131;125;159;136;130;142;154;121;117;111;115;100;97;101;101;106;82;89;60;57;60;69;56;63;48;48;59;47;41;43;34;27;22;17;10;13;3;4;2;5;3;1;1
100005;Prato;1783;1829;1852;1943;1991;1893;1893;1820;1797;1777;1765;1737;1667;1682;1595;1572;1585;1641;1646;1747;1715;1768;1861;1917;1909;2012;1970;2012;2033;2196;2298;2349;2430;2646;2612;2859;2966;2986;3181;3007;3190;3093;3150;3121;3075;3117;3172;3210;2950;2831;2689;2693;2483;2554;2459;2396;2358;2275;2169;2213;2021;2094;2363;2424;2380;2431;1888;1865;1921;1813;1846;2110;2023;2112;1726;1625;1665;1536;1429;1369;1305;1370;1220;1171;1081;968;867;830;709;547;598;439;213;117;94;119;116;64;45;38;43
100006;Vaiano;68;86;87;80;94;91;77;78;89;102;84;89;79;69;76;83;83;68;74;75;79;86;78;91;82;92;100;97;87;95;106;119;134;117;122;138;141;137;182;179;156;147;165;143;163;164;179;166;149;156;144;135;131;147;139;173;137;122;135;144;151;169;152;171;153;150;123;100;112;120;114;111;103;127;95;96;85;100;73;80;86;87;68;60;74;69;60;51;46;33;39;22;16;9;3;9;7;5;5;0;1
100007;Vernio;49;47;61;44;41;53;36;44;51;50;35;44;43;51;44;38;41;53;39;46;54;50;50;60;45;50;57;43;48;71;56;68;63;84;71;89;88;96;105;100;75;106;91;99;94;99;91;103;109;104;102;81;87;87;74;89;88;70;85;89;77;103;89;111;92;76;72;58;56;61;66;85;65;66;89;57;54;63;51;61;47;54;53;55;58;41;34;35;30;21;20;19;16;3;3;3;2;4;3;2;2
;Totale;2331;2423;2517;2570;2570;2547;2470;2370;2396;2335;2288;2318;2215;2205;2092;2074;2079;2079;2165;2257;2252;2315;2427;2485;2483;2641;2580;2654;2680;2895;3036;3087;3238;3450;3487;3743;3992;4009;4230;4030;4180;4057;4205;4114;4049;4141;4199;4198;3926;3814;3602;3500;3314;3372;3319;3249;3234;3074;2917;2988;2840;2956;3188;3301;3198;3254;2540;2513;2580;2454;2458;2785;2669;2843;2324;2157;2143;2045;1868;1830;1731;1796;1586;1546;1443;1281;1130;1083;933;727;768;568;285;164;120;157;145;97;66;45;50
Territorio/Età;;0;1;2;3;4;5;6;7;8;9;10;11;12;13;14;15;16;17;18;19;20;21;22;23;24;25;26;27;28;29;30;31;32;33;34;35;36;37;38;39;40;41;42;43;44;45;46;47;48;49;50;51;52;53;54;55;56;57;58;59;60;61;62;63;64;65;66;67;68;69;70;71;72;73;74;75;76;77;78;79;80;81;82;83;84;85;86;87;88;89;90;91;92;93;94;95;96;97;98;99;100
Codice comune;Comune;Maschi
100001;Cantagallo;24;20;17;22;8;23;11;10;12;15;8;17;14;16;12;8;16;12;11;10;12;22;10;6;12;15;15;14;11;15;18;17;16;20;17;27;24;34;38;26;32;29;28;28;33;24;33;26;16;20;17;20;27;21;22;22;25;14;19;21;15;23;20;22;22;18;14;18;14;18;19;20;20;18;19;17;14;13;8;13;11;13;8;12;9;6;6;3;2;4;10;1;1;0;0;1;1;0;0;0;0
100002;Carmignano;77;86;88;109;88;82;78;87;74;83;67;82;72;65;55;67;53;49;59;75;67;52;55;49;68;75;59;65;64;78;89;85;101;100;115;121;145;128;121;139;155;130;132;140;129;127;142;109;120;119;108;96;96;80;102;85;91;90;88;78;83;83;84;83;82;99;54;65;58;74;63;73;54;84;50;42;48;35;44;41;19;30;33;34;26;24;18;18;18;11;11;9;4;2;3;4;1;1;1;0;0
100003;Montemurlo;80;77;108;94;96;89;89;101;93;72;77;73;93;86;91;90;86;67;93;69;84;110;101;118;96;113;104;106;109;93;123;105;124;115;123;115;149;145;142;137;135;132;142;139;125;147;139;155;144;134;133;109;119;118;127;125;132;124;98;119;115;115;118;126;105;114;95;102;105;90;89;105;108;114;78;77;70;92;62;62;60;61;56;40;42;37;24;22;15;12;5;11;1;2;0;0;0;1;2;0;1
100004;Poggio a Caiano;42;62;66;54;50;55;58;37;45;50;41;50;48;46;37;39;45;38;48;37;49;51;59;42;45;53;34;49;56;60;55;58;63;62;59;68;82;81;74;89;77;83;94;78;68;77;67;77;78;67;64;62;73;55;63;60;66;58;50;61;83;68;72;70;68;60;58;56;54;50;50;51;52;44;40;45;31;24;23;24;26;26;14;22;24;16;14;13;9;7;5;6;1;4;0;1;0;2;0;0;0
100005;Prato;921;981;964;986;1036;994;1011;884;962;925;927;873;872;856;839;825;841;857;824;888;858;930;929;968;981;945;999;959;1036;1089;1144;1149;1191;1328;1327;1363;1489;1521;1577;1521;1594;1598;1598;1542;1473;1530;1580;1583;1467;1394;1295;1308;1254;1260;1198;1128;1112;1087;1037;1021;967;999;1083;1209;1123;1155;913;849;888;840;847;913;947;944;732;726;706;701;623;578;529;562;469;419;418;341;303;295;230;176;180;124;57;29;22;38;27;8;10;7;9
100006;Vaiano;30;41;46;43;51;48;37;40;42;58;40;41;38;27;40;46;37;32;40;30;41;41;47;43;43;40;58;46;42;49;55;64;64;54;69;60;77;78;92;80;73;76;82;89;82;89;82;85;80;72;55;68;64;63;71;79;77;66;68;78;64;76;91;82;83;80;60;51;55;53;51;51;52;70;40;52;36;44;34;32;30;33;32;23;22;26;18;20;18;13;14;6;4;3;0;1;2;2;0;0;0
100007;Vernio;24;30;26;22;20;37;15;22;26;29;23;26;18;26;21;20;20;23;23;25;29;20;29;29;25;22;24;24;20;29;30;31;29;48;34;47;42;44;52;54;41;61;52;49;42;59;49;48;45;49;52;43;41;44;41;43;48;35;44;56;37;45;42;62;36;43;36;27;32;33;30;44;28;39;39;25;24;24;19;25;20;18;22;14;22;13;7;10;7;4;7;5;3;0;1;1;0;2;1;1;0
;Totale;1198;1297;1315;1330;1349;1328;1299;1181;1254;1232;1183;1162;1155;1122;1095;1095;1098;1078;1098;1134;1140;1226;1230;1255;1270;1263;1293;1263;1338;1413;1514;1509;1588;1727;1744;1801;2008;2031;2096;2046;2107;2109;2128;2065;1952;2053;2092;2083;1950;1855;1724;1706;1674;1641;1624;1542;1551;1474;1404;1434;1364;1409;1510;1654;1519;1569;1230;1168;1206;1158;1149;1257;1261;1313;998;984;929;933;813;775;695;743;634;564;563;463;390;381;299;227;232;162;71;40;26;46;31;16;14;8;10
Territorio/Età;;0;1;2;3;4;5;6;7;8;9;10;11;12;13;14;15;16;17;18;19;20;21;22;23;24;25;26;27;28;29;30;31;32;33;34;35;36;37;38;39;40;41;42;43;44;45;46;47;48;49;50;51;52;53;54;55;56;57;58;59;60;61;62;63;64;65;66;67;68;69;70;71;72;73;74;75;76;77;78;79;80;81;82;83;84;85;86;87;88;89;90;91;92;93;94;95;96;97;98;99;100
Codice comune;Comune;Femmine
100001;Cantagallo;12;19;13;17;11;14;21;11;15;6;9;14;13;16;13;6;9;7;8;11;7;7;7;17;12;21;16;19;16;19;22;24;17;17;36;30;13;27;42;33;23;16;28;22;23;29;34;13;33;19;18;19;24;25;18;20;17;28;14;20;24;17;20;17;18;24;14;16;16;17;17;18;10;24;15;18;10;15;11;20;21;14;8;14;13;11;9;10;12;14;6;8;5;2;0;0;3;5;0;0;0
100002;Carmignano;68;72;78;77;77;80;83;67;85;71;75;74;71;63;58;71;46;43;49;63;58;51;70;40;64;60;82;87;81;105;86;86;116;106;104;108;151;170;142;141;142;103;143;128;120;132;117;99;134;121;102;87;88;91;101;83;108;90;85;82;72;89;79;78;71;88;69;73;76;57;63;59;63;69;67;51;53;49;54;38;46;42;32;51;41;41;32;31;37;32;33;25;7;7;10;9;3;6;3;1;1
100003;Montemurlo;82;83;93;85;80;105;70;72;77;64;91;95;75;76;72;69;71;71;97;85;81;81;86;94;104;98;106;100;117;116;118;110;110;111;151;113;139;134;116;106;121;140;150;144;149;133;157;150;125;160;151;143;116;120;134;140;136;140;93;97;123;127;133;127;121;133;94;105;107;104;84;103;122;123;103;85;84;85;76;77;80;62;60;61;40;37;39;40;30;26;24;17;12;9;4;8;10;6;4;3;1
100004;Poggio a Caiano;46;42;54;45;34;62;54;43;58;45;36;43;40;35;39;31;44;30;41;39;46;37;50;51;46;52;37;62;58;47;65;66;64;72;77;75;94;71;87;73;74;78;82;72;70;92;68;90;68;83;74;55;70;74;80;56;76;63;81;64;76;68;58;72;86;61;59;55;61;50;47;50;49;62;42;44;29;33;37;45;30;37;34;26;35;31;27;30;25;20;17;11;9;9;3;3;2;3;3;1;1
100005;Prato;862;848;888;957;955;899;882;936;835;852;838;864;795;826;756;747;744;784;822;859;857;838;932;949;928;1067;971;1053;997;1107;1154;1200;1239;1318;1285;1496;1477;1465;1604;1486;1596;1495;1552;1579;1602;1587;1592;1627;1483;1437;1394;1385;1229;1294;1261;1268;1246;1188;1132;1192;1054;1095;1280;1215;1257;1276;975;1016;1033;973;999;1197;1076;1168;994;899;959;835;806;791;776;808;751;752;663;627;564;535;479;371;418;315;156;88;72;81;89;56;35;31;34
100006;Vaiano;38;45;41;37;43;43;40;38;47;44;44;48;41;42;36;37;46;36;34;45;38;45;31;48;39;52;42;51;45;46;51;55;70;63;53;78;64;59;90;99;83;71;83;54;81;75;97;81;69;84;89;67;67;84;68;94;60;56;67;66;87;93;61;89;70;70;63;49;57;67;63;60;51;57;55;44;49;56;39;48;56;54;36;37;52;43;42;31;28;20;25;16;12;6;3;8;5;3;5;0;1
100007;Vernio;25;17;35;22;21;16;21;22;25;21;12;18;25;25;23;18;21;30;16;21;25;30;21;31;20;28;33;19;28;42;26;37;34;36;37;42;46;52;53;46;34;45;39;50;52;40;42;55;64;55;50;38;46;43;33;46;40;35;41;33;40;58;47;49;56;33;36;31;24;28;36;41;37;27;50;32;30;39;32;36;27;36;31;41;36;28;27;25;23;17;13;14;13;3;2;2;2;2;2;1;2
;Totale;1133;1126;1202;1240;1221;1219;1171;1189;1142;1103;1105;1156;1060;1083;997;979;981;1001;1067;1123;1112;1089;1197;1230;1213;1378;1287;1391;1342;1482;1522;1578;1650;1723;1743;1942;1984;1978;2134;1984;2073;1948;2077;2049;2097;2088;2107;2115;1976;1959;1878;1794;1640;1731;1695;1707;1683;1600;1513;1554;1476;1547;1678;1647;1679;1685;1310;1345;1374;1296;1309;1528;1408;1530;1326;1173;1214;1112;1055;1055;1036;1053;952;982;880;818;740;702;634;500;536;406;214;124;94;111;114;81;52;37;40

"Ricostruzione della popolazione intercensuaria - Popolazione al 1° gennaio per età"
"Tutte le cittadinanze - Anno: 2013 - Provincia: Prato"
Territorio/Età;;0;1;2;3;4;5;6;7;8;9;10;11;12;13;14;15;16;17;18;19;20;21;22;23;24;25;26;27;28;29;30;31;32;33;34;35;36;37;38;39;40;41;42;43;44;45;46;47;48;49;50;51;52;53;54;55;56;57;58;59;60;61;62;63;64;65;66;67;68;69;70;71;72;73;74;75;76;77;78;79;80;81;82;83;84;85;86;87;88;89;90;91;92;93;94;95;96;97;98;99;100
Codice comune;Comune;Totale
100001;Cantagallo;30;39;34;26;39;22;35;31;24;28;21;17;31;27;32;26;13;24;20;18;20;20;29;20;24;23;37;28;34;34;37;41;40;31;41;55;53;37;61;79;60;55;48;55;47;57;51;65;40;50;38;38;39;54;47;39;41;42;41;33;40;39;40;39;40;40;42;29;31;30;36;36;38;30;41;33;35;24;27;19;29;30;25;16;23;21;17;16;12;12;17;12;9;6;2;0;1;3;4;0;0
100002;Carmignano;142;144;155;169;181;159;166;162;153;157;164;141;158;144;128;113;138;101;97;107;136;127;104;122;94;134;132;144;152;160;196;184;182;214;215;233;232;299;289;264;279;294;230;271;267;252;273;256;213;255;242;210;183;180;168;200;171;197;183;177;158;153;174;163;156;154;187;121;137;134;129;123;128;114;152;115;91;93;81;93;78;61;64;59;85;64;60;48;41;45;36;34;31;11;8;10;8;3;5;3;1
100003;Montemurlo;202;159;157;189;178;178;187;161;180;171;145;176;170;167;160;162;159;157;135;196;152;163;196;188;224;197;205;216;202;228;211;237;202;241;228;265;223;289;290;255;250;253;283;294;284;287;278;309;297;270;291;285;250;238;238;261;269;263;260;188;214;238;241;252;247;223;244;183;205;209;192;172;208;227;235;178;161;148;175;130;135;138;113;111;89;75;73;59;54;41;31;24;25;8;10;3;5;5;4;5;2
100004;Poggio a Caiano;87;90;111;119;102;87;117;113;82;102;92;77;93;88;80;74;69;90;68;91;76;92;87;111;94;94;110;77;117;120;110;118;126;131;132;141;145;173;155;161;163;158;164;170;152;140;167;131;166;143;149;139;119;141;131;146;113;137;121;129;124;155;132;130;140;153;124;112;107;113;102;96;98;103;105;83;86;59;56;57;70;54;60;46;44;57;43;36;33;31;23;17;13;6;11;2;3;1;3;2;2
100005;Prato;1842;1840;1902;1869;1967;1988;1931;1913;1838;1818;1790;1790;1771;1683;1707;1603;1613;1613;1652;1681;1818;1781;1846;1956;1986;2006;2109;2066;2117;2109;2287;2381;2429;2516;2713;2670;2940;3025;3032;3250;3059;3237;3157;3179;3168;3078;3157;3194;3228;2932;2850;2701;2691;2490;2563;2464;2400;2369;2277;2158;2199;2026;2092;2344;2411;2345;2414;1873;1844;1909;1792;1826;2084;2001;2064;1683;1595;1632;1469;1383;1313;1249;1312;1163;1113;1000;871;796;738;625;458;514;355;166;87;76;92;80;40;31;53
100006;Vaiano;71;65;79;89;78;96;88;80;80;89;99;83;94;75;69;73;81;81;69;76;75;78;87;77;89;85;90;101;96;91;97;102;125;124;116;120;127;143;137;175;183;157;149;164;143;163;159;173;166;147;158;144;136;132;143;138;171;136;123;136;141;152;167;149;168;155;151;123;101;106;118;113;105;99;124;95;93;81;95;71;77;83;85;65;62;67;62;52;48;38;25;35;20;12;6;2;8;5;4;4;0
100007;Vernio;32;49;43;59;44;40;51;36;42;53;49;35;41;44;50;46;38;42;55;37;47;55;50;55;55;49;51;60;47;51;63;56;68;60;88;78;98;87;95;105;101;77;107;92;103;93;99;92;100;108;103;101;83;86;85;74;89;88;74;84;92;77;102;89;107;95;76;74;63;58;60;65;82;66;66;90;58;55;64;48;60;45;52;51;46;53;41;35;30;28;19;19;16;12;2;1;3;2;4;1;4
;Totale;2406;2386;2481;2520;2589;2570;2575;2496;2399;2418;2360;2319;2358;2228;2226;2097;2111;2108;2096;2206;2324;2316;2399;2529;2566;2588;2734;2692;2765;2793;3001;3119;3172;3317;3533;3562;3818;4053;4059;4289;4095;4231;4138;4225;4164;4070;4184;4220;4210;3905;3831;3618;3501;3321;3375;3322;3254;3232;3079;2905;2968;2840;2948;3166;3269;3165;3238;2515;2488;2559;2429;2431;2743;2640;2787;2277;2119;2092;1967;1801;1762;1660;1711;1511;1462;1337;1167;1042;956;820;609;655;469;221;126;94;120;99;64;46;62
Territorio/Età;;0;1;2;3;4;5;6;7;8;9;10;11;12;13;14;15;16;17;18;19;20;21;22;23;24;25;26;27;28;29;30;31;32;33;34;35;36;37;38;39;40;41;42;43;44;45;46;47;48;49;50;51;52;53;54;55;56;57;58;59;60;61;62;63;64;65;66;67;68;69;70;71;72;73;74;75;76;77;78;79;80;81;82;83;84;85;86;87;88;89;90;91;92;93;94;95;96;97;98;99;100
Codice comune;Comune;Maschi
100001;Cantagallo;17;25;17;16;22;9;21;12;11;13;14;8;16;15;16;13;7;15;12;10;9;13;23;12;5;11;16;14;15;13;17;19;18;17;23;19;26;23;34;35;27;32;31;28;27;34;25;32;25;17;19;18;20;29;21;22;22;24;14;19;20;15;23;21;23;22;18;15;17;15;19;19;20;20;18;19;17;14;12;8;13;11;13;8;9;10;6;6;2;1;4;6;1;1;0;0;1;1;0;0;0
100002;Carmignano;81;77;81;94;104;86;84;80;82;74;87;68;84;74;67;54;67;53;53;57;74;69;53;55;50;69;69;62;64;68;92;95;90;98;108;120;125;142;127;123;138;153;129;132;141;130;134;140;114;121;121;108;95;94;79;101;86;89;88;88;75;82;86;82;81;83;100;53;63;58;74;61;69;51;83;48;41;43;32;43;40;18;24;29;34;24;22;16;13;15;8;10;9;4;1;2;2;0;0;1;0
100003;Montemurlo;109;79;79;103;92;99;86;86;106;95;77;81;75;92;85;91;92;86;64;96;72;85;113;101;126;92;112;106;109;107;87;121;96;129;113;126;112;145;149;142;142;135;140;143;141;130;151;146;152;147;131;132;109;120;118;127;128;126;121;94;119;115;113;117;123;105;113;89;99;101;89;89;105;106;112;76;77;69;88;57;61;56;57;52;37;36;35;20;18;12;9;4;9;1;2;0;0;0;0;2;1
100004;Poggio a Caiano;45;41;68;64;55;50;55;57;38;45;48;37;51;49;47;35;39;48;38;51;39;47;51;60;42;46;62;38;50;63;58;57;55;64;60;60;67;82;81;73;90;80;85;91;78;69;76;62;78;77;68;64;61;71;56;64;58;65;60;49;60;81;64;71;68;66;61;54;54;54;52;49;49;53;43;41;42;28;22;22;24;22;27;13;19;23;15;14;9;10;7;5;5;0;4;0;1;0;2;0;0
100005;Prato;942;959;1017;960;999;1025;1005;1017;902;974;934;937;894;882;871;847;846;863;865;840;912;882;960;971;1006;1021;991;1049;1008;1076;1134;1199;1190;1224;1350;1362;1405;1528;1537;1610;1534;1614;1635;1606;1566;1473;1555;1588;1596;1452;1404;1311;1301;1248;1256;1193;1131;1111;1089;1032;1014;965;984;1075;1200;1099;1144;900;833;877;824;835;901;932;914;712;709;675;656;600;551;506;525;436;387;385;311;264;250;195;138;151;94;46;23;17;30;14;5;6;10
100006;Vaiano;35;30;35;44;45;51;46;36;43;41;58;39;44;36;27;39;43;37;33;41;31;42;43;45;46;44;41;55;48;43;47;52;66;58;54;68;49;83;76;87;86;73;76;79;87;80;84;79;83;78;74;55;69;64;61;69;79;76;66;67;77;63;77;89;80;83;80;61;52;53;52;51;48;47;67;40;50;35;41;33;30;27;31;30;25;20;23;16;18;14;10;13;5;3;1;0;1;2;2;0;0
100007;Vernio;20;25;30;24;22;19;36;16;21;27;29;23;24;19;26;21;20;19;24;22;24;29;21;29;26;26;26;25;24;21;27;32;31;29;48;38;52;43;42;54;54;43;61;52;52;40;57;48;46;46;49;52;44;39;44;43;44;48;37;44;57;37;44;42;61;37;42;36;30;33;34;28;41;29;38;39;25;24;23;18;25;19;17;22;11;21;12;9;8;6;4;6;3;1;0;1;1;0;2;1;1
;Totale;1249;1236;1327;1305;1339;1339;1333;1304;1203;1269;1247;1193;1188;1167;1139;1100;1114;1121;1089;1117;1161;1167;1264;1273;1301;1309;1317;1349;1318;1391;1462;1575;1546;1619;1756;1793;1836;2046;2046;2124;2071;2130;2157;2131;2092;1956;2082;2095;2094;1938;1866;1740;1699;1665;1635;1619;1548;1539;1475;1393;1422;1358;1391;1497;1636;1495;1558;1208;1148;1191;1144;1132;1233;1238;1275;975;961;888;874;781;744;659;694;590;522;519;424;345;318;253;180;195;126;56;31;20;36;17;11;10;12
Territorio/Età;;0;1;2;3;4;5;6;7;8;9;10;11;12;13;14;15;16;17;18;19;20;21;22;23;24;25;26;27;28;29;30;31;32;33;34;35;36;37;38;39;40;41;42;43;44;45;46;47;48;49;50;51;52;53;54;55;56;57;58;59;60;61;62;63;64;65;66;67;68;69;70;71;72;73;74;75;76;77;78;79;80;81;82;83;84;85;86;87;88;89;90;91;92;93;94;95;96;97;98;99;100
Codice comune;Comune;Femmine
100001;Cantagallo;13;14;17;10;17;13;14;19;13;15;7;9;15;12;16;13;6;9;8;8;11;7;6;8;19;12;21;14;19;21;20;22;22;14;18;36;27;14;27;44;33;23;17;27;20;23;26;33;15;33;19;20;19;25;26;17;19;18;27;14;20;24;17;18;17;18;24;14;14;15;17;17;18;10;23;14;18;10;15;11;16;19;12;8;14;11;11;10;10;11;13;6;8;5;2;0;0;2;4;0;0
100002;Carmignano;61;67;74;75;77;73;82;82;71;83;77;73;74;70;61;59;71;48;44;50;62;58;51;67;44;65;63;82;88;92;104;89;92;116;107;113;107;157;162;141;141;141;101;139;126;122;139;116;99;134;121;102;88;86;89;99;85;108;95;89;83;71;88;81;75;71;87;68;74;76;55;62;59;63;69;67;50;50;49;50;38;43;40;30;51;40;38;32;28;30;28;24;22;7;7;8;6;3;5;2;1
100003;Montemurlo;93;80;78;86;86;79;101;75;74;76;68;95;95;75;75;71;67;71;71;100;80;78;83;87;98;105;93;110;93;121;124;116;106;112;115;139;111;144;141;113;108;118;143;151;143;157;127;163;145;123;160;153;141;118;120;134;141;137;139;94;95;123;128;135;124;118;131;94;106;108;103;83;103;121;123;102;84;79;87;73;74;82;56;59;52;39;38;39;36;29;22;20;16;7;8;3;5;5;4;3;1
100004;Poggio a Caiano;42;49;43;55;47;37;62;56;44;57;44;40;42;39;33;39;30;42;30;40;37;45;36;51;52;48;48;39;67;57;52;61;71;67;72;81;78;91;74;88;73;78;79;79;74;71;91;69;88;66;81;75;58;70;75;82;55;72;61;80;64;74;68;59;72;87;63;58;53;59;50;47;49;50;62;42;44;31;34;35;46;32;33;33;25;34;28;22;24;21;16;12;8;6;7;2;2;1;1;2;2
100005;Prato;900;881;885;909;968;963;926;896;936;844;856;853;877;801;836;756;767;750;787;841;906;899;886;985;980;985;1118;1017;1109;1033;1153;1182;1239;1292;1363;1308;1535;1497;1495;1640;1525;1623;1522;1573;1602;1605;1602;1606;1632;1480;1446;1390;1390;1242;1307;1271;1269;1258;1188;1126;1185;1061;1108;1269;1211;1246;1270;973;1011;1032;968;991;1183;1069;1150;971;886;957;813;783;762;743;787;727;726;615;560;532;488;430;320;363;261;120;64;59;62;66;35;25;43
100006;Vaiano;36;35;44;45;33;45;42;44;37;48;41;44;50;39;42;34;38;44;36;35;44;36;44;32;43;41;49;46;48;48;50;50;59;66;62;52;78;60;61;88;97;84;73;85;56;83;75;94;83;69;84;89;67;68;82;69;92;60;57;69;64;89;90;60;88;72;71;62;49;53;66;62;57;52;57;55;43;46;54;38;47;56;54;35;37;47;39;36;30;24;15;22;15;9;5;2;7;3;2;4;0
100007;Vernio;12;24;13;35;22;21;15;20;21;26;20;12;17;25;24;25;18;23;31;15;23;26;29;26;29;23;25;35;23;30;36;24;37;31;40;40;46;44;53;51;47;34;46;40;51;53;42;44;54;62;54;49;39;47;41;31;45;40;37;40;35;40;58;47;46;58;34;38;33;25;26;37;41;37;28;51;33;31;41;30;35;26;35;29;35;32;29;26;22;22;15;13;13;11;2;0;2;2;2;0;3
;Totale;1157;1150;1154;1215;1250;1231;1242;1192;1196;1149;1113;1126;1170;1061;1087;997;997;987;1007;1089;1163;1149;1135;1256;1265;1279;1417;1343;1447;1402;1539;1544;1626;1698;1777;1769;1982;2007;2013;2165;2024;2101;1981;2094;2072;2114;2102;2125;2116;1967;1965;1878;1802;1656;1740;1703;1706;1693;1604;1512;1546;1482;1557;1669;1633;1670;1680;1307;1340;1368;1285;1299;1510;1402;1512;1302;1158;1204;1093;1020;1018;1001;1017;921;940;818;743;697;638;567;429;460;343;165;95;74;84;82;53;36;50

"Ricostruzione della popolazione intercensuaria - Popolazione al 1° gennaio per età"
"Tutte le cittadinanze - Anno: 2014 - Provincia: Prato"
Territorio/Età;;0;1;2;3;4;5;6;7;8;9;10;11;12;13;14;15;16;17;18;19;20;21;22;23;24;25;26;27;28;29;30;31;32;33;34;35;36;37;38;39;40;41;42;43;44;45;46;47;48;49;50;51;52;53;54;55;56;57;58;59;60;61;62;63;64;65;66;67;68;69;70;71;72;73;74;75;76;77;78;79;80;81;82;83;84;85;86;87;88;89;90;91;92;93;94;95;96;97;98;99;100
Codice comune;Comune;Totale
100001;Cantagallo;30;27;38;33;27;37;23;34;29;24;32;19;15;32;27;31;26;14;21;23;18;21;18;25;19;25;27;37;25;32;34;36;39;40;31;46;53;51;36;64;78;61;55;50;55;50;58;51;65;41;54;40;38;39;52;48;41;41;40;39;35;42;37;42;39;39;42;41;26;33;28;36;35;37;32;40;34;35;24;27;17;29;28;22;15;20;17;16;15;12;10;15;7;9;5;2;0;1;3;2;0
100002;Carmignano;133;134;140;146;173;178;158;166;161;149;155;162;144;156;146;129;108;133;101;94;106;140;135;110;127;93;125;136;147;153;160;209;193;191;213;212;233;234;295;288;265;276;298;234;272;262;249;277;253;216;252;246;206;184;180;172;202;169;200;183;177;154;152;179;161;155;148;183;120;137;130;128;121;128;113;146;109;88;89;78;89;72;60;64;57;78;55;53;37;34;36;30;22;26;7;5;7;5;3;3;4
100003;Montemurlo;163;197;174;165;190;181;180;191;160;180;173;156;183;171;162;167;162;160;165;141;202;159;170;202;182;226;205;214;228;205;221;219;239;197;235;225;266;231;282;280;257;255;258;285;297;286;289;284;304;303;270;293;280;253;239;235;261;263;264;258;189;208;232;241;248;243;219;243;180;199;201;193;161;201;222;231;174;158;141;172;124;127;127;109;106;82;69;67;56;46;33;28;20;23;7;8;1;1;3;3;4
100004;Poggio a Caiano;86;83;105;113;124;111;92;120;114;88;101;91;78;96;82;80;80;69;92;75;89;78;87;86;112;97;95;114;88;121;122;118;122;136;121;138;146;151;179;159;170;171;158;164;175;155;134;168;123;161;144;144;141;116;138;128;141;113;134;122;126;126;156;132;129;140;150;124;111;108;111;97;93;95;104;106;85;84;57;55;57;68;52;57;45;42;57;37;37;32;26;20;13;12;4;10;0;3;1;0;3
100005;Prato;1808;1843;1863;1926;1881;1988;2005;1960;1930;1849;1839;1796;1789;1797;1701;1729;1629;1617;1613;1669;1694;1818;1823;1892;1994;2037;2062;2161;2121;2157;2122;2348;2422;2491;2553;2751;2715;2993;3071;3055;3283;3087;3269;3200;3200;3190;3101;3142;3223;3246;2950;2832;2693;2683;2500;2566;2454;2397;2381;2269;2155;2192;2025;2081;2311;2378;2326;2395;1874;1829;1886;1769;1810;2049;1959;2027;1656;1560;1597;1425;1344;1263;1190;1247;1090;1029;918;792;721;640;551;378;422;291;128;69;60;60;64;21;50
100006;Vaiano;65;73;62;74;89;81;97;88;82;80;88;100;83;93;74;66;74;80;80;63;75;76;77;87;81;93;80;88;106;97;89;98;96;122;126;114;120;128;146;139;175;185;158;151;162;139;166;164;176;160;145;158;139;138;133;144;135;168;138;125;137;136;150;162;146;167;158;153;120;101;102;118;111;104;97;121;96;89;76;89;65;76;83;84;63;56;66;55;49;42;32;23;31;14;11;3;2;3;1;3;4
100007;Vernio;44;35;48;45;64;42;42;51;36;40;54;48;33;38;45;51;44;39;42;54;37;48;53;55;59;56;48;48;60;46;51;59;61;65;58;86;82;98;86;98;104;105;77;105;92;108;96;104;93;98;106;102;99;83;87;90;76;87;85;78;77;94;78;99;87;106;93;76;75;62;60;59;67;82;63;64;91;52;52;67;45;56;41;47;46;43;47;37;30;23;23;15;19;13;10;2;0;2;3;2;4
;Totale;2329;2392;2430;2502;2548;2618;2597;2610;2512;2410;2442;2372;2325;2383;2237;2253;2123;2112;2114;2119;2221;2340;2363;2457;2574;2627;2642;2798;2775;2811;2799;3087;3172;3242;3337;3572;3615;3886;4095;4083;4332;4140;4273;4189;4253;4190;4093;4190;4237;4225;3921;3815;3596;3496;3329;3383;3310;3238;3242;3074;2896;2952;2830;2936;3121;3228;3136;3215;2506;2469;2518;2400;2398;2696;2590;2735;2245;2066;2036;1913;1741;1691;1581;1630;1422;1350;1229;1057;945;829;711;509;534;388;172;99;70;75;78;34;69
Territorio/Età;;0;1;2;3;4;5;6;7;8;9;10;11;12;13;14;15;16;17;18;19;20;21;22;23;24;25;26;27;28;29;30;31;32;33;34;35;36;37;38;39;40;41;42;43;44;45;46;47;48;49;50;51;52;53;54;55;56;57;58;59;60;61;62;63;64;65;66;67;68;69;70;71;72;73;74;75;76;77;78;79;80;81;82;83;84;85;86;87;88;89;90;91;92;93;94;95;96;97;98;99;100
Codice comune;Comune;Maschi
100001;Cantagallo;15;15;24;17;17;19;8;20;12;11;16;12;7;16;15;15;13;8;14;12;10;10;13;21;11;5;12;17;14;14;12;16;17;19;18;25;17;25;23;35;36;26;31;32;28;28;34;26;31;25;17;19;18;21;28;22;24;22;23;14;21;22;13;24;21;23;22;17;12;19;14;19;18;19;21;17;20;18;14;12;7;13;10;11;8;8;8;4;6;2;1;4;3;1;0;0;0;1;1;0;0
100002;Carmignano;60;76;74;75;97;102;84;82;78;78;73;86;70;84;74;70;51;66;51;52;54;76;73;55;55;50;64;69;62;58;68;105;103;98;103;105;120;127;144;129;126;134;156;132;133;138;130;135;133;117;121;123;107;97;93;83;104;85;92;85;87;72;80;89;80;82;82;97;51;63;55;72;62;70;51;80;47;39;41;28;42;39;18;25;28;30;20;17;15;8;10;8;6;8;2;1;1;2;0;0;1
100003;Montemurlo;83;110;85;80;103;94;98;89;83;104;97;83;85;77;88;88;93;94;89;69;101;77;88;114;96;123;95;117;108;108;102;98;124;97;126;115;125;121;135;144;143;144;134;141;141;142;131;154;144;152;147;131;130;113;122;119;128;130;126;120;94;115;110;114;115;119;104;111;89;94;96;90;84;100;103;111;74;75;64;86;54;58;52;55;49;34;29;31;18;15;10;9;2;7;2;1;0;0;0;0;1
100004;Poggio a Caiano;45;43;48;71;68;60;55;54;57;42;43;47;38;53;45;47;41;40;50;39;50;42;43;51;60;45;49;63;41;48;66;58;56;58;56;66;61;71;87;87;75;95;80;85;96;80;66;77;60;76;77;67;64;58;70;54;64;56;65;61;50;59;79;63;69;67;64;61;53;53;53;50;48;46;54;43;41;42;26;20;24;24;22;26;12;19;23;15;14;9;9;5;3;5;0;3;0;1;0;0;0
100005;Prato;947;943;976;1034;961;1012;1031;1022;1030;909;990;928;940;902;891;884;856;844;865;870;853;914;898;989;996;1030;1043;1010;1070;1037;1089;1163;1225;1240;1255;1369;1380;1434;1547;1536;1629;1552;1623;1650;1613;1582;1481;1545;1597;1599;1462;1393;1299;1296;1244;1251;1185;1123;1127;1084;1023;1008;962;977;1057;1180;1094;1127;894;827;860;808;820;880;900;889;700;691;654;625;574;526;483;487;404;347;347;280;230;215;168;106;117;78;35;18;14;18;9;2;8
100006;Vaiano;33;34;26;34;46;46;53;44;38;43;42;60;40;45;35;27;40;43;37;30;40;31;41;45;44;45;40;43;54;52;41;49;49;63;58;54;69;51;83;78;87;89;76;76;79;84;80;87;81;79;77;74;53;72;65;63;68;76;76;66;64;73;63;75;86;80;84;81;59;52;52;52;49;48;46;65;41;46;33;37;29;28;26;31;27;24;20;21;15;16;12;9;11;4;3;1;0;0;1;1;0
100007;Vernio;21;23;24;30;24;19;21;36;16;20;27;28;21;22;20;27;21;21;20;24;23;25;27;21;30;26;26;26;31;23;24;25;34;28;26;48;40;52;42;44;52;55;43;60;50;54;40;60;49;46;45;50;52;45;37;47;41;44;46;39;41;58;36;42;43;62;36;41;37;31;35;34;29;41;28;38;39;22;25;25;16;24;17;15;19;9;16;11;8;6;5;4;6;2;1;0;0;0;0;1;1
;Totale;1204;1244;1257;1341;1316;1352;1350;1347;1314;1207;1288;1244;1201;1199;1168;1158;1115;1116;1126;1096;1131;1175;1183;1296;1292;1324;1329;1345;1380;1340;1402;1514;1608;1603;1642;1782;1812;1881;2061;2053;2148;2095;2143;2176;2140;2108;1962;2084;2095;2094;1946;1857;1723;1702;1659;1639;1614;1536;1555;1469;1380;1407;1343;1384;1471;1613;1486;1535;1195;1139;1165;1125;1110;1204;1203;1243;962;933;857;833;746;712;628;650;547;471;463;379;306;271;215;145;148;105;43;24;15;22;11;4;11
Territorio/Età;;0;1;2;3;4;5;6;7;8;9;10;11;12;13;14;15;16;17;18;19;20;21;22;23;24;25;26;27;28;29;30;31;32;33;34;35;36;37;38;39;40;41;42;43;44;45;46;47;48;49;50;51;52;53;54;55;56;57;58;59;60;61;62;63;64;65;66;67;68;69;70;71;72;73;74;75;76;77;78;79;80;81;82;83;84;85;86;87;88;89;90;91;92;93;94;95;96;97;98;99;100
Codice comune;Comune;Femmine
100001;Cantagallo;15;12;14;16;10;18;15;14;17;13;16;7;8;16;12;16;13;6;7;11;8;11;5;4;8;20;15;20;11;18;22;20;22;21;13;21;36;26;13;29;42;35;24;18;27;22;24;25;34;16;37;21;20;18;24;26;17;19;17;25;14;20;24;18;18;16;20;24;14;14;14;17;17;18;11;23;14;17;10;15;10;16;18;11;7;12;9;12;9;10;9;11;4;8;5;2;0;0;2;2;0
100002;Carmignano;73;58;66;71;76;76;74;84;83;71;82;76;74;72;72;59;57;67;50;42;52;64;62;55;72;43;61;67;85;95;92;104;90;93;110;107;113;107;151;159;139;142;142;102;139;124;119;142;120;99;131;123;99;87;87;89;98;84;108;98;90;82;72;90;81;73;66;86;69;74;75;56;59;58;62;66;62;49;48;50;47;33;42;39;29;48;35;36;22;26;26;22;16;18;5;4;6;3;3;3;3
100003;Montemurlo;80;87;89;85;87;87;82;102;77;76;76;73;98;94;74;79;69;66;76;72;101;82;82;88;86;103;110;97;120;97;119;121;115;100;109;110;141;110;147;136;114;111;124;144;156;144;158;130;160;151;123;162;150;140;117;116;133;133;138;138;95;93;122;127;133;124;115;132;91;105;105;103;77;101;119;120;100;83;77;86;70;69;75;54;57;48;40;36;38;31;23;19;18;16;5;7;1;1;3;3;3
100004;Poggio a Caiano;41;40;57;42;56;51;37;66;57;46;58;44;40;43;37;33;39;29;42;36;39;36;44;35;52;52;46;51;47;73;56;60;66;78;65;72;85;80;92;72;95;76;78;79;79;75;68;91;63;85;67;77;77;58;68;74;77;57;69;61;76;67;77;69;60;73;86;63;58;55;58;47;45;49;50;63;44;42;31;35;33;44;30;31;33;23;34;22;23;23;17;15;10;7;4;7;0;2;1;0;3
100005;Prato;861;900;887;892;920;976;974;938;900;940;849;868;849;895;810;845;773;773;748;799;841;904;925;903;998;1007;1019;1151;1051;1120;1033;1185;1197;1251;1298;1382;1335;1559;1524;1519;1654;1535;1646;1550;1587;1608;1620;1597;1626;1647;1488;1439;1394;1387;1256;1315;1269;1274;1254;1185;1132;1184;1063;1104;1254;1198;1232;1268;980;1002;1026;961;990;1169;1059;1138;956;869;943;800;770;737;707;760;686;682;571;512;491;425;383;272;305;213;93;51;46;42;55;19;42
100006;Vaiano;32;39;36;40;43;35;44;44;44;37;46;40;43;48;39;39;34;37;43;33;35;45;36;42;37;48;40;45;52;45;48;49;47;59;68;60;51;77;63;61;88;96;82;75;83;55;86;77;95;81;68;84;86;66;68;81;67;92;62;59;73;63;87;87;60;87;74;72;61;49;50;66;62;56;51;56;55;43;43;52;36;48;57;53;36;32;46;34;34;26;20;14;20;10;8;2;2;3;0;2;4
100007;Vernio;23;12;24;15;40;23;21;15;20;20;27;20;12;16;25;24;23;18;22;30;14;23;26;34;29;30;22;22;29;23;27;34;27;37;32;38;42;46;44;54;52;50;34;45;42;54;56;44;44;52;61;52;47;38;50;43;35;43;39;39;36;36;42;57;44;44;57;35;38;31;25;25;38;41;35;26;52;30;27;42;29;32;24;32;27;34;31;26;22;17;18;11;13;11;9;2;0;2;3;1;3
;Totale;1125;1148;1173;1161;1232;1266;1247;1263;1198;1203;1154;1128;1124;1184;1069;1095;1008;996;988;1023;1090;1165;1180;1161;1282;1303;1313;1453;1395;1471;1397;1573;1564;1639;1695;1790;1803;2005;2034;2030;2184;2045;2130;2013;2113;2082;2131;2106;2142;2131;1975;1958;1873;1794;1670;1744;1696;1702;1687;1605;1516;1545;1487;1552;1650;1615;1650;1680;1311;1330;1353;1275;1288;1492;1387;1492;1283;1133;1179;1080;995;979;953;980;875;879;766;678;639;558;496;364;386;283;129;75;55;53;67;30;58

"Ricostruzione della popolazione intercensuaria - Popolazione al 1° gennaio per età"
"Tutte le cittadinanze - Anno: 2015 - Provincia: Prato"
Territorio/Età;;0;1;2;3;4;5;6;7;8;9;10;11;12;13;14;15;16;17;18;19;20;21;22;23;24;25;26;27;28;29;30;31;32;33;34;35;36;37;38;39;40;41;42;43;44;45;46;47;48;49;50;51;52;53;54;55;56;57;58;59;60;61;62;63;64;65;66;67;68;69;70;71;72;73;74;75;76;77;78;79;80;81;82;83;84;85;86;87;88;89;90;91;92;93;94;95;96;97;98;99;100
Codice comune;Comune;Totale
100001;Cantagallo;20;27;24;31;37;24;36;25;33;29;23;30;19;15;31;29;28;26;17;20;22;22;21;16;27;19;23;29;36;22;30;38;31;34;38;34;45;51;52;35;64;74;64;59;47;55;51;59;51;64;42;59;38;40;37;53;48;40;39;41;40;36;44;36;42;38;41;43;41;26;34;29;35;34;39;32;38;34;35;24;26;16;25;27;19;13;16;17;11;15;10;9;14;7;7;4;1;0;1;2;1
100002;Carmignano;126;133;123;138;147;172;171;155;165;157;146;156;162;145;154;143;126;111;129;102;96;106;140;136;109;123;99;128;144;150;157;160;211;187;199;217;217;238;243;291;289;266;271;295;239;268;256;246;271;252;216;253;245;201;184;180;164;202;171;201;187;172;156;150;183;161;154;146;178;121;131;127;128;119;128;112;138;105;86;89;76;79;72;56;52;53;73;49;53;33;33;31;20;15;20;7;5;7;4;2;5
100003;Montemurlo;168;158;189;170;155;181;180;182;194;158;181;178;155;184;170;166;162;155;158;166;145;202;166;167;201;198;227;205;211;233;211;216;231;236;193;228;222;262;240;274;284;257;255;275;283;294;292;283;284;300;300;266;291;281;255;235;235;258;253;264;252;188;206;226;239;250;240;215;237;182;198;191;190;159;196;216;224;172;154;137;166;120;120;120;100;96;74;64;62;53;43;29;20;17;15;6;6;0;0;0;5
100004;Poggio a Caiano;99;80;83;109;112;128;110;91;123;115;87;105;93;78;96;84;78;83;76;93;70;90;80;91;95;113;104;94;105;94;119;115;105;118;129;120;135;149;153;173;157;179;170;159;167;180;158;134;171;125;165;140;142;139;117;134;125;143;111;134;121;126;125;155;133;126;136;150;125;107;103;108;94;92;97;101;105;81;85;56;51;51;64;51;49;42;38;51;33;30;29;26;17;9;8;3;8;0;2;1;3
100005;Prato;1697;1808;1840;1834;1897;1877;1957;1986;1942;1927;1840;1836;1813;1792;1812;1715;1733;1649;1633;1616;1679;1688;1838;1818;1882;1965;2028;2050;2132;2120;2125;2103;2341;2404;2484;2522;2716;2650;2944;3026;3034;3257;3057;3222;3167;3161;3181;3090;3103;3183;3212;2933;2815;2683;2701;2499;2552;2447;2375;2369;2263;2137;2173;2005;2067;2285;2362;2302;2369;1865;1811;1873;1734;1788;1994;1919;1995;1625;1532;1546;1351;1300;1202;1116;1178;1027;949;824;718;654;550;471;311;361;236;109;59;38;47;45;43
100006;Vaiano;57;68;71;59;75;88;86;96;87;84;80;88;94;86;90;73;66;75;78;79;59;75;71;79;82;80;89;71;89;98;100;90;92;99;123;120;122;123;132;143;142;177;186;158;151;162;137;168;164;173;158;137;157;137;140;135;142;141;166;140;123;134;137;150;161;147;164;155;155;119;101;103;115;109;103;100;119;93;87;73;91;66;75;79;76;61;54;61;52;41;38;31;22;28;10;9;3;2;2;1;4
100007;Vernio;37;42;41;47;47;62;41;42;51;40;41;53;48;32;39;43;51;42;39;43;54;36;47;54;52;59;54;48;51;59;48;51;55;59;69;64;76;83;93;82;98;109;101;78;107;92;106;97;106;96;97;107;108;102;83;86;87;73;85;84;80;78;94;74;94;88;111;90;78;72;58;57;57;66;82;63;62;81;50;55;61;46;52;41;42;43;43;42;35;25;18;22;12;14;13;5;1;0;1;2;5
;Totale;2204;2316;2371;2388;2470;2532;2581;2577;2595;2510;2398;2446;2384;2332;2392;2253;2244;2141;2130;2119;2125;2219;2363;2361;2448;2557;2624;2625;2768;2776;2790;2773;3066;3137;3235;3305;3533;3556;3857;4024;4068;4319;4104;4246;4161;4212;4181;4077;4150;4193;4190;3895;3796;3583;3517;3322;3353;3304;3200;3233;3066;2871;2935;2796;2919;3095;3208;3101;3183;2492;2436;2488;2353;2367;2639;2543;2681;2191;2029;1980;1822;1678;1610;1490;1516;1335;1247;1108;964;851;721;619;416;451;309;143;83;47;57;53;66
Territorio/Età;;0;1;2;3;4;5;6;7;8;9;10;11;12;13;14;15;16;17;18;19;20;21;22;23;24;25;26;27;28;29;30;31;32;33;34;35;36;37;38;39;40;41;42;43;44;45;46;47;48;49;50;51;52;53;54;55;56;57;58;59;60;61;62;63;64;65;66;67;68;69;70;71;72;73;74;75;76;77;78;79;80;81;82;83;84;85;86;87;88;89;90;91;92;93;94;95;96;97;98;99;100
Codice comune;Comune;Maschi
100001;Cantagallo;8;12;13;22;19;16;18;10;18;12;11;14;12;7;16;17;13;13;10;14;12;14;11;13;22;11;5;11;18;12;13;15;15;16;17;18;24;17;25;22;32;33;27;35;30;28;28;34;27;31;25;19;20;16;20;29;22;23;22;23;14;22;22;13;25;20;25;23;17;12;20;14;18;17;21;22;15;20;18;15;12;6;11;9;9;7;6;8;3;6;1;1;3;3;1;0;0;0;1;1;0
100002;Carmignano;68;58;69;74;76;97;93;85;82;76;76;75;87;71;84;72;68;52;65;51;54;52;76;71;56;52;52;67;74;68;61;73;104;100;100;103;106;118;130;143;133;124;130;155;135;135;136;130;133;135;115;119;125;102;99;93;81;101;84;93;89;85;73;79;90;80;81;80;96;50;60;54;71;60;71;50;76;47;38;42;27;36;38;16;20;24;27;19;17;15;7;8;6;4;7;2;1;1;2;0;1
100003;Montemurlo;83;81;105;86;74;101;94;101;89;85;105;100;82;84;79;90;86;89;92;91;70;97;80;88;112;99;125;102;112;112;114;100;110;119;101;123;117;125;123;133;145;148;137;142;139;142;142;131;156;145;153;141;129;133;114;119;117;126;124;125;118;94;111;110;114;115;115;102;106;89;95;90;89;81;97;98;104;74;73;61;83;50;54;48;49;43;29;27;28;16;15;9;9;2;4;2;0;0;0;0;0
100004;Poggio a Caiano;53;41;45;50;71;73;63;54;54;58;40;48;49;39;51;48;45;43;44;52;36;51;40;47;55;62;46;50;55;46;49;61;54;50;58;57;57;60;75;84;81;84;96;81;87;101;78;64;80;62;79;75;66;65;58;69;53;63;55;67;58;50;61;77;64;66;64;61;61;52;51;51;48;48;46;53;43;40;42;25;18;21;23;22;22;10;17;20;14;11;9;9;4;2;3;0;3;0;0;0;0
100005;Prato;904;937;935;962;1024;962;996;1024;1016;1030;903;983;927;937;911;899;879;860;852;864;867;845;923;890;983;987;1019;1039;1002;1058;1008;1060;1141;1220;1221;1244;1355;1340;1412;1502;1523;1610;1546;1597;1628;1581;1573;1474;1518;1574;1583;1450;1385;1284;1300;1245;1236;1178;1108;1119;1075;1017;996;952;968;1042;1160;1077;1113;887;818;853;787;802;856;880;871;681;677;623;586;558;495;439;453;382;312;298;249;203;179;145;87;94;64;29;18;9;13;6;5
100006;Vaiano;29;38;33;22;34;47;47;50;44;38;44;42;59;40;45;35;27;42;42;36;27;40;30;41;45;44;45;35;42;46;52;41;46;47;64;55;57;69;54;83;81;89;86;76;77;78;83;82;86;80;79;69;72;52;73;65;61;70;75;77;66;64;73;63;74;87;77;84;81;58;51;54;52;48;48;45;62;40;44;30;37;31;29;25;26;26;24;19;20;9;14;11;8;11;4;3;1;0;0;1;1
100007;Vernio;16;18;25;24;31;24;19;21;36;17;21;27;27;20;22;19;27;19;21;21;25;22;25;29;19;30;26;27;26;31;25;20;23;31;30;30;45;40;51;39;47;58;51;41;60;51;53;43;59;51;46;45;52;53;46;40;47;40;44;46;39;41;58;36;41;42;65;35;43;34;27;34;32;29;41;27;37;35;21;27;24;15;22;17;14;18;9;15;12;7;5;5;3;5;2;0;0;0;0;0;2
;Totale;1161;1185;1225;1240;1329;1320;1330;1345;1339;1316;1200;1289;1243;1198;1208;1180;1145;1118;1126;1129;1091;1121;1185;1179;1292;1285;1318;1331;1329;1373;1322;1370;1493;1583;1591;1630;1761;1769;1870;2006;2042;2146;2073;2127;2156;2116;2093;1958;2059;2078;2080;1918;1849;1705;1710;1660;1617;1601;1512;1550;1459;1373;1394;1330;1376;1452;1587;1462;1517;1182;1122;1150;1097;1085;1180;1175;1208;937;913;823;787;717;672;576;593;510;424;406;343;267;230;188;120;121;85;36;23;10;16;8;9
Territorio/Età;;0;1;2;3;4;5;6;7;8;9;10;11;12;13;14;15;16;17;18;19;20;21;22;23;24;25;26;27;28;29;30;31;32;33;34;35;36;37;38;39;40;41;42;43;44;45;46;47;48;49;50;51;52;53;54;55;56;57;58;59;60;61;62;63;64;65;66;67;68;69;70;71;72;73;74;75;76;77;78;79;80;81;82;83;84;85;86;87;88;89;90;91;92;93;94;95;96;97;98;99;100
Codice comune;Comune;Femmine
100001;Cantagallo;12;15;11;9;18;8;18;15;15;17;12;16;7;8;15;12;15;13;7;6;10;8;10;3;5;8;18;18;18;10;17;23;16;18;21;16;21;34;27;13;32;41;37;24;17;27;23;25;24;33;17;40;18;24;17;24;26;17;17;18;26;14;22;23;17;18;16;20;24;14;14;15;17;17;18;10;23;14;17;9;14;10;14;18;10;6;10;9;8;9;9;8;11;4;6;4;1;0;0;1;1
100002;Carmignano;58;75;54;64;71;75;78;70;83;81;70;81;75;74;70;71;58;59;64;51;42;54;64;65;53;71;47;61;70;82;96;87;107;87;99;114;111;120;113;148;156;142;141;140;104;133;120;116;138;117;101;134;120;99;85;87;83;101;87;108;98;87;83;71;93;81;73;66;82;71;71;73;57;59;57;62;62;58;48;47;49;43;34;40;32;29;46;30;36;18;26;23;14;11;13;5;4;6;2;2;4
100003;Montemurlo;85;77;84;84;81;80;86;81;105;73;76;78;73;100;91;76;76;66;66;75;75;105;86;79;89;99;102;103;99;121;97;116;121;117;92;105;105;137;117;141;139;109;118;133;144;152;150;152;128;155;147;125;162;148;141;116;118;132;129;139;134;94;95;116;125;135;125;113;131;93;103;101;101;78;99;118;120;98;81;76;83;70;66;72;51;53;45;37;34;37;28;20;11;15;11;4;6;0;0;0;5
100004;Poggio a Caiano;46;39;38;59;41;55;47;37;69;57;47;57;44;39;45;36;33;40;32;41;34;39;40;44;40;51;58;44;50;48;70;54;51;68;71;63;78;89;78;89;76;95;74;78;80;79;80;70;91;63;86;65;76;74;59;65;72;80;56;67;63;76;64;78;69;60;72;89;64;55;52;57;46;44;51;48;62;41;43;31;33;30;41;29;27;32;21;31;19;19;20;17;13;7;5;3;5;0;2;1;3
100005;Prato;793;871;905;872;873;915;961;962;926;897;937;853;886;855;901;816;854;789;781;752;812;843;915;928;899;978;1009;1011;1130;1062;1117;1043;1200;1184;1263;1278;1361;1310;1532;1524;1511;1647;1511;1625;1539;1580;1608;1616;1585;1609;1629;1483;1430;1399;1401;1254;1316;1269;1267;1250;1188;1120;1177;1053;1099;1243;1202;1225;1256;978;993;1020;947;986;1138;1039;1124;944;855;923;765;742;707;677;725;645;637;526;469;451;371;326;224;267;172;80;41;29;34;39;38
100006;Vaiano;28;30;38;37;41;41;39;46;43;46;36;46;35;46;45;38;39;33;36;43;32;35;41;38;37;36;44;36;47;52;48;49;46;52;59;65;65;54;78;60;61;88;100;82;74;84;54;86;78;93;79;68;85;85;67;70;81;71;91;63;57;70;64;87;87;60;87;71;74;61;50;49;63;61;55;55;57;53;43;43;54;35;46;54;50;35;30;42;32;32;24;20;14;17;6;6;2;2;2;0;3
100007;Vernio;21;24;16;23;16;38;22;21;15;23;20;26;21;12;17;24;24;23;18;22;29;14;22;25;33;29;28;21;25;28;23;31;32;28;39;34;31;43;42;43;51;51;50;37;47;41;53;54;47;45;51;62;56;49;37;46;40;33;41;38;41;37;36;38;53;46;46;55;35;38;31;23;25;37;41;36;25;46;29;28;37;31;30;24;28;25;34;27;23;18;13;17;9;9;11;5;1;0;1;2;3
;Totale;1043;1131;1146;1148;1141;1212;1251;1232;1256;1194;1198;1157;1141;1134;1184;1073;1099;1023;1004;990;1034;1098;1178;1182;1156;1272;1306;1294;1439;1403;1468;1403;1573;1554;1644;1675;1772;1787;1987;2018;2026;2173;2031;2119;2005;2096;2088;2119;2091;2115;2110;1977;1947;1878;1807;1662;1736;1703;1688;1683;1607;1498;1541;1466;1543;1643;1621;1639;1666;1310;1314;1338;1256;1282;1459;1368;1473;1254;1116;1157;1035;961;938;914;923;825;823;702;621;584;491;431;296;330;224;107;60;37;41;45;57

"Ricostruzione della popolazione intercensuaria - Popolazione al 1° gennaio per età"
"Tutte le cittadinanze - Anno: 2016 - Provincia: Prato"
Territorio/Età;;0;1;2;3;4;5;6;7;8;9;10;11;12;13;14;15;16;17;18;19;20;21;22;23;24;25;26;27;28;29;30;31;32;33;34;35;36;37;38;39;40;41;42;43;44;45;46;47;48;49;50;51;52;53;54;55;56;57;58;59;60;61;62;63;64;65;66;67;68;69;70;71;72;73;74;75;76;77;78;79;80;81;82;83;84;85;86;87;88;89;90;91;92;93;94;95;96;97;98;99;100
Codice comune;Comune;Totale
100001;Cantagallo;21;22;23;20;30;42;20;38;26;33;26;23;30;17;15;34;25;29;25;18;22;22;23;19;17;27;19;21;30;29;23;34;35;35;35;33;35;41;55;52;34;55;76;61;58;49;58;51;55;50;66;41;61;37;40;36;54;47;44;41;44;38;38;44;35;43;34;41;43;40;27;33;28;34;32;38;32;35;32;34;25;25;15;25;25;17;10;13;15;11;14;8;7;13;5;6;3;1;0;0;1
100002;Carmignano;129;127;129;129;136;142;178;168;159;170;156;151;155;169;148;147;140;127;108;131;107;98;107;133;132;109;126;111;139;143;148;156;162;224;203;196;218;221;232;245;283;296;267;267;287;241;267;250;244;275;253;211;252;243;205;184;184;164;202;169;205;183;169;159;149;183;163;155;148;177;114;127;126;127;116;124;113;130;97;80;88;73;73;67;53;49;51;67;42;44;27;26;24;14;11;16;5;2;6;3;5
100003;Montemurlo;168;171;154;189;169;157;181;180;176;190;159;178;174;149;186;161;168;162;155;165;160;147;198;157;158;190;191;211;207;216;237;205;218;237;243;202;239;227;260;246;277;283;259;253;276;282;285;296;286;287;284;297;263;288;283;255;239;236;252;254;262;245;189;205;227;238;241;232;214;234;180;199;186;187;156;193;215;220;170;155;136;158;115;110;113;96;86;70;56;49;45;35;24;17;19;13;5;6;0;0;3
100004;Poggio a Caiano;83;100;79;82;104;108;115;112;88;121;114;80;105;89;77;96;88;78;90;77;95;76;92;84;97;101;119;96;96;109;89;118;118;110;125;116;124;137;143;160;168;157;170;161;158;157;177;158;139;167;132;162;137;143;141;118;139;125;148;113;136;115;123;121;154;134;125;132;143;127;104;100;107;93;91;93;95;103;80;82;54;47;51;61;51;46;36;34;44;30;23;23;21;16;5;7;3;7;0;1;4
100005;Prato;1629;1711;1783;1848;1837;1891;1890;1967;2004;1965;1949;1845;1844;1841;1797;1832;1728;1751;1674;1639;1639;1709;1709;1881;1871;1937;2009;2060;2082;2175;2178;2160;2155;2376;2427;2534;2533;2751;2703;2959;3070;3069;3288;3076;3223;3162;3207;3185;3094;3126;3185;3196;2935;2820;2660;2685;2489;2550;2437;2366;2342;2249;2111;2155;1987;2052;2268;2315;2284;2335;1845;1782;1856;1687;1760;1965;1899;1952;1584;1486;1485;1287;1253;1131;1046;1087;956;859;741;627;569;468;394;244;276;179;84;36;27;32;53
100006;Vaiano;64;55;74;70;60;81;89;87;96;90;86;82;87;92;89;92;75;66;74;78;79;61;75;77;77;81;78;89;82;94;99;96;81;92;102;124;126;127;123;139;143;145;180;185;156;151;160;139;171;165;174;152;138;156;139;142;138;138;138;165;139;128;136;137;148;160;143;163;156;154;120;98;102;113;108;102;98;118;93;85;70;87;65;68;74;70;54;48;53;52;32;30;23;18;15;7;5;2;1;1;2
100007;Vernio;49;36;45;40;51;48;63;45;42;48;42;44;53;48;30;39;47;50;45;40;40;54;39;48;62;53;60;51;52;53;56;49;56;56;61;67;67;79;82;90;85;97;109;102;77;106;93;106;99;107;96;99;105;108;103;86;88;86;77;86;84;80;76;95;71;96;87;111;88;77;71;55;56;57;63;83;63;59;81;49;48;61;38;49;40;37;41;43;32;32;23;13;13;10;11;9;4;1;0;1;2
;Totale;2143;2222;2287;2378;2387;2469;2536;2597;2591;2617;2532;2403;2448;2405;2342;2401;2271;2263;2171;2148;2142;2167;2243;2399;2414;2498;2602;2639;2688;2819;2830;2818;2825;3130;3196;3272;3342;3583;3598;3891;4060;4102;4349;4105;4235;4148;4247;4185;4088;4177;4190;4158;3891;3795;3571;3506;3331;3346;3298;3194;3212;3038;2842;2916;2771;2906;3061;3149;3076;3144;2461;2394;2461;2298;2326;2598;2515;2617;2137;1971;1906;1738;1610;1511;1402;1402;1234;1134;983;845;733;603;506;332;342;237;109;55;34;38;70
Territorio/Età;;0;1;2;3;4;5;6;7;8;9;10;11;12;13;14;15;16;17;18;19;20;21;22;23;24;25;26;27;28;29;30;31;32;33;34;35;36;37;38;39;40;41;42;43;44;45;46;47;48;49;50;51;52;53;54;55;56;57;58;59;60;61;62;63;64;65;66;67;68;69;70;71;72;73;74;75;76;77;78;79;80;81;82;83;84;85;86;87;88;89;90;91;92;93;94;95;96;97;98;99;100
Codice comune;Comune;Maschi
100001;Cantagallo;8;8;10;10;21;21;14;19;10;18;12;11;14;10;7;16;14;13;12;11;14;12;14;9;14;22;11;6;11;14;14;14;14;18;18;12;17;20;18;27;19;28;35;27;35;32;28;29;33;28;31;25;21;19;15;19;29;22;23;24;24;13;24;22;13;26;16;25;23;17;12;19;13;17;17;21;22;12;19;17;15;12;5;11;9;8;4;5;6;3;5;0;1;2;3;1;0;0;0;0;0
100002;Carmignano;69;70;54;70;71;72;102;90;86;85;72;79;75;91;75;78;73;69;53;66;55;54;53;76;68;55;54;58;68;71;66;60;74;112;108;100;103;105;114;131;139;133;119;128;154;135;136;135;129;138;131;110;116;124;108;101;95;80;103;84;96;88;84;74;77;91;85;81;82;95;47;60;53;70;57;68;49;69;44;33;42;24;30;36;14;17;22;23;13;12;12;5;6;2;3;4;1;1;1;1;1
100003;Montemurlo;99;82;78;104;84;75;97;96;97;86;86;103;101;78;87;72;91;88;86;94;83;70;95;77;81;109;92;116;98;116;116;107;96;122;125;105;127;119;124;119;135;140;145;138;144;138;138;147;134;157;135;153;138;128;134;110;121;120;123;121;124;117;94;109;106;114;111;111;100;102;88;96;87;87;80;98;97;102;72;74;60;77;49;51;42;46;40;25;24;19;13;12;7;8;2;4;0;0;0;0;0
100004;Poggio a Caiano;50;55;43;44;46;66;64;62;52;53;54;36;47;47;37;51;49;44;45;43;53;40;52;38;49;58;65;46;56;56;48;55;62;52;55;53;57;61;57;78;81;81;78;92;78;79;96;79;64;74;69;79;73;65;68;61;70;54;64;56;66;54;49;59;75;65;64;65;55;63;50;48;50;46;48;43;50;44;39;40;25;17;20;21;23;22;5;14;14;11;6;7;6;4;1;3;0;3;0;0;0
100005;Prato;831;903;922;935;961;1020;967;1002;1032;1026;1040;912;977;943;943;923;904;892;876;856;884;876;863;952;916;1010;1004;1038;1052;1042;1073;1036;1091;1166;1228;1255;1256;1372;1362;1418;1530;1550;1634;1565;1584;1621;1601;1572;1466;1528;1572;1572;1448;1389;1268;1294;1227;1237;1178;1113;1103;1063;1007;987;947;950;1031;1121;1066;1092;875;804;842;763;783;832;866;852;653;658;586;548;533;452;403;401;347;269;260;208;173;142;116;66;76;51;20;8;5;7;7
100006;Vaiano;29;29;42;34;25;38;49;48;50;44;38;45;43;58;40;47;34;27;41;43;37;29;41;31;38;45;42;48;42;45;48;50;40;43;52;63;58;60;70;58;82;80;89;82;79;77;78;83;80;85;80;75;69;71;54;74;66;59;68;74;76;67;66;71;63;72;83;76;85;80;58;49;53;50;48;46;43;62;40;42;27;36;30;26;22;24;22;20;16;20;6;14;7;7;5;2;2;1;0;0;1
100007;Vernio;23;16;19;23;27;31;24;20;21;37;17;22;27;27;20;22;23;28;20;22;17;25;23;26;33;19;30;25;30;28;27;28;25;26;32;28;32;45;38;50;41;48;58;52;42;58;51;53;43;59;50;47;45;53;53;47;39;47;43;45;46;40;40;57;35;43;41;64;33;43;33;25;33;32;26;40;27;35;35;22;22;24;12;21;17;11;16;9;10;10;6;4;2;1;3;1;0;0;0;0;1
;Totale;1109;1163;1168;1220;1235;1323;1317;1337;1348;1349;1319;1208;1284;1254;1209;1209;1188;1161;1133;1135;1143;1106;1141;1209;1199;1318;1298;1337;1357;1372;1392;1350;1402;1539;1618;1616;1650;1782;1783;1881;2027;2060;2158;2084;2116;2140;2128;2098;1949;2069;2068;2061;1910;1849;1700;1706;1647;1619;1602;1517;1535;1442;1364;1379;1316;1361;1431;1543;1444;1492;1163;1101;1131;1065;1059;1148;1154;1176;902;886;777;738;679;618;530;529;456;365;343;283;221;184;145;90;93;66;23;13;6;8;10
Territorio/Età;;0;1;2;3;4;5;6;7;8;9;10;11;12;13;14;15;16;17;18;19;20;21;22;23;24;25;26;27;28;29;30;31;32;33;34;35;36;37;38;39;40;41;42;43;44;45;46;47;48;49;50;51;52;53;54;55;56;57;58;59;60;61;62;63;64;65;66;67;68;69;70;71;72;73;74;75;76;77;78;79;80;81;82;83;84;85;86;87;88;89;90;91;92;93;94;95;96;97;98;99;100
Codice comune;Comune;Femmine
100001;Cantagallo;13;14;13;10;9;21;6;19;16;15;14;12;16;7;8;18;11;16;13;7;8;10;9;10;3;5;8;15;19;15;9;20;21;17;17;21;18;21;37;25;15;27;41;34;23;17;30;22;22;22;35;16;40;18;25;17;25;25;21;17;20;25;14;22;22;17;18;16;20;23;15;14;15;17;15;17;10;23;13;17;10;13;10;14;16;9;6;8;9;8;9;8;6;11;2;5;3;1;0;0;1
100002;Carmignano;60;57;75;59;65;70;76;78;73;85;84;72;80;78;73;69;67;58;55;65;52;44;54;57;64;54;72;53;71;72;82;96;88;112;95;96;115;116;118;114;144;163;148;139;133;106;131;115;115;137;122;101;136;119;97;83;89;84;99;85;109;95;85;85;72;92;78;74;66;82;67;67;73;57;59;56;64;61;53;47;46;49;43;31;39;32;29;44;29;32;15;21;18;12;8;12;4;1;5;2;4
100003;Montemurlo;69;89;76;85;85;82;84;84;79;104;73;75;73;71;99;89;77;74;69;71;77;77;103;80;77;81;99;95;109;100;121;98;122;115;118;97;112;108;136;127;142;143;114;115;132;144;147;149;152;130;149;144;125;160;149;145;118;116;129;133;138;128;95;96;121;124;130;121;114;132;92;103;99;100;76;95;118;118;98;81;76;81;66;59;71;50;46;45;32;30;32;23;17;9;17;9;5;6;0;0;3
100004;Poggio a Caiano;33;45;36;38;58;42;51;50;36;68;60;44;58;42;40;45;39;34;45;34;42;36;40;46;48;43;54;50;40;53;41;63;56;58;70;63;67;76;86;82;87;76;92;69;80;78;81;79;75;93;63;83;64;78;73;57;69;71;84;57;70;61;74;62;79;69;61;67;88;64;54;52;57;47;43;50;45;59;41;42;29;30;31;40;28;24;31;20;30;19;17;16;15;12;4;4;3;4;0;1;4
100005;Prato;798;808;861;913;876;871;923;965;972;939;909;933;867;898;854;909;824;859;798;783;755;833;846;929;955;927;1005;1022;1030;1133;1105;1124;1064;1210;1199;1279;1277;1379;1341;1541;1540;1519;1654;1511;1639;1541;1606;1613;1628;1598;1613;1624;1487;1431;1392;1391;1262;1313;1259;1253;1239;1186;1104;1168;1040;1102;1237;1194;1218;1243;970;978;1014;924;977;1133;1033;1100;931;828;899;739;720;679;643;686;609;590;481;419;396;326;278;178;200;128;64;28;22;25;46
100006;Vaiano;35;26;32;36;35;43;40;39;46;46;48;37;44;34;49;45;41;39;33;35;42;32;34;46;39;36;36;41;40;49;51;46;41;49;50;61;68;67;53;81;61;65;91;103;77;74;82;56;91;80;94;77;69;85;85;68;72;79;70;91;63;61;70;66;85;88;60;87;71;74;62;49;49;63;60;56;55;56;53;43;43;51;35;42;52;46;32;28;37;32;26;16;16;11;10;5;3;1;1;1;1
100007;Vernio;26;20;26;17;24;17;39;25;21;11;25;22;26;21;10;17;24;22;25;18;23;29;16;22;29;34;30;26;22;25;29;21;31;30;29;39;35;34;44;40;44;49;51;50;35;48;42;53;56;48;46;52;60;55;50;39;49;39;34;41;38;40;36;38;36;53;46;47;55;34;38;30;23;25;37;43;36;24;46;27;26;37;26;28;23;26;25;34;22;22;17;9;11;9;8;8;4;1;0;1;1
;Totale;1034;1059;1119;1158;1152;1146;1219;1260;1243;1268;1213;1195;1164;1151;1133;1192;1083;1102;1038;1013;999;1061;1102;1190;1215;1180;1304;1302;1331;1447;1438;1468;1423;1591;1578;1656;1692;1801;1815;2010;2033;2042;2191;2021;2119;2008;2119;2087;2139;2108;2122;2097;1981;1946;1871;1800;1684;1727;1696;1677;1677;1596;1478;1537;1455;1545;1630;1606;1632;1652;1298;1293;1330;1233;1267;1450;1361;1441;1235;1085;1129;1000;931;893;872;873;778;769;640;562;512;419;361;242;249;171;86;42;28;30;60

"Ricostruzione della popolazione intercensuaria - Popolazione al 1° gennaio per età"
"Tutte le cittadinanze - Anno: 2017 - Provincia: Prato"
Territorio/Età;;0;1;2;3;4;5;6;7;8;9;10;11;12;13;14;15;16;17;18;19;20;21;22;23;24;25;26;27;28;29;30;31;32;33;34;35;36;37;38;39;40;41;42;43;44;45;46;47;48;49;50;51;52;53;54;55;56;57;58;59;60;61;62;63;64;65;66;67;68;69;70;71;72;73;74;75;76;77;78;79;80;81;82;83;84;85;86;87;88;89;90;91;92;93;94;95;96;97;98;99;100
Codice comune;Comune;Totale
100001;Cantagallo;23;18;23;24;18;27;39;25;40;27;36;27;24;30;18;17;35;25;30;26;18;19;26;21;21;20;28;19;24;28;33;20;38;35;35;36;36;38;36;53;53;35;58;76;63;54;49;61;50;58;48;64;40;57;37;43;42;49;47;43;41;45;41;40;43;33;40;34;39;40;38;27;33;28;34;32;39;31;32;32;32;23;24;15;21;23;17;9;13;13;10;11;6;6;10;5;4;3;1;0;0
100002;Carmignano;124;129;123;119;131;131;139;179;168;159;169;160;152;152;167;150;145;138;127;108;134;112;99;103;135;133;110;137;112;142;148;158;160;157;217;201;196;219;221;231;242;291;286;265;264;278;238;270;245;242;269;254;206;252;247;208;184;177;163;199;165;203;183;170;156;148;185;161;151;146;175;114;119;125;122;113;123;106;121;93;76;83;68;69;59;53;43;45;59;39;38;21;24;21;12;11;11;3;1;3;3
100003;Montemurlo;175;172;169;149;187;177;170;187;184;181;191;162;183;174;149;191;160;172;166;161;169;161;153;199;156;160;192;200;214;200;207;245;213;216;241;241;214;246;228;261;258;278;286;269;257;277;284;290;298;283;283;287;299;259;284;286;251;235;236;254;251;255;248;188;207;224;233;239;232;212;231;174;199;183;187;150;189;211;214;165;149;131;150;113;109;98;89;75;65;44;45;40;32;16;16;16;10;6;2;0;4
100004;Poggio a Caiano;77;80;100;87;88;107;111;116;113;87;123;115;80;108;95;75;94;86;84;85;77;92;81;98;82;99;88;117;95;87;99;91;118;120;107;123;121;117;147;140;158;166;153;167;164;155;158;180;156;139;166;134;166;139;142;141;117;136;122;145;113;138;115;123;122;155;129;122;132;140;126;100;98;105;89;90;92;93;100;76;74;54;44;48;57;47;44;35;32;34;27;20;21;16;9;3;5;3;5;0;1
100005;Prato;1631;1662;1739;1807;1888;1854;1915;1871;1992;2016;1975;1963;1856;1866;1848;1818;1846;1759;1773;1723;1679;1638;1728;1744;1899;1902;1965;2065;2117;2165;2240;2213;2218;2222;2414;2460;2555;2550;2783;2736;3004;3114;3090;3318;3090;3250;3180;3220;3192;3083;3133;3177;3191;2937;2806;2645;2673;2504;2529;2414;2364;2328;2226;2096;2135;1968;2033;2240;2275;2260;2319;1815;1759;1815;1654;1727;1924;1861;1888;1541;1441;1433;1235;1186;1074;979;1008;878;780;642;555;486;382;315;185;221;136;67;29;19;50
100006;Vaiano;73;63;62;74;72;63;84;89;86;92;92;91;85;86;96;86;84;74;65;75;81;79;57;76;80;80;82;77;88;86;93;105;91;86;96;111;127;127;132;128;139;148;141;184;184;151;151;160;136;167;164;178;151;147;152;133;137;138;136;137;164;135;126;133;136;145;155;137;160;156;156;119;99;97;111;102;105;97;118;90;81;67;84;59;64;68;67;47;45;47;47;27;28;20;14;11;3;4;2;1;2
100007;Vernio;23;43;36;42;39;51;49;63;44;41;47;44;47;54;46;34;43;48;51;48;40;44;51;42;47;56;49;53;50;50;53;55;48;56;56;60;67;64;77;74;96;85;99;110;107;81;108;96;107;99;103;103;105;111;114;101;91;88;87;79;87;84;80;77;94;72;93;89;109;87;75;72;55;55;54;63;82;62;59;81;48;49;58;36;47;37;36;40;40;28;29;18;12;13;9;8;8;3;0;0;1
;Totale;2126;2167;2252;2302;2423;2410;2507;2530;2627;2603;2633;2562;2427;2470;2419;2371;2407;2302;2296;2226;2198;2145;2195;2283;2420;2450;2514;2668;2700;2758;2873;2887;2886;2892;3166;3232;3316;3361;3624;3623;3950;4117;4113;4389;4129;4246;4168;4277;4184;4071;4166;4197;4158;3902;3782;3557;3495;3327;3320;3271;3185;3188;3019;2827;2893;2745;2868;3022;3098;3041;3120;2421;2362;2408;2251;2277;2554;2461;2532;2078;1901;1840;1663;1526;1431;1305;1304;1129;1034;847;751;623;505;407;255;275;177;89;40;23;61
Territorio/Età;;0;1;2;3;4;5;6;7;8;9;10;11;12;13;14;15;16;17;18;19;20;21;22;23;24;25;26;27;28;29;30;31;32;33;34;35;36;37;38;39;40;41;42;43;44;45;46;47;48;49;50;51;52;53;54;55;56;57;58;59;60;61;62;63;64;65;66;67;68;69;70;71;72;73;74;75;76;77;78;79;80;81;82;83;84;85;86;87;88;89;90;91;92;93;94;95;96;97;98;99;100
Codice comune;Comune;Maschi
100001;Cantagallo;10;9;8;11;10;19;22;17;19;11;19;13;11;14;11;8;16;13;14;13;10;11;14;12;7;16;23;11;8;10;17;10;16;15;18;17;14;19;16;17;27;19;29;38;31;31;34;30;27;35;26;29;25;19;19;18;22;26;24;22;23;23;14;25;21;14;23;17;22;21;15;13;19;13;17;16;21;21;10;20;16;13;12;5;8;9;9;4;5;5;2;2;1;0;0;2;1;0;0;0;0
100002;Carmignano;68;70;63;49;70;66;72;97;93;85;85;75;82;71;91;78;75;72;70;52;67;56;55;54;77;67;55;61;54;67;71;71;67;69;105;106;102;99;104;112;127;142;127;124;123;152;133;136;132;128;133;133;110;118;126;107;102;91;82;102;82;93;88;83;74;77;94;84;77;78;94;46;57;50;67;54;68;46;66;41;32;40;24;26;30;12;14;19;17;12;10;9;3;5;1;3;2;1;1;0;0
100003;Montemurlo;78;98;84;79;104;86;85;101;99;102;85;87;107;98;79;93;73;94;90;90;93;83;74;96;77;85;112;97;118;96;112;119;104;96;120;124;112;124;119;127;125;138;141;153;138;145;140;140;142;134;154;137;156;133;126;137;104;116;121;122;123;122;118;93;110;104;111;109;109;98;101;87;96;85;87;74;94;94;99;72;68;58;72;48;51;35;42;35;23;18;18;12;9;4;8;2;3;0;0;0;0
100004;Poggio a Caiano;42;45;55;47;45;51;67;62;62;51;51;55;35;50;48;35;50;47;46;42;43;51;42;56;38;49;51;65;45;47;51;52;53;66;50;56;59;53;70;58;75;79;77;79;92;77;83;96;82;64;75;67;81;71;64;66;62;70;51;62;55;66;53;50;59;74;60;62;65;54;62;46;47;47;43;47;43;48;42;37;34;25;16;18;19;21;20;5;13;12;10;6;7;4;3;1;2;0;2;0;0
100005;Prato;830;850;936;939;947;960;1030;966;1019;1039;1030;1047;917;992;956;952;927;924;900;905;871;880;884;888;947;928;1042;1032;1061;1083;1085;1074;1062;1119;1181;1245;1259;1261;1388;1371;1431;1547;1558;1654;1570;1602;1639;1616;1581;1458;1536;1574;1572;1454;1377;1255;1278;1217;1224;1162;1110;1098;1048;995;977;936;944;1009;1095;1051;1081;852;787;822;742;768;811;840;812;629;638;563;519;498;420;369;368;308;229;213;182;144;113;81;48;59;34;18;7;3;6
100006;Vaiano;40;28;34;39;36;30;40;50;49;51;46;42;45;41;61;39;43;33;26;43;45;36;27;40;33;40;42;39;46;42;42;48;43;42;46;58;63;58;66;73;61;80;80;91;83;79;73;77;81;77;85;81;72;72;71;52;70;66;59;69;77;75;67;65;71;63;71;79;72;85;82;56;48;49;49;45;44;44;62;36;38;25;36;27;23;22;23;20;17;17;15;4;13;6;5;5;0;2;1;0;0
100007;Vernio;12;22;17;19;23;26;31;24;20;21;37;17;25;26;25;22;24;24;28;22;22;21;23;26;26;31;17;26;24;28;28;27;28;26;27;30;28;30;47;35;53;41;48;59;57;41;60;54;53;43;57;54;50;47;53;51;50;42;48;43;46;48;40;41;57;35;43;42;64;32;42;33;25;32;30;26;42;25;34;35;21;22;22;11;19;15;10;15;8;9;9;4;4;2;1;2;1;0;0;0;0
;Totale;1080;1122;1197;1183;1235;1238;1347;1317;1361;1360;1353;1336;1222;1292;1271;1227;1208;1207;1174;1167;1151;1138;1119;1172;1205;1216;1342;1331;1356;1373;1406;1401;1373;1433;1547;1636;1637;1644;1810;1793;1899;2046;2060;2198;2094;2127;2162;2149;2098;1939;2066;2075;2066;1914;1836;1686;1688;1628;1609;1582;1516;1525;1428;1352;1369;1303;1346;1402;1504;1419;1477;1133;1079;1098;1035;1030;1123;1118;1125;870;847;746;701;633;570;483;486;406;312;286;246;181;150;102;66;74;43;21;11;3;6
Territorio/Età;;0;1;2;3;4;5;6;7;8;9;10;11;12;13;14;15;16;17;18;19;20;21;22;23;24;25;26;27;28;29;30;31;32;33;34;35;36;37;38;39;40;41;42;43;44;45;46;47;48;49;50;51;52;53;54;55;56;57;58;59;60;61;62;63;64;65;66;67;68;69;70;71;72;73;74;75;76;77;78;79;80;81;82;83;84;85;86;87;88;89;90;91;92;93;94;95;96;97;98;99;100
Codice comune;Comune;Femmine
100001;Cantagallo;13;9;15;13;8;8;17;8;21;16;17;14;13;16;7;9;19;12;16;13;8;8;12;9;14;4;5;8;16;18;16;10;22;20;17;19;22;19;20;36;26;16;29;38;32;23;15;31;23;23;22;35;15;38;18;25;20;23;23;21;18;22;27;15;22;19;17;17;17;19;23;14;14;15;17;16;18;10;22;12;16;10;12;10;13;14;8;5;8;8;8;9;5;6;10;3;3;3;1;0;0
100002;Carmignano;56;59;60;70;61;65;67;82;75;74;84;85;70;81;76;72;70;66;57;56;67;56;44;49;58;66;55;76;58;75;77;87;93;88;112;95;94;120;117;119;115;149;159;141;141;126;105;134;113;114;136;121;96;134;121;101;82;86;81;97;83;110;95;87;82;71;91;77;74;68;81;68;62;75;55;59;55;60;55;52;44;43;44;43;29;41;29;26;42;27;28;12;21;16;11;8;9;2;0;3;3
100003;Montemurlo;97;74;85;70;83;91;85;86;85;79;106;75;76;76;70;98;87;78;76;71;76;78;79;103;79;75;80;103;96;104;95;126;109;120;121;117;102;122;109;134;133;140;145;116;119;132;144;150;156;149;129;150;143;126;158;149;147;119;115;132;128;133;130;95;97;120;122;130;123;114;130;87;103;98;100;76;95;117;115;93;81;73;78;65;58;63;47;40;42;26;27;28;23;12;8;14;7;6;2;0;4
100004;Poggio a Caiano;35;35;45;40;43;56;44;54;51;36;72;60;45;58;47;40;44;39;38;43;34;41;39;42;44;50;37;52;50;40;48;39;65;54;57;67;62;64;77;82;83;87;76;88;72;78;75;84;74;75;91;67;85;68;78;75;55;66;71;83;58;72;62;73;63;81;69;60;67;86;64;54;51;58;46;43;49;45;58;39;40;29;28;30;38;26;24;30;19;22;17;14;14;12;6;2;3;3;3;0;1
100005;Prato;801;812;803;868;941;894;885;905;973;977;945;916;939;874;892;866;919;835;873;818;808;758;844;856;952;974;923;1033;1056;1082;1155;1139;1156;1103;1233;1215;1296;1289;1395;1365;1573;1567;1532;1664;1520;1648;1541;1604;1611;1625;1597;1603;1619;1483;1429;1390;1395;1287;1305;1252;1254;1230;1178;1101;1158;1032;1089;1231;1180;1209;1238;963;972;993;912;959;1113;1021;1076;912;803;870;716;688;654;610;640;570;551;429;373;342;269;234;137;162;102;49;22;16;44
100006;Vaiano;33;35;28;35;36;33;44;39;37;41;46;49;40;45;35;47;41;41;39;32;36;43;30;36;47;40;40;38;42;44;51;57;48;44;50;53;64;69;66;55;78;68;61;93;101;72;78;83;55;90;79;97;79;75;81;81;67;72;77;68;87;60;59;68;65;82;84;58;88;71;74;63;51;48;62;57;61;53;56;54;43;42;48;32;41;46;44;27;28;30;32;23;15;14;9;6;3;2;1;1;2
100007;Vernio;11;21;19;23;16;25;18;39;24;20;10;27;22;28;21;12;19;24;23;26;18;23;28;16;21;25;32;27;26;22;25;28;20;30;29;30;39;34;30;39;43;44;51;51;50;40;48;42;54;56;46;49;55;64;61;50;41;46;39;36;41;36;40;36;37;37;50;47;45;55;33;39;30;23;24;37;40;37;25;46;27;27;36;25;28;22;26;25;32;19;20;14;8;11;8;6;7;3;0;0;1
;Totale;1046;1045;1055;1119;1188;1172;1160;1213;1266;1243;1280;1226;1205;1178;1148;1144;1199;1095;1122;1059;1047;1007;1076;1111;1215;1234;1172;1337;1344;1385;1467;1486;1513;1459;1619;1596;1679;1717;1814;1830;2051;2071;2053;2191;2035;2119;2006;2128;2086;2132;2100;2122;2092;1988;1946;1871;1807;1699;1711;1689;1669;1663;1591;1475;1524;1442;1522;1620;1594;1622;1643;1288;1283;1310;1216;1247;1431;1343;1407;1208;1054;1094;962;893;861;822;818;723;722;561;505;442;355;305;189;201;134;68;29;20;55

"Ricostruzione della popolazione intercensuaria - Popolazione al 1° gennaio per età"
"Tutte le cittadinanze - Anno: 2018 - Provincia: Prato"
Territorio/Età;;0;1;2;3;4;5;6;7;8;9;10;11;12;13;14;15;16;17;18;19;20;21;22;23;24;25;26;27;28;29;30;31;32;33;34;35;36;37;38;39;40;41;42;43;44;45;46;47;48;49;50;51;52;53;54;55;56;57;58;59;60;61;62;63;64;65;66;67;68;69;70;71;72;73;74;75;76;77;78;79;80;81;82;83;84;85;86;87;88;89;90;91;92;93;94;95;96;97;98;99;100
Codice comune;Comune;Totale
100001;Cantagallo;16;22;20;26;24;21;21;42;26;40;24;36;29;24;29;20;18;32;27;31;26;17;22;26;23;21;22;30;20;20;21;36;25;40;36;33;36;38;39;33;62;55;35;61;77;62;54;52;63;56;58;53;69;46;58;38;44;43;49;47;39;43;46;38;39;43;32;39;34;40;41;38;25;31;28;30;31;38;28;29;31;31;22;24;13;20;18;18;9;12;11;9;10;6;7;8;1;1;2;0;0
100002;Carmignano;132;117;126;122;128;132;133;151;181;168;163;172;166;149;154;167;152;142;139;135;124;140;116;99;112;139;145;116;150;111;142;149;162;169;169;206;201;195;225;224;229;245;300;288;266;269;278;242;266;239;247;266;256;208;255;246;203;185;180;166;202;160;204;181;169;157;153;178;158;149;141;170;114;119;124;120;109;118;102;119;90;75;81;62;66;56;46;38;37;54;34;31;19;18;19;9;10;7;4;1;3
100003;Montemurlo;169;183;167;176;148;194;174;177;183;180;182;198;166;184;177;152;193;164;179;187;165;177;165;163;209;168;183;196;195;218;209;211;254;225;226;254;243;241;248;236;257;259;284;293;275;261;283;282;295;307;287;281;295;301;250;286;281;249;240;233;251;245;256;248;186;206;223;231;231;233;210;231;171;194;185;185;147;186;208;207;157;144;126;137;112;102;92;84;73;60;39;32;28;25;14;12;10;8;4;0;2
100004;Poggio a Caiano;70;78;83;103;85;93;111;114;118;115;94;121;115;83;108;93;74;91;88;87;82;79;96;80;100;83;95;95;122;101;87;102;95;126;120;118;133;124;120;142;147;152;160;153;171;164;155;147;183;153;141;171;138;160;137;144;143;111;133;121;140;112;137;115;124;124;155;129;119;132;140;125;92;98;104;87;87;89;93;98;75;69;53;40;46;55;39;38;32;29;28;26;18;16;15;6;3;3;3;4;1
100005;Prato;1590;1650;1647;1736;1774;1893;1854;1936;1870;1987;2012;1982;1967;1880;1871;1859;1824;1871;1816;1839;1785;1723;1663;1742;1779;1924;1904;2030;2104;2161;2199;2234;2218;2221;2237;2413;2472;2540;2545;2772;2754;2988;3101;3116;3303;3097;3249;3176;3211;3186;3064;3108;3152;3169;2943;2770;2648;2656;2485;2508;2391;2345;2299;2200;2085;2115;1949;2002;2209;2245;2220;2274;1772;1733;1770;1607;1689;1889;1812;1835;1477;1379;1358;1170;1124;1020;889;927;770;683;560;467;417;303;240;139;163;92;46;14;47
100006;Vaiano;70;74;58;57;75;74;65;81;93;85;94;100;87;92;85;97;93;87;77;70;86;88;89;65;81;88;90;92;85;87;97;97;104;92;92;100;113;126;134;137;120;146;152;143;182;189;150;155;162;136;171;174;176;153;146;155;128;136;141;141;143;167;135;127;132;129;142;153;135;161;158;155;116;99;97;113;99;100;96;117;85;81;66;77;54;62;61;67;40;41;43;42;21;23;15;12;6;4;2;3;1
100007;Vernio;40;24;44;33;43;33;52;48;65;45;40;49;45;48;55;45;36;45;51;55;51;44;42;52;42;53;55;51;56;51;56;53;52;51;51;55;63;72;61;74;74;94;89;98;109;100;83;108;98;110;101;103;102;103;111;115;103;91;90;88;78;87;83;80;81;94;73;96;86;107;88;74;72;55;53;52;63;76;59;55;78;49;51;56;33;47;28;33;36;32;23;24;15;9;12;4;8;5;3;0;0
;Totale;2087;2148;2145;2253;2277;2440;2410;2549;2536;2620;2609;2658;2575;2460;2479;2433;2390;2432;2377;2404;2319;2268;2193;2227;2346;2476;2494;2610;2732;2749;2811;2882;2910;2924;2931;3179;3261;3336;3372;3618;3643;3939;4121;4152;4383;4142;4252;4162;4278;4187;4069;4156;4188;4140;3900;3754;3550;3471;3318;3304;3244;3159;3160;2989;2816;2868;2727;2828;2972;3067;2998;3067;2362;2329;2361;2194;2225;2496;2398;2460;1993;1828;1757;1566;1448;1362;1173;1205;997;911;738;631;528;400;322;190;201;120;64;22;54
Territorio/Età;;0;1;2;3;4;5;6;7;8;9;10;11;12;13;14;15;16;17;18;19;20;21;22;23;24;25;26;27;28;29;30;31;32;33;34;35;36;37;38;39;40;41;42;43;44;45;46;47;48;49;50;51;52;53;54;55;56;57;58;59;60;61;62;63;64;65;66;67;68;69;70;71;72;73;74;75;76;77;78;79;80;81;82;83;84;85;86;87;88;89;90;91;92;93;94;95;96;97;98;99;100
Codice comune;Comune;Maschi
100001;Cantagallo;8;10;10;11;10;10;14;23;19;18;11;20;15;11;13;11;9;16;14;16;13;9;13;13;12;7;17;24;12;7;12;16;9;16;15;21;17;17;21;13;21;29;20;32;42;29;31;36;33;28;37;30;33;27;20;19;19;23;25;24;19;22;24;14;24;20;14;23;17;23;21;16;11;17;13;15;15;21;20;8;20;16;13;12;4;8;8;10;4;4;4;1;2;1;0;0;1;0;0;0;0
100002;Carmignano;74;62;70;64;52;73;67;80;98;92;84;84;80;81;68;91;80;73;72;75;68;72;56;57;57;80;73;57;67;55;66;76;74;74;79;101;105;100;107;109;110;129;146;129;125;128;153;135;133;123;128;131;136;109;120;125;106;102;91;84;103;78;91;87;83;73;80;91;80;77;75;91;46;57;50;65;52;64;44;64;39;31;40;20;25;27;10;10;17;16;10;7;6;2;5;0;3;0;1;1;0
100003;Montemurlo;79;83;94;90;78;107;86;88;96;96;97;85;86;106;101;81;93;78;95;107;90;95;88;80;104;85;96;114;97;117;103;116;124;110;105;129;127;127;128;121;126;126;140;140;151;145;151;138;144;144;136;155;140;157;129;126;134;102;119;119;120;120;122;116;91;111;103;108;105;110;96;101;85;93;85;85;71;90;92;93;64;67;56;65;48;45;33;37;32;23;18;11;10;7;4;4;2;1;0;0;0
100004;Poggio a Caiano;30;44;47;56;44;47;53;65;63;64;54;53;57;39;52;48;34;48;46;49;42;46;54;43;57;38;50;57;68;45;48;52;48;57;65;57;59;59;58;69;60;71;78;77;80;94;76;77;99;78;67;77;70;78;71;64;67;58;69;50;58;57;65;55;49;61;74;59;62;65;54;62;43;46;47;43;45;41;48;41;37;31;24;15;16;19;15;16;4;11;11;10;6;6;2;2;1;1;0;1;0
100005;Prato;844;846;839;932;928;956;966;1035;973;1017;1040;1035;1047;931;997;956;954;945;973;956;960;905;899;901;920;962;941;1076;1049;1089;1103;1074;1082;1072;1133;1182;1241;1256;1265;1381;1372;1426;1536;1570;1640;1569;1593;1631;1607;1576;1457;1516;1570;1557;1454;1360;1257;1279;1211;1203;1154;1094;1083;1026;987;966;926;925;999;1077;1028;1048;827;773;800;710;748;793;809;782;602;604;521;486;461;397;333;330;257;194;180;152;118;84;56;31;43;24;10;4;7
100006;Vaiano;36;39;29;31;41;36;32;40;51;47;52;50;41;48;42;62;46;46;37;32;52;53;47;35;42;39;44;50;45;44;48;46;46;44;43;51;62;65;63;67;68;66;83;80;89;89;76;76;79;78;79;87;79;71;72;70;52;69;71;62;70;80;73;67;66;68;63;70;74;72;87;82;52;46;49;53;43;42;45;61;34;37;24;32;26;21;19;23;15;15;14;13;4;11;4;5;3;0;1;1;0
100007;Vernio;21;13;24;14;20;22;25;31;26;21;20;36;18;26;24;24;22;24;25;32;25;26;19;23;26;31;30;20;29;23;32;30;25;29;27;27;28;31;28;46;35;51;43;47;59;50;42;58;54;56;44;56;54;50;47;54;50;49;44;48;43;46;48;40;45;55;36;46;40;63;31;41;35;25;30;28;26;38;23;31;32;21;22;20;10;19;11;8;13;8;5;8;4;3;2;0;2;1;0;0;0
;Totale;1092;1097;1113;1198;1173;1251;1243;1362;1326;1355;1358;1363;1344;1242;1297;1273;1238;1230;1262;1267;1250;1206;1176;1152;1218;1242;1251;1398;1367;1380;1412;1410;1408;1402;1467;1568;1639;1655;1670;1806;1792;1898;2046;2075;2186;2104;2122;2151;2149;2083;1948;2052;2082;2049;1913;1818;1685;1682;1630;1590;1567;1497;1506;1405;1345;1354;1296;1322;1377;1487;1392;1441;1099;1057;1074;999;1000;1089;1081;1080;828;807;700;650;590;536;429;434;342;271;242;202;150;114;73;42;55;27;12;7;7
Territorio/Età;;0;1;2;3;4;5;6;7;8;9;10;11;12;13;14;15;16;17;18;19;20;21;22;23;24;25;26;27;28;29;30;31;32;33;34;35;36;37;38;39;40;41;42;43;44;45;46;47;48;49;50;51;52;53;54;55;56;57;58;59;60;61;62;63;64;65;66;67;68;69;70;71;72;73;74;75;76;77;78;79;80;81;82;83;84;85;86;87;88;89;90;91;92;93;94;95;96;97;98;99;100
Codice comune;Comune;Femmine
100001;Cantagallo;8;12;10;15;14;11;7;19;7;22;13;16;14;13;16;9;9;16;13;15;13;8;9;13;11;14;5;6;8;13;9;20;16;24;21;12;19;21;18;20;41;26;15;29;35;33;23;16;30;28;21;23;36;19;38;19;25;20;24;23;20;21;22;24;15;23;18;16;17;17;20;22;14;14;15;15;16;17;8;21;11;15;9;12;9;12;10;8;5;8;7;8;8;5;7;8;0;1;2;0;0
100002;Carmignano;58;55;56;58;76;59;66;71;83;76;79;88;86;68;86;76;72;69;67;60;56;68;60;42;55;59;72;59;83;56;76;73;88;95;90;105;96;95;118;115;119;116;154;159;141;141;125;107;133;116;119;135;120;99;135;121;97;83;89;82;99;82;113;94;86;84;73;87;78;72;66;79;68;62;74;55;57;54;58;55;51;44;41;42;41;29;36;28;20;38;24;24;13;16;14;9;7;7;3;0;3
100003;Montemurlo;90;100;73;86;70;87;88;89;87;84;85;113;80;78;76;71;100;86;84;80;75;82;77;83;105;83;87;82;98;101;106;95;130;115;121;125;116;114;120;115;131;133;144;153;124;116;132;144;151;163;151;126;155;144;121;160;147;147;121;114;131;125;134;132;95;95;120;123;126;123;114;130;86;101;100;100;76;96;116;114;93;77;70;72;64;57;59;47;41;37;21;21;18;18;10;8;8;7;4;0;2
100004;Poggio a Caiano;40;34;36;47;41;46;58;49;55;51;40;68;58;44;56;45;40;43;42;38;40;33;42;37;43;45;45;38;54;56;39;50;47;69;55;61;74;65;62;73;87;81;82;76;91;70;79;70;84;75;74;94;68;82;66;80;76;53;64;71;82;55;72;60;75;63;81;70;57;67;86;63;49;52;57;44;42;48;45;57;38;38;29;25;30;36;24;22;28;18;17;16;12;10;13;4;2;2;3;3;1
100005;Prato;746;804;808;804;846;937;888;901;897;970;972;947;920;949;874;903;870;926;843;883;825;818;764;841;859;962;963;954;1055;1072;1096;1160;1136;1149;1104;1231;1231;1284;1280;1391;1382;1562;1565;1546;1663;1528;1656;1545;1604;1610;1607;1592;1582;1612;1489;1410;1391;1377;1274;1305;1237;1251;1216;1174;1098;1149;1023;1077;1210;1168;1192;1226;945;960;970;897;941;1096;1003;1053;875;775;837;684;663;623;556;597;513;489;380;315;299;219;184;108;120;68;36;10;40
100006;Vaiano;34;35;29;26;34;38;33;41;42;38;42;50;46;44;43;35;47;41;40;38;34;35;42;30;39;49;46;42;40;43;49;51;58;48;49;49;51;61;71;70;52;80;69;63;93;100;74;79;83;58;92;87;97;82;74;85;76;67;70;79;73;87;62;60;66;61;79;83;61;89;71;73;64;53;48;60;56;58;51;56;51;44;42;45;28;41;42;44;25;26;29;29;17;12;11;7;3;4;1;2;1
100007;Vernio;19;11;20;19;23;11;27;17;39;24;20;13;27;22;31;21;14;21;26;23;26;18;23;29;16;22;25;31;27;28;24;23;27;22;24;28;35;41;33;28;39;43;46;51;50;50;41;50;44;54;57;47;48;53;64;61;53;42;46;40;35;41;35;40;36;39;37;50;46;44;57;33;37;30;23;24;37;38;36;24;46;28;29;36;23;28;17;25;23;24;18;16;11;6;10;4;6;4;3;0;0
;Totale;995;1051;1032;1055;1104;1189;1167;1187;1210;1265;1251;1295;1231;1218;1182;1160;1152;1202;1115;1137;1069;1062;1017;1075;1128;1234;1243;1212;1365;1369;1399;1472;1502;1522;1464;1611;1622;1681;1702;1812;1851;2041;2075;2077;2197;2038;2130;2011;2129;2104;2121;2104;2106;2091;1987;1936;1865;1789;1688;1714;1677;1662;1654;1584;1471;1514;1431;1506;1595;1580;1606;1626;1263;1272;1287;1195;1225;1407;1317;1380;1165;1021;1057;916;858;826;744;771;655;640;496;429;378;286;249;148;146;93;52;15;47

"Ricostruzione della popolazione intercensuaria - Popolazione al 1° gennaio per età"
"Tutte le cittadinanze - Anno: 2019 - Provincia: Prato"
Territorio/Età;;0;1;2;3;4;5;6;7;8;9;10;11;12;13;14;15;16;17;18;19;20;21;22;23;24;25;26;27;28;29;30;31;32;33;34;35;36;37;38;39;40;41;42;43;44;45;46;47;48;49;50;51;52;53;54;55;56;57;58;59;60;61;62;63;64;65;66;67;68;69;70;71;72;73;74;75;76;77;78;79;80;81;82;83;84;85;86;87;88;89;90;91;92;93;94;95;96;97;98;99;100
Codice comune;Comune;Totale
100001;Cantagallo;16;19;18;17;25;20;22;22;39;26;42;24;37;29;21;29;20;18;35;25;29;30;20;22;21;25;25;17;29;21;17;22;36;27;38;31;34;35;37;36;33;56;54;36;60;76;58;53;48;61;58;62;53;68;47;58;37;47;46;49;47;40;43;46;36;37;40;33;39;34;41;42;39;25;27;28;30;29;37;29;28;31;27;23;22;12;19;16;15;9;8;9;8;6;5;7;6;1;2;1;0
100002;Carmignano;110;130;124;132;120;132;126;136;153;183;168;167;173;170;151;161;174;151;138;135;141;123;150;112;104;112;145;142;117;143;113;153;151;169;175;176;221;218;195;224;232;232;251;306;291;270;269;277;237;271;237;250;262;256;207;257;244;200;188;177;164;192;160;201;184;172;153;150;176;156;150;146;171;113;118;117;121;109;116;99;113;86;73;81;56;62;53;44;35;36;44;27;24;18;15;16;6;8;4;3;1
100003;Montemurlo;142;173;175;172;173;146;196;175;184;185;187;184;203;175;185;191;155;195;170;176;195;165;179;166;164;211;176;181;203;196;219;211;218;250;230;224;256;251;241;253;238;271;268;287;297;281;263;290;289;293;312;281;283;296;297;247;284;282;242;238;226;258;242;249;250;184;198;224;227;229;235;204;226;166;189;180;179;145;179;198;204;152;140;119;124;106;94;84;72;65;52;36;27;24;21;13;6;5;3;3;1
100004;Poggio a Caiano;66;72;84;90;108;90;98;111;115;120;116;95;121;121;84;115;95;74;98;93;88;89;80;96;83;108;92;103;96;124;100;92;106;103;123;126;124;135;131;126;149;147;160;164;147;173;171;164;150;179;154;139;172;142;160;139;144;142;113;134;122;140;111;137;115;124;123;155;130;118;129;139;125;90;94;103;87;84;86;90;93;73;66;54;37;40;49;37;31;26;27;23;22;14;16;11;6;2;3;1;4
100005;Prato;1454;1598;1667;1645;1753;1770;1884;1864;1954;1885;2013;2028;2007;1987;1905;1880;1876;1857;1906;1843;1867;1810;1750;1713;1768;1838;1967;1958;2079;2147;2198;2219;2286;2266;2296;2308;2448;2512;2567;2588;2810;2778;3024;3125;3153;3310;3126;3249;3196;3216;3172;3074;3121;3169;3165;2913;2738;2631;2650;2469;2483;2361;2354;2271;2168;2052;2110;1933;1969;2190;2212;2188;2232;1740;1696;1742;1566;1642;1828;1764;1753;1404;1318;1292;1107;1041;935;811;823;682;596;481;394;341;252;183;108;118;65;34;34
100006;Vaiano;63;66;75;68;59;76;76;75;81;92;83;93;100;87;91;84;96;92;93;77;73;83;94;98;64;77;89;92;92;89;101;96;96;106;98;98;100;120;132;135;137;120;146;154;143;175;190;159;156;164;145;169;174;179;159;145;161;128;140;143;141;142;162;137;127;129;126;145;148;135;160;153;155;118;95;95;113;99;97;95;113;84;79;63;73;52;61;56;61;35;39;38;35;19;18;11;8;4;3;1;2
100007;Vernio;36;39;26;45;34;46;38;53;48;67;46;42;49;46;49;57;50;38;46;48;56;46;43;51;54;42;54;53;51;61;51;55;57;52;52;50;59;59;75;63;77;69;98;92;102;112;103;84;107;97;111;101;102;103;103;114;115;105;88;93;90;78;87;82;79;85;94;72;95;88;107;89;69;69;53;53;49;61;75;60;53;74;47;51;54;33;44;28;32;33;27;23;18;11;9;9;3;7;2;3;0
;Totale;1887;2097;2169;2169;2272;2280;2440;2436;2574;2558;2655;2633;2690;2615;2486;2517;2466;2425;2486;2397;2449;2346;2316;2258;2258;2413;2548;2546;2667;2781;2799;2848;2950;2973;3012;3013;3242;3330;3378;3425;3676;3673;4001;4164;4193;4397;4180;4276;4183;4281;4189;4076;4167;4213;4138;3873;3723;3535;3467;3303;3273;3211;3159;3123;2959;2783;2844;2712;2784;2950;3034;2961;3017;2321;2272;2318;2145;2169;2418;2335;2357;1904;1750;1683;1473;1346;1255;1076;1069;886;793;637;528;433;336;250;143;145;82;46;42
Territorio/Età;;0;1;2;3;4;5;6;7;8;9;10;11;12;13;14;15;16;17;18;19;20;21;22;23;24;25;26;27;28;29;30;31;32;33;34;35;36;37;38;39;40;41;42;43;44;45;46;47;48;49;50;51;52;53;54;55;56;57;58;59;60;61;62;63;64;65;66;67;68;69;70;71;72;73;74;75;76;77;78;79;80;81;82;83;84;85;86;87;88;89;90;91;92;93;94;95;96;97;98;99;100
Codice comune;Comune;Maschi
100001;Cantagallo;11;9;9;10;12;9;10;14;21;19;21;11;22;14;10;13;11;9;17;14;15;14;12;13;11;14;9;13;23;13;7;14;16;10;14;12;20;16;18;20;14;18;28;22;30;40;28;30;34;33;29;38;30;34;27;22;18;23;24;26;23;20;22;24;13;22;20;15;23;16;23;21;18;11;15;13;15;13;21;20;10;19;13;13;10;4;8;7;8;4;1;3;1;2;1;0;0;1;0;0;0
100002;Carmignano;64;71;61;72;62;55;71;70;82;102;92;85;84;78;80;69;96;81;73;70;80;68;77;55;60;61;81;75;57;67;54;75;77;80;78;88;105;112;106;107;115;110;129;150;135;128;125;150;133;138;118;129;129;136;106;121;123;100;104;87;83;99;78;91;85;84;71;77;90;80;77;76;92;46;56;49;65;50;63;43;60;37;32;40;20;24;25;9;10;16;13;9;4;5;2;5;0;3;0;0;1
100003;Montemurlo;71;79;79;98;90;75;106;90;94;98;102;96;87;91;106;109;83;95;83;91;114;93;98;89;79;102;91;97;116;99;118;102;121;120;111;102;129;125;126;127;123;134;130;139;143;149;146;155;146;141;145;135;154;144;152;129;124;135;101;119;114;125;122;119;117;91;106;106;106;105;111;92;98;83;89;82;80;69;83;86;94;61;68;50;57;44;41;30;32;29;22;15;9;8;5;3;1;1;0;0;0
100004;Poggio a Caiano;32;32;48;52;58;46;49;53;63;62;63;54;54;62;40;55;48;36;49;49;50;47;45;54;45;61;41;52;60;68;42;49;59;47;56;66;60;60;63;62;72;61;78;78;75;83;104;80;75;98;80;65;77;70;80;71;64;69;59;68;50;61;56;65;57;49;58;73;60;62;63;55;60;43;42;46;42;43;38;46;36;34;28;25;13;13;15;13;14;4;9;9;7;5;6;1;2;0;1;0;1
100005;Prato;748;850;860;832;935;930;950;968;1045;990;1039;1044;1046;1057;946;999;959;975;974;985;967;966;916;917;914;948;984;974;1104;1068;1107;1107;1084;1111;1111;1171;1200;1268;1280;1278;1407;1386;1444;1549;1592;1641;1586;1590;1646;1612;1567;1461;1526;1568;1551;1440;1341;1241;1270;1191;1186;1134;1102;1067;1008;968;964;914;902;987;1058;1008;1032;815;753;782;680;720;764;784;735;570;566;487;455;423;357;304;286;219;169;156;119;96;70;40;26;27;11;5;4
100006;Vaiano;40;35;40;36;32;41;38;37;41;48;44;51;51;42;50;42;62;45;49;36;34;50;55;53;32;42;36;45;50;47;54;45;47;49;49;46;53;67;66;63;71;69;67;82;80;85;90;80;74;80;81;81;88;81;75;71;76;53;72;69;62;69;77;74;69;64;63;64;68;74;72;85;81;51;40;47;52;44;42;43;58;33;35;22;30;26;21;17;21;13;15;10;12;4;6;3;2;2;0;1;1
100007;Vernio;9;21;12;23;17;20;24;25;30;27;23;21;36;19;27;25;26;22;26;22;29;22;21;25;24;25;30;31;19;31;24;29;31;23;28;22;31;27;33;29;45;33;53;46;49;62;55;41;61;52;58;43;56;55;52;48;56;52;48;49;47;43;46;46;39;49;54;36;46;41;62;34;37;33;24;30;26;24;37;23;30;31;21;22;19;10;17;11;9;10;5;6;6;3;3;2;0;1;0;0;0
;Totale;975;1097;1109;1123;1206;1176;1248;1257;1376;1346;1384;1362;1380;1363;1259;1312;1285;1263;1271;1267;1289;1260;1224;1206;1165;1253;1272;1287;1429;1393;1406;1421;1435;1440;1447;1507;1598;1675;1692;1686;1847;1811;1929;2066;2104;2188;2134;2126;2169;2154;2078;1952;2060;2088;2043;1902;1802;1673;1678;1609;1565;1551;1503;1486;1388;1327;1336;1285;1295;1365;1466;1371;1418;1082;1019;1049;960;963;1048;1045;1023;785;763;659;604;544;484;391;380;295;234;208;158;123;93;54;31;35;12;6;7
Territorio/Età;;0;1;2;3;4;5;6;7;8;9;10;11;12;13;14;15;16;17;18;19;20;21;22;23;24;25;26;27;28;29;30;31;32;33;34;35;36;37;38;39;40;41;42;43;44;45;46;47;48;49;50;51;52;53;54;55;56;57;58;59;60;61;62;63;64;65;66;67;68;69;70;71;72;73;74;75;76;77;78;79;80;81;82;83;84;85;86;87;88;89;90;91;92;93;94;95;96;97;98;99;100
Codice comune;Comune;Femmine
100001;Cantagallo;5;10;9;7;13;11;12;8;18;7;21;13;15;15;11;16;9;9;18;11;14;16;8;9;10;11;16;4;6;8;10;8;20;17;24;19;14;19;19;16;19;38;26;14;30;36;30;23;14;28;29;24;23;34;20;36;19;24;22;23;24;20;21;22;23;15;20;18;16;18;18;21;21;14;12;15;15;16;16;9;18;12;14;10;12;8;11;9;7;5;7;6;7;4;4;7;6;0;2;1;0
100002;Carmignano;46;59;63;60;58;77;55;66;71;81;76;82;89;92;71;92;78;70;65;65;61;55;73;57;44;51;64;67;60;76;59;78;74;89;97;88;116;106;89;117;117;122;122;156;156;142;144;127;104;133;119;121;133;120;101;136;121;100;84;90;81;93;82;110;99;88;82;73;86;76;73;70;79;67;62;68;56;59;53;56;53;49;41;41;36;38;28;35;25;20;31;18;20;13;13;11;6;5;4;3;0
100003;Montemurlo;71;94;96;74;83;71;90;85;90;87;85;88;116;84;79;82;72;100;87;85;81;72;81;77;85;109;85;84;87;97;101;109;97;130;119;122;127;126;115;126;115;137;138;148;154;132;117;135;143;152;167;146;129;152;145;118;160;147;141;119;112;133;120;130;133;93;92;118;121;124;124;112;128;83;100;98;99;76;96;112;110;91;72;69;67;62;53;54;40;36;30;21;18;16;16;10;5;4;3;3;1
100004;Poggio a Caiano;34;40;36;38;50;44;49;58;52;58;53;41;67;59;44;60;47;38;49;44;38;42;35;42;38;47;51;51;36;56;58;43;47;56;67;60;64;75;68;64;77;86;82;86;72;90;67;84;75;81;74;74;95;72;80;68;80;73;54;66;72;79;55;72;58;75;65;82;70;56;66;84;65;47;52;57;45;41;48;44;57;39;38;29;24;27;34;24;17;22;18;14;15;9;10;10;4;2;2;1;3
100005;Prato;706;748;807;813;818;840;934;896;909;895;974;984;961;930;959;881;917;882;932;858;900;844;834;796;854;890;983;984;975;1079;1091;1112;1202;1155;1185;1137;1248;1244;1287;1310;1403;1392;1580;1576;1561;1669;1540;1659;1550;1604;1605;1613;1595;1601;1614;1473;1397;1390;1380;1278;1297;1227;1252;1204;1160;1084;1146;1019;1067;1203;1154;1180;1200;925;943;960;886;922;1064;980;1018;834;752;805;652;618;578;507;537;463;427;325;275;245;182;143;82;91;54;29;30
100006;Vaiano;23;31;35;32;27;35;38;38;40;44;39;42;49;45;41;42;34;47;44;41;39;33;39;45;32;35;53;47;42;42;47;51;49;57;49;52;47;53;66;72;66;51;79;72;63;90;100;79;82;84;64;88;86;98;84;74;85;75;68;74;79;73;85;63;58;65;63;81;80;61;88;68;74;67;55;48;61;55;55;52;55;51;44;41;43;26;40;39;40;22;24;28;23;15;12;8;6;2;3;0;1
100007;Vernio;27;18;14;22;17;26;14;28;18;40;23;21;13;27;22;32;24;16;20;26;27;24;22;26;30;17;24;22;32;30;27;26;26;29;24;28;28;32;42;34;32;36;45;46;53;50;48;43;46;45;53;58;46;48;51;66;59;53;40;44;43;35;41;36;40;36;40;36;49;47;45;55;32;36;29;23;23;37;38;37;23;43;26;29;35;23;27;17;23;23;22;17;12;8;6;7;3;6;2;3;0
;Totale;912;1000;1060;1046;1066;1104;1192;1179;1198;1212;1271;1271;1310;1252;1227;1205;1181;1162;1215;1130;1160;1086;1092;1052;1093;1160;1276;1259;1238;1388;1393;1427;1515;1533;1565;1506;1644;1655;1686;1739;1829;1862;2072;2098;2089;2209;2046;2150;2014;2127;2111;2124;2107;2125;2095;1971;1921;1862;1789;1694;1708;1660;1656;1637;1571;1456;1508;1427;1489;1585;1568;1590;1599;1239;1253;1269;1185;1206;1370;1290;1334;1119;987;1024;869;802;771;685;689;591;559;429;370;310;243;196;112;110;70;40;35

"Ricostruzione della popolazione intercensuaria - Popolazione al 1° gennaio per età"
"Cittadinanza italiana - Anno: 2002 - Provincia: Prato"
Territorio/Età;;0;1;2;3;4;5;6;7;8;9;10;11;12;13;14;15;16;17;18;19;20;21;22;23;24;25;26;27;28;29;30;31;32;33;34;35;36;37;38;39;40;41;42;43;44;45;46;47;48;49;50;51;52;53;54;55;56;57;58;59;60;61;62;63;64;65;66;67;68;69;70;71;72;73;74;75;76;77;78;79;80;81;82;83;84;85;86;87;88;89;90;91;92;93;94;95;96;97;98;99;100
Codice comune;Comune;Totale
100001;Cantagallo;16;26;18;31;17;17;20;16;22;16;22;21;11;20;21;27;16;24;23;17;27;22;23;17;33;34;22;48;46;40;45;36;47;54;52;43;64;42;47;37;25;38;34;32;31;36;32;34;34;39;36;37;37;37;47;42;25;34;32;35;42;42;31;44;37;39;34;33;30;40;40;37;30;44;34;31;26;26;27;30;34;19;16;14;9;8;14;15;11;9;5;5;4;4;2;1;0;0;3;0;0
100002;Carmignano;136;127;122;124;106;113;84;82;92;125;105;87;96;85;98;110;103;105;97;119;107;102;119;109;124;131;173;178;200;181;213;195;239;199;219;235;241;181;228;214;179;176;180;153;163;146;195;167;157;139;145;170;157;163;137;163;119;137;125;131;125;134;126;152;121;101;120;105;122;105;94;79;83;113;93;94;88;87;93;77;94;86;48;22;29;32;42;44;34;23;13;21;10;9;5;4;3;3;0;0;2
100003;Montemurlo;150;135;141;137;136;143;136;122;165;139;144;162;146;174;161;176;174;174;195;189;231;192;230;224;240;226;285;237;228;241;251;252;279;263;247;270;272;265;280;259;295;259;234;231;253;254;276;281;196;232;246;250;263;245;246;268;195;210;224;211;190;239;248;240;211;199;160;203;162;160;179;163;168;142;124;124;125;109;88;72;77;72;40;31;22;35;53;52;38;37;24;19;13;13;4;5;7;0;2;3;3
100004;Poggio a Caiano;57;74;78;61;59;55;76;70;86;71;86;75;91;74;71;88;63;102;93;88;100;104;103;102;101;115;140;123;137;134;135;122;141;126;105;142;121;135;125;140;133;112;134;114;133;124;138;117;122;135;155;133;122;143;144;123;123;115;119;102;104;118;109;106;84;90;82;62;74;72;81;77;68;66;78;67;68;85;58;63;50;42;28;26;23;21;21;39;20;20;14;21;7;10;3;7;4;2;1;1;0
100005;Prato;1333;1375;1336;1350;1297;1319;1269;1283;1316;1413;1351;1391;1403;1399;1371;1490;1500;1447;1444;1536;1622;1740;1729;1915;1942;2107;2282;2384;2560;2470;2620;2576;2590;2589;2689;2735;2787;2826;2628;2494;2538;2513;2353;2380;2371;2263;2286;2184;2187;2234;2089;2198;2450;2521;2477;2543;2029;2020;2070;1955;2053;2265;2244;2336;1951;1865;1958;1832;1739;1760;1699;1832;1665;1664;1578;1548;1485;1444;1370;1242;1404;1183;745;461;436;539;586;540;495;456;329;278;195;157;103;93;56;31;23;21;17
100006;Vaiano;72;66;73;57;61;70;61;55;58;69;72;70;76;71;62;75;93;86;71;72;78;98;90;101;106;103;104;113;135;124;114;130;126;126;131;147;157;145;127;144;121;106;118;127;136;159;135;115;127;129;134;143;132;153;143;140;125;104;110;117;111;122;121;125;101;103;97;105;84;94;110;122;99;85;95;111;99;89;79;72;77;68;49;26;25;34;48;42;39;27;26;13;12;9;10;3;4;3;3;0;1
100007;Vernio;24;29;39;37;31;32;31;40;33;34;39;48;44;48;37;35;43;34;38;42;45;52;49;56;46;67;74;70;71;76;62;84;79;77;87;68;70;85;91;94;88;74;74;86;66;74;73;60;66;78;69;94;80;103;79;72;72;58;57;59;72;84;68;65;84;68;57;74;57;63;64;75;78;77;84;67;74;71;64;55;72;47;36;26;13;18;41;24;14;18;17;16;11;4;7;6;5;4;0;1;1
;Totale;1788;1832;1807;1797;1707;1749;1677;1668;1772;1867;1819;1854;1867;1871;1821;2001;1992;1972;1961;2063;2210;2310;2343;2524;2592;2783;3080;3153;3377;3266;3440;3395;3501;3434;3530;3640;3712;3679;3526;3382;3379;3278;3127;3123;3153;3056;3135;2958;2889;2986;2874;3025;3241;3365;3273;3351;2688;2678;2737;2610;2697;3004;2947;3068;2589;2465;2508;2414;2268;2294;2267;2385;2191;2191;2086;2042;1965;1911;1779;1611;1808;1517;962;606;557;687;805;756;651;590;428;373;252;206;134;119;79;43;32;26;24
Territorio/Età;;0;1;2;3;4;5;6;7;8;9;10;11;12;13;14;15;16;17;18;19;20;21;22;23;24;25;26;27;28;29;30;31;32;33;34;35;36;37;38;39;40;41;42;43;44;45;46;47;48;49;50;51;52;53;54;55;56;57;58;59;60;61;62;63;64;65;66;67;68;69;70;71;72;73;74;75;76;77;78;79;80;81;82;83;84;85;86;87;88;89;90;91;92;93;94;95;96;97;98;99;100
Codice comune;Comune;Maschi
100001;Cantagallo;6;14;7;14;9;7;12;11;12;7;17;17;7;4;9;11;7;12;8;9;13;8;17;7;15;15;12;27;25;18;21;21;21;28;34;23;26;25;20;21;14;21;22;17;18;22;20;11;19;19;16;21;19;19;27;17;13;18;17;16;25;22;19;21;21;18;19;15;13;15;20;22;16;23;19;14;13;10;4;10;21;5;3;6;1;3;6;4;6;2;2;2;0;0;1;0;0;0;1;0;0
100002;Carmignano;68;58;63;65;48;55;43;46;48;70;61;43;40;42;56;57;50;47;48;58;55;48;63;58;57;67;102;81;82;85;111;104;132;105;105;125;133;84;117;116;91;97;94;78;81;83;92;82;87;61;75;85;81;93;75;90;51;67;56;73;61;79;60;78;56;47;61;48;69;56;33;33;48;47;42;39;44;39;35;31;34;31;18;8;14;14;18;14;10;8;3;6;0;2;0;0;1;1;0;0;1
100003;Montemurlo;72;65;72;70;76;78;74;57;77;67;77;91;70;96;80;97;84;87;100;88;120;98;119;131;120;121;145;117;125;132;115;124;134;125;128;145;132;133;156;113;143;112;114;114;133;118;133;125;108;128;109;127;135;123;118;128;99;107;106;104;96;127;125;120;98;102;80;116;86;70;87;81;86;61;67;67;52;45;42;27;27;26;12;11;5;15;20;14;13;12;7;4;0;2;1;2;2;0;0;0;1
100004;Poggio a Caiano;28;39;43;35;32;33;37;39;46;38;43;45;40;28;41;50;32;54;42;50;49;52;53;47;56;61;71;59;68;78;68;68;72;66;52;67;65;67;63;71;60;57;67;53;60;58;67;59;48;70;83;68;68;70;65;68;62;59;56;57;54;57;56;50;46;48;37;28;34;29;42;32;25;31;38;27;29;33;22;23;22;16;11;10;7;6;4;13;2;8;3;5;3;1;0;2;0;1;0;0;0
100005;Prato;708;681;690;673;680;686;685;657;670;694;665;755;695;710;719;730;781;717;759;787;851;900;863;995;987;1059;1156;1244;1312;1253;1329;1335;1304;1300;1339;1396;1425;1392;1327;1254;1251;1252;1224;1161;1182;1084;1107;1053;1081;1060;1049;1064;1171;1278;1201;1254;1007;949;993;932;982;1026;1101;1124;910;901;904;894;826;797;770;820;749;726;705;640;643;614;569;487;547;421;286;162;161;191;195;190;149;121;94;73;54;34;24;18;7;8;3;3;4
100006;Vaiano;29;32;36;29;30;33;31;25;35;31;40;39;42;34;32;37;55;44;37;34;42;54;43;59;58;52;53;68;63;56;57;69;57;77;62;76;77;76;61;70;54;51;57;54;63;74;76;64;66;69;58;66;77;74;81;71;57;52;61;54;49;62;66;69;51;55;46;45;38;47;47;54;49;36;35;47;45;41;36;29;36;25;22;7;9;9;17;14;13;8;4;1;5;1;2;0;2;1;0;0;1
100007;Vernio;16;20;17;18;15;16;14;17;20;19;24;20;23;22;20;16;18;17;15;23;25;23;23;34;19;36;29;37;33;43;40;49;41;37;43;42;33;46;39;45;37;43;39;48;37;38;41;33;32;47;30;44;37;56;36;40;36;28;34;32;31;42;36;39;37;35;27;29;23;28;29;26;34;27;39;26;25;32;27;19;31;17;10;4;4;7;16;11;9;4;3;2;2;0;2;1;0;0;0;1;0
;Totale;927;909;928;904;890;908;896;852;908;926;927;1010;917;936;957;998;1027;978;1009;1049;1155;1183;1181;1331;1312;1411;1568;1633;1708;1665;1741;1770;1761;1738;1763;1874;1891;1823;1783;1690;1650;1633;1617;1525;1574;1477;1536;1427;1441;1454;1420;1475;1588;1713;1603;1668;1325;1280;1323;1268;1298;1415;1463;1501;1219;1206;1174;1175;1089;1042;1028;1068;1007;951;945;860;851;814;735;626;718;541;362;208;201;245;276;260;202;163;116;93;64;40;30;23;12;11;4;4;7
Territorio/Età;;0;1;2;3;4;5;6;7;8;9;10;11;12;13;14;15;16;17;18;19;20;21;22;23;24;25;26;27;28;29;30;31;32;33;34;35;36;37;38;39;40;41;42;43;44;45;46;47;48;49;50;51;52;53;54;55;56;57;58;59;60;61;62;63;64;65;66;67;68;69;70;71;72;73;74;75;76;77;78;79;80;81;82;83;84;85;86;87;88;89;90;91;92;93;94;95;96;97;98;99;100
Codice comune;Comune;Femmine
100001;Cantagallo;10;12;11;17;8;10;8;5;10;9;5;4;4;16;12;16;9;12;15;8;14;14;6;10;18;19;10;21;21;22;24;15;26;26;18;20;38;17;27;16;11;17;12;15;13;14;12;23;15;20;20;16;18;18;20;25;12;16;15;19;17;20;12;23;16;21;15;18;17;25;20;15;14;21;15;17;13;16;23;20;13;14;13;8;8;5;8;11;5;7;3;3;4;4;1;1;0;0;2;0;0
100002;Carmignano;68;69;59;59;58;58;41;36;44;55;44;44;56;43;42;53;53;58;49;61;52;54;56;51;67;64;71;97;118;96;102;91;107;94;114;110;108;97;111;98;88;79;86;75;82;63;103;85;70;78;70;85;76;70;62;73;68;70;69;58;64;55;66;74;65;54;59;57;53;49;61;46;35;66;51;55;44;48;58;46;60;55;30;14;15;18;24;30;24;15;10;15;10;7;5;4;2;2;0;0;1
100003;Montemurlo;78;70;69;67;60;65;62;65;88;72;67;71;76;78;81;79;90;87;95;101;111;94;111;93;120;105;140;120;103;109;136;128;145;138;119;125;140;132;124;146;152;147;120;117;120;136;143;156;88;104;137;123;128;122;128;140;96;103;118;107;94;112;123;120;113;97;80;87;76;90;92;82;82;81;57;57;73;64;46;45;50;46;28;20;17;20;33;38;25;25;17;15;13;11;3;3;5;0;2;3;2
100004;Poggio a Caiano;29;35;35;26;27;22;39;31;40;33;43;30;51;46;30;38;31;48;51;38;51;52;50;55;45;54;69;64;69;56;67;54;69;60;53;75;56;68;62;69;73;55;67;61;73;66;71;58;74;65;72;65;54;73;79;55;61;56;63;45;50;61;53;56;38;42;45;34;40;43;39;45;43;35;40;40;39;52;36;40;28;26;17;16;16;15;17;26;18;12;11;16;4;9;3;5;4;1;1;1;0
100005;Prato;625;694;646;677;617;633;584;626;646;719;686;636;708;689;652;760;719;730;685;749;771;840;866;920;955;1048;1126;1140;1248;1217;1291;1241;1286;1289;1350;1339;1362;1434;1301;1240;1287;1261;1129;1219;1189;1179;1179;1131;1106;1174;1040;1134;1279;1243;1276;1289;1022;1071;1077;1023;1071;1239;1143;1212;1041;964;1054;938;913;963;929;1012;916;938;873;908;842;830;801;755;857;762;459;299;275;348;391;350;346;335;235;205;141;123;79;75;49;23;20;18;13
100006;Vaiano;43;34;37;28;31;37;30;30;23;38;32;31;34;37;30;38;38;42;34;38;36;44;47;42;48;51;51;45;72;68;57;61;69;49;69;71;80;69;66;74;67;55;61;73;73;85;59;51;61;60;76;77;55;79;62;69;68;52;49;63;62;60;55;56;50;48;51;60;46;47;63;68;50;49;60;64;54;48;43;43;41;43;27;19;16;25;31;28;26;19;22;12;7;8;8;3;2;2;3;0;0
100007;Vernio;8;9;22;19;16;16;17;23;13;15;15;28;21;26;17;19;25;17;23;19;20;29;26;22;27;31;45;33;38;33;22;35;38;40;44;26;37;39;52;49;51;31;35;38;29;36;32;27;34;31;39;50;43;47;43;32;36;30;23;27;41;42;32;26;47;33;30;45;34;35;35;49;44;50;45;41;49;39;37;36;41;30;26;22;9;11;25;13;5;14;14;14;9;4;5;5;5;4;0;0;1
;Totale;861;923;879;893;817;841;781;816;864;941;892;844;950;935;864;1003;965;994;952;1014;1055;1127;1162;1193;1280;1372;1512;1520;1669;1601;1699;1625;1740;1696;1767;1766;1821;1856;1743;1692;1729;1645;1510;1598;1579;1579;1599;1531;1448;1532;1454;1550;1653;1652;1670;1683;1363;1398;1414;1342;1399;1589;1484;1567;1370;1259;1334;1239;1179;1252;1239;1317;1184;1240;1141;1182;1114;1097;1044;985;1090;976;600;398;356;442;529;496;449;427;312;280;188;166;104;96;67;32;28;22;17

"Ricostruzione della popolazione intercensuaria - Popolazione al 1° gennaio per età"
"Cittadinanza italiana - Anno: 2003 - Provincia: Prato"
Territorio/Età;;0;1;2;3;4;5;6;7;8;9;10;11;12;13;14;15;16;17;18;19;20;21;22;23;24;25;26;27;28;29;30;31;32;33;34;35;36;37;38;39;40;41;42;43;44;45;46;47;48;49;50;51;52;53;54;55;56;57;58;59;60;61;62;63;64;65;66;67;68;69;70;71;72;73;74;75;76;77;78;79;80;81;82;83;84;85;86;87;88;89;90;91;92;93;94;95;96;97;98;99;100
Codice comune;Comune;Totale
100001;Cantagallo;21;16;23;23;32;18;17;20;18;18;19;21;21;11;20;20;28;16;20;24;18;25;23;27;18;34;37;18;48;51;44;49;34;47;53;55;45;68;41;47;35;29;35;34;33;30;37;32;35;34;39;36;40;37;36;46;42;26;35;35;35;40;42;32;44;37;40;34;32;30;38;40;39;31;42;35;28;26;25;24;30;33;17;15;9;9;9;12;13;9;9;5;4;4;4;1;1;0;0;1;0
100002;Carmignano;152;139;131;123;129;109;117;85;80;94;131;104;90;105;86;103;111;104;104;98;127;111;107;125;116;129;133;173;189;203;199;215;207;237;210;222;243;242;181;233;214;183;184;180;155;165;147;194;171;160;140;147;169;154;165;140;165;120;137;131;138;126;135;128;154;123;101;123;104;124;103;91;80;81;113;92;92;83;87;87;75;90;86;42;23;28;29;36;40;30;16;11;18;9;7;3;2;1;2;0;1
100003;Montemurlo;128;153;131;143;133;137;147;136;120;164;142;144;166;147;176;160;176;174;177;192;187;226;192;233;229;238;215;282;237;243;228;251;252;273;265;247;273;267;267;270;263;293;257;230;235;255;261;275;276;198;233;243;252;262;245;243;268;196;211;226;205;189;239;246;246;212;197;158;203;162;159;178;163;168;141;121;121;119;104;82;70;74;66;36;31;19;36;46;46;35;30;21;16;8;11;0;4;2;0;1;1
100004;Poggio a Caiano;73;60;73;79;62;60;56;79;70;85;70;87;75;93;75;72;85;66;100;92;86;99;104;109;101;103;121;139;124;136;137;136;112;139;125;111;148;127;138;123;150;135;112;129;115;133;122;134;113;121;136;154;136;121;141;145;125;124;118;118;102;102;113;108;103;85;93;82;65;73;73;83;79;68;65;74;66;65;81;57;60;49;41;26;25;23;21;20;37;18;19;13;19;7;8;3;5;4;1;1;1
100005;Prato;1355;1347;1403;1344;1343;1308;1312;1271;1293;1318;1424;1343;1386;1406;1403;1376;1486;1494;1438;1446;1531;1629;1750;1736;1935;1948;2127;2321;2394;2562;2490;2655;2620;2598;2628;2706;2734;2780;2820;2618;2495;2538;2507;2352;2383;2364;2263;2275;2189;2190;2234;2080;2187;2453;2506;2475;2526;2020;2010;2045;1950;2018;2255;2218;2306;1933;1845;1939;1813;1711;1737;1669;1799;1639;1632;1553;1511;1445;1390;1320;1177;1344;1121;692;436;395;485;533;483;428;398;283;225;167;123;82;73;35;19;18;29
100006;Vaiano;78;71;65;72;57;66;69;64;55;57;67;73;70;75;75;64;72;95;84;71;70;75;103;87;97;109;104;100;114;136;129;108;130;128;126;135;146;156;155;133;145;120;104;116;126;134;161;135;112;125;132;139;146;144;157;151;139;131;105;113;116;114;122;119;127;97;104;94;103;83;93;109;122;96;84;96;106;96;85;69;68;72;66;45;21;22;30;39;38;34;21;19;12;9;7;6;2;4;3;1;0
100007;Vernio;38;24;31;41;37;31;32;33;43;36;35;39;48;46;44;38;36;47;37;40;40;46;54;47;58;47;62;82;73;75;74;57;85;77;76;87;77;72;93;93;95;88;75;75;84;68;80;73;59;64;80;68;95;79;104;79;72;71;56;58;59;74;86;69;65;88;64;60;73;60;61;63;77;74;74;80;62;70;69;62;51;69;43;35;27;13;19;36;21;15;15;12;12;9;3;5;4;5;4;0;1
;Totale;1845;1810;1857;1825;1793;1729;1750;1688;1679;1772;1888;1811;1856;1883;1879;1833;1994;1996;1960;1963;2059;2211;2333;2364;2554;2608;2799;3115;3179;3406;3301;3471;3440;3499;3483;3563;3666;3712;3695;3517;3397;3386;3274;3116;3131;3149;3071;3118;2955;2892;2994;2867;3025;3250;3354;3279;3337;2688;2672;2726;2605;2663;2992;2920;3045;2575;2444;2490;2393;2243;2264;2233;2359;2157;2151;2051;1986;1904;1841;1701;1531;1731;1440;891;572;509;629;722;678;569;508;364;306;213;163;100;91;51;29;22;33
Territorio/Età;;0;1;2;3;4;5;6;7;8;9;10;11;12;13;14;15;16;17;18;19;20;21;22;23;24;25;26;27;28;29;30;31;32;33;34;35;36;37;38;39;40;41;42;43;44;45;46;47;48;49;50;51;52;53;54;55;56;57;58;59;60;61;62;63;64;65;66;67;68;69;70;71;72;73;74;75;76;77;78;79;80;81;82;83;84;85;86;87;88;89;90;91;92;93;94;95;96;97;98;99;100
Codice comune;Comune;Maschi
100001;Cantagallo;10;6;13;10;14;10;8;11;11;9;10;17;17;8;4;8;13;6;11;9;10;11;6;18;7;15;16;8;27;27;19;25;22;21;30;37;23;28;25;19;21;15;20;23;18;18;23;21;10;19;19;17;23;20;19;27;17;13;18;18;16;23;22;20;21;20;18;19;14;13;15;20;22;16;21;19;13;14;11;2;10;21;3;3;1;1;3;5;4;5;2;2;2;0;0;1;0;0;0;0;0
100002;Carmignano;78;70;62;64;69;51;54;44;45;49;72;58;45;45;42;59;56;51;49;49;60;57;51;67;60;60;68;101;86;82;93;114;112;132;108;109;125;133;83;115;116;96;104;94;78;83;82;92;83;88;62;77;87;80;92;78;90;51;65;58;76;63;81;60;79;58;46;60;48;68;57;32;34;47;48;42;35;41;38;35;29;31;29;17;8;13;10;15;13;8;4;1;6;0;1;0;0;1;1;0;1
100003;Montemurlo;73;69;62;72;69;78;81;75;57;75;70;77;94;70;95;78;97;85;89;99;88;116;98;119;133;118;118;146;114;133;125;118;120;129;128;127;152;126;135;151;111;142;111;113;117;133;122;134;125;107;129;111;129;135;123;118;127;98;106;106;99;94;128;124;122;100;100;77;115;85;69;83;83;87;63;63;64;48;44;37;25;24;24;10;11;5;14;18;11;11;10;5;4;0;1;0;0;0;0;0;1
100004;Poggio a Caiano;35;29;40;41;36;32;32;36;39;45;37;44;44;42;28;42;48;33;53;42;49;48;51;53;44;56;62;72;60;67;81;68;61;73;65;54;69;67;67;62;78;62;58;63;54;58;57;64;57;47;71;80;68;67;67;65;68;63;61;54;57;53;55;55;50;45;49;37;29;31;28;43;32;24;30;37;28;27;33;23;23;21;15;8;9;6;5;4;11;2;8;3;5;3;1;0;2;0;1;0;0
100005;Prato;693;713;699;696;671;688;676;687;659;677;701;662;751;695;714;724;727;775;710;759;789;852;906;866;1008;983;1072;1168;1248;1318;1257;1353;1353;1314;1329;1352;1388;1419;1386;1312;1247;1245;1257;1224;1165;1176;1082;1105;1057;1076;1055;1043;1061;1174;1275;1198;1240;1002;947;979;926;964;1018;1080;1108;894;891;889;873;811;785;744;798;731;706;687;613;612;583;532;449;519;386;262;148;136;163;177;164;126;94;70;55;40;28;18;15;4;6;3;6
100006;Vaiano;46;30;33;37;29;32;32;33;25;35;29;41;39;43;37;34;34;57;41;37;34;43;57;41;59;60;53;51;66;63;58;54;70;60;75;64;74;75;81;66;73;52;50;57;53;60;74;75;62;64;71;60;67;84;76;85;73;62;52;63;55;50;61;65;72;49;56;43;45;36;47;46;54;46;34;36;46;42;38;29;26;33;23;21;5;7;8;13;13;11;8;3;1;3;1;1;0;2;1;0;0
100007;Vernio;19;14;21;16;19;14;16;14;19;21;18;24;20;23;20;21;17;19;19;16;22;27;23;24;37;18;35;35;40;35;43;36;49;42;33;43;46;37;49;40;44;36;44;37;46;38;41;41;31;33;48;30;43;36;56;36;39;36;27;33;33;32;43;37;39;41;32;28;28;24;27;29;28;32;24;36;23;24;33;28;15;29;15;10;4;4;7;14;11;9;2;1;2;2;0;2;0;0;0;0;0
;Totale;954;931;930;936;907;905;899;900;855;911;937;923;1010;926;940;966;992;1026;972;1011;1052;1154;1192;1188;1348;1310;1424;1581;1641;1725;1676;1768;1787;1771;1768;1786;1877;1885;1826;1765;1690;1648;1644;1611;1531;1566;1481;1532;1425;1434;1455;1418;1478;1596;1708;1607;1654;1325;1276;1311;1262;1279;1408;1441;1491;1207;1192;1153;1152;1068;1028;997;1051;983;926;920;822;808;780;686;577;678;495;331;186;172;210;246;227;172;128;85;75;48;32;22;17;7;9;3;8
Territorio/Età;;0;1;2;3;4;5;6;7;8;9;10;11;12;13;14;15;16;17;18;19;20;21;22;23;24;25;26;27;28;29;30;31;32;33;34;35;36;37;38;39;40;41;42;43;44;45;46;47;48;49;50;51;52;53;54;55;56;57;58;59;60;61;62;63;64;65;66;67;68;69;70;71;72;73;74;75;76;77;78;79;80;81;82;83;84;85;86;87;88;89;90;91;92;93;94;95;96;97;98;99;100
Codice comune;Comune;Femmine
100001;Cantagallo;11;10;10;13;18;8;9;9;7;9;9;4;4;3;16;12;15;10;9;15;8;14;17;9;11;19;21;10;21;24;25;24;12;26;23;18;22;40;16;28;14;14;15;11;15;12;14;11;25;15;20;19;17;17;17;19;25;13;17;17;19;17;20;12;23;17;22;15;18;17;23;20;17;15;21;16;15;12;14;22;20;12;14;12;8;8;6;7;9;4;7;3;2;4;4;0;1;0;0;1;0
100002;Carmignano;74;69;69;59;60;58;63;41;35;45;59;46;45;60;44;44;55;53;55;49;67;54;56;58;56;69;65;72;103;121;106;101;95;105;102;113;118;109;98;118;98;87;80;86;77;82;65;102;88;72;78;70;82;74;73;62;75;69;72;73;62;63;54;68;75;65;55;63;56;56;46;59;46;34;65;50;57;42;49;52;46;59;57;25;15;15;19;21;27;22;12;10;12;9;6;3;2;0;1;0;0
100003;Montemurlo;55;84;69;71;64;59;66;61;63;89;72;67;72;77;81;82;79;89;88;93;99;110;94;114;96;120;97;136;123;110;103;133;132;144;137;120;121;141;132;119;152;151;146;117;118;122;139;141;151;91;104;132;123;127;122;125;141;98;105;120;106;95;111;122;124;112;97;81;88;77;90;95;80;81;78;58;57;71;60;45;45;50;42;26;20;14;22;28;35;24;20;16;12;8;10;0;4;2;0;1;0
100004;Poggio a Caiano;38;31;33;38;26;28;24;43;31;40;33;43;31;51;47;30;37;33;47;50;37;51;53;56;57;47;59;67;64;69;56;68;51;66;60;57;79;60;71;61;72;73;54;66;61;75;65;70;56;74;65;74;68;54;74;80;57;61;57;64;45;49;58;53;53;40;44;45;36;42;45;40;47;44;35;37;38;38;48;34;37;28;26;18;16;17;16;16;26;16;11;10;14;4;7;3;3;4;0;1;1
100005;Prato;662;634;704;648;672;620;636;584;634;641;723;681;635;711;689;652;759;719;728;687;742;777;844;870;927;965;1055;1153;1146;1244;1233;1302;1267;1284;1299;1354;1346;1361;1434;1306;1248;1293;1250;1128;1218;1188;1181;1170;1132;1114;1179;1037;1126;1279;1231;1277;1286;1018;1063;1066;1024;1054;1237;1138;1198;1039;954;1050;940;900;952;925;1001;908;926;866;898;833;807;788;728;825;735;430;288;259;322;356;319;302;304;213;170;127;95;64;58;31;13;15;23
100006;Vaiano;32;41;32;35;28;34;37;31;30;22;38;32;31;32;38;30;38;38;43;34;36;32;46;46;38;49;51;49;48;73;71;54;60;68;51;71;72;81;74;67;72;68;54;59;73;74;87;60;50;61;61;79;79;60;81;66;66;69;53;50;61;64;61;54;55;48;48;51;58;47;46;63;68;50;50;60;60;54;47;40;42;39;43;24;16;15;22;26;25;23;13;16;11;6;6;5;2;2;2;1;0
100007;Vernio;19;10;10;25;18;17;16;19;24;15;17;15;28;23;24;17;19;28;18;24;18;19;31;23;21;29;27;47;33;40;31;21;36;35;43;44;31;35;44;53;51;52;31;38;38;30;39;32;28;31;32;38;52;43;48;43;33;35;29;25;26;42;43;32;26;47;32;32;45;36;34;34;49;42;50;44;39;46;36;34;36;40;28;25;23;9;12;22;10;6;13;11;10;7;3;3;4;5;4;0;1
;Totale;891;879;927;889;886;824;851;788;824;861;951;888;846;957;939;867;1002;970;988;952;1007;1057;1141;1176;1206;1298;1375;1534;1538;1681;1625;1703;1653;1728;1715;1777;1789;1827;1869;1752;1707;1738;1630;1505;1600;1583;1590;1586;1530;1458;1539;1449;1547;1654;1646;1672;1683;1363;1396;1415;1343;1384;1584;1479;1554;1368;1252;1337;1241;1175;1236;1236;1308;1174;1225;1131;1164;1096;1061;1015;954;1053;945;560;386;337;419;476;451;397;380;279;231;165;131;78;74;44;20;19;25

"Ricostruzione della popolazione intercensuaria - Popolazione al 1° gennaio per età"
"Cittadinanza italiana - Anno: 2004 - Provincia: Prato"
Territorio/Età;;0;1;2;3;4;5;6;7;8;9;10;11;12;13;14;15;16;17;18;19;20;21;22;23;24;25;26;27;28;29;30;31;32;33;34;35;36;37;38;39;40;41;42;43;44;45;46;47;48;49;50;51;52;53;54;55;56;57;58;59;60;61;62;63;64;65;66;67;68;69;70;71;72;73;74;75;76;77;78;79;80;81;82;83;84;85;86;87;88;89;90;91;92;93;94;95;96;97;98;99;100
Codice comune;Comune;Totale
100001;Cantagallo;18;18;17;23;25;32;21;16;21;18;20;18;19;22;11;20;22;28;17;22;25;18;26;20;27;15;34;33;20;42;50;43;46;30;47;49;55;46;64;40;47;36;28;36;33;33;33;38;37;35;33;40;35;39;33;35;47;41;26;31;31;34;40;42;32;42;38;40;34;33;28;37;39;36;26;39;36;28;25;25;23;28;33;17;15;6;5;9;12;13;9;9;4;4;2;4;1;1;0;0;1
100002;Carmignano;132;150;136;130;123;126;107;117;90;81;93;135;105;90;105;83;107;113;104;99;100;124;110;107;130;122;137;139;190;205;207;219;227;211;240;214;231;253;245;176;241;219;182;180;178;154;169;151;190;169;166;141;148;173;153;162;144;171;122;137;131;138;127;137;127;155;123;102;122;103;123;102;84;79;76;113;90;88;79;80;81;74;83;79;43;22;26;25;27;34;24;9;11;15;7;5;3;2;1;0;1
100003;Montemurlo;153;124;154;133;147;130;132;147;134;120;166;136;144;166;146;175;162;175;173;178;189;184;220;188;218;223;240;209;271;230;244;223;247;250;272;263;251;276;270;266;261;258;286;251;228;232;256;259;271;270;195;229;243;251;259;248;241;263;198;212;222;203;187;234;244;246;213;194;163;199;161;157;174;157;165;136;119;117;112;103;81;68;68;62;34;30;19;33;41;42;30;23;17;11;8;6;1;3;2;0;1
100004;Poggio a Caiano;67;74;60;76;79;68;61;58;79;71;87;70;87;75;92;76;75;85;66;101;93;87;96;107;109;102;107;118;134;120;129;135;136;114;134;125;112;144;127;140;129;152;136;114;130;119;133;120;135;113;122;134;153;138;120;139;147;126;125;117;113;102;102;110;109;102;84;96;80;67;71;73;78;76;65;63;73;64;68;75;51;58;46;38;26;24;18;15;19;31;13;16;9;18;7;4;3;5;3;1;3
100005;Prato;1429;1356;1348;1396;1331;1342;1300;1308;1269;1275;1310;1413;1339;1379;1404;1408;1373;1485;1489;1434;1440;1534;1636;1733;1733;1923;1936;2131;2310;2388;2558;2492;2658;2627;2579;2633;2683;2717;2748;2805;2607;2472;2513;2485;2349;2371;2342;2251;2251;2180;2188;2220;2061;2174;2440;2483;2464;2515;2005;1987;2027;1937;2002;2244;2194;2274;1915;1819;1911;1777;1679;1706;1640;1755;1601;1579;1525;1456;1384;1331;1261;1097;1277;1046;640;387;356;430;486;423;366;344;233;182;134;85;71;52;25;15;32
100006;Vaiano;70;82;75;66;74;57;64;69;65;56;60;69;77;69;75;77;64;71;96;79;78;68;80;104;93;99;113;104;107;120;139;129;114;130;132;127;146;147;161;157;133;152;123;108;115;129;137;162;135;117;124;133;141;153;152;159;150;145;129;107;112;115;117;121;117;127;97;102;91;106;82;89;105;121;94;80;95;96;93;83;67;66;69;64;44;18;19;30;35;33;25;15;14;8;7;4;3;2;4;3;1
100007;Vernio;46;43;25;36;41;41;33;32;34;44;37;36;40;49;50;45;38;36;50;38;43;40;45;58;42;61;51;67;81;77;74;78;60;88;78;81;88;84;75;95;96;97;93;79;78;87;67;83;72;61;69;83;69;95;81;107;78;72;71;60;56;59;70;86;68;68;90;66;60;72;58;61;64;71;73;71;76;62;67;64;58;50;66;41;33;27;12;17;31;16;15;13;12;9;8;2;3;3;3;0;1
;Totale;1915;1847;1815;1860;1820;1796;1718;1747;1692;1665;1773;1877;1811;1850;1883;1884;1841;1993;1995;1951;1968;2055;2213;2317;2352;2545;2618;2801;3113;3182;3401;3319;3488;3450;3482;3492;3566;3667;3690;3679;3514;3386;3361;3253;3111;3125;3137;3064;3091;2945;2897;2980;2850;3023;3238;3333;3271;3333;2676;2651;2692;2588;2645;2974;2891;3014;2560;2419;2461;2357;2202;2225;2184;2295;2100;2081;2014;1911;1828;1761;1622;1441;1642;1347;835;514;455;559;651;592;482;429;300;247;173;110;85;68;38;19;40
Territorio/Età;;0;1;2;3;4;5;6;7;8;9;10;11;12;13;14;15;16;17;18;19;20;21;22;23;24;25;26;27;28;29;30;31;32;33;34;35;36;37;38;39;40;41;42;43;44;45;46;47;48;49;50;51;52;53;54;55;56;57;58;59;60;61;62;63;64;65;66;67;68;69;70;71;72;73;74;75;76;77;78;79;80;81;82;83;84;85;86;87;88;89;90;91;92;93;94;95;96;97;98;99;100
Codice comune;Comune;Maschi
100001;Cantagallo;10;10;7;13;13;15;10;7;12;11;11;9;16;17;8;4;10;13;7;12;10;10;11;6;20;7;15;15;10;22;25;21;24;17;23;29;38;23;27;25;19;20;14;20;22;18;21;24;23;10;18;20;17;22;17;18;28;16;13;17;15;16;23;23;20;19;19;19;19;14;11;14;20;21;11;19;20;14;13;12;3;9;21;1;2;1;0;3;5;4;5;2;1;2;0;0;1;0;0;0;0
100002;Carmignano;57;77;68;62;62;67;53;56;46;47;48;76;59;45;43;41;61;57;52;46;51;59;56;54;68;62;65;71;106;93;86;105;122;115;129;107;116;130;135;81;120;116;96;104;91;79;85;84;92;81;91;65;81;89;79;91;80;93;54;64;57;78;66;82;59;79;58;48;60;46;68;56;27;35;42;50;42;31;37;33;30;27;27;26;18;8;12;9;11;12;6;3;1;5;0;0;0;0;1;0;1
100003;Montemurlo;72;71;67;62;76;67;76;83;74;57;78;67;76;93;71;93;80;98;85;89;98;89;112;97;110;130;117;115;139;113;136;123;118;118;128;128;130;153;127;134;147;109;142;108;114;114;133;121;132;124;104;125;113;130;134;122;118;125;99;105;104;100;95;127;121;122;100;98;78;110;83;67;82;82;86;59;62;61;44;41;35;21;22;22;9;10;5;14;18;12;6;5;5;2;0;0;0;0;0;0;1
100004;Poggio a Caiano;33;37;29;40;42;38;32;34;38;41;46;36;45;44;42;29;42;48;33;54;42;50;46;52;54;44;61;62;71;60;58;80;68;63;72;62;52;64;67;66;65;79;63;58;65;56;58;56;65;58;47;70;79;69;65;67;66;68;63;60;53;55;52;54;56;48;44;50;37;31;30;28;41;34;22;29;35;27;29;30;20;23;16;14;8;6;3;4;4;7;1;7;3;6;3;1;0;2;0;1;1
100005;Prato;747;695;709;693;693;674;689;676;682;649;668;698;663;748;700;716;722;722;776;711;756;787;857;894;863;988;990;1065;1157;1238;1310;1260;1340;1355;1316;1337;1337;1373;1390;1383;1307;1236;1233;1246;1218;1151;1163;1069;1091;1050;1079;1042;1026;1056;1162;1263;1191;1235;994;935;974;916;953;1010;1066;1083;885;872;869;850;788;766;729;766;696;670;666;579;579;544;494;407;484;352;238;124;124;140;153;140;104;83;58;48;31;20;16;12;3;5;6
100006;Vaiano;31;46;33;34;36;28;31;32;33;27;36;29;43;38;42;37;34;34;55;38;42;34;45;59;43;57;59;55;57;69;65;59;59;70;60;73;68;76;78;80;65;74;54;54;58;53;61;76;76;65;65;71;61;71;89;76;85;77;64;52;60;55;53;61;63;70;49;55;39;47;36;43;43;52;45;33;36;42;37;38;29;27;30;22;21;4;6;8;12;12;7;5;4;1;3;1;1;0;2;1;0
100007;Vernio;19;22;14;25;16;22;17;17;14;19;22;19;24;21;25;21;21;17;22;19;15;22;27;23;23;40;22;37;36;42;34;47;39;49;43;34;46;52;38;50;41;43;41;46;39;48;39;42;40;31;34;51;31;43;37;59;34;39;36;30;33;33;29;42;36;40;43;32;28;27;23;28;27;27;31;24;34;24;24;28;25;14;26;15;10;4;3;6;12;10;8;2;1;2;1;0;2;0;0;0;0
;Totale;969;958;927;929;938;911;908;905;899;851;909;934;926;1006;931;941;970;989;1030;969;1014;1051;1154;1185;1181;1328;1329;1420;1576;1637;1714;1695;1770;1787;1771;1770;1787;1871;1862;1819;1764;1677;1643;1636;1607;1519;1560;1472;1519;1419;1438;1444;1408;1480;1583;1696;1602;1653;1323;1263;1296;1253;1271;1399;1421;1461;1198;1174;1130;1125;1039;1002;969;1017;933;884;895;778;763;726;636;528;626;452;306;157;153;184;215;197;137;107;73;66;38;22;20;14;6;7;9
Territorio/Età;;0;1;2;3;4;5;6;7;8;9;10;11;12;13;14;15;16;17;18;19;20;21;22;23;24;25;26;27;28;29;30;31;32;33;34;35;36;37;38;39;40;41;42;43;44;45;46;47;48;49;50;51;52;53;54;55;56;57;58;59;60;61;62;63;64;65;66;67;68;69;70;71;72;73;74;75;76;77;78;79;80;81;82;83;84;85;86;87;88;89;90;91;92;93;94;95;96;97;98;99;100
Codice comune;Comune;Femmine
100001;Cantagallo;8;8;10;10;12;17;11;9;9;7;9;9;3;5;3;16;12;15;10;10;15;8;15;14;7;8;19;18;10;20;25;22;22;13;24;20;17;23;37;15;28;16;14;16;11;15;12;14;14;25;15;20;18;17;16;17;19;25;13;14;16;18;17;19;12;23;19;21;15;19;17;23;19;15;15;20;16;14;12;13;20;19;12;16;13;5;5;6;7;9;4;7;3;2;2;4;0;1;0;0;1
100002;Carmignano;75;73;68;68;61;59;54;61;44;34;45;59;46;45;62;42;46;56;52;53;49;65;54;53;62;60;72;68;84;112;121;114;105;96;111;107;115;123;110;95;121;103;86;76;87;75;84;67;98;88;75;76;67;84;74;71;64;78;68;73;74;60;61;55;68;76;65;54;62;57;55;46;57;44;34;63;48;57;42;47;51;47;56;53;25;14;14;16;16;22;18;6;10;10;7;5;3;2;0;0;0
100003;Montemurlo;81;53;87;71;71;63;56;64;60;63;88;69;68;73;75;82;82;77;88;89;91;95;108;91;108;93;123;94;132;117;108;100;129;132;144;135;121;123;143;132;114;149;144;143;114;118;123;138;139;146;91;104;130;121;125;126;123;138;99;107;118;103;92;107;123;124;113;96;85;89;78;90;92;75;79;77;57;56;68;62;46;47;46;40;25;20;14;19;23;30;24;18;12;9;8;6;1;3;2;0;0
100004;Poggio a Caiano;34;37;31;36;37;30;29;24;41;30;41;34;42;31;50;47;33;37;33;47;51;37;50;55;55;58;46;56;63;60;71;55;68;51;62;63;60;80;60;74;64;73;73;56;65;63;75;64;70;55;75;64;74;69;55;72;81;58;62;57;60;47;50;56;53;54;40;46;43;36;41;45;37;42;43;34;38;37;39;45;31;35;30;24;18;18;15;11;15;24;12;9;6;12;4;3;3;3;3;0;2
100005;Prato;682;661;639;703;638;668;611;632;587;626;642;715;676;631;704;692;651;763;713;723;684;747;779;839;870;935;946;1066;1153;1150;1248;1232;1318;1272;1263;1296;1346;1344;1358;1422;1300;1236;1280;1239;1131;1220;1179;1182;1160;1130;1109;1178;1035;1118;1278;1220;1273;1280;1011;1052;1053;1021;1049;1234;1128;1191;1030;947;1042;927;891;940;911;989;905;909;859;877;805;787;767;690;793;694;402;263;232;290;333;283;262;261;175;134;103;65;55;40;22;10;26
100006;Vaiano;39;36;42;32;38;29;33;37;32;29;24;40;34;31;33;40;30;37;41;41;36;34;35;45;50;42;54;49;50;51;74;70;55;60;72;54;78;71;83;77;68;78;69;54;57;76;76;86;59;52;59;62;80;82;63;83;65;68;65;55;52;60;64;60;54;57;48;47;52;59;46;46;62;69;49;47;59;54;56;45;38;39;39;42;23;14;13;22;23;21;18;10;10;7;4;3;2;2;2;2;1
100007;Vernio;27;21;11;11;25;19;16;15;20;25;15;17;16;28;25;24;17;19;28;19;28;18;18;35;19;21;29;30;45;35;40;31;21;39;35;47;42;32;37;45;55;54;52;33;39;39;28;41;32;30;35;32;38;52;44;48;44;33;35;30;23;26;41;44;32;28;47;34;32;45;35;33;37;44;42;47;42;38;43;36;33;36;40;26;23;23;9;11;19;6;7;11;11;7;7;2;1;3;3;0;1
;Totale;946;889;888;931;882;885;810;842;793;814;864;943;885;844;952;943;871;1004;965;982;954;1004;1059;1132;1171;1217;1289;1381;1537;1545;1687;1624;1718;1663;1711;1722;1779;1796;1828;1860;1750;1709;1718;1617;1504;1606;1577;1592;1572;1526;1459;1536;1442;1543;1655;1637;1669;1680;1353;1388;1396;1335;1374;1575;1470;1553;1362;1245;1331;1232;1163;1223;1215;1278;1167;1197;1119;1133;1065;1035;986;913;1016;895;529;357;302;375;436;395;345;322;227;181;135;88;65;54;32;12;31

"Ricostruzione della popolazione intercensuaria - Popolazione al 1° gennaio per età"
"Cittadinanza italiana - Anno: 2005 - Provincia: Prato"
Territorio/Età;;0;1;2;3;4;5;6;7;8;9;10;11;12;13;14;15;16;17;18;19;20;21;22;23;24;25;26;27;28;29;30;31;32;33;34;35;36;37;38;39;40;41;42;43;44;45;46;47;48;49;50;51;52;53;54;55;56;57;58;59;60;61;62;63;64;65;66;67;68;69;70;71;72;73;74;75;76;77;78;79;80;81;82;83;84;85;86;87;88;89;90;91;92;93;94;95;96;97;98;99;100
Codice comune;Comune;Totale
100001;Cantagallo;17;16;17;17;25;23;31;21;16;22;17;21;18;18;21;10;19;21;28;16;22;26;19;26;18;28;16;31;35;25;46;53;44;51;35;45;53;58;49;64;37;46;37;25;36;34;33;30;38;39;36;32;39;38;37;33;35;44;39;28;34;31;34;39;40;30;42;39;38;33;31;27;38;38;35;26;37;35;27;23;24;24;27;30;17;13;6;4;9;10;10;6;5;3;4;2;4;0;1;0;0
100002;Carmignano;141;131;150;135;135;127;124;107;116;85;80;90;135;106;91;103;83;108;110;104;99;98;123;110;115;134;134;155;139;196;215;213;228;241;218;243;225;235;248;241;172;239;218;192;179;178;151;177;149;191;169;164;138;147;173;152;155;143;171;120;137;129;133;129;135;127;152;124;98;117;104;113;98;83;77;81;116;88;85;79;79;79;73;82;75;40;20;23;25;24;31;19;7;10;13;7;4;2;1;0;0
100003;Montemurlo;133;149;124;149;135;149;132;137;147;132;117;163;132;139;162;146;175;158;178;174;178;192;180;213;184;215;217;225;195;258;224;237;213;249;249;264;260;250;279;263;261;260;258;281;246;220;233;252;259;266;266;202;225;241;247;252;253;239;255;199;211;217;203;183;236;239;247;216;190;161;198;159;152;165;150;160;137;118;114;107;99;80;60;62;60;32;30;14;30;37;37;25;17;14;8;4;5;3;2;1;0
100004;Poggio a Caiano;63;70;72;62;71;82;69;57;57;77;70;85;68;86;74;95;77;74;87;63;106;93;84;94;107;111;99;109;118;135;136;134;145;132;120;139;132;116;150;124;142;132;153;135;114;131;119;136;121;132;114;124;133;153;144;124;142;151;127;125;119;113;100;103;112;110;105;82;94;79;65;67;73;76;74;65;63;75;62;68;70;49;57;44;35;25;26;15;14;15;26;12;14;8;14;4;3;3;3;3;3
100005;Prato;1419;1448;1377;1352;1387;1331;1353;1302;1312;1273;1288;1313;1412;1339;1381;1402;1413;1379;1488;1495;1442;1441;1535;1623;1725;1734;1929;1931;2136;2309;2381;2563;2499;2654;2602;2595;2625;2668;2683;2726;2813;2595;2482;2512;2484;2357;2376;2354;2265;2243;2178;2183;2221;2048;2159;2425;2461;2442;2506;1984;1967;2018;1917;1978;2218;2175;2253;1892;1806;1885;1753;1653;1672;1609;1714;1555;1542;1483;1404;1345;1280;1218;1033;1206;986;593;353;328;389;431;368;326;293;190;149;109;61;52;34;15;25
100006;Vaiano;76;70;83;70;70;71;56;65;70;68;56;61;68;76;67;75;76;65;70;96;79;78;69;80;109;92;100;114;105;109;116;140;129;119;129;131;134;141;146;169;156;134;154;124;108;117;131;137;161;136;117;122;134;139;156;153;157;147;141;129;103;112;117;121;121;114;130;96;100;92;104;84;85;103;118;89;75;91;97;93;83;66;60;59;61;40;19;17;22;30;25;14;11;11;7;5;2;1;1;1;0
100007;Vernio;37;47;43;27;37;42;41;33;32;32;44;35;38;38;47;52;47;36;37;50;39;44;41;46;59;39;66;53;74;85;79;84;84;64;97;77;84;89;94;70;96;99;99;98;83;81;87;67;80;73;64;73;81;67;97;83;107;80;70;73;63;57;60;73;89;65;66;92;65;59;73;57;60;63;70;73;69;74;59;71;63;57;46;64;37;27;24;11;13;24;14;15;9;11;8;7;2;2;2;3;1
;Totale;1886;1931;1866;1812;1860;1825;1806;1722;1750;1689;1672;1768;1871;1802;1843;1883;1890;1841;1998;1998;1965;1972;2051;2192;2317;2353;2561;2618;2802;3117;3197;3424;3342;3510;3450;3494;3513;3557;3649;3657;3677;3505;3401;3367;3250;3118;3130;3153;3073;3080;2944;2900;2971;2833;3013;3222;3310;3246;3309;2658;2634;2677;2564;2626;2951;2860;2995;2541;2391;2426;2328;2160;2178;2137;2238;2049;2039;1964;1848;1786;1698;1573;1356;1547;1271;770;478;412;502;571;511;417;356;247;203;138;81;63;44;23;29
Territorio/Età;;0;1;2;3;4;5;6;7;8;9;10;11;12;13;14;15;16;17;18;19;20;21;22;23;24;25;26;27;28;29;30;31;32;33;34;35;36;37;38;39;40;41;42;43;44;45;46;47;48;49;50;51;52;53;54;55;56;57;58;59;60;61;62;63;64;65;66;67;68;69;70;71;72;73;74;75;76;77;78;79;80;81;82;83;84;85;86;87;88;89;90;91;92;93;94;95;96;97;98;99;100
Codice comune;Comune;Maschi
100001;Cantagallo;7;7;11;7;14;13;15;10;8;13;11;12;9;15;18;7;3;9;13;7;12;11;11;11;6;19;7;12;15;14;24;26;21;27;20;22;33;40;24;28;23;18;20;12;20;23;17;19;26;25;10;18;19;16;20;17;18;28;14;14;18;15;16;23;21;19;20;20;17;18;13;11;15;19;20;11;18;19;13;12;10;4;9;17;1;2;1;0;3;4;4;2;1;1;2;0;0;0;0;0;0
100002;Carmignano;74;59;76;67;65;63;66;50;55;41;46;45;78;60;44;44;41;61;56;53;46;51;57;59;58;71;66;74;77;108;94;93;111;132;116;129;114;116;123;135;81;116;117;99;100;90;78;90;81;89;81;88;65;81;90;80;87;79;93;51;67;56;74;67;80;58;76;59;44;57;48;61;53;25;31;44;52;40;30;36;32;29;27;25;24;16;8;11;9;10;12;6;2;1;4;0;0;0;0;0;0
100003;Montemurlo;72;71;70;64;63;79;69;79;84;74;53;78;65;72;91;70;94;77;100;87;88;99;87;110;93;109;128;108;109;128;113;133;117;122;118;124;126;127;156;125;133;141;105;141;108;110;113;130;122;128;123;107;123;111;123;129;125;116;118;101;106;104;97;92;128;119;122;102;95;76;109;83;63;77;78;83;58;62;60;42;38;35;18;18;24;8;11;1;14;16;9;5;5;3;1;0;0;0;0;0;0
100004;Poggio a Caiano;32;35;35;29;37;40;38;30;33;36;40;45;34;44;43;44;31;41;50;34;55;44;47;44;50;54;41;65;58;72;70;62;91;66;67;78;68;54;67;64;66;66;79;65;61;64;54;58;57;65;58;49;70;79;72;64;69;68;68;62;62;55;53;51;55;56;47;43;48;37;31;29;29;38;33;22;29;37;25;31;25;16;24;15;12;7;8;0;5;2;5;1;7;2;3;0;1;0;1;0;2
100005;Prato;714;754;708;714;696;692;677;686;679;682;655;665;698;665;744;699;717;729;727;778;717;750;792;843;883;867;991;982;1061;1164;1228;1310;1253;1337;1337;1318;1329;1331;1353;1384;1389;1308;1240;1231;1244;1216;1159;1167;1079;1079;1049;1080;1042;1020;1051;1145;1252;1177;1225;977;922;962;909;939;996;1050;1069;869;860;851;834;768;746;709;747;662;649;644;554;561;513;469;381;449;330;215;109;109;123;129;119;91;70;44;36;24;17;13;3;2;7
100006;Vaiano;36;33;44;30;36;35;26;32;33;34;28;37;28;42;37;42;38;34;32;55;39;41;34;43;63;42;56;62;53;59;69;69;59;62;71;57;80;64;77;81;79;66;76;54;54;59;55;63;76;78;64;63;72;60;73;90;75;84;77;64;49;59;54;54;60;61;72;48;53;40;46;38;40;42;50;43;32;33;43;37;37;29;25;28;20;18;4;4;5;8;7;2;4;4;0;2;0;0;0;0;0
100007;Vernio;13;22;21;14;24;18;22;16;16;14;19;21;21;24;19;27;23;21;16;23;19;16;21;29;23;21;41;23;41;37;41;42;50;41;54;43;36;46;55;36;51;43;45;45;48;42;48;39;40;42;32;37;51;29;45;39;59;33;39;37;31;34;33;31;44;33;40;42;31;27;27;24;27;26;26;31;22;32;21;25;28;25;11;26;13;7;4;2;3;11;11;8;0;1;1;1;0;2;0;0;0
;Totale;948;981;965;925;935;940;913;903;908;894;852;903;933;922;996;933;947;972;994;1037;976;1012;1049;1139;1176;1183;1330;1326;1414;1582;1639;1735;1702;1787;1783;1771;1786;1778;1855;1853;1822;1758;1682;1647;1635;1604;1524;1566;1481;1506;1417;1442;1442;1396;1474;1564;1685;1585;1634;1306;1255;1285;1236;1257;1384;1396;1446;1183;1148;1106;1108;1014;973;936;985;896;860;867;746;744;683;607;495;578;424;273;145;127;162;180;167;115;89;56;47;27;18;15;4;2;9
Territorio/Età;;0;1;2;3;4;5;6;7;8;9;10;11;12;13;14;15;16;17;18;19;20;21;22;23;24;25;26;27;28;29;30;31;32;33;34;35;36;37;38;39;40;41;42;43;44;45;46;47;48;49;50;51;52;53;54;55;56;57;58;59;60;61;62;63;64;65;66;67;68;69;70;71;72;73;74;75;76;77;78;79;80;81;82;83;84;85;86;87;88;89;90;91;92;93;94;95;96;97;98;99;100
Codice comune;Comune;Femmine
100001;Cantagallo;10;9;6;10;11;10;16;11;8;9;6;9;9;3;3;3;16;12;15;9;10;15;8;15;12;9;9;19;20;11;22;27;23;24;15;23;20;18;25;36;14;28;17;13;16;11;16;11;12;14;26;14;20;22;17;16;17;16;25;14;16;16;18;16;19;11;22;19;21;15;18;16;23;19;15;15;19;16;14;11;14;20;18;13;16;11;5;4;6;6;6;4;4;2;2;2;4;0;1;0;0
100002;Carmignano;67;72;74;68;70;64;58;57;61;44;34;45;57;46;47;59;42;47;54;51;53;47;66;51;57;63;68;81;62;88;121;120;117;109;102;114;111;119;125;106;91;123;101;93;79;88;73;87;68;102;88;76;73;66;83;72;68;64;78;69;70;73;59;62;55;69;76;65;54;60;56;52;45;58;46;37;64;48;55;43;47;50;46;57;51;24;12;12;16;14;19;13;5;9;9;7;4;2;1;0;0
100003;Montemurlo;61;78;54;85;72;70;63;58;63;58;64;85;67;67;71;76;81;81;78;87;90;93;93;103;91;106;89;117;86;130;111;104;96;127;131;140;134;123;123;138;128;119;153;140;138;110;120;122;137;138;143;95;102;130;124;123;128;123;137;98;105;113;106;91;108;120;125;114;95;85;89;76;89;88;72;77;79;56;54;65;61;45;42;44;36;24;19;13;16;21;28;20;12;11;7;4;5;3;2;1;0
100004;Poggio a Caiano;31;35;37;33;34;42;31;27;24;41;30;40;34;42;31;51;46;33;37;29;51;49;37;50;57;57;58;44;60;63;66;72;54;66;53;61;64;62;83;60;76;66;74;70;53;67;65;78;64;67;56;75;63;74;72;60;73;83;59;63;57;58;47;52;57;54;58;39;46;42;34;38;44;38;41;43;34;38;37;37;45;33;33;29;23;18;18;15;9;13;21;11;7;6;11;4;2;3;2;3;1
100005;Prato;705;694;669;638;691;639;676;616;633;591;633;648;714;674;637;703;696;650;761;717;725;691;743;780;842;867;938;949;1075;1145;1153;1253;1246;1317;1265;1277;1296;1337;1330;1342;1424;1287;1242;1281;1240;1141;1217;1187;1186;1164;1129;1103;1179;1028;1108;1280;1209;1265;1281;1007;1045;1056;1008;1039;1222;1125;1184;1023;946;1034;919;885;926;900;967;893;893;839;850;784;767;749;652;757;656;378;244;219;266;302;249;235;223;146;113;85;44;39;31;13;18
100006;Vaiano;40;37;39;40;34;36;30;33;37;34;28;24;40;34;30;33;38;31;38;41;40;37;35;37;46;50;44;52;52;50;47;71;70;57;58;74;54;77;69;88;77;68;78;70;54;58;76;74;85;58;53;59;62;79;83;63;82;63;64;65;54;53;63;67;61;53;58;48;47;52;58;46;45;61;68;46;43;58;54;56;46;37;35;31;41;22;15;13;17;22;18;12;7;7;7;3;2;1;1;1;0
100007;Vernio;24;25;22;13;13;24;19;17;16;18;25;14;17;14;28;25;24;15;21;27;20;28;20;17;36;18;25;30;33;48;38;42;34;23;43;34;48;43;39;34;45;56;54;53;35;39;39;28;40;31;32;36;30;38;52;44;48;47;31;36;32;23;27;42;45;32;26;50;34;32;46;33;33;37;44;42;47;42;38;46;35;32;35;38;24;20;20;9;10;13;3;7;9;10;7;6;2;0;2;3;1
;Totale;938;950;901;887;925;885;893;819;842;795;820;865;938;880;847;950;943;869;1004;961;989;960;1002;1053;1141;1170;1231;1292;1388;1535;1558;1689;1640;1723;1667;1723;1727;1779;1794;1804;1855;1747;1719;1720;1615;1514;1606;1587;1592;1574;1527;1458;1529;1437;1539;1658;1625;1661;1675;1352;1379;1392;1328;1369;1567;1464;1549;1358;1243;1320;1220;1146;1205;1201;1253;1153;1179;1097;1102;1042;1015;966;861;969;847;497;333;285;340;391;344;302;267;191;156;111;63;48;40;21;20

"Ricostruzione della popolazione intercensuaria - Popolazione al 1° gennaio per età"
"Cittadinanza italiana - Anno: 2006 - Provincia: Prato"
Territorio/Età;;0;1;2;3;4;5;6;7;8;9;10;11;12;13;14;15;16;17;18;19;20;21;22;23;24;25;26;27;28;29;30;31;32;33;34;35;36;37;38;39;40;41;42;43;44;45;46;47;48;49;50;51;52;53;54;55;56;57;58;59;60;61;62;63;64;65;66;67;68;69;70;71;72;73;74;75;76;77;78;79;80;81;82;83;84;85;86;87;88;89;90;91;92;93;94;95;96;97;98;99;100
Codice comune;Comune;Totale
100001;Cantagallo;23;18;16;18;19;23;22;26;22;15;21;16;19;20;17;24;10;20;20;28;18;25;28;19;30;20;28;15;33;35;30;48;65;46;51;41;43;55;56;51;65;37;43;38;28;37;38;33;32;40;39;36;31;41;38;39;36;36;43;40;29;35;29;35;40;43;30;41;36;39;31;30;27;37;38;34;25;35;34;24;20;22;24;24;30;17;13;6;4;9;9;8;3;3;3;3;2;0;0;0;0
100002;Carmignano;134;133;137;147;132;137;125;118;106;117;84;77;91;131;109;90;104;78;107;112;102;102;98;120;116;119;142;146;175;151;206;229;219;243;255;209;246;231;232;249;244;180;240;225;191;177;179;150;175;146;187;173;162;138;148;175;153;160;149;173;122;136;128;135;133;140;121;154;123;96;119;100;114;98;80;79;80;110;83;86;75;74;75;68;77;70;38;21;21;24;22;28;17;5;7;12;6;1;2;1;0
100003;Montemurlo;125;139;148;120;153;138;148;132;139;147;131;115;161;130;142;159;146;176;156;172;176;172;193;178;215;181;216;209;219;195;254;221;220;214;242;243;267;259;241;267;263;259;260;259;273;241;219;229;251;263;261;262;200;228;244;246;251;252;238;253;199;212;214;198;180;230;236;244;214;185;165;193;156;153;160;151;157;136;117;111;101;92;77;56;57;50;32;26;9;27;30;32;19;12;11;3;3;3;1;2;0
100004;Poggio a Caiano;82;69;71;72;64;72;85;74;58;56;78;70;84;67;86;73;94;78;75;87;67;105;98;86;96;111;117;106;116;124;136;128;135;144;130;124;145;126;119;144;127;143;132;156;133;113;131;124;144;118;134;116;128;130;152;149;127;141;158;124;124;122;113;99;100;108;106;104;79;93;77;67;67;72;70;73;66;58;75;60;66;67;48;51;46;36;24;25;12;14;13;27;11;11;3;12;1;2;3;2;2
100005;Prato;1453;1413;1460;1376;1363;1395;1340;1353;1303;1312;1275;1289;1316;1414;1331;1376;1412;1410;1381;1496;1491;1446;1439;1530;1606;1714;1760;1934;1940;2156;2299;2426;2585;2503;2658;2618;2602;2624;2649;2665;2722;2802;2590;2460;2497;2472;2349;2364;2346;2256;2237;2163;2171;2208;2029;2131;2402;2454;2436;2483;1965;1958;1999;1901;1951;2187;2159;2237;1864;1784;1860;1725;1623;1632;1567;1664;1517;1497;1416;1366;1288;1233;1168;982;1117;902;547;323;285;352;385;323;274;246;155;121;78;48;38;25;19
100006;Vaiano;71;75;75;85;68;74;71;61;69;71;71;58;60;67;78;67;72;77;66;72;92;82;76;69;82;106;97;104;112;112;119;116;148;137;128;131;135;133;139;147;172;159;130;151;131;111;124;129;139;161;136;119;124;134;142;157;152;157;147;143;126;103;113;116;121;119;112;128;97;100;93;107;86;86;98;113;89;73;88;98;90;76;61;58;56;54;39;20;13;22;26;21;9;11;8;6;3;2;1;1;0
100007;Vernio;36;36;47;46;29;34;41;42;33;37;32;43;37;41;40;48;52;48;37;38;51;39;44;46;47;60;40;66;51;73;87;82;87;86;59;98;79;87;85;93;71;98;101;100;101;80;83;91;66;79;74;64;74;82;67;96;85;108;80;70;69;62;57;61;69;93;65;66;92;62;62;73;56;60;61;68;70;68;71;59;66;56;55;44;59;36;24;22;8;11;21;11;10;9;9;8;7;2;2;1;2
;Totale;1924;1883;1954;1864;1828;1873;1832;1806;1730;1755;1692;1668;1768;1870;1803;1837;1890;1887;1842;2005;1997;1971;1976;2048;2192;2311;2400;2580;2646;2846;3131;3250;3459;3373;3523;3464;3517;3515;3521;3616;3664;3678;3496;3389;3354;3231;3123;3120;3153;3063;3068;2933;2890;2961;2820;2993;3206;3308;3251;3286;2634;2628;2653;2545;2594;2920;2829;2974;2505;2359;2407;2295;2129;2138;2074;2182;2004;1977;1884;1804;1706;1620;1508;1283;1442;1165;717;443;352;459;506;450;343;297;196;165;100;58;47;32;23
Territorio/Età;;0;1;2;3;4;5;6;7;8;9;10;11;12;13;14;15;16;17;18;19;20;21;22;23;24;25;26;27;28;29;30;31;32;33;34;35;36;37;38;39;40;41;42;43;44;45;46;47;48;49;50;51;52;53;54;55;56;57;58;59;60;61;62;63;64;65;66;67;68;69;70;71;72;73;74;75;76;77;78;79;80;81;82;83;84;85;86;87;88;89;90;91;92;93;94;95;96;97;98;99;100
Codice comune;Comune;Maschi
100001;Cantagallo;9;9;8;11;8;12;12;13;10;6;12;10;10;11;14;20;7;4;8;13;10;15;11;11;11;7;18;7;12;14;15;25;34;24;26;25;20;34;36;26;29;23;18;22;15;19;22;17;20;27;25;11;18;19;16;21;19;21;27;14;14;19;13;15;25;22;20;19;19;19;18;12;11;14;19;19;11;17;18;11;10;9;4;8;17;1;2;1;0;3;5;4;0;1;1;1;0;0;0;0;0
100002;Carmignano;68;73;63;73;62;68;61;63;49;55;41;45;47;77;62;44;45;40;58;57;52;47;50;51;60;61;73;72;88;83;110;107;88;118;143;113;131;116;115;125;138;90;118;123;97;101;92;77;89;81;87;83;86;65;77;90;80;89;81;93;51;65;57;77;69;85;56;77;57;44;57;46;59;54;24;32;42;48;35;32;34;30;28;23;24;21;16;8;11;9;8;11;6;1;1;4;0;0;0;0;0
100003;Montemurlo;67;76;72;69;64;65;79;69;78;84;74;53;77;63;72;89;71;94;73;95;86;84;102;84;115;91;109;122;103;108;128;113;125;115;118;114;126;126;123;148;124;134;141;107;135;106;109;111;131;125;126;121;106;125;113;122;128;126;115;115;102;106;104;95;91;123;113;119;101;91;77;107;80;63;74;78;82;58;61;57;37;34;35;16;16;18;8;9;1;11;11;6;5;4;3;0;0;0;0;0;0
100004;Poggio a Caiano;37;34;34;36;31;37;42;43;29;32;37;40;44;33;44;42;42;30;41;48;36;53;47;50;43;54;59;46;64;61;71;62;68;89;66;70;80;64;55;64;64;68;69;76;63;60;64;57;63;55;66;60;50;66;80;75;66;67;72;66;63;63;57;54;50;52;53;45;41;48;37;32;29;28;34;33;21;27;38;25;29;24;13;20;16;13;7;8;0;5;3;5;0;5;1;2;0;1;0;1;1
100005;Prato;774;710;756;700;719;696;697;683;683;678;680;655;667;701;664;742;709;715;733;739;780;715;752;791;839;880;867;999;988;1072;1162;1246;1304;1259;1330;1344;1321;1328;1320;1334;1385;1377;1301;1224;1223;1235;1211;1153;1166;1071;1081;1040;1079;1039;1004;1037;1132;1245;1173;1211;964;918;955;900;920;975;1043;1051;849;840;833;818;748;734;678;723;640;622;604;531;520;486;446;353;398;290;197;97;92;113;101;102;77;51;35;30;18;12;10;0;3
100006;Vaiano;33;34;36;45;31;37;34;27;35;34;36;28;37;26;41;38;40;38;33;34;52;41;40;33;47;62;48;56;61;54;62;70;71;69;65;70;61;79;64;78;82;79;63;72;56;59;64;56;65;75;75;65;61;74;62;77;91;74;82;79;62;49;61;52;55;60;60;70;47;52;41;46;40;39;38;47;43;30;31;45;36;31;25;23;25;17;17;5;3;5;7;4;1;4;2;0;0;0;0;0;0
100007;Vernio;16;13;24;21;17;22;17;23;16;19;14;19;22;24;25;19;28;23;21;16;24;20;15;23;29;23;20;40;24;40;40;42;46;50;37;53;44;38;43;54;34;52;44;47;45;45;43;49;37;39;43;33;36;52;29;44;41;58;33;39;34;30;34;33;29;47;32;41;41;29;28;28;24;27;24;25;30;22;30;20;24;24;24;10;23;14;6;3;0;3;9;9;4;0;0;1;1;0;2;0;0
;Totale;1004;949;993;955;932;937;942;921;900;908;894;850;904;935;922;994;942;944;967;1002;1040;975;1017;1043;1144;1178;1194;1342;1340;1432;1588;1665;1736;1724;1785;1789;1783;1785;1756;1829;1856;1823;1754;1671;1634;1625;1605;1520;1571;1473;1503;1413;1436;1440;1381;1466;1557;1680;1583;1617;1290;1250;1281;1226;1239;1364;1377;1422;1155;1123;1091;1089;991;959;891;957;869;824;817;721;690;638;575;453;519;374;253;131;107;149;144;141;93;66;43;38;19;13;12;1;4
Territorio/Età;;0;1;2;3;4;5;6;7;8;9;10;11;12;13;14;15;16;17;18;19;20;21;22;23;24;25;26;27;28;29;30;31;32;33;34;35;36;37;38;39;40;41;42;43;44;45;46;47;48;49;50;51;52;53;54;55;56;57;58;59;60;61;62;63;64;65;66;67;68;69;70;71;72;73;74;75;76;77;78;79;80;81;82;83;84;85;86;87;88;89;90;91;92;93;94;95;96;97;98;99;100
Codice comune;Comune;Femmine
100001;Cantagallo;14;9;8;7;11;11;10;13;12;9;9;6;9;9;3;4;3;16;12;15;8;10;17;8;19;13;10;8;21;21;15;23;31;22;25;16;23;21;20;25;36;14;25;16;13;18;16;16;12;13;14;25;13;22;22;18;17;15;16;26;15;16;16;20;15;21;10;22;17;20;13;18;16;23;19;15;14;18;16;13;10;13;20;16;13;16;11;5;4;6;4;4;3;2;2;2;2;0;0;0;0
100002;Carmignano;66;60;74;74;70;69;64;55;57;62;43;32;44;54;47;46;59;38;49;55;50;55;48;69;56;58;69;74;87;68;96;122;131;125;112;96;115;115;117;124;106;90;122;102;94;76;87;73;86;65;100;90;76;73;71;85;73;71;68;80;71;71;71;58;64;55;65;77;66;52;62;54;55;44;56;47;38;62;48;54;41;44;47;45;53;49;22;13;10;15;14;17;11;4;6;8;6;1;2;1;0
100003;Montemurlo;58;63;76;51;89;73;69;63;61;63;57;62;84;67;70;70;75;82;83;77;90;88;91;94;100;90;107;87;116;87;126;108;95;99;124;129;141;133;118;119;139;125;119;152;138;135;110;118;120;138;135;141;94;103;131;124;123;126;123;138;97;106;110;103;89;107;123;125;113;94;88;86;76;90;86;73;75;78;56;54;64;58;42;40;41;32;24;17;8;16;19;26;14;8;8;3;3;3;1;2;0
100004;Poggio a Caiano;45;35;37;36;33;35;43;31;29;24;41;30;40;34;42;31;52;48;34;39;31;52;51;36;53;57;58;60;52;63;65;66;67;55;64;54;65;62;64;80;63;75;63;80;70;53;67;67;81;63;68;56;78;64;72;74;61;74;86;58;61;59;56;45;50;56;53;59;38;45;40;35;38;44;36;40;45;31;37;35;37;43;35;31;30;23;17;17;12;9;10;22;11;6;2;10;1;1;3;1;1
100005;Prato;679;703;704;676;644;699;643;670;620;634;595;634;649;713;667;634;703;695;648;757;711;731;687;739;767;834;893;935;952;1084;1137;1180;1281;1244;1328;1274;1281;1296;1329;1331;1337;1425;1289;1236;1274;1237;1138;1211;1180;1185;1156;1123;1092;1169;1025;1094;1270;1209;1263;1272;1001;1040;1044;1001;1031;1212;1116;1186;1015;944;1027;907;875;898;889;941;877;875;812;835;768;747;722;629;719;612;350;226;193;239;284;221;197;195;120;91;60;36;28;25;16
100006;Vaiano;38;41;39;40;37;37;37;34;34;37;35;30;23;41;37;29;32;39;33;38;40;41;36;36;35;44;49;48;51;58;57;46;77;68;63;61;74;54;75;69;90;80;67;79;75;52;60;73;74;86;61;54;63;60;80;80;61;83;65;64;64;54;52;64;66;59;52;58;50;48;52;61;46;47;60;66;46;43;57;53;54;45;36;35;31;37;22;15;10;17;19;17;8;7;6;6;3;2;1;1;0
100007;Vernio;20;23;23;25;12;12;24;19;17;18;18;24;15;17;15;29;24;25;16;22;27;19;29;23;18;37;20;26;27;33;47;40;41;36;22;45;35;49;42;39;37;46;57;53;56;35;40;42;29;40;31;31;38;30;38;52;44;50;47;31;35;32;23;28;40;46;33;25;51;33;34;45;32;33;37;43;40;46;41;39;42;32;31;34;36;22;18;19;8;8;12;2;6;9;9;7;6;2;0;1;2
;Totale;920;934;961;909;896;936;890;885;830;847;798;818;864;935;881;843;948;943;875;1003;957;996;959;1005;1048;1133;1206;1238;1306;1414;1543;1585;1723;1649;1738;1675;1734;1730;1765;1787;1808;1855;1742;1718;1720;1606;1518;1600;1582;1590;1565;1520;1454;1521;1439;1527;1649;1628;1668;1669;1344;1378;1372;1319;1355;1556;1452;1552;1350;1236;1316;1206;1138;1179;1183;1225;1135;1153;1067;1083;1016;982;933;830;923;791;464;312;245;310;362;309;250;231;153;127;81;45;35;31;19

"Ricostruzione della popolazione intercensuaria - Popolazione al 1° gennaio per età"
"Cittadinanza italiana - Anno: 2007 - Provincia: Prato"
Territorio/Età;;0;1;2;3;4;5;6;7;8;9;10;11;12;13;14;15;16;17;18;19;20;21;22;23;24;25;26;27;28;29;30;31;32;33;34;35;36;37;38;39;40;41;42;43;44;45;46;47;48;49;50;51;52;53;54;55;56;57;58;59;60;61;62;63;64;65;66;67;68;69;70;71;72;73;74;75;76;77;78;79;80;81;82;83;84;85;86;87;88;89;90;91;92;93;94;95;96;97;98;99;100
Codice comune;Comune;Totale
100001;Cantagallo;24;23;20;20;17;17;22;23;26;25;16;20;18;20;22;17;26;10;21;22;32;19;26;28;22;31;23;29;20;35;37;31;47;67;49;51;37;45;56;58;51;59;35;47;41;30;39;37;34;34;39;42;41;33;41;35;39;34;37;42;41;27;36;31;35;38;43;29;40;37;39;33;29;26;36;37;34;22;33;33;21;18;20;25;23;26;14;12;5;3;8;6;9;2;1;2;3;1;0;0;0
100002;Carmignano;168;139;130;134;147;131;133;122;118;103;117;87;76;91;130;108;86;108;78;107;114;101;107;97;116;123;126;148;160;181;165;227;244;229;250;256;210;249;227;227;246;245;189;244;221;197;173;179;151;174;144;189;171;165;141;146;170;151;160;149;177;119;138;130;135;132;140;121;152;124;98;115;97;113;92;80;78;80;108;85;86;74;70;75;61;72;66;36;17;19;23;20;23;10;6;5;11;4;0;2;1
100003;Montemurlo;157;127;141;152;123;156;137;152;133;137;144;134;116;162;133;143;155;146;173;157;169;178;170;191;179;208;181;210;200;220;193;251;221;228;212;236;242;257;259;241;264;268;261;254;261;276;238;223;226;243;264;259;256;199;222;237;242;248;253;236;250;190;211;214;197;183;224;232;241;205;183;163;188;153;153;151;144;146;129;116;108;94;88;70;54;57;47;27;25;8;21;27;30;20;10;12;2;3;0;1;2
100004;Poggio a Caiano;71;80;68;84;77;67;78;84;73;58;56;77;70;87;68;88;76;92;78;78;88;67;104;98;83;97;111;112;105;119;128;135;130;141;150;137;136;150;130;128;152;126;143;131;156;127;112;131;122;146;121;140;117;130;132;154;145;130;144;156;122;123;122;115;101;102;110;105;101;78;92;76;69;63;73;66;70;66;58;73;62;62;64;42;46;41;30;24;22;9;14;10;20;12;9;1;8;0;2;0;3
100005;Prato;1408;1452;1410;1439;1371;1360;1405;1319;1356;1294;1308;1268;1287;1308;1400;1331;1366;1409;1404;1370;1485;1483;1432;1446;1520;1591;1716;1758;1947;1934;2157;2280;2408;2568;2510;2633;2603;2584;2603;2611;2645;2702;2802;2563;2454;2483;2467;2342;2353;2337;2257;2228;2166;2149;2183;2009;2117;2381;2437;2431;2466;1953;1942;1982;1884;1930;2177;2143;2218;1840;1745;1821;1691;1595;1605;1530;1620;1476;1463;1375;1313;1244;1172;1092;928;1042;823;484;292;250;318;328;279;224;200;117;92;53;34;30;31
100006;Vaiano;73;76;67;80;86;69;78;77;61;67;73;77;62;62;70;81;68;74;79;71;76;94;85;77;79;86;108;99;105;115;111;121;120;155;145;131;132;143;135;145;150;177;152;141;152;129;112;131;134;142;159;137;119;122;137;146;159;157;157;146;150;122;104;113;116;118;120;109;128;96;100;90;106;83;86;97;109;87;73;87;98;87;76;57;53;55;48;28;19;11;21;21;18;8;9;8;1;2;2;0;1
100007;Vernio;42;35;38;49;46;31;37;41;45;34;36;34;42;38;38;38;48;51;49;37;40;50;39;42;45;48;62;40;72;53;70;89;83;88;85;63;98;80;87;85;97;74;100;103;101;104;78;78;90;66;80;76;67;71;82;68;98;85;108;79;73;70;58;57;59;69;89;67;69;90;67;61;72;56;60;60;66;71;68;68;59;65;50;56;40;57;31;23;18;8;9;17;11;9;12;7;4;6;2;2;2
;Totale;1943;1932;1874;1958;1867;1831;1890;1818;1812;1718;1750;1697;1671;1768;1861;1806;1825;1890;1882;1842;2004;1992;1963;1979;2044;2184;2327;2396;2609;2657;2861;3134;3253;3476;3401;3507;3458;3508;3497;3495;3605;3651;3682;3483;3386;3346;3219;3121;3110;3142;3064;3071;2937;2869;2938;2795;2970;3186;3296;3239;3279;2604;2611;2642;2527;2572;2903;2806;2949;2470;2324;2359;2252;2089;2105;2021;2121;1948;1932;1837;1747;1644;1540;1417;1205;1350;1059;634;398;308;414;429;390;285;247;152;121;69;40;35;40
Territorio/Età;;0;1;2;3;4;5;6;7;8;9;10;11;12;13;14;15;16;17;18;19;20;21;22;23;24;25;26;27;28;29;30;31;32;33;34;35;36;37;38;39;40;41;42;43;44;45;46;47;48;49;50;51;52;53;54;55;56;57;58;59;60;61;62;63;64;65;66;67;68;69;70;71;72;73;74;75;76;77;78;79;80;81;82;83;84;85;86;87;88;89;90;91;92;93;94;95;96;97;98;99;100
Codice comune;Comune;Maschi
100001;Cantagallo;15;9;11;10;11;8;11;12;13;11;6;11;11;11;13;13;21;7;4;11;14;10;15;11;11;11;8;18;12;13;15;17;28;32;25;26;23;22;33;37;28;26;24;19;24;16;20;21;19;20;26;26;14;19;20;14;21;17;21;26;15;14;20;13;15;23;21;19;20;21;19;19;12;11;13;18;19;10;17;17;10;9;7;4;8;14;1;2;1;0;3;3;3;0;0;0;1;0;0;0;0
100002;Carmignano;82;66;73;59;73;63;66;61;62;51;56;43;44;47;76;60;41;46;39;58;59;52;48;49;49;64;62;75;78;91;86;123;117;92;120;142;113;129;114;113;123;137;97;121;120;99;99;93;77;88;80;86;81;88;67;78;84;77;87;82;94;51;66;59;78;70;85;54;76;57;44;54;43;56;50;24;32;42;48;36;32;34;30;28;19;21;21;16;4;9;9;6;9;4;1;1;3;0;0;0;0
100003;Montemurlo;73;70;77;79;68;68;65;80;69;76;81;73;52;78;66;74;89;73;92;76;94;87;83;99;86;112;90;107;114;105;105;135;112;128;110;114;115;121;124;120;147;124;134;139;108;136;104;111;110;127;127;124;117;106;122;111;118;126;125;113;114;97;103;105;95;93;118;111;119;93;90;77;102;79;65;69;75;76;54;62;54;36;30;30;15;17;17;7;8;1;8;9;5;5;3;3;0;0;0;0;0
100004;Poggio a Caiano;35;39;35;40;41;32;40;42;42;28;32;38;39;47;33;46;45;41;32;43;48;35;54;46;47;44;54;54;45;64;64;71;66;73;92;70;73;84;68;60;67;65;69;70;75;61;59;61;59;66;57;69;61;51;68;82;73;69;70;71;64;63;63;56;53;52;54;53;41;39;48;37;31;26;29;31;29;21;27;37;25;27;20;12;15;12;9;7;7;0;5;2;4;0;4;0;2;0;1;0;2
100005;Prato;728;782;703;746;700;719;702;684;679;680;671;674;655;660;688;669;736;709;710;723;732;771;709;750;791;830;875;866;1006;985;1073;1139;1233;1282;1276;1324;1352;1313;1316;1283;1324;1359;1370;1284;1223;1218;1227;1209;1143;1161;1072;1074;1041;1067;1023;983;1027;1119;1236;1168;1198;964;906;944;889;906;968;1031;1029;829;810;812;795;730;709;657;701;613;595;581;507;492;455;409;329;359;252;171;85;77;94;83;78;61;36;26;17;10;7;8;2
100006;Vaiano;42;33;30;38;46;31;36;39;26;34;37;37;29;35;28;41;39;41;41;36;36;53;44;40;38;49;64;47;55;63;54;63;75;75;73;67;66;67;80;70;78;83;73;72;72;55;58;69;57;69;74;77;65;58;76;63;76;92;74;82;83;60;50;60;53;54;60;58;70;47;52;41;46;40;38;37;44;42;31;28;43;35;30;22;21;26;14;12;5;1;5;4;3;1;3;2;0;0;0;0;0
100007;Vernio;27;14;15;25;22;19;22;17;23;16;18;16;19;24;23;23;19;27;24;21;17;24;20;15;23;29;24;18;41;25;40;41;44;46;50;36;54;44;38;41;57;38;53;46;49;48;44;40;48;37;40;45;35;34;52;30;46;40;59;34;41;35;28;34;31;30;46;31;42;38;31;27;28;23;27;25;24;29;21;27;21;22;19;23;9;22;12;4;2;0;3;7;7;4;1;0;1;0;0;2;0
;Totale;1002;1013;944;997;961;940;942;935;914;896;901;892;849;902;927;926;990;944;942;968;1000;1032;973;1010;1045;1139;1177;1185;1351;1346;1437;1589;1675;1728;1746;1779;1796;1780;1773;1724;1824;1832;1820;1751;1671;1633;1611;1604;1513;1568;1476;1501;1414;1423;1428;1361;1445;1540;1672;1576;1609;1284;1236;1271;1214;1228;1352;1357;1397;1124;1094;1067;1057;965;931;861;924;833;793;788;692;655;591;528;416;471;326;219;112;88;127;114;109;75;48;32;24;10;8;10;4
Territorio/Età;;0;1;2;3;4;5;6;7;8;9;10;11;12;13;14;15;16;17;18;19;20;21;22;23;24;25;26;27;28;29;30;31;32;33;34;35;36;37;38;39;40;41;42;43;44;45;46;47;48;49;50;51;52;53;54;55;56;57;58;59;60;61;62;63;64;65;66;67;68;69;70;71;72;73;74;75;76;77;78;79;80;81;82;83;84;85;86;87;88;89;90;91;92;93;94;95;96;97;98;99;100
Codice comune;Comune;Femmine
100001;Cantagallo;9;14;9;10;6;9;11;11;13;14;10;9;7;9;9;4;5;3;17;11;18;9;11;17;11;20;15;11;8;22;22;14;19;35;24;25;14;23;23;21;23;33;11;28;17;14;19;16;15;14;13;16;27;14;21;21;18;17;16;16;26;13;16;18;20;15;22;10;20;16;20;14;17;15;23;19;15;12;16;16;11;9;13;21;15;12;13;10;4;3;5;3;6;2;1;2;2;1;0;0;0
100002;Carmignano;86;73;57;75;74;68;67;61;56;52;61;44;32;44;54;48;45;62;39;49;55;49;59;48;67;59;64;73;82;90;79;104;127;137;130;114;97;120;113;114;123;108;92;123;101;98;74;86;74;86;64;103;90;77;74;68;86;74;73;67;83;68;72;71;57;62;55;67;76;67;54;61;54;57;42;56;46;38;60;49;54;40;40;47;42;51;45;20;13;10;14;14;14;6;5;4;8;4;0;2;1
100003;Montemurlo;84;57;64;73;55;88;72;72;64;61;63;61;64;84;67;69;66;73;81;81;75;91;87;92;93;96;91;103;86;115;88;116;109;100;102;122;127;136;135;121;117;144;127;115;153;140;134;112;116;116;137;135;139;93;100;126;124;122;128;123;136;93;108;109;102;90;106;121;122;112;93;86;86;74;88;82;69;70;75;54;54;58;58;40;39;40;30;20;17;7;13;18;25;15;7;9;2;3;0;1;2
100004;Poggio a Caiano;36;41;33;44;36;35;38;42;31;30;24;39;31;40;35;42;31;51;46;35;40;32;50;52;36;53;57;58;60;55;64;64;64;68;58;67;63;66;62;68;85;61;74;61;81;66;53;70;63;80;64;71;56;79;64;72;72;61;74;85;58;60;59;59;48;50;56;52;60;39;44;39;38;37;44;35;41;45;31;36;37;35;44;30;31;29;21;17;15;9;9;8;16;12;5;1;6;0;1;0;1
100005;Prato;680;670;707;693;671;641;703;635;677;614;637;594;632;648;712;662;630;700;694;647;753;712;723;696;729;761;841;892;941;949;1084;1141;1175;1286;1234;1309;1251;1271;1287;1328;1321;1343;1432;1279;1231;1265;1240;1133;1210;1176;1185;1154;1125;1082;1160;1026;1090;1262;1201;1263;1268;989;1036;1038;995;1024;1209;1112;1189;1011;935;1009;896;865;896;873;919;863;868;794;806;752;717;683;599;683;571;313;207;173;224;245;201;163;164;91;75;43;27;22;29
100006;Vaiano;31;43;37;42;40;38;42;38;35;33;36;40;33;27;42;40;29;33;38;35;40;41;41;37;41;37;44;52;50;52;57;58;45;80;72;64;66;76;55;75;72;94;79;69;80;74;54;62;77;73;85;60;54;64;61;83;83;65;83;64;67;62;54;53;63;64;60;51;58;49;48;49;60;43;48;60;65;45;42;59;55;52;46;35;32;29;34;16;14;10;16;17;15;7;6;6;1;2;2;0;1
100007;Vernio;15;21;23;24;24;12;15;24;22;18;18;18;23;14;15;15;29;24;25;16;23;26;19;27;22;19;38;22;31;28;30;48;39;42;35;27;44;36;49;44;40;36;47;57;52;56;34;38;42;29;40;31;32;37;30;38;52;45;49;45;32;35;30;23;28;39;43;36;27;52;36;34;44;33;33;35;42;42;47;41;38;43;31;33;31;35;19;19;16;8;6;10;4;5;11;7;3;6;2;0;2
;Totale;941;919;930;961;906;891;948;883;898;822;849;805;822;866;934;880;835;946;940;874;1004;960;990;969;999;1045;1150;1211;1258;1311;1424;1545;1578;1748;1655;1728;1662;1728;1724;1771;1781;1819;1862;1732;1715;1713;1608;1517;1597;1574;1588;1570;1523;1446;1510;1434;1525;1646;1624;1663;1670;1320;1375;1371;1313;1344;1551;1449;1552;1346;1230;1292;1195;1124;1174;1160;1197;1115;1139;1049;1055;989;949;889;789;879;733;415;286;220;287;315;281;210;199;120;97;59;32;25;36

"Ricostruzione della popolazione intercensuaria - Popolazione al 1° gennaio per età"
"Cittadinanza italiana - Anno: 2008 - Provincia: Prato"
Territorio/Età;;0;1;2;3;4;5;6;7;8;9;10;11;12;13;14;15;16;17;18;19;20;21;22;23;24;25;26;27;28;29;30;31;32;33;34;35;36;37;38;39;40;41;42;43;44;45;46;47;48;49;50;51;52;53;54;55;56;57;58;59;60;61;62;63;64;65;66;67;68;69;70;71;72;73;74;75;76;77;78;79;80;81;82;83;84;85;86;87;88;89;90;91;92;93;94;95;96;97;98;99;100
Codice comune;Comune;Totale
100001;Cantagallo;16;25;25;16;21;17;16;20;23;24;28;17;19;19;18;21;16;26;11;21;20;30;19;28;27;22;32;24;26;25;39;39;28;45;70;49;50;38;45;52;61;53;59;37;46;43;31;41;39;36;35;38;42;39;30;41;36;39;33;37;45;40;28;35;29;35;37;42;28;41;37;38;32;29;24;35;36;34;22;32;30;21;17;19;23;22;26;14;11;4;3;8;5;6;1;0;2;2;1;0;0
100002;Carmignano;141;161;132;129;133;143;131;130;125;118;101;121;91;80;97;132;107;90;111;78;110;113;103;104;102;120;126;129;154;162;187;177;248;254;237;254;262;211;248;230;226;240;249;189;240;217;196;169;181;155;178;150;195;172;166;148;146;168;156;163;151;177;122;136;131;134;131;139;118;153;124;100;113;94;110;88;75;78;77;109;82;86;71;68;71;62;66;60;35;16;17;20;16;18;9;6;2;5;2;0;1
100003;Montemurlo;132;151;132;146;149;128;159;143;149;138;136;144;134;115;160;126;139;155;143;175;158;173;179;177;188;180;209;177;211;201;228;199;250;220;221;218;228;237;254;255;239;253;268;263;255;268;273;238;219;229;249;263;264;254;195;222;236;241;246;251;233;252;186;212;212;199;180;222;231;241;201;177;160;189;154;148;148;140;140;128;107;105;89;84;63;54;48;42;26;21;8;18;22;25;16;5;10;2;3;0;3
100004;Poggio a Caiano;68;72;85;68;83;80;69;81;81;74;60;57;77;67;86;68;87;76;87;81;73;89;65;102;100;84;90;106;110;109;119;126;136;125;143;147;131;142;156;132;126;152;126;144;128;162;129;112;130;124;143;123;139;114;129;132;155;143;128;145;154;122;121;121;114;103;98;112;105;100;81;91;76;66;64;74;66;69;62;56;70;60;58;62;36;42;42;28;21;22;6;11;7;13;11;7;1;6;0;2;2
100005;Prato;1342;1396;1435;1400;1433;1361;1353;1399;1313;1363;1293;1300;1270;1283;1304;1397;1320;1356;1404;1405;1366;1480;1458;1399;1448;1509;1588;1696;1724;1926;1916;2128;2252;2362;2543;2483;2614;2569;2553;2581;2589;2635;2672;2773;2545;2422;2468;2452;2321;2332;2313;2246;2211;2156;2134;2150;1996;2096;2371;2410;2409;2454;1927;1911;1957;1862;1907;2146;2127;2186;1812;1717;1792;1656;1553;1568;1502;1581;1445;1414;1326;1241;1172;1099;1005;859;957;761;424;241;220;269;273;220;176;139;86;70;36;20;33
100006;Vaiano;78;80;71;69;78;86;74;81;75;62;67;74;77;61;63;71;78;71;76;77;71;74;94;85;75;76;85;106;101;109;116;108;125;127;161;149;134;132;148;134;135;153;176;155;138;156;130;110;127;132;137;163;137;117;125;141;146;156;157;161;144;146;124;105;112;118;119;118;108;127;91;100;87;106;81;84;95;109;87;71;85;94;82;74;56;49;52;44;25;18;8;20;18;16;6;6;2;2;1;2;1
100007;Vernio;37;40;37;42;48;43;32;37;38;46;36;36;35;43;38;40;44;49;50;51;41;40;50;36;46;49;49;63;43;75;56;70;90;88;85;88;63;100;84;93;85;97;77;103;105;104;102;79;78;89;70;80;77;66;74;84;69;100;87;111;79;71;72;58;57;59;69;90;66;67;89;68;59;71;58;62;57;63;69;65;67;56;62;46;50;37;49;26;19;17;7;7;14;6;7;8;3;5;5;2;2
;Totale;1814;1925;1917;1870;1945;1858;1834;1891;1804;1825;1721;1749;1703;1668;1766;1855;1791;1823;1882;1888;1839;1999;1968;1931;1986;2040;2179;2301;2369;2607;2661;2847;3129;3221;3460;3388;3482;3429;3488;3477;3461;3583;3627;3664;3457;3372;3329;3201;3095;3097;3125;3063;3065;2918;2853;2918;2784;2943;3178;3278;3215;3262;2580;2578;2612;2510;2541;2869;2783;2915;2435;2291;2319;2211;2044;2059;1979;2074;1902;1875;1767;1663;1551;1452;1304;1125;1240;975;561;339;269;353;355;304;226;171;106;92;48;26;42
Territorio/Età;;0;1;2;3;4;5;6;7;8;9;10;11;12;13;14;15;16;17;18;19;20;21;22;23;24;25;26;27;28;29;30;31;32;33;34;35;36;37;38;39;40;41;42;43;44;45;46;47;48;49;50;51;52;53;54;55;56;57;58;59;60;61;62;63;64;65;66;67;68;69;70;71;72;73;74;75;76;77;78;79;80;81;82;83;84;85;86;87;88;89;90;91;92;93;94;95;96;97;98;99;100
Codice comune;Comune;Maschi
100001;Cantagallo;5;14;11;9;10;11;8;11;12;11;14;7;12;11;11;13;12;21;7;4;10;13;10;15;11;9;12;8;16;14;14;17;17;25;31;23;27;24;22;30;38;26;26;26;18;24;16;22;23;20;21;23;27;13;17;20;15;21;17;21;29;15;14;20;13;16;22;21;18;20;21;19;18;12;10;13;17;19;10;16;15;10;8;6;3;8;14;1;2;1;0;3;2;0;0;0;0;0;0;0;0
100002;Carmignano;77;78;60;73;58;71;64;65;63;63;49;59;47;44;51;76;60;44;45;39;59;59;53;47;48;47;65;63;76;79;93;98;133;119;103;121;145;113;130;116;114;122;139;100;118;114;100;95;93;80;88;79;88;83;88;69;79;84;80;86;82;93;52;67;59;79;69;83;54;78;56;47;51;42;53;47;22;32;39;47;34;32;32;27;25;18;17;19;16;4;8;6;5;6;4;1;2;0;0;0;0
100003;Montemurlo;67;67;73;84;79;72;69;68;77;70;74;81;72;53;78;61;72;88;75;94;77;99;88;88;98;86;112;88;114;113;108;107;135;112;123;116;113;109;116;122;118;141;125;134;139;115;134;105;108;110;127;127;127;117;103;122;113;117;123;124;112;114;95;104;104;95;89;117;108;117;90;88;74;102;78;63;67;71;73;53;56;52;34;28;27;17;12;17;4;7;0;6;6;3;3;1;3;0;0;0;0
100004;Poggio a Caiano;39;34;41;33;40;42;34;40;42;43;30;32;38;40;46;34;44;45;41;32;42;47;32;52;46;46;41;52;58;48;63;63;68;66;71;89;64;75;87;70;62;67;63;70;68;79;63;59;63;58;65;61;71;57;51;68;83;73;69;71;68;61;62;61;56;52;51;56;53;41;40;48;39;31;26;29;31;28;19;27;35;23;24;20;8;11;12;9;6;7;0;5;1;2;0;3;0;2;0;1;2
100005;Prato;693;719;774;695;744;697;714;696;682;687;682;668;675;654;655;692;660;730;708;712;721;725;761;704;751;782;831;862;847;1002;982;1052;1115;1204;1263;1254;1315;1337;1291;1295;1260;1306;1331;1354;1275;1209;1205;1215;1191;1130;1146;1064;1064;1036;1053;1012;973;1013;1109;1221;1151;1188;955;889;926;873;900;951;1024;1006;805;790;785;775;699;689;643;679;594;569;558;468;456;412;360;296;312;228;140;66;70;77;66;60;49;16;20;15;8;4;6
100006;Vaiano;44;44;31;31;38;46;34;38;37;26;35;39;36;28;36;27;40;39;41;41;35;35;54;43;40;37;47;63;48;55;62;53;67;77;79;73;65;66;70;82;68;84;83;77;68;73;56;56;67;57;66;77;78;64;60;77;62;76;93;75;81;80;61;49;58;56;55;57;57;71;42;53;39;47;39;38;33;45;41;29;25;40;34;30;19;20;24;13;10;5;0;5;4;2;1;2;0;0;0;0;0
100007;Vernio;17;28;14;18;25;22;21;22;15;24;17;18;17;20;23;23;28;20;27;23;23;16;24;20;16;24;28;27;18;42;27;40;42;47;44;50;35;56;46;44;39;58;41;54;46;49;48;44;39;47;40;40;47;34;38;51;30;47;40;61;33;41;37;28;34;30;31;47;29;39;38;30;27;27;23;26;24;23;27;20;26;20;18;16;18;8;19;10;3;2;0;2;6;4;3;1;0;1;0;0;2
;Totale;942;984;1004;943;994;961;944;940;928;924;901;904;897;850;900;926;916;987;944;945;967;994;1022;969;1010;1031;1136;1163;1177;1353;1349;1430;1577;1650;1714;1726;1764;1780;1762;1759;1699;1804;1808;1815;1732;1663;1622;1596;1584;1502;1553;1471;1502;1404;1410;1419;1355;1431;1531;1659;1556;1592;1276;1218;1250;1201;1217;1332;1343;1372;1092;1075;1033;1036;928;905;837;897;803;761;749;645;606;539;460;378;410;297;181;92;78;104;90;77;60;24;25;18;8;5;10
Territorio/Età;;0;1;2;3;4;5;6;7;8;9;10;11;12;13;14;15;16;17;18;19;20;21;22;23;24;25;26;27;28;29;30;31;32;33;34;35;36;37;38;39;40;41;42;43;44;45;46;47;48;49;50;51;52;53;54;55;56;57;58;59;60;61;62;63;64;65;66;67;68;69;70;71;72;73;74;75;76;77;78;79;80;81;82;83;84;85;86;87;88;89;90;91;92;93;94;95;96;97;98;99;100
Codice comune;Comune;Femmine
100001;Cantagallo;11;11;14;7;11;6;8;9;11;13;14;10;7;8;7;8;4;5;4;17;10;17;9;13;16;13;20;16;10;11;25;22;11;20;39;26;23;14;23;22;23;27;33;11;28;19;15;19;16;16;14;15;15;26;13;21;21;18;16;16;16;25;14;15;16;19;15;21;10;21;16;19;14;17;14;22;19;15;12;16;15;11;9;13;20;14;12;13;9;3;3;5;3;6;1;0;2;2;1;0;0
100002;Carmignano;64;83;72;56;75;72;67;65;62;55;52;62;44;36;46;56;47;46;66;39;51;54;50;57;54;73;61;66;78;83;94;79;115;135;134;133;117;98;118;114;112;118;110;89;122;103;96;74;88;75;90;71;107;89;78;79;67;84;76;77;69;84;70;69;72;55;62;56;64;75;68;53;62;52;57;41;53;46;38;62;48;54;39;41;46;44;49;41;19;12;9;14;11;12;5;5;0;5;2;0;1
100003;Montemurlo;65;84;59;62;70;56;90;75;72;68;62;63;62;62;82;65;67;67;68;81;81;74;91;89;90;94;97;89;97;88;120;92;115;108;98;102;115;128;138;133;121;112;143;129;116;153;139;133;111;119;122;136;137;137;92;100;123;124;123;127;121;138;91;108;108;104;91;105;123;124;111;89;86;87;76;85;81;69;67;75;51;53;55;56;36;37;36;25;22;14;8;12;16;22;13;4;7;2;3;0;3
100004;Poggio a Caiano;29;38;44;35;43;38;35;41;39;31;30;25;39;27;40;34;43;31;46;49;31;42;33;50;54;38;49;54;52;61;56;63;68;59;72;58;67;67;69;62;64;85;63;74;60;83;66;53;67;66;78;62;68;57;78;64;72;70;59;74;86;61;59;60;58;51;47;56;52;59;41;43;37;35;38;45;35;41;43;29;35;37;34;42;28;31;30;19;15;15;6;6;6;11;11;4;1;4;0;1;0
100005;Prato;649;677;661;705;689;664;639;703;631;676;611;632;595;629;649;705;660;626;696;693;645;755;697;695;697;727;757;834;877;924;934;1076;1137;1158;1280;1229;1299;1232;1262;1286;1329;1329;1341;1419;1270;1213;1263;1237;1130;1202;1167;1182;1147;1120;1081;1138;1023;1083;1262;1189;1258;1266;972;1022;1031;989;1007;1195;1103;1180;1007;927;1007;881;854;879;859;902;851;845;768;773;716;687;645;563;645;533;284;175;150;192;207;160;127;123;66;55;28;16;27
100006;Vaiano;34;36;40;38;40;40;40;43;38;36;32;35;41;33;27;44;38;32;35;36;36;39;40;42;35;39;38;43;53;54;54;55;58;50;82;76;69;66;78;52;67;69;93;78;70;83;74;54;60;75;71;86;59;53;65;64;84;80;64;86;63;66;63;56;54;62;64;61;51;56;49;47;48;59;42;46;62;64;46;42;60;54;48;44;37;29;28;31;15;13;8;15;14;14;5;4;2;2;1;2;1
100007;Vernio;20;12;23;24;23;21;11;15;23;22;19;18;18;23;15;17;16;29;23;28;18;24;26;16;30;25;21;36;25;33;29;30;48;41;41;38;28;44;38;49;46;39;36;49;59;55;54;35;39;42;30;40;30;32;36;33;39;53;47;50;46;30;35;30;23;29;38;43;37;28;51;38;32;44;35;36;33;40;42;45;41;36;44;30;32;29;30;16;16;15;7;5;8;2;4;7;3;4;5;2;0
;Totale;872;941;913;927;951;897;890;951;876;901;820;845;806;818;866;929;875;836;938;943;872;1005;946;962;976;1009;1043;1138;1192;1254;1312;1417;1552;1571;1746;1662;1718;1649;1726;1718;1762;1779;1819;1849;1725;1709;1707;1605;1511;1595;1572;1592;1563;1514;1443;1499;1429;1512;1647;1619;1659;1670;1304;1360;1362;1309;1324;1537;1440;1543;1343;1216;1286;1175;1116;1154;1142;1177;1099;1114;1018;1018;945;913;844;747;830;678;380;247;191;249;265;227;166;147;81;74;40;21;32

"Ricostruzione della popolazione intercensuaria - Popolazione al 1° gennaio per età"
"Cittadinanza italiana - Anno: 2009 - Provincia: Prato"
Territorio/Età;;0;1;2;3;4;5;6;7;8;9;10;11;12;13;14;15;16;17;18;19;20;21;22;23;24;25;26;27;28;29;30;31;32;33;34;35;36;37;38;39;40;41;42;43;44;45;46;47;48;49;50;51;52;53;54;55;56;57;58;59;60;61;62;63;64;65;66;67;68;69;70;71;72;73;74;75;76;77;78;79;80;81;82;83;84;85;86;87;88;89;90;91;92;93;94;95;96;97;98;99;100
Codice comune;Comune;Totale
100001;Cantagallo;31;17;24;25;16;21;18;15;25;24;27;27;15;19;19;18;24;18;26;10;18;20;31;20;25;28;24;34;26;19;25;43;44;28;45;71;54;49;39;49;50;58;52;62;37;47;43;32;39;41;35;36;36;42;40;30;38;37;39;34;37;41;40;27;34;31;37;39;42;28;42;37;38;30;28;24;33;35;32;20;29;27;18;16;17;19;21;23;14;10;3;3;7;5;5;0;1;2;2;0;0
100002;Carmignano;165;148;154;140;128;135;147;129;137;127;115;99;124;93;81;97;130;107;89;111;78;107;116;108;107;105;133;129;137;157;161;192;188;259;269;236;255;268;211;251;230;235;244;251;194;245;221;201;166;180;156;186;155;195;167;167;145;144;167;157;161;150;184;122;137;133;132;129;133;118;153;121;97;113;93;106;87;71;79;73;105;81;76;64;64;67;57;62;53;30;16;18;19;12;16;6;5;1;2;1;1
100003;Montemurlo;128;130;155;132;143;148;122;155;143;151;138;138;145;133;117;161;125;139;158;143;173;156;171;179;175;185;178;216;182;203;199;221;192;249;211;220;218;219;230;249;252;243;251;273;273;257;264;268;237;223;230;248;260;263;250;190;220;235;243;245;252;234;247;184;211;214;198;179;221;230;240;193;173;162;188;150;148;148;140;132;122;103;104;80;79;63;47;44;38;23;19;7;18;21;19;13;3;6;2;2;1
100004;Poggio a Caiano;77;67;80;90;71;84;85;73;76;80;80;65;58;76;65;85;70;86;75;89;83;79;87;70;98;93;86;94;102;112;102;123;127;138;124;141;146;134;143;154;135;122;151;122;147;127;159;133;111;131;124;143;119;135;117;131;132;157;140;130;145;155;125;116;113;115;105;97;110;105;101;87;89;72;62;63;73;64;71;56;53;66;56;53;56;35;33;37;27;18;19;4;10;7;11;9;2;1;1;0;2
100005;Prato;1320;1346;1394;1411;1387;1429;1348;1348;1391;1314;1367;1286;1297;1272;1288;1296;1405;1326;1354;1409;1400;1363;1481;1440;1384;1445;1499;1575;1685;1726;1907;1881;2139;2267;2368;2530;2460;2609;2532;2544;2564;2582;2646;2668;2747;2539;2422;2451;2438;2304;2327;2289;2235;2202;2145;2113;2131;1968;2070;2341;2398;2372;2444;1912;1897;1936;1825;1886;2135;2114;2162;1790;1690;1756;1621;1516;1514;1457;1536;1384;1367;1269;1189;1103;1027;927;780;872;684;362;215;179;220;223;167;130;103;61;54;25;35
100006;Vaiano;63;79;81;72;68;83;85;75;82;77;63;68;79;77;61;66;70;75;71;74;82;71;75;96;85;71;77;83;105;108;108;118;104;126;129;171;155;133;138;148;139;140;155;173;152;135;157;132;115;122;130;138;166;136;116;126;142;149;160;157;162;146;146;124;101;115;119;119;118;109;128;93;99;86;104;80;85;90;99;80;69;83;89;76;68;54;48;51;39;24;15;7;14;14;11;6;5;2;2;1;3
100007;Vernio;46;35;43;38;41;47;45;32;41;39;46;37;37;36;42;38;41;46;46;51;52;41;44;48;37;45;51;48;60;48;72;60;76;86;85;85;88;67;96;86;92;85;97;82;102;99;103;97;81;78;90;71;81;80;69;73;88;71;104;91;110;85;73;75;58;57;57;68;90;68;67;91;68;56;70;50;62;55;62;67;67;67;52;60;44;45;37;41;19;18;12;3;5;13;5;7;6;1;3;1;2
;Totale;1830;1822;1931;1908;1854;1947;1850;1827;1895;1812;1836;1720;1755;1706;1673;1761;1865;1797;1819;1887;1886;1837;2005;1961;1911;1972;2048;2179;2297;2373;2574;2638;2870;3153;3231;3454;3376;3479;3389;3481;3462;3465;3596;3631;3652;3449;3369;3314;3187;3079;3092;3111;3052;3053;2904;2830;2896;2761;2923;3155;3265;3183;3259;2560;2551;2601;2473;2517;2849;2772;2893;2412;2254;2275;2166;1989;2002;1920;2019;1812;1812;1696;1584;1452;1355;1210;1023;1130;874;485;299;221;293;295;234;171;125;74;66;30;44
Territorio/Età;;0;1;2;3;4;5;6;7;8;9;10;11;12;13;14;15;16;17;18;19;20;21;22;23;24;25;26;27;28;29;30;31;32;33;34;35;36;37;38;39;40;41;42;43;44;45;46;47;48;49;50;51;52;53;54;55;56;57;58;59;60;61;62;63;64;65;66;67;68;69;70;71;72;73;74;75;76;77;78;79;80;81;82;83;84;85;86;87;88;89;90;91;92;93;94;95;96;97;98;99;100
Codice comune;Comune;Maschi
100001;Cantagallo;19;5;13;11;10;10;11;6;15;11;12;14;7;13;11;11;13;13;21;7;5;10;13;10;12;12;11;13;9;12;13;15;21;17;27;33;23;27;23;25;29;36;23;30;25;20;24;18;20;24;19;22;22;25;15;17;18;15;22;15;21;26;15;13;18;15;18;22;22;18;20;21;19;16;12;10;12;16;17;10;13;14;8;7;4;1;7;13;2;2;0;0;3;2;0;0;0;0;0;0;0
100002;Carmignano;97;79;79;62;72;59;74;64;72;65;61;48;62;50;44;50;75;60;45;46;40;57;60;55;47;48;56;70;66;77;81;98;99;139;123;101;125;148;114;132;119;121;125;137;103;122;115;105;93;92;82;92;82;90;84;89;68;78;82;78;81;80;96;52;66;62;78;68;77;54;82;54;44;51;41;49;45;23;32;37;45;34;29;24;25;22;17;17;16;14;4;7;6;4;6;3;1;1;0;0;0
100003;Montemurlo;69;64;68;75;84;78;65;69;66;78;69;75;82;72;53;80;60;74;93;73;93;75;95;90;90;97;87;115;90;107;115;103;104;134;107;124;116;110;103;112;122;118;138;126;142;141;115;130;105;110;111;127;124;128;116;100;121;112;118;122;124;111;114;95;105;106;93;90;117;108;118;85;85;74;101;74;64;68;70;69;49;52;53;27;26;27;12;13;13;3;6;0;6;6;1;2;0;2;0;0;0
100004;Poggio a Caiano;43;41;33;42;33;40;46;36;38;41;46;33;32;39;40;46;34;43;44;43;32;46;46;36;50;43;49;38;50;55;46;63;66;70;67;69;92;68;74;84;71;61;67;60;73;67;77;67;57;64;58;66;59;67;57;50;67;84;72;71;72;68;61;61;58;54;54;50;55;53;40;43;45;37;29;26;27;31;30;16;26;33;19;22;17;8;7;13;9;3;7;0;4;1;2;0;1;0;0;0;2
100005;Prato;669;701;723;765;687;751;687;707;691;687;696;678;667;672;662;650;699;661;725;708;708;719;728;757;695;755;776;834;852;852;987;962;1042;1124;1213;1256;1241;1312;1321;1285;1284;1253;1306;1335;1332;1272;1208;1200;1205;1180;1127;1130;1054;1058;1030;1034;997;962;998;1090;1216;1128;1184;941;874;915;851;881;944;1013;987;784;773;767;750;676;660;613;653;562;541;520;444;421;387;323;264;277;202;116;57;54;65;52;40;33;8;18;10;8;10
100006;Vaiano;33;43;42;32;31;41;46;36;39;38;25;37;43;37;27;36;26;38;39;41;41;35;35;55;43;34;37;44;61;53;57;60;51;69;77;85;76;59;69;70;85;73;86;81;76;67;75;53;61;61;55;67;77;77;65;60;78;64;76;96;75;80;80;61;50;56;56;55;57;57;71;43;53;39;47;38;38;29;40;38;28;24;36;29;29;20;19;23;12;10;5;0;3;2;2;1;2;0;0;0;0
100007;Vernio;23;17;30;14;18;24;24;21;26;18;23;17;19;18;19;23;24;28;20;27;24;23;19;21;19;17;24;27;28;20;43;30;43;41;39;43;51;36;54;50;44;38;59;43;52;42;48;46;45;38;47;40;40;47;34;37;55;33;49;44;61;35;40;39;28;35;31;31;47;27;39;40;30;26;26;19;26;23;23;27;21;27;18;18;15;15;8;11;7;3;0;0;1;4;4;3;1;0;0;0;2
;Totale;953;950;988;1001;935;1003;953;939;947;938;932;902;912;901;856;896;931;917;987;945;943;965;996;1024;956;1006;1040;1141;1156;1176;1342;1331;1426;1594;1653;1711;1724;1760;1758;1758;1754;1700;1804;1812;1803;1731;1662;1619;1586;1569;1499;1544;1458;1492;1401;1387;1404;1348;1417;1516;1650;1528;1590;1262;1199;1243;1181;1197;1319;1330;1357;1070;1049;1010;1006;892;872;803;865;759;723;704;607;548;503;416;334;367;261;151;79;61;88;71;55;42;13;21;10;8;14
Territorio/Età;;0;1;2;3;4;5;6;7;8;9;10;11;12;13;14;15;16;17;18;19;20;21;22;23;24;25;26;27;28;29;30;31;32;33;34;35;36;37;38;39;40;41;42;43;44;45;46;47;48;49;50;51;52;53;54;55;56;57;58;59;60;61;62;63;64;65;66;67;68;69;70;71;72;73;74;75;76;77;78;79;80;81;82;83;84;85;86;87;88;89;90;91;92;93;94;95;96;97;98;99;100
Codice comune;Comune;Femmine
100001;Cantagallo;12;12;11;14;6;11;7;9;10;13;15;13;8;6;8;7;11;5;5;3;13;10;18;10;13;16;13;21;17;7;12;28;23;11;18;38;31;22;16;24;21;22;29;32;12;27;19;14;19;17;16;14;14;17;25;13;20;22;17;19;16;15;25;14;16;16;19;17;20;10;22;16;19;14;16;14;21;19;15;10;16;13;10;9;13;18;14;10;12;8;3;3;4;3;5;0;1;2;2;0;0
100002;Carmignano;68;69;75;78;56;76;73;65;65;62;54;51;62;43;37;47;55;47;44;65;38;50;56;53;60;57;77;59;71;80;80;94;89;120;146;135;130;120;97;119;111;114;119;114;91;123;106;96;73;88;74;94;73;105;83;78;77;66;85;79;80;70;88;70;71;71;54;61;56;64;71;67;53;62;52;57;42;48;47;36;60;47;47;40;39;45;40;45;37;16;12;11;13;8;10;3;4;0;2;1;1
100003;Montemurlo;59;66;87;57;59;70;57;86;77;73;69;63;63;61;64;81;65;65;65;70;80;81;76;89;85;88;91;101;92;96;84;118;88;115;104;96;102;109;127;137;130;125;113;147;131;116;149;138;132;113;119;121;136;135;134;90;99;123;125;123;128;123;133;89;106;108;105;89;104;122;122;108;88;88;87;76;84;80;70;63;73;51;51;53;53;36;35;31;25;20;13;7;12;15;18;11;3;4;2;2;1
100004;Poggio a Caiano;34;26;47;48;38;44;39;37;38;39;34;32;26;37;25;39;36;43;31;46;51;33;41;34;48;50;37;56;52;57;56;60;61;68;57;72;54;66;69;70;64;61;84;62;74;60;82;66;54;67;66;77;60;68;60;81;65;73;68;59;73;87;64;55;55;61;51;47;55;52;61;44;44;35;33;37;46;33;41;40;27;33;37;31;39;27;26;24;18;15;12;4;6;6;9;9;1;1;1;0;0
100005;Prato;651;645;671;646;700;678;661;641;700;627;671;608;630;600;626;646;706;665;629;701;692;644;753;683;689;690;723;741;833;874;920;919;1097;1143;1155;1274;1219;1297;1211;1259;1280;1329;1340;1333;1415;1267;1214;1251;1233;1124;1200;1159;1181;1144;1115;1079;1134;1006;1072;1251;1182;1244;1260;971;1023;1021;974;1005;1191;1101;1175;1006;917;989;871;840;854;844;883;822;826;749;745;682;640;604;516;595;482;246;158;125;155;171;127;97;95;43;44;17;25
100006;Vaiano;30;36;39;40;37;42;39;39;43;39;38;31;36;40;34;30;44;37;32;33;41;36;40;41;42;37;40;39;44;55;51;58;53;57;52;86;79;74;69;78;54;67;69;92;76;68;82;79;54;61;75;71;89;59;51;66;64;85;84;61;87;66;66;63;51;59;63;64;61;52;57;50;46;47;57;42;47;61;59;42;41;59;53;47;39;34;29;28;27;14;10;7;11;12;9;5;3;2;2;1;3
100007;Vernio;23;18;13;24;23;23;21;11;15;21;23;20;18;18;23;15;17;18;26;24;28;18;25;27;18;28;27;21;32;28;29;30;33;45;46;42;37;31;42;36;48;47;38;39;50;57;55;51;36;40;43;31;41;33;35;36;33;38;55;47;49;50;33;36;30;22;26;37;43;41;28;51;38;30;44;31;36;32;39;40;46;40;34;42;29;30;29;30;12;15;12;3;4;9;1;4;5;1;3;1;0
;Totale;877;872;943;907;919;944;897;888;948;874;904;818;843;805;817;865;934;880;832;942;943;872;1009;937;955;966;1008;1038;1141;1197;1232;1307;1444;1559;1578;1743;1652;1719;1631;1723;1708;1765;1792;1819;1849;1718;1707;1695;1601;1510;1593;1567;1594;1561;1503;1443;1492;1413;1506;1639;1615;1655;1669;1298;1352;1358;1292;1320;1530;1442;1536;1342;1205;1265;1160;1097;1130;1117;1154;1053;1089;992;977;904;852;794;689;763;613;334;220;160;205;224;179;129;112;53;56;22;30

"Ricostruzione della popolazione intercensuaria - Popolazione al 1° gennaio per età"
"Cittadinanza italiana - Anno: 2010 - Provincia: Prato"
Territorio/Età;;0;1;2;3;4;5;6;7;8;9;10;11;12;13;14;15;16;17;18;19;20;21;22;23;24;25;26;27;28;29;30;31;32;33;34;35;36;37;38;39;40;41;42;43;44;45;46;47;48;49;50;51;52;53;54;55;56;57;58;59;60;61;62;63;64;65;66;67;68;69;70;71;72;73;74;75;76;77;78;79;80;81;82;83;84;85;86;87;88;89;90;91;92;93;94;95;96;97;98;99;100
Codice comune;Comune;Totale
100001;Cantagallo;23;35;18;25;29;16;18;17;15;25;26;27;27;14;20;18;19;22;19;26;14;18;23;31;24;26;28;25;40;35;23;28;45;44;31;50;70;53;51;36;52;50;57;50;61;37;47;43;33;41;44;40;37;38;42;41;30;41;37;40;35;39;38;40;27;33;30;39;37;40;28;43;35;39;27;27;20;33;36;31;17;28;27;18;16;17;17;18;18;14;8;3;3;6;5;5;0;1;2;2;0
100002;Carmignano;147;164;143;148;145;127;134;149;128;141;127;118;100;119;95;84;97;129;108;92;114;80;111;118;112;109;116;141;137;139;161;160;191;199;255;267;233;256;267;213;253;234;234;244;249;196;244;217;200;174;182;160;185;157;195;173;168;146;147;168;156;162;148;185;126;141;131;129;126;131;118;152;116;91;108;88;104;86;66;79;71;98;79;73;57;62;61;53;56;43;24;12;18;17;9;10;5;4;0;2;1
100003;Montemurlo;134;133;130;154;130;146;150;123;154;146;150;141;137;145;137;122;160;126;135;154;147;172;154;172;179;171;180;177;209;175;195;202;211;188;245;213;214;218;212;234;252;258;243;253;270;274;254;264;265;236;216;230;248;260;256;251;188;223;231;243;242;248;226;248;181;209;208;197;175;215;229;239;188;168;161;187;144;142;147;134;125;116;95;94;73;77;59;49;40;32;21;13;6;15;15;12;9;3;6;1;2
100004;Poggio a Caiano;84;75;71;87;95;71;88;84;72;78;79;80;67;58;79;63;83;74;82;76;88;74;78;89;67;94;88;82;96;105;110;97;120;134;151;139;145;148;134;143;154;134;127;151;122;148;123;158;131;109;130;123;140;116;131;114;134;129;154;140;131;141;154;122;113;107;113;103;99;105;104;103;86;89;69;63;61;72;59;70;53;49;62;50;48;50;38;33;36;24;15;16;4;7;6;8;7;3;1;1;1
100005;Prato;1225;1317;1376;1378;1401;1364;1427;1354;1349;1394;1319;1382;1295;1301;1275;1291;1304;1412;1333;1353;1409;1405;1368;1474;1437;1387;1439;1512;1605;1720;1728;1932;1898;2140;2285;2389;2523;2444;2607;2549;2543;2559;2576;2654;2674;2747;2535;2442;2438;2442;2286;2327;2281;2237;2196;2138;2094;2124;1960;2049;2328;2393;2361;2428;1884;1873;1920;1813;1861;2116;2085;2129;1752;1656;1721;1586;1487;1466;1397;1461;1339;1307;1201;1122;1039;965;864;697;795;601;315;175;142;180;179;120;90;77;47;32;37
100006;Vaiano;80;67;82;79;75;73;84;91;77;85;76;62;67;77;75;62;64;68;75;74;72;84;71;78;95;86;67;76;82;103;112;106;117;117;124;129;179;158;133;142;150;136;141;152;173;155;136;156;130;119;122;133;136;164;137;115;125;140;147;162;152;168;151;148;126;103;115;120;117;114;108;128;92;100;84;103;77;82;90;98;76;68;81;82;67;64;48;43;48;33;22;11;4;12;12;8;5;1;2;1;1
100007;Vernio;56;43;32;41;35;42;45;42;33;38;38;46;40;37;35;41;38;41;45;46;47;52;36;46;52;33;43;55;46;61;55;70;63;74;86;88;86;87;69;95;87;97;84;101;81;103;98;101;95;84;81;87;74;81;80;70;76;87;71;101;89;106;87;75;73;59;58;60;68;90;66;66;91;67;53;66;52;58;50;60;58;63;62;50;50;43;37;31;36;20;17;6;4;5;10;3;5;5;1;2;0
;Totale;1749;1834;1852;1912;1910;1839;1946;1860;1828;1907;1815;1856;1733;1751;1716;1681;1765;1872;1797;1821;1891;1885;1841;2008;1966;1906;1961;2068;2215;2338;2384;2595;2645;2896;3177;3275;3450;3364;3473;3412;3491;3468;3462;3605;3630;3660;3437;3381;3292;3205;3061;3100;3101;3053;3037;2902;2815;2890;2747;2903;3133;3257;3165;3246;2530;2525;2575;2461;2483;2811;2738;2860;2360;2210;2223;2120;1945;1939;1845;1933;1739;1729;1607;1489;1350;1278;1124;924;1029;767;422;236;181;242;236;166;121;94;59;41;42
Territorio/Età;;0;1;2;3;4;5;6;7;8;9;10;11;12;13;14;15;16;17;18;19;20;21;22;23;24;25;26;27;28;29;30;31;32;33;34;35;36;37;38;39;40;41;42;43;44;45;46;47;48;49;50;51;52;53;54;55;56;57;58;59;60;61;62;63;64;65;66;67;68;69;70;71;72;73;74;75;76;77;78;79;80;81;82;83;84;85;86;87;88;89;90;91;92;93;94;95;96;97;98;99;100
Codice comune;Comune;Maschi
100001;Cantagallo;12;19;6;14;12;10;9;10;6;15;13;13;14;7;14;11;12;11;13;21;10;5;10;13;12;13;13;13;18;14;14;16;14;22;20;28;35;24;28;20;27;29;35;23;30;24;17;23;18;21;26;20;21;23;25;15;17;19;14;23;15;21;22;18;13;18;14;20;20;22;18;20;20;20;16;12;9;12;15;16;9;12;14;7;6;4;1;5;10;3;1;0;0;2;2;0;0;0;0;0;0
100002;Carmignano;77;95;77;78;69;75;61;76;63;74;64;64;51;57;49;44;49;74;61;47;47;43;61;62;55;49;54;61;73;68;78;79;94;104;134;120;101;128;143;115;133;122;120;123;136;101;119;109;107;96;93;82;90;81;91;89;90;71;79;83;76;81;80;98;56;68;57;74;65;75;55;81;50;42;48;37;48;46;21;32;37;40;33;27;20;24;21;15;14;13;12;2;7;5;3;1;2;1;0;0;0
100003;Montemurlo;78;74;65;68;71;87;79;64;72;67;78;72;75;81;72;56;79;62;72;90;74;92;73;97;91;90;98;88;114;88;105;113;100;97;130;108;118;119;106;107;113;129;121;136;127;145;137;113;128;105;106;109;126;122;126;115;98;125;109;117;120;123;108;115;92;102;103;94;88;111;108;117;81;82;74;99;70;62;67;68;63;48;49;48;24;26;23;13;11;10;3;4;0;4;3;1;2;0;2;0;0
100004;Poggio a Caiano;51;43;45;38;46;32;41;44;36;38;42;45;35;32;41;37;45;36;40;43;45;31;43;47;36;48;41;46;42;53;54;45;55;67;74;74;70;92;69;74;84;69;62;65;61;75;66;77;63;57;64;55;64;60;66;54;51;66;82;72;71;70;67;60;57;55;53;54;52;52;53;42;44;44;36;29;24;26;30;31;16;23;31;17;19;17;9;8;11;7;2;6;0;3;0;2;0;1;0;0;1
100005;Prato;633;669;718;715;762;668;750;696;705;694;691;706;682;667;674;664;651;703;663;721;710;716;719;723;756;688;757;783;834;866;859;996;969;1033;1138;1225;1260;1229;1309;1325;1285;1283;1250;1310;1330;1343;1275;1218;1195;1206;1166;1134;1127;1055;1052;1029;1021;992;961;987;1080;1211;1119;1167;918;865;905;837;863;931;994;969;759;751;741;726;654;631;576;611;535;503;483;412;386;352;293;236;245;183;101;43;43;51;45;25;24;6;16;6;10
100006;Vaiano;41;35;45;39;34;34;40;50;37;40;38;23;34;42;36;29;36;26;39;38;41;42;35;39;53;45;34;39;43;56;55;54;62;55;68;77;90;76;59;73;72;85;75;84;79;78;70;73;52;62;59;57;67;76;76;64;62;78;63;76;93;78;84;79;63;53;57;56;54;54;56;71;40;54;37;46;37;36;29;38;36;27;22;35;24;27;18;17;20;10;7;4;0;2;2;1;0;1;0;0;0
100007;Vernio;22;21;15;30;12;19;23;23;20;24;17;23;19;19;17;18;23;24;27;20;27;24;22;19;24;17;16;24;26;29;24;44;30;41;41;39;43;48;38;55;48;46;37;61;43;52;40;47;45;46;40;45;43;41;46;35;38;54;33;47;44;59;35;40;37;28;35;34;33;48;27;39;41;29;24;25;19;25;21;22;23;20;26;16;12;13;12;5;10;7;3;0;1;1;2;3;2;1;0;0;0
;Totale;914;956;971;982;1006;925;1003;963;939;952;943;946;910;905;903;859;895;936;915;980;954;953;963;1000;1027;950;1013;1054;1150;1174;1189;1347;1324;1419;1605;1671;1717;1716;1752;1769;1762;1763;1700;1802;1806;1818;1724;1660;1608;1593;1554;1502;1538;1458;1482;1401;1377;1405;1341;1405;1499;1643;1515;1577;1236;1189;1224;1169;1175;1293;1311;1339;1035;1022;976;974;861;838;759;818;719;673;658;562;491;463;377;299;321;233;129;59;51;68;57;33;30;10;18;6;11
Territorio/Età;;0;1;2;3;4;5;6;7;8;9;10;11;12;13;14;15;16;17;18;19;20;21;22;23;24;25;26;27;28;29;30;31;32;33;34;35;36;37;38;39;40;41;42;43;44;45;46;47;48;49;50;51;52;53;54;55;56;57;58;59;60;61;62;63;64;65;66;67;68;69;70;71;72;73;74;75;76;77;78;79;80;81;82;83;84;85;86;87;88;89;90;91;92;93;94;95;96;97;98;99;100
Codice comune;Comune;Femmine
100001;Cantagallo;11;16;12;11;17;6;9;7;9;10;13;14;13;7;6;7;7;11;6;5;4;13;13;18;12;13;15;12;22;21;9;12;31;22;11;22;35;29;23;16;25;21;22;27;31;13;30;20;15;20;18;20;16;15;17;26;13;22;23;17;20;18;16;22;14;15;16;19;17;18;10;23;15;19;11;15;11;21;21;15;8;16;13;11;10;13;16;13;8;11;7;3;3;4;3;5;0;1;2;2;0
100002;Carmignano;70;69;66;70;76;52;73;73;65;67;63;54;49;62;46;40;48;55;47;45;67;37;50;56;57;60;62;80;64;71;83;81;97;95;121;147;132;128;124;98;120;112;114;121;113;95;125;108;93;78;89;78;95;76;104;84;78;75;68;85;80;81;68;87;70;73;74;55;61;56;63;71;66;49;60;51;56;40;45;47;34;58;46;46;37;38;40;38;42;30;12;10;11;12;6;9;3;3;0;2;1
100003;Montemurlo;56;59;65;86;59;59;71;59;82;79;72;69;62;64;65;66;81;64;63;64;73;80;81;75;88;81;82;89;95;87;90;89;111;91;115;105;96;99;106;127;139;129;122;117;143;129;117;151;137;131;110;121;122;138;130;136;90;98;122;126;122;125;118;133;89;107;105;103;87;104;121;122;107;86;87;88;74;80;80;66;62;68;46;46;49;51;36;36;29;22;18;9;6;11;12;11;7;3;4;1;2
100004;Poggio a Caiano;33;32;26;49;49;39;47;40;36;40;37;35;32;26;38;26;38;38;42;33;43;43;35;42;31;46;47;36;54;52;56;52;65;67;77;65;75;56;65;69;70;65;65;86;61;73;57;81;68;52;66;68;76;56;65;60;83;63;72;68;60;71;87;62;56;52;60;49;47;53;51;61;42;45;33;34;37;46;29;39;37;26;31;33;29;33;29;25;25;17;13;10;4;4;6;6;7;2;1;1;0
100005;Prato;592;648;658;663;639;696;677;658;644;700;628;676;613;634;601;627;653;709;670;632;699;689;649;751;681;699;682;729;771;854;869;936;929;1107;1147;1164;1263;1215;1298;1224;1258;1276;1326;1344;1344;1404;1260;1224;1243;1236;1120;1193;1154;1182;1144;1109;1073;1132;999;1062;1248;1182;1242;1261;966;1008;1015;976;998;1185;1091;1160;993;905;980;860;833;835;821;850;804;804;718;710;653;613;571;461;550;418;214;132;99;129;134;95;66;71;31;26;27
100006;Vaiano;39;32;37;40;41;39;44;41;40;45;38;39;33;35;39;33;28;42;36;36;31;42;36;39;42;41;33;37;39;47;57;52;55;62;56;52;89;82;74;69;78;51;66;68;94;77;66;83;78;57;63;76;69;88;61;51;63;62;84;86;59;90;67;69;63;50;58;64;63;60;52;57;52;46;47;57;40;46;61;60;40;41;59;47;43;37;30;26;28;23;15;7;4;10;10;7;5;0;2;1;1
100007;Vernio;34;22;17;11;23;23;22;19;13;14;21;23;21;18;18;23;15;17;18;26;20;28;14;27;28;16;27;31;20;32;31;26;33;33;45;49;43;39;31;40;39;51;47;40;38;51;58;54;50;38;41;42;31;40;34;35;38;33;38;54;45;47;52;35;36;31;23;26;35;42;39;27;50;38;29;41;33;33;29;38;35;43;36;34;38;30;25;26;26;13;14;6;3;4;8;0;3;4;1;2;0
;Totale;835;878;881;930;904;914;943;897;889;955;872;910;823;846;813;822;870;936;882;841;937;932;878;1008;939;956;948;1014;1065;1164;1195;1248;1321;1477;1572;1604;1733;1648;1721;1643;1729;1705;1762;1803;1824;1842;1713;1721;1684;1612;1507;1598;1563;1595;1555;1501;1438;1485;1406;1498;1634;1614;1650;1669;1294;1336;1351;1292;1308;1518;1427;1521;1325;1188;1247;1146;1084;1101;1086;1115;1020;1056;949;927;859;815;747;625;708;534;293;177;130;174;179;133;91;84;41;35;31

"Ricostruzione della popolazione intercensuaria - Popolazione al 1° gennaio per età"
"Cittadinanza italiana - Anno: 2011 - Provincia: Prato"
Territorio/Età;;0;1;2;3;4;5;6;7;8;9;10;11;12;13;14;15;16;17;18;19;20;21;22;23;24;25;26;27;28;29;30;31;32;33;34;35;36;37;38;39;40;41;42;43;44;45;46;47;48;49;50;51;52;53;54;55;56;57;58;59;60;61;62;63;64;65;66;67;68;69;70;71;72;73;74;75;76;77;78;79;80;81;82;83;84;85;86;87;88;89;90;91;92;93;94;95;96;97;98;99;100
Codice comune;Comune;Totale
100001;Cantagallo;30;24;33;19;29;29;15;24;17;16;27;25;29;27;13;18;17;19;18;17;27;14;19;21;31;23;28;26;25;41;30;24;32;42;51;33;54;68;51;51;40;54;50;54;51;62;36;46;38;32;39;46;40;38;39;39;41;35;42;38;40;38;40;38;40;26;32;31;37;37;39;30;43;35;35;26;28;20;34;34;30;18;28;25;17;17;15;16;18;16;9;7;2;2;2;4;6;0;0;1;0
100002;Carmignano;139;151;162;150;144;143;124;143;144;132;139;127;117;100;121;95;81;97;124;109;93;113;79;113;122;112;112;119;156;144;143;163;169;192;199;258;270;235;259;273;211;252;242;234;243;246;194;240;224;197;178;181;162;192;164;196;170;168;151;152;169;157;161;149;186;121;137;134;131;125;131;119;148;117;91;101;84;96;80;67;74;68;90;70;66;52;54;56;47;49;41;15;9;13;15;5;10;5;1;0;1
100003;Montemurlo;127;146;133;133;155;135;142;147;120;151;151;145;142;138;146;138;123;158;125;137;155;151;172;158;180;179;172;178;175;207;175;196;198;218;192;240;221;216;221;212;235;253;260;242;247;272;269;252;265;268;236;218;230;247;258;254;254;186;217;232;240;244;245;225;248;184;204;210;191;173;211;228;240;182;163;157;184;141;140;146;128;123;107;83;80;68;65;50;44;34;30;16;11;5;11;15;9;6;3;4;3
100004;Poggio a Caiano;90;83;76;69;90;92;70;85;83;76;80;79;78;67;58;81;62;85;73;84;77;92;77;75;87;65;99;89;85;88;106;105;100;122;124;155;134;148;150;134;140;154;131;127;151;123;150;129;153;132;107;129;125;138;115;132;114;131;125;152;132;131;142;152;121;116;105;112;101;98;103;104;107;85;89;64;58;59;73;58;69;53;50;60;51;46;44;37;31;27;20;12;16;4;4;4;6;5;1;1;2
100005;Prato;1214;1261;1305;1377;1362;1384;1354;1418;1351;1359;1385;1332;1384;1299;1303;1270;1301;1301;1421;1345;1356;1398;1409;1375;1459;1433;1395;1440;1483;1608;1694;1713;1903;1881;2118;2260;2393;2510;2424;2592;2515;2528;2565;2577;2660;2678;2755;2536;2430;2422;2433;2262;2315;2266;2216;2189;2141;2075;2103;1943;2035;2320;2378;2342;2408;1871;1863;1896;1789;1847;2091;2045;2113;1729;1631;1690;1546;1451;1401;1344;1413;1280;1248;1140;1048;961;915;780;618;702;517;272;147;109;149;149;88;71;60;27;48
100006;Vaiano;73;73;65;79;75;71;73;80;91;76;84;75;62;68;77;77;62;66;70;76;76;74;82;70;82;95;87;72;79;85;104;114;114;115;116;129;129;173;161;141;144;152;134;145;150;171;156;136;156;128;122;123;137;137;162;137;115;123;141;145;162;151;172;149;147;123;99;113;116;115;111;105;126;95;98;82;103;74;79;87;92;72;63;77;77;63;56;49;37;46;25;19;11;4;10;10;6;7;1;2;0
100007;Vernio;42;56;44;33;39;33;40;46;41;30;38;35;46;40;36;36;42;38;42;46;45;46;52;39;43;49;35;41;58;47;60;55;65;62;75;82;88;94;90;65;94;84;95;83;99;84;100;101;101;95;79;82;85;72;82;83;70;81;86;70;98;88;106;89;75;74;60;55;61;68;85;66;68;90;62;52;63;53;58;50;57;55;58;59;42;40;39;33;24;27;19;16;3;4;4;7;4;4;4;0;2
;Totale;1715;1794;1818;1860;1894;1887;1818;1943;1847;1840;1904;1818;1858;1739;1754;1715;1688;1764;1873;1814;1829;1888;1890;1851;2004;1956;1928;1965;2061;2220;2312;2370;2581;2632;2875;3157;3289;3444;3356;3468;3379;3477;3477;3462;3601;3636;3660;3440;3367;3274;3194;3041;3094;3090;3036;3030;2905;2799;2865;2732;2876;3129;3244;3144;3225;2515;2500;2551;2426;2463;2771;2697;2845;2333;2169;2172;2066;1894;1865;1786;1863;1669;1644;1514;1381;1247;1188;1021;819;901;661;357;199;141;195;194;129;98;70;35;56
Territorio/Età;;0;1;2;3;4;5;6;7;8;9;10;11;12;13;14;15;16;17;18;19;20;21;22;23;24;25;26;27;28;29;30;31;32;33;34;35;36;37;38;39;40;41;42;43;44;45;46;47;48;49;50;51;52;53;54;55;56;57;58;59;60;61;62;63;64;65;66;67;68;69;70;71;72;73;74;75;76;77;78;79;80;81;82;83;84;85;86;87;88;89;90;91;92;93;94;95;96;97;98;99;100
Codice comune;Comune;Maschi
100001;Cantagallo;17;13;19;8;16;11;9;11;11;7;16;12;15;14;7;12;11;12;10;11;21;10;5;10;13;11;13;11;13;18;13;14;19;12;24;21;30;33;23;29;24;27;28;33;24;30;23;15;19;16;19;25;20;22;23;23;14;20;21;15;23;18;23;22;18;12;16;15;19;20;21;20;19;20;17;15;13;9;13;13;15;9;13;12;6;7;3;2;5;10;1;1;0;0;1;1;0;0;0;0;0
100002;Carmignano;75;81;92;81;76;70;72;65;76;63;71;65;64;50;57;50;43;50;70;60;48;46;43;62;66;53;51;56;65;78;73;82;86;98;106;130;121;102;129;147;115;127;130;119;125;137;100;119;112;105;97;90;80;95;86;91;88;88;74;82;82;77;84;80;100;54;65;59;74;64;74;55;81;50;42;47;35;45;43;20;31;35;36;28;25;19;20;19;14;12;12;6;2;3;5;2;1;2;0;0;0
100003;Montemurlo;63;82;76;70;69;71;84;79;62;68;66;78;71;75;81;70;57;76;62;73;90;77;93;73;101;92;91;93;84;113;91;106;106;101;95;125;117;117;120;106;109;117;129;119;130;129;141;132;114;125;103;111;111;124;120;123;119;96;119;112;113;120;120;107;116;94;100;106;88;88;110;108;118;80;79;73;97;68;61;63;68;61;42;43;40;24;24;18;13;8;11;2;2;0;0;2;1;2;0;2;0
100004;Poggio a Caiano;52;46;44;41;39;43;35;39;41;40;41;41;44;34;32;42;36;46;36;41;44;49;32;42;47;35;50;41;47;38;52;52;47;55;61;74;68;70;91;68;72;81;68;63;64;61;75;69;71;65;57;66;57;61;59;67;53;49;64;79;68;72;70;66;60;58;53;52;53;51;51;54;43;41;44;34;26;22;27;28;30;16;23;28;17;17;14;11;8;6;7;2;6;0;1;0;2;0;1;0;1
100005;Prato;664;653;661;713;706;753;655;748;690;709;698;702;703;689;670;673;669;650;711;666;723;706;716;730;717;755;687;754;763;830;854;845;975;956;1026;1118;1216;1247;1220;1306;1310;1279;1287;1254;1312;1343;1345;1280;1211;1189;1198;1150;1123;1114;1035;1051;1036;1010;980;945;980;1074;1197;1106;1159;912;855;886;825;853;916;969;953;742;731;720;702;641;597;547;585;498;462;453;376;350;331;254;208;210;150;83;38;28;44;37;17;20;7;9;8
100006;Vaiano;33;36;32;44;37;35;36;39;50;36;39;36;23;35;42;36;29;36;27;41;39;42;42;35;41;54;43;38;40;45;58;54;59;63;53;69;77;87;75;63;73;74;85;76;82;77;80;72;70;52;64;62;60;70;76;77;61;62;78;62;75;92;82;81;78;61;51;56;53;52;51;54;70;41;53;34;47;34;32;30;36;34;25;23;32;21;22;18;14;18;7;6;3;0;2;2;2;1;1;0;0
100007;Vernio;25;22;21;15;29;12;19;23;23;20;24;15;23;19;18;17;17;24;25;27;20;27;25;22;19;24;19;15;25;28;30;25;42;30;41;41;40;49;50;34;55;47;46;35;60;45;50;40;48;46;43;39;45;41;42;47;34;43;53;33;45;43;58;36;40;37;27;32;34;32;45;29;40;41;25;24;24;19;25;21;20;22;17;23;14;8;12;9;4;8;5;3;0;1;1;0;2;2;1;0;0
;Totale;929;933;945;972;972;995;910;1004;953;943;955;949;943;916;907;900;862;894;941;919;985;957;956;974;1004;1024;954;1008;1037;1150;1171;1178;1334;1315;1406;1578;1669;1705;1708;1753;1758;1752;1773;1699;1797;1822;1814;1727;1645;1598;1581;1543;1496;1527;1441;1479;1405;1368;1389;1328;1386;1496;1634;1498;1571;1228;1167;1206;1146;1160;1268;1289;1324;1015;991;947;944;838;798;722;785;675;618;610;510;446;426;331;266;272;193;103;51;32;54;44;25;27;10;11;9
Territorio/Età;;0;1;2;3;4;5;6;7;8;9;10;11;12;13;14;15;16;17;18;19;20;21;22;23;24;25;26;27;28;29;30;31;32;33;34;35;36;37;38;39;40;41;42;43;44;45;46;47;48;49;50;51;52;53;54;55;56;57;58;59;60;61;62;63;64;65;66;67;68;69;70;71;72;73;74;75;76;77;78;79;80;81;82;83;84;85;86;87;88;89;90;91;92;93;94;95;96;97;98;99;100
Codice comune;Comune;Femmine
100001;Cantagallo;13;11;14;11;13;18;6;13;6;9;11;13;14;13;6;6;6;7;8;6;6;4;14;11;18;12;15;15;12;23;17;10;13;30;27;12;24;35;28;22;16;27;22;21;27;32;13;31;19;16;20;21;20;16;16;16;27;15;21;23;17;20;17;16;22;14;16;16;18;17;18;10;24;15;18;11;15;11;21;21;15;9;15;13;11;10;12;14;13;6;8;6;2;2;1;3;6;0;0;1;0
100002;Carmignano;64;70;70;69;68;73;52;78;68;69;68;62;53;50;64;45;38;47;54;49;45;67;36;51;56;59;61;63;91;66;70;81;83;94;93;128;149;133;130;126;96;125;112;115;118;109;94;121;112;92;81;91;82;97;78;105;82;80;77;70;87;80;77;69;86;67;72;75;57;61;57;64;67;67;49;54;49;51;37;47;43;33;54;42;41;33;34;37;33;37;29;9;7;10;10;3;9;3;1;0;1
100003;Montemurlo;64;64;57;63;86;64;58;68;58;83;85;67;71;63;65;68;66;82;63;64;65;74;79;85;79;87;81;85;91;94;84;90;92;117;97;115;104;99;101;106;126;136;131;123;117;143;128;120;151;143;133;107;119;123;138;131;135;90;98;120;127;124;125;118;132;90;104;104;103;85;101;120;122;102;84;84;87;73;79;83;60;62;65;40;40;44;41;32;31;26;19;14;9;5;11;13;8;4;3;2;3
100004;Poggio a Caiano;38;37;32;28;51;49;35;46;42;36;39;38;34;33;26;39;26;39;37;43;33;43;45;33;40;30;49;48;38;50;54;53;53;67;63;81;66;78;59;66;68;73;63;64;87;62;75;60;82;67;50;63;68;77;56;65;61;82;61;73;64;59;72;86;61;58;52;60;48;47;52;50;64;44;45;30;32;37;46;30;39;37;27;32;34;29;30;26;23;21;13;10;10;4;3;4;4;5;0;1;1
100005;Prato;550;608;644;664;656;631;699;670;661;650;687;630;681;610;633;597;632;651;710;679;633;692;693;645;742;678;708;686;720;778;840;868;928;925;1092;1142;1177;1263;1204;1286;1205;1249;1278;1323;1348;1335;1410;1256;1219;1233;1235;1112;1192;1152;1181;1138;1105;1065;1123;998;1055;1246;1181;1236;1249;959;1008;1010;964;994;1175;1076;1160;987;900;970;844;810;804;797;828;782;786;687;672;611;584;526;410;492;367;189;109;81;105;112;71;51;53;18;40
100006;Vaiano;40;37;33;35;38;36;37;41;41;40;45;39;39;33;35;41;33;30;43;35;37;32;40;35;41;41;44;34;39;40;46;60;55;52;63;60;52;86;86;78;71;78;49;69;68;94;76;64;86;76;58;61;77;67;86;60;54;61;63;83;87;59;90;68;69;62;48;57;63;63;60;51;56;54;45;48;56;40;47;57;56;38;38;54;45;42;34;31;23;28;18;13;8;4;8;8;4;6;0;2;0
100007;Vernio;17;34;23;18;10;21;21;23;18;10;14;20;23;21;18;19;25;14;17;19;25;19;27;17;24;25;16;26;33;19;30;30;23;32;34;41;48;45;40;31;39;37;49;48;39;39;50;61;53;49;36;43;40;31;40;36;36;38;33;37;53;45;48;53;35;37;33;23;27;36;40;37;28;49;37;28;39;34;33;29;37;33;41;36;28;32;27;24;20;19;14;13;3;3;3;7;2;2;3;0;2
;Totale;786;861;873;888;922;892;908;939;894;897;949;869;915;823;847;815;826;870;932;895;844;931;934;877;1000;932;974;957;1024;1070;1141;1192;1247;1317;1469;1579;1620;1739;1648;1715;1621;1725;1704;1763;1804;1814;1846;1713;1722;1676;1613;1498;1598;1563;1595;1551;1500;1431;1476;1404;1490;1633;1610;1646;1654;1287;1333;1345;1280;1303;1503;1408;1521;1318;1178;1225;1122;1056;1067;1064;1078;994;1026;904;871;801;762;690;553;629;468;254;148;109;141;150;104;71;60;24;47

"Ricostruzione della popolazione intercensuaria - Popolazione al 1° gennaio per età"
"Cittadinanza italiana - Anno: 2012 - Provincia: Prato"
Territorio/Età;;0;1;2;3;4;5;6;7;8;9;10;11;12;13;14;15;16;17;18;19;20;21;22;23;24;25;26;27;28;29;30;31;32;33;34;35;36;37;38;39;40;41;42;43;44;45;46;47;48;49;50;51;52;53;54;55;56;57;58;59;60;61;62;63;64;65;66;67;68;69;70;71;72;73;74;75;76;77;78;79;80;81;82;83;84;85;86;87;88;89;90;91;92;93;94;95;96;97;98;99;100
Codice comune;Comune;Totale
100001;Cantagallo;35;33;24;34;19;30;28;17;26;17;15;27;26;30;25;13;19;17;19;19;16;28;15;20;22;35;24;28;26;27;38;33;27;33;51;52;34;56;73;56;52;40;55;50;55;51;62;36;44;37;33;37;47;40;38;39;39;41;33;40;37;39;40;39;39;41;28;33;30;35;36;37;30;42;34;35;24;28;19;33;32;27;16;26;22;17;15;13;14;18;16;9;6;2;0;1;4;5;0;0;0
100002;Carmignano;128;137;151;159;149;144;141;126;145;143;130;139;128;120;101;123;96;80;96;124;111;94;110;81;114;117;118;120;120;167;152;141;179;181;199;209;267;271;236;260;277;215;252;243;232;242;243;194;240;225;195;175;176;164;195;159;194;169;166;158;151;167;158;158;152;185;121;134;132;129;121;130;116;147;117;91;101;84;97;79;65;71;64;85;67;65;50;49;55;43;43;34;11;9;13;13;4;7;4;1;1
100003;Montemurlo;123;134;154;137;142;156;136;144;150;117;152;150;144;142;140;148;135;122;161;127;137;156;156;182;163;181;181;170;187;179;200;178;201;190;229;191;252;230;220;220;221;235;254;256;241;252;274;275;251;265;269;235;216;226;250;258;256;258;184;212;234;238;243;240;223;243;185;204;204;191;170;205;224;235;178;160;153;176;136;137;140;123;116;101;80;74;63;62;45;38;29;28;13;11;4;8;10;7;6;3;2
100004;Poggio a Caiano;72;88;88;80;71;92;95;66;86;82;74;80;79;76;67;59;81;65;82;72;84;74;93;78;72;90;62;99;90;82;91;104;97;100;120;122;149;132;144;149;132;139;153;131;128;151;119;151;127;146;130;108;136;122;140;115;131;114;129;121;155;133;129;142;151;121;116;110;114;99;96;98;101;106;82;89;60;56;58;69;55;63;48;47;59;47;41;43;34;27;22;16;10;13;3;4;2;5;3;1;1
100005;Prato;1121;1211;1258;1284;1376;1350;1379;1340;1401;1347;1352;1389;1327;1379;1293;1290;1265;1300;1297;1409;1346;1354;1385;1409;1366;1450;1429;1389;1423;1476;1606;1683;1714;1897;1873;2112;2235;2363;2487;2404;2565;2490;2501;2553;2558;2646;2680;2739;2525;2440;2406;2414;2256;2308;2244;2198;2188;2131;2064;2092;1926;2013;2293;2369;2313;2381;1842;1836;1880;1774;1824;2068;2000;2082;1703;1607;1651;1516;1421;1361;1296;1360;1218;1167;1076;968;866;826;708;545;598;439;213;117;94;119;115;64;45;38;43
100006;Vaiano;58;75;78;69;81;79;72;70;83;95;77;84;74;65;70;78;76;61;68;71;73;75;74;80;70;80;91;86;79;77;89;109;111;111;114;122;129;133;177;164;143;141;152;134;151;148;172;155;139;153;132;122;124;136;136;167;131;115;126;141;149;163;149;170;151;150;122;98;110;117;112;109;103;124;95;96;83;100;71;79;86;87;68;59;74;69;60;51;46;33;39;22;16;9;3;9;7;5;5;0;1
100007;Vernio;45;38;57;40;33;39;34;38;45;41;31;38;35;48;40;35;35;41;38;42;46;46;46;54;38;47;47;35;43;59;45;60;53;68;63;78;82;85;95;89;64;95;86;94;85;97;84;97;103;98;97;78;83;85;71;82;85;70;83;88;75;97;88;108;91;74;72;58;55;60;66;84;65;65;89;57;53;62;51;59;45;54;53;54;58;41;34;35;30;21;20;19;16;3;3;3;2;4;3;2;2
;Totale;1582;1716;1810;1803;1871;1890;1885;1801;1936;1842;1831;1907;1813;1860;1736;1746;1707;1686;1761;1864;1813;1827;1879;1904;1845;2000;1952;1927;1968;2067;2221;2308;2382;2580;2649;2886;3148;3270;3432;3342;3454;3355;3453;3461;3450;3587;3634;3647;3429;3364;3262;3169;3038;3081;3074;3018;3024;2898;2785;2852;2727;2850;3100;3226;3120;3195;2486;2473;2525;2405;2425;2731;2639;2801;2298;2135;2125;2022;1853;1817;1719;1785;1583;1539;1436;1281;1129;1079;932;725;767;567;285;164;120;157;144;97;66;45;50
Territorio/Età;;0;1;2;3;4;5;6;7;8;9;10;11;12;13;14;15;16;17;18;19;20;21;22;23;24;25;26;27;28;29;30;31;32;33;34;35;36;37;38;39;40;41;42;43;44;45;46;47;48;49;50;51;52;53;54;55;56;57;58;59;60;61;62;63;64;65;66;67;68;69;70;71;72;73;74;75;76;77;78;79;80;81;82;83;84;85;86;87;88;89;90;91;92;93;94;95;96;97;98;99;100
Codice comune;Comune;Maschi
100001;Cantagallo;23;17;14;19;8;17;11;10;11;11;6;16;13;15;12;7;12;11;11;10;11;22;10;4;11;15;12;13;11;14;18;13;14;19;17;26;23;31;35;25;29;25;27;28;33;24;30;24;14;19;16;18;25;20;22;21;23;14;19;21;14;23;20;22;22;18;14;17;14;18;19;20;20;18;19;17;14;13;8;13;11;13;8;12;9;6;6;3;2;4;10;1;1;0;0;1;1;0;0;0;0
100002;Carmignano;69;73;79;90;81;75;67;73;66;76;60;71;66;65;50;58;51;44;49;68;62;48;44;43;62;62;54;54;53;69;82;71;86;89;109;109;135;119;104;129;148;119;125;132;120;122;135;102;119;112;102;94;89;78;96;82;90;88;87;77;82;81;80;82;82;98;54;63;58;72;61;72;53;80;50;42;48;35;44;41;19;29;32;34;26;24;18;18;18;11;11;9;4;2;3;4;1;1;1;0;0
100003;Montemurlo;59;63;85;77;74;68;74;85;82;61;69;65;77;71;76;82;67;57;77;61;74;91;81;98;75;101;94;88;96;86;102;93;107;101;102;92;130;122;119;118;116;112;119;128;116;134;129;144;131;114;126;103;111;111;123;119;123;122;94;116;114;113;116;116;105;114;94;100;102;88;86;105;106;114;77;76;70;91;62;61;60;61;56;40;41;37;24;22;15;12;5;11;1;2;0;0;0;1;2;0;1
100004;Poggio a Caiano;36;51;48;47;43;39;48;33;39;41;39;42;41;44;34;32;42;37;44;35;41;44;50;32;41;47;32;46;42;46;41;50;51;47;53;58;66;68;66;89;67;69;83;68;64;64;59;76;68;67;64;58;70;55;63;59;65;53;50;60;82;68;72;70;66;60;57;56;53;50;50;48;52;44;40;45;31;24;21;24;26;26;14;22;24;16;14;13;9;7;5;6;1;4;0;1;0;2;0;0;0
100005;Prato;573;659;651;642;712;699;743;647;739;691;709;696;698;704;686;658;671;669;653;709;669;717;700;719;726;708;756;689;755;758;824;843;838;972;950;1020;1107;1198;1226;1211;1286;1301;1257;1272;1239;1302;1345;1336;1269;1208;1179;1186;1150;1123;1097;1024;1052;1029;997;974;932;973;1052;1186;1091;1134;892;838;875;819;837;896;937;929;724;717;698;691;620;574;524;560;469;418;416;341;303;292;230;175;180;124;57;29;22;38;27;8;10;7;9
100006;Vaiano;27;34;39;37;43;40;34;35;39;54;36;38;36;25;36;43;36;29;37;27;38;38;43;42;35;39;52;43;40;39;48;61;54;53;62;52;70;76;90;76;66;72;74;85;78;81;79;80;75;69;53;64;63;59;70;77;73;62;65;77;64;73;90;81;82;80;60;50;54;53;51;50;52;68;40;52;36;44;32;32;30;33;32;22;22;26;18;20;18;13;14;6;4;3;0;1;2;2;0;0;0
100007;Vernio;22;23;24;19;16;29;14;19;24;23;21;25;15;24;20;17;17;17;23;25;27;20;27;27;22;21;23;20;16;26;26;30;25;41;31;43;42;39;49;48;34;55;48;48;36;59;46;47;41;47;49;43;40;43;40;42;47;35;43;55;37;43;42;59;36;41;36;27;32;33;30;44;28;39;39;25;23;23;19;25;18;18;22;14;22;13;7;10;7;4;7;5;3;0;1;1;0;2;1;1;0
;Totale;809;920;940;931;977;967;991;902;1000;957;940;953;946;948;914;897;896;864;894;935;922;980;955;965;972;993;1023;953;1013;1038;1141;1161;1175;1322;1324;1400;1573;1653;1689;1696;1746;1753;1733;1761;1686;1786;1823;1809;1717;1636;1589;1566;1548;1489;1511;1424;1473;1403;1355;1380;1325;1374;1472;1616;1484;1545;1207;1151;1188;1133;1134;1235;1248;1292;989;974;920;921;806;770;688;740;633;562;560;463;390;378;299;226;232;162;71;40;26;46;31;16;14;8;10
Territorio/Età;;0;1;2;3;4;5;6;7;8;9;10;11;12;13;14;15;16;17;18;19;20;21;22;23;24;25;26;27;28;29;30;31;32;33;34;35;36;37;38;39;40;41;42;43;44;45;46;47;48;49;50;51;52;53;54;55;56;57;58;59;60;61;62;63;64;65;66;67;68;69;70;71;72;73;74;75;76;77;78;79;80;81;82;83;84;85;86;87;88;89;90;91;92;93;94;95;96;97;98;99;100
Codice comune;Comune;Femmine
100001;Cantagallo;12;16;10;15;11;13;17;7;15;6;9;11;13;15;13;6;7;6;8;9;5;6;5;16;11;20;12;15;15;13;20;20;13;14;34;26;11;25;38;31;23;15;28;22;22;27;32;12;30;18;17;19;22;20;16;18;16;27;14;19;23;16;20;17;17;23;14;16;16;17;17;17;10;24;15;18;10;15;11;20;21;14;8;14;13;11;9;10;12;14;6;8;5;2;0;0;3;5;0;0;0
100002;Carmignano;59;64;72;69;68;69;74;53;79;67;70;68;62;55;51;65;45;36;47;56;49;46;66;38;52;55;64;66;67;98;70;70;93;92;90;100;132;152;132;131;129;96;127;111;112;120;108;92;121;113;93;81;87;86;99;77;104;81;79;81;69;86;78;76;70;87;67;71;74;57;60;58;63;67;67;49;53;49;53;38;46;42;32;51;41;41;32;31;37;32;32;25;7;7;10;9;3;6;3;1;1
100003;Montemurlo;64;71;69;60;68;88;62;59;68;56;83;85;67;71;64;66;68;65;84;66;63;65;75;84;88;80;87;82;91;93;98;85;94;89;127;99;122;108;101;102;105;123;135;128;125;118;145;131;120;151;143;132;105;115;127;139;133;136;90;96;120;125;127;124;118;129;91;104;102;103;84;100;118;121;101;84;83;85;74;76;80;62;60;61;39;37;39;40;30;26;24;17;12;9;4;8;10;6;4;3;1
100004;Poggio a Caiano;36;37;40;33;28;53;47;33;47;41;35;38;38;32;33;27;39;28;38;37;43;30;43;46;31;43;30;53;48;36;50;54;46;53;67;64;83;64;78;60;65;70;70;63;64;87;60;75;59;79;66;50;66;67;77;56;66;61;79;61;73;65;57;72;85;61;59;54;61;49;46;50;49;62;42;44;29;32;37;45;29;37;34;25;35;31;27;30;25;20;17;10;9;9;3;3;2;3;3;1;1
100005;Prato;548;552;607;642;664;651;636;693;662;656;643;693;629;675;607;632;594;631;644;700;677;637;685;690;640;742;673;700;668;718;782;840;876;925;923;1092;1128;1165;1261;1193;1279;1189;1244;1281;1319;1344;1335;1403;1256;1232;1227;1228;1106;1185;1147;1174;1136;1102;1067;1118;994;1040;1241;1183;1222;1247;950;998;1005;955;987;1172;1063;1153;979;890;953;825;801;787;772;800;749;749;660;627;563;534;478;370;418;315;156;88;72;81;88;56;35;31;34
100006;Vaiano;31;41;39;32;38;39;38;35;44;41;41;46;38;40;34;35;40;32;31;44;35;37;31;38;35;41;39;43;39;38;41;48;57;58;52;70;59;57;87;88;77;69;78;49;73;67;93;75;64;84;79;58;61;77;66;90;58;53;61;64;85;90;59;89;69;70;62;48;56;64;61;59;51;56;55;44;47;56;39;47;56;54;36;37;52;43;42;31;28;20;25;16;12;6;3;8;5;3;5;0;1
100007;Vernio;23;15;33;21;17;10;20;19;21;18;10;13;20;24;20;18;18;24;15;17;19;26;19;27;16;26;24;15;27;33;19;30;28;27;32;35;40;46;46;41;30;40;38;46;49;38;38;50;62;51;48;35;43;42;31;40;38;35;40;33;38;54;46;49;55;33;36;31;23;27;36;40;37;26;50;32;30;39;32;34;27;36;31;40;36;28;27;25;23;17;13;14;13;3;2;2;2;2;2;1;2
;Totale;773;796;870;872;894;923;894;899;936;885;891;954;867;912;822;849;811;822;867;929;891;847;924;939;873;1007;929;974;955;1029;1080;1147;1207;1258;1325;1486;1575;1617;1743;1646;1708;1602;1720;1700;1764;1801;1811;1838;1712;1728;1673;1603;1490;1592;1563;1594;1551;1495;1430;1472;1402;1476;1628;1610;1636;1650;1279;1322;1337;1272;1291;1496;1391;1509;1309;1161;1205;1101;1047;1047;1031;1045;950;977;876;818;739;701;633;499;535;405;214;124;94;111;113;81;52;37;40

"Ricostruzione della popolazione intercensuaria - Popolazione al 1° gennaio per età"
"Cittadinanza italiana - Anno: 2013 - Provincia: Prato"
Territorio/Età;;0;1;2;3;4;5;6;7;8;9;10;11;12;13;14;15;16;17;18;19;20;21;22;23;24;25;26;27;28;29;30;31;32;33;34;35;36;37;38;39;40;41;42;43;44;45;46;47;48;49;50;51;52;53;54;55;56;57;58;59;60;61;62;63;64;65;66;67;68;69;70;71;72;73;74;75;76;77;78;79;80;81;82;83;84;85;86;87;88;89;90;91;92;93;94;95;96;97;98;99;100
Codice comune;Comune;Totale
100001;Cantagallo;25;33;27;22;33;22;29;29;20;27;18;15;27;24;30;26;11;18;18;18;18;16;28;17;23;21;35;21;29;31;30;39;30;26;37;53;49;35;55;73;56;52;44;54;47;56;49;61;36;45;37;35;37;51;40;37;39;38;40;33;39;37;39;39;40;39;41;28;30;29;36;36;37;30;41;33;35;24;27;19;29;30;25;16;23;21;17;16;12;12;17;12;9;6;2;0;1;3;4;0;0
100002;Carmignano;119;127;130;148;153;142;144;136;129;144;150;129;142;131;122;103;123;97;84;96;121;113;93;105;81;115;116;119;115;125;167;156;151;179;183;209;209;269;260;233;259;276;211;250;242;229;252;239;199;241;225;193;174;173;161;192;159;195;172;169;156;148;169;158;153;153;184;118;133;132;127;119;126;112;146;115;89;93;81;92;78;61;63;59;85;64;60;48;41;45;36;33;31;11;8;10;8;3;5;3;1
100003;Montemurlo;132;123;134;147;137;142;155;131;149;153;123;153;149;144;141;140;147;137;120;164;127;136;156;155;184;159;177;181;166;186;172;195;169;203;188;222;184;247;236;217;222;219;244;254;259;249;251;280;270;251;266;269;233;220;228;246;259;250;253;180;210;233;239;242;234;220;240;178;202;200;188;168;205;221;233;175;159;147;175;128;133;136;113;111;88;74;73;59;54;41;31;24;25;8;10;3;5;5;4;5;2
100004;Poggio a Caiano;59;71;94;90;86;71;91;95;67;87;77;73;80;78;75;67;57;82;65;83;70;81;75;93;78;72;93;62;101;92;78;93;103;99;98;121;120;143;133;143;151;136;143;155;134;129;147;116;150;125;143;130;111;135;123;142;112;129;113;127;121;153;128;129;140;150;124;110;106;112;101;95;97;103;105;83;86;59;55;55;70;53;60;46;43;57;43;36;33;31;23;17;13;6;11;2;3;1;3;2;2
100005;Prato;1126;1146;1237;1250;1292;1363;1361;1388;1335;1401;1351;1352;1401;1324;1390;1289;1305;1279;1289;1306;1431;1354;1373;1406;1402;1368;1458;1442;1382;1413;1497;1610;1689;1722;1902;1869;2124;2223;2360;2507;2391;2565;2501;2494;2558;2539;2658;2672;2732;2512;2443;2403;2390;2246;2310;2242;2191;2184;2118;2041;2071;1913;1996;2272;2352;2270;2358;1822;1817;1867;1753;1803;2038;1975;2033;1657;1577;1616;1450;1376;1305;1241;1302;1161;1110;994;871;795;733;624;456;514;355;166;87;76;92;79;40;31;53
100006;Vaiano;59;58;70;81;67;82;78;72;70;82;92;77;86;71;65;68;76;76;64;71;69;73;75;72;80;70;82;91;87;81;81;88;110;102;107;113;113;130;130;172;164;143;143;151;135;150;147;165;159;135;155;137;122;125;134;134;164;131;116;127;138;149;163;147;167;153;150;122;99;105;115;111;104;99;121;95;93;81;95;70;76;83;85;65;61;67;62;52;48;38;25;35;20;12;6;2;8;5;4;4;0
100007;Vernio;24;46;34;57;41;35;38;33;37;46;41;30;36;36;47;41;35;36;44;35;41;49;44;49;50;42;49;50;38;45;55;44;60;51;69;67;84;82;85;94;88;65;96;86;98;86;95;84;97;101;98;97;79;83;84;70;83;84;74;83;91;76;95;87;104;93;74;74;63;57;60;65;81;66;64;89;56;54;63;48;58;44;52;51;45;53;41;35;30;28;19;19;16;12;2;1;3;2;4;1;4
;Totale;1544;1604;1726;1795;1809;1857;1896;1884;1807;1940;1852;1829;1921;1808;1870;1734;1754;1725;1684;1773;1877;1822;1844;1897;1898;1847;2010;1966;1918;1973;2080;2225;2312;2382;2584;2654;2883;3129;3259;3439;3331;3456;3382;3444;3473;3438;3599;3617;3643;3410;3367;3264;3146;3033;3080;3063;3007;3011;2886;2760;2826;2709;2829;3074;3190;3078;3171;2452;2450;2502;2380;2397;2688;2606;2743;2247;2095;2074;1946;1788;1749;1648;1700;1509;1455;1330;1167;1041;951;819;607;654;469;221;126;94;120;98;64;46;62
Territorio/Età;;0;1;2;3;4;5;6;7;8;9;10;11;12;13;14;15;16;17;18;19;20;21;22;23;24;25;26;27;28;29;30;31;32;33;34;35;36;37;38;39;40;41;42;43;44;45;46;47;48;49;50;51;52;53;54;55;56;57;58;59;60;61;62;63;64;65;66;67;68;69;70;71;72;73;74;75;76;77;78;79;80;81;82;83;84;85;86;87;88;89;90;91;92;93;94;95;96;97;98;99;100
Codice comune;Comune;Maschi
100001;Cantagallo;15;22;14;14;19;9;16;12;11;12;11;6;15;12;15;13;5;11;11;10;9;12;23;12;4;10;16;11;14;13;15;19;12;15;22;19;25;22;30;32;26;30;28;27;27;34;25;30;23;15;19;17;18;27;19;22;22;22;14;19;20;14;23;21;23;22;18;15;16;14;19;19;20;20;18;19;17;14;12;8;13;11;13;8;9;10;6;6;2;1;4;6;1;1;0;0;1;1;0;0;0
100002;Carmignano;68;68;68;80;86;81;76;66;73;66;78;62;74;68;67;51;58;51;46;48;67;64;47;43;42;62;59;57;53;54;74;83;74;86;92;111;112;132;116;106;127;147;117;125;131;119;126;131;106;121;113;101;93;88;77;95;82;89;86;87;75;80;84;78;80;83;99;52;61;58;72;60;68;50;79;48;41;43;32;43;40;18;23;29;34;24;22;16;13;15;8;10;9;4;1;2;2;0;0;1;0
100003;Montemurlo;71;57;66;84;76;76;69;70;88;85;63;69;67;76;71;77;83;70;56;78;61;73;92;81;99;75;99;94;92;92;79;97;87;108;98;104;87;125;122;120;119;118;121;120;129;120;137;133;142;133;114;125;103;112;112;121;122;117;119;89;116;114;111;115;113;105;113;88;97;97;86;85;105;104;112;75;76;69;88;57;60;55;57;52;36;36;35;20;18;12;9;4;9;1;2;0;0;0;0;2;1
100004;Poggio a Caiano;27;35;53;49;49;42;39;46;32;40;40;35;42;41;43;33;30;44;37;46;35;39;45;49;33;40;51;31;44;47;41;43;45;51;49;53;53;66;66;66;90;68;72;84;69;64;62;55;77;67;66;64;59;69;56;64;57;65;53;49;59;80;64;71;68;64;61;52;54;53;52;49;48;53;43;41;42;28;22;20;24;22;27;13;19;23;15;14;9;10;7;5;5;0;4;0;1;0;2;0;0
100005;Prato;541;593;664;637;644;699;699;747;646;742;692;705;702;691;709;686;667;680;665;656;718;673;724;709;720;719;714;771;683;747;768;829;844;834;959;947;1025;1108;1195;1231;1199;1282;1308;1257;1279;1231;1312;1338;1332;1256;1210;1185;1168;1141;1122;1094;1021;1048;1026;989;965;923;955;1043;1177;1066;1123;879;821;863;804;825;882;920;899;702;701;667;647;597;548;502;523;436;387;382;311;264;246;195;137;151;94;46;23;17;30;14;5;6;10
100006;Vaiano;28;28;30;39;38;44;39;33;37;39;54;36;39;34;26;36;41;36;31;38;27;38;39;41;43;36;40;49;46;41;41;47;63;47;52;63;44;73;73;86;78;67;71;72;85;77;78;76;80;71;71;53;66;63;59;68;76;72;63;64;76;63;75;89;79;82;79;61;51;53;52;51;47;47;65;40;50;35;41;32;30;27;31;30;24;20;23;16;18;14;10;13;5;3;1;0;1;2;2;0;0
100007;Vernio;14;24;21;24;20;17;29;14;18;24;24;20;23;16;24;19;17;16;18;22;24;28;19;28;24;24;24;25;20;17;25;27;30;25;40;34;47;42;38;50;47;37;55;48;51;36;56;44;46;41;47;50;44;39;43;41;43;47;37;44;56;37;42;41;58;37;40;36;30;33;34;28;41;29;38;39;24;23;22;18;25;18;17;22;11;21;12;9;8;6;4;6;3;1;0;1;1;0;2;1;1
;Totale;764;827;916;927;932;968;967;988;905;1008;962;933;962;938;955;915;901;908;864;898;941;927;989;963;965;966;1003;1038;952;1011;1043;1145;1155;1166;1312;1331;1393;1568;1640;1691;1686;1749;1772;1733;1771;1681;1796;1807;1806;1704;1640;1595;1551;1539;1488;1505;1423;1460;1398;1341;1367;1311;1354;1458;1598;1459;1533;1183;1130;1171;1119;1117;1211;1223;1254;964;951;879;864;775;740;653;691;590;520;516;424;345;314;253;179;195;126;56;31;20;36;17;11;10;12
Territorio/Età;;0;1;2;3;4;5;6;7;8;9;10;11;12;13;14;15;16;17;18;19;20;21;22;23;24;25;26;27;28;29;30;31;32;33;34;35;36;37;38;39;40;41;42;43;44;45;46;47;48;49;50;51;52;53;54;55;56;57;58;59;60;61;62;63;64;65;66;67;68;69;70;71;72;73;74;75;76;77;78;79;80;81;82;83;84;85;86;87;88;89;90;91;92;93;94;95;96;97;98;99;100
Codice comune;Comune;Femmine
100001;Cantagallo;10;11;13;8;14;13;13;17;9;15;7;9;12;12;15;13;6;7;7;8;9;4;5;5;19;11;19;10;15;18;15;20;18;11;15;34;24;13;25;41;30;22;16;27;20;22;24;31;13;30;18;18;19;24;21;15;17;16;26;14;19;23;16;18;17;17;23;13;14;15;17;17;17;10;23;14;18;10;15;11;16;19;12;8;14;11;11;10;10;11;13;6;8;5;2;0;0;2;4;0;0
100002;Carmignano;51;59;62;68;67;61;68;70;56;78;72;67;68;63;55;52;65;46;38;48;54;49;46;62;39;53;57;62;62;71;93;73;77;93;91;98;97;137;144;127;132;129;94;125;111;110;126;108;93;120;112;92;81;85;84;97;77;106;86;82;81;68;85;80;73;70;85;66;72;74;55;59;58;62;67;67;48;50;49;49;38;43;40;30;51;40;38;32;28;30;28;23;22;7;7;8;6;3;5;2;1
100003;Montemurlo;61;66;68;63;61;66;86;61;61;68;60;84;82;68;70;63;64;67;64;86;66;63;64;74;85;84;78;87;74;94;93;98;82;95;90;118;97;122;114;97;103;101;123;134;130;129;114;147;128;118;152;144;130;108;116;125;137;133;134;91;94;119;128;127;121;115;127;90;105;103;102;83;100;117;121;100;83;78;87;71;73;81;56;59;52;38;38;39;36;29;22;20;16;7;8;3;5;5;4;3;1
100004;Poggio a Caiano;32;36;41;41;37;29;52;49;35;47;37;38;38;37;32;34;27;38;28;37;35;42;30;44;45;32;42;31;57;45;37;50;58;48;49;68;67;77;67;77;61;68;71;71;65;65;85;61;73;58;77;66;52;66;67;78;55;64;60;78;62;73;64;58;72;86;63;58;52;59;49;46;49;50;62;42;44;31;33;35;46;31;33;33;24;34;28;22;24;21;16;12;8;6;7;2;2;1;1;2;2
100005;Prato;585;553;573;613;648;664;662;641;689;659;659;647;699;633;681;603;638;599;624;650;713;681;649;697;682;649;744;671;699;666;729;781;845;888;943;922;1099;1115;1165;1276;1192;1283;1193;1237;1279;1308;1346;1334;1400;1256;1233;1218;1222;1105;1188;1148;1170;1136;1092;1052;1106;990;1041;1229;1175;1204;1235;943;996;1004;949;978;1156;1055;1134;955;876;949;803;779;757;739;779;725;723;612;560;531;487;429;319;363;261;120;64;59;62;65;35;25;43
100006;Vaiano;31;30;40;42;29;38;39;39;33;43;38;41;47;37;39;32;35;40;33;33;42;35;36;31;37;34;42;42;41;40;40;41;47;55;55;50;69;57;57;86;86;76;72;79;50;73;69;89;79;64;84;84;56;62;75;66;88;59;53;63;62;86;88;58;88;71;71;61;48;52;63;60;57;52;56;55;43;46;54;38;46;56;54;35;37;47;39;36;30;24;15;22;15;9;5;2;7;3;2;4;0
100007;Vernio;10;22;13;33;21;18;9;19;19;22;17;10;13;20;23;22;18;20;26;13;17;21;25;21;26;18;25;25;18;28;30;17;30;26;29;33;37;40;47;44;41;28;41;38;47;50;39;40;51;60;51;47;35;44;41;29;40;37;37;39;35;39;53;46;46;56;34;38;33;24;26;37;40;37;26;50;32;31;41;30;33;26;35;29;34;32;29;26;22;22;15;13;13;11;2;0;2;2;2;0;3
;Totale;780;777;810;868;877;889;929;896;902;932;890;896;959;870;915;819;853;817;820;875;936;895;855;934;933;881;1007;928;966;962;1037;1080;1157;1216;1272;1323;1490;1561;1619;1748;1645;1707;1610;1711;1702;1757;1803;1810;1837;1706;1727;1669;1595;1494;1592;1558;1584;1551;1488;1419;1459;1398;1475;1616;1592;1619;1638;1269;1320;1331;1261;1280;1477;1383;1489;1283;1144;1195;1082;1013;1009;995;1009;919;935;814;743;696;637;566;428;459;343;165;95;74;84;81;53;36;50

"Ricostruzione della popolazione intercensuaria - Popolazione al 1° gennaio per età"
"Cittadinanza italiana - Anno: 2014 - Provincia: Prato"
Territorio/Età;;0;1;2;3;4;5;6;7;8;9;10;11;12;13;14;15;16;17;18;19;20;21;22;23;24;25;26;27;28;29;30;31;32;33;34;35;36;37;38;39;40;41;42;43;44;45;46;47;48;49;50;51;52;53;54;55;56;57;58;59;60;61;62;63;64;65;66;67;68;69;70;71;72;73;74;75;76;77;78;79;80;81;82;83;84;85;86;87;88;89;90;91;92;93;94;95;96;97;98;99;100
Codice comune;Comune;Totale
100001;Cantagallo;29;23;29;27;21;30;20;29;28;21;31;17;14;29;24;29;26;10;17;20;18;20;16;25;16;24;22;35;20;26;29;30;35;30;27;41;51;49;35;56;71;57;55;46;53;50;55;49;60;37;48;40;36;37;50;40;38;40;36;39;34;41;34;40;39;39;41;40;25;31;27;36;35;36;32;40;34;35;24;27;17;29;28;22;15;20;17;16;15;12;10;15;7;9;5;2;0;1;3;2;0
100002;Carmignano;109;110;119;120;145;149;139;143;138;125;140;147;130;139;134;123;98;122;93;81;95;125;117;97;103;77;108;117;122;122;124;170;163;160;180;181;208;204;267;255;233;254;276;216;250;235;227;253;236;197;236;224;188;177;173;163;196;161;196;174;170;150;146;172;157;153;147;181;117;135;129;125;118;127;111;142;108;86;89;78;88;72;60;63;57;78;55;53;37;34;36;30;22;26;7;5;7;5;3;3;4
100003;Montemurlo;117;133;130;135;149;135;144;161;129;149;153;130;157;149;142;150;140;147;143;124;169;135;136;155;150;179;153;176;184;163;174;178;189;163;188;183;218;187;240;231;212;223;223;244;257;261;250;253;275;275;250;268;262;237;222;223;246;256;248;252;180;203;229;237;239;231;216;239;176;196;197;189;157;197;216;228;171;156;140;172;122;125;126;109;106;81;66;67;56;46;33;28;20;23;7;8;1;1;3;3;4
100004;Poggio a Caiano;57;56;84;96;92;94;74;91;93;72;85;76;73;80;73;74;71;56;83;68;82;69;77;75;92;80;72;93;69;98;94;80;95;105;98;102;119;120;147;138;145;158;135;142;161;136;126;147;112;146;126;138;131;108;131;121;139;110;129;111;125;123;153;128;128;139;148;123;110;107;109;96;92;95;104;106;85;84;57;54;55;68;51;57;45;41;57;37;37;32;26;20;13;12;4;10;0;3;1;0;3
100005;Prato;1099;1138;1141;1245;1254;1303;1371;1372;1400;1350;1421;1353;1354;1412;1333;1402;1302;1312;1282;1293;1306;1427;1352;1374;1404;1395;1361;1450;1436;1375;1381;1489;1587;1700;1723;1905;1878;2124;2231;2361;2507;2391;2564;2509;2494;2568;2539;2634;2675;2736;2498;2427;2395;2382;2242;2311;2230;2182;2188;2097;2039;2055;1905;1982;2238;2322;2249;2337;1807;1798;1841;1725;1787;2002;1933;1995;1623;1541;1581;1408;1337;1255;1183;1237;1089;1026;913;792;720;635;550;376;421;291;128;69;60;60;63;21;50
100006;Vaiano;58;60;55;68;80;70;83;80;73;70;84;93;76;86;70;64;70;78;77;62;70;72;75;73;75;83;73;80;94;89;82;82;87;107;103;104;114;115;134;131;172;167;139;144;149;131;153;154;168;154;135;154;133;125;129;134;131;163;134;118;127;134;148;159;144;166;155;152;119;99;101;115;109;103;96;118;96;89;76;89;64;75;83;84;63;56;66;55;49;42;32;23;31;14;11;3;2;3;1;3;4
100007;Vernio;35;25;47;35;61;38;38;41;34;37;49;42;29;33;36;48;41;36;37;44;34;42;47;47;51;50;40;45;50;38;46;50;47;59;50;64;67;84;81;86;92;91;67;94;87;100;89;99;87;97;98;98;97;79;82;89;72;81;81;78;75;93;77;92;86;103;91;74;75;62;59;59;67;80;63;62;89;51;50;66;45;54;41;47;46;42;47;37;30;23;23;15;19;13;10;2;0;2;3;2;4
;Totale;1504;1545;1605;1726;1802;1819;1869;1917;1895;1824;1963;1858;1833;1928;1812;1890;1748;1761;1732;1692;1774;1890;1820;1846;1891;1888;1829;1996;1975;1911;1930;2079;2203;2324;2369;2580;2655;2883;3135;3258;3432;3341;3459;3395;3451;3481;3439;3589;3613;3642;3391;3349;3242;3145;3029;3081;3052;2993;3012;2869;2750;2799;2692;2810;3031;3153;3047;3146;2429;2428;2463;2345;2365;2640;2555;2691;2206;2042;2017;1894;1728;1678;1572;1619;1421;1344;1221;1057;944;824;710;507;533;388;172;99;70;75;77;34;69
Territorio/Età;;0;1;2;3;4;5;6;7;8;9;10;11;12;13;14;15;16;17;18;19;20;21;22;23;24;25;26;27;28;29;30;31;32;33;34;35;36;37;38;39;40;41;42;43;44;45;46;47;48;49;50;51;52;53;54;55;56;57;58;59;60;61;62;63;64;65;66;67;68;69;70;71;72;73;74;75;76;77;78;79;80;81;82;83;84;85;86;87;88;89;90;91;92;93;94;95;96;97;98;99;100
Codice comune;Comune;Maschi
100001;Cantagallo;15;13;19;14;13;15;8;16;12;11;15;10;6;15;12;14;13;4;11;11;10;10;12;21;11;4;11;17;11;13;11;16;16;14;15;23;17;24;23;30;31;25;31;29;27;28;33;26;29;24;15;19;18;19;26;20;24;22;21;14;20;22;12;24;21;23;22;17;12;18;13;19;18;19;21;17;20;18;14;12;7;13;10;11;8;8;8;4;6;2;1;4;3;1;0;0;0;1;1;0;0
100002;Carmignano;50;65;64;60;76;83;78;74;67;70;64;75;63;73;67;69;48;58;48;45;46;69;65;48;42;42;58;60;57;51;57;85;88;80;90;89;109;110;131;118;106;123;148;120;125;128;120;124;124;107;119;113;97;96;88;79;99;81;91;85;86;71;78;86;76;81;82;96;50;62;55;69;61;70;50;77;47;39;41;28;42;39;18;24;28;30;20;17;15;8;10;8;6;8;2;1;1;2;0;0;1
100003;Montemurlo;62;74;60;67;82;76;78;74;68;88;85;68;72;68;73;76;78;84;71;59;81;65;71;91;79;95;74;97;94;88;85;89;94;83;99;97;101;92;114;118;117;121;119;121;117;129;121;136;130;142;132;114;122;107;113;113;123;124;115;118;89;112;110;110;113;111;104;111;88;92;94;87;80;100;101;111;73;74;64;86;54;57;51;55;49;33;29;31;18;15;10;9;2;7;2;1;0;0;0;0;1
100004;Poggio a Caiano;31;27;43;55;51;53;44;39;46;34;39;39;34;41;38;43;35;30;45;37;45;35;37;45;45;37;39;50;34;41;49;37;44;43;49;53;49;53;70;72;65;93;69;70;89;71;60;62;54;76;67;64;64;56;68;54;64;54;65;52;50;58;79;63;69;67;62;60;52;53;52;50;48;46;54;43;41;42;26;20;22;24;22;26;12;19;23;15;14;9;9;5;3;5;0;3;0;1;0;0;0
100005;Prato;562;543;592;678;638;655;706;708;757;656;757;688;706;705;694;717;687;670;680;665;659;719;669;732;714;717;719;706;764;681;732;751;821;860;835;957;944;1022;1100;1188;1235;1203;1278;1309;1258;1287;1229;1295;1340;1331;1249;1204;1177;1161;1134;1119;1086;1014;1059;1017;985;956;917;946;1027;1157;1057;1107;865;811;844;788;810;859;888;873;689;683;646;618;571;522;479;485;404;347;344;280;230;211;168;105;116;78;35;18;14;18;9;2;8
100006;Vaiano;29;28;24;28;40;39;46;39;35;38;41;56;35;40;34;27;38;43;37;30;38;28;39;39;40;44;37;39;50;50;41;42;45;60;46;51;64;47;74;74;85;81;67;71;71;82;78;83;78;75;71;71;52;69;65;62;67;74;73;64;61;72;63;74;86;79;83;80;59;51;52;52;49;47;45;63;41;46;33;37;28;28;26;31;27;24;20;21;15;16;12;9;11;4;3;1;0;0;1;1;0
100007;Vernio;16;15;24;21;24;16;19;30;14;19;25;24;19;21;16;25;19;18;17;19;22;25;26;19;29;24;24;23;28;19;21;23;27;28;22;38;35;47;40;39;49;50;39;54;48;53;36;59;46;46;39;48;51;45;37;47;39;43;46;39;40;57;36;40;42;59;36;39;37;31;35;34;29;41;28;38;39;22;23;24;16;24;17;15;19;9;16;11;8;6;5;4;6;2;1;0;0;0;0;1;1
;Totale;765;765;826;923;924;937;979;980;999;916;1026;960;935;963;934;971;918;907;909;866;901;951;919;995;960;963;962;992;1038;943;996;1043;1135;1168;1156;1308;1319;1395;1552;1639;1688;1696;1751;1774;1735;1778;1677;1785;1801;1801;1692;1633;1581;1553;1531;1494;1502;1412;1470;1389;1331;1348;1295;1343;1434;1577;1446;1510;1163;1118;1145;1099;1095;1182;1187;1222;950;924;847;825;740;707;623;647;547;470;460;379;306;267;215;144;147;105;43;24;15;22;11;4;11
Territorio/Età;;0;1;2;3;4;5;6;7;8;9;10;11;12;13;14;15;16;17;18;19;20;21;22;23;24;25;26;27;28;29;30;31;32;33;34;35;36;37;38;39;40;41;42;43;44;45;46;47;48;49;50;51;52;53;54;55;56;57;58;59;60;61;62;63;64;65;66;67;68;69;70;71;72;73;74;75;76;77;78;79;80;81;82;83;84;85;86;87;88;89;90;91;92;93;94;95;96;97;98;99;100
Codice comune;Comune;Femmine
100001;Cantagallo;14;10;10;13;8;15;12;13;16;10;16;7;8;14;12;15;13;6;6;9;8;10;4;4;5;20;11;18;9;13;18;14;19;16;12;18;34;25;12;26;40;32;24;17;26;22;22;23;31;13;33;21;18;18;24;20;14;18;15;25;14;19;22;16;18;16;19;23;13;13;14;17;17;17;11;23;14;17;10;15;10;16;18;11;7;12;9;12;9;10;9;11;4;8;5;2;0;0;2;2;0
100002;Carmignano;59;45;55;60;69;66;61;69;71;55;76;72;67;66;67;54;50;64;45;36;49;56;52;49;61;35;50;57;65;71;67;85;75;80;90;92;99;94;136;137;127;131;128;96;125;107;107;129;112;90;117;111;91;81;85;84;97;80;105;89;84;79;68;86;81;72;65;85;67;73;74;56;57;57;61;65;61;47;48;50;46;33;42;39;29;48;35;36;22;26;26;22;16;18;5;4;6;3;3;3;3
100003;Montemurlo;55;59;70;68;67;59;66;87;61;61;68;62;85;81;69;74;62;63;72;65;88;70;65;64;71;84;79;79;90;75;89;89;95;80;89;86;117;95;126;113;95;102;104;123;140;132;129;117;145;133;118;154;140;130;109;110;123;132;133;134;91;91;119;127;126;120;112;128;88;104;103;102;77;97;115;117;98;82;76;86;68;68;75;54;57;48;37;36;38;31;23;19;18;16;5;7;1;1;3;3;3
100004;Poggio a Caiano;26;29;41;41;41;41;30;52;47;38;46;37;39;39;35;31;36;26;38;31;37;34;40;30;47;43;33;43;35;57;45;43;51;62;49;49;70;67;77;66;80;65;66;72;72;65;66;85;58;70;59;74;67;52;63;67;75;56;64;59;75;65;74;65;59;72;86;63;58;54;57;46;44;49;50;63;44;42;31;34;33;44;29;31;33;22;34;22;23;23;17;15;10;7;4;7;0;2;1;0;3
100005;Prato;537;595;549;567;616;648;665;664;643;694;664;665;648;707;639;685;615;642;602;628;647;708;683;642;690;678;642;744;672;694;649;738;766;840;888;948;934;1102;1131;1173;1272;1188;1286;1200;1236;1281;1310;1339;1335;1405;1249;1223;1218;1221;1108;1192;1144;1168;1129;1080;1054;1099;988;1036;1211;1165;1192;1230;942;987;997;937;977;1143;1045;1122;934;858;935;790;766;733;704;752;685;679;569;512;490;424;382;271;305;213;93;51;46;42;54;19;42
100006;Vaiano;29;32;31;40;40;31;37;41;38;32;43;37;41;46;36;37;32;35;40;32;32;44;36;34;35;39;36;41;44;39;41;40;42;47;57;53;50;68;60;57;87;86;72;73;78;49;75;71;90;79;64;83;81;56;64;72;64;89;61;54;66;62;85;85;58;87;72;72;60;48;49;63;60;56;51;55;55;43;43;52;36;47;57;53;36;32;46;34;34;26;20;14;20;10;8;2;2;3;0;2;4
100007;Vernio;19;10;23;14;37;22;19;11;20;18;24;18;10;12;20;23;22;18;20;25;12;17;21;28;22;26;16;22;22;19;25;27;20;31;28;26;32;37;41;47;43;41;28;40;39;47;53;40;41;51;59;50;46;34;45;42;33;38;35;39;35;36;41;52;44;44;55;35;38;31;24;25;38;39;35;24;50;29;27;42;29;30;24;32;27;33;31;26;22;17;18;11;13;11;9;2;0;2;3;1;3
;Totale;739;780;779;803;878;882;890;937;896;908;937;898;898;965;878;919;830;854;823;826;873;939;901;851;931;925;867;1004;937;968;934;1036;1068;1156;1213;1272;1336;1488;1583;1619;1744;1645;1708;1621;1716;1703;1762;1804;1812;1841;1699;1716;1661;1592;1498;1587;1550;1581;1542;1480;1419;1451;1397;1467;1597;1576;1601;1636;1266;1310;1318;1246;1270;1458;1368;1469;1256;1118;1170;1069;988;971;949;972;874;874;761;678;638;557;495;363;386;283;129;75;55;53;66;30;58

"Ricostruzione della popolazione intercensuaria - Popolazione al 1° gennaio per età"
"Cittadinanza italiana - Anno: 2015 - Provincia: Prato"
Territorio/Età;;0;1;2;3;4;5;6;7;8;9;10;11;12;13;14;15;16;17;18;19;20;21;22;23;24;25;26;27;28;29;30;31;32;33;34;35;36;37;38;39;40;41;42;43;44;45;46;47;48;49;50;51;52;53;54;55;56;57;58;59;60;61;62;63;64;65;66;67;68;69;70;71;72;73;74;75;76;77;78;79;80;81;82;83;84;85;86;87;88;89;90;91;92;93;94;95;96;97;98;99;100
Codice comune;Comune;Totale
100001;Cantagallo;17;26;21;24;29;20;30;22;30;28;21;30;18;14;29;24;28;26;12;18;19;22;20;14;27;16;22;21;35;18;26;30;27;30;31;28;39;50;49;34;57;69;58;59;43;53;50;56;49;60;38;51;38;37;35;51;39;37;38;36;40;35;42;34;41;38;41;42;40;25;32;28;35;34;37;32;38;34;35;24;26;16;25;27;19;13;16;17;11;15;10;9;14;7;7;4;1;0;1;2;1
100002;Carmignano;111;110;102;117;121;144;146;135;143;135;124;139;145;133;136;130;121;99;121;92;82;96;125;118;94;99;78;111;124;121;124;125;171;158;167;182;189;209;204;260;260;234;244;273;219;245;228;226;250;235;192;237;223;184;175;173;157;195;163;192;177;167;152;144;175;158;152;145;176;118;129;126;126;116;127;110;134;104;84;89;76;78;72;56;52;53;73;49;53;33;33;31;20;15;20;7;5;7;4;2;5
100003;Montemurlo;115;119;140;136;131;146;137;147;164;132;153;157;133;158;148;146;148;139;147;146;127;169;135;135;156;157;182;155;168;193;166;170;188;189;154;187;182;215;195;238;238;212;222;230;243;260;266;249;260;273;276;245;270;267;238;222;221;244;245;251;248;178;200;223;234;240;228;212;233;178;195;189;185;155;193;211;221;169;152;136;166;118;116;119;100;96;73;61;62;53;43;29;20;17;15;6;6;0;0;0;5
100004;Poggio a Caiano;73;52;58;86;96;99;94;73;92;94;72;89;79;71;79;76;75;71;60;81;65;81;69;80;77;92;88;71;88;75;97;88;75;93;96;96;98;119;123;141;140;149;157;136;143;161;134;125;150;113;145;125;137;129;109;127;120;140;109;132;113;124;123;149;129;124;135;148;123;106;102;107;93;92;97;101;105;81;85;56;50;50;64;50;49;42;37;51;33;30;29;26;17;9;8;3;8;0;2;1;3
100005;Prato;1019;1120;1163;1153;1251;1273;1315;1380;1384;1415;1354;1431;1361;1368;1425;1342;1408;1318;1331;1293;1301;1299;1434;1345;1373;1391;1382;1358;1454;1455;1386;1396;1506;1606;1722;1718;1903;1870;2130;2223;2364;2515;2388;2554;2522;2501;2582;2544;2634;2672;2739;2499;2433;2394;2395;2246;2303;2218;2166;2175;2091;2021;2047;1888;1966;2220;2300;2221;2314;1799;1776;1828;1690;1763;1948;1896;1965;1593;1515;1531;1335;1292;1194;1112;1167;1025;946;818;718;653;545;470;309;360;235;109;59;38;47;45;43
100006;Vaiano;49;59;59;53;69;81;74;83;80;76;72;86;90;79;84;70;66;71;76;75;59;70;68;76;70;76;83;68;82;86;91;79;78;88;111;103;109;117;115;131;134;171;170;141;145;149;130;152;154;168;152;133;154;131;129;132;135;135;160;136;117;126;135;149;158;145;164;152;153;118;99;102;113;107;102;99;116;92;87;73;91;65;74;79;76;61;54;61;52;41;38;31;22;28;10;9;3;2;2;1;4
100007;Vernio;31;31;28;45;38;60;36;39;44;36;38;48;44;29;33;36;48;40;36;38;46;34;41;48;46;48;49;42;45;49;39;45;51;47;61;54;59;70;82;80;85;97;85;67;98;87;99;89;100;88;96;99;103;100;79;82;86;70;81;80;78;76;93;73;91;86;108;88;75;72;57;57;57;66;80;63;61;80;49;52;60;46;50;41;42;43;43;42;35;25;18;22;12;14;13;5;1;0;1;2;5
;Totale;1415;1517;1571;1614;1735;1823;1832;1879;1937;1916;1834;1980;1870;1852;1934;1824;1894;1764;1783;1743;1699;1771;1892;1816;1843;1879;1884;1826;1996;1997;1929;1933;2096;2211;2342;2368;2579;2650;2898;3107;3278;3447;3324;3460;3413;3456;3489;3441;3597;3609;3638;3389;3358;3242;3160;3033;3061;3039;2962;3002;2864;2727;2792;2660;2794;3011;3128;3008;3114;2416;2390;2437;2299;2333;2584;2512;2640;2153;2007;1961;1804;1665;1595;1484;1505;1333;1242;1099;964;850;716;618;414;450;308;143;83;47;57;53;66
Territorio/Età;;0;1;2;3;4;5;6;7;8;9;10;11;12;13;14;15;16;17;18;19;20;21;22;23;24;25;26;27;28;29;30;31;32;33;34;35;36;37;38;39;40;41;42;43;44;45;46;47;48;49;50;51;52;53;54;55;56;57;58;59;60;61;62;63;64;65;66;67;68;69;70;71;72;73;74;75;76;77;78;79;80;81;82;83;84;85;86;87;88;89;90;91;92;93;94;95;96;97;98;99;100
Codice comune;Comune;Maschi
100001;Cantagallo;7;12;13;18;14;13;15;10;16;12;11;14;11;6;15;12;13;13;6;12;11;14;10;12;22;11;4;10;18;10;13;11;15;15;14;15;22;17;24;22;28;30;26;35;27;27;28;33;27;30;25;18;20;16;18;27;20;23;22;21;14;21;22;12;25;20;25;23;17;12;19;13;18;17;20;22;15;20;18;15;12;6;11;9;9;7;6;8;3;6;1;1;3;3;1;0;0;0;1;1;0
100002;Carmignano;60;51;60;65;59;75;80;76;74;66;69;65;74;65;73;65;67;48;60;47;46;45;68;65;49;39;41;60;64;63;54;61;83;85;83;89;91;108;107;130;124;104;118;147;123;126;125;120;124;125;103;119;113;92;96;88;77;97;80;89;89;84;72;78;87;77;80;80;95;49;59;54;69;59;71;49;73;47;38;42;27;36;38;16;20;24;27;19;17;15;7;8;6;4;7;2;1;1;2;0;1
100003;Montemurlo;62;67;78;62;64;83;76;80;74;71;92;86;69;72;67;75;76;78;85;74;61;80;65;71;92;81;96;77;89;96;92;83;97;95;83;98;98;98;96;115;119;120;118;122;122;123;131;121;140;131;145;129;116;126;108;113;110;121;118;116;117;90;108;109;109;113;108;102;106;88;93;88;86;77;97;97;104;73;72;61;83;50;51;47;49;43;28;26;28;16;15;9;9;2;4;2;0;0;0;0;0
100004;Poggio a Caiano;37;26;30;44;57;57;55;43;39;46;33;42;42;33;41;40;44;34;32;45;36;45;35;41;45;45;40;38;48;39;43;45;40;41;40;49;46;47;57;69;71;71;92;69;74;90;68;58;66;55;76;66;63;65;56;66;53;63;54;67;52;50;60;76;64;66;64;60;59;51;51;50;48;48;46;53;43;40;42;25;18;20;23;22;22;10;17;20;14;11;9;9;4;2;3;0;3;0;0;0;0
100005;Prato;532;570;553;604;677;647;663;711;718;769;661;765;692;713;713;697;720;692;682;685;665;653;724;667;735;717;706;714;711;760;680;734;752;843;868;846;961;937;1034;1081;1191;1252;1207;1276;1319;1266;1297;1235;1298;1336;1334;1251;1210;1170;1170;1137;1113;1080;1006;1052;1009;978;948;904;940;1015;1136;1042;1094;859;802;838;765;791;836;869;855;671;670;616;580;555;491;436;451;382;312;295;249;203;175;145;86;93;64;29;18;9;13;6;5
100006;Vaiano;27;32;28;20;30;42;41;45;39;35;41;41;56;36;40;35;27;39;42;36;27;38;27;39;39;43;44;34;39;44;49;39;40;45;62;46;54;67;48;73;78;84;81;70;73;70;81;77;82;79;75;69;70;51;71;65;60;69;73;74;65;62;72;63;73;87;77;83;80;58;50;54;52;48;47;44;60;39;44;30;37;30;29;25;26;26;24;19;20;9;14;11;8;11;4;3;1;0;0;1;1
100007;Vernio;14;14;16;23;23;24;16;20;32;14;20;25;26;18;21;17;25;18;18;18;21;22;25;28;18;28;24;25;23;28;21;19;23;27;30;25;35;36;46;39;40;54;46;37;56;49;52;39;58;47;46;40;50;53;46;39;47;39;43;46;39;40;57;36;41;40;62;35;40;34;27;34;32;29;41;27;37;35;21;25;23;15;22;17;14;18;9;15;12;7;5;5;3;5;2;0;0;0;0;0;2
;Totale;739;772;778;836;924;941;946;985;992;1013;927;1038;970;943;970;941;972;922;925;917;867;897;954;923;1000;964;955;958;992;1040;952;992;1050;1151;1180;1168;1307;1310;1412;1529;1651;1715;1688;1756;1794;1751;1782;1683;1795;1803;1804;1692;1642;1573;1565;1535;1480;1492;1396;1465;1385;1325;1339;1278;1339;1418;1552;1425;1491;1151;1101;1131;1070;1069;1158;1161;1187;925;905;814;780;712;665;572;591;510;423;402;343;267;226;188;119;120;85;36;23;10;16;8;9
Territorio/Età;;0;1;2;3;4;5;6;7;8;9;10;11;12;13;14;15;16;17;18;19;20;21;22;23;24;25;26;27;28;29;30;31;32;33;34;35;36;37;38;39;40;41;42;43;44;45;46;47;48;49;50;51;52;53;54;55;56;57;58;59;60;61;62;63;64;65;66;67;68;69;70;71;72;73;74;75;76;77;78;79;80;81;82;83;84;85;86;87;88;89;90;91;92;93;94;95;96;97;98;99;100
Codice comune;Comune;Femmine
100001;Cantagallo;10;14;8;6;15;7;15;12;14;16;10;16;7;8;14;12;15;13;6;6;8;8;10;2;5;5;18;11;17;8;13;19;12;15;17;13;17;33;25;12;29;39;32;24;16;26;22;23;22;30;13;33;18;21;17;24;19;14;16;15;26;14;20;22;16;18;16;19;23;13;13;15;17;17;17;10;23;14;17;9;14;10;14;18;10;6;10;9;8;9;9;8;11;4;6;4;1;0;0;1;1
100002;Carmignano;51;59;42;52;62;69;66;59;69;69;55;74;71;68;63;65;54;51;61;45;36;51;57;53;45;60;37;51;60;58;70;64;88;73;84;93;98;101;97;130;136;130;126;126;96;119;103;106;126;110;89;118;110;92;79;85;80;98;83;103;88;83;80;66;88;81;72;65;81;69;70;72;57;57;56;61;61;57;46;47;49;42;34;40;32;29;46;30;36;18;26;23;14;11;13;5;4;6;2;2;4
100003;Montemurlo;53;52;62;74;67;63;61;67;90;61;61;71;64;86;81;71;72;61;62;72;66;89;70;64;64;76;86;78;79;97;74;87;91;94;71;89;84;117;99;123;119;92;104;108;121;137;135;128;120;142;131;116;154;141;130;109;111;123;127;135;131;88;92;114;125;127;120;110;127;90;102;101;99;78;96;114;117;96;80;75;83;68;65;72;51;53;45;35;34;37;28;20;11;15;11;4;6;0;0;0;5
100004;Poggio a Caiano;36;26;28;42;39;42;39;30;53;48;39;47;37;38;38;36;31;37;28;36;29;36;34;39;32;47;48;33;40;36;54;43;35;52;56;47;52;72;66;72;69;78;65;67;69;71;66;67;84;58;69;59;74;64;53;61;67;77;55;65;61;74;63;73;65;58;71;88;64;55;51;57;45;44;51;48;62;41;43;31;32;30;41;28;27;32;20;31;19;19;20;17;13;7;5;3;5;0;2;1;3
100005;Prato;487;550;610;549;574;626;652;669;666;646;693;666;669;655;712;645;688;626;649;608;636;646;710;678;638;674;676;644;743;695;706;662;754;763;854;872;942;933;1096;1142;1173;1263;1181;1278;1203;1235;1285;1309;1336;1336;1405;1248;1223;1224;1225;1109;1190;1138;1160;1123;1082;1043;1099;984;1026;1205;1164;1179;1220;940;974;990;925;972;1112;1027;1110;922;845;915;755;737;703;676;716;643;634;523;469;450;370;325;223;267;171;80;41;29;34;39;38
100006;Vaiano;22;27;31;33;39;39;33;38;41;41;31;45;34;43;44;35;39;32;34;39;32;32;41;37;31;33;39;34;43;42;42;40;38;43;49;57;55;50;67;58;56;87;89;71;72;79;49;75;72;89;77;64;84;80;58;67;75;66;87;62;52;64;63;86;85;58;87;69;73;60;49;48;61;59;55;55;56;53;43;43;54;35;45;54;50;35;30;42;32;32;24;20;14;17;6;6;2;2;2;0;3
100007;Vernio;17;17;12;22;15;36;20;19;12;22;18;23;18;11;12;19;23;22;18;20;25;12;16;20;28;20;25;17;22;21;18;26;28;20;31;29;24;34;36;41;45;43;39;30;42;38;47;50;42;41;50;59;53;47;33;43;39;31;38;34;39;36;36;37;50;46;46;53;35;38;30;23;25;37;39;36;24;45;28;27;37;31;28;24;28;25;34;27;23;18;13;17;9;9;11;5;1;0;1;2;3
;Totale;676;745;793;778;811;882;886;894;945;903;907;942;900;909;964;883;922;842;858;826;832;874;938;893;843;915;929;868;1004;957;977;941;1046;1060;1162;1200;1272;1340;1486;1578;1627;1732;1636;1704;1619;1705;1707;1758;1802;1806;1834;1697;1716;1669;1595;1498;1581;1547;1566;1537;1479;1402;1453;1382;1455;1593;1576;1583;1623;1265;1289;1306;1229;1264;1426;1351;1453;1228;1102;1147;1024;953;930;912;914;823;819;697;621;583;490;430;295;330;223;107;60;37;41;45;57

"Ricostruzione della popolazione intercensuaria - Popolazione al 1° gennaio per età"
"Cittadinanza italiana - Anno: 2016 - Provincia: Prato"
Territorio/Età;;0;1;2;3;4;5;6;7;8;9;10;11;12;13;14;15;16;17;18;19;20;21;22;23;24;25;26;27;28;29;30;31;32;33;34;35;36;37;38;39;40;41;42;43;44;45;46;47;48;49;50;51;52;53;54;55;56;57;58;59;60;61;62;63;64;65;66;67;68;69;70;71;72;73;74;75;76;77;78;79;80;81;82;83;84;85;86;87;88;89;90;91;92;93;94;95;96;97;98;99;100
Codice comune;Comune;Totale
100001;Cantagallo;21;20;22;17;25;34;19;32;23;31;26;22;30;17;14;33;21;29;25;14;19;19;23;18;14;27;16;20;20;28;20;29;27;30;30;26;30;35;53;50;33;53;70;57;58;46;54;49;53;48;63;37;55;37;37;35;52;39;40;40;38;38;37;42;34;42;34;41;42;39;26;31;27;34;32;36;32;35;32;34;25;25;15;25;25;17;10;13;15;11;14;8;7;13;5;6;3;1;0;0;1
100002;Carmignano;110;113;109;105;118;116;154;146;141;145;135;131;139;149;137;135;127;121;100;125;91;84;97;119;117;91;103;84;120;126;118;123;131;179;172;164;182;190;202;208;253;265;234;241;269;222;247;226;224;255;236;191;236;224;188;177;175;159;195;160;194;175;166;155;143;175;157;153;145;175;112;125;125;125;113;123;112;128;96;78;88;73;72;67;53;49;51;67;42;44;27;26;24;14;11;16;5;2;6;3;5
100003;Montemurlo;125;123;119;150;141;135;153;141;149;167;134;152;157;134;161;143;149;148;140;146;145;129;168;129;134;157;155;178;157;177;200;165;172;194;200;155;195;191;219;205;238;247;215;228;238;249;253;270;254;267;268;281;245;271;270;240;224;223;243;248;253;244;177;202;222;233;232;221;211;230;176;196;183;181;152;192;210;217;168;153;135;158;113;106;112;96;86;69;53;49;45;35;24;17;19;13;5;6;0;0;3
100004;Poggio a Caiano;60;76;56;61;82;96;90;97;73;95;98;71;87;81;71;81;80;76;75;60;83;68;84;72;81;78;95;82;70;92;69;97;91;81;94;97;96;104;117;123;141;137;147;151;138;140;160;135;123;151;118;146;123;137;133;107;130;117;145;110;131;111;120;120;147;131;123;132;142;125;103;99;106;92;91;93;95;103;80;82;54;46;50;61;50;46;36;33;44;30;23;23;21;16;5;7;3;7;0;1;4
100005;Prato;1030;1055;1120;1188;1174;1261;1298;1345;1406;1417;1452;1369;1453;1391;1387;1446;1361;1426;1347;1334;1293;1317;1305;1444;1358;1392;1399;1366;1343;1450;1461;1387;1399;1500;1595;1741;1701;1920;1889;2122;2244;2382;2533;2394;2554;2524;2534;2591;2543;2642;2676;2726;2499;2437;2377;2383;2236;2297;2216;2154;2151;2081;2003;2025;1876;1946;2203;2252;2204;2283;1783;1749;1814;1645;1734;1918;1875;1923;1553;1468;1475;1272;1244;1123;1042;1078;953;856;735;627;567;463;393;242;275;178;84;36;27;32;53
100006;Vaiano;57;49;65;59;55;76;82;77;85;84;78;76;87;90;82;86;72;66;74;75;76;58;70;72;73;70;74;87;74;87;90;90;75;80;93;114;108;113;118;123;132;137;172;172;141;144;150;132;155;154;167;149;133;152;131;131;134;132;134;158;134;118;128;132;147;157;141;163;153;152;119;97;101;111;106;102;97;115;92;85;70;87;64;67;74;70;54;48;53;52;32;30;23;18;15;7;5;2;1;1;2
100007;Vernio;39;30;34;27;49;41;60;39;39;44;38;39;49;45;27;34;40;47;42;36;35;46;37;41;54;45;44;45;45;44;47;40;48;51;49;59;56;62;70;79;82;84;99;86;67;99;87;100;93;100;88;98;99;104;100;82;81;86;73;82;80;78;74;93;70;93;85;109;86;74;71;54;56;57;63;80;62;59;80;48;47;60;38;47;40;37;41;43;32;32;23;13;13;10;11;9;4;1;0;1;2
;Totale;1442;1466;1525;1607;1644;1759;1856;1877;1916;1983;1961;1860;2002;1907;1879;1958;1850;1913;1803;1790;1742;1721;1784;1895;1831;1860;1886;1862;1829;2004;2005;1931;1943;2115;2233;2356;2368;2615;2668;2910;3123;3305;3470;3329;3465;3424;3485;3503;3445;3617;3616;3628;3390;3362;3236;3155;3032;3053;3046;2952;2981;2845;2705;2769;2639;2777;2975;3071;2983;3078;2390;2351;2412;2245;2291;2544;2483;2580;2101;1948;1894;1721;1596;1496;1396;1393;1231;1129;974;845;731;598;505;330;341;236;109;55;34;38;70
Territorio/Età;;0;1;2;3;4;5;6;7;8;9;10;11;12;13;14;15;16;17;18;19;20;21;22;23;24;25;26;27;28;29;30;31;32;33;34;35;36;37;38;39;40;41;42;43;44;45;46;47;48;49;50;51;52;53;54;55;56;57;58;59;60;61;62;63;64;65;66;67;68;69;70;71;72;73;74;75;76;77;78;79;80;81;82;83;84;85;86;87;88;89;90;91;92;93;94;95;96;97;98;99;100
Codice comune;Comune;Maschi
100001;Cantagallo;8;8;10;10;18;17;13;17;10;17;12;11;14;10;6;16;10;13;12;8;12;11;14;8;12;22;11;5;10;14;12;14;10;17;17;12;16;18;18;26;19;27;31;27;35;30;27;28;32;28;31;25;20;19;15;18;27;20;23;24;22;13;23;22;12;26;16;25;23;17;12;18;12;17;17;20;22;12;19;17;15;12;5;11;9;8;4;5;6;3;5;0;1;2;3;1;0;0;0;0;0
100002;Carmignano;62;62;48;60;64;55;81;79;78;75;65;73;65;76;69;70;66;68;50;62;47;46;46;67;63;47;42;44;62;62;60;52;63;89;92;81;87;88;103;108;125;125;103;115;147;124;127;123;120;130;124;101;116;115;97;98;90;77;98;80;91;88;83;73;76;88;79;81;80;94;46;59;53;68;56;68;49;68;44;33;42;24;30;36;14;17;22;23;13;12;12;5;6;2;3;4;1;1;1;1;1
100003;Montemurlo;72;64;65;84;65;67;84;77;81;74;72;91;88;70;74;63;76;78;76;85;72;62;80;65;71;92;79;96;75;94;100;90;81;101;100;83;104;101;102;101;112;121;121;123;126;126;120;135;126;145;129;147;129;118;128;106;114;112;120;119;118;116;90;107;105;109;109;104;100;102;87;94;85;84;76;98;96;101;72;73;60;77;49;48;41;46;40;24;23;19;13;12;7;8;2;4;0;0;0;0;0
100004;Poggio a Caiano;33;41;29;31;41;57;50;55;43;39;47;32;39;43;33;43;41;44;36;32;46;38;48;36;40;46;48;40;40;50;41;47;45;41;42;42;50;50;46;59;68;70;68;89;68;72;89;69;58;65;61;77;64;61;68;57;67;53;64;53;66;51;48;59;74;65;64;65;55;61;49;48;49;46;48;43;50;44;39;40;25;17;19;21;23;22;5;14;14;11;6;7;6;4;1;3;0;3;0;0;0
100005;Prato;523;547;571;564;613;683;656;680;721;740;783;678;771;713;723;727;709;729;704;683;688;666;656;732;675;748;714;702;704;723;755;683;738;746;829;875;834;971;942;1027;1091;1209;1262;1215;1267;1317;1285;1300;1230;1300;1333;1330;1254;1218;1160;1166;1124;1110;1082;1009;1039;1004;970;939;898;923;1006;1097;1032;1076;850;790;827;739;771;814;855;838;643;650;583;542;529;448;400;399;347;268;257;208;173;138;116;65;75;51;20;8;5;7;7
100006;Vaiano;26;27;35;29;23;35;44;42;46;39;35;43;43;56;37;42;34;27;41;42;37;26;38;27;36;41;42;47;39;42;46;48;40;38;52;60;49;56;69;53;73;77;83;80;75;73;71;80;76;82;78;74;69;69;52;72;66;58;67;72;73;65;64;69;63;71;83;76;84;79;58;48;53;50;48;46;42;60;39;42;27;36;29;26;22;24;22;20;16;20;6;14;7;7;5;2;2;1;0;0;1
100007;Vernio;17;14;15;15;26;24;24;17;20;34;14;21;25;26;18;21;21;25;19;18;14;21;23;26;31;18;27;23;25;22;25;22;22;25;28;28;25;37;34;45;41;40;56;45;38;56;48;52;41;58;47;47;41;51;53;47;38;47;42;44;46;40;39;56;35;43;39;62;33;40;33;25;33;32;26;40;27;35;35;22;22;23;12;21;17;11;16;9;10;10;6;4;2;1;3;1;0;0;0;0;1
;Totale;741;763;773;793;850;938;952;967;999;1018;1028;949;1045;994;960;982;957;984;938;930;916;870;905;961;928;1014;963;957;955;1007;1039;956;999;1057;1160;1181;1165;1321;1314;1419;1529;1669;1724;1694;1756;1798;1767;1787;1683;1808;1803;1801;1693;1651;1573;1564;1526;1477;1496;1401;1455;1377;1317;1325;1263;1325;1396;1510;1407;1469;1135;1082;1112;1036;1042;1129;1141;1158;891;877;774;731;673;611;526;527;456;363;339;283;221;180;145;89;92;66;23;13;6;8;10
Territorio/Età;;0;1;2;3;4;5;6;7;8;9;10;11;12;13;14;15;16;17;18;19;20;21;22;23;24;25;26;27;28;29;30;31;32;33;34;35;36;37;38;39;40;41;42;43;44;45;46;47;48;49;50;51;52;53;54;55;56;57;58;59;60;61;62;63;64;65;66;67;68;69;70;71;72;73;74;75;76;77;78;79;80;81;82;83;84;85;86;87;88;89;90;91;92;93;94;95;96;97;98;99;100
Codice comune;Comune;Femmine
100001;Cantagallo;13;12;12;7;7;17;6;15;13;14;14;11;16;7;8;17;11;16;13;6;7;8;9;10;2;5;5;15;10;14;8;15;17;13;13;14;14;17;35;24;14;26;39;30;23;16;27;21;21;20;32;12;35;18;22;17;25;19;17;16;16;25;14;20;22;16;18;16;19;22;14;13;15;17;15;16;10;23;13;17;10;13;10;14;16;9;6;8;9;8;9;8;6;11;2;5;3;1;0;0;1
100002;Carmignano;48;51;61;45;54;61;73;67;63;70;70;58;74;73;68;65;61;53;50;63;44;38;51;52;54;44;61;40;58;64;58;71;68;90;80;83;95;102;99;100;128;140;131;126;122;98;120;103;104;125;112;90;120;109;91;79;85;82;97;80;103;87;83;82;67;87;78;72;65;81;66;66;72;57;57;55;63;60;52;45;46;49;42;31;39;32;29;44;29;32;15;21;18;12;8;12;4;1;5;2;4
100003;Montemurlo;53;59;54;66;76;68;69;64;68;93;62;61;69;64;87;80;73;70;64;61;73;67;88;64;63;65;76;82;82;83;100;75;91;93;100;72;91;90;117;104;126;126;94;105;112;123;133;135;128;122;139;134;116;153;142;134;110;111;123;129;135;128;87;95;117;124;123;117;111;128;89;102;98;97;76;94;114;116;96;80;75;81;64;58;71;50;46;45;30;30;32;23;17;9;17;9;5;6;0;0;3
100004;Poggio a Caiano;27;35;27;30;41;39;40;42;30;56;51;39;48;38;38;38;39;32;39;28;37;30;36;36;41;32;47;42;30;42;28;50;46;40;52;55;46;54;71;64;73;67;79;62;70;68;71;66;65;86;57;69;59;76;65;50;63;64;81;57;65;60;72;61;73;66;59;67;87;64;54;51;57;46;43;50;45;59;41;42;29;29;31;40;27;24;31;19;30;19;17;16;15;12;4;4;3;4;0;1;4
100005;Prato;507;508;549;624;561;578;642;665;685;677;669;691;682;678;664;719;652;697;643;651;605;651;649;712;683;644;685;664;639;727;706;704;661;754;766;866;867;949;947;1095;1153;1173;1271;1179;1287;1207;1249;1291;1313;1342;1343;1396;1245;1219;1217;1217;1112;1187;1134;1145;1112;1077;1033;1086;978;1023;1197;1155;1172;1207;933;959;987;906;963;1104;1020;1085;910;818;892;730;715;675;642;679;606;588;478;419;394;325;277;177;200;127;64;28;22;25;46
100006;Vaiano;31;22;30;30;32;41;38;35;39;45;43;33;44;34;45;44;38;39;33;33;39;32;32;45;37;29;32;40;35;45;44;42;35;42;41;54;59;57;49;70;59;60;89;92;66;71;79;52;79;72;89;75;64;83;79;59;68;74;67;86;61;53;64;63;84;86;58;87;69;73;61;49;48;61;58;56;55;55;53;43;43;51;35;41;52;46;32;28;37;32;26;16;16;11;10;5;3;1;1;1;1
100007;Vernio;22;16;19;12;23;17;36;22;19;10;24;18;24;19;9;13;19;22;23;18;21;25;14;15;23;27;17;22;20;22;22;18;26;26;21;31;31;25;36;34;41;44;43;41;29;43;39;48;52;42;41;51;58;53;47;35;43;39;31;38;34;38;35;37;35;50;46;47;53;34;38;29;23;25;37;40;35;24;45;26;25;37;26;26;23;26;25;34;22;22;17;9;11;9;8;8;4;1;0;1;1
;Totale;701;703;752;814;794;821;904;910;917;965;933;911;957;913;919;976;893;929;865;860;826;851;879;934;903;846;923;905;874;997;966;975;944;1058;1073;1175;1203;1294;1354;1491;1594;1636;1746;1635;1709;1626;1718;1716;1762;1809;1813;1827;1697;1711;1663;1591;1506;1576;1550;1551;1526;1468;1388;1444;1376;1452;1579;1561;1576;1609;1255;1269;1300;1209;1249;1415;1342;1422;1210;1071;1120;990;923;885;870;866;775;766;635;562;510;418;360;241;249;170;86;42;28;30;60

"Ricostruzione della popolazione intercensuaria - Popolazione al 1° gennaio per età"
"Cittadinanza italiana - Anno: 2017 - Provincia: Prato"
Territorio/Età;;0;1;2;3;4;5;6;7;8;9;10;11;12;13;14;15;16;17;18;19;20;21;22;23;24;25;26;27;28;29;30;31;32;33;34;35;36;37;38;39;40;41;42;43;44;45;46;47;48;49;50;51;52;53;54;55;56;57;58;59;60;61;62;63;64;65;66;67;68;69;70;71;72;73;74;75;76;77;78;79;80;81;82;83;84;85;86;87;88;89;90;91;92;93;94;95;96;97;98;99;100
Codice comune;Comune;Totale
100001;Cantagallo;19;17;21;22;16;23;33;23;34;24;33;26;23;30;18;15;33;21;30;26;13;16;23;21;19;18;26;18;22;21;32;19;31;27;29;30;30;33;30;52;51;34;53;71;60;54;44;56;48;56;46;61;38;53;37;40;41;48;43;39;40;39;40;39;41;32;39;34;38;39;37;26;31;27;33;32;37;31;32;32;32;23;24;15;21;23;17;9;13;13;10;11;6;6;10;5;4;3;1;0;0
100002;Carmignano;103;110;111;101;108;117;115;156;145;141;143;138;133;138;148;140;133;125;123;101;126;95;85;91;118;114;93;112;88;118;128;127;130;130;172;171;162;181;189;196;210;256;255;235;246;259;220;243;222;221;249;236;186;237;229;188;176;171;158;193;156;192;174;167;154;139;178;155;149;143;173;112;118;124;120;110;122;105;119;92;75;83;68;68;59;53;43;45;59;39;38;21;24;21;12;11;11;3;1;3;3
100003;Montemurlo;121;133;125;117;154;147;144;160;142;156;168;135;159;159;139;163;142;154;151;140;149;141;128;167;133;135;159;158;178;156;173;209;168;171;197;197;164;203;193;220;212;241;253;220;232;243;253;262;269;257;262;272;286;244;270;273;236;226;225;243;244;247;246;175;204;218;228;231;222;209;226;171;196;180;181;146;188;207;211;164;146;130;150;112;105;98;89;75;64;42;45;40;32;16;16;16;10;6;2;0;4
100004;Poggio a Caiano;58;57;78;62;64;86;97;92;96;75;95;99;70;90;81;69;78;78;75;72;60;81;73;85;70;76;73;92;77;64;85;66;96;91;81;92;99;96;107;116;125;136;133;142;152;135;139;162;136;123;154;117;150;126;136;134;107;131;115;142;110;133;109;122;121;149;126;120;132;138;123;100;97;104;88;89;92;93;100;76;74;54;43;47;57;47;44;35;31;34;27;20;21;16;9;3;5;3;5;0;1
100005;Prato;972;1067;1088;1142;1215;1191;1289;1292;1378;1434;1432;1472;1384;1472;1406;1401;1468;1379;1452;1369;1349;1296;1318;1322;1440;1378;1389;1418;1369;1343;1466;1455;1408;1431;1518;1595;1746;1703;1933;1906;2131;2262;2392;2548;2390;2564;2527;2544;2599;2537;2650;2668;2723;2494;2438;2368;2383;2251;2280;2197;2155;2137;2058;1985;2014;1863;1922;2179;2211;2176;2268;1756;1726;1776;1617;1702;1878;1837;1860;1513;1422;1422;1220;1179;1066;975;1000;875;776;637;555;484;380;314;183;220;135;67;29;19;50
100006;Vaiano;61;54;51;64;59;55;76;82;74;82;85;80;78;86;93;82;82;70;65;73;79;76;56;72;74;75;70;71;86;73;87;91;83;78;83;99;113;108;119;121;125;136;132;176;169;142;148;151;131;151;153;170;148;141;146;127;129;134;130;134;157;133;115;126;131;143;153;135;160;154;154;116;97;95;109;99;103;96;115;89;81;67;84;58;64;68;67;47;45;47;47;27;28;20;14;11;3;4;2;1;2
100007;Vernio;16;34;29;33;28;50;43;60;41;39;45;42;43;50;44;31;38;40;49;45;36;38;44;39;42;50;44;40;44;43;46;45;39;49;51;47;59;56;60;67;83;83;88;102;92;68;102;86;101;93;96;95;103;102;107;98;87;83;87;74;83;81;78;75;92;71;90;87;107;85;73;72;54;55;54;63;81;60;59;80;47;48;57;36;45;37;36;40;40;28;29;18;12;13;9;8;8;3;0;0;1
;Totale;1350;1472;1503;1541;1644;1669;1797;1865;1910;1951;2001;1992;1890;2025;1929;1901;1974;1867;1945;1826;1812;1743;1727;1797;1896;1846;1854;1909;1864;1818;2017;2012;1955;1977;2131;2231;2373;2380;2631;2678;2937;3148;3306;3494;3341;3465;3433;3504;3506;3438;3610;3619;3634;3397;3363;3228;3159;3044;3038;3022;2945;2962;2820;2689;2757;2615;2736;2941;3019;2944;3054;2353;2319;2361;2202;2241;2501;2429;2496;2046;1877;1827;1646;1515;1417;1301;1296;1126;1028;840;751;621;503;406;253;274;176;89;40;23;61
Territorio/Età;;0;1;2;3;4;5;6;7;8;9;10;11;12;13;14;15;16;17;18;19;20;21;22;23;24;25;26;27;28;29;30;31;32;33;34;35;36;37;38;39;40;41;42;43;44;45;46;47;48;49;50;51;52;53;54;55;56;57;58;59;60;61;62;63;64;65;66;67;68;69;70;71;72;73;74;75;76;77;78;79;80;81;82;83;84;85;86;87;88;89;90;91;92;93;94;95;96;97;98;99;100
Codice comune;Comune;Maschi
100001;Cantagallo;10;8;8;11;10;16;17;15;17;10;17;12;11;14;11;7;16;9;14;13;7;9;13;12;6;14;23;11;6;9;17;10;16;11;16;16;14;18;14;17;26;19;27;35;30;31;31;29;27;34;26;29;25;18;19;18;21;25;22;22;23;22;14;24;21;13;23;17;22;21;15;13;18;12;16;16;20;21;10;20;16;13;12;5;8;9;9;4;5;5;2;2;1;0;0;2;1;0;0;0;0
100002;Carmignano;53;61;57;44;60;61;56;80;79;78;73;69;76;64;77;73;67;65;69;48;62;48;48;47;66;61;48;48;44;61;60;65;58;60;83;90;83;81;88;97;108;125;119;109;116;143;123;125;119;118;125;124;101;117;117;97;99;87;79;97;78;88;88;83;73;73;91;78;77;76;93;45;56;50;65;53;68;46;65;41;32;40;24;26;30;12;14;19;17;12;10;9;3;5;1;3;2;1;1;0;0
100003;Montemurlo;49;75;67;64;88;69;73;88;78;86;75;73;95;87;74;76;63;79;79;75;85;71;63;79;68;74;96;82;98;76;94;105;88;80;103;100;89;105;102;103;105;116;124;122;126;129;129;126;133;129;141;132;152;130;119;131;100;114;114;118;120;117;117;88;108;103;106;107;102;98;100;86;94;83;84;70;94;93;98;72;67;58;72;48;48;35;42;35;22;18;18;12;9;4;8;2;3;0;0;0;0
100004;Poggio a Caiano;29;30;43;34;31;44;58;51;54;45;38;47;30;40;42;31;43;40;42;34;33;45;41;50;37;39;41;46;37;34;46;42;45;48;42;44;46;49;53;48;60;64;68;65;90;68;75;91;73;59;68;58;78;63;62;66;58;68;51;62;53;66;50;50;59;74;60;62;65;54;59;46;47;47;43;47;43;48;42;37;34;25;16;17;19;21;20;5;13;12;10;6;7;4;3;1;2;0;2;0;0
100005;Prato;477;542;577;584;577;612;697;661;695;737;748;794;687;781;727;728;738;718;742;717;694;687;666;666;726;684;760;726;699;707;734;743;685;742;745;819;870;837;986;944;1026;1096;1215;1272;1210;1280;1324;1296;1311;1221;1309;1335;1335;1249;1217;1152;1164;1124;1099;1074;1011;1032;992;957;930;893;913;986;1072;1015;1066;828;773;809;719;756;793;830;799;621;628;560;513;496;417;366;366;308;228;211;182;144;111;81;47;58;34;18;7;3;6
100006;Vaiano;32;23;30;33;28;25;35;45;42;46;40;38;43;41;59;37;41;32;26;41;44;36;27;38;28;38;39;39;46;37;40;45;41;42;40;55;60;47;61;71;56;73;76;85;78;76;71;71;79;74;81;79;71;72;69;50;70;66;58;68;75;74;64;63;69;63;71;79;72;85;81;56;47;48;49;45;44;43;60;35;38;25;36;26;23;22;23;20;17;17;15;4;13;6;5;5;0;2;1;0;0
100007;Vernio;8;16;14;16;15;26;25;23;19;20;35;16;24;25;24;20;22;21;26;21;18;17;19;25;26;29;17;23;22;23;23;24;22;24;26;26;28;25;39;33;48;41;42;57;50;38;58;49;52;41;56;51;49;43;51;51;50;40;48;42;45;48;40;40;56;35;43;40;62;32;40;33;25;32;30;26;42;25;34;35;21;22;21;11;19;15;10;15;8;9;9;4;4;2;1;2;1;0;0;0;0
;Totale;658;755;796;786;809;853;961;963;984;1022;1026;1049;966;1052;1014;972;990;964;998;949;943;913;877;917;957;939;1024;975;952;947;1014;1034;955;1007;1055;1150;1190;1162;1343;1313;1429;1534;1671;1745;1700;1765;1811;1787;1794;1676;1806;1808;1811;1692;1654;1565;1562;1524;1471;1483;1405;1447;1365;1305;1316;1254;1307;1369;1472;1381;1454;1107;1060;1081;1006;1013;1104;1106;1108;861;836;743;694;629;564;480;484;406;310;284;246;181;148;102;65;73;43;21;11;3;6
Territorio/Età;;0;1;2;3;4;5;6;7;8;9;10;11;12;13;14;15;16;17;18;19;20;21;22;23;24;25;26;27;28;29;30;31;32;33;34;35;36;37;38;39;40;41;42;43;44;45;46;47;48;49;50;51;52;53;54;55;56;57;58;59;60;61;62;63;64;65;66;67;68;69;70;71;72;73;74;75;76;77;78;79;80;81;82;83;84;85;86;87;88;89;90;91;92;93;94;95;96;97;98;99;100
Codice comune;Comune;Femmine
100001;Cantagallo;9;9;13;11;6;7;16;8;17;14;16;14;12;16;7;8;17;12;16;13;6;7;10;9;13;4;3;7;16;12;15;9;15;16;13;14;16;15;16;35;25;15;26;36;30;23;13;27;21;22;20;32;13;35;18;22;20;23;21;17;17;17;26;15;20;19;16;17;16;18;22;13;13;15;17;16;17;10;22;12;16;10;12;10;13;14;8;5;8;8;8;9;5;6;10;3;3;3;1;0;0
100002;Carmignano;50;49;54;57;48;56;59;76;66;63;70;69;57;74;71;67;66;60;54;53;64;47;37;44;52;53;45;64;44;57;68;62;72;70;89;81;79;100;101;99;102;131;136;126;130;116;97;118;103;103;124;112;85;120;112;91;77;84;79;96;78;104;86;84;81;66;87;77;72;67;80;67;62;74;55;57;54;59;54;51;43;43;44;42;29;41;29;26;42;27;28;12;21;16;11;8;9;2;0;3;3
100003;Montemurlo;72;58;58;53;66;78;71;72;64;70;93;62;64;72;65;87;79;75;72;65;64;70;65;88;65;61;63;76;80;80;79;104;80;91;94;97;75;98;91;117;107;125;129;98;106;114;124;136;136;128;121;140;134;114;151;142;136;112;111;125;124;130;129;87;96;115;122;124;120;111;126;85;102;97;97;76;94;114;113;92;79;72;78;64;57;63;47;40;42;24;27;28;23;12;8;14;7;6;2;0;4
100004;Poggio a Caiano;29;27;35;28;33;42;39;41;42;30;57;52;40;50;39;38;35;38;33;38;27;36;32;35;33;37;32;46;40;30;39;24;51;43;39;48;53;47;54;68;65;72;65;77;62;67;64;71;63;64;86;59;72;63;74;68;49;63;64;80;57;67;59;72;62;75;66;58;67;84;64;54;50;57;45;42;49;45;58;39;40;29;27;30;38;26;24;30;18;22;17;14;14;12;6;2;3;3;3;0;1
100005;Prato;495;525;511;558;638;579;592;631;683;697;684;678;697;691;679;673;730;661;710;652;655;609;652;656;714;694;629;692;670;636;732;712;723;689;773;776;876;866;947;962;1105;1166;1177;1276;1180;1284;1203;1248;1288;1316;1341;1333;1388;1245;1221;1216;1219;1127;1181;1123;1144;1105;1066;1028;1084;970;1009;1193;1139;1161;1202;928;953;967;898;946;1085;1007;1061;892;794;862;707;683;649;609;634;567;548;426;373;340;269;233;136;162;101;49;22;16;44
100006;Vaiano;29;31;21;31;31;30;41;37;32;36;45;42;35;45;34;45;41;38;39;32;35;40;29;34;46;37;31;32;40;36;47;46;42;36;43;44;53;61;58;50;69;63;56;91;91;66;77;80;52;77;72;91;77;69;77;77;59;68;72;66;82;59;51;63;62;80;82;56;88;69;73;60;50;47;60;54;59;53;55;54;43;42;48;32;41;46;44;27;28;30;32;23;15;14;9;6;3;2;1;1;2
100007;Vernio;8;18;15;17;13;24;18;37;22;19;10;26;19;25;20;11;16;19;23;24;18;21;25;14;16;21;27;17;22;20;23;21;17;25;25;21;31;31;21;34;35;42;46;45;42;30;44;37;49;52;40;44;54;59;56;47;37;43;39;32;38;33;38;35;36;36;47;47;45;53;33;39;29;23;24;37;39;35;25;45;26;26;36;25;26;22;26;25;32;19;20;14;8;11;8;6;7;3;0;0;1
;Totale;692;717;707;755;835;816;836;902;926;929;975;943;924;973;915;929;984;903;947;877;869;830;850;880;939;907;830;934;912;871;1003;978;1000;970;1076;1081;1183;1218;1288;1365;1508;1614;1635;1749;1641;1700;1622;1717;1712;1762;1804;1811;1823;1705;1709;1663;1597;1520;1567;1539;1540;1515;1455;1384;1441;1361;1429;1572;1547;1563;1600;1246;1259;1280;1196;1228;1397;1323;1388;1185;1041;1084;952;886;853;821;812;720;718;556;505;440;355;304;188;201;133;68;29;20;55

"Ricostruzione della popolazione intercensuaria - Popolazione al 1° gennaio per età"
"Cittadinanza italiana - Anno: 2018 - Provincia: Prato"
Territorio/Età;;0;1;2;3;4;5;6;7;8;9;10;11;12;13;14;15;16;17;18;19;20;21;22;23;24;25;26;27;28;29;30;31;32;33;34;35;36;37;38;39;40;41;42;43;44;45;46;47;48;49;50;51;52;53;54;55;56;57;58;59;60;61;62;63;64;65;66;67;68;69;70;71;72;73;74;75;76;77;78;79;80;81;82;83;84;85;86;87;88;89;90;91;92;93;94;95;96;97;98;99;100
Codice comune;Comune;Totale
100001;Cantagallo;15;20;19;24;22;19;20;37;24;36;23;34;27;23;29;20;16;32;23;30;26;14;19;23;22;19;19;25;18;20;18;35;22;34;29;30;31;32;35;30;59;51;34;55;68;59;54;48;60;54;55;50;66;43;54;37;41;41;48;43;35;40;41;37;38;41;32;38;34;39;40;37;24;29;27;29;31;36;28;29;31;31;22;24;13;20;18;18;9;12;11;9;10;6;7;8;1;1;2;0;0
100002;Carmignano;108;95;109;110;105;110;116;123;155;145;140;142;142;130;136;149;138;131;126;123;105;127;94;82;91;117;120;90;113;85;119;127;129;136;136;164;170;163;186;189;194;208;260;260;231;250;257;221;240;220;224;246;239;188;240;230;187;176;175;160;193;151;192;172;165;155;140;172;155;148;139;168;112;118;123;118;106;117;101;118;89;74;81;62;65;56;46;38;37;54;34;31;19;18;19;9;10;7;4;1;3
100003;Montemurlo;137;124;128;129;117;155;144;138;158;140;158;170;135;157;157;139;164;141;158;154;139;149;138;133;166;135;141;159;154;177;160;172;203;173;172;200;195;177;198;189;216;207;244;255;218;232;243;247;263;271;255;260;276;287;232;273;269;233;227;223;240;238;245;244;174;203;218;226;226;225;206;227;168;192;182;179;142;183;203;203;156;141;125;137;110;98;92;84;72;59;37;32;28;25;14;12;10;8;4;0;2
100004;Poggio a Caiano;56;58;63;80;64;66;89;95;95;101;79;96;100;70;90;81;67;77;76;74;72;57;83;69;88;71;71;76;96;82;65;84;69;98;91;84;97;97;98;105;120;119;136;135;143;148;139;133;163;133;124;158;121;143;123;136;134;101;128;114;136;108;131;109;122;123;151;126;117;129;137;121;92;97;102;86;86;89;93;97;75;69;53;40;45;55;39;38;32;28;28;26;18;16;15;6;3;3;3;4;1
100005;Prato;995;999;1080;1102;1141;1233;1192;1314;1299;1396;1440;1437;1477;1390;1468;1405;1396;1485;1401;1453;1372;1360;1292;1316;1329;1438;1368;1407;1410;1388;1356;1443;1436;1415;1442;1534;1610;1731;1712;1926;1914;2129;2257;2405;2543;2395;2557;2530;2540;2593;2540;2628;2666;2708;2500;2424;2367;2383;2238;2256;2179;2144;2110;2040;1971;1994;1842;1894;2154;2178;2137;2223;1718;1702;1731;1573;1666;1843;1792;1809;1452;1360;1348;1156;1116;1010;886;920;767;679;555;467;415;301;239;137;162;92;46;14;47
100006;Vaiano;59;62;50;47;66;64;56;74;83;73;85;90;80;84;83;92;87;83;71;64;74;77;80;57;74;76;81;75;75;82;80;86;92;84;83;86;100;109;115;127;113;132;141;134;173;174;140;151;152;131;157;158;168;150;142;150;124;129;138;135;138;160;131;117;124;125;140;151;133;161;156;153;112;95;95;109;97;98;95;114;84;81;66;77;53;62;61;67;40;41;43;42;21;23;15;12;6;4;2;3;1
100007;Vernio;28;16;37;26;34;23;51;42;62;40;38;46;44;44;51;44;32;39;44;49;44;37;37;45;35;44;48;46;40;44;43;45;43;39;43;50;50;61;53;59;69;82;85;88;101;89;69;99;89;104;93;96;95;100;101;110;98;86;85;87;73;83;80;79;79;91;71;93;84;105;85;72;72;54;53;52;63;74;57;55;77;48;50;55;33;46;28;33;36;32;23;24;15;9;12;4;8;5;3;0;0
;Totale;1398;1374;1486;1518;1549;1670;1668;1823;1876;1931;1963;2015;2005;1898;2014;1930;1900;1988;1899;1947;1832;1821;1743;1725;1805;1900;1848;1878;1906;1878;1841;1992;1994;1979;1996;2148;2253;2370;2397;2625;2685;2928;3157;3332;3477;3347;3459;3429;3507;3506;3448;3596;3631;3619;3392;3360;3220;3149;3039;3018;2994;2924;2930;2798;2673;2732;2594;2700;2903;2985;2900;3001;2298;2287;2313;2146;2191;2440;2369;2425;1964;1804;1745;1551;1435;1347;1170;1198;993;905;731;631;526;398;321;188;200;120;64;22;54
Territorio/Età;;0;1;2;3;4;5;6;7;8;9;10;11;12;13;14;15;16;17;18;19;20;21;22;23;24;25;26;27;28;29;30;31;32;33;34;35;36;37;38;39;40;41;42;43;44;45;46;47;48;49;50;51;52;53;54;55;56;57;58;59;60;61;62;63;64;65;66;67;68;69;70;71;72;73;74;75;76;77;78;79;80;81;82;83;84;85;86;87;88;89;90;91;92;93;94;95;96;97;98;99;100
Codice comune;Comune;Maschi
100001;Cantagallo;8;10;9;11;10;10;14;19;17;18;10;19;13;11;13;11;8;16;11;16;13;8;11;12;12;6;14;22;11;7;11;16;9;16;12;19;16;16;19;13;21;28;20;30;36;28;31;34;32;28;35;29;33;26;19;19;19;22;24;22;19;22;23;14;23;20;14;23;17;23;21;16;11;16;12;14;15;20;20;8;20;16;13;12;4;8;8;10;4;4;4;1;2;1;0;0;1;0;0;0;0
100002;Carmignano;66;48;61;58;46;62;60;62;81;78;74;72;73;73;60;78;73;66;66;67;54;62;47;47;46;65;63;44;49;43;59;64;66;62;63;79;88;86;86;90;96;106;126;122;106;119;143;126;124;115;119;123;129;100;118;118;98;99;89;80;98;73;87;87;81;72;73;88;77;77;73;90;45;56;50;63;51;64;44;64;39;31;40;20;25;27;10;10;17;16;10;7;6;2;5;0;3;0;1;1;0
100003;Montemurlo;61;51;73;69;64;88;69;70;85;75;84;73;71;92;87;74;75;62;80;80;72;84;70;62;80;65;74;94;83;95;77;92;99;89;84;105;102;96;104;97;103;104;119;122;117;128;130;123;127;131;127;141;133;153;125;119;129;99;113;112;116;116;116;115;86;109;103;104;105;104;95;100;84;91;83;82;67;90;90;92;64;66;56;65;47;42;33;37;32;22;18;11;10;7;4;4;2;1;0;0;0
100004;Poggio a Caiano;24;32;32;43;33;31;47;57;53;57;48;40;48;31;40;42;31;42;38;42;34;32;46;38;51;36;39;45;50;38;35;44;40;46;48;43;46;42;53;48;50;55;68;68;64;89;69;72;92;69;59;70;62;75;62;61;66;54;68;50;58;54;64;52;49;61;74;59;62;64;54;59;43;46;46;43;45;41;48;40;37;31;24;15;15;19;15;16;4;11;11;10;6;6;2;2;1;1;0;1;0
100005;Prato;517;499;549;584;584;588;614;709;661;710;738;749;796;691;782;725;723;744;725;742;719;700;680;663;668;720;680;764;716;707;711;720;736;688;751;756;819;858;842;983;938;1024;1090;1223;1266;1212;1273;1326;1291;1304;1228;1296;1335;1330;1250;1208;1157;1170;1113;1081;1069;1004;1017;972;949;916;880;894;976;1053;995;1035;804;761;788;689;737;774;800;769;593;594;518;480;459;393;331;328;257;193;178;152;118;82;56;30;42;24;10;4;7
100006;Vaiano;28;32;25;26;36;30;26;35;46;41;46;42;39;46;42;58;43;42;32;27;40;44;40;28;37;28;38;43;41;42;39;40;43;42;42;43;57;59;54;62;66;60;77;76;82;82;72;74;72;77;76;82;77;70;72;69;50;69;71;60;69;78;72;65;63;66;62;70;74;72;87;82;51;44;48;51;43;42;44;59;33;37;24;32;25;21;19;23;15;15;14;13;4;11;4;5;3;0;1;1;0
100007;Vernio;16;8;19;11;16;14;25;25;25;18;20;35;17;24;23;24;20;22;22;26;20;19;16;19;23;26;28;19;23;21;22;23;22;21;24;25;23;29;22;39;33;47;41;43;58;45;38;56;49;55;42;55;51;49;42;53;50;49;42;48;42;45;47;40;44;54;36;46;38;61;31;39;35;25;30;28;26;38;23;31;32;21;22;19;10;19;11;8;13;8;5;8;4;3;2;0;2;1;0;0;0
;Totale;720;680;768;802;789;823;855;977;968;997;1020;1030;1057;968;1047;1012;973;994;974;1000;952;949;910;869;917;946;936;1031;973;953;954;999;1015;964;1024;1070;1151;1186;1180;1332;1307;1424;1541;1684;1729;1703;1756;1811;1787;1779;1686;1796;1820;1803;1688;1647;1569;1562;1520;1453;1471;1392;1426;1345;1295;1298;1242;1284;1349;1454;1356;1421;1073;1039;1057;970;984;1069;1069;1063;818;796;697;643;585;529;427;432;342;269;240;202;150;112;73;41;54;27;12;7;7
Territorio/Età;;0;1;2;3;4;5;6;7;8;9;10;11;12;13;14;15;16;17;18;19;20;21;22;23;24;25;26;27;28;29;30;31;32;33;34;35;36;37;38;39;40;41;42;43;44;45;46;47;48;49;50;51;52;53;54;55;56;57;58;59;60;61;62;63;64;65;66;67;68;69;70;71;72;73;74;75;76;77;78;79;80;81;82;83;84;85;86;87;88;89;90;91;92;93;94;95;96;97;98;99;100
Codice comune;Comune;Femmine
100001;Cantagallo;7;10;10;13;12;9;6;18;7;18;13;15;14;12;16;9;8;16;12;14;13;6;8;11;10;13;5;3;7;13;7;19;13;18;17;11;15;16;16;17;38;23;14;25;32;31;23;14;28;26;20;21;33;17;35;18;22;19;24;21;16;18;18;23;15;21;18;15;17;16;19;21;13;13;15;15;16;16;8;21;11;15;9;12;9;12;10;8;5;8;7;8;8;5;7;8;0;1;2;0;0
100002;Carmignano;42;47;48;52;59;48;56;61;74;67;66;70;69;57;76;71;65;65;60;56;51;65;47;35;45;52;57;46;64;42;60;63;63;74;73;85;82;77;100;99;98;102;134;138;125;131;114;95;116;105;105;123;110;88;122;112;89;77;86;80;95;78;105;85;84;83;67;84;78;71;66;78;67;62;73;55;55;53;57;54;50;43;41;42;40;29;36;28;20;38;24;24;13;16;14;9;7;7;3;0;3
100003;Montemurlo;76;73;55;60;53;67;75;68;73;65;74;97;64;65;70;65;89;79;78;74;67;65;68;71;86;70;67;65;71;82;83;80;104;84;88;95;93;81;94;92;113;103;125;133;101;104;113;124;136;140;128;119;143;134;107;154;140;134;114;111;124;122;129;129;88;94;115;122;121;121;111;127;84;101;99;97;75;93;113;111;92;75;69;72;63;56;59;47;40;37;19;21;18;18;10;8;8;7;4;0;2
100004;Poggio a Caiano;32;26;31;37;31;35;42;38;42;44;31;56;52;39;50;39;36;35;38;32;38;25;37;31;37;35;32;31;46;44;30;40;29;52;43;41;51;55;45;57;70;64;68;67;79;59;70;61;71;64;65;88;59;68;61;75;68;47;60;64;78;54;67;57;73;62;77;67;55;65;83;62;49;51;56;43;41;48;45;57;38;38;29;25;30;36;24;22;28;17;17;16;12;10;13;4;2;2;3;3;1
100005;Prato;478;500;531;518;557;645;578;605;638;686;702;688;681;699;686;680;673;741;676;711;653;660;612;653;661;718;688;643;694;681;645;723;700;727;691;778;791;873;870;943;976;1105;1167;1182;1277;1183;1284;1204;1249;1289;1312;1332;1331;1378;1250;1216;1210;1213;1125;1175;1110;1140;1093;1068;1022;1078;962;1000;1178;1125;1142;1188;914;941;943;884;929;1069;992;1040;859;766;830;676;657;617;555;592;510;486;377;315;297;219;183;107;120;68;36;10;40
100006;Vaiano;31;30;25;21;30;34;30;39;37;32;39;48;41;38;41;34;44;41;39;37;34;33;40;29;37;48;43;32;34;40;41;46;49;42;41;43;43;50;61;65;47;72;64;58;91;92;68;77;80;54;81;76;91;80;70;81;74;60;67;75;69;82;59;52;61;59;78;81;59;89;69;71;61;51;47;58;54;56;51;55;51;44;42;45;28;41;42;44;25;26;29;29;17;12;11;7;3;4;1;2;1
100007;Vernio;12;8;18;15;18;9;26;17;37;22;18;11;27;20;28;20;12;17;22;23;24;18;21;26;12;18;20;27;17;23;21;22;21;18;19;25;27;32;31;20;36;35;44;45;43;44;31;43;40;49;51;41;44;51;59;57;48;37;43;39;31;38;33;39;35;37;35;47;46;44;54;33;37;29;23;24;37;36;34;24;45;27;28;36;23;27;17;25;23;24;18;16;11;6;10;4;6;4;3;0;0
;Totale;678;694;718;716;760;847;813;846;908;934;943;985;948;930;967;918;927;994;925;947;880;872;833;856;888;954;912;847;933;925;887;993;979;1015;972;1078;1102;1184;1217;1293;1378;1504;1616;1648;1748;1644;1703;1618;1720;1727;1762;1800;1811;1816;1704;1713;1651;1587;1519;1565;1523;1532;1504;1453;1378;1434;1352;1416;1554;1531;1544;1580;1225;1248;1256;1176;1207;1371;1300;1362;1146;1008;1048;908;850;818;743;766;651;636;491;429;376;286;248;147;146;93;52;15;47

"Ricostruzione della popolazione intercensuaria - Popolazione al 1° gennaio per età"
"Cittadinanza italiana - Anno: 2019 - Provincia: Prato"
Territorio/Età;;0;1;2;3;4;5;6;7;8;9;10;11;12;13;14;15;16;17;18;19;20;21;22;23;24;25;26;27;28;29;30;31;32;33;34;35;36;37;38;39;40;41;42;43;44;45;46;47;48;49;50;51;52;53;54;55;56;57;58;59;60;61;62;63;64;65;66;67;68;69;70;71;72;73;74;75;76;77;78;79;80;81;82;83;84;85;86;87;88;89;90;91;92;93;94;95;96;97;98;99;100
Codice comune;Comune;Totale
100001;Cantagallo;13;16;17;16;22;20;22;21;35;24;39;22;33;28;20;29;20;16;35;22;28;29;15;18;20;22;21;16;26;19;17;18;33;22;32;28;32;31;33;33;30;53;50;35;56;69;55;53;45;57;56;59;50;66;45;54;35;44;44;48;43;37;40;42;35;37;39;33;38;34;40;41;37;24;26;27;29;29;35;29;28;31;27;23;22;12;19;16;15;9;8;9;8;6;5;7;6;1;2;1;0
100002;Carmignano;89;106;102;110;111;108;108;117;125;154;148;138;143;141;128;137;154;137;128;123;122;103;130;92;84;95;119;120;95;107;90;124;126;134;141;136;176;173;163;182;188;193;212;265;262;230;249;253;215;242;219;225;243;237;188;241;226;186;178;169;155;185;151;190;173;165;151;137;170;152;149;143;169;110;118;116;120;107;115;98;113;85;72;81;56;61;53;44;35;36;44;27;24;18;15;16;6;8;4;3;1
100003;Montemurlo;109;142;127;135;128;118;158;143;139;154;143;158;174;136;152;161;138;161;147;158;156;137;149;140;131;167;139;143;160;151;178;161;172;200;178;174;197;197;178;202;189;225;210;247;253;222;229;244;253;261;272;247;259;276;279;232;267;268;229;221;216;248;235;236;245;173;195;217;222;226;228;200;223;163;188;178;175;140;176;193;201;151;137;118;124;104;92;84;72;64;51;34;27;24;21;13;6;5;3;3;1
100004;Poggio a Caiano;50;56;66;67;83;70;71;90;97;98;99;80;96;105;68;93;81;66;84;78;76;73;56;82;70;91;75;74;71;96;75;66;84;66;93;93;83;99;99;99;108;122;125;138;130;145;149;142;130;159;131;123;159;124;144;127;137;133;103;129;115;135;106;129;109;122;120;151;126;116;126;136;121;90;93;101;86;82;86;90;93;73;66;54;37;40;49;37;31;26;26;23;22;14;16;11;6;2;3;1;4
100005;Prato;933;1021;1015;1086;1112;1142;1228;1194;1315;1304;1407;1441;1436;1475;1401;1466;1401;1403;1512;1420;1455;1379;1357;1303;1314;1344;1440;1372;1398;1415;1381;1343;1461;1443;1426;1459;1538;1619;1737;1713;1936;1915;2138;2259;2409;2539;2416;2560;2531;2539;2566;2529;2630;2660;2684;2471;2399;2347;2366;2219;2238;2143;2145;2085;2015;1934;1979;1816;1856;2126;2142;2104;2181;1686;1662;1701;1530;1618;1789;1746;1728;1379;1301;1282;1099;1033;925;808;816;679;592;477;394;339;250;183;106;117;65;34;34
100006;Vaiano;53;56;61;55;49;68;68;61;76;81;73;84;90;81;85;81;90;87;89;74;66;72;79;82;57;71;79;84;78;75;86;81;84;93;84;84;85;102;112;115;124;114;133;142;134;167;176;146;150;153;137;156;158;170;155;141;155;124;135;138;135;138;154;133;118;121;120;141;146;132;160;151;152;114;92;94;110;97;95;94;112;83;79;63;73;51;61;56;61;35;39;38;35;19;18;11;8;4;3;1;2
100007;Vernio;26;31;17;38;26;35;26;52;41;64;42;40;46;44;45;51;45;32;40;42;53;43;37;45;47;35;44;48;46;43;43;43;46;43;43;42;54;50;62;54;63;62;83;88;90;100;89;70;98;88;105;92;98;96;99;103;111;104;84;89;87;72;84;79;78;83;91;71;92;86;104;87;67;69;52;53;49;61;73;58;53;74;46;50;53;33;43;28;32;33;27;23;18;11;9;9;3;7;2;3;0
;Totale;1273;1428;1405;1507;1531;1561;1681;1678;1828;1879;1951;1963;2018;2010;1899;2018;1929;1902;2035;1917;1956;1836;1823;1762;1723;1825;1917;1857;1874;1906;1870;1836;2006;2001;1997;2016;2165;2271;2384;2398;2638;2684;2951;3174;3334;3472;3363;3468;3422;3499;3486;3431;3597;3629;3594;3369;3330;3206;3139;3013;2989;2958;2915;2894;2773;2635;2695;2566;2650;2872;2949;2862;2950;2256;2231;2270;2099;2134;2369;2308;2328;1876;1728;1671;1464;1334;1242;1073;1062;882;787;631;528;431;334;250;141;144;82;46;42
Territorio/Età;;0;1;2;3;4;5;6;7;8;9;10;11;12;13;14;15;16;17;18;19;20;21;22;23;24;25;26;27;28;29;30;31;32;33;34;35;36;37;38;39;40;41;42;43;44;45;46;47;48;49;50;51;52;53;54;55;56;57;58;59;60;61;62;63;64;65;66;67;68;69;70;71;72;73;74;75;76;77;78;79;80;81;82;83;84;85;86;87;88;89;90;91;92;93;94;95;96;97;98;99;100
Codice comune;Comune;Maschi
100001;Cantagallo;10;9;9;9;10;9;10;14;18;17;19;10;19;13;10;13;11;8;17;12;15;13;9;10;11;12;6;12;21;12;7;12;14;9;13;10;19;16;18;18;14;18;27;22;29;36;27;30;32;31;29;37;29;34;27;20;17;23;23;25;21;20;22;23;13;22;20;15;23;16;23;21;17;11;15;12;14;13;20;20;10;19;13;13;10;4;8;7;8;4;1;3;1;2;1;0;0;1;0;0;0
100002;Carmignano;51;65;49;60;59;47;63;62;65;83;80;72;72;69;70;60;80;73;65;64;67;53;64;46;46;51;66;65;45;50;43;61;62;67;65;67;82;86;91;84;91;95;105;130;125;106;116;141;122;127;110;120;122;127;98;118;115;93;101;85;79;95;74;87;84;81;70;70;87;77;77;74;91;44;56;49;64;49;63;43;60;37;32;40;20;24;25;9;10;16;13;9;4;5;2;5;0;3;0;0;1
100003;Montemurlo;58;60;55;78;67;64;89;71;71;85;78;83;74;73;90;88;73;75;65;78;84;73;83;71;60;80;68;75;94;83;96;78;92;94;87;84;106;98;96;103;96;108;104;120;122;117;125;130;130;125;131;123;139;135;148;124;117;129;98;111;108;120;117;113;116;88;104;104;102;105;105;91;97;82;88;81;79;65;83;84;93;61;67;50;57;43;39;30;32;29;21;15;9;8;5;3;1;1;0;0;0
100004;Poggio a Caiano;27;25;37;37;43;36;33;47;56;53;56;49;41;53;31;42;42;32;42;39;43;36;30;43;39;52;37;39;45;49;32;34;48;35;44;46;42;46;45;52;48;50;60;68;66;65;93;70;68;90;69;58;70;63;76;63;62;67;55;67;50;59;53;64;54;49;58;73;59;62;62;55;57;43;42;45;42;43;38;46;36;34;28;25;13;13;15;13;14;4;9;9;7;5;6;1;2;0;1;0;1
100005;Prato;482;535;512;544;593;591;589;612;704;671;725;735;742;797;699;779;720;725;762;732;741;717;700;683;670;673;729;680;762;712;700;694;713;738;685;755;751;825;859;835;990;933;1028;1086;1231;1260;1222;1274;1329;1297;1286;1220;1303;1325;1315;1235;1195;1144;1158;1093;1068;1044;1008;1002;961;927;909;863;868;959;1033;977;1018;791;740;768;658;710;748;776;722;561;557;484;451;421;353;302;284;219;168;154;119;96;68;40;25;26;11;5;4
100006;Vaiano;34;28;32;29;28;38;32;28;37;44;40;45;44;39;48;41;57;42;45;33;28;40;44;40;27;37;29;41;43;41;43;39;40;45;42;40;44;58;58;53;63;66;61;75;76;80;84;75;72;74;79;78;83;79;74;71;74;51;72;69;60;68;75;73;68;61;61;63;68;74;72;85;80;50;38;46;51;44;42;42;58;32;35;22;30;25;21;17;21;13;15;10;12;4;6;3;2;2;0;1;1
100007;Vernio;7;18;7;19;13;16;15;25;24;26;21;21;35;17;25;23;24;20;23;20;26;20;18;21;20;23;25;30;18;24;21;22;22;19;23;20;29;24;30;23;40;30;47;44;44;58;49;37;56;48;57;41;56;52;50;43;55;52;48;47;47;42;45;45;39;48;53;36;46;39;60;34;35;33;24;30;26;24;37;23;30;31;21;22;18;10;17;11;9;10;5;6;6;3;3;2;0;1;0;0;0
;Totale;669;740;701;776;813;801;831;859;975;979;1019;1015;1027;1061;973;1046;1007;975;1019;978;1004;952;948;914;873;928;960;942;1028;971;942;940;991;1007;959;1022;1073;1153;1197;1168;1342;1300;1432;1545;1693;1722;1716;1757;1809;1792;1761;1677;1802;1815;1788;1674;1635;1559;1555;1497;1433;1448;1394;1407;1335;1276;1275;1224;1253;1332;1432;1337;1395;1054;1003;1031;934;948;1031;1034;1009;775;753;656;599;540;478;389;378;295;232;206;158;123;91;54;30;34;12;6;7
Territorio/Età;;0;1;2;3;4;5;6;7;8;9;10;11;12;13;14;15;16;17;18;19;20;21;22;23;24;25;26;27;28;29;30;31;32;33;34;35;36;37;38;39;40;41;42;43;44;45;46;47;48;49;50;51;52;53;54;55;56;57;58;59;60;61;62;63;64;65;66;67;68;69;70;71;72;73;74;75;76;77;78;79;80;81;82;83;84;85;86;87;88;89;90;91;92;93;94;95;96;97;98;99;100
Codice comune;Comune;Femmine
100001;Cantagallo;3;7;8;7;12;11;12;7;17;7;20;12;14;15;10;16;9;8;18;10;13;16;6;8;9;10;15;4;5;7;10;6;19;13;19;18;13;15;15;15;16;35;23;13;27;33;28;23;13;26;27;22;21;32;18;34;18;21;21;23;22;17;18;19;22;15;19;18;15;18;17;20;20;13;11;15;15;16;15;9;18;12;14;10;12;8;11;9;7;5;7;6;7;4;4;7;6;0;2;1;0
100002;Carmignano;38;41;53;50;52;61;45;55;60;71;68;66;71;72;58;77;74;64;63;59;55;50;66;46;38;44;53;55;50;57;47;63;64;67;76;69;94;87;72;98;97;98;107;135;137;124;133;112;93;115;109;105;121;110;90;123;111;93;77;84;76;90;77;103;89;84;81;67;83;75;72;69;78;66;62;67;56;58;52;55;53;48;40;41;36;37;28;35;25;20;31;18;20;13;13;11;6;5;4;3;0
100003;Montemurlo;51;82;72;57;61;54;69;72;68;69;65;75;100;63;62;73;65;86;82;80;72;64;66;69;71;87;71;68;66;68;82;83;80;106;91;90;91;99;82;99;93;117;106;127;131;105;104;114;123;136;141;124;120;141;131;108;150;139;131;110;108;128;118;123;129;85;91;113;120;121;123;109;126;81;100;97;96;75;93;109;108;90;70;68;67;61;53;54;40;35;30;19;18;16;16;10;5;4;3;3;1
100004;Poggio a Caiano;23;31;29;30;40;34;38;43;41;45;43;31;55;52;37;51;39;34;42;39;33;37;26;39;31;39;38;35;26;47;43;32;36;31;49;47;41;53;54;47;60;72;65;70;64;80;56;72;62;69;62;65;89;61;68;64;75;66;48;62;65;76;53;65;55;73;62;78;67;54;64;81;64;47;51;56;44;39;48;44;57;39;38;29;24;27;34;24;17;22;17;14;15;9;10;10;4;2;2;1;3
100005;Prato;451;486;503;542;519;551;639;582;611;633;682;706;694;678;702;687;681;678;750;688;714;662;657;620;644;671;711;692;636;703;681;649;748;705;741;704;787;794;878;878;946;982;1110;1173;1178;1279;1194;1286;1202;1242;1280;1309;1327;1335;1369;1236;1204;1203;1208;1126;1170;1099;1137;1083;1054;1007;1070;953;988;1167;1109;1127;1163;895;922;933;872;908;1041;970;1006;818;744;798;648;612;572;506;532;460;424;323;275;243;182;143;81;91;54;29;30
100006;Vaiano;19;28;29;26;21;30;36;33;39;37;33;39;46;42;37;40;33;45;44;41;38;32;35;42;30;34;50;43;35;34;43;42;44;48;42;44;41;44;54;62;61;48;72;67;58;87;92;71;78;79;58;78;75;91;81;70;81;73;63;69;75;70;79;60;50;60;59;78;78;58;88;66;72;64;54;48;59;53;53;52;54;51;44;41;43;26;40;39;40;22;24;28;23;15;12;8;6;2;3;0;1
100007;Vernio;19;13;10;19;13;19;11;27;17;38;21;19;11;27;20;28;21;12;17;22;27;23;19;24;27;12;19;18;28;19;22;21;24;24;20;22;25;26;32;31;23;32;36;44;46;42;40;33;42;40;48;51;42;44;49;60;56;52;36;42;40;30;39;34;39;35;38;35;46;47;44;53;32;36;28;23;23;37;36;35;23;43;25;28;35;23;26;17;23;23;22;17;12;8;6;7;3;6;2;3;0
;Totale;604;688;704;731;718;760;850;819;853;900;932;948;991;949;926;972;922;927;1016;939;952;884;875;848;850;897;957;915;846;935;928;896;1015;994;1038;994;1092;1118;1187;1230;1296;1384;1519;1629;1641;1750;1647;1711;1613;1707;1725;1754;1795;1814;1806;1695;1695;1647;1584;1516;1556;1510;1521;1487;1438;1359;1420;1342;1397;1540;1517;1525;1555;1202;1228;1239;1165;1186;1338;1274;1319;1101;975;1015;865;794;764;684;684;587;555;425;370;308;243;196;111;110;70;40;35

"Ricostruzione della popolazione intercensuaria - Popolazione al 1° gennaio per età"
"Cittadinanza straniera - Anno: 2002 - Provincia: Prato"
Territorio/Età;;0;1;2;3;4;5;6;7;8;9;10;11;12;13;14;15;16;17;18;19;20;21;22;23;24;25;26;27;28;29;30;31;32;33;34;35;36;37;38;39;40;41;42;43;44;45;46;47;48;49;50;51;52;53;54;55;56;57;58;59;60;61;62;63;64;65;66;67;68;69;70;71;72;73;74;75;76;77;78;79;80;81;82;83;84;85;86;87;88;89;90;91;92;93;94;95;96;97;98;99;100
Codice comune;Comune;Totale
100001;Cantagallo;3;2;0;2;2;0;6;4;4;1;1;2;5;0;0;2;0;1;1;2;2;1;1;0;4;0;4;1;1;4;1;2;1;4;0;3;4;3;4;1;2;2;4;3;0;1;1;2;1;0;0;0;0;0;0;0;0;0;0;0;0;0;0;0;1;1;0;0;0;0;0;1;0;0;0;0;0;0;0;0;0;0;0;0;0;0;0;0;0;0;0;0;0;0;0;0;0;0;0;0;0
100002;Carmignano;7;18;4;6;4;5;7;3;4;3;5;8;4;4;8;8;5;7;7;5;7;12;10;12;12;11;19;10;14;9;10;14;18;14;11;11;8;9;15;11;7;4;1;8;7;5;5;3;5;1;1;4;1;2;0;4;1;2;1;3;1;1;1;2;0;1;0;2;1;1;0;0;0;2;0;0;0;0;1;0;0;0;0;0;0;0;0;0;0;0;0;0;0;0;0;0;0;0;0;0;0
100003;Montemurlo;14;21;13;18;8;9;11;14;7;9;8;18;11;11;9;10;5;10;8;10;7;11;21;19;21;18;29;23;21;16;19;18;25;24;29;20;20;25;23;13;11;18;3;7;6;9;8;5;7;2;5;3;0;5;4;3;1;0;2;0;3;1;1;1;0;0;0;0;0;1;0;0;2;0;0;0;0;0;0;0;0;1;0;0;0;0;0;0;1;0;0;0;0;0;0;0;0;0;0;0;0
100004;Poggio a Caiano;4;4;3;2;2;1;1;0;0;1;1;3;2;2;1;2;4;2;1;2;2;3;5;4;7;2;5;3;4;3;6;5;7;8;6;6;5;6;6;1;2;6;4;3;3;5;3;2;1;3;2;4;1;1;2;1;0;2;0;0;0;1;0;0;1;0;1;0;2;0;2;0;0;0;0;0;0;0;0;0;0;0;0;0;0;0;0;0;0;0;0;0;0;0;0;0;0;0;0;0;0
100005;Prato;249;184;170;140;137;113;96;92;96;87;113;92;113;97;120;104;108;126;141;131;151;127;146;149;194;202;242;246;252;223;279;273;300;281;244;228;253;236;231;205;150;181;131;150;115;139;104;104;74;82;62;54;59;50;45;35;38;25;23;22;21;23;29;21;17;20;14;17;11;9;12;7;3;7;17;3;3;7;1;3;2;3;2;4;2;1;2;1;1;3;2;0;0;0;0;0;0;0;0;0;0
100006;Vaiano;0;3;3;0;5;2;4;5;1;1;3;6;1;2;0;2;0;1;3;0;0;4;6;0;3;14;2;5;6;5;4;7;6;3;2;7;9;5;3;4;5;3;3;4;4;3;2;1;1;2;4;3;1;1;1;0;1;1;1;1;0;1;1;2;0;0;2;1;0;0;0;1;0;1;0;0;0;0;0;0;0;0;0;0;0;0;0;0;0;0;0;0;0;0;0;0;0;0;0;0;0
100007;Vernio;6;3;3;2;2;1;3;3;0;1;1;1;1;1;3;2;2;2;3;0;4;1;3;2;1;3;6;2;5;3;7;2;5;3;8;3;5;0;4;4;2;3;2;0;0;5;2;1;0;3;1;1;0;5;1;0;0;0;2;0;0;0;0;1;1;0;0;1;0;0;0;0;0;1;0;0;0;0;0;0;0;0;0;0;0;0;0;0;0;0;0;0;0;0;0;0;0;0;0;0;0
;Totale;283;235;196;170;160;131;128;121;112;103;132;130;137;117;141;130;124;149;164;150;173;159;192;186;242;250;307;290;303;263;326;321;362;337;300;278;304;284;286;239;179;217;148;175;135;167;125;118;89;93;75;69;62;64;53;43;41;30;29;26;25;27;32;27;20;22;17;21;14;11;14;9;5;11;17;3;3;7;2;3;2;4;2;4;2;1;2;1;2;3;2;0;0;0;0;0;0;0;0;0;0
Territorio/Età;;0;1;2;3;4;5;6;7;8;9;10;11;12;13;14;15;16;17;18;19;20;21;22;23;24;25;26;27;28;29;30;31;32;33;34;35;36;37;38;39;40;41;42;43;44;45;46;47;48;49;50;51;52;53;54;55;56;57;58;59;60;61;62;63;64;65;66;67;68;69;70;71;72;73;74;75;76;77;78;79;80;81;82;83;84;85;86;87;88;89;90;91;92;93;94;95;96;97;98;99;100
Codice comune;Comune;Maschi
100001;Cantagallo;2;1;0;0;0;0;5;1;3;0;0;0;5;0;0;0;0;0;0;1;2;1;1;0;1;0;2;0;0;1;1;1;0;2;0;0;1;1;4;0;1;1;3;1;0;1;1;2;0;0;0;0;0;0;0;0;0;0;0;0;0;0;0;0;0;0;0;0;0;0;0;0;0;0;0;0;0;0;0;0;0;0;0;0;0;0;0;0;0;0;0;0;0;0;0;0;0;0;0;0;0
100002;Carmignano;3;8;3;1;2;3;4;0;3;1;3;2;2;4;4;4;2;5;3;3;3;3;6;2;4;3;9;3;7;4;4;11;7;7;7;3;4;3;7;3;3;2;0;5;2;4;4;2;2;1;0;2;1;1;0;2;0;2;0;2;1;1;0;1;0;0;0;2;0;1;0;0;0;2;0;0;0;0;0;0;0;0;0;0;0;0;0;0;0;0;0;0;0;0;0;0;0;0;0;0;0
100003;Montemurlo;6;10;7;13;6;5;7;11;3;4;7;13;8;8;5;6;2;5;5;6;5;5;8;8;12;12;12;11;11;11;13;13;16;16;18;14;12;13;11;11;6;13;2;6;4;5;6;1;3;2;1;2;0;4;2;2;0;0;1;0;2;0;0;0;0;0;0;0;0;1;0;0;0;0;0;0;0;0;0;0;0;0;0;0;0;0;0;0;0;0;0;0;0;0;0;0;0;0;0;0;0
100004;Poggio a Caiano;2;3;0;1;2;1;0;0;0;0;0;1;1;2;0;1;1;1;1;2;1;1;1;1;2;0;2;0;1;2;1;4;6;5;2;4;3;1;3;0;1;5;0;1;2;3;1;1;1;1;0;0;0;0;2;0;0;1;0;0;0;0;0;0;1;0;0;0;1;0;2;0;0;0;0;0;0;0;0;0;0;0;0;0;0;0;0;0;0;0;0;0;0;0;0;0;0;0;0;0;0
100005;Prato;124;87;86;74;73;59;43;48;51;40;56;49;55;49;65;48;63;78;85;73;80;54;72;73;85;93;117;131;138;113;130;162;154;148;134;128;135;142;115;101;74;96;57;96;64;82;57;49;37;36;27;22;28;17;19;15;19;9;10;11;16;8;10;7;11;8;5;8;2;5;5;1;2;3;8;1;1;2;0;0;0;1;1;3;1;0;1;1;0;2;1;0;0;0;0;0;0;0;0;0;0
100006;Vaiano;0;0;2;0;2;1;1;2;0;1;2;1;0;2;0;0;0;1;1;0;0;2;3;0;3;6;0;2;3;2;2;5;5;2;0;3;4;4;1;1;3;3;1;3;2;2;1;1;0;1;1;2;0;0;0;0;0;0;0;0;0;1;0;1;0;0;1;1;0;0;0;0;0;1;0;0;0;0;0;0;0;0;0;0;0;0;0;0;0;0;0;0;0;0;0;0;0;0;0;0;0
100007;Vernio;4;1;2;2;0;1;2;2;0;1;0;0;0;0;3;0;2;0;2;0;2;0;2;2;0;0;2;1;0;2;4;2;5;0;4;2;4;0;3;2;1;1;1;0;0;1;1;0;0;2;1;0;0;3;0;0;0;0;0;0;0;0;0;0;0;0;0;0;0;0;0;0;0;0;0;0;0;0;0;0;0;0;0;0;0;0;0;0;0;0;0;0;0;0;0;0;0;0;0;0;0
;Totale;141;110;100;91;85;70;62;64;60;47;68;66;71;65;77;59;70;90;97;85;93;66;93;86;107;114;144;148;160;135;155;198;193;180;165;154;163;164;144;118;89;121;64;112;74;98;71;56;43;43;30;28;29;25;23;19;19;12;11;13;19;10;10;9;12;8;6;11;3;7;7;1;2;6;8;1;1;2;0;0;0;1;1;3;1;0;1;1;0;2;1;0;0;0;0;0;0;0;0;0;0
Territorio/Età;;0;1;2;3;4;5;6;7;8;9;10;11;12;13;14;15;16;17;18;19;20;21;22;23;24;25;26;27;28;29;30;31;32;33;34;35;36;37;38;39;40;41;42;43;44;45;46;47;48;49;50;51;52;53;54;55;56;57;58;59;60;61;62;63;64;65;66;67;68;69;70;71;72;73;74;75;76;77;78;79;80;81;82;83;84;85;86;87;88;89;90;91;92;93;94;95;96;97;98;99;100
Codice comune;Comune;Femmine
100001;Cantagallo;1;1;0;2;2;0;1;3;1;1;1;2;0;0;0;2;0;1;1;1;0;0;0;0;3;0;2;1;1;3;0;1;1;2;0;3;3;2;0;1;1;1;1;2;0;0;0;0;1;0;0;0;0;0;0;0;0;0;0;0;0;0;0;0;1;1;0;0;0;0;0;1;0;0;0;0;0;0;0;0;0;0;0;0;0;0;0;0;0;0;0;0;0;0;0;0;0;0;0;0;0
100002;Carmignano;4;10;1;5;2;2;3;3;1;2;2;6;2;0;4;4;3;2;4;2;4;9;4;10;8;8;10;7;7;5;6;3;11;7;4;8;4;6;8;8;4;2;1;3;5;1;1;1;3;0;1;2;0;1;0;2;1;0;1;1;0;0;1;1;0;1;0;0;1;0;0;0;0;0;0;0;0;0;1;0;0;0;0;0;0;0;0;0;0;0;0;0;0;0;0;0;0;0;0;0;0
100003;Montemurlo;8;11;6;5;2;4;4;3;4;5;1;5;3;3;4;4;3;5;3;4;2;6;13;11;9;6;17;12;10;5;6;5;9;8;11;6;8;12;12;2;5;5;1;1;2;4;2;4;4;0;4;1;0;1;2;1;1;0;1;0;1;1;1;1;0;0;0;0;0;0;0;0;2;0;0;0;0;0;0;0;0;1;0;0;0;0;0;0;1;0;0;0;0;0;0;0;0;0;0;0;0
100004;Poggio a Caiano;2;1;3;1;0;0;1;0;0;1;1;2;1;0;1;1;3;1;0;0;1;2;4;3;5;2;3;3;3;1;5;1;1;3;4;2;2;5;3;1;1;1;4;2;1;2;2;1;0;2;2;4;1;1;0;1;0;1;0;0;0;1;0;0;0;0;1;0;1;0;0;0;0;0;0;0;0;0;0;0;0;0;0;0;0;0;0;0;0;0;0;0;0;0;0;0;0;0;0;0;0
100005;Prato;125;97;84;66;64;54;53;44;45;47;57;43;58;48;55;56;45;48;56;58;71;73;74;76;109;109;125;115;114;110;149;111;146;133;110;100;118;94;116;104;76;85;74;54;51;57;47;55;37;46;35;32;31;33;26;20;19;16;13;11;5;15;19;14;6;12;9;9;9;4;7;6;1;4;9;2;2;5;1;3;2;2;1;1;1;1;1;0;1;1;1;0;0;0;0;0;0;0;0;0;0
100006;Vaiano;0;3;1;0;3;1;3;3;1;0;1;5;1;0;0;2;0;0;2;0;0;2;3;0;0;8;2;3;3;3;2;2;1;1;2;4;5;1;2;3;2;0;2;1;2;1;1;0;1;1;3;1;1;1;1;0;1;1;1;1;0;0;1;1;0;0;1;0;0;0;0;1;0;0;0;0;0;0;0;0;0;0;0;0;0;0;0;0;0;0;0;0;0;0;0;0;0;0;0;0;0
100007;Vernio;2;2;1;0;2;0;1;1;0;0;1;1;1;1;0;2;0;2;1;0;2;1;1;0;1;3;4;1;5;1;3;0;0;3;4;1;1;0;1;2;1;2;1;0;0;4;1;1;0;1;0;1;0;2;1;0;0;0;2;0;0;0;0;1;1;0;0;1;0;0;0;0;0;1;0;0;0;0;0;0;0;0;0;0;0;0;0;0;0;0;0;0;0;0;0;0;0;0;0;0;0
;Totale;142;125;96;79;75;61;66;57;52;56;64;64;66;52;64;71;54;59;67;65;80;93;99;100;135;136;163;142;143;128;171;123;169;157;135;124;141;120;142;121;90;96;84;63;61;69;54;62;46;50;45;41;33;39;30;24;22;18;18;13;6;17;22;18;8;14;11;10;11;4;7;8;3;5;9;2;2;5;2;3;2;3;1;1;1;1;1;0;2;1;1;0;0;0;0;0;0;0;0;0;0

"Ricostruzione della popolazione intercensuaria - Popolazione al 1° gennaio per età"
"Cittadinanza straniera - Anno: 2003 - Provincia: Prato"
Territorio/Età;;0;1;2;3;4;5;6;7;8;9;10;11;12;13;14;15;16;17;18;19;20;21;22;23;24;25;26;27;28;29;30;31;32;33;34;35;36;37;38;39;40;41;42;43;44;45;46;47;48;49;50;51;52;53;54;55;56;57;58;59;60;61;62;63;64;65;66;67;68;69;70;71;72;73;74;75;76;77;78;79;80;81;82;83;84;85;86;87;88;89;90;91;92;93;94;95;96;97;98;99;100
Codice comune;Comune;Totale
100001;Cantagallo;2;2;1;0;0;0;0;4;3;4;2;2;1;4;1;1;1;1;1;1;3;1;1;0;1;4;0;2;1;1;2;1;1;0;1;1;2;5;2;3;2;2;2;2;4;0;1;1;0;0;0;0;0;0;0;0;0;0;0;0;0;0;0;0;0;2;1;0;0;0;0;0;1;0;0;0;0;0;0;0;0;0;0;0;0;0;0;1;0;0;0;0;0;0;0;0;0;0;0;0;0
100002;Carmignano;11;11;19;3;8;6;8;8;2;4;3;7;8;9;3;8;7;4;6;10;6;6;15;11;16;10;16;22;14;16;11;11;15;21;15;10;10;12;9;16;11;8;4;1;7;6;7;2;3;5;1;3;4;1;2;0;4;2;1;1;3;2;1;1;3;0;1;0;1;1;1;0;0;0;1;1;0;0;0;1;0;0;0;0;0;0;0;0;0;0;0;0;0;0;0;0;0;0;0;0;0
100003;Montemurlo;31;16;25;16;22;11;8;11;15;8;9;10;20;10;12;10;9;3;8;8;10;9;10;28;24;23;21;29;27;25;22;24;26;32;29;32;21;18;27;23;15;12;17;4;10;3;7;8;9;10;1;4;3;1;4;4;1;2;0;0;1;2;1;3;1;1;0;0;0;0;0;0;0;2;0;0;0;0;0;0;0;0;1;0;0;0;0;0;0;0;0;0;0;0;0;0;0;0;0;0;0
100004;Poggio a Caiano;10;5;3;2;3;4;1;1;0;1;1;3;2;3;2;0;1;4;0;2;0;1;1;4;3;4;7;7;8;5;4;7;12;21;10;6;5;5;8;4;2;1;4;3;3;4;3;3;2;0;1;1;3;1;1;1;1;0;2;0;3;1;1;2;0;1;0;1;0;1;0;2;0;0;1;0;0;0;0;0;0;0;1;0;0;0;0;0;1;0;0;0;0;0;0;0;0;0;0;0;0
100005;Prato;367;267;198;183;156;154;126;111;110;112;101;128;111;131;129;150;126;137;160;169;148;171;157;180;204;245;253;291;280;275;261;320;310;349;315;264;238;273;258;258;237;164;189;143;151;125;141;109;106;71;85;65;54;55;52;44;38;34;24;25;25;25;29;29;22;18;23;17;17;13;10;11;8;3;6;16;3;2;7;1;2;2;1;2;5;2;1;1;1;0;2;1;0;0;0;0;0;0;0;0;0
100006;Vaiano;8;4;3;2;0;4;1;7;8;0;3;6;7;1;2;2;3;1;3;2;0;2;5;7;1;2;13;4;8;10;7;7;7;6;5;5;7;9;8;4;4;5;4;3;3;4;3;2;2;3;2;5;3;2;1;1;1;3;3;2;2;0;1;2;4;0;1;2;1;0;0;0;1;0;1;0;0;0;0;0;0;0;0;0;0;0;0;0;0;0;0;0;0;0;0;0;0;0;0;0;0
100007;Vernio;3;7;3;2;2;4;0;2;5;0;1;3;1;2;1;0;2;3;4;3;2;5;3;5;3;4;4;3;3;4;6;5;2;7;4;5;5;7;0;4;3;2;3;2;0;1;4;5;2;1;3;0;1;0;5;0;0;0;0;1;0;0;1;1;1;1;0;0;1;0;0;1;0;0;1;0;0;0;0;0;0;0;0;0;0;0;0;0;0;0;0;0;0;0;0;0;0;0;0;0;0
;Totale;432;312;252;208;191;183;144;144;143;129;120;159;150;160;150;171;149;153;182;195;169;195;192;235;252;292;314;358;341;336;313;375;373;436;379;323;288;329;312;312;274;194;223;158;178;143;166;130;124;90;93;78;68;60;65;50;45;41;30;29;34;30;34;38;31;23;26;20;20;15;11;14;10;5;10;17;3;2;7;2;2;2;3;2;5;2;1;2;2;0;2;1;0;0;0;0;0;0;0;0;0
Territorio/Età;;0;1;2;3;4;5;6;7;8;9;10;11;12;13;14;15;16;17;18;19;20;21;22;23;24;25;26;27;28;29;30;31;32;33;34;35;36;37;38;39;40;41;42;43;44;45;46;47;48;49;50;51;52;53;54;55;56;57;58;59;60;61;62;63;64;65;66;67;68;69;70;71;72;73;74;75;76;77;78;79;80;81;82;83;84;85;86;87;88;89;90;91;92;93;94;95;96;97;98;99;100
Codice comune;Comune;Maschi
100001;Cantagallo;1;1;0;0;0;0;0;3;1;3;1;1;0;4;1;1;0;0;0;0;1;1;1;0;0;3;0;1;1;0;1;0;0;0;0;0;0;3;2;3;1;1;2;1;2;0;1;1;0;0;0;0;0;0;0;0;0;0;0;0;0;0;0;0;0;0;0;0;0;0;0;0;0;0;0;0;0;0;0;0;0;0;0;0;0;0;0;0;0;0;0;0;0;0;0;0;0;0;0;0;0
100002;Carmignano;4;5;9;2;1;2;5;6;0;3;1;3;1;7;3;3;4;2;4;6;3;2;3;7;1;1;5;9;3;7;3;4;10;8;7;6;3;6;4;8;3;5;2;1;4;2;5;2;2;2;1;2;1;1;1;0;1;1;1;0;2;2;1;0;1;0;0;0;1;0;1;0;0;0;1;1;0;0;0;0;0;0;0;0;0;0;0;0;0;0;0;0;0;0;0;0;0;0;0;0;0
100003;Montemurlo;15;6;11;10;13;8;6;7;11;4;5;7;13;8;7;6;6;2;1;4;4;7;3;9;10;12;14;14;14;15;15;14;17;20;16;19;14;10;15;12;13;8;10;3;8;0;5;5;2;7;1;1;2;1;4;1;0;0;0;0;1;1;0;0;0;0;0;0;0;0;0;0;0;0;0;0;0;0;0;0;0;0;0;0;0;0;0;0;0;0;0;0;0;0;0;0;0;0;0;0;0
100004;Poggio a Caiano;3;3;2;1;2;2;1;0;0;0;0;2;1;1;2;0;0;2;0;2;0;0;0;0;1;2;3;4;3;2;2;3;6;8;7;3;4;4;3;2;1;1;4;1;1;4;1;0;1;0;0;0;0;0;0;1;0;0;1;0;1;0;0;1;0;1;0;0;0;1;0;2;0;0;0;0;0;0;0;0;0;0;0;0;0;0;0;0;1;0;0;0;0;0;0;0;0;0;0;0;0
100005;Prato;195;132;93;91;83;80;63;51;56;59;45;62;58;67;65;79;59;77;95;102;79;81;59;89;107;106;111;147;147;148;133;153;175;180;174;147;129;148;156;131;123;83;107;69;98;72;85;62;51;33;38;30;24;27;18;20;17;16;8;9;14;17;12;12;7;10;10;6;9;3;6;5;2;2;2;8;1;0;1;0;0;0;0;1;4;1;0;1;1;0;2;1;0;0;0;0;0;0;0;0;0
100006;Vaiano;6;2;0;1;0;2;1;3;4;0;1;5;2;0;2;2;0;0;3;1;0;1;3;4;0;2;6;1;3;5;2;2;5;5;3;1;3;5;7;2;1;3;4;1;3;1;2;1;2;1;1;1;2;0;0;0;1;0;2;0;1;0;1;0;3;0;1;1;1;0;0;0;0;0;1;0;0;0;0;0;0;0;0;0;0;0;0;0;0;0;0;0;0;0;0;0;0;0;0;0;0
100007;Vernio;2;7;2;1;2;0;0;1;3;0;1;1;0;0;0;0;0;3;1;2;0;3;0;3;3;2;1;0;1;0;2;2;2;7;2;4;4;6;0;3;2;1;1;1;0;1;1;3;0;1;2;0;0;0;3;0;0;0;0;0;0;0;1;1;0;0;0;0;0;0;0;1;0;0;0;0;0;0;0;0;0;0;0;0;0;0;0;0;0;0;0;0;0;0;0;0;0;0;0;0;0
;Totale;226;156;117;106;101;94;76;71;75;69;54;81;75;87;80;91;69;86;104;117;87;95;69;112;122;128;140;176;172;177;158;178;215;228;209;180;157;182;187;161;144;102;130;77;116;80;100;74;58;44;43;34;29;29;26;22;19;17;12;9;19;20;15;14;11;11;11;7;11;4;7;8;2;2;4;9;1;0;1;0;0;0;0;1;4;1;0;1;2;0;2;1;0;0;0;0;0;0;0;0;0
Territorio/Età;;0;1;2;3;4;5;6;7;8;9;10;11;12;13;14;15;16;17;18;19;20;21;22;23;24;25;26;27;28;29;30;31;32;33;34;35;36;37;38;39;40;41;42;43;44;45;46;47;48;49;50;51;52;53;54;55;56;57;58;59;60;61;62;63;64;65;66;67;68;69;70;71;72;73;74;75;76;77;78;79;80;81;82;83;84;85;86;87;88;89;90;91;92;93;94;95;96;97;98;99;100
Codice comune;Comune;Femmine
100001;Cantagallo;1;1;1;0;0;0;0;1;2;1;1;1;1;0;0;0;1;1;1;1;2;0;0;0;1;1;0;1;0;1;1;1;1;0;1;1;2;2;0;0;1;1;0;1;2;0;0;0;0;0;0;0;0;0;0;0;0;0;0;0;0;0;0;0;0;2;1;0;0;0;0;0;1;0;0;0;0;0;0;0;0;0;0;0;0;0;0;1;0;0;0;0;0;0;0;0;0;0;0;0;0
100002;Carmignano;7;6;10;1;7;4;3;2;2;1;2;4;7;2;0;5;3;2;2;4;3;4;12;4;15;9;11;13;11;9;8;7;5;13;8;4;7;6;5;8;8;3;2;0;3;4;2;0;1;3;0;1;3;0;1;0;3;1;0;1;1;0;0;1;2;0;1;0;0;1;0;0;0;0;0;0;0;0;0;1;0;0;0;0;0;0;0;0;0;0;0;0;0;0;0;0;0;0;0;0;0
100003;Montemurlo;16;10;14;6;9;3;2;4;4;4;4;3;7;2;5;4;3;1;7;4;6;2;7;19;14;11;7;15;13;10;7;10;9;12;13;13;7;8;12;11;2;4;7;1;2;3;2;3;7;3;0;3;1;0;0;3;1;2;0;0;0;1;1;3;1;1;0;0;0;0;0;0;0;2;0;0;0;0;0;0;0;0;1;0;0;0;0;0;0;0;0;0;0;0;0;0;0;0;0;0;0
100004;Poggio a Caiano;7;2;1;1;1;2;0;1;0;1;1;1;1;2;0;0;1;2;0;0;0;1;1;4;2;2;4;3;5;3;2;4;6;13;3;3;1;1;5;2;1;0;0;2;2;0;2;3;1;0;1;1;3;1;1;0;1;0;1;0;2;1;1;1;0;0;0;1;0;0;0;0;0;0;1;0;0;0;0;0;0;0;1;0;0;0;0;0;0;0;0;0;0;0;0;0;0;0;0;0;0
100005;Prato;172;135;105;92;73;74;63;60;54;53;56;66;53;64;64;71;67;60;65;67;69;90;98;91;97;139;142;144;133;127;128;167;135;169;141;117;109;125;102;127;114;81;82;74;53;53;56;47;55;38;47;35;30;28;34;24;21;18;16;16;11;8;17;17;15;8;13;11;8;10;4;6;6;1;4;8;2;2;6;1;2;2;1;1;1;1;1;0;0;0;0;0;0;0;0;0;0;0;0;0;0
100006;Vaiano;2;2;3;1;0;2;0;4;4;0;2;1;5;1;0;0;3;1;0;1;0;1;2;3;1;0;7;3;5;5;5;5;2;1;2;4;4;4;1;2;3;2;0;2;0;3;1;1;0;2;1;4;1;2;1;1;0;3;1;2;1;0;0;2;1;0;0;1;0;0;0;0;1;0;0;0;0;0;0;0;0;0;0;0;0;0;0;0;0;0;0;0;0;0;0;0;0;0;0;0;0
100007;Vernio;1;0;1;1;0;4;0;1;2;0;0;2;1;2;1;0;2;0;3;1;2;2;3;2;0;2;3;3;2;4;4;3;0;0;2;1;1;1;0;1;1;1;2;1;0;0;3;2;2;0;1;0;1;0;2;0;0;0;0;1;0;0;0;0;1;1;0;0;1;0;0;0;0;0;1;0;0;0;0;0;0;0;0;0;0;0;0;0;0;0;0;0;0;0;0;0;0;0;0;0;0
;Totale;206;156;135;102;90;89;68;73;68;60;66;78;75;73;70;80;80;67;78;78;82;100;123;123;130;164;174;182;169;159;155;197;158;208;170;143;131;147;125;151;130;92;93;81;62;63;66;56;66;46;50;44;39;31;39;28;26;24;18;20;15;10;19;24;20;12;15;13;9;11;4;6;8;3;6;8;2;2;6;2;2;2;3;1;1;1;1;1;0;0;0;0;0;0;0;0;0;0;0;0;0

"Ricostruzione della popolazione intercensuaria - Popolazione al 1° gennaio per età"
"Cittadinanza straniera - Anno: 2004 - Provincia: Prato"
Territorio/Età;;0;1;2;3;4;5;6;7;8;9;10;11;12;13;14;15;16;17;18;19;20;21;22;23;24;25;26;27;28;29;30;31;32;33;34;35;36;37;38;39;40;41;42;43;44;45;46;47;48;49;50;51;52;53;54;55;56;57;58;59;60;61;62;63;64;65;66;67;68;69;70;71;72;73;74;75;76;77;78;79;80;81;82;83;84;85;86;87;88;89;90;91;92;93;94;95;96;97;98;99;100
Codice comune;Comune;Totale
100001;Cantagallo;4;2;3;1;0;0;0;0;3;3;2;2;3;0;4;1;1;2;1;2;3;2;2;5;0;5;4;0;4;3;3;2;1;2;1;3;1;4;6;1;3;3;3;4;2;5;0;2;2;0;0;0;0;0;0;0;0;0;0;1;0;0;0;1;0;0;2;1;0;0;0;0;0;0;0;0;0;0;0;0;0;0;0;0;0;0;1;0;1;0;0;0;0;0;0;0;0;0;0;0;0
100002;Carmignano;11;13;12;19;5;8;9;9;11;4;7;4;9;10;10;5;8;11;8;7;15;8;11;16;18;18;11;25;26;20;19;14;15;17;24;20;13;14;12;9;18;15;11;6;2;11;9;7;5;5;6;2;3;5;1;3;1;3;2;1;1;2;1;3;1;5;0;1;0;1;1;1;0;0;0;1;1;0;0;0;2;0;0;0;0;0;0;0;0;0;0;0;0;0;0;0;0;0;0;0;0
100003;Montemurlo;26;31;19;26;20;18;13;8;12;15;10;13;12;21;12;14;9;10;11;14;8;22;17;22;32;31;30;27;33;36;29;28;31;27;38;29;36;20;26;28;25;21;16;17;5;15;8;13;10;11;10;2;4;3;3;4;6;1;2;3;1;1;2;1;4;1;1;0;0;0;0;0;0;0;2;0;0;0;0;0;0;0;0;1;0;0;0;0;0;0;0;0;0;0;0;0;0;0;0;0;0
100004;Poggio a Caiano;5;9;7;5;3;4;5;1;1;0;2;1;3;1;2;1;0;1;5;0;2;0;4;0;6;6;7;9;15;12;10;11;10;15;17;12;6;7;7;9;2;2;6;3;3;4;4;3;4;3;0;2;1;2;1;2;2;1;0;1;0;3;1;2;2;0;1;0;1;0;2;0;2;0;0;1;0;0;0;0;0;0;0;1;0;0;1;0;0;1;0;0;0;0;0;0;0;0;0;0;0
100005;Prato;256;375;293;222;210;181;170;145;130;130;131;118;152;139;163;151;187;164;180;199;202;194;228;226;279;296;344;332;375;357;340;322;369;371;415;352;308;276;309;303;281;272;191;207;169;165;145;163;121;114;82;106;69;63;64;58;53;44;31;25;34;32;27;30;30;25;21;27;18;18;18;10;9;6;1;4;16;2;2;6;1;1;1;0;1;3;1;1;1;0;0;1;0;0;0;0;0;0;0;0;0
100006;Vaiano;4;10;2;6;5;0;7;1;6;8;0;3;8;6;1;3;3;5;5;3;3;0;4;5;9;7;3;15;6;11;12;11;4;6;6;11;9;8;10;11;6;6;6;4;5;4;7;4;6;3;6;3;4;7;1;4;2;1;3;2;3;2;1;1;2;4;0;1;2;1;0;0;0;1;0;1;1;0;0;0;0;0;0;0;0;0;0;0;0;0;0;0;0;0;0;1;0;0;0;0;0
100007;Vernio;6;4;6;4;4;2;5;0;1;5;0;1;3;2;2;1;1;2;6;3;5;3;7;4;5;4;5;5;3;6;5;9;5;1;5;7;9;6;7;1;3;2;4;4;3;0;2;2;5;3;3;3;0;2;2;5;0;0;0;0;2;0;0;4;1;1;1;0;0;2;0;0;2;0;0;1;0;0;0;0;0;0;0;0;0;0;0;0;0;0;0;0;0;0;0;0;0;0;0;0;0
;Totale;312;444;342;283;247;213;209;164;164;165;152;142;190;179;194;176;209;195;216;228;238;229;273;278;349;367;404;413;462;445;418;397;435;439;506;434;382;335;377;362;338;321;237;245;189;204;175;194;153;139;107;118;81;82;72;76;64;50;38;33;41;40;32;42;40;36;26;30;21;22;21;11;13;7;3;8;18;2;2;6;3;1;1;2;1;3;3;1;2;1;0;1;0;0;0;1;0;0;0;0;0
Territorio/Età;;0;1;2;3;4;5;6;7;8;9;10;11;12;13;14;15;16;17;18;19;20;21;22;23;24;25;26;27;28;29;30;31;32;33;34;35;36;37;38;39;40;41;42;43;44;45;46;47;48;49;50;51;52;53;54;55;56;57;58;59;60;61;62;63;64;65;66;67;68;69;70;71;72;73;74;75;76;77;78;79;80;81;82;83;84;85;86;87;88;89;90;91;92;93;94;95;96;97;98;99;100
Codice comune;Comune;Maschi
100001;Cantagallo;2;1;1;0;0;0;0;0;2;1;2;1;1;0;4;1;1;0;0;1;1;0;2;3;0;1;3;0;3;3;1;0;0;0;0;1;0;2;4;1;3;1;1;3;1;2;0;1;2;0;0;0;0;0;0;0;0;0;0;1;0;0;0;0;0;0;0;0;0;0;0;0;0;0;0;0;0;0;0;0;0;0;0;0;0;0;1;0;0;0;0;0;0;0;0;0;0;0;0;0;0
100002;Carmignano;2;5;5;10;2;1;3;6;8;1;6;1;5;2;7;2;4;5;5;3;9;4;6;6;8;2;2;8;10;7;7;1;7;10;11;10;10;6;6;5;8;6;6;4;2;6;3;5;5;3;2;1;2;2;1;1;0;0;2;1;0;2;1;2;0;2;0;0;0;1;0;1;0;0;0;1;1;0;0;0;0;0;0;0;0;0;0;0;0;0;0;0;0;0;0;0;0;0;0;0;0
100003;Montemurlo;17;14;7;11;12;11;7;7;8;10;4;6;7;14;10;8;6;5;7;6;2;9;11;8;12;10;16;17;14;18;20;21;20;19;21;15;20;14;14;15;12;16;10;10;2;10;3;10;8;3;7;2;1;2;3;4;1;0;0;2;1;1;1;0;0;0;0;0;0;0;0;0;0;0;0;0;0;0;0;0;0;0;0;0;0;0;0;0;0;0;0;0;0;0;0;0;0;0;0;0;0
100004;Poggio a Caiano;3;3;3;3;3;3;3;1;0;0;0;0;2;0;1;1;0;0;4;0;2;0;1;0;0;1;4;3;7;6;3;6;4;7;6;9;5;5;5;4;2;1;2;3;1;1;4;1;0;2;0;0;0;0;0;0;2;0;0;0;0;1;0;1;1;0;1;0;0;0;2;0;2;0;0;0;0;0;0;0;0;0;0;0;0;0;1;0;0;1;0;0;0;0;0;0;0;0;0;0;0
100005;Prato;139;201;158;115;106;91;91;72;59;64;69;53;71;75;82;78;102;78;105;111;118;102;107;90;135;157;152;143;184;178;175;166;180;197;221;187;173;151;163;164;146;146;95;113;83;104;83;88;68;53;37;44;32;26;28;22;23;18;15;8;16;15;16;13;12;7;10;12;6;8;6;6;4;2;0;1;7;1;0;1;0;0;0;0;0;3;0;0;0;0;0;1;0;0;0;0;0;0;0;0;0
100006;Vaiano;1;8;2;1;1;0;5;1;3;4;0;0;6;1;0;3;3;1;4;3;2;0;3;4;4;3;2;9;3;4;9;2;0;3;6;5;4;3;5;8;3;2;3;4;2;2;2;2;2;2;3;2;1;3;1;1;0;1;0;1;1;1;0;1;0;3;0;1;1;1;0;0;0;0;0;1;1;0;0;0;0;0;0;0;0;0;0;0;0;0;0;0;0;0;0;1;0;0;0;0;0
100007;Vernio;4;3;6;2;2;1;1;0;1;3;0;1;1;0;0;0;0;0;6;2;4;0;3;1;3;4;2;1;0;1;0;4;2;1;5;5;7;4;6;1;3;2;1;0;0;0;2;1;3;0;2;2;0;0;0;3;0;0;0;0;1;0;0;3;1;0;0;0;0;1;0;0;2;0;0;0;0;0;0;0;0;0;0;0;0;0;0;0;0;0;0;0;0;0;0;0;0;0;0;0;0
;Totale;168;235;182;142;126;107;110;87;81;83;81;62;93;92;104;93;116;89;131;126;138;115;133;112;162;178;181;181;221;217;215;200;213;237;270;232;219;185;203;198;177;174;118;137;91;125;97;108;88;63;51;51;36;33;33;31;26;19;17;13;19;20;18;20;14;12;11;13;7;11;8;7;8;2;0;3;9;1;0;1;0;0;0;0;0;3;2;0;0;1;0;1;0;0;0;1;0;0;0;0;0
Territorio/Età;;0;1;2;3;4;5;6;7;8;9;10;11;12;13;14;15;16;17;18;19;20;21;22;23;24;25;26;27;28;29;30;31;32;33;34;35;36;37;38;39;40;41;42;43;44;45;46;47;48;49;50;51;52;53;54;55;56;57;58;59;60;61;62;63;64;65;66;67;68;69;70;71;72;73;74;75;76;77;78;79;80;81;82;83;84;85;86;87;88;89;90;91;92;93;94;95;96;97;98;99;100
Codice comune;Comune;Femmine
100001;Cantagallo;2;1;2;1;0;0;0;0;1;2;0;1;2;0;0;0;0;2;1;1;2;2;0;2;0;4;1;0;1;0;2;2;1;2;1;2;1;2;2;0;0;2;2;1;1;3;0;1;0;0;0;0;0;0;0;0;0;0;0;0;0;0;0;1;0;0;2;1;0;0;0;0;0;0;0;0;0;0;0;0;0;0;0;0;0;0;0;0;1;0;0;0;0;0;0;0;0;0;0;0;0
100002;Carmignano;9;8;7;9;3;7;6;3;3;3;1;3;4;8;3;3;4;6;3;4;6;4;5;10;10;16;9;17;16;13;12;13;8;7;13;10;3;8;6;4;10;9;5;2;0;5;6;2;0;2;4;1;1;3;0;2;1;3;0;0;1;0;0;1;1;3;0;1;0;0;1;0;0;0;0;0;0;0;0;0;2;0;0;0;0;0;0;0;0;0;0;0;0;0;0;0;0;0;0;0;0
100003;Montemurlo;9;17;12;15;8;7;6;1;4;5;6;7;5;7;2;6;3;5;4;8;6;13;6;14;20;21;14;10;19;18;9;7;11;8;17;14;16;6;12;13;13;5;6;7;3;5;5;3;2;8;3;0;3;1;0;0;5;1;2;1;0;0;1;1;4;1;1;0;0;0;0;0;0;0;2;0;0;0;0;0;0;0;0;1;0;0;0;0;0;0;0;0;0;0;0;0;0;0;0;0;0
100004;Poggio a Caiano;2;6;4;2;0;1;2;0;1;0;2;1;1;1;1;0;0;1;1;0;0;0;3;0;6;5;3;6;8;6;7;5;6;8;11;3;1;2;2;5;0;1;4;0;2;3;0;2;4;1;0;2;1;2;1;2;0;1;0;1;0;2;1;1;1;0;0;0;1;0;0;0;0;0;0;1;0;0;0;0;0;0;0;1;0;0;0;0;0;0;0;0;0;0;0;0;0;0;0;0;0
100005;Prato;117;174;135;107;104;90;79;73;71;66;62;65;81;64;81;73;85;86;75;88;84;92;121;136;144;139;192;189;191;179;165;156;189;174;194;165;135;125;146;139;135;126;96;94;86;61;62;75;53;61;45;62;37;37;36;36;30;26;16;17;18;17;11;17;18;18;11;15;12;10;12;4;5;4;1;3;9;1;2;5;1;1;1;0;1;0;1;1;1;0;0;0;0;0;0;0;0;0;0;0;0
100006;Vaiano;3;2;0;5;4;0;2;0;3;4;0;3;2;5;1;0;0;4;1;0;1;0;1;1;5;4;1;6;3;7;3;9;4;3;0;6;5;5;5;3;3;4;3;0;3;2;5;2;4;1;3;1;3;4;0;3;2;0;3;1;2;1;1;0;2;1;0;0;1;0;0;0;0;1;0;0;0;0;0;0;0;0;0;0;0;0;0;0;0;0;0;0;0;0;0;0;0;0;0;0;0
100007;Vernio;2;1;0;2;2;1;4;0;0;2;0;0;2;2;2;1;1;2;0;1;1;3;4;3;2;0;3;4;3;5;5;5;3;0;0;2;2;2;1;0;0;0;3;4;3;0;0;1;2;3;1;1;0;2;2;2;0;0;0;0;1;0;0;1;0;1;1;0;0;1;0;0;0;0;0;1;0;0;0;0;0;0;0;0;0;0;0;0;0;0;0;0;0;0;0;0;0;0;0;0;0
;Totale;144;209;160;141;121;106;99;77;83;82;71;80;97;87;90;83;93;106;85;102;100;114;140;166;187;189;223;232;241;228;203;197;222;202;236;202;163;150;174;164;161;147;119;108;98;79;78;86;65;76;56;67;45;49;39;45;38;31;21;20;22;20;14;22;26;24;15;17;14;11;13;4;5;5;3;5;9;1;2;5;3;1;1;2;1;0;1;1;2;0;0;0;0;0;0;0;0;0;0;0;0

"Ricostruzione della popolazione intercensuaria - Popolazione al 1° gennaio per età"
"Cittadinanza straniera - Anno: 2005 - Provincia: Prato"
Territorio/Età;;0;1;2;3;4;5;6;7;8;9;10;11;12;13;14;15;16;17;18;19;20;21;22;23;24;25;26;27;28;29;30;31;32;33;34;35;36;37;38;39;40;41;42;43;44;45;46;47;48;49;50;51;52;53;54;55;56;57;58;59;60;61;62;63;64;65;66;67;68;69;70;71;72;73;74;75;76;77;78;79;80;81;82;83;84;85;86;87;88;89;90;91;92;93;94;95;96;97;98;99;100
Codice comune;Comune;Totale
100001;Cantagallo;3;3;2;3;1;0;0;0;1;2;1;2;2;3;0;3;0;2;1;2;3;1;2;2;7;1;5;4;1;6;4;6;1;2;2;1;1;1;5;4;2;3;4;2;3;3;3;0;4;4;0;0;0;3;0;0;0;1;1;0;1;0;1;0;1;0;0;2;0;0;0;0;1;0;0;0;1;0;0;0;0;0;0;0;0;0;0;1;0;1;0;0;0;0;0;0;0;0;0;0;0
100002;Carmignano;23;13;11;11;18;4;6;9;8;13;8;9;5;8;9;11;4;7;14;4;13;16;15;17;16;21;25;15;24;30;25;25;13;16;11;23;19;13;12;15;14;21;15;10;8;5;11;11;9;7;7;7;4;3;3;1;1;1;3;1;3;0;2;3;4;1;3;0;1;0;1;2;1;0;1;0;1;0;0;0;0;2;0;0;0;0;0;0;0;0;0;0;0;0;0;0;0;0;0;0;0
100003;Montemurlo;54;26;34;19;24;17;19;12;10;15;14;12;18;14;22;16;17;12;14;14;15;14;31;28;31;35;42;39;39;36;45;37;37;36;33;42;45;41;29;35;38;30;27;18;20;13;18;12;16;10;10;12;4;3;3;3;4;3;1;2;3;3;1;2;1;3;1;1;1;0;0;0;3;0;0;1;0;0;0;0;0;0;0;0;1;0;0;0;0;0;0;0;0;0;0;0;0;0;0;0;0
100004;Poggio a Caiano;9;7;10;10;4;4;5;9;1;2;0;3;1;2;1;4;2;1;3;5;0;2;2;5;5;13;10;11;9;23;17;14;14;10;15;19;13;12;9;11;11;5;2;12;3;2;5;4;4;5;3;1;2;1;3;3;2;4;3;0;1;1;3;1;1;2;0;1;0;0;0;2;0;2;0;0;0;1;0;0;0;0;0;0;1;0;0;1;0;0;0;0;0;0;0;0;0;0;0;0;0
100005;Prato;523;289;389;312;240;229;207;199;159;143;156;154;140;182;167;204;173;216;239;227;257;254;295;347;332;402;422;459;465;496;457;443;431;472;470;477;403;379;341;393;379;334;317;212;229;190;194;158;178;137;112;100;104;73;75;67;59;53;50;35;26;37;32;29;34;26;28;20;26;19;18;20;12;10;5;2;5;17;2;3;6;1;5;1;0;1;4;1;1;1;0;0;1;0;0;0;0;0;0;0;0
100006;Vaiano;8;4;10;3;7;7;0;7;4;9;8;1;3;11;6;2;5;6;6;4;7;8;2;5;12;8;11;7;15;17;9;15;13;6;16;4;15;13;15;12;14;9;5;7;3;7;6;6;4;4;5;7;6;6;9;5;6;3;1;4;4;3;5;1;3;2;4;0;1;2;1;0;2;0;2;0;1;1;0;0;1;0;0;0;0;0;0;0;0;0;0;0;0;0;0;0;1;0;0;0;0
100007;Vernio;6;7;4;5;6;5;3;5;1;3;4;0;4;0;4;2;3;3;3;7;2;7;4;6;0;9;5;5;7;5;11;9;13;13;5;5;5;6;8;12;2;1;1;5;4;4;0;2;3;6;1;4;5;1;2;3;4;2;2;0;0;2;0;0;4;1;1;1;0;0;1;0;0;2;0;0;1;0;0;0;0;0;0;0;0;0;0;0;0;0;0;0;0;0;0;0;0;0;0;0;0
;Totale;626;349;460;363;300;266;240;241;184;187;191;181;173;220;209;242;204;247;280;263;297;302;351;410;403;489;520;540;560;613;568;549;522;555;552;571;501;465;419;482;460;403;371;266;270;224;237;193;218;173;138;131;125;90;95;82;76;67;61;42;38;46;44;36;48;35;37;25;29;21;21;24;19;14;8;3;9;19;2;3;7;3;5;1;2;1;4;3;1;2;0;0;1;0;0;0;1;0;0;0;0
Territorio/Età;;0;1;2;3;4;5;6;7;8;9;10;11;12;13;14;15;16;17;18;19;20;21;22;23;24;25;26;27;28;29;30;31;32;33;34;35;36;37;38;39;40;41;42;43;44;45;46;47;48;49;50;51;52;53;54;55;56;57;58;59;60;61;62;63;64;65;66;67;68;69;70;71;72;73;74;75;76;77;78;79;80;81;82;83;84;85;86;87;88;89;90;91;92;93;94;95;96;97;98;99;100
Codice comune;Comune;Maschi
100001;Cantagallo;0;2;1;1;0;0;0;0;1;1;0;2;1;2;0;3;0;2;1;1;2;1;0;2;4;1;3;2;0;5;1;3;0;2;0;0;1;0;2;4;2;3;2;2;2;1;1;0;1;4;0;0;0;2;0;0;0;0;1;0;0;0;0;0;0;0;0;0;0;0;0;0;1;0;0;0;0;0;0;0;0;0;0;0;0;0;0;1;0;0;0;0;0;0;0;0;0;0;0;0;0
100002;Carmignano;14;4;4;4;10;1;1;4;6;9;3;7;1;4;1;8;1;4;7;4;4;8;7;10;5;9;8;2;10;13;9;14;1;6;7;10;9;12;7;9;6;11;7;5;5;4;4;4;6;5;4;2;3;2;3;1;0;0;0;0;3;0;2;1;3;0;2;0;0;0;1;1;1;0;1;0;1;0;0;0;0;0;0;0;0;0;0;0;0;0;0;0;0;0;0;0;0;0;0;0;0
100003;Montemurlo;33;16;16;7;10;9;12;6;10;10;9;6;7;8;17;12;9;10;7;6;8;5;13;17;11;16;19;23;23;18;22;25;26;21;22;25;26;22;21;21;23;16;21;13;12;6;11;5;10;7;2;9;3;1;3;2;4;0;1;0;2;1;1;1;0;0;0;0;0;0;0;0;1;0;0;0;0;0;0;0;0;0;0;0;0;0;0;0;0;0;0;0;0;0;0;0;0;0;0;0;0
100004;Poggio a Caiano;9;3;4;5;3;4;4;5;1;0;0;1;0;2;0;2;2;0;0;4;0;2;1;2;2;4;1;7;4;11;9;4;8;5;10;10;10;8;8;7;5;5;1;5;3;1;2;4;2;1;2;0;0;0;0;2;1;3;0;0;0;1;1;0;1;1;0;1;0;0;0;2;0;2;0;0;0;1;0;0;0;0;0;0;0;0;0;1;0;0;0;0;0;0;0;0;0;0;0;0;0
100005;Prato;267;157;208;168;128;115;100;108;80;65;83;82;69;91;91;105;89;120;118;131;143;138;155;178;153;211;230;239;233;260;235;223;224;231;246;266;217;222;191;204;203;180;173;104;126;93;116;89;98;71;54;46;43;37;27;31;24;25;22;15;8;15;15;16;15;10;6;9;13;7;7;9;7;6;2;0;2;7;2;0;2;0;1;0;0;0;3;0;0;0;0;0;1;0;0;0;0;0;0;0;0
100006;Vaiano;3;1;8;2;2;3;0;5;3;5;3;0;1;7;0;0;5;4;2;4;5;5;1;3;10;5;5;4;9;9;1;11;3;1;9;4;8;6;7;7;9;5;2;3;1;3;5;3;3;0;4;3;4;3;5;3;2;0;0;0;2;2;3;0;3;0;2;0;1;1;1;0;0;0;0;0;1;1;0;0;0;0;0;0;0;0;0;0;0;0;0;0;0;0;0;0;1;0;0;0;0
100007;Vernio;4;4;3;5;2;2;2;1;1;3;2;0;1;0;2;1;2;1;1;7;1;6;2;2;0;5;4;0;1;0;7;3;7;7;4;5;5;5;5;9;0;1;1;2;0;0;0;2;1;4;0;2;3;0;0;0;2;0;1;0;0;1;0;0;3;1;0;0;0;0;1;0;0;2;0;0;0;0;0;0;0;0;0;0;0;0;0;0;0;0;0;0;0;0;0;0;0;0;0;0;0
;Totale;330;187;244;192;155;134;119;129;102;93;100;98;80;114;111;131;108;141;136;157;163;165;179;214;185;251;270;277;280;316;284;283;269;273;298;320;276;275;241;261;248;221;207;134;149;108;139;107;121;92;66;62;56;45;38;39;33;28;25;15;15;20;22;18;25;12;10;10;14;8;10;12;10;10;3;0;4;9;2;0;2;0;1;0;0;0;3;2;0;0;0;0;1;0;0;0;1;0;0;0;0
Territorio/Età;;0;1;2;3;4;5;6;7;8;9;10;11;12;13;14;15;16;17;18;19;20;21;22;23;24;25;26;27;28;29;30;31;32;33;34;35;36;37;38;39;40;41;42;43;44;45;46;47;48;49;50;51;52;53;54;55;56;57;58;59;60;61;62;63;64;65;66;67;68;69;70;71;72;73;74;75;76;77;78;79;80;81;82;83;84;85;86;87;88;89;90;91;92;93;94;95;96;97;98;99;100
Codice comune;Comune;Femmine
100001;Cantagallo;3;1;1;2;1;0;0;0;0;1;1;0;1;1;0;0;0;0;0;1;1;0;2;0;3;0;2;2;1;1;3;3;1;0;2;1;0;1;3;0;0;0;2;0;1;2;2;0;3;0;0;0;0;1;0;0;0;1;0;0;1;0;1;0;1;0;0;2;0;0;0;0;0;0;0;0;1;0;0;0;0;0;0;0;0;0;0;0;0;1;0;0;0;0;0;0;0;0;0;0;0
100002;Carmignano;9;9;7;7;8;3;5;5;2;4;5;2;4;4;8;3;3;3;7;0;9;8;8;7;11;12;17;13;14;17;16;11;12;10;4;13;10;1;5;6;8;10;8;5;3;1;7;7;3;2;3;5;1;1;0;0;1;1;3;1;0;0;0;2;1;1;1;0;1;0;0;1;0;0;0;0;0;0;0;0;0;2;0;0;0;0;0;0;0;0;0;0;0;0;0;0;0;0;0;0;0
100003;Montemurlo;21;10;18;12;14;8;7;6;0;5;5;6;11;6;5;4;8;2;7;8;7;9;18;11;20;19;23;16;16;18;23;12;11;15;11;17;19;19;8;14;15;14;6;5;8;7;7;7;6;3;8;3;1;2;0;1;0;3;0;2;1;2;0;1;1;3;1;1;1;0;0;0;2;0;0;1;0;0;0;0;0;0;0;0;1;0;0;0;0;0;0;0;0;0;0;0;0;0;0;0;0
100004;Poggio a Caiano;0;4;6;5;1;0;1;4;0;2;0;2;1;0;1;2;0;1;3;1;0;0;1;3;3;9;9;4;5;12;8;10;6;5;5;9;3;4;1;4;6;0;1;7;0;1;3;0;2;4;1;1;2;1;3;1;1;1;3;0;1;0;2;1;0;1;0;0;0;0;0;0;0;0;0;0;0;0;0;0;0;0;0;0;1;0;0;0;0;0;0;0;0;0;0;0;0;0;0;0;0
100005;Prato;256;132;181;144;112;114;107;91;79;78;73;72;71;91;76;99;84;96;121;96;114;116;140;169;179;191;192;220;232;236;222;220;207;241;224;211;186;157;150;189;176;154;144;108;103;97;78;69;80;66;58;54;61;36;48;36;35;28;28;20;18;22;17;13;19;16;22;11;13;12;11;11;5;4;3;2;3;10;0;3;4;1;4;1;0;1;1;1;1;1;0;0;0;0;0;0;0;0;0;0;0
100006;Vaiano;5;3;2;1;5;4;0;2;1;4;5;1;2;4;6;2;0;2;4;0;2;3;1;2;2;3;6;3;6;8;8;4;10;5;7;0;7;7;8;5;5;4;3;4;2;4;1;3;1;4;1;4;2;3;4;2;4;3;1;4;2;1;2;1;0;2;2;0;0;1;0;0;2;0;2;0;0;0;0;0;1;0;0;0;0;0;0;0;0;0;0;0;0;0;0;0;0;0;0;0;0
100007;Vernio;2;3;1;0;4;3;1;4;0;0;2;0;3;0;2;1;1;2;2;0;1;1;2;4;0;4;1;5;6;5;4;6;6;6;1;0;0;1;3;3;2;0;0;3;4;4;0;0;2;2;1;2;2;1;2;3;2;2;1;0;0;1;0;0;1;0;1;1;0;0;0;0;0;0;0;0;1;0;0;0;0;0;0;0;0;0;0;0;0;0;0;0;0;0;0;0;0;0;0;0;0
;Totale;296;162;216;171;145;132;121;112;82;94;91;83;93;106;98;111;96;106;144;106;134;137;172;196;218;238;250;263;280;297;284;266;253;282;254;251;225;190;178;221;212;182;164;132;121;116;98;86;97;81;72;69;69;45;57;43;43;39;36;27;23;26;22;18;23;23;27;15;15;13;11;12;9;4;5;3;5;10;0;3;5;3;4;1;2;1;1;1;1;2;0;0;0;0;0;0;0;0;0;0;0

"Ricostruzione della popolazione intercensuaria - Popolazione al 1° gennaio per età"
"Cittadinanza straniera - Anno: 2006 - Provincia: Prato"
Territorio/Età;;0;1;2;3;4;5;6;7;8;9;10;11;12;13;14;15;16;17;18;19;20;21;22;23;24;25;26;27;28;29;30;31;32;33;34;35;36;37;38;39;40;41;42;43;44;45;46;47;48;49;50;51;52;53;54;55;56;57;58;59;60;61;62;63;64;65;66;67;68;69;70;71;72;73;74;75;76;77;78;79;80;81;82;83;84;85;86;87;88;89;90;91;92;93;94;95;96;97;98;99;100
Codice comune;Comune;Totale
100001;Cantagallo;0;4;4;3;1;1;2;0;0;1;5;1;2;2;3;1;4;1;1;1;2;3;1;3;2;6;1;4;5;4;6;7;4;0;2;1;2;2;2;2;6;2;4;2;2;2;3;2;1;3;4;0;0;0;2;0;0;0;1;1;0;1;0;1;0;1;0;0;2;0;0;0;0;1;0;0;0;1;0;0;0;0;0;0;0;0;0;0;1;0;1;0;0;0;0;0;0;0;0;0;0
100002;Carmignano;16;21;11;8;16;17;5;8;8;7;10;8;11;3;8;8;11;5;6;13;3;13;17;15;18;17;22;22;12;24;32;26;28;12;11;11;19;15;12;13;17;14;23;13;9;10;4;12;10;9;6;7;7;4;2;0;1;0;2;3;1;3;0;2;2;3;1;4;0;2;0;1;2;1;0;1;0;1;0;0;0;0;2;0;0;0;0;0;0;0;0;0;0;0;0;0;0;0;0;0;0
100003;Montemurlo;38;51;27;35;16;20;16;21;11;10;19;16;14;21;23;25;17;24;18;17;16;19;19;29;33;33;38;40;40;39;36;44;40;36;35;41;40;42;37;32;35;40;33;29;17;21;17;15;11;17;11;10;12;4;2;3;3;4;3;1;2;3;3;1;2;2;3;1;1;2;0;0;0;3;0;0;1;0;0;0;0;0;0;0;0;0;0;0;0;0;0;0;0;0;0;0;0;0;0;0;0
100004;Poggio a Caiano;15;10;14;13;13;7;4;5;6;1;4;2;3;3;2;2;5;5;2;3;7;0;4;4;12;9;15;15;18;20;27;21;20;13;12;19;16;13;16;12;14;19;8;6;14;5;3;3;4;5;5;3;1;4;1;4;3;2;5;4;0;1;2;4;1;1;2;0;1;0;0;0;2;0;2;0;0;0;1;0;0;0;0;0;0;1;0;0;1;0;0;0;0;0;0;0;0;0;0;0;0
100005;Prato;548;533;330;409;332;288;250;228;224;170;187;185;195;182;211;232;260;246;284;319;283;335;330;412;442;461;545;556;588;604;583;542;550;520;562;538;554;484;439;404;431;424;372;341;241;261;209;223;170;193;147;126;99;113;72;79;70;66;55;55;32;32;39;31;33;34;28;27;21;25;19;21;17;11;11;5;1;6;15;4;3;6;2;6;1;0;1;4;1;1;1;0;0;1;0;0;0;0;0;0;0
100006;Vaiano;4;8;3;8;5;6;6;0;6;4;5;6;1;1;9;7;1;6;5;6;4;7;6;5;5;13;10;11;6;18;17;11;12;13;7;13;4;8;10;11;13;14;11;1;8;2;7;5;6;3;2;6;6;6;7;10;4;5;3;1;3;4;2;6;1;3;3;3;0;0;2;1;0;2;0;2;0;1;1;0;0;1;0;0;0;0;0;0;0;0;0;0;0;0;0;0;0;1;0;0;0
100007;Vernio;4;4;7;3;4;6;4;4;4;1;4;4;0;2;2;4;2;3;3;4;6;6;7;5;4;2;10;6;7;14;8;9;12;13;14;9;6;5;7;9;12;3;3;1;6;2;4;1;2;3;3;1;5;5;1;2;3;4;2;2;0;0;1;0;0;4;0;1;1;0;0;1;0;0;2;0;0;1;0;0;0;0;0;0;0;0;0;0;0;0;0;0;0;0;0;0;0;0;0;0;0
;Totale;625;631;396;479;387;345;287;266;259;194;234;222;226;214;258;279;300;290;319;363;321;383;384;473;516;541;641;654;676;723;709;660;666;607;643;632;641;569;523;483;528;516;454;393;297;303;247;261;204;233;178;153;130;136;87;98;84;81;71;67;38;44;47;45;39;48;37;36;26;29;21;24;21;18;15;8;2;10;17;4;3;7;4;6;1;1;1;4;3;1;2;0;0;1;0;0;0;1;0;0;0
Territorio/Età;;0;1;2;3;4;5;6;7;8;9;10;11;12;13;14;15;16;17;18;19;20;21;22;23;24;25;26;27;28;29;30;31;32;33;34;35;36;37;38;39;40;41;42;43;44;45;46;47;48;49;50;51;52;53;54;55;56;57;58;59;60;61;62;63;64;65;66;67;68;69;70;71;72;73;74;75;76;77;78;79;80;81;82;83;84;85;86;87;88;89;90;91;92;93;94;95;96;97;98;99;100
Codice comune;Comune;Maschi
100001;Cantagallo;0;1;3;2;1;0;1;0;0;1;3;0;2;1;2;1;4;1;1;1;1;1;1;0;1;2;1;1;1;1;4;3;3;0;2;0;1;1;1;0;6;2;3;0;2;2;1;1;1;0;4;0;0;0;1;0;0;0;0;1;0;0;0;0;0;0;0;0;0;0;0;0;0;1;0;0;0;0;0;0;0;0;0;0;0;0;0;0;1;0;0;0;0;0;0;0;0;0;0;0;0
100002;Carmignano;8;12;3;1;7;12;1;1;3;6;8;3;9;0;4;1;7;2;4;8;1;4;8;7;11;8;9;5;2;11;13;11;15;2;4;4;9;5;12;7;9;8;11;8;3;5;4;4;4;6;5;4;2;3;1;0;1;0;0;0;0;3;0;2;0;2;0;3;0;0;0;1;1;1;0;1;0;1;0;0;0;0;0;0;0;0;0;0;0;0;0;0;0;0;0;0;0;0;0;0;0
100003;Montemurlo;18;31;15;17;6;8;8;14;6;10;14;10;8;8;15;19;12;15;12;10;8;9;9;12;22;13;18;20;21;24;16;24;28;24;21;24;25;23;21;22;23;25;18;23;12;9;8;9;5;12;8;4;9;3;1;3;2;4;1;1;0;2;1;1;1;0;0;0;0;1;0;0;0;1;0;0;0;0;0;0;0;0;0;0;0;0;0;0;0;0;0;0;0;0;0;0;0;0;0;0;0
100004;Poggio a Caiano;8;8;6;5;7;5;4;5;4;1;1;2;2;0;2;0;2;3;0;1;4;0;4;3;4;3;5;0;10;8;14;10;7;5;6;13;8;10;11;11;10;6;6;3;7;4;2;0;4;3;1;2;0;1;0;0;1;1;3;0;0;0;2;2;0;1;1;0;1;0;0;0;2;0;2;0;0;0;1;0;0;0;0;0;0;0;0;0;1;0;0;0;0;0;0;0;0;0;0;0;0
100005;Prato;289;272;181;218;179;149;128;117;114;88;88;97;98;93;100;132;138;135;168;153;160;181;185;203;240;238;284;309;320;311;329;291;291;275;285;279;317;265;253;230;221;231;203;185;120;149;107;132;99;111;76;61;44;49;37;29;32;26;27;25;14;11;14;13;15;15;14;7;10;13;7;7;7;6;7;2;0;3;6;4;0;3;0;2;0;0;0;3;0;0;0;0;0;1;0;0;0;0;0;0;0
100006;Vaiano;3;3;1;6;0;1;2;0;4;2;2;1;0;1;6;0;0;6;4;2;4;3;2;3;2;9;4;5;2;10;10;1;9;6;2;8;4;5;3;6;7;8;7;0;2;0;3;4;3;3;0;5;3;3;3;5;2;3;0;0;0;2;1;3;0;3;1;2;0;0;1;1;0;0;0;0;0;1;1;0;0;0;0;0;0;0;0;0;0;0;0;0;0;0;0;0;0;1;0;0;0
100007;Vernio;3;2;3;2;4;3;1;3;0;1;4;1;0;0;2;2;1;1;1;1;6;2;6;3;0;1;6;6;0;2;1;6;6;7;9;8;6;5;7;6;9;0;1;0;4;0;0;1;2;1;2;0;2;3;0;0;0;2;0;1;0;0;0;0;0;3;0;0;0;0;0;1;0;0;2;0;0;0;0;0;0;0;0;0;0;0;0;0;0;0;0;0;0;0;0;0;0;0;0;0;0
;Totale;329;329;212;251;204;178;145;140;131;109;120;114;119;103;131;155;164;163;190;176;184;200;215;231;280;274;327;346;356;367;387;346;359;319;329;336;370;314;308;282;285;280;249;219;150;169;125;151;118;136;96;76;60;62;43;37;38;36;31;28;14;18;18;21;16;24;16;12;11;14;8;10;10;9;11;3;0;5;8;4;0;3;0;2;0;0;0;3;2;0;0;0;0;1;0;0;0;1;0;0;0
Territorio/Età;;0;1;2;3;4;5;6;7;8;9;10;11;12;13;14;15;16;17;18;19;20;21;22;23;24;25;26;27;28;29;30;31;32;33;34;35;36;37;38;39;40;41;42;43;44;45;46;47;48;49;50;51;52;53;54;55;56;57;58;59;60;61;62;63;64;65;66;67;68;69;70;71;72;73;74;75;76;77;78;79;80;81;82;83;84;85;86;87;88;89;90;91;92;93;94;95;96;97;98;99;100
Codice comune;Comune;Femmine
100001;Cantagallo;0;3;1;1;0;1;1;0;0;0;2;1;0;1;1;0;0;0;0;0;1;2;0;3;1;4;0;3;4;3;2;4;1;0;0;1;1;1;1;2;0;0;1;2;0;0;2;1;0;3;0;0;0;0;1;0;0;0;1;0;0;1;0;1;0;1;0;0;2;0;0;0;0;0;0;0;0;1;0;0;0;0;0;0;0;0;0;0;0;0;1;0;0;0;0;0;0;0;0;0;0
100002;Carmignano;8;9;8;7;9;5;4;7;5;1;2;5;2;3;4;7;4;3;2;5;2;9;9;8;7;9;13;17;10;13;19;15;13;10;7;7;10;10;0;6;8;6;12;5;6;5;0;8;6;3;1;3;5;1;1;0;0;0;2;3;1;0;0;0;2;1;1;1;0;2;0;0;1;0;0;0;0;0;0;0;0;0;2;0;0;0;0;0;0;0;0;0;0;0;0;0;0;0;0;0;0
100003;Montemurlo;20;20;12;18;10;12;8;7;5;0;5;6;6;13;8;6;5;9;6;7;8;10;10;17;11;20;20;20;19;15;20;20;12;12;14;17;15;19;16;10;12;15;15;6;5;12;9;6;6;5;3;6;3;1;1;0;1;0;2;0;2;1;2;0;1;2;3;1;1;1;0;0;0;2;0;0;1;0;0;0;0;0;0;0;0;0;0;0;0;0;0;0;0;0;0;0;0;0;0;0;0
100004;Poggio a Caiano;7;2;8;8;6;2;0;0;2;0;3;0;1;3;0;2;3;2;2;2;3;0;0;1;8;6;10;15;8;12;13;11;13;8;6;6;8;3;5;1;4;13;2;3;7;1;1;3;0;2;4;1;1;3;1;4;2;1;2;4;0;1;0;2;1;0;1;0;0;0;0;0;0;0;0;0;0;0;0;0;0;0;0;0;0;1;0;0;0;0;0;0;0;0;0;0;0;0;0;0;0
100005;Prato;259;261;149;191;153;139;122;111;110;82;99;88;97;89;111;100;122;111;116;166;123;154;145;209;202;223;261;247;268;293;254;251;259;245;277;259;237;219;186;174;210;193;169;156;121;112;102;91;71;82;71;65;55;64;35;50;38;40;28;30;18;21;25;18;18;19;14;20;11;12;12;14;10;5;4;3;1;3;9;0;3;3;2;4;1;0;1;1;1;1;1;0;0;0;0;0;0;0;0;0;0
100006;Vaiano;1;5;2;2;5;5;4;0;2;2;3;5;1;0;3;7;1;0;1;4;0;4;4;2;3;4;6;6;4;8;7;10;3;7;5;5;0;3;7;5;6;6;4;1;6;2;4;1;3;0;2;1;3;3;4;5;2;2;3;1;3;2;1;3;1;0;2;1;0;0;1;0;0;2;0;2;0;0;0;0;0;1;0;0;0;0;0;0;0;0;0;0;0;0;0;0;0;0;0;0;0
100007;Vernio;1;2;4;1;0;3;3;1;4;0;0;3;0;2;0;2;1;2;2;3;0;4;1;2;4;1;4;0;7;12;7;3;6;6;5;1;0;0;0;3;3;3;2;1;2;2;4;0;0;2;1;1;3;2;1;2;3;2;2;1;0;0;1;0;0;1;0;1;1;0;0;0;0;0;0;0;0;1;0;0;0;0;0;0;0;0;0;0;0;0;0;0;0;0;0;0;0;0;0;0;0
;Totale;296;302;184;228;183;167;142;126;128;85;114;108;107;111;127;124;136;127;129;187;137;183;169;242;236;267;314;308;320;356;322;314;307;288;314;296;271;255;215;201;243;236;205;174;147;134;122;110;86;97;82;77;70;74;44;61;46;45;40;39;24;26;29;24;23;24;21;24;15;15;13;14;11;9;4;5;2;5;9;0;3;4;4;4;1;1;1;1;1;1;2;0;0;0;0;0;0;0;0;0;0

"Ricostruzione della popolazione intercensuaria - Popolazione al 1° gennaio per età"
"Cittadinanza straniera - Anno: 2007 - Provincia: Prato"
Territorio/Età;;0;1;2;3;4;5;6;7;8;9;10;11;12;13;14;15;16;17;18;19;20;21;22;23;24;25;26;27;28;29;30;31;32;33;34;35;36;37;38;39;40;41;42;43;44;45;46;47;48;49;50;51;52;53;54;55;56;57;58;59;60;61;62;63;64;65;66;67;68;69;70;71;72;73;74;75;76;77;78;79;80;81;82;83;84;85;86;87;88;89;90;91;92;93;94;95;96;97;98;99;100
Codice comune;Comune;Totale
100001;Cantagallo;6;1;4;3;5;1;3;2;1;0;1;5;1;2;2;3;1;3;1;1;1;2;2;1;6;2;6;2;4;4;5;6;8;4;3;2;3;2;2;2;2;7;1;3;2;2;1;3;4;1;4;4;0;0;0;1;0;0;0;1;1;0;1;0;1;0;1;0;0;2;0;0;0;0;1;0;0;0;1;0;0;0;0;0;0;0;0;0;0;1;0;1;0;0;0;0;0;0;0;0;0
100002;Carmignano;17;10;17;11;10;18;16;7;8;9;7;9;11;12;5;8;12;15;8;5;10;1;13;17;8;17;14;19;17;16;25;31;29;30;12;6;10;14;19;17;15;20;13;21;12;12;10;6;13;9;9;3;6;7;4;3;1;3;0;3;3;2;3;0;1;2;2;2;4;0;2;0;1;2;1;0;1;0;1;0;0;0;0;1;0;0;0;0;0;0;0;0;0;0;0;0;0;0;0;0;0
100003;Montemurlo;37;38;51;30;33;20;21;19;22;16;11;23;16;19;23;22;28;25;28;20;20;13;21;21;33;44;39;39;40;43;41;33;40;37;41;36;43;41;44;33;35;36;41;32;27;14;20;18;18;8;15;12;10;12;4;5;3;3;4;3;2;1;3;3;2;1;2;3;1;1;2;0;0;0;3;0;0;1;0;0;0;0;0;0;0;0;0;0;0;0;0;0;0;0;0;0;0;0;0;0;0
100004;Poggio a Caiano;18;15;10;16;13;10;6;8;5;9;5;3;3;3;2;1;2;3;5;5;8;6;0;8;8;17;7;19;12;15;19;30;20;21;11;13;16;17;14;14;12;12;16;11;7;12;5;3;5;5;3;4;6;0;2;1;4;3;2;2;4;0;1;2;3;1;1;1;0;0;0;0;0;2;0;2;0;0;0;0;0;0;0;0;0;0;1;0;0;1;0;0;0;0;0;0;0;0;0;0;0
100005;Prato;640;576;547;365;429;346;307;276;252;243;194;231;225;237;217;256;264;308;311;348;352;299;376;394;493;521;544;634;642;677;676;677;600;634;565;598;580;595;520;485;450;468;457;407;364;254;274;225;232;187;199;150;129;97;117;79;85;67;68;63;52;34;36;37;32;27;35;31;27;23;24;21;20;16;12;9;8;3;6;13;4;3;5;1;5;1;0;0;4;0;1;1;0;0;1;0;0;0;0;0;0
100006;Vaiano;5;6;8;4;6;3;7;6;3;5;5;5;7;2;2;7;8;2;6;6;7;5;4;6;8;7;10;7;12;3;13;16;10;9;10;6;10;5;8;9;12;13;15;9;2;10;2;8;6;9;3;2;6;6;3;6;7;4;5;2;1;1;4;2;4;2;3;3;3;0;0;2;0;0;1;0;1;0;1;1;0;0;1;0;0;0;0;0;0;0;0;0;0;0;0;0;0;0;0;0;0
100007;Vernio;11;3;5;7;3;5;6;5;2;4;2;2;4;0;1;2;2;1;5;3;6;6;6;5;5;4;1;10;6;7;15;10;9;8;12;12;10;6;5;7;8;11;6;4;3;5;2;3;1;2;3;2;1;4;5;1;4;3;4;3;2;0;0;1;1;0;2;0;1;1;0;0;1;1;1;2;0;0;1;0;0;0;0;0;0;0;0;0;0;0;0;0;0;0;0;0;0;0;0;0;0
;Totale;734;649;642;436;499;403;366;323;293;286;225;278;267;275;252;299;317;357;364;388;404;332;422;452;561;612;621;730;733;765;794;803;716;743;654;673;672;680;612;567;534;567;549;487;417;309;314;266;279;221;236;177;158;126;135;96;104;83;83;77;65;38;48;45;44;33;46;40;36;27;28;23;22;21;19;13;10;4;10;14;4;3;6;2;5;1;1;0;4;2;1;2;0;0;1;0;0;0;0;0;0
Territorio/Età;;0;1;2;3;4;5;6;7;8;9;10;11;12;13;14;15;16;17;18;19;20;21;22;23;24;25;26;27;28;29;30;31;32;33;34;35;36;37;38;39;40;41;42;43;44;45;46;47;48;49;50;51;52;53;54;55;56;57;58;59;60;61;62;63;64;65;66;67;68;69;70;71;72;73;74;75;76;77;78;79;80;81;82;83;84;85;86;87;88;89;90;91;92;93;94;95;96;97;98;99;100
Codice comune;Comune;Maschi
100001;Cantagallo;4;0;1;2;4;1;1;1;1;0;1;3;0;2;1;2;1;3;1;1;1;1;0;1;1;1;3;1;1;1;1;4;4;2;3;2;2;1;1;1;0;7;1;2;0;2;1;1;1;1;1;4;0;0;0;0;0;0;0;0;1;0;0;0;0;0;0;0;0;0;0;0;0;0;1;0;0;0;0;0;0;0;0;0;0;0;0;0;0;1;0;0;0;0;0;0;0;0;0;0;0
100002;Carmignano;9;7;10;4;4;8;13;2;0;3;5;5;3;10;1;5;3;9;4;5;9;0;4;8;6;10;6;8;1;3;12;13;11;15;3;2;5;6;8;13;8;10;7;10;8;5;5;6;6;5;5;3;3;2;3;2;1;1;0;0;0;0;3;0;1;0;1;0;3;0;0;0;1;1;1;0;1;0;1;0;0;0;0;0;0;0;0;0;0;0;0;0;0;0;0;0;0;0;0;0;0
100003;Montemurlo;21;15;30;16;15;7;7;12;12;9;9;19;11;10;6;14;19;18;17;14;13;5;10;7;14;24;16;16;16;21;23;14;18;26;26;24;27;24;25;20;24;23;26;18;23;10;8;7;11;4;10;8;6;9;4;1;3;2;4;1;2;0;2;1;2;0;0;0;0;0;1;0;0;0;1;0;0;0;0;0;0;0;0;0;0;0;0;0;0;0;0;0;0;0;0;0;0;0;0;0;0
100004;Poggio a Caiano;10;7;6;6;6;5;5;5;3;6;3;2;3;1;0;1;0;2;4;3;2;4;0;7;3;7;1;7;0;10;10;14;10;10;4;8;13;9;11;7;9;8;2;8;2;5;4;3;0;5;3;0;3;0;1;0;0;1;1;2;0;0;0;2;2;0;1;1;0;0;0;0;0;2;0;2;0;0;0;0;0;0;0;0;0;0;0;0;0;1;0;0;0;0;0;0;0;0;0;0;0
100005;Prato;335;301;280;201;229;188;163;138;129;123;104;120;122;110;112;128;151;164;179;201;165;164;196;214;240;283;283;344;350;362;338;378;326;333;313;309;307;345;282;271;247;244;259;218;197;136;159;114;140;105;112;81;63;43;52;39;29;33;28;33;25;16;13;12;13;12;15;16;8;9;12;9;8;8;7;7;4;0;3;6;4;0;3;0;2;0;0;0;3;0;0;0;0;0;1;0;0;0;0;0;0
100006;Vaiano;3;4;4;1;5;0;2;2;2;5;2;2;2;1;2;5;1;0;4;5;3;5;2;1;3;3;8;3;7;1;6;8;4;6;5;2;5;5;5;2;5;8;10;5;0;2;0;3;4;3;3;1;5;4;2;3;5;2;3;0;0;0;2;1;1;0;2;1;2;0;0;1;0;0;0;0;0;0;1;1;0;0;0;0;0;0;0;0;0;0;0;0;0;0;0;0;0;0;0;0;0
100007;Vernio;6;2;2;3;1;4;3;1;1;0;2;2;1;0;0;1;2;1;2;1;2;5;2;3;3;0;0;5;5;0;3;3;7;4;6;8;8;6;5;7;6;6;0;2;2;3;0;0;1;2;1;1;0;2;3;0;2;0;2;0;1;0;0;0;0;0;2;0;0;0;0;0;1;1;0;2;0;0;0;0;0;0;0;0;0;0;0;0;0;0;0;0;0;0;0;0;0;0;0;0;0
;Totale;388;336;333;233;264;213;194;161;148;146;126;153;142;134;122;156;177;197;211;230;195;184;214;241;270;328;317;384;380;398;393;434;380;396;360;355;367;396;337;321;299;306;305;263;232;163;177;134;163;125;135;98;80;60;65;45;40;39;38;36;29;16;20;16;19;12;21;18;13;9;13;10;10;12;10;11;5;0;5;7;4;0;3;0;2;0;0;0;3;2;0;0;0;0;1;0;0;0;0;0;0
Territorio/Età;;0;1;2;3;4;5;6;7;8;9;10;11;12;13;14;15;16;17;18;19;20;21;22;23;24;25;26;27;28;29;30;31;32;33;34;35;36;37;38;39;40;41;42;43;44;45;46;47;48;49;50;51;52;53;54;55;56;57;58;59;60;61;62;63;64;65;66;67;68;69;70;71;72;73;74;75;76;77;78;79;80;81;82;83;84;85;86;87;88;89;90;91;92;93;94;95;96;97;98;99;100
Codice comune;Comune;Femmine
100001;Cantagallo;2;1;3;1;1;0;2;1;0;0;0;2;1;0;1;1;0;0;0;0;0;1;2;0;5;1;3;1;3;3;4;2;4;2;0;0;1;1;1;1;2;0;0;1;2;0;0;2;3;0;3;0;0;0;0;1;0;0;0;1;0;0;1;0;1;0;1;0;0;2;0;0;0;0;0;0;0;0;1;0;0;0;0;0;0;0;0;0;0;0;0;1;0;0;0;0;0;0;0;0;0
100002;Carmignano;8;3;7;7;6;10;3;5;8;6;2;4;8;2;4;3;9;6;4;0;1;1;9;9;2;7;8;11;16;13;13;18;18;15;9;4;5;8;11;4;7;10;6;11;4;7;5;0;7;4;4;0;3;5;1;1;0;2;0;3;3;2;0;0;0;2;1;2;1;0;2;0;0;1;0;0;0;0;0;0;0;0;0;1;0;0;0;0;0;0;0;0;0;0;0;0;0;0;0;0;0
100003;Montemurlo;16;23;21;14;18;13;14;7;10;7;2;4;5;9;17;8;9;7;11;6;7;8;11;14;19;20;23;23;24;22;18;19;22;11;15;12;16;17;19;13;11;13;15;14;4;4;12;11;7;4;5;4;4;3;0;4;0;1;0;2;0;1;1;2;0;1;2;3;1;1;1;0;0;0;2;0;0;1;0;0;0;0;0;0;0;0;0;0;0;0;0;0;0;0;0;0;0;0;0;0;0
100004;Poggio a Caiano;8;8;4;10;7;5;1;3;2;3;2;1;0;2;2;0;2;1;1;2;6;2;0;1;5;10;6;12;12;5;9;16;10;11;7;5;3;8;3;7;3;4;14;3;5;7;1;0;5;0;0;4;3;0;1;1;4;2;1;0;4;0;1;0;1;1;0;0;0;0;0;0;0;0;0;0;0;0;0;0;0;0;0;0;0;0;1;0;0;0;0;0;0;0;0;0;0;0;0;0;0
100005;Prato;305;275;267;164;200;158;144;138;123;120;90;111;103;127;105;128;113;144;132;147;187;135;180;180;253;238;261;290;292;315;338;299;274;301;252;289;273;250;238;214;203;224;198;189;167;118;115;111;92;82;87;69;66;54;65;40;56;34;40;30;27;18;23;25;19;15;20;15;19;14;12;12;12;8;5;2;4;3;3;7;0;3;2;1;3;1;0;0;1;0;1;1;0;0;0;0;0;0;0;0;0
100006;Vaiano;2;2;4;3;1;3;5;4;1;0;3;3;5;1;0;2;7;2;2;1;4;0;2;5;5;4;2;4;5;2;7;8;6;3;5;4;5;0;3;7;7;5;5;4;2;8;2;5;2;6;0;1;1;2;1;3;2;2;2;2;1;1;2;1;3;2;1;2;1;0;0;1;0;0;1;0;1;0;0;0;0;0;1;0;0;0;0;0;0;0;0;0;0;0;0;0;0;0;0;0;0
100007;Vernio;5;1;3;4;2;1;3;4;1;4;0;0;3;0;1;1;0;0;3;2;4;1;4;2;2;4;1;5;1;7;12;7;2;4;6;4;2;0;0;0;2;5;6;2;1;2;2;3;0;0;2;1;1;2;2;1;2;3;2;3;1;0;0;1;1;0;0;0;1;1;0;0;0;0;1;0;0;0;1;0;0;0;0;0;0;0;0;0;0;0;0;0;0;0;0;0;0;0;0;0;0
;Totale;346;313;309;203;235;190;172;162;145;140;99;125;125;141;130;143;140;160;153;158;209;148;208;211;291;284;304;346;353;367;401;369;336;347;294;318;305;284;275;246;235;261;244;224;185;146;137;132;116;96;101;79;78;66;70;51;64;44;45;41;36;22;28;29;25;21;25;22;23;18;15;13;12;9;9;2;5;4;5;7;0;3;3;2;3;1;1;0;1;0;1;2;0;0;0;0;0;0;0;0;0

"Ricostruzione della popolazione intercensuaria - Popolazione al 1° gennaio per età"
"Cittadinanza straniera - Anno: 2008 - Provincia: Prato"
Territorio/Età;;0;1;2;3;4;5;6;7;8;9;10;11;12;13;14;15;16;17;18;19;20;21;22;23;24;25;26;27;28;29;30;31;32;33;34;35;36;37;38;39;40;41;42;43;44;45;46;47;48;49;50;51;52;53;54;55;56;57;58;59;60;61;62;63;64;65;66;67;68;69;70;71;72;73;74;75;76;77;78;79;80;81;82;83;84;85;86;87;88;89;90;91;92;93;94;95;96;97;98;99;100
Codice comune;Comune;Totale
100001;Cantagallo;1;5;2;3;1;4;1;4;2;1;0;2;5;1;2;2;4;1;3;1;2;1;3;2;1;5;2;5;5;4;3;6;7;10;3;2;4;2;3;1;1;2;8;1;4;2;2;1;3;2;2;2;4;0;0;0;1;0;0;0;0;1;0;1;0;0;1;1;0;0;2;0;0;0;0;0;0;0;0;1;0;0;0;0;0;0;0;0;0;0;0;0;1;0;0;0;0;0;0;0;0
100002;Carmignano;24;18;10;23;14;10;17;17;12;10;9;9;7;11;13;9;7;13;15;9;3;11;7;17;16;8;24;21;27;17;19;26;33;32;34;12;8;13;18;20;16;20;18;15;21;12;13;10;8;12;10;8;4;7;5;4;2;1;4;1;3;3;2;4;0;2;3;2;2;4;0;2;0;1;2;1;0;1;0;1;0;0;0;0;1;0;0;0;0;0;0;0;0;0;0;0;0;0;0;0;0
100003;Montemurlo;52;44;41;49;31;35;27;24;18;24;22;14;24;21;24;29;23;33;27;30;30;28;25;27;24;39;53;53;47;43;52;53;42;48;44;41;40;43;53;45;44;34;37;41;38;26;14;20;25;17;9;15;11;10;12;3;5;2;4;7;3;3;2;4;3;2;2;1;4;1;2;2;0;0;2;3;1;0;0;0;0;0;0;0;0;0;0;0;0;0;0;0;0;0;0;0;0;0;0;0;0
100004;Poggio a Caiano;10;18;19;11;15;16;10;11;9;6;13;5;5;6;4;1;2;4;4;10;7;12;10;0;9;18;22;13;27;16;18;30;28;18;26;15;11;15;20;15;13;17;15;14;13;5;11;5;4;5;6;3;6;8;0;2;1;5;1;3;2;3;0;0;3;2;1;2;1;0;0;0;0;0;2;0;1;0;0;0;0;0;0;0;0;0;0;1;0;0;1;0;0;0;0;0;0;0;0;0;0
100005;Prato;694;631;574;541;385;448;362;319;304;277;254;205;238;245;260;233;268;296;339;356;403;390;325;427;430;542;568;597;666;684;701;706;716;637;660;577;605;609;625;556;507;473;486;485;426;374;277;281;234;249;211;201;159;128;103;119;82;88;64;68;58;49;34;33;34;29;27;37;28;25;19;22;18;20;14;12;10;10;3;9;12;3;3;6;0;4;1;0;0;4;0;1;1;0;0;1;0;0;0;0;0
100006;Vaiano;6;7;5;9;5;5;1;7;6;2;3;5;9;6;2;6;7;8;2;8;5;9;4;4;6;9;10;8;9;15;3;8;9;9;7;13;5;9;8;10;13;13;14;16;10;2;11;6;8;7;11;5;4;6;7;4;5;6;3;5;2;1;1;4;3;3;2;2;2;3;0;0;1;0;0;1;0;1;0;1;1;0;0;1;0;0;0;0;0;0;0;0;0;0;0;0;0;0;0;0;0
100007;Vernio;6;12;4;6;7;4;6;5;7;2;6;3;3;8;2;4;2;3;3;5;2;5;5;6;3;6;3;2;11;7;8;18;11;10;8;13;14;9;9;7;11;7;15;7;3;5;3;3;5;1;2;4;2;1;2;3;1;3;1;2;3;2;0;0;1;0;0;1;0;1;1;0;0;1;1;1;1;0;0;1;0;0;0;0;0;0;0;0;0;0;0;0;0;0;0;0;0;0;0;0;0
;Totale;793;735;655;642;458;522;424;387;358;322;307;243;291;298;307;284;313;358;393;419;452;456;379;483;489;627;682;699;792;786;804;847;846;764;782;673;687;700;736;654;605;566;593;579;515;426;331;326;287;293;251;238;190;160;129;135;97;105;77;86;71;62;39;46;44;38;36;46;37;34;24;26;19;22;21;18;13;12;3;13;13;3;3;7;1;4;1;1;0;4;1;1;2;0;0;1;0;0;0;0;0
Territorio/Età;;0;1;2;3;4;5;6;7;8;9;10;11;12;13;14;15;16;17;18;19;20;21;22;23;24;25;26;27;28;29;30;31;32;33;34;35;36;37;38;39;40;41;42;43;44;45;46;47;48;49;50;51;52;53;54;55;56;57;58;59;60;61;62;63;64;65;66;67;68;69;70;71;72;73;74;75;76;77;78;79;80;81;82;83;84;85;86;87;88;89;90;91;92;93;94;95;96;97;98;99;100
Codice comune;Comune;Maschi
100001;Cantagallo;0;4;0;0;1;3;1;1;1;1;0;1;3;0;2;1;2;1;3;1;2;1;3;0;1;1;1;2;1;0;1;1;4;6;2;2;2;1;2;1;0;0;7;1;2;0;2;1;1;1;1;1;4;0;0;0;0;0;0;0;0;1;0;0;0;0;0;0;0;0;0;0;0;0;0;0;0;0;0;0;0;0;0;0;0;0;0;0;0;0;0;0;0;0;0;0;0;0;0;0;0
100002;Carmignano;13;8;7;14;7;4;8;14;4;1;3;7;3;3;11;3;4;4;9;5;3;10;2;2;8;3;15;7;9;3;5;12;13;12;17;3;3;6;7;9;12;9;10;7;10;8;5;5;6;5;5;3;2;3;0;3;0;1;2;1;0;0;0;3;0;2;0;1;0;3;0;0;0;1;1;1;0;1;0;1;0;0;0;0;0;0;0;0;0;0;0;0;0;0;0;0;0;0;0;0;0
100003;Montemurlo;34;26;17;27;16;18;11;9;10;14;13;9;20;12;13;6;14;20;20;17;17;13;8;12;8;17;31;26;21;19;27;29;19;22;34;27;27;27;30;24;24;21;22;26;20;22;11;9;12;11;4;11;7;6;8;3;1;2;2;6;1;2;1;3;1;2;0;0;0;0;1;1;0;0;0;1;0;0;0;0;0;0;0;0;0;0;0;0;0;0;0;0;0;0;0;0;0;0;0;0;0
100004;Poggio a Caiano;6;11;11;6;7;10;3;9;5;2;7;3;2;5;1;1;1;3;3;7;4;5;5;0;7;8;10;5;10;3;10;18;15;10;12;6;7;14;11;11;8;12;9;2;9;0;5;4;4;0;5;3;0;4;0;1;0;0;0;2;2;0;0;0;2;1;0;2;1;0;0;0;0;0;2;0;1;0;0;0;0;0;0;0;0;0;0;0;0;0;1;0;0;0;0;0;0;0;0;0;0
100005;Prato;358;327;300;282;216;243;191;174;156;139;128;114;126;132;121;119;138;171;188;204;225;179;181;220;220;258;294;304;359;366;365;360;392;337;341;320;311;327;357;290;273;255;258;275;227;192;140;155;124;151;111;114;83;64;46;52;41;29;30;30;32;25;17;12;11;13;12;16;15;8;8;12;8;8;7;6;6;4;0;4;6;3;0;3;0;2;0;0;0;3;0;0;0;0;0;1;0;0;0;0;0
100006;Vaiano;4;5;3;5;1;5;0;3;2;1;3;3;4;1;1;4;5;1;0;4;5;4;4;1;0;3;4;7;3;9;0;1;4;4;4;5;1;5;4;5;5;7;7;9;6;1;3;1;4;3;4;2;2;4;5;2;2;4;2;3;0;0;0;2;2;0;0;1;1;2;0;0;0;0;0;0;0;0;0;1;1;0;0;0;0;0;0;0;0;0;0;0;0;0;0;0;0;0;0;0;0
100007;Vernio;3;6;2;3;3;2;4;3;3;1;0;3;3;2;0;0;1;3;3;2;0;1;3;3;1;3;0;0;6;5;1;4;1;8;2;6;7;6;8;5;8;5;8;1;2;2;3;0;0;1;2;1;1;0;1;3;0;2;0;2;0;1;0;0;0;0;0;0;0;1;0;0;0;1;1;0;1;0;0;0;0;0;0;0;0;0;0;0;0;0;0;0;0;0;0;0;0;0;0;0;0
;Totale;418;387;340;337;251;285;218;213;181;159;154;140;161;155;149;134;165;203;226;240;256;213;206;238;245;293;355;351;409;405;409;425;448;399;412;369;358;386;419;345;330;309;321;321;276;225;169;175;151;172;132;135;99;81;60;64;44;38;36;44;35;29;18;20;16;18;12;20;17;14;9;13;8;10;11;8;8;5;0;6;7;3;0;3;0;2;0;0;0;3;1;0;0;0;0;1;0;0;0;0;0
Territorio/Età;;0;1;2;3;4;5;6;7;8;9;10;11;12;13;14;15;16;17;18;19;20;21;22;23;24;25;26;27;28;29;30;31;32;33;34;35;36;37;38;39;40;41;42;43;44;45;46;47;48;49;50;51;52;53;54;55;56;57;58;59;60;61;62;63;64;65;66;67;68;69;70;71;72;73;74;75;76;77;78;79;80;81;82;83;84;85;86;87;88;89;90;91;92;93;94;95;96;97;98;99;100
Codice comune;Comune;Femmine
100001;Cantagallo;1;1;2;3;0;1;0;3;1;0;0;1;2;1;0;1;2;0;0;0;0;0;0;2;0;4;1;3;4;4;2;5;3;4;1;0;2;1;1;0;1;2;1;0;2;2;0;0;2;1;1;1;0;0;0;0;1;0;0;0;0;0;0;1;0;0;1;1;0;0;2;0;0;0;0;0;0;0;0;1;0;0;0;0;0;0;0;0;0;0;0;0;1;0;0;0;0;0;0;0;0
100002;Carmignano;11;10;3;9;7;6;9;3;8;9;6;2;4;8;2;6;3;9;6;4;0;1;5;15;8;5;9;14;18;14;14;14;20;20;17;9;5;7;11;11;4;11;8;8;11;4;8;5;2;7;5;5;2;4;5;1;2;0;2;0;3;3;2;1;0;0;3;1;2;1;0;2;0;0;1;0;0;0;0;0;0;0;0;0;1;0;0;0;0;0;0;0;0;0;0;0;0;0;0;0;0
100003;Montemurlo;18;18;24;22;15;17;16;15;8;10;9;5;4;9;11;23;9;13;7;13;13;15;17;15;16;22;22;27;26;24;25;24;23;26;10;14;13;16;23;21;20;13;15;15;18;4;3;11;13;6;5;4;4;4;4;0;4;0;2;1;2;1;1;1;2;0;2;1;4;1;1;1;0;0;2;2;1;0;0;0;0;0;0;0;0;0;0;0;0;0;0;0;0;0;0;0;0;0;0;0;0
100004;Poggio a Caiano;4;7;8;5;8;6;7;2;4;4;6;2;3;1;3;0;1;1;1;3;3;7;5;0;2;10;12;8;17;13;8;12;13;8;14;9;4;1;9;4;5;5;6;12;4;5;6;1;0;5;1;0;6;4;0;1;1;5;1;1;0;3;0;0;1;1;1;0;0;0;0;0;0;0;0;0;0;0;0;0;0;0;0;0;0;0;0;1;0;0;0;0;0;0;0;0;0;0;0;0;0
100005;Prato;336;304;274;259;169;205;171;145;148;138;126;91;112;113;139;114;130;125;151;152;178;211;144;207;210;284;274;293;307;318;336;346;324;300;319;257;294;282;268;266;234;218;228;210;199;182;137;126;110;98;100;87;76;64;57;67;41;59;34;38;26;24;17;21;23;16;15;21;13;17;11;10;10;12;7;6;4;6;3;5;6;0;3;3;0;2;1;0;0;1;0;1;1;0;0;0;0;0;0;0;0
100006;Vaiano;2;2;2;4;4;0;1;4;4;1;0;2;5;5;1;2;2;7;2;4;0;5;0;3;6;6;6;1;6;6;3;7;5;5;3;8;4;4;4;5;8;6;7;7;4;1;8;5;4;4;7;3;2;2;2;2;3;2;1;2;2;1;1;2;1;3;2;1;1;1;0;0;1;0;0;1;0;1;0;0;0;0;0;1;0;0;0;0;0;0;0;0;0;0;0;0;0;0;0;0;0
100007;Vernio;3;6;2;3;4;2;2;2;4;1;6;0;0;6;2;4;1;0;0;3;2;4;2;3;2;3;3;2;5;2;7;14;10;2;6;7;7;3;1;2;3;2;7;6;1;3;0;3;5;0;0;3;1;1;1;0;1;1;1;0;3;1;0;0;1;0;0;1;0;0;1;0;0;0;0;1;0;0;0;1;0;0;0;0;0;0;0;0;0;0;0;0;0;0;0;0;0;0;0;0;0
;Totale;375;348;315;305;207;237;206;174;177;163;153;103;130;143;158;150;148;155;167;179;196;243;173;245;244;334;327;348;383;381;395;422;398;365;370;304;329;314;317;309;275;257;272;258;239;201;162;151;136;121;119;103;91;79;69;71;53;67;41;42;36;33;21;26;28;20;24;26;20;20;15;13;11;12;10;10;5;7;3;7;6;0;3;4;1;2;1;1;0;1;0;1;2;0;0;0;0;0;0;0;0

"Ricostruzione della popolazione intercensuaria - Popolazione al 1° gennaio per età"
"Cittadinanza straniera - Anno: 2009 - Provincia: Prato"
Territorio/Età;;0;1;2;3;4;5;6;7;8;9;10;11;12;13;14;15;16;17;18;19;20;21;22;23;24;25;26;27;28;29;30;31;32;33;34;35;36;37;38;39;40;41;42;43;44;45;46;47;48;49;50;51;52;53;54;55;56;57;58;59;60;61;62;63;64;65;66;67;68;69;70;71;72;73;74;75;76;77;78;79;80;81;82;83;84;85;86;87;88;89;90;91;92;93;94;95;96;97;98;99;100
Codice comune;Comune;Totale
100001;Cantagallo;6;0;8;2;6;1;4;0;4;1;1;0;3;4;2;0;2;4;0;2;2;2;0;5;4;3;6;3;5;5;7;4;7;7;11;4;3;3;4;1;0;1;2;5;1;5;0;3;2;3;2;2;0;4;0;1;0;1;0;0;1;0;1;0;1;0;0;0;1;0;0;0;0;0;0;0;0;0;0;0;1;0;0;0;0;0;0;0;0;0;0;0;0;1;0;0;0;0;0;0;0
100002;Carmignano;20;21;17;15;29;15;9;14;18;15;11;10;13;6;14;14;10;11;9;16;9;1;11;8;22;13;10;25;28;26;23;15;19;32;34;28;13;13;14;19;25;19;20;19;16;20;13;13;9;8;10;7;6;6;7;7;2;2;1;6;2;2;3;2;4;1;2;3;3;1;6;0;1;0;1;2;1;0;1;0;1;0;0;0;0;1;0;1;0;0;0;0;0;0;0;0;0;0;0;0;0
100003;Montemurlo;55;54;44;37;50;32;32;28;23;19;25;24;17;22;18;34;32;25;35;32;31;35;33;26;39;33;48;60;52;56;47;57;59;40;51;50;38;42;51;48;43;43;38;35;43;35;27;20;22;26;20;11;15;15;11;12;3;7;2;4;10;5;6;2;4;3;4;2;4;9;2;3;1;1;3;2;2;0;1;0;0;2;0;0;0;0;0;0;0;0;0;0;0;0;0;0;0;0;0;0;0
100004;Poggio a Caiano;23;14;22;17;16;15;17;8;15;7;4;12;8;5;3;6;0;3;5;10;13;13;16;14;5;17;28;25;26;31;23;20;32;26;19;24;13;15;18;22;18;13;20;15;12;15;6;13;5;7;8;4;3;6;9;1;2;1;3;2;3;2;1;0;0;1;3;1;2;1;0;0;0;0;1;2;0;1;0;0;0;0;0;0;0;0;0;0;1;0;0;1;0;0;0;0;0;0;0;0;0
100005;Prato;653;635;590;528;507;368;448;365;332;309;280;264;225;259;254;267;253;283;321;361;373;414;401;365;441;471;562;582;609;661;678;681;688;691;616;646;568;604;593;635;554;500;491;472;481;416;361;271;271;234;240;209;203;160;133;104;115;86;89;67;65;59;50;40;35;31;36;27;33;24;29;18;20;16;19;13;12;8;10;3;6;10;2;1;6;0;3;1;0;0;3;0;1;1;0;0;1;0;0;0;0
100006;Vaiano;4;6;7;6;8;6;5;4;6;4;1;4;6;7;7;4;7;7;10;3;10;5;16;3;7;8;10;12;10;13;12;4;14;12;5;5;10;7;9;10;12;12;15;14;15;9;4;11;7;8;10;8;8;5;6;7;4;4;6;2;2;2;0;2;4;3;3;2;3;2;3;0;0;2;0;1;1;0;1;0;1;1;0;0;1;0;0;0;0;0;0;0;0;0;0;0;0;0;0;0;0
100007;Vernio;2;7;13;4;7;9;4;8;7;9;3;3;3;8;7;2;6;3;5;5;5;2;5;5;5;3;5;8;5;12;12;10;18;11;13;12;14;15;11;12;7;10;10;13;7;8;4;4;1;3;2;4;5;2;1;2;4;1;4;1;3;2;2;0;0;1;1;0;1;0;0;1;0;0;1;1;1;2;0;0;1;0;0;0;0;0;0;0;0;0;0;0;0;0;0;0;0;0;0;0;0
;Totale;763;737;701;609;623;446;519;427;405;364;325;317;275;311;305;327;310;336;385;429;443;472;482;426;523;548;669;715;735;804;802;791;837;819;749;769;659;699;700;747;659;598;596;573;575;508;415;335;317;289;292;245;240;198;167;134;130;102;105;82;86;72;63;46;48;40;49;35;47;37;40;22;22;19;25;21;17;11;13;3;10;13;2;1;7;1;3;2;1;0;3;1;1;2;0;0;1;0;0;0;0
Territorio/Età;;0;1;2;3;4;5;6;7;8;9;10;11;12;13;14;15;16;17;18;19;20;21;22;23;24;25;26;27;28;29;30;31;32;33;34;35;36;37;38;39;40;41;42;43;44;45;46;47;48;49;50;51;52;53;54;55;56;57;58;59;60;61;62;63;64;65;66;67;68;69;70;71;72;73;74;75;76;77;78;79;80;81;82;83;84;85;86;87;88;89;90;91;92;93;94;95;96;97;98;99;100
Codice comune;Comune;Maschi
100001;Cantagallo;3;0;7;0;0;1;3;0;1;1;1;0;2;3;1;0;1;2;0;2;1;2;0;3;0;2;2;1;2;1;2;2;2;4;8;3;2;1;3;1;0;0;0;4;1;1;0;3;2;1;1;1;0;4;0;0;0;0;0;0;0;0;1;0;0;0;0;0;0;0;0;0;0;0;0;0;0;0;0;0;0;0;0;0;0;0;0;0;0;0;0;0;0;0;0;0;0;0;0;0;0
100002;Carmignano;15;12;8;7;17;8;2;6;13;6;1;2;7;3;4;11;4;6;2;10;3;1;11;2;4;9;3;13;10;6;9;2;7;14;13;13;6;6;10;7;11;12;7;11;6;6;8;5;3;6;4;5;2;2;3;0;1;0;1;3;1;0;0;0;3;0;2;0;2;0;4;0;0;0;1;1;1;0;1;0;1;0;0;0;0;0;0;0;0;0;0;0;0;0;0;0;0;0;0;0;0
100003;Montemurlo;22;35;25;16;29;18;17;10;7;12;14;15;9;18;10;20;8;15;21;25;19;20;18;11;18;14;20;33;24;26;22;31;36;22;23;37;26;29;33;28;20;22;20;21;23;17;22;12;7;12;11;5;10;11;6;8;3;1;2;2;9;1;3;1;3;1;3;1;0;3;0;1;1;0;1;0;0;0;0;0;0;1;0;0;0;0;0;0;0;0;0;0;0;0;0;0;0;0;0;0;0
100004;Poggio a Caiano;10;8;11;10;9;6;9;4;10;4;2;5;6;2;3;2;0;2;2;5;8;7;6;4;0;9;14;14;12;10;8;8;19;17;10;13;3;8;13;13;12;8;15;8;1;9;1;7;3;3;1;4;3;0;4;0;1;0;0;0;2;2;0;0;0;1;1;0;2;1;0;0;0;0;0;2;0;1;0;0;0;0;0;0;0;0;0;0;0;0;0;1;0;0;0;0;0;0;0;0;0
100005;Prato;323;325;323;279;258;202;240;194;177;165;143;138;125;146;138;127;132;146;187;196;210;222;179;195;215;223;257;285;288;352;354;346;337;363;319;342;315;310;312;353;288;256;258;241;274;213;184;130;142;122;150;101;115;72;65;43;47;42;30;28;28;34;24;17;14;9;17;12;15;12;12;6;10;8;10;7;7;5;4;0;3;5;2;0;3;0;1;0;0;0;3;0;0;0;0;0;1;0;0;0;0
100006;Vaiano;4;3;5;4;4;2;5;1;3;1;0;3;4;2;1;2;5;5;3;1;4;5;7;3;2;3;4;4;8;5;5;1;5;6;2;2;3;3;4;5;6;6;7;6;8;7;3;4;2;3;4;3;3;3;4;5;2;2;4;1;2;0;0;0;2;2;0;0;1;1;2;0;0;0;0;1;0;0;0;0;1;1;0;0;0;0;0;0;0;0;0;0;0;0;0;0;0;0;0;0;0
100007;Vernio;1;2;6;2;3;5;2;6;4;5;2;0;3;5;2;0;0;1;3;4;2;0;0;2;1;1;2;3;0;5;7;3;4;1;11;4;5;7;6;9;4;6;6;7;1;6;2;3;0;0;1;2;1;1;0;1;3;0;2;0;2;0;1;0;0;0;0;0;0;0;0;0;0;0;1;1;0;2;0;0;0;0;0;0;0;0;0;0;0;0;0;0;0;0;0;0;0;0;0;0;0
;Totale;378;385;385;318;320;242;278;221;215;194;163;163;156;179;159;162;150;177;218;243;247;257;221;220;240;261;302;353;344;405;407;393;410;427;386;414;360;364;381;416;341;310;313;298;314;259;220;164;159;147;172;121;134;93;82;57;57;45;39;34;44;37;29;18;22;13;23;13;20;17;18;7;11;8;13;12;8;8;5;0;5;7;2;0;3;0;1;0;0;0;3;1;0;0;0;0;1;0;0;0;0
Territorio/Età;;0;1;2;3;4;5;6;7;8;9;10;11;12;13;14;15;16;17;18;19;20;21;22;23;24;25;26;27;28;29;30;31;32;33;34;35;36;37;38;39;40;41;42;43;44;45;46;47;48;49;50;51;52;53;54;55;56;57;58;59;60;61;62;63;64;65;66;67;68;69;70;71;72;73;74;75;76;77;78;79;80;81;82;83;84;85;86;87;88;89;90;91;92;93;94;95;96;97;98;99;100
Codice comune;Comune;Femmine
100001;Cantagallo;3;0;1;2;6;0;1;0;3;0;0;0;1;1;1;0;1;2;0;0;1;0;0;2;4;1;4;2;3;4;5;2;5;3;3;1;1;2;1;0;0;1;2;1;0;4;0;0;0;2;1;1;0;0;0;1;0;1;0;0;1;0;0;0;1;0;0;0;1;0;0;0;0;0;0;0;0;0;0;0;1;0;0;0;0;0;0;0;0;0;0;0;0;1;0;0;0;0;0;0;0
100002;Carmignano;5;9;9;8;12;7;7;8;5;9;10;8;6;3;10;3;6;5;7;6;6;0;0;6;18;4;7;12;18;20;14;13;12;18;21;15;7;7;4;12;14;7;13;8;10;14;5;8;6;2;6;2;4;4;4;7;1;2;0;3;1;2;3;2;1;1;0;3;1;1;2;0;1;0;0;1;0;0;0;0;0;0;0;0;0;1;0;1;0;0;0;0;0;0;0;0;0;0;0;0;0
100003;Montemurlo;33;19;19;21;21;14;15;18;16;7;11;9;8;4;8;14;24;10;14;7;12;15;15;15;21;19;28;27;28;30;25;26;23;18;28;13;12;13;18;20;23;21;18;14;20;18;5;8;15;14;9;6;5;4;5;4;0;6;0;2;1;4;3;1;1;2;1;1;4;6;2;2;0;1;2;2;2;0;1;0;0;1;0;0;0;0;0;0;0;0;0;0;0;0;0;0;0;0;0;0;0
100004;Poggio a Caiano;13;6;11;7;7;9;8;4;5;3;2;7;2;3;0;4;0;1;3;5;5;6;10;10;5;8;14;11;14;21;15;12;13;9;9;11;10;7;5;9;6;5;5;7;11;6;5;6;2;4;7;0;0;6;5;1;1;1;3;2;1;0;1;0;0;0;2;1;0;0;0;0;0;0;1;0;0;0;0;0;0;0;0;0;0;0;0;0;1;0;0;0;0;0;0;0;0;0;0;0;0
100005;Prato;330;310;267;249;249;166;208;171;155;144;137;126;100;113;116;140;121;137;134;165;163;192;222;170;226;248;305;297;321;309;324;335;351;328;297;304;253;294;281;282;266;244;233;231;207;203;177;141;129;112;90;108;88;88;68;61;68;44;59;39;37;25;26;23;21;22;19;15;18;12;17;12;10;8;9;6;5;3;6;3;3;5;0;1;3;0;2;1;0;0;0;0;1;1;0;0;0;0;0;0;0
100006;Vaiano;0;3;2;2;4;4;0;3;3;3;1;1;2;5;6;2;2;2;7;2;6;0;9;0;5;5;6;8;2;8;7;3;9;6;3;3;7;4;5;5;6;6;8;8;7;2;1;7;5;5;6;5;5;2;2;2;2;2;2;1;0;2;0;2;2;1;3;2;2;1;1;0;0;2;0;0;1;0;1;0;0;0;0;0;1;0;0;0;0;0;0;0;0;0;0;0;0;0;0;0;0
100007;Vernio;1;5;7;2;4;4;2;2;3;4;1;3;0;3;5;2;6;2;2;1;3;2;5;3;4;2;3;5;5;7;5;7;14;10;2;8;9;8;5;3;3;4;4;6;6;2;2;1;1;3;1;2;4;1;1;1;1;1;2;1;1;2;1;0;0;1;1;0;1;0;0;1;0;0;0;0;1;0;0;0;1;0;0;0;0;0;0;0;0;0;0;0;0;0;0;0;0;0;0;0;0
;Totale;385;352;316;291;303;204;241;206;190;170;162;154;119;132;146;165;160;159;167;186;196;215;261;206;283;287;367;362;391;399;395;398;427;392;363;355;299;335;319;331;318;288;283;275;261;249;195;171;158;142;120;124;106;105;85;77;73;57;66;48;42;35;34;28;26;27;26;22;27;20;22;15;11;11;12;9;9;3;8;3;5;6;0;1;4;1;2;2;1;0;0;0;1;2;0;0;0;0;0;0;0

"Ricostruzione della popolazione intercensuaria - Popolazione al 1° gennaio per età"
"Cittadinanza straniera - Anno: 2010 - Provincia: Prato"
Territorio/Età;;0;1;2;3;4;5;6;7;8;9;10;11;12;13;14;15;16;17;18;19;20;21;22;23;24;25;26;27;28;29;30;31;32;33;34;35;36;37;38;39;40;41;42;43;44;45;46;47;48;49;50;51;52;53;54;55;56;57;58;59;60;61;62;63;64;65;66;67;68;69;70;71;72;73;74;75;76;77;78;79;80;81;82;83;84;85;86;87;88;89;90;91;92;93;94;95;96;97;98;99;100
Codice comune;Comune;Totale
100001;Cantagallo;4;6;1;10;2;6;2;4;0;4;1;2;0;3;5;2;0;2;3;0;2;2;2;0;4;4;6;7;3;5;5;6;2;5;8;7;4;4;4;4;1;0;1;3;4;2;6;0;2;3;2;3;1;3;3;0;0;1;1;0;0;0;0;1;0;1;0;0;0;1;0;0;0;0;0;0;0;0;0;0;0;1;0;0;0;0;0;0;0;0;0;0;0;0;0;0;0;0;0;0;0
100002;Carmignano;18;17;21;17;19;26;14;11;11;17;17;10;11;12;4;15;14;12;10;7;18;9;5;10;15;24;22;12;25;24;26;30;18;19;28;30;28;12;16;16;19;26;18;16;18;14;18;14;11;11;7;10;9;9;9;8;10;3;2;5;6;2;1;2;1;2;2;2;6;3;0;6;0;2;0;0;1;1;0;1;1;1;0;0;0;0;1;0;1;0;0;0;0;0;0;0;0;0;0;0;0
100003;Montemurlo;48;58;61;49;38;51;33;32;26;25;21;23;21;14;20;19;35;32;32;36;31;31;36;31;32;45;35;53;59;57;62;49;59;65;43;49;51;36;45;50;41;39;40;37;31;43;32;31;19;21;28;19;13;13;16;12;9;5;8;3;6;11;4;7;4;4;6;3;2;4;7;2;4;1;1;2;2;2;0;1;0;0;2;0;0;0;0;0;0;0;0;0;0;0;0;0;0;0;0;0;0
100004;Poggio a Caiano;24;25;11;21;18;14;17;19;7;13;6;5;8;7;6;4;7;3;7;3;10;14;16;17;15;8;22;30;30;22;33;26;21;29;28;20;20;14;15;18;24;20;11;16;13;16;17;6;9;5;5;8;4;4;8;6;0;5;3;3;2;3;3;1;0;2;1;2;1;2;1;0;0;0;0;1;2;0;2;0;0;1;0;0;0;0;0;0;0;1;0;0;1;0;0;0;0;0;0;0;0
100005;Prato;603;652;639;583;517;513;390;444;391;337;326;304;288;246;286;280;296;286;305;371;405;417;453;445;414;491;510;625;633;627;691;711;686;695;716;621;673;578;629;611;629;554;511;479;468;476;396;365;291;295;228;244;216;206;158;144;113;114;82;91;69;64;62;50;44;31;37;40;25;37;26;30;19;21;17;20;11;11;9;12;4;4;8;1;2;3;2;2;0;0;0;0;0;0;1;0;0;0;0;0;0
100006;Vaiano;6;6;8;5;5;5;3;3;5;5;4;1;6;5;5;5;5;7;7;9;3;9;9;18;3;11;5;13;8;9;17;8;4;15;10;7;5;13;6;8;9;9;12;14;11;13;11;3;10;8;8;13;6;7;5;6;9;2;3;6;3;1;1;0;2;3;2;3;2;2;0;3;0;0;2;0;1;1;0;0;0;1;1;0;0;0;0;0;0;0;0;0;0;0;0;0;0;0;0;0;0
100007;Vernio;2;4;7;19;3;7;8;5;6;8;8;3;5;2;8;8;1;5;4;5;5;4;2;5;6;4;2;6;8;7;12;14;8;15;16;14;13;12;15;13;11;6;11;8;12;6;9;3;4;1;3;2;2;5;1;0;3;3;2;6;1;4;2;2;0;0;1;1;1;2;1;1;0;0;1;2;1;1;2;0;0;1;0;0;0;0;0;0;0;0;0;0;0;0;0;0;0;0;0;0;0
;Totale;705;768;748;704;602;622;467;518;446;409;383;348;339;289;334;333;358;347;368;431;474;486;523;526;489;587;602;746;766;751;846;844;798;843;849;748;794;669;730;720;734;654;604;573;557;570;489;422;346;344;281;299;251;247;200;176;144;133;101;114;87;85;73;63;51;43;49;51;37;51;35;42;23;24;21;25;18;16;13;14;5;9;11;1;2;3;3;2;1;1;0;0;1;0;1;0;0;0;0;0;0
Territorio/Età;;0;1;2;3;4;5;6;7;8;9;10;11;12;13;14;15;16;17;18;19;20;21;22;23;24;25;26;27;28;29;30;31;32;33;34;35;36;37;38;39;40;41;42;43;44;45;46;47;48;49;50;51;52;53;54;55;56;57;58;59;60;61;62;63;64;65;66;67;68;69;70;71;72;73;74;75;76;77;78;79;80;81;82;83;84;85;86;87;88;89;90;91;92;93;94;95;96;97;98;99;100
Codice comune;Comune;Maschi
100001;Cantagallo;1;3;0;9;0;0;2;3;0;1;1;1;0;2;3;1;0;1;1;0;0;1;2;0;2;0;4;3;0;2;2;1;1;2;3;6;2;3;2;3;1;0;0;1;3;2;2;0;2;2;1;1;0;1;3;0;0;0;1;0;0;0;0;0;0;0;0;0;0;0;0;0;0;0;0;0;0;0;0;0;0;0;0;0;0;0;0;0;0;0;0;0;0;0;0;0;0;0;0;0;0
100002;Carmignano;11;13;11;6;9;15;7;7;4;12;7;3;3;7;2;5;11;5;5;2;10;5;3;9;5;6;12;6;10;9;8;12;4;10;12;11;13;6;7;9;6;10;11;5;10;7;5;8;6;4;6;2;5;3;2;3;2;2;0;2;5;1;0;1;0;1;0;2;3;2;0;4;0;0;0;0;0;1;0;1;1;1;0;0;0;0;0;0;0;0;0;0;0;0;0;0;0;0;0;0;0
100003;Montemurlo;26;27;39;28;16;28;19;17;8;10;14;13;14;8;15;10;21;10;19;24;25;18;21;16;11;21;13;19;30;26;25;24;33;36;24;22;36;27;29;31;24;17;18;21;19;22;17;24;11;7;13;12;6;9;10;7;7;4;2;3;2;10;1;3;1;3;3;2;1;0;2;0;1;1;0;1;0;0;0;0;0;0;1;0;0;0;0;0;0;0;0;0;0;0;0;0;0;0;0;0;0
100004;Poggio a Caiano;12;13;6;12;11;6;6;10;4;10;5;3;4;5;2;3;2;3;5;1;4;8;5;6;6;2;10;16;17;9;11;9;6;19;17;10;12;1;8;14;12;12;7;13;7;1;12;0;4;3;1;0;2;3;1;4;0;1;0;0;0;2;2;0;0;0;1;0;0;2;1;0;0;0;0;0;2;0;1;0;0;0;0;0;0;0;0;0;0;0;0;0;1;0;0;0;0;0;0;0;0
100005;Prato;315;333;325;322;277;259;216;238;208;172;174;151;144;143;160;153;145;152;164;200;206;220;229;200;205;227;238;288;297;291;349;359;355;338;376;317;355;315;318;316;345;283;254;251;235;264;198;184;130;144;114;145;105;116;66;61;43;42;38;30;31;24;34;27;19;10;11;20;12;16;11;14;8;11;9;10;5;6;6;4;0;2;4;1;0;1;0;1;0;0;0;0;0;0;0;0;0;0;0;0;0
100006;Vaiano;5;4;4;2;4;4;2;3;2;3;1;1;4;4;0;1;3;6;5;2;1;1;7;6;2;4;1;6;1;6;6;2;1;5;5;3;4;5;3;4;6;4;5;5;5;6;8;3;3;3;2;4;3;2;4;4;5;1;2;3;2;1;0;0;0;2;1;0;0;1;0;2;0;0;0;0;1;0;0;0;0;1;1;0;0;0;0;0;0;0;0;0;0;0;0;0;0;0;0;0;0
100007;Vernio;0;3;3;11;2;3;4;4;3;4;4;2;1;2;5;3;0;0;1;2;3;2;0;0;1;0;2;2;3;0;6;5;3;4;6;9;6;4;9;7;9;4;6;5;6;0;6;2;3;0;0;1;1;0;1;0;1;2;0;2;0;3;0;2;0;0;0;0;0;0;0;0;0;0;1;1;1;0;2;0;0;0;0;0;0;0;0;0;0;0;0;0;0;0;0;0;0;0;0;0;0
;Totale;370;396;388;390;319;315;256;282;229;212;206;174;170;171;187;176;182;177;200;231;249;255;267;237;232;260;280;340;358;343;407;412;403;414;443;378;428;361;376;384;403;330;301;301;285;302;248;221;159;163;137;165;122;134;87;79;58;52;43;40;40;41;37;33;20;16;16;24;16;21;14;20;9;12;10;12;9;7;9;5;1;4;6;1;0;1;0;1;0;0;0;0;1;0;0;0;0;0;0;0;0
Territorio/Età;;0;1;2;3;4;5;6;7;8;9;10;11;12;13;14;15;16;17;18;19;20;21;22;23;24;25;26;27;28;29;30;31;32;33;34;35;36;37;38;39;40;41;42;43;44;45;46;47;48;49;50;51;52;53;54;55;56;57;58;59;60;61;62;63;64;65;66;67;68;69;70;71;72;73;74;75;76;77;78;79;80;81;82;83;84;85;86;87;88;89;90;91;92;93;94;95;96;97;98;99;100
Codice comune;Comune;Femmine
100001;Cantagallo;3;3;1;1;2;6;0;1;0;3;0;1;0;1;2;1;0;1;2;0;2;1;0;0;2;4;2;4;3;3;3;5;1;3;5;1;2;1;2;1;0;0;1;2;1;0;4;0;0;1;1;2;1;2;0;0;0;1;0;0;0;0;0;1;0;1;0;0;0;1;0;0;0;0;0;0;0;0;0;0;0;1;0;0;0;0;0;0;0;0;0;0;0;0;0;0;0;0;0;0;0
100002;Carmignano;7;4;10;11;10;11;7;4;7;5;10;7;8;5;2;10;3;7;5;5;8;4;2;1;10;18;10;6;15;15;18;18;14;9;16;19;15;6;9;7;13;16;7;11;8;7;13;6;5;7;1;8;4;6;7;5;8;1;2;3;1;1;1;1;1;1;2;0;3;1;0;2;0;2;0;0;1;0;0;0;0;0;0;0;0;0;1;0;1;0;0;0;0;0;0;0;0;0;0;0;0
100003;Montemurlo;22;31;22;21;22;23;14;15;18;15;7;10;7;6;5;9;14;22;13;12;6;13;15;15;21;24;22;34;29;31;37;25;26;29;19;27;15;9;16;19;17;22;22;16;12;21;15;7;8;14;15;7;7;4;6;5;2;1;6;0;4;1;3;4;3;1;3;1;1;4;5;2;3;0;1;1;2;2;0;1;0;0;1;0;0;0;0;0;0;0;0;0;0;0;0;0;0;0;0;0;0
100004;Poggio a Caiano;12;12;5;9;7;8;11;9;3;3;1;2;4;2;4;1;5;0;2;2;6;6;11;11;9;6;12;14;13;13;22;17;15;10;11;10;8;13;7;4;12;8;4;3;6;15;5;6;5;2;4;8;2;1;7;2;0;4;3;3;2;1;1;1;0;2;0;2;1;0;0;0;0;0;0;1;0;0;1;0;0;1;0;0;0;0;0;0;0;1;0;0;0;0;0;0;0;0;0;0;0
100005;Prato;288;319;314;261;240;254;174;206;183;165;152;153;144;103;126;127;151;134;141;171;199;197;224;245;209;264;272;337;336;336;342;352;331;357;340;304;318;263;311;295;284;271;257;228;233;212;198;181;161;151;114;99;111;90;92;83;70;72;44;61;38;40;28;23;25;21;26;20;13;21;15;16;11;10;8;10;6;5;3;8;4;2;4;0;2;2;2;1;0;0;0;0;0;0;1;0;0;0;0;0;0
100006;Vaiano;1;2;4;3;1;1;1;0;3;2;3;0;2;1;5;4;2;1;2;7;2;8;2;12;1;7;4;7;7;3;11;6;3;10;5;4;1;8;3;4;3;5;7;9;6;7;3;0;7;5;6;9;3;5;1;2;4;1;1;3;1;0;1;0;2;1;1;3;2;1;0;1;0;0;2;0;0;1;0;0;0;0;0;0;0;0;0;0;0;0;0;0;0;0;0;0;0;0;0;0;0
100007;Vernio;2;1;4;8;1;4;4;1;3;4;4;1;4;0;3;5;1;5;3;3;2;2;2;5;5;4;0;4;5;7;6;9;5;11;10;5;7;8;6;6;2;2;5;3;6;6;3;1;1;1;3;1;1;5;0;0;2;1;2;4;1;1;2;0;0;0;1;1;1;2;1;1;0;0;0;1;0;1;0;0;0;1;0;0;0;0;0;0;0;0;0;0;0;0;0;0;0;0;0;0;0
;Totale;335;372;360;314;283;307;211;236;217;197;177;174;169;118;147;157;176;170;168;200;225;231;256;289;257;327;322;406;408;408;439;432;395;429;406;370;366;308;354;336;331;324;303;272;272;268;241;201;187;181;144;134;129;113;113;97;86;81;58;74;47;44;36;30;31;27;33;27;21;30;21;22;14;12;11;13;9;9;4;9;4;5;5;0;2;2;3;1;1;1;0;0;0;0;1;0;0;0;0;0;0

"Ricostruzione della popolazione intercensuaria - Popolazione al 1° gennaio per età"
"Cittadinanza straniera - Anno: 2011 - Provincia: Prato"
Territorio/Età;;0;1;2;3;4;5;6;7;8;9;10;11;12;13;14;15;16;17;18;19;20;21;22;23;24;25;26;27;28;29;30;31;32;33;34;35;36;37;38;39;40;41;42;43;44;45;46;47;48;49;50;51;52;53;54;55;56;57;58;59;60;61;62;63;64;65;66;67;68;69;70;71;72;73;74;75;76;77;78;79;80;81;82;83;84;85;86;87;88;89;90;91;92;93;94;95;96;97;98;99;100
Codice comune;Comune;Totale
100001;Cantagallo;5;5;4;2;10;2;4;1;3;2;4;1;2;0;1;6;2;0;1;3;0;2;2;1;2;4;5;6;5;3;5;5;4;3;8;6;4;7;3;3;4;2;0;1;3;5;3;5;1;1;3;3;5;2;3;4;0;0;1;2;0;0;0;1;1;0;1;0;0;0;1;0;0;0;0;0;0;0;0;0;0;0;0;0;0;0;0;0;0;0;0;0;0;0;0;0;0;0;0;0;0
100002;Carmignano;23;17;24;19;18;21;26;13;11;12;17;15;8;13;13;3;14;12;12;11;8;19;9;12;14;19;25;18;15;25;25;27;27;18;20;29;26;25;16;18;18;21;27;20;17;17;13;17;15;13;7;7;9;9;11;7;11;8;2;3;5;5;3;1;2;2;2;2;2;5;3;1;6;0;2;0;0;1;0;0;1;1;1;0;0;0;0;0;0;1;0;0;0;0;0;0;0;0;0;0;0
100003;Montemurlo;51;44;51;52;43;37;42;29;27;24;21;25;23;21;11;21;16;34;32;34;36;28;32;45;32;32;34;29;44;45;53;46;44;58;58;40;47;45;31;48;43;42;34;38;43;30;40;27;32;17;20;29;16;14;10;16;10;8;6;7;5;8;13;4;2;4;4;8;3;4;3;6;2;3;2;1;1;2;2;0;0;0;0;1;0;0;0;0;0;0;0;0;0;0;0;0;0;0;0;0;0
100004;Poggio a Caiano;21;31;23;13;24;20;16;17;17;5;14;7;6;9;10;9;2;8;2;10;10;14;18;18;19;17;11;26;23;30;25;32;31;19;26;28;22;23;16;17;20;26;25;13;18;18;19;21;8;10;10;8;8;4;2;9;8;1;5;3;3;2;2;3;0;1;1;1;2;1;3;0;0;0;0;0;1;2;0;2;0;0;1;0;0;0;0;0;0;0;1;0;0;0;0;0;0;0;0;0;0
100005;Prato;643;620;672;625;557;523;502;390;427;408;345;340;306;302;268;308;319;325;332;344;399;455;476;496;512;493;565;563;677;664;654;704;739;703;721;719;636;676;592;628;604;630;563;517;479;499;465;416;377;294;297;224;244;224;203;172;155;119;117;101;93;72;62;70;55;46;29;41;42;23;44;24;32;21;19;15;22;9;9;9;10;3;4;5;0;1;3;0;2;0;0;0;0;0;0;1;0;0;0;0;0
100006;Vaiano;11;9;8;14;9;7;7;5;5;5;5;4;2;6;6;5;7;5;3;8;11;3;10;10;17;8;10;7;20;14;7;21;11;12;16;12;6;9;10;8;6;12;8;13;13;7;13;13;3;9;10;9;11;3;5;6;7;7;3;4;6;3;1;2;0;1;2;2;3;2;3;0;3;0;0;2;0;2;1;0;0;0;1;0;0;0;0;0;0;0;0;0;0;0;0;0;0;0;0;0;0
100007;Vernio;14;3;5;7;21;1;9;9;8;6;7;8;3;6;3;5;11;1;4;5;3;5;5;3;7;7;4;3;8;9;7;12;13;8;11;12;15;11;15;12;11;11;6;10;2;10;5;7;6;5;2;5;2;3;6;1;0;5;1;2;6;1;3;1;2;0;0;1;1;0;1;0;1;0;0;1;1;0;2;2;0;0;1;0;0;0;0;0;0;0;0;0;0;0;0;0;0;0;0;0;0
;Totale;768;729;787;732;682;611;606;464;498;462;413;400;350;357;312;357;371;385;386;415;467;526;552;585;603;580;654;652;792;790;776;847;869;821;860;846;756;796;683;734;706;744;663;612;575;586;558;506;442;349;349;285;295;259;240;215;191;148;135;122;118;91;84;82;62;54;39;55;53;35;58;31;44;24;23;19;25;16;14;13;11;4;8;6;0;1;3;0;2;1;1;0;0;0;0;1;0;0;0;0;0
Territorio/Età;;0;1;2;3;4;5;6;7;8;9;10;11;12;13;14;15;16;17;18;19;20;21;22;23;24;25;26;27;28;29;30;31;32;33;34;35;36;37;38;39;40;41;42;43;44;45;46;47;48;49;50;51;52;53;54;55;56;57;58;59;60;61;62;63;64;65;66;67;68;69;70;71;72;73;74;75;76;77;78;79;80;81;82;83;84;85;86;87;88;89;90;91;92;93;94;95;96;97;98;99;100
Codice comune;Comune;Maschi
100001;Cantagallo;2;2;2;0;8;0;0;1;3;2;1;1;1;0;1;4;1;0;0;1;0;0;1;1;1;2;0;4;1;0;2;2;1;1;3;2;3;3;2;3;3;2;0;0;1;3;2;2;0;1;2;1;1;0;1;2;0;0;0;1;0;0;0;0;0;0;1;0;0;0;0;0;0;0;0;0;0;0;0;0;0;0;0;0;0;0;0;0;0;0;0;0;0;0;0;0;0;0;0;0;0
100002;Carmignano;13;11;17;7;6;11;13;8;7;7;11;6;0;5;7;2;5;10;5;5;4;11;7;5;10;4;8;9;7;8;10;9;11;6;12;9;9;14;8;6;12;5;9;10;4;8;7;3;7;6;2;7;2;6;4;1;3;2;1;0;2;4;1;0;1;0;1;0;2;2;2;1;4;0;0;0;0;0;0;0;1;1;1;0;0;0;0;0;0;0;0;0;0;0;0;0;0;0;0;0;0
100003;Montemurlo;28;21;24;32;23;17;22;18;15;8;8;16;14;14;8;17;9;20;8;17;23;20;19;24;12;12;16;9;15;23;26;16;20;29;35;21;22;30;22;29;25;24;16;14;20;17;19;16;23;11;5;12;8;6;6;10;6;5;3;2;3;2;10;0;0;1;3;3;2;3;0;2;0;1;1;0;1;0;1;0;0;0;0;0;0;0;0;0;0;0;0;0;0;0;0;0;0;0;0;0;0
100004;Poggio a Caiano;12;17;11;8;15;12;4;6;10;2;10;5;3;4;7;3;1;3;2;7;5;9;9;4;7;9;4;14;12;16;11;10;14;6;16;16;15;13;3;9;15;13;14;7;14;9;2;13;0;3;6;3;1;1;2;0;6;0;2;1;0;0;0;2;0;1;0;1;0;0;3;0;0;0;0;0;0;2;0;1;0;0;0;0;0;0;0;0;0;0;0;0;0;0;0;0;0;0;0;0;0
100005;Prato;336;323;341;328;304;281;255;216;228;217;179;177;153;155;157;165;177;164;181;187;208;223;239;236;217;229;247;258;310;311;298;346;363;360;337;368;322;347;316;312;306;342;271;238;238;246;254;199;182;123;137;107;145;103;111;61;59;42;45;39;29;30;23;36;26;19;10;13;22;12;17;10;15;8;10;8;11;3;5;5;3;0;1;2;0;0;2;0;1;0;0;0;0;0;0;0;0;0;0;0;0
100006;Vaiano;7;8;5;8;6;5;5;4;4;4;3;1;2;4;4;0;3;3;3;5;3;2;2;7;6;6;3;2;13;5;3;7;4;7;8;9;3;6;3;5;4;7;4;5;6;2;7;6;3;2;3;2;4;1;2;4;4;3;1;2;3;1;1;1;0;0;1;1;0;0;1;0;2;0;0;0;0;2;0;0;0;0;1;0;0;0;0;0;0;0;0;0;0;0;0;0;0;0;0;0;0
100007;Vernio;6;0;4;3;13;0;4;3;6;2;3;4;2;1;3;2;6;0;0;1;0;2;2;1;3;0;2;2;2;3;1;5;5;2;2;4;9;6;8;7;7;9;3;7;0;5;1;5;2;3;0;0;1;1;1;1;0;1;1;0;2;0;3;0;2;0;0;0;0;0;0;0;0;0;0;1;1;0;0;2;0;0;0;0;0;0;0;0;0;0;0;0;0;0;0;0;0;0;0;0;0
;Totale;404;382;404;386;375;326;303;256;273;242;215;210;175;183;187;193;202;200;199;223;243;267;279;278;256;262;280;298;360;366;351;395;418;411;413;429;383;419;362;371;372;402;317;281;283;290;292;244;217;149;155;132;162;118;127;79;78;53;53;45;39;37;38;39;29;21;16;18;26;17;23;13;21;9;11;9;13;7;6;8;4;1;3;2;0;0;2;0;1;0;0;0;0;0;0;0;0;0;0;0;0
Territorio/Età;;0;1;2;3;4;5;6;7;8;9;10;11;12;13;14;15;16;17;18;19;20;21;22;23;24;25;26;27;28;29;30;31;32;33;34;35;36;37;38;39;40;41;42;43;44;45;46;47;48;49;50;51;52;53;54;55;56;57;58;59;60;61;62;63;64;65;66;67;68;69;70;71;72;73;74;75;76;77;78;79;80;81;82;83;84;85;86;87;88;89;90;91;92;93;94;95;96;97;98;99;100
Codice comune;Comune;Femmine
100001;Cantagallo;3;3;2;2;2;2;4;0;0;0;3;0;1;0;0;2;1;0;1;2;0;2;1;0;1;2;5;2;4;3;3;3;3;2;5;4;1;4;1;0;1;0;0;1;2;2;1;3;1;0;1;2;4;2;2;2;0;0;1;1;0;0;0;1;1;0;0;0;0;0;1;0;0;0;0;0;0;0;0;0;0;0;0;0;0;0;0;0;0;0;0;0;0;0;0;0;0;0;0;0;0
100002;Carmignano;10;6;7;12;12;10;13;5;4;5;6;9;8;8;6;1;9;2;7;6;4;8;2;7;4;15;17;9;8;17;15;18;16;12;8;20;17;11;8;12;6;16;18;10;13;9;6;14;8;7;5;0;7;3;7;6;8;6;1;3;3;1;2;1;1;2;1;2;0;3;1;0;2;0;2;0;0;1;0;0;0;0;0;0;0;0;0;0;0;1;0;0;0;0;0;0;0;0;0;0;0
100003;Montemurlo;23;23;27;20;20;20;20;11;12;16;13;9;9;7;3;4;7;14;24;17;13;8;13;21;20;20;18;20;29;22;27;30;24;29;23;19;25;15;9;19;18;18;18;24;23;13;21;11;9;6;15;17;8;8;4;6;4;3;3;5;2;6;3;4;2;3;1;5;1;1;3;4;2;2;1;1;0;2;1;0;0;0;0;1;0;0;0;0;0;0;0;0;0;0;0;0;0;0;0;0;0
100004;Poggio a Caiano;9;14;12;5;9;8;12;11;7;3;4;2;3;5;3;6;1;5;0;3;5;5;9;14;12;8;7;12;11;14;14;22;17;13;10;12;7;10;13;8;5;13;11;6;4;9;17;8;8;7;4;5;7;3;0;9;2;1;3;2;3;2;2;1;0;0;1;0;2;1;0;0;0;0;0;0;1;0;0;1;0;0;1;0;0;0;0;0;0;0;1;0;0;0;0;0;0;0;0;0;0
100005;Prato;307;297;331;297;253;242;247;174;199;191;166;163;153;147;111;143;142;161;151;157;191;232;237;260;295;264;318;305;367;353;356;358;376;343;384;351;314;329;276;316;298;288;292;279;241;253;211;217;195;171;160;117;99;121;92;111;96;77;72;62;64;42;39;34;29;27;19;28;20;11;27;14;17;13;9;7;11;6;4;4;7;3;3;3;0;1;1;0;1;0;0;0;0;0;0;1;0;0;0;0;0
100006;Vaiano;4;1;3;6;3;2;2;1;1;1;2;3;0;2;2;5;4;2;0;3;8;1;8;3;11;2;7;5;7;9;4;14;7;5;8;3;3;3;7;3;2;5;4;8;7;5;6;7;0;7;7;7;7;2;3;2;3;4;2;2;3;2;0;1;0;1;1;1;3;2;2;0;1;0;0;2;0;0;1;0;0;0;0;0;0;0;0;0;0;0;0;0;0;0;0;0;0;0;0;0;0
100007;Vernio;8;3;1;4;8;1;5;6;2;4;4;4;1;5;0;3;5;1;4;4;3;3;3;2;4;7;2;1;6;6;6;7;8;6;9;8;6;5;7;5;4;2;3;3;2;5;4;2;4;2;2;5;1;2;5;0;0;4;0;2;4;1;0;1;0;0;0;1;1;0;1;0;1;0;0;0;0;0;2;0;0;0;1;0;0;0;0;0;0;0;0;0;0;0;0;0;0;0;0;0;0
;Totale;364;347;383;346;307;285;303;208;225;220;198;190;175;174;125;164;169;185;187;192;224;259;273;307;347;318;374;354;432;424;425;452;451;410;447;417;373;377;321;363;334;342;346;331;292;296;266;262;225;200;194;153;133;141;113;136;113;95;82;77;79;54;46;43;33;33;23;37;27;18;35;18;23;15;12;10;12;9;8;5;7;3;5;4;0;1;1;0;1;1;1;0;0;0;0;1;0;0;0;0;0

"Ricostruzione della popolazione intercensuaria - Popolazione al 1° gennaio per età"
"Cittadinanza straniera - Anno: 2012 - Provincia: Prato"
Territorio/Età;;0;1;2;3;4;5;6;7;8;9;10;11;12;13;14;15;16;17;18;19;20;21;22;23;24;25;26;27;28;29;30;31;32;33;34;35;36;37;38;39;40;41;42;43;44;45;46;47;48;49;50;51;52;53;54;55;56;57;58;59;60;61;62;63;64;65;66;67;68;69;70;71;72;73;74;75;76;77;78;79;80;81;82;83;84;85;86;87;88;89;90;91;92;93;94;95;96;97;98;99;100
Codice comune;Comune;Totale
100001;Cantagallo;1;6;6;5;0;7;4;4;1;4;2;4;1;2;0;1;6;2;0;2;3;1;2;3;2;1;7;5;1;7;2;8;6;4;2;5;3;5;7;3;3;5;1;0;1;2;5;3;5;2;2;2;4;6;2;3;3;1;0;1;2;1;0;0;1;1;0;1;0;0;0;1;0;0;0;0;0;0;0;0;0;0;0;0;0;0;0;0;0;0;0;0;0;0;0;0;0;0;0;0;0
100002;Carmignano;17;21;15;27;16;18;20;28;14;11;12;17;15;8;12;15;3;12;12;14;14;9;15;8;18;18;23;32;25;16;23;30;38;25;20;20;29;27;27;20;20;18;23;25;17;17;16;14;14;15;15;8;8;7;8;9;5;11;7;2;4;5;5;3;1;2;2;4;2;2;5;2;1;6;0;2;0;0;1;0;0;1;1;0;0;0;0;0;0;0;1;0;0;0;0;0;0;0;0;0;0
100003;Montemurlo;39;26;47;42;34;38;23;29;20;19;16;18;24;20;23;11;22;16;29;27;28;35;31;30;37;30;29;36;39;30;41;37;33;36;45;37;36;49;38;23;35;37;38;27;33;28;22;30;18;29;15;17;19;12;11;7;12;6;7;4;4;4;8;13;3;4;4;3;8;3;3;3;6;2;3;2;1;1;2;2;0;0;0;0;2;0;0;0;0;0;0;0;0;0;0;0;0;0;0;0;0
100004;Poggio a Caiano;16;16;32;19;13;25;17;14;17;13;3;13;9;5;9;11;8;3;7;4;11;14;16;15;19;15;9;12;24;25;29;20;30;34;16;21;27;20;17;13;19;22;23;19;10;18;16;16;19;4;8;9;7;7;3;1;11;7;2;4;4;3;1;0;3;0;1;1;1;1;1;3;0;0;0;0;0;1;2;0;1;0;0;1;0;0;0;0;0;0;0;1;0;0;0;0;0;0;0;0;0
100005;Prato;662;618;594;659;615;543;514;480;396;430;413;348;340;303;302;282;320;341;349;338;369;414;476;508;543;562;541;623;610;720;692;666;716;749;739;747;731;623;694;603;625;603;649;568;517;471;492;471;425;391;283;279;227;246;215;198;170;144;105;121;95;81;70;55;67;50;46;29;41;39;22;42;23;30;23;18;14;20;8;8;9;10;2;4;5;0;1;4;1;2;0;0;0;0;0;0;1;0;0;0;0
100006;Vaiano;10;11;9;11;13;12;5;8;6;7;7;5;5;4;6;5;7;7;6;4;6;11;4;11;12;12;9;11;8;18;17;10;23;6;8;16;12;4;5;15;13;6;13;9;12;16;7;11;10;3;12;13;7;11;3;6;6;7;9;3;2;6;3;1;2;0;1;2;2;3;2;2;0;3;0;0;2;0;2;1;0;0;0;1;0;0;0;0;0;0;0;0;0;0;0;0;0;0;0;0;0
100007;Vernio;4;9;4;4;8;14;2;6;6;9;4;6;8;3;4;3;6;12;1;4;8;4;4;6;7;3;10;8;5;12;11;8;10;16;8;11;6;11;10;11;11;11;5;5;9;2;7;6;6;6;5;3;4;2;3;7;3;0;2;1;2;6;1;3;1;2;0;0;1;1;0;1;0;1;0;0;1;1;0;2;2;0;0;1;0;0;0;0;0;0;0;0;0;0;0;0;0;0;0;0;0
;Totale;749;707;707;767;699;657;585;569;460;493;457;411;402;345;356;328;372;393;404;393;439;488;548;581;638;641;628;727;712;828;815;779;856;870;838;857;844;739;798;688;726;702;752;653;599;554;565;551;497;450;340;331;276;291;245;231;210;176;132;136;113;106;88;75;78;59;54;40;55;49;33;54;30;42;26;22;18;23;15;13;12;11;3;7;7;0;1;4;1;2;1;1;0;0;0;0;1;0;0;0;0
Territorio/Età;;0;1;2;3;4;5;6;7;8;9;10;11;12;13;14;15;16;17;18;19;20;21;22;23;24;25;26;27;28;29;30;31;32;33;34;35;36;37;38;39;40;41;42;43;44;45;46;47;48;49;50;51;52;53;54;55;56;57;58;59;60;61;62;63;64;65;66;67;68;69;70;71;72;73;74;75;76;77;78;79;80;81;82;83;84;85;86;87;88;89;90;91;92;93;94;95;96;97;98;99;100
Codice comune;Comune;Maschi
100001;Cantagallo;1;3;3;3;0;6;0;0;1;4;2;1;1;1;0;1;4;1;0;0;1;0;0;2;1;0;3;1;0;1;0;4;2;1;0;1;1;3;3;1;3;4;1;0;0;0;3;2;2;1;1;2;2;1;0;1;2;0;0;0;1;0;0;0;0;0;0;1;0;0;0;0;0;0;0;0;0;0;0;0;0;0;0;0;0;0;0;0;0;0;0;0;0;0;0;0;0;0;0;0;0
100002;Carmignano;8;13;9;19;7;7;11;14;8;7;7;11;6;0;5;9;2;5;10;7;5;4;11;6;6;13;5;11;11;9;7;14;15;11;6;12;10;9;17;10;7;11;7;8;9;5;7;7;1;7;6;2;7;2;6;3;1;2;1;1;1;2;4;1;0;1;0;2;0;2;2;1;1;4;0;0;0;0;0;0;0;1;1;0;0;0;0;0;0;0;0;0;0;0;0;0;0;0;0;0;0
100003;Montemurlo;21;14;23;17;22;21;15;16;11;11;8;8;16;15;15;8;19;10;16;8;10;19;20;20;21;12;10;18;13;7;21;12;17;14;21;23;19;23;23;19;19;20;23;11;9;13;10;11;13;20;7;6;8;7;4;6;9;2;4;3;1;2;2;10;0;0;1;2;3;2;3;0;2;0;1;1;0;1;0;1;0;0;0;0;1;0;0;0;0;0;0;0;0;0;0;0;0;0;0;0;0
100004;Poggio a Caiano;6;11;18;7;7;16;10;4;6;9;2;8;7;2;3;7;3;1;4;2;8;7;9;10;4;6;2;3;14;14;14;8;12;15;6;10;16;13;8;0;10;14;11;10;4;13;8;1;10;0;0;4;3;0;0;1;1;5;0;1;1;0;0;0;2;0;1;0;1;0;0;3;0;0;0;0;0;0;2;0;0;0;0;0;0;0;0;0;0;0;0;0;0;0;0;0;0;0;0;0;0
100005;Prato;348;322;313;344;324;295;268;237;223;234;218;177;174;152;153;167;170;188;171;179;189;213;229;249;255;237;243;270;281;331;320;306;353;356;377;343;382;323;351;310;308;297;341;270;234;228;235;247;198;186;116;122;104;137;101;104;60;58;40;47;35;26;31;23;32;21;21;11;13;21;10;17;10;15;8;9;8;10;3;4;5;2;0;1;2;0;0;3;0;1;0;0;0;0;0;0;0;0;0;0;0
100006;Vaiano;3;7;7;6;8;8;3;5;3;4;4;3;2;2;4;3;1;3;3;3;3;3;4;1;8;1;6;3;2;10;7;3;10;1;7;8;7;2;2;4;7;4;8;4;4;8;3;5;5;3;2;4;1;4;1;2;4;4;3;1;0;3;1;1;1;0;0;1;1;0;0;1;0;2;0;0;0;0;2;0;0;0;0;1;0;0;0;0;0;0;0;0;0;0;0;0;0;0;0;0;0
100007;Vernio;2;7;2;3;4;8;1;3;2;6;2;1;3;2;1;3;3;6;0;0;2;0;2;2;3;1;1;4;4;3;4;1;4;7;3;4;0;5;3;6;7;6;4;1;6;0;3;1;4;2;3;0;1;1;1;1;1;0;1;1;0;2;0;3;0;2;0;0;0;0;0;0;0;0;0;0;1;1;0;0;2;0;0;0;0;0;0;0;0;0;0;0;0;0;0;0;0;0;0;0;0
;Totale;389;377;375;399;372;361;308;279;254;275;243;209;209;174;181;198;202;214;204;199;218;246;275;290;298;270;270;310;325;375;373;348;413;405;420;401;435;378;407;350;361;356;395;304;266;267;269;274;233;219;135;140;126;152;113;118;78;71;49;54;39;35;38;38;35;24;23;17;18;25;15;22;13;21;9;10;9;12;7;5;7;3;1;2;3;0;0;3;0;1;0;0;0;0;0;0;0;0;0;0;0
Territorio/Età;;0;1;2;3;4;5;6;7;8;9;10;11;12;13;14;15;16;17;18;19;20;21;22;23;24;25;26;27;28;29;30;31;32;33;34;35;36;37;38;39;40;41;42;43;44;45;46;47;48;49;50;51;52;53;54;55;56;57;58;59;60;61;62;63;64;65;66;67;68;69;70;71;72;73;74;75;76;77;78;79;80;81;82;83;84;85;86;87;88;89;90;91;92;93;94;95;96;97;98;99;100
Codice comune;Comune;Femmine
100001;Cantagallo;0;3;3;2;0;1;4;4;0;0;0;3;0;1;0;0;2;1;0;2;2;1;2;1;1;1;4;4;1;6;2;4;4;3;2;4;2;2;4;2;0;1;0;0;1;2;2;1;3;1;1;0;2;5;2;2;1;1;0;1;1;1;0;0;1;1;0;0;0;0;0;1;0;0;0;0;0;0;0;0;0;0;0;0;0;0;0;0;0;0;0;0;0;0;0;0;0;0;0;0;0
100002;Carmignano;9;8;6;8;9;11;9;14;6;4;5;6;9;8;7;6;1;7;2;7;9;5;4;2;12;5;18;21;14;7;16;16;23;14;14;8;19;18;10;10;13;7;16;17;8;12;9;7;13;8;9;6;1;5;2;6;4;9;6;1;3;3;1;2;1;1;2;2;2;0;3;1;0;2;0;2;0;0;1;0;0;0;0;0;0;0;0;0;0;0;1;0;0;0;0;0;0;0;0;0;0
100003;Montemurlo;18;12;24;25;12;17;8;13;9;8;8;10;8;5;8;3;3;6;13;19;18;16;11;10;16;18;19;18;26;23;20;25;16;22;24;14;17;26;15;4;16;17;15;16;24;15;12;19;5;9;8;11;11;5;7;1;3;4;3;1;3;2;6;3;3;4;3;1;5;1;0;3;4;2;2;1;1;0;2;1;0;0;0;0;1;0;0;0;0;0;0;0;0;0;0;0;0;0;0;0;0
100004;Poggio a Caiano;10;5;14;12;6;9;7;10;11;4;1;5;2;3;6;4;5;2;3;2;3;7;7;5;15;9;7;9;10;11;15;12;18;19;10;11;11;7;9;13;9;8;12;9;6;5;8;15;9;4;8;5;4;7;3;0;10;2;2;3;3;3;1;0;1;0;0;1;0;1;1;0;0;0;0;0;0;1;0;0;1;0;0;1;0;0;0;0;0;0;0;1;0;0;0;0;0;0;0;0;0
100005;Prato;314;296;281;315;291;248;246;243;173;196;195;171;166;151;149;115;150;153;178;159;180;201;247;259;288;325;298;353;329;389;372;360;363;393;362;404;349;300;343;293;317;306;308;298;283;243;257;224;227;205;167;157;123;109;114;94;110;86;65;74;60;55;39;32;35;29;25;18;28;18;12;25;13;15;15;9;6;10;5;4;4;8;2;3;3;0;1;1;1;1;0;0;0;0;0;0;1;0;0;0;0
100006;Vaiano;7;4;2;5;5;4;2;3;3;3;3;2;3;2;2;2;6;4;3;1;3;8;0;10;4;11;3;8;6;8;10;7;13;5;1;8;5;2;3;11;6;2;5;5;8;8;4;6;5;0;10;9;6;7;2;4;2;3;6;2;2;3;2;0;1;0;1;1;1;3;2;1;0;1;0;0;2;0;0;1;0;0;0;0;0;0;0;0;0;0;0;0;0;0;0;0;0;0;0;0;0
100007;Vernio;2;2;2;1;4;6;1;3;4;3;2;5;5;1;3;0;3;6;1;4;6;4;2;4;4;2;9;4;1;9;7;7;6;9;5;7;6;6;7;5;4;5;1;4;3;2;4;5;2;4;2;3;3;1;2;6;2;0;1;0;2;4;1;0;1;0;0;0;1;1;0;1;0;1;0;0;0;0;0;2;0;0;0;1;0;0;0;0;0;0;0;0;0;0;0;0;0;0;0;0;0
;Totale;360;330;332;368;327;296;277;290;206;218;214;202;193;171;175;130;170;179;200;194;221;242;273;291;340;371;358;417;387;453;442;431;443;465;418;456;409;361;391;338;365;346;357;349;333;287;296;277;264;231;205;191;150;139;132;113;132;105;83;82;74;71;50;37;43;35;31;23;37;24;18;32;17;21;17;12;9;11;8;8;5;8;2;5;4;0;1;1;1;1;1;1;0;0;0;0;1;0;0;0;0

"Ricostruzione della popolazione intercensuaria - Popolazione al 1° gennaio per età"
"Cittadinanza straniera - Anno: 2013 - Provincia: Prato"
Territorio/Età;;0;1;2;3;4;5;6;7;8;9;10;11;12;13;14;15;16;17;18;19;20;21;22;23;24;25;26;27;28;29;30;31;32;33;34;35;36;37;38;39;40;41;42;43;44;45;46;47;48;49;50;51;52;53;54;55;56;57;58;59;60;61;62;63;64;65;66;67;68;69;70;71;72;73;74;75;76;77;78;79;80;81;82;83;84;85;86;87;88;89;90;91;92;93;94;95;96;97;98;99;100
Codice comune;Comune;Totale
100001;Cantagallo;5;6;7;4;6;0;6;2;4;1;3;2;4;3;2;0;2;6;2;0;2;4;1;3;1;2;2;7;5;3;7;2;10;5;4;2;4;2;6;6;4;3;4;1;0;1;2;4;4;5;1;3;2;3;7;2;2;4;1;0;1;2;1;0;0;1;1;1;1;1;0;0;1;0;0;0;0;0;0;0;0;0;0;0;0;0;0;0;0;0;0;0;0;0;0;0;0;0;0;0;0
100002;Carmignano;23;17;25;21;28;17;22;26;24;13;14;12;16;13;6;10;15;4;13;11;15;14;11;17;13;19;16;25;37;35;29;28;31;35;32;24;23;30;29;31;20;18;19;21;25;23;21;17;14;14;17;17;9;7;7;8;12;2;11;8;2;5;5;5;3;1;3;3;4;2;2;4;2;2;6;0;2;0;0;1;0;0;1;0;0;0;0;0;0;0;0;1;0;0;0;0;0;0;0;0;0
100003;Montemurlo;70;36;23;42;41;36;32;30;31;18;22;23;21;23;19;22;12;20;15;32;25;27;40;33;40;38;28;35;36;42;39;42;33;38;40;43;39;42;54;38;28;34;39;40;25;38;27;29;27;19;25;16;17;18;10;15;10;13;7;8;4;5;2;10;13;3;4;5;3;9;4;4;3;6;2;3;2;1;0;2;2;2;0;0;1;1;0;0;0;0;0;0;0;0;0;0;0;0;0;0;0
100004;Poggio a Caiano;28;19;17;29;16;16;26;18;15;15;15;4;13;10;5;7;12;8;3;8;6;11;12;18;16;22;17;15;16;28;32;25;23;32;34;20;25;30;22;18;12;22;21;15;18;11;20;15;16;18;6;9;8;6;8;4;1;8;8;2;3;2;4;1;0;3;0;2;1;1;1;1;1;0;0;0;0;0;1;2;0;1;0;0;1;0;0;0;0;0;0;0;0;0;0;0;0;0;0;0;0
100005;Prato;716;694;665;619;675;625;570;525;503;417;439;438;370;359;317;314;308;334;363;375;387;427;473;550;584;638;651;624;735;696;790;771;740;794;811;801;816;802;672;743;668;672;656;685;610;539;499;522;496;420;407;298;301;244;253;222;209;185;159;117;128;113;96;72;59;75;56;51;27;42;39;23;46;26;31;26;18;16;19;7;8;8;10;2;3;6;0;1;5;1;2;0;0;0;0;0;0;1;0;0;0
100006;Vaiano;12;7;9;8;11;14;10;8;10;7;7;6;8;4;4;5;5;5;5;5;6;5;12;5;9;15;8;10;9;10;16;14;15;22;9;7;14;13;7;3;19;14;6;13;8;13;12;8;7;12;3;7;14;7;9;4;7;5;7;9;3;3;4;2;1;2;1;1;2;1;3;2;1;0;3;0;0;0;0;1;1;0;0;0;1;0;0;0;0;0;0;0;0;0;0;0;0;0;0;0;0
100007;Vernio;8;3;9;2;3;5;13;3;5;7;8;5;5;8;3;5;3;6;11;2;6;6;6;6;5;7;2;10;9;6;8;12;8;9;19;11;14;5;10;11;13;12;11;6;5;7;4;8;3;7;5;4;4;3;1;4;6;4;0;1;1;1;7;2;3;2;2;0;0;1;0;0;1;0;2;1;2;1;1;0;2;1;0;0;1;0;0;0;0;0;0;0;0;0;0;0;0;0;0;0;0
;Totale;862;782;755;725;780;713;679;612;592;478;508;490;437;420;356;363;357;383;412;433;447;494;555;632;668;741;724;726;847;820;921;894;860;935;949;908;935;924;800;850;764;775;756;781;691;632;585;603;567;495;464;354;355;288;295;259;247;221;193;145;142;131;119;92;79;87;67;63;38;57;49;34;55;34;44;30;24;18;21;13;13;12;11;2;7;7;0;1;5;1;2;1;0;0;0;0;0;1;0;0;0
Territorio/Età;;0;1;2;3;4;5;6;7;8;9;10;11;12;13;14;15;16;17;18;19;20;21;22;23;24;25;26;27;28;29;30;31;32;33;34;35;36;37;38;39;40;41;42;43;44;45;46;47;48;49;50;51;52;53;54;55;56;57;58;59;60;61;62;63;64;65;66;67;68;69;70;71;72;73;74;75;76;77;78;79;80;81;82;83;84;85;86;87;88;89;90;91;92;93;94;95;96;97;98;99;100
Codice comune;Comune;Maschi
100001;Cantagallo;2;3;3;2;3;0;5;0;0;1;3;2;1;3;1;0;2;4;1;0;0;1;0;0;1;1;0;3;1;0;2;0;6;2;1;0;1;1;4;3;1;2;3;1;0;0;0;2;2;2;0;1;2;2;2;0;0;2;0;0;0;1;0;0;0;0;0;0;1;1;0;0;0;0;0;0;0;0;0;0;0;0;0;0;0;0;0;0;0;0;0;0;0;0;0;0;0;0;0;0;0
100002;Carmignano;13;9;13;14;18;5;8;14;9;8;9;6;10;6;0;3;9;2;7;9;7;5;6;12;8;7;10;5;11;14;18;12;16;12;16;9;13;10;11;17;11;6;12;7;10;11;8;9;8;0;8;7;2;6;2;6;4;0;2;1;0;2;2;4;1;0;1;1;2;0;2;1;1;1;4;0;0;0;0;0;0;0;1;0;0;0;0;0;0;0;0;0;0;0;0;0;0;0;0;0;0
100003;Montemurlo;38;22;13;19;16;23;17;16;18;10;14;12;8;16;14;14;9;16;8;18;11;12;21;20;27;17;13;12;17;15;8;24;9;21;15;22;25;20;27;22;23;17;19;23;12;10;14;13;10;14;17;7;6;8;6;6;6;9;2;5;3;1;2;2;10;0;0;1;2;4;3;4;0;2;0;1;1;0;0;0;1;1;0;0;1;0;0;0;0;0;0;0;0;0;0;0;0;0;0;0;0
100004;Poggio a Caiano;18;6;15;15;6;8;16;11;6;5;8;2;9;8;4;2;9;4;1;5;4;8;6;11;9;6;11;7;6;16;17;14;10;13;11;7;14;16;15;7;0;12;13;7;9;5;14;7;1;10;2;0;2;2;0;0;1;0;7;0;1;1;0;0;0;2;0;2;0;1;0;0;1;0;0;0;0;0;0;2;0;0;0;0;0;0;0;0;0;0;0;0;0;0;0;0;0;0;0;0;0
100005;Prato;401;366;353;323;355;326;306;270;256;232;242;232;192;191;162;161;179;183;200;184;194;209;236;262;286;302;277;278;325;329;366;370;346;390;391;415;380;420;342;379;335;332;327;349;287;242;243;250;264;196;194;126;133;107;134;99;110;63;63;43;49;42;29;32;23;33;21;21;12;14;20;10;19;12;15;10;8;8;9;3;3;4;2;0;0;3;0;0;4;0;1;0;0;0;0;0;0;0;0;0;0
100006;Vaiano;7;2;5;5;7;7;7;3;6;2;4;3;5;2;1;3;2;1;2;3;4;4;4;4;3;8;1;6;2;2;6;5;3;11;2;5;5;10;3;1;8;6;5;7;2;3;6;3;3;7;3;2;3;1;2;1;3;4;3;3;1;0;2;0;1;1;1;0;1;0;0;0;1;0;2;0;0;0;0;1;0;0;0;0;1;0;0;0;0;0;0;0;0;0;0;0;0;0;0;0;0
100007;Vernio;6;1;9;0;2;2;7;2;3;3;5;3;1;3;2;2;3;3;6;0;0;1;2;1;2;2;2;0;4;4;2;5;1;4;8;4;5;1;4;4;7;6;6;4;1;4;1;4;0;5;2;2;0;0;1;2;1;1;0;0;1;0;2;1;3;0;2;0;0;0;0;0;0;0;0;0;1;1;1;0;0;1;0;0;0;0;0;0;0;0;0;0;0;0;0;0;0;0;0;0;0
;Totale;485;409;411;378;407;371;366;316;298;261;285;260;226;229;184;185;213;213;225;219;220;240;275;310;336;343;314;311;366;380;419;430;391;453;444;462;443;478;406;433;385;381;385;398;321;275;286;288;288;234;226;145;148;126;147;114;125;79;77;52;55;47;37;39;38;36;25;25;18;20;25;15;22;15;21;11;10;9;10;6;4;6;3;0;2;3;0;0;4;0;1;0;0;0;0;0;0;0;0;0;0
Territorio/Età;;0;1;2;3;4;5;6;7;8;9;10;11;12;13;14;15;16;17;18;19;20;21;22;23;24;25;26;27;28;29;30;31;32;33;34;35;36;37;38;39;40;41;42;43;44;45;46;47;48;49;50;51;52;53;54;55;56;57;58;59;60;61;62;63;64;65;66;67;68;69;70;71;72;73;74;75;76;77;78;79;80;81;82;83;84;85;86;87;88;89;90;91;92;93;94;95;96;97;98;99;100
Codice comune;Comune;Femmine
100001;Cantagallo;3;3;4;2;3;0;1;2;4;0;0;0;3;0;1;0;0;2;1;0;2;3;1;3;0;1;2;4;4;3;5;2;4;3;3;2;3;1;2;3;3;1;1;0;0;1;2;2;2;3;1;2;0;1;5;2;2;2;1;0;1;1;1;0;0;1;1;1;0;0;0;0;1;0;0;0;0;0;0;0;0;0;0;0;0;0;0;0;0;0;0;0;0;0;0;0;0;0;0;0;0
100002;Carmignano;10;8;12;7;10;12;14;12;15;5;5;6;6;7;6;7;6;2;6;2;8;9;5;5;5;12;6;20;26;21;11;16;15;23;16;15;10;20;18;14;9;12;7;14;15;12;13;8;6;14;9;10;7;1;5;2;8;2;9;7;2;3;3;1;2;1;2;2;2;2;0;3;1;1;2;0;2;0;0;1;0;0;0;0;0;0;0;0;0;0;0;1;0;0;0;0;0;0;0;0;0
100003;Montemurlo;32;14;10;23;25;13;15;14;13;8;8;11;13;7;5;8;3;4;7;14;14;15;19;13;13;21;15;23;19;27;31;18;24;17;25;21;14;22;27;16;5;17;20;17;13;28;13;16;17;5;8;9;11;10;4;9;4;4;5;3;1;4;0;8;3;3;4;4;1;5;1;0;3;4;2;2;1;1;0;2;1;1;0;0;0;1;0;0;0;0;0;0;0;0;0;0;0;0;0;0;0
100004;Poggio a Caiano;10;13;2;14;10;8;10;7;9;10;7;2;4;2;1;5;3;4;2;3;2;3;6;7;7;16;6;8;10;12;15;11;13;19;23;13;11;14;7;11;12;10;8;8;9;6;6;8;15;8;4;9;6;4;8;4;0;8;1;2;2;1;4;1;0;1;0;0;1;0;1;1;0;0;0;0;0;0;1;0;0;1;0;0;1;0;0;0;0;0;0;0;0;0;0;0;0;0;0;0;0
100005;Prato;315;328;312;296;320;299;264;255;247;185;197;206;178;168;155;153;129;151;163;191;193;218;237;288;298;336;374;346;410;367;424;401;394;404;420;386;436;382;330;364;333;340;329;336;323;297;256;272;232;224;213;172;168;137;119;123;99;122;96;74;79;71;67;40;36;42;35;30;15;28;19;13;27;14;16;16;10;8;10;4;5;4;8;2;3;3;0;1;1;1;1;0;0;0;0;0;0;1;0;0;0
100006;Vaiano;5;5;4;3;4;7;3;5;4;5;3;3;3;2;3;2;3;4;3;2;2;1;8;1;6;7;7;4;7;8;10;9;12;11;7;2;9;3;4;2;11;8;1;6;6;10;6;5;4;5;0;5;11;6;7;3;4;1;4;6;2;3;2;2;0;1;0;1;1;1;3;2;0;0;1;0;0;0;0;0;1;0;0;0;0;0;0;0;0;0;0;0;0;0;0;0;0;0;0;0;0
100007;Vernio;2;2;0;2;1;3;6;1;2;4;3;2;4;5;1;3;0;3;5;2;6;5;4;5;3;5;0;10;5;2;6;7;7;5;11;7;9;4;6;7;6;6;5;2;4;3;3;4;3;2;3;2;4;3;0;2;5;3;0;1;0;1;5;1;0;2;0;0;0;1;0;0;1;0;2;1;1;0;0;0;2;0;0;0;1;0;0;0;0;0;0;0;0;0;0;0;0;0;0;0;0
;Totale;377;373;344;347;373;342;313;296;294;217;223;230;211;191;172;178;144;170;187;214;227;254;280;322;332;398;410;415;481;440;502;464;469;482;505;446;492;446;394;417;379;394;371;383;370;357;299;315;279;261;238;209;207;162;148;145;122;142;116;93;87;84;82;53;41;51;42;38;20;37;24;19;33;19;23;19;14;9;11;7;9;6;8;2;5;4;0;1;1;1;1;1;0;0;0;0;0;1;0;0;0

"Ricostruzione della popolazione intercensuaria - Popolazione al 1° gennaio per età"
"Cittadinanza straniera - Anno: 2014 - Provincia: Prato"
Territorio/Età;;0;1;2;3;4;5;6;7;8;9;10;11;12;13;14;15;16;17;18;19;20;21;22;23;24;25;26;27;28;29;30;31;32;33;34;35;36;37;38;39;40;41;42;43;44;45;46;47;48;49;50;51;52;53;54;55;56;57;58;59;60;61;62;63;64;65;66;67;68;69;70;71;72;73;74;75;76;77;78;79;80;81;82;83;84;85;86;87;88;89;90;91;92;93;94;95;96;97;98;99;100
Codice comune;Comune;Totale
100001;Cantagallo;1;4;9;6;6;7;3;5;1;3;1;2;1;3;3;2;0;4;4;3;0;1;2;0;3;1;5;2;5;6;5;6;4;10;4;5;2;2;1;8;7;4;0;4;2;0;3;2;5;4;6;0;2;2;2;8;3;1;4;0;1;1;3;2;0;0;1;1;1;2;1;0;0;1;0;0;0;0;0;0;0;0;0;0;0;0;0;0;0;0;0;0;0;0;0;0;0;0;0;0;0
100002;Carmignano;24;24;21;26;28;29;19;23;23;24;15;15;14;17;12;6;10;11;8;13;11;15;18;13;24;16;17;19;25;31;36;39;30;31;33;31;25;30;28;33;32;22;22;18;22;27;22;24;17;19;16;22;18;7;7;9;6;8;4;9;7;4;6;7;4;2;1;2;3;2;1;3;3;1;2;4;1;2;0;0;1;0;0;1;0;0;0;0;0;0;0;0;0;0;0;0;0;0;0;0;0
100003;Montemurlo;46;64;44;30;41;46;36;30;31;31;20;26;26;22;20;17;22;13;22;17;33;24;34;47;32;47;52;38;44;42;47;41;50;34;47;42;48;44;42;49;45;32;35;41;40;25;39;31;29;28;20;25;18;16;17;12;15;7;16;6;9;5;3;4;9;12;3;4;4;3;4;4;4;4;6;3;3;2;1;0;2;2;1;0;0;1;3;0;0;0;0;0;0;0;0;0;0;0;0;0;0
100004;Poggio a Caiano;29;27;21;17;32;17;18;29;21;16;16;15;5;16;9;6;9;13;9;7;7;9;10;11;20;17;23;21;19;23;28;38;27;31;23;36;27;31;32;21;25;13;23;22;14;19;8;21;11;15;18;6;10;8;7;7;2;3;5;11;1;3;3;4;1;1;2;1;1;1;2;1;1;0;0;0;0;0;0;1;2;0;1;0;0;1;0;0;0;0;0;0;0;0;0;0;0;0;0;0;0
100005;Prato;709;705;722;681;627;685;634;588;530;499;418;443;435;385;368;327;327;305;331;376;388;391;471;518;590;642;701;711;685;782;741;859;835;791;830;846;837;869;840;694;776;696;705;691;706;622;562;508;548;510;452;405;298;301;258;255;224;215;193;172;116;137;120;99;73;56;77;58;67;31;45;44;23;47;26;32;33;19;16;17;7;8;7;10;1;3;5;0;1;5;1;2;1;0;0;0;0;0;1;0;0
100006;Vaiano;7;13;7;6;9;11;14;8;9;10;4;7;7;7;4;2;4;2;3;1;5;4;2;14;6;10;7;8;12;8;7;16;9;15;23;10;6;13;12;8;3;18;19;7;13;8;13;10;8;6;10;4;6;13;4;10;4;5;4;7;10;2;2;3;2;1;3;1;1;2;1;3;2;1;1;3;0;0;0;0;1;1;0;0;0;0;0;0;0;0;0;0;0;0;0;0;0;0;0;0;0
100007;Vernio;9;10;1;10;3;4;4;10;2;3;5;6;4;5;9;3;3;3;5;10;3;6;6;8;8;6;8;3;10;8;5;9;14;6;8;22;15;14;5;12;12;14;10;11;5;8;7;5;6;1;8;4;2;4;5;1;4;6;4;0;2;1;1;7;1;3;2;2;0;0;1;0;0;2;0;2;2;1;2;1;0;2;0;0;0;1;0;0;0;0;0;0;0;0;0;0;0;0;0;0;0
;Totale;825;847;825;776;746;799;728;693;617;586;479;514;492;455;425;363;375;351;382;427;447;450;543;611;683;739;813;802;800;900;869;1008;969;918;968;992;960;1003;960;825;900;799;814;794;802;709;654;601;624;583;530;466;354;351;300;302;258;245;230;205;146;153;138;126;90;75;89;69;77;41;55;55;33;56;35;44;39;24;19;19;13;13;9;11;1;6;8;0;1;5;1;2;1;0;0;0;0;0;1;0;0
Territorio/Età;;0;1;2;3;4;5;6;7;8;9;10;11;12;13;14;15;16;17;18;19;20;21;22;23;24;25;26;27;28;29;30;31;32;33;34;35;36;37;38;39;40;41;42;43;44;45;46;47;48;49;50;51;52;53;54;55;56;57;58;59;60;61;62;63;64;65;66;67;68;69;70;71;72;73;74;75;76;77;78;79;80;81;82;83;84;85;86;87;88;89;90;91;92;93;94;95;96;97;98;99;100
Codice comune;Comune;Maschi
100001;Cantagallo;0;2;5;3;4;4;0;4;0;0;1;2;1;1;3;1;0;4;3;1;0;0;1;0;0;1;1;0;3;1;1;0;1;5;3;2;0;1;0;5;5;1;0;3;1;0;1;0;2;1;2;0;0;2;2;2;0;0;2;0;1;0;1;0;0;0;0;0;0;1;1;0;0;0;0;0;0;0;0;0;0;0;0;0;0;0;0;0;0;0;0;0;0;0;0;0;0;0;0;0;0
100002;Carmignano;10;11;10;15;21;19;6;8;11;8;9;11;7;11;7;1;3;8;3;7;8;7;8;7;13;8;6;9;5;7;11;20;15;18;13;16;11;17;13;11;20;11;8;12;8;10;10;11;9;10;2;10;10;1;5;4;5;4;1;0;1;1;2;3;4;1;0;1;1;1;0;3;1;0;1;3;0;0;0;0;0;0;0;1;0;0;0;0;0;0;0;0;0;0;0;0;0;0;0;0;0
100003;Montemurlo;21;36;25;13;21;18;20;15;15;16;12;15;13;9;15;12;15;10;18;10;20;12;17;23;17;28;21;20;14;20;17;9;30;14;27;18;24;29;21;26;26;23;15;20;24;13;10;18;14;10;15;17;8;6;9;6;5;6;11;2;5;3;0;4;2;8;0;0;1;2;2;3;4;0;2;0;1;1;0;0;0;1;1;0;0;1;0;0;0;0;0;0;0;0;0;0;0;0;0;0;0
100004;Poggio a Caiano;14;16;5;16;17;7;11;15;11;8;4;8;4;12;7;4;6;10;5;2;5;7;6;6;15;8;10;13;7;7;17;21;12;15;7;13;12;18;17;15;10;2;11;15;7;9;6;15;6;0;10;3;0;2;2;0;0;2;0;9;0;1;0;0;0;0;2;1;1;0;1;0;0;0;0;0;0;0;0;0;2;0;0;0;0;0;0;0;0;0;0;0;0;0;0;0;0;0;0;0;0
100005;Prato;385;400;384;356;323;357;325;314;273;253;233;240;234;197;197;167;169;174;185;205;194;195;229;257;282;313;324;304;306;356;357;412;404;380;420;412;436;412;447;348;394;349;345;341;355;295;252;250;257;268;213;189;122;135;110;132;99;109;68;67;38;52;45;31;30;23;37;20;29;16;16;20;10;21;12;16;11;8;8;7;3;4;4;2;0;0;3;0;0;4;0;1;1;0;0;0;0;0;0;0;0
100006;Vaiano;4;6;2;6;6;7;7;5;3;5;1;4;5;5;1;0;2;0;0;0;2;3;2;6;4;1;3;4;4;2;0;7;4;3;12;3;5;4;9;4;2;8;9;5;8;2;2;4;3;4;6;3;1;3;0;1;1;2;3;2;3;1;0;1;0;1;1;1;0;1;0;0;0;1;1;2;0;0;0;0;1;0;0;0;0;0;0;0;0;0;0;0;0;0;0;0;0;0;0;0;0
100007;Vernio;5;8;0;9;0;3;2;6;2;1;2;4;2;1;4;2;2;3;3;5;1;0;1;2;1;2;2;3;3;4;3;2;7;0;4;10;5;5;2;5;3;5;4;6;2;1;4;1;3;0;6;2;1;0;0;0;2;1;0;0;1;1;0;2;1;3;0;2;0;0;0;0;0;0;0;0;0;0;2;1;0;0;0;0;0;0;0;0;0;0;0;0;0;0;0;0;0;0;0;0;0
;Totale;439;479;431;418;392;415;371;367;315;291;262;284;266;236;234;187;197;209;217;230;230;224;264;301;332;361;367;353;342;397;406;471;473;435;486;474;493;486;509;414;460;399;392;402;405;330;285;299;294;293;254;224;142;149;128;145;112;124;85;80;49;59;48;41;37;36;40;25;32;21;20;26;15;22;16;21;12;9;10;8;6;5;5;3;0;1;3;0;0;4;0;1;1;0;0;0;0;0;0;0;0
Territorio/Età;;0;1;2;3;4;5;6;7;8;9;10;11;12;13;14;15;16;17;18;19;20;21;22;23;24;25;26;27;28;29;30;31;32;33;34;35;36;37;38;39;40;41;42;43;44;45;46;47;48;49;50;51;52;53;54;55;56;57;58;59;60;61;62;63;64;65;66;67;68;69;70;71;72;73;74;75;76;77;78;79;80;81;82;83;84;85;86;87;88;89;90;91;92;93;94;95;96;97;98;99;100
Codice comune;Comune;Femmine
100001;Cantagallo;1;2;4;3;2;3;3;1;1;3;0;0;0;2;0;1;0;0;1;2;0;1;1;0;3;0;4;2;2;5;4;6;3;5;1;3;2;1;1;3;2;3;0;1;1;0;2;2;3;3;4;0;2;0;0;6;3;1;2;0;0;1;2;2;0;0;1;1;1;1;0;0;0;1;0;0;0;0;0;0;0;0;0;0;0;0;0;0;0;0;0;0;0;0;0;0;0;0;0;0;0
100002;Carmignano;14;13;11;11;7;10;13;15;12;16;6;4;7;6;5;5;7;3;5;6;3;8;10;6;11;8;11;10;20;24;25;19;15;13;20;15;14;13;15;22;12;11;14;6;14;17;12;13;8;9;14;12;8;6;2;5;1;4;3;9;6;3;4;4;0;1;1;1;2;1;1;0;2;1;1;1;1;2;0;0;1;0;0;0;0;0;0;0;0;0;0;0;0;0;0;0;0;0;0;0;0
100003;Montemurlo;25;28;19;17;20;28;16;15;16;15;8;11;13;13;5;5;7;3;4;7;13;12;17;24;15;19;31;18;30;22;30;32;20;20;20;24;24;15;21;23;19;9;20;21;16;12;29;13;15;18;5;8;10;10;8;6;10;1;5;4;4;2;3;0;7;4;3;4;3;1;2;1;0;4;4;3;2;1;1;0;2;1;0;0;0;0;3;0;0;0;0;0;0;0;0;0;0;0;0;0;0
100004;Poggio a Caiano;15;11;16;1;15;10;7;14;10;8;12;7;1;4;2;2;3;3;4;5;2;2;4;5;5;9;13;8;12;16;11;17;15;16;16;23;15;13;15;6;15;11;12;7;7;10;2;6;5;15;8;3;10;6;5;7;2;1;5;2;1;2;3;4;1;1;0;0;0;1;1;1;1;0;0;0;0;0;0;1;0;0;1;0;0;1;0;0;0;0;0;0;0;0;0;0;0;0;0;0;0
100005;Prato;324;305;338;325;304;328;309;274;257;246;185;203;201;188;171;160;158;131;146;171;194;196;242;261;308;329;377;407;379;426;384;447;431;411;410;434;401;457;393;346;382;347;360;350;351;327;310;258;291;242;239;216;176;166;148;123;125;106;125;105;78;85;75;68;43;33;40;38;38;15;29;24;13;26;14;16;22;11;8;10;4;4;3;8;1;3;2;0;1;1;1;1;0;0;0;0;0;0;1;0;0
100006;Vaiano;3;7;5;0;3;4;7;3;6;5;3;3;2;2;3;2;2;2;3;1;3;1;0;8;2;9;4;4;8;6;7;9;5;12;11;7;1;9;3;4;1;10;10;2;5;6;11;6;5;2;4;1;5;10;4;9;3;3;1;5;7;1;2;2;2;0;2;0;1;1;1;3;2;0;0;1;0;0;0;0;0;1;0;0;0;0;0;0;0;0;0;0;0;0;0;0;0;0;0;0;0
100007;Vernio;4;2;1;1;3;1;2;4;0;2;3;2;2;4;5;1;1;0;2;5;2;6;5;6;7;4;6;0;7;4;2;7;7;6;4;12;10;9;3;7;9;9;6;5;3;7;3;4;3;1;2;2;1;4;5;1;2;5;4;0;1;0;1;5;0;0;2;0;0;0;1;0;0;2;0;2;2;1;0;0;0;2;0;0;0;1;0;0;0;0;0;0;0;0;0;0;0;0;0;0;0
;Totale;386;368;394;358;354;384;357;326;302;295;217;230;226;219;191;176;178;142;165;197;217;226;279;310;351;378;446;449;458;503;463;537;496;483;482;518;467;517;451;411;440;400;422;392;397;379;369;302;330;290;276;242;212;202;172;157;146;121;145;125;97;94;90;85;53;39;49;44;45;20;35;29;18;34;19;23;27;15;9;11;7;8;4;8;1;5;5;0;1;1;1;1;0;0;0;0;0;0;1;0;0

"Ricostruzione della popolazione intercensuaria - Popolazione al 1° gennaio per età"
"Cittadinanza straniera - Anno: 2015 - Provincia: Prato"
Territorio/Età;;0;1;2;3;4;5;6;7;8;9;10;11;12;13;14;15;16;17;18;19;20;21;22;23;24;25;26;27;28;29;30;31;32;33;34;35;36;37;38;39;40;41;42;43;44;45;46;47;48;49;50;51;52;53;54;55;56;57;58;59;60;61;62;63;64;65;66;67;68;69;70;71;72;73;74;75;76;77;78;79;80;81;82;83;84;85;86;87;88;89;90;91;92;93;94;95;96;97;98;99;100
Codice comune;Comune;Totale
100001;Cantagallo;3;1;3;7;8;4;6;3;3;1;2;0;1;1;2;5;0;0;5;2;3;0;1;2;0;3;1;8;1;4;4;8;4;4;7;6;6;1;3;1;7;5;6;0;4;2;1;3;2;4;4;8;0;3;2;2;9;3;1;5;0;1;2;2;1;0;0;1;1;1;2;1;0;0;2;0;0;0;0;0;0;0;0;0;0;0;0;0;0;0;0;0;0;0;0;0;0;0;0;0;0
100002;Carmignano;15;23;21;21;26;28;25;20;22;22;22;17;17;12;18;13;5;12;8;10;14;10;15;18;15;24;21;17;20;29;33;35;40;29;32;35;28;29;39;31;29;32;27;22;20;23;28;20;21;17;24;16;22;17;9;7;7;7;8;9;10;5;4;6;8;3;2;1;2;3;2;1;2;3;1;2;4;1;2;0;0;1;0;0;0;0;0;0;0;0;0;0;0;0;0;0;0;0;0;0;0
100003;Montemurlo;53;39;49;34;24;35;43;35;30;26;28;21;22;26;22;20;14;16;11;20;18;33;31;32;45;41;45;50;43;40;45;46;43;47;39;41;40;47;45;36;46;45;33;45;40;34;26;34;24;27;24;21;21;14;17;13;14;14;8;13;4;10;6;3;5;10;12;3;4;4;3;2;5;4;3;5;3;3;2;1;0;2;4;1;0;0;1;3;0;0;0;0;0;0;0;0;0;0;0;0;0
100004;Poggio a Caiano;26;28;25;23;16;29;16;18;31;21;15;16;14;7;17;8;3;12;16;12;5;9;11;11;18;21;16;23;17;19;22;27;30;25;33;24;37;30;30;32;17;30;13;23;24;19;24;9;21;12;20;15;5;10;8;7;5;3;2;2;8;2;2;6;4;2;1;2;2;1;1;1;1;0;0;0;0;0;0;0;1;1;0;1;0;0;1;0;0;0;0;0;0;0;0;0;0;0;0;0;0
100005;Prato;678;688;677;681;646;604;642;606;558;512;486;405;452;424;387;373;325;331;302;323;378;389;404;473;509;574;646;692;678;665;739;707;835;798;762;804;813;780;814;803;670;742;669;668;645;660;599;546;469;511;473;434;382;289;306;253;249;229;209;194;172;116;126;117;101;65;62;81;55;66;35;45;44;25;46;23;30;32;17;15;16;8;8;4;11;2;3;6;0;1;5;1;2;1;1;0;0;0;0;0;0
100006;Vaiano;8;9;12;6;6;7;12;13;7;8;8;2;4;7;6;3;0;4;2;4;0;5;3;3;12;4;6;3;7;12;9;11;14;11;12;17;13;6;17;12;8;6;16;17;6;13;7;16;10;5;6;4;3;6;11;3;7;6;6;4;6;8;2;1;3;2;0;3;2;1;2;1;2;2;1;1;3;1;0;0;0;1;1;0;0;0;0;0;0;0;0;0;0;0;0;0;0;0;0;0;0
100007;Vernio;6;11;13;2;9;2;5;3;7;4;3;5;4;3;6;7;3;2;3;5;8;2;6;6;6;11;5;6;6;10;9;6;4;12;8;10;17;13;11;2;13;12;16;11;9;5;7;8;6;8;1;8;5;2;4;4;1;3;4;4;2;2;1;1;3;2;3;2;3;0;1;0;0;0;2;0;1;1;1;3;1;0;2;0;0;0;0;0;0;0;0;0;0;0;0;0;0;0;0;0;0
;Totale;789;799;800;774;735;709;749;698;658;594;564;466;514;480;458;429;350;377;347;376;426;448;471;545;605;678;740;799;772;779;861;840;970;926;893;937;954;906;959;917;790;872;780;786;748;756;692;636;553;584;552;506;438;341;357;289;292;265;238;231;202;144;143;136;125;84;80;93;69;76;46;51;54;34;55;31;41;38;22;19;18;13;15;6;11;2;5;9;0;1;5;1;2;1;1;0;0;0;0;0;0
Territorio/Età;;0;1;2;3;4;5;6;7;8;9;10;11;12;13;14;15;16;17;18;19;20;21;22;23;24;25;26;27;28;29;30;31;32;33;34;35;36;37;38;39;40;41;42;43;44;45;46;47;48;49;50;51;52;53;54;55;56;57;58;59;60;61;62;63;64;65;66;67;68;69;70;71;72;73;74;75;76;77;78;79;80;81;82;83;84;85;86;87;88;89;90;91;92;93;94;95;96;97;98;99;100
Codice comune;Comune;Maschi
100001;Cantagallo;1;0;0;4;5;3;3;0;2;0;0;0;1;1;1;5;0;0;4;2;1;0;1;1;0;0;1;1;0;2;0;4;0;1;3;3;2;0;1;0;4;3;1;0;3;1;0;1;0;1;0;1;0;0;2;2;2;0;0;2;0;1;0;1;0;0;0;0;0;0;1;1;0;0;1;0;0;0;0;0;0;0;0;0;0;0;0;0;0;0;0;0;0;0;0;0;0;0;0;0;0
100002;Carmignano;8;7;9;9;17;22;13;9;8;10;7;10;13;6;11;7;1;4;5;4;8;7;8;6;7;13;11;7;10;5;7;12;21;15;17;14;15;10;23;13;9;20;12;8;12;9;11;10;9;10;12;0;12;10;3;5;4;4;4;4;0;1;1;1;3;3;1;0;1;1;1;0;2;1;0;1;3;0;0;0;0;0;0;0;0;0;0;0;0;0;0;0;0;0;0;0;0;0;0;0;0
100003;Montemurlo;21;14;27;24;10;18;18;21;15;14;13;14;13;12;12;15;10;11;7;17;9;17;15;17;20;18;29;25;23;16;22;17;13;24;18;25;19;27;27;18;26;28;19;20;17;19;11;10;16;14;8;12;13;7;6;6;7;5;6;9;1;4;3;1;5;2;7;0;0;1;2;2;3;4;0;1;0;1;1;0;0;0;3;1;0;0;1;1;0;0;0;0;0;0;0;0;0;0;0;0;0
100004;Poggio a Caiano;16;15;15;6;14;16;8;11;15;12;7;6;7;6;10;8;1;9;12;7;0;6;5;6;10;17;6;12;7;7;6;16;14;9;18;8;11;13;18;15;10;13;4;12;13;11;10;6;14;7;3;9;3;0;2;3;0;0;1;0;6;0;1;1;0;0;0;1;2;1;0;1;0;0;0;0;0;0;0;0;0;1;0;0;0;0;0;0;0;0;0;0;0;0;0;0;0;0;0;0;0
100005;Prato;372;367;382;358;347;315;333;313;298;261;242;218;235;224;198;202;159;168;170;179;202;192;199;223;248;270;313;325;291;298;328;326;389;377;353;398;394;403;378;421;332;358;339;321;309;315;276;239;220;238;249;199;175;114;130;108;123;98;102;67;66;39;48;48;28;27;24;35;19;28;16;15;22;11;20;11;16;10;7;7;6;3;4;3;2;0;0;3;0;0;4;0;1;1;0;0;0;0;0;0;0
100006;Vaiano;2;6;5;2;4;5;6;5;5;3;3;1;3;4;5;0;0;3;0;0;0;2;3;2;6;1;1;1;3;2;3;2;6;2;2;9;3;2;6;10;3;5;5;6;4;8;2;5;4;1;4;0;2;1;2;0;1;1;2;3;1;2;1;0;1;0;0;1;1;0;1;0;0;0;1;1;2;1;0;0;0;1;0;0;0;0;0;0;0;0;0;0;0;0;0;0;0;0;0;0;0
100007;Vernio;2;4;9;1;8;0;3;1;4;3;1;2;1;2;1;2;2;1;3;3;4;0;0;1;1;2;2;2;3;3;4;1;0;4;0;5;10;4;5;0;7;4;5;4;4;2;1;4;1;4;0;5;2;0;0;1;0;1;1;0;0;1;1;0;0;2;3;0;3;0;0;0;0;0;0;0;0;0;0;2;1;0;0;0;0;0;0;0;0;0;0;0;0;0;0;0;0;0;0;0;0
;Totale;422;413;447;404;405;379;384;360;347;303;273;251;273;255;238;239;173;196;201;212;224;224;231;256;292;321;363;373;337;333;370;378;443;432;411;462;454;459;458;477;391;431;385;371;362;365;311;275;264;275;276;226;207;132;145;125;137;109;116;85;74;48;55;52;37;34;35;37;26;31;21;19;27;16;22;14;21;12;8;9;7;5;7;4;2;0;1;4;0;0;4;0;1;1;0;0;0;0;0;0;0
Territorio/Età;;0;1;2;3;4;5;6;7;8;9;10;11;12;13;14;15;16;17;18;19;20;21;22;23;24;25;26;27;28;29;30;31;32;33;34;35;36;37;38;39;40;41;42;43;44;45;46;47;48;49;50;51;52;53;54;55;56;57;58;59;60;61;62;63;64;65;66;67;68;69;70;71;72;73;74;75;76;77;78;79;80;81;82;83;84;85;86;87;88;89;90;91;92;93;94;95;96;97;98;99;100
Codice comune;Comune;Femmine
100001;Cantagallo;2;1;3;3;3;1;3;3;1;1;2;0;0;0;1;0;0;0;1;0;2;0;0;1;0;3;0;7;1;2;4;4;4;3;4;3;4;1;2;1;3;2;5;0;1;1;1;2;2;3;4;7;0;3;0;0;7;3;1;3;0;0;2;1;1;0;0;1;1;1;1;0;0;0;1;0;0;0;0;0;0;0;0;0;0;0;0;0;0;0;0;0;0;0;0;0;0;0;0;0;0
100002;Carmignano;7;16;12;12;9;6;12;11;14;12;15;7;4;6;7;6;4;8;3;6;6;3;7;12;8;11;10;10;10;24;26;23;19;14;15;21;13;19;16;18;20;12;15;14;8;14;17;10;12;7;12;16;10;7;6;2;3;3;4;5;10;4;3;5;5;0;1;1;1;2;1;1;0;2;1;1;1;1;2;0;0;1;0;0;0;0;0;0;0;0;0;0;0;0;0;0;0;0;0;0;0
100003;Montemurlo;32;25;22;10;14;17;25;14;15;12;15;7;9;14;10;5;4;5;4;3;9;16;16;15;25;23;16;25;20;24;23;29;30;23;21;16;21;20;18;18;20;17;14;25;23;15;15;24;8;13;16;9;8;7;11;7;7;9;2;4;3;6;3;2;0;8;5;3;4;3;1;0;2;0;3;4;3;2;1;1;0;2;1;0;0;0;0;2;0;0;0;0;0;0;0;0;0;0;0;0;0
100004;Poggio a Caiano;10;13;10;17;2;13;8;7;16;9;8;10;7;1;7;0;2;3;4;5;5;3;6;5;8;4;10;11;10;12;16;11;16;16;15;16;26;17;12;17;7;17;9;11;11;8;14;3;7;5;17;6;2;10;6;4;5;3;1;2;2;2;1;5;4;2;1;1;0;0;1;0;1;0;0;0;0;0;0;0;1;0;0;1;0;0;1;0;0;0;0;0;0;0;0;0;0;0;0;0;0
100005;Prato;306;321;295;323;299;289;309;293;260;251;244;187;217;200;189;171;166;163;132;144;176;197;205;250;261;304;333;367;387;367;411;381;446;421;409;406;419;377;436;382;338;384;330;347;336;345;323;307;249;273;224;235;207;175;176;145;126;131;107;127;106;77;78;69;73;38;38;46;36;38;19;30;22;14;26;12;14;22;10;8;10;5;4;1;9;2;3;3;0;1;1;1;1;0;1;0;0;0;0;0;0
100006;Vaiano;6;3;7;4;2;2;6;8;2;5;5;1;1;3;1;3;0;1;2;4;0;3;0;1;6;3;5;2;4;10;6;9;8;9;10;8;10;4;11;2;5;1;11;11;2;5;5;11;6;4;2;4;1;5;9;3;6;5;4;1;5;6;1;1;2;2;0;2;1;1;1;1;2;2;0;0;1;0;0;0;0;0;1;0;0;0;0;0;0;0;0;0;0;0;0;0;0;0;0;0;0
100007;Vernio;4;7;4;1;1;2;2;2;3;1;2;3;3;1;5;5;1;1;0;2;4;2;6;5;5;9;3;4;3;7;5;5;4;8;8;5;7;9;6;2;6;8;11;7;5;3;6;4;5;4;1;3;3;2;4;3;1;2;3;4;2;1;0;1;3;0;0;2;0;0;1;0;0;0;2;0;1;1;1;1;0;0;2;0;0;0;0;0;0;0;0;0;0;0;0;0;0;0;0;0;0
;Totale;367;386;353;370;330;330;365;338;311;291;291;215;241;225;220;190;177;181;146;164;202;224;240;289;313;357;377;426;435;446;491;462;527;494;482;475;500;447;501;440;399;441;395;415;386;391;381;361;289;309;276;280;231;209;212;164;155;156;122;146;128;96;88;84;88;50;45;56;43;45;25;32;27;18;33;17;20;26;14;10;11;8;8;2;9;2;4;5;0;1;1;1;1;0;1;0;0;0;0;0;0

"Ricostruzione della popolazione intercensuaria - Popolazione al 1° gennaio per età"
"Cittadinanza straniera - Anno: 2016 - Provincia: Prato"
Territorio/Età;;0;1;2;3;4;5;6;7;8;9;10;11;12;13;14;15;16;17;18;19;20;21;22;23;24;25;26;27;28;29;30;31;32;33;34;35;36;37;38;39;40;41;42;43;44;45;46;47;48;49;50;51;52;53;54;55;56;57;58;59;60;61;62;63;64;65;66;67;68;69;70;71;72;73;74;75;76;77;78;79;80;81;82;83;84;85;86;87;88;89;90;91;92;93;94;95;96;97;98;99;100
Codice comune;Comune;Totale
100001;Cantagallo;0;2;1;3;5;8;1;6;3;2;0;1;0;0;1;1;4;0;0;4;3;3;0;1;3;0;3;1;10;1;3;5;8;5;5;7;5;6;2;2;1;2;6;4;0;3;4;2;2;2;3;4;6;0;3;1;2;8;4;1;6;0;1;2;1;1;0;0;1;1;1;2;1;0;0;2;0;0;0;0;0;0;0;0;0;0;0;0;0;0;0;0;0;0;0;0;0;0;0;0;0
100002;Carmignano;19;14;20;24;18;26;24;22;18;25;21;20;16;20;11;12;13;6;8;6;16;14;10;14;15;18;23;27;19;17;30;33;31;45;31;32;36;31;30;37;30;31;33;26;18;19;20;24;20;20;17;20;16;19;17;7;9;5;7;9;11;8;3;4;6;8;6;2;3;2;2;2;1;2;3;1;1;2;1;2;0;0;1;0;0;0;0;0;0;0;0;0;0;0;0;0;0;0;0;0;0
100003;Montemurlo;43;48;35;39;28;22;28;39;27;23;25;26;17;15;25;18;19;14;15;19;15;18;30;28;24;33;36;33;50;39;37;40;46;43;43;47;44;36;41;41;39;36;44;25;38;33;32;26;32;20;16;16;18;17;13;15;15;13;9;6;9;1;12;3;5;5;9;11;3;4;4;3;3;6;4;1;5;3;2;2;1;0;2;4;1;0;0;1;3;0;0;0;0;0;0;0;0;0;0;0;0
100004;Poggio a Caiano;23;24;23;21;22;12;25;15;15;26;16;9;18;8;6;15;8;2;15;17;12;8;8;12;16;23;24;14;26;17;20;21;27;29;31;19;28;33;26;37;27;20;23;10;20;17;17;23;16;16;14;16;14;6;8;11;9;8;3;3;5;4;3;1;7;3;2;0;1;2;1;1;1;1;0;0;0;0;0;0;0;1;1;0;1;0;0;1;0;0;0;0;0;0;0;0;0;0;0;0;0
100005;Prato;599;656;663;660;663;630;592;622;598;548;497;476;391;450;410;386;367;325;327;305;346;392;404;437;513;545;610;694;739;725;717;773;756;876;832;793;832;831;814;837;826;687;755;682;669;638;673;594;551;484;509;470;436;383;283;302;253;253;221;212;191;168;108;130;111;106;65;63;80;52;62;33;42;42;26;47;24;29;31;18;10;15;9;8;4;9;3;3;6;0;2;5;1;2;1;1;0;0;0;0;0
100006;Vaiano;7;6;9;11;5;5;7;10;11;6;8;6;0;2;7;6;3;0;0;3;3;3;5;5;4;11;4;2;8;7;9;6;6;12;9;10;18;14;5;16;11;8;8;13;15;7;10;7;16;11;7;3;5;4;8;11;4;6;4;7;5;10;8;5;1;3;2;0;3;2;1;1;1;2;2;0;1;3;1;0;0;0;1;1;0;0;0;0;0;0;0;0;0;0;0;0;0;0;0;0;0
100007;Vernio;10;6;11;13;2;7;3;6;3;4;4;5;4;3;3;5;7;3;3;4;5;8;2;7;8;8;16;6;7;9;9;9;8;5;12;8;11;17;12;11;3;13;10;16;10;7;6;6;6;7;8;1;6;4;3;4;7;0;4;4;4;2;2;2;1;3;2;2;2;3;0;1;0;0;0;3;1;0;1;1;1;1;0;2;0;0;0;0;0;0;0;0;0;0;0;0;0;0;0;0;0
;Totale;701;756;762;771;743;710;680;720;675;634;571;543;446;498;463;443;421;350;368;358;400;446;459;504;583;638;716;777;859;815;825;887;882;1015;963;916;974;968;930;981;937;797;879;776;770;724;762;682;643;560;574;530;501;433;335;351;299;293;252;242;231;193;137;147;132;129;86;78;93;66;71;43;49;53;35;54;32;37;36;23;12;17;14;15;6;9;3;5;9;0;2;5;1;2;1;1;0;0;0;0;0
Territorio/Età;;0;1;2;3;4;5;6;7;8;9;10;11;12;13;14;15;16;17;18;19;20;21;22;23;24;25;26;27;28;29;30;31;32;33;34;35;36;37;38;39;40;41;42;43;44;45;46;47;48;49;50;51;52;53;54;55;56;57;58;59;60;61;62;63;64;65;66;67;68;69;70;71;72;73;74;75;76;77;78;79;80;81;82;83;84;85;86;87;88;89;90;91;92;93;94;95;96;97;98;99;100
Codice comune;Comune;Maschi
100001;Cantagallo;0;0;0;0;3;4;1;2;0;1;0;0;0;0;1;0;4;0;0;3;2;1;0;1;2;0;0;1;1;0;2;0;4;1;1;0;1;2;0;1;0;1;4;0;0;2;1;1;1;0;0;0;1;0;0;1;2;2;0;0;2;0;1;0;1;0;0;0;0;0;0;1;1;0;0;1;0;0;0;0;0;0;0;0;0;0;0;0;0;0;0;0;0;0;0;0;0;0;0;0;0
100002;Carmignano;7;8;6;10;7;17;21;11;8;10;7;6;10;15;6;8;7;1;3;4;8;8;7;9;5;8;12;14;6;9;6;8;11;23;16;19;16;17;11;23;14;8;16;13;7;11;9;12;9;8;7;9;0;9;11;3;5;3;5;4;5;0;1;1;1;3;6;0;2;1;1;1;0;2;1;0;0;1;0;0;0;0;0;0;0;0;0;0;0;0;0;0;0;0;0;0;0;0;0;0;0
100003;Montemurlo;27;18;13;20;19;8;13;19;16;12;14;12;13;8;13;9;15;10;10;9;11;8;15;12;10;17;13;20;23;22;16;17;15;21;25;22;23;18;22;18;23;19;24;15;18;12;18;12;8;12;6;6;9;10;6;4;7;8;3;2;6;1;4;2;1;5;2;7;0;0;1;2;2;3;4;0;1;1;0;1;0;0;0;3;1;0;0;1;1;0;0;0;0;0;0;0;0;0;0;0;0
100004;Poggio a Caiano;17;14;14;13;5;9;14;7;9;14;7;4;8;4;4;8;8;0;9;11;7;2;4;2;9;12;17;6;16;6;7;8;17;11;13;11;7;11;11;19;13;11;10;3;10;7;7;10;6;9;8;2;9;4;0;4;3;1;0;3;0;3;1;0;1;0;0;0;0;2;1;0;1;0;0;0;0;0;0;0;0;0;1;0;0;0;0;0;0;0;0;0;0;0;0;0;0;0;0;0;0
100005;Prato;308;356;351;371;348;337;311;322;311;286;257;234;206;230;220;196;195;163;172;173;196;210;207;220;241;262;290;336;348;319;318;353;353;420;399;380;422;401;420;391;439;341;372;350;317;304;316;272;236;228;239;242;194;171;108;128;103;127;96;104;64;59;37;48;49;27;25;24;34;16;25;14;15;24;12;18;11;14;10;8;3;6;4;4;3;2;0;1;3;0;0;4;0;1;1;0;0;0;0;0;0
100006;Vaiano;3;2;7;5;2;3;5;6;4;5;3;2;0;2;3;5;0;0;0;1;0;3;3;4;2;4;0;1;3;3;2;2;0;5;0;3;9;4;1;5;9;3;6;2;4;4;7;3;4;3;2;1;0;2;2;2;0;1;1;2;3;2;2;2;0;1;0;0;1;1;0;1;0;0;0;0;1;2;1;0;0;0;1;0;0;0;0;0;0;0;0;0;0;0;0;0;0;0;0;0;0
100007;Vernio;6;2;4;8;1;7;0;3;1;3;3;1;2;1;2;1;2;3;1;4;3;4;0;0;2;1;3;2;5;6;2;6;3;1;4;0;7;8;4;5;0;8;2;7;4;2;3;1;2;1;3;0;4;2;0;0;1;0;1;1;0;0;1;1;0;0;2;2;0;3;0;0;0;0;0;0;0;0;0;0;0;1;0;0;0;0;0;0;0;0;0;0;0;0;0;0;0;0;0;0;0
;Totale;368;400;395;427;385;385;365;370;349;331;291;259;239;260;249;227;231;177;195;205;227;236;236;248;271;304;335;380;402;365;353;394;403;482;458;435;485;461;469;462;498;391;434;390;360;342;361;311;266;261;265;260;217;198;127;142;121;142;106;116;80;65;47;54;53;36;35;33;37;23;28;19;19;29;17;19;13;18;11;9;3;7;6;7;4;2;0;2;4;0;0;4;0;1;1;0;0;0;0;0;0
Territorio/Età;;0;1;2;3;4;5;6;7;8;9;10;11;12;13;14;15;16;17;18;19;20;21;22;23;24;25;26;27;28;29;30;31;32;33;34;35;36;37;38;39;40;41;42;43;44;45;46;47;48;49;50;51;52;53;54;55;56;57;58;59;60;61;62;63;64;65;66;67;68;69;70;71;72;73;74;75;76;77;78;79;80;81;82;83;84;85;86;87;88;89;90;91;92;93;94;95;96;97;98;99;100
Codice comune;Comune;Femmine
100001;Cantagallo;0;2;1;3;2;4;0;4;3;1;0;1;0;0;0;1;0;0;0;1;1;2;0;0;1;0;3;0;9;1;1;5;4;4;4;7;4;4;2;1;1;1;2;4;0;1;3;1;1;2;3;4;5;0;3;0;0;6;4;1;4;0;0;2;0;1;0;0;1;1;1;1;0;0;0;1;0;0;0;0;0;0;0;0;0;0;0;0;0;0;0;0;0;0;0;0;0;0;0;0;0
100002;Carmignano;12;6;14;14;11;9;3;11;10;15;14;14;6;5;5;4;6;5;5;2;8;6;3;5;10;10;11;13;13;8;24;25;20;22;15;13;20;14;19;14;16;23;17;13;11;8;11;12;11;12;10;11;16;10;6;4;4;2;2;5;6;8;2;3;5;5;0;2;1;1;1;1;1;0;2;1;1;1;1;2;0;0;1;0;0;0;0;0;0;0;0;0;0;0;0;0;0;0;0;0;0
100003;Montemurlo;16;30;22;19;9;14;15;20;11;11;11;14;4;7;12;9;4;4;5;10;4;10;15;16;14;16;23;13;27;17;21;23;31;22;18;25;21;18;19;23;16;17;20;10;20;21;14;14;24;8;10;10;9;7;7;11;8;5;6;4;3;0;8;1;4;0;7;4;3;4;3;1;1;3;0;1;4;2;2;1;1;0;2;1;0;0;0;0;2;0;0;0;0;0;0;0;0;0;0;0;0
100004;Poggio a Caiano;6;10;9;8;17;3;11;8;6;12;9;5;10;4;2;7;0;2;6;6;5;6;4;10;7;11;7;8;10;11;13;13;10;18;18;8;21;22;15;18;14;9;13;7;10;10;10;13;10;7;6;14;5;2;8;7;6;7;3;0;5;1;2;1;6;3;2;0;1;0;0;1;0;1;0;0;0;0;0;0;0;1;0;0;1;0;0;1;0;0;0;0;0;0;0;0;0;0;0;0;0
100005;Prato;291;300;312;289;315;293;281;300;287;262;240;242;185;220;190;190;172;162;155;132;150;182;197;217;272;283;320;358;391;406;399;420;403;456;433;413;410;430;394;446;387;346;383;332;352;334;357;322;315;256;270;228;242;212;175;174;150;126;125;108;127;109;71;82;62;79;40;39;46;36;37;19;27;18;14;29;13;15;21;10;7;9;5;4;1;7;3;2;3;0;2;1;1;1;0;1;0;0;0;0;0
100006;Vaiano;4;4;2;6;3;2;2;4;7;1;5;4;0;0;4;1;3;0;0;2;3;0;2;1;2;7;4;1;5;4;7;4;6;7;9;7;9;10;4;11;2;5;2;11;11;3;3;4;12;8;5;2;5;2;6;9;4;5;3;5;2;8;6;3;1;2;2;0;2;1;1;0;1;2;2;0;0;1;0;0;0;0;0;1;0;0;0;0;0;0;0;0;0;0;0;0;0;0;0;0;0
100007;Vernio;4;4;7;5;1;0;3;3;2;1;1;4;2;2;1;4;5;0;2;0;2;4;2;7;6;7;13;4;2;3;7;3;5;4;8;8;4;9;8;6;3;5;8;9;6;5;3;5;4;6;5;1;2;2;3;4;6;0;3;3;4;2;1;1;1;3;0;0;2;0;0;1;0;0;0;3;1;0;1;1;1;0;0;2;0;0;0;0;0;0;0;0;0;0;0;0;0;0;0;0;0
;Totale;333;356;367;344;358;325;315;350;326;303;280;284;207;238;214;216;190;173;173;153;173;210;223;256;312;334;381;397;457;450;472;493;479;533;505;481;489;507;461;519;439;406;445;386;410;382;401;371;377;299;309;270;284;235;208;209;178;151;146;126;151;128;90;93;79;93;51;45;56;43;43;24;30;24;18;35;19;19;25;14;9;10;8;8;2;7;3;3;5;0;2;1;1;1;0;1;0;0;0;0;0

"Ricostruzione della popolazione intercensuaria - Popolazione al 1° gennaio per età"
"Cittadinanza straniera - Anno: 2017 - Provincia: Prato"
Territorio/Età;;0;1;2;3;4;5;6;7;8;9;10;11;12;13;14;15;16;17;18;19;20;21;22;23;24;25;26;27;28;29;30;31;32;33;34;35;36;37;38;39;40;41;42;43;44;45;46;47;48;49;50;51;52;53;54;55;56;57;58;59;60;61;62;63;64;65;66;67;68;69;70;71;72;73;74;75;76;77;78;79;80;81;82;83;84;85;86;87;88;89;90;91;92;93;94;95;96;97;98;99;100
Codice comune;Comune;Totale
100001;Cantagallo;4;1;2;2;2;4;6;2;6;3;3;1;1;0;0;2;2;4;0;0;5;3;3;0;2;2;2;1;2;7;1;1;7;8;6;6;6;5;6;1;2;1;5;5;3;0;5;5;2;2;2;3;2;4;0;3;1;1;4;4;1;6;1;1;2;1;1;0;1;1;1;1;2;1;1;0;2;0;0;0;0;0;0;0;0;0;0;0;0;0;0;0;0;0;0;0;0;0;0;0;0
100002;Carmignano;21;19;12;18;23;14;24;23;23;18;26;22;19;14;19;10;12;13;4;7;8;17;14;12;17;19;17;25;24;24;20;31;30;27;45;30;34;38;32;35;32;35;31;30;18;19;18;27;23;21;20;18;20;15;18;20;8;6;5;6;9;11;9;3;2;9;7;6;2;3;2;2;1;1;2;3;1;1;2;1;1;0;0;1;0;0;0;0;0;0;0;0;0;0;0;0;0;0;0;0;0
100003;Montemurlo;54;39;44;32;33;30;26;27;42;25;23;27;24;15;10;28;18;18;15;21;20;20;25;32;23;25;33;42;36;44;34;36;45;45;44;44;50;43;35;41;46;37;33;49;25;34;31;28;29;26;21;15;13;15;14;13;15;9;11;11;7;8;2;13;3;6;5;8;10;3;5;3;3;3;6;4;1;4;3;1;3;1;0;1;4;0;0;0;1;2;0;0;0;0;0;0;0;0;0;0;0
100004;Poggio a Caiano;19;23;22;25;24;21;14;24;17;12;28;16;10;18;14;6;16;8;9;13;17;11;8;13;12;23;15;25;18;23;14;25;22;29;26;31;22;21;40;24;33;30;20;25;12;20;19;18;20;16;12;17;16;13;6;7;10;5;7;3;3;5;6;1;1;6;3;2;0;2;3;0;1;1;1;1;0;0;0;0;0;0;1;1;0;0;0;0;1;0;0;0;0;0;0;0;0;0;0;0;0
100005;Prato;659;595;651;665;673;663;626;579;614;582;543;491;472;394;442;417;378;380;321;354;330;342;410;422;459;524;576;647;748;822;774;758;810;791;896;865;809;847;850;830;873;852;698;770;700;686;653;676;593;546;483;509;468;443;368;277;290;253;249;217;209;191;168;111;121;105;111;61;64;84;51;59;33;39;37;25;46;24;28;28;19;11;15;7;8;4;8;3;4;5;0;2;2;1;2;1;1;0;0;0;0
100006;Vaiano;12;9;11;10;13;8;8;7;12;10;7;11;7;0;3;4;2;4;0;2;2;3;1;4;6;5;12;6;2;13;6;14;8;8;13;12;14;19;13;7;14;12;9;8;15;9;3;9;5;16;11;8;3;6;6;6;8;4;6;3;7;2;11;7;5;2;2;2;0;2;2;3;2;2;2;3;2;1;3;1;0;0;0;1;0;0;0;0;0;0;0;0;0;0;0;0;0;0;0;0;0
100007;Vernio;7;9;7;9;11;1;6;3;3;2;2;2;4;4;2;3;5;8;2;3;4;6;7;3;5;6;5;13;6;7;7;10;9;7;5;13;8;8;17;7;13;2;11;8;15;13;6;10;6;6;7;8;2;9;7;3;4;5;0;5;4;3;2;2;2;1;3;2;2;2;2;0;1;0;0;0;1;2;0;1;1;1;1;0;2;0;0;0;0;0;0;0;0;0;0;0;0;0;0;0;0
;Totale;776;695;749;761;779;741;710;665;717;652;632;570;537;445;490;470;433;435;351;400;386;402;468;486;524;604;660;759;836;940;856;875;931;915;1035;1001;943;981;993;945;1013;969;807;895;788;781;735;773;678;633;556;578;524;505;419;329;336;283;282;249;240;226;199;138;136;130;132;81;79;97;66;68;43;47;49;36;53;32;36;32;24;13;17;11;14;4;8;3;6;7;0;2;2;1;2;1;1;0;0;0;0
Territorio/Età;;0;1;2;3;4;5;6;7;8;9;10;11;12;13;14;15;16;17;18;19;20;21;22;23;24;25;26;27;28;29;30;31;32;33;34;35;36;37;38;39;40;41;42;43;44;45;46;47;48;49;50;51;52;53;54;55;56;57;58;59;60;61;62;63;64;65;66;67;68;69;70;71;72;73;74;75;76;77;78;79;80;81;82;83;84;85;86;87;88;89;90;91;92;93;94;95;96;97;98;99;100
Codice comune;Comune;Maschi
100001;Cantagallo;0;1;0;0;0;3;5;2;2;1;2;1;0;0;0;1;0;4;0;0;3;2;1;0;1;2;0;0;2;1;0;0;0;4;2;1;0;1;2;0;1;0;2;3;1;0;3;1;0;1;0;0;0;1;0;0;1;1;2;0;0;1;0;1;0;1;0;0;0;0;0;0;1;1;1;0;1;0;0;0;0;0;0;0;0;0;0;0;0;0;0;0;0;0;0;0;0;0;0;0;0
100002;Carmignano;15;9;6;5;10;5;16;17;14;7;12;6;6;7;14;5;8;7;1;4;5;8;7;7;11;6;7;13;10;6;11;6;9;9;22;16;19;18;16;15;19;17;8;15;7;9;10;11;13;10;8;9;9;1;9;10;3;4;3;5;4;5;0;0;1;4;3;6;0;2;1;1;1;0;2;1;0;0;1;0;0;0;0;0;0;0;0;0;0;0;0;0;0;0;0;0;0;0;0;0;0
100003;Montemurlo;29;23;17;15;16;17;12;13;21;16;10;14;12;11;5;17;10;15;11;15;8;12;11;17;9;11;16;15;20;20;18;14;16;16;17;24;23;19;17;24;20;22;17;31;12;16;11;14;9;5;13;5;4;3;7;6;4;2;7;4;3;5;1;5;2;1;5;2;7;0;1;1;2;2;3;4;0;1;1;0;1;0;0;0;3;0;0;0;1;0;0;0;0;0;0;0;0;0;0;0;0
100004;Poggio a Caiano;13;15;12;13;14;7;9;11;8;6;13;8;5;10;6;4;7;7;4;8;10;6;1;6;1;10;10;19;8;13;5;10;8;18;8;12;13;4;17;10;15;15;9;14;2;9;8;5;9;5;7;9;3;8;2;0;4;2;0;0;2;0;3;0;0;0;0;0;0;0;3;0;0;0;0;0;0;0;0;0;0;0;0;1;0;0;0;0;0;0;0;0;0;0;0;0;0;0;0;0;0
100005;Prato;353;308;359;355;370;348;333;305;324;302;282;253;230;211;229;224;189;206;158;188;177;193;218;222;221;244;282;306;362;376;351;331;377;377;436;426;389;424;402;427;405;451;343;382;360;322;315;320;270;237;227;239;237;205;160;103;114;93;125;88;99;66;56;38;47;43;31;23;23;36;15;24;14;13;23;12;18;10;13;8;10;3;6;2;3;3;2;0;1;2;0;0;2;0;1;1;0;0;0;0;0
100006;Vaiano;8;5;4;6;8;5;5;5;7;5;6;4;2;0;2;2;2;1;0;2;1;0;0;2;5;2;3;0;0;5;2;3;2;0;6;3;3;11;5;2;5;7;4;6;5;3;2;6;2;3;4;2;1;0;2;2;0;0;1;1;2;1;3;2;2;0;0;0;0;0;1;0;1;1;0;0;0;1;2;1;0;0;0;1;0;0;0;0;0;0;0;0;0;0;0;0;0;0;0;0;0
100007;Vernio;4;6;3;3;8;0;6;1;1;1;2;1;1;1;1;2;2;3;2;1;4;4;4;1;0;2;0;3;2;5;5;3;6;2;1;4;0;5;8;2;5;0;6;2;7;3;2;5;1;2;1;3;1;4;2;0;0;2;0;1;1;0;0;1;1;0;0;2;2;0;2;0;0;0;0;0;0;0;0;0;0;0;1;0;0;0;0;0;0;0;0;0;0;0;0;0;0;0;0;0;0
;Totale;422;367;401;397;426;385;386;354;377;338;327;287;256;240;257;255;218;243;176;218;208;225;242;255;248;277;318;356;404;426;392;367;418;426;492;486;447;482;467;480;470;512;389;453;394;362;351;362;304;263;260;267;255;222;182;121;126;104;138;99;111;78;63;47;53;49;39;33;32;38;23;26;19;17;29;17;19;12;17;9;11;3;7;4;6;3;2;0;2;2;0;0;2;0;1;1;0;0;0;0;0
Territorio/Età;;0;1;2;3;4;5;6;7;8;9;10;11;12;13;14;15;16;17;18;19;20;21;22;23;24;25;26;27;28;29;30;31;32;33;34;35;36;37;38;39;40;41;42;43;44;45;46;47;48;49;50;51;52;53;54;55;56;57;58;59;60;61;62;63;64;65;66;67;68;69;70;71;72;73;74;75;76;77;78;79;80;81;82;83;84;85;86;87;88;89;90;91;92;93;94;95;96;97;98;99;100
Codice comune;Comune;Femmine
100001;Cantagallo;4;0;2;2;2;1;1;0;4;2;1;0;1;0;0;1;2;0;0;0;2;1;2;0;1;0;2;1;0;6;1;1;7;4;4;5;6;4;4;1;1;1;3;2;2;0;2;4;2;1;2;3;2;3;0;3;0;0;2;4;1;5;1;0;2;0;1;0;1;1;1;1;1;0;0;0;1;0;0;0;0;0;0;0;0;0;0;0;0;0;0;0;0;0;0;0;0;0;0;0;0
100002;Carmignano;6;10;6;13;13;9;8;6;9;11;14;16;13;7;5;5;4;6;3;3;3;9;7;5;6;13;10;12;14;18;9;25;21;18;23;14;15;20;16;20;13;18;23;15;11;10;8;16;10;11;12;9;11;14;9;10;5;2;2;1;5;6;9;3;1;5;4;0;2;1;1;1;0;1;0;2;1;1;1;1;1;0;0;1;0;0;0;0;0;0;0;0;0;0;0;0;0;0;0;0;0
100003;Montemurlo;25;16;27;17;17;13;14;14;21;9;13;13;12;4;5;11;8;3;4;6;12;8;14;15;14;14;17;27;16;24;16;22;29;29;27;20;27;24;18;17;26;15;16;18;13;18;20;14;20;21;8;10;9;12;7;7;11;7;4;7;4;3;1;8;1;5;0;6;3;3;4;2;1;1;3;0;1;3;2;1;2;1;0;1;1;0;0;0;0;2;0;0;0;0;0;0;0;0;0;0;0
100004;Poggio a Caiano;6;8;10;12;10;14;5;13;9;6;15;8;5;8;8;2;9;1;5;5;7;5;7;7;11;13;5;6;10;10;9;15;14;11;18;19;9;17;23;14;18;15;11;11;10;11;11;13;11;11;5;8;13;5;4;7;6;3;7;3;1;5;3;1;1;6;3;2;0;2;0;0;1;1;1;1;0;0;0;0;0;0;1;0;0;0;0;0;1;0;0;0;0;0;0;0;0;0;0;0;0
100005;Prato;306;287;292;310;303;315;293;274;290;280;261;238;242;183;213;193;189;174;163;166;153;149;192;200;238;280;294;341;386;446;423;427;433;414;460;439;420;423;448;403;468;401;355;388;340;364;338;356;323;309;256;270;231;238;208;174;176;160;124;129;110;125;112;73;74;62;80;38;41;48;36;35;19;26;14;13;28;14;15;20;9;8;9;5;5;1;6;3;3;3;0;2;0;1;1;0;1;0;0;0;0
100006;Vaiano;4;4;7;4;5;3;3;2;5;5;1;7;5;0;1;2;0;3;0;0;1;3;1;2;1;3;9;6;2;8;4;11;6;8;7;9;11;8;8;5;9;5;5;2;10;6;1;3;3;13;7;6;2;6;4;4;8;4;5;2;5;1;8;5;3;2;2;2;0;2;1;3;1;1;2;3;2;0;1;0;0;0;0;0;0;0;0;0;0;0;0;0;0;0;0;0;0;0;0;0;0
100007;Vernio;3;3;4;6;3;1;0;2;2;1;0;1;3;3;1;1;3;5;0;2;0;2;3;2;5;4;5;10;4;2;2;7;3;5;4;9;8;3;9;5;8;2;5;6;8;10;4;5;5;4;6;5;1;5;5;3;4;3;0;4;3;3;2;1;1;1;3;0;0;2;0;0;1;0;0;0;1;2;0;1;1;1;0;0;2;0;0;0;0;0;0;0;0;0;0;0;0;0;0;0;0
;Totale;354;328;348;364;353;356;324;311;340;314;305;283;281;205;233;215;215;192;175;182;178;177;226;231;276;327;342;403;432;514;464;508;513;489;543;515;496;499;526;465;543;457;418;442;394;419;384;411;374;370;296;311;269;283;237;208;210;179;144;150;129;148;136;91;83;81;93;48;47;59;43;42;24;30;20;19;34;20;19;23;13;10;10;7;8;1;6;3;4;5;0;2;0;1;1;0;1;0;0;0;0

"Ricostruzione della popolazione intercensuaria - Popolazione al 1° gennaio per età"
"Cittadinanza straniera - Anno: 2018 - Provincia: Prato"
Territorio/Età;;0;1;2;3;4;5;6;7;8;9;10;11;12;13;14;15;16;17;18;19;20;21;22;23;24;25;26;27;28;29;30;31;32;33;34;35;36;37;38;39;40;41;42;43;44;45;46;47;48;49;50;51;52;53;54;55;56;57;58;59;60;61;62;63;64;65;66;67;68;69;70;71;72;73;74;75;76;77;78;79;80;81;82;83;84;85;86;87;88;89;90;91;92;93;94;95;96;97;98;99;100
Codice comune;Comune;Totale
100001;Cantagallo;1;2;1;2;2;2;1;5;2;4;1;2;2;1;0;0;2;0;4;1;0;3;3;3;1;2;3;5;2;0;3;1;3;6;7;3;5;6;4;3;3;4;1;6;9;3;0;4;3;2;3;3;3;3;4;1;3;2;1;4;4;3;5;1;1;2;0;1;0;1;1;1;1;2;1;1;0;2;0;0;0;0;0;0;0;0;0;0;0;0;0;0;0;0;0;0;0;0;0;0;0
100002;Carmignano;24;22;17;12;23;22;17;28;26;23;23;30;24;19;18;18;14;11;13;12;19;13;22;17;21;22;25;26;37;26;23;22;33;33;33;42;31;32;39;35;35;37;40;28;35;19;21;21;26;19;23;20;17;20;15;16;16;9;5;6;9;9;12;9;4;2;13;6;3;1;2;2;2;1;1;2;3;1;1;1;1;1;0;0;1;0;0;0;0;0;0;0;0;0;0;0;0;0;0;0;0
100003;Montemurlo;32;59;39;47;31;39;30;39;25;40;24;28;31;27;20;13;29;23;21;33;26;28;27;30;43;33;42;37;41;41;49;39;51;52;54;54;48;64;50;47;41;52;40;38;57;29;40;35;32;36;32;21;19;14;18;13;12;16;13;10;11;7;11;4;12;3;5;5;5;8;4;4;3;2;3;6;5;3;5;4;1;3;1;0;2;4;0;0;1;1;2;0;0;0;0;0;0;0;0;0;0
100004;Poggio a Caiano;14;20;20;23;21;27;22;19;23;14;15;25;15;13;18;12;7;14;12;13;10;22;13;11;12;12;24;19;26;19;22;18;26;28;29;34;36;27;22;37;27;33;24;18;28;16;16;14;20;20;17;13;17;17;14;8;9;10;5;7;4;4;6;6;2;1;4;3;2;3;3;4;0;1;2;1;1;0;0;1;0;0;0;0;1;0;0;0;0;1;0;0;0;0;0;0;0;0;0;0;0
100005;Prato;595;651;567;634;633;660;662;622;571;591;572;545;490;490;403;454;428;386;415;386;413;363;371;426;450;486;536;623;694;773;843;791;782;806;795;879;862;809;833;846;840;859;844;711;760;702;692;646;671;593;524;480;486;461;443;346;281;273;247;252;212;201;189;160;114;121;107;108;55;67;83;51;54;31;39;34;23;46;20;26;25;19;10;14;8;10;3;7;3;4;5;0;2;2;1;2;1;0;0;0;0
100006;Vaiano;11;12;8;10;9;10;9;7;10;12;9;10;7;8;2;5;6;4;6;6;12;11;9;8;7;12;9;17;10;5;17;11;12;8;9;14;13;17;19;10;7;14;11;9;9;15;10;4;10;5;14;16;8;3;4;5;4;7;3;6;5;7;4;10;8;4;2;2;2;0;2;2;4;4;2;4;2;2;1;3;1;0;0;0;1;0;0;0;0;0;0;0;0;0;0;0;0;0;0;0;0
100007;Vernio;12;8;7;7;9;10;1;6;3;5;2;3;1;4;4;1;4;6;7;6;7;7;5;7;7;9;7;5;16;7;13;8;9;12;8;5;13;11;8;15;5;12;4;10;8;11;14;9;9;6;8;7;7;3;10;5;5;5;5;1;5;4;3;1;2;3;2;3;2;2;3;2;0;1;0;0;0;2;2;0;1;1;1;1;0;1;0;0;0;0;0;0;0;0;0;0;0;0;0;0;0
;Totale;689;774;659;735;728;770;742;726;660;689;646;643;570;562;465;503;490;444;478;457;487;447;450;502;541;576;646;732;826;871;970;890;916;945;935;1031;1008;966;975;993;958;1011;964;820;906;795;793;733;771;681;621;560;557;521;508;394;330;322;279;286;250;235;230;191;143;136;133;128;69;82;98;66;64;42;48;48;34;56;29;35;29;24;12;15;13;15;3;7;4;6;7;0;2;2;1;2;1;0;0;0;0
Territorio/Età;;0;1;2;3;4;5;6;7;8;9;10;11;12;13;14;15;16;17;18;19;20;21;22;23;24;25;26;27;28;29;30;31;32;33;34;35;36;37;38;39;40;41;42;43;44;45;46;47;48;49;50;51;52;53;54;55;56;57;58;59;60;61;62;63;64;65;66;67;68;69;70;71;72;73;74;75;76;77;78;79;80;81;82;83;84;85;86;87;88;89;90;91;92;93;94;95;96;97;98;99;100
Codice comune;Comune;Maschi
100001;Cantagallo;0;0;1;0;0;0;0;4;2;0;1;1;2;0;0;0;1;0;3;0;0;1;2;1;0;1;3;2;1;0;1;0;0;0;3;2;1;1;2;0;0;1;0;2;6;1;0;2;1;0;2;1;0;1;1;0;0;1;1;2;0;0;1;0;1;0;0;0;0;0;0;0;0;1;1;1;0;1;0;0;0;0;0;0;0;0;0;0;0;0;0;0;0;0;0;0;0;0;0;0;0
100002;Carmignano;8;14;9;6;6;11;7;18;17;14;10;12;7;8;8;13;7;7;6;8;14;10;9;10;11;15;10;13;18;12;7;12;8;12;16;22;17;14;21;19;14;23;20;7;19;9;10;9;9;8;9;8;7;9;2;7;8;3;2;4;5;5;4;0;2;1;7;3;3;0;2;1;1;1;0;2;1;0;0;0;0;0;0;0;0;0;0;0;0;0;0;0;0;0;0;0;0;0;0;0;0
100003;Montemurlo;18;32;21;21;14;19;17;18;11;21;13;12;15;14;14;7;18;16;15;27;18;11;18;18;24;20;22;20;14;22;26;24;25;21;21;24;25;31;24;24;23;22;21;18;34;17;21;15;17;13;9;14;7;4;4;7;5;3;6;7;4;4;6;1;5;2;0;4;0;6;1;1;1;2;2;3;4;0;2;1;0;1;0;0;1;3;0;0;0;1;0;0;0;0;0;0;0;0;0;0;0
100004;Poggio a Caiano;6;12;15;13;11;16;6;8;10;7;6;13;9;8;12;6;3;6;8;7;8;14;8;5;6;2;11;12;18;7;13;8;8;11;17;14;13;17;5;21;10;16;10;9;16;5;7;5;7;9;8;7;8;3;9;3;1;4;1;0;0;3;1;3;0;0;0;0;0;1;0;3;0;0;1;0;0;0;0;1;0;0;0;0;1;0;0;0;0;0;0;0;0;0;0;0;0;0;0;0;0
100005;Prato;327;347;290;348;344;368;352;326;312;307;302;286;251;240;215;231;231;201;248;214;241;205;219;238;252;242;261;312;333;382;392;354;346;384;382;426;422;398;423;398;434;402;446;347;374;357;320;305;316;272;229;220;235;227;204;152;100;109;98;122;85;90;66;54;38;50;46;31;23;24;33;13;23;12;12;21;11;19;9;13;9;10;3;6;2;4;2;2;0;1;2;0;0;2;0;1;1;0;0;0;0
100006;Vaiano;8;7;4;5;5;6;6;5;5;6;6;8;2;2;0;4;3;4;5;5;12;9;7;7;5;11;6;7;4;2;9;6;3;2;1;8;5;6;9;5;2;6;6;4;7;7;4;2;7;1;3;5;2;1;0;1;2;0;0;2;1;2;1;2;3;2;1;0;0;0;0;0;1;2;1;2;0;0;1;2;1;0;0;0;1;0;0;0;0;0;0;0;0;0;0;0;0;0;0;0;0
100007;Vernio;5;5;5;3;4;8;0;6;1;3;0;1;1;2;1;0;2;2;3;6;5;7;3;4;3;5;2;1;6;2;10;7;3;8;3;2;5;2;6;7;2;4;2;4;1;5;4;2;5;1;2;1;3;1;5;1;0;0;2;0;1;1;1;0;1;1;0;0;2;2;0;2;0;0;0;0;0;0;0;0;0;0;0;1;0;0;0;0;0;0;0;0;0;0;0;0;0;0;0;0;0
;Totale;372;417;345;396;384;428;388;385;358;358;338;333;287;274;250;261;265;236;288;267;298;257;266;283;301;296;315;367;394;427;458;411;393;438;443;498;488;469;490;474;485;474;505;391;457;401;366;340;362;304;262;256;262;246;225;171;116;120;110;137;96;105;80;60;50;56;54;38;28;33;36;20;26;18;17;29;16;20;12;17;10;11;3;7;5;7;2;2;0;2;2;0;0;2;0;1;1;0;0;0;0
Territorio/Età;;0;1;2;3;4;5;6;7;8;9;10;11;12;13;14;15;16;17;18;19;20;21;22;23;24;25;26;27;28;29;30;31;32;33;34;35;36;37;38;39;40;41;42;43;44;45;46;47;48;49;50;51;52;53;54;55;56;57;58;59;60;61;62;63;64;65;66;67;68;69;70;71;72;73;74;75;76;77;78;79;80;81;82;83;84;85;86;87;88;89;90;91;92;93;94;95;96;97;98;99;100
Codice comune;Comune;Femmine
100001;Cantagallo;1;2;0;2;2;2;1;1;0;4;0;1;0;1;0;0;1;0;1;1;0;2;1;2;1;1;0;3;1;0;2;1;3;6;4;1;4;5;2;3;3;3;1;4;3;2;0;2;2;2;1;2;3;2;3;1;3;1;0;2;4;3;4;1;0;2;0;1;0;1;1;1;1;1;0;0;0;1;0;0;0;0;0;0;0;0;0;0;0;0;0;0;0;0;0;0;0;0;0;0;0
100002;Carmignano;16;8;8;6;17;11;10;10;9;9;13;18;17;11;10;5;7;4;7;4;5;3;13;7;10;7;15;13;19;14;16;10;25;21;17;20;14;18;18;16;21;14;20;21;16;10;11;12;17;11;14;12;10;11;13;9;8;6;3;2;4;4;8;9;2;1;6;3;0;1;0;1;1;0;1;0;2;1;1;1;1;1;0;0;1;0;0;0;0;0;0;0;0;0;0;0;0;0;0;0;0
100003;Montemurlo;14;27;18;26;17;20;13;21;14;19;11;16;16;13;6;6;11;7;6;6;8;17;9;12;19;13;20;17;27;19;23;15;26;31;33;30;23;33;26;23;18;30;19;20;23;12;19;20;15;23;23;7;12;10;14;6;7;13;7;3;7;3;5;3;7;1;5;1;5;2;3;3;2;0;1;3;1;3;3;3;1;2;1;0;1;1;0;0;1;0;2;0;0;0;0;0;0;0;0;0;0
100004;Poggio a Caiano;8;8;5;10;10;11;16;11;13;7;9;12;6;5;6;6;4;8;4;6;2;8;5;6;6;10;13;7;8;12;9;10;18;17;12;20;23;10;17;16;17;17;14;9;12;11;9;9;13;11;9;6;9;14;5;5;8;6;4;7;4;1;5;3;2;1;4;3;2;2;3;1;0;1;1;1;1;0;0;0;0;0;0;0;0;0;0;0;0;1;0;0;0;0;0;0;0;0;0;0;0
100005;Prato;268;304;277;286;289;292;310;296;259;284;270;259;239;250;188;223;197;185;167;172;172;158;152;188;198;244;275;311;361;391;451;437;436;422;413;453;440;411;410;448;406;457;398;364;386;345;372;341;355;321;295;260;251;234;239;194;181;164;149;130;127;111;123;106;76;71;61;77;32;43;50;38;31;19;27;13;12;27;11;13;16;9;7;8;6;6;1;5;3;3;3;0;2;0;1;1;0;0;0;0;0
100006;Vaiano;3;5;4;5;4;4;3;2;5;6;3;2;5;6;2;1;3;0;1;1;0;2;2;1;2;1;3;10;6;3;8;5;9;6;8;6;8;11;10;5;5;8;5;5;2;8;6;2;3;4;11;11;6;2;4;4;2;7;3;4;4;5;3;8;5;2;1;2;2;0;2;2;3;2;1;2;2;2;0;1;0;0;0;0;0;0;0;0;0;0;0;0;0;0;0;0;0;0;0;0;0
100007;Vernio;7;3;2;4;5;2;1;0;2;2;2;2;0;2;3;1;2;4;4;0;2;0;2;3;4;4;5;4;10;5;3;1;6;4;5;3;8;9;2;8;3;8;2;6;7;6;10;7;4;5;6;6;4;2;5;4;5;5;3;1;4;3;2;1;1;2;2;3;0;0;3;0;0;1;0;0;0;2;2;0;1;1;1;0;0;1;0;0;0;0;0;0;0;0;0;0;0;0;0;0;0
;Totale;317;357;314;339;344;342;354;341;302;331;308;310;283;288;215;242;225;208;190;190;189;190;184;219;240;280;331;365;432;444;512;479;523;507;492;533;520;497;485;519;473;537;459;429;449;394;427;393;409;377;359;304;295;275;283;223;214;202;169;149;154;130;150;131;93;80;79;90;41;49;62;46;38;24;31;19;18;36;17;18;19;13;9;8;8;8;1;5;4;4;5;0;2;0;1;1;0;0;0;0;0

"Ricostruzione della popolazione intercensuaria - Popolazione al 1° gennaio per età"
"Cittadinanza straniera - Anno: 2019 - Provincia: Prato"
Territorio/Età;;0;1;2;3;4;5;6;7;8;9;10;11;12;13;14;15;16;17;18;19;20;21;22;23;24;25;26;27;28;29;30;31;32;33;34;35;36;37;38;39;40;41;42;43;44;45;46;47;48;49;50;51;52;53;54;55;56;57;58;59;60;61;62;63;64;65;66;67;68;69;70;71;72;73;74;75;76;77;78;79;80;81;82;83;84;85;86;87;88;89;90;91;92;93;94;95;96;97;98;99;100
Codice comune;Comune;Totale
100001;Cantagallo;3;3;1;1;3;0;0;1;4;2;3;2;4;1;1;0;0;2;0;3;1;1;5;4;1;3;4;1;3;2;0;4;3;5;6;3;2;4;4;3;3;3;4;1;4;7;3;0;3;4;2;3;3;2;2;4;2;3;2;1;4;3;3;4;1;0;1;0;1;0;1;1;2;1;1;1;1;0;2;0;0;0;0;0;0;0;0;0;0;0;0;0;0;0;0;0;0;0;0;0;0
100002;Carmignano;21;24;22;22;9;24;18;19;28;29;20;29;30;29;23;24;20;14;10;12;19;20;20;20;20;17;26;22;22;36;23;29;25;35;34;40;45;45;32;42;44;39;39;41;29;40;20;24;22;29;18;25;19;19;19;16;18;14;10;8;9;7;9;11;11;7;2;13;6;4;1;3;2;3;0;1;1;2;1;1;0;1;1;0;0;1;0;0;0;0;0;0;0;0;0;0;0;0;0;0;0
100003;Montemurlo;33;31;48;37;45;28;38;32;45;31;44;26;29;39;33;30;17;34;23;18;39;28;30;26;33;44;37;38;43;45;41;50;46;50;52;50;59;54;63;51;49;46;58;40;44;59;34;46;36;32;40;34;24;20;18;15;17;14;13;17;10;10;7;13;5;11;3;7;5;3;7;4;3;3;1;2;4;5;3;5;3;1;3;1;0;2;2;0;0;1;1;2;0;0;0;0;0;0;0;0;0
100004;Poggio a Caiano;16;16;18;23;25;20;27;21;18;22;17;15;25;16;16;22;14;8;14;15;12;16;24;14;13;17;17;29;25;28;25;26;22;37;30;33;41;36;32;27;41;25;35;26;17;28;22;22;20;20;23;16;13;18;16;12;7;9;10;5;7;5;5;8;6;2;3;4;4;2;3;3;4;0;1;2;1;2;0;0;0;0;0;0;0;0;0;0;0;0;1;0;0;0;0;0;0;0;0;0;0
100005;Prato;521;577;652;559;641;628;656;670;639;581;606;587;571;512;504;414;475;454;394;423;412;431;393;410;454;494;527;586;681;732;817;876;825;823;870;849;910;893;830;875;874;863;886;866;744;771;710;689;665;677;606;545;491;509;481;442;339;284;284;250;245;218;209;186;153;118;131;117;113;64;70;84;51;54;34;41;36;24;39;18;25;25;17;10;8;8;10;3;7;3;4;4;0;2;2;0;2;1;0;0;0
100006;Vaiano;10;10;14;13;10;8;8;14;5;11;10;9;10;6;6;3;6;5;4;3;7;11;15;16;7;6;10;8;14;14;15;15;12;13;14;14;15;18;20;20;13;6;13;12;9;8;14;13;6;11;8;13;16;9;4;4;6;4;5;5;6;4;8;4;9;8;6;4;2;3;0;2;3;4;3;1;3;2;2;1;1;1;0;0;0;1;0;0;0;0;0;0;0;0;0;0;0;0;0;0;0
100007;Vernio;10;8;9;7;8;11;12;1;7;3;4;2;3;2;4;6;5;6;6;6;3;3;6;6;7;7;10;5;5;18;8;12;11;9;9;8;5;9;13;9;14;7;15;4;12;12;14;14;9;9;6;9;4;7;4;11;4;1;4;4;3;6;3;3;1;2;3;1;3;2;3;2;2;0;1;0;0;0;2;2;0;0;1;1;1;0;1;0;0;0;0;0;0;0;0;0;0;0;0;0;0
;Totale;614;669;764;662;741;719;759;758;746;679;704;670;672;605;587;499;537;523;451;480;493;510;493;496;535;588;631;689;793;875;929;1012;944;972;1015;997;1077;1059;994;1027;1038;989;1050;990;859;925;817;808;761;782;703;645;570;584;544;504;393;329;328;290;284;253;244;229;186;148;149;146;134;78;85;99;67;65;41;48;46;35;49;27;29;28;22;12;9;12;13;3;7;4;6;6;0;2;2;0;2;1;0;0;0
Territorio/Età;;0;1;2;3;4;5;6;7;8;9;10;11;12;13;14;15;16;17;18;19;20;21;22;23;24;25;26;27;28;29;30;31;32;33;34;35;36;37;38;39;40;41;42;43;44;45;46;47;48;49;50;51;52;53;54;55;56;57;58;59;60;61;62;63;64;65;66;67;68;69;70;71;72;73;74;75;76;77;78;79;80;81;82;83;84;85;86;87;88;89;90;91;92;93;94;95;96;97;98;99;100
Codice comune;Comune;Maschi
100001;Cantagallo;1;0;0;1;2;0;0;0;3;2;2;1;3;1;0;0;0;1;0;2;0;1;3;3;0;2;3;1;2;1;0;2;2;1;1;2;1;0;0;2;0;0;1;0;1;4;1;0;2;2;0;1;1;0;0;2;1;0;1;1;2;0;0;1;0;0;0;0;0;0;0;0;1;0;0;1;1;0;1;0;0;0;0;0;0;0;0;0;0;0;0;0;0;0;0;0;0;0;0;0;0
100002;Carmignano;13;6;12;12;3;8;8;8;17;19;12;13;12;9;10;9;16;8;8;6;13;15;13;9;14;10;15;10;12;17;11;14;15;13;13;21;23;26;15;23;24;15;24;20;10;22;9;9;11;11;8;9;7;9;8;3;8;7;3;2;4;4;4;4;1;3;1;7;3;3;0;2;1;2;0;0;1;1;0;0;0;0;0;0;0;0;0;0;0;0;0;0;0;0;0;0;0;0;0;0;0
100003;Montemurlo;13;19;24;20;23;11;17;19;23;13;24;13;13;18;16;21;10;20;18;13;30;20;15;18;19;22;23;22;22;16;22;24;29;26;24;18;23;27;30;24;27;26;26;19;21;32;21;25;16;16;14;12;15;9;4;5;7;6;3;8;6;5;5;6;1;3;2;2;4;0;6;1;1;1;1;1;1;4;0;2;1;0;1;0;0;1;2;0;0;0;1;0;0;0;0;0;0;0;0;0;0
100004;Poggio a Caiano;5;7;11;15;15;10;16;6;7;9;7;5;13;9;9;13;6;4;7;10;7;11;15;11;6;9;4;13;15;19;10;15;11;12;12;20;18;14;18;10;24;11;18;10;9;18;11;10;7;8;11;7;7;7;4;8;2;2;4;1;0;2;3;1;3;0;0;0;1;0;1;0;3;0;0;1;0;0;0;0;0;0;0;0;0;0;0;0;0;0;0;0;0;0;0;0;0;0;0;0;0
100005;Prato;266;315;348;288;342;339;361;356;341;319;314;309;304;260;247;220;239;250;212;253;226;249;216;234;244;275;255;294;342;356;407;413;371;373;426;416;449;443;421;443;417;453;416;463;361;381;364;316;317;315;281;241;223;243;236;205;146;97;112;98;118;90;94;65;47;41;55;51;34;28;25;31;14;24;13;14;22;10;16;8;13;9;9;3;4;2;4;2;2;0;1;2;0;0;2;0;1;1;0;0;0
100006;Vaiano;6;7;8;7;4;3;6;9;4;4;4;6;7;3;2;1;5;3;4;3;6;10;11;13;5;5;7;4;7;6;11;6;7;4;7;6;9;9;8;10;8;3;6;7;4;5;6;5;2;6;2;3;5;2;1;0;2;2;0;0;2;1;2;1;1;3;2;1;0;0;0;0;1;1;2;1;1;0;0;1;0;1;0;0;0;1;0;0;0;0;0;0;0;0;0;0;0;0;0;0;0
100007;Vernio;2;3;5;4;4;4;9;0;6;1;2;0;1;2;2;2;2;2;3;2;3;2;3;4;4;2;5;1;1;7;3;7;9;4;5;2;2;3;3;6;5;3;6;2;5;4;6;4;5;4;1;2;0;3;2;5;1;0;0;2;0;1;1;1;0;1;1;0;0;2;2;0;2;0;0;0;0;0;0;0;0;0;0;0;1;0;0;0;0;0;0;0;0;0;0;0;0;0;0;0;0
;Totale;306;357;408;347;393;375;417;398;401;367;365;347;353;302;286;266;278;288;252;289;285;308;276;292;292;325;312;345;401;422;464;481;444;433;488;485;525;522;495;518;505;511;497;521;411;466;418;369;360;362;317;275;258;273;255;228;167;114;123;112;132;103;109;79;53;51;61;61;42;33;34;34;23;28;16;18;26;15;17;11;14;10;10;3;5;4;6;2;2;0;2;2;0;0;2;0;1;1;0;0;0
Territorio/Età;;0;1;2;3;4;5;6;7;8;9;10;11;12;13;14;15;16;17;18;19;20;21;22;23;24;25;26;27;28;29;30;31;32;33;34;35;36;37;38;39;40;41;42;43;44;45;46;47;48;49;50;51;52;53;54;55;56;57;58;59;60;61;62;63;64;65;66;67;68;69;70;71;72;73;74;75;76;77;78;79;80;81;82;83;84;85;86;87;88;89;90;91;92;93;94;95;96;97;98;99;100
Codice comune;Comune;Femmine
100001;Cantagallo;2;3;1;0;1;0;0;1;1;0;1;1;1;0;1;0;0;1;0;1;1;0;2;1;1;1;1;0;1;1;0;2;1;4;5;1;1;4;4;1;3;3;3;1;3;3;2;0;1;2;2;2;2;2;2;2;1;3;1;0;2;3;3;3;1;0;1;0;1;0;1;1;1;1;1;0;0;0;1;0;0;0;0;0;0;0;0;0;0;0;0;0;0;0;0;0;0;0;0;0;0
100002;Carmignano;8;18;10;10;6;16;10;11;11;10;8;16;18;20;13;15;4;6;2;6;6;5;7;11;6;7;11;12;10;19;12;15;10;22;21;19;22;19;17;19;20;24;15;21;19;18;11;15;11;18;10;16;12;10;11;13;10;7;7;6;5;3;5;7;10;4;1;6;3;1;1;1;1;1;0;1;0;1;1;1;0;1;1;0;0;1;0;0;0;0;0;0;0;0;0;0;0;0;0;0;0
100003;Montemurlo;20;12;24;17;22;17;21;13;22;18;20;13;16;21;17;9;7;14;5;5;9;8;15;8;14;22;14;16;21;29;19;26;17;24;28;32;36;27;33;27;22;20;32;21;23;27;13;21;20;16;26;22;9;11;14;10;10;8;10;9;4;5;2;7;4;8;1;5;1;3;1;3;2;2;0;1;3;1;3;3;2;1;2;1;0;1;0;0;0;1;0;2;0;0;0;0;0;0;0;0;0
100004;Poggio a Caiano;11;9;7;8;10;10;11;15;11;13;10;10;12;7;7;9;8;4;7;5;5;5;9;3;7;8;13;16;10;9;15;11;11;25;18;13;23;22;14;17;17;14;17;16;8;10;11;12;13;12;12;9;6;11;12;4;5;7;6;4;7;3;2;7;3;2;3;4;3;2;2;3;1;0;1;1;1;2;0;0;0;0;0;0;0;0;0;0;0;0;1;0;0;0;0;0;0;0;0;0;0
100005;Prato;255;262;304;271;299;289;295;314;298;262;292;278;267;252;257;194;236;204;182;170;186;182;177;176;210;219;272;292;339;376;410;463;454;450;444;433;461;450;409;432;457;410;470;403;383;390;346;373;348;362;325;304;268;266;245;237;193;187;172;152;127;128;115;121;106;77;76;66;79;36;45;53;37;30;21;27;14;14;23;10;12;16;8;7;4;6;6;1;5;3;3;2;0;2;0;0;1;0;0;0;0
100006;Vaiano;4;3;6;6;6;5;2;5;1;7;6;3;3;3;4;2;1;2;0;0;1;1;4;3;2;1;3;4;7;8;4;9;5;9;7;8;6;9;12;10;5;3;7;5;5;3;8;8;4;5;6;10;11;7;3;4;4;2;5;5;4;3;6;3;8;5;4;3;2;3;0;2;2;3;1;0;2;2;2;0;1;0;0;0;0;0;0;0;0;0;0;0;0;0;0;0;0;0;0;0;0
100007;Vernio;8;5;4;3;4;7;3;1;1;2;2;2;2;0;2;4;3;4;3;4;0;1;3;2;3;5;5;4;4;11;5;5;2;5;4;6;3;6;10;3;9;4;9;2;7;8;8;10;4;5;5;7;4;4;2;6;3;1;4;2;3;5;2;2;1;1;2;1;3;0;1;2;0;0;1;0;0;0;2;2;0;0;1;1;0;0;1;0;0;0;0;0;0;0;0;0;0;0;0;0;0
;Totale;308;312;356;315;348;344;342;360;345;312;339;323;319;303;301;233;259;235;199;191;208;202;217;204;243;263;319;344;392;453;465;531;500;539;527;512;552;537;499;509;533;478;553;469;448;459;399;439;401;420;386;370;312;311;289;276;226;215;205;178;152;150;135;150;133;97;88;85;92;45;51;65;44;37;25;30;20;20;32;16;15;18;12;9;4;8;7;1;5;4;4;4;0;2;0;0;1;0;0;0;0
