"Popolazione per età, vista per territorio - Comuni della Provincia di Ragusa"

"Ricostruzione della popolazione intercensuaria - Popolazione al 1° gennaio per età"
"Tutte le cittadinanze - Anno: 2002 - Provincia: Ragusa"
Territorio/Età;;0;1;2;3;4;5;6;7;8;9;10;11;12;13;14;15;16;17;18;19;20;21;22;23;24;25;26;27;28;29;30;31;32;33;34;35;36;37;38;39;40;41;42;43;44;45;46;47;48;49;50;51;52;53;54;55;56;57;58;59;60;61;62;63;64;65;66;67;68;69;70;71;72;73;74;75;76;77;78;79;80;81;82;83;84;85;86;87;88;89;90;91;92;93;94;95;96;97;98;99;100
Codice comune;Comune;Totale
088001;Acate;99;101;101;88;118;103;107;112;98;111;85;106;113;97;98;101;106;123;112;128;102;130;110;115;106;123;120;113;142;132;140;125;130;123;125;130;130;125;114;124;115;115;110;112;86;98;108;101;89;100;105;81;100;108;107;88;71;61;75;76;72;80;95;72;47;80;85;66;50;51;76;69;63;77;61;61;51;51;32;51;34;34;28;21;16;16;18;12;14;19;12;6;7;5;0;0;2;0;3;2;0
088002;Chiaramonte Gulfi;57;63;72;83;76;84;91;94;97;105;90;82;87;93;100;103;84;97;74;98;103;106;79;82;109;98;102;95;92;106;120;120;118;138;121;112;120;117;144;122;115;128;127;118;105;105;112;112;92;96;95;104;105;73;88;65;72;69;69;78;77;102;89;95;103;97;87;81;91;76;105;106;95;107;81;98;90;85;68;76;62;62;45;28;18;41;35;27;39;18;16;15;14;10;2;5;0;3;1;0;0
088003;Comiso;312;279;307;281;316;334;339;307;377;352;338;386;323;322;368;336;339;350;353;334;374;356;354;413;398;449;438;420;455;429;442;428;445;456;458;502;463;443;437;444;447;419;439;345;413;365;359;367;369;310;325;342;372;387;378;348;255;291;292;297;286;340;356;332;295;305;306;292;275;268;298;315;269;257;257;258;225;237;211;212;182;174;96;74;65;70;85;70;77;59;34;32;24;17;5;5;5;1;1;2;1
088004;Giarratana;32;26;35;32;34;26;35;37;29;33;43;34;34;27;53;34;32;36;31;46;31;52;33;46;48;28;42;38;38;29;47;45;49;51;44;53;52;56;45;47;44;59;45;42;39;47;36;51;40;31;36;36;43;40;46;38;30;32;20;34;34;46;43;42;46;43;40;42;38;45;45;46;47;30;28;42;30;49;28;41;16;26;18;11;15;23;15;13;14;7;9;5;4;6;5;0;2;0;0;1;0
088005;Ispica;152;142;161;153;140;161;156;163;171;194;197;189;187;172;162;184;197;177;185;202;226;198;183;200;179;210;217;195;209;231;227;222;211;221;215;215;168;212;176;208;218;211;190;191;194;196;176;178;186;170;175;173;202;185;192;185;163;157;133;144;162;197;192;152;137;156;161;127;121;121;140;136;144;130;109;111;109;100;97;97;77;89;71;39;32;32;35;34;38;35;22;15;19;11;7;5;2;1;3;1;1
088006;Modica;571;604;611;562;569;556;605;587;665;607;596;687;669;722;666;700;642;672;689;751;714;686;689;688;710;757;788;851;754;787;763;769;811;789;747;740;800;773;745;776;745;787;655;707;592;750;647;669;613;655;648;599;702;643;679;563;508;492;495;501;538;589;593;548;461;499;499;446;486;506;524;501;522;480;452;472;453;452;441;407;376;329;217;148;144;181;186;164;127;126;96;47;45;38;28;15;18;8;6;3;0
088007;Monterosso Almo;29;35;39;29;30;41;35;23;29;33;27;38;27;34;37;44;27;40;36;40;40;34;42;49;49;42;43;51;55;45;38;46;42;60;54;57;41;52;49;45;38;48;48;41;38;30;46;38;31;47;45;30;41;51;54;37;42;28;33;29;22;36;40;42;48;36;49;50;44;35;35;29;39;45;29;50;26;30;32;28;33;22;28;8;15;10;14;8;19;13;5;8;5;0;2;1;1;1;0;0;0
088008;Pozzallo;193;193;210;224;208;188;198;202;223;225;243;250;233;271;253;277;251;275;265;270;278;260;261;254;260;312;317;276;282;271;311;267;252;267;267;256;258;267;248;272;252;245;254;248;243;229;255;265;263;226;193;233;248;269;243;185;210;164;141;185;189;206;185;177;163;128;142;152;135;155;131;143;128;118;101;120;91;91;97;89;84;89;61;32;45;46;42;48;30;29;22;12;9;7;5;4;3;2;1;1;2
088009;Ragusa;606;618;581;573;634;679;671;712;707;738;773;738;713;738;750;741;748;771;846;830;835;880;874;892;883;947;999;1040;1054;1026;1008;1010;1028;1016;1042;1035;1005;1041;1019;1018;1065;1000;1018;975;936;942;897;974;891;847;826;913;951;989;1032;862;769;703;713;653;739;841;904;850;752;782;772;776;716;742;732;763;694;673;635;611;583;620;522;544;464;402;258;175;188;193;246;185;183;176;120;88;67;60;38;19;14;8;5;5;7
088010;Santa Croce Camerina;91;71;97;90;76;107;96;106;88;99;99;103;104;105;88;90;91;90;90;102;93;117;115;106;108;124;155;152;141;130;124;135;151;154;145;141;144;120;133;123;126;153;111;99;108;114;106;132;103;100;108;91;114;97;130;84;77;101;76;76;90;99;88;100;73;88;98;99;84;80;71;91;69;76;71;71;55;74;53;58;44;44;24;20;21;18;31;18;19;15;10;7;6;6;2;2;1;0;3;1;0
088011;Scicli;234;257;280;253;268;273;275;260;289;302;330;281;285;302;288;279;269;311;303;321;329;338;307;342;344;376;364;399;388;386;380;390;435;393;404;383;387;371;318;338;343;348;312;286;317;327;310;280;279;300;308;315;293;345;320;331;278;254;245;280;264;333;324;307;269;281;303;250;296;307;272;291;257;247;235;228;237;195;216;195;195;175;120;79;65;73;83;80;79;63;42;42;21;11;14;12;4;2;3;2;2
088012;Vittoria;645;636;653;700;695;689;660;696;757;777;731;770;735;766;728;728;751;746;728;800;770;809;800;819;852;861;859;952;861;875;939;850;892;839;867;941;868;820;828;813;782;830;806;677;669;670;695;678;623;600;613;643;685;652;691;612;507;487;517;500;524;584;591;541;456;561;513;499;474;421;472;497;445;474;368;391;368;350;315;357;281;275;186;123;127;131;99;103;104;75;61;46;25;37;15;10;10;6;4;2;2
;Totale;3021;3025;3147;3068;3164;3241;3268;3299;3530;3576;3552;3664;3510;3649;3591;3617;3537;3688;3712;3922;3895;3966;3847;4006;4046;4327;4444;4582;4471;4447;4539;4407;4564;4507;4489;4565;4436;4397;4256;4330;4290;4343;4115;3841;3740;3873;3747;3845;3579;3482;3477;3560;3856;3839;3960;3398;2982;2839;2809;2853;2997;3453;3500;3258;2850;3056;3055;2880;2810;2807;2901;2987;2772;2714;2427;2513;2318;2334;2112;2155;1848;1721;1152;758;751;834;889;762;743;635;449;323;246;208;123;78;62;32;30;20;15
Territorio/Età;;0;1;2;3;4;5;6;7;8;9;10;11;12;13;14;15;16;17;18;19;20;21;22;23;24;25;26;27;28;29;30;31;32;33;34;35;36;37;38;39;40;41;42;43;44;45;46;47;48;49;50;51;52;53;54;55;56;57;58;59;60;61;62;63;64;65;66;67;68;69;70;71;72;73;74;75;76;77;78;79;80;81;82;83;84;85;86;87;88;89;90;91;92;93;94;95;96;97;98;99;100
Codice comune;Comune;Maschi
088001;Acate;50;46;56;50;60;46;55;54;47;55;37;59;48;61;46;57;57;66;59;67;57;56;47;55;57;61;61;57;75;76;61;59;62;62;66;75;65;65;59;67;63;63;53;63;41;50;55;44;43;53;49;37;46;57;50;48;35;31;39;38;35;46;50;37;22;37;35;34;26;26;32;40;24;37;31;30;26;19;11;24;10;17;9;9;4;8;8;6;6;7;3;3;2;1;0;0;1;0;1;1;0
088002;Chiaramonte Gulfi;21;34;35;40;39;49;49;57;51;52;47;37;46;48;51;51;37;57;30;51;56;52;40;40;51;58;55;47;42;61;60;60;54;66;56;58;53;61;80;60;55;64;62;68;47;50;64;69;49;42;44;55;52;34;42;27;45;30;27;34;37;41;43;48;52;43;42;34;34;36;42;46;44;55;41;45;43;36;33;38;23;33;17;9;8;17;12;13;17;8;8;7;6;4;1;3;0;2;0;0;0
088003;Comiso;158;138;165;146;168;170;178;165;190;180;166;198;170;177;186;172;175;159;195;165;194;193;192;185;201;224;224;200;217;205;212;211;206;235;231;264;236;214;210;231;236;204;208;179;207;179;166;173;175;144;155;174;197;181;175;168;122;142;151;124;137;165;182;142;138;142;156;125;128;117;135;150;110;121;116;126;95;110;88;72;76;60;46;35;28;33;36;33;28;19;10;14;12;10;3;3;2;0;1;0;0
088004;Giarratana;16;20;17;17;19;13;14;18;12;21;23;15;22;12;28;19;18;17;12;26;17;35;21;20;27;12;21;19;20;17;17;23;23;31;21;26;29;25;18;29;18;31;22;18;14;31;14;24;26;17;17;17;14;19;23;21;16;22;8;16;13;19;17;22;17;21;14;21;19;19;20;22;21;17;15;15;13;20;8;22;2;11;7;5;6;14;6;8;8;4;5;1;2;3;2;0;1;0;0;1;0
088005;Ispica;79;72;88;69;75;80;79;81;82;110;96;112;98;90;85;90;103;88;96;106;124;100;92;104;89;105;106;106;103;110;113;108;122;106;95;111;98;115;83;99;107;85;90;85;108;102;98;97;103;74;94;92;90;82;86;85;80;75;68;67;71;93;87;73;75;67;81;59;61;55;58;59;73;54;54;55;51;41;42;36;34;35;34;13;17;13;13;15;12;10;10;7;5;6;4;1;1;0;1;0;1
088006;Modica;285;309;315;291;287;286;292;301;335;321;322;350;328;349;332;361;307;375;333;393;353;355;336;327;351;367;391;418;383;396;394;395;402;375;370;351;399;376;371;356;354;386;335;328;307;381;319;329;288;318;297;282;355;296;335;246;257;227;240;242;268;287;277;248;221;233;237;217;236;217;218;244;242;207;205;204;175;172;192;171;150;141;80;57;59;65;72;61;57;43;43;17;22;11;9;8;6;2;2;0;0
088007;Monterosso Almo;16;13;18;13;21;22;16;13;14;18;11;18;13;14;21;23;13;25;17;23;14;17;23;24;22;15;20;24;24;23;18;29;23;33;28;26;22;29;24;20;15;25;20;18;19;17;21;19;14;17;17;17;28;28;28;16;19;15;14;11;8;19;21;20;20;17;25;22;23;19;19;8;19;20;14;19;12;17;19;10;17;6;10;5;5;5;6;4;6;1;3;6;2;0;2;0;0;0;0;0;0
088008;Pozzallo;113;95;117;109;97;102;99;105;111;120;135;139;96;140;117;136;125;124;126;136;144;130;143;138;123;171;158;149;136;133;165;143;135;120;131;128;121;141;115;120;122;120;127;117;119;116;109;116;122;109;98;117;126;146;131;87;117;85;78;97;94;111;87;88;85;52;73;79;68;79;50;61;63;59;46;52;38;39;39;40;27;27;22;12;20;22;15;18;9;8;6;3;2;2;3;3;1;0;0;0;0
088009;Ragusa;294;323;306;281;342;346;351;379;358;366;398;368;397;368;382;379;376;377;442;426;421;449;454;428;472;461;491;535;530;522;501;515;527;491;499;525;497;532;473;517;487;470;497;481;470;442;438;460;407;406;397;463;452;431;481;411;367;324;336;296;344;379;401;381;345;360;369;359;316;319;327;335;299;318;283;250;242;266;213;233;179;175;90;65;80;72;97;72;68;66;37;30;27;21;10;7;5;1;1;0;2
088010;Santa Croce Camerina;45;39;58;45;34;44;54;61;43;54;51;51;57;54;32;50;54;48;44;56;50;57;60;55;67;68;84;70;72;74;55;71;86;92;85;75;82;71;72;73;64;85;64;47;59;53;59;72;53;53;60;47;60;46;59;42;36;52;36;43;47;53;43;47;35;47;40;54;35;32;28;34;32;35;30;35;26;33;19;28;16;25;5;8;6;7;17;4;6;9;3;4;2;3;1;0;1;0;1;0;0
088011;Scicli;104;132;145;136;136;138;124;141;153;173;172;148;148;159;152;158;139;144;151;181;172;189;150;163;154;198;175;218;216;201;172;168;225;203;200;200;196;195;155;164;178;168;161;141;141;143;153;145;136;136;154;151;154;166;155;169;113;129;112;148;123;164;150;128;122;141;148;115;144;137;126;132;132;113;105;93;118;83;93;90;85;65;53;28;30;34;32;31;24;23;13;14;8;6;3;0;1;0;1;0;1
088012;Vittoria;347;321;325;377;357;354;335;399;394;399;329;404;401;403;374;359;376;363;369;401;390;395;386;434;452;427;423;472;446;456;470;459;474;423;435;471;465;420;406;428;412;411;407;337;322;315;360;318;337;290;293;308;334;312;326;301;252;239;262;256;227;263;277;268;227;268;236;235;220;196;221;223;214;222;182;173;146;165;136;149;115;117;68;44;47;53;40;46;44;37;19;12;5;13;4;4;4;1;2;1;2
;Totale;1528;1542;1645;1574;1635;1650;1646;1774;1790;1869;1787;1899;1824;1875;1806;1855;1780;1843;1874;2031;1992;2028;1944;1973;2066;2167;2209;2315;2264;2274;2238;2241;2339;2237;2217;2310;2263;2244;2066;2164;2111;2112;2046;1882;1854;1879;1856;1866;1753;1659;1675;1760;1908;1798;1891;1621;1459;1371;1371;1372;1404;1640;1635;1502;1359;1428;1456;1354;1310;1252;1276;1354;1273;1258;1122;1097;985;1001;893;913;734;712;441;290;310;343;354;311;285;235;160;118;95;80;42;29;23;6;10;3;6
Territorio/Età;;0;1;2;3;4;5;6;7;8;9;10;11;12;13;14;15;16;17;18;19;20;21;22;23;24;25;26;27;28;29;30;31;32;33;34;35;36;37;38;39;40;41;42;43;44;45;46;47;48;49;50;51;52;53;54;55;56;57;58;59;60;61;62;63;64;65;66;67;68;69;70;71;72;73;74;75;76;77;78;79;80;81;82;83;84;85;86;87;88;89;90;91;92;93;94;95;96;97;98;99;100
Codice comune;Comune;Femmine
088001;Acate;49;55;45;38;58;57;52;58;51;56;48;47;65;36;52;44;49;57;53;61;45;74;63;60;49;62;59;56;67;56;79;66;68;61;59;55;65;60;55;57;52;52;57;49;45;48;53;57;46;47;56;44;54;51;57;40;36;30;36;38;37;34;45;35;25;43;50;32;24;25;44;29;39;40;30;31;25;32;21;27;24;17;19;12;12;8;10;6;8;12;9;3;5;4;0;0;1;0;2;1;0
088002;Chiaramonte Gulfi;36;29;37;43;37;35;42;37;46;53;43;45;41;45;49;52;47;40;44;47;47;54;39;42;58;40;47;48;50;45;60;60;64;72;65;54;67;56;64;62;60;64;65;50;58;55;48;43;43;54;51;49;53;39;46;38;27;39;42;44;40;61;46;47;51;54;45;47;57;40;63;60;51;52;40;53;47;49;35;38;39;29;28;19;10;24;23;14;22;10;8;8;8;6;1;2;0;1;1;0;0
088003;Comiso;154;141;142;135;148;164;161;142;187;172;172;188;153;145;182;164;164;191;158;169;180;163;162;228;197;225;214;220;238;224;230;217;239;221;227;238;227;229;227;213;211;215;231;166;206;186;193;194;194;166;170;168;175;206;203;180;133;149;141;173;149;175;174;190;157;163;150;167;147;151;163;165;159;136;141;132;130;127;123;140;106;114;50;39;37;37;49;37;49;40;24;18;12;7;2;2;3;1;0;2;1
088004;Giarratana;16;6;18;15;15;13;21;19;17;12;20;19;12;15;25;15;14;19;19;20;14;17;12;26;21;16;21;19;18;12;30;22;26;20;23;27;23;31;27;18;26;28;23;24;25;16;22;27;14;14;19;19;29;21;23;17;14;10;12;18;21;27;26;20;29;22;26;21;19;26;25;24;26;13;13;27;17;29;20;19;14;15;11;6;9;9;9;5;6;3;4;4;2;3;3;0;1;0;0;0;0
088005;Ispica;73;70;73;84;65;81;77;82;89;84;101;77;89;82;77;94;94;89;89;96;102;98;91;96;90;105;111;89;106;121;114;114;89;115;120;104;70;97;93;109;111;126;100;106;86;94;78;81;83;96;81;81;112;103;106;100;83;82;65;77;91;104;105;79;62;89;80;68;60;66;82;77;71;76;55;56;58;59;55;61;43;54;37;26;15;19;22;19;26;25;12;8;14;5;3;4;1;1;2;1;0
088006;Modica;286;295;296;271;282;270;313;286;330;286;274;337;341;373;334;339;335;297;356;358;361;331;353;361;359;390;397;433;371;391;369;374;409;414;377;389;401;397;374;420;391;401;320;379;285;369;328;340;325;337;351;317;347;347;344;317;251;265;255;259;270;302;316;300;240;266;262;229;250;289;306;257;280;273;247;268;278;280;249;236;226;188;137;91;85;116;114;103;70;83;53;30;23;27;19;7;12;6;4;3;0
088007;Monterosso Almo;13;22;21;16;9;19;19;10;15;15;16;20;14;20;16;21;14;15;19;17;26;17;19;25;27;27;23;27;31;22;20;17;19;27;26;31;19;23;25;25;23;23;28;23;19;13;25;19;17;30;28;13;13;23;26;21;23;13;19;18;14;17;19;22;28;19;24;28;21;16;16;21;20;25;15;31;14;13;13;18;16;16;18;3;10;5;8;4;13;12;2;2;3;0;0;1;1;1;0;0;0
088008;Pozzallo;80;98;93;115;111;86;99;97;112;105;108;111;137;131;136;141;126;151;139;134;134;130;118;116;137;141;159;127;146;138;146;124;117;147;136;128;137;126;133;152;130;125;127;131;124;113;146;149;141;117;95;116;122;123;112;98;93;79;63;88;95;95;98;89;78;76;69;73;67;76;81;82;65;59;55;68;53;52;58;49;57;62;39;20;25;24;27;30;21;21;16;9;7;5;2;1;2;2;1;1;2
088009;Ragusa;312;295;275;292;292;333;320;333;349;372;375;370;316;370;368;362;372;394;404;404;414;431;420;464;411;486;508;505;524;504;507;495;501;525;543;510;508;509;546;501;578;530;521;494;466;500;459;514;484;441;429;450;499;558;551;451;402;379;377;357;395;462;503;469;407;422;403;417;400;423;405;428;395;355;352;361;341;354;309;311;285;227;168;110;108;121;149;113;115;110;83;58;40;39;28;12;9;7;4;5;5
088010;Santa Croce Camerina;46;32;39;45;42;63;42;45;45;45;48;52;47;51;56;40;37;42;46;46;43;60;55;51;41;56;71;82;69;56;69;64;65;62;60;66;62;49;61;50;62;68;47;52;49;61;47;60;50;47;48;44;54;51;71;42;41;49;40;33;43;46;45;53;38;41;58;45;49;48;43;57;37;41;41;36;29;41;34;30;28;19;19;12;15;11;14;14;13;6;7;3;4;3;1;2;0;0;2;1;0
088011;Scicli;130;125;135;117;132;135;151;119;136;129;158;133;137;143;136;121;130;167;152;140;157;149;157;179;190;178;189;181;172;185;208;222;210;190;204;183;191;176;163;174;165;180;151;145;176;184;157;135;143;164;154;164;139;179;165;162;165;125;133;132;141;169;174;179;147;140;155;135;152;170;146;159;125;134;130;135;119;112;123;105;110;110;67;51;35;39;51;49;55;40;29;28;13;5;11;12;3;2;2;2;1
088012;Vittoria;298;315;328;323;338;335;325;297;363;378;402;366;334;363;354;369;375;383;359;399;380;414;414;385;400;434;436;480;415;419;469;391;418;416;432;470;403;400;422;385;370;419;399;340;347;355;335;360;286;310;320;335;351;340;365;311;255;248;255;244;297;321;314;273;229;293;277;264;254;225;251;274;231;252;186;218;222;185;179;208;166;158;118;79;80;78;59;57;60;38;42;34;20;24;11;6;6;5;2;1;0
;Totale;1493;1483;1502;1494;1529;1591;1622;1525;1740;1707;1765;1765;1686;1774;1785;1762;1757;1845;1838;1891;1903;1938;1903;2033;1980;2160;2235;2267;2207;2173;2301;2166;2225;2270;2272;2255;2173;2153;2190;2166;2179;2231;2069;1959;1886;1994;1891;1979;1826;1823;1802;1800;1948;2041;2069;1777;1523;1468;1438;1481;1593;1813;1865;1756;1491;1628;1599;1526;1500;1555;1625;1633;1499;1456;1305;1416;1333;1333;1219;1242;1114;1009;711;468;441;491;535;451;458;400;289;205;151;128;81;49;39;26;20;17;9

"Ricostruzione della popolazione intercensuaria - Popolazione al 1° gennaio per età"
"Tutte le cittadinanze - Anno: 2003 - Provincia: Ragusa"
Territorio/Età;;0;1;2;3;4;5;6;7;8;9;10;11;12;13;14;15;16;17;18;19;20;21;22;23;24;25;26;27;28;29;30;31;32;33;34;35;36;37;38;39;40;41;42;43;44;45;46;47;48;49;50;51;52;53;54;55;56;57;58;59;60;61;62;63;64;65;66;67;68;69;70;71;72;73;74;75;76;77;78;79;80;81;82;83;84;85;86;87;88;89;90;91;92;93;94;95;96;97;98;99;100
Codice comune;Comune;Totale
088001;Acate;104;99;101;99;91;119;105;109;114;98;114;84;105;113;96;97;105;104;119;107;129;104;128;108;115;105;120;114;113;145;132;140;122;132;121;125;123;137;128;114;129;114;117;112;114;85;95;106;102;87;101;104;82;101;108;107;88;72;60;76;76;72;80;95;73;45;78;81;67;50;51;75;68;62;75;60;58;49;49;28;49;34;34;24;17;16;16;17;12;9;16;9;2;0;2;0;0;2;0;1;1
088002;Chiaramonte Gulfi;56;55;62;71;81;73;85;93;90;99;101;90;83;87;93;100;104;85;97;76;100;107;104;79;84;109;99;102;92;94;110;120;119;118;139;122;112;123;116;144;123;114;126;127;119;105;106;114;116;91;96;96;105;105;73;87;67;71;70;70;78;75;103;89;94;103;96;85;80;93;77;101;105;95;106;77;95;88;81;63;74;57;59;38;29;14;37;30;19;35;16;10;11;11;7;1;3;0;2;1;0
088003;Comiso;313;315;285;312;281;323;335;341;306;374;350;331;384;323;319;370;335;339;352;349;334;369;353;349;411;391;442;443;416;455;427;435;424;434;467;462;499;455;438;448;445;450;412;436;343;411;365;362;364;369;303;330;341;375;383;371;344;253;293;294;296;286;338;352;329;294;300;303;289;268;262;291;308;263;249;247;247;213;229;199;201;171;161;88;67;55;62;75;59;62;44;28;25;19;10;1;4;4;0;0;3
088004;Giarratana;27;32;27;38;32;35;25;38;39;30;34;42;34;32;27;54;33;33;36;31;43;32;53;31;47;45;31;39;40;40;30;45;46;51;51;45;53;53;55;44;46;42;58;45;43;39;47;36;51;41;30;36;38;43;40;46;37;31;32;20;33;35;46;44;40;46;43;40;41;37;45;46;41;43;30;26;41;30;44;26;38;16;24;17;10;15;22;13;9;14;7;8;5;4;6;1;0;2;0;0;0
088005;Ispica;128;153;146;159;153;137;162;152;163;172;193;196;190;186;171;159;187;200;177;182;200;217;192;175;195;178;208;220;189;202;235;222;223;210;227;219;216;171;214;177;209;219;209;193;191;194;198;177;175;184;168;175;170;199;180;190;187;165;158;134;142;160;197;194;149;139;153;158;128;121;119;137;134;136;122;104;104;107;97;94;92;73;79;68;39;28;29;35;31;36;32;18;8;12;6;5;5;1;1;2;1
088006;Modica;526;570;603;611;568;577;559;612;589;669;606;603;692;673;730;661;698;644;670;691;747;707;685;682;682;703;754;787;849;756;794;759;766;807;789;749;743;804;769;744;786;745;785;658;708;594;742;643;669;616;651;647;592;698;647;675;561;512;493;490;500;532;587;596;548;450;490;498;446;481;499;517;490;516;477;441;467;443;430;422;386;349;307;201;134;132;166;164;148;108;101;74;37;37;31;20;9;13;5;2;1
088007;Monterosso Almo;37;33;37;41;31;29;42;35;23;29;33;27;38;27;34;36;44;26;42;36;41;40;34;40;48;50;49;47;49;54;48;38;48;45;60;56;59;42;53;49;46;37;49;48;42;41;30;46;37;30;47;45;29;41;51;54;40;42;28;32;31;22;40;38;46;48;36;49;51;44;33;34;29;40;45;29;48;24;28;33;29;32;23;20;7;11;9;13;6;16;7;5;7;4;0;1;0;0;1;0;0
088008;Pozzallo;174;197;197;207;222;206;184;200;201;225;230;240;253;234;271;253;272;252;279;263;273;274;259;265;250;260;316;314;276;283;272;311;264;254;268;268;258;258;267;246;276;244;247;257;245;243;231;251;264;264;229;194;239;249;266;245;184;206;167;141;191;189;204;185;177;161;121;146;149;130;153;129;142;127;114;100;121;91;90;93;90;81;85;56;30;40;41;36;39;26;26;20;9;7;4;4;1;1;0;1;3
088009;Ragusa;636;612;626;591;584;640;672;677;713;713;742;777;739;712;747;755;742;753;774;846;831;833;870;879;887;892;954;993;1052;1064;1030;1013;1012;1028;1007;1048;1043;1012;1045;1019;1027;1078;1006;1022;978;943;947;896;975;891;842;825;910;945;990;1028;859;760;698;712;651;736;841;906;845;747;780;762;768;711;731;729;752;678;658;615;601;570;601;496;498;439;376;245;159;171;179;219;169;152;143;103;73;55;44;25;13;11;7;1;7
088010;Santa Croce Camerina;94;92;75;96;90;80;108;96;107;87;102;100;103;101;104;86;91;89;97;93;99;90;119;118;103;108;125;157;153;140;127;131;136;156;158;144;141;143;119;135;119;126;154;109;104;110;115;107;135;105;106;108;91;115;100;133;85;81;101;78;79;91;100;92;99;73;90;96;98;80;76;74;88;68;73;68;69;53;67;48;55;41;44;24;19;20;18;27;18;17;13;10;6;6;3;1;2;0;0;3;1
088011;Scicli;259;232;249;279;252;266;271;271;259;287;305;327;280;282;300;287;279;270;303;304;322;323;335;298;338;334;370;360;393;381;375;379;388;425;393;405;387;381;371;320;332;339;344;309;278;318;324;305;280;277;297;304;316;289;342;315;328;277;248;246;279;265;331;317;307;269;278;297;244;293;302;267;287;252;241;229;222;227;185;210;183;180;165;107;77;59;60;79;70;68;49;35;37;13;12;12;9;0;2;2;3
088012;Vittoria;721;644;640;655;701;692;695;660;697;761;775;726;774;734;765;728;721;758;750;734;801;768;809;794;808;839;860;854;934;847;861;929;839;883;833;857;930;855;818;828;809;783;833;806;672;675;671;693;675;625;600;613;645;687;654;699;611;506;484;517;501;527;586;584;543;454;557;512;500;461;422;460;487;436;466;363;374;353;342;301;329;271;254;166;116;112;109;88;85;90;65;46;38;19;26;11;9;8;4;3;1
;Totale;3075;3034;3048;3159;3086;3177;3243;3284;3301;3544;3585;3543;3675;3504;3657;3586;3611;3553;3696;3712;3920;3864;3941;3818;3968;4014;4328;4430;4556;4461;4441;4522;4387;4543;4513;4500;4564;4434;4393;4268;4347;4291;4340;4122;3837;3758;3871;3736;3843;3580;3470;3477;3558;3847;3834;3950;3391;2976;2832;2810;2857;2990;3453;3492;3250;2829;3022;3027;2861;2769;2770;2860;2931;2716;2656;2359;2447;2248;2243;2013;2024;1744;1611;1054;704;673;748;796;665;633;519;366;258;187;151;82;55;42;22;16;21
Territorio/Età;;0;1;2;3;4;5;6;7;8;9;10;11;12;13;14;15;16;17;18;19;20;21;22;23;24;25;26;27;28;29;30;31;32;33;34;35;36;37;38;39;40;41;42;43;44;45;46;47;48;49;50;51;52;53;54;55;56;57;58;59;60;61;62;63;64;65;66;67;68;69;70;71;72;73;74;75;76;77;78;79;80;81;82;83;84;85;86;87;88;89;90;91;92;93;94;95;96;97;98;99;100
Codice comune;Comune;Maschi
088001;Acate;46;49;46;53;52;63;46;57;54;46;58;37;60;48;61;46;59;56;64;56;67;57;54;47;54;56;59;56;55;78;76;59;54;63;60;67;70;69;69;59;70;62;64;52;64;40;47;53;44;41;54;49;37;47;57;50;48;36;31;40;38;35;46;49;37;22;35;33;35;26;25;31;37;23;34;30;27;26;17;10;23;10;16;9;8;4;8;7;5;4;6;1;1;0;0;0;0;1;0;1;1
088002;Chiaramonte Gulfi;27;22;33;35;38;38;50;50;54;54;49;48;38;45;48;50;51;37;57;30;52;57;51;39;42;51;60;57;44;45;64;60;59;51;67;57;59;53;61;79;64;53;63;62;67;47;50;66;71;49;43;45;55;52;34;42;27;45;30;27;34;38;42;43;47;51;42;41;34;36;36;40;45;44;55;38;44;44;35;30;35;21;30;16;9;6;15;11;9;15;8;5;6;6;2;1;1;0;2;0;0
088003;Comiso;156;159;141;168;148;169;172;179;165;191;178;161;197;170;177;185;170;175;158;191;168;194;193;189;186;195;220;221;196;220;200;210;205;203;240;232;260;231;213;215;232;238;200;205;179;204;179;167;172;176;142;159;174;198;177;170;167;121;146;153;123;138;164;181;140;135;139;154;121;122;113;129;145;108;116;108;119;91;107;82;67;68;55;44;30;26;29;31;28;22;15;7;11;9;4;1;2;2;0;0;0
088004;Giarratana;15;15;21;19;17;19;11;15;19;13;20;22;15;22;12;29;19;18;17;12;26;17;36;19;20;24;13;19;21;22;17;16;22;23;31;21;26;30;24;18;28;16;30;22;18;14;31;14;24;26;17;17;19;14;19;23;21;16;22;8;15;14;19;17;20;17;21;14;21;19;19;20;20;20;17;14;15;14;17;6;22;1;10;6;5;6;13;5;5;7;4;4;1;2;3;1;0;1;0;0;0
088005;Ispica;79;80;73;86;68;74;78;78;83;85;108;94;111;96;90;82;92;108;89;94;107;122;95;88;99;87;102;112;101;97;110;109;111;123;113;96;109;101;116;82;100;109;84;92;86;107;101;100;98;102;74;94;90;90;80;84;85;81;77;68;68;70;94;87;70;74;66;76;60;62;53;57;59;68;53;49;53;51;38;40;36;33;29;32;13;13;12;13;12;11;7;10;4;1;4;2;1;1;0;0;0
088006;Modica;268;284;308;314;294;292;288;294;298;338;322;326;353;331;352;328;360;308;376;333;389;350;352;332;321;342;369;389;412;383;401;387;394;398;375;370;349;401;372;371;359;356;386;335;329;308;370;316;333;292;315;295;277;352;296;334;245;260;226;237;240;266;286;274;248;216;224;233;217;232;213;217;237;237;207;197;200;170;161;184;157;135;132;70;52;52;55;64;56;45;30;36;12;16;8;5;5;6;2;1;0
088007;Monterosso Almo;17;16;15;20;15;21;22;16;13;14;18;11;18;13;14;21;23;11;25;17;25;14;17;21;24;22;17;23;24;24;25;18;32;26;33;28;27;23;30;24;20;15;26;21;19;22;17;21;18;14;17;17;16;28;28;27;17;19;15;13;13;8;21;20;22;20;17;25;23;23;18;19;8;20;19;14;18;10;16;19;10;17;7;7;4;5;5;6;2;4;0;2;5;2;0;1;0;0;0;0;0
088008;Pozzallo;88;112;99;117;108;96;102;101;102;112;124;133;141;97;140;119;133;126;123;126;137;140;131;145;138;122;178;153;147;134;130;166;142;135;118;132;129;122;143;113;124;117;119;130;117;119;117;107;113;120;109;98;119;126;145;132;87;115;86;78;102;92;108;88;89;85;48;76;75;64;79;50;61;62;56;44;54;38;37;37;38;27;28;20;11;17;19;12;14;7;7;5;3;1;0;2;1;1;0;0;0
088009;Ragusa;317;297;324;312;288;349;344;357;377;364;371;398;368;396;376;384;378;380;380;443;422;420;445;451;427;476;460;490;546;534;522;499;514;525;485;506;527;503;526;473;522;492;476;497;478;477;447;439;463;403;401;396;461;447;434;475;410;361;321;333;294;341;382;405;377;345;359;360;355;310;313;322;332;292;309;271;242;238;259;204;207;164;163;82;56;70;68;86;64;53;52;32;25;24;14;6;5;3;0;0;0
088010;Santa Croce Camerina;46;47;44;56;46;37;47;55;62;41;56;53;51;57;51;32;53;53;57;44;54;48;56;63;52;68;68;85;71;69;70;60;70;91;92;81;75;82;68;72;69;64;85;63;53;59;55;60;72;54;56;60;47;58;48;62;42;38;53;37;44;47;52;44;47;35;48;40;55;31;31;29;32;32;32;29;33;25;29;15;25;13;26;8;9;6;7;14;4;6;7;4;3;2;1;0;0;0;0;1;0
088011;Scicli;131;103;129;144;136;133;136;122;140;152;173;170;148;147;160;150;160;141;141;150;179;168;183;148;158;151;192;172;213;211;194;166;166;221;201;201;202;191;195;158;160;180;164;157;135;139;143;150;143;135;135;151;153;151;163;152;166;112;126;113;146;125;163;146;128;121;138;143;113;142;133;123;130;130;110;102;91;112;79;89;89;76;58;44;26;24;26;32;26;20;17;11;11;5;5;2;0;0;0;0;1
088012;Vittoria;373;345;326;324;375;360;356;336;400;396;398;327;408;401;401;373;355;379;363;368;402;382;391;381;419;437;418;414;458;439;446;466;447;468;416;423;460;455;422;405;426;409;414;404;333;325;314;364;317;337;290;292;308;335;314;330;300;253;238;263;258;229;263;275;269;229;266;234;236;216;195;214;217;206;217;177;164;142;163;129;133;113;102;56;40;46;42;35;41;35;31;15;10;4;10;4;4;3;0;0;1
;Totale;1563;1529;1559;1648;1585;1651;1652;1660;1767;1806;1875;1780;1908;1823;1882;1799;1853;1792;1850;1864;2028;1969;2004;1923;1940;2031;2156;2191;2288;2256;2255;2216;2216;2327;2231;2214;2293;2261;2239;2069;2174;2111;2111;2040;1878;1861;1871;1857;1868;1749;1653;1673;1756;1898;1795;1881;1615;1457;1371;1370;1375;1403;1640;1629;1494;1350;1403;1429;1345;1283;1228;1251;1323;1242;1225;1073;1060;961;958;845;842;678;656;394;263;275;299;316;266;229;184;132;92;72;51;25;19;18;4;3;3
Territorio/Età;;0;1;2;3;4;5;6;7;8;9;10;11;12;13;14;15;16;17;18;19;20;21;22;23;24;25;26;27;28;29;30;31;32;33;34;35;36;37;38;39;40;41;42;43;44;45;46;47;48;49;50;51;52;53;54;55;56;57;58;59;60;61;62;63;64;65;66;67;68;69;70;71;72;73;74;75;76;77;78;79;80;81;82;83;84;85;86;87;88;89;90;91;92;93;94;95;96;97;98;99;100
Codice comune;Comune;Femmine
088001;Acate;58;50;55;46;39;56;59;52;60;52;56;47;45;65;35;51;46;48;55;51;62;47;74;61;61;49;61;58;58;67;56;81;68;69;61;58;53;68;59;55;59;52;53;60;50;45;48;53;58;46;47;55;45;54;51;57;40;36;29;36;38;37;34;46;36;23;43;48;32;24;26;44;31;39;41;30;31;23;32;18;26;24;18;15;9;12;8;10;7;5;10;8;1;0;2;0;0;1;0;0;0
088002;Chiaramonte Gulfi;29;33;29;36;43;35;35;43;36;45;52;42;45;42;45;50;53;48;40;46;48;50;53;40;42;58;39;45;48;49;46;60;60;67;72;65;53;70;55;65;59;61;63;65;52;58;56;48;45;42;53;51;50;53;39;45;40;26;40;43;44;37;61;46;47;52;54;44;46;57;41;61;60;51;51;39;51;44;46;33;39;36;29;22;20;8;22;19;10;20;8;5;5;5;5;0;2;0;0;1;0
088003;Comiso;157;156;144;144;133;154;163;162;141;183;172;170;187;153;142;185;165;164;194;158;166;175;160;160;225;196;222;222;220;235;227;225;219;231;227;230;239;224;225;233;213;212;212;231;164;207;186;195;192;193;161;171;167;177;206;201;177;132;147;141;173;148;174;171;189;159;161;149;168;146;149;162;163;155;133;139;128;122;122;117;134;103;106;44;37;29;33;44;31;40;29;21;14;10;6;0;2;2;0;0;3
088004;Giarratana;12;17;6;19;15;16;14;23;20;17;14;20;19;10;15;25;14;15;19;19;17;15;17;12;27;21;18;20;19;18;13;29;24;28;20;24;27;23;31;26;18;26;28;23;25;25;16;22;27;15;13;19;19;29;21;23;16;15;10;12;18;21;27;27;20;29;22;26;20;18;26;26;21;23;13;12;26;16;27;20;16;15;14;11;5;9;9;8;4;7;3;4;4;2;3;0;0;1;0;0;0
088005;Ispica;49;73;73;73;85;63;84;74;80;87;85;102;79;90;81;77;95;92;88;88;93;95;97;87;96;91;106;108;88;105;125;113;112;87;114;123;107;70;98;95;109;110;125;101;105;87;97;77;77;82;94;81;80;109;100;106;102;84;81;66;74;90;103;107;79;65;87;82;68;59;66;80;75;68;69;55;51;56;59;54;56;40;50;36;26;15;17;22;19;25;25;8;4;11;2;3;4;0;1;2;1
088006;Modica;258;286;295;297;274;285;271;318;291;331;284;277;339;342;378;333;338;336;294;358;358;357;333;350;361;361;385;398;437;373;393;372;372;409;414;379;394;403;397;373;427;389;399;323;379;286;372;327;336;324;336;352;315;346;351;341;316;252;267;253;260;266;301;322;300;234;266;265;229;249;286;300;253;279;270;244;267;273;269;238;229;214;175;131;82;80;111;100;92;63;71;38;25;21;23;15;4;7;3;1;1
088007;Monterosso Almo;20;17;22;21;16;8;20;19;10;15;15;16;20;14;20;15;21;15;17;19;16;26;17;19;24;28;32;24;25;30;23;20;16;19;27;28;32;19;23;25;26;22;23;27;23;19;13;25;19;16;30;28;13;13;23;27;23;23;13;19;18;14;19;18;24;28;19;24;28;21;15;15;21;20;26;15;30;14;12;14;19;15;16;13;3;6;4;7;4;12;7;3;2;2;0;0;0;0;1;0;0
088008;Pozzallo;86;85;98;90;114;110;82;99;99;113;106;107;112;137;131;134;139;126;156;137;136;134;128;120;112;138;138;161;129;149;142;145;122;119;150;136;129;136;124;133;152;127;128;127;128;124;114;144;151;144;120;96;120;123;121;113;97;91;81;63;89;97;96;97;88;76;73;70;74;66;74;79;81;65;58;56;67;53;53;56;52;54;57;36;19;23;22;24;25;19;19;15;6;6;4;2;0;0;0;1;3
088009;Ragusa;319;315;302;279;296;291;328;320;336;349;371;379;371;316;371;371;364;373;394;403;409;413;425;428;460;416;494;503;506;530;508;514;498;503;522;542;516;509;519;546;505;586;530;525;500;466;500;457;512;488;441;429;449;498;556;553;449;399;377;379;357;395;459;501;468;402;421;402;413;401;418;407;420;386;349;344;359;332;342;292;291;275;213;163;103;101;111;133;105;99;91;71;48;31;30;19;8;8;7;1;7
088010;Santa Croce Camerina;48;45;31;40;44;43;61;41;45;46;46;47;52;44;53;54;38;36;40;49;45;42;63;55;51;40;57;72;82;71;57;71;66;65;66;63;66;61;51;63;50;62;69;46;51;51;60;47;63;51;50;48;44;57;52;71;43;43;48;41;35;44;48;48;52;38;42;56;43;49;45;45;56;36;41;39;36;28;38;33;30;28;18;16;10;14;11;13;14;11;6;6;3;4;2;1;2;0;0;2;1
088011;Scicli;128;129;120;135;116;133;135;149;119;135;132;157;132;135;140;137;119;129;162;154;143;155;152;150;180;183;178;188;180;170;181;213;222;204;192;204;185;190;176;162;172;159;180;152;143;179;181;155;137;142;162;153;163;138;179;163;162;165;122;133;133;140;168;171;179;148;140;154;131;151;169;144;157;122;131;127;131;115;106;121;94;104;107;63;51;35;34;47;44;48;32;24;26;8;7;10;9;0;2;2;2
088012;Vittoria;348;299;314;331;326;332;339;324;297;365;377;399;366;333;364;355;366;379;387;366;399;386;418;413;389;402;442;440;476;408;415;463;392;415;417;434;470;400;396;423;383;374;419;402;339;350;357;329;358;288;310;321;337;352;340;369;311;253;246;254;243;298;323;309;274;225;291;278;264;245;227;246;270;230;249;186;210;211;179;172;196;158;152;110;76;66;67;53;44;55;34;31;28;15;16;7;5;5;4;3;0
;Totale;1512;1505;1489;1511;1501;1526;1591;1624;1534;1738;1710;1763;1767;1681;1775;1787;1758;1761;1846;1848;1892;1895;1937;1895;2028;1983;2172;2239;2268;2205;2186;2306;2171;2216;2282;2286;2271;2173;2154;2199;2173;2180;2229;2082;1959;1897;2000;1879;1975;1831;1817;1804;1802;1949;2039;2069;1776;1519;1461;1440;1482;1587;1813;1863;1756;1479;1619;1598;1516;1486;1542;1609;1608;1474;1431;1286;1387;1287;1285;1168;1182;1066;955;660;441;398;449;480;399;404;335;234;166;115;100;57;36;24;18;13;18

"Ricostruzione della popolazione intercensuaria - Popolazione al 1° gennaio per età"
"Tutte le cittadinanze - Anno: 2004 - Provincia: Ragusa"
Territorio/Età;;0;1;2;3;4;5;6;7;8;9;10;11;12;13;14;15;16;17;18;19;20;21;22;23;24;25;26;27;28;29;30;31;32;33;34;35;36;37;38;39;40;41;42;43;44;45;46;47;48;49;50;51;52;53;54;55;56;57;58;59;60;61;62;63;64;65;66;67;68;69;70;71;72;73;74;75;76;77;78;79;80;81;82;83;84;85;86;87;88;89;90;91;92;93;94;95;96;97;98;99;100
Codice comune;Comune;Totale
088001;Acate;101;105;98;103;98;91;120;106;111;114;100;114;85;103;110;96;97;106;105;121;108;130;115;132;118;122;118;129;121;128;150;142;143;128;133;127;125;128;141;124;116;136;118;125;114;116;91;94;102;104;88;103;101;83;100;107;107;88;72;59;73;76;72;78;95;72;45;76;79;61;51;51;73;67;59;73;56;55;48;47;24;43;31;29;23;14;15;11;14;10;6;8;8;1;0;1;0;0;1;0;0
088002;Chiaramonte Gulfi;84;59;55;65;74;82;72;86;93;89;100;101;92;81;88;94;101;102;87;99;78;100;108;103;83;86;104;103;104;95;97;108;121;113;116;137;120;111;123;117;144;123;115;128;127;121;110;105;113;116;89;95;95;105;107;73;88;66;71;70;68;78;74;103;86;92;105;99;82;77;93;76;99;103;89;106;73;92;86;76;55;68;52;54;38;26;14;35;23;15;26;13;10;8;5;6;1;3;0;2;1
088003;Comiso;318;312;317;288;314;280;322;337;345;303;375;350;328;383;321;321;367;339;338;342;351;332;360;364;352;416;384;448;440;424;459;432;446;426;432;477;468;504;457;446;445;452;447;411;435;349;411;366;366;367;374;299;332;342;374;387;368;343;254;285;295;297;284;336;350;328;290;300;302;286;262;254;287;310;255;243;236;240;202;218;185;181;163;150;81;61;50;53;62;48;45;35;20;16;14;10;1;4;4;2;3
088004;Giarratana;15;26;32;26;38;30;34;25;37;38;30;35;40;34;31;28;51;33;33;35;31;45;33;53;38;45;49;33;36;42;40;28;43;45;54;48;45;50;54;52;40;48;43;59;43;43;39;46;36;52;40;30;35;38;42;39;45;36;30;31;22;32;36;45;42;41;48;42;40;42;35;44;46;40;41;27;27;41;29;45;20;36;11;21;13;10;15;20;11;6;9;5;6;2;3;6;0;0;0;0;0
088005;Ispica;157;128;148;148;155;155;139;164;150;167;177;191;201;187;183;174;163;190;199;174;184;194;220;192;174;193;179;211;216;189;198;237;220;224;203;225;217;218;176;218;175;210;217;215;190;191;192;195;180;178;185;170;175;171;199;185;191;189;161;157;135;142;160;196;192;146;138;150;155;125;117;120;136;137;132;114;104;99;102;88;84;87;63;71;62;35;24;24;25;20;28;24;12;3;8;3;4;3;0;1;0
088006;Modica;559;528;575;599;609;565;576;560;613;590;672;601;604;691;675;728;661;698;643;679;691;741;709;683;677;685;718;765;804;857;762;791;759;757;804;794;750;738;796;772;756;791;751;781;654;709;602;738;646;676;611;653;645;589;692;644;668;552;511;489;487;499;532;586;593;541;443;490;496;438;473;487;496;477;503;467;427;451;430;414;397;361;338;280;182;129;114;140;140;130;93;85;64;27;23;19;14;5;5;2;2
088007;Monterosso Almo;33;37;34;36;41;30;29;42;35;23;31;34;27;41;26;36;35;44;26;41;38;41;38;34;41;48;50;48;47;50;55;47;37;47;45;60;58;58;45;53;48;47;37;51;49;42;41;31;46;40;32;45;45;28;40;51;53;39;43;28;32;31;21;40;38;44;47;35;47;51;45;31;34;30;39;45;28;49;23;27;30;28;28;19;18;6;11;8;10;5;12;6;5;6;1;0;0;0;0;1;0
088008;Pozzallo;240;176;199;199;208;222;208;188;203;203;226;230;242;255;236;271;249;274;252;278;262;275;277;260;266;258;269;316;316;277;294;270;306;270;262;277;276;259;262;275;243;274;243;246;263;241;247;233;253;263;266;228;196;241;251;270;244;184;207;167;140;188;190;204;187;177;162;123;145;148;127;150;128;133;122;114;95;119;84;86;86;83;72;80;53;26;34;38;33;30;20;21;16;8;3;4;2;0;0;0;2
088009;Ragusa;639;638;630;641;601;591;652;677;684;719;724;749;782;745;718;755;765;749;759;781;850;836;839;886;896;911;907;975;997;1063;1081;1039;1020;1032;1038;1020;1057;1058;1023;1059;1033;1040;1083;1020;1036;990;944;957;900;983;890;844;823;906;949;997;1036;860;759;697;709;651;733;838;903;846;747;774;757;761;706;719;717;726;668;635;593;582;554;573;480;477;404;354;224;143;152;160;191;144;128;124;86;46;41;34;22;8;6;1;2
088010;Santa Croce Camerina;84;94;90;75;97;92;84;107;98;109;89;102;102;103;105;105;90;96;96;102;94;107;101;127;124;106;127;127;178;164;148;137;141;146;160;167;151;143;143;122;145;122;129;158;114;108;111;117;109;136;106;109;108;93;118;100;131;92;83;102;77;82;92;100;94;97;73;90;91;101;81;76;78;87;69;68;66;68;49;64;47;51;40;40;20;19;14;16;23;14;14;12;8;4;4;2;0;2;0;0;3
088011;Scicli;237;267;234;258;276;255;270;272;274;263;289;306;324;278;282;302;288;283;273;309;310;327;336;343;308;352;343;375;371;396;388;380;384;395;421;396;414;392;387;372;326;343;347;350;313;283;323;328;304;283;280;296;305;315;291;340;319;331;273;246;241;281;267;324;314;308;268;270;291;240;288;290;266;286;241;231;218;218;210;175;194;172;168;147;98;72;51;49;68;55;54;39;33;25;2;10;10;6;0;2;3
088012;Vittoria;701;729;664;649;675;706;708;714;674;709;777;788;732;789;742;768;734;725;771;762;742;822;786;825;810;835;862;881;884;947;876;880;937;852;898;840;875;929;868;820;839;815;799;843;821;677;685;679;705;683;632;608;617;654;690;652;704;614;507;492;521;504;532;588;588;546;455;550;512;501;460;419;458;481;430;457;354;363;347;331;283;305;255;231;154;104;102;96;78;70;78;46;38;30;12;20;6;7;2;2;1
;Totale;3168;3099;3076;3087;3186;3099;3214;3278;3317;3327;3590;3601;3559;3690;3517;3678;3601;3639;3582;3723;3739;3950;3922;4002;3887;4057;4110;4411;4514;4632;4548;4491;4557;4435;4566;4568;4556;4588;4475;4430;4310;4401;4329;4387;4159;3870;3796;3889;3760;3881;3593;3480;3477;3565;3853;3845;3954;3394;2971;2823;2800;2861;2993;3438;3482;3238;2821;2999;2997;2831;2738;2717;2818;2877;2648;2580;2277;2377;2164;2144;1885;1892;1625;1476;966;645;596;650;678;547;513;418;306;176;116;115;60;38;18;13;17
Territorio/Età;;0;1;2;3;4;5;6;7;8;9;10;11;12;13;14;15;16;17;18;19;20;21;22;23;24;25;26;27;28;29;30;31;32;33;34;35;36;37;38;39;40;41;42;43;44;45;46;47;48;49;50;51;52;53;54;55;56;57;58;59;60;61;62;63;64;65;66;67;68;69;70;71;72;73;74;75;76;77;78;79;80;81;82;83;84;85;86;87;88;89;90;91;92;93;94;95;96;97;98;99;100
Codice comune;Comune;Maschi
088001;Acate;59;50;49;46;52;50;63;47;56;54;47;58;38;57;47;61;45;60;57;66;57;66;64;58;55;62;67;66;61;67;88;88;62;61;68;65;66;73;71;66;62;75;65;70;53;66;44;47;50;44;42;56;48;38;47;56;51;48;36;31;37;38;35;44;49;36;21;35;32;31;26;25;30;37;20;33;29;25;25;17;8;18;8;12;9;6;4;6;5;4;2;3;0;1;0;0;0;0;0;0;0
088002;Chiaramonte Gulfi;60;27;23;35;38;37;37;51;51;54;55;49;48;37;46;49;50;49;39;57;30;52;59;51;40;44;51;61;59;46;48;63;61;56;47;66;56;58;52;62;80;65;54;65;62;69;49;49;65;71;47;42;45;54;53;34;42;26;46;30;25;34;37;42;40;46;52;42;42;32;37;35;39;43;40;56;36;43;44;32;26;31;20;27;16;8;6;13;6;9;10;7;5;6;4;2;1;1;0;2;0
088003;Comiso;169;160;161;143;169;150;170;173;179;162;192;177;161;196;168;178;184;170;175;153;188;167;191;195;190;194;190;218;217;198;225;204;213;209;204;245;236;263;231;219;215;238;236;196;205;178;203;180;169;174;178;140;163;174;196;178;166;166;124;144;155;123;137;163;180;140;134;141;151;122;118;108;127;147;104;115;101;115;84;100;75;60;66;51;40;29;24;26;25;22;16;9;6;8;6;4;1;2;2;0;0
088004;Giarratana;8;15;15;21;20;15;18;11;14;18;13;21;20;15;21;13;28;19;18;16;12;28;17;36;21;18;23;16;19;21;22;15;15;21;26;30;21;24;31;21;17;28;17;31;20;18;14;30;14;24;25;17;17;19;13;18;22;21;15;21;8;15;14;19;16;20;17;22;14;22;17;18;20;19;19;14;15;16;13;17;2;21;0;8;5;5;6;12;4;4;5;3;4;1;1;3;0;0;0;0;0
088005;Ispica;73;79;77;75;82;70;76;79;80;85;89;108;95;108;95;93;86;95;108;89;95;106;124;96;86;99;89;103;108;103;98;111;108;111;117;112;97;112;103;117;78;101;108;89;90;87;107;99;102;100;103;74;93;92;89;83;84;86;77;75;69;68;71;94;88;70;73;65;76;59;59;55;58;60;65;49;49;52;48;35;33;37;27;23;26;11;11;10;11;7;9;6;5;1;0;1;2;0;0;0;0
088006;Modica;287;269;290;304;315;292;290;289;296;299;339;318;325;353;332;350;324;361;308;381;334;384;350;351;331;321;347;374;400;416;392;396;386;388;390;371;368;346;396;377;377;361;360;385;333;325;311;368;316;334;287;317;292;274;346;297;330;240;260;223;232;240;265;283;269;244;211;223;233;212;227;210;206;231;232;203;188;190;164;152;174;144;131;124;64;50;46;48;58;49;38;24;29;8;10;5;4;3;1;2;1
088007;Monterosso Almo;15;17;17;14;20;14;21;22;16;13;14;18;11;18;12;16;20;23;11;24;18;26;12;17;21;24;23;18;23;25;24;24;17;32;26;34;30;26;24;30;24;21;15;26;21;19;22;17;21;19;16;17;17;15;27;28;26;16;20;15;13;13;8;21;20;21;20;16;25;23;24;17;19;8;20;19;13;18;9;16;17;9;16;6;7;3;5;4;5;2;1;0;2;4;1;0;0;0;0;0;0
088008;Pozzallo;129;92;112;98;119;107;97;106;100;103;113;123;135;143;99;142;117;135;125;121;125;137;143;135;146;144;125;174;157;146;143;129;160;143;145;126;137;130;121;147;113;122;115;119;135;112;122;118;108;113;122;110;101;119;126;145;131;87;116;85;78;99;93;108;90;91;86;49;74;74;62;76;49;55;60;56;42;53;33;35;32;32;23;26;21;9;16;18;11;10;6;4;5;2;1;0;1;0;0;0;0
088009;Ragusa;306;319;310;337;315;294;355;344;363;377;370;374;401;373;396;383;392;383;385;389;444;431;425;455;460;445;489;470;493;548;539;523;492;521;529;499;512;536;505;536;484;528;496;481;503;487;474;450;442;466;402;405;393;457;449;435;476;406;363;318;330;294;340;383;402;378;346;355;353;352;306;307;319;315;285;292;256;232;230;245;195;189;152;154;77;48;59;59;75;54;41;47;25;18;19;10;6;2;1;0;0
088010;Santa Croce Camerina;46;48;47;43;58;49;40;47;56;62;42;57;57;51;60;52;37;56;60;59;46;62;54;65;65;57;84;68;98;82;77;77;73;79;92;93;85;77;82;72;78;71;67;89;67;55;59;56;61;73;55;56;59;50;60;48;59;48;38;53;36;46;48;52;45;45;36;48;37;59;32;31;32;32;33;30;27;34;21;25;15;22;15;23;6;8;3;7;12;3;6;7;4;2;0;0;0;0;0;0;1
088011;Scicli;134;137;104;136;142;140;136;138;124;144;155;173;169;148;148;162;151;162;142;148;156;185;178;190;156;165;152;198;182;216;215;198;173;172;221;198;205;206;195;194;160;168;183;169;160;140;143;147;151;144;137;133;152;153;152;164;153;167;110;124;110;145;126;161;144;129;121;132;140;110;139;126;122;130;123;104;94;90;103;73;80;82;70;49;38;25;21;19;29;22;14;13;10;7;0;3;1;0;0;0;1
088012;Vittoria;361;371;357;332;338;374;369;364;344;406;402;407;331;417;400;401;377;360;391;370;374;419;402;399;401;437;451;431;447;470;458;458;473;452;477;422;435;454;458;426;410;433;417;417;412;335;335;317;372;320;341;293;293;312;335;313;333;302;254;243;266;261;231;263;278;270;226;260;233;236;212;194;215;213;202;211;169;158;141;156;122;122;107;94;54;33;43;36;29;35;30;22;10;8;3;7;2;4;0;0;0
;Totale;1647;1584;1562;1584;1668;1592;1672;1671;1679;1777;1831;1883;1791;1916;1824;1900;1811;1873;1819;1873;1879;2063;2019;2048;1972;2010;2091;2197;2264;2338;2329;2286;2233;2245;2342;2261;2248;2305;2269;2267;2098;2211;2133;2137;2061;1891;1883;1878;1871;1882;1755;1660;1673;1757;1893;1799;1873;1613;1459;1362;1359;1376;1405;1633;1621;1490;1343;1388;1410;1332;1259;1202;1236;1290;1203;1182;1019;1026;915;903;779;767;635;597;363;235;244;258;270;221;178;145;105;66;45;35;18;12;4;4;3
Territorio/Età;;0;1;2;3;4;5;6;7;8;9;10;11;12;13;14;15;16;17;18;19;20;21;22;23;24;25;26;27;28;29;30;31;32;33;34;35;36;37;38;39;40;41;42;43;44;45;46;47;48;49;50;51;52;53;54;55;56;57;58;59;60;61;62;63;64;65;66;67;68;69;70;71;72;73;74;75;76;77;78;79;80;81;82;83;84;85;86;87;88;89;90;91;92;93;94;95;96;97;98;99;100
Codice comune;Comune;Femmine
088001;Acate;42;55;49;57;46;41;57;59;55;60;53;56;47;46;63;35;52;46;48;55;51;64;51;74;63;60;51;63;60;61;62;54;81;67;65;62;59;55;70;58;54;61;53;55;61;50;47;47;52;60;46;47;53;45;53;51;56;40;36;28;36;38;37;34;46;36;24;41;47;30;25;26;43;30;39;40;27;30;23;30;16;25;23;17;14;8;11;5;9;6;4;5;8;0;0;1;0;0;1;0;0
088002;Chiaramonte Gulfi;24;32;32;30;36;45;35;35;42;35;45;52;44;44;42;45;51;53;48;42;48;48;49;52;43;42;53;42;45;49;49;45;60;57;69;71;64;53;71;55;64;58;61;63;65;52;61;56;48;45;42;53;50;51;54;39;46;40;25;40;43;44;37;61;46;46;53;57;40;45;56;41;60;60;49;50;37;49;42;44;29;37;32;27;22;18;8;22;17;6;16;6;5;2;1;4;0;2;0;0;1
088003;Comiso;149;152;156;145;145;130;152;164;166;141;183;173;167;187;153;143;183;169;163;189;163;165;169;169;162;222;194;230;223;226;234;228;233;217;228;232;232;241;226;227;230;214;211;215;230;171;208;186;197;193;196;159;169;168;178;209;202;177;130;141;140;174;147;173;170;188;156;159;151;164;144;146;160;163;151;128;135;125;118;118;110;121;97;99;41;32;26;27;37;26;29;26;14;8;8;6;0;2;2;2;3
088004;Giarratana;7;11;17;5;18;15;16;14;23;20;17;14;20;19;10;15;23;14;15;19;19;17;16;17;17;27;26;17;17;21;18;13;28;24;28;18;24;26;23;31;23;20;26;28;23;25;25;16;22;28;15;13;18;19;29;21;23;15;15;10;14;17;22;26;26;21;31;20;26;20;18;26;26;21;22;13;12;25;16;28;18;15;11;13;8;5;9;8;7;2;4;2;2;1;2;3;0;0;0;0;0
088005;Ispica;84;49;71;73;73;85;63;85;70;82;88;83;106;79;88;81;77;95;91;85;89;88;96;96;88;94;90;108;108;86;100;126;112;113;86;113;120;106;73;101;97;109;109;126;100;104;85;96;78;78;82;96;82;79;110;102;107;103;84;82;66;74;89;102;104;76;65;85;79;66;58;65;78;77;67;65;55;47;54;53;51;50;36;48;36;24;13;14;14;13;19;18;7;2;8;2;2;3;0;1;0
088006;Modica;272;259;285;295;294;273;286;271;317;291;333;283;279;338;343;378;337;337;335;298;357;357;359;332;346;364;371;391;404;441;370;395;373;369;414;423;382;392;400;395;379;430;391;396;321;384;291;370;330;342;324;336;353;315;346;347;338;312;251;266;255;259;267;303;324;297;232;267;263;226;246;277;290;246;271;264;239;261;266;262;223;217;207;156;118;79;68;92;82;81;55;61;35;19;13;14;10;2;4;0;1
088007;Monterosso Almo;18;20;17;22;21;16;8;20;19;10;17;16;16;23;14;20;15;21;15;17;20;15;26;17;20;24;27;30;24;25;31;23;20;15;19;26;28;32;21;23;24;26;22;25;28;23;19;14;25;21;16;28;28;13;13;23;27;23;23;13;19;18;13;19;18;23;27;19;22;28;21;14;15;22;19;26;15;31;14;11;13;19;12;13;11;3;6;4;5;3;11;6;3;2;0;0;0;0;0;1;0
088008;Pozzallo;111;84;87;101;89;115;111;82;103;100;113;107;107;112;137;129;132;139;127;157;137;138;134;125;120;114;144;142;159;131;151;141;146;127;117;151;139;129;141;128;130;152;128;127;128;129;125;115;145;150;144;118;95;122;125;125;113;97;91;82;62;89;97;96;97;86;76;74;71;74;65;74;79;78;62;58;53;66;51;51;54;51;49;54;32;17;18;20;22;20;14;17;11;6;2;4;1;0;0;0;2
088009;Ragusa;333;319;320;304;286;297;297;333;321;342;354;375;381;372;322;372;373;366;374;392;406;405;414;431;436;466;418;505;504;515;542;516;528;511;509;521;545;522;518;523;549;512;587;539;533;503;470;507;458;517;488;439;430;449;500;562;560;454;396;379;379;357;393;455;501;468;401;419;404;409;400;412;398;411;383;343;337;350;324;328;285;288;252;200;147;95;93;101;116;90;87;77;61;28;22;24;16;6;5;1;2
088010;Santa Croce Camerina;38;46;43;32;39;43;44;60;42;47;47;45;45;52;45;53;53;40;36;43;48;45;47;62;59;49;43;59;80;82;71;60;68;67;68;74;66;66;61;50;67;51;62;69;47;53;52;61;48;63;51;53;49;43;58;52;72;44;45;49;41;36;44;48;49;52;37;42;54;42;49;45;46;55;36;38;39;34;28;39;32;29;25;17;14;11;11;9;11;11;8;5;4;2;4;2;0;2;0;0;2
088011;Scicli;103;130;130;122;134;115;134;134;150;119;134;133;155;130;134;140;137;121;131;161;154;142;158;153;152;187;191;177;189;180;173;182;211;223;200;198;209;186;192;178;166;175;164;181;153;143;180;181;153;139;143;163;153;162;139;176;166;164;163;122;131;136;141;163;170;179;147;138;151;130;149;164;144;156;118;127;124;128;107;102;114;90;98;98;60;47;30;30;39;33;40;26;23;18;2;7;9;6;0;2;2
088012;Vittoria;340;358;307;317;337;332;339;350;330;303;375;381;401;372;342;367;357;365;380;392;368;403;384;426;409;398;411;450;437;477;418;422;464;400;421;418;440;475;410;394;429;382;382;426;409;342;350;362;333;363;291;315;324;342;355;339;371;312;253;249;255;243;301;325;310;276;229;290;279;265;248;225;243;268;228;246;185;205;206;175;161;183;148;137;100;71;59;60;49;35;48;24;28;22;9;13;4;3;2;2;1
;Totale;1521;1515;1514;1503;1518;1507;1542;1607;1638;1550;1759;1718;1768;1774;1693;1778;1790;1766;1763;1850;1860;1887;1903;1954;1915;2047;2019;2214;2250;2294;2219;2205;2324;2190;2224;2307;2308;2283;2206;2163;2212;2190;2196;2250;2098;1979;1913;2011;1889;1999;1838;1820;1804;1808;1960;2046;2081;1781;1512;1461;1441;1485;1588;1805;1861;1748;1478;1611;1587;1499;1479;1515;1582;1587;1445;1398;1258;1351;1249;1241;1106;1125;990;879;603;410;352;392;408;326;335;273;201;110;71;80;42;26;14;9;14

"Ricostruzione della popolazione intercensuaria - Popolazione al 1° gennaio per età"
"Tutte le cittadinanze - Anno: 2005 - Provincia: Ragusa"
Territorio/Età;;0;1;2;3;4;5;6;7;8;9;10;11;12;13;14;15;16;17;18;19;20;21;22;23;24;25;26;27;28;29;30;31;32;33;34;35;36;37;38;39;40;41;42;43;44;45;46;47;48;49;50;51;52;53;54;55;56;57;58;59;60;61;62;63;64;65;66;67;68;69;70;71;72;73;74;75;76;77;78;79;80;81;82;83;84;85;86;87;88;89;90;91;92;93;94;95;96;97;98;99;100
Codice comune;Comune;Totale
088001;Acate;97;101;104;98;102;97;93;122;106;111;114;99;111;83;104;107;95;97;103;103;117;104;130;117;131;120;121;113;125;119;130;143;144;139;126;130;124;122;135;139;124;117;128;118;124;114;116;90;95;101;106;85;101;99;82;99;106;108;89;72;57;75;75;72;77;97;71;45;76;76;57;51;50;74;66;56;71;53;53;45;45;23;41;28;27;23;11;12;7;12;9;5;6;8;1;1;0;1;0;1;0
088002;Chiaramonte Gulfi;53;82;58;56;65;74;82;72;87;93;90;98;102;91;82;89;93;103;101;93;97;80;100;104;102;88;85;106;105;104;95;99;106;121;109;116;140;119;110;119;115;142;124;117;129;132;123;108;106;115;116;89;93;93;106;108;72;88;66;72;71;66;78;74;105;88;90;104;98;81;75;92;75;98;100;86;103;74;87;82;74;49;62;52;53;37;22;13;31;21;12;24;5;9;6;3;5;1;2;0;3
088003;Comiso;311;321;314;320;286;316;281;325;333;347;302;373;347;324;383;321;323;368;347;333;345;348;333;366;363;341;419;377;446;437;431;449;421;439;414;432;464;468;499;457;440;444;447;453;415;436;351;414;370;369;369;377;300;331;342;374;387;374;344;254;284;297;298;279;338;347;324;285;298;299;284;258;244;279;298;248;232;221;226;188;209;178;168;147;138;69;53;43;46;53;41;35;27;15;13;10;9;0;4;3;2
088004;Giarratana;31;13;27;35;23;36;31;34;25;36;38;30;34;39;34;31;29;51;34;33;33;28;46;30;54;37;44;46;35;37;42;40;30;42;43;52;48;45;49;53;53;40;44;44;58;44;43;39;47;37;53;39;29;34;37;42;41;46;36;30;30;21;32;35;46;41;41;48;41;41;40;35;43;46;40;41;27;28;41;28;45;17;34;12;18;10;10;15;18;10;6;8;3;4;1;2;3;0;0;0;0
088005;Ispica;135;155;130;148;146;159;158;137;162;154;163;179;192;203;186;185;177;162;191;199;178;183;197;214;187;174;192;175;206;219;196;194;234;230;221;198;224;217;218;178;219;178;211;219;210;193;194;190;197;176;179;182;170;172;169;199;181;194;188;156;156;138;139;164;196;191;141;140;152;149;121;116;121;133;135;128;108;99;94;97;83;75;76;58;64;61;31;23;20;23;17;20;20;10;2;5;2;4;3;0;1
088006;Modica;573;554;529;578;601;612;566;578;559;615;603;673;605;606;696;675;741;662;701;647;688;696;742;698;678;670;687;727;778;814;846;780;789;756;770;798;812;750;741;798;776;759;799;740;787;655;704;605;738;646;668;609;655;639;591;692;649;669;554;509;490;482;502;535;580;592;542;436;488;484;439;461;480;479;460;481;455;409;435;420;391;378;351;326;258;168;110;105;118;128;109;74;69;50;19;14;8;11;3;3;2
088007;Monterosso Almo;22;34;37;32;35;41;29;29;43;36;23;31;34;28;42;27;37;37;42;26;42;36;40;37;33;40;47;52;48;48;50;55;46;37;48;47;60;56;61;43;51;49;48;39;50;49;42;41;31;46;41;33;44;45;29;40;51;53;38;43;27;32;31;21;38;38;44;49;35;48;51;42;32;34;29;37;44;28;46;22;28;26;27;27;16;16;6;7;8;10;4;8;3;5;4;0;0;0;0;0;1
088008;Pozzallo;170;240;178;195;199;205;215;208;187;204;197;226;229;239;258;238;273;250;274;256;272;264;269;270;255;263;248;260;313;310;267;281;278;295;271;260;279;275;260;265;270;244;267;242;241;263;239;251;230;250;264;266;221;199;240;251;270;243;190;204;172;139;187;188;202;182;173;162;121;141;146;122;145;126;127;118;107;91;116;85;82;84;77;65;72;46;22;28;35;28;26;17;17;15;5;3;4;2;0;0;1
088009;Ragusa;624;644;646;635;646;602;597;654;682;685;722;727;754;780;746;720;764;772;752;759;783;870;844;858;897;896;922;917;978;1003;1078;1094;1031;1019;1042;1033;1017;1082;1062;1031;1059;1047;1039;1078;1018;1039;996;945;968;894;979;890;843;824;901;945;1006;1047;863;754;698;710;650;733;838;896;842;752;770;753;748;704;710;710;707;656;623;566;561;534;547;461;442;377;330;207;127;137;138;172;122;109;103;71;30;29;26;14;9;7;2
088010;Santa Croce Camerina;85;83;93;94;74;100;96;85;110;101;112;90;104;103;105;106;114;94;102;101;110;109;112;111;139;134;118;142;143;184;171;157;143;150;145;163;177;157;149;143;131;144;123;134;166;119;101;110;121;111;140;106;111;110;91;117;101;131;91;85;105;77;81;89;102;94;96;75;88;91;99;80;73;74;88;71;65;63;63;50;62;44;48;38;38;17;17;14;13;21;12;8;11;8;3;5;1;0;0;0;2
088011;Scicli;282;237;267;232;260;277;257;276;268;277;270;289;309;326;278;284;299;289;284;273;317;314;327;347;346;314;358;353;375;375;408;384;381;378;395;428;398;418;394;387;368;329;350;351;348;311;286;319;326;302;291;285;295;303;315;289;335;321;333;275;246;242;281;268;325;313;304;263;265;286;236;284;277;265;278;231;226;210;208;201;161;176;160;158;135;89;59;48;44;63;45;41;35;27;19;0;7;7;4;0;4
088012;Vittoria;683;699;723;670;659;685;713;718;722;683;720;784;796;737;797;744;776;743;730;773;763;754;840;798;837;838;862;915;920;922;976;922;911;974;873;929;857;906;945;889;839;858;827;812;852;823;680;693;683;711;693;637;613;616;652;690;662;711;615;509;494;521;502;531;581;585;551;456;546;508;496;466;418;448;462;422;446;343;349;331;311;261;283;236;211;137;91;95;81;63;64;59;37;35;23;8;18;6;6;1;1
;Totale;3066;3163;3106;3093;3096;3204;3118;3238;3284;3342;3354;3599;3617;3559;3711;3527;3721;3628;3661;3596;3745;3786;3980;3950;4022;3915;4103;4183;4472;4572;4690;4598;4514;4580;4457;4586;4600;4615;4623;4502;4445;4351;4407;4347;4398;4178;3875;3805;3912;3758;3899;3598;3475;3465;3555;3846;3861;3985;3407;2963;2830;2800;2856;2989;3428;3464;3219;2815;2978;2957;2792;2711;2668;2766;2790;2575;2507;2185;2279;2083;2038;1772;1769;1524;1360;880;559;540;559;604;467;408;336;257;126;80;83;46;31;15;19
Territorio/Età;;0;1;2;3;4;5;6;7;8;9;10;11;12;13;14;15;16;17;18;19;20;21;22;23;24;25;26;27;28;29;30;31;32;33;34;35;36;37;38;39;40;41;42;43;44;45;46;47;48;49;50;51;52;53;54;55;56;57;58;59;60;61;62;63;64;65;66;67;68;69;70;71;72;73;74;75;76;77;78;79;80;81;82;83;84;85;86;87;88;89;90;91;92;93;94;95;96;97;98;99;100
Codice comune;Comune;Maschi
088001;Acate;60;59;49;50;45;51;50;63;46;56;53;46;55;38;57;45;61;45;58;55;62;55;65;66;58;58;62;63;60;61;71;79;91;58;60;67;64;64;79;70;68;62;67;65;69;54;66;43;48;50;47;41;54;47;37;47;55;52;49;35;29;39;38;35;42;49;35;21;35;30;29;26;25;31;36;18;32;26;24;24;16;7;17;8;9;9;4;4;3;3;3;1;3;1;1;0;0;0;0;0;0
088002;Chiaramonte Gulfi;28;58;26;23;37;38;37;36;51;50;54;53;49;48;38;47;48;52;50;42;55;30;52;57;49;45;45;51;62;59;44;49;62;59;53;47;69;55;58;50;60;77;66;55;64;66;71;47;50;67;71;47;41;43;55;53;33;42;26;47;31;25;33;37;44;42;46;52;42;42;30;36;34;39;41;39;55;36;40;43;32;22;27;21;26;15;5;5;11;4;5;8;2;4;4;2;1;1;0;0;2
088003;Comiso;161;172;161;160;143;171;150;169;170;180;160;189;177;156;196;169;181;184;174;173;151;183;167;194;191;185;196;188;217;210;205;221;198;208;203;205;235;238;255;229;216;215;234;240;203;207;179;205;179;171;177;181;139;159;175;194;178;167;164;124;140;154;123;133;163;180;136;130;139;148;118;119;101;120;141;101;108;93;108;78;95;69;55;60;44;32;27;20;24;22;19;13;8;6;7;6;3;0;2;2;0
088004;Giarratana;18;7;15;16;19;19;16;18;11;14;18;13;20;20;15;21;14;28;19;18;15;11;28;16;37;21;17;23;17;18;23;22;18;14;20;25;30;21;24;30;21;17;25;18;30;21;18;14;30;14;24;25;16;17;18;13;18;23;21;15;20;7;15;14;19;16;20;17;21;13;20;17;17;20;19;19;14;16;17;12;17;0;19;1;9;3;5;6;10;4;4;5;2;2;1;0;3;0;0;0;0
088005;Ispica;73;71;79;76;74;85;70;73;79;80;86;89;108;96;105;95;95;85;96;107;90;94;110;119;92;89;98;83;101;110;105;95;109;108;110;115;113;97;114;103;121;80;98;109;86;91;87;105;102;100;102;102;73;90;91;89;81;84;86;74;73;72;66;74;92;88;68;75;66;73;58;59;56;56;60;63;45;45;51;44;34;31;30;23;20;26;8;10;6;11;5;4;6;4;1;0;0;2;0;0;0
088006;Modica;293;284;270;291;304;318;294;293;290;297;305;339;321;322;358;334;357;325;363;309;387;336;386;344;348;326;322;353;379;402;410;400;391;384;402;391;384;369;347;395;377;376;371;358;387;339;324;310;369;316;330;288;316;290;274;344;297;328;240;260;226;229;237;267;277;268;247;208;221;225;214;220;206;199;215;219;195;180;185;162;141;165;140;124;109;61;44;43;39;54;37;28;20;19;7;6;2;2;2;1;1
088007;Monterosso Almo;12;16;17;16;13;20;14;21;22;17;13;14;18;11;18;15;17;20;22;11;24;16;25;12;16;22;22;25;18;24;26;25;23;16;32;27;34;28;27;24;29;25;22;15;26;21;19;22;17;21;20;16;16;17;16;27;28;26;16;20;15;13;13;8;19;20;21;21;16;26;23;24;17;19;7;19;19;12;17;8;16;15;8;17;5;6;3;2;4;5;1;0;0;2;3;0;0;0;0;0;0
088008;Pozzallo;86;129;93;108;97;118;105;96;105;101;99;111;123;135;145;102;145;117;134;127;121;122;136;139;133;145;138;117;173;155;138;137;134;157;141;146;127;137;129;121;142;112;116;113;116;136;110;125;115;106;116;120;108;102;118;123;144;130;88;114;88;76;98;93;107;90;86;86;49;71;71;59;72;48;52;60;54;37;51;33;33;31;28;20;22;20;7;13;15;8;9;6;3;4;1;1;0;1;0;0;0
088009;Ragusa;333;310;324;313;343;318;301;354;346;361;375;372;380;402;375;397;390;401;390;386;389;459;440;431;464;462;448;497;469;500;559;546;517;491;523;525;501;531;539;505;536;491;527;494;478;505;483;472;457;435;464;400;404;395;451;447;438;485;407;363;320;331;296;335;384;397;378;346;352;351;343;305;302;316;311;275;284;240;222;221;234;188;172;141;140;72;46;52;48;67;45;33;36;22;11;14;7;4;2;2;0
088010;Santa Croce Camerina;48;44;47;52;44;60;51;42;48;56;64;42;58;59;53;61;61;41;61;61;64;58;65;65;71;72;66;97;75;104;92;84;85;78;82;92;98;86;84;81;78;78;71;69;91;68;49;58;60;64;78;53;54;57;50;60;48;59;48;38;55;37;44;46;54;46;42;37;46;38;57;30;29;29;33;35;28;24;32;22;24;14;18;14;21;4;7;3;5;12;2;3;6;4;1;0;0;0;0;0;1
088011;Scicli;143;132;138;104;136;141;139;139;136;125;143;154;173;168;150;147;162;153;162;141;150;158;183;184;192;156;166;158;200;185;218;213;201;171;168;221;197;204;209;195;191;160;174;185;170;159;143;139;146;150;149;141;134;151;153;150;162;158;169;112;124;110;146;125;160;142;127;117;126;136;108;135;120;121;124;117;101;92;85;98;66;74;78;63;45;34;21;19;18;25;16;9;12;6;7;0;1;0;0;0;0
088012;Vittoria;328;358;367;362;338;343;378;374;367;349;409;409;415;333;422;403;406;382;365;393;375;381;433;413;411;419;458;501;462;490;504;497;485;510;469;499;431;460;468;471;438;425;441;429;422;411;342;339;319;375;323;343;297;298;312;335;320;338;306;252;245;265;258;232;259;274;271;227;259;226;229;216;195;208;199;200;202;162;152;131;147;108;107;95;79;45;30;39;29;21;30;23;16;8;7;2;6;1;4;0;0
;Totale;1583;1640;1586;1571;1593;1682;1605;1678;1671;1686;1779;1831;1897;1788;1932;1836;1937;1833;1894;1823;1883;1903;2090;2040;2062;2000;2038;2156;2233;2318;2395;2368;2314;2254;2263;2360;2283;2290;2333;2274;2277;2118;2212;2150;2142;2078;1891;1879;1892;1869;1901;1757;1652;1666;1750;1882;1802;1892;1620;1454;1366;1358;1367;1399;1620;1612;1477;1337;1372;1379;1300;1246;1174;1206;1238;1165;1137;963;984;876;855;724;699;587;529;327;207;216;212;236;176;133;114;82;51;31;23;11;10;5;4
Territorio/Età;;0;1;2;3;4;5;6;7;8;9;10;11;12;13;14;15;16;17;18;19;20;21;22;23;24;25;26;27;28;29;30;31;32;33;34;35;36;37;38;39;40;41;42;43;44;45;46;47;48;49;50;51;52;53;54;55;56;57;58;59;60;61;62;63;64;65;66;67;68;69;70;71;72;73;74;75;76;77;78;79;80;81;82;83;84;85;86;87;88;89;90;91;92;93;94;95;96;97;98;99;100
Codice comune;Comune;Femmine
088001;Acate;37;42;55;48;57;46;43;59;60;55;61;53;56;45;47;62;34;52;45;48;55;49;65;51;73;62;59;50;65;58;59;64;53;81;66;63;60;58;56;69;56;55;61;53;55;60;50;47;47;51;59;44;47;52;45;52;51;56;40;37;28;36;37;37;35;48;36;24;41;46;28;25;25;43;30;38;39;27;29;21;29;16;24;20;18;14;7;8;4;9;6;4;3;7;0;1;0;1;0;1;0
088002;Chiaramonte Gulfi;25;24;32;33;28;36;45;36;36;43;36;45;53;43;44;42;45;51;51;51;42;50;48;47;53;43;40;55;43;45;51;50;44;62;56;69;71;64;52;69;55;65;58;62;65;66;52;61;56;48;45;42;52;50;51;55;39;46;40;25;40;41;45;37;61;46;44;52;56;39;45;56;41;59;59;47;48;38;47;39;42;27;35;31;27;22;17;8;20;17;7;16;3;5;2;1;4;0;2;0;1
088003;Comiso;150;149;153;160;143;145;131;156;163;167;142;184;170;168;187;152;142;184;173;160;194;165;166;172;172;156;223;189;229;227;226;228;223;231;211;227;229;230;244;228;224;229;213;213;212;229;172;209;191;198;192;196;161;172;167;180;209;207;180;130;144;143;175;146;175;167;188;155;159;151;166;139;143;159;157;147;124;128;118;110;114;109;113;87;94;37;26;23;22;31;22;22;19;9;6;4;6;0;2;1;2
088004;Giarratana;13;6;12;19;4;17;15;16;14;22;20;17;14;19;19;10;15;23;15;15;18;17;18;14;17;16;27;23;18;19;19;18;12;28;23;27;18;24;25;23;32;23;19;26;28;23;25;25;17;23;29;14;13;17;19;29;23;23;15;15;10;14;17;21;27;25;21;31;20;28;20;18;26;26;21;22;13;12;24;16;28;17;15;11;9;7;5;9;8;6;2;3;1;2;0;2;0;0;0;0;0
088005;Ispica;62;84;51;72;72;74;88;64;83;74;77;90;84;107;81;90;82;77;95;92;88;89;87;95;95;85;94;92;105;109;91;99;125;122;111;83;111;120;104;75;98;98;113;110;124;102;107;85;95;76;77;80;97;82;78;110;100;110;102;82;83;66;73;90;104;103;73;65;86;76;63;57;65;77;75;65;63;54;43;53;49;44;46;35;44;35;23;13;14;12;12;16;14;6;1;5;2;2;3;0;1
088006;Modica;280;270;259;287;297;294;272;285;269;318;298;334;284;284;338;341;384;337;338;338;301;360;356;354;330;344;365;374;399;412;436;380;398;372;368;407;428;381;394;403;399;383;428;382;400;316;380;295;369;330;338;321;339;349;317;348;352;341;314;249;264;253;265;268;303;324;295;228;267;259;225;241;274;280;245;262;260;229;250;258;250;213;211;202;149;107;66;62;79;74;72;46;49;31;12;8;6;9;1;2;1
088007;Monterosso Almo;10;18;20;16;22;21;15;8;21;19;10;17;16;17;24;12;20;17;20;15;18;20;15;25;17;18;25;27;30;24;24;30;23;21;16;20;26;28;34;19;22;24;26;24;24;28;23;19;14;25;21;17;28;28;13;13;23;27;22;23;12;19;18;13;19;18;23;28;19;22;28;18;15;15;22;18;25;16;29;14;12;11;19;10;11;10;3;5;4;5;3;8;3;3;1;0;0;0;0;0;1
088008;Pozzallo;84;111;85;87;102;87;110;112;82;103;98;115;106;104;113;136;128;133;140;129;151;142;133;131;122;118;110;143;140;155;129;144;144;138;130;114;152;138;131;144;128;132;151;129;125;127;129;126;115;144;148;146;113;97;122;128;126;113;102;90;84;63;89;95;95;92;87;76;72;70;75;63;73;78;75;58;53;54;65;52;49;53;49;45;50;26;15;15;20;20;17;11;14;11;4;2;4;1;0;0;1
088009;Ragusa;291;334;322;322;303;284;296;300;336;324;347;355;374;378;371;323;374;371;362;373;394;411;404;427;433;434;474;420;509;503;519;548;514;528;519;508;516;551;523;526;523;556;512;584;540;534;513;473;511;459;515;490;439;429;450;498;568;562;456;391;378;379;354;398;454;499;464;406;418;402;405;399;408;394;396;381;339;326;339;313;313;273;270;236;190;135;81;85;90;105;77;76;67;49;19;15;19;10;7;5;2
088010;Santa Croce Camerina;37;39;46;42;30;40;45;43;62;45;48;48;46;44;52;45;53;53;41;40;46;51;47;46;68;62;52;45;68;80;79;73;58;72;63;71;79;71;65;62;53;66;52;65;75;51;52;52;61;47;62;53;57;53;41;57;53;72;43;47;50;40;37;43;48;48;54;38;42;53;42;50;44;45;55;36;37;39;31;28;38;30;30;24;17;13;10;11;8;9;10;5;5;4;2;5;1;0;0;0;1
088011;Scicli;139;105;129;128;124;136;118;137;132;152;127;135;136;158;128;137;137;136;122;132;167;156;144;163;154;158;192;195;175;190;190;171;180;207;227;207;201;214;185;192;177;169;176;166;178;152;143;180;180;152;142;144;161;152;162;139;173;163;164;163;122;132;135;143;165;171;177;146;139;150;128;149;157;144;154;114;125;118;123;103;95;102;82;95;90;55;38;29;26;38;29;32;23;21;12;0;6;7;4;0;4
088012;Vittoria;355;341;356;308;321;342;335;344;355;334;311;375;381;404;375;341;370;361;365;380;388;373;407;385;426;419;404;414;458;432;472;425;426;464;404;430;426;446;477;418;401;433;386;383;430;412;338;354;364;336;370;294;316;318;340;355;342;373;309;257;249;256;244;299;322;311;280;229;287;282;267;250;223;240;263;222;244;181;197;200;164;153;176;141;132;92;61;56;52;42;34;36;21;27;16;6;12;5;2;1;1
;Totale;1483;1523;1520;1522;1503;1522;1513;1560;1613;1656;1575;1768;1720;1771;1779;1691;1784;1795;1767;1773;1862;1883;1890;1910;1960;1915;2065;2027;2239;2254;2295;2230;2200;2326;2194;2226;2317;2325;2290;2228;2168;2233;2195;2197;2256;2100;1984;1926;2020;1889;1998;1841;1823;1799;1805;1964;2059;2093;1787;1509;1464;1442;1489;1590;1808;1852;1742;1478;1606;1578;1492;1465;1494;1560;1552;1410;1370;1222;1295;1207;1183;1048;1070;937;831;553;352;324;347;368;291;275;222;175;75;49;60;35;21;10;15

"Ricostruzione della popolazione intercensuaria - Popolazione al 1° gennaio per età"
"Tutte le cittadinanze - Anno: 2006 - Provincia: Ragusa"
Territorio/Età;;0;1;2;3;4;5;6;7;8;9;10;11;12;13;14;15;16;17;18;19;20;21;22;23;24;25;26;27;28;29;30;31;32;33;34;35;36;37;38;39;40;41;42;43;44;45;46;47;48;49;50;51;52;53;54;55;56;57;58;59;60;61;62;63;64;65;66;67;68;69;70;71;72;73;74;75;76;77;78;79;80;81;82;83;84;85;86;87;88;89;90;91;92;93;94;95;96;97;98;99;100
Codice comune;Comune;Totale
088001;Acate;103;96;100;108;94;101;97;92;123;109;112;116;97;112;81;109;108;93;97;104;107;117;107;126;114;126;121;126;113;126;116;128;135;140;136;128;131;129;129;135;142;118;117;123;115;123;116;114;91;94;100;105;85;99;100;81;96;107;108;88;73;57;73;75;73;78;96;70;46;73;74;56;50;51;72;63;55;70;51;53;45;43;19;39;27;24;18;7;11;7;10;7;5;6;4;1;1;0;0;0;1
088002;Chiaramonte Gulfi;63;53;76;57;56;65;74;79;72;88;94;91;98;104;92;77;90;92;101;103;92;100;81;103;106;103;83;84;109;102;104;91;98;112;126;109;115;139;123;109;120;116;140;127;117;128;131;126;105;105;116;115;93;91;94;106;108;72;88;67;72;71;67;77;74;103;88;87;100;96;79;76;91;75;94;94;86;98;72;86;77;73;47;57;47;44;31;20;13;21;21;9;15;3;6;1;3;4;1;2;3
088003;Comiso;283;317;320;320;328;294;316;286;326;336;353;306;365;346;327;385;326;338;366;341;337;350;344;338;365;359;338;415;378;449;435;434;445;423;445;421;428;458;464;501;461;436;447;449;456;413;434;353;414;367;370;372;383;301;325;339;374;384;365;343;257;287;297;293;276;330;344;322;282;299;296;284;251;243;273;296;242;226;213;215;176;194;170;157;132;127;61;41;38;36;43;33;30;20;9;12;5;8;0;1;2
088004;Giarratana;21;29;13;27;35;22;35;31;33;25;36;38;29;34;39;32;31;28;49;35;33;32;28;46;33;54;35;43;44;36;40;41;38;30;40;41;51;48;45;49;50;52;39;44;44;58;44;42;39;46;36;51;38;29;33;36;40;40;45;36;30;30;20;32;35;46;44;40;48;41;39;40;35;43;45;40;38;27;28;38;28;40;16;30;13;18;10;10;15;15;10;7;8;3;3;1;1;1;0;0;0
088005;Ispica;152;144;157;132;154;148;159;158;143;161;157;167;182;200;202;185;188;180;164;191;200;184;178;196;220;192;174;189;173;209;218;206;188;229;228;222;194;227;223;220;180;221;180;213;221;212;196;195;192;197;177;185;186;174;175;167;202;182;198;186;157;155;136;138;166;194;187;142;140;151;141;120;115;118;127;129;127;99;90;88;94;79;72;69;54;59;52;29;20;11;19;13;14;18;5;3;5;2;3;3;1
088006;Modica;545;575;548;532;585;606;621;565;580;559;624;608;677;604;606;694;672;744;668;695;649;691;691;736;691;676;671;673;726;774;811;847;775;792;752;775;802;819;750;742;808;779;767;801;742;788;655;706;605;737;639;666;606;653;637;588;690;642;668;558;508;489;480;495;539;584;588;540;442;484;477;436;459;474;472;452;472;438;401;419;395;370;349;332;293;229;153;98;88;101;105;86;62;53;37;13;7;6;5;1;5
088007;Monterosso Almo;19;23;34;37;32;36;40;28;30;44;36;23;31;34;28;42;27;38;36;43;25;42;37;40;36;32;41;44;52;46;46;50;56;45;36;48;49;59;56;60;43;51;49;49;37;50;49;41;42;30;46;41;33;44;45;28;40;51;52;38;40;27;33;30;21;39;38;45;49;35;48;51;40;32;34;28;35;43;25;42;23;28;21;24;23;14;16;5;6;7;6;3;5;3;5;3;0;0;0;0;1
088008;Pozzallo;185;173;235;180;195;199;212;218;207;188;203;198;229;233;234;265;239;276;246;274;257;271;267;268;272;256;266;248;262;302;303;269;292;279;292;280;263;277;271;255;266;271;245;269;237;242;262;237;258;232;249;264;268;219;197;240;251;272;239;189;205;175;135;185;187;203;182;172;159;124;139;145;120;139;122;120;114;104;85;114;80;76;76;75;61;63;43;18;24;32;18;19;13;11;10;5;2;0;1;0;0
088009;Ragusa;620;620;653;651;646;661;607;598;662;688;692;728;736;757;778;750;723;771;784;756;747;780;862;828;848;911;893;920;934;981;1009;1081;1084;1041;1026;1054;1037;1026;1081;1068;1047;1075;1056;1044;1088;1029;1042;1006;945;964;898;975;886;839;822;897;949;1006;1052;862;748;690;713;653;736;836;890;840;755;760;740;735;688;699;706;689;645;611;543;543;520;519;438;405;353;296;193;114;123;117;146;100;92;75;55;22;17;15;7;6;2
088010;Santa Croce Camerina;90;89;86;93;100;75;102;96;90;114;100;113;95;105;107;110;109;119;98;108;106;119;112;113;114;145;144;126;147;149;184;174;161;137;154;150;166;174;157;154;147;135;147;124;139;166;121;102;110;121;114;142;104;110;107;93;119;101;133;96;85;105;79;80;89;102;93;98;72;90;87;96;78;66;71;84;68;70;62;62;45;59;40;46;36;34;14;14;14;13;14;9;6;8;3;2;4;1;0;0;2
088011;Scicli;261;276;239;270;231;267;279;253;280;274;275;269;289;309;331;277;282;303;294;287;275;315;314;328;350;343;311;350;353;382;382;399;383;381;380;392;437;400;418;395;392;363;327;350;352;347;312;284;324;324;305;299;285;293;306;312;290;342;323;333;276;245;241;280;267;322;310;304;257;260;281;233;274;267;258;267;225;219;202;193;187;153;158;154;141;124;77;49;39;39;56;32;35;27;22;16;0;6;3;2;3
088012;Vittoria;705;682;697;728;673;667;686;716;734;731;688;717;803;799;736;797;751;780;757;733;776;760;760;834;791;828;834;856;915;919;912;964;915;911;969;865;935;868;915;948;891;852;859;824;812;852;839;685;689;685;715;698;634;608;610;657;694;660;717;615;503;497;527;500;532;579;585;539;452;537;505;483;467;413;441;456;414;431;328;332;310;286;246;266;209;190;120;81;80;70;57;50;44;30;19;15;5;12;4;2;1
;Totale;3047;3077;3158;3135;3129;3141;3228;3120;3280;3317;3370;3374;3631;3637;3561;3723;3546;3762;3660;3670;3604;3761;3781;3956;3940;4025;3911;4074;4206;4475;4560;4684;4570;4520;4584;4485;4608;4624;4632;4636;4547;4469;4373;4417;4360;4408;4201;3891;3814;3902;3765;3913;3601;3460;3451;3544;3853;3859;3988;3411;2954;2828;2801;2838;2995;3416;3445;3199;2802;2950;2906;2755;2668;2620;2715;2718;2521;2436;2100;2185;1980;1920;1652;1654;1389;1222;788;486;471;469;505;368;329;257;178;94;50;55;24;17;21
Territorio/Età;;0;1;2;3;4;5;6;7;8;9;10;11;12;13;14;15;16;17;18;19;20;21;22;23;24;25;26;27;28;29;30;31;32;33;34;35;36;37;38;39;40;41;42;43;44;45;46;47;48;49;50;51;52;53;54;55;56;57;58;59;60;61;62;63;64;65;66;67;68;69;70;71;72;73;74;75;76;77;78;79;80;81;82;83;84;85;86;87;88;89;90;91;92;93;94;95;96;97;98;99;100
Codice comune;Comune;Maschi
088001;Acate;63;59;58;51;46;44;51;48;63;48;56;55;44;55;38;58;47;61;45;60;57;62;57;64;63;57;57;63;62;60;59;67;76;88;59;62;67;69;67;79;74;64;60;63;63;68;54;64;43;48;50;47;41;52;48;36;46;55;52;48;35;29;37;39;35;43;48;35;21;34;29;29;25;25;30;35;18;31;25;24;24;16;5;16;7;8;6;2;3;3;2;1;1;3;1;1;0;0;0;0;0
088002;Chiaramonte Gulfi;32;26;56;26;22;36;38;36;36;50;50;55;54;50;47;36;47;48;50;51;42;55;30;54;58;48;43;43;52;63;60;41;50;65;63;52;46;68;58;57;51;61;77;67;55;65;66;74;45;48;67;70;49;43;44;54;54;33;42;26;47;31;26;32;37;45;43;43;51;41;39;29;35;34;37;39;40;52;34;40;39;31;21;22;20;22;12;5;5;7;3;4;6;2;2;1;2;0;1;0;2
088003;Comiso;153;165;172;165;161;148;173;152;167;172;185;160;180;177;158;196;173;189;180;171;174;151;184;167;189;186;182;195;191;219;207;215;217;199;214;207;203;229;241;256;230;213;215;236;243;200;210;181;206;178;173;178;181;140;156;172;193;174;162;163;125;142;152;121;132;157;176;134;128;139;145;116;115;100;117;140;97;104;86;99;70;86;65;50;53;42;30;21;16;19;16;15;12;5;4;6;4;2;0;0;0
088004;Giarratana;12;17;7;15;16;18;18;16;17;11;14;18;13;20;20;15;21;13;27;19;18;14;11;28;18;38;20;18;22;16;20;22;22;18;13;18;25;30;21;24;27;21;16;25;18;30;20;17;15;30;13;24;25;16;16;17;13;18;23;21;15;20;7;14;14;19;19;20;17;21;12;20;17;17;19;20;19;14;16;16;12;15;0;16;2;8;3;5;6;7;4;4;5;2;2;1;0;1;0;0;0
088005;Ispica;83;78;72;80;79;72;84;71;75;79;82;88;91;112;97;105;97;96;87;95;106;93;91;108;122;93;89;94;83;102;111;114;90;105;104;112;111;116;102;117;103;120;79;101;111;88;93;87;106;100;101;105;105;76;93;92;91;81;85;84;75;75;71;65;75;92;86;69;73;66;69;59;58;54;50;57;65;41;41;46;42;31;31;27;22;19;18;9;9;2;9;3;3;5;1;0;0;0;2;1;0
088006;Modica;295;295;282;275;297;304;323;293;295;289;304;307;341;320;322;358;333;360;329;361;309;388;329;379;343;347;327;315;347;378;402;413;400;391;383;404;395;384;367;347;400;375;377;369;358;386;339;326;310;367;315;327;286;314;289;271;340;293;326;242;260;226;227;233;268;279;266;246;211;217;224;211;219;201;198;210;212;185;179;179;143;131;151;132;106;99;53;38;39;32;47;28;22;11;14;4;3;1;1;0;1
088007;Monterosso Almo;9;13;16;17;16;14;21;14;21;23;17;13;14;18;11;18;15;18;20;24;11;24;16;25;11;15;22;20;25;18;22;26;27;22;17;32;30;34;28;27;23;29;25;23;15;25;21;18;22;16;21;20;16;16;17;15;27;28;26;16;19;15;13;12;8;19;19;22;21;16;26;23;22;16;18;7;17;18;12;17;9;16;11;8;15;5;6;3;2;4;1;1;0;0;2;3;0;0;0;0;0
088008;Pozzallo;96;84;126;94;108;97;123;107;97;105;101;99;113;126;130;149;103;147;114;137;127;121;124;136;141;135;146;136;118;167;150;142;142;133;154;147;147;123;133;123;124;141;112;117;112;117;135;108;128;117;105;116;122;106;101;118;123;145;126;87;115;88;76;98;93;108;90;87;83;52;67;71;57;66;45;51;57;51;33;50;31;30;26;27;18;18;20;6;8;11;5;7;5;2;4;1;1;0;0;0;0
088009;Ragusa;346;327;316;328;316;352;321;300;357;348;363;376;376;383;403;377;399;396;412;390;378;386;449;432;422;469;460;444;505;475;502;558;546;520;498;525;524;496;532;541;519;543;492;528;497;487;506;490;471;456;435;465;397;403;394;448;448;438;488;407;355;314;334;298;335;381;394;381;344;350;344;335;300;296;312;305;265;275;226;212;213;223;176;158;130;124;69;44;45;36;57;35;27;19;20;9;8;3;0;2;0
088010;Santa Croce Camerina;47;51;46;48;56;44;61;55;45;50;55;64;47;60;60;56;64;67;45;65;63;68;58;64;63;75;75;70;101;80;99;93;82;81;79;83;93;95;86;88;82;79;80;71;73;90;68;50;57;60;65;76;52;53;55;51;63;49;60;52;39;55;39;43;46;54;42;43;36;46;36;55;29;25;27;33;34;30;23;31;20;23;14;15;12;18;3;6;3;4;5;2;3;3;1;0;0;0;0;0;1
088011;Scicli;105;136;131;136;101;138;140;139;140;139;126;142;154;172;169;150;146;164;157;162;138;150;158;182;187;187;156;162;156;204;187;209;212;199;169;167;229;198;200;211;197;188;159;176;186;169;161;139;143;146;152;152;142;135;153;152;149;164;159;169;112;121;109;144;125;154;139;127;115;125;134;106;131;114;118;118;111;95;89;77;89;65;64;75;59;38;29;18;16;16;21;14;7;10;4;6;0;1;0;0;0
088012;Vittoria;363;329;357;375;369;343;342;380;384;373;349;406;417;416;333;424;407;409;392;364;392;371;383;423;403;399;410;453;492;465;486;487;491;486;488;459;502;433;465;468;470;448;424;439;424;420;423;344;338;321;375;326;342;292;292;315;335;320;339;303;247;249;265;255;234;256;273;260;226;256;224;223;217;188;205;196;195;195;155;142;123;130;102;99;86;72;38;26;34;24;18;23;18;13;3;4;1;3;0;1;0
;Totale;1604;1580;1639;1610;1587;1610;1695;1611;1697;1687;1702;1783;1844;1909;1788;1942;1852;1968;1858;1899;1815;1883;1890;2062;2020;2049;1987;2013;2154;2247;2305;2387;2355;2307;2241;2268;2372;2275;2300;2338;2300;2282;2116;2215;2155;2145;2096;1898;1884;1887;1872;1906;1758;1646;1658;1741;1882;1798;1888;1618;1444;1365;1356;1354;1402;1607;1595;1467;1326;1363;1349;1277;1225;1136;1176;1211;1130;1091;919;933;815;797;666;645;530;473;287;183;186;165;188;137;109;75;58;36;19;11;4;4;4
Territorio/Età;;0;1;2;3;4;5;6;7;8;9;10;11;12;13;14;15;16;17;18;19;20;21;22;23;24;25;26;27;28;29;30;31;32;33;34;35;36;37;38;39;40;41;42;43;44;45;46;47;48;49;50;51;52;53;54;55;56;57;58;59;60;61;62;63;64;65;66;67;68;69;70;71;72;73;74;75;76;77;78;79;80;81;82;83;84;85;86;87;88;89;90;91;92;93;94;95;96;97;98;99;100
Codice comune;Comune;Femmine
088001;Acate;40;37;42;57;48;57;46;44;60;61;56;61;53;57;43;51;61;32;52;44;50;55;50;62;51;69;64;63;51;66;57;61;59;52;77;66;64;60;62;56;68;54;57;60;52;55;62;50;48;46;50;58;44;47;52;45;50;52;56;40;38;28;36;36;38;35;48;35;25;39;45;27;25;26;42;28;37;39;26;29;21;27;14;23;20;16;12;5;8;4;8;6;4;3;3;0;1;0;0;0;1
088002;Chiaramonte Gulfi;31;27;20;31;34;29;36;43;36;38;44;36;44;54;45;41;43;44;51;52;50;45;51;49;48;55;40;41;57;39;44;50;48;47;63;57;69;71;65;52;69;55;63;60;62;63;65;52;60;57;49;45;44;48;50;52;54;39;46;41;25;40;41;45;37;58;45;44;49;55;40;47;56;41;57;55;46;46;38;46;38;42;26;35;27;22;19;15;8;14;18;5;9;1;4;0;1;4;0;2;1
088003;Comiso;130;152;148;155;167;146;143;134;159;164;168;146;185;169;169;189;153;149;186;170;163;199;160;171;176;173;156;220;187;230;228;219;228;224;231;214;225;229;223;245;231;223;232;213;213;213;224;172;208;189;197;194;202;161;169;167;181;210;203;180;132;145;145;172;144;173;168;188;154;160;151;168;136;143;156;156;145;122;127;116;106;108;105;107;79;85;31;20;22;17;27;18;18;15;5;6;1;6;0;1;2
088004;Giarratana;9;12;6;12;19;4;17;15;16;14;22;20;16;14;19;17;10;15;22;16;15;18;17;18;15;16;15;25;22;20;20;19;16;12;27;23;26;18;24;25;23;31;23;19;26;28;24;25;24;16;23;27;13;13;17;19;27;22;22;15;15;10;13;18;21;27;25;20;31;20;27;20;18;26;26;20;19;13;12;22;16;25;16;14;11;10;7;5;9;8;6;3;3;1;1;0;1;0;0;0;0
088005;Ispica;69;66;85;52;75;76;75;87;68;82;75;79;91;88;105;80;91;84;77;96;94;91;87;88;98;99;85;95;90;107;107;92;98;124;124;110;83;111;121;103;77;101;101;112;110;124;103;108;86;97;76;80;81;98;82;75;111;101;113;102;82;80;65;73;91;102;101;73;67;85;72;61;57;64;77;72;62;58;49;42;52;48;41;42;32;40;34;20;11;9;10;10;11;13;4;3;5;2;1;2;1
088006;Modica;250;280;266;257;288;302;298;272;285;270;320;301;336;284;284;336;339;384;339;334;340;303;362;357;348;329;344;358;379;396;409;434;375;401;369;371;407;435;383;395;408;404;390;432;384;402;316;380;295;370;324;339;320;339;348;317;350;349;342;316;248;263;253;262;271;305;322;294;231;267;253;225;240;273;274;242;260;253;222;240;252;239;198;200;187;130;100;60;49;69;58;58;40;42;23;9;4;5;4;1;4
088007;Monterosso Almo;10;10;18;20;16;22;19;14;9;21;19;10;17;16;17;24;12;20;16;19;14;18;21;15;25;17;19;24;27;28;24;24;29;23;19;16;19;25;28;33;20;22;24;26;22;25;28;23;20;14;25;21;17;28;28;13;13;23;26;22;21;12;20;18;13;20;19;23;28;19;22;28;18;16;16;21;18;25;13;25;14;12;10;16;8;9;10;2;4;3;5;2;5;3;3;0;0;0;0;0;1
088008;Pozzallo;89;89;109;86;87;102;89;111;110;83;102;99;116;107;104;116;136;129;132;137;130;150;143;132;131;121;120;112;144;135;153;127;150;146;138;133;116;154;138;132;142;130;133;152;125;125;127;129;130;115;144;148;146;113;96;122;128;127;113;102;90;87;59;87;94;95;92;85;76;72;72;74;63;73;77;69;57;53;52;64;49;46;50;48;43;45;23;12;16;21;13;12;8;9;6;4;1;0;1;0;0
088009;Ragusa;274;293;337;323;330;309;286;298;305;340;329;352;360;374;375;373;324;375;372;366;369;394;413;396;426;442;433;476;429;506;507;523;538;521;528;529;513;530;549;527;528;532;564;516;591;542;536;516;474;508;463;510;489;436;428;449;501;568;564;455;393;376;379;355;401;455;496;459;411;410;396;400;388;403;394;384;380;336;317;331;307;296;262;247;223;172;124;70;78;81;89;65;65;56;35;13;9;12;7;4;2
088010;Santa Croce Camerina;43;38;40;45;44;31;41;41;45;64;45;49;48;45;47;54;45;52;53;43;43;51;54;49;51;70;69;56;46;69;85;81;79;56;75;67;73;79;71;66;65;56;67;53;66;76;53;52;53;61;49;66;52;57;52;42;56;52;73;44;46;50;40;37;43;48;51;55;36;44;51;41;49;41;44;51;34;40;39;31;25;36;26;31;24;16;11;8;11;9;9;7;3;5;2;2;4;1;0;0;1
088011;Scicli;156;140;108;134;130;129;139;114;140;135;149;127;135;137;162;127;136;139;137;125;137;165;156;146;163;156;155;188;197;178;195;190;171;182;211;225;208;202;218;184;195;175;168;174;166;178;151;145;181;178;153;147;143;158;153;160;141;178;164;164;164;124;132;136;142;168;171;177;142;135;147;127;143;153;140;149;114;124;113;116;98;88;94;79;82;86;48;31;23;23;35;18;28;17;18;10;0;5;3;2;3
088012;Vittoria;342;353;340;353;304;324;344;336;350;358;339;311;386;383;403;373;344;371;365;369;384;389;377;411;388;429;424;403;423;454;426;477;424;425;481;406;433;435;450;480;421;404;435;385;388;432;416;341;351;364;340;372;292;316;318;342;359;340;378;312;256;248;262;245;298;323;312;279;226;281;281;260;250;225;236;260;219;236;173;190;187;156;144;167;123;118;82;55;46;46;39;27;26;17;16;11;4;9;4;1;1
;Totale;1443;1497;1519;1525;1542;1531;1533;1509;1583;1630;1668;1591;1787;1728;1773;1781;1694;1794;1802;1771;1789;1878;1891;1894;1920;1976;1924;2061;2052;2228;2255;2297;2215;2213;2343;2217;2236;2349;2332;2298;2247;2187;2257;2202;2205;2263;2105;1993;1930;2015;1893;2007;1843;1814;1793;1803;1971;2061;2100;1793;1510;1463;1445;1484;1593;1809;1850;1732;1476;1587;1557;1478;1443;1484;1539;1507;1391;1345;1181;1252;1165;1123;986;1009;859;749;501;303;285;304;317;231;220;182;120;58;31;44;20;13;17

"Ricostruzione della popolazione intercensuaria - Popolazione al 1° gennaio per età"
"Tutte le cittadinanze - Anno: 2007 - Provincia: Ragusa"
Territorio/Età;;0;1;2;3;4;5;6;7;8;9;10;11;12;13;14;15;16;17;18;19;20;21;22;23;24;25;26;27;28;29;30;31;32;33;34;35;36;37;38;39;40;41;42;43;44;45;46;47;48;49;50;51;52;53;54;55;56;57;58;59;60;61;62;63;64;65;66;67;68;69;70;71;72;73;74;75;76;77;78;79;80;81;82;83;84;85;86;87;88;89;90;91;92;93;94;95;96;97;98;99;100
Codice comune;Comune;Totale
088001;Acate;99;102;94;98;109;94;100;99;94;123;110;111;118;99;111;79;111;106;92;101;104;103;116;108;126;112;126;115;123;106;127;112;121;130;130;131;128;133;124;126;132;140;118;119;123;118;124;115;114;91;93;99;103;85;98;100;80;98;109;109;87;70;58;77;78;74;77;95;69;46;72;73;56;49;49;70;58;54;67;50;47;45;38;16;36;26;22;16;6;9;6;6;4;2;4;3;0;1;0;0;1
088002;Chiaramonte Gulfi;65;63;55;75;60;56;65;76;79;73;90;91;92;97;104;93;77;89;94;100;106;90;93;82;100;102;100;83;84;105;101;100;92;95;109;122;110;119;139;121;110;122;117;140;125;116;129;130;127;105;105;118;116;91;90;94;106;107;71;89;67;71;72;66;74;74;99;89;86;99;89;77;72;91;73;92;91;83;93;64;86;74;66;43;49;46;42;28;16;11;16;17;7;14;3;5;1;2;2;0;3
088003;Comiso;275;285;315;324;317;329;294;314;289;328;337;355;304;367;348;326;387;327;334;363;343;334;348;351;336;363;356;345;409;384;455;447;433;445;426;445;431;433;451;472;495;464;435;449;448;455;415;439;355;417;367;370;369;382;298;323;335;375;380;371;341;250;286;295;288;271;330;335;319;274;290;292;277;247;232;270;288;234;217;207;196;171;182;157;139;118;108;56;33;32;25;34;28;21;15;4;7;5;2;0;3
088004;Giarratana;25;19;28;15;27;36;22;34;31;33;25;36;38;29;34;38;32;31;28;50;35;34;32;29;46;32;55;36;43;42;36;42;42;34;28;41;43;54;47;43;49;49;53;39;46;44;58;46;42;39;46;37;52;38;29;34;36;40;38;46;35;31;31;20;32;36;46;44;40;50;41;40;41;34;43;43;37;37;23;26;39;27;38;12;29;12;15;9;7;15;13;8;5;7;2;3;1;0;1;0;0
088005;Ispica;144;156;158;161;140;153;149;157;165;149;160;161;169;184;204;204;189;186;185;161;193;198;187;189;195;218;189;179;192;178;215;218;206;198;230;228;227;205;229;227;228;184;223;187;216;223;212;198;196;194;194;176;187;184;175;176;169;204;179;200;188;158;158;134;136;165;190;186;141;138;150;137;119;115;119;124;126;122;93;88;81;86;74;69;63;47;53;47;23;18;8;17;9;14;13;2;2;3;0;3;3
088006;Modica;556;553;574;543;537;589;607;625;573;586;558;633;607;682;603;609;698;671;746;668;694;650;688;690;737;699;683;667;684;725;777;808;851;776;800;752;780;803;834;756;750;815;784;772;806;738;782;657;710;599;739;634;667;602;647;630;583;691;635;663;556;511;487;481;494;535;586;587;534;442;481;466;430;448;467;467;443;447;420;389;407;377;348;317;300;270;203;129;91;69;83;88;67;41;43;30;8;3;3;4;6
088007;Monterosso Almo;30;22;23;34;37;32;34;41;27;30;44;36;23;31;34;28;43;29;37;37;43;25;43;39;41;35;31;41;42;52;47;47;48;57;45;36;47;48;59;57;59;42;49;49;49;38;51;49;40;42;33;46;40;33;44;45;28;40;50;50;37;40;27;32;30;21;39;38;44;49;35;48;50;39;33;35;25;34;41;25;40;23;26;21;24;24;13;14;5;5;5;7;5;4;3;3;3;0;0;0;1
088008;Pozzallo;221;180;169;241;183;196;205;216;223;204;185;207;199;235;234;235;264;238;276;246;275;255;279;269;270;275;257;266;244;253;311;301;266;295;278;301;283;260;274;274;262;261;273;243;268;247;243;260;236;255;235;252;262;270;222;194;242;255;268;239;194;210;168;132;185;186;207;185;172;154;120;134;145;115;134;116;121;108;101;78;108;76;68;69;70;57;57;41;14;22;31;17;19;10;8;6;6;3;0;1;0
088009;Ragusa;653;622;614;657;653;651;664;609;610;669;694;696;729;737;767;782;749;720;782;788;760;750;772;849;828;862;902;897;923;939;990;1009;1077;1101;1044;1032;1061;1042;1032;1076;1070;1049;1080;1060;1045;1090;1045;1040;1006;946;960;898;978;886;835;820;889;943;1003;1046;862;742;686;709;647;736;831;886;836;751;758;734;734;669;681;685;668;634;596;522;518;495;500;407;373;326;278;169;99;107;97;122;82;72;53;41;20;14;9;6;3
088010;Santa Croce Camerina;109;90;96;89;99;106;79;104;102;89;119;103;118;97;105;109;114;113;131;97;108;115;114;110;115;114;146;143;129;149;146;188;178;158;137;150;162;168;175;164;154;148;133;152;123;138;168;119;103;112;117;114;141;101;111;107;92;121;105;131;95;86;104;78;80;89;100;93;99;73;88;85;93;78;64;64;80;67;66;62;58;45;58;37;42;31;31;12;14;7;10;11;9;8;7;2;0;3;1;0;0
088011;Scicli;266;260;273;241;270;237;270;275;252;284;271;282;275;289;311;329;280;286;302;299;281;277;310;315;327;347;333;302;343;349;381;379;398;381;375;377;383;434;399;418;397;389;364;330;352;349;349;321;286;326;320;312;299;284;294;308;315;290;342;324;335;280;247;245;281;268;319;311;300;254;256;272;229;267;261;253;254;219;207;190;182;182;145;144;144;129;116;65;42;34;31;45;27;29;24;13;10;0;4;3;4
088012;Vittoria;678;699;682;688;720;672;666;690;718;742;742;698;718;806;804;743;802;753;781;777;731;777;767;760;831;787;822;829;856;913;922;892;967;911;910;965;863;927;876;915;956;901;856;863;831;811;854;834;690;689;690;715;691;640;610;604;657;693;659;712;616;508;495;526;503;527;577;580;527;447;527;495;481;451;407;434;441;394;423;321;311;302;258;237;235;194;168;109;75;67;65;51;37;36;25;15;9;2;6;1;3
;Totale;3121;3051;3081;3166;3152;3151;3155;3240;3163;3310;3335;3409;3390;3653;3659;3575;3746;3549;3788;3687;3673;3608;3749;3791;3952;3946;4000;3903;4072;4195;4508;4543;4679;4581;4512;4580;4518;4626;4639;4649;4662;4564;4485;4403;4432;4367;4430;4208;3905;3815;3899;3771;3905;3596;3453;3435;3532;3857;3839;3980;3413;2957;2819;2795;2828;2982;3401;3429;3167;2777;2907;2853;2727;2603;2563;2653;2632;2433;2347;2022;2073;1903;1801;1529;1504;1280;1106;695;425;396;390;423;299;258;200;127;67;36;28;18;27
Territorio/Età;;0;1;2;3;4;5;6;7;8;9;10;11;12;13;14;15;16;17;18;19;20;21;22;23;24;25;26;27;28;29;30;31;32;33;34;35;36;37;38;39;40;41;42;43;44;45;46;47;48;49;50;51;52;53;54;55;56;57;58;59;60;61;62;63;64;65;66;67;68;69;70;71;72;73;74;75;76;77;78;79;80;81;82;83;84;85;86;87;88;89;90;91;92;93;94;95;96;97;98;99;100
Codice comune;Comune;Maschi
088001;Acate;57;60;56;59;52;46;47;53;49;61;50;56;57;45;55;36;60;45;60;48;61;54;62;56;64;58;56;54;64;56;63;54;59;72;80;57;61;71;64;63;76;71;66;61;62;67;68;53;64;41;47;48;46;40;52;48;36;48;56;53;47;33;30;39;40;36;43;47;35;22;33;29;29;25;26;30;32;17;29;25;19;24;13;3;14;7;7;4;1;3;3;1;0;1;2;1;0;0;0;0;0
088002;Chiaramonte Gulfi;33;31;27;55;29;21;36;39;37;37;51;47;56;54;51;48;36;45;47;49;53;42;52;31;51;56;50;44;44;51;58;59;40;49;63;61;54;50;69;58;58;51;62;78;65;53;65;65;75;45;49;68;70;49;44;44;55;54;32;41;26;46;31;25;32;36;44;44;42;52;37;37;28;34;32;36;38;39;49;30;39;38;27;21;17;21;21;11;3;5;5;2;4;6;2;1;1;1;0;0;2
088003;Comiso;159;151;163;178;165;159;149;172;153;167;171;186;159;182;177;156;198;173;186;179;172;173;149;182;165;187;186;188;190;192;221;216;212;215;198;212;214;203;226;244;254;232;211;217;236;237;204;213;181;210;179;174;176;178;138;153;170;191;169;165;161;120;141;150;119;128;156;170;131;125;134;145;112;112;96;114;135;93;100;84;88;67;80;59;43;45;35;26;17;13;15;12;10;7;4;0;4;4;1;0;0
088004;Giarratana;18;11;16;9;15;17;18;17;16;17;11;14;18;13;20;19;15;21;13;28;19;18;14;12;27;18;37;20;18;21;17;21;22;21;17;12;20;25;29;19;24;27;21;17;27;18;30;22;17;16;30;13;24;25;16;16;17;13;17;23;20;15;21;7;14;13;19;19;20;18;21;13;21;16;17;20;18;19;13;14;17;11;13;0;15;2;5;3;2;6;6;3;3;4;2;2;1;0;1;0;0
088005;Ispica;72;84;86;75;83;77;73;84;77;75;80;84;91;92;112;97;109;97;100;85;96;105;95;91;105;117;92;89;94;86;105;115;114;98;105;104;115;123;114;106;122;105;120;87;103;110;88;91;89;108;101;99;106;102;77;96;93;91;79;89;84;76;76;69;67;74;91;83;68;74;66;66;55;57;53;48;54;64;39;41;41;40;30;32;24;20;17;13;10;8;3;8;1;4;4;1;0;0;0;2;1
088006;Modica;291;302;294;276;277;299;304;327;294;300;290;307;306;345;320;323;361;330;362;329;359;307;381;326;372;347;349;327;321;346;381;402;407;400;398;380;401;393;390;375;352;402;380;379;375;356;379;342;329;301;367;316;325;281;308;287;269;341;291;324;238;263;225;223;234;268;279;264;242;211;215;217;207;215;195;195;204;196;176;172;167;136;125;134;118;93;86;45;32;30;23;43;24;10;9;13;2;1;0;1;1
088007;Monterosso Almo;18;10;13;16;17;16;14;21;14;21;23;17;13;14;18;11;18;17;18;20;24;11;24;17;26;11;15;22;21;26;18;22;26;27;20;17;31;29;34;29;27;23;28;25;23;15;26;21;17;22;18;21;19;16;16;17;15;27;27;25;16;19;15;13;12;8;19;19;21;21;14;26;22;22;17;20;7;16;18;12;16;9;14;11;8;13;5;5;3;2;2;1;2;0;0;2;3;0;0;0;0
088008;Pozzallo;125;92;80;129;97;109;101;124;110;95;104;105;98;117;124;131;149;103;149;115;138;125;125;127;138;143;136;142;136;115;169;144;138;146;136;157;150;142;121;134;129;122;143;110;116;119;118;134;107;124;118;109;115;122;110;101;118;123;142;128;87;117;85;73;99;91;107;93;85;79;47;64;72;52;61;41;51;53;49;30;45;32;25;25;25;18;14;19;4;7;11;4;7;4;2;3;2;1;0;0;0
088009;Ragusa;322;347;326;315;331;318;354;323;307;355;350;366;376;374;391;405;376;396;402;413;392;379;374;441;427;424;464;457;445;506;471;495;558;547;516;498;526;528;500;529;540;521;548;495;524;503;497;501;487;473;456;433;468;396;400;394;443;445;437;484;406;353;313;333;291;333;379;392;379;339;351;343;335;283;285;301;294;258;269;219;199;201;211;154;140;115;115;59;38;42;27;50;26;21;10;17;7;6;2;0;2
088010;Santa Croce Camerina;52;47;56;49;53;59;46;60;56;43;53;55;66;49;61;60;59;67;73;44;64;64;63;58;61;62;73;76;70;102;78;104;90;80;81;77;91;92;96;92;87;81;77;84;72;72;90;66;51;60;55;65;77;52;53;52;49;67;52;58;50;41;55;38;46;46;52;43;42;36;45;34;53;28;23;23;33;33;29;22;28;19;22;13;13;10;17;3;6;2;4;4;2;3;3;0;0;0;0;0;0
088011;Scicli;135;104;135;132;137;104;138;138;137;141;137;130;146;155;173;167;151;152;164;156;158;138;148;160;186;186;180;145;160;156;204;185;207;210;194;165;161;223;195;198;216;195;189;161;175;186;168;165;140;146;145;153;153;140;137;151;153;149;163;160;171;114;123;112;144;128;154;142;126;116;124;132;105;129;113;115;107;105;89;85;71;87;62;59;69;54;32;24;16;14;14;18;13;6;7;0;3;0;0;0;0
088012;Vittoria;361;365;328;353;370;372;342;343;382;390;374;354;408;418;415;340;430;411;411;406;358;386;373;380;419;401;396;408;447;487;461;475;487;481;485;482;461;494;432;459;469;478;449;428;447;427;417;422;347;339;322;373;322;347;290;289;314;333;317;337;304;251;246;267;258;234;256;268;250;223;253;222;220;209;180;199;190;182;192;151;130;121;118;98;87;80;65;38;24;30;24;16;15;13;10;0;3;1;0;0;0
;Totale;1643;1604;1580;1646;1626;1597;1622;1701;1632;1702;1694;1721;1794;1858;1917;1793;1962;1857;1985;1872;1894;1802;1860;1881;2041;2010;2034;1972;2010;2144;2246;2292;2360;2346;2293;2222;2285;2373;2270;2306;2354;2308;2294;2142;2225;2163;2150;2095;1904;1885;1887;1872;1901;1748;1641;1648;1732;1882;1782;1887;1610;1448;1361;1349;1356;1395;1599;1584;1441;1316;1340;1328;1259;1182;1098;1142;1163;1075;1052;885;860;785;740;609;573;478;419;250;156;162;137;162;107;79;55;40;26;14;4;3;6
Territorio/Età;;0;1;2;3;4;5;6;7;8;9;10;11;12;13;14;15;16;17;18;19;20;21;22;23;24;25;26;27;28;29;30;31;32;33;34;35;36;37;38;39;40;41;42;43;44;45;46;47;48;49;50;51;52;53;54;55;56;57;58;59;60;61;62;63;64;65;66;67;68;69;70;71;72;73;74;75;76;77;78;79;80;81;82;83;84;85;86;87;88;89;90;91;92;93;94;95;96;97;98;99;100
Codice comune;Comune;Femmine
088001;Acate;42;42;38;39;57;48;53;46;45;62;60;55;61;54;56;43;51;61;32;53;43;49;54;52;62;54;70;61;59;50;64;58;62;58;50;74;67;62;60;63;56;69;52;58;61;51;56;62;50;50;46;51;57;45;46;52;44;50;53;56;40;37;28;38;38;38;34;48;34;24;39;44;27;24;23;40;26;37;38;25;28;21;25;13;22;19;15;12;5;6;3;5;4;1;2;2;0;1;0;0;1
088002;Chiaramonte Gulfi;32;32;28;20;31;35;29;37;42;36;39;44;36;43;53;45;41;44;47;51;53;48;41;51;49;46;50;39;40;54;43;41;52;46;46;61;56;69;70;63;52;71;55;62;60;63;64;65;52;60;56;50;46;42;46;50;51;53;39;48;41;25;41;41;42;38;55;45;44;47;52;40;44;57;41;56;53;44;44;34;47;36;39;22;32;25;21;17;13;6;11;15;3;8;1;4;0;1;2;0;1
088003;Comiso;116;134;152;146;152;170;145;142;136;161;166;169;145;185;171;170;189;154;148;184;171;161;199;169;171;176;170;157;219;192;234;231;221;230;228;233;217;230;225;228;241;232;224;232;212;218;211;226;174;207;188;196;193;204;160;170;165;184;211;206;180;130;145;145;169;143;174;165;188;149;156;147;165;135;136;156;153;141;117;123;108;104;102;98;96;73;73;30;16;19;10;22;18;14;11;4;3;1;1;0;3
088004;Giarratana;7;8;12;6;12;19;4;17;15;16;14;22;20;16;14;19;17;10;15;22;16;16;18;17;19;14;18;16;25;21;19;21;20;13;11;29;23;29;18;24;25;22;32;22;19;26;28;24;25;23;16;24;28;13;13;18;19;27;21;23;15;16;10;13;18;23;27;25;20;32;20;27;20;18;26;23;19;18;10;12;22;16;25;12;14;10;10;6;5;9;7;5;2;3;0;1;0;0;0;0;0
088005;Ispica;72;72;72;86;57;76;76;73;88;74;80;77;78;92;92;107;80;89;85;76;97;93;92;98;90;101;97;90;98;92;110;103;92;100;125;124;112;82;115;121;106;79;103;100;113;113;124;107;107;86;93;77;81;82;98;80;76;113;100;111;104;82;82;65;69;91;99;103;73;64;84;71;64;58;66;76;72;58;54;47;40;46;44;37;39;27;36;34;13;10;5;9;8;10;9;1;2;3;0;1;2
088006;Modica;265;251;280;267;260;290;303;298;279;286;268;326;301;337;283;286;337;341;384;339;335;343;307;364;365;352;334;340;363;379;396;406;444;376;402;372;379;410;444;381;398;413;404;393;431;382;403;315;381;298;372;318;342;321;339;343;314;350;344;339;318;248;262;258;260;267;307;323;292;231;266;249;223;233;272;272;239;251;244;217;240;241;223;183;182;177;117;84;59;39;60;45;43;31;34;17;6;2;3;3;5
088007;Monterosso Almo;12;12;10;18;20;16;20;20;13;9;21;19;10;17;16;17;25;12;19;17;19;14;19;22;15;24;16;19;21;26;29;25;22;30;25;19;16;19;25;28;32;19;21;24;26;23;25;28;23;20;15;25;21;17;28;28;13;13;23;25;21;21;12;19;18;13;20;19;23;28;21;22;28;17;16;15;18;18;23;13;24;14;12;10;16;11;8;9;2;3;3;6;3;4;3;1;0;0;0;0;1
088008;Pozzallo;96;88;89;112;86;87;104;92;113;109;81;102;101;118;110;104;115;135;127;131;137;130;154;142;132;132;121;124;108;138;142;157;128;149;142;144;133;118;153;140;133;139;130;133;152;128;125;126;129;131;117;143;147;148;112;93;124;132;126;111;107;93;83;59;86;95;100;92;87;75;73;70;73;63;73;75;70;55;52;48;63;44;43;44;45;39;43;22;10;15;20;13;12;6;6;3;4;2;0;1;0
088009;Ragusa;331;275;288;342;322;333;310;286;303;314;344;330;353;363;376;377;373;324;380;375;368;371;398;408;401;438;438;440;478;433;519;514;519;554;528;534;535;514;532;547;530;528;532;565;521;587;548;539;519;473;504;465;510;490;435;426;446;498;566;562;456;389;373;376;356;403;452;494;457;412;407;391;399;386;396;384;374;376;327;303;319;294;289;253;233;211;163;110;61;65;70;72;56;51;43;24;13;8;7;6;1
088010;Santa Croce Camerina;57;43;40;40;46;47;33;44;46;46;66;48;52;48;44;49;55;46;58;53;44;51;51;52;54;52;73;67;59;47;68;84;88;78;56;73;71;76;79;72;67;67;56;68;51;66;78;53;52;52;62;49;64;49;58;55;43;54;53;73;45;45;49;40;34;43;48;50;57;37;43;51;40;50;41;41;47;34;37;40;30;26;36;24;29;21;14;9;8;5;6;7;7;5;4;2;0;3;1;0;0
088011;Scicli;131;156;138;109;133;133;132;137;115;143;134;152;129;134;138;162;129;134;138;143;123;139;162;155;141;161;153;157;183;193;177;194;191;171;181;212;222;211;204;220;181;194;175;169;177;163;181;156;146;180;175;159;146;144;157;157;162;141;179;164;164;166;124;133;137;140;165;169;174;138;132;140;124;138;148;138;147;114;118;105;111;95;83;85;75;75;84;41;26;20;17;27;14;23;17;13;7;0;4;3;4
088012;Vittoria;317;334;354;335;350;300;324;347;336;352;368;344;310;388;389;403;372;342;370;371;373;391;394;380;412;386;426;421;409;426;461;417;480;430;425;483;402;433;444;456;487;423;407;435;384;384;437;412;343;350;368;342;369;293;320;315;343;360;342;375;312;257;249;259;245;293;321;312;277;224;274;273;261;242;227;235;251;212;231;170;181;181;140;139;148;114;103;71;51;37;41;35;22;23;15;15;6;1;6;1;3
;Totale;1478;1447;1501;1520;1526;1554;1533;1539;1531;1608;1641;1688;1596;1795;1742;1782;1784;1692;1803;1815;1779;1806;1889;1910;1911;1936;1966;1931;2062;2051;2262;2251;2319;2235;2219;2358;2233;2253;2369;2343;2308;2256;2191;2261;2207;2204;2280;2113;2001;1930;2012;1899;2004;1848;1812;1787;1800;1975;2057;2093;1803;1509;1458;1446;1472;1587;1802;1845;1726;1461;1567;1525;1468;1421;1465;1511;1469;1358;1295;1137;1213;1118;1061;920;931;802;687;445;269;234;253;261;192;179;145;87;41;22;24;15;21

"Ricostruzione della popolazione intercensuaria - Popolazione al 1° gennaio per età"
"Tutte le cittadinanze - Anno: 2008 - Provincia: Ragusa"
Territorio/Età;;0;1;2;3;4;5;6;7;8;9;10;11;12;13;14;15;16;17;18;19;20;21;22;23;24;25;26;27;28;29;30;31;32;33;34;35;36;37;38;39;40;41;42;43;44;45;46;47;48;49;50;51;52;53;54;55;56;57;58;59;60;61;62;63;64;65;66;67;68;69;70;71;72;73;74;75;76;77;78;79;80;81;82;83;84;85;86;87;88;89;90;91;92;93;94;95;96;97;98;99;100
Codice comune;Comune;Totale
088001;Acate;87;106;102;97;106;107;97;100;99;92;125;108;111;118;99;110;79;112;110;93;104;107;106;128;114;134;119;139;114;138;106;124;119;123;133;131;138;140;142;130;134;136;142;124;119;127;122;130;115;116;91;92;102;103;85;96;101;80;97;106;108;85;69;56;77;77;74;78;97;68;45;71;71;56;48;49;66;55;51;64;49;43;41;35;12;32;19;19;13;4;7;4;6;4;1;2;3;0;1;0;1
088002;Chiaramonte Gulfi;67;66;63;53;80;59;58;67;76;79;73;89;98;93;100;104;93;79;87;98;101;109;92;98;91;105;108;104;94;92;113;105;107;97;94;110;125;112;125;141;121;111;126;117;144;128;119;129;133;128;104;103;120;114;92;88;93;104;107;71;92;67;73;70;67;73;72;100;89;88;95;88;77;74;86;68;90;87;82;88;63;81;69;60;40;43;41;32;24;13;9;15;13;1;11;2;4;1;0;1;3
088003;Comiso;270;280;295;326;329;322;333;296;315;300;332;338;358;305;364;347;332;393;333;342;365;356;337;359;360;339;370;370;361;423;387;458;456;441;461;437;450;441;447;462;479;499;466;446;454;446;464;420;442;360;415;367;372;371;380;296;316;334;378;381;368;342;248;286;290;284;270;330;332;320;273;288;285;263;241;225;266;282;225;212;198;177;160;161;138;127;102;94;50;31;28;17;29;24;19;5;2;3;1;1;3
088004;Giarratana;22;23;18;28;16;27;38;24;34;32;32;25;36;39;30;33;39;32;32;28;49;35;36;32;29;47;29;52;38;43;44;41;41;44;34;30;39;46;50;49;43;50;48;55;38;46;46;58;46;41;41;45;37;53;38;30;33;37;41;38;47;37;32;31;21;32;38;45;46;39;51;41;40;40;35;42;40;35;37;22;26;35;25;36;12;22;11;15;7;7;14;11;2;5;6;2;2;0;0;0;0
088005;Ispica;132;144;166;152;160;150;153;157;159;163;157;169;157;172;186;205;207;198;186;191;163;202;199;183;193;189;218;194;187;193;187;225;227;204;198;239;233;232;212;229;237;232;185;230;190;216;222;216;198;197;194;198;178;195;183;175;174;170;204;188;200;189;157;161;139;136;163;186;190;138;137;147;131;119;112;115;120;121;120;91;78;77;81;71;64;53;40;49;39;21;14;7;16;8;9;8;2;2;0;0;5
088006;Modica;587;570;553;574;550;543;596;615;634;575;598;561;642;611;685;609;615;701;677;751;670;701;665;700;692;739;703;683;674;691;728;792;826;865;781;808;763;790;817;846;763;766;826;791;776;812;740;787;659;704;608;739;636;667;605;646;629;582;692;636;653;563;513;488;475;484;535;589;579;528;438;473;459;424;437;460;453;425;429;392;369;389;351;315;286;269;239;183;108;75;58;72;69;48;29;30;15;7;0;2;5
088007;Monterosso Almo;27;28;22;23;34;37;32;34;41;25;29;43;36;23;31;34;26;42;28;39;39;43;24;41;40;39;35;32;43;41;51;42;50;45;52;44;40;49;48;59;58;58;40;48;52;48;37;49;49;40;41;33;47;40;31;44;45;28;40;50;50;37;39;27;31;29;21;41;38;44;49;35;48;50;37;31;35;25;29;39;25;39;19;21;22;23;21;8;13;4;4;5;7;2;3;3;2;2;0;0;1
088008;Pozzallo;190;226;182;175;247;182;199;204;220;231;204;187;206;201;233;233;232;259;243;283;250;272;257;290;279;272;288;274;271;248;259;327;304;269;294;282;303;291;264;279;271;259;264;274;248;267;259;244;262;242;252;235;249;261;274;223;197;243;257;269;240;193;217;169;134;191;188;206;184;173;154;124;134;143;114;130;113;122;103;101;73;101;73;62;68;65;50;48;36;13;15;24;13;17;5;5;4;5;2;0;0
088009;Ragusa;670;653;631;611;659;651;651;657;616;622;673;701;700;730;747;772;779;757;730;789;797;762;763;776;851;834;866;909;897;933;955;1001;1005;1102;1108;1042;1046;1064;1060;1037;1089;1073;1049;1083;1062;1058;1095;1053;1044;1008;955;960;898;981;885;836;817;885;938;1003;1037;858;742;680;709;647;731;824;882;826;746;747;725;726;655;665;668;650;608;578;502;500;461;465;376;346;301;243;150;88;87;88;98;71;53;37;29;17;11;7;5
088010;Santa Croce Camerina;85;104;84;99;93;99;111;84;101;103;89;122;110;116;104;106;112;117;120;132;106;115;122;111;117;109;121;149;146;131;151;149;194;174;165;141;154;163;164;171;165;153;149;137;152;128;136;165;120;105;119;115;116;148;96;108;107;91;125;108;134;93;85;102;79;79;89;100;92;99;74;89;85;93;77;63;61;77;65;63;59;53;41;53;36;32;29;28;11;12;6;8;6;7;6;3;0;0;2;0;0
088011;Scicli;239;265;259;274;240;267;238;272;274;249;281;275;284;277;288;307;332;286;282;302;292;282;280;305;314;326;342;330;297;343;347;374;379;404;392;378;374;384;435;406;417;400;391;365;333;351;343;343;319;285;323;324;312;296;286;295;308;317;286;340;323;335;277;246;243;277;265;322;311;294;251;250;265;225;265;254;242;242;208;198;182;168;172;133;129;129;115;103;57;32;26;26;36;21;26;15;8;8;0;3;4
088012;Vittoria;693;678;706;679;687;724;679;673;703;728;746;750;708;725;818;808;751;809;765;795;798;748;795;781;757;850;817;846;844;865;912;942;913;985;930;921;975;867;952;880;927;964;909;852;868;842;813;859;840;702;701;699;717;698;644;614;607;658;685;658;712;612;505;495;523;497;523;574;572;521;444;520;489;471;435;398;424;436;388;402;309;294;270;241;222;215;176;148;94;64;56;54;41;32;29;22;14;7;0;5;2
;Totale;3069;3143;3081;3091;3201;3168;3185;3183;3272;3199;3339;3368;3446;3410;3685;3668;3597;3785;3593;3843;3734;3732;3676;3804;3837;3983;4016;4082;3966;4141;4240;4580;4621;4753;4642;4563;4640;4579;4716;4689;4704;4701;4595;4522;4436;4469;4396;4453;4227;3928;3844;3910;3784;3927;3599;3451;3427;3529;3850;3848;3964;3411;2957;2811;2788;2806;2969;3395;3412;3138;2757;2873;2809;2684;2542;2500;2578;2557;2345;2250;1933;1957;1763;1653;1405;1356;1144;970;602;364;324;331;336;240;197;134;85;52;17;19;29
Territorio/Età;;0;1;2;3;4;5;6;7;8;9;10;11;12;13;14;15;16;17;18;19;20;21;22;23;24;25;26;27;28;29;30;31;32;33;34;35;36;37;38;39;40;41;42;43;44;45;46;47;48;49;50;51;52;53;54;55;56;57;58;59;60;61;62;63;64;65;66;67;68;69;70;71;72;73;74;75;76;77;78;79;80;81;82;83;84;85;86;87;88;89;90;91;92;93;94;95;96;97;98;99;100
Codice comune;Comune;Maschi
088001;Acate;46;61;62;56;64;51;48;49;54;49;61;50;55;57;46;55;37;60;45;60;50;61;52;70;55;65;62;62;51;68;55;61;56;57;73;79;59;71;74;66;67;78;72;68;60;63;70;72;52;66;40;47;50;45;40;51;49;37;47;55;52;46;32;30;39;39;36;43;48;35;21;32;29;29;25;26;27;31;15;28;25;18;21;10;0;13;5;7;3;0;1;1;1;0;0;1;1;0;0;0;0
088002;Chiaramonte Gulfi;32;34;31;26;58;29;22;38;40;37;36;52;50;57;57;51;47;39;46;49;51;53;43;52;35;51;60;48;51;46;58;59;62;45;47;63;62;56;54;66;58;58;53;61;79;66;56;66;64;75;44;50;69;70;50;41;43;54;53;32;43;26;48;30;25;33;35;44;44;44;49;36;37;29;31;30;37;38;38;47;31;37;33;26;18;16;19;19;10;3;5;4;1;1;5;2;1;1;0;0;2
088003;Comiso;144;161;156;167;176;165;158;148;170;161;170;170;186;159;180;178;161;204;175;193;181;180;174;149;180;168;185;188;194;196;189;221;219;213;226;201;217;219;210;233;246;255;234;213;219;235;242;201;216;182;209;177;174;176;176;136;148;168;192;168;163;161;118;138;147;117;127;157;168;132;127;133;138;101;112;91;111;130;93;97;79;79;61;70;49;40;38;33;25;15;12;10;10;9;5;1;0;3;1;0;0
088004;Giarratana;8;17;10;16;10;15;19;18;17;16;16;11;14;18;13;20;20;15;22;13;28;19;19;14;11;27;17;35;21;16;22;18;19;23;20;18;11;21;22;30;19;25;26;22;16;27;18;30;22;17;16;29;14;24;25;16;15;18;14;17;23;20;16;21;8;14;13;18;20;20;18;20;13;21;15;16;17;18;19;12;13;15;12;11;0;10;2;5;2;2;5;6;0;3;4;2;1;0;0;0;0
088005;Ispica;64;71;92;85;75;90;76;80;85;75;80;85;83;93;93;110;97;115;98;106;86;103;103;94;92;104;114;92;89;93;92;108;119;113;99;113;111;116;128;115;111;125;107;124;90;106;111;89;92;91;108;103;100;109;101;79;94;93;91;83;90;85;74;77;73;67;72;90;84;66;73;65;62;56;56;51;45;50;63;39;36;39;37;31;30;20;17;17;12;8;7;2;8;1;3;4;0;1;0;0;1
088006;Modica;311;300;301;293;275;283;302;312;330;291;305;291;313;307;347;325;327;363;333;362;330;362;313;385;330;372;343;349;329;318;348;389;408;415;400;403;381;400;399;396;379;361;411;384;383;377;356;380;341;322;305;368;316;323;278;304;288;267;339;292;316;241;264;224;221;228;270;284;261;241;208;211;213;205;208;189;188;195;187;164;160;159;125;116;116;102;80;78;38;22;26;21;31;16;9;5;8;2;0;0;2
088007;Monterosso Almo;10;17;10;13;16;17;16;14;20;14;20;22;17;13;14;18;11;18;16;18;22;24;10;22;18;24;11;16;23;21;25;16;24;24;26;20;20;31;29;34;30;26;21;27;27;23;15;24;21;17;21;18;22;19;15;16;18;15;27;27;25;16;18;15;13;11;8;19;19;22;21;14;26;22;20;17;20;7;14;17;12;16;6;10;11;9;12;4;5;2;2;2;1;1;0;0;2;2;0;0;0
088008;Pozzallo;101;129;95;83;129;96;112;101;126;116;96;103;105;99;119;122;129;145;106;150;114;135;126;129;129;138;151;147;148;135;116;175;146;140;148;140;160;153;144;121;130;127;123;144;114;115;124;117;137;111;121;116;106;112;125;109;100;121;123;142;129;86;118;82;73;106;90;107;91;84;81;49;64;70;53;59;40;50;48;49;26;40;31;24;24;23;14;12;14;3;7;9;2;5;3;2;2;2;1;0;0
088009;Ragusa;326;319;349;321;314;332;320;352;331;317;360;354;368;378;380;397;403;380;404;409;418;391;385;374;442;426;426;464;452;453;509;474;490;567;548;517;499;525;537;498;528;543;523;551;497;530;506;502;504;485;477;456;433;468;397;399;392;441;437;435;479;406;354;310;334;291;332;375;386;375;336;345;340;331;277;276;295;289;244;259;212;192;184;193;138;129;104;99;54;30;33;21;34;21;14;2;10;5;6;1;2
088010;Santa Croce Camerina;40;48;45;59;50;51;62;48;60;55;42;56;60;62;54;61;63;64;70;74;45;66;68;58;58;57;65;73;79;67;102;83;108;89;82;82;79;89;90;94;95;85;82;80;83;76;66;86;65;50;62;54;66;80;47;51;51;49;68;55;58;49;40;54;39;44;47;53;43;42;36;45;34;52;25;23;22;31;31;28;20;24;15;18;12;10;10;16;2;5;2;4;3;1;3;2;0;0;0;0;0
088011;Scicli;114;131;101;137;131;135;104;138;134;138;140;137;132;148;152;169;168;154;150;165;150;156;139;144;160;181;181;178;143;162;156;201;181;213;218;199;166;161;225;199;197;218;195;192;163;174;185;163;164;140;144;146;152;150;143;138;151;152;147;161;160;169;112;122;110;140;126;154;143;123;114;120;126;102;126;112;106;102;96;88;80;66;82;58;51;63;47;32;22;10;10;12;13;9;6;5;0;3;0;0;0
088012;Vittoria;365;363;365;328;351;372;373;344;348;382;391;382;361;411;428;419;345;437;418;411;413;363;388;373;378;427;411;410;412;444;476;462;485;488;486;491;487;465;504;433;460;469;477;445;433;451;426;418;426;351;346;330;370;326;346;292;290;313;326;314;335;301;251;246;265;253;232;253;261;246;223;249;216;212;202;174;193;185;178;180;147;123;107;109;94;80;73;58;34;19;25;18;13;13;11;9;0;2;0;0;0
;Totale;1561;1651;1617;1584;1649;1636;1612;1642;1715;1651;1717;1713;1744;1802;1883;1925;1808;1994;1883;2010;1888;1913;1820;1864;1888;2040;2026;2062;1992;2019;2148;2267;2317;2387;2373;2326;2252;2307;2416;2285;2320;2370;2324;2311;2164;2243;2175;2148;2104;1907;1893;1894;1872;1902;1743;1632;1639;1728;1864;1781;1873;1606;1445;1349;1347;1343;1388;1597;1568;1430;1307;1319;1298;1230;1150;1064;1101;1126;1026;1008;841;808;714;676;543;515;421;380;221;119;135;110;117;80;63;35;25;21;8;1;7
Territorio/Età;;0;1;2;3;4;5;6;7;8;9;10;11;12;13;14;15;16;17;18;19;20;21;22;23;24;25;26;27;28;29;30;31;32;33;34;35;36;37;38;39;40;41;42;43;44;45;46;47;48;49;50;51;52;53;54;55;56;57;58;59;60;61;62;63;64;65;66;67;68;69;70;71;72;73;74;75;76;77;78;79;80;81;82;83;84;85;86;87;88;89;90;91;92;93;94;95;96;97;98;99;100
Codice comune;Comune;Femmine
088001;Acate;41;45;40;41;42;56;49;51;45;43;64;58;56;61;53;55;42;52;65;33;54;46;54;58;59;69;57;77;63;70;51;63;63;66;60;52;79;69;68;64;67;58;70;56;59;64;52;58;63;50;51;45;52;58;45;45;52;43;50;51;56;39;37;26;38;38;38;35;49;33;24;39;42;27;23;23;39;24;36;36;24;25;20;25;12;19;14;12;10;4;6;3;5;4;1;1;2;0;1;0;1
088002;Chiaramonte Gulfi;35;32;32;27;22;30;36;29;36;42;37;37;48;36;43;53;46;40;41;49;50;56;49;46;56;54;48;56;43;46;55;46;45;52;47;47;63;56;71;75;63;53;73;56;65;62;63;63;69;53;60;53;51;44;42;47;50;50;54;39;49;41;25;40;42;40;37;56;45;44;46;52;40;45;55;38;53;49;44;41;32;44;36;34;22;27;22;13;14;10;4;11;12;0;6;0;3;0;0;1;1
088003;Comiso;126;119;139;159;153;157;175;148;145;139;162;168;172;146;184;169;171;189;158;149;184;176;163;210;180;171;185;182;167;227;198;237;237;228;235;236;233;222;237;229;233;244;232;233;235;211;222;219;226;178;206;190;198;195;204;160;168;166;186;213;205;181;130;148;143;167;143;173;164;188;146;155;147;162;129;134;155;152;132;115;119;98;99;91;89;87;64;61;25;16;16;7;19;15;14;4;2;0;0;1;3
088004;Giarratana;14;6;8;12;6;12;19;6;17;16;16;14;22;21;17;13;19;17;10;15;21;16;17;18;18;20;12;17;17;27;22;23;22;21;14;12;28;25;28;19;24;25;22;33;22;19;28;28;24;24;25;16;23;29;13;14;18;19;27;21;24;17;16;10;13;18;25;27;26;19;33;21;27;19;20;26;23;17;18;10;13;20;13;25;12;12;9;10;5;5;9;5;2;2;2;0;1;0;0;0;0
088005;Ispica;68;73;74;67;85;60;77;77;74;88;77;84;74;79;93;95;110;83;88;85;77;99;96;89;101;85;104;102;98;100;95;117;108;91;99;126;122;116;84;114;126;107;78;106;100;110;111;127;106;106;86;95;78;86;82;96;80;77;113;105;110;104;83;84;66;69;91;96;106;72;64;82;69;63;56;64;75;71;57;52;42;38;44;40;34;33;23;32;27;13;7;5;8;7;6;4;2;1;0;0;4
088006;Modica;276;270;252;281;275;260;294;303;304;284;293;270;329;304;338;284;288;338;344;389;340;339;352;315;362;367;360;334;345;373;380;403;418;450;381;405;382;390;418;450;384;405;415;407;393;435;384;407;318;382;303;371;320;344;327;342;341;315;353;344;337;322;249;264;254;256;265;305;318;287;230;262;246;219;229;271;265;230;242;228;209;230;226;199;170;167;159;105;70;53;32;51;38;32;20;25;7;5;0;2;3
088007;Monterosso Almo;17;11;12;10;18;20;16;20;21;11;9;21;19;10;17;16;15;24;12;21;17;19;14;19;22;15;24;16;20;20;26;26;26;21;26;24;20;18;19;25;28;32;19;21;25;25;22;25;28;23;20;15;25;21;16;28;27;13;13;23;25;21;21;12;18;18;13;22;19;22;28;21;22;28;17;14;15;18;15;22;13;23;13;11;11;14;9;4;8;2;2;3;6;1;3;3;0;0;0;0;1
088008;Pozzallo;89;97;87;92;118;86;87;103;94;115;108;84;101;102;114;111;103;114;137;133;136;137;131;161;150;134;137;127;123;113;143;152;158;129;146;142;143;138;120;158;141;132;141;130;134;152;135;127;125;131;131;119;143;149;149;114;97;122;134;127;111;107;99;87;61;85;98;99;93;89;73;75;70;73;61;71;73;72;55;52;47;61;42;38;44;42;36;36;22;10;8;15;11;12;2;3;2;3;1;0;0
088009;Ragusa;344;334;282;290;345;319;331;305;285;305;313;347;332;352;367;375;376;377;326;380;379;371;378;402;409;408;440;445;445;480;446;527;515;535;560;525;547;539;523;539;561;530;526;532;565;528;589;551;540;523;478;504;465;513;488;437;425;444;501;568;558;452;388;370;375;356;399;449;496;451;410;402;385;395;378;389;373;361;364;319;290;308;277;272;238;217;197;144;96;58;54;67;64;50;39;35;19;12;5;6;3
088010;Santa Croce Camerina;45;56;39;40;43;48;49;36;41;48;47;66;50;54;50;45;49;53;50;58;61;49;54;53;59;52;56;76;67;64;49;66;86;85;83;59;75;74;74;77;70;68;67;57;69;52;70;79;55;55;57;61;50;68;49;57;56;42;57;53;76;44;45;48;40;35;42;47;49;57;38;44;51;41;52;40;39;46;34;35;39;29;26;35;24;22;19;12;9;7;4;4;3;6;3;1;0;0;2;0;0
088011;Scicli;125;134;158;137;109;132;134;134;140;111;141;138;152;129;136;138;164;132;132;137;142;126;141;161;154;145;161;152;154;181;191;173;198;191;174;179;208;223;210;207;220;182;196;173;170;177;158;180;155;145;179;178;160;146;143;157;157;165;139;179;163;166;165;124;133;137;139;168;168;171;137;130;139;123;139;142;136;140;112;110;102;102;90;75;78;66;68;71;35;22;16;14;23;12;20;10;8;5;0;3;4
088012;Vittoria;328;315;341;351;336;352;306;329;355;346;355;368;347;314;390;389;406;372;347;384;385;385;407;408;379;423;406;436;432;421;436;480;428;497;444;430;488;402;448;447;467;495;432;407;435;391;387;441;414;351;355;369;347;372;298;322;317;345;359;344;377;311;254;249;258;244;291;321;311;275;221;271;273;259;233;224;231;251;210;222;162;171;163;132;128;135;103;90;60;45;31;36;28;19;18;13;14;5;0;5;2
;Totale;1508;1492;1464;1507;1552;1532;1573;1541;1557;1548;1622;1655;1702;1608;1802;1743;1789;1791;1710;1833;1846;1819;1856;1940;1949;1943;1990;2020;1974;2122;2092;2313;2304;2366;2269;2237;2388;2272;2300;2404;2384;2331;2271;2211;2272;2226;2221;2305;2123;2021;1951;2016;1912;2025;1856;1819;1788;1801;1986;2067;2091;1805;1512;1462;1441;1463;1581;1798;1844;1708;1450;1554;1511;1454;1392;1436;1477;1431;1319;1242;1092;1149;1049;977;862;841;723;590;381;245;189;221;219;160;134;99;60;31;9;18;22

"Ricostruzione della popolazione intercensuaria - Popolazione al 1° gennaio per età"
"Tutte le cittadinanze - Anno: 2009 - Provincia: Ragusa"
Territorio/Età;;0;1;2;3;4;5;6;7;8;9;10;11;12;13;14;15;16;17;18;19;20;21;22;23;24;25;26;27;28;29;30;31;32;33;34;35;36;37;38;39;40;41;42;43;44;45;46;47;48;49;50;51;52;53;54;55;56;57;58;59;60;61;62;63;64;65;66;67;68;69;70;71;72;73;74;75;76;77;78;79;80;81;82;83;84;85;86;87;88;89;90;91;92;93;94;95;96;97;98;99;100
Codice comune;Comune;Totale
088001;Acate;109;88;105;106;98;109;106;98;101;97;95;125;110;112;121;102;114;82;115;124;99;113;114;112;139;127;140;137;143;133;143;110;122;124;122;138;135;143;146;147;133;142;137;141;124;120;130;123;131;117;116;92;96;103;100;87;97;98;78;100;106;108;84;74;56;76;77;75;79;95;68;46;73;69;57;48;50;64;53;51;60;47;39;38;32;10;27;17;14;9;3;5;1;5;3;1;1;3;0;1;0
088002;Chiaramonte Gulfi;53;63;67;66;51;82;60;61;67;80;79;71;89;95;95;100;105;96;81;90;100;102;116;91;101;92;104;106;105;99;93;119;103;104;99;96;113;126;111;128;144;127;116;124;119;144;129;122;130;130;135;104;105;118;115;94;88;93;106;110;70;90;67;73;70;66;70;68;97;87;91;98;87;76;74;80;67;86;82;77;86;57;77;63;56;35;42;36;24;17;13;8;12;10;0;8;0;4;1;0;2
088003;Comiso;288;275;282;295;331;324;331;335;298;316;301;336;347;357;316;367;358;333;401;337;342;373;370;343;360;363;349;377;380;363;434;386;455;466;448;465;431;433;441;448;465;475;500;468;439;455;450;458;423;445;360;412;367;369;372;376;296;313;339;379;378;371;339;252;287;286;285;264;324;323;309;269;286;277;256;227;218;251;274;211;204;182;165;150;145;122;116;90;87;41;29;22;17;22;18;13;2;2;0;1;3
088004;Giarratana;29;19;26;20;28;15;26;36;24;34;34;32;24;39;38;29;33;36;32;30;27;48;35;37;34;30;43;28;53;35;45;47;39;45;47;37;32;40;43;50;49;42;50;46;53;37;46;46;59;43;41;42;43;39;53;38;30;32;37;39;38;46;37;33;33;21;32;38;45;46;39;53;39;40;39;35;41;38;33;37;20;26;36;24;33;12;20;11;12;6;3;10;9;2;3;3;2;2;0;0;0
088005;Ispica;123;125;152;167;147;163;150;155;160;163;165;159;170;155;178;188;202;206;201;179;190;162;201;196;186;194;192;215;191;189;196;189;226;226;198;198;238;236;237;224;239;241;234;180;226;190;216;226;215;203;192;194;199;184;196;187;176;173;177;205;188;205;187;162;159;142;138;162;179;188;135;135;146;130;115;102;111;114;112;116;87;77;76;71;62;51;47;34;46;31;18;13;5;9;8;5;4;2;1;0;2
088006;Modica;559;589;571;557;574;548;547;594;621;631;580;600;564;647;609;684;617;620;705;682;756;687;709;663;699;699;739;708;689;676;682;734;791;823;874;780;811;773;792;825;840;772;764;830;794;786;810;743;793;655;708;611;745;638;674;609;641;632;583;691;639;650;562;510;486;473;480;534;589;579;524;431;463;456;422;426;445;441;416;413;381;357;366;327;293;271;249;217;165;97;65;46;60;62;36;26;22;11;5;0;6
088007;Monterosso Almo;28;29;27;23;23;36;38;32;33;41;26;28;43;37;25;31;35;26;42;28;39;38;43;26;41;39;41;34;32;44;42;51;40;49;45;51;43;39;53;45;60;58;56;41;50;54;48;37;49;48;40;41;34;46;38;32;43;43;28;41;48;49;36;39;27;30;29;20;40;42;44;48;33;45;50;35;31;33;23;28;38;25;35;19;17;23;21;19;8;11;3;4;5;5;1;2;2;2;1;0;0
088008;Pozzallo;215;196;222;179;177;252;177;197;203;218;231;208;184;204;200;239;232;234;257;244;281;251;276;253;291;276;278;300;270;276;246;258;328;307;273;296;282;302;284;258;280;270;258;278;279;247;266;266;245;268;250;259;236;256;261;270;226;200;246;256;267;249;197;213;174;135;190;185;204;182;171;154;118;130;140;115;128;107;115;96;99;70;94;61;55;64;55;43;44;31;10;15;18;12;15;1;5;2;5;1;0
088009;Ragusa;636;665;649;645;607;651;653;660;665;617;625;680;704;702;737;754;780;786;761;739;792;810;772;777;781;862;838;874;916;889;951;953;1025;1018;1115;1131;1042;1048;1064;1058;1042;1100;1095;1060;1099;1083;1065;1098;1058;1049;1017;960;974;900;987;887;829;809;883;935;996;1039;859;742;679;706;645;732;820;876;821;743;736;717;709;633;651;644;619;588;545;472;472;435;425;333;316;270;218;141;74;67;74;73;47;41;24;20;11;6;3
088010;Santa Croce Camerina;102;85;108;83;98;95;97;108;86;102;101;84;122;107;116;105;103;113;117;118;128;102;118;122;114;116;112;118;143;141;124;138;141;177;168;164;133;150;163;156;172;159;151;153;136;147;131;136;163;120;101;113;114;115;144;98;107;105;90;125;111;131;94;83;99;81;81;88;99;90;95;77;88;81;93;75;62;58;76;59;62;56;49;35;46;38;28;23;25;10;10;5;6;4;5;3;2;0;0;2;0
088011;Scicli;300;242;266;258;278;238;268;239;272;277;251;282;275;287;279;290;310;338;291;292;310;308;291;283;306;316;333;342;333;297;342;353;370;376;404;394;384;372;383;439;412;423;406;392;370;335;357;345;344;320;289;324;325;314;295;286;298;305;317;286;336;317;334;276;246;245;277;265;319;309;290;249;246;256;220;267;242;232;233;200;191;174;160;161;118;112;115;102;79;45;27;21;21;33;16;23;13;7;3;0;5
088012;Vittoria;712;678;676;704;677;690;737;690;689;708;742;765;756;716;733;826;820;762;818;787;830;831;767;817;804;785;867;816;869;856;893;932;961;926;980;939;936;998;873;962;887;935;966;923;861;879;852;830;871;847;720;710;706;723;699;651;616;620;663;684;662;718;615;502;494;525;494;526;578;568;519;428;515;479;462;426;392;412;422;376;378;298;277;252;217;201;190;152;130;78;53;49;47;35;26;19;16;8;5;0;5
;Totale;3154;3054;3151;3103;3089;3203;3190;3205;3219;3284;3230;3370;3388;3458;3447;3715;3709;3632;3821;3650;3894;3825;3812;3720;3856;3899;4036;4055;4124;3998;4191;4270;4601;4641;4773;4689;4580;4660;4590;4740;4723;4744;4733;4636;4550;4477;4500;4430;4481;4245;3969;3862;3944;3805;3934;3615;3447;3423;3547;3851;3839;3973;3411;2959;2810;2786;2798;2957;3373;3385;3106;2731;2830;2756;2637;2469;2438;2480;2458;2252;2151;1841;1846;1636;1499;1272;1226;1014;852;517;308;265;275;272;178;145;93;63;32;11;26
Territorio/Età;;0;1;2;3;4;5;6;7;8;9;10;11;12;13;14;15;16;17;18;19;20;21;22;23;24;25;26;27;28;29;30;31;32;33;34;35;36;37;38;39;40;41;42;43;44;45;46;47;48;49;50;51;52;53;54;55;56;57;58;59;60;61;62;63;64;65;66;67;68;69;70;71;72;73;74;75;76;77;78;79;80;81;82;83;84;85;86;87;88;89;90;91;92;93;94;95;96;97;98;99;100
Codice comune;Comune;Maschi
088001;Acate;59;49;59;65;58;65;51;48;49;53;50;61;50;56;61;48;58;40;61;50;66;52;63;51;83;63;71;71;65;68;72;60;59;62;55;74;80;66;77;78;67;74;81;73;70;62;66;71;74;53;67;41;48;51;43;42;52;48;36;47;55;52;45;35;31;39;39;37;43;47;35;21;33;30;30;25;27;26;30;15;28;24;17;19;9;1;12;4;7;1;0;1;0;1;0;0;0;1;0;0;0
088002;Chiaramonte Gulfi;30;28;35;33;25;58;30;23;41;40;37;37;51;50;57;56;51;49;39;46;52;52;58;42;53;36;51;61;48;53;46;63;60;60;44;46;67;63;54;55;67;59;62;54;63;78;67;57;66;61;80;44;50;68;69;52;41;43;56;56;34;43;27;48;28;24;32;31;43;43;46;51;36;36;30;30;29;36;33;35;47;27;34;29;24;16;16;17;14;8;3;5;1;1;0;3;0;1;1;0;1
088003;Comiso;157;150;166;155;173;174;165;163;148;172;164;174;175;188;165;183;188;163;208;176;188;181;188;176;149;182;174;181;195;190;200;191;222;222;214;223;195;207;214;215;230;242;253;240;205;221;233;236;200;216;179;204;177;169;172;172;137;144;170;191;163;165;160;118;141;144;117;122;153;163;125;124;134;134;102;103;85;105;125;84;89;72;72;56;66;45;33;30;29;20;15;9;10;8;6;3;1;0;0;1;0
088004;Giarratana;20;7;17;11;16;9;15;18;18;17;16;17;11;16;18;13;20;19;15;20;12;27;19;19;15;11;25;17;34;19;17;22;17;20;24;22;17;12;20;22;30;19;25;25;21;16;27;18;30;20;17;16;27;16;24;25;15;14;18;14;17;23;20;17;21;8;14;13;18;20;20;19;22;13;20;15;15;15;16;19;10;14;16;11;9;0;10;3;4;1;2;5;5;0;2;1;2;1;0;0;0
088005;Ispica;68;61;74;95;82;77;90;78;80;86;75;84;87;81;94;95;108;97;116;92;106;86;102;104;96;91;107;112;90;92;95;94;110;118;111;98;114;112;120;128;118;112;126;105;121;89;106;111;87;95;88;108;102;102;107;102;77;92;100;90;85;91;82;77;75;75;68;70;86;84;66;73;65;61;54;51;48;44;46;59;37;37;39;34;27;25;18;15;14;12;8;6;0;4;0;3;2;0;0;0;1
088006;Modica;279;309;301;300;292;271;282;302;317;330;294;303;294;317;305;343;328;331;365;335;363;337;368;314;386;332;371;349;353;331;316;354;386;407;419;402;408;387;396;400;391;380;358;413;377;385;374;360;382;341;324;304;370;319;325;279;301;292;266;336;295;316;242;262;220;218;225;270;282;260;237;204;203;212;204;200;180;184;189;177;157;153;147;113;107;110;98;73;73;38;20;19;18;29;12;6;4;6;2;0;2
088007;Monterosso Almo;14;10;17;11;13;17;17;16;14;20;14;20;22;18;14;14;18;11;18;16;17;21;24;11;22;18;25;11;15;24;21;25;16;24;21;25;22;20;32;29;34;30;24;20;28;27;23;15;24;21;17;20;18;21;19;15;15;18;15;28;25;24;15;18;15;12;11;7;19;21;22;20;14;23;22;18;17;18;7;13;17;12;14;6;8;12;7;11;3;5;1;2;2;1;0;0;0;2;1;0;0
088008;Pozzallo;118;104;125;94;84;136;95;111;99;123;116;97;103;104;99;123;121;130;143;105;149;116;139;122;132;128;140;153;141;151;136;112;179;151;137;151;143;157;146;139;121;131;125;132;145;113;112;125;117;140;117;126;118;108;113;125;113;101;121;123;143;134;89;117;88;73;102;90;106;90;82;82;50;62;69;55;56;37;47;46;47;23;35;24;22;21;17;12;11;11;2;7;5;1;4;1;2;2;2;1;0
088009;Ragusa;311;322;319;359;315;312;330;326;357;330;318;363;354;364;383;386;402;406;377;412;408;426;395;395;378;447;425;435;467;444;462;504;478;497;574;561;521;505;523;535;499;530;552;524;557;506;534;510;503;507;485;476;460;434;469;398;397;387;443;440;433;476;405;351;308;333;290;331;372;381;374;333;341;336;321;269;271;283;271;227;249;197;181;168;167;118;115;92;86;47;24;23;14;23;13;12;2;11;4;2;1
088010;Santa Croce Camerina;56;42;52;43;54;51;51;59;51;61;54;40;56;59;63;54;60;63;64;68;70;42;68;70;62;54;60;59;67;78;59;87;76;98;82;82;73;76;89;84;95;91;81;84;80;77;76;64;84;64;47;62;55;63;75;47;49;48;50;67;55;57;50;39;52;39;46;46;51;43;39;36;45;30;51;23;23;19;30;29;27;19;22;12;15;13;9;6;13;2;3;2;3;2;0;0;1;0;0;0;0
088011;Scicli;147;120;131;102;140;131;135;104;137;136;139;140;136;136;148;153;172;169;156;155;170;155;159;141;144;162;186;181;177;142;161;159;198;180;212;219;199;163;162;225;201;203;221;196;193;164;177;185;163;164;143;145;147;155;150;144;137;149;152;149;160;154;169;112;121;112;139;126;152;143;121;114;117;122;98;127;105;97;98;89;87;77;64;76;51;46;53;42;25;16;8;8;8;12;5;6;5;0;0;0;0
088012;Vittoria;338;352;361;363;328;355;383;378;350;350;390;402;381;364;415;431;426;357;444;427;433;428;372;392;377;388;436;412;418;413;456;487;476;493;485;489;496;494;465;512;434;465;467;483;446;437;456;433;422;426;358;349;331;372;326;347;294;296;313;324;315;339;305;250;246;265;251;236;253;258;246;213;244;210;208;195;171;186;178;172;171;141;117;97;93;82;72;60;46;22;14;22;15;9;12;8;7;0;1;0;0
;Totale;1597;1554;1657;1631;1580;1656;1644;1626;1661;1718;1667;1738;1720;1753;1822;1899;1952;1835;2006;1902;2034;1923;1955;1837;1897;1912;2071;2042;2070;2005;2041;2158;2277;2332;2378;2392;2335;2262;2298;2422;2287;2336;2375;2349;2306;2175;2251;2185;2152;2108;1922;1895;1903;1878;1892;1748;1628;1632;1740;1865;1780;1874;1609;1444;1346;1342;1334;1379;1578;1553;1413;1290;1304;1269;1209;1111;1027;1050;1070;965;966;796;758;645;598;489;460;365;325;183;100;109;81;91;54;43;26;24;11;4;5
Territorio/Età;;0;1;2;3;4;5;6;7;8;9;10;11;12;13;14;15;16;17;18;19;20;21;22;23;24;25;26;27;28;29;30;31;32;33;34;35;36;37;38;39;40;41;42;43;44;45;46;47;48;49;50;51;52;53;54;55;56;57;58;59;60;61;62;63;64;65;66;67;68;69;70;71;72;73;74;75;76;77;78;79;80;81;82;83;84;85;86;87;88;89;90;91;92;93;94;95;96;97;98;99;100
Codice comune;Comune;Femmine
088001;Acate;50;39;46;41;40;44;55;50;52;44;45;64;60;56;60;54;56;42;54;74;33;61;51;61;56;64;69;66;78;65;71;50;63;62;67;64;55;77;69;69;66;68;56;68;54;58;64;52;57;64;49;51;48;52;57;45;45;50;42;53;51;56;39;39;25;37;38;38;36;48;33;25;40;39;27;23;23;38;23;36;32;23;22;19;23;9;15;13;7;8;3;4;1;4;3;1;1;2;0;1;0
088002;Chiaramonte Gulfi;23;35;32;33;26;24;30;38;26;40;42;34;38;45;38;44;54;47;42;44;48;50;58;49;48;56;53;45;57;46;47;56;43;44;55;50;46;63;57;73;77;68;54;70;56;66;62;65;64;69;55;60;55;50;46;42;47;50;50;54;36;47;40;25;42;42;38;37;54;44;45;47;51;40;44;50;38;50;49;42;39;30;43;34;32;19;26;19;10;9;10;3;11;9;0;5;0;3;0;0;1
088003;Comiso;131;125;116;140;158;150;166;172;150;144;137;162;172;169;151;184;170;170;193;161;154;192;182;167;211;181;175;196;185;173;234;195;233;244;234;242;236;226;227;233;235;233;247;228;234;234;217;222;223;229;181;208;190;200;200;204;159;169;169;188;215;206;179;134;146;142;168;142;171;160;184;145;152;143;154;124;133;146;149;127;115;110;93;94;79;77;83;60;58;21;14;13;7;14;12;10;1;2;0;0;3
088004;Giarratana;9;12;9;9;12;6;11;18;6;17;18;15;13;23;20;16;13;17;17;10;15;21;16;18;19;19;18;11;19;16;28;25;22;25;23;15;15;28;23;28;19;23;25;21;32;21;19;28;29;23;24;26;16;23;29;13;15;18;19;25;21;23;17;16;12;13;18;25;27;26;19;34;17;27;19;20;26;23;17;18;10;12;20;13;24;12;10;8;8;5;1;5;4;2;1;2;0;1;0;0;0
088005;Ispica;55;64;78;72;65;86;60;77;80;77;90;75;83;74;84;93;94;109;85;87;84;76;99;92;90;103;85;103;101;97;101;95;116;108;87;100;124;124;117;96;121;129;108;75;105;101;110;115;128;108;104;86;97;82;89;85;99;81;77;115;103;114;105;85;84;67;70;92;93;104;69;62;81;69;61;51;63;70;66;57;50;40;37;37;35;26;29;19;32;19;10;7;5;5;8;2;2;2;1;0;1
088006;Modica;280;280;270;257;282;277;265;292;304;301;286;297;270;330;304;341;289;289;340;347;393;350;341;349;313;367;368;359;336;345;366;380;405;416;455;378;403;386;396;425;449;392;406;417;417;401;436;383;411;314;384;307;375;319;349;330;340;340;317;355;344;334;320;248;266;255;255;264;307;319;287;227;260;244;218;226;265;257;227;236;224;204;219;214;186;161;151;144;92;59;45;27;42;33;24;20;18;5;3;0;4
088007;Monterosso Almo;14;19;10;12;10;19;21;16;19;21;12;8;21;19;11;17;17;15;24;12;22;17;19;15;19;21;16;23;17;20;21;26;24;25;24;26;21;19;21;16;26;28;32;21;22;27;25;22;25;27;23;21;16;25;19;17;28;25;13;13;23;25;21;21;12;18;18;13;21;21;22;28;19;22;28;17;14;15;16;15;21;13;21;13;9;11;14;8;5;6;2;2;3;4;1;2;2;0;0;0;0
088008;Pozzallo;97;92;97;85;93;116;82;86;104;95;115;111;81;100;101;116;111;104;114;139;132;135;137;131;159;148;138;147;129;125;110;146;149;156;136;145;139;145;138;119;159;139;133;146;134;134;154;141;128;128;133;133;118;148;148;145;113;99;125;133;124;115;108;96;86;62;88;95;98;92;89;72;68;68;71;60;72;70;68;50;52;47;59;37;33;43;38;31;33;20;8;8;13;11;11;0;3;0;3;0;0
088009;Ragusa;325;343;330;286;292;339;323;334;308;287;307;317;350;338;354;368;378;380;384;327;384;384;377;382;403;415;413;439;449;445;489;449;547;521;541;570;521;543;541;523;543;570;543;536;542;577;531;588;555;542;532;484;514;466;518;489;432;422;440;495;563;563;454;391;371;373;355;401;448;495;447;410;395;381;388;364;380;361;348;361;296;275;291;267;258;215;201;178;132;94;50;44;60;50;34;29;22;9;7;4;2
088010;Santa Croce Camerina;46;43;56;40;44;44;46;49;35;41;47;44;66;48;53;51;43;50;53;50;58;60;50;52;52;62;52;59;76;63;65;51;65;79;86;82;60;74;74;72;77;68;70;69;56;70;55;72;79;56;54;51;59;52;69;51;58;57;40;58;56;74;44;44;47;42;35;42;48;47;56;41;43;51;42;52;39;39;46;30;35;37;27;23;31;25;19;17;12;8;7;3;3;2;5;3;1;0;0;2;0
088011;Scicli;153;122;135;156;138;107;133;135;135;141;112;142;139;151;131;137;138;169;135;137;140;153;132;142;162;154;147;161;156;155;181;194;172;196;192;175;185;209;221;214;211;220;185;196;177;171;180;160;181;156;146;179;178;159;145;142;161;156;165;137;176;163;165;164;125;133;138;139;167;166;169;135;129;134;122;140;137;135;135;111;104;97;96;85;67;66;62;60;54;29;19;13;13;21;11;17;8;7;3;0;5
088012;Vittoria;374;326;315;341;349;335;354;312;339;358;352;363;375;352;318;395;394;405;374;360;397;403;395;425;427;397;431;404;451;443;437;445;485;433;495;450;440;504;408;450;453;470;499;440;415;442;396;397;449;421;362;361;375;351;373;304;322;324;350;360;347;379;310;252;248;260;243;290;325;310;273;215;271;269;254;231;221;226;244;204;207;157;160;155;124;119;118;92;84;56;39;27;32;26;14;11;9;8;4;0;5
;Totale;1557;1500;1494;1472;1509;1547;1546;1579;1558;1566;1563;1632;1668;1705;1625;1816;1757;1797;1815;1748;1860;1902;1857;1883;1959;1987;1965;2013;2054;1993;2150;2112;2324;2309;2395;2297;2245;2398;2292;2318;2436;2408;2358;2287;2244;2302;2249;2245;2329;2137;2047;1967;2041;1927;2042;1867;1819;1791;1807;1986;2059;2099;1802;1515;1464;1444;1464;1578;1795;1832;1693;1441;1526;1487;1428;1358;1411;1430;1388;1287;1185;1045;1088;991;901;783;766;649;527;334;208;156;194;181;124;102;67;39;21;7;21

"Ricostruzione della popolazione intercensuaria - Popolazione al 1° gennaio per età"
"Tutte le cittadinanze - Anno: 2010 - Provincia: Ragusa"
Territorio/Età;;0;1;2;3;4;5;6;7;8;9;10;11;12;13;14;15;16;17;18;19;20;21;22;23;24;25;26;27;28;29;30;31;32;33;34;35;36;37;38;39;40;41;42;43;44;45;46;47;48;49;50;51;52;53;54;55;56;57;58;59;60;61;62;63;64;65;66;67;68;69;70;71;72;73;74;75;76;77;78;79;80;81;82;83;84;85;86;87;88;89;90;91;92;93;94;95;96;97;98;99;100
Codice comune;Comune;Totale
088001;Acate;114;110;93;107;109;100;110;113;107;107;103;99;129;110;118;125;105;119;85;125;129;102;124;119;123;153;128;145;145;152;141;149;121;139;136;127;146;142;148;149;151;143;147;143;141;124;126;132;128;132;118;117;92;93;106;100;90;96;96;78;100;104;107;84;72;59;74;77;75;75;94;66;45;72;68;58;47;48;61;50;48;60;44;38;34;28;11;21;15;16;8;3;5;0;4;3;2;1;2;0;1
088002;Chiaramonte Gulfi;69;50;62;69;70;53;87;59;66;71;80;79;72;88;92;95;99;106;101;79;91;100;106;119;95;106;91;105;102;112;96;97;119;107;99;105;100;111;131;123;127;144;129;118;121;121;142;124;121;129;131;134;106;104;117;116;96;89;94;107;111;72;90;67;73;68;66;71;67;98;86;91;97;87;71;71;78;64;84;81;73;77;54;69;62;49;31;40;33;23;13;9;8;9;9;0;7;0;3;1;0
088003;Comiso;307;295;274;283;295;335;324;332;337;291;316;301;338;347;366;315;375;361;329;402;347;345;379;372;350;355;363;362;380;391;368;446;394;440;461;450;470;433;432;439;456;461;475;501;466;434;456;448;452;421;444;355;411;364;368;373;374;299;313;340;376;373;370;336;247;285;284;284;254;319;316;302;259;281;271;252;219;212;244;259;198;190;166;152;134;126;114;103;83;70;32;25;20;14;17;13;9;0;1;0;2
088004;Giarratana;35;29;20;26;20;26;15;28;35;23;34;33;33;24;37;35;29;33;36;31;28;30;49;33;34;35;32;44;29;52;33;42;48;34;42;42;33;32;38;45;47;49;43;50;45;51;38;46;48;59;43;40;41;43;38;53;37;29;32;36;40;38;46;37;33;33;22;32;38;45;46;38;51;39;41;36;34;40;36;33;29;20;23;32;18;31;11;20;9;10;5;2;7;8;2;2;3;1;1;0;0
088005;Ispica;143;135;133;159;173;158;167;151;160;159;164;166;166;172;159;180;195;206;205;202;183;187;161;204;196;190;194;198;226;193;189;202;196;229;232;208;204;244;241;239;228;255;242;240;186;229;197;213;226;222;206;195;190;198;183;193;191;170;173;177;203;190;197;189;155;156;140;132;159;175;187;132;129;138;128;113;93;105;103;108;111;85;78;68;64;54;41;47;33;41;23;14;8;3;7;5;4;2;2;1;0
088006;Modica;594;579;583;572;563;575;554;552;593;623;629;588;608;568;652;611;689;620;620;705;681;759;693;724;669;689;705;736;710;688;672;687;732;797;830;873;792;806;778;791;832;844;763;760;836;795;789;817;737;786;654;709;616;739;636;674;605;640;626;581;687;643;648;558;507;481;473;477;530;582;574;511;420;456;453;410;419;424;428;400;398;350;321;341;302;261;244;216;186;141;80;52;37;47;45;26;19;15;8;1;5
088007;Monterosso Almo;22;26;28;27;23;23;35;39;28;32;41;24;26;44;37;25;31;35;26;40;29;37;38;42;27;40;38;38;34;32;45;39;51;39;45;46;51;41;39;51;42;63;58;54;40;50;53;48;37;50;48;37;41;33;45;40;34;41;41;29;40;48;49;35;39;28;29;30;20;39;42;41;46;33;43;47;35;31;30;23;25;35;24;32;18;17;20;19;19;5;8;2;3;3;4;1;2;2;0;0;0
088008;Pozzallo;210;216;195;219;187;178;247;173;197;206;218;229;210;183;202;204;233;229;237;255;242;280;252;277;258;283;276;285;303;265;275;245;267;313;307;265;301;277;302;285;257;283;273;256;278;282;247;264;263;246;262;255;257;239;255;263;264;227;200;248;256;265;250;199;216;179;138;187;181;210;180;170;152;114;128;135;113;124;106;112;91;91;68;88;55;53;57;43;34;37;28;9;9;17;11;9;1;4;2;3;1
088009;Ragusa;644;631;675;654;651;606;659;653;673;676;629;634;691;713;712;744;759;785;794;779;747;806;830;785;799;799;864;847;874;942;911;968;983;1056;1042;1130;1166;1057;1059;1071;1078;1036;1107;1105;1072;1109;1093;1070;1101;1059;1061;1024;956;980;901;993;890;829;813;882;926;991;1043;857;748;673;701;646;722;817;865;821;736;721;712;693;621;627;617;599;569;516;442;444;404;382;297;283;247;190;112;64;55;56;64;36;33;15;14;6;7
088010;Santa Croce Camerina;116;101;81;105;86;99;92;103;112;84;105;100;93;124;108;117;105;108;114;120;118;134;111;123;124;117;117;112;122;141;142;128;138;146;169;166;168;127;153;165;157;179;154;155;153;137;143;133;138;160;120;103;112;114;114;139;99;107;103;90;127;110;129;94;84;99;82;82;85;100;93;94;76;87;81;90;74;60;56;72;54;58;52;38;29;41;31;22;17;19;7;9;5;2;3;1;2;2;0;0;0
088011;Scicli;258;298;241;269;256;279;242;273;242;274;283;251;287;274;290;282;294;321;346;293;289;310;310;291;286;310;322;332;343;341;298;342;359;373;379;408;396;385;372;382;442;423;431;406;392;372;340;363;347;340;322;290;325;330;314;294;285;303;304;315;290;335;317;337;274;248;241;275;270;322;304;285;245;242;253;216;252;237;224;221;195;181;165;146;148;106;103;97;96;72;34;22;16;16;24;12;20;7;3;0;4
088012;Vittoria;710;723;679;687;701;682;685;731;700;689;726;743;773;762;719;741;846;832;784;848;809;855;847;797;833;828;813;879;825;873;867;879;921;977;939;992;932;935;997;872;952;891;941;969;932;873;889;858;842;878;853;721;713;714;731;697;655;618;623;661;690;661;715;620;497;490;516;494;520;574;560;514;422;502;470;455;413;385;398;413;363;367;280;255;230;195;189;167;129;124;63;40;37;38;21;15;15;13;7;1;2
;Totale;3222;3193;3064;3177;3134;3114;3217;3207;3250;3235;3328;3247;3426;3409;3492;3474;3760;3755;3677;3879;3693;3945;3900;3886;3794;3905;3943;4083;4093;4182;4037;4224;4329;4650;4681;4812;4759;4590;4690;4612;4769;4771;4763;4757;4662;4577;4513;4516;4440;4482;4262;3980;3860;3951;3808;3935;3620;3448;3418;3544;3846;3830;3961;3413;2945;2799;2766;2787;2921;3356;3347;3065;2678;2772;2719;2576;2398;2357;2387;2371;2154;2030;1717;1703;1498;1343;1149;1078;901;748;413;251;210;213;211;123;117;62;43;13;22
Territorio/Età;;0;1;2;3;4;5;6;7;8;9;10;11;12;13;14;15;16;17;18;19;20;21;22;23;24;25;26;27;28;29;30;31;32;33;34;35;36;37;38;39;40;41;42;43;44;45;46;47;48;49;50;51;52;53;54;55;56;57;58;59;60;61;62;63;64;65;66;67;68;69;70;71;72;73;74;75;76;77;78;79;80;81;82;83;84;85;86;87;88;89;90;91;92;93;94;95;96;97;98;99;100
Codice comune;Comune;Maschi
088001;Acate;53;60;53;60;65;59;66;56;52;53;55;52;64;50;59;63;49;61;42;66;54;68;58;64;62;94;67;75;76;72;73;72;66;74;71;61;76;85;72;79;79;71;78;84;75;70;65;69;76;75;52;68;43;46;53;44;45;53;46;35;47;53;51;45;33;31;38;39;37;41;46;34;21;32;30;31;25;26;25;28;13;28;22;17;17;7;2;8;4;8;1;0;1;0;1;0;0;0;0;0;0
088002;Chiaramonte Gulfi;28;28;30;37;36;27;62;29;25;41;41;37;37;51;47;58;55;52;49;38;45;52;54;59;43;56;37;55;59;52;52;48;62;66;55;48;50;64;63;62;54;66;60;64;53;63;77;64;57;67;61;79;44;50;68;69;52;42;43;55;57;35;43;27;49;27;24;33;30;44;43;46;50;36;34;29;28;27;36;33;34;39;24;28;28;19;15;16;16;13;6;2;5;2;1;0;3;0;1;1;0
088003;Comiso;143;160;147;167;157;176;174;166;163;144;173;164;173;175;193;166;189;193;162;208;183;192;185;187;181;148;185;180;182;197;194;209;195;211;222;219;224;192;206;212;218;225;239;252;238;202;220;231;235;198;216;174;201;174;168;171;171;137;143;169;189;159;167;157;118;137;141;119;115;148;158;119;117;132;132;102;101;82;104;116;80;84;65;68;50;59;42;30;25;24;19;13;8;8;3;5;2;0;0;0;0
088004;Giarratana;14;20;8;18;11;16;9;17;17;18;17;16;18;11;15;17;14;20;19;15;20;16;27;18;18;16;11;25;17;34;17;18;22;15;19;25;19;17;10;20;19;29;21;25;24;21;16;27;20;30;20;16;16;27;15;24;25;15;14;17;15;17;23;20;17;21;8;14;13;18;20;19;19;22;14;17;15;14;13;16;16;10;11;14;9;8;1;9;3;4;1;2;3;5;0;1;1;1;1;0;0
088005;Ispica;69;72;65;80;96;88;81;90;83;80;88;75;89;89;81;95;99;110;101;120;93;101;83;101;102;100;90;105;112;95;95;94;96;111;121;114;100;115;117;119;130;125;110;128;107;124;94;104;109;88;96;90;105;101;105;105;100;73;92;99;88;86;88;86;73;75;72;63;69;81;82;63;70;62;59;52;50;47;36;45;53;34;37;37;29;22;19;19;16;14;8;6;1;0;4;0;2;2;0;0;0
088006;Modica;308;287;303;300;300;291;272;283;301;318;326;294;308;298;319;305;346;332;330;367;335;363;344;374;321;380;334;372;352;355;327;319;349;390;416;417;410;402;387;398;405;391;375;358;419;376;389;376;355;379;341;323;306;366;318;326;276;301;287;266;330;292;315;241;259;217;217;221;268;277;255;230;194;196;210;200;198;168;173;185;166;144;137;132;104;87;98;80;63;59;34;17;14;12;21;10;2;0;5;0;1
088007;Monterosso Almo;12;13;10;17;11;13;16;17;12;13;20;14;20;23;18;14;15;18;11;18;16;16;21;23;11;22;18;25;11;16;25;17;28;16;22;21;25;22;19;32;27;35;29;24;20;28;26;23;15;25;21;17;20;18;21;21;15;15;16;16;27;25;25;14;18;15;11;12;7;18;21;19;19;14;21;20;18;17;18;7;11;15;11;13;5;9;10;6;10;1;3;0;1;0;1;0;0;0;0;0;0
088008;Pozzallo;107;125;103;121;103;87;133;92;111;102;122;117;99;99;103;102;120;117;132;143;105;149;116;144;125;126;130;143;150;134;145;142;116;174;151;135;153;136;153;150;141;122;134;123;131;148;110;113;122;114;135;122;124;118;109;114;121;112;103;121;121;141;134;89;117;92;75;101;88;108;88;81;80;48;59;66;54;54;37;45;43;42;24;33;20;21;17;11;12;10;10;2;4;5;2;2;1;2;2;2;1
088009;Ragusa;333;312;331;317;365;313;315;329;335;362;333;325;376;360;372;388;389;406;415;387;414;419;433;406;406;387;443;426;430;482;446;467;516;492;503;580;578;530;512;523;543;495;534;554;527;566;513;538;512;505;508;485;473;458;434;469;399;395;389;446;433;431;473;402;358;304;329;289;322;371;371;375;326;330;331;310;256;259;265;261;217;226;185;170;157;146;104;98;85;78;35;18;20;11;20;10;10;1;9;2;2
088010;Santa Croce Camerina;52;56;41;54;43;53;50;53;59;50;62;52;45;58;58;65;57;62;64;63;69;71;46;71;72;63;55;58;63;64;76;62;90;79;94;77;87;70;79;90;85;101;87;83;84;79;73;77;65;82;62;47;62;55;61;73;49;49;47;51;68;54;55;48;39;50;40;47;44;51;47;38;35;44;31;49;24;22;17;26;26;23;18;18;12;13;11;8;3;9;1;3;2;1;2;0;0;1;0;0;0
088011;Scicli;136;146;118;137;102;141;135;138;106;139;137;140;144;137;137;149;155;180;174;154;153;170;157;160;140;146;164;185;182;179;143;158;165;197;182;221;218;205;162;158;230;206;208;220;199;193;167;183;187;159;165;141;144;149;153;148;142;138;149;151;152;159;152;171;111;120;110;138;130;152;140;117;112;113;120;98;119;104;91;93;84;80;72;58;69;40;42;43;40;21;13;6;7;7;9;4;6;3;0;0;0
088012;Vittoria;355;344;354;367;362;334;352;378;386;355;365;388;408;384;363;420;442;431;372;460;439;440;441;390;404;387;401;439;426;418;425;446;485;491;510;491;487;498;500;465;508;433;468;465;486;448;441;459;442;425;430;359;351;334;376;324;349;295;297;312;328;314;337;307;245;244;260;250;232;252;252;245;205;235;205;204;187;168;177;173;168;166;129;109;89;80;73;65;51;42;15;12;18;11;2;7;6;7;0;0;0
;Totale;1610;1623;1563;1675;1651;1598;1665;1648;1650;1675;1739;1674;1781;1735;1765;1842;1930;1982;1871;2039;1926;2057;1965;1997;1885;1925;1935;2088;2060;2098;2018;2052;2190;2316;2366;2409;2427;2336;2280;2308;2439;2299;2343;2380;2363;2318;2191;2264;2195;2147;2107;1921;1889;1896;1881;1888;1744;1625;1626;1738;1855;1766;1863;1607;1437;1333;1325;1326;1355;1561;1523;1386;1248;1264;1246;1178;1075;988;992;1028;911;891;735;697;589;511;434;393;328;283;146;81;84;62;66;39;33;17;18;5;4
Territorio/Età;;0;1;2;3;4;5;6;7;8;9;10;11;12;13;14;15;16;17;18;19;20;21;22;23;24;25;26;27;28;29;30;31;32;33;34;35;36;37;38;39;40;41;42;43;44;45;46;47;48;49;50;51;52;53;54;55;56;57;58;59;60;61;62;63;64;65;66;67;68;69;70;71;72;73;74;75;76;77;78;79;80;81;82;83;84;85;86;87;88;89;90;91;92;93;94;95;96;97;98;99;100
Codice comune;Comune;Femmine
088001;Acate;61;50;40;47;44;41;44;57;55;54;48;47;65;60;59;62;56;58;43;59;75;34;66;55;61;59;61;70;69;80;68;77;55;65;65;66;70;57;76;70;72;72;69;59;66;54;61;63;52;57;66;49;49;47;53;56;45;43;50;43;53;51;56;39;39;28;36;38;38;34;48;32;24;40;38;27;22;22;36;22;35;32;22;21;17;21;9;13;11;8;7;3;4;0;3;3;2;1;2;0;1
088002;Chiaramonte Gulfi;41;22;32;32;34;26;25;30;41;30;39;42;35;37;45;37;44;54;52;41;46;48;52;60;52;50;54;50;43;60;44;49;57;41;44;57;50;47;68;61;73;78;69;54;68;58;65;60;64;62;70;55;62;54;49;47;44;47;51;52;54;37;47;40;24;41;42;38;37;54;43;45;47;51;37;42;50;37;48;48;39;38;30;41;34;30;16;24;17;10;7;7;3;7;8;0;4;0;2;0;0
088003;Comiso;164;135;127;116;138;159;150;166;174;147;143;137;165;172;173;149;186;168;167;194;164;153;194;185;169;207;178;182;198;194;174;237;199;229;239;231;246;241;226;227;238;236;236;249;228;232;236;217;217;223;228;181;210;190;200;202;203;162;170;171;187;214;203;179;129;148;143;165;139;171;158;183;142;149;139;150;118;130;140;143;118;106;101;84;84;67;72;73;58;46;13;12;12;6;14;8;7;0;1;0;2
088004;Giarratana;21;9;12;8;9;10;6;11;18;5;17;17;15;13;22;18;15;13;17;16;8;14;22;15;16;19;21;19;12;18;16;24;26;19;23;17;14;15;28;25;28;20;22;25;21;30;22;19;28;29;23;24;25;16;23;29;12;14;18;19;25;21;23;17;16;12;14;18;25;27;26;19;32;17;27;19;19;26;23;17;13;10;12;18;9;23;10;11;6;6;4;0;4;3;2;1;2;0;0;0;0
088005;Ispica;74;63;68;79;77;70;86;61;77;79;76;91;77;83;78;85;96;96;104;82;90;86;78;103;94;90;104;93;114;98;94;108;100;118;111;94;104;129;124;120;98;130;132;112;79;105;103;109;117;134;110;105;85;97;78;88;91;97;81;78;115;104;109;103;82;81;68;69;90;94;105;69;59;76;69;61;43;58;67;63;58;51;41;31;35;32;22;28;17;27;15;8;7;3;3;5;2;0;2;1;0
088006;Modica;286;292;280;272;263;284;282;269;292;305;303;294;300;270;333;306;343;288;290;338;346;396;349;350;348;309;371;364;358;333;345;368;383;407;414;456;382;404;391;393;427;453;388;402;417;419;400;441;382;407;313;386;310;373;318;348;329;339;339;315;357;351;333;317;248;264;256;256;262;305;319;281;226;260;243;210;221;256;255;215;232;206;184;209;198;174;146;136;123;82;46;35;23;35;24;16;17;15;3;1;4
088007;Monterosso Almo;10;13;18;10;12;10;19;22;16;19;21;10;6;21;19;11;16;17;15;22;13;21;17;19;16;18;20;13;23;16;20;22;23;23;23;25;26;19;20;19;15;28;29;30;20;22;27;25;22;25;27;20;21;15;24;19;19;26;25;13;13;23;24;21;21;13;18;18;13;21;21;22;27;19;22;27;17;14;12;16;14;20;13;19;13;8;10;13;9;4;5;2;2;3;3;1;2;2;0;0;0
088008;Pozzallo;103;91;92;98;84;91;114;81;86;104;96;112;111;84;99;102;113;112;105;112;137;131;136;133;133;157;146;142;153;131;130;103;151;139;156;130;148;141;149;135;116;161;139;133;147;134;137;151;141;132;127;133;133;121;146;149;143;115;97;127;135;124;116;110;99;87;63;86;93;102;92;89;72;66;69;69;59;70;69;67;48;49;44;55;35;32;40;32;22;27;18;7;5;12;9;7;0;2;0;1;0
088009;Ragusa;311;319;344;337;286;293;344;324;338;314;296;309;315;353;340;356;370;379;379;392;333;387;397;379;393;412;421;421;444;460;465;501;467;564;539;550;588;527;547;548;535;541;573;551;545;543;580;532;589;554;553;539;483;522;467;524;491;434;424;436;493;560;570;455;390;369;372;357;400;446;494;446;410;391;381;383;365;368;352;338;352;290;257;274;247;236;193;185;162;112;77;46;35;45;44;26;23;14;5;4;5
088010;Santa Croce Camerina;64;45;40;51;43;46;42;50;53;34;43;48;48;66;50;52;48;46;50;57;49;63;65;52;52;54;62;54;59;77;66;66;48;67;75;89;81;57;74;75;72;78;67;72;69;58;70;56;73;78;58;56;50;59;53;66;50;58;56;39;59;56;74;46;45;49;42;35;41;49;46;56;41;43;50;41;50;38;39;46;28;35;34;20;17;28;20;14;14;10;6;6;3;1;1;1;2;1;0;0;0
088011;Scicli;122;152;123;132;154;138;107;135;136;135;146;111;143;137;153;133;139;141;172;139;136;140;153;131;146;164;158;147;161;162;155;184;194;176;197;187;178;180;210;224;212;217;223;186;193;179;173;180;160;181;157;149;181;181;161;146;143;165;155;164;138;176;165;166;163;128;131;137;140;170;164;168;133;129;133;118;133;133;133;128;111;101;93;88;79;66;61;54;56;51;21;16;9;9;15;8;14;4;3;0;4
088012;Vittoria;355;379;325;320;339;348;333;353;314;334;361;355;365;378;356;321;404;401;412;388;370;415;406;407;429;441;412;440;399;455;442;433;436;486;429;501;445;437;497;407;444;458;473;504;446;425;448;399;400;453;423;362;362;380;355;373;306;323;326;349;362;347;378;313;252;246;256;244;288;322;308;269;217;267;265;251;226;217;221;240;195;201;151;146;141;115;116;102;78;82;48;28;19;27;19;8;9;6;7;1;2
;Totale;1612;1570;1501;1502;1483;1516;1552;1559;1600;1560;1589;1573;1645;1674;1727;1632;1830;1773;1806;1840;1767;1888;1935;1889;1909;1980;2008;1995;2033;2084;2019;2172;2139;2334;2315;2403;2332;2254;2410;2304;2330;2472;2420;2377;2299;2259;2322;2252;2245;2335;2155;2059;1971;2055;1927;2047;1876;1823;1792;1806;1991;2064;2098;1806;1508;1466;1441;1461;1566;1795;1824;1679;1430;1508;1473;1398;1323;1369;1395;1343;1243;1139;982;1006;909;832;715;685;573;465;267;170;126;151;145;84;84;45;25;8;18

"Ricostruzione della popolazione intercensuaria - Popolazione al 1° gennaio per età"
"Tutte le cittadinanze - Anno: 2011 - Provincia: Ragusa"
Territorio/Età;;0;1;2;3;4;5;6;7;8;9;10;11;12;13;14;15;16;17;18;19;20;21;22;23;24;25;26;27;28;29;30;31;32;33;34;35;36;37;38;39;40;41;42;43;44;45;46;47;48;49;50;51;52;53;54;55;56;57;58;59;60;61;62;63;64;65;66;67;68;69;70;71;72;73;74;75;76;77;78;79;80;81;82;83;84;85;86;87;88;89;90;91;92;93;94;95;96;97;98;99;100
Codice comune;Comune;Totale
088001;Acate;104;113;108;96;107;115;101;115;112;114;110;106;99;133;111;122;127;107;126;96;138;134;118;143;139;144;170;159;171;153;166;167;161;149;154;148;151;155;147;162;162;154;154;158;142;147;123;131;132;127;131;116;117;87;93;106;101;90;95;94;77;99;105;108;85;71;57;76;78;76;74;91;66;44;69;67;56;46;47;57;50;46;56;41;35;31;28;10;19;13;12;6;3;5;0;4;3;2;1;0;0
088002;Chiaramonte Gulfi;56;68;51;64;67;68;55;89;58;68;74;81;80;74;90;92;98;99;107;102;80;91;107;105;118;99;106;89;107;100;110;93;96;116;108;102;101;97;110;129;129;132;144;129;117;121;122;139;122;119;131;130;134;105;104;117;115;95;89;95;109;111;74;92;67;74;69;65;71;67;96;84;90;97;87;68;70;78;63;80;77;72;70;52;63;56;45;26;37;30;18;12;6;6;9;8;0;3;0;2;1
088003;Comiso;304;309;290;271;291;294;334;321;334;337;292;326;305;345;348;369;319;378;363;331;400;356;347;385;369;356;354;365;366;393;394;371;454;408;454;463;450;470;428;443;430;460;465;482;501;466;436;459;444;446;423;441;358;411;362;366;371;374;300;317;336;377;368;369;334;243;279;282;285;252;317;305;299;257;277;261;247;212;205;225;247;185;183;149;140;122;115;96;90;78;58;26;22;18;11;14;12;7;1;1;1
088004;Giarratana;20;32;30;22;25;20;26;16;27;35;24;34;33;33;25;38;35;29;33;37;31;29;27;48;36;35;36;33;43;29;49;33;43;49;33;40;41;31;33;38;43;47;48;44;49;47;53;38;43;45;60;42;40;40;42;37;54;39;29;32;33;39;38;46;38;31;33;21;33;38;45;46;38;48;39;40;33;34;38;33;32;26;19;22;28;16;29;10;17;6;8;4;2;7;5;2;2;3;0;0;0
088005;Ispica;150;141;132;131;161;175;156;171;155;165;161;162;166;164;177;167;178;199;206;208;202;195;187;181;208;206;193;200;201;230;201;192;204;198;231;233;219;216;245;241;243;238;260;254;245;185;225;201;215;232;222;202;194;199;192;187;194;194;172;171;177;209;194;192;194;154;159;137;136;159;170;182;133;126;138;126;107;88;102;98;98;103;80;71;61;65;47;32;40;27;35;21;10;7;2;4;6;3;1;0;1
088006;Modica;558;584;581;581;583;570;574;555;554;596;619;632;586;616;573;651;616;697;625;620;707;686;762;697;728;685;697;717;734;706;690;668;696;739;805;827;865;791;813;793;793;834;837;764;768;838;802;794;826;743;791;660;710;612;737;632;668;607;643;623;572;679;642;643;558;505;478;478;476;522;577;565;503;419;443;444;393;400;409;407;383;373;336;300;315;278;233;217;193;166;119;64;37;31;33;35;17;10;12;5;2
088007;Monterosso Almo;12;24;26;25;29;22;24;34;38;28;34;39;24;27;43;36;25;31;35;26;40;29;37;39;44;27;41;34;36;33;34;43;37;50;39;43;45;50;40;36;50;42;63;56;56;40;50;52;48;38;51;49;38;41;33;45;40;31;41;42;28;40;48;49;34;38;29;30;25;20;39;42;39;46;33;42;48;34;31;30;23;23;33;20;30;17;17;17;17;17;6;6;1;3;3;4;1;1;1;0;0
088008;Pozzallo;194;218;211;195;212;189;175;245;173;198;206;221;231;214;182;199;203;233;235;238;258;242;283;255;274;256;281;274;283;296;261;278;241;269;310;315;276;308;278;302;286;256;283;269;257;282;283;244;265;258;246;259;255;256;244;254;265;261;230;202;250;254;263;248;202;211;179;135;179;180;205;179;171;150;113;127;126;111;121;101;105;86;87;63;81;52;45;51;36;29;33;21;6;8;15;10;7;1;4;2;2
088009;Ragusa;643;653;647;693;661;660;617;665;663;682;688;629;635;702;719;718;758;770;794;807;786;766;818;847;806;806;808;876;870;882;950;925;992;978;1067;1071;1145;1181;1064;1072;1077;1090;1036;1109;1111;1078;1108;1102;1075;1110;1066;1066;1021;961;985;898;996;891;820;809;884;920;991;1046;847;739;675;694;635;716;813;854;811;723;709;702;671;609;604;599;568;552;489;416;410;372;344;268;238;215;157;91;50;37;47;49;34;23;11;7;4
088010;Santa Croce Camerina;91;121;98;78;105;87;97;95;103;111;82;102;102;93;121;108;123;107;113;116;122;116;136;116;122;122;126;124;122;124;147;152;129;133;153;162;171;166;127;158;170;154;185;148;155;158;132;143;134;138;165;123;105;109;118;115;139;99;104;101;92;125;107;131;103;86;98;80;80;84;101;89;91;76;87;80;83;72;57;54;71;50;59;51;37;26;39;29;18;11;15;7;7;4;0;3;2;1;2;0;0
088011;Scicli;240;258;301;238;275;258;285;242;273;246;276;286;253;288;280;295;284;299;323;349;296;295;321;317;297;295;316;315;336;340;341;299;346;362;373;377;414;390;388;379;384;445;431;435;406;397;375;343;365;346;341;321;295;328;323;317;297;282;306;303;314;289;336;317;334;277;245;240;274;266;316;299;278;244;236;242;211;247;231;216;213;186;172;153;129;130;101;86;81;90;59;28;18;12;12;14;9;10;6;3;2
088012;Vittoria;672;708;738;682;701;706;692;688;744;720;698;741;750;786;778;732;754;863;854;803;870;832;869;868;816;865;855;832;891;854;885;880;893;938;991;940;1012;946;944;996;888;970;901;951;983;946;888;906;868;858;882;856;725;721;720;734;700;658;623;625;664;690;656;716;619;500;490;506;500;519;575;557;501;417;499;463;449;403;370;378;397;342;350;265;233;213;178;175;150;116;101;52;35;35;34;20;13;8;6;2;2
;Totale;3044;3229;3213;3076;3217;3164;3136;3236;3234;3300;3264;3359;3264;3475;3447;3527;3520;3812;3814;3733;3930;3771;4012;4001;3957;3896;3983;4018;4160;4140;4228;4101;4292;4389;4718;4721;4890;4801;4617;4749;4655;4822;4807;4799;4790;4705;4597;4552;4537;4460;4509;4265;3992;3870;3953;3808;3940;3621;3452;3414;3536;3832;3822;3957;3415;2929;2791;2744;2772;2899;3328;3293;3020;2647;2730;2662;2494;2334;2278;2278;2264;2044;1934;1603;1562;1378;1221;1017;936;798;621;338;197;173;171;167;106;72;45;22;15
Territorio/Età;;0;1;2;3;4;5;6;7;8;9;10;11;12;13;14;15;16;17;18;19;20;21;22;23;24;25;26;27;28;29;30;31;32;33;34;35;36;37;38;39;40;41;42;43;44;45;46;47;48;49;50;51;52;53;54;55;56;57;58;59;60;61;62;63;64;65;66;67;68;69;70;71;72;73;74;75;76;77;78;79;80;81;82;83;84;85;86;87;88;89;90;91;92;93;94;95;96;97;98;99;100
Codice comune;Comune;Maschi
088001;Acate;48;55;64;57;61;67;62;69;54;56;55;58;52;64;53;61;64;52;67;47;76;61;78;69;81;79;107;94;94;83;81;89;83;85;84;81;82;82;85;81;89;80;76;90;83;82;69;67;69;77;74;52;68;39;46;53;45;45;53;43;34;48;54;53;46;32;31;40;38;38;41;45;34;20;29;29;29;25;26;22;28;11;27;19;15;15;8;2;7;4;6;1;0;1;0;1;0;0;0;0;0
088002;Chiaramonte Gulfi;31;28;29;29;35;36;28;63;28;26;43;41;38;37;52;47;60;55;54;50;39;45;57;54;59;47;56;35;58;58;55;48;45;58;68;54;47;49;64;63;63;58;66;64;64;51;64;77;62;58;67;60;78;44;48;68;68;51;42;43;57;58;34;45;27;49;28;24;33;29;43;42;45;49;37;32;29;28;26;34;31;34;34;23;25;25;18;11;15;13;9;6;0;3;2;1;0;1;0;1;1
088003;Comiso;166;138;161;147;170;156;176;175;169;161;143;179;166;181;174;196;167;194;195;160;202;188;194;187;185;187;145;188;182;192;199;193;212;203;223;218;213;228;194;214;205;220;225;242;252;238;206;221;225;230;199;213;173;203;173;167;171;170;136;142;168;189;153;162;153;117;134;140;121;115;147;154;117;115;130;126;98;100;78;94;108;73;80;54;61;45;56;34;24;21;20;14;11;5;5;2;4;1;0;0;0
088004;Giarratana;9;14;20;8;17;11;16;10;16;17;19;17;16;18;11;16;17;14;20;19;15;21;13;26;19;18;16;12;25;17;34;15;19;24;14;19;25;17;18;10;20;19;29;24;24;24;21;15;24;20;31;19;16;16;27;16;24;27;15;14;16;14;17;23;21;17;21;7;15;13;18;20;19;17;22;14;16;15;14;12;15;14;9;10;13;8;9;2;5;1;3;1;2;3;3;0;1;1;0;0;0
088005;Ispica;81;68;71;63;80;98;86;79;93;88;81;88;75;88;93;87;96;103;109;105;119;99;99;95;106;109;103;95;106;119;100;97;102;95;114;122;117;106;116;121;123;135;126;118;129;105;121;97;102;112;87;95;89;112;98;107;105;104;75;92;98;91;89;89;87;71;78;71;67;70;77;81;63;69;62;58;46;46;47;35;39;50;33;33;31;30;18;15;17;12;12;8;6;1;0;0;0;1;1;0;0
088006;Modica;266;308;291;300;307;306;288;270;285;302;314;328;294;313;299;317;307;352;336;328;368;336;368;343;378;335;385;346;380;352;352;323;324;353;395;418;417;410;403;397;400;408;384;374;361;423;381;392;379;358;383;346;322;304;362;313;323;277;301;284;259;327;293;314;244;258;215;219;219;265;273;249;225;195;189;209;192;190;161;161;174;155;137;128;122;92;77;88;69;58;53;27;13;11;7;17;5;1;0;2;1
088007;Monterosso Almo;9;12;13;10;18;11;14;16;17;12;14;20;14;21;22;17;14;15;18;11;18;16;18;22;23;11;22;17;25;11;18;24;17;27;14;21;20;25;21;19;32;27;35;27;24;20;28;26;24;15;26;21;18;20;18;21;21;13;15;16;15;27;25;25;13;18;15;11;10;7;18;20;18;19;14;20;20;17;17;18;7;9;13;9;11;5;10;9;5;9;1;2;0;1;0;1;0;0;0;0;0
088008;Pozzallo;105;111;122;104;118;103;86;132;93;112;103;121;119;103;98;103;101;119;122;128;143;106;151;118;143;123;126;126;140;145;132;148;143;114;171;162;141;160;136;149;148;141;122;129;120;133;148;108;113;120;114;132;120;123;118;111;114;118;112;103;124;120;140;131;92;114;92;74;97;89;105;85;81;76;47;58;57;53;53;34;42;41;40;21;31;21;18;16;8;11;8;6;2;4;5;1;2;1;1;2;1
088009;Ragusa;344;339;326;341;322;368;316;319;334;342;374;333;325;380;364;377;395;394;412;423;392;422;422;439;416;409;391;454;439;436;490;457;485;508;491;523;586;588;529;525;521;550;490;533;555;533;564;518;543;517;508;508;482;477;462;433;472;399;390;392;448;431;427;472;396;355;304;326;281;316;369;366;368;313;322;328;298;249;247;260;244;205;215;175;155;142;126;97;75;75;66;32;14;16;12;14;8;8;1;4;2
088010;Santa Croce Camerina;49;52;51;40;53;44;51;52;55;59;48;60;53;47;57;57;71;60;66;65;64;67;71;49;67;72;67;58;61;63;67;82;65;86;83;90;76;85;68;80;92;82;106;81;83;86;74;74;80;65;83;62;48;59;56;63;71;49;47;45;52;67;52;57;52;40;49;39;45;45;50;43;38;36;43;30;46;24;20;14;26;24;25;19;17;11;13;11;8;2;7;1;2;2;0;2;1;0;1;0;0
088011;Scicli;130;135;150;116;142;104;143;135;140;108;139;137;139;144;140;141;150;157;181;178;156;158;178;160;161;147;153;157;185;185;176;147;165;170;199;184;225;212;209;164;162;231;209;210;218;204;192;168;184;187;161;163;146;146;147;157;149;141;139;148;151;148;159;151;171;112;117;109;137;127;151;136;114;112;109;114;94;115;103;90;92;79;76;65;54;60;39;38;35;36;13;9;6;3;5;7;3;3;2;0;0
088012;Vittoria;328;355;347;355;373;363;336;353;383;397;363;368;393;413;392;369;429;451;442;385;466;443;444;451;404;419;401;415;442;446;431;437;456;500;498;511;507;496;498;500;471;515;442;470;472;494;457;451;461;450;431;427;360;353;335;379;323;352;297;301;312;329;313;336;306;246;244;254;254;232;253;251;239;204;233;200;198;181;160;165;167;157;154;121;99;87;73;66;56;47;35;10;13;19;9;3;5;3;4;0;0
;Totale;1566;1615;1645;1570;1696;1667;1602;1673;1667;1680;1696;1750;1684;1809;1755;1788;1871;1966;2022;1899;2058;1962;2093;2013;2042;1956;1972;1997;2137;2107;2135;2060;2116;2223;2354;2403;2456;2458;2341;2323;2326;2466;2310;2362;2385;2393;2325;2214;2266;2209;2164;2098;1920;1896;1890;1888;1886;1746;1622;1623;1734;1849;1756;1858;1608;1429;1328;1314;1317;1346;1545;1492;1361;1225;1237;1218;1123;1043;952;939;973;852;843;677;634;541;465;389;324;289;233;117;69;69;48;49;29;20;10;9;5
Territorio/Età;;0;1;2;3;4;5;6;7;8;9;10;11;12;13;14;15;16;17;18;19;20;21;22;23;24;25;26;27;28;29;30;31;32;33;34;35;36;37;38;39;40;41;42;43;44;45;46;47;48;49;50;51;52;53;54;55;56;57;58;59;60;61;62;63;64;65;66;67;68;69;70;71;72;73;74;75;76;77;78;79;80;81;82;83;84;85;86;87;88;89;90;91;92;93;94;95;96;97;98;99;100
Codice comune;Comune;Femmine
088001;Acate;56;58;44;39;46;48;39;46;58;58;55;48;47;69;58;61;63;55;59;49;62;73;40;74;58;65;63;65;77;70;85;78;78;64;70;67;69;73;62;81;73;74;78;68;59;65;54;64;63;50;57;64;49;48;47;53;56;45;42;51;43;51;51;55;39;39;26;36;40;38;33;46;32;24;40;38;27;21;21;35;22;35;29;22;20;16;20;8;12;9;6;5;3;4;0;3;3;2;1;0;0
088002;Chiaramonte Gulfi;25;40;22;35;32;32;27;26;30;42;31;40;42;37;38;45;38;44;53;52;41;46;50;51;59;52;50;54;49;42;55;45;51;58;40;48;54;48;46;66;66;74;78;65;53;70;58;62;60;61;64;70;56;61;56;49;47;44;47;52;52;53;40;47;40;25;41;41;38;38;53;42;45;48;50;36;41;50;37;46;46;38;36;29;38;31;27;15;22;17;9;6;6;3;7;7;0;2;0;1;0
088003;Comiso;138;171;129;124;121;138;158;146;165;176;149;147;139;164;174;173;152;184;168;171;198;168;153;198;184;169;209;177;184;201;195;178;242;205;231;245;237;242;234;229;225;240;240;240;249;228;230;238;219;216;224;228;185;208;189;199;200;204;164;175;168;188;215;207;181;126;145;142;164;137;170;151;182;142;147;135;149;112;127;131;139;112;103;95;79;77;59;62;66;57;38;12;11;13;6;12;8;6;1;1;1
088004;Giarratana;11;18;10;14;8;9;10;6;11;18;5;17;17;15;14;22;18;15;13;18;16;8;14;22;17;17;20;21;18;12;15;18;24;25;19;21;16;14;15;28;23;28;19;20;25;23;32;23;19;25;29;23;24;24;15;21;30;12;14;18;17;25;21;23;17;14;12;14;18;25;27;26;19;31;17;26;17;19;24;21;17;12;10;12;15;8;20;8;12;5;5;3;0;4;2;2;1;2;0;0;0
088005;Ispica;69;73;61;68;81;77;70;92;62;77;80;74;91;76;84;80;82;96;97;103;83;96;88;86;102;97;90;105;95;111;101;95;102;103;117;111;102;110;129;120;120;103;134;136;116;80;104;104;113;120;135;107;105;87;94;80;89;90;97;79;79;118;105;103;107;83;81;66;69;89;93;101;70;57;76;68;61;42;55;63;59;53;47;38;30;35;29;17;23;15;23;13;4;6;2;4;6;2;0;0;1
088006;Modica;292;276;290;281;276;264;286;285;269;294;305;304;292;303;274;334;309;345;289;292;339;350;394;354;350;350;312;371;354;354;338;345;372;386;410;409;448;381;410;396;393;426;453;390;407;415;421;402;447;385;408;314;388;308;375;319;345;330;342;339;313;352;349;329;314;247;263;259;257;257;304;316;278;224;254;235;201;210;248;246;209;218;199;172;193;186;156;129;124;108;66;37;24;20;26;18;12;9;12;3;1
088007;Monterosso Almo;3;12;13;15;11;11;10;18;21;16;20;19;10;6;21;19;11;16;17;15;22;13;19;17;21;16;19;17;11;22;16;19;20;23;25;22;25;25;19;17;18;15;28;29;32;20;22;26;24;23;25;28;20;21;15;24;19;18;26;26;13;13;23;24;21;20;14;19;15;13;21;22;21;27;19;22;28;17;14;12;16;14;20;11;19;12;7;8;12;8;5;4;1;2;3;3;1;1;1;0;0
088008;Pozzallo;89;107;89;91;94;86;89;113;80;86;103;100;112;111;84;96;102;114;113;110;115;136;132;137;131;133;155;148;143;151;129;130;98;155;139;153;135;148;142;153;138;115;161;140;137;149;135;136;152;138;132;127;135;133;126;143;151;143;118;99;126;134;123;117;110;97;87;61;82;91;100;94;90;74;66;69;69;58;68;67;63;45;47;42;50;31;27;35;28;18;25;15;4;4;10;9;5;0;3;0;1
088009;Ragusa;299;314;321;352;339;292;301;346;329;340;314;296;310;322;355;341;363;376;382;384;394;344;396;408;390;397;417;422;431;446;460;468;507;470;576;548;559;593;535;547;556;540;546;576;556;545;544;584;532;593;558;558;539;484;523;465;524;492;430;417;436;489;564;574;451;384;371;368;354;400;444;488;443;410;387;374;373;360;357;339;324;347;274;241;255;230;218;171;163;140;91;59;36;21;35;35;26;15;10;3;2
088010;Santa Croce Camerina;42;69;47;38;52;43;46;43;48;52;34;42;49;46;64;51;52;47;47;51;58;49;65;67;55;50;59;66;61;61;80;70;64;47;70;72;95;81;59;78;78;72;79;67;72;72;58;69;54;73;82;61;57;50;62;52;68;50;57;56;40;58;55;74;51;46;49;41;35;39;51;46;53;40;44;50;37;48;37;40;45;26;34;32;20;15;26;18;10;9;8;6;5;2;0;1;1;1;1;0;0
088011;Scicli;110;123;151;122;133;154;142;107;133;138;137;149;114;144;140;154;134;142;142;171;140;137;143;157;136;148;163;158;151;155;165;152;181;192;174;193;189;178;179;215;222;214;222;225;188;193;183;175;181;159;180;158;149;182;176;160;148;141;167;155;163;141;177;166;163;165;128;131;137;139;165;163;164;132;127;128;117;132;128;126;121;107;96;88;75;70;62;48;46;54;46;19;12;9;7;7;6;7;4;3;2
088012;Vittoria;344;353;391;327;328;343;356;335;361;323;335;373;357;373;386;363;325;412;412;418;404;389;425;417;412;446;454;417;449;408;454;443;437;438;493;429;505;450;446;496;417;455;459;481;511;452;431;455;407;408;451;429;365;368;385;355;377;306;326;324;352;361;343;380;313;254;246;252;246;287;322;306;262;213;266;263;251;222;210;213;230;185;196;144;134;126;105;109;94;69;66;42;22;16;25;17;8;5;2;2;2
;Totale;1478;1614;1568;1506;1521;1497;1534;1563;1567;1620;1568;1609;1580;1666;1692;1739;1649;1846;1792;1834;1872;1809;1919;1988;1915;1940;2011;2021;2023;2033;2093;2041;2176;2166;2364;2318;2434;2343;2276;2426;2329;2356;2497;2437;2405;2312;2272;2338;2271;2251;2345;2167;2072;1974;2063;1920;2054;1875;1830;1791;1802;1983;2066;2099;1807;1500;1463;1430;1455;1553;1783;1801;1659;1422;1493;1444;1371;1291;1326;1339;1291;1192;1091;926;928;837;756;628;612;509;388;221;128;104;123;118;77;52;35;13;10

"Ricostruzione della popolazione intercensuaria - Popolazione al 1° gennaio per età"
"Tutte le cittadinanze - Anno: 2012 - Provincia: Ragusa"
Territorio/Età;;0;1;2;3;4;5;6;7;8;9;10;11;12;13;14;15;16;17;18;19;20;21;22;23;24;25;26;27;28;29;30;31;32;33;34;35;36;37;38;39;40;41;42;43;44;45;46;47;48;49;50;51;52;53;54;55;56;57;58;59;60;61;62;63;64;65;66;67;68;69;70;71;72;73;74;75;76;77;78;79;80;81;82;83;84;85;86;87;88;89;90;91;92;93;94;95;96;97;98;99;100
Codice comune;Comune;Totale
088001;Acate;100;108;112;114;95;110;120;102;117;112;118;113;105;103;142;110;128;133;113;137;107;162;151;128;157;156;161;179;179;191;165;180;179;169;153;160;153;158;163;150;167;167;160;162;166;145;154;128;135;134;128;134;117;118;88;94;107;105;90;99;96;79;101;105;109;84;72;57;75;78;76;74;90;66;44;68;65;56;43;46;54;51;45;52;37;32;28;26;8;18;10;9;4;2;4;0;3;3;2;1;0
088002;Chiaramonte Gulfi;71;61;67;49;63;69;67;57;91;60;70;74;80;80;75;92;92;99;98;110;102;81;94;110;114;119;106;107;92;115;102;111;92;98;112;107;100;105;97;111;136;134;135;144;132;119;122;125;138;121;117;129;130;134;108;104;120;116;95;89;95;109;112;75;92;67;74;69;65;72;67;94;81;88;93;83;65;69;77;62;78;73;69;64;44;60;51;42;21;36;26;13;9;5;4;7;8;0;1;0;3
088003;Comiso;277;301;303;289;264;292;292;338;323;335;336;295;326;304;346;351;369;320;373;357;335;405;357;353;392;382;365;360;365;354;392;385;359;444;403;450;464;453;460;418;442;423;461;470;481;500;473;438;454;443;444;421;444;354;404;364;365;368;372;296;314;334;372;363;365;331;242;274;280;280;247;316;303;297;252;274;253;234;202;196;215;233;175;172;140;131;107;104;88;76;60;48;21;12;14;5;11;10;5;2;1
088004;Giarratana;19;20;33;31;23;25;20;27;17;26;36;24;34;33;34;25;38;35;30;32;35;30;28;27;47;39;34;36;33;43;31;46;31;43;47;33;38;41;33;33;39;44;50;48;44;47;48;54;36;42;45;60;44;40;40;42;38;55;40;29;32;33;40;38;47;37;31;33;21;33;38;45;46;37;48;37;38;32;34;36;30;31;26;19;19;26;16;27;7;15;6;6;3;1;6;2;2;1;2;0;0
088005;Ispica;125;154;138;130;130;163;177;154;173;156;165;164;163;169;167;173;167;188;199;210;212;203;189;192;187;205;206;197;206;201;222;203;195;210;195;237;233;217;217;244;241;243;237;251;254;239;182;222;201;214;229;227;207;197;193;193;192;195;193;174;170;178;207;192;191;195;151;160;134;132;159;168;174;133;121;132;124;99;83;99;93;97;97;76;66;58;56;45;27;31;22;30;12;8;6;2;4;6;1;1;0
088006;Modica;519;549;579;575;573;580;567;575;553;551;592;618;626;587;610;573;650;612;696;622;622;711;684;765;695;730;692;687;704;732;698;712;694;729;760;809;831;859;787;815;785;792;832;834;761;769;836;799;788;828;741;789;666;710;613;735;628;663;600;638;624;571;668;641;636;556;501;473;469;470;519;573;552;491;416;438;428;381;385;394;393;369;362;316;286;298;258;208;194;167;139;92;51;33;23;24;27;16;8;8;5
088007;Monterosso Almo;20;14;24;26;24;29;21;24;34;37;28;35;39;24;27;43;36;25;31;34;26;40;29;37;38;45;28;39;34;36;29;32;43;35;47;38;43;44;50;40;34;49;42;62;53;54;41;50;52;48;37;51;49;38;40;33;45;40;31;40;41;29;40;47;48;34;38;29;30;24;21;38;41;41;45;32;40;47;34;31;29;19;18;31;21;29;15;17;15;12;16;5;5;0;3;3;3;0;0;1;0
088008;Pozzallo;207;187;217;213;195;215;185;174;240;175;196;209;223;230;221;181;198;203;235;240;242;252;246;283;258;277;260;282;277;291;298;260;284;247;268;312;313;284;302;281;308;290;262;291;267;260;285;282;247;266;258;245;256;256;260;245;256;259;261;226;204;251;253;264;246;201;210;178;136;177;178;205;177;164;148;108;125;121;110;118;95;101;82;80;56;77;47;42;38;29;26;26;17;2;7;10;6;4;1;4;2
088009;Ragusa;643;640;655;657;686;666;658;615;669;674;690;693;639;642;706;719;729;764;784;803;816;792;777;835;867;812;816;826;879;872;880;952;931;986;982;1071;1080;1154;1203;1081;1077;1094;1093;1051;1121;1121;1083;1116;1111;1085;1114;1067;1070;1020;961;981;896;997;888;817;798;884;915;986;1049;837;729;665;685;628;705;797;850;803;713;699;683;651;588;586;574;536;535;466;393;378;348;309;237;204;183;132;77;40;31;39;39;26;19;10;8
088010;Santa Croce Camerina;110;91;124;99;77;108;87;97;98;102;114;84;105;103;94;123;109;127;109;118;121;128;121;146;116;126;137;132;129;126;137;152;156;139;147;151;164;173;166;139;164;176;151;186;147;148;162;135;145;131;136;162;120;106;110;120;114;136;97;105;102;89;127;108;130;100;88;97;80;81;84;99;87;90;76;85;78;80;67;56;51;68;47;57;46;35;24;35;25;15;10;12;4;6;4;0;2;2;1;1;0
088011;Scicli;245;233;256;308;241;274;264;286;243;274;237;275;282;254;286;284;295;286;299;327;358;295;300;319;321;293;292;316;317;339;340;338;301;342;359;371;373;407;394;384;376;385;439;433;436;405;395;370;345;364;346;336;324;291;332;323;316;296;284;305;303;312;291;335;318;329;271;241;233;270;263;306;294;270;238;231;235;200;237;220;202;198;172;162;140;117;120;92;82;72;80;50;23;15;8;9;8;8;7;4;3
088012;Vittoria;644;666;711;743;694;705;708;694;691;750;738;708;753;759;790;786;746;763;869;871;808;883;840;885;879;837;884;874;847;915;888;887;897;917;950;1003;951;1017;960;943;1006;885;978;915;958;986;949;881;916;869;864;879;854;733;726;719;730;702;659;621;629;665;691;658;712;625;502;484;501;499;513;567;554;492;406;485;449;429;392;359;360;370;317;332;244;205;190;160;157;128;101;87;44;26;31;28;17;10;4;5;5
;Totale;2980;3024;3219;3234;3065;3236;3166;3143;3249;3252;3320;3292;3375;3288;3498;3460;3557;3555;3836;3861;3784;3982;3816;4080;4071;4021;3981;4035;4062;4215;4182;4258;4162;4359;4423;4742;4743;4912;4832;4639;4775;4682;4840;4847;4820;4793;4730;4600;4568;4545;4459;4500;4281;3997;3875;3953;3807;3932;3610;3439;3408;3534;3817;3812;3943;3396;2909;2760;2709;2744;2870;3282;3249;2972;2600;2672;2583;2399;2252;2203;2174;2146;1945;1827;1492;1446;1260;1107;899;803;679;510;270;150;141;129;130;86;51;37;27
Territorio/Età;;0;1;2;3;4;5;6;7;8;9;10;11;12;13;14;15;16;17;18;19;20;21;22;23;24;25;26;27;28;29;30;31;32;33;34;35;36;37;38;39;40;41;42;43;44;45;46;47;48;49;50;51;52;53;54;55;56;57;58;59;60;61;62;63;64;65;66;67;68;69;70;71;72;73;74;75;76;77;78;79;80;81;82;83;84;85;86;87;88;89;90;91;92;93;94;95;96;97;98;99;100
Codice comune;Comune;Maschi
088001;Acate;44;50;55;68;57;62;68;61;68;55;57;57;57;52;65;51;64;67;55;71;55;90;71;81;73;97;88;111;106;106;94;92;100;88;87;93;83;85;86;87;84;92;85;80;95;83;88;74;70;70;77;76;51;68;38;47;54;48;44;54;44;35;48;54;53;43;32;30;39;38;37;41;44;34;20;28;28;29;24;26;20;29;12;24;16;13;13;7;1;7;4;5;1;0;0;0;1;0;0;0;0
088002;Chiaramonte Gulfi;46;34;27;27;29;36;36;29;64;29;28;43;40;39;38;52;47;59;54;54;51;39;46;60;59;61;55;55;36;61;57;55;47;48;55;65;52;50;50;65;65;65;61;65;66;67;51;66;75;61;56;66;60;78;46;47;71;69;51;42;42;56;58;35;45;27;49;28;24;33;28;41;40;43;46;33;30;28;26;25;33;31;33;28;17;23;21;17;8;15;12;6;5;0;2;2;1;0;1;0;2
088003;Comiso;136;165;132;162;142;171;156;177;178;172;160;145;177;165;184;178;198;168;191;187;156;206;191;198;193;189;195;150;186;178;196;196;187;206;199;221;218;213;222;191;212;199;222;228;243;249;244;206;216;224;229;197;215;172;198;174;165;168;170;136;139;166;186;150;159;151;118;132;141;120;111;147;154;117;109;127;121;93;93;72;89;98;69;76;50;55;38;49;33;18;17;15;9;6;3;3;2;4;1;0;0
088004;Giarratana;10;10;15;21;9;17;11;16;11;15;17;19;17;16;19;11;16;17;14;19;19;15;20;13;26;19;18;16;13;25;18;30;14;18;24;15;19;24;17;18;11;21;20;29;24;22;24;21;14;23;20;31;19;16;16;27;17;24;27;15;14;16;14;17;23;20;17;21;7;15;14;18;20;19;17;20;13;15;15;14;10;14;14;9;9;12;8;8;0;5;1;3;0;1;2;1;0;1;0;0;0
088005;Ispica;61;86;64;70;64;81;98;86;80;91;88;82;86;79;89;90;86;103;103;111;109;118;96;104;97;102;111;105;102;106;115;101;97;110;92;119;123;115;105;116;121;121;133;119;117;126;104;120;98;101;110;92;99;90;107;99;110;105;104;74;90;100;92;89;87;88;70;79;68;62;69;76;75;63;67;58;56;44;43;45;33;39;47;31;30;28;25;17;13;12;9;11;4;5;1;0;0;0;1;1;0
088006;Modica;252;260;308;289;296;306;302;288;266;286;298;318;323;293;310;300;317;305;351;335;330;371;333;371;340;378;336;376;338;375;349;359;341;344;371;404;417;418;410;410;393;402;408;386;373;361;419;382;391;380;356;382;346;323;304;363;313;319;273;297;285;259;321;291;309;243;258;211;212;214;263;272;242;217;191;183;201;184;183;156;154;163;148;128;122;110;84;71;82;57;49;45;21;11;6;7;13;5;1;0;3
088007;Monterosso Almo;8;9;12;13;10;18;11;14;16;17;12;14;20;14;21;22;17;14;15;18;11;18;16;18;22;23;13;22;17;25;10;18;24;16;25;13;21;20;25;21;18;33;27;35;26;24;21;28;26;24;15;26;21;18;20;18;21;21;13;14;17;15;27;25;24;13;18;15;11;9;8;17;20;19;19;13;18;20;16;17;17;6;7;13;10;10;5;10;7;2;8;0;1;0;1;0;1;0;0;0;0
088008;Pozzallo;112;99;111;120;105;122;100;86;131;94;111;104;122;120;110;98;102;101;121;127;130;137;108;153;120;144;127;127;130;144;144;134;152;144;116;170;161;144;158;141;152;149;145;129;130;122;133;148;108;114;119;114;131;121;128;119;113;111;116;109;104;122;117;139;131;93;115;90;73;93;91;106;85;76;75;43;57;56;53;52;31;39;40;38;18;32;20;17;12;6;9;5;5;0;3;4;0;1;0;1;1
088009;Ragusa;340;344;339;331;339;326;367;317;323;337;344;378;341;331;380;361;386;398;401;424;432;394;434;431;455;417;421;404;452;436;441;487;457;484;510;490;528;588;599;534;528;527;547;501;540;561;534;565;522;548;520;510;510;476;476;461;431;474;395;389;384;449;427;423;475;389;351;297;323;278;307;359;365;361;309;317;314;285;235;239;246;224;197;202;164;141;135;109;86;61;57;56;26;11;12;10;9;5;5;1;3
088010;Santa Croce Camerina;61;49;53;52;39;54;45;51;53;55;61;48;64;52;46;59;58;73;61;70;68;67;68;78;50;71;85;74;59;65;72;74;85;69;97;82;94;79;88;76;83;97;81;106;81;79;88;75;76;77;64;80;59;49;60;56;62;71;47;47;46;50;68;52;57;52;41;49;38;46;45;50;42;37;36;41;30;43;22;19;13;24;22;23;16;16;10;12;10;6;2;5;1;2;2;0;1;1;0;1;0
088011;Scicli;135;126;135;154;119;140;107;143;134;141;105;141;135;140;144;144;140;152;157;182;181;156;156;178;165;161;146;155;162;188;186;180;149;161;169;199;182;221;211;205;163;163;224;211;210;216;201;189;167;183;187;155;163;144;150;147;156;147;141;139;151;149;148;158;152;167;110;116;104;134;124;143;132;109;109;107;108;88;109;99;83;84;70;70;58;49;54;36;36;33;31;12;8;5;2;2;3;3;3;2;0
088012;Vittoria;350;329;358;346;366;377;365;335;352;385;408;369;375;399;415;397;373;435;456;452;390;475;445;455;458;417;430;420;423;458;463;435;447;471;506;504;521;511;505;497;506;468;522;449;470;473;491;451;457;457;452;424;426;363;358;335;379;322;352;296;303;311;328;314;336;308;248;241;249;251;227;249;250;234;196;224;194;186;176;156;151;153;142;144;113;81;76;66;58;47;39;32;10;9;14;7;4;1;1;3;0
;Totale;1555;1561;1609;1653;1575;1710;1666;1603;1676;1677;1689;1718;1757;1700;1821;1763;1804;1892;1979;2050;1932;2086;1984;2140;2058;2079;2025;2015;2024;2167;2145;2161;2100;2159;2251;2375;2419;2468;2476;2361;2336;2337;2475;2338;2375;2383;2398;2325;2220;2262;2205;2153;2100;1918;1901;1893;1892;1879;1733;1612;1619;1728;1834;1747;1851;1594;1427;1309;1289;1293;1324;1519;1469;1329;1194;1194;1170;1071;995;920;880;904;801;786;623;570;489;419;346;269;238;195;91;50;48;36;35;21;13;9;9
Territorio/Età;;0;1;2;3;4;5;6;7;8;9;10;11;12;13;14;15;16;17;18;19;20;21;22;23;24;25;26;27;28;29;30;31;32;33;34;35;36;37;38;39;40;41;42;43;44;45;46;47;48;49;50;51;52;53;54;55;56;57;58;59;60;61;62;63;64;65;66;67;68;69;70;71;72;73;74;75;76;77;78;79;80;81;82;83;84;85;86;87;88;89;90;91;92;93;94;95;96;97;98;99;100
Codice comune;Comune;Femmine
088001;Acate;56;58;57;46;38;48;52;41;49;57;61;56;48;51;77;59;64;66;58;66;52;72;80;47;84;59;73;68;73;85;71;88;79;81;66;67;70;73;77;63;83;75;75;82;71;62;66;54;65;64;51;58;66;50;50;47;53;57;46;45;52;44;53;51;56;41;40;27;36;40;39;33;46;32;24;40;37;27;19;20;34;22;33;28;21;19;15;19;7;11;6;4;3;2;4;0;2;3;2;1;0
088002;Chiaramonte Gulfi;25;27;40;22;34;33;31;28;27;31;42;31;40;41;37;40;45;40;44;56;51;42;48;50;55;58;51;52;56;54;45;56;45;50;57;42;48;55;47;46;71;69;74;79;66;52;71;59;63;60;61;63;70;56;62;57;49;47;44;47;53;53;54;40;47;40;25;41;41;39;39;53;41;45;47;50;35;41;51;37;45;42;36;36;27;37;30;25;13;21;14;7;4;5;2;5;7;0;0;0;1
088003;Comiso;141;136;171;127;122;121;136;161;145;163;176;150;149;139;162;173;171;152;182;170;179;199;166;155;199;193;170;210;179;176;196;189;172;238;204;229;246;240;238;227;230;224;239;242;238;251;229;232;238;219;215;224;229;182;206;190;200;200;202;160;175;168;186;213;206;180;124;142;139;160;136;169;149;180;143;147;132;141;109;124;126;135;106;96;90;76;69;55;55;58;43;33;12;6;11;2;9;6;4;2;1
088004;Giarratana;9;10;18;10;14;8;9;11;6;11;19;5;17;17;15;14;22;18;16;13;16;15;8;14;21;20;16;20;20;18;13;16;17;25;23;18;19;17;16;15;28;23;30;19;20;25;24;33;22;19;25;29;25;24;24;15;21;31;13;14;18;17;26;21;24;17;14;12;14;18;24;27;26;18;31;17;25;17;19;22;20;17;12;10;10;14;8;19;7;10;5;3;3;0;4;1;2;0;2;0;0
088005;Ispica;64;68;74;60;66;82;79;68;93;65;77;82;77;90;78;83;81;85;96;99;103;85;93;88;90;103;95;92;104;95;107;102;98;100;103;118;110;102;112;128;120;122;104;132;137;113;78;102;103;113;119;135;108;107;86;94;82;90;89;100;80;78;115;103;104;107;81;81;66;70;90;92;99;70;54;74;68;55;40;54;60;58;50;45;36;30;31;28;14;19;13;19;8;3;5;2;4;6;0;0;0
088006;Modica;267;289;271;286;277;274;265;287;287;265;294;300;303;294;300;273;333;307;345;287;292;340;351;394;355;352;356;311;366;357;349;353;353;385;389;405;414;441;377;405;392;390;424;448;388;408;417;417;397;448;385;407;320;387;309;372;315;344;327;341;339;312;347;350;327;313;243;262;257;256;256;301;310;274;225;255;227;197;202;238;239;206;214;188;164;188;174;137;112;110;90;47;30;22;17;17;14;11;7;8;2
088007;Monterosso Almo;12;5;12;13;14;11;10;10;18;20;16;21;19;10;6;21;19;11;16;16;15;22;13;19;16;22;15;17;17;11;19;14;19;19;22;25;22;24;25;19;16;16;15;27;27;30;20;22;26;24;22;25;28;20;20;15;24;19;18;26;24;14;13;22;24;21;20;14;19;15;13;21;21;22;26;19;22;27;18;14;12;13;11;18;11;19;10;7;8;10;8;5;4;0;2;3;2;0;0;1;0
088008;Pozzallo;95;88;106;93;90;93;85;88;109;81;85;105;101;110;111;83;96;102;114;113;112;115;138;130;138;133;133;155;147;147;154;126;132;103;152;142;152;140;144;140;156;141;117;162;137;138;152;134;139;152;139;131;125;135;132;126;143;148;145;117;100;129;136;125;115;108;95;88;63;84;87;99;92;88;73;65;68;65;57;66;64;62;42;42;38;45;27;25;26;23;17;21;12;2;4;6;6;3;1;3;1
088009;Ragusa;303;296;316;326;347;340;291;298;346;337;346;315;298;311;326;358;343;366;383;379;384;398;343;404;412;395;395;422;427;436;439;465;474;502;472;581;552;566;604;547;549;567;546;550;581;560;549;551;589;537;594;557;560;544;485;520;465;523;493;428;414;435;488;563;574;448;378;368;362;350;398;438;485;442;404;382;369;366;353;347;328;312;338;264;229;237;213;200;151;143;126;76;51;29;19;29;30;21;14;9;5
088010;Santa Croce Camerina;49;42;71;47;38;54;42;46;45;47;53;36;41;51;48;64;51;54;48;48;53;61;53;68;66;55;52;58;70;61;65;78;71;70;50;69;70;94;78;63;81;79;70;80;66;69;74;60;69;54;72;82;61;57;50;64;52;65;50;58;56;39;59;56;73;48;47;48;42;35;39;49;45;53;40;44;48;37;45;37;38;44;25;34;30;19;14;23;15;9;8;7;3;4;2;0;1;1;1;0;0
088011;Scicli;110;107;121;154;122;134;157;143;109;133;132;134;147;114;142;140;155;134;142;145;177;139;144;141;156;132;146;161;155;151;154;158;152;181;190;172;191;186;183;179;213;222;215;222;226;189;194;181;178;181;159;181;161;147;182;176;160;149;143;166;152;163;143;177;166;162;161;125;129;136;139;163;162;161;129;124;127;112;128;121;119;114;102;92;82;68;66;56;46;39;49;38;15;10;6;7;5;5;4;2;3
088012;Vittoria;294;337;353;397;328;328;343;359;339;365;330;339;378;360;375;389;373;328;413;419;418;408;395;430;421;420;454;454;424;457;425;452;450;446;444;499;430;506;455;446;500;417;456;466;488;513;458;430;459;412;412;455;428;370;368;384;351;380;307;325;326;354;363;344;376;317;254;243;252;248;286;318;304;258;210;261;255;243;216;203;209;217;175;188;131;124;114;94;99;81;62;55;34;17;17;21;13;9;3;2;5
;Totale;1425;1463;1610;1581;1490;1526;1500;1540;1573;1575;1631;1574;1618;1588;1677;1697;1753;1663;1857;1811;1852;1896;1832;1940;2013;1942;1956;2020;2038;2048;2037;2097;2062;2200;2172;2367;2324;2444;2356;2278;2439;2345;2365;2509;2445;2410;2332;2275;2348;2283;2254;2347;2181;2079;1974;2060;1915;2053;1877;1827;1789;1806;1983;2065;2092;1802;1482;1451;1420;1451;1546;1763;1780;1643;1406;1478;1413;1328;1257;1283;1294;1242;1144;1041;869;876;771;688;553;534;441;315;179;100;93;93;95;65;38;28;18

"Ricostruzione della popolazione intercensuaria - Popolazione al 1° gennaio per età"
"Tutte le cittadinanze - Anno: 2013 - Provincia: Ragusa"
Territorio/Età;;0;1;2;3;4;5;6;7;8;9;10;11;12;13;14;15;16;17;18;19;20;21;22;23;24;25;26;27;28;29;30;31;32;33;34;35;36;37;38;39;40;41;42;43;44;45;46;47;48;49;50;51;52;53;54;55;56;57;58;59;60;61;62;63;64;65;66;67;68;69;70;71;72;73;74;75;76;77;78;79;80;81;82;83;84;85;86;87;88;89;90;91;92;93;94;95;96;97;98;99;100
Codice comune;Comune;Totale
088001;Acate;98;104;115;113;120;98;117;121;106;116;116;122;116;107;106;143;112;125;136;117;149;115;168;153;139;170;160;163;191;183;195;175;187;187;178;163;172;162;158;166;154;164;177;171;165;168;148;157;131;135;134;126;130;118;122;85;96;103;105;88;97;95;79;98;104;107;83;71;57;74;76;78;74;86;65;45;68;64;53;41;44;50;49;39;51;35;30;23;23;8;17;8;7;3;1;3;0;3;3;1;1
088002;Chiaramonte Gulfi;53;73;57;66;51;64;70;67;58;93;60;72;75;82;82;78;91;94;102;102;110;102;84;98;111;116;116;103;110;92;115;104;109;89;104;113;107;102;108;93;116;134;134;136;148;131;124;121;125;140;121;118;129;131;133;108;104;120;116;95;88;97;109;111;74;90;68;71;69;65;67;67;91;79;85;92;81;63;68;71;61;73;71;61;58;39;57;47;33;19;30;19;10;7;5;3;4;6;0;1;1
088003;Comiso;271;275;303;302;283;268;291;291;336;322;335;332;302;324;303;357;352;373;329;379;366;331;413;367;369;402;392;381;361;373;354;393;389;360;446;409;450;454;456;460;418;444;423;472;463;476;490;471;437;453;450;439;425;438;354;406;363;358;364;366;295;310;334;364;362;360;330;240;269;274;276;242;308;293;290;246;261;245;223;198;186;201;222;166;155;126;116;89;89;77;70;43;33;17;6;10;3;10;8;4;2
088004;Giarratana;25;21;20;31;31;23;25;20;28;18;26;35;24;34;33;32;25;37;35;32;32;39;31;28;28;50;42;35;36;33;40;29;43;35;41;45;33;39;42;33;35;39;44;49;47;42;47;49;54;36;41;43;60;47;40;40;42;38;54;41;29;30;33;39;38;47;38;29;34;21;33;36;44;45;36;47;36;37;30;33;35;28;30;25;19;17;22;16;25;6;13;6;4;2;0;2;2;1;1;2;0
088005;Ispica;132;130;159;135;136;130;167;178;155;176;156;164;167;168;170;170;175;171;188;200;214;209;210;190;197;186;209;203;199;206;209;225;205;200;216;194;238;235;216;227;247;241;252;236;253;254;248;185;226;207;219;232;228;207;200;191;198;190;191;191;173;169;178;207;191;194;195;151;160;133;131;161;168;170;130;120;127;121;97;82;91;96;90;89;69;65;53;51;43;21;25;18;27;11;6;5;0;3;4;2;0
088006;Modica;541;528;565;589;576;573;578;568;581;553;549;586;622;628;587;611;572;643;610;696;619;622;712;683;771;698;748;689;722;734;741;723;724;713;741;774;812;840;859;789;808;779;791;836;826;762;766;834;798;776;823;737;781;668;712;610;726;629;652;594;629;621;569;662;636;629;551;496;457;467;463;510;564;541;475;403;431;406;367;372;381;371;351;343;287;268;274;234;187;163;139;116;76;42;26;19;19;20;13;5;6
088007;Monterosso Almo;17;20;12;23;27;24;28;21;24;33;37;28;34;39;25;27;43;36;26;31;35;27;40;29;38;37;44;25;36;35;34;28;33;37;37;47;39;42;44;48;39;33;50;42;60;52;55;42;50;51;48;36;48;48;38;40;33;46;40;31;40;41;29;41;46;48;34;38;30;30;24;21;38;40;40;44;32;40;46;33;30;23;18;18;28;21;26;15;16;13;10;13;4;5;0;2;2;1;0;0;1
088008;Pozzallo;204;208;187;219;217;196;220;188;173;240;178;199;205;225;228;228;185;202;203;235;243;246;253;253;296;264;286;261;284;277;298;303;265;284;254;263;315;313;283;306;282;308;286;260;300;273;258;285;281;251;263;256;250;259;257;257;248;253;260;256;226;202;247;248;260;248;200;210;178;136;172;178;204;174;159;144;105;123;114;110;110;89;95;77;74;51;68;38;35;36;28;18;20;14;1;4;6;4;4;1;4
088009;Ragusa;595;645;653;661;665;684;670;653;617;670;677;695;691;638;646;697;720;723;760;781;804;816;807;780;841;865;825;822;829;867;881;878;951;928;967;981;1069;1079;1158;1195;1068;1073;1101;1098;1057;1118;1104;1073;1112;1097;1090;1112;1051;1057;1008;960;975;892;987;879;815;798;869;905;977;1035;828;710;663;680;617;702;776;834;781;696;675;668;631;566;564;541;498;504;430;351;337;306;257;209;162;140;97;60;30;19;22;29;19;12;5
088010;Santa Croce Camerina;107;111;102;120;104;80;110;93;102;97;110;116;84;108;104;95;126;113;131;115;127;131;130;130;151;127;135;152;142;141;140;146;163;168;157;164;158;170;178;179;153;175;185;151;190;154;157;167;139;149;135;137;167;124;108;109;126;113;136;99;107;101;91;129;108;133;101;88;96;80;81;85;98;85;91;77;86;74;78;65;58;45;63;43;54;38;32;17;29;21;11;7;8;2;6;3;0;1;1;1;1
088011;Scicli;272;246;237;250;305;240;274;265;292;245;273;238;276;286;253;288;284;298;288;305;330;363;305;306;326;319;295;293;319;317;344;339;340;302;344;359;373;381;404;394;396;388;389;440;435;438;407;393;374;350;359;347;335;327;293;327;322;319;298;288;308;301;312;295;329;317;327;269;240;230;264;257;306;285;266;234;223;227;195;232;211;192;181;158;149;129;106;106;76;70;60;67;43;20;12;6;7;6;6;5;5
088012;Vittoria;694;652;669;712;734;694;700;709;691;692;745;723;709;752;758;783;779;744;765;874;864;809;879;840;880;865;834;889;866;838;916;877;891;896;919;936;1003;948;1017;951;937;1005;878;963;909;953;985;946;878;915;863;860;878;850;720;717;718;730;694;649;616;623;655;686;647;690;611;492;465;489;489;501;551;541;478;388;469;429;409;370;340;342;351;295;298;216;185;172;132;138;111;85;76;34;23;20;23;12;5;2;4
;Totale;3009;3013;3079;3221;3249;3074;3250;3174;3163;3255;3262;3310;3305;3391;3295;3509;3464;3559;3573;3867;3893;3810;4032;3857;4147;4099;4086;4016;4095;4096;4267;4220;4300;4199;4404;4448;4769;4765;4923;4841;4653;4783;4710;4854;4853;4821;4789;4723;4605;4560;4546;4443;4482;4274;3985;3850;3951;3791;3897;3577;3423;3388;3505;3785;3772;3898;3366;2865;2718;2679;2693;2838;3222;3173;2896;2536;2594;2497;2311;2173;2111;2051;2019;1818;1672;1356;1306;1114;945;781;676;540;405;217;116;96;88;96;64;36;30
Territorio/Età;;0;1;2;3;4;5;6;7;8;9;10;11;12;13;14;15;16;17;18;19;20;21;22;23;24;25;26;27;28;29;30;31;32;33;34;35;36;37;38;39;40;41;42;43;44;45;46;47;48;49;50;51;52;53;54;55;56;57;58;59;60;61;62;63;64;65;66;67;68;69;70;71;72;73;74;75;76;77;78;79;80;81;82;83;84;85;86;87;88;89;90;91;92;93;94;95;96;97;98;99;100
Codice comune;Comune;Maschi
088001;Acate;54;48;54;56;71;59;67;67;63;66;59;59;59;58;55;67;53;61;73;57;80;61;91;73;84;80;101;88;119;105;107;101;93;102;93;93;102;90;83;88;88;84;97;94;85;96;87;90;75;71;69;78;74;50;71;37;48;51;48;44;54;42;35;46;53;52;43;31;30;38;37;39;41;42;33;20;28;28;27;23;25;17;27;10;23;15;11;10;6;1;6;2;5;1;0;0;0;1;0;0;0
088002;Chiaramonte Gulfi;30;47;31;26;30;31;36;37;28;65;30;26;43;40;40;42;52;49;60;55;56;52;40;51;59;57;60;53;56;35;62;57;56;48;50;56;63;55;53;48;68;65;65;62;68;65;70;51;65;76;61;56;67;61;75;45;46;71;68;51;41;43;57;57;34;42;27;48;28;24;29;28;39;38;42;45;32;29;27;22;24;30;28;29;25;15;21;19;14;6;13;9;6;4;0;2;2;1;0;1;1
088003;Comiso;148;136;164;133;157;146;172;154;177;178;171;157;151;175;167;192;178;198;175;197;190;155;208;198;210;201;197;205;154;196;181;202;197;186;206;204;225;210;217;223;195;214;196;230;221;244;243;241;207;217;229;227;201;212;173;198;175;161;169;166;135;136;164;182;151;157;151;116;128;136;118;109;140;147;116;107;118;115;86;89;67;80;90;68;70;46;49;34;40;28;15;12;10;6;4;2;2;2;2;1;0
088004;Giarratana;9;11;10;14;21;9;17;11;16;12;15;17;19;17;16;17;11;15;17;15;19;22;15;20;13;27;21;17;18;12;23;17;28;16;17;23;15;20;24;18;19;12;21;19;28;23;22;25;21;14;23;18;31;20;16;16;27;17;23;28;15;12;16;14;17;22;20;15;21;7;15;14;17;20;19;16;20;12;14;15;13;9;14;14;9;8;10;8;7;0;5;1;1;0;0;0;1;0;1;0;0
088005;Ispica;67;64;89;61;74;64;83;99;87;81;90;89;86;87;79;93;92;87;102;103;112;106;121;95;109;98;100;111;111;101;111;114;103;101;114;95;117;125;112;114;120;121;126;132;122;117;131;105;124;100;106;111;93;99;91;104;102;108;103;102;73;90;101;92;87;89;89;72;79;65;61;69;74;73;61;67;54;55;44;41;40;34;37;42;26;30;26;25;16;11;11;8;8;3;3;1;0;0;0;2;0
088006;Modica;272;254;272;311;285;296;304;305;289;265;286;296;319;325;294;311;301;311;305;348;334;326;371;334;372;340;385;333;397;349;383;362;363;353;358;374;406;419;419;409;412;390;398;410;381;373;365;420;382;386;373;354;379;344;323;306;360;313;313;267;293;288;258;318;286;302;240;257;199;209;210;257;265;236;209;183;180;188;175;176;148;145;152;139;111;111;99;74;64;69;40;40;36;17;7;6;5;11;3;0;1
088007;Monterosso Almo;10;8;9;12;13;10;18;11;14;16;17;12;15;20;14;21;22;17;15;16;18;12;17;16;19;21;23;12;20;17;24;10;18;23;18;25;13;20;21;25;21;18;33;26;33;25;24;22;28;25;24;14;24;21;18;20;18;21;21;13;14;17;15;28;25;25;13;17;16;11;9;9;17;20;19;19;13;18;21;15;17;13;6;7;12;9;8;5;9;6;2;6;0;1;0;1;0;0;0;0;0
088008;Pozzallo;105;111;98;112;123;106;123;101;86;131;94;111;103;122;118;110;101;108;100;122;131;129;140;112;161;121;146;130;128;130;147;144;135;152;147;117;173;161;149;153;140;152;145;143;131;133;120;133;145;112;112;120;115;134;120;128;120;113;109;112;107;103;120;117;139;133;93;114;90;73;88;93;106;84;74;72;41;55;51;54;47;29;35;37;32;16;26;14;14;12;6;7;4;3;0;1;3;0;1;0;1
088009;Ragusa;289;340;351;339;332;338;330;366;318;324;343;347;378;342;334;374;366;387;399;404;425;428;406;433;434;457;425;429;403;450;444;440;486;454;471;506;488;526;588;600;529;524;535;555;501;537;553;533;561;519;549;516;503;505;473;472;457;426;467;390;389;382;439;424;425;466;381;341;294;322;274;308;349;358;352;297;303;306;276;222;224;229;199;182;182;141;119;114;84;76;46;40;40;22;8;9;4;6;3;3;2
088010;Santa Croce Camerina;51;61;52;53;55;40;53;50;53;53;58;62;48;64;52;46;60;60;76;65;74;70;69;74;78;56;74;95;79;70;77;78;85;93;84;108;90;97;83;95;87;88;104;82;110;85;84;91;78;78;80;65;81;62;50;57;60;61;72;48;48;45;51;69;52;57;52;41;48;39;47;45;50;41;37;36;41;28;41;21;20;10;22;19;21;12;14;9;9;9;4;1;4;1;2;2;0;0;0;0;1
088011;Scicli;131;137;129;134;153;119;142;109;145;135;138;106;144;137;140;145;143;142;153;160;186;185;158;158;181;166;166;149;158;161;187;187;183;151;166;167;204;192;220;213;212;170;166;222;212;210;216;200;193;171;178;186;155;164;143;146;147;156;147;143;142;150;148;151;156;153;167;111;116;104;129;121;144;129;105;106;103;105;87;104;93;76;75;63;62;54;44;46;29;31;30;27;7;7;4;1;2;3;2;3;1
088012;Vittoria;342;354;328;358;349;368;375;367;331;352;380;404;374;376;398;412;394;373;436;459;451;390;480;445;456;453;416;431;420;424;456;456;437;448;475;503;509;524;512;491;500;511;463;511;450;465;472;491;448;457;450;450;422;426;354;354;336;381;316;346;294;300;307;325;309;325;302;245;231;243;243;221;242;242;224;187;216;184;177;158;147;143;145;133;125;98;74;71;53;48;38;35;26;5;8;7;5;3;1;0;1
;Totale;1508;1571;1587;1609;1663;1586;1720;1677;1607;1678;1681;1686;1739;1763;1707;1830;1773;1808;1911;2001;2076;1936;2116;2009;2176;2077;2114;2053;2063;2050;2202;2168;2184;2127;2199;2271;2405;2439;2481;2477;2391;2349;2349;2486;2342;2373;2387;2402;2327;2226;2254;2195;2145;2098;1907;1883;1896;1879;1856;1710;1605;1608;1711;1823;1734;1823;1578;1408;1280;1271;1260;1313;1484;1430;1291;1155;1149;1123;1026;940;865;815;830;743;698;555;501;429;345;297;216;188;147;70;36;32;24;27;13;10;8
Territorio/Età;;0;1;2;3;4;5;6;7;8;9;10;11;12;13;14;15;16;17;18;19;20;21;22;23;24;25;26;27;28;29;30;31;32;33;34;35;36;37;38;39;40;41;42;43;44;45;46;47;48;49;50;51;52;53;54;55;56;57;58;59;60;61;62;63;64;65;66;67;68;69;70;71;72;73;74;75;76;77;78;79;80;81;82;83;84;85;86;87;88;89;90;91;92;93;94;95;96;97;98;99;100
Codice comune;Comune;Femmine
088001;Acate;44;56;61;57;49;39;50;54;43;50;57;63;57;49;51;76;59;64;63;60;69;54;77;80;55;90;59;75;72;78;88;74;94;85;85;70;70;72;75;78;66;80;80;77;80;72;61;67;56;64;65;48;56;68;51;48;48;52;57;44;43;53;44;52;51;55;40;40;27;36;39;39;33;44;32;25;40;36;26;18;19;33;22;29;28;20;19;13;17;7;11;6;2;2;1;3;0;2;3;1;1
088002;Chiaramonte Gulfi;23;26;26;40;21;33;34;30;30;28;30;46;32;42;42;36;39;45;42;47;54;50;44;47;52;59;56;50;54;57;53;47;53;41;54;57;44;47;55;45;48;69;69;74;80;66;54;70;60;64;60;62;62;70;58;63;58;49;48;44;47;54;52;54;40;48;41;23;41;41;38;39;52;41;43;47;49;34;41;49;37;43;43;32;33;24;36;28;19;13;17;10;4;3;5;1;2;5;0;0;0
088003;Comiso;123;139;139;169;126;122;119;137;159;144;164;175;151;149;136;165;174;175;154;182;176;176;205;169;159;201;195;176;207;177;173;191;192;174;240;205;225;244;239;237;223;230;227;242;242;232;247;230;230;236;221;212;224;226;181;208;188;197;195;200;160;174;170;182;211;203;179;124;141;138;158;133;168;146;174;139;143;130;137;109;119;121;132;98;85;80;67;55;49;49;55;31;23;11;2;8;1;8;6;3;2
088004;Giarratana;16;10;10;17;10;14;8;9;12;6;11;18;5;17;17;15;14;22;18;17;13;17;16;8;15;23;21;18;18;21;17;12;15;19;24;22;18;19;18;15;16;27;23;30;19;19;25;24;33;22;18;25;29;27;24;24;15;21;31;13;14;18;17;25;21;25;18;14;13;14;18;22;27;25;17;31;16;25;16;18;22;19;16;11;10;9;12;8;18;6;8;5;3;2;0;2;1;1;0;2;0
088005;Ispica;65;66;70;74;62;66;84;79;68;95;66;75;81;81;91;77;83;84;86;97;102;103;89;95;88;88;109;92;88;105;98;111;102;99;102;99;121;110;104;113;127;120;126;104;131;137;117;80;102;107;113;121;135;108;109;87;96;82;88;89;100;79;77;115;104;105;106;79;81;68;70;92;94;97;69;53;73;66;53;41;51;62;53;47;43;35;27;26;27;10;14;10;19;8;3;4;0;3;4;0;0
088006;Modica;269;274;293;278;291;277;274;263;292;288;263;290;303;303;293;300;271;332;305;348;285;296;341;349;399;358;363;356;325;385;358;361;361;360;383;400;406;421;440;380;396;389;393;426;445;389;401;414;416;390;450;383;402;324;389;304;366;316;339;327;336;333;311;344;350;327;311;239;258;258;253;253;299;305;266;220;251;218;192;196;233;226;199;204;176;157;175;160;123;94;99;76;40;25;19;13;14;9;10;5;5
088007;Monterosso Almo;7;12;3;11;14;14;10;10;10;17;20;16;19;19;11;6;21;19;11;15;17;15;23;13;19;16;21;13;16;18;10;18;15;14;19;22;26;22;23;23;18;15;17;16;27;27;31;20;22;26;24;22;24;27;20;20;15;25;19;18;26;24;14;13;21;23;21;21;14;19;15;12;21;20;21;25;19;22;25;18;13;10;12;11;16;12;18;10;7;7;8;7;4;4;0;1;2;1;0;0;1
088008;Pozzallo;99;97;89;107;94;90;97;87;87;109;84;88;102;103;110;118;84;94;103;113;112;117;113;141;135;143;140;131;156;147;151;159;130;132;107;146;142;152;134;153;142;156;141;117;169;140;138;152;136;139;151;136;135;125;137;129;128;140;151;144;119;99;127;131;121;115;107;96;88;63;84;85;98;90;85;72;64;68;63;56;63;60;60;40;42;35;42;24;21;24;22;11;16;11;1;3;3;4;3;1;3
088009;Ragusa;306;305;302;322;333;346;340;287;299;346;334;348;313;296;312;323;354;336;361;377;379;388;401;347;407;408;400;393;426;417;437;438;465;474;496;475;581;553;570;595;539;549;566;543;556;581;551;540;551;578;541;596;548;552;535;488;518;466;520;489;426;416;430;481;552;569;447;369;369;358;343;394;427;476;429;399;372;362;355;344;340;312;299;322;248;210;218;192;173;133;116;100;57;38;22;10;18;23;16;9;3
088010;Santa Croce Camerina;56;50;50;67;49;40;57;43;49;44;52;54;36;44;52;49;66;53;55;50;53;61;61;56;73;71;61;57;63;71;63;68;78;75;73;56;68;73;95;84;66;87;81;69;80;69;73;76;61;71;55;72;86;62;58;52;66;52;64;51;59;56;40;60;56;76;49;47;48;41;34;40;48;44;54;41;45;46;37;44;38;35;41;24;33;26;18;8;20;12;7;6;4;1;4;1;0;1;1;1;0
088011;Scicli;141;109;108;116;152;121;132;156;147;110;135;132;132;149;113;143;141;156;135;145;144;178;147;148;145;153;129;144;161;156;157;152;157;151;178;192;169;189;184;181;184;218;223;218;223;228;191;193;181;179;181;161;180;163;150;181;175;163;151;145;166;151;164;144;173;164;160;158;124;126;135;136;162;156;161;128;120;122;108;128;118;116;106;95;87;75;62;60;47;39;30;40;36;13;8;5;5;3;4;2;4
088012;Vittoria;352;298;341;354;385;326;325;342;360;340;365;319;335;376;360;371;385;371;329;415;413;419;399;395;424;412;418;458;446;414;460;421;454;448;444;433;494;424;505;460;437;494;415;452;459;488;513;455;430;458;413;410;456;424;366;363;382;349;378;303;322;323;348;361;338;365;309;247;234;246;246;280;309;299;254;201;253;245;232;212;193;199;206;162;173;118;111;101;79;90;73;50;50;29;15;13;18;9;4;2;3
;Totale;1501;1442;1492;1612;1586;1488;1530;1497;1556;1577;1581;1624;1566;1628;1588;1679;1691;1751;1662;1866;1817;1874;1916;1848;1971;2022;1972;1963;2032;2046;2065;2052;2116;2072;2205;2177;2364;2326;2442;2364;2262;2434;2361;2368;2511;2448;2402;2321;2278;2334;2292;2248;2337;2176;2078;1967;2055;1912;2041;1867;1818;1780;1794;1962;2038;2075;1788;1457;1438;1408;1433;1525;1738;1743;1605;1381;1445;1374;1285;1233;1246;1236;1189;1075;974;801;805;685;600;484;460;352;258;147;80;64;64;69;51;26;22

"Ricostruzione della popolazione intercensuaria - Popolazione al 1° gennaio per età"
"Tutte le cittadinanze - Anno: 2014 - Provincia: Ragusa"
Territorio/Età;;0;1;2;3;4;5;6;7;8;9;10;11;12;13;14;15;16;17;18;19;20;21;22;23;24;25;26;27;28;29;30;31;32;33;34;35;36;37;38;39;40;41;42;43;44;45;46;47;48;49;50;51;52;53;54;55;56;57;58;59;60;61;62;63;64;65;66;67;68;69;70;71;72;73;74;75;76;77;78;79;80;81;82;83;84;85;86;87;88;89;90;91;92;93;94;95;96;97;98;99;100
Codice comune;Comune;Totale
088001;Acate;129;98;108;113;117;121;103;119;121;107;119;118;124;117;110;105;149;114;129;142;123;159;123;172;163;149;180;177;172;186;188;202;185;203;194;182;163;174;166;165;167;150;165;183;172;167;170;148;153;135;136;133;126;130;117;120;85;97;104;101;87;94;95;77;96;104;107;79;71;56;72;74;76;73;84;65;45;65;63;49;39;43;46;46;37;43;29;27;23;22;8;14;6;6;3;1;1;0;3;3;1
088002;Chiaramonte Gulfi;50;52;73;58;72;50;65;73;67;58;93;61;71;72;82;83;79;91;96;105;98;111;102;87;94;106;107;115;104;107;87;120;106;108;89;99;112;109;106;102;93;115;133;130;138;146;130;122;119;126;140;123;117;130;130;134;108;104;119;116;94;87;101;109;110;72;89;67;70;65;64;68;65;89;75;83;89;79;61;68;70;58;69;67;61;56;30;53;41;30;18;24;14;9;4;3;3;4;6;0;2
088003;Comiso;271;277;282;304;305;277;274;287;289;331;323;327;331;302;323;301;358;354;375;338;383;369;334;421;371;369;408;400;377;364;376;370;401;389;356;449;413;448;459;457;467;415;442;427;462;465;474;483;466;434;445;448;434;424;436;347;406;362;354;358;357;299;309;328;358;360;352;328;234;263;265;271;232;299;283;280;235;249;237;215;187;175;181;206;155;137;112;99;79;72;72;56;33;31;15;3;6;3;6;3;3
088004;Giarratana;17;23;22;17;32;29;23;28;21;29;18;26;35;26;35;32;31;26;36;35;32;31;39;31;28;29;51;46;37;35;33;39;28;44;38;40;45;32;39;42;33;36;39;46;51;47;42;47;49;54;37;44;42;60;45;40;39;42;36;53;41;29;30;33;39;38;45;38;29;34;20;32;35;43;45;36;45;35;35;30;31;33;28;27;24;18;17;21;14;20;6;11;3;3;3;0;1;2;0;0;2
088005;Ispica;121;133;138;160;140;133;132;171;181;157;173;157;162;166;166;165;170;181;172;184;201;220;215;216;196;204;184;215;204;203;207;208;223;204;206;214;197;236;241;210;227;248;239;249;236;256;252;249;187;233;206;217;232;225;207;202;193;197;190;189;192;176;172;175;205;193;196;192;149;155;131;135;154;164;165;130;117;125;119;98;80;85;86;86;80;66;60;49;44;38;20;19;10;18;7;5;4;0;3;2;0
088006;Modica;496;533;531;563;581;578;568;576;564;585;551;549;584;621;622;586;611;570;641;605;687;619;624;709;685;755;693;759;684;709;722;735;728;722;705;735;760;804;843;861;779;811;782;786;838;811;765;758;825;793;771;824;735;782;674;708;612;718;625;650;586;629;621;565;656;635;625;543;487;456;456;449;505;552;527;460;387;426;399;355;355;365;350;336;325;264;244;251;203;151;136;124;96;58;33;26;13;14;13;5;6
088007;Monterosso Almo;16;18;20;12;22;28;26;28;20;24;31;37;28;34;40;25;27;43;34;26;31;34;28;40;25;38;34;41;22;37;32;32;26;32;35;41;46;40;41;44;49;39;31;47;41;60;55;55;43;50;48;47;35;48;45;37;40;32;45;40;31;40;41;29;41;45;44;34;39;30;30;23;21;38;36;40;44;31;38;46;29;28;21;18;18;28;17;25;13;17;13;8;13;3;4;0;2;1;0;0;0
088008;Pozzallo;181;201;205;189;217;215;195;219;184;175;238;176;201;202;227;228;223;182;208;206;237;249;247;254;253;294;265;286;260;279;272;306;295;263;281;257;265;308;306;285;303;281;308;285;263;300;280;263;281;277;258;266;256;246;260;257;254;244;250;262;255;223;199;245;245;260;244;196;208;171;132;166;177;198;175;158;141;102;114;109;105;103;83;91;71;68;51;57;31;31;24;25;15;17;13;1;3;5;4;4;1
088009;Ragusa;596;588;656;655;649;667;681;671;650;618;677;677;695;694;646;649;691;714;718;769;789;809;822;806;784;844;860;825;819;829;875;890;884;946;933;973;989;1063;1078;1160;1179;1077;1073;1104;1100;1059;1121;1107;1063;1109;1094;1072;1105;1046;1048;1001;959;963;888;981;866;812;790;859;895;961;1023;818;696;662;667;595;684;760;816;752;682;655;652;606;539;538;518;468;465;397;322;302;278;226;177;140;117;67;40;25;18;14;22;14;10
088010;Santa Croce Camerina;87;102;110;101;117;110;85;110;96;105;97;111;113;81;112;107;95;125;116;136;121;129;135;133;136;157;135;141;158;154;145;145;156;173;170;159;170;157;172;181;177;155;181;182;151;198;157;162;163;140;146;140;142;167;126;109;109;129;111;137;101;108;100;94;127;110;132;98;88;96;78;84;83;97;84;89;74;81;73;76;63;52;43;56;41;48;31;31;15;26;18;9;5;4;1;6;3;0;0;1;2
088011;Scicli;228;273;241;242;251;308;243;276;264;293;247;281;239;278;287;254;289;288;298;289;307;336;369;308;308;328;319;296;291;319;311;342;345;335;303;351;361;377;379;404;392;401;389;393;433;437;436;410;403;374;356;361;352;335;333;298;328;322;316;295;287;306;300;310;292;332;315;324;265;233;224;258;249;300;281;261;228;215;222;190;227;197;184;169;146;138;112;94;92;64;59;45;54;33;18;7;5;5;4;5;4
088012;Vittoria;663;700;650;665;710;732;687;696;705;690;694;742;719;720;750;762;789;770;748;768;881;863;817;888;838;896;864;838;887;872;833;917;876;893;897;911;942;995;950;1012;941;931;998;869;954;902;947;983;946;873;913;859;848;872;840;719;712;709;724;697;637;604;620;646;677;637;671;600;476;458;485;478;490;535;524;466;385;453;411;397;340;316;319;323;268;269;203;167;149;116;118;95;68;53;25;17;12;17;8;2;3
;Totale;2855;2998;3036;3079;3213;3248;3082;3254;3162;3172;3261;3262;3302;3313;3400;3297;3512;3458;3571;3603;3890;3929;3855;4065;3881;4169;4100;4139;4015;4094;4081;4306;4253;4312;4207;4411;4463;4743;4780;4923;4807;4659;4780;4701;4839;4848;4829;4787;4698;4598;4550;4534;4424;4465;4261;3972;3845;3919;3762;3879;3534;3407;3378;3470;3741;3747;3843;3317;2812;2679;2624;2633;2771;3148;3095;2820;2472;2516;2424;2239;2065;1993;1928;1893;1691;1532;1228;1176;982;813;669;570;434;302;166;94;71;65;69;39;34
Territorio/Età;;0;1;2;3;4;5;6;7;8;9;10;11;12;13;14;15;16;17;18;19;20;21;22;23;24;25;26;27;28;29;30;31;32;33;34;35;36;37;38;39;40;41;42;43;44;45;46;47;48;49;50;51;52;53;54;55;56;57;58;59;60;61;62;63;64;65;66;67;68;69;70;71;72;73;74;75;76;77;78;79;80;81;82;83;84;85;86;87;88;89;90;91;92;93;94;95;96;97;98;99;100
Codice comune;Comune;Maschi
088001;Acate;69;55;52;53;57;69;61;68;69;64;68;58;64;60;61;53;69;54;61;75;62;90;65;93;78;90;87;112;99;119;108;113;106;104;106;98;94;103;91;87;89;88;84;101;97;86;99;88;88;78;73;69;78;74;50;70;38;48;53;44;43;52;42;33;43;54;52;43;30;30;37;37;38;39;41;33;20;25;28;23;21;24;16;26;10;18;10;10;10;5;1;5;0;4;1;0;0;0;1;0;0
088002;Chiaramonte Gulfi;22;31;46;31;30;29;32;37;37;27;65;29;26;42;40;41;44;54;49;63;51;56;52;43;48;59;50;57;51;52;35;65;57;57;47;47;55;64;56;47;47;68;65;66;63;69;64;67;51;65;76;61;54;67;61;75;45;47;70;67;50;41;45;59;56;33;41;27;47;27;24;29;27;39;35;43;43;32;28;28;22;20;28;27;29;23;11;20;17;13;5;13;7;6;2;0;2;2;1;0;2
088003;Comiso;141;152;144;164;136;153;148;167;154;176;178;168;157;154;175;169;193;184;197;181;203;191;157;214;203;211;202;207;206;154;198;193;206;201;189;207;207;223;223;220;225;196;211;197;229;221;246;237;239;205;212;225;223;202;212;171;200;173;159;169;163;140;137;163;178;151;154;148;113;122;130;116;104;137;140;114;100;108;113;83;81;61;72;84;65;61;40;40;31;30;26;12;12;10;6;2;0;2;1;1;1
088004;Giarratana;8;9;12;8;14;19;9;18;12;17;12;15;17;21;18;16;16;11;15;17;15;19;22;15;20;14;29;22;18;18;13;22;16;27;17;18;23;13;20;24;18;19;12;22;21;28;23;22;25;22;15;25;18;31;19;16;15;27;15;23;28;15;12;16;14;17;21;20;15;21;7;14;13;17;20;19;15;19;12;14;14;12;9;13;13;9;8;10;7;5;0;4;1;1;0;0;0;1;0;0;0
088005;Ispica;55;68;69;88;63;74;67;86;101;86;80;92;85;86;89;78;92;98;87;98;102;114;110;126;101;114;94;104;110;118;104;112;111;107;106;114;102;119;130;111;115;122;121;124;132;123;116;130;106;127;102;105;110;91;97;91;106;100;107;102;102;76;91;97;90;89;92;87;70;75;64;63;65;72;69;59;65;55;54;46;41;38;30;36;37;25;28;23;23;14;11;7;3;5;2;2;1;0;0;0;0
088006;Modica;252;267;254;272;305;282;292;302;303;291;265;285;295;319;321;293;311;301;312;301;340;330;326;368;335;361;340;390;331;392;344;375;369;363;349;359;365;402;421;418;404;415;390;396;408;373;370;361;417;379;383;372;353;377;347;323;307;357;311;313;262;295;286;254;316;284;300;238;252;199;203;206;251;257;230;200;175;177;183;169;167;138;131;140;131;104;104;90;61;48;58;32;33;26;13;8;3;4;7;1;0
088007;Monterosso Almo;6;9;8;8;11;14;12;18;11;14;14;17;12;15;21;14;21;22;17;15;16;18;12;18;15;19;20;23;12;20;15;24;10;16;21;19;25;14;19;21;25;21;17;30;26;33;27;24;22;28;24;24;13;24;19;18;20;18;21;21;13;14;17;15;28;25;21;13;18;15;11;8;9;17;20;19;19;13;18;21;14;15;13;6;7;11;6;7;4;8;6;2;6;0;0;0;1;0;0;0;0
088008;Pozzallo;97;101;110;101;112;121;106;121;100;86;129;90;113;103;120;118;106;100;113;103;122;135;130;139;113;161;127;146;127;125;127;149;139;134;150;149;117;168;157;150;150;140;152;144;144;129;138;118;130;145;115;113;121;114;134;117;125;118;111;110;112;105;102;119;116;140;132;94;113;86;69;82;92;103;83;76;69;40;51;48;50;44;28;33;33;31;18;21;11;10;6;6;5;5;1;0;0;2;0;1;0
088009;Ragusa;298;286;346;352;329;335;334;331;363;321;324;345;349;380;346;337;368;365;383;407;409;425;428;412;429;430;462;418;427;401;456;449;446;488;461;474;511;487;530;593;590;532;524;535;557;501;537;557;523;558;515;542;513;497;498;470;470;449;423;463;385;386;379;434;416;415;464;372;333;293;316;263;297;340;345;334;290;293;298;264;210;212;217;184;166;167;125;109;96;74;61;40;29;25;15;8;9;3;3;2;1
088010;Santa Croce Camerina;49;49;61;52;54;58;44;55;51;55;53;56;60;48;68;51;48;58;63;78;68;77;71;73;80;81;64;78;99;85;75;80;87;96;97;85;112;89;95;83;95;89;93;101;84;114;88;89;88;78;76;81;68;83;63;49;57;63;60;74;48;48;46;52;67;55;55;51;40;48;37;48;43;49;40;34;34;39;27;39;22;15;9;21;17;17;11;13;9;7;7;3;1;2;0;2;2;0;0;0;1
088011;Scicli;113;133;135;132;133;154;122;144;109;147;136;144;107;147;140;139;146;144;142;155;160;186;190;162;160;181;165;167;150;161;157;183;189;179;152;168;166;205;196;217;212;213;173;170;219;215;208;217;211;193;173;180;186;156;165;147;146;148;153;145;140;141;148;149;148;157;153;164;108;112;102;126;115;139;125;106;102;96;102;83;100;84;72;69;57;54;45;38;39;24;26;19;18;5;8;4;1;0;1;1;2
088012;Vittoria;356;343;350;327;358;349;366;372;361;328;350;380;397;380;375;401;420;389;373;441;457;452;392;481;445;471;456;417;436;420;423;458;458;441;450;481;503;508;526;506;489;494;514;459;502;447;457;473;495;448;456;449;440;419;419;353;347;330;380;316;335;287;297;299;319;306;316;294;237;227;242;237;216;237;232;217;185;208;175;172;138;132;132;133;119;110;91;65;60;45;38;32;25;17;3;5;6;3;2;0;1
;Totale;1466;1503;1587;1588;1602;1657;1593;1719;1671;1612;1674;1679;1682;1755;1774;1710;1834;1780;1812;1934;2005;2093;1955;2144;2027;2192;2096;2141;2066;2065;2055;2223;2194;2213;2145;2219;2280;2395;2464;2477;2459;2397;2356;2345;2482;2339;2373;2383;2395;2326;2220;2246;2177;2135;2084;1900;1876;1878;1863;1847;1681;1600;1602;1690;1791;1726;1801;1551;1376;1255;1242;1229;1270;1446;1380;1254;1117;1105;1089;990;880;795;757;772;684;630;497;446;368;283;245;175;140;106;51;31;25;17;16;6;8
Territorio/Età;;0;1;2;3;4;5;6;7;8;9;10;11;12;13;14;15;16;17;18;19;20;21;22;23;24;25;26;27;28;29;30;31;32;33;34;35;36;37;38;39;40;41;42;43;44;45;46;47;48;49;50;51;52;53;54;55;56;57;58;59;60;61;62;63;64;65;66;67;68;69;70;71;72;73;74;75;76;77;78;79;80;81;82;83;84;85;86;87;88;89;90;91;92;93;94;95;96;97;98;99;100
Codice comune;Comune;Femmine
088001;Acate;60;43;56;60;60;52;42;51;52;43;51;60;60;57;49;52;80;60;68;67;61;69;58;79;85;59;93;65;73;67;80;89;79;99;88;84;69;71;75;78;78;62;81;82;75;81;71;60;65;57;63;64;48;56;67;50;47;49;51;57;44;42;53;44;53;50;55;36;41;26;35;37;38;34;43;32;25;40;35;26;18;19;30;20;27;25;19;17;13;17;7;9;6;2;2;1;1;0;2;3;1
088002;Chiaramonte Gulfi;28;21;27;27;42;21;33;36;30;31;28;32;45;30;42;42;35;37;47;42;47;55;50;44;46;47;57;58;53;55;52;55;49;51;42;52;57;45;50;55;46;47;68;64;75;77;66;55;68;61;64;62;63;63;69;59;63;57;49;49;44;46;56;50;54;39;48;40;23;38;40;39;38;50;40;40;46;47;33;40;48;38;41;40;32;33;19;33;24;17;13;11;7;3;2;3;1;2;5;0;0
088003;Comiso;130;125;138;140;169;124;126;120;135;155;145;159;174;148;148;132;165;170;178;157;180;178;177;207;168;158;206;193;171;210;178;177;195;188;167;242;206;225;236;237;242;219;231;230;233;244;228;246;227;229;233;223;211;222;224;176;206;189;195;189;194;159;172;165;180;209;198;180;121;141;135;155;128;162;143;166;135;141;124;132;106;114;109;122;90;76;72;59;48;42;46;44;21;21;9;1;6;1;5;2;2
088004;Giarratana;9;14;10;9;18;10;14;10;9;12;6;11;18;5;17;16;15;15;21;18;17;12;17;16;8;15;22;24;19;17;20;17;12;17;21;22;22;19;19;18;15;17;27;24;30;19;19;25;24;32;22;19;24;29;26;24;24;15;21;30;13;14;18;17;25;21;24;18;14;13;13;18;22;26;25;17;30;16;23;16;17;21;19;14;11;9;9;11;7;15;6;7;2;2;3;0;1;1;0;0;2
088005;Ispica;66;65;69;72;77;59;65;85;80;71;93;65;77;80;77;87;78;83;85;86;99;106;105;90;95;90;90;111;94;85;103;96;112;97;100;100;95;117;111;99;112;126;118;125;104;133;136;119;81;106;104;112;122;134;110;111;87;97;83;87;90;100;81;78;115;104;104;105;79;80;67;72;89;92;96;71;52;70;65;52;39;47;56;50;43;41;32;26;21;24;9;12;7;13;5;3;3;0;3;2;0
088006;Modica;244;266;277;291;276;296;276;274;261;294;286;264;289;302;301;293;300;269;329;304;347;289;298;341;350;394;353;369;353;317;378;360;359;359;356;376;395;402;422;443;375;396;392;390;430;438;395;397;408;414;388;452;382;405;327;385;305;361;314;337;324;334;335;311;340;351;325;305;235;257;253;243;254;295;297;260;212;249;216;186;188;227;219;196;194;160;140;161;142;103;78;92;63;32;20;18;10;10;6;4;6
088007;Monterosso Almo;10;9;12;4;11;14;14;10;9;10;17;20;16;19;19;11;6;21;17;11;15;16;16;22;10;19;14;18;10;17;17;8;16;16;14;22;21;26;22;23;24;18;14;17;15;27;28;31;21;22;24;23;22;24;26;19;20;14;24;19;18;26;24;14;13;20;23;21;21;15;19;15;12;21;16;21;25;18;20;25;15;13;8;12;11;17;11;18;9;9;7;6;7;3;4;0;1;1;0;0;0
088008;Pozzallo;84;100;95;88;105;94;89;98;84;89;109;86;88;99;107;110;117;82;95;103;115;114;117;115;140;133;138;140;133;154;145;157;156;129;131;108;148;140;149;135;153;141;156;141;119;171;142;145;151;132;143;153;135;132;126;140;129;126;139;152;143;118;97;126;129;120;112;102;95;85;63;84;85;95;92;82;72;62;63;61;55;59;55;58;38;37;33;36;20;21;18;19;10;12;12;1;3;3;4;3;1
088009;Ragusa;298;302;310;303;320;332;347;340;287;297;353;332;346;314;300;312;323;349;335;362;380;384;394;394;355;414;398;407;392;428;419;441;438;458;472;499;478;576;548;567;589;545;549;569;543;558;584;550;540;551;579;530;592;549;550;531;489;514;465;518;481;426;411;425;479;546;559;446;363;369;351;332;387;420;471;418;392;362;354;342;329;326;301;284;299;230;197;193;182;152;116;100;88;42;25;17;9;11;19;12;9
088010;Santa Croce Camerina;38;53;49;49;63;52;41;55;45;50;44;55;53;33;44;56;47;67;53;58;53;52;64;60;56;76;71;63;59;69;70;65;69;77;73;74;58;68;77;98;82;66;88;81;67;84;69;73;75;62;70;59;74;84;63;60;52;66;51;63;53;60;54;42;60;55;77;47;48;48;41;36;40;48;44;55;40;42;46;37;41;37;34;35;24;31;20;18;6;19;11;6;4;2;1;4;1;0;0;1;1
088011;Scicli;115;140;106;110;118;154;121;132;155;146;111;137;132;131;147;115;143;144;156;134;147;150;179;146;148;147;154;129;141;158;154;159;156;156;151;183;195;172;183;187;180;188;216;223;214;222;228;193;192;181;183;181;166;179;168;151;182;174;163;150;147;165;152;161;144;175;162;160;157;121;122;132;134;161;156;155;126;119;120;107;127;113;112;100;89;84;67;56;53;40;33;26;36;28;10;3;4;5;3;4;2
088012;Vittoria;307;357;300;338;352;383;321;324;344;362;344;362;322;340;375;361;369;381;375;327;424;411;425;407;393;425;408;421;451;452;410;459;418;452;447;430;439;487;424;506;452;437;484;410;452;455;490;510;451;425;457;410;408;453;421;366;365;379;344;381;302;317;323;347;358;331;355;306;239;231;243;241;274;298;292;249;200;245;236;225;202;184;187;190;149;159;112;102;89;71;80;63;43;36;22;12;6;14;6;2;2
;Totale;1389;1495;1449;1491;1611;1591;1489;1535;1491;1560;1587;1583;1620;1558;1626;1587;1678;1678;1759;1669;1885;1836;1900;1921;1854;1977;2004;1998;1949;2029;2026;2083;2059;2099;2062;2192;2183;2348;2316;2446;2348;2262;2424;2356;2357;2509;2456;2404;2303;2272;2330;2288;2247;2330;2177;2072;1969;2041;1899;2032;1853;1807;1776;1780;1950;2021;2042;1766;1436;1424;1382;1404;1501;1702;1715;1566;1355;1411;1335;1249;1185;1198;1171;1121;1007;902;731;730;614;530;424;395;294;196;115;63;46;48;53;33;26

"Ricostruzione della popolazione intercensuaria - Popolazione al 1° gennaio per età"
"Tutte le cittadinanze - Anno: 2015 - Provincia: Ragusa"
Territorio/Età;;0;1;2;3;4;5;6;7;8;9;10;11;12;13;14;15;16;17;18;19;20;21;22;23;24;25;26;27;28;29;30;31;32;33;34;35;36;37;38;39;40;41;42;43;44;45;46;47;48;49;50;51;52;53;54;55;56;57;58;59;60;61;62;63;64;65;66;67;68;69;70;71;72;73;74;75;76;77;78;79;80;81;82;83;84;85;86;87;88;89;90;91;92;93;94;95;96;97;98;99;100
Codice comune;Comune;Totale
088001;Acate;133;127;96;108;115;115;122;103;120;122;108;118;114;121;118;111;104;144;116;138;148;127;163;135;173;173;145;171;172;166;186;183;203;184;203;197;180;162;162;165;166;166;146;167;175;173;163;168;153;149;133;132;133;123;125;116;116;85;96;99;100;83;96;92;78;94;102;102;78;70;56;69;75;73;69;83;61;43;62;61;48;38;35;45;42;32;41;26;23;20;20;8;11;3;5;3;1;0;0;3;4
088002;Chiaramonte Gulfi;56;52;54;73;57;76;53;64;72;66;59;93;61;71;75;86;84;85;91;94;103;94;111;102;90;91;106;104;121;107;106;87;126;106;111;87;102;119;107;104;104;93;112;131;128;138;147;130;120;121;129;140;122;119;129;129;132;108;99;118;114;93;87;104;107;111;71;91;68;70;63;62;69;64;89;75;81;86;77;58;67;68;53;69;60;56;54;28;46;35;24;14;21;9;4;4;3;2;2;4;0
088003;Comiso;276;270;275;292;307;303;278;276;278;290;330;323;332;332;309;328;307;370;360;379;338;383;380;342;421;377;380;416;409;381;371;386;375;417;396;366;450;423;464;461;455;467;416;439;425;457;466;473;488;465;434;439;448;436;427;437;344;403;361;358;362;352;295;306;324;354;359;350;320;226;258;258;259;225;289;268;274;221;241;219;201;176;169;166;187;139;123;103;88;67;63;59;48;31;21;9;2;5;0;6;4
088004;Giarratana;18;15;22;21;16;32;30;22;26;19;29;18;26;33;26;35;32;33;26;36;34;31;29;37;32;27;29;48;39;38;34;35;39;29;44;35;39;43;30;41;43;33;37;37;44;50;47;43;45;49;53;37;44;42;60;45;39;40;42;38;53;41;28;30;32;39;37;45;36;27;33;20;32;37;42;44;33;44;36;35;28;32;33;24;27;21;18;17;20;12;14;6;9;2;3;2;0;1;2;0;2
088005;Ispica;148;118;137;131;157;148;135;134;170;179;155;169;157;165;167;165;168;178;183;172;187;197;226;215;222;201;209;187;217;206;196;208;213;224;209;215;216;196;242;237;209;230;250;234;246;237;258;249;252;190;233;206;221;237;222;203;204;198;195;190;190;193;175;174;177;206;187;192;192;145;155;126;133;156;162;161;133;113;119;114;97;81;81;82;79;69;63;50;45;43;32;17;16;8;14;7;4;3;0;0;2
088006;Modica;430;490;527;529;558;576;577;568;574;562;583;552;540;584;621;622;586;617;573;640;612;687;617;620;695;684;747;685;745;680;687;715;731;726;708;691;736;749;794;834;851;763;802;787;789;830;803;767;754;828;797;767;820;731;781;669;707;608;717;622;641;581;622;617;561;654;621;621;534;481;452;444;433;497;540;517;449;376;408;382;336;344;338;334;320;300;237;225;215;179;133;106;99;82;43;30;19;11;11;9;8
088007;Monterosso Almo;23;15;18;20;13;21;27;29;29;20;25;32;37;29;35;40;25;27;44;35;26;30;33;28;39;25;37;35;39;22;36;30;31;26;32;34;42;48;42;41;42;48;39;33;46;40;57;53;55;44;50;48;47;35;48;45;37;39;32;47;40;30;40;40;29;39;45;44;34;39;30;28;24;17;39;34;39;41;31;39;42;28;28;18;16;12;27;14;23;11;14;11;6;13;1;3;0;1;0;0;0
088008;Pozzallo;207;184;197;202;189;211;219;190;217;179;174;235;178;195;202;230;225;222;183;205;204;237;243;242;250;245;291;257;284;252;280;273;302;297;266;280;252;259;312;305;283;302;281;305;284;259;296;281;261;278;277;257;266;256;243;260;256;253;244;248;260;253;224;194;243;247;257;245;193;209;163;134;161;171;197;169;150;136;97;108;105;99;91;78;84;63;58;46;53;24;27;19;20;11;14;9;1;3;3;4;4
088009;Ragusa;583;593;581;652;669;656;666;680;671;653;621;678;681;696;695;648;659;689;712;716;769;791;808;828;807;780;837;862;836;806;835;871;889;883;937;935;981;1002;1070;1084;1166;1170;1087;1073;1096;1103;1070;1115;1106;1058;1110;1089;1061;1104;1041;1037;990;958;952;876;973;861;804;786;846;888;960;1017;808;683;656;655;583;673;747;787;732;667;628;628;584;518;508;488;432;418;358;295;280;239;193;156;110;92;53;32;16;10;10;16;14
088010;Santa Croce Camerina;90;87;100;115;97;115;112;85;104;94;106;99;110;113;88;112;110;94;131;120;142;123;131;141;139;141;158;139;151;162;153;142;155;173;174;167;162;171;158;168;185;174;161;180;185;153;197;159;160;166;139;145;145;140;168;132;111;107;130;109;136;99;109;99;92;129;107;130;96;90;97;76;77;81;94;80;88;70;79;72;73;61;48;45;49;39;41;26;26;13;24;14;8;4;3;1;4;2;0;0;1
088011;Scicli;232;226;273;245;242;251;311;246;284;268;290;252;287;243;279;288;252;290;287;294;290;310;341;365;313;305;320;321;311;297;324;321;348;344;342;303;361;358;381;383;411;394;405;389;401;438;433;436;410;403;369;353;366;357;338;338;298;330;319;315;295;290;302;295;305;296;332;316;320;267;225;223;261;242;295;275;253;221;208;209;186;217;184;173;159;128;121;105;85;85;51;51;36;47;23;14;4;4;3;5;4
088012;Vittoria;640;659;694;654;660;716;728;682;693;703;686;691;740;716;719;746;759;791;772;755;777;892;864;805;882;832;882;873;840;890;861;826;912;870;899;902;910;930;988;948;1008;941;932;996;869;948;893;946;976;947;862;903;854;844;859;834;719;705;701;725;695;629;596;616;641;668;629;665;584;465;453;483;468;481;524;498;458;365;441;399;385;314;299;298;296;239;229;173;149;134;97;104;72;51;42;21;15;8;12;5;5
;Totale;2836;2836;2974;3042;3080;3220;3258;3079;3238;3155;3166;3260;3263;3298;3334;3411;3311;3540;3478;3584;3630;3902;3946;3860;4063;3881;4141;4098;4164;4007;4069;4077;4324;4279;4321;4212;4431;4460;4750;4771;4923;4781;4668;4771;4688;4826;4830;4820;4780;4698;4586;4516;4527;4424;4441;4245;3953;3834;3888;3745;3859;3505;3378;3353;3435;3725;3707;3818;3263;2772;2641;2578;2575;2717;3087;2991;2751;2383;2427;2324;2152;1976;1867;1820;1751;1516;1370;1108;1053;862;692;565;456;353;226;135;69;50;43;52;48
Territorio/Età;;0;1;2;3;4;5;6;7;8;9;10;11;12;13;14;15;16;17;18;19;20;21;22;23;24;25;26;27;28;29;30;31;32;33;34;35;36;37;38;39;40;41;42;43;44;45;46;47;48;49;50;51;52;53;54;55;56;57;58;59;60;61;62;63;64;65;66;67;68;69;70;71;72;73;74;75;76;77;78;79;80;81;82;83;84;85;86;87;88;89;90;91;92;93;94;95;96;97;98;99;100
Codice comune;Comune;Maschi
088001;Acate;74;66;56;55;54;56;69;62;67;68;65;67;56;62;61;62;52;69;57;71;75;67;94;70;92;82;89;77;110;101;119;109;116;109;105;111;94;96;97;91;92;90;88;88;97;98;82;96;88;85;75;72;70;78;72;51;68;39;48;50;44;41;54;39;33;42;52;51;42;30;29;35;37;37;36;41;30;19;23;26;22;20;19;15;23;8;18;9;10;8;5;1;4;0;3;1;0;0;0;1;0
088002;Chiaramonte Gulfi;29;23;31;46;28;33;32;32;36;37;28;64;29;26;43;43;42;46;54;47;61;49;54;54;44;47;57;50;59;52;52;36;68;58;57;48;51;60;65;53;50;46;64;65;62;63;70;65;65;53;66;77;61;55;67;60;74;45;44;69;65;50;41;48;58;57;33;42;28;47;26;24;31;26;39;35;41;42;32;27;27;22;17;28;24;26;22;10;15;14;9;4;12;3;3;2;0;1;0;1;0
088003;Comiso;143;140;150;150;166;135;152;149;161;153;175;176;172;159;159;178;174;202;187;201;183;206;198;166;216;210;219;209;213;211;161;202;197;217;212;196;213;216;234;226;220;226;197;211;195;225;222;243;242;237;209;209;225;222;207;212;171;197;173;158;170;162;140;136;160;177;151;154;142;108;118;129;110;101;131;130;111;93;101;104;80;71;58;62;75;59;55;35;36;26;24;20;10;10;5;3;1;0;0;1;1
088004;Giarratana;10;8;8;11;7;14;19;9;18;11;16;12;15;16;21;18;16;18;11;15;17;14;17;19;15;19;14;27;20;18;17;14;22;17;26;16;18;21;11;20;25;17;20;10;21;22;29;24;20;25;21;15;25;17;31;19;16;16;27;17;23;29;15;12;16;14;17;21;20;15;21;6;14;15;16;19;18;15;19;12;11;14;12;9;13;13;9;8;10;6;5;0;3;1;1;0;0;0;1;0;0
088005;Ispica;68;52;69;66;86;68;77;69;85;104;85;82;92;88;88;89;78;99;101;89;99;101;119;113;129;107;119;93;110;114;114;103;116;112;110;111;116;101;126;128;114;118;122;116;123;134;125;116;132;108;127;102;110;112;89;93;92;107;97;108;102;103;77;92;101;92;85;88;86;67;75;60;62;66;70;68;60;63;52;53;44;41;37;29;31;30;22;21;21;21;10;10;5;2;4;3;1;1;0;0;0
088006;Modica;208;253;261;255;271;300;283;292;302;301;288;265;279;293;317;321;293;313;301;310;304;339;329;321;361;335;357;334;380;329;380;343;370;367;354;340;361;361;399;413;405;394;407;391;400;403;367;371;361;419;380;380;368;349;376;346;322;302;353;306;312;259;290;285;252;316;278;298;233;249;195;197;193;247;250;224;197;166;170;171;161;163;120;122;133;120;96;93;71;51;39;43;22;28;19;12;5;2;3;6;2
088007;Monterosso Almo;15;5;9;8;9;10;14;12;19;11;15;14;17;13;15;21;14;21;22;17;15;15;18;12;16;16;19;20;21;12;20;15;23;11;16;20;19;25;16;19;20;24;21;16;29;25;31;27;24;23;28;24;24;14;24;19;18;20;18;21;21;13;14;17;15;26;25;21;13;18;15;10;8;7;18;19;19;18;13;18;20;13;15;12;5;5;11;5;6;4;5;4;1;6;0;0;0;0;0;0;0
088008;Pozzallo;96;98;99;107;102;107;124;106;120;97;87;129;92;109;103;120;116;105;101;110;101;123;131;130;136;110;155;123;146;124;126;130;149;141;136;151;148;116;167;157;149;149;141;153;142;142;128;137;121;129;144;114;113;117;114;132;116;126;120;110;109;110;104;97;117;114;137;133;90;113;81;71;79;88;104;79;70;66;36;49;45;47;37;25;30;28;28;18;18;10;9;4;5;4;4;1;0;0;1;0;0
088009;Ragusa;301;294;284;343;355;335;332;331;332;366;325;327;348;351;383;347;344;366;369;379;406;410;425;428;412;424;422;461;424;416;406;453;452;440;485;464;479;521;493;527;597;589;534;523;528;559;506;541;552;517;556;514;534;514;493;492;468;468;438;414;458;384;379;375;427;414;413;460;368;325;294;302;256;290;338;326;320;282;275;289;255;200;196;200;167;142;151;111;97;80;63;53;26;22;16;12;5;5;2;3;3
088010;Santa Croce Camerina;45;46;50;62;49;52;59;43;52;50;56;55;54;58;54;68;53;46;60;65;86;71;77;71;73;83;79;67;84;102;85;75;88;97;96;99;89;114;92;95;84;94;93;92;103;85;115;89;87;90;79;75;85;67;84;67;49;57;63;57;72;47;49;46;49;69;54;55;51;40;48;37;43;42;48;39;34;31;39;26;35;21;14;11;20;16;15;8;12;8;6;5;3;1;2;0;0;1;0;0;0
088011;Scicli;124;111;133;134;132;134;158;125;148;109;147;136;146;107;149;143;138;145;144;140;154;163;186;189;165;162;174;165;175;154;163;164;191;190;185;152;177;162;205;197;218;214;215;174;176;224;212;209;215;211;193;173;183;190;156;166;147;147;145;152;147;142;140;145;148;149;156;153;163;110;106;101;128;114;137;121;102;98;90;95;82;95;80;65;63;48;44;42;34;32;19;19;17;15;4;6;3;1;0;2;1
088012;Vittoria;330;351;342;351;322;361;348;362;368;357;326;347;380;396;382;373;403;423;395;376;447;464;455;385;476;439;465;459;423;438;418;417;452;450;446;454;478;502;505;523;503;488;497;513;463;499;445;457;471;495;438;448;444;435;415;416;354;347;325;380;316;328;282;296;295;314;299;312;284;232;226;240;228;208;231;219;213;171;201;169;163;125;121;123;120;104;92;76;59;52;34;30;23;20;12;3;4;4;2;1;1
;Totale;1443;1447;1492;1588;1581;1605;1667;1592;1708;1664;1613;1674;1680;1678;1775;1783;1723;1853;1802;1820;1948;2022;2103;1958;2135;2034;2169;2085;2165;2071;2061;2061;2244;2209;2228;2162;2243;2295;2410;2449;2477;2449;2399;2352;2339;2479;2332;2375;2378;2392;2316;2203;2242;2170;2128;2073;1895;1871;1851;1842;1839;1668;1585;1588;1671;1784;1700;1788;1520;1354;1234;1212;1189;1241;1418;1320;1215;1064;1051;1039;945;832;726;701;704;599;563;436;389;312;228;193;131;112;73;43;19;15;9;15;8
Territorio/Età;;0;1;2;3;4;5;6;7;8;9;10;11;12;13;14;15;16;17;18;19;20;21;22;23;24;25;26;27;28;29;30;31;32;33;34;35;36;37;38;39;40;41;42;43;44;45;46;47;48;49;50;51;52;53;54;55;56;57;58;59;60;61;62;63;64;65;66;67;68;69;70;71;72;73;74;75;76;77;78;79;80;81;82;83;84;85;86;87;88;89;90;91;92;93;94;95;96;97;98;99;100
Codice comune;Comune;Femmine
088001;Acate;59;61;40;53;61;59;53;41;53;54;43;51;58;59;57;49;52;75;59;67;73;60;69;65;81;91;56;94;62;65;67;74;87;75;98;86;86;66;65;74;74;76;58;79;78;75;81;72;65;64;58;60;63;45;53;65;48;46;48;49;56;42;42;53;45;52;50;51;36;40;27;34;38;36;33;42;31;24;39;35;26;18;16;30;19;24;23;17;13;12;15;7;7;3;2;2;1;0;0;2;4
088002;Chiaramonte Gulfi;27;29;23;27;29;43;21;32;36;29;31;29;32;45;32;43;42;39;37;47;42;45;57;48;46;44;49;54;62;55;54;51;58;48;54;39;51;59;42;51;54;47;48;66;66;75;77;65;55;68;63;63;61;64;62;69;58;63;55;49;49;43;46;56;49;54;38;49;40;23;37;38;38;38;50;40;40;44;45;31;40;46;36;41;36;30;32;18;31;21;15;10;9;6;1;2;3;1;2;3;0
088003;Comiso;133;130;125;142;141;168;126;127;117;137;155;147;160;173;150;150;133;168;173;178;155;177;182;176;205;167;161;207;196;170;210;184;178;200;184;170;237;207;230;235;235;241;219;228;230;232;244;230;246;228;225;230;223;214;220;225;173;206;188;200;192;190;155;170;164;177;208;196;178;118;140;129;149;124;158;138;163;128;140;115;121;105;111;104;112;80;68;68;52;41;39;39;38;21;16;6;1;5;0;5;3
088004;Giarratana;8;7;14;10;9;18;11;13;8;8;13;6;11;17;5;17;16;15;15;21;17;17;12;18;17;8;15;21;19;20;17;21;17;12;18;19;21;22;19;21;18;16;17;27;23;28;18;19;25;24;32;22;19;25;29;26;23;24;15;21;30;12;13;18;16;25;20;24;16;12;12;14;18;22;26;25;15;29;17;23;17;18;21;15;14;8;9;9;10;6;9;6;6;1;2;2;0;1;1;0;2
088005;Ispica;80;66;68;65;71;80;58;65;85;75;70;87;65;77;79;76;90;79;82;83;88;96;107;102;93;94;90;94;107;92;82;105;97;112;99;104;100;95;116;109;95;112;128;118;123;103;133;133;120;82;106;104;111;125;133;110;112;91;98;82;88;90;98;82;76;114;102;104;106;78;80;66;71;90;92;93;73;50;67;61;53;40;44;53;48;39;41;29;24;22;22;7;11;6;10;4;3;2;0;0;2
088006;Modica;222;237;266;274;287;276;294;276;272;261;295;287;261;291;304;301;293;304;272;330;308;348;288;299;334;349;390;351;365;351;307;372;361;359;354;351;375;388;395;421;446;369;395;396;389;427;436;396;393;409;417;387;452;382;405;323;385;306;364;316;329;322;332;332;309;338;343;323;301;232;257;247;240;250;290;293;252;210;238;211;175;181;218;212;187;180;141;132;144;128;94;63;77;54;24;18;14;9;8;3;6
088007;Monterosso Almo;8;10;9;12;4;11;13;17;10;9;10;18;20;16;20;19;11;6;22;18;11;15;15;16;23;9;18;15;18;10;16;15;8;15;16;14;23;23;26;22;22;24;18;17;17;15;26;26;31;21;22;24;23;21;24;26;19;19;14;26;19;17;26;23;14;13;20;23;21;21;15;18;16;10;21;15;20;23;18;21;22;15;13;6;11;7;16;9;17;7;9;7;5;7;1;3;0;1;0;0;0
088008;Pozzallo;111;86;98;95;87;104;95;84;97;82;87;106;86;86;99;110;109;117;82;95;103;114;112;112;114;135;136;134;138;128;154;143;153;156;130;129;104;143;145;148;134;153;140;152;142;117;168;144;140;149;133;143;153;139;129;128;140;127;124;138;151;143;120;97;126;133;120;112;103;96;82;63;82;83;93;90;80;70;61;59;60;52;54;53;54;35;30;28;35;14;18;15;15;7;10;8;1;3;2;4;4
088009;Ragusa;282;299;297;309;314;321;334;349;339;287;296;351;333;345;312;301;315;323;343;337;363;381;383;400;395;356;415;401;412;390;429;418;437;443;452;471;502;481;577;557;569;581;553;550;568;544;564;574;554;541;554;575;527;590;548;545;522;490;514;462;515;477;425;411;419;474;547;557;440;358;362;353;327;383;409;461;412;385;353;339;329;318;312;288;265;276;207;184;183;159;130;103;84;70;37;20;11;5;8;13;11
088010;Santa Croce Camerina;45;41;50;53;48;63;53;42;52;44;50;44;56;55;34;44;57;48;71;55;56;52;54;70;66;58;79;72;67;60;68;67;67;76;78;68;73;57;66;73;101;80;68;88;82;68;82;70;73;76;60;70;60;73;84;65;62;50;67;52;64;52;60;53;43;60;53;75;45;50;49;39;34;39;46;41;54;39;40;46;38;40;34;34;29;23;26;18;14;5;18;9;5;3;1;1;4;1;0;0;1
088011;Scicli;108;115;140;111;110;117;153;121;136;159;143;116;141;136;130;145;114;145;143;154;136;147;155;176;148;143;146;156;136;143;161;157;157;154;157;151;184;196;176;186;193;180;190;215;225;214;221;227;195;192;176;180;183;167;182;172;151;183;174;163;148;148;162;150;157;147;176;163;157;157;119;122;133;128;158;154;151;123;118;114;104;122;104;108;96;80;77;63;51;53;32;32;19;32;19;8;1;3;3;3;3
088012;Vittoria;310;308;352;303;338;355;380;320;325;346;360;344;360;320;337;373;356;368;377;379;330;428;409;420;406;393;417;414;417;452;443;409;460;420;453;448;432;428;483;425;505;453;435;483;406;449;448;489;505;452;424;455;410;409;444;418;365;358;376;345;379;301;314;320;346;354;330;353;300;233;227;243;240;273;293;279;245;194;240;230;222;189;178;175;176;135;137;97;90;82;63;74;49;31;30;18;11;4;10;4;4
;Totale;1393;1389;1482;1454;1499;1615;1591;1487;1530;1491;1553;1586;1583;1620;1559;1628;1588;1687;1676;1764;1682;1880;1843;1902;1928;1847;1972;2013;1999;1936;2008;2016;2080;2070;2093;2050;2188;2165;2340;2322;2446;2332;2269;2419;2349;2347;2498;2445;2402;2306;2270;2313;2285;2254;2313;2172;2058;1963;2037;1903;2020;1837;1793;1765;1764;1941;2007;2030;1743;1418;1407;1366;1386;1476;1669;1671;1536;1319;1376;1285;1207;1144;1141;1119;1047;917;807;672;664;550;464;372;325;241;153;92;50;35;34;37;40

"Ricostruzione della popolazione intercensuaria - Popolazione al 1° gennaio per età"
"Tutte le cittadinanze - Anno: 2016 - Provincia: Ragusa"
Territorio/Età;;0;1;2;3;4;5;6;7;8;9;10;11;12;13;14;15;16;17;18;19;20;21;22;23;24;25;26;27;28;29;30;31;32;33;34;35;36;37;38;39;40;41;42;43;44;45;46;47;48;49;50;51;52;53;54;55;56;57;58;59;60;61;62;63;64;65;66;67;68;69;70;71;72;73;74;75;76;77;78;79;80;81;82;83;84;85;86;87;88;89;90;91;92;93;94;95;96;97;98;99;100
Codice comune;Comune;Totale
088001;Acate;113;129;122;95;112;115;116;125;101;125;123;109;120;113;124;116;111;108;147;124;148;149;123;175;141;182;182;155;186;178;178;183;183;208;183;212;198;188;162;163;169;175;170;154;169;179;173;161;166;152;146;134;126;134;126;126;113;116;85;97;100;97;86;97;91;78;91;97;103;77;67;53;67;74;67;67;81;59;38;60;62;46;35;33;43;37;29;35;22;20;17;15;7;8;3;4;2;1;0;0;5
088002;Chiaramonte Gulfi;72;55;49;55;74;54;75;51;62;72;66;57;92;64;73;74;87;89;87;99;99;109;94;118;103;91;94;111;101;130;111;109;87;122;106;107;90;100;115;107;102;106;90;112;133;128;136;143;130;116;120;125;142;124;122;130;129;131;109;98;117;116;93;85;103;107;112;70;90;68;65;62;62;65;62;87;72;79;80;76;56;62;61;50;65;53;52;45;26;43;32;20;13;16;9;2;4;1;1;2;3
088003;Comiso;277;270;270;271;283;307;298;285;280;277;294;333;328;335;339;317;333;320;380;365;387;345;398;385;342;424;384;377;421;417;380;379;397;376;431;404;367;457;416;472;460;462;469;424;449;428;468;473;475;499;471;437;440;449;437;420;434;346;407;353;353;362;348;290;302;316;349;357;346;319;224;254;251;252;224;280;256;264;222;228;210;193;163;159;155;168;121;113;93;76;52;47;49;40;18;13;6;2;3;0;6
088004;Giarratana;13;18;15;22;20;18;31;30;21;28;17;29;16;26;32;25;35;31;33;27;39;35;28;30;38;32;27;28;43;37;32;32;34;40;25;45;35;41;44;30;39;41;31;35;37;44;51;47;44;46;47;52;37;46;43;59;45;39;41;41;38;53;41;28;30;32;36;37;45;35;27;32;20;31;37;43;44;31;43;36;35;27;30;30;23;24;18;16;14;19;9;11;5;8;1;1;2;0;1;0;0
088005;Ispica;147;147;116;142;130;155;145;135;131;166;181;154;167;161;163;167;167;173;184;187;182;190;203;223;224;221;213;207;188;216;210;195;212;222;233;213;229;211;201;246;234;211;228;252;238;244;244;262;253;257;192;232;210;224;236;223;197;204;197;192;186;191;194;175;172;174;209;188;189;184;143;149;123;125;152;158;156;129;110;116;105;92;78;71;71;74;58;53;44;32;33;29;12;15;5;11;6;3;2;1;2
088006;Modica;432;430;493;516;530;557;570;571;572;571;565;590;557;546;594;627;620;590;619;571;643;612;688;618;626;706;680;738;689;738;673;686;708;734;725;697;690;737;738;791;831;856;762;808;780;792;828;805;769;752;832;790;768;821;725;778;664;705;607;715;627;642;582;621;623;554;652;619;615;533;463;443;437;427;483;526;505;436;367;395;362;326;332;318;314;292;266;207;198;178;154;111;87;76;63;32;20;14;8;7;12
088007;Monterosso Almo;18;22;14;18;20;13;21;27;29;29;20;25;31;37;29;35;40;25;27;42;33;26;31;36;29;39;25;36;34;37;24;38;27;30;23;32;32;41;47;42;41;41;49;40;33;45;38;56;53;54;46;50;51;45;34;48;45;38;40;32;47;39;30;42;38;29;39;45;43;33;34;29;28;24;15;38;33;38;39;31;37;40;24;26;17;11;8;23;12;22;9;12;9;3;12;0;2;0;1;0;0
088008;Pozzallo;175;207;181;198;197;189;211;218;188;215;177;179;237;180;194;202;227;226;226;185;208;208;243;244;243;249;240;286;259;286;250;277;272;300;295;268;277;248;251;305;303;282;302;277;298;282;260;286;275;262;277;282;252;262;252;241;255;249;250;240;244;257;249;225;194;241;244;257;240;193;203;161;131;161;165;190;164;145;125;94;103;105;95;82;71;74;56;51;36;48;20;25;16;18;13;6;7;0;2;3;7
088009;Ragusa;585;591;607;585;653;666;663;661;680;671;657;624;676;685;702;704;652;661;689;728;728;767;799;809;844;800;766;837;842;830;789;832;892;897;894;960;945;993;1018;1075;1100;1182;1167;1093;1075;1087;1102;1073;1109;1097;1064;1114;1083;1057;1102;1026;1047;985;945;948;872;970;851;791;782;842;877;953;1017;799;673;643;633;571;648;732;765;707;648;611;613;556;486;472;444;397;376;323;254;228;210;160;127;86;63;41;28;15;3;4;17
088010;Santa Croce Camerina;97;94;88;102;122;97;110;113;85;105;90;103;103;108;108;92;108;107;102;131;121;155;126;132;140;146;146;170;147;155;168;153;143;161;170;174;166;168;170;155;174;181;190;157;174;190;150;196;161;158;161;143;143;147;147;168;131;110;106;133;108;132;101;112;102;90;130;106;127;96;84;96;74;74;76;90;79;87;67;75;70;72;60;42;39;47;38;34;20;24;13;19;9;5;3;2;1;2;1;0;0
088011;Scicli;227;232;228;271;253;242;250;307;244;284;270;286;256;283;243;280;288;254;292;297;298;297;312;336;361;305;310;320;327;310;304;329;324;346;341;343;311;361;359;385;387;414;392;408;394;401;444;431;434;409;400;373;356;370;362;333;336;293;331;318;312;298;290;305;289;298;287;333;312;313;265;223;218;256;233;286;266;248;216;201;201;178;205;172;159;143;118;111;95;71;74;43;43;27;36;21;12;5;4;2;3
088012;Vittoria;626;632;661;684;651;657;715;716;681;690;704;683;687;736;710;735;744;760;793;771;745;773;892;867;811;893;833;888;853;830;893;858;828;905;873;898;883;908;936;977;939;1012;937;924;992;875;949;881;934;975;941;851;901;847;846;855;828;710;694;697;719;691;625;592;615;635;662;619;659;577;460;443;477;457;472;513;486;436;348;423;377;360;294;283;281;269;211;207;149;125;114;86;86;52;44;29;16;7;7;8;5
;Totale;2782;2827;2844;2959;3045;3070;3205;3239;3074;3233;3164;3172;3270;3274;3311;3374;3412;3344;3579;3527;3631;3666;3937;3973;3902;4088;3900;4153;4090;4164;4012;4071;4107;4341;4299;4353;4223;4453;4457;4748;4779;4963;4787;4684;4772;4695;4843;4814;4803;4777;4697;4583;4509;4526;4432;4407;4224;3926;3812;3864;3723;3848;3490;3363;3341;3396;3688;3681;3786;3227;2708;2588;2521;2517;2634;3010;2907;2659;2303;2346;2231;2057;1863;1738;1682;1589;1351;1218;963;886;737;578;463;354;270;162;106;50;33;27;60
Territorio/Età;;0;1;2;3;4;5;6;7;8;9;10;11;12;13;14;15;16;17;18;19;20;21;22;23;24;25;26;27;28;29;30;31;32;33;34;35;36;37;38;39;40;41;42;43;44;45;46;47;48;49;50;51;52;53;54;55;56;57;58;59;60;61;62;63;64;65;66;67;68;69;70;71;72;73;74;75;76;77;78;79;80;81;82;83;84;85;86;87;88;89;90;91;92;93;94;95;96;97;98;99;100
Codice comune;Comune;Maschi
088001;Acate;64;73;68;55;57;55;56;68;60;71;67;65;68;57;65;58;61;59;71;63;78;72;67;96;72;93;87;93;89;112;108;119;104;124;113;113;114;104;98;97;98;99;94;95;90;98;97;82;95;86;82;76;70;70;80;73;50;68;40;48;50;41;43;55;39;33;39;49;52;41;27;29;34;37;33;35;38;30;17;21;26;20;17;18;14;20;6;17;8;8;6;4;0;3;0;2;0;0;0;0;0
088002;Chiaramonte Gulfi;34;28;21;32;46;27;32;30;30;36;37;28;64;31;27;44;43;47;46;61;52;68;50;58;55;45;49;62;50;68;55;59;38;65;60;57;48;50;56;63;55;50;44;65;65;62;63;68;66;64;53;65;78;62;56;69;60;73;45;43;69;67;50;40;48;58;58;33;40;28;43;25;25;28;26;38;34;39;41;31;27;25;18;17;25;23;23;17;10;14;13;7;5;8;3;1;2;0;0;0;1
088003;Comiso;151;141;143;147;147;167;133;154;154;157;157;178;179;175;166;167;183;182;212;193;210;193;215;205;170;223;218;216;214;215;214;176;215;198;225;219;198;222;208;238;227;226;228;204;219;202;230;230;245;248;243;213;211;226;225;203;213;173;199;168;155;171;159;138;135;158;174;148;154;142;105;117;126;106;102;123;122;109;93;94;99;77;64;53;59;67;48;49;30;31;19;17;18;7;6;4;2;1;0;0;1
088004;Giarratana;6;10;8;8;10;8;13;19;8;20;9;16;10;15;16;20;18;16;18;12;17;18;13;17;20;15;19;13;25;19;15;15;14;22;13;26;16;18;20;11;18;22;15;18;10;21;23;29;25;20;24;21;15;25;18;30;19;16;16;26;17;23;28;15;12;16;13;18;21;19;15;20;6;14;15;16;19;17;15;20;13;10;12;11;9;11;11;9;6;9;4;5;0;3;1;1;0;0;0;0;0
088005;Ispica;70;68;53;72;66;87;67;76;66;84;105;83;82;95;88;89;91;82;103;108;96;103;107;119;119;130;116;115;92;113;116;113;108;122;122;116;123;110;107;131;123;117;119;121;119;122;141;127;118;136;110;126;106;113;111;89;91;92;109;95;105;101;104;77;91;98;94;86;86;80;67;71;58;57;63;65;66;60;61;51;49;42;39;31;23;27;26;17;16;14;14;10;6;5;1;1;2;1;1;0;0
088006;Modica;207;207;254;255;253;272;297;283;298;299;301;292;267;278;296;320;321;296;318;300;314;303;339;331;325;369;327;356;337;374;328;381;340;371;366;350;339;361;355;396;414;412;392;411;390;400;403;368;371;358;421;375;378;366;343;375;344;322;303;353;308;311;260;290;287;249;314;273;295;233;236;191;195;187;240;244;219;191;160;164;159;158;159;113;113;122;101;81;84;57;44;30;36;16;18;13;8;4;1;2;6
088007;Monterosso Almo;8;15;5;9;8;9;10;13;12;19;11;15;14;17;13;15;21;14;21;22;15;15;15;19;12;16;15;18;19;20;14;22;13;22;10;16;18;20;23;17;19;19;24;21;16;28;24;31;27;24;24;28;26;22;14;22;19;19;21;18;21;20;13;15;15;15;26;24;20;13;15;15;10;8;6;17;18;18;17;13;17;19;12;13;11;3;4;8;4;5;3;4;4;1;6;0;0;0;0;0;0
088008;Pozzallo;92;96;98;101;102;104;105;125;106;121;94;87;129;94;108;104;119;116;107;105;110;105;126;131;130;133;109;152;125;146;126;122;125;149;145;138;148;146;115;162;154;150;148;139;148;140;142;125;133;122;129;146;111;109;116;113;128;115;123;116;109;108;107;104;95;115;112;136;130;91;111;79;69;78;83;97;77;68;59;35;46;46;44;34;21;25;23;23;14;16;8;7;3;4;4;2;0;0;0;1;0
088009;Ragusa;301;302;303;287;340;349;339;332;330;329;370;325;328;351;353;387;352;343;371;378;391;402;421;424;434;407;414;427;450;423;410;406;466;461;448;495;470;481;529;493;532;603;582;538;526;525;557;510;533;545;521;558;511;533;514;482;495;465;461;434;413;452;381;372;371;425;412;410;461;360;318;289;290;249;276;326;315;308;272;262;276;243;187;175;171;150;127;133;92;74;70;51;37;17;16;10;11;5;2;1;3
088010;Santa Croce Camerina;50;48;47;48;67;52;50;58;44;55;48;55;56;51;56;56;66;54;50;61;64;97;75;80;73;72;86;85;76;93;105;87;79;92;95;96;99;94;117;94;98;83;105;89;91;108;82;114;93;87;88;82;74;85;69;83;67;49;58;65;56;69;47;50;48;49;70;53;53;51;39;47;35;42;40;47;39;35;29;38;24;33;20;13;9;19;15;13;7;10;8;6;2;2;1;2;0;0;1;0;0
088011;Scicli;104;127;113;132;141;132;133;156;123;148;110;142;138;143;109;148;145;141;147;151;144;160;162;183;185;161;165;173;169;175;153;170;169;193;187;185;160;178;164;211;197;221;215;217;176;178;231;209;208;217;210;195;172;187;194;154;165;143;148;144;150;149;143;142;143;141;146;155;149;156;108;106;97;125;108;132;116;100;95;86;90;77;92;72;62;54;46;37;38;28;26;13;15;10;13;4;5;3;1;0;1
088012;Vittoria;332;327;353;339;354;318;361;343;359;368;362;324;349;381;389;393;376;407;422;395;367;447;462;454;384;484;442;465;439;418;445;427;417;450;456;446;446;482;505;499;517;509;489;486;505;468;500;441;455;469;489;432;447;441;438;410;409;346;340;326;376;316;326;281;298;290;311;292;307;279;230;219;237;219;199;228;212;197;162;191;158;155;116;113;114;113;89;83;65;54;44;30;19;17;17;6;2;1;4;1;1
;Totale;1419;1442;1466;1485;1591;1580;1596;1657;1590;1707;1671;1610;1684;1688;1686;1801;1796;1757;1886;1849;1858;1983;2052;2117;1979;2148;2047;2175;2085;2176;2089;2097;2088;2269;2240;2257;2179;2266;2297;2412;2452;2511;2455;2404;2355;2352;2493;2334;2369;2376;2394;2317;2199;2239;2178;2103;2060;1881;1863;1836;1829;1828;1661;1579;1582;1647;1769;1677;1768;1493;1314;1208;1182;1150;1191;1368;1275;1172;1021;1006;984;905;780;663;631;634;519;487;374;320;259;184;145;93;86;46;32;15;10;5;13
Territorio/Età;;0;1;2;3;4;5;6;7;8;9;10;11;12;13;14;15;16;17;18;19;20;21;22;23;24;25;26;27;28;29;30;31;32;33;34;35;36;37;38;39;40;41;42;43;44;45;46;47;48;49;50;51;52;53;54;55;56;57;58;59;60;61;62;63;64;65;66;67;68;69;70;71;72;73;74;75;76;77;78;79;80;81;82;83;84;85;86;87;88;89;90;91;92;93;94;95;96;97;98;99;100
Codice comune;Comune;Femmine
088001;Acate;49;56;54;40;55;60;60;57;41;54;56;44;52;56;59;58;50;49;76;61;70;77;56;79;69;89;95;62;97;66;70;64;79;84;70;99;84;84;64;66;71;76;76;59;79;81;76;79;71;66;64;58;56;64;46;53;63;48;45;49;50;56;43;42;52;45;52;48;51;36;40;24;33;37;34;32;43;29;21;39;36;26;18;15;29;17;23;18;14;12;11;11;7;5;3;2;2;1;0;0;5
088002;Chiaramonte Gulfi;38;27;28;23;28;27;43;21;32;36;29;29;28;33;46;30;44;42;41;38;47;41;44;60;48;46;45;49;51;62;56;50;49;57;46;50;42;50;59;44;47;56;46;47;68;66;73;75;64;52;67;60;64;62;66;61;69;58;64;55;48;49;43;45;55;49;54;37;50;40;22;37;37;37;36;49;38;40;39;45;29;37;43;33;40;30;29;28;16;29;19;13;8;8;6;1;2;1;1;2;2
088003;Comiso;126;129;127;124;136;140;165;131;126;120;137;155;149;160;173;150;150;138;168;172;177;152;183;180;172;201;166;161;207;202;166;203;182;178;206;185;169;235;208;234;233;236;241;220;230;226;238;243;230;251;228;224;229;223;212;217;221;173;208;185;198;191;189;152;167;158;175;209;192;177;119;137;125;146;122;157;134;155;129;134;111;116;99;106;96;101;73;64;63;45;33;30;31;33;12;9;4;1;3;0;5
088004;Giarratana;7;8;7;14;10;10;18;11;13;8;8;13;6;11;16;5;17;15;15;15;22;17;15;13;18;17;8;15;18;18;17;17;20;18;12;19;19;23;24;19;21;19;16;17;27;23;28;18;19;26;23;31;22;21;25;29;26;23;25;15;21;30;13;13;18;16;23;19;24;16;12;12;14;17;22;27;25;14;28;16;22;17;18;19;14;13;7;7;8;10;5;6;5;5;0;0;2;0;1;0;0
088005;Ispica;77;79;63;70;64;68;78;59;65;82;76;71;85;66;75;78;76;91;81;79;86;87;96;104;105;91;97;92;96;103;94;82;104;100;111;97;106;101;94;115;111;94;109;131;119;122;103;135;135;121;82;106;104;111;125;134;106;112;88;97;81;90;90;98;81;76;115;102;103;104;76;78;65;68;89;93;90;69;49;65;56;50;39;40;48;47;32;36;28;18;19;19;6;10;4;10;4;2;1;1;2
088006;Modica;225;223;239;261;277;285;273;288;274;272;264;298;290;268;298;307;299;294;301;271;329;309;349;287;301;337;353;382;352;364;345;305;368;363;359;347;351;376;383;395;417;444;370;397;390;392;425;437;398;394;411;415;390;455;382;403;320;383;304;362;319;331;322;331;336;305;338;346;320;300;227;252;242;240;243;282;286;245;207;231;203;168;173;205;201;170;165;126;114;121;110;81;51;60;45;19;12;10;7;5;6
088007;Monterosso Almo;10;7;9;9;12;4;11;14;17;10;9;10;17;20;16;20;19;11;6;20;18;11;16;17;17;23;10;18;15;17;10;16;14;8;13;16;14;21;24;25;22;22;25;19;17;17;14;25;26;30;22;22;25;23;20;26;26;19;19;14;26;19;17;27;23;14;13;21;23;20;19;14;18;16;9;21;15;20;22;18;20;21;12;13;6;8;4;15;8;17;6;8;5;2;6;0;2;0;1;0;0
088008;Pozzallo;83;111;83;97;95;85;106;93;82;94;83;92;108;86;86;98;108;110;119;80;98;103;117;113;113;116;131;134;134;140;124;155;147;151;150;130;129;102;136;143;149;132;154;138;150;142;118;161;142;140;148;136;141;153;136;128;127;134;127;124;135;149;142;121;99;126;132;121;110;102;92;82;62;83;82;93;87;77;66;59;57;59;51;48;50;49;33;28;22;32;12;18;13;14;9;4;7;0;2;2;7
088009;Ragusa;284;289;304;298;313;317;324;329;350;342;287;299;348;334;349;317;300;318;318;350;337;365;378;385;410;393;352;410;392;407;379;426;426;436;446;465;475;512;489;582;568;579;585;555;549;562;545;563;576;552;543;556;572;524;588;544;552;520;484;514;459;518;470;419;411;417;465;543;556;439;355;354;343;322;372;406;450;399;376;349;337;313;299;297;273;247;249;190;162;154;140;109;90;69;47;31;17;10;1;3;14
088010;Santa Croce Camerina;47;46;41;54;55;45;60;55;41;50;42;48;47;57;52;36;42;53;52;70;57;58;51;52;67;74;60;85;71;62;63;66;64;69;75;78;67;74;53;61;76;98;85;68;83;82;68;82;68;71;73;61;69;62;78;85;64;61;48;68;52;63;54;62;54;41;60;53;74;45;45;49;39;32;36;43;40;52;38;37;46;39;40;29;30;28;23;21;13;14;5;13;7;3;2;0;1;2;0;0;0
088011;Scicli;123;105;115;139;112;110;117;151;121;136;160;144;118;140;134;132;143;113;145;146;154;137;150;153;176;144;145;147;158;135;151;159;155;153;154;158;151;183;195;174;190;193;177;191;218;223;213;222;226;192;190;178;184;183;168;179;171;150;183;174;162;149;147;163;146;157;141;178;163;157;157;117;121;131;125;154;150;148;121;115;111;101;113;100;97;89;72;74;57;43;48;30;28;17;23;17;7;2;3;2;2
088012;Vittoria;294;305;308;345;297;339;354;373;322;322;342;359;338;355;321;342;368;353;371;376;378;326;430;413;427;409;391;423;414;412;448;431;411;455;417;452;437;426;431;478;422;503;448;438;487;407;449;440;479;506;452;419;454;406;408;445;419;364;354;371;343;375;299;311;317;345;351;327;352;298;230;224;240;238;273;285;274;239;186;232;219;205;178;170;167;156;122;124;84;71;70;56;67;35;27;23;14;6;3;7;4
;Totale;1363;1385;1378;1474;1454;1490;1609;1582;1484;1526;1493;1562;1586;1586;1625;1573;1616;1587;1693;1678;1773;1683;1885;1856;1923;1940;1853;1978;2005;1988;1923;1974;2019;2072;2059;2096;2044;2187;2160;2336;2327;2452;2332;2280;2417;2343;2350;2480;2434;2401;2303;2266;2310;2287;2254;2304;2164;2045;1949;2028;1894;2020;1829;1784;1759;1749;1919;2004;2018;1734;1394;1380;1339;1367;1443;1642;1632;1487;1282;1340;1247;1152;1083;1075;1051;955;832;731;589;566;478;394;318;261;184;116;74;35;23;22;47

"Ricostruzione della popolazione intercensuaria - Popolazione al 1° gennaio per età"
"Tutte le cittadinanze - Anno: 2017 - Provincia: Ragusa"
Territorio/Età;;0;1;2;3;4;5;6;7;8;9;10;11;12;13;14;15;16;17;18;19;20;21;22;23;24;25;26;27;28;29;30;31;32;33;34;35;36;37;38;39;40;41;42;43;44;45;46;47;48;49;50;51;52;53;54;55;56;57;58;59;60;61;62;63;64;65;66;67;68;69;70;71;72;73;74;75;76;77;78;79;80;81;82;83;84;85;86;87;88;89;90;91;92;93;94;95;96;97;98;99;100
Codice comune;Comune;Totale
088001;Acate;124;110;134;122;96;113;117;114;119;98;127;122;110;118;114;122;115;118;112;152;129;161;150;129;183;148;188;184;160;197;187;178;189;184;212;191;205;194;187;163;167;164;176;178;156;170;181;173;159;163;151;146;136;126;137;126;125;110;117;83;95;98;95;88;93;91;77;90;96;102;74;67;52;70;73;65;66;75;57;37;57;59;45;34;26;41;33;27;31;19;17;13;9;6;7;3;3;2;1;0;2
088002;Chiaramonte Gulfi;48;70;60;48;57;74;54;77;49;64;70;67;57;91;64;70;75;86;94;93;100;95;112;98;118;100;91;92;112;103;129;107;106;88;125;101;105;88;95;109;108;103;104;96;108;128;129;138;139;127;116;119;123;142;124;123;128;129;130;109;100;117;116;95;84;103;105;112;68;90;66;65;61;63;64;61;86;69;79;77;74;52;60;61;47;57;47;45;39;23;33;30;16;10;12;9;0;1;1;1;3
088003;Comiso;260;276;269;266;265;281;309;300;279;279;275;294;333;330;332;339;326;338;363;394;368;390;346;405;390;349;428;385;379;411;420;385;389;399;375;444;400;366;465;415;460;466;460;475;426;446;425;470;469;469;492;468;438;435;449;435;422;433;344;405;351;350;360;340;283;297;310;348;348;343;317;219;251;247;241;226;276;250;253;211;219;198;178;157;146;143;156;113;96;84;68;36;41;38;34;14;9;6;1;2;6
088004;Giarratana;18;15;18;14;22;20;17;31;29;20;29;18;30;16;25;32;25;35;30;33;26;38;36;29;29;36;30;26;26;44;38;31;30;33;40;23;45;35;41;48;30;38;40;31;34;36;42;49;48;43;48;47;52;38;46;43;59;45;39;41;41;37;52;41;26;30;31;36;37;43;35;27;31;19;30;36;39;43;31;40;35;35;26;29;29;21;19;16;15;11;18;9;10;5;7;1;0;2;0;1;0
088005;Ispica;134;148;153;114;142;131;150;145;134;134;165;179;161;171;160;164;170;169;189;192;186;187;195;203;221;219;213;218;202;193;219;205;198;219;227;236;215;233;213;206;246;236;212;229;250;242;245;246;264;258;255;195;234;215;224;237;228;197;200;198;192;186;191;191;171;174;178;208;189;189;185;146;149;122;122;150;156;155;128;103;113;103;87;73;68;67;64;52;48;42;28;26;23;7;12;3;9;3;2;1;1
088006;Modica;476;442;429;488;509;532;562;575;571;574;571;571;593;561;549;589;631;621;587;615;568;641;614;684;620;611;702;667;725;683;723;671;676;703;728;718;692;688;729;737;800;837;856;757;807;785;795;822;796;758;752;832;785;768;818;722;770;661;699;600;713;627;642;579;615;615;540;642;613;611;523;450;435;425;424;473;513;496;427;355;385;349;305;314;296;290;267;243;182;174;153;130;93;77;61;48;26;12;11;5;13
088007;Monterosso Almo;14;18;20;15;18;19;14;21;25;30;28;19;25;31;37;29;35;40;25;27;43;33;25;31;35;28;41;25;37;30;36;24;35;26;31;22;33;29;41;43;42;42;41;48;39;32;45;38;57;52;56;46;50;51;45;35;49;45;38;40;33;47;39;32;42;38;29;38;45;43;32;34;29;28;24;15;38;34;38;35;26;33;35;21;24;17;10;8;23;12;16;7;9;8;1;9;0;2;0;0;0
088008;Pozzallo;187;172;199;174;195;194;185;208;212;186;212;179;177;236;176;196;203;224;228;223;189;205;207;241;247;242;242;236;285;260;283;247;274;272;295;285;266;279;257;253;300;300;278;295;272;301;280;258;288;275;259;276;275;247;262;252;245;249;253;247;240;243;252;244;221;191;237;242;254;234;194;199;157;129;160;159;184;160;135;122;90;98;95;89;77;62;65;52;41;30;40;16;21;9;13;11;4;5;0;2;6
088009;Ragusa;535;578;583;614;586;662;664;660;661;682;677;656;623;680;681;707;712;660;686;705;750;729;774;791;818;854;805;768;829;850;821;800;825;889;908;889;976;946;1008;1016;1086;1095;1185;1155;1089;1080;1088;1094;1076;1104;1088;1069;1106;1072;1048;1100;1023;1037;978;947;951;862;969;844;794;773;835;867;946;996;792;670;626;625;561;629;720;732;682;622;583;581;530;456;438;404;358;343;284;211;190;182;131;96;72;49;31;22;9;2;15
088010;Santa Croce Camerina;114;91;90;86;98;116;96;112;107;87;103;88;106;99;111;105;93;105;113;99;131;126;155;125;140;144;153;143;170;154;157;166;161;154;167;169;170;168;159;163;154;171;176;189;156;172;192;147;193;159;160;160;150;144;145;150;165;128;106;108;127;108;131;100;109;102;90;127;103;126;94;76;97;75;70;72;88;74;84;62;75;61;71;56;42;34;44;27;31;19;20;10;18;4;3;0;3;1;1;1;0
088011;Scicli;268;229;241;229;282;255;242;249;310;245;283;269;290;256;278;245;279;288;262;290;293;297;296;314;336;362;305;313;322;335;315;305;324;332;341;344;347;318;361;364;386;390;420;397;406;390;399;442;432;441;410;402;373;355;368;368;331;333;296;325;319;315;297;290;300;287;300;291;326;310;312;271;225;213;250;231;279;264;237;210;202;189;172;199;167;153;132;103;100;88;57;58;28;37;19;31;17;10;3;4;5
088012;Vittoria;594;634;633;660;688;662;654;710;710;679;687;711;681;691;731;712;738;757;793;828;784;766;785;887;858;813;883;843;908;857;837;896;877;840;903;887;891;902;901;945;968;938;1001;938;919;987;870;950;875;933;973;942;849;894;832;838;839;820;705;684;692;719;691;618;585;606;625;655;614;646;563;452;428;472;444;454;502;477;420;332;404;361;343;276;264;252;241;185;179;127;109;103;64;70;43;32;21;14;5;6;11
;Totale;2772;2783;2829;2830;2958;3059;3064;3202;3206;3078;3227;3173;3186;3280;3258;3310;3402;3441;3482;3651;3567;3668;3695;3937;3995;3906;4081;3900;4155;4117;4165;4015;4084;4139;4352;4309;4345;4246;4457;4462;4747;4780;4949;4788;4662;4769;4691;4827;4796;4782;4760;4702;4571;4487;4498;4429;4384;4187;3905;3787;3854;3709;3835;3462;3323;3307;3357;3656;3639;3733;3187;2676;2541;2488;2463;2571;2947;2829;2571;2206;2263;2119;1947;1765;1624;1541;1436;1214;1069;840;749;620;463;367;284;210;123;80;34;25;62
Territorio/Età;;0;1;2;3;4;5;6;7;8;9;10;11;12;13;14;15;16;17;18;19;20;21;22;23;24;25;26;27;28;29;30;31;32;33;34;35;36;37;38;39;40;41;42;43;44;45;46;47;48;49;50;51;52;53;54;55;56;57;58;59;60;61;62;63;64;65;66;67;68;69;70;71;72;73;74;75;76;77;78;79;80;81;82;83;84;85;86;87;88;89;90;91;92;93;94;95;96;97;98;99;100
Codice comune;Comune;Maschi
088001;Acate;73;62;74;69;56;57;57;55;64;59;71;69;65;67;58;63;58;66;60;78;65;89;72;66;100;75;103;88;102;100;122;107;127;106;127;122;112;111;104;100;100;97;103;99;97;93;100;97;79;94;87;82;78;70;74;81;70;51;68;38;47;48;40;45;54;39;32;38;49;52;39;27;28;36;37;31;34;38;28;16;20;25;20;17;12;14;19;6;16;7;7;6;2;0;3;0;1;0;0;0;0
088002;Chiaramonte Gulfi;23;32;31;21;34;47;27;34;29;31;36;38;28;63;31;26;45;43;50;54;65;48;71;52;59;53;46;48;64;52;68;54;56;39;65;57;55;47;49;54;65;55;48;49;61;62;63;62;66;65;63;53;66;78;62;59;68;60;71;45;45;70;67;51;40;48;56;58;32;41;26;43;25;26;27;26;37;33;39;40;30;23;25;18;16;21;21;20;14;9;12;11;5;3;6;3;0;1;0;0;1
088003;Comiso;129;153;142;141;143;148;169;131;153;153;158;156;177;179;174;171;174;186;227;224;199;210;196;219;211;168;228;218;219;209;220;218;180;224;199;235;218;198;226;208;232;234;223;230;204;220;204;232;230;244;245;245;217;204;226;222;204;209;172;200;167;154;171;152;131;133;154;172;143;152;140;102;115;123;101;103;122;119;104;85;94;93;67;63;47;56;60;45;38;28;27;11;13;13;7;5;3;3;0;0;1
088004;Giarratana;9;8;11;7;8;10;8;13;19;8;21;10;16;10;15;16;20;18;16;18;12;17;18;13;15;20;12;18;13;26;21;15;14;13;23;13;26;15;18;23;11;18;21;15;17;9;21;24;29;24;21;24;21;15;25;18;30;20;16;16;26;16;23;28;14;12;15;13;17;21;19;15;20;6;14;14;14;19;17;15;20;13;10;11;11;7;8;10;8;4;9;3;3;0;2;1;0;0;0;0;0
088005;Ispica;79;69;72;51;73;66;84;67;74;69;80;105;87;83;94;89;91;92;101;111;108;98;109;107;120;117;122;122;113;96;114;116;114;113;126;122;117;130;114;108;128;122;117;121;118;122;125;144;130;123;135;112;129;108;113;111;95;92;89;111;94;104;100;101;76;92;102;93;86;88;81;69;71;58;54;62;65;66;59;53;51;46;40;38;29;22;20;23;16;14;12;8;8;1;4;0;0;0;1;0;0
088006;Modica;250;213;204;251;254;254;273;301;284;302;300;304;292;270;279;293;325;322;296;313;299;315;301;339;331;318;366;322;356;335;368;329;373;334;366;357;346;336;355;355;401;420;412;386;410;393;402;398;360;365;356;423;372;379;364;343;374;341;319;298;352;306;310;261;286;280;244;309;270;293;226;225;187;188;184;234;235;212;188;154;162;148;144;147;102;100;112;90;70;72;50;39;22;30;13;11;10;4;3;1;5
088007;Monterosso Almo;8;8;14;6;9;8;9;10;11;12;18;11;15;14;17;13;15;21;14;21;23;15;15;15;18;12;16;15;18;18;19;14;20;12;22;10;18;16;20;20;17;20;19;24;21;17;29;24;31;26;24;24;28;25;22;14;22;19;19;21;19;21;20;14;15;15;15;25;24;20;12;15;15;10;8;6;17;19;18;14;10;14;15;11;11;10;2;4;8;4;4;3;3;4;1;4;0;0;0;0;0
088008;Pozzallo;88;90;94;93;96;101;104;101;122;105;119;93;85;126;92;108;104;119;119;106;106;108;104;123;132;129;130;104;150;130;147;127;120;127;145;143;137;146;150;117;158;152;148;145;137;151;139;141;125;134;122;128;141;110;111;116;116;123;116;121;116;108;107;104;102;95;112;111;135;126;91;109;77;67;79;81;95;76;64;55;32;43;41;41;30;19;22;21;16;12;15;5;4;1;2;2;1;0;0;0;1
088009;Ragusa;269;295;293;309;286;343;343;339;330;327;333;368;322;328;349;352;393;355;369;384;390;391;408;420;424;440;406;414;420;452;422;412;408;463;465;445;496;475;491;527;502;526;601;579;539;523;530;551;510;527;542;527;550;505;528;512;480;487;461;462;434;407;452;374;377;367;419;409;404;452;357;320;280;285;247;267;318;296;299;259;248;257;228;181;161;155;129;113;116;75;63;58;43;29;11;11;10;8;3;1;3
088010;Santa Croce Camerina;65;45;46;44;46;65;52;52;56;45;53;48;56;55;54;57;57;66;58;52;64;71;93;73;85;78;78;86;84;80;95;102;94;86;94;96;94;99;87;111;93;99;80;104;88;88;108;81;115;89;89;86;87;76;83;72;83;67;46;59;62;58;67;48;49;47;49;67;51;52;49;35;48;37;39;37;44;36;34;23;38;22;33;19;15;8;18;10;13;6;8;5;5;0;2;0;2;0;0;1;0
088011;Scicli;136;104;133;113;138;141;131;133;156;120;149;110;146;143;140;113;147;146;146;147;151;143;159;164;184;184;159;165;171;170;175;156;167;173;189;187;191;166;180;169;212;198;223;215;216;172;177;228;211;211;216;210;195;171;187;197;152;164;142;144;145;151;149;142;138;143;141;147;148;149;157;111;108;94;121;105;129;115;94;92;88;81;77;89;66;61;52;42;32;35;22;20;8;14;5;12;3;6;1;1;1
088012;Vittoria;313;331;329;351;341;362;318;363;345;359;365;367;325;348;376;391;395;391;433;452;406;378;455;459;453;386;474;441;486;434;423;451;436;435;450;461;443;462;479;521;495;506;506;490;480;501;464;500;439;452;467;493;433;446;434;437;400;406;345;334;324;379;314;325;278;294;284;307;292;298;270;225;209;232;213;189;222;204;187;153;175;149;143;106;105;102;104;76;70;54;47;36;23;16;13;13;6;2;1;4;1
;Totale;1442;1410;1443;1456;1484;1602;1575;1599;1643;1590;1703;1679;1614;1686;1679;1692;1824;1825;1889;1960;1888;1883;2001;2050;2132;1980;2140;2041;2196;2102;2194;2101;2109;2125;2271;2248;2253;2201;2273;2313;2414;2447;2501;2457;2388;2351;2362;2482;2325;2354;2367;2407;2317;2187;2229;2182;2094;2039;1864;1849;1831;1822;1820;1645;1560;1565;1623;1749;1651;1744;1467;1296;1183;1162;1124;1155;1332;1233;1131;959;968;914;843;741;605;575;567;460;417;320;276;205;139;111;69;62;36;24;9;8;13
Territorio/Età;;0;1;2;3;4;5;6;7;8;9;10;11;12;13;14;15;16;17;18;19;20;21;22;23;24;25;26;27;28;29;30;31;32;33;34;35;36;37;38;39;40;41;42;43;44;45;46;47;48;49;50;51;52;53;54;55;56;57;58;59;60;61;62;63;64;65;66;67;68;69;70;71;72;73;74;75;76;77;78;79;80;81;82;83;84;85;86;87;88;89;90;91;92;93;94;95;96;97;98;99;100
Codice comune;Comune;Femmine
088001;Acate;51;48;60;53;40;56;60;59;55;39;56;53;45;51;56;59;57;52;52;74;64;72;78;63;83;73;85;96;58;97;65;71;62;78;85;69;93;83;83;63;67;67;73;79;59;77;81;76;80;69;64;64;58;56;63;45;55;59;49;45;48;50;55;43;39;52;45;52;47;50;35;40;24;34;36;34;32;37;29;21;37;34;25;17;14;27;14;21;15;12;10;7;7;6;4;3;2;2;1;0;2
088002;Chiaramonte Gulfi;25;38;29;27;23;27;27;43;20;33;34;29;29;28;33;44;30;43;44;39;35;47;41;46;59;47;45;44;48;51;61;53;50;49;60;44;50;41;46;55;43;48;56;47;47;66;66;76;73;62;53;66;57;64;62;64;60;69;59;64;55;47;49;44;44;55;49;54;36;49;40;22;36;37;37;35;49;36;40;37;44;29;35;43;31;36;26;25;25;14;21;19;11;7;6;6;0;0;1;1;2
088003;Comiso;131;123;127;125;122;133;140;169;126;126;117;138;156;151;158;168;152;152;136;170;169;180;150;186;179;181;200;167;160;202;200;167;209;175;176;209;182;168;239;207;228;232;237;245;222;226;221;238;239;225;247;223;221;231;223;213;218;224;172;205;184;196;189;188;152;164;156;176;205;191;177;117;136;124;140;123;154;131;149;126;125;105;111;94;99;87;96;68;58;56;41;25;28;25;27;9;6;3;1;2;5
088004;Giarratana;9;7;7;7;14;10;9;18;10;12;8;8;14;6;10;16;5;17;14;15;14;21;18;16;14;16;18;8;13;18;17;16;16;20;17;10;19;20;23;25;19;20;19;16;17;27;21;25;19;19;27;23;31;23;21;25;29;25;23;25;15;21;29;13;12;18;16;23;20;22;16;12;11;13;16;22;25;24;14;25;15;22;16;18;18;14;11;6;7;7;9;6;7;5;5;0;0;2;0;1;0
088005;Ispica;55;79;81;63;69;65;66;78;60;65;85;74;74;88;66;75;79;77;88;81;78;89;86;96;101;102;91;96;89;97;105;89;84;106;101;114;98;103;99;98;118;114;95;108;132;120;120;102;134;135;120;83;105;107;111;126;133;105;111;87;98;82;91;90;95;82;76;115;103;101;104;77;78;64;68;88;91;89;69;50;62;57;47;35;39;45;44;29;32;28;16;18;15;6;8;3;9;3;1;1;1
088006;Modica;226;229;225;237;255;278;289;274;287;272;271;267;301;291;270;296;306;299;291;302;269;326;313;345;289;293;336;345;369;348;355;342;303;369;362;361;346;352;374;382;399;417;444;371;397;392;393;424;436;393;396;409;413;389;454;379;396;320;380;302;361;321;332;318;329;335;296;333;343;318;297;225;248;237;240;239;278;284;239;201;223;201;161;167;194;190;155;153;112;102;103;91;71;47;48;37;16;8;8;4;8
088007;Monterosso Almo;6;10;6;9;9;11;5;11;14;18;10;8;10;17;20;16;20;19;11;6;20;18;10;16;17;16;25;10;19;12;17;10;15;14;9;12;15;13;21;23;25;22;22;24;18;15;16;14;26;26;32;22;22;26;23;21;27;26;19;19;14;26;19;18;27;23;14;13;21;23;20;19;14;18;16;9;21;15;20;21;16;19;20;10;13;7;8;4;15;8;12;4;6;4;0;5;0;2;0;0;0
088008;Pozzallo;99;82;105;81;99;93;81;107;90;81;93;86;92;110;84;88;99;105;109;117;83;97;103;118;115;113;112;132;135;130;136;120;154;145;150;142;129;133;107;136;142;148;130;150;135;150;141;117;163;141;137;148;134;137;151;136;129;126;137;126;124;135;145;140;119;96;125;131;119;108;103;90;80;62;81;78;89;84;71;67;58;55;54;48;47;43;43;31;25;18;25;11;17;8;11;9;3;5;0;2;5
088009;Ragusa;266;283;290;305;300;319;321;321;331;355;344;288;301;352;332;355;319;305;317;321;360;338;366;371;394;414;399;354;409;398;399;388;417;426;443;444;480;471;517;489;584;569;584;576;550;557;558;543;566;577;546;542;556;567;520;588;543;550;517;485;517;455;517;470;417;406;416;458;542;544;435;350;346;340;314;362;402;436;383;363;335;324;302;275;277;249;229;230;168;136;127;124;88;67;61;38;21;14;6;1;12
088010;Santa Croce Camerina;49;46;44;42;52;51;44;60;51;42;50;40;50;44;57;48;36;39;55;47;67;55;62;52;55;66;75;57;86;74;62;64;67;68;73;73;76;69;72;52;61;72;96;85;68;84;84;66;78;70;71;74;63;68;62;78;82;61;60;49;65;50;64;52;60;55;41;60;52;74;45;41;49;38;31;35;44;38;50;39;37;39;38;37;27;26;26;17;18;13;12;5;13;4;1;0;1;1;1;0;0
088011;Scicli;132;125;108;116;144;114;111;116;154;125;134;159;144;113;138;132;132;142;116;143;142;154;137;150;152;178;146;148;151;165;140;149;157;159;152;157;156;152;181;195;174;192;197;182;190;218;222;214;221;230;194;192;178;184;181;171;179;169;154;181;174;164;148;148;162;144;159;144;178;161;155;160;117;119;129;126;150;149;143;118;114;108;95;110;101;92;80;61;68;53;35;38;20;23;14;19;14;4;2;3;4
088012;Vittoria;281;303;304;309;347;300;336;347;365;320;322;344;356;343;355;321;343;366;360;376;378;388;330;428;405;427;409;402;422;423;414;445;441;405;453;426;448;440;422;424;473;432;495;448;439;486;406;450;436;481;506;449;416;448;398;401;439;414;360;350;368;340;377;293;307;312;341;348;322;348;293;227;219;240;231;265;280;273;233;179;229;212;200;170;159;150;137;109;109;73;62;67;41;54;30;19;15;12;4;2;10
;Totale;1330;1373;1386;1374;1474;1457;1489;1603;1563;1488;1524;1494;1572;1594;1579;1618;1578;1616;1593;1691;1679;1785;1694;1887;1863;1926;1941;1859;1959;2015;1971;1914;1975;2014;2081;2061;2092;2045;2184;2149;2333;2333;2448;2331;2274;2418;2329;2345;2471;2428;2393;2295;2254;2300;2269;2247;2290;2148;2041;1938;2023;1887;2015;1817;1763;1742;1734;1907;1988;1989;1720;1380;1358;1326;1339;1416;1615;1596;1440;1247;1295;1205;1104;1024;1019;966;869;754;652;520;473;415;324;256;215;148;87;56;25;17;49

"Ricostruzione della popolazione intercensuaria - Popolazione al 1° gennaio per età"
"Tutte le cittadinanze - Anno: 2018 - Provincia: Ragusa"
Territorio/Età;;0;1;2;3;4;5;6;7;8;9;10;11;12;13;14;15;16;17;18;19;20;21;22;23;24;25;26;27;28;29;30;31;32;33;34;35;36;37;38;39;40;41;42;43;44;45;46;47;48;49;50;51;52;53;54;55;56;57;58;59;60;61;62;63;64;65;66;67;68;69;70;71;72;73;74;75;76;77;78;79;80;81;82;83;84;85;86;87;88;89;90;91;92;93;94;95;96;97;98;99;100
Codice comune;Comune;Totale
088001;Acate;124;122;110;128;118;96;110;113;114;118;98;126;125;105;114;118;122;116;127;120;157;137;159;149;133;187;153;190;187;165;196;188;186;191;179;202;185;204;197;182;170;167;164;170;177;151;173;183;173;158;164;153;146;131;126;131;123;126;108;117;83;91;98;94;85;93;87;76;89;93;99;75;67;51;65;68;63;64;73;57;33;52;53;44;32;23;34;30;18;28;14;14;13;6;5;6;3;1;2;1;1
088002;Chiaramonte Gulfi;56;43;71;57;50;55;77;54;72;49;68;69;64;58;86;60;70;75;93;101;85;103;101;106;104;118;102;96;90;106;106;122;105;102;81;126;101;108;87;91;109;108;105;104;95;104;127;123;136;137;125;113;119;121;140;122;120;126;129;131;108;100;114;115;92;84;100;104;111;67;88;64;65;60;62;62;60;82;71;74;73;71;49;55;54;42;48;40;38;36;15;25;26;15;8;11;4;0;1;1;3
088003;Comiso;248;268;274;268;260;270;283;310;302;277;284;282;295;328;330;331;342;334;368;341;353;343;366;332;382;369;346;400;373;368;397;406;380;381;399;372;440;398;361;455;411;460;465;467;472;432;440;419;465;462;465;497;467;440;438;447;430;429;426;341;402;355;350;357;332;275;296;306;346;340;336;306;215;240;241;234;220;267;241;246;201;204;185;165;142;137;125;140;99;76;73;56;25;29;32;27;9;3;5;1;2
088004;Giarratana;15;17;17;19;13;21;21;16;30;30;19;28;18;29;16;25;32;25;36;30;33;26;37;37;29;31;37;27;27;24;40;40;30;30;32;41;21;45;32;41;44;30;36;37;30;33;36;42;48;46;44;47;46;52;38;46;42;58;43;40;42;41;38;51;41;26;30;31;36;35;42;34;27;30;17;29;35;35;42;32;40;34;33;24;26;28;20;19;11;14;7;17;8;7;5;6;1;0;2;0;1
088005;Ispica;128;142;148;149;118;150;132;154;147;134;136;167;176;159;176;163;166;167;185;190;190;186;183;195;205;217;218;211;221;197;191;216;208;199;211;225;239;216;229;217;210;243;239;214;229;249;245;245;247;264;263;258;193;232;218;223;237;227;204;202;195;189;188;193;190;175;169;175;203;187;190;183;143;149;123;122;146;148;149;123;98;109;95;79;71;58;60;54;44;42;35;22;21;20;9;9;2;7;2;1;1
088006;Modica;432;484;446;442;492;505;536;563;578;577;574;571;569;594;562;549;597;629;624;590;620;571;644;603;678;617;609;693;669;728;681;720;659;673;691;727;706;697;685;723;738;802;835;862;756;813;791;792;816;789;762;753;828;780;773;812;728;774;658;693;599;712;619;638;572;609;611;533;638;610;611;520;446;423;423;414;459;499;481;419;335;372;333;296;291;277;263;230;208;161;150;123;113;76;60;53;36;23;6;8;10
088007;Monterosso Almo;20;16;17;20;15;18;18;14;21;24;30;27;21;25;31;37;29;35;39;25;28;39;33;25;30;34;29;41;25;37;31;36;26;32;26;33;24;33;32;41;40;40;41;40;46;37;32;45;38;57;49;54;44;49;50;44;34;49;44;38;40;34;46;38;32;40;37;29;38;44;44;32;34;27;26;24;15;36;34;38;34;24;33;33;19;20;14;8;6;20;10;13;4;5;4;0;6;0;2;0;0
088008;Pozzallo;205;184;173;197;169;192;196;187;204;206;185;214;170;180;237;171;195;205;224;233;226;193;203;205;239;241;235;246;235;276;263;283;242;272;264;286;288;264;276;256;251;304;289;276;295;272;296;279;256;284;275;261;272;274;243;261;252;240;247;248;243;236;243;252;244;223;190;233;245;251;232;187;197;155;125;156;157;178;157;132;117;88;92;88;81;71;57;60;43;35;25;33;12;11;9;11;10;3;3;0;6
088009;Ragusa;582;535;583;589;610;587;657;659;662;656;687;679;657;628;677;679;701;722;690;700;710;749;750;778;802;821;848;808;766;825;841;814;803;834;890;914;897;966;949;1018;1017;1083;1096;1180;1155;1098;1075;1079;1093;1074;1112;1088;1057;1099;1069;1048;1090;1021;1038;977;944;944;849;959;835;786;770;827;852;932;980;780;655;611;597;545;607;698;712;664;582;566;542;502;419;410;370;321;306;232;186;160;151;101;74;50;39;23;13;7;10
088010;Santa Croce Camerina;111;114;87;90;88;95;106;96;112;106;83;102;86;102;98;108;108;93;106;116;107;132;129;158;119;140;145;152;144;170;153;167;164;164;162;166;163;179;164;160;165;164;168;171;191;159;176;188;146;195;159;159;159;147;145;149;147;164;130;105;109;127;109;128;102;105;100;86;126;101;120;90;74;93;77;66;72;89;72;77;58;70;56;69;49;39;29;41;26;23;16;19;7;13;4;3;0;2;1;1;1
088011;Scicli;257;267;235;237;232;275;255;242;248;307;247;281;269;288;260;279;243;276;294;260;292;293;296;290;314;331;354;296;310;317;335;316;304;316;329;341;336;337;324;361;364;387;394;416;398;401;389;404;446;430;438;411;403;371;355;367;363;334;333;297;324;316;312;295;289;302;289;297;289;321;302;305;268;221;206;238;225;269;251;225;200;189;177;158;188;157;138;116;84;85;75;47;46;22;30;18;22;10;6;3;6
088012;Vittoria;668;589;641;638;665;691;659;650;701;713;673;680;711;674;699;728;710;745;770;803;845;795;777;789;872;861;812;882;854;904;873;846;888;872;839;891;880;884;890;896;941;963;939;1004;934;911;979;866;956;883;933;973;941;850;886;826;831;816;810;697;679;687;714;691;619;584;599;614;651;597;643;561;447;421;462;434;433;495;452;387;320;381;336;321;265;233;225;208;157;154;105;90;77;55;51;27;23;15;13;5;13
;Totale;2846;2781;2802;2834;2830;2955;3050;3058;3191;3197;3084;3226;3161;3170;3286;3248;3315;3422;3556;3509;3646;3567;3678;3667;3907;3967;3888;4042;3901;4117;4107;4154;3995;4066;4103;4324;4280;4331;4226;4441;4460;4751;4771;4941;4778;4660;4759;4665;4820;4779;4789;4767;4675;4546;4481;4476;4397;4364;4170;3886;3768;3832;3680;3811;3433;3302;3278;3311;3624;3578;3687;3137;2638;2481;2424;2392;2492;2860;2735;2474;2091;2160;1984;1834;1637;1495;1383;1267;1040;906;711;619;503;360;291;221;155;87;56;28;54
Territorio/Età;;0;1;2;3;4;5;6;7;8;9;10;11;12;13;14;15;16;17;18;19;20;21;22;23;24;25;26;27;28;29;30;31;32;33;34;35;36;37;38;39;40;41;42;43;44;45;46;47;48;49;50;51;52;53;54;55;56;57;58;59;60;61;62;63;64;65;66;67;68;69;70;71;72;73;74;75;76;77;78;79;80;81;82;83;84;85;86;87;88;89;90;91;92;93;94;95;96;97;98;99;100
Codice comune;Comune;Maschi
088001;Acate;70;73;64;68;67;57;57;57;53;65;58;70;70;61;69;58;60;61;75;64;77;69;90;72;71;104;74;109;89;108;102;122;112;125;104;122;122;112;113;104;105;101;95;97;100;94;95;99;97;79;95;88;83;75;69;68;80;72;50;67;39;43;49;41;42;54;39;33;37;46;50;39;27;27;35;34;29;33;36;28;14;19;22;19;17;10;14;17;4;14;6;5;6;2;0;3;0;1;0;0;0
088002;Chiaramonte Gulfi;33;23;32;30;22;32;47;27;31;28;31;36;34;28;59;28;26;45;49;57;46;64;51;68;54;59;51;49;49;60;53;65;52;54;35;66;57;58;46;46;54;66;58;48;45;57;61;60;63;64;62;61;53;63;77;62;57;65;60;71;44;45;67;67;49;40;47;54;57;31;41;25;43;24;26;26;25;35;33;35;36;29;24;22;18;14;19;15;19;13;3;10;9;4;3;4;1;0;1;0;1
088003;Comiso;126;133;149;140;136;142;150;171;133;151;155;161;156;175;177;172;172;181;216;200;176;175;189;177;195;195;163;210;214;209;197;207;214;174;221;195;228;214;189;217;204;229;231;227;230;208;214;199;225;228;241;248;243;216;206;224;215;208;205;172;201;168;153;168;146;125;132;154;170;139;147;131;100;109;120;96;99;115;116;101;80;92;82;62;58;46;48;55;41;29;24;23;8;8;12;5;2;0;3;0;0
088004;Giarratana;9;9;9;11;7;7;10;8;12;20;7;20;10;15;10;15;16;20;18;16;18;13;17;18;13;17;20;11;19;13;25;21;16;14;13;23;13;26;13;18;20;12;17;20;14;17;9;21;23;27;25;21;24;22;15;25;18;29;19;17;17;26;17;22;28;14;12;15;13;16;20;19;15;19;6;13;13;13;19;17;14;19;11;10;8;10;6;8;7;7;1;9;2;2;0;2;1;0;0;0;0
088005;Ispica;71;84;70;71;55;78;68;83;68;74;68;80;102;88;88;98;92;88;102;102;109;106;96;108;109;119;116;123;124;109;99;108;116;111;110;126;126;118;128;115;109;128;123;119;123;117;124;126;144;129;122;137;109;129;111;115;111;94;95;88;109;92;105;103;101;78;90;99;92;86;87;81;68;70;56;53;58;61;62;57;49;48;41;32;36;22;19;17;19;15;13;10;6;6;1;4;0;0;0;0;0
088006;Modica;227;253;215;208;259;254;257;275;302;288;301;302;304;290;272;280;294;325;328;298;320;299;317;296;335;329;315;364;327;356;336;366;318;369;328;367;351;344;334;350;358;395;417;413;385;410;397;399;392;356;365;355;421;369;382;361;345;373;340;317;295;351;303;305;256;281;280;240;306;267;293;222;221;181;185;175;227;225;204;185;139;157;142;135;133;92;89;94;77;60;56;41;35;17;25;11;7;9;3;1;2
088007;Monterosso Almo;11;8;7;14;6;9;8;9;10;10;12;18;11;15;14;17;13;15;21;14;21;20;15;15;14;17;12;17;15;18;16;19;14;18;12;23;10;17;19;20;20;16;19;18;22;18;17;30;24;31;24;24;22;27;24;21;13;23;19;19;21;20;21;19;14;14;14;15;25;23;20;12;15;13;10;8;6;16;19;18;14;9;14;14;10;10;8;2;2;6;3;3;2;2;3;0;2;0;0;0;0
088008;Pozzallo;99;85;94;93;87;96;105;107;100;119;105;119;89;84;127;89;107;104;119;122;105;105;106;103;119;127;130;129;106;144;133;146;123;122;122;143;144;138;143;150;114;161;144;144;147;137;151;140;139;124;133;122;128;143;107;110;117;116;120;116;118;115;107;106;105;104;94;112;114;133;124;87;108;77;62;77;79;89;75;61;51;31;38;40;37;27;18;19;18;12;10;12;5;1;0;2;2;1;0;0;1
088009;Ragusa;278;271;290;299;308;289;339;338;338;328;336;332;365;327;328;349;350;398;379;383;391;391;397;412;425;425;434;412;413;415;450;417;409;405;460;469;446;494;474;496;522;501;527;596;577;546;520;531;547;510;526;538;520;544;503;527;512;481;486;459;463;434;399;445;372;371;367;413;402;398;447;351;312;276;270;239;256;312;288;290;242;238;236;211;160;151;141;112;100;89;65;52;47;28;22;8;9;6;4;2;3
088010;Santa Croce Camerina;65;63;47;47;49;44;58;52;55;57;43;53;46;53;56;51;59;56;69;59;56;64;73;95;66;82;81;79;84;90;74;106;100;97;90;91;90;100;97;87;109;99;98;78;106;89;88;106;84;118;91;89;88;85;75;84;74;82;69;46;60;60;57;66;49;46;43;47;67;50;48;45;34;45;38;35;38;45;35;33;21;33;19;31;17;13;6;15;10;10;4;8;3;5;0;1;0;1;0;0;1
088011;Scicli;123;133;107;134;116;136;141;133;134;152;122;147;111;145;146;140;112;146;152;144;148;154;139;155;163;182;182;155;162;167;167;174;159;163;172;193;182;185;171;177;171;211;196;220;217;212;174;183;230;210;209;218;212;193;172;187;196;155;166;143;143;146;148;148;142;141;142;139;147;145;143;154;107;105;90;114;100;124;111;85;87;81;75;73;80;62;55;47;34;25;27;18;16;7;10;3;10;1;2;0;2
088012;Vittoria;325;312;332;336;355;342;360;318;357;348;357;361;371;321;353;377;386;401;406;443;460;414;385;459;452;458;389;468;448;492;443;436;446;437;437;446;453;441;451;480;524;491;506;508;487;470;492;461;501;446;453;468;491;437;443;430;433;386;396;341;327;318;375;315;326;275;289;277;305;285;298;269;220;204;223;207;177;217;186;168;148;165;137;134;100;89;92;89;59;63;43;40;27;21;13;7;8;3;2;1;4
;Totale;1437;1447;1416;1451;1467;1486;1600;1578;1593;1640;1595;1699;1669;1602;1699;1674;1687;1840;1934;1902;1927;1874;1875;1978;2016;2114;1967;2126;2050;2181;2095;2187;2079;2089;2104;2264;2222;2247;2178;2260;2310;2410;2431;2488;2453;2375;2342;2355;2469;2322;2346;2369;2394;2303;2184;2214;2171;2084;2025;1856;1837;1818;1801;1805;1630;1543;1549;1598;1735;1619;1718;1435;1270;1150;1121;1077;1107;1285;1184;1078;895;921;841;783;674;546;515;490;390;343;255;231;166;103;89;50;42;22;15;4;14
Territorio/Età;;0;1;2;3;4;5;6;7;8;9;10;11;12;13;14;15;16;17;18;19;20;21;22;23;24;25;26;27;28;29;30;31;32;33;34;35;36;37;38;39;40;41;42;43;44;45;46;47;48;49;50;51;52;53;54;55;56;57;58;59;60;61;62;63;64;65;66;67;68;69;70;71;72;73;74;75;76;77;78;79;80;81;82;83;84;85;86;87;88;89;90;91;92;93;94;95;96;97;98;99;100
Codice comune;Comune;Femmine
088001;Acate;54;49;46;60;51;39;53;56;61;53;40;56;55;44;45;60;62;55;52;56;80;68;69;77;62;83;79;81;98;57;94;66;74;66;75;80;63;92;84;78;65;66;69;73;77;57;78;84;76;79;69;65;63;56;57;63;43;54;58;50;44;48;49;53;43;39;48;43;52;47;49;36;40;24;30;34;34;31;37;29;19;33;31;25;15;13;20;13;14;14;8;9;7;4;5;3;3;0;2;1;1
088002;Chiaramonte Gulfi;23;20;39;27;28;23;30;27;41;21;37;33;30;30;27;32;44;30;44;44;39;39;50;38;50;59;51;47;41;46;53;57;53;48;46;60;44;50;41;45;55;42;47;56;50;47;66;63;73;73;63;52;66;58;63;60;63;61;69;60;64;55;47;48;43;44;53;50;54;36;47;39;22;36;36;36;35;47;38;39;37;42;25;33;36;28;29;25;19;23;12;15;17;11;5;7;3;0;0;1;2
088003;Comiso;122;135;125;128;124;128;133;139;169;126;129;121;139;153;153;159;170;153;152;141;177;168;177;155;187;174;183;190;159;159;200;199;166;207;178;177;212;184;172;238;207;231;234;240;242;224;226;220;240;234;224;249;224;224;232;223;215;221;221;169;201;187;197;189;186;150;164;152;176;201;189;175;115;131;121;138;121;152;125;145;121;112;103;103;84;91;77;85;58;47;49;33;17;21;20;22;7;3;2;1;2
088004;Giarratana;6;8;8;8;6;14;11;8;18;10;12;8;8;14;6;10;16;5;18;14;15;13;20;19;16;14;17;16;8;11;15;19;14;16;19;18;8;19;19;23;24;18;19;17;16;16;27;21;25;19;19;26;22;30;23;21;24;29;24;23;25;15;21;29;13;12;18;16;23;19;22;15;12;11;11;16;22;22;23;15;26;15;22;14;18;18;14;11;4;7;6;8;6;5;5;4;0;0;2;0;1
088005;Ispica;57;58;78;78;63;72;64;71;79;60;68;87;74;71;88;65;74;79;83;88;81;80;87;87;96;98;102;88;97;88;92;108;92;88;101;99;113;98;101;102;101;115;116;95;106;132;121;119;103;135;141;121;84;103;107;108;126;133;109;114;86;97;83;90;89;97;79;76;111;101;103;102;75;79;67;69;88;87;87;66;49;61;54;47;35;36;41;37;25;27;22;12;15;14;8;5;2;7;2;1;1
088006;Modica;205;231;231;234;233;251;279;288;276;289;273;269;265;304;290;269;303;304;296;292;300;272;327;307;343;288;294;329;342;372;345;354;341;304;363;360;355;353;351;373;380;407;418;449;371;403;394;393;424;433;397;398;407;411;391;451;383;401;318;376;304;361;316;333;316;328;331;293;332;343;318;298;225;242;238;239;232;274;277;234;196;215;191;161;158;185;174;136;131;101;94;82;78;59;35;42;29;14;3;7;8
088007;Monterosso Almo;9;8;10;6;9;9;10;5;11;14;18;9;10;10;17;20;16;20;18;11;7;19;18;10;16;17;17;24;10;19;15;17;12;14;14;10;14;16;13;21;20;24;22;22;24;19;15;15;14;26;25;30;22;22;26;23;21;26;25;19;19;14;25;19;18;26;23;14;13;21;24;20;19;14;16;16;9;20;15;20;20;15;19;19;9;10;6;6;4;14;7;10;2;3;1;0;4;0;2;0;0
088008;Pozzallo;106;99;79;104;82;96;91;80;104;87;80;95;81;96;110;82;88;101;105;111;121;88;97;102;120;114;105;117;129;132;130;137;119;150;142;143;144;126;133;106;137;143;145;132;148;135;145;139;117;160;142;139;144;131;136;151;135;124;127;132;125;121;136;146;139;119;96;121;131;118;108;100;89;78;63;79;78;89;82;71;66;57;54;48;44;44;39;41;25;23;15;21;7;10;9;9;8;2;3;0;5
088009;Ragusa;304;264;293;290;302;298;318;321;324;328;351;347;292;301;349;330;351;324;311;317;319;358;353;366;377;396;414;396;353;410;391;397;394;429;430;445;451;472;475;522;495;582;569;584;578;552;555;548;546;564;586;550;537;555;566;521;578;540;552;518;481;510;450;514;463;415;403;414;450;534;533;429;343;335;327;306;351;386;424;374;340;328;306;291;259;259;229;209;206;143;121;108;104;73;52;42;30;17;9;5;7
088010;Santa Croce Camerina;46;51;40;43;39;51;48;44;57;49;40;49;40;49;42;57;49;37;37;57;51;68;56;63;53;58;64;73;60;80;79;61;64;67;72;75;73;79;67;73;56;65;70;93;85;70;88;82;62;77;68;70;71;62;70;65;73;82;61;59;49;67;52;62;53;59;57;39;59;51;72;45;40;48;39;31;34;44;37;44;37;37;37;38;32;26;23;26;16;13;12;11;4;8;4;2;0;1;1;1;0
088011;Scicli;134;134;128;103;116;139;114;109;114;155;125;134;158;143;114;139;131;130;142;116;144;139;157;135;151;149;172;141;148;150;168;142;145;153;157;148;154;152;153;184;193;176;198;196;181;189;215;221;216;220;229;193;191;178;183;180;167;179;167;154;181;170;164;147;147;161;147;158;142;176;159;151;161;116;116;124;125;145;140;140;113;108;102;85;108;95;83;69;50;60;48;29;30;15;20;15;12;9;4;3;4
088012;Vittoria;343;277;309;302;310;349;299;332;344;365;316;319;340;353;346;351;324;344;364;360;385;381;392;330;420;403;423;414;406;412;430;410;442;435;402;445;427;443;439;416;417;472;433;496;447;441;487;405;455;437;480;505;450;413;443;396;398;430;414;356;352;369;339;376;293;309;310;337;346;312;345;292;227;217;239;227;256;278;266;219;172;216;199;187;165;144;133;119;98;91;62;50;50;34;38;20;15;12;11;4;9
;Totale;1409;1334;1386;1383;1363;1469;1450;1480;1598;1557;1489;1527;1492;1568;1587;1574;1628;1582;1622;1607;1719;1693;1803;1689;1891;1853;1921;1916;1851;1936;2012;1967;1916;1977;1999;2060;2058;2084;2048;2181;2150;2341;2340;2453;2325;2285;2417;2310;2351;2457;2443;2398;2281;2243;2297;2262;2226;2280;2145;2030;1931;2014;1879;2006;1803;1759;1729;1713;1889;1959;1969;1702;1368;1331;1303;1315;1385;1575;1551;1396;1196;1239;1143;1051;963;949;868;777;650;563;456;388;337;257;202;171;113;65;41;24;40

"Ricostruzione della popolazione intercensuaria - Popolazione al 1° gennaio per età"
"Tutte le cittadinanze - Anno: 2019 - Provincia: Ragusa"
Territorio/Età;;0;1;2;3;4;5;6;7;8;9;10;11;12;13;14;15;16;17;18;19;20;21;22;23;24;25;26;27;28;29;30;31;32;33;34;35;36;37;38;39;40;41;42;43;44;45;46;47;48;49;50;51;52;53;54;55;56;57;58;59;60;61;62;63;64;65;66;67;68;69;70;71;72;73;74;75;76;77;78;79;80;81;82;83;84;85;86;87;88;89;90;91;92;93;94;95;96;97;98;99;100
Codice comune;Comune;Totale
088001;Acate;108;117;124;110;128;119;94;112;108;111;116;98;118;117;101;112;117;123;119;126;130;152;143;166;148;140;194;151;193;192;164;196;187;176;195;181;194;181;205;190;185;165;170;156;166;177;149;172;177;173;157;162;148;138;131;124;130;119;125;109;114;82;88;97;94;83;90;89;73;89;90;98;70;63;52;64;66;61;63;70;53;33;49;49;41;30;22;32;26;13;26;13;11;11;6;4;4;3;1;3;2
088002;Chiaramonte Gulfi;62;59;45;73;54;54;55;76;54;72;49;69;71;64;60;87;62;73;85;109;104;86;109;102;107;106;119;103;93;90;107;99;123;106;100;78;120;99;106;85;89;108;103;102;100;91;106;127;123;139;138;127;115;117;123;141;121;123;128;129;131;104;100;111;113;91;84;101;98;111;68;87;62;64;60;62;61;58;79;69;71;68;66;45;50;50;38;44;34;30;33;14;16;23;11;7;8;3;0;1;3
088003;Comiso;290;262;274;275;273;264;278;283;309;306;280;288;286;298;335;337;338;348;348;368;343;360;360;371;344;390;379;347;409;380;367;396;421;391;387;396;377;447;391;360;446;413;469;475;473;480;441;442;420;473;462;468;497;476;438;439;446;436;431;429;335;404;354;352;355;326;276;300;305;344;334;327;298;212;235;232;230;211;256;235;233;192;194;169;153;131;121;119;125;81;61;59;42;19;20;26;15;10;3;3;3
088004;Giarratana;21;16;18;15;19;13;21;21;16;30;29;19;27;18;27;16;26;32;24;38;30;34;23;37;35;29;30;35;27;28;22;37;37;32;31;33;41;21;42;31;42;43;29;36;37;29;33;36;42;48;46;48;47;45;51;37;45;41;58;43;39;40;41;39;51;41;26;30;30;36;34;42;34;27;28;15;29;31;35;41;29;39;29;30;23;25;26;17;16;10;12;6;15;7;3;1;6;1;0;2;1
088005;Ispica;138;134;136;143;150;115;150;136;152;145;136;128;161;171;163;176;161;169;182;199;191;191;188;186;191;208;218;226;207;221;201;201;209;208;200;206;220;243;214;228;212;212;239;248;217;230;250;247;244;245;263;263;256;191;235;215;227;234;231;201;202;194;193;191;193;190;175;166;174;201;185;189;183;143;143;118;121;141;149;144;118;91;100;83;74;61;54;54;40;40;34;27;17;15;12;8;7;4;3;2;0
088006;Modica;425;426;496;458;434;488;502;535;562;573;569;574;572;567;588;560;546;594;637;623;593;612;575;638;597;677;604;606;690;655;717;672;702;645;667;681;725;692;686;683;715;734;792;832;862;752;807;794;790;812;794;755;752;819;774;774;809;725;763;656;687;595;706;613;634;568;605;606;524;628;609;603;510;438;413;412;403;442;490;461;407;319;348;317;276;269;243;238;202;169;145;134;102;86;60;52;40;25;14;4;13
088007;Monterosso Almo;20;20;15;18;20;15;18;19;14;20;23;29;27;20;26;32;37;29;36;37;24;27;39;34;27;31;32;26;37;28;34;31;34;27;32;26;35;26;29;31;40;38;39;41;40;47;37;32;46;38;57;49;53;43;49;52;45;32;49;44;38;41;33;46;38;31;39;38;29;37;43;43;32;34;26;26;24;15;37;34;37;33;24;32;29;19;18;15;7;6;20;8;10;3;4;2;0;5;0;1;0
088008;Pozzallo;179;196;182;172;199;172;193;196;194;209;206;185;211;179;177;237;169;195;206;227;235;223;195;203;204;234;235;232;245;228;271;249;275;246;261;267;284;282;271;273;252;252;299;292;274;299;269;291;281;255;284;271;260;272;278;242;262;248;240;244;246;242;233;240;245;244;222;186;232;243;247;224;184;188;149;123;145;151;172;151;124;114;86;83;78;74;67;50;54;34;27;18;24;8;11;8;9;9;2;1;6
088009;Ragusa;509;566;545;591;587;614;581;660;657;665;656;678;681;665;631;682;681;702;727;689;702;714;741;751;766;792;797;806;799;745;817;835;805;794;842;896;915;883;968;943;1009;1013;1082;1088;1174;1148;1097;1073;1087;1094;1062;1106;1081;1057;1095;1069;1038;1082;1005;1027;962;953;942;847;951;825;776;758;826;836;921;960;763;648;588;577;534;590;685;697;628;549;530;501;468;391;379;330;290;256;200;152;126;123;80;60;36;33;16;6;16
088010;Santa Croce Camerina;80;108;114;85;88;89;95;110;99;111;105;84;107;88;104;98;112;109;100;114;118;111;132;139;160;125;150;146;144;145;167;150;161;159;161;158;163;160;178;160;156;161;165;171;167;187;161;172;184;150;198;161;159;154;146;145;151;149;160;131;103;106;126;105;127;100;104;104;85;128;102;118;87;77;88;77;64;72;87;72;71;57;65;52;59;46;36;26;38;20;21;15;18;8;11;3;2;0;2;1;1
088011;Scicli;234;251;266;236;233;240;275;258;242;255;307;245;281;275;288;260;278;247;279;299;265;297;293;301;296;318;334;359;292;313;315;337;309;300;324;321;333;337;341;321;363;367;392;395;412;395;402;389;405;450;430;439;408;407;366;348;366;361;332;330;295;326;317;306;293;284;298;289;294;285;317;296;303;262;217;201;228;219;259;239;217;194;180;162;150;165;145;128;102;73;74;60;44;36;17;21;13;17;6;2;6
088012;Vittoria;577;658;586;642;633;655;692;659;653;703;709;666;677;702;671;698;722;705;751;771;802;850;791;764;784;863;851;789;865;851;898;861;826;878;868;843;885;874;872;883;897;946;952;922;1000;924;902;970;855;946;885;925;965;930;846;871;820;822;813;802;694;673;684;702;680;606;578;590;605;637;587;628;552;435;416;453;415;411;474;431;368;313;346;313;294;243;207;202;179;134;125;89;69;61;44;30;20;17;10;9;12
;Totale;2643;2813;2801;2818;2818;2838;2954;3065;3060;3200;3185;3063;3219;3164;3171;3295;3249;3326;3494;3600;3537;3657;3589;3692;3659;3913;3943;3826;4001;3876;4080;4064;4089;3962;4068;4086;4292;4245;4303;4188;4406;4452;4731;4758;4922;4759;4654;4745;4654;4823;4776;4774;4741;4649;4532;4457;4460;4372;4335;4145;3846;3760;3817;3649;3774;3389;3273;3257;3275;3575;3537;3615;3078;2591;2415;2360;2320;2402;2786;2644;2356;2002;2017;1836;1695;1504;1356;1255;1113;866;778;595;494;400;279;222;160;127;57;35;63
Territorio/Età;;0;1;2;3;4;5;6;7;8;9;10;11;12;13;14;15;16;17;18;19;20;21;22;23;24;25;26;27;28;29;30;31;32;33;34;35;36;37;38;39;40;41;42;43;44;45;46;47;48;49;50;51;52;53;54;55;56;57;58;59;60;61;62;63;64;65;66;67;68;69;70;71;72;73;74;75;76;77;78;79;80;81;82;83;84;85;86;87;88;89;90;91;92;93;94;95;96;97;98;99;100
Codice comune;Comune;Maschi
088001;Acate;54;63;73;65;69;69;56;58;52;51;62;60;66;65;59;67;58;60;62;74;67;76;73;94;71;70;109;75;113;97;106;101;119;104;125;105;120;120;111;107;108;101;102;87;94;100;90;93;93;97;78;92;85;77;73;68;68;75;71;52;65;39;41;47;42;41;52;39;30;37;43;48;36;28;27;34;33;30;32;35;26;14;19;20;17;16;10;14;17;1;13;6;4;6;2;0;1;0;1;0;0
088002;Chiaramonte Gulfi;31;35;24;31;29;25;33;46;26;31;28;32;36;34;29;60;30;28;53;63;62;46;66;52;68;55;59;52;48;48;62;53;66;50;52;34;63;57;55;41;44;55;62;56;48;42;56;61;61;64;63;65;62;53;65;78;62;60;66;60;72;43;45;67;66;48;39;47;52;56;32;40;24;43;23;26;26;24;34;32;34;32;25;22;20;17;14;17;13;17;13;2;5;6;2;2;4;0;0;1;1
088003;Comiso;141;136;140;150;144;138;146;154;171;135;150;157;165;160;181;184;178;177;191;214;199;186;183;191;181;197;201;165;213;219;208;201;212;222;181;220;196;231;217;188;214;202;233;242;234;235;215;214;205;231;226;244;251;250;214;206;227;216;210;206;169;202;168;153;164;144;123;136;153;171;135;141;128;97;106;115;92;95;105;112;96;80;85;74;55;55;40;44;47;36;19;18;18;4;4;11;1;2;0;1;0
088004;Giarratana;9;10;9;8;11;7;6;10;7;12;20;7;19;10;15;10;16;16;19;20;16;18;12;17;17;13;16;20;11;19;14;24;18;17;13;13;22;13;26;13;20;20;11;17;20;14;17;9;21;23;27;28;21;23;22;15;25;18;29;19;16;16;26;18;22;28;14;12;14;13;15;20;19;15;17;4;13;11;13;19;14;14;14;10;9;8;9;5;7;7;6;0;7;3;1;0;2;1;0;0;0
088005;Ispica;56;77;79;66;71;53;77;70;84;69;75;64;79;97;89;87;96;91;98;114;102;108;109;96;105;109;121;117;120;118;113;108;107;117;114;110;122;131;117;128;109;110;128;125;121;126;116;126;125;143;129;123;137;107;131;111;118;108;95;94;90;107;92;106;101;102;79;87;98;92;83;86;81;66;68;55;51;54;62;59;54;43;44;32;31;31;22;17;10;18;12;9;8;4;3;1;3;1;0;0;0
088006;Modica;226;217;257;223;206;261;252;256;273;301;283;301;302;303;287;271;277;291;329;327;300;315;298;316;295;335;320;317;366;316;350;328;363;314;366;320;372;342;337;334;349;355;391;413;411;381;405;399;400;390;357;361;358;413;365;381;365;343;365;339;312;295;347;299;301;253;281;276;235;301;265;289;220;219;175;180;168;216;218;198;179;128;141;132;124;125;78;82;81;61;52;46;36;25;14;21;8;6;6;3;2
088007;Monterosso Almo;8;11;7;7;14;6;9;8;9;9;10;11;18;10;16;14;17;13;16;19;14;21;20;15;15;14;16;11;17;16;18;15;18;14;17;12;24;10;14;18;18;19;15;19;17;22;18;17;31;24;31;24;24;21;27;25;22;13;23;20;19;21;19;21;20;13;14;15;15;24;23;19;12;15;13;10;8;6;16;19;18;14;9;14;11;10;10;9;1;2;6;2;2;1;1;1;0;2;0;0;0
088008;Pozzallo;102;97;87;96;96;88;99;102;109;103;119;104;117;93;81;127;87;108;107;122;123;105;105;104;103;120;120;128;128;105;140;120;140;121;117;123;145;140;139;143;147;115;159;150;142;150;134;147;142;138;125;132;120;129;148;106;110;114;116;117;116;118;115;107;103;107;103;91;112;114;131;117;86;101;73;61;71;76;84;70;57;48;28;32;33;34;26;15;17;14;10;7;6;2;1;0;1;1;1;0;1
088009;Ragusa;251;271;277;298;300;308;287;338;342;339;329;335;332;369;332;329;354;349;400;381;379;394;383;396;405;411;407;415;413;401;410;445;405;401;402;460;466;442;496;468;494;520;508;523;594;569;545;521;537;542;505;522;540;520;541;501;521;507;473;477;448;469;432;396;443;369;365;361;411;391;394;432;342;306;268;258;234;246;305;279;270;223;223;218;197;147;139;124;101;80;74;48;42;37;23;18;8;6;4;2;5
088010;Santa Croce Camerina;36;62;63;44;45;50;44;60;53;54;55;45;54;48;54;57;54;59;61;71;60;58;61;80;95;71;83;79;76;84;89;77;97;95;96;90;91;88;99;95;86;108;98;101;76;106;91;87;101;86;121;92;90;86;82;75;84;75;79;70;46;58;57;54;64;49;47;46;46;66;51;50;43;36;42;38;33;38;43;36;31;20;30;17;29;16;13;5;14;7;9;4;7;4;4;0;0;0;1;0;1
088011;Scicli;116;119;133;106;130;118;137;143;132;137;155;120;145;115;143;146;138;114;150;158;145;150;153;138;155;164;177;177;154;163;162;172;170;155;163;165;187;182;188;170;176;168;213;194;221;214;214;174;183;233;210;209;215;214;189;169;185;194;154;165;142;145;147;143;147;140;138;141;137;142;143;140;152;107;102;88;110;95;117;103;78;83;77;69;68;71;52;50;38;31;21;20;17;13;5;5;2;6;1;0;1
088012;Vittoria;300;323;311;332;334;347;341;364;319;356;347;352;361;367;321;351;375;383;407;403;440;456;405;379;454;454;455;366;456;442;492;437;428;443;439;435;446;453;432;453;487;521;494;490;501;482;460;481;451;496;447;448;463;485;434;431;428;424;383;390;341;323;318;370;311;319;273;285;271;297;279;288;261;209;200;218;199;164;211;178;161;144;151;127;123;94;79;85;75;49;51;37;27;24;17;7;6;5;2;2;4
;Totale;1330;1421;1460;1426;1449;1470;1487;1609;1577;1597;1633;1588;1694;1671;1607;1703;1680;1689;1893;1966;1907;1933;1868;1878;1964;2013;2084;1922;2115;2028;2164;2081;2143;2053;2085;2087;2254;2209;2231;2158;2252;2294;2414;2417;2479;2441;2361;2329;2350;2467;2319;2340;2366;2378;2291;2166;2215;2147;2064;2009;1836;1836;1807;1781;1784;1613;1528;1536;1574;1704;1594;1670;1404;1242;1114;1087;1038;1055;1240;1140;1018;843;846;767;717;624;492;467;421;323;286;199;179;129;77;66;36;30;16;9;15
Territorio/Età;;0;1;2;3;4;5;6;7;8;9;10;11;12;13;14;15;16;17;18;19;20;21;22;23;24;25;26;27;28;29;30;31;32;33;34;35;36;37;38;39;40;41;42;43;44;45;46;47;48;49;50;51;52;53;54;55;56;57;58;59;60;61;62;63;64;65;66;67;68;69;70;71;72;73;74;75;76;77;78;79;80;81;82;83;84;85;86;87;88;89;90;91;92;93;94;95;96;97;98;99;100
Codice comune;Comune;Femmine
088001;Acate;54;54;51;45;59;50;38;54;56;60;54;38;52;52;42;45;59;63;57;52;63;76;70;72;77;70;85;76;80;95;58;95;68;72;70;76;74;61;94;83;77;64;68;69;72;77;59;79;84;76;79;70;63;61;58;56;62;44;54;57;49;43;47;50;52;42;38;50;43;52;47;50;34;35;25;30;33;31;31;35;27;19;30;29;24;14;12;18;9;12;13;7;7;5;4;4;3;3;0;3;2
088002;Chiaramonte Gulfi;31;24;21;42;25;29;22;30;28;41;21;37;35;30;31;27;32;45;32;46;42;40;43;50;39;51;60;51;45;42;45;46;57;56;48;44;57;42;51;44;45;53;41;46;52;49;50;66;62;75;75;62;53;64;58;63;59;63;62;69;59;61;55;44;47;43;45;54;46;55;36;47;38;21;37;36;35;34;45;37;37;36;41;23;30;33;24;27;21;13;20;12;11;17;9;5;4;3;0;0;2
088003;Comiso;149;126;134;125;129;126;132;129;138;171;130;131;121;138;154;153;160;171;157;154;144;174;177;180;163;193;178;182;196;161;159;195;209;169;206;176;181;216;174;172;232;211;236;233;239;245;226;228;215;242;236;224;246;226;224;233;219;220;221;223;166;202;186;199;191;182;153;164;152;173;199;186;170;115;129;117;138;116;151;123;137;112;109;95;98;76;81;75;78;45;42;41;24;15;16;15;14;8;3;2;3
088004;Giarratana;12;6;9;7;8;6;15;11;9;18;9;12;8;8;12;6;10;16;5;18;14;16;11;20;18;16;14;15;16;9;8;13;19;15;18;20;19;8;16;18;22;23;18;19;17;15;16;27;21;25;19;20;26;22;29;22;20;23;29;24;23;24;15;21;29;13;12;18;16;23;19;22;15;12;11;11;16;20;22;22;15;25;15;20;14;17;17;12;9;3;6;6;8;4;2;1;4;0;0;2;1
088005;Ispica;82;57;57;77;79;62;73;66;68;76;61;64;82;74;74;89;65;78;84;85;89;83;79;90;86;99;97;109;87;103;88;93;102;91;86;96;98;112;97;100;103;102;111;123;96;104;134;121;119;102;134;140;119;84;104;104;109;126;136;107;112;87;101;85;92;88;96;79;76;109;102;103;102;77;75;63;70;87;87;85;64;48;56;51;43;30;32;37;30;22;22;18;9;11;9;7;4;3;3;2;0
088006;Modica;199;209;239;235;228;227;250;279;289;272;286;273;270;264;301;289;269;303;308;296;293;297;277;322;302;342;284;289;324;339;367;344;339;331;301;361;353;350;349;349;366;379;401;419;451;371;402;395;390;422;437;394;394;406;409;393;444;382;398;317;375;300;359;314;333;315;324;330;289;327;344;314;290;219;238;232;235;226;272;263;228;191;207;185;152;144;165;156;121;108;93;88;66;61;46;31;32;19;8;1;11
088007;Monterosso Almo;12;9;8;11;6;9;9;11;5;11;13;18;9;10;10;18;20;16;20;18;10;6;19;19;12;17;16;15;20;12;16;16;16;13;15;14;11;16;15;13;22;19;24;22;23;25;19;15;15;14;26;25;29;22;22;27;23;19;26;24;19;20;14;25;18;18;25;23;14;13;20;24;20;19;13;16;16;9;21;15;19;19;15;18;18;9;8;6;6;4;14;6;8;2;3;1;0;3;0;1;0
088008;Pozzallo;77;99;95;76;103;84;94;94;85;106;87;81;94;86;96;110;82;87;99;105;112;118;90;99;101;114;115;104;117;123;131;129;135;125;144;144;139;142;132;130;105;137;140;142;132;149;135;144;139;117;159;139;140;143;130;136;152;134;124;127;130;124;118;133;142;137;119;95;120;129;116;107;98;87;76;62;74;75;88;81;67;66;58;51;45;40;41;35;37;20;17;11;18;6;10;8;8;8;1;1;5
088009;Ragusa;258;295;268;293;287;306;294;322;315;326;327;343;349;296;299;353;327;353;327;308;323;320;358;355;361;381;390;391;386;344;407;390;400;393;440;436;449;441;472;475;515;493;574;565;580;579;552;552;550;552;557;584;541;537;554;568;517;575;532;550;514;484;510;451;508;456;411;397;415;445;527;528;421;342;320;319;300;344;380;418;358;326;307;283;271;244;240;206;189;176;126;104;84;86;57;42;28;27;12;4;11
088010;Santa Croce Camerina;44;46;51;41;43;39;51;50;46;57;50;39;53;40;50;41;58;50;39;43;58;53;71;59;65;54;67;67;68;61;78;73;64;64;65;68;72;72;79;65;70;53;67;70;91;81;70;85;83;64;77;69;69;68;64;70;67;74;81;61;57;48;69;51;63;51;57;58;39;62;51;68;44;41;46;39;31;34;44;36;40;37;35;35;30;30;23;21;24;13;12;11;11;4;7;3;2;0;1;1;0
088011;Scicli;118;132;133;130;103;122;138;115;110;118;152;125;136;160;145;114;140;133;129;141;120;147;140;163;141;154;157;182;138;150;153;165;139;145;161;156;146;155;153;151;187;199;179;201;191;181;188;215;222;217;220;230;193;193;177;179;181;167;178;165;153;181;170;163;146;144;160;148;157;143;174;156;151;155;115;113;118;124;142;136;139;111;103;93;82;94;93;78;64;42;53;40;27;23;12;16;11;11;5;2;5
088012;Vittoria;277;335;275;310;299;308;351;295;334;347;362;314;316;335;350;347;347;322;344;368;362;394;386;385;330;409;396;423;409;409;406;424;398;435;429;408;439;421;440;430;410;425;458;432;499;442;442;489;404;450;438;477;502;445;412;440;392;398;430;412;353;350;366;332;369;287;305;305;334;340;308;340;291;226;216;235;216;247;263;253;207;169;195;186;171;149;128;117;104;85;74;52;42;37;27;23;14;12;8;7;8
;Totale;1313;1392;1341;1392;1369;1368;1467;1456;1483;1603;1552;1475;1525;1493;1564;1592;1569;1637;1601;1634;1630;1724;1721;1814;1695;1900;1859;1904;1886;1848;1916;1983;1946;1909;1983;1999;2038;2036;2072;2030;2154;2158;2317;2341;2443;2318;2293;2416;2304;2356;2457;2434;2375;2271;2241;2291;2245;2225;2271;2136;2010;1924;2010;1868;1990;1776;1745;1721;1701;1871;1943;1945;1674;1349;1301;1273;1282;1347;1546;1504;1338;1159;1171;1069;978;880;864;788;692;543;492;396;315;271;202;156;124;97;41;26;48

"Ricostruzione della popolazione intercensuaria - Popolazione al 1° gennaio per età"
"Cittadinanza italiana - Anno: 2002 - Provincia: Ragusa"
Territorio/Età;;0;1;2;3;4;5;6;7;8;9;10;11;12;13;14;15;16;17;18;19;20;21;22;23;24;25;26;27;28;29;30;31;32;33;34;35;36;37;38;39;40;41;42;43;44;45;46;47;48;49;50;51;52;53;54;55;56;57;58;59;60;61;62;63;64;65;66;67;68;69;70;71;72;73;74;75;76;77;78;79;80;81;82;83;84;85;86;87;88;89;90;91;92;93;94;95;96;97;98;99;100
Codice comune;Comune;Totale
088001;Acate;91;93;94;84;116;97;103;104;96;104;85;103;111;92;96;100;104;121;108;127;100;125;106;113;102;115;112;105;129;119;125;118;113;115;112;116;116;107;104;113;108;109;99;107;81;94;102;100;86;96;97;79;99;108;104;88;69;60;73;75;71;80;94;72;47;79;85;66;50;51;76;69;63;76;60;61;51;51;32;51;34;33;28;21;16;16;18;12;14;19;12;6;7;5;0;0;2;0;3;2;0
088002;Chiaramonte Gulfi;55;62;70;83;74;81;89;92;94;102;87;79;86;88;99;103;83;95;73;97;103;105;79;82;108;96;102;91;89;102;116;118;113;134;119;108;117;113;141;116;111;124;124;117;103;104;112;109;91;95;95;102;104;73;88;65;72;69;68;77;77;102;89;95;103;97;87;81;91;76;105;106;95;107;80;98;90;85;68;76;62;62;45;28;18;41;34;27;39;18;16;15;14;10;2;5;0;3;1;0;0
088003;Comiso;286;268;292;271;301;318;327;295;359;343;327;381;317;317;367;328;339;348;350;333;371;354;350;406;390;437;422;410;430;405;424;414;430;437;437;470;441;418;423;420;426;405;425;336;404;359;353;360;364;301;319;338;370;386;373;340;254;289;290;296;283;340;355;329;293;302;305;291;274;268;297;315;267;256;255;256;225;236;210;212;181;174;96;73;65;69;85;70;77;59;34;32;24;17;5;5;5;1;1;2;1
088004;Giarratana;32;25;34;32;32;24;33;36;29;32;41;34;32;26;52;33;32;35;31;46;31;52;33;46;46;28;42;38;34;26;46;45;48;50;41;52;52;53;45;47;43;59;45;42;39;47;35;50;40;29;35;36;43;40;46;38;30;31;20;34;34;46;42;42;45;43;40;42;38;45;45;46;47;30;28;42;30;49;28;41;16;26;18;11;15;23;15;13;14;7;9;5;4;6;5;0;2;0;0;1;0
088005;Ispica;147;140;161;149;138;161;153;159;168;193;196;188;186;170;161;184;197;176;184;201;225;196;181;196;175;209;213;192;203;223;221;220;206;210;211;210;166;206;172;201;213;210;189;183;192;193;175;175;184;168;174;170;202;184;190;182;160;156;132;141;162;195;190;152;137;156;161;127;121;121;140;136;144;130;107;111;108;99;96;97;77;89;71;39;32;32;35;34;38;35;22;15;19;11;7;5;2;1;3;1;1
088006;Modica;560;596;602;546;565;547;593;578;653;603;590;680;667;720;663;696;640;670;682;744;707;681;681;686;700;744;769;836;735;766;745;743;794;770;721;724;781;755;727;763;734;775;645;693;585;741;638;662;609;647;641;593;698;639;673;558;504;491;492;501;533;588;593;547;458;498;497;445;485;505;523;501;521;480;452;472;453;450;441;407;376;329;217;147;144;180;186;164;127;126;96;47;45;38;27;15;18;8;6;3;0
088007;Monterosso Almo;29;35;39;29;30;41;35;23;29;33;26;38;27;34;37;43;27;39;36;39;40;34;42;49;49;42;43;51;55;45;38;45;42;59;54;57;41;52;49;44;37;47;48;41;38;30;46;37;30;47;45;30;41;51;54;37;42;28;33;29;22;36;40;42;48;36;49;50;44;35;35;29;39;45;29;50;26;30;32;28;33;22;28;8;15;10;14;8;19;13;5;8;5;0;2;1;1;1;0;0;0
088008;Pozzallo;191;190;209;222;205;187;195;202;221;222;241;248;233;269;251;275;251;273;264;269;277;260;259;251;259;310;310;275;282;268;305;261;250;260;260;255;254;262;241;266;252;240;248;243;239;228;253;261;261;225;192;232;248;269;242;184;208;164;141;185;188;205;184;177;163;128;142;152;135;155;131;143;128;118;101;120;91;91;97;88;84;89;61;32;45;46;42;48;30;29;22;12;9;7;5;4;3;2;1;1;2
088009;Ragusa;591;605;567;563;609;664;659;688;697;726;758;729;702;726;743;731;746;758;837;824;830;872;863;881;865;931;972;1019;1007;996;975;976;993;977;1007;1010;985;1012;985;991;1035;972;989;954;915;927;882;960;882;837;817;906;945;984;1028;853;766;697;710;648;730;838;900;848;747;776;768;773;712;738;731;762;692;673;635;609;580;619;522;544;460;399;255;175;186;193;245;185;183;176;119;88;67;60;38;19;14;8;5;5;7
088010;Santa Croce Camerina;75;63;82;79;63;94;85;98;82;89;93;101;100;101;83;86;86;86;83;97;89;115;108;98;98;111;129;132;117;115;109;111;121;123;126;111;118;91;107;104;115;129;98;89;91;109;100;120;96;96;100;86;112;94;124;81;75;97;76;74;88;97;84;97;70;87;98;98;84;79;71;90;69;76;71;71;54;74;52;58;44;44;24;20;21;18;31;18;19;15;10;7;6;6;2;2;1;0;3;1;0
088011;Scicli;225;248;266;240;266;265;267;252;283;296;323;278;282;297;280;277;266;306;298;321;323;333;299;337;338;365;349;389;377;374;365;378;421;375;392;369;370;362;310;329;335;341;303;282;312;324;306;276;276;296;307;315;292;341;320;330;276;253;242;279;262;330;322;306;267;281;301;250;295;306;271;290;255;246;235;228;237;193;216;195;195;175;120;79;65;73;83;80;79;63;42;42;21;11;14;12;4;2;3;2;2
088012;Vittoria;617;622;637;689;678;673;648;683;741;765;724;763;728;758;726;726;746;744;724;792;766;805;789;803;830;845;824;920;826;826;898;802;822;780;792;863;806;758;786;766;747;784;777;656;652;654;678;664;611;595;603;634;679;647;688;601;504;484;515;495;522;584;584;537;453;554;510;498;471;415;470;495;443;474;368;391;367;350;314;355;280;275;185;123;127;131;99;102;103;73;61;44;25;37;15;10;10;6;4;2;2
;Totale;2899;2947;3053;2987;3077;3152;3187;3210;3452;3508;3491;3622;3471;3598;3558;3582;3517;3651;3670;3890;3862;3932;3790;3948;3960;4233;4287;4458;4284;4265;4367;4231;4353;4290;4272;4345;4247;4189;4090;4160;4156;4195;3990;3743;3651;3810;3680;3774;3530;3432;3425;3521;3833;3816;3930;3357;2960;2819;2792;2834;2972;3441;3477;3244;2831;3037;3043;2873;2800;2794;2895;2982;2763;2711;2421;2509;2312;2327;2108;2152;1842;1717;1148;756;749;832;887;761;742;633;448;321;246;208;122;78;62;32;30;20;15
Territorio/Età;;0;1;2;3;4;5;6;7;8;9;10;11;12;13;14;15;16;17;18;19;20;21;22;23;24;25;26;27;28;29;30;31;32;33;34;35;36;37;38;39;40;41;42;43;44;45;46;47;48;49;50;51;52;53;54;55;56;57;58;59;60;61;62;63;64;65;66;67;68;69;70;71;72;73;74;75;76;77;78;79;80;81;82;83;84;85;86;87;88;89;90;91;92;93;94;95;96;97;98;99;100
Codice comune;Comune;Maschi
088001;Acate;46;42;51;49;58;43;52;51;46;50;37;58;46;58;44;57;56;65;58;67;55;53;46;54;54;59;55;53;66;69;50;53;49;55;57;63;55;53;52;57;57;57;45;58;36;49;50;43;40;50;41;36;45;57;48;48;33;31;38;37;34;46;49;37;22;36;35;34;26;26;32;40;24;36;30;30;26;19;11;24;10;16;9;9;4;8;8;6;6;7;3;3;2;1;0;0;1;0;1;1;0
088002;Chiaramonte Gulfi;21;34;34;40;38;46;48;55;49;52;44;36;45;45;51;51;36;55;29;51;56;51;40;40;51;58;55;46;41;59;58;59;51;62;55;55;51;60;78;57;52;61;61;67;45;49;64;67;49;41;44;55;51;34;42;27;45;30;27;34;37;41;43;48;52;43;42;34;34;36;42;46;44;55;41;45;43;36;33;38;23;33;17;9;8;17;11;13;17;8;8;7;6;4;1;3;0;2;0;0;0
088003;Comiso;144;133;155;141;161;163;174;154;180;175;159;196;169;174;185;167;175;157;193;165;193;193;191;181;198;221;217;197;207;193;202;206;195;220;220;238;221;196;198;210;225;196;198;173;198;177;162;170;173;138;150;173;196;181;171;163;122;141;150;123;137;165;181;140;138;141;156;125;128;117;135;150;109;121;114;125;95;109;87;72;75;60;46;34;28;33;36;33;28;19;10;14;12;10;3;3;2;0;1;0;0
088004;Giarratana;16;20;16;17;18;11;13;18;12;20;21;15;21;12;28;18;18;17;12;26;17;35;21;20;26;12;21;19;20;14;17;23;23;31;20;25;29;24;18;29;17;31;22;18;14;31;13;24;26;16;16;17;14;19;23;21;16;22;8;16;13;19;17;22;17;21;14;21;19;19;20;22;21;17;15;15;13;20;8;22;2;11;7;5;6;14;6;8;8;4;5;1;2;3;2;0;1;0;0;1;0
088005;Ispica;78;71;88;67;75;80;77;80;81;109;95;111;98;89;84;90;103;88;95;106;124;100;92;103;86;104;104;103;100;105;109;107;120;100;94;106;96;110;79;94;105;84;89;81;106;99;98;95;102;74;94;91;90;81;85;85;80;74;68;64;71;91;87;73;75;67;81;59;61;55;58;59;73;54;53;55;50;40;42;36;34;35;34;13;17;13;13;15;12;10;10;7;5;6;4;1;1;0;1;0;1
088006;Modica;278;302;311;282;284;281;285;297;328;319;318;350;327;348;330;357;307;373;329;388;348;350;334;327;346;360;382;410;374;383;382;381;392;363;351;339;387;364;362;348;348;377;333;323;302;378;313;325;285;315;293;276;354;294;333;245;255;226;238;242;267;286;277;247;220;232;236;217;236;216;218;244;241;207;205;204;175;172;192;171;150;141;80;57;59;65;72;61;57;43;43;17;22;11;8;8;6;2;2;0;0
088007;Monterosso Almo;16;13;18;13;21;22;16;13;14;18;11;18;13;14;21;22;13;24;17;23;14;17;23;24;22;15;20;24;24;23;18;29;23;33;28;26;22;29;24;20;15;24;20;18;19;17;21;18;14;17;17;17;28;28;28;16;19;15;14;11;8;19;21;20;20;17;25;22;23;19;19;8;19;20;14;19;12;17;19;10;17;6;10;5;5;5;6;4;6;1;3;6;2;0;2;0;0;0;0;0;0
088008;Pozzallo;113;93;116;108;94;101;96;105;111;118;135;137;96;139;115;135;125;124;125;136;144;130;142;137;123;170;156;148;136;132;162;142;134;115;128;127;119;139;111;116;122;116;123;115;117;115;107;115;121;108;97;116;126;146;131;87;116;85;78;97;93;110;87;88;85;52;73;79;68;79;50;61;63;59;46;52;38;39;39;40;27;27;22;12;20;22;15;18;9;8;6;3;2;2;3;3;1;0;0;0;0
088009;Ragusa;283;317;297;278;329;335;346;370;356;361;389;364;389;364;380;372;376;369;436;422;418;445;451;426;461;454;476;526;504;502;482;493;497;472;481;511;483;513;454;501;471;452;476;464;453;434;427;452;401;401;391;458;449;430;480;406;365;321;334;294;341;379;399;379;343;357;368;358;314;317;327;334;297;318;283;250;242;266;213;233;178;173;89;65;78;72;97;72;68;66;37;30;27;21;10;7;5;1;1;0;2
088010;Santa Croce Camerina;38;33;49;41;28;39;47;57;42;50;46;51;56;51;29;47;51;45;39;52;47;56;55;49;60;61;68;53;54;62;43;52;59;65;68;52;60;43;50;56;55;62;53;37;44;48;53;61;46;49;52;43;58;44;54;39;34;48;36;41;45;51;39;45;34;46;40;54;35;32;28;33;32;35;30;35;25;33;19;28;16;25;5;8;6;7;17;4;6;9;3;4;2;3;1;0;1;0;1;0;0
088011;Scicli;100;128;139;127;134;133;120;136;151;167;169;146;147;157;146;157;137;142;151;181;169;186;146;159;152;192;165;213;210;196;160;160;218;187;192;189;187;188;151;159;175;165;154;137;137;142;150;143;134;132;153;151;154;163;155;169;112;128;110;147;122;163;150;128;121;141;148;115;144;137;125;131;131;113;105;93;118;83;93;90;85;65;53;28;30;34;32;31;24;23;13;14;8;6;3;0;1;0;1;0;1
088012;Vittoria;338;314;316;370;348;346;328;390;385;394;327;402;398;400;372;357;371;363;368;399;389;393;380;425;439;419;402;452;422;421;440;419;421;374;371;404;414;367;374;386;383;369;379;321;307;302;348;308;326;287;286;302;329;309;326;294;251;238;261;254;226;263;275;267;226;265;234;234;219;191;220;223;213;222;182;173;145;165;136;148;114;117;67;44;47;53;40;45;44;36;19;11;5;13;4;4;4;1;2;1;2
;Totale;1471;1500;1590;1533;1588;1600;1602;1726;1755;1833;1751;1884;1805;1851;1785;1830;1768;1822;1852;2016;1974;2009;1921;1945;2018;2125;2121;2244;2158;2159;2123;2124;2182;2077;2065;2135;2124;2086;1951;2033;2025;1994;1953;1812;1778;1841;1806;1821;1717;1628;1634;1735;1894;1786;1876;1600;1448;1359;1362;1360;1394;1633;1625;1494;1353;1418;1452;1352;1307;1244;1274;1351;1267;1257;1118;1096;982;999;892;912;731;709;439;289;308;343;353;310;285;234;160;117;95;80;41;29;23;6;10;3;6
Territorio/Età;;0;1;2;3;4;5;6;7;8;9;10;11;12;13;14;15;16;17;18;19;20;21;22;23;24;25;26;27;28;29;30;31;32;33;34;35;36;37;38;39;40;41;42;43;44;45;46;47;48;49;50;51;52;53;54;55;56;57;58;59;60;61;62;63;64;65;66;67;68;69;70;71;72;73;74;75;76;77;78;79;80;81;82;83;84;85;86;87;88;89;90;91;92;93;94;95;96;97;98;99;100
Codice comune;Comune;Femmine
088001;Acate;45;51;43;35;58;54;51;53;50;54;48;45;65;34;52;43;48;56;50;60;45;72;60;59;48;56;57;52;63;50;75;65;64;60;55;53;61;54;52;56;51;52;54;49;45;45;52;57;46;46;56;43;54;51;56;40;36;29;35;38;37;34;45;35;25;43;50;32;24;25;44;29;39;40;30;31;25;32;21;27;24;17;19;12;12;8;10;6;8;12;9;3;5;4;0;0;1;0;2;1;0
088002;Chiaramonte Gulfi;34;28;36;43;36;35;41;37;45;50;43;43;41;43;48;52;47;40;44;46;47;54;39;42;57;38;47;45;48;43;58;59;62;72;64;53;66;53;63;59;59;63;63;50;58;55;48;42;42;54;51;47;53;39;46;38;27;39;41;43;40;61;46;47;51;54;45;47;57;40;63;60;51;52;39;53;47;49;35;38;39;29;28;19;10;24;23;14;22;10;8;8;8;6;1;2;0;1;1;0;0
088003;Comiso;142;135;137;130;140;155;153;141;179;168;168;185;148;143;182;161;164;191;157;168;178;161;159;225;192;216;205;213;223;212;222;208;235;217;217;232;220;222;225;210;201;209;227;163;206;182;191;190;191;163;169;165;174;205;202;177;132;148;140;173;146;175;174;189;155;161;149;166;146;151;162;165;158;135;141;131;130;127;123;140;106;114;50;39;37;36;49;37;49;40;24;18;12;7;2;2;3;1;0;2;1
088004;Giarratana;16;5;18;15;14;13;20;18;17;12;20;19;11;14;24;15;14;18;19;20;14;17;12;26;20;16;21;19;14;12;29;22;25;19;21;27;23;29;27;18;26;28;23;24;25;16;22;26;14;13;19;19;29;21;23;17;14;9;12;18;21;27;25;20;28;22;26;21;19;26;25;24;26;13;13;27;17;29;20;19;14;15;11;6;9;9;9;5;6;3;4;4;2;3;3;0;1;0;0;0;0
088005;Ispica;69;69;73;82;63;81;76;79;87;84;101;77;88;81;77;94;94;88;89;95;101;96;89;93;89;105;109;89;103;118;112;113;86;110;117;104;70;96;93;107;108;126;100;102;86;94;77;80;82;94;80;79;112;103;105;97;80;82;64;77;91;104;103;79;62;89;80;68;60;66;82;77;71;76;54;56;58;59;54;61;43;54;37;26;15;19;22;19;26;25;12;8;14;5;3;4;1;1;2;1;0
088006;Modica;282;294;291;264;281;266;308;281;325;284;272;330;340;372;333;339;333;297;353;356;359;331;347;359;354;384;387;426;361;383;363;362;402;407;370;385;394;391;365;415;386;398;312;370;283;363;325;337;324;332;348;317;344;345;340;313;249;265;254;259;266;302;316;300;238;266;261;228;249;289;305;257;280;273;247;268;278;278;249;236;226;188;137;90;85;115;114;103;70;83;53;30;23;27;19;7;12;6;4;3;0
088007;Monterosso Almo;13;22;21;16;9;19;19;10;15;15;15;20;14;20;16;21;14;15;19;16;26;17;19;25;27;27;23;27;31;22;20;16;19;26;26;31;19;23;25;24;22;23;28;23;19;13;25;19;16;30;28;13;13;23;26;21;23;13;19;18;14;17;19;22;28;19;24;28;21;16;16;21;20;25;15;31;14;13;13;18;16;16;18;3;10;5;8;4;13;12;2;2;3;0;0;1;1;1;0;0;0
088008;Pozzallo;78;97;93;114;111;86;99;97;110;104;106;111;137;130;136;140;126;149;139;133;133;130;117;114;136;140;154;127;146;136;143;119;116;145;132;128;135;123;130;150;130;124;125;128;122;113;146;146;140;117;95;116;122;123;111;97;92;79;63;88;95;95;97;89;78;76;69;73;67;76;81;82;65;59;55;68;53;52;58;48;57;62;39;20;25;24;27;30;21;21;16;9;7;5;2;1;2;2;1;1;2
088009;Ragusa;308;288;270;285;280;329;313;318;341;365;369;365;313;362;363;359;370;389;401;402;412;427;412;455;404;477;496;493;503;494;493;483;496;505;526;499;502;499;531;490;564;520;513;490;462;493;455;508;481;436;426;448;496;554;548;447;401;376;376;354;389;459;501;469;404;419;400;415;398;421;404;428;395;355;352;359;338;353;309;311;282;226;166;110;108;121;148;113;115;110;82;58;40;39;28;12;9;7;4;5;5
088010;Santa Croce Camerina;37;30;33;38;35;55;38;41;40;39;47;50;44;50;54;39;35;41;44;45;42;59;53;49;38;50;61;79;63;53;66;59;62;58;58;59;58;48;57;48;60;67;45;52;47;61;47;59;50;47;48;43;54;50;70;42;41;49;40;33;43;46;45;52;36;41;58;44;49;47;43;57;37;41;41;36;29;41;33;30;28;19;19;12;15;11;14;14;13;6;7;3;4;3;1;2;0;0;2;1;0
088011;Scicli;125;120;127;113;132;132;147;116;132;129;154;132;135;140;134;120;129;164;147;140;154;147;153;178;186;173;184;176;167;178;205;218;203;188;200;180;183;174;159;170;160;176;149;145;175;182;156;133;142;164;154;164;138;178;165;161;164;125;132;132;140;167;172;178;146;140;153;135;151;169;146;159;124;133;130;135;119;110;123;105;110;110;67;51;35;39;51;49;55;40;29;28;13;5;11;12;3;2;2;2;1
088012;Vittoria;279;308;321;319;330;327;320;293;356;371;397;361;330;358;354;369;375;381;356;393;377;412;409;378;391;426;422;468;404;405;458;383;401;406;421;459;392;391;412;380;364;415;398;335;345;352;330;356;285;308;317;332;350;338;362;307;253;246;254;241;296;321;309;270;227;289;276;264;252;224;250;272;230;252;186;218;222;185;178;207;166;158;118;79;80;78;59;57;59;37;42;33;20;24;11;6;6;5;2;1;0
;Totale;1428;1447;1463;1454;1489;1552;1585;1484;1697;1675;1740;1738;1666;1747;1773;1752;1749;1829;1818;1874;1888;1923;1869;2003;1942;2108;2166;2214;2126;2106;2244;2107;2171;2213;2207;2210;2123;2103;2139;2127;2131;2201;2037;1931;1873;1969;1874;1953;1813;1804;1791;1786;1939;2030;2054;1757;1512;1460;1430;1474;1578;1808;1852;1750;1478;1619;1591;1521;1493;1550;1621;1631;1496;1454;1303;1413;1330;1328;1216;1240;1111;1008;709;467;441;489;534;451;457;399;288;204;151;128;81;49;39;26;20;17;9

"Ricostruzione della popolazione intercensuaria - Popolazione al 1° gennaio per età"
"Cittadinanza italiana - Anno: 2003 - Provincia: Ragusa"
Territorio/Età;;0;1;2;3;4;5;6;7;8;9;10;11;12;13;14;15;16;17;18;19;20;21;22;23;24;25;26;27;28;29;30;31;32;33;34;35;36;37;38;39;40;41;42;43;44;45;46;47;48;49;50;51;52;53;54;55;56;57;58;59;60;61;62;63;64;65;66;67;68;69;70;71;72;73;74;75;76;77;78;79;80;81;82;83;84;85;86;87;88;89;90;91;92;93;94;95;96;97;98;99;100
Codice comune;Comune;Totale
088001;Acate;93;92;95;94;87;116;99;105;106;96;107;84;102;112;92;97;105;104;119;105;128;104;125;106;115;104;112;108;108;131;118;125;117;114;115;112;112;121;108;104;113;106;111;101;109;81;91;101;101;85;97;96;80;100;108;104;88;69;60;74;75;71;79;94;72;45;78;81;67;50;51;75;68;62;74;59;58;49;49;28;49;34;33;24;17;16;16;17;12;9;16;9;2;0;2;0;0;2;0;1;1
088002;Chiaramonte Gulfi;55;53;62;69;81;72;82;91;88;96;99;87;80;87;88;99;104;84;95;74;99;107;103;79;83;108;97;102;89;90;102;115;116;115;134;120;108;120;113;141;117;109;123;124;118;104;105;114;113;91;95;96;103;104;73;86;67;71;70;69;77;75;103;89;94;103;96;85;80;93;77;101;105;95;106;76;95;88;81;63;74;57;59;38;28;14;37;29;19;35;16;10;11;11;7;1;3;0;2;1;0
088003;Comiso;300;289;273;294;271;309;317;330;296;360;343;322;380;318;317;370;328;339;352;349;334;369;353;346;407;386;432;427;407;432;404;422;414;422;451;442;472;435;415;434;421;430;399;428;335;403;362;356;358;364;298;323;338;373;382;367;336;251;291;292;295;282;338;351;326;292;297;301;288;267;262;290;308;261;248;245;245;213;227;198;201;170;161;87;66;55;61;75;59;62;44;28;25;19;10;1;4;4;0;0;3
088004;Giarratana;25;31;26;36;32;33;25;35;38;29;34;41;34;31;26;53;32;33;35;31;43;32;53;31;47;43;30;39;40;37;28;44;46;49;51;43;52;53;52;44;46;42;58;45;43;39;47;35;50;40;29;35;38;43;40;46;37;31;31;20;33;35;46;42;40;46;43;40;41;37;45;46;41;43;30;26;41;30;44;26;38;16;24;17;10;15;22;13;9;13;7;8;5;4;6;1;0;2;0;0;0
088005;Ispica;124;148;143;157;150;136;160;150;159;167;191;196;190;185;170;158;186;197;176;182;200;217;189;174;192;175;208;214;187;198;227;218;218;203;216;215;210;167;206;175;201;214;209;190;186;191;196;176;171;183;166;174;169;198;180;188;184;162;157;132;138;160;195;192;149;139;153;158;128;121;119;137;134;136;122;103;104;106;96;93;92;73;79;68;39;28;29;35;31;36;32;18;8;12;6;4;5;1;1;2;1
088006;Modica;513;562;594;605;552;573;550;600;581;656;603;595;683;668;727;660;695;642;668;684;741;701;681;680;682;697;745;770;832;740;772;742;744;790;769;725;726;787;756;724;772;735;773;647;697;589;735;634;663;609;644;640;587;694;643;671;558;508;492;487;500;529;586;595;548;448;489;497;445;480;498;516;490;514;477;441;467;443;428;422;386;349;307;201;133;132;165;164;148;108;101;74;37;37;31;19;9;13;5;2;1
088007;Monterosso Almo;37;33;36;41;30;29;42;35;23;29;33;26;38;27;34;36;43;26;41;36;40;40;34;40;48;50;46;47;49;54;48;38;45;44;58;56;59;42;53;49;45;37;49;48;42;41;30;46;37;30;47;45;29;41;51;54;40;42;28;32;31;22;40;38;46;48;36;49;51;44;33;34;29;40;45;29;48;24;28;33;29;32;23;20;7;11;9;13;6;16;7;5;7;4;0;1;0;0;1;0;0
088008;Pozzallo;171;195;194;206;220;203;183;197;200;222;226;240;252;233;271;251;271;252;277;261;272;273;258;263;246;257;313;308;276;281;270;306;258;249;264;262;257;255;262;240;269;243;243;253;240;240;229;250;261;263;229;194;238;249;266;243;184;205;167;141;190;188;204;184;177;161;121;145;149;130;153;129;142;127;114;100;121;91;90;93;89;81;85;56;30;40;41;36;39;26;26;20;9;7;4;4;1;1;0;1;3
088009;Ragusa;608;600;613;576;573;613;657;665;689;703;731;764;732;705;735;751;736;751;757;842;827;833;866;864;876;874;940;968;1028;1019;1002;983;983;995;969;1017;1017;996;1018;987;999;1047;980;994;960;920;934;884;964;884;834;818;904;939;987;1024;852;756;694;710;647;728;838;901;843;743;775;759;765;707;729;728;751;676;658;615;600;569;600;496;498;437;374;243;159;169;179;218;169;152;143;102;73;55;44;25;13;11;7;1;7
088010;Santa Croce Camerina;73;75;67;80;79;67;96;85;99;81;91;93;101;99;100;83;85;84;87;84;93;87;117;112;96;99;110;130;136;118;112;111;114;125;128;127;109;116;94;108;102;115;130;96;89;94;110;101;123;97;101;100;86;113;96;127;82;79;97;78;77;88;98;88;96;70;87;95;97;80;75;74;87;68;73;68;69;52;67;47;55;41;44;23;19;20;18;27;18;17;13;10;6;6;3;1;2;0;0;3;1
088011;Scicli;250;224;242;265;239;266;264;266;251;282;300;320;279;281;297;280;276;267;300;300;322;319;330;292;334;330;360;349;385;369;365;361;373;416;378;393;372;369;362;312;325;335;340;303;275;313;322;301;277;275;293;303;316;287;338;315;327;275;247;243;278;263;328;315;306;267;278;295;244;292;301;266;286;250;240;229;222;227;183;210;183;180;165;107;77;59;60;79;70;68;49;35;37;13;12;12;9;0;2;2;3
088012;Vittoria;680;617;626;639;690;677;677;647;683;747;764;722;768;726;759;726;721;752;747;730;791;764;802;785;795;819;848;828;906;817;819;892;800;823;779;796;862;798;762;786;766;749;787;778;652;659;659;676;661;615;595;605;635;681;650;696;601;502;481;515;496;525;586;578;539;451;552;509;500;459;417;458;485;435;466;363;373;352;342;300;328;271;254;165;116;112;109;88;84;89;63;46;36;19;26;11;9;8;4;3;1
;Totale;2929;2919;2971;3062;3004;3094;3152;3206;3213;3468;3522;3490;3639;3472;3616;3564;3582;3531;3654;3678;3890;3846;3911;3772;3921;3942;4241;4290;4443;4286;4267;4357;4228;4345;4312;4308;4356;4259;4201;4104;4176;4162;4202;4007;3746;3674;3820;3674;3779;3536;3428;3429;3523;3822;3814;3921;3356;2951;2815;2793;2837;2966;3441;3467;3236;2813;3005;3014;2855;2760;2760;2854;2926;2707;2653;2354;2443;2244;2235;2009;2022;1741;1608;1049;701;671;746;794;664;631;517;365;256;187;151;80;55;42;22;16;21
Territorio/Età;;0;1;2;3;4;5;6;7;8;9;10;11;12;13;14;15;16;17;18;19;20;21;22;23;24;25;26;27;28;29;30;31;32;33;34;35;36;37;38;39;40;41;42;43;44;45;46;47;48;49;50;51;52;53;54;55;56;57;58;59;60;61;62;63;64;65;66;67;68;69;70;71;72;73;74;75;76;77;78;79;80;81;82;83;84;85;86;87;88;89;90;91;92;93;94;95;96;97;98;99;100
Codice comune;Comune;Maschi
088001;Acate;42;46;42;50;51;60;43;54;51;45;53;37;59;47;58;46;59;56;64;56;67;57;52;47;54;55;59;53;54;69;70;49;51;50;55;58;61;59;53;52;57;56;58;45;59;36;46;49;43;39;51;41;36;46;57;48;48;33;31;39;37;34;46;48;37;22;35;33;35;26;25;31;37;23;33;29;27;26;17;10;23;10;15;9;8;4;8;7;5;4;6;1;1;0;0;0;0;1;0;1;1
088002;Chiaramonte Gulfi;26;22;33;34;38;37;47;49;52;52;49;45;37;45;45;50;51;36;55;29;52;57;50;39;41;51;60;57;44;43;60;57;57;49;62;56;56;51;60;77;61;50;60;61;66;46;49;66;69;49;42;45;55;51;34;41;27;45;30;27;34;38;42;43;47;51;42;41;34;36;36;40;45;44;55;38;44;44;35;30;35;21;30;16;9;6;15;10;9;15;8;5;6;6;2;1;1;0;2;0;0
088003;Comiso;146;145;135;156;142;163;165;176;156;183;175;156;196;170;177;185;165;175;158;191;168;194;193;189;184;194;218;215;195;209;192;202;203;194;229;221;239;216;196;204;211;227;192;199;173;196;178;163;169;173;138;153;174;197;177;167;161;120;145;152;122;137;164;180;138;135;138;154;121;122;113;129;145;107;116;106;118;91;106;81;67;67;55;43;29;26;29;31;28;22;15;7;11;9;4;1;2;2;0;0;0
088004;Giarratana;15;15;21;17;17;18;11;13;19;12;20;21;15;21;12;29;18;18;17;12;26;17;36;19;20;23;13;19;21;22;15;16;22;23;31;20;25;30;23;18;28;16;30;22;18;14;31;13;24;26;16;16;19;14;19;23;21;16;22;8;15;14;19;17;20;17;21;14;21;19;19;20;20;20;17;14;15;14;17;6;22;1;10;6;5;6;13;5;5;7;4;4;1;2;3;1;0;1;0;0;0
088005;Ispica;76;79;71;85;67;74;78;77;82;82;107;94;111;96;90;81;91;105;89;94;107;122;95;88;99;84;102;108;99;96;106;106;107;119;104;94;103;97;109;80;94;106;84;89;84;105;99;100;95;101;74;94;90;89;80;83;85;81;76;68;64;70;92;87;70;74;66;76;60;62;53;57;59;68;53;49;53;50;37;40;36;33;29;32;13;13;12;13;12;11;7;10;4;1;4;2;1;1;0;0;0
088006;Modica;262;279;300;312;285;289;283;286;294;329;320;321;351;328;350;327;357;307;374;329;385;346;348;332;321;340;366;383;406;376;388;377;381;388;362;352;335;389;362;360;351;350;377;334;325;304;369;309;329;286;312;290;272;351;294;333;244;258;225;235;240;265;285;274;248;215;223;233;217;232;212;217;237;235;207;197;200;170;161;184;157;135;132;70;52;52;55;64;56;45;30;36;12;16;8;4;5;6;2;1;0
088007;Monterosso Almo;17;16;14;20;14;21;22;16;13;14;18;11;18;13;14;21;22;11;24;17;25;14;17;21;24;22;16;23;24;24;25;18;30;25;32;28;27;23;30;24;20;15;26;21;19;22;17;21;18;14;17;17;16;28;28;27;17;19;15;13;13;8;21;20;22;20;17;25;23;23;18;19;8;20;19;14;18;10;16;19;10;17;7;7;4;5;5;6;2;4;0;2;5;2;0;1;0;0;0;0;0
088008;Pozzallo;88;112;97;116;107;93;101;98;102;112;121;133;140;96;140;117;133;126;123;124;137;140;131;144;136;122;177;152;147;133;130;164;140;132;115;130;128;120;141;109;120;116;116;127;114;117;116;106;112;120;109;98;118;126;145;132;87;114;86;78;101;91;108;88;89;85;48;75;75;64;79;50;61;62;56;44;54;38;37;37;38;27;28;20;11;17;19;12;14;7;7;5;3;1;0;2;1;1;0;0;0
088009;Ragusa;298;288;318;302;283;333;332;352;368;361;366;391;365;391;372;383;375;379;368;441;421;420;443;450;426;463;454;478;537;509;504;481;496;494;466;490;511;492;509;455;505;475;460;477;464;457;439;429;455;399;397;391;457;443;433;473;406;359;319;332;292;338;382;402;375;343;356;359;354;308;311;322;331;290;309;271;242;238;259;204;207;163;162;81;56;68;68;86;64;53;52;32;25;24;14;6;5;3;0;0;0
088010;Santa Croce Camerina;37;39;38;47;42;31;43;48;57;40;51;47;51;56;48;30;47;50;48;39;50;46;56;58;47;62;59;69;55;54;59;43;53;62;67;66;50;59;44;49;53;56;62;52;38;45;50;54;61;46;51;52;43;57;45;57;39;36;49;37;42;45;50;40;45;34;45;40;55;31;31;29;31;32;32;29;33;24;29;15;25;13;26;7;9;6;7;14;4;6;7;4;3;2;1;0;0;0;0;1;0
088011;Scicli;127;99;126;138;127;133;132;118;135;151;169;167;147;147;159;144;157;138;139;150;179;167;183;146;154;151;186;166;210;205;190;155;155;217;187;193;189;185;187;154;156;178;162;153;132;135;143;146;142;133;131;150;153;151;161;152;166;111;125;111;145;124;162;146;128;120;138;143;113;142;133;122;129;129;110;102;91;112;79;89;89;76;58;44;26;24;26;32;26;20;17;11;11;5;5;2;0;0;0;0;1
088012;Vittoria;358;337;319;315;369;351;347;328;390;387;394;327;407;398;400;371;355;374;363;368;397;382;391;378;417;429;417;404;445;419;414;442;418;423;373;373;401;408;374;372;387;381;372;377;317;311;304;351;307;328;287;287;302;330;311;330;294;251;237;262;256;228;263;274;268;227;264;232;236;215;191;213;217;206;217;177;164;141;163;129;133;113;102;55;40;46;42;35;40;35;30;15;9;4;10;4;4;3;0;0;1
;Totale;1492;1477;1514;1592;1542;1603;1604;1615;1719;1768;1843;1750;1897;1808;1865;1784;1830;1775;1822;1850;2014;1962;1995;1911;1923;1996;2127;2127;2237;2159;2153;2110;2113;2176;2083;2081;2125;2129;2088;1954;2043;2026;1999;1957;1809;1788;1841;1807;1824;1714;1625;1634;1735;1883;1784;1866;1595;1443;1360;1362;1361;1392;1634;1619;1487;1343;1393;1425;1344;1280;1221;1249;1320;1236;1224;1070;1059;958;956;844;842;676;654;390;262;273;299;315;265;229;183;132;91;72;51;24;19;18;4;3;3
Territorio/Età;;0;1;2;3;4;5;6;7;8;9;10;11;12;13;14;15;16;17;18;19;20;21;22;23;24;25;26;27;28;29;30;31;32;33;34;35;36;37;38;39;40;41;42;43;44;45;46;47;48;49;50;51;52;53;54;55;56;57;58;59;60;61;62;63;64;65;66;67;68;69;70;71;72;73;74;75;76;77;78;79;80;81;82;83;84;85;86;87;88;89;90;91;92;93;94;95;96;97;98;99;100
Codice comune;Comune;Femmine
088001;Acate;51;46;53;44;36;56;56;51;55;51;54;47;43;65;34;51;46;48;55;49;61;47;73;59;61;49;53;55;54;62;48;76;66;64;60;54;51;62;55;52;56;50;53;56;50;45;45;52;58;46;46;55;44;54;51;56;40;36;29;35;38;37;33;46;35;23;43;48;32;24;26;44;31;39;41;30;31;23;32;18;26;24;18;15;9;12;8;10;7;5;10;8;1;0;2;0;0;1;0;0;0
088002;Chiaramonte Gulfi;29;31;29;35;43;35;35;42;36;44;50;42;43;42;43;49;53;48;40;45;47;50;53;40;42;57;37;45;45;47;42;58;59;66;72;64;52;69;53;64;56;59;63;63;52;58;56;48;44;42;53;51;48;53;39;45;40;26;40;42;43;37;61;46;47;52;54;44;46;57;41;61;60;51;51;38;51;44;46;33;39;36;29;22;19;8;22;19;10;20;8;5;5;5;5;0;2;0;0;1;0
088003;Comiso;154;144;138;138;129;146;152;154;140;177;168;166;184;148;140;185;163;164;194;158;166;175;160;157;223;192;214;212;212;223;212;220;211;228;222;221;233;219;219;230;210;203;207;229;162;207;184;193;189;191;160;170;164;176;205;200;175;131;146;140;173;145;174;171;188;157;159;147;167;145;149;161;163;154;132;139;127;122;121;117;134;103;106;44;37;29;32;44;31;40;29;21;14;10;6;0;2;2;0;0;3
088004;Giarratana;10;16;5;19;15;15;14;22;19;17;14;20;19;10;14;24;14;15;18;19;17;15;17;12;27;20;17;20;19;15;13;28;24;26;20;23;27;23;29;26;18;26;28;23;25;25;16;22;26;14;13;19;19;29;21;23;16;15;9;12;18;21;27;25;20;29;22;26;20;18;26;26;21;23;13;12;26;16;27;20;16;15;14;11;5;9;9;8;4;6;3;4;4;2;3;0;0;1;0;0;0
088005;Ispica;48;69;72;72;83;62;82;73;77;85;84;102;79;89;80;77;95;92;87;88;93;95;94;86;93;91;106;106;88;102;121;112;111;84;112;121;107;70;97;95;107;108;125;101;102;86;97;76;76;82;92;80;79;109;100;105;99;81;81;64;74;90;103;105;79;65;87;82;68;59;66;80;75;68;69;54;51;56;59;53;56;40;50;36;26;15;17;22;19;25;25;8;4;11;2;2;4;0;1;2;1
088006;Modica;251;283;294;293;267;284;267;314;287;327;283;274;332;340;377;333;338;335;294;355;356;355;333;348;361;357;379;387;426;364;384;365;363;402;407;373;391;398;394;364;421;385;396;313;372;285;366;325;334;323;332;350;315;343;349;338;314;250;267;252;260;264;301;321;300;233;266;264;228;248;286;299;253;279;270;244;267;273;267;238;229;214;175;131;81;80;110;100;92;63;71;38;25;21;23;15;4;7;3;1;1
088007;Monterosso Almo;20;17;22;21;16;8;20;19;10;15;15;15;20;14;20;15;21;15;17;19;15;26;17;19;24;28;30;24;25;30;23;20;15;19;26;28;32;19;23;25;25;22;23;27;23;19;13;25;19;16;30;28;13;13;23;27;23;23;13;19;18;14;19;18;24;28;19;24;28;21;15;15;21;20;26;15;30;14;12;14;19;15;16;13;3;6;4;7;4;12;7;3;2;2;0;0;0;0;1;0;0
088008;Pozzallo;83;83;97;90;113;110;82;99;98;110;105;107;112;137;131;134;138;126;154;137;135;133;127;119;110;135;136;156;129;148;140;142;118;117;149;132;129;135;121;131;149;127;127;126;126;123;113;144;149;143;120;96;120;123;121;111;97;91;81;63;89;97;96;96;88;76;73;70;74;66;74;79;81;65;58;56;67;53;53;56;51;54;57;36;19;23;22;24;25;19;19;15;6;6;4;2;0;0;0;1;3
088009;Ragusa;310;312;295;274;290;280;325;313;321;342;365;373;367;314;363;368;361;372;389;401;406;413;423;414;450;411;486;490;491;510;498;502;487;501;503;527;506;504;509;532;494;572;520;517;496;463;495;455;509;485;437;427;447;496;554;551;446;397;375;378;355;390;456;499;468;400;419;400;411;399;418;406;420;386;349;344;358;331;341;292;291;274;212;162;103;101;111;132;105;99;91;70;48;31;30;19;8;8;7;1;7
088010;Santa Croce Camerina;36;36;29;33;37;36;53;37;42;41;40;46;50;43;52;53;38;34;39;45;43;41;61;54;49;37;51;61;81;64;53;68;61;63;61;61;59;57;50;59;49;59;68;44;51;49;60;47;62;51;50;48;43;56;51;70;43;43;48;41;35;43;48;48;51;36;42;55;42;49;44;45;56;36;41;39;36;28;38;32;30;28;18;16;10;14;11;13;14;11;6;6;3;4;2;1;2;0;0;2;1
088011;Scicli;123;125;116;127;112;133;132;148;116;131;131;153;132;134;138;136;119;129;161;150;143;152;147;146;180;179;174;183;175;164;175;206;218;199;191;200;183;184;175;158;169;157;178;150;143;178;179;155;135;142;162;153;163;136;177;163;161;164;122;132;133;139;166;169;178;147;140;152;131;150;168;144;157;121;130;127;131;115;104;121;94;104;107;63;51;35;34;47;44;48;32;24;26;8;7;10;9;0;2;2;2
088012;Vittoria;322;280;307;324;321;326;330;319;293;360;370;395;361;328;359;355;366;378;384;362;394;382;411;407;378;390;431;424;461;398;405;450;382;400;406;423;461;390;388;414;379;368;415;401;335;348;355;325;354;287;308;318;333;351;339;366;307;251;244;253;240;297;323;304;271;224;288;277;264;244;226;245;268;229;249;186;209;211;179;171;195;158;152;110;76;66;67;53;44;54;33;31;27;15;16;7;5;5;4;3;0
;Totale;1437;1442;1457;1470;1462;1491;1548;1591;1494;1700;1679;1740;1742;1664;1751;1780;1752;1756;1832;1828;1876;1884;1916;1861;1998;1946;2114;2163;2206;2127;2114;2247;2115;2169;2229;2227;2231;2130;2113;2150;2133;2136;2203;2050;1937;1886;1979;1867;1955;1822;1803;1795;1788;1939;2030;2055;1761;1508;1455;1431;1476;1574;1807;1848;1749;1470;1612;1589;1511;1480;1539;1605;1606;1471;1429;1284;1384;1286;1279;1165;1180;1065;954;659;439;398;447;479;399;402;334;233;165;115;100;56;36;24;18;13;18

"Ricostruzione della popolazione intercensuaria - Popolazione al 1° gennaio per età"
"Cittadinanza italiana - Anno: 2004 - Provincia: Ragusa"
Territorio/Età;;0;1;2;3;4;5;6;7;8;9;10;11;12;13;14;15;16;17;18;19;20;21;22;23;24;25;26;27;28;29;30;31;32;33;34;35;36;37;38;39;40;41;42;43;44;45;46;47;48;49;50;51;52;53;54;55;56;57;58;59;60;61;62;63;64;65;66;67;68;69;70;71;72;73;74;75;76;77;78;79;80;81;82;83;84;85;86;87;88;89;90;91;92;93;94;95;96;97;98;99;100
Codice comune;Comune;Totale
088001;Acate;92;93;91;96;92;87;116;100;107;106;97;107;85;100;109;93;96;106;105;119;106;130;105;125;106;113;105;115;105;111;127;117;125;115;113;116;112;113;122;107;105;116;107;115;102;110;83;90;98;101;85;99;93;80;99;107;104;88;69;59;72;74;71;77;94;71;45;76;79;61;51;51;73;67;59;72;55;55;48;47;24;43;31;28;23;14;15;11;14;10;6;8;8;1;0;1;0;0;1;0;0
088002;Chiaramonte Gulfi;78;59;54;65;72;82;72;83;92;88;97;99;89;77;88;89;100;102;84;96;76;100;107;102;80;81;103;100;102;90;89;101;115;110;113;132;116;107;119;114;141;119;109;124;124;118;106;105;113;113;89;95;95;103;106;73;87;66;71;70;67;78;74;103;86;92;105;99;82;77;93;76;99;103;89;106;73;92;86;76;55;68;52;54;38;25;14;35;23;15;26;13;10;8;5;6;1;3;0;2;1
088003;Comiso;303;297;289;275;296;269;309;317;333;293;366;344;323;380;315;319;367;331;338;342;348;332;360;361;345;407;378;438;422;405;429;407;426;414;417;454;443;474;437;420;430;421;426;399;425;340;400;364;360;360;366;295;324;337;372;383;367;338;252;284;293;297;281;336;349;325;288;297;301;286;261;254;287;309;255;241;235;238;202;218;184;181;163;150;81;60;50;53;62;48;45;34;20;16;14;10;1;4;4;2;3
088004;Giarratana;15;24;31;25;36;30;32;25;35;37;29;35;39;34;30;26;50;32;33;34;31;43;33;53;33;45;48;30;36;40;36;28;41;45;50;48;43;49;51;48;40;47;43;58;43;43;39;46;35;50;39;29;34;38;42;39;45;36;30;30;22;32;36;45;41;41;47;42;40;42;35;44;46;40;41;27;27;40;29;45;20;36;11;21;13;10;15;20;11;6;8;5;6;2;3;6;0;0;0;0;0
088005;Ispica;151;124;143;145;153;152;136;162;148;160;170;189;198;187;182;172;159;187;195;173;183;193;218;190;172;186;171;207;209;185;192;224;215;214;195;211;212;210;168;206;174;197;212;213;188;185;190;191;178;173;183;168;174;171;199;185;189;186;158;156;132;137;160;194;191;146;137;150;155;125;117;120;135;137;132;114;103;99;101;87;83;87;63;71;62;35;24;24;25;20;28;24;12;3;8;3;4;3;0;1;0
088006;Modica;549;518;567;589;603;550;572;552;600;582;658;597;595;681;667;723;660;694;639;673;683;736;699;676;674;684;705;751;776;836;741;766;739;734;788;768;727;720;779;754;731;776;739;767;643;695;592;730;635;665;605;644;636;584;687;640;665;549;507;488;484;497;528;585;591;541;441;488;495;436;472;486;495;477;501;467;427;451;430;412;397;361;338;280;182;128;114;139;140;130;93;85;64;27;23;19;13;5;5;2;2
088007;Monterosso Almo;33;37;34;35;41;30;29;42;35;23;31;34;26;41;26;36;35;44;26;41;37;40;38;34;41;48;49;46;47;50;54;47;37;45;44;59;57;58;45;53;48;46;37;49;49;41;41;31;46;40;32;45;45;28;40;51;53;39;43;28;32;31;21;40;38;44;47;35;47;51;45;31;34;30;39;45;28;49;23;27;30;28;28;19;18;6;11;8;10;5;12;6;5;6;1;0;0;0;0;1;0
088008;Pozzallo;237;174;196;196;207;219;205;187;199;200;223;227;241;254;235;271;247;274;252;277;261;274;276;259;261;252;262;310;310;275;288;268;301;262;257;272;270;257;258;267;240;266;242;243;256;236;245;232;251;261;265;225;196;240;251;269;242;184;206;167;140;188;189;204;185;177;162;123;144;148;127;149;128;133;122;113;95;119;84;86;86;82;72;80;53;26;34;38;33;30;20;21;16;8;3;4;2;0;0;0;2
088009;Ragusa;609;608;614;624;582;578;626;662;671;697;711;739;766;738;710;743;764;742;756;763;844;821;836;867;869;878;879;947;962;1030;1034;1012;986;995;1002;979;1022;1030;1005;1029;994;1007;1052;991;1010;968;919;941;886;972;881;839;813;899;942;992;1029;854;753;696;709;649;727;837;899;845;744;771;755;758;704;718;716;725;667;634;593;581;553;572;479;476;404;354;224;143;151;160;191;144;128;124;86;46;40;34;22;8;6;1;2
088010;Santa Croce Camerina;69;72;74;68;80;80;70;95;83;99;80;89;93;100;99;101;85;87;84;88;83;93;90;121;110;95;102;112;137;139;118;112;112;110;126;133;131;112;117;92;109;101;114;131;99;90;95;112;103;122;97;101;101;86;116;95;124;85;80;98;77;79;88;98;91;95;71;87;90;99;81;75;78;87;69;67;66;68;49;64;45;51;39;40;19;19;14;16;23;14;14;12;8;4;4;2;0;2;0;0;3
088011;Scicli;224;253;223;248;260;241;266;263;266;250;282;299;318;275;280;295;280;276;265;299;299;320;321;333;295;338;332;356;347;379;372;366;359;368;407;377;393;369;368;358;315;328;336;341;306;275;316;320;299;279;276;292;303;314;289;335;319;330;272;246;238;281;264;322;313;306;267;270;290;240;288;289;265;285;240;231;218;218;210;174;194;172;168;147;98;72;51;49;68;55;54;39;33;25;2;10;10;6;0;2;3
088012;Vittoria;666;687;631;633;654;694;689;694;657;691;759;776;726;780;733;763;731;722;758;751;732;795;762;808;784;797;816;852;834;893;822;822;887;803;829;775;806;867;802;756;790;770;764;793;790;655;663;666;684;666;619;601;609;644;685;650;701;606;503;488;519;499;529;588;583;544;450;547;509;501;457;416;456;480;430;457;354;361;346;331;283;305;255;231;154;104;102;96;78;70;78;46;38;30;12;20;6;7;2;2;1
;Totale;3026;2946;2947;2999;3076;3012;3122;3182;3226;3226;3503;3535;3499;3647;3474;3631;3574;3597;3535;3656;3683;3877;3845;3929;3770;3924;3950;4264;4287;4433;4302;4270;4343;4215;4341;4324;4332;4366;4271;4204;4117;4194;4181;4224;4035;3756;3689;3828;3688;3802;3537;3433;3423;3524;3828;3819;3925;3361;2944;2810;2785;2842;2968;3429;3461;3227;2804;2985;2987;2824;2731;2709;2812;2873;2644;2574;2274;2371;2161;2139;1880;1890;1624;1475;965;642;595;649;678;547;512;417;306;176;115;115;59;38;18;13;17
Territorio/Età;;0;1;2;3;4;5;6;7;8;9;10;11;12;13;14;15;16;17;18;19;20;21;22;23;24;25;26;27;28;29;30;31;32;33;34;35;36;37;38;39;40;41;42;43;44;45;46;47;48;49;50;51;52;53;54;55;56;57;58;59;60;61;62;63;64;65;66;67;68;69;70;71;72;73;74;75;76;77;78;79;80;81;82;83;84;85;86;87;88;89;90;91;92;93;94;95;96;97;98;99;100
Codice comune;Comune;Maschi
088001;Acate;53;44;46;41;48;50;59;44;54;51;46;53;38;57;46;58;45;60;57;64;57;66;57;52;46;53;57;61;49;55;70;71;49;50;51;56;58;60;59;52;53;59;57;60;46;60;38;46;47;43;39;53;40;36;46;56;49;48;33;31;37;36;34;44;48;36;21;35;32;31;26;25;30;37;20;32;28;25;25;17;8;18;8;11;9;6;4;6;5;4;2;3;0;1;0;0;0;0;0;0;0
088002;Chiaramonte Gulfi;58;27;23;35;37;37;37;48;50;53;53;49;45;35;46;46;50;49;37;54;29;52;58;50;39;40;51;61;57;44;44;61;57;54;45;61;54;55;49;61;78;63;50;61;61;66;47;49;65;69;47;42;45;54;52;34;41;26;46;30;25;34;37;42;40;46;52;42;42;32;37;35;39;43;40;56;36;43;44;32;26;31;20;27;16;8;6;13;6;9;10;7;5;6;4;2;1;1;0;2;0
088003;Comiso;162;147;145;137;157;143;165;165;176;153;187;175;158;196;168;178;184;165;175;153;188;167;191;195;187;186;189;218;210;190;210;193;203;203;195;229;222;240;216;200;202;211;225;190;198;173;195;179;165;170;174;137;156;172;195;177;165;162;122;143;153;123;136;163;179;138;134;140;151;122;118;108;127;147;104;113;100;114;84;100;74;60;66;51;40;28;24;26;25;22;16;9;6;8;6;4;1;2;2;0;0
088004;Giarratana;8;15;15;21;18;15;17;11;13;18;12;21;20;15;20;12;28;18;18;16;12;26;17;36;19;18;23;14;19;21;21;15;15;21;24;30;20;23;29;20;17;28;17;30;20;18;14;30;13;24;25;16;16;19;13;18;22;21;15;21;8;15;14;19;16;20;17;22;14;22;17;18;20;19;19;14;15;15;13;17;2;21;0;8;5;5;6;12;4;4;5;3;4;1;1;3;0;0;0;0;0
088005;Ispica;70;76;76;73;81;69;74;79;79;82;84;108;94;108;95;93;82;92;104;89;95;105;123;96;86;97;82;100;104;99;95;105;106;102;112;102;93;104;96;106;77;92;104;88;88;84;106;96;102;96;101;74;93;92;89;83;84;86;77;74;68;63;71;92;88;70;73;65;76;59;59;55;57;60;65;49;49;52;47;34;33;37;27;23;26;11;11;10;11;7;9;6;5;1;0;1;2;0;0;0;0
088006;Modica;283;265;285;296;313;284;287;284;286;295;329;315;319;351;328;347;323;357;305;375;328;380;345;344;331;320;343;368;388;407;382;383;377;374;383;357;352;331;385;361;364;352;353;375;333;322;305;367;310;329;283;313;286;269;345;295;330;239;258;222;231;239;264;282;269;244;210;222;233;212;227;209;206;231;230;203;188;190;164;152;174;144;131;124;64;50;46;48;58;49;38;24;29;8;10;5;3;3;1;2;1
088007;Monterosso Almo;15;17;17;13;20;14;21;22;16;13;14;18;11;18;12;16;20;23;11;24;17;25;12;17;21;24;23;17;23;25;24;24;17;30;25;33;29;26;24;30;24;21;15;26;21;18;22;17;21;19;16;17;17;15;27;28;26;16;20;15;13;13;8;21;20;21;20;16;25;23;24;17;19;8;20;19;13;18;9;16;17;9;16;6;7;3;5;4;5;2;1;0;2;4;1;0;0;0;0;0;0
088008;Pozzallo;126;92;112;96;118;106;94;105;97;103;113;121;135;142;98;142;115;135;125;121;124;137;142;135;144;141;124;172;156;146;140;129;159;140;141;121;134;129;118;144;110;118;114;116;130;110;121;117;106;112;122;109;101;118;126;145;131;87;115;85;78;99;92;108;90;91;86;49;73;74;62;76;49;55;60;55;42;53;33;35;32;32;23;26;21;9;16;18;11;10;6;4;5;2;1;0;1;0;0;0;0
088009;Ragusa;292;298;298;329;304;288;340;333;356;369;363;369;394;369;390;379;392;379;382;373;442;420;422;444;451;435;469;458;473;536;514;507;477;501;495;477;492;520;494;514;462;512;479;465;485;471;454;443;428;461;397;402;387;453;445;434;473;403;359;318;330;293;338;383;399;377;345;352;352;351;305;306;319;314;284;292;256;231;230;245;195;189;152;154;77;48;58;59;75;54;41;47;25;18;18;10;6;2;1;0;0
088010;Santa Croce Camerina;39;39;39;38;48;45;33;41;47;56;39;51;49;51;56;49;32;47;50;46;39;49;46;60;56;47;65;59;73;58;55;58;47;52;62;67;68;52;59;43;49;51;56;63;54;38;46;51;56;60;46;51;52;44;59;44;54;41;36;49;36;43;45;50;42;43;34;45;37;57;32;31;32;32;33;30;27;34;21;25;15;22;14;23;5;8;3;7;12;3;6;7;4;2;0;0;0;0;0;0;1
088011;Scicli;127;129;98;130;135;129;133;132;118;135;152;168;166;145;148;159;144;155;136;140;149;178;167;185;149;155;149;185;166;208;206;190;157;154;214;183;191;189;184;183;153;158;177;162;155;133;137;143;146;144;134;130;150;153;152;161;153;167;109;124;108;145;125;160;144;128;120;132;140;110;139;126;121;129;122;104;94;90;103;73;80;82;70;49;38;25;21;19;29;22;14;13;10;7;0;3;1;0;0;0;1
088012;Vittoria;342;358;345;324;327;368;358;355;334;395;391;403;330;413;398;401;374;357;379;364;367;398;386;391;381;416;422;414;412;438;421;416;440;416;425;370;375;401;406;370;373;392;386;375;384;319;316;307;356;308;329;289;287;306;330;312;333;298;252;242;265;258;230;263;277;269;223;259;231;236;210;191;214;213;202;211;169;157;140;156;122;122;107;94;54;33;43;36;29;35;30;22;10;8;3;7;2;4;0;0;0
;Totale;1575;1507;1499;1533;1606;1548;1618;1619;1626;1723;1783;1851;1759;1900;1805;1880;1789;1837;1779;1819;1847;2003;1966;2005;1910;1932;1997;2127;2130;2227;2182;2152;2104;2097;2172;2086;2088;2130;2119;2084;1962;2057;2033;2011;1975;1812;1801;1845;1815;1835;1713;1633;1630;1731;1879;1787;1861;1594;1442;1354;1352;1361;1394;1627;1612;1483;1335;1379;1406;1329;1256;1197;1233;1288;1199;1178;1017;1022;913;902;778;767;634;596;362;234;243;258;270;221;178;145;105;66;44;35;17;12;4;4;3
Territorio/Età;;0;1;2;3;4;5;6;7;8;9;10;11;12;13;14;15;16;17;18;19;20;21;22;23;24;25;26;27;28;29;30;31;32;33;34;35;36;37;38;39;40;41;42;43;44;45;46;47;48;49;50;51;52;53;54;55;56;57;58;59;60;61;62;63;64;65;66;67;68;69;70;71;72;73;74;75;76;77;78;79;80;81;82;83;84;85;86;87;88;89;90;91;92;93;94;95;96;97;98;99;100
Codice comune;Comune;Femmine
088001;Acate;39;49;45;55;44;37;57;56;53;55;51;54;47;43;63;35;51;46;48;55;49;64;48;73;60;60;48;54;56;56;57;46;76;65;62;60;54;53;63;55;52;57;50;55;56;50;45;44;51;58;46;46;53;44;53;51;55;40;36;28;35;38;37;33;46;35;24;41;47;30;25;26;43;30;39;40;27;30;23;30;16;25;23;17;14;8;11;5;9;6;4;5;8;0;0;1;0;0;1;0;0
088002;Chiaramonte Gulfi;20;32;31;30;35;45;35;35;42;35;44;50;44;42;42;43;50;53;47;42;47;48;49;52;41;41;52;39;45;46;45;40;58;56;68;71;62;52;70;53;63;56;59;63;63;52;59;56;48;44;42;53;50;49;54;39;46;40;25;40;42;44;37;61;46;46;53;57;40;45;56;41;60;60;49;50;37;49;42;44;29;37;32;27;22;17;8;22;17;6;16;6;5;2;1;4;0;2;0;0;1
088003;Comiso;141;150;144;138;139;126;144;152;157;140;179;169;165;184;147;141;183;166;163;189;160;165;169;166;158;221;189;220;212;215;219;214;223;211;222;225;221;234;221;220;228;210;201;209;227;167;205;185;195;190;192;158;168;165;177;206;202;176;130;141;140;174;145;173;170;187;154;157;150;164;143;146;160;162;151;128;135;124;118;118;110;121;97;99;41;32;26;27;37;26;29;25;14;8;8;6;0;2;2;2;3
088004;Giarratana;7;9;16;4;18;15;15;14;22;19;17;14;19;19;10;14;22;14;15;18;19;17;16;17;14;27;25;16;17;19;15;13;26;24;26;18;23;26;22;28;23;19;26;28;23;25;25;16;22;26;14;13;18;19;29;21;23;15;15;9;14;17;22;26;25;21;30;20;26;20;18;26;26;21;22;13;12;25;16;28;18;15;11;13;8;5;9;8;7;2;3;2;2;1;2;3;0;0;0;0;0
088005;Ispica;81;48;67;72;72;83;62;83;69;78;86;81;104;79;87;79;77;95;91;84;88;88;95;94;86;89;89;107;105;86;97;119;109;112;83;109;119;106;72;100;97;105;108;125;100;101;84;95;76;77;82;94;81;79;110;102;105;100;81;82;64;74;89;102;103;76;64;85;79;66;58;65;78;77;67;65;54;47;54;53;50;50;36;48;36;24;13;14;14;13;19;18;7;2;8;2;2;3;0;1;0
088006;Modica;266;253;282;293;290;266;285;268;314;287;329;282;276;330;339;376;337;337;334;298;355;356;354;332;343;364;362;383;388;429;359;383;362;360;405;411;375;389;394;393;367;424;386;392;310;373;287;363;325;336;322;331;350;315;342;345;335;310;249;266;253;258;264;303;322;297;231;266;262;224;245;277;289;246;271;264;239;261;266;260;223;217;207;156;118;78;68;91;82;81;55;61;35;19;13;14;10;2;4;0;1
088007;Monterosso Almo;18;20;17;22;21;16;8;20;19;10;17;16;15;23;14;20;15;21;15;17;20;15;26;17;20;24;26;29;24;25;30;23;20;15;19;26;28;32;21;23;24;25;22;23;28;23;19;14;25;21;16;28;28;13;13;23;27;23;23;13;19;18;13;19;18;23;27;19;22;28;21;14;15;22;19;26;15;31;14;11;13;19;12;13;11;3;6;4;5;3;11;6;3;2;0;0;0;0;0;1;0
088008;Pozzallo;111;82;84;100;89;113;111;82;102;97;110;106;106;112;137;129;132;139;127;156;137;137;134;124;117;111;138;138;154;129;148;139;142;122;116;151;136;128;140;123;130;148;128;127;126;126;124;115;145;149;143;116;95;122;125;124;111;97;91;82;62;89;97;96;95;86;76;74;71;74;65;73;79;78;62;58;53;66;51;51;54;50;49;54;32;17;18;20;22;20;14;17;11;6;2;4;1;0;0;0;2
088009;Ragusa;317;310;316;295;278;290;286;329;315;328;348;370;372;369;320;364;372;363;374;390;402;401;414;423;418;443;410;489;489;494;520;505;509;494;507;502;530;510;511;515;532;495;573;526;525;497;465;498;458;511;484;437;426;446;497;558;556;451;394;378;379;356;389;454;500;468;399;419;403;407;399;412;397;411;383;342;337;350;323;327;284;287;252;200;147;95;93;101;116;90;87;77;61;28;22;24;16;6;5;1;2
088010;Santa Croce Camerina;30;33;35;30;32;35;37;54;36;43;41;38;44;49;43;52;53;40;34;42;44;44;44;61;54;48;37;53;64;81;63;54;65;58;64;66;63;60;58;49;60;50;58;68;45;52;49;61;47;62;51;50;49;42;57;51;70;44;44;49;41;36;43;48;49;52;37;42;53;42;49;44;46;55;36;37;39;34;28;39;30;29;25;17;14;11;11;9;11;11;8;5;4;2;4;2;0;2;0;0;2
088011;Scicli;97;124;125;118;125;112;133;131;148;115;130;131;152;130;132;136;136;121;129;159;150;142;154;148;146;183;183;171;181;171;166;176;202;214;193;194;202;180;184;175;162;170;159;179;151;142;179;177;153;135;142;162;153;161;137;174;166;163;163;122;130;136;139;162;169;178;147;138;150;130;149;163;144;156;118;127;124;128;107;101;114;90;98;98;60;47;30;30;39;33;40;26;23;18;2;7;9;6;0;2;2
088012;Vittoria;324;329;286;309;327;326;331;339;323;296;368;373;396;367;335;362;357;365;379;387;365;397;376;417;403;381;394;438;422;455;401;406;447;387;404;405;431;466;396;386;417;378;378;418;406;336;347;359;328;358;290;312;322;338;355;338;368;308;251;246;254;241;299;325;306;275;227;288;278;265;247;225;242;267;228;246;185;204;206;175;161;183;148;137;100;71;59;60;49;35;48;24;28;22;9;13;4;3;2;2;1
;Totale;1451;1439;1448;1466;1470;1464;1504;1563;1600;1503;1720;1684;1740;1747;1669;1751;1785;1760;1756;1837;1836;1874;1879;1924;1860;1992;1953;2137;2157;2206;2120;2118;2239;2118;2169;2238;2244;2236;2152;2120;2155;2137;2148;2213;2060;1944;1888;1983;1873;1967;1824;1800;1793;1793;1949;2032;2064;1767;1502;1456;1433;1481;1574;1802;1849;1744;1469;1606;1581;1495;1475;1512;1579;1585;1445;1396;1257;1349;1248;1237;1102;1123;990;879;603;408;352;391;408;326;334;272;201;110;71;80;42;26;14;9;14

"Ricostruzione della popolazione intercensuaria - Popolazione al 1° gennaio per età"
"Cittadinanza italiana - Anno: 2005 - Provincia: Ragusa"
Territorio/Età;;0;1;2;3;4;5;6;7;8;9;10;11;12;13;14;15;16;17;18;19;20;21;22;23;24;25;26;27;28;29;30;31;32;33;34;35;36;37;38;39;40;41;42;43;44;45;46;47;48;49;50;51;52;53;54;55;56;57;58;59;60;61;62;63;64;65;66;67;68;69;70;71;72;73;74;75;76;77;78;79;80;81;82;83;84;85;86;87;88;89;90;91;92;93;94;95;96;97;98;99;100
Codice comune;Comune;Totale
088001;Acate;94;92;93;91;96;91;88;118;100;107;105;96;104;83;101;107;91;96;103;103;116;103;129;106;124;104;112;104;110;104;113;124;119;123;115;112;115;110;115;122;105;104;113;109;116;100;110;82;90;97;101;83;97;92;79;98;106;105;89;69;57;73;73;71;76;95;70;45;76;76;57;51;50;74;66;56;71;52;53;45;45;23;41;28;26;23;11;12;7;12;9;5;6;8;1;1;0;1;0;1;0
088002;Chiaramonte Gulfi;50;77;58;55;64;72;82;72;84;92;89;95;99;89;78;89;88;101;101;88;94;77;100;103;100;85;79;105;99;101;89;90;100;117;107;113;135;116;105;115;112;139;120;111;125;130;117;103;106;115;111;89;93;93;103;108;71;87;66;72;71;66;78;74;105;88;90;104;98;80;75;92;75;98;100;86;103;74;87;82;74;49;62;52;53;37;21;13;31;21;12;24;5;9;6;3;5;1;2;0;3
088003;Comiso;296;303;296;291;273;298;270;311;313;334;291;365;342;321;380;315;319;368;336;333;341;341;331;366;360;335;405;366;432;416;404;418;392;416;403;416;442;442;473;438;418;427;418;431;400;426;341;402;368;361;362;365;294;324;335;369;384;369;338;252;283;295;297;277;336;346;321;283;294;297;284;255;244;278;297;248;230;220;224;187;209;177;168;147;138;69;52;43;46;53;41;35;26;15;13;10;9;0;4;3;2
088004;Giarratana;29;13;25;32;23;35;31;32;25;35;37;29;34;38;34;30;26;50;33;32;33;28;45;30;53;31;44;45;32;37;40;37;29;39;43;50;48;43;48;51;49;40;44;44;58;44;43;39;47;36;51;39;29;33;37;42;41;46;36;30;29;21;32;35;46;41;41;47;41;41;40;35;43;46;40;41;27;28;40;28;45;17;34;12;18;10;10;15;18;10;6;7;3;4;1;2;3;0;0;0;0
088005;Ispica;130;149;126;143;144;156;155;134;160;152;157;171;189;200;186;183;174;159;185;196;175;180;195;212;186;170;182;165;203;208;190;185;220;219;210;189;206;213;208;170;208;176;199;214;208;191;186;188;194;174;173;179;168;169;169;199;181;191;187;154;156;135;135;163;194;190;141;139;152;149;121;116;121;132;135;128;108;98;93;96;82;74;76;58;64;61;31;23;20;23;17;20;20;10;2;5;2;4;3;0;1
088006;Modica;560;545;519;568;593;604;550;572;551;600;591;658;600;595;685;665;731;659;695;639;680;689;730;689;671;670;687;711;759;782;826;751;764;733;742;782;779;725;724;780;762;736;779;730;773;646;692;592;728;635;659;600;646;632;586;686;643;664;551;507;489;480;499;531;579;589;542;436;487;483;437;461;480;479;460;481;454;409;435;420;390;378;350;326;258;168;110;105;118;128;109;74;69;50;19;14;8;11;3;3;2
088007;Monterosso Almo;22;34;37;32;34;41;29;29;43;36;23;31;34;27;42;26;37;36;42;26;41;36;39;37;33;39;47;51;45;48;50;53;46;36;46;46;60;56;61;43;51;49;47;39;49;49;41;41;31;46;41;33;44;45;29;40;51;53;38;43;27;32;31;21;38;38;44;49;35;48;51;42;32;34;29;37;44;28;46;22;28;26;27;27;16;16;6;7;8;10;4;8;3;5;4;0;0;0;0;0;1
088008;Pozzallo;169;237;176;192;195;204;213;205;187;200;194;222;226;238;256;235;273;249;274;255;272;264;268;269;254;259;243;254;305;301;263;276;275;294;263;256;274;266;257;258;262;238;260;241;238;256;235;246;229;249;262;264;220;196;239;251;270;241;189;203;171;138;186;188;202;181;173;162;121;140;146;122;144;126;127;118;106;91;116;85;82;84;76;65;72;46;22;28;35;28;26;17;17;15;5;3;4;2;0;0;1
088009;Ragusa;592;616;616;619;628;582;581;628;667;671;699;711;743;763;737;712;752;769;740;753;762;849;821;844;871;865;882;879;944;960;1037;1038;1013;980;1001;997;975;1036;1032;1011;1028;1006;1007;1048;991;1013;974;922;948;882;970;882;838;813;894;940;999;1039;857;749;696;710;648;727;836;893;841;747;766;751;746;702;709;709;706;655;622;566;561;533;546;460;441;377;330;207;127;136;138;172;122;109;103;71;30;28;26;14;9;7;2
088010;Santa Croce Camerina;70;68;70;76;66;81;82;70;98;84;102;81;90;91;102;100;103;84;88;87;92;86;92;94;124;111;98;103;115;137;132;118;111;112;109;127;140;135;115;118;97;107;103;115;134;100;87;94;116;105;123;98;101;105;88;115;96;126;84;81;101;77;79;87;100;91;95;72;85;90;97;79;73;74;88;71;65;63;63;50;62;43;48;37;38;16;17;14;13;21;12;8;11;8;3;5;1;0;0;0;2
088011;Scicli;264;223;252;221;250;262;245;271;258;266;252;282;300;319;272;280;292;283;278;266;298;299;319;327;336;294;342;338;352;350;385;372;364;353;367;410;380;393;370;363;355;318;335;341;341;305;279;312;319;296;285;279;289;301;314;288;331;319;332;274;246;239;280;263;321;311;302;262;265;285;236;284;276;264;275;230;226;210;208;201;160;176;160;158;135;89;59;48;44;63;45;41;35;27;19;0;7;7;4;0;4
088012;Vittoria;641;666;682;634;641;660;699;695;696;663;698;762;784;731;788;733;770;736;723;755;745;729;802;756;800;785;803;830;852;825;889;825;831;888;796;843;784;813;872;813;767;806;773;770;800;793;659;663;664;687;673;622;603;607;642;684;660;706;609;505;489;519;497;527;581;579;549;451;544;505;496;463;415;448;461;422;446;342;347;329;310;261;283;236;211;137;91;95;81;63;64;59;37;35;23;8;18;6;6;1;1
;Totale;2917;3023;2950;2954;3007;3086;3025;3137;3182;3240;3238;3503;3545;3495;3661;3475;3656;3590;3598;3533;3649;3681;3871;3833;3912;3748;3924;3951;4248;4269;4418;4287;4264;4310;4202;4341;4338;4348;4380;4282;4214;4146;4198;4193;4233;4053;3764;3684;3840;3683;3811;3533;3422;3410;3515;3820;3833;3946;3376;2939;2815;2785;2835;2964;3414;3442;3209;2797;2964;2945;2786;2702;2662;2762;2784;2573;2502;2181;2273;2078;2033;1768;1766;1523;1359;879;557;539;559;604;467;407;335;257;126;79;83;46;31;15;19
Territorio/Età;;0;1;2;3;4;5;6;7;8;9;10;11;12;13;14;15;16;17;18;19;20;21;22;23;24;25;26;27;28;29;30;31;32;33;34;35;36;37;38;39;40;41;42;43;44;45;46;47;48;49;50;51;52;53;54;55;56;57;58;59;60;61;62;63;64;65;66;67;68;69;70;71;72;73;74;75;76;77;78;79;80;81;82;83;84;85;86;87;88;89;90;91;92;93;94;95;96;97;98;99;100
Codice comune;Comune;Maschi
088001;Acate;57;53;44;47;41;47;50;59;43;54;50;45;50;38;57;45;57;45;58;55;61;55;64;59;51;46;53;57;55;49;59;65;73;46;50;51;56;57;61;59;52;51;56;59;61;46;60;37;46;47;44;39;51;40;35;46;55;50;49;32;29;38;36;34;42;48;35;21;35;30;29;26;25;31;36;18;32;25;24;24;16;7;17;8;8;9;4;4;3;3;3;1;3;1;1;0;0;0;0;0;0
088002;Chiaramonte Gulfi;27;57;26;23;36;37;37;36;48;49;53;51;49;46;36;47;45;51;50;39;52;29;52;56;48;43;41;51;61;56;41;44;60;56;52;44;64;54;54;47;59;75;64;51;60;65;66;44;50;67;68;47;41;43;55;53;33;41;26;47;31;25;33;37;44;42;46;52;42;41;30;36;34;39;41;39;55;36;40;43;32;22;27;21;26;15;5;5;11;4;5;8;2;4;4;2;1;1;0;0;2
088003;Comiso;156;163;147;144;137;159;143;164;163;177;151;184;176;155;196;169;179;184;166;173;151;183;167;194;191;183;185;186;212;201;191;206;186;198;197;195;219;222;237;216;200;202;210;229;195;200;174;197;178;166;172;174;136;154;171;192;177;165;160;122;139;153;123;133;162;179;134;130;138;147;118;117;101;119;141;101;106;92;107;78;95;68;55;60;44;32;26;20;24;22;19;13;8;6;7;6;3;0;2;2;0
088004;Giarratana;17;7;15;16;19;18;16;17;11;13;18;12;20;20;15;20;12;28;18;18;15;11;27;16;37;18;17;23;15;18;23;22;17;13;20;24;30;19;23;29;20;17;25;18;30;21;18;14;30;13;24;25;16;16;18;13;18;23;21;15;20;7;15;14;19;16;20;17;21;13;20;17;17;20;19;19;14;16;16;12;17;0;19;1;9;3;5;6;10;4;4;5;2;2;1;0;3;0;0;0;0
088005;Ispica;70;68;76;75;72;83;69;71;79;79;83;83;108;95;105;95;95;82;90;104;90;94;108;119;92;89;95;77;100;103;101;90;103;103;99;108;99;93;104;96;111;78;90;106;85;89;83;104;99;100;97;99;73;90;91;89;81;84;86;74;73;70;62;73;90;88;68;75;66;73;58;59;56;55;60;63;45;45;50;43;33;31;30;23;20;26;8;10;6;11;5;4;6;4;1;0;0;2;0;0;0
088006;Modica;287;281;267;286;298;314;285;289;285;286;300;328;318;316;354;329;351;322;358;305;379;330;377;340;341;326;322;350;371;390;398;385;379;371;383;383;363;351;331;383;364;365;359;351;377;338;321;303;366;310;325;281;313;285;270;343;295;328;239;259;225;229;236;266;276;268;247;208;220;225;214;220;206;199;215;219;194;180;185;162;141;165;139;124;109;61;44;43;39;54;37;28;20;19;7;6;2;2;2;1;1
088007;Monterosso Almo;12;16;17;16;12;20;14;21;22;17;13;14;18;11;18;14;17;20;22;11;24;16;24;12;16;21;22;25;17;24;26;24;23;16;30;26;34;28;27;24;29;25;22;15;26;21;18;22;17;21;20;16;16;17;16;27;28;26;16;20;15;13;13;8;19;20;21;21;16;26;23;24;17;19;7;19;19;12;17;8;16;15;8;17;5;6;3;2;4;5;1;0;0;2;3;0;0;0;0;0;0
088008;Pozzallo;86;126;93;108;94;117;104;93;105;98;99;111;121;135;143;99;145;116;134;127;121;122;136;139;133;143;136;117;170;152;137;135;133;157;138;143;122;133;128;117;139;108;113;112;113;130;108;121;114;105;114;120;108;101;117;123;144;130;88;113;87;76;97;93;107;90;86;86;49;70;71;59;72;48;52;60;53;37;51;33;33;31;28;20;22;20;7;13;15;8;9;6;3;4;1;1;0;1;0;0;0
088009;Ragusa;314;297;303;303;333;307;292;339;335;353;367;362;376;394;370;390;387;398;380;380;373;444;423;421;451;449;437;470;452;474;540;514;508;471;500;490;477;501;519;493;513;470;515;476;464;487;467;456;447;423;460;397;401;390;448;444;436;481;404;359;319;331;295;333;383;395;377;345;349;350;343;304;301;316;310;274;284;240;222;221;234;188;172;141;140;72;46;51;48;67;45;33;36;22;11;13;7;4;2;2;0
088010;Santa Croce Camerina;40;37;38;42;38;48;46;34;42;46;57;39;51;48;53;56;52;31;47;50;49;41;48;50;59;57;52;65;58;75;56;55;61;46;55;62;70;67;55;59;45;48;53;56;63;52;36;45;55;59;63;46;48;52;47;59;44;55;41;36;51;37;42;45;52;43;41;35;43;38;55;30;29;29;33;35;28;24;32;22;24;14;18;13;21;3;7;3;5;12;2;3;6;4;1;0;0;0;0;0;1
088011;Scicli;138;125;130;98;131;135;130;135;129;118;135;152;168;165;144;147;157;147;156;136;138;149;175;169;185;146;155;152;184;169;207;207;192;156;150;211;182;189;192;181;181;153;162;179;165;156;137;133;141;145;147;136;129;149;153;150;158;156;169;111;124;108;145;123;159;142;126;116;126;136;108;135;120;120;122;116;101;92;85;98;66;74;78;63;45;34;21;19;18;25;16;9;12;6;7;0;1;0;0;0;0
088012;Vittoria;307;340;355;349;328;332;370;360;358;337;396;394;410;332;418;399;406;375;358;379;363;365;401;380;383;378;415;434;406;410;440;422;423;442;408;433;373;379;403;410;373;384;392;391;381;384;325;316;305;356;311;329;290;290;304;329;319;336;301;250;244;264;255;230;259;272;270;224;258;224;229;214;192;208;199;200;202;161;151;130;147;108;107;95;79;45;30;39;29;21;30;23;16;8;7;2;6;1;4;0;0
;Totale;1511;1570;1511;1507;1539;1617;1556;1618;1620;1627;1722;1775;1865;1755;1909;1810;1903;1799;1837;1777;1816;1839;2002;1955;1987;1899;1930;2007;2101;2121;2219;2169;2158;2075;2082;2170;2089;2093;2134;2114;2086;1976;2061;2043;2020;1989;1813;1792;1848;1812;1845;1709;1622;1627;1725;1868;1788;1875;1600;1438;1357;1351;1352;1389;1612;1603;1471;1330;1363;1373;1298;1241;1170;1203;1235;1163;1133;960;980;874;854;723;698;586;528;326;206;215;212;236;176;133;114;82;51;30;23;11;10;5;4
Territorio/Età;;0;1;2;3;4;5;6;7;8;9;10;11;12;13;14;15;16;17;18;19;20;21;22;23;24;25;26;27;28;29;30;31;32;33;34;35;36;37;38;39;40;41;42;43;44;45;46;47;48;49;50;51;52;53;54;55;56;57;58;59;60;61;62;63;64;65;66;67;68;69;70;71;72;73;74;75;76;77;78;79;80;81;82;83;84;85;86;87;88;89;90;91;92;93;94;95;96;97;98;99;100
Codice comune;Comune;Femmine
088001;Acate;37;39;49;44;55;44;38;59;57;53;55;51;54;45;44;62;34;51;45;48;55;48;65;47;73;58;59;47;55;55;54;59;46;77;65;61;59;53;54;63;53;53;57;50;55;54;50;45;44;50;57;44;46;52;44;52;51;55;40;37;28;35;37;37;34;47;35;24;41;46;28;25;25;43;30;38;39;27;29;21;29;16;24;20;18;14;7;8;4;9;6;4;3;7;0;1;0;1;0;1;0
088002;Chiaramonte Gulfi;23;20;32;32;28;35;45;36;36;43;36;44;50;43;42;42;43;50;51;49;42;48;48;47;52;42;38;54;38;45;48;46;40;61;55;69;71;62;51;68;53;64;56;60;65;65;51;59;56;48;43;42;52;50;48;55;38;46;40;25;40;41;45;37;61;46;44;52;56;39;45;56;41;59;59;47;48;38;47;39;42;27;35;31;27;22;16;8;20;17;7;16;3;5;2;1;4;0;2;0;1
088003;Comiso;140;140;149;147;136;139;127;147;150;157;140;181;166;166;184;146;140;184;170;160;190;158;164;172;169;152;220;180;220;215;213;212;206;218;206;221;223;220;236;222;218;225;208;202;205;226;167;205;190;195;190;191;158;170;164;177;207;204;178;130;144;142;174;144;174;167;187;153;156;150;166;138;143;159;156;147;124;128;117;109;114;109;113;87;94;37;26;23;22;31;22;22;18;9;6;4;6;0;2;1;2
088004;Giarratana;12;6;10;16;4;17;15;15;14;22;19;17;14;18;19;10;14;22;15;14;18;17;18;14;16;13;27;22;17;19;17;15;12;26;23;26;18;24;25;22;29;23;19;26;28;23;25;25;17;23;27;14;13;17;19;29;23;23;15;15;9;14;17;21;27;25;21;30;20;28;20;18;26;26;21;22;13;12;24;16;28;17;15;11;9;7;5;9;8;6;2;2;1;2;0;2;0;0;0;0;0
088005;Ispica;60;81;50;68;72;73;86;63;81;73;74;88;81;105;81;88;79;77;95;92;85;86;87;93;94;81;87;88;103;105;89;95;117;116;111;81;107;120;104;74;97;98;109;108;123;102;103;84;95;74;76;80;95;79;78;110;100;107;101;80;83;65;73;90;104;102;73;64;86;76;63;57;65;77;75;65;63;53;43;53;49;43;46;35;44;35;23;13;14;12;12;16;14;6;1;5;2;2;3;0;1
088006;Modica;273;264;252;282;295;290;265;283;266;314;291;330;282;279;331;336;380;337;337;334;301;359;353;349;330;344;365;361;388;392;428;366;385;362;359;399;416;374;393;397;398;371;420;379;396;308;371;289;362;325;334;319;333;347;316;343;348;336;312;248;264;251;263;265;303;321;295;228;267;258;223;241;274;280;245;262;260;229;250;258;249;213;211;202;149;107;66;62;79;74;72;46;49;31;12;8;6;9;1;2;1
088007;Monterosso Almo;10;18;20;16;22;21;15;8;21;19;10;17;16;16;24;12;20;16;20;15;17;20;15;25;17;18;25;26;28;24;24;29;23;20;16;20;26;28;34;19;22;24;25;24;23;28;23;19;14;25;21;17;28;28;13;13;23;27;22;23;12;19;18;13;19;18;23;28;19;22;28;18;15;15;22;18;25;16;29;14;12;11;19;10;11;10;3;5;4;5;3;8;3;3;1;0;0;0;0;0;1
088008;Pozzallo;83;111;83;84;101;87;109;112;82;102;95;111;105;103;113;136;128;133;140;128;151;142;132;130;121;116;107;137;135;149;126;141;142;137;125;113;152;133;129;141;123;130;147;129;125;126;127;125;115;144;148;144;112;95;122;128;126;111;101;90;84;62;89;95;95;91;87;76;72;70;75;63;72;78;75;58;53;54;65;52;49;53;48;45;50;26;15;15;20;20;17;11;14;11;4;2;4;1;0;0;1
088009;Ragusa;278;319;313;316;295;275;289;289;332;318;332;349;367;369;367;322;365;371;360;373;389;405;398;423;420;416;445;409;492;486;497;524;505;509;501;507;498;535;513;518;515;536;492;572;527;526;507;466;501;459;510;485;437;423;446;496;563;558;453;390;377;379;353;394;453;498;464;402;417;401;403;398;408;393;396;381;338;326;339;312;312;272;269;236;190;135;81;85;90;105;77;76;67;49;19;15;19;10;7;5;2
088010;Santa Croce Camerina;30;31;32;34;28;33;36;36;56;38;45;42;39;43;49;44;51;53;41;37;43;45;44;44;65;54;46;38;57;62;76;63;50;66;54;65;70;68;60;59;52;59;50;59;71;48;51;49;61;46;60;52;53;53;41;56;52;71;43;45;50;40;37;42;48;48;54;37;42;52;42;49;44;45;55;36;37;39;31;28;38;29;30;24;17;13;10;11;8;9;10;5;5;4;2;5;1;0;0;0;1
088011;Scicli;126;98;122;123;119;127;115;136;129;148;117;130;132;154;128;133;135;136;122;130;160;150;144;158;151;148;187;186;168;181;178;165;172;197;217;199;198;204;178;182;174;165;173;162;176;149;142;179;178;151;138;143;160;152;161;138;173;163;163;163;122;131;135;140;162;169;176;146;139;149;128;149;156;144;153;114;125;118;123;103;94;102;82;95;90;55;38;29;26;38;29;32;23;21;12;0;6;7;4;0;4
088012;Vittoria;334;326;327;285;313;328;329;335;338;326;302;368;374;399;370;334;364;361;365;376;382;364;401;376;417;407;388;396;446;415;449;403;408;446;388;410;411;434;469;403;394;422;381;379;419;409;334;347;359;331;362;293;313;317;338;355;341;370;308;255;245;255;242;297;322;307;279;227;286;281;267;249;223;240;262;222;244;181;196;199;163;153;176;141;132;92;61;56;52;42;34;36;21;27;16;6;12;5;2;1;1
;Totale;1406;1453;1439;1447;1468;1469;1469;1519;1562;1613;1516;1728;1680;1740;1752;1665;1753;1791;1761;1756;1833;1842;1869;1878;1925;1849;1994;1944;2147;2148;2199;2118;2106;2235;2120;2171;2249;2255;2246;2168;2128;2170;2137;2150;2213;2064;1951;1892;1992;1871;1966;1824;1800;1783;1790;1952;2045;2071;1776;1501;1458;1434;1483;1575;1802;1839;1738;1467;1601;1572;1488;1461;1492;1559;1549;1410;1369;1221;1293;1204;1179;1045;1068;937;831;553;351;324;347;368;291;274;221;175;75;49;60;35;21;10;15

"Ricostruzione della popolazione intercensuaria - Popolazione al 1° gennaio per età"
"Cittadinanza italiana - Anno: 2006 - Provincia: Ragusa"
Territorio/Età;;0;1;2;3;4;5;6;7;8;9;10;11;12;13;14;15;16;17;18;19;20;21;22;23;24;25;26;27;28;29;30;31;32;33;34;35;36;37;38;39;40;41;42;43;44;45;46;47;48;49;50;51;52;53;54;55;56;57;58;59;60;61;62;63;64;65;66;67;68;69;70;71;72;73;74;75;76;77;78;79;80;81;82;83;84;85;86;87;88;89;90;91;92;93;94;95;96;97;98;99;100
Codice comune;Comune;Totale
088001;Acate;84;94;92;95;90;96;90;87;119;101;107;106;94;105;81;103;106;88;95;104;107;116;107;124;106;120;104;115;106;111;103;112;122;118;123;115;115;120;117;115;123;102;101;109;107;115;99;109;83;90;96;100;83;95;92;78;95;106;105;88;70;57;71;73;72;77;94;69;46;73;74;56;50;51;72;63;55;70;50;53;45;43;19;39;27;24;18;7;11;7;10;7;5;6;4;1;1;0;0;0;1
088002;Chiaramonte Gulfi;62;49;72;57;55;64;71;79;71;86;93;90;96;101;89;73;90;87;99;103;88;97;77;103;105;100;80;79;107;96;100;86;89;103;119;105;112;135;118;104;115;113;136;120;111;124;129;120;101;105;116;110;91;91;94;102;108;71;87;66;72;71;67;77;74;103;88;87;100;96;78;76;91;75;94;94;86;98;72;86;77;73;47;57;47;44;31;19;13;21;21;9;15;3;6;1;3;4;1;2;3
088003;Comiso;263;297;303;300;297;280;299;276;314;313;339;294;361;342;323;382;318;330;366;333;335;345;338;336;363;355;332;397;361;436;411;408;419;395;419;406;413;438;441;475;444;412;430;421;434;399;427;340;400;366;359;365;370;293;321;331;367;382;362;338;255;285;292;292;274;328;344;320;280;295;294;284;248;243;272;294;242;225;212;213;175;193;169;157;132;127;61;40;38;36;43;33;30;20;9;12;5;8;0;1;2
088004;Giarratana;20;27;13;24;32;22;34;31;32;25;35;37;28;34;38;32;30;26;48;34;32;32;28;45;33;53;30;43;43;33;39;39;35;30;37;41;49;48;44;48;49;49;39;44;44;58;43;42;39;46;35;50;38;29;33;36;40;40;45;36;30;29;20;32;35;46;44;40;47;41;39;40;35;43;45;40;38;27;28;37;28;40;16;30;13;18;10;10;15;15;10;7;7;3;3;1;1;1;0;0;0
088005;Ispica;143;137;151;128;148;145;156;156;141;159;155;161;175;198;200;185;186;178;160;186;198;182;175;195;217;189;168;177;163;204;210;195;179;217;219;210;187;211;215;207;170;211;177;204;216;210;193;186;189;193;175;179;181;172;170;166;202;182;194;185;155;153;133;134;165;191;186;142;139;151;141;120;115;118;126;129;127;99;89;88;93;78;71;69;54;59;52;29;20;11;19;13;14;18;5;3;5;2;3;2;1
088006;Modica;529;564;542;523;575;598;613;549;575;552;609;595;664;599;596;682;661;733;664;689;641;682;684;719;681;668;671;673;704;756;781;829;748;764;731;751;786;783;725;727;788;766;742;778;731;772;645;694;589;727;630;657;597;644;630;580;685;637;663;556;505;488;478;493;535;583;585;537;440;483;475;433;459;474;472;452;472;436;401;418;395;369;349;331;293;229;153;98;88;101;105;86;62;53;37;13;7;6;5;1;5
088007;Monterosso Almo;19;22;34;37;32;35;40;28;30;44;36;23;31;34;27;42;26;38;35;43;25;41;36;40;36;32;40;44;51;44;46;50;53;45;35;47;48;59;56;60;43;51;49;49;37;49;49;40;42;30;46;41;33;44;45;28;40;51;52;38;40;27;33;30;21;39;38;45;49;35;48;51;40;32;34;28;35;43;25;42;23;28;21;24;23;14;16;5;6;7;6;3;5;3;5;3;0;0;0;0;1
088008;Pozzallo;178;169;232;178;190;194;209;211;204;187;198;194;221;230;232;262;236;273;246;273;256;271;265;268;269;254;261;244;254;292;296;262;283;272;288;273;259;274;260;251;258;261;239;259;235;239;256;233;253;230;249;263;266;218;194;239;251;271;237;188;205;175;135;184;186;202;182;172;159;124;138;145;120;138;122;120;113;103;85;114;80;76;76;74;61;63;43;18;24;32;18;19;13;11;10;5;2;0;1;0;0
088009;Ragusa;581;585;624;618;626;640;585;580;633;672;675;703;717;742;763;740;716;758;777;740;743;757;840;810;834;875;861;879;896;942;965;1035;1022;1024;983;1013;996;987;1035;1038;1019;1041;1013;1011;1057;996;1015;984;925;946;888;968;876;836;814;890;942;999;1044;855;744;688;712;650;732;834;888;840;750;755;738;733;685;698;704;688;644;610;543;543;519;518;437;404;353;296;193;114;122;117;146;100;92;75;55;22;16;15;7;6;2
088010;Santa Croce Camerina;59;73;71;70;75;68;83;81;71;98;83;102;82;91;92;106;98;103;84;91;92;96;92;91;96;123;116;103;106;116;139;135;118;112;119;114;126;138;134;117;122;101;108;102;117;137;102;88;95;116;106;127;98;101;102;90;116;96;127;89;80;102;79;79;88;100;90;97;69;87;86;94;78;66;71;84;68;70;62;62;45;59;40;46;35;34;14;14;14;13;14;9;6;8;3;2;4;1;0;0;2
088011;Scicli;247;257;223;253;220;254;263;243;274;259;267;252;281;301;319;269;278;294;285;279;266;296;297;319;327;332;291;332;334;354;350;374;368;361;355;364;416;378;395;369;363;352;317;334;342;340;306;277;314;316;298;288;279;286;302;311;289;337;320;332;274;244;238;278;262;318;308;302;256;260;280;233;274;266;257;264;224;219;202;193;187;152;158;154;141;124;77;49;39;39;56;32;35;27;22;16;0;6;3;2;3
088012;Vittoria;660;644;660;687;633;648;663;702;709;705;668;698;776;788;733;790;738;775;744;728;756;741;731;800;752;795;783;802;831;851;818;885;824;837;893;794;847;794;822;879;820;774;808;778;770;804;805;661;663;668;694;678;621;600;604;649;688;658;711;609;500;492;525;496;528;579;581;537;447;535;502;483;464;410;441;455;414;431;327;330;308;285;246;266;209;190;120;81;80;70;57;50;44;30;19;15;5;12;4;2;1
;Totale;2845;2918;3017;2970;2973;3044;3106;3023;3173;3201;3265;3255;3526;3565;3493;3666;3483;3683;3603;3603;3539;3656;3670;3850;3819;3896;3737;3888;3956;4235;4258;4410;4260;4278;4321;4233;4354;4365;4362;4390;4314;4233;4159;4209;4201;4243;4069;3774;3693;3833;3692;3826;3533;3409;3401;3500;3823;3830;3947;3380;2930;2811;2783;2818;2972;3400;3428;3188;2782;2935;2893;2748;2659;2614;2710;2711;2518;2431;2096;2179;1975;1914;1649;1651;1388;1222;788;484;470;469;505;368;328;257;178;94;49;55;24;16;21
Territorio/Età;;0;1;2;3;4;5;6;7;8;9;10;11;12;13;14;15;16;17;18;19;20;21;22;23;24;25;26;27;28;29;30;31;32;33;34;35;36;37;38;39;40;41;42;43;44;45;46;47;48;49;50;51;52;53;54;55;56;57;58;59;60;61;62;63;64;65;66;67;68;69;70;71;72;73;74;75;76;77;78;79;80;81;82;83;84;85;86;87;88;89;90;91;92;93;94;95;96;97;98;99;100
Codice comune;Comune;Maschi
088001;Acate;47;57;53;44;46;41;47;48;59;43;54;50;44;50;38;57;45;56;45;60;57;61;57;64;59;51;46;54;59;54;50;58;66;71;49;50;54;61;61;61;61;50;47;53;58;60;44;59;37;46;47;44;39;49;40;34;45;55;50;48;32;29;36;37;34;43;47;35;21;34;29;29;25;25;30;35;18;31;24;24;24;16;5;16;7;8;6;2;3;3;2;1;1;3;1;1;0;0;0;0;0
088002;Chiaramonte Gulfi;31;25;54;26;22;35;37;36;36;48;49;54;53;50;44;34;47;45;49;51;39;53;29;54;57;48;41;40;52;61;56;39;45;61;60;49;43;64;56;53;48;60;74;63;51;61;65;69;42;48;67;67;48;43;44;54;54;33;41;26;47;31;26;32;37;45;43;43;51;41;38;29;35;34;37;39;40;52;34;40;39;31;21;22;20;22;12;5;5;7;3;4;6;2;2;1;2;0;1;0;2
088003;Comiso;137;159;163;150;144;141;159;147;162;163;181;152;178;177;156;196;171;184;180;165;174;151;184;167;189;186;181;183;185;213;196;201;207;186;201;202;194;215;227;240;219;195;204;212;231;193;205;174;196;178;165;173;175;135;154;168;190;174;160;159;123;141;149;121;131;156;176;132;128;138;144;116;113;100;116;139;97;103;85;98;70;85;64;50;53;42;30;20;16;19;16;15;12;5;4;6;4;2;0;0;0
088004;Giarratana;11;16;7;14;16;18;17;16;17;11;13;18;12;20;20;15;20;12;27;18;18;14;11;27;18;38;18;18;22;14;19;22;22;18;12;18;23;30;20;23;27;20;16;25;18;30;20;17;15;30;12;24;25;16;16;17;13;18;23;21;15;20;7;14;14;19;19;20;17;21;12;20;17;17;19;20;19;14;16;15;12;15;0;16;2;8;3;5;6;7;4;4;5;2;2;1;0;1;0;0;0
088005;Ispica;78;74;69;77;78;70;83;71;73;79;81;85;85;112;97;105;97;96;83;90;104;93;91;107;122;93;89;91;77;101;107;105;85;100;100;100;105;103;94;104;94;110;76;95;107;87;90;83;104;97;101;99;100;76;92;91;91;81;85;84;75;73;69;61;74;90;86;69;73;66;69;59;58;54;49;57;65;41;41;46;41;30;31;27;22;19;18;9;9;2;9;3;3;5;1;0;0;0;2;0;0
088006;Modica;284;289;281;272;291;299;319;284;292;284;292;301;331;316;316;353;328;352;325;357;305;379;323;370;337;339;327;315;344;370;391;403;386;375;370;385;386;361;349;334;386;362;364;355;352;374;337;323;303;365;309;322;279;311;284;267;339;291;326;242;258;225;227;232;267;278;266;244;210;216;223;210;219;201;198;210;212;183;179;179;143;131;151;131;106;99;53;38;39;32;47;28;22;11;14;4;3;1;1;0;1
088007;Monterosso Almo;9;12;16;17;16;13;21;14;21;23;17;13;14;18;11;18;14;18;20;24;11;24;16;25;11;15;21;20;25;18;22;26;25;22;17;31;29;34;28;27;23;29;25;23;15;25;21;17;22;16;21;20;16;16;17;15;27;28;26;16;19;15;13;12;8;19;19;22;21;16;26;23;22;16;18;7;17;18;12;17;9;16;11;8;15;5;6;3;2;4;1;1;0;0;2;3;0;0;0;0;0
088008;Pozzallo;93;84;124;94;106;94;121;103;94;104;97;98;111;124;130;146;100;146;114;136;127;121;122;136;140;135;145;136;118;163;149;140;138;131;151;144;145;120;129;123;118;139;108;112;111;114;129;106;125;115;105;115;122;106;100;117;123;144;126;87;115;88;76;97;92;107;90;87;83;52;66;71;57;66;45;51;57;50;33;50;31;30;26;27;18;18;20;6;8;11;5;7;5;2;4;1;1;0;0;0;0
088009;Ragusa;322;308;303;306;306;342;308;290;341;337;354;367;365;376;397;371;393;390;405;377;377;371;437;420;414;454;445;433;480;457;477;537;509;510;474;505;485;477;503;521;502;520;471;515;479;467;489;473;456;447;425;460;392;401;390;445;444;436;484;404;352;313;334;296;333;380;393;381;343;346;343;335;299;295;312;304;264;275;226;212;213;223;176;158;130;124;69;44;44;36;57;35;27;19;20;9;7;3;0;2;0
088010;Santa Croce Camerina;31;42;38;37;41;39;50;48;34;41;45;57;41;52;48;54;55;54;31;50;53;51;45;47;51;59;59;55;67;58;73;58;53;62;49;56;62;68;66;57;60;47;48;53;57;65;52;37;44;55;59;63;46;47;50;48;61;45;55;45;36;52;39;42;45;52;40;42;34;43;36;53;29;25;27;33;34;30;23;31;20;23;14;15;11;18;3;6;3;4;5;2;3;3;1;0;0;0;0;0;1
088011;Scicli;100;130;123;128;97;133;134;130;137;131;119;135;152;168;166;143;146;158;148;155;135;138;147;173;169;180;146;151;148;185;169;199;204;190;155;149;215;181;186;193;180;180;153;164;180;164;158;134;135;140;146;148;137;129;149;152;149;160;157;169;110;121;107;143;123;153;139;126;114;125;134;106;131;114;117;116;110;95;89;77;89;65;64;75;59;38;29;18;16;16;21;14;7;10;4;6;0;1;0;0;0
088012;Vittoria;341;310;338;361;352;332;332;372;369;364;337;396;398;413;333;421;402;409;380;359;378;361;368;397;378;376;374;418;430;411;410;432;421;428;431;408;433;375;382;405;414;380;386;397;386;382;393;325;318;308;360;314;330;287;286;308;330;319;337;298;246;247;263;253;232;256;271;258;223;255;222;223;215;185;205;196;195;195;154;141;122;130;102;99;86;72;38;26;34;24;18;23;18;13;3;4;1;3;0;1;0
;Totale;1484;1506;1569;1526;1515;1557;1628;1559;1635;1628;1639;1726;1784;1876;1756;1913;1818;1920;1807;1842;1778;1817;1830;1987;1945;1974;1892;1914;2007;2105;2119;2220;2161;2154;2069;2097;2174;2089;2101;2141;2132;2092;1972;2067;2045;2022;2003;1817;1797;1845;1817;1849;1709;1616;1622;1716;1866;1784;1870;1599;1428;1355;1346;1340;1390;1598;1589;1459;1318;1353;1342;1274;1220;1132;1173;1207;1128;1087;916;930;813;795;665;644;529;473;287;182;185;165;188;137;109;75;58;36;18;11;4;3;4
Territorio/Età;;0;1;2;3;4;5;6;7;8;9;10;11;12;13;14;15;16;17;18;19;20;21;22;23;24;25;26;27;28;29;30;31;32;33;34;35;36;37;38;39;40;41;42;43;44;45;46;47;48;49;50;51;52;53;54;55;56;57;58;59;60;61;62;63;64;65;66;67;68;69;70;71;72;73;74;75;76;77;78;79;80;81;82;83;84;85;86;87;88;89;90;91;92;93;94;95;96;97;98;99;100
Codice comune;Comune;Femmine
088001;Acate;37;37;39;51;44;55;43;39;60;58;53;56;50;55;43;46;61;32;50;44;50;55;50;60;47;69;58;61;47;57;53;54;56;47;74;65;61;59;56;54;62;52;54;56;49;55;55;50;46;44;49;56;44;46;52;44;50;51;55;40;38;28;35;36;38;34;47;34;25;39;45;27;25;26;42;28;37;39;26;29;21;27;14;23;20;16;12;5;8;4;8;6;4;3;3;0;1;0;0;0;1
088002;Chiaramonte Gulfi;31;24;18;31;33;29;34;43;35;38;44;36;43;51;45;39;43;42;50;52;49;44;48;49;48;52;39;39;55;35;44;47;44;42;59;56;69;71;62;51;67;53;62;57;60;63;64;51;59;57;49;43;43;48;50;48;54;38;46;40;25;40;41;45;37;58;45;44;49;55;40;47;56;41;57;55;46;46;38;46;38;42;26;35;27;22;19;14;8;14;18;5;9;1;4;0;1;4;0;2;1
088003;Comiso;126;138;140;150;153;139;140;129;152;150;158;142;183;165;167;186;147;146;186;168;161;194;154;169;174;169;151;214;176;223;215;207;212;209;218;204;219;223;214;235;225;217;226;209;203;206;222;166;204;188;194;192;195;158;167;163;177;208;202;179;132;144;143;171;143;172;168;188;152;157;150;168;135;143;156;155;145;122;127;115;105;108;105;107;79;85;31;20;22;17;27;18;18;15;5;6;1;6;0;1;2
088004;Giarratana;9;11;6;10;16;4;17;15;15;14;22;19;16;14;18;17;10;14;21;16;14;18;17;18;15;15;12;25;21;19;20;17;13;12;25;23;26;18;24;25;22;29;23;19;26;28;23;25;24;16;23;26;13;13;17;19;27;22;22;15;15;9;13;18;21;27;25;20;30;20;27;20;18;26;26;20;19;13;12;22;16;25;16;14;11;10;7;5;9;8;6;3;2;1;1;0;1;0;0;0;0
088005;Ispica;65;63;82;51;70;75;73;85;68;80;74;76;90;86;103;80;89;82;77;96;94;89;84;88;95;96;79;86;86;103;103;90;94;117;119;110;82;108;121;103;76;101;101;109;109;123;103;103;85;96;74;80;81;96;78;75;111;101;109;101;80;80;64;73;91;101;100;73;66;85;72;61;57;64;77;72;62;58;48;42;52;48;40;42;32;40;34;20;11;9;10;10;11;13;4;3;5;2;1;2;1
088006;Modica;245;275;261;251;284;299;294;265;283;268;317;294;333;283;280;329;333;381;339;332;336;303;361;349;344;329;344;358;360;386;390;426;362;389;361;366;400;422;376;393;402;404;378;423;379;398;308;371;286;362;321;335;318;333;346;313;346;346;337;314;247;263;251;261;268;305;319;293;230;267;252;223;240;273;274;242;260;253;222;239;252;238;198;200;187;130;100;60;49;69;58;58;40;42;23;9;4;5;4;1;4
088007;Monterosso Almo;10;10;18;20;16;22;19;14;9;21;19;10;17;16;16;24;12;20;15;19;14;17;20;15;25;17;19;24;26;26;24;24;28;23;18;16;19;25;28;33;20;22;24;26;22;24;28;23;20;14;25;21;17;28;28;13;13;23;26;22;21;12;20;18;13;20;19;23;28;19;22;28;18;16;16;21;18;25;13;25;14;12;10;16;8;9;10;2;4;3;5;2;5;3;3;0;0;0;0;0;1
088008;Pozzallo;85;85;108;84;84;100;88;108;110;83;101;96;110;106;102;116;136;127;132;137;129;150;143;132;129;119;116;108;136;129;147;122;145;141;137;129;114;154;131;128;140;122;131;147;124;125;127;127;128;115;144;148;144;112;94;122;128;127;111;101;90;87;59;87;94;95;92;85;76;72;72;74;63;72;77;69;56;53;52;64;49;46;50;47;43;45;23;12;16;21;13;12;8;9;6;4;1;0;1;0;0
088009;Ragusa;259;277;321;312;320;298;277;290;292;335;321;336;352;366;366;369;323;368;372;363;366;386;403;390;420;421;416;446;416;485;488;498;513;514;509;508;511;510;532;517;517;521;542;496;578;529;526;511;469;499;463;508;484;435;424;445;498;563;560;451;392;375;378;354;399;454;495;459;407;409;395;398;386;403;392;384;380;335;317;331;306;295;261;246;223;172;124;70;78;81;89;65;65;56;35;13;9;12;7;4;2
088010;Santa Croce Camerina;28;31;33;33;34;29;33;33;37;57;38;45;41;39;44;52;43;49;53;41;39;45;47;44;45;64;57;48;39;58;66;77;65;50;70;58;64;70;68;60;62;54;60;49;60;72;50;51;51;61;47;64;52;54;52;42;55;51;72;44;44;50;40;37;43;48;50;55;35;44;50;41;49;41;44;51;34;40;39;31;25;36;26;31;24;16;11;8;11;9;9;7;3;5;2;2;4;1;0;0;1
088011;Scicli;147;127;100;125;123;121;129;113;137;128;148;117;129;133;153;126;132;136;137;124;131;158;150;146;158;152;145;181;186;169;181;175;164;171;200;215;201;197;209;176;183;172;164;170;162;176;148;143;179;176;152;140;142;157;153;159;140;177;163;163;164;123;131;135;139;165;169;176;142;135;146;127;143;152;140;148;114;124;113;116;98;87;94;79;82;86;48;31;23;23;35;18;28;17;18;10;0;5;3;2;3
088012;Vittoria;319;334;322;326;281;316;331;330;340;341;331;302;378;375;400;369;336;366;364;369;378;380;363;403;374;419;409;384;401;440;408;453;403;409;462;386;414;419;440;474;406;394;422;381;384;422;412;336;345;360;334;364;291;313;318;341;358;339;374;311;254;245;262;243;296;323;310;279;224;280;280;260;249;225;236;259;219;236;173;189;186;155;144;167;123;118;82;55;46;46;39;27;26;17;16;11;4;9;4;1;1
;Totale;1361;1412;1448;1444;1458;1487;1478;1464;1538;1573;1626;1529;1742;1689;1737;1753;1665;1763;1796;1761;1761;1839;1840;1863;1874;1922;1845;1974;1949;2130;2139;2190;2099;2124;2252;2136;2180;2276;2261;2249;2182;2141;2187;2142;2156;2221;2066;1957;1896;1988;1875;1977;1824;1793;1779;1784;1957;2046;2077;1781;1502;1456;1437;1478;1582;1802;1839;1729;1464;1582;1551;1474;1439;1482;1537;1504;1390;1344;1180;1249;1162;1119;984;1007;859;749;501;302;285;304;317;231;219;182;120;58;31;44;20;13;17

"Ricostruzione della popolazione intercensuaria - Popolazione al 1° gennaio per età"
"Cittadinanza italiana - Anno: 2007 - Provincia: Ragusa"
Territorio/Età;;0;1;2;3;4;5;6;7;8;9;10;11;12;13;14;15;16;17;18;19;20;21;22;23;24;25;26;27;28;29;30;31;32;33;34;35;36;37;38;39;40;41;42;43;44;45;46;47;48;49;50;51;52;53;54;55;56;57;58;59;60;61;62;63;64;65;66;67;68;69;70;71;72;73;74;75;76;77;78;79;80;81;82;83;84;85;86;87;88;89;90;91;92;93;94;95;96;97;98;99;100
Codice comune;Comune;Totale
088001;Acate;87;83;93;89;96;89;91;91;88;118;101;106;108;95;105;79;105;106;88;99;104;103;116;106;123;103;120;99;110;100;111;100;106;118;110;119;114;117;116;115;112;122;102;102;110;106;114;97;109;85;89;96;99;83;94;93;77;97;107;106;87;67;58;75;76;73;77;93;68;46;72;73;56;49;49;70;58;54;67;50;47;45;38;16;36;26;22;16;6;9;6;6;4;2;4;3;0;1;0;0;1
088002;Chiaramonte Gulfi;58;62;50;72;59;55;64;72;79;71;88;89;91;94;100;90;73;88;88;98;105;85;92;77;99;100;97;79;79;102;93;95;86;86;102;117;107;115;136;118;105;117;112;136;118;111;124;128;120;100;105;118;110;89;90;94;102;107;70;88;66;71;72;66;74;74;99;89;86;99;89;76;72;91;73;92;91;83;93;64;86;74;66;43;49;46;42;28;15;11;16;17;7;14;3;5;1;2;2;0;3
088003;Comiso;251;267;296;307;295;297;280;299;278;315;314;341;295;363;341;323;382;318;327;362;336;334;340;343;334;360;350;331;392;359;435;421;406;420;396;420;410;415;432;447;467;447;412;430;422;435;401;432;341;403;364;358;364;370;292;319;330;369;377;368;335;248;284;292;287;269;327;334;317;273;286;291;276;244;232;269;286;234;217;206;194;170;181;156;139;118;108;56;33;32;25;34;28;21;15;3;7;5;2;0;3
088004;Giarratana;24;17;26;13;24;32;22;34;31;32;25;35;37;28;34;37;32;30;26;49;34;32;32;29;45;32;54;29;43;41;33;41;38;32;28;38;42;51;47;43;48;49;50;39;45;44;58;45;42;39;46;35;52;38;29;34;36;40;38;46;35;31;30;20;32;36;46;44;40;49;41;40;41;34;43;43;37;37;23;26;38;27;38;12;29;12;15;9;7;15;13;8;5;6;2;3;1;0;1;0;0
088005;Ispica;125;146;143;152;135;147;146;153;162;145;158;157;163;176;202;200;187;184;181;156;186;198;185;180;194;214;187;172;179;163;207;209;194;179;216;219;210;195;214;217;212;173;211;184;204;216;207;195;186;192;189;174;182;179;173;171;165;204;179;196;187;156;156;131;132;164;188;185;141;137;150;137;118;115;119;123;126;122;93;86;81;85;74;68;63;47;53;47;23;18;8;17;9;14;13;2;2;3;0;3;2
088006;Modica;545;536;562;538;525;578;598;614;556;580;552;618;595;669;599;598;679;659;734;665;690;642;680;679;718;683;674;667;684;707;761;779;831;750;773;734;759;788;797;732;735;794;771;749;780;728;766;647;694;585;726;624;658;594;641;623;576;685;631;657;554;509;485;479;491;531;584;584;531;440;480;464;430;447;467;467;443;447;418;389;406;377;347;317;299;270;202;129;91;69;83;88;67;41;43;30;8;3;3;4;6
088007;Monterosso Almo;30;22;22;34;37;32;33;41;27;30;44;36;23;31;34;27;43;28;37;37;43;25;41;37;41;35;31;40;42;51;45;47;48;55;45;36;46;48;59;57;59;42;49;49;48;38;50;49;40;42;33;46;40;33;44;45;28;40;50;50;37;40;27;32;30;21;39;38;44;49;35;48;50;39;33;35;25;34;41;25;40;23;26;21;24;24;13;14;5;5;5;7;5;4;3;3;3;0;0;0;1
088008;Pozzallo;215;174;166;234;181;191;197;213;214;201;184;201;195;226;230;233;260;235;273;246;274;255;279;265;269;273;256;258;237;245;297;293;260;287;270;293;275;252;270;264;255;254;263;238;261;244;240;254;231;251;232;250;261;267;220;192;241;254;267;237;193;209;168;132;184;184;204;184;172;154;120;131;145;115;133;116;120;107;100;78;108;76;68;69;69;57;57;41;14;22;31;17;19;10;8;6;6;3;0;1;0
088009;Ragusa;620;581;577;627;617;629;642;587;587;642;676;679;703;717;747;765;739;712;759;777;741;741;759;832;811;842;863;863;875;905;948;961;1024;1032;1026;986;1018;1001;994;1030;1038;1022;1048;1015;1014;1057;1005;1012;983;928;946;890;973;878;833;814;884;935;998;1038;855;738;683;708;645;731;828;884;836;747;754;732;732;666;680;683;666;633;595;522;518;494;499;407;372;326;278;169;99;106;97;122;82;72;53;41;20;14;9;6;3
088010;Santa Croce Camerina;76;60;79;74;76;79;70;85;84;69;101;84;105;84;92;93;107;101;110;86;91;98;93;92;95;97;121;116;106;106;115;140;138;115;113;118;122;127;139;135;118;122;102;112;105;120;140;102;90;97;115;105;123;96;103;100;91;118;100;126;89;83;101;78;78;87;98;91;98;70;85;84;92;78;64;64;80;67;66;62;58;45;58;36;42;30;31;12;14;7;10;11;9;8;7;2;0;3;1;0;0
088011;Scicli;237;244;255;226;250;223;255;260;241;274;257;266;255;278;300;317;270;278;292;285;272;267;293;298;316;323;319;285;325;331;344;350;367;363;357;352;361;412;375;393;368;362;351;320;338;338;341;313;277;317;312;302;285;280;287;303;313;289;338;321;334;276;246;243;278;264;316;310;299;253;256;272;228;267;260;252;252;218;207;190;182;182;144;144;144;129;116;65;42;34;31;45;27;29;24;13;10;0;4;3;4
088012;Vittoria;626;655;643;650;679;630;645;667;702;714;713;678;701;779;795;740;794;742;775;759;730;753;746;732;794;748;786;785;802;826;859;808;892;829;842;893;795;841;805;827;887;826;779;814;785;771;809;804;666;665;673;697;677;625;601;599;649;689;657;707;610;505;491;524;500;524;577;575;526;443;526;492;481;448;404;434;440;394;423;320;310;300;258;237;235;194;168;109;75;67;65;51;37;36;25;15;9;2;6;1;3
;Totale;2894;2847;2912;3016;2974;2982;3043;3116;3049;3191;3213;3290;3271;3540;3579;3502;3671;3481;3690;3619;3606;3533;3656;3670;3839;3810;3858;3724;3874;3936;4248;4244;4390;4266;4278;4325;4259;4362;4384;4378;4404;4330;4250;4188;4230;4208;4255;4078;3779;3704;3830;3695;3824;3532;3407;3387;3492;3827;3812;3940;3382;2933;2801;2780;2807;2958;3383;3411;3158;2760;2894;2840;2721;2593;2557;2648;2624;2430;2343;2018;2068;1898;1797;1526;1501;1279;1105;695;424;395;390;423;299;257;200;126;67;36;28;18;26
Territorio/Età;;0;1;2;3;4;5;6;7;8;9;10;11;12;13;14;15;16;17;18;19;20;21;22;23;24;25;26;27;28;29;30;31;32;33;34;35;36;37;38;39;40;41;42;43;44;45;46;47;48;49;50;51;52;53;54;55;56;57;58;59;60;61;62;63;64;65;66;67;68;69;70;71;72;73;74;75;76;77;78;79;80;81;82;83;84;85;86;87;88;89;90;91;92;93;94;95;96;97;98;99;100
Codice comune;Comune;Maschi
088001;Acate;49;45;55;54;45;45;41;48;48;58;44;54;51;45;51;36;58;45;56;48;61;54;62;56;64;56;50;43;52;54;55;48;54;62;64;47;48;58;57;59;59;59;51;47;54;58;59;42;59;37;45;46;44;38;49;41;34;47;56;51;47;30;30;38;38;35;43;46;35;22;33;29;29;25;26;30;32;17;29;25;19;24;13;3;14;7;7;4;1;3;3;1;0;1;2;1;0;0;0;0;0
088002;Chiaramonte Gulfi;31;30;26;54;28;21;35;37;37;36;49;45;55;52;50;45;34;45;43;48;53;39;51;30;50;55;50;42;40;51;57;55;40;46;61;60;52;48;66;56;54;49;59;75;61;50;60;64;70;41;49;68;67;48;44;44;55;54;32;40;26;46;31;25;32;36;44;44;42;52;37;36;28;34;32;36;38;39;49;30;39;38;27;21;17;21;21;11;3;5;5;2;4;6;2;1;1;1;0;0;2
088003;Comiso;145;137;157;168;148;141;142;159;148;162;163;183;152;180;177;156;197;170;183;178;166;173;149;182;165;187;183;179;179;182;210;202;197;205;183;197;203;193;213;229;236;220;194;204;214;226;195;208;173;199;178;164;172;173;135;151;167;189;168;163;157;118;140;148;119;127;155;170;129;125;133;144;111;109;96;113;134;93;100;83;87;67;79;58;43;45;35;26;17;13;15;12;10;7;4;0;4;4;1;0;0
088004;Giarratana;17;9;15;7;14;16;18;17;16;17;11;13;18;12;20;19;15;20;12;28;18;18;14;12;27;18;37;17;18;21;15;21;22;21;17;12;19;23;29;19;23;27;20;17;26;18;30;22;17;16;30;12;24;25;16;16;17;13;17;23;20;15;21;7;14;13;19;19;20;18;21;13;21;16;17;20;18;19;13;14;16;11;13;0;15;2;5;3;2;6;6;3;3;4;2;2;1;0;1;0;0
088005;Ispica;63;78;76;71;80;76;70;83;76;73;80;81;88;87;112;97;107;97;98;80;89;105;95;91;104;117;92;89;92;78;102;110;105;88;98;100;98;114;103;96;107;95;110;84;95;105;84;89;83;107;97;99;102;98;77;94;90;91;79;89;84;76;74;67;63;73;89;83;68;74;66;66;55;57;53;47;54;64;39;40;41;39;30;32;24;20;17;13;10;8;3;8;1;4;4;1;0;0;0;2;0
088006;Modica;283;291;288;275;273;291;299;320;286;296;285;295;301;334;316;314;351;325;354;326;357;303;373;320;363;338;340;327;321;346;376;393;398;385;382;369;386;385;368;358;339;389;367;367;358;352;368;340;324;295;364;308;320;275;306;282;265;340;289;323;238;261;223;223;233;267;278;264;240;210;214;216;207;214;195;195;204;196;174;172;167;136;125;134;117;93;86;45;32;30;23;43;24;10;9;13;2;1;0;1;1
088007;Monterosso Almo;18;10;12;16;17;16;13;21;14;21;23;17;13;14;18;11;18;16;18;20;24;11;24;17;26;11;15;21;21;26;18;22;26;26;20;17;30;29;34;29;27;23;28;25;23;15;26;21;17;22;18;21;19;16;16;17;15;27;27;25;16;19;15;13;12;8;19;19;21;21;14;26;22;22;17;20;7;16;18;12;16;9;14;11;8;13;5;5;3;2;2;1;2;0;0;2;3;0;0;0;0
088008;Pozzallo;120;90;80;125;97;108;96;122;104;92;103;100;97;114;123;131;145;100;148;115;137;125;125;123;138;143;136;140;134;115;164;144;136;141;133;152;145;138;117;131;126;117;141;107;112;116;115;128;105;122;116;107;114;122;109;100;117;122;142;128;87;117;85;73;98;89;105;93;85;79;47;63;72;52;61;41;50;53;48;30;45;32;25;25;25;18;14;19;4;7;11;4;7;4;2;3;2;1;0;0;0
088009;Ragusa;311;323;304;302;308;308;344;310;293;343;340;358;367;363;380;397;369;389;392;403;380;379;368;434;418;418;450;443;430;482;452;468;535;509;508;475;509;495;482;501;520;504;526;472;514;483;472;485;469;458;448;425;464;392;398;392;441;439;436;481;402;350;311;333;290;331;377;391;379;338;348;342;335;283;284;301;292;257;269;219;199;201;211;154;140;115;115;59;38;41;27;50;26;21;10;17;7;6;2;0;2
088010;Santa Croce Camerina;40;32;46;41;42;43;40;51;48;31;43;45;57;43;53;48;54;56;57;33;50;55;49;47;47;53;56;59;56;68;58;78;56;51;63;49;61;60;69;68;58;58;48;52;56;59;67;51;39;47;53;58;61;47;48;46;48;65;48;54;44;38;52;38;44;45;50;41;41;33;42;34;52;28;23;23;33;33;29;22;28;19;22;13;13;9;17;3;6;2;4;4;2;3;3;0;0;0;0;0;0
088011;Scicli;117;100;130;124;128;99;134;133;129;137;129;118;137;150;169;164;143;147;156;147;151;134;139;149;176;166;171;141;149;147;181;169;196;202;185;151;148;208;177;183;195;178;181;158;165;180;162;160;134;138;139;145;147;136;131;147;152;149;160;158;171;111;123;111;142;127;153;142;125;115;124;132;104;129;113;114;106;104;89;85;71;87;62;59;69;54;32;24;16;14;14;18;13;6;7;0;3;0;0;0;0
088012;Vittoria;334;343;309;334;356;354;330;333;372;373;363;342;399;398;415;339;426;405;410;392;357;373;365;368;395;376;374;382;417;427;416;407;436;421;432;429;413;427;375;379;407;421;381;392;405;390;383;394;327;320;309;360;314;333;285;284;307;331;316;335;299;250;245;265;256;232;256;266;249;221;252;220;220;207;177;199;190;182;192;150;130;120;118;98;87;80;65;38;24;30;24;16;15;13;10;0;3;1;0;0;0
;Totale;1528;1488;1498;1571;1536;1518;1562;1634;1571;1639;1633;1651;1735;1792;1884;1757;1917;1815;1927;1818;1843;1769;1814;1829;1973;1938;1954;1883;1909;1997;2104;2117;2201;2157;2146;2058;2112;2178;2090;2108;2151;2140;2106;2000;2083;2052;2021;2004;1817;1802;1846;1813;1848;1703;1614;1614;1708;1867;1770;1870;1591;1431;1350;1341;1341;1383;1588;1578;1434;1308;1331;1321;1256;1176;1094;1139;1158;1073;1049;882;858;783;739;608;572;477;419;250;156;161;137;162;107;79;55;40;26;14;4;3;5
Territorio/Età;;0;1;2;3;4;5;6;7;8;9;10;11;12;13;14;15;16;17;18;19;20;21;22;23;24;25;26;27;28;29;30;31;32;33;34;35;36;37;38;39;40;41;42;43;44;45;46;47;48;49;50;51;52;53;54;55;56;57;58;59;60;61;62;63;64;65;66;67;68;69;70;71;72;73;74;75;76;77;78;79;80;81;82;83;84;85;86;87;88;89;90;91;92;93;94;95;96;97;98;99;100
Codice comune;Comune;Femmine
088001;Acate;38;38;38;35;51;44;50;43;40;60;57;52;57;50;54;43;47;61;32;51;43;49;54;50;59;47;70;56;58;46;56;52;52;56;46;72;66;59;59;56;53;63;51;55;56;48;55;55;50;48;44;50;55;45;45;52;43;50;51;55;40;37;28;37;38;38;34;47;33;24;39;44;27;24;23;40;26;37;38;25;28;21;25;13;22;19;15;12;5;6;3;5;4;1;2;2;0;1;0;0;1
088002;Chiaramonte Gulfi;27;32;24;18;31;34;29;35;42;35;39;44;36;42;50;45;39;43;45;50;52;46;41;47;49;45;47;37;39;51;36;40;46;40;41;57;55;67;70;62;51;68;53;61;57;61;64;64;50;59;56;50;43;41;46;50;47;53;38;48;40;25;41;41;42;38;55;45;44;47;52;40;44;57;41;56;53;44;44;34;47;36;39;22;32;25;21;17;12;6;11;15;3;8;1;4;0;1;2;0;1
088003;Comiso;106;130;139;139;147;156;138;140;130;153;151;158;143;183;164;167;185;148;144;184;170;161;191;161;169;173;167;152;213;177;225;219;209;215;213;223;207;222;219;218;231;227;218;226;208;209;206;224;168;204;186;194;192;197;157;168;163;180;209;205;178;130;144;144;168;142;172;164;188;148;153;147;165;135;136;156;152;141;117;123;107;103;102;98;96;73;73;30;16;19;10;22;18;14;11;3;3;1;1;0;3
088004;Giarratana;7;8;11;6;10;16;4;17;15;15;14;22;19;16;14;18;17;10;14;21;16;14;18;17;18;14;17;12;25;20;18;20;16;11;11;26;23;28;18;24;25;22;30;22;19;26;28;23;25;23;16;23;28;13;13;18;19;27;21;23;15;16;9;13;18;23;27;25;20;31;20;27;20;18;26;23;19;18;10;12;22;16;25;12;14;10;10;6;5;9;7;5;2;2;0;1;0;0;0;0;0
088005;Ispica;62;68;67;81;55;71;76;70;86;72;78;76;75;89;90;103;80;87;83;76;97;93;90;89;90;97;95;83;87;85;105;99;89;91;118;119;112;81;111;121;105;78;101;100;109;111;123;106;103;85;92;75;80;81;96;77;75;113;100;107;103;80;82;64;69;91;99;102;73;63;84;71;63;58;66;76;72;58;54;46;40;46;44;36;39;27;36;34;13;10;5;9;8;10;9;1;2;3;0;1;2
088006;Modica;262;245;274;263;252;287;299;294;270;284;267;323;294;335;283;284;328;334;380;339;333;339;307;359;355;345;334;340;363;361;385;386;433;365;391;365;373;403;429;374;396;405;404;382;422;376;398;307;370;290;362;316;338;319;335;341;311;345;342;334;316;248;262;256;258;264;306;320;291;230;266;248;223;233;272;272;239;251;244;217;239;241;222;183;182;177;116;84;59;39;60;45;43;31;34;17;6;2;3;3;5
088007;Monterosso Almo;12;12;10;18;20;16;20;20;13;9;21;19;10;17;16;16;25;12;19;17;19;14;17;20;15;24;16;19;21;25;27;25;22;29;25;19;16;19;25;28;32;19;21;24;25;23;24;28;23;20;15;25;21;17;28;28;13;13;23;25;21;21;12;19;18;13;20;19;23;28;21;22;28;17;16;15;18;18;23;13;24;14;12;10;16;11;8;9;2;3;3;6;3;4;3;1;0;0;0;0;1
088008;Pozzallo;95;84;86;109;84;83;101;91;110;109;81;101;98;112;107;102;115;135;125;131;137;130;154;142;131;130;120;118;103;130;133;149;124;146;137;141;130;114;153;133;129;137;122;131;149;128;125;126;126;129;116;143;147;145;111;92;124;132;125;109;106;92;83;59;86;95;99;91;87;75;73;68;73;63;72;75;70;54;52;48;63;44;43;44;44;39;43;22;10;15;20;13;12;6;6;3;4;2;0;1;0
088009;Ragusa;309;258;273;325;309;321;298;277;294;299;336;321;336;354;367;368;370;323;367;374;361;362;391;398;393;424;413;420;445;423;496;493;489;523;518;511;509;506;512;529;518;518;522;543;500;574;533;527;514;470;498;465;509;486;435;422;443;496;562;557;453;388;372;375;355;400;451;493;457;409;406;390;397;383;396;382;374;376;326;303;319;293;288;253;232;211;163;110;61;65;70;72;56;51;43;24;13;8;7;6;1
088010;Santa Croce Camerina;36;28;33;33;34;36;30;34;36;38;58;39;48;41;39;45;53;45;53;53;41;43;44;45;48;44;65;57;50;38;57;62;82;64;50;69;61;67;70;67;60;64;54;60;49;61;73;51;51;50;62;47;62;49;55;54;43;53;52;72;45;45;49;40;34;42;48;50;57;37;43;50;40;50;41;41;47;34;37;40;30;26;36;23;29;21;14;9;8;5;6;7;7;5;4;2;0;3;1;0;0
088011;Scicli;120;144;125;102;122;124;121;127;112;137;128;148;118;128;131;153;127;131;136;138;121;133;154;149;140;157;148;144;176;184;163;181;171;161;172;201;213;204;198;210;173;184;170;162;173;158;179;153;143;179;173;157;138;144;156;156;161;140;178;163;163;165;123;132;136;137;163;168;174;138;132;140;124;138;147;138;146;114;118;105;111;95;82;85;75;75;84;41;26;20;17;27;14;23;17;13;7;0;4;3;4
088012;Vittoria;292;312;334;316;323;276;315;334;330;341;350;336;302;381;380;401;368;337;365;367;373;380;381;364;399;372;412;403;385;399;443;401;456;408;410;464;382;414;430;448;480;405;398;422;380;381;426;410;339;345;364;337;363;292;316;315;342;358;341;372;311;255;246;259;244;292;321;309;277;222;274;272;261;241;227;235;250;212;231;170;180;180;140;139;148;114;103;71;51;37;41;35;22;23;15;15;6;1;6;1;3
;Totale;1366;1359;1414;1445;1438;1464;1481;1482;1478;1552;1580;1639;1536;1748;1695;1745;1754;1666;1763;1801;1763;1764;1842;1841;1866;1872;1904;1841;1965;1939;2144;2127;2189;2109;2132;2267;2147;2184;2294;2270;2253;2190;2144;2188;2147;2156;2234;2074;1962;1902;1984;1882;1976;1829;1793;1773;1784;1960;2042;2070;1791;1502;1451;1439;1466;1575;1795;1833;1724;1452;1563;1519;1465;1417;1463;1509;1466;1357;1294;1136;1210;1115;1058;918;929;802;686;445;268;234;253;261;192;178;145;86;41;22;24;15;21

"Ricostruzione della popolazione intercensuaria - Popolazione al 1° gennaio per età"
"Cittadinanza italiana - Anno: 2008 - Provincia: Ragusa"
Territorio/Età;;0;1;2;3;4;5;6;7;8;9;10;11;12;13;14;15;16;17;18;19;20;21;22;23;24;25;26;27;28;29;30;31;32;33;34;35;36;37;38;39;40;41;42;43;44;45;46;47;48;49;50;51;52;53;54;55;56;57;58;59;60;61;62;63;64;65;66;67;68;69;70;71;72;73;74;75;76;77;78;79;80;81;82;83;84;85;86;87;88;89;90;91;92;93;94;95;96;97;98;99;100
Codice comune;Comune;Totale
088001;Acate;72;92;82;94;94;95;90;90;90;86;118;100;104;110;94;104;78;105;106;89;96;103;100;117;107;125;103;121;96;113;102;106;102;103;117;108;121;113;117;118;117;111;122;105;99;114;107;116;97;111;85;88;96;98;82;92;94;77;96;104;105;85;66;56;75;75;73;78;95;67;45;71;71;56;48;49;66;55;51;64;49;43;41;35;12;32;19;19;13;4;7;4;6;4;1;2;2;0;1;0;1
088002;Chiaramonte Gulfi;61;59;62;48;76;58;56;66;72;78;70;87;90;90;96;101;89;73;85;88;96;105;87;94;79;98;100;97;82;83;103;93;96;86;83;100;122;107;117;135;114;104;120;111;137;118;113;123;126;118;99;103;118;108;89;87;93;101;107;70;90;66;72;70;67;73;72;99;89;88;95;88;76;74;86;68;90;87;82;88;63;81;69;60;40;43;41;32;24;13;9;15;13;1;11;2;4;1;0;1;3
088003;Comiso;247;255;269;301;308;296;298;280;298;282;316;315;341;294;359;340;323;381;322;328;360;337;334;342;342;334;363;353;335;399;354;431;426;410;431;402;422;412;421;433;449;471;447;416;431;421;439;403;432;342;398;364;358;365;366;290;311;327;372;376;363;337;246;284;286;283;268;325;330;318;272;284;283;263;238;225;264;281;225;212;197;175;159;160;137;127;102;94;50;31;28;17;29;24;19;5;2;3;1;1;3
088004;Giarratana;21;23;16;26;14;24;34;24;34;31;31;25;35;37;29;33;37;32;31;26;49;34;32;32;29;46;29;50;31;43;42;38;38;40;33;29;37;43;47;49;43;48;48;51;38;45;44;58;45;41;39;45;35;53;38;30;33;37;41;38;47;37;32;30;21;32;38;45;45;39;50;41;40;40;35;42;40;35;37;22;26;34;25;36;12;22;11;15;7;7;14;11;2;5;5;2;2;0;0;0;0
088005;Ispica;122;124;151;141;153;144;146;148;158;159;153;165;154;165;179;202;202;190;183;182;157;193;196;179;179;187;208;191;178;176;171;214;211;192;175;221;223;212;198;214;221;218;173;214;185;202;217;210;194;188;192;189;175;187;176;172;169;167;204;185;197;188;155;157;136;132;162;184;188;138;136;147;131;117;111;115;119;121;120;91;78;77;81;71;63;53;40;49;39;21;14;7;16;8;9;8;2;2;0;0;5
088006;Modica;562;557;542;562;545;529;583;601;621;556;587;554;624;598;672;600;598;677;660;736;662;690;645;686;677;717;681;673;671;683;710;770;789;833;745;779;738;762;797;802;737;743;799;772;748;784;729;768;645;690;590;724;626;655;597;636;621;574;685;633;648;561;511;486;473;481;531;587;576;525;437;472;457;422;437;460;453;425;429;390;369;388;351;314;286;268;239;182;108;75;58;71;69;48;29;30;15;7;0;2;5
088007;Monterosso Almo;27;28;22;22;34;37;32;33;41;25;29;43;36;23;31;34;25;42;27;39;39;43;24;39;38;38;35;31;40;41;49;40;49;45;50;44;40;45;48;59;58;58;40;48;52;47;37;48;49;40;41;33;47;40;31;44;45;28;40;50;50;37;39;27;31;29;21;41;38;44;49;35;48;50;37;31;35;25;29;39;25;39;19;21;22;23;21;8;13;4;4;5;7;2;3;3;2;2;0;0;1
088008;Pozzallo;183;223;180;172;236;178;196;196;217;224;199;186;200;197;225;229;232;255;239;279;247;267;257;286;267;271;281;269;257;239;250;308;291;263;288;273;295;282;254;273;259;250;256;267;242;260;254;240;256;232;247;232;247;258;269;222;195;241;256;267;238;191;214;169;134;188;187;204;182;171;154;124;132;143;114;130;113;121;102;100;73;101;73;62;66;63;50;48;36;13;15;24;13;17;5;5;4;5;2;0;0
088009;Ragusa;627;623;584;577;627;613;627;637;590;595;650;681;682;706;724;756;764;744;716;763;784;739;743;758;826;811;846;863;861;877;917;956;961;1044;1033;1024;998;1023;1016;998;1043;1039;1022;1052;1018;1025;1064;1007;1014;984;935;946;888;975;877;829;811;879;929;997;1030;851;738;676;708;644;728;821;880;825;742;745;722;724;653;664;666;648;608;577;502;500;461;464;376;345;301;243;150;88;86;88;98;71;53;37;29;17;11;7;5
088010;Santa Croce Camerina;57;69;59;80;76;79;84;70;83;84;71;103;90;102;87;91;96;106;103;108;89;91;98;91;96;92;98;118;117;107;107;113;138;133;118;113;122;127;122;136;135;115;125;104;113;107;116;140;101;91;100;113;106;129;94;101;101;90;121;100;130;88;82;99;79;79;86;98;90;99;71;86;84;92;77;63;61;77;65;63;59;53;41;53;35;32;28;28;11;12;6;8;6;7;6;3;0;0;2;0;0
088011;Scicli;219;235;243;256;226;251;224;257;260;238;271;258;266;257;278;298;317;271;278;293;281;275;267;287;297;317;320;314;281;322;328;340;348;369;369;358;348;361;413;380;393;370;364;351;324;341;335;339;313;276;316;314;299;282;281;288;303;315;285;336;320;333;273;246;241;274;260;318;309;293;250;250;265;224;265;253;241;240;207;198;182;168;172;132;129;129;115;103;57;32;26;26;36;21;26;15;8;8;0;3;4
088012;Vittoria;633;621;657;639;648;683;630;650;672;706;717;718;682;709;790;797;745;794;744;780;759;729;756;738;715;784;748;785;782;792;809;863;814;891;833;844;893;791;847;807;836;890;827;779;816;788;772;812;808;677;666;676;695;681;630;606;600;649;679;655;706;606;504;491;522;496;520;573;569;520;440;520;487;471;433;395;424;436;387;402;309;294;269;241;222;215;176;148;94;64;56;54;41;32;29;22;14;7;0;5;2
;Totale;2831;2909;2867;2918;3037;2987;3000;3052;3136;3064;3212;3235;3304;3288;3564;3585;3506;3670;3494;3711;3619;3606;3539;3649;3652;3820;3812;3865;3731;3875;3942;4272;4263;4409;4275;4295;4359;4278;4397;4404;4405;4417;4343;4270;4203;4252;4227;4264;4080;3790;3708;3827;3690;3831;3530;3397;3376;3485;3815;3811;3924;3380;2932;2791;2773;2786;2946;3373;3391;3127;2741;2863;2796;2676;2534;2495;2572;2551;2342;2246;1932;1953;1761;1649;1400;1352;1143;969;602;364;323;330;336;240;196;134;84;52;17;19;29
Territorio/Età;;0;1;2;3;4;5;6;7;8;9;10;11;12;13;14;15;16;17;18;19;20;21;22;23;24;25;26;27;28;29;30;31;32;33;34;35;36;37;38;39;40;41;42;43;44;45;46;47;48;49;50;51;52;53;54;55;56;57;58;59;60;61;62;63;64;65;66;67;68;69;70;71;72;73;74;75;76;77;78;79;80;81;82;83;84;85;86;87;88;89;90;91;92;93;94;95;96;97;98;99;100
Codice comune;Comune;Maschi
088001;Acate;39;51;46;55;57;44;46;42;49;48;58;44;53;53;45;50;36;58;45;56;47;61;52;61;55;65;56;50;41;52;55;52;46;52;61;62;47;48;56;58;59;62;60;53;44;57;59;61;42;61;37;45;46;43;38;48;42;35;46;55;50;46;29;30;38;37;35;43;47;35;21;32;29;29;25;26;27;31;15;28;25;18;21;10;0;13;5;7;3;0;1;1;1;0;0;1;0;0;0;0;0
088002;Chiaramonte Gulfi;28;32;30;25;57;28;22;37;38;36;35;51;46;55;54;50;44;34;45;43;47;52;40;49;31;49;56;48;44;41;53;55;55;41;42;59;61;53;50;64;54;54;51;58;76;62;52;61;63;70;39;50;68;67;48;41;43;54;53;32;42;26;47;30;25;33;35;44;44;44;49;36;36;29;31;30;37;38;38;47;31;37;33;26;18;16;19;19;10;3;5;4;1;1;5;2;1;1;0;0;2
088003;Comiso;131;146;139;158;167;147;141;141;157;152;164;163;182;152;177;178;157;196;170;185;176;170;174;149;178;168;185;185;175;183;176;206;202;197;213;185;199;203;197;212;229;237;221;196;206;214;229;193;210;175;196;177;163;171;171;134;145;164;190;167;160;157;116;137;144;117;126;156;167;130;127;132;137;101;109;91;110;129;93;97;78;78;61;69;48;40;38;33;25;15;12;10;10;9;5;1;0;3;1;0;0
088004;Giarratana;7;17;8;15;8;14;18;18;17;16;16;11;13;18;12;20;19;15;21;12;28;18;18;14;11;27;17;35;18;16;22;16;19;23;20;17;11;20;20;30;19;23;26;21;16;26;18;30;22;17;16;29;13;24;25;16;15;18;14;17;23;20;16;21;8;14;13;18;20;20;18;20;13;21;15;16;17;18;19;12;13;14;12;11;0;10;2;5;2;2;5;6;0;3;4;2;1;0;0;0;0
088005;Ispica;57;63;82;77;72;86;74;73;84;74;78;85;80;89;88;110;97;108;98;99;80;95;103;94;89;102;113;92;89;89;84;105;110;105;87;101;104;99;115;104;98;111;96;110;85;96;107;85;90;85;107;95;100;104;95;78;92;91;91;82;90;85;74;74;71;63;71;88;84;66;73;65;62;55;56;51;44;50;63;39;36;39;37;31;30;20;17;17;12;8;7;2;8;1;3;4;0;1;0;0;1
088006;Modica;295;290;295;287;275;276;293;301;323;282;298;286;300;301;335;318;313;350;325;354;325;357;304;375;321;362;335;340;329;317;348;382;395;400;381;386;367;384;388;371;363;345;397;368;370;361;353;369;337;320;298;364;309;318;274;302;283;263;338;290;315;241;262;222;221;227;269;283;261;239;207;210;212;204;208;189;188;195;187;162;160;159;125;116;116;101;80;78;38;22;26;20;31;16;9;5;8;2;0;0;2
088007;Monterosso Almo;10;17;10;12;16;17;16;13;20;14;20;22;17;13;14;18;11;18;15;18;22;24;10;22;18;24;11;15;21;21;25;16;24;24;25;20;20;29;29;34;30;26;21;27;27;23;15;24;21;17;21;18;22;19;15;16;18;15;27;27;25;16;18;15;13;11;8;19;19;22;21;14;26;22;20;17;20;7;14;17;12;16;6;10;11;9;12;4;5;2;2;2;1;1;0;0;2;2;0;0;0
088008;Pozzallo;99;126;94;83;124;95;112;96;124;111;91;102;100;98;116;121;129;141;103;147;114;133;126;128;123;138;148;147;144;132;115;169;144;139;144;135;155;147;137;115;128;123;118;143;111;112;120;114;131;106;117;114;104;111;125;109;99;119;122;142;129;86;118;82;73;103;89;106;90;83;81;49;64;70;53;59;40;49;48;48;26;40;31;24;24;23;14;12;14;3;7;9;2;5;3;2;2;2;1;0;0
088009;Ragusa;306;311;321;302;300;309;308;344;315;297;349;343;361;370;366;388;396;372;392;397;408;379;382;368;431;418;422;448;442;433;486;457;470;542;505;508;476;510;504;483;505;522;506;529;473;520;487;475;485;468;463;449;423;464;393;395;390;438;432;434;477;402;351;307;334;289;332;373;385;374;335;343;338;331;277;275;295;287;244;259;212;192;184;193;138;129;104;99;54;30;32;21;34;21;14;2;10;5;6;1;2
088010;Santa Croce Camerina;26;37;32;47;43;43;45;40;51;47;31;45;49;53;45;52;51;54;56;55;33;50;56;47;49;47;54;56;61;55;69;60;77;56;53;62;52;64;61;68;70;54;60;51;55;57;55;66;49;38;48;52;59;65;45;47;46;48;66;48;55;44;37;51;39;44;45;51;41;42;33;42;34;51;25;23;22;31;31;28;20;24;15;18;12;10;9;16;2;5;2;4;3;1;3;2;0;0;0;0;0
088011;Scicli;100;114;98;132;123;129;99;135;131;130;136;129;118;138;148;167;164;144;148;158;145;151;133;136;150;177;164;167;139;150;147;180;166;198;207;188;151;148;211;180;183;197;177;183;160;168;180;161;160;134;138;139;143;144;138;132;147;151;147;158;158;169;109;122;109;138;124;152;142;122;113;120;126;101;126;112;105;101;95;88;80;66;82;58;51;63;47;32;22;10;10;12;13;9;6;5;0;3;0;0;0
088012;Vittoria;341;333;339;310;332;359;351;333;334;370;374;368;344;404;406;419;341;427;406;408;390;355;376;360;360;389;376;375;379;407;411;411;408;428;420;436;430;410;427;377;386;407;418;383;397;405;390;385;396;329;318;314;359;317;333;288;283;306;323;313;333;297;250;245;264;252;230;252;260;245;221;249;215;212;201;171;193;185;177;180;147;123;106;109;94;80;73;58;34;19;25;18;13;13;11;9;0;2;0;0;0
;Totale;1439;1537;1494;1503;1574;1547;1525;1573;1643;1577;1650;1649;1663;1744;1806;1891;1758;1917;1824;1932;1815;1845;1774;1803;1816;1966;1937;1958;1882;1896;1991;2109;2116;2205;2158;2159;2073;2115;2195;2096;2124;2161;2151;2122;2020;2101;2065;2024;2006;1820;1798;1846;1809;1847;1700;1606;1603;1702;1849;1765;1857;1589;1427;1336;1339;1328;1377;1585;1560;1422;1299;1312;1292;1226;1146;1060;1098;1121;1024;1005;840;806;713;675;542;514;420;380;221;119;134;109;117;80;63;35;24;21;8;1;7
Territorio/Età;;0;1;2;3;4;5;6;7;8;9;10;11;12;13;14;15;16;17;18;19;20;21;22;23;24;25;26;27;28;29;30;31;32;33;34;35;36;37;38;39;40;41;42;43;44;45;46;47;48;49;50;51;52;53;54;55;56;57;58;59;60;61;62;63;64;65;66;67;68;69;70;71;72;73;74;75;76;77;78;79;80;81;82;83;84;85;86;87;88;89;90;91;92;93;94;95;96;97;98;99;100
Codice comune;Comune;Femmine
088001;Acate;33;41;36;39;37;51;44;48;41;38;60;56;51;57;49;54;42;47;61;33;49;42;48;56;52;60;47;71;55;61;47;54;56;51;56;46;74;65;61;60;58;49;62;52;55;57;48;55;55;50;48;43;50;55;44;44;52;42;50;49;55;39;37;26;37;38;38;35;48;32;24;39;42;27;23;23;39;24;36;36;24;25;20;25;12;19;14;12;10;4;6;3;5;4;1;1;2;0;1;0;1
088002;Chiaramonte Gulfi;33;27;32;23;19;30;34;29;34;42;35;36;44;35;42;51;45;39;40;45;49;53;47;45;48;49;44;49;38;42;50;38;41;45;41;41;61;54;67;71;60;50;69;53;61;56;61;62;63;48;60;53;50;41;41;46;50;47;54;38;48;40;25;40;42;40;37;55;45;44;46;52;40;45;55;38;53;49;44;41;32;44;36;34;22;27;22;13;14;10;4;11;12;0;6;0;3;0;0;1;1
088003;Comiso;116;109;130;143;141;149;157;139;141;130;152;152;159;142;182;162;166;185;152;143;184;167;160;193;164;166;178;168;160;216;178;225;224;213;218;217;223;209;224;221;220;234;226;220;225;207;210;210;222;167;202;187;195;194;195;156;166;163;182;209;203;180;130;147;142;166;142;169;163;188;145;152;146;162;129;134;154;152;132;115;119;97;98;91;89;87;64;61;25;16;16;7;19;15;14;4;2;0;0;1;3
088004;Giarratana;14;6;8;11;6;10;16;6;17;15;15;14;22;19;17;13;18;17;10;14;21;16;14;18;18;19;12;15;13;27;20;22;19;17;13;12;26;23;27;19;24;25;22;30;22;19;26;28;23;24;23;16;22;29;13;14;18;19;27;21;24;17;16;9;13;18;25;27;25;19;32;21;27;19;20;26;23;17;18;10;13;20;13;25;12;12;9;10;5;5;9;5;2;2;1;0;1;0;0;0;0
088005;Ispica;65;61;69;64;81;58;72;75;74;85;75;80;74;76;91;92;105;82;85;83;77;98;93;85;90;85;95;99;89;87;87;109;101;87;88;120;119;113;83;110;123;107;77;104;100;106;110;125;104;103;85;94;75;83;81;94;77;76;113;103;107;103;81;83;65;69;91;96;104;72;63;82;69;62;55;64;75;71;57;52;42;38;44;40;33;33;23;32;27;13;7;5;8;7;6;4;2;1;0;0;4
088006;Modica;267;267;247;275;270;253;290;300;298;274;289;268;324;297;337;282;285;327;335;382;337;333;341;311;356;355;346;333;342;366;362;388;394;433;364;393;371;378;409;431;374;398;402;404;378;423;376;399;308;370;292;360;317;337;323;334;338;311;347;343;333;320;249;264;252;254;262;304;315;286;230;262;245;218;229;271;265;230;242;228;209;229;226;198;170;167;159;104;70;53;32;51;38;32;20;25;7;5;0;2;3
088007;Monterosso Almo;17;11;12;10;18;20;16;20;21;11;9;21;19;10;17;16;14;24;12;21;17;19;14;17;20;14;24;16;19;20;24;24;25;21;25;24;20;16;19;25;28;32;19;21;25;24;22;24;28;23;20;15;25;21;16;28;27;13;13;23;25;21;21;12;18;18;13;22;19;22;28;21;22;28;17;14;15;18;15;22;13;23;13;11;11;14;9;4;8;2;2;3;6;1;3;3;0;0;0;0;1
088008;Pozzallo;84;97;86;89;112;83;84;100;93;113;108;84;100;99;109;108;103;114;136;132;133;134;131;158;144;133;133;122;113;107;135;139;147;124;144;138;140;135;117;158;131;127;138;124;131;148;134;126;125;126;130;118;143;147;144;113;96;122;134;125;109;105;96;87;61;85;98;98;92;88;73;75;68;73;61;71;73;72;54;52;47;61;42;38;42;40;36;36;22;10;8;15;11;12;2;3;2;3;1;0;0
088009;Ragusa;321;312;263;275;327;304;319;293;275;298;301;338;321;336;358;368;368;372;324;366;376;360;361;390;395;393;424;415;419;444;431;499;491;502;528;516;522;513;512;515;538;517;516;523;545;505;577;532;529;516;472;497;465;511;484;434;421;441;497;563;553;449;387;369;374;355;396;448;495;451;407;402;384;393;376;389;371;361;364;318;290;308;277;271;238;216;197;144;96;58;54;67;64;50;39;35;19;12;5;6;3
088010;Santa Croce Camerina;31;32;27;33;33;36;39;30;32;37;40;58;41;49;42;39;45;52;47;53;56;41;42;44;47;45;44;62;56;52;38;53;61;77;65;51;70;63;61;68;65;61;65;53;58;50;61;74;52;53;52;61;47;64;49;54;55;42;55;52;75;44;45;48;40;35;41;47;49;57;38;44;50;41;52;40;39;46;34;35;39;29;26;35;23;22;19;12;9;7;4;4;3;6;3;1;0;0;2;0;0
088011;Scicli;119;121;145;124;103;122;125;122;129;108;135;129;148;119;130;131;153;127;130;135;136;124;134;151;147;140;156;147;142;172;181;160;182;171;162;170;197;213;202;200;210;173;187;168;164;173;155;178;153;142;178;175;156;138;143;156;156;164;138;178;162;164;164;124;132;136;136;166;167;171;137;130;139;123;139;141;136;139;112;110;102;102;90;74;78;66;68;71;35;22;16;14;23;12;20;10;8;5;0;3;4
088012;Vittoria;292;288;318;329;316;324;279;317;338;336;343;350;338;305;384;378;404;367;338;372;369;374;380;378;355;395;372;410;403;385;398;452;406;463;413;408;463;381;420;430;450;483;409;396;419;383;382;427;412;348;348;362;336;364;297;318;317;343;356;342;373;309;254;246;258;244;290;321;309;275;219;271;272;259;232;224;231;251;210;222;162;171;163;132;128;135;103;90;60;45;31;36;28;19;18;13;14;5;0;5;2
;Totale;1392;1372;1373;1415;1463;1440;1475;1479;1493;1487;1562;1586;1641;1544;1758;1694;1748;1753;1670;1779;1804;1761;1765;1846;1836;1854;1875;1907;1849;1979;1951;2163;2147;2204;2117;2136;2286;2163;2202;2308;2281;2256;2192;2148;2183;2151;2162;2240;2074;1970;1910;1981;1881;1984;1830;1791;1773;1783;1966;2046;2067;1791;1505;1455;1434;1458;1569;1788;1831;1705;1442;1551;1504;1450;1388;1435;1474;1430;1318;1241;1092;1147;1048;974;858;838;723;589;381;245;189;221;219;160;133;99;60;31;9;18;22

"Ricostruzione della popolazione intercensuaria - Popolazione al 1° gennaio per età"
"Cittadinanza italiana - Anno: 2009 - Provincia: Ragusa"
Territorio/Età;;0;1;2;3;4;5;6;7;8;9;10;11;12;13;14;15;16;17;18;19;20;21;22;23;24;25;26;27;28;29;30;31;32;33;34;35;36;37;38;39;40;41;42;43;44;45;46;47;48;49;50;51;52;53;54;55;56;57;58;59;60;61;62;63;64;65;66;67;68;69;70;71;72;73;74;75;76;77;78;79;80;81;82;83;84;85;86;87;88;89;90;91;92;93;94;95;96;97;98;99;100
Codice comune;Comune;Totale
088001;Acate;91;74;88;83;94;95;93;89;91;88;87;118;100;105;111;95;106;78;105;107;89;95;105;102;117;110;122;104;116;101;109;100;105;94;101;115;108;122;111;116;115;120;108;119;104;96;112;107;115;96;109;84;89;96;95;83;93;91;75;99;103;105;84;71;56;74;75;74;78;93;67;46;72;69;57;48;50;64;53;50;60;47;39;38;32;10;27;17;14;9;3;5;1;5;3;1;1;2;0;1;0
088002;Chiaramonte Gulfi;46;59;59;65;48;78;58;55;63;73;78;69;86;88;92;95;100;91;73;88;91;94;106;85;96;79;98;98;98;84;84;105;93;96;87;84;102;122;105;118;135;117;108;118;110;136;120;115;123;123;122;99;105;116;107;90;87;93;103;110;69;88;67;72;70;66;70;68;96;87;91;98;87;76;74;80;67;86;82;77;86;57;77;63;56;35;42;36;24;17;13;8;12;10;0;8;0;4;1;0;2
088003;Comiso;249;246;257;266;302;301;299;298;279;300;281;316;318;337;299;359;343;321;383;320;327;364;339;336;336;339;332;360;353;333;403;349;421;430;413;434;395;410;411;416;433;447;470;449;412;431;422;437;403;430;340;397;360;359;364;363;292;309;331;373;373;366;334;250;285;283;285;261;321;320;308;268;282;275;256;225;218;249;274;210;204;181;165;150;144;121;116;90;87;41;29;22;17;22;18;13;2;2;0;1;3
088004;Giarratana;28;18;24;17;26;14;24;33;24;34;32;32;24;37;36;28;33;35;32;29;26;47;34;32;32;29;42;28;50;29;45;45;36;42;41;35;31;38;43;47;49;42;48;46;49;37;45;44;59;43;41;39;43;37;53;38;30;32;37;39;38;46;37;33;32;21;32;38;45;45;39;52;39;40;39;35;41;38;33;37;20;25;35;24;33;12;20;11;12;6;3;10;9;2;3;2;2;2;0;0;0
088005;Ispica;112;118;131;152;137;156;144;148;151;161;161;153;166;152;169;181;199;200;193;177;181;152;189;194;180;176;188;200;184;180;174;167;213;207;189;180;221;225;214;206;221;225;222;169;211;184;203;217;209;195;184;192;190;179;190;180;173;170;171;204;188;202;184;160;155;138;133;161;176;186;135;134;146;130;113;101;111;113;112;116;87;77;76;71;62;50;47;34;46;31;18;13;5;9;8;5;4;2;1;0;2
088006;Modica;531;561;561;542;563;540;537;582;605;618;561;591;556;627;596;667;604;598;678;662;732;661;691;639;681;675;711;677;674;675;678;712;766;784;838;742;779;747;767;800;794;740;739;802;772;757;785;731;769;644;693;588;726;626;660;596;630;625;572;683;633;646;560;508;482;472;477;529;583;576;520;429;462;454;420;425;445;441;415;413;379;357;365;327;293;271;248;217;164;97;65;46;60;62;36;26;22;11;5;0;6
088007;Monterosso Almo;27;29;27;22;22;36;37;32;32;41;25;28;43;37;24;31;35;25;42;26;39;38;43;26;39;37;40;34;32;40;40;49;39;49;44;50;43;39;48;45;60;58;56;41;50;54;47;37;48;48;40;40;33;46;38;32;43;43;28;41;48;49;36;39;27;30;29;20;40;42;44;48;33;45;50;35;31;33;23;28;38;25;35;19;17;23;21;19;8;11;3;4;5;5;1;2;2;2;1;0;0
088008;Pozzallo;209;188;217;173;173;237;171;193;197;213;225;201;182;199;196;230;229;233;252;240;277;247;269;252;283;262;276;289;263;259;237;248;305;293;265;288;274;294;275;247;272;259;248;268;273;240;259;260;242;256;238;254;233;247;259;268;222;196;243;255;265;245;195;211;174;135;187;184;202;181;169;154;118;129;140;115;128;107;115;95;98;70;94;61;55;62;53;43;44;31;10;15;18;12;15;1;5;2;5;1;0
088009;Ragusa;591;616;617;597;573;623;613;634;636;591;595;655;683;684;708;724;760;765;744;713;765;783;737;745;753;822;803;840;858;842;882;917;968;966;1052;1050;1022;1002;1015;1016;999;1053;1051;1027;1063;1029;1028;1066;1009;1014;988;943;949;888;977;878;823;804;878;923;991;1028;850;737;675;705;643;729;817;873;820;738;734;713;706;631;650;642;617;588;544;472;472;435;425;333;315;270;218;141;74;66;74;73;47;41;24;20;11;5;3
088010;Santa Croce Camerina;68;56;70;57;78;78;76;80;71;82;82;68;101;85;101;87;88;95;108;102;108;87;91;96;90;95;91;96;112;112;101;98;111;129;128;119;110;119;130;118;135;132;112;127;105;113;110;119;139;102;91;95;113;107;126;95;100;100;89;120;101;130;88;82;96;81;81;85;98;88;95;74;85;80;92;75;62;58;76;59;62;56;49;35;46;37;28;23;25;10;10;5;6;4;5;3;2;0;0;2;0
088011;Scicli;270;220;233;239;260;222;249;222;257;262;238;271;258;269;257;279;300;320;274;280;297;287;278;268;285;295;313;317;313;276;319;325;332;344;373;367;361;344;358;414;381;398;375;365;352;324;343;335;339;313;278;316;316;302;283;280;290;299;315;286;334;314;332;271;246;242;274;261;315;308;289;248;246;256;219;266;242;231;231;199;191;174;160;161;118;112;115;102;79;45;27;21;21;33;16;23;13;7;3;0;5
088012;Vittoria;635;622;616;652;636;645;690;639;662;672;715;727;720;686;713;799;802;749;798;748;783;769;724;754;739;721;781;730;788;778;794;801;866;810;883;830;848;903;792;845;809;835;892;835;779;819;796;775;821;814;685;672;681;698;683;633;608;606;653;678;659;712;608;501;490;524;492;523;577;564;518;424;515;478;462;424;389;412;422;376;378;298;277;251;217;201;190;152;130;78;53;49;47;35;26;19;16;8;5;0;5
;Totale;2857;2807;2900;2865;2912;3025;2991;3005;3068;3135;3080;3229;3237;3306;3302;3575;3599;3510;3682;3492;3715;3624;3606;3529;3631;3640;3797;3773;3841;3709;3866;3916;4255;4244;4414;4294;4294;4365;4269;4388;4403;4426;4429;4366;4280;4220;4270;4243;4276;4078;3809;3719;3838;3701;3835;3536;3391;3368;3495;3811;3802;3931;3375;2935;2788;2771;2778;2933;3348;3363;3095;2713;2819;2745;2628;2460;2434;2474;2453;2248;2147;1839;1844;1635;1498;1267;1222;1014;851;517;308;264;275;272;178;144;93;62;32;10;26
Territorio/Età;;0;1;2;3;4;5;6;7;8;9;10;11;12;13;14;15;16;17;18;19;20;21;22;23;24;25;26;27;28;29;30;31;32;33;34;35;36;37;38;39;40;41;42;43;44;45;46;47;48;49;50;51;52;53;54;55;56;57;58;59;60;61;62;63;64;65;66;67;68;69;70;71;72;73;74;75;76;77;78;79;80;81;82;83;84;85;86;87;88;89;90;91;92;93;94;95;96;97;98;99;100
Codice comune;Comune;Maschi
088001;Acate;49;41;50;46;56;58;44;45;43;49;48;58;45;54;54;46;51;36;57;44;56;44;63;51;64;57;64;56;47;47;51;55;52;43;51;58;63;50;48;55;56;61;62;59;53;42;56;59;61;41;61;37;45;46;41;39;49;41;34;46;54;50;45;32;31;38;37;36;43;46;35;21;32;30;30;25;27;26;30;14;28;24;17;19;9;1;12;4;7;1;0;1;0;1;0;0;0;0;0;0;0
088002;Chiaramonte Gulfi;25;26;33;32;25;57;28;21;37;38;36;36;49;46;55;53;50;46;34;45;45;47;52;39;50;31;50;55;47;45;41;54;56;55;40;42;61;61;51;51;64;55;58;52;57;75;63;53;61;60;71;39;50;67;66;49;41;43;56;56;33;42;27;47;28;24;32;31;43;43;46;51;36;36;30;30;29;36;33;35;47;27;34;29;24;16;16;17;14;8;3;5;1;1;0;3;0;1;1;0;1
088003;Comiso;134;133;148;139;160;163;146;143;141;159;154;165;166;182;155;178;180;156;198;168;182;176;172;175;144;176;169;180;186;171;187;172;200;204;197;209;177;195;199;197;211;228;235;225;191;206;213;227;191;209;173;193;174;162;167;168;135;142;166;190;162;163;155;116;140;141;117;122;153;161;124;124;133;133;102;101;85;105;125;83;89;71;72;56;65;44;33;30;29;20;15;9;10;8;6;3;1;0;0;1;0
088004;Giarratana;19;6;17;8;15;8;14;18;18;17;16;17;11;14;18;12;20;19;15;19;11;26;18;18;14;11;25;17;34;16;17;22;15;20;23;22;16;12;20;20;30;19;23;25;21;16;26;18;30;20;17;16;27;15;24;25;15;14;18;14;17;23;20;17;21;8;14;13;18;20;20;19;22;13;20;15;15;15;16;19;10;13;15;11;9;0;10;3;4;1;2;5;5;0;2;1;2;1;0;0;0
088005;Ispica;58;56;67;85;75;74;86;76;73;84;74;80;87;78;90;90;108;97;110;92;100;76;92;104;94;86;103;108;89;92;86;81;106;106;103;90;101;105;101;117;107;99;114;95;111;84;98;103;83;91;82;107;94;101;104;96;76;92;95;90;85;91;82;77;72;73;64;69;83;84;66;73;65;61;53;51;48;43;46;59;37;37;39;34;27;25;18;15;14;12;8;6;0;4;0;3;2;0;0;0;1
088006;Modica;264;292;295;294;287;270;279;293;304;324;285;298;288;302;299;329;320;313;350;326;353;326;359;300;374;317;358;331;342;331;316;351;377;392;402;380;386;375;383;389;365;361;344;398;361;372;359;357;371;338;322;296;365;312;319;273;299;288;262;334;291;315;242;260;217;218;224;268;279;260;235;203;202;211;203;199;180;184;189;177;155;153;147;113;107;110;97;73;73;38;20;19;18;29;12;6;4;6;2;0;2
088007;Monterosso Almo;14;10;17;11;12;17;17;16;13;20;14;20;22;18;14;14;18;11;18;14;17;21;24;11;22;18;25;11;15;21;20;25;16;24;21;25;22;20;31;29;34;30;24;20;28;27;23;15;24;21;17;20;18;21;19;15;15;18;15;28;25;24;15;18;15;12;11;7;19;21;22;20;14;23;22;18;17;18;7;13;17;12;14;6;8;12;7;11;3;5;1;2;2;1;0;0;0;2;1;0;0
088008;Pozzallo;116;101;120;90;84;127;92;109;95;122;111;92;101;100;98;120;121;130;138;102;145;115;135;122;128;122;140;151;141;145;133;112;169;147;136;146;136;152;143;133;115;129;120;126;145;109;110;122;114;132;112;123;116;105;112;125;110;99;118;122;143;134;89;117;88;73;99;89;105;90;81;82;50;62;69;55;56;37;47;46;46;23;35;24;22;21;17;12;11;11;2;7;5;1;4;1;2;2;2;1;0
088009;Ragusa;289;296;308;329;299;301;308;311;344;315;296;350;341;358;372;368;390;397;368;395;398;408;377;385;365;433;413;421;440;429;435;485;459;472;547;517;510;484;503;504;481;508;527;508;532;479;522;491;476;485;468;467;452;425;465;394;394;385;440;434;432;473;400;348;305;333;289;331;370;380;373;331;339;334;321;268;270;283;269;227;249;197;181;168;167;118;115;92;86;47;24;22;14;23;13;12;2;11;4;1;1
088010;Santa Croce Camerina;36;28;39;30;44;44;41;43;42;51;46;30;45;47;52;45;51;50;56;55;55;34;52;56;48;47;47;52;53;61;51;61;59;71;53;55;58;50;67;59;69;69;51;61;53;56;58;56;66;51;38;48;54;58;62;45;45;44;49;64;46;57;45;38;49;39;46;44;50;41;39;33;42;30;50;23;23;19;30;29;27;19;22;12;15;13;9;6;13;2;3;2;3;2;0;0;1;0;0;0;0
088011;Scicli;135;104;113;99;134;123;128;96;134;133;131;136;129;121;138;148;168;166;144;149;161;147;150;134;135;149;177;164;164;134;147;145;176;167;199;205;187;147;148;211;180;188;199;177;182;161;168;180;160;160;137;138;141;145;145;138;131;145;151;149;159;152;169;108;121;111;137;124;150;143;120;113;117;122;97;127;105;96;97;88;87;77;64;76;51;46;53;42;25;16;8;8;8;12;5;6;5;0;0;0;0
088012;Vittoria;305;331;330;335;311;332;363;355;336;334;375;380;365;345;406;410;420;344;432;405;410;394;351;374;354;359;388;368;375;375;407;408;414;404;427;420;435;432;413;430;380;387;405;421;380;397;411;391;391;400;333;322;316;360;317;333;291;286;305;321;314;337;300;249;245;264;250;234;252;257;245;211;244;210;208;194;168;186;178;172;171;141;117;96;93;82;72;60;46;22;14;22;15;9;12;8;7;0;1;0;0
;Totale;1444;1424;1537;1498;1502;1574;1546;1526;1580;1646;1586;1662;1649;1665;1751;1813;1897;1765;1920;1814;1933;1814;1845;1769;1792;1806;1959;1914;1933;1867;1891;1971;2099;2105;2199;2169;2152;2083;2107;2195;2092;2134;2162;2167;2114;2024;2107;2072;2028;2008;1831;1806;1852;1817;1841;1700;1601;1597;1709;1848;1761;1861;1589;1427;1332;1334;1320;1368;1565;1546;1406;1281;1296;1265;1205;1106;1023;1048;1067;962;963;794;757;644;597;488;459;365;325;183;100;108;81;91;54;43;26;23;11;3;5
Territorio/Età;;0;1;2;3;4;5;6;7;8;9;10;11;12;13;14;15;16;17;18;19;20;21;22;23;24;25;26;27;28;29;30;31;32;33;34;35;36;37;38;39;40;41;42;43;44;45;46;47;48;49;50;51;52;53;54;55;56;57;58;59;60;61;62;63;64;65;66;67;68;69;70;71;72;73;74;75;76;77;78;79;80;81;82;83;84;85;86;87;88;89;90;91;92;93;94;95;96;97;98;99;100
Codice comune;Comune;Femmine
088001;Acate;42;33;38;37;38;37;49;44;48;39;39;60;55;51;57;49;55;42;48;63;33;51;42;51;53;53;58;48;69;54;58;45;53;51;50;57;45;72;63;61;59;59;46;60;51;54;56;48;54;55;48;47;44;50;54;44;44;50;41;53;49;55;39;39;25;36;38;38;35;47;32;25;40;39;27;23;23;38;23;36;32;23;22;19;23;9;15;13;7;8;3;4;1;4;3;1;1;2;0;1;0
088002;Chiaramonte Gulfi;21;33;26;33;23;21;30;34;26;35;42;33;37;42;37;42;50;45;39;43;46;47;54;46;46;48;48;43;51;39;43;51;37;41;47;42;41;61;54;67;71;62;50;66;53;61;57;62;62;63;51;60;55;49;41;41;46;50;47;54;36;46;40;25;42;42;38;37;53;44;45;47;51;40;44;50;38;50;49;42;39;30;43;34;32;19;26;19;10;9;10;3;11;9;0;5;0;3;0;0;1
088003;Comiso;115;113;109;127;142;138;153;155;138;141;127;151;152;155;144;181;163;165;185;152;145;188;167;161;192;163;163;180;167;162;216;177;221;226;216;225;218;215;212;219;222;219;235;224;221;225;209;210;212;221;167;204;186;197;197;195;157;167;165;183;211;203;179;134;145;142;168;139;168;159;184;144;149;142;154;124;133;144;149;127;115;110;93;94;79;77;83;60;58;21;14;13;7;14;12;10;1;2;0;0;3
088004;Giarratana;9;12;7;9;11;6;10;15;6;17;16;15;13;23;18;16;13;16;17;10;15;21;16;14;18;18;17;11;16;13;28;23;21;22;18;13;15;26;23;27;19;23;25;21;28;21;19;26;29;23;24;23;16;22;29;13;15;18;19;25;21;23;17;16;11;13;18;25;27;25;19;33;17;27;19;20;26;23;17;18;10;12;20;13;24;12;10;8;8;5;1;5;4;2;1;1;0;1;0;0;0
088005;Ispica;54;62;64;67;62;82;58;72;78;77;87;73;79;74;79;91;91;103;83;85;81;76;97;90;86;90;85;92;95;88;88;86;107;101;86;90;120;120;113;89;114;126;108;74;100;100;105;114;126;104;102;85;96;78;86;84;97;78;76;114;103;111;102;83;83;65;69;92;93;102;69;61;81;69;60;50;63;70;66;57;50;40;37;37;35;25;29;19;32;19;10;7;5;5;8;2;2;2;1;0;1
088006;Modica;267;269;266;248;276;270;258;289;301;294;276;293;268;325;297;338;284;285;328;336;379;335;332;339;307;358;353;346;332;344;362;361;389;392;436;362;393;372;384;411;429;379;395;404;411;385;426;374;398;306;371;292;361;314;341;323;331;337;310;349;342;331;318;248;265;254;253;261;304;316;285;226;260;243;217;226;265;257;226;236;224;204;218;214;186;161;151;144;91;59;45;27;42;33;24;20;18;5;3;0;4
088007;Monterosso Almo;13;19;10;11;10;19;20;16;19;21;11;8;21;19;10;17;17;14;24;12;22;17;19;15;17;19;15;23;17;19;20;24;23;25;23;25;21;19;17;16;26;28;32;21;22;27;24;22;24;27;23;20;15;25;19;17;28;25;13;13;23;25;21;21;12;18;18;13;21;21;22;28;19;22;28;17;14;15;16;15;21;13;21;13;9;11;14;8;5;6;2;2;3;4;1;2;2;0;0;0;0
088008;Pozzallo;93;87;97;83;89;110;79;84;102;91;114;109;81;99;98;110;108;103;114;138;132;132;134;130;155;140;136;138;122;114;104;136;136;146;129;142;138;142;132;114;157;130;128;142;128;131;149;138;128;124;126;131;117;142;147;143;112;97;125;133;122;111;106;94;86;62;88;95;97;91;88;72;68;67;71;60;72;70;68;49;52;47;59;37;33;41;36;31;33;20;8;8;13;11;11;0;3;0;3;0;0
088009;Ragusa;302;320;309;268;274;322;305;323;292;276;299;305;342;326;336;356;370;368;376;318;367;375;360;360;388;389;390;419;418;413;447;432;509;494;505;533;512;518;512;512;518;545;524;519;531;550;506;575;533;529;520;476;497;463;512;484;429;419;438;489;559;555;450;389;370;372;354;398;447;493;447;407;395;379;385;363;380;359;348;361;295;275;291;267;258;215;200;178;132;94;50;44;60;50;34;29;22;9;7;4;2
088010;Santa Croce Camerina;32;28;31;27;34;34;35;37;29;31;36;38;56;38;49;42;37;45;52;47;53;53;39;40;42;48;44;44;59;51;50;37;52;58;75;64;52;69;63;59;66;63;61;66;52;57;52;63;73;51;53;47;59;49;64;50;55;56;40;56;55;73;43;44;47;42;35;41;48;47;56;41;43;50;42;52;39;39;46;30;35;37;27;23;31;24;19;17;12;8;7;3;3;2;5;3;1;0;0;2;0
088011;Scicli;135;116;120;140;126;99;121;126;123;129;107;135;129;148;119;131;132;154;130;131;136;140;128;134;150;146;136;153;149;142;172;180;156;177;174;162;174;197;210;203;201;210;176;188;170;163;175;155;179;153;141;178;175;157;138;142;159;154;164;137;175;162;163;163;125;131;137;137;165;165;169;135;129;134;122;139;137;135;134;111;104;97;96;85;67;66;62;60;54;29;19;13;13;21;11;17;8;7;3;0;5
088012;Vittoria;330;291;286;317;325;313;327;284;326;338;340;347;355;341;307;389;382;405;366;343;373;375;373;380;385;362;393;362;413;403;387;393;452;406;456;410;413;471;379;415;429;448;487;414;399;422;385;384;430;414;352;350;365;338;366;300;317;320;348;357;345;375;308;252;245;260;242;289;325;307;273;213;271;268;254;230;221;226;244;204;207;157;160;155;124;119;118;92;84;56;39;27;32;26;14;11;9;8;4;0;5
;Totale;1413;1383;1363;1367;1410;1451;1445;1479;1488;1489;1494;1567;1588;1641;1551;1762;1702;1745;1762;1678;1782;1810;1761;1760;1839;1834;1838;1859;1908;1842;1975;1945;2156;2139;2215;2125;2142;2282;2162;2193;2311;2292;2267;2199;2166;2196;2163;2171;2248;2070;1978;1913;1986;1884;1994;1836;1790;1771;1786;1963;2041;2070;1786;1508;1456;1437;1458;1565;1783;1817;1689;1432;1523;1480;1423;1354;1411;1426;1386;1286;1184;1045;1087;991;901;779;763;649;526;334;208;156;194;181;124;101;67;39;21;7;21

"Ricostruzione della popolazione intercensuaria - Popolazione al 1° gennaio per età"
"Cittadinanza italiana - Anno: 2010 - Provincia: Ragusa"
Territorio/Età;;0;1;2;3;4;5;6;7;8;9;10;11;12;13;14;15;16;17;18;19;20;21;22;23;24;25;26;27;28;29;30;31;32;33;34;35;36;37;38;39;40;41;42;43;44;45;46;47;48;49;50;51;52;53;54;55;56;57;58;59;60;61;62;63;64;65;66;67;68;69;70;71;72;73;74;75;76;77;78;79;80;81;82;83;84;85;86;87;88;89;90;91;92;93;94;95;96;97;98;99;100
Codice comune;Comune;Totale
088001;Acate;91;90;79;89;84;90;94;93;90;93;90;89;118;100;106;112;96;109;78;105;105;87;97;103;99;116;103;117;102;115;100;113;104;105;92;101;118;110;124;112;117;115;123;110;118;105;97;112;107;115;96;109;82;87;96;95;84;93;90;74;99;101;104;84;69;59;73;75;74;74;92;66;45;71;68;58;47;48;61;50;48;60;44;38;34;28;11;21;15;16;8;3;5;0;4;3;2;1;2;0;1
088002;Chiaramonte Gulfi;54;43;58;60;69;50;82;57;60;65;73;78;69;85;86;91;94;101;92;72;87;89;94;105;88;98;78;100;95;99;82;86;102;92;92;94;90;101;124;114;118;134;119;111;117;114;134;117;116;122;123;122;97;104;116;109;90;87;93;104;111;70;88;67;72;68;66;70;67;97;85;91;97;87;71;71;78;64;84;81;73;77;54;69;62;49;31;40;33;23;13;9;8;9;9;0;7;0;3;1;0
088003;Comiso;273;255;248;261;264;303;302;295;302;272;299;279;313;318;344;299;363;341;317;380;320;322;362;336;330;330;331;329;359;350;334;406;351;409;421;417;438;394;411;405;417;426;447;471;447;407;428;417;429;399;429;333;397;358;359;362;359;295;308;331;370;369;366;332;245;282;281;283;252;316;314;301;257;276;270;251;217;212;244;258;197;190;166;152;134;126;113;103;83;70;32;25;20;14;17;13;9;0;1;0;2
088004;Giarratana;35;28;19;25;18;25;14;26;32;23;34;32;33;24;36;35;28;33;35;31;27;27;48;33;30;32;31;43;29;49;28;42;46;32;39;38;31;31;37;43;46;49;41;49;45;49;38;45;46;59;43;40;39;43;37;53;37;29;32;36;40;38;46;37;33;32;22;32;38;45;45;38;50;39;41;36;34;40;36;33;29;20;22;31;18;31;11;20;9;10;5;2;7;8;2;2;3;1;1;0;0
088005;Ispica;129;125;123;138;158;143;157;145;152;150;160;161;157;168;153;171;186;203;200;191;177;179;152;195;191;183;179;188;204;180;178;178;173;218;212;197;183;230;228;218;205;229;226;227;172;210;186;200;218;214;193;185;189;188;180;188;186;168;170;173;201;190;194;187;155;153;136;127;158;172;185;132;128;138;128;112;93;105;102;108;110;85;78;68;64;54;40;47;33;41;23;14;8;3;7;5;4;2;2;1;0
088006;Modica;573;551;563;564;548;566;544;542;583;607;614;569;595;559;629;597;668;607;592;675;660;734;663;695;639;670;679;704;667;671;670;682;705;770;789;834;752;773;752;765;800;797;731;732;801;770;761;791;722;761;644;694;594;722;625;658;591;629;620;568;680;633;643;557;504;477;472;473;525;577;572;505;419;456;450;407;419;424;428;398;398;348;321;340;302;261;244;215;186;141;80;52;37;47;45;26;19;15;8;1;5
088007;Monterosso Almo;22;25;28;27;22;22;35;38;28;32;41;24;26;43;37;24;31;35;25;40;27;37;38;42;27;38;36;38;34;32;42;38;49;39;45;45;50;41;39;46;42;61;58;54;40;50;53;47;37;49;48;37;40;33;45;40;34;41;41;29;40;48;49;35;39;28;29;30;20;39;42;41;46;33;43;47;35;31;30;23;25;35;24;32;18;17;20;19;19;5;8;2;3;3;4;1;2;2;0;0;0
088008;Pozzallo;203;207;186;216;174;171;232;169;193;200;213;222;204;179;199;200;226;225;233;249;237;274;247;265;256;268;261;277;291;255;259;231;257;296;292;258;291;267;291;277;245;270;262;250;271;277;240;259;255;243;255;240;253;232;247;259;263;225;194;247;253;263;246;197;213;179;138;183;179;208;179;169;152;114;127;135;113;124;106;112;91;90;68;88;55;53;55;43;34;37;28;9;9;17;11;9;1;4;2;3;1
088009;Ragusa;594;587;626;621;603;569;624;610;640;644;598;595;663;688;687;710;728;759;765;753;712;770;794;742;757;750;816;803;833;870;857;883;934;989;986;1061;1075;1030;1001;1015;1029;995;1055;1056;1035;1072;1033;1029;1068;1011;1024;990;941;955;889;979;881;819;802;877;916;987;1031;845;744;672;700;642;719;815;862;821;732;720;708;689;619;627;613;598;569;515;442;444;403;382;297;283;247;190;112;64;54;56;64;36;33;15;14;6;7
088010;Santa Croce Camerina;84;67;54;68;60;79;79;79;81;71;82;82;74;103;87;103;84;91;94;107;100;111;91;94;96;91;93;92;95;108;112;103;96;112;125;128;123;106;123;133;118;144;128;116;130;106;113;111;120;139;103;91;97;112;107;125;96;100;100;89;123;100;129;90;82;98;82;82;83;99;91;94;73;85;80;89;74;60;56;72;54;58;52;38;29;41;30;22;17;19;7;9;5;2;3;1;2;2;0;0;0
088011;Scicli;232;270;218;231;237;260;224;251;223;257;264;238;271;256;270;257;280;301;321;273;278;297;283;273;270;285;292;309;312;315;276;316;326;332;346;376;366;359;343;358;415;386;403;376;364;356;326;348;333;334;313;281;316;316;300;283;278;293;298;312;290;333;313;334;271;248;238;272;267;318;304;284;244;242;253;215;251;237;223;219;194;181;165;146;148;106;103;97;96;72;34;22;16;16;24;12;20;7;3;0;4
088012;Vittoria;631;643;619;620;645;631;635;682;643;658;680;715;729;720;686;718;810;805;753;809;756;783;763;727;754;733;725;769;720;775;770;777;791;870;810;884;818;842;896;782;839;808;842;895;844;788;829;799;782;822;815;687;675;684;705;682;638;609;611;652;683;659;711;613;496;486;516;491;518;573;558;513;419;502;469;455;411;383;397;413;363;367;280;255;230;195;189;167;129;124;63;40;37;38;21;15;15;13;7;1;2
;Totale;2921;2891;2821;2920;2882;2909;3022;2987;3027;3072;3148;3084;3252;3243;3320;3317;3594;3610;3505;3685;3486;3710;3632;3610;3537;3594;3624;3769;3741;3819;3708;3855;3934;4264;4249;4433;4335;4284;4369;4268;4391;4414;4435;4447;4384;4304;4238;4275;4233;4268;4086;3809;3720;3834;3706;3833;3537;3388;3359;3492;3806;3791;3920;3378;2923;2782;2753;2760;2900;3333;3329;3055;2662;2763;2708;2565;2391;2355;2380;2365;2151;2026;1716;1701;1497;1343;1144;1077;901;748;413;251;209;213;211;123;117;62;43;13;22
Territorio/Età;;0;1;2;3;4;5;6;7;8;9;10;11;12;13;14;15;16;17;18;19;20;21;22;23;24;25;26;27;28;29;30;31;32;33;34;35;36;37;38;39;40;41;42;43;44;45;46;47;48;49;50;51;52;53;54;55;56;57;58;59;60;61;62;63;64;65;66;67;68;69;70;71;72;73;74;75;76;77;78;79;80;81;82;83;84;85;86;87;88;89;90;91;92;93;94;95;96;97;98;99;100
Codice comune;Comune;Maschi
088001;Acate;43;48;45;51;46;52;57;44;46;45;50;48;59;45;54;55;47;53;36;57;44;55;46;62;50;64;54;63;55;46;47;51;57;53;44;52;58;66;52;50;56;55;64;62;61;53;43;56;60;61;40;61;36;43;46;41;40;50;40;33;46;52;49;45;30;31;37;37;36;41;45;34;21;31;30;31;25;26;25;28;13;28;22;17;17;7;2;8;4;8;1;0;1;0;1;0;0;0;0;0;0
088002;Chiaramonte Gulfi;24;23;27;34;35;27;60;27;23;37;39;36;36;49;44;55;52;51;47;33;44;44;47;51;39;52;31;53;54;47;43;43;52;56;51;44;47;59;61;57;50;63;57;61;52;59;74;61;53;62;60;71;37;50;67;66;49;41;43;55;57;34;42;27;48;27;24;32;30;44;43;46;50;36;34;29;28;27;36;33;34;39;24;28;28;19;15;16;16;13;6;2;5;2;1;0;3;0;1;1;0
088003;Comiso;130;135;133;151;138;161;164;144;145;137;159;153;164;166;186;156;181;180;154;195;168;181;175;170;174;141;172;164;180;180;174;190;173;191;200;202;210;176;195;195;198;205;225;235;224;188;204;210;222;188;209;168;192;172;161;166;167;135;142;165;188;159;166;153;116;136;138;118;115;148;157;118;117;130;131;101;99;82;104;116;79;84;65;68;50;59;41;30;25;24;19;13;8;8;3;5;2;0;0;0;0
088004;Giarratana;14;19;7;18;9;15;8;16;17;18;17;16;18;11;14;17;13;20;19;15;19;13;26;18;17;15;11;25;17;34;15;18;22;13;19;24;19;16;10;20;19;29;19;24;24;21;16;26;20;30;20;16;16;27;15;24;25;15;14;17;15;17;23;20;17;21;8;14;13;18;20;19;19;22;14;17;15;14;13;16;16;10;10;13;9;8;1;9;3;4;1;2;3;5;0;1;1;1;1;0;0
088005;Ispica;64;64;59;72;86;79;75;86;80;73;86;74;83;89;77;91;93;110;100;109;92;97;76;95;101;96;87;98;107;90;93;84;84;108;108;105;90;105;108;102;116;111;97;117;97;110;86;97;103;84;89;83;105;93;104;103;96;72;91;96;88;86;88;86;73;72;70;59;68;78;82;63;70;62;59;51;50;47;35;45;53;34;37;37;29;22;19;19;16;14;8;6;1;0;4;0;2;2;0;0;0
088006;Modica;299;272;291;296;294;287;270;281;294;307;320;287;300;291;303;299;329;323;308;349;324;353;329;360;304;368;316;354;327;343;327;319;343;379;395;395;385;380;376;383;390;365;357;341;401;360;376;360;351;368;338;321;299;361;312;320;269;299;284;262;329;288;313;241;257;214;217;220;266;275;255;228;194;196;208;198;198;168;173;184;166;142;137;132;104;87;98;79;63;59;34;17;14;12;21;10;2;0;5;0;1
088007;Monterosso Almo;12;13;10;17;11;12;16;17;12;13;20;14;20;22;18;14;15;18;11;18;14;16;21;23;11;22;18;25;11;16;22;17;28;16;22;21;25;22;19;31;27;35;29;24;20;28;26;23;15;25;21;17;20;18;21;21;15;15;16;16;27;25;25;14;18;15;11;12;7;18;21;19;19;14;21;20;18;17;18;7;11;15;11;13;5;9;10;6;10;1;3;0;1;0;1;0;0;0;0;0;0
088008;Pozzallo;103;120;100;118;94;85;124;91;109;98;121;111;94;97;100;101;117;116;130;137;102;146;115;135;125;120;123;141;147;134;141;136;116;166;146;133;148;130;149;148;134;114;131;120;126;148;106;112;119;111;130;115;122;116;107;113;121;110;101;120;120;141;134;89;117;92;75;97;86;107;88;81;80;48;59;66;54;54;37;45;43;41;24;33;20;21;17;11;12;10;10;2;4;5;2;2;1;2;2;2;1
088009;Ragusa;306;292;306;307;334;296;299;306;314;348;317;298;359;344;363;373;369;391;399;374;391;405;414;384;394;362;426;407;413;448;427;433;492;469;477;551;529;516;485;501;510;475;511;528;512;541;482;524;493;478;489;469;463;452;425;464;395;392;383;443;428;430;470;396;355;303;329;288;322;369;370;375;325;329;329;308;256;259;263;260;217;226;185;170;156;146;104;98;85;78;35;18;19;11;20;10;10;1;9;2;2
088010;Santa Croce Camerina;36;36;28;39;30;44;45;44;43;43;51;45;33;46;47;54;44;52;49;54;54;56;35;53;56;48;47;48;53;51;62;53;61;59;70;50;60;56;54;68;59;76;67;54;63;52;56;61;56;66;51;36;50;54;58;62;46;45;45;50;65;45;55;45;38;49;40;47;42;50;45;38;32;42;31;48;24;22;17;26;26;23;18;18;12;13;11;8;3;9;1;3;2;1;2;0;0;1;0;0;0
088011;Scicli;123;134;102;115;99;134;126;129;97;134;134;132;137;127;122;138;147;168;169;143;148;162;145;149;133;136;149;175;162;163;135;142;147;174;169;207;202;190;146;147;213;183;191;199;178;184;162;172;179;156;160;138;137;142;142;144;136;132;145;149;152;158;149;170;108;120;109;136;128;151;140;116;111;113;120;97;119;104;90;92;83;80;72;58;69;40;42;43;40;21;13;6;7;7;9;4;6;3;0;0;0
088012;Vittoria;318;310;329;331;334;313;329;357;359;339;341;375;382;364;344;408;415;419;346;438;410;406;392;352;377;348;358;379;366;365;374;395;401;421;408;426;414;434;433;407;428;377;392;407;422;385;402;413;396;394;401;335;324;316;363;314;336;292;288;304;325;314;335;302;244;243;260;249;231;251;252;244;204;235;205;204;186;166;177;173;168;166;129;109;89;80;73;65;51;42;15;12;18;11;2;7;6;7;0;0;0
;Totale;1472;1466;1437;1549;1510;1505;1573;1542;1539;1592;1655;1589;1685;1651;1672;1761;1822;1901;1768;1922;1810;1934;1821;1852;1781;1772;1792;1932;1892;1917;1860;1881;1976;2105;2109;2210;2187;2150;2088;2109;2200;2088;2140;2172;2180;2129;2033;2115;2067;2023;2008;1830;1801;1844;1821;1838;1695;1598;1592;1710;1840;1749;1849;1588;1421;1323;1318;1309;1344;1550;1518;1381;1242;1258;1241;1170;1072;986;988;1025;909;888;734;696;588;511;433;392;328;283;146;81;83;62;66;39;33;17;18;5;4
Territorio/Età;;0;1;2;3;4;5;6;7;8;9;10;11;12;13;14;15;16;17;18;19;20;21;22;23;24;25;26;27;28;29;30;31;32;33;34;35;36;37;38;39;40;41;42;43;44;45;46;47;48;49;50;51;52;53;54;55;56;57;58;59;60;61;62;63;64;65;66;67;68;69;70;71;72;73;74;75;76;77;78;79;80;81;82;83;84;85;86;87;88;89;90;91;92;93;94;95;96;97;98;99;100
Codice comune;Comune;Femmine
088001;Acate;48;42;34;38;38;38;37;49;44;48;40;41;59;55;52;57;49;56;42;48;61;32;51;41;49;52;49;54;47;69;53;62;47;52;48;49;60;44;72;62;61;60;59;48;57;52;54;56;47;54;56;48;46;44;50;54;44;43;50;41;53;49;55;39;39;28;36;38;38;33;47;32;24;40;38;27;22;22;36;22;35;32;22;21;17;21;9;13;11;8;7;3;4;0;3;3;2;1;2;0;1
088002;Chiaramonte Gulfi;30;20;31;26;34;23;22;30;37;28;34;42;33;36;42;36;42;50;45;39;43;45;47;54;49;46;47;47;41;52;39;43;50;36;41;50;43;42;63;57;68;71;62;50;65;55;60;56;63;60;63;51;60;54;49;43;41;46;50;49;54;36;46;40;24;41;42;38;37;53;42;45;47;51;37;42;50;37;48;48;39;38;30;41;34;30;16;24;17;10;7;7;3;7;8;0;4;0;2;0;0
088003;Comiso;143;120;115;110;126;142;138;151;157;135;140;126;149;152;158;143;182;161;163;185;152;141;187;166;156;189;159;165;179;170;160;216;178;218;221;215;228;218;216;210;219;221;222;236;223;219;224;207;207;211;220;165;205;186;198;196;192;160;166;166;182;210;200;179;129;146;143;165;137;168;157;183;140;146;139;150;118;130;140;142;118;106;101;84;84;67;72;73;58;46;13;12;12;6;14;8;7;0;1;0;2
088004;Giarratana;21;9;12;7;9;10;6;10;15;5;17;16;15;13;22;18;15;13;16;16;8;14;22;15;13;17;20;18;12;15;13;24;24;19;20;14;12;15;27;23;27;20;22;25;21;28;22;19;26;29;23;24;23;16;22;29;12;14;18;19;25;21;23;17;16;11;14;18;25;27;25;19;31;17;27;19;19;26;23;17;13;10;12;18;9;23;10;11;6;6;4;0;4;3;2;1;2;0;0;0;0
088005;Ispica;65;61;64;66;72;64;82;59;72;77;74;87;74;79;76;80;93;93;100;82;85;82;76;100;90;87;92;90;97;90;85;94;89;110;104;92;93;125;120;116;89;118;129;110;75;100;100;103;115;130;104;102;84;95;76;85;90;96;79;77;113;104;106;101;82;81;66;68;90;94;103;69;58;76;69;61;43;58;67;63;57;51;41;31;35;32;21;28;17;27;15;8;7;3;3;5;2;0;2;1;0
088006;Modica;274;279;272;268;254;279;274;261;289;300;294;282;295;268;326;298;339;284;284;326;336;381;334;335;335;302;363;350;340;328;343;363;362;391;394;439;367;393;376;382;410;432;374;391;400;410;385;431;371;393;306;373;295;361;313;338;322;330;336;306;351;345;330;316;247;263;255;253;259;302;317;277;225;260;242;209;221;256;255;214;232;206;184;208;198;174;146;136;123;82;46;35;23;35;24;16;17;15;3;1;4
088007;Monterosso Almo;10;12;18;10;11;10;19;21;16;19;21;10;6;21;19;10;16;17;14;22;13;21;17;19;16;16;18;13;23;16;20;21;21;23;23;24;25;19;20;15;15;26;29;30;20;22;27;24;22;24;27;20;20;15;24;19;19;26;25;13;13;23;24;21;21;13;18;18;13;21;21;22;27;19;22;27;17;14;12;16;14;20;13;19;13;8;10;13;9;4;5;2;2;3;3;1;2;2;0;0;0
088008;Pozzallo;100;87;86;98;80;86;108;78;84;102;92;111;110;82;99;99;109;109;103;112;135;128;132;130;131;148;138;136;144;121;118;95;141;130;146;125;143;137;142;129;111;156;131;130;145;129;134;147;136;132;125;125;131;116;140;146;142;115;93;127;133;122;112;108;96;87;63;86;93;101;91;88;72;66;68;69;59;70;69;67;48;49;44;55;35;32;38;32;22;27;18;7;5;12;9;7;0;2;0;1;0
088009;Ragusa;288;295;320;314;269;273;325;304;326;296;281;297;304;344;324;337;359;368;366;379;321;365;380;358;363;388;390;396;420;422;430;450;442;520;509;510;546;514;516;514;519;520;544;528;523;531;551;505;575;533;535;521;478;503;464;515;486;427;419;434;488;557;561;449;389;369;371;354;397;446;492;446;407;391;379;381;363;368;350;338;352;289;257;274;247;236;193;185;162;112;77;46;35;45;44;26;23;14;5;4;5
088010;Santa Croce Camerina;48;31;26;29;30;35;34;35;38;28;31;37;41;57;40;49;40;39;45;53;46;55;56;41;40;43;46;44;42;57;50;50;35;53;55;78;63;50;69;65;59;68;61;62;67;54;57;50;64;73;52;55;47;58;49;63;50;55;55;39;58;55;74;45;44;49;42;35;41;49;46;56;41;43;49;41;50;38;39;46;28;35;34;20;17;28;19;14;14;10;6;6;3;1;1;1;2;1;0;0;0
088011;Scicli;109;136;116;116;138;126;98;122;126;123;130;106;134;129;148;119;133;133;152;130;130;135;138;124;137;149;143;134;150;152;141;174;179;158;177;169;164;169;197;211;202;203;212;177;186;172;164;176;154;178;153;143;179;174;158;139;142;161;153;163;138;175;164;164;163;128;129;136;139;167;164;168;133;129;133;118;132;133;133;127;111;101;93;88;79;66;61;54;56;51;21;16;9;9;15;8;14;4;3;0;4
088012;Vittoria;313;333;290;289;311;318;306;325;284;319;339;340;347;356;342;310;395;386;407;371;346;377;371;375;377;385;367;390;354;410;396;382;390;449;402;458;404;408;463;375;411;431;450;488;422;403;427;386;386;428;414;352;351;368;342;368;302;317;323;348;358;345;376;311;252;243;256;242;287;322;306;269;215;267;264;251;225;217;220;240;195;201;151;146;141;115;116;102;78;82;48;28;19;27;19;8;9;6;7;1;2
;Totale;1449;1425;1384;1371;1372;1404;1449;1445;1488;1480;1493;1495;1567;1592;1648;1556;1772;1709;1737;1763;1676;1776;1811;1758;1756;1822;1832;1837;1849;1902;1848;1974;1958;2159;2140;2223;2148;2134;2281;2159;2191;2326;2295;2275;2204;2175;2205;2160;2166;2245;2078;1979;1919;1990;1885;1995;1842;1790;1767;1782;1966;2042;2071;1790;1502;1459;1435;1451;1556;1783;1811;1674;1420;1505;1467;1395;1319;1369;1392;1340;1242;1138;982;1005;909;832;711;685;573;465;267;170;126;151;145;84;84;45;25;8;18

"Ricostruzione della popolazione intercensuaria - Popolazione al 1° gennaio per età"
"Cittadinanza italiana - Anno: 2011 - Provincia: Ragusa"
Territorio/Età;;0;1;2;3;4;5;6;7;8;9;10;11;12;13;14;15;16;17;18;19;20;21;22;23;24;25;26;27;28;29;30;31;32;33;34;35;36;37;38;39;40;41;42;43;44;45;46;47;48;49;50;51;52;53;54;55;56;57;58;59;60;61;62;63;64;65;66;67;68;69;70;71;72;73;74;75;76;77;78;79;80;81;82;83;84;85;86;87;88;89;90;91;92;93;94;95;96;97;98;99;100
Codice comune;Comune;Totale
088001;Acate;87;87;90;77;87;83;88;95;89;91;93;89;88;117;100;107;112;95;109;76;105;102;86;96;98;96;114;102;116;94;114;101;110;106;109;93;105;121;109;126;113;117;118;123;110;120;104;98;113;105;115;95;111;78;86;94;96;84;92;90;74;99;102;106;85;69;57;75;76;75;73;90;66;44;68;67;56;46;47;57;50;46;56;41;35;31;28;10;19;13;12;6;3;5;0;4;3;2;1;0;0
088002;Chiaramonte Gulfi;50;54;44;58;60;65;51;82;56;61;66;74;79;69;87;86;92;94;102;93;74;84;93;94;104;89;98;75;99;91;96;79;86;101;90;95;91;87;100;121;116;121;134;121;111;117;115;132;117;113;120;122;121;96;103;117;108;91;87;93;106;111;72;90;67;73;69;65;70;67;95;82;90;97;87;68;70;78;63;80;77;72;70;52;63;56;45;26;37;30;18;12;6;6;9;8;0;3;0;2;1
088003;Comiso;277;270;252;245;262;266;303;298;297;301;272;305;282;314;319;344;301;362;341;320;378;323;317;362;333;326;325;326;328;357;350;332;403;360;417;426;417;431;391;410;397;417;429;451;469;445;413;429;411;423;398;428;334;398;356;357;360;357;294;309;329;371;364;364;330;241;276;279;284;249;314;303;298;255;272;259;246;210;205;225;246;185;183;149;140;122;115;95;90;78;58;26;22;18;11;14;12;7;1;1;1
088004;Giarratana;18;32;28;21;24;18;25;15;26;32;24;34;32;33;25;36;35;28;33;36;31;27;26;47;34;29;33;30;41;28;47;27;43;48;31;37;39;29;31;37;43;46;48;40;49;46;49;38;43;43;59;42;40;39;42;36;54;39;29;32;33;39;38;46;38;31;32;21;33;38;45;45;38;47;39;40;33;34;38;33;32;26;19;21;27;16;29;10;17;6;8;4;2;7;5;2;2;3;0;0;0
088005;Ispica;132;130;120;122;143;160;141;158;146;156;151;159;161;154;169;157;166;190;203;199;191;183;180;162;195;194;182;183;191;204;186;180;179;175;215;213;201;189;229;225;219;210;228;233;229;172;210;191;200;222;216;192;185;195;185;182;190;190;168;168;174;207;193;191;192;154;156;133;131;156;169;181;133;125;138;126;107;88;102;97;98;103;80;71;61;65;47;31;40;27;35;21;10;7;2;4;6;3;1;0;1
088006;Modica;542;572;562;565;575;556;566;545;544;588;602;618;569;601;562;626;603;669;612;590;675;660;735;658;691;643;677;680;688;659;660;665;690;707;768;784;823;745;779;762;767;801;791;735;737;796;773;764;795;726;764;648;695;593;717;621;655;594;632;617;558;673;630;639;557;501;474;477;473;517;572;564;497;419;443;442;390;400;409;407;381;373;335;300;314;278;233;217;191;166;119;64;37;31;33;35;17;10;12;5;2
088007;Monterosso Almo;12;24;25;25;29;22;24;34;38;28;34;39;24;27;43;36;24;31;35;25;40;27;37;38;44;27;39;32;36;33;34;41;36;47;39;43;44;49;40;36;45;42;61;56;54;40;50;52;47;38;50;49;38;40;33;45;40;31;41;42;28;40;48;49;34;38;29;30;25;20;39;42;39;46;33;42;48;34;31;30;23;23;33;20;30;17;17;17;17;17;6;6;1;3;3;4;1;1;1;0;0
088008;Pozzallo;187;208;206;185;210;173;170;231;168;192;201;214;225;205;179;196;198;226;229;232;250;234;271;247;265;250;261;260;274;280;250;261;226;255;296;298;266;299;265;291;275;243;270;260;252;276;278;237;259;254;242;252;239;251;236;247;260;258;227;196;249;252;260;244;201;209;179;135;175;179;204;179;170;150;113;126;126;111;121;101;105;86;87;63;81;52;45;50;36;29;33;21;6;8;15;10;7;1;4;2;2
088009;Ragusa;597;596;597;632;622;607;574;627;618;644;650;597;593;666;689;688;716;733;762;768;747;712;771;797;746;747;749;809;801;824;860;857;887;921;990;998;1069;1089;1037;1008;1014;1030;993;1054;1057;1038;1069;1041;1030;1070;1015;1029;987;943;959;882;980;881;808;800;880;910;986;1034;836;735;674;693;630;712;811;853;811;720;708;697;668;608;604;595;567;552;488;416;410;372;344;268;238;215;157;91;50;36;47;49;34;23;11;7;4
088010;Santa Croce Camerina;67;86;66;55;65;60;77;79;77;81;71;79;84;76;100;87;104;84;93;93;105;99;112;92;93;96;97;92;94;95;109;113;103;94;115;121;129;123;106;121;134;120;144;125;120;134;107;114;113;121;141;104;91;97;114;109;125;97;100;99;91;121;99;130;97;84;98;80;80;83;100;87;91;73;85;79;82;72;57;54;71;50;59;51;37;26;39;28;18;11;15;7;7;4;0;3;2;1;2;0;0
088011;Scicli;199;232;271;214;235;235;263;221;250;224;257;264;238;271;259;273;258;279;300;320;276;278;298;282;276;267;279;286;306;302;310;273;315;327;333;343;377;357;356;340;358;413;394;405;375;368;356;327;348;331;334;314;286;317;311;303;286;275;297;297;310;289;334;313;331;274;245;238;271;263;313;299;277;243;236;241;210;246;231;215;211;186;172;153;129;130;101;86;81;90;59;28;18;12;12;14;9;10;6;3;2
088012;Vittoria;588;629;652;619;629;644;629;635;685;654;660;684;719;737;728;692;724;821;814;752;816;756;783;768;723;754;733;729;765;720;761;763;771;787;861;799;890;820;846;895;792;846;814;845;905;845;794;839;807;793;824;815;689;683;687;705;686;643;611;613;653;684;655;713;612;500;485;506;496;517;575;556;500;413;499;462;449;402;368;377;397;342;350;265;233;213;178;175;150;116;101;52;35;35;34;20;13;8;6;2;2
;Totale;2756;2920;2913;2818;2941;2889;2911;3020;2994;3052;3081;3156;3094;3270;3260;3328;3333;3612;3633;3504;3688;3485;3709;3643;3602;3518;3587;3604;3739;3687;3777;3692;3849;3928;4264;4250;4451;4339;4289;4372;4273;4406;4424;4448;4468;4397;4318;4262;4283;4239;4278;4090;3816;3730;3829;3698;3840;3540;3386;3356;3485;3796;3781;3919;3380;2909;2774;2732;2744;2876;3310;3281;3010;2632;2721;2649;2485;2329;2276;2271;2258;2044;1932;1602;1560;1378;1221;1013;934;798;621;338;197;172;171;167;106;72;45;22;15
Territorio/Età;;0;1;2;3;4;5;6;7;8;9;10;11;12;13;14;15;16;17;18;19;20;21;22;23;24;25;26;27;28;29;30;31;32;33;34;35;36;37;38;39;40;41;42;43;44;45;46;47;48;49;50;51;52;53;54;55;56;57;58;59;60;61;62;63;64;65;66;67;68;69;70;71;72;73;74;75;76;77;78;79;80;81;82;83;84;85;86;87;88;89;90;91;92;93;94;95;96;97;98;99;100
Codice comune;Comune;Maschi
088001;Acate;42;41;50;46;50;45;52;58;40;46;45;50;47;58;45;54;55;47;53;35;56;43;55;44;61;48;63;53;62;50;46;47;50;58;55;45;56;59;65;54;50;55;57;65;62;63;52;44;54;60;61;40;62;33;43;44;42;40;50;39;33;48;53;51;46;30;31;39;37;37;40;44;34;20;28;29;29;25;26;22;28;11;27;19;15;15;8;2;7;4;6;1;0;1;0;1;0;0;0;0;0
088002;Chiaramonte Gulfi;27;24;24;26;33;33;28;59;27;24;38;39;37;36;50;44;55;52;53;48;34;42;46;46;51;40;52;29;53;52;48;41;42;51;54;51;44;46;59;60;58;52;62;59;61;50;60;73;61;53;61;59;70;37;48;68;65;50;41;43;57;58;33;44;27;48;28;24;32;29;43;42;45;49;37;32;29;28;26;34;31;34;34;23;25;25;18;11;15;13;9;6;0;3;2;1;0;1;0;1;1
088003;Comiso;151;126;136;132;149;138;162;164;146;143;136;162;154;166;165;186;155;182;181;155;195;169;178;175;167;171;139;168;162;177;181;173;187;176;199;201;197;210;179;196;191;199;205;228;234;223;193;206;205;217;188;207;168;193;171;160;167;165;134;141;164;188;153;162;150;115;133;137;120;114;147;152;116;115;128;125;97;98;78;94;108;73;80;54;61;45;56;33;24;21;20;14;11;5;5;2;4;1;0;0;0
088004;Giarratana;9;14;19;7;17;9;15;9;16;17;19;17;16;18;11;14;17;13;20;19;15;19;12;25;18;17;15;11;24;17;33;13;19;23;12;18;24;17;16;10;20;19;29;20;24;24;21;15;24;20;30;19;16;16;27;15;24;27;15;14;16;14;17;23;21;17;21;7;15;13;18;20;19;17;22;14;16;15;14;12;15;14;9;9;12;8;9;2;5;1;3;1;2;3;3;0;1;1;0;0;0
088005;Ispica;74;65;62;59;75;88;76;74;86;84;74;86;74;82;89;79;89;97;109;101;108;97;95;83;98;103;96;90;100;109;95;93;89;84;107;108;104;93;104;109;103;119;111;102;116;96;108;89;95;105;83;90;82;109;92;104;104;101;73;91;96;91;88;89;87;71;75;69;62;69;76;81;63;69;62;58;46;46;47;34;39;50;33;33;31;30;18;15;17;12;12;8;6;1;0;0;0;1;1;0;0
088006;Modica;261;302;278;291;302;301;286;267;282;297;303;323;288;303;293;301;302;330;327;306;350;324;356;325;358;306;372;320;349;324;333;320;320;342;377;396;391;382;382;384;386;392;358;357;344;401;364;377;363;353;371;342;319;298;356;308;317;271;299;281;255;327;286;312;244;256;212;219;219;263;272;249;223;195;189;207;190;190;161;161;173;155;136;128;122;92;77;88;67;58;53;27;13;11;7;17;5;1;0;2;1
088007;Monterosso Almo;9;12;13;10;18;11;14;16;17;12;14;20;14;21;22;17;14;15;18;11;18;14;18;21;23;11;22;17;25;11;18;22;17;27;14;21;20;25;21;19;31;27;35;27;24;20;28;26;24;15;26;21;18;20;18;21;21;13;15;16;15;27;25;25;13;18;15;11;10;7;18;20;18;19;14;20;20;17;17;18;7;9;13;9;11;5;10;9;5;9;1;2;0;1;0;1;0;0;0;0;0
088008;Pozzallo;103;105;119;100;116;93;84;123;91;109;99;120;113;95;97;100;100;116;120;127;136;100;145;114;137;121;117;120;137;139;131;140;134;111;164;155;137;156;129;147;146;134;115;127;119;129;148;104;111;119;110;127;114;121;116;108;113;117;111;101;123;120;140;131;92;114;92;74;93;88;104;85;81;76;47;58;57;53;53;34;42;41;40;21;31;21;18;16;8;11;8;6;2;4;5;1;2;1;1;2;1
088009;Ragusa;320;310;300;311;312;334;298;302;309;316;356;316;297;362;346;364;374;371;394;403;371;392;403;413;387;390;362;424;404;409;445;424;438;482;463;486;553;539;518;492;500;512;469;510;528;517;537;487;526;496;480;491;465;465;457;423;466;395;386;387;446;425;426;469;391;352;304;326;280;315;367;366;368;313;321;325;296;249;247;258;243;205;215;175;155;142;126;97;75;75;66;32;14;15;12;14;8;8;1;4;2
088010;Santa Croce Camerina;38;36;34;29;37;31;42;44;44;44;42;49;45;35;45;47;56;44;52;48;53;54;57;35;52;57;50;45;48;52;49;62;52;60;59;68;50;59;54;54;66;61;75;64;56;65;52;57;64;57;66;51;36;51;55;61;59;47;45;44;51;64;45;56;47;39;49;39;45;44;49;42;38;33;41;30;45;24;20;14;26;24;25;19;17;11;13;11;8;2;7;1;2;2;0;2;1;0;1;0;0
088011;Scicli;107;122;136;99;119;98;134;124;131;98;133;132;131;136;129;125;139;146;167;168;146;150;162;145;149;131;132;143;170;161;157;135;143;149;177;169;207;195;191;143;150;212;187;192;197;181;183;162;171;179;157;160;141;139;140;145;145;135;134;144;149;148;158;148;170;109;117;109;136;125;150;136;113;111;109;113;93;115;103;89;91;79;76;65;54;60;39;38;35;36;13;9;6;3;5;7;3;3;2;0;0
088012;Vittoria;284;316;310;327;336;333;311;327;360;367;342;343;378;386;369;345;412;422;425;346;438;407;405;396;348;374;348;357;373;369;358;370;389;396;413;402;431;413;436;432;413;431;384;393;414;423;390;406;417;401;398;397;335;329;316;366;313;340;292;292;304;327;313;335;301;246;243;254;253;231;253;251;238;202;233;200;198;181;158;165;167;157;154;121;99;87;73;66;56;47;35;10;13;19;9;3;5;3;4;0;0
;Totale;1425;1473;1481;1437;1564;1514;1502;1567;1549;1557;1601;1657;1594;1698;1661;1676;1768;1835;1919;1767;1920;1811;1932;1822;1849;1769;1768;1777;1907;1870;1894;1840;1880;1959;2094;2120;2214;2194;2154;2100;2114;2213;2087;2144;2179;2192;2136;2046;2115;2075;2031;2004;1826;1811;1839;1823;1836;1701;1595;1593;1709;1837;1737;1845;1589;1415;1320;1308;1302;1335;1537;1488;1356;1219;1231;1211;1116;1041;950;935;970;852;842;676;633;541;465;388;322;289;233;117;69;68;48;49;29;20;10;9;5
Territorio/Età;;0;1;2;3;4;5;6;7;8;9;10;11;12;13;14;15;16;17;18;19;20;21;22;23;24;25;26;27;28;29;30;31;32;33;34;35;36;37;38;39;40;41;42;43;44;45;46;47;48;49;50;51;52;53;54;55;56;57;58;59;60;61;62;63;64;65;66;67;68;69;70;71;72;73;74;75;76;77;78;79;80;81;82;83;84;85;86;87;88;89;90;91;92;93;94;95;96;97;98;99;100
Codice comune;Comune;Femmine
088001;Acate;45;46;40;31;37;38;36;37;49;45;48;39;41;59;55;53;57;48;56;41;49;59;31;52;37;48;51;49;54;44;68;54;60;48;54;48;49;62;44;72;63;62;61;58;48;57;52;54;59;45;54;55;49;45;43;50;54;44;42;51;41;51;49;55;39;39;26;36;39;38;33;46;32;24;40;38;27;21;21;35;22;35;29;22;20;16;20;8;12;9;6;5;3;4;0;3;3;2;1;0;0
088002;Chiaramonte Gulfi;23;30;20;32;27;32;23;23;29;37;28;35;42;33;37;42;37;42;49;45;40;42;47;48;53;49;46;46;46;39;48;38;44;50;36;44;47;41;41;61;58;69;72;62;50;67;55;59;56;60;59;63;51;59;55;49;43;41;46;50;49;53;39;46;40;25;41;41;38;38;52;40;45;48;50;36;41;50;37;46;46;38;36;29;38;31;27;15;22;17;9;6;6;3;7;7;0;2;0;1;0
088003;Comiso;126;144;116;113;113;128;141;134;151;158;136;143;128;148;154;158;146;180;160;165;183;154;139;187;166;155;186;158;166;180;169;159;216;184;218;225;220;221;212;214;206;218;224;223;235;222;220;223;206;206;210;221;166;205;185;197;193;192;160;168;165;183;211;202;180;126;143;142;164;135;167;151;182;140;144;134;149;112;127;131;138;112;103;95;79;77;59;62;66;57;38;12;11;13;6;12;8;6;1;1;1
088004;Giarratana;9;18;9;14;7;9;10;6;10;15;5;17;16;15;14;22;18;15;13;17;16;8;14;22;16;12;18;19;17;11;14;14;24;25;19;19;15;12;15;27;23;27;19;20;25;22;28;23;19;23;29;23;24;23;15;21;30;12;14;18;17;25;21;23;17;14;11;14;18;25;27;25;19;30;17;26;17;19;24;21;17;12;10;12;15;8;20;8;12;5;5;3;0;4;2;2;1;2;0;0;0
088005;Ispica;58;65;58;63;68;72;65;84;60;72;77;73;87;72;80;78;77;93;94;98;83;86;85;79;97;91;86;93;91;95;91;87;90;91;108;105;97;96;125;116;116;91;117;131;113;76;102;102;105;117;133;102;103;86;93;78;86;89;95;77;78;116;105;102;105;83;81;64;69;87;93;100;70;56;76;68;61;42;55;63;59;53;47;38;30;35;29;16;23;15;23;13;4;6;2;4;6;2;0;0;1
088006;Modica;281;270;284;274;273;255;280;278;262;291;299;295;281;298;269;325;301;339;285;284;325;336;379;333;333;337;305;360;339;335;327;345;370;365;391;388;432;363;397;378;381;409;433;378;393;395;409;387;432;373;393;306;376;295;361;313;338;323;333;336;303;346;344;327;313;245;262;258;254;254;300;315;274;224;254;235;200;210;248;246;208;218;199;172;192;186;156;129;124;108;66;37;24;20;26;18;12;9;12;3;1
088007;Monterosso Almo;3;12;12;15;11;11;10;18;21;16;20;19;10;6;21;19;10;16;17;14;22;13;19;17;21;16;17;15;11;22;16;19;19;20;25;22;24;24;19;17;14;15;26;29;30;20;22;26;23;23;24;28;20;20;15;24;19;18;26;26;13;13;23;24;21;20;14;19;15;13;21;22;21;27;19;22;28;17;14;12;16;14;20;11;19;12;7;8;12;8;5;4;1;2;3;3;1;1;1;0;0
088008;Pozzallo;84;103;87;85;94;80;86;108;77;83;102;94;112;110;82;96;98;110;109;105;114;134;126;133;128;129;144;140;137;141;119;121;92;144;132;143;129;143;136;144;129;109;155;133;133;147;130;133;148;135;132;125;125;130;120;139;147;141;116;95;126;132;120;113;109;95;87;61;82;91;100;94;89;74;66;68;69;58;68;67;63;45;47;42;50;31;27;34;28;18;25;15;4;4;10;9;5;0;3;0;1
088009;Ragusa;277;286;297;321;310;273;276;325;309;328;294;281;296;304;343;324;342;362;368;365;376;320;368;384;359;357;387;385;397;415;415;433;449;439;527;512;516;550;519;516;514;518;524;544;529;521;532;554;504;574;535;538;522;478;502;459;514;486;422;413;434;485;560;565;445;383;370;367;350;397;444;487;443;407;387;372;372;359;357;337;324;347;273;241;255;230;218;171;163;140;91;59;36;21;35;35;26;15;10;3;2
088010;Santa Croce Camerina;29;50;32;26;28;29;35;35;33;37;29;30;39;41;55;40;48;40;41;45;52;45;55;57;41;39;47;47;46;43;60;51;51;34;56;53;79;64;52;67;68;59;69;61;64;69;55;57;49;64;75;53;55;46;59;48;66;50;55;55;40;57;54;74;50;45;49;41;35;39;51;45;53;40;44;49;37;48;37;40;45;26;34;32;20;15;26;17;10;9;8;6;5;2;0;1;1;1;1;0;0
088011;Scicli;92;110;135;115;116;137;129;97;119;126;124;132;107;135;130;148;119;133;133;152;130;128;136;137;127;136;147;143;136;141;153;138;172;178;156;174;170;162;165;197;208;201;207;213;178;187;173;165;177;152;177;154;145;178;171;158;141;140;163;153;161;141;176;165;161;165;128;129;135;138;163;163;164;132;127;128;117;131;128;126;120;107;96;88;75;70;62;48;46;54;46;19;12;9;7;7;6;7;4;3;2
088012;Vittoria;304;313;342;292;293;311;318;308;325;287;318;341;341;351;359;347;312;399;389;406;378;349;378;372;375;380;385;372;392;351;403;393;382;391;448;397;459;407;410;463;379;415;430;452;491;422;404;433;390;392;426;418;354;354;371;339;373;303;319;321;349;357;342;378;311;254;242;252;243;286;322;305;262;211;266;262;251;221;210;212;230;185;196;144;134;126;105;109;94;69;66;42;22;16;25;17;8;5;2;2;2
;Totale;1331;1447;1432;1381;1377;1375;1409;1453;1445;1495;1480;1499;1500;1572;1599;1652;1565;1777;1714;1737;1768;1674;1777;1821;1753;1749;1819;1827;1832;1817;1883;1852;1969;1969;2170;2130;2237;2145;2135;2272;2159;2193;2337;2304;2289;2205;2182;2216;2168;2164;2247;2086;1990;1919;1990;1875;2004;1839;1791;1763;1776;1959;2044;2074;1791;1494;1454;1424;1442;1541;1773;1793;1654;1413;1490;1438;1369;1288;1326;1336;1288;1192;1090;926;927;837;756;625;612;509;388;221;128;104;123;118;77;52;35;13;10

"Ricostruzione della popolazione intercensuaria - Popolazione al 1° gennaio per età"
"Cittadinanza italiana - Anno: 2012 - Provincia: Ragusa"
Territorio/Età;;0;1;2;3;4;5;6;7;8;9;10;11;12;13;14;15;16;17;18;19;20;21;22;23;24;25;26;27;28;29;30;31;32;33;34;35;36;37;38;39;40;41;42;43;44;45;46;47;48;49;50;51;52;53;54;55;56;57;58;59;60;61;62;63;64;65;66;67;68;69;70;71;72;73;74;75;76;77;78;79;80;81;82;83;84;85;86;87;88;89;90;91;92;93;94;95;96;97;98;99;100
Codice comune;Comune;Totale
088001;Acate;80;89;88;90;77;87;85;87;97;87;91;94;88;91;120;99;108;114;98;112;77;107;102;87;99;98;94;116;107;114;93;115;101;110;103;103;93;106;121;109;127;115;116;120;125;112;122;105;100;114;106;116;97;112;78;87;95;98;84;94;91;75;101;102;107;84;70;57;74;76;75;73;89;66;44;66;65;56;43;46;54;51;45;52;37;32;28;26;8;18;10;9;4;2;4;0;3;3;2;1;0
088002;Chiaramonte Gulfi;56;54;53;43;57;60;64;52;82;57;63;66;73;79;70;89;86;93;93;103;94;72;84;91;95;103;93;96;77;103;91;97;77;87;96;92;91;93;86;100;125;119;123;134;122;112;117;117;131;116;112;118;122;122;99;102;120;109;91;87;93;106;112;73;90;67;73;69;65;71;67;93;79;88;93;83;65;69;77;62;78;73;69;64;44;60;51;42;21;36;26;13;9;5;4;7;8;0;1;0;3
088003;Comiso;246;273;263;248;240;264;263;304;298;295;298;274;304;281;311;320;343;299;362;338;321;378;318;317;359;338;329;322;320;316;346;343;322;394;356;414;423;417;422;382;405;391;416;432;450;466;449;413;423;411;418;395;431;330;391;356;356;356;357;291;307;327;366;359;360;327;240;272;277;279;243;312;301;296;250;269;251;233;201;196;215;232;175;172;140;131;107;104;87;76;60;48;21;12;14;5;11;10;5;2;1
088004;Giarratana;18;19;33;28;22;24;18;26;15;25;32;24;34;32;34;25;36;35;29;32;34;30;27;26;46;34;29;32;30;41;29;44;26;43;46;31;35;39;30;31;38;44;49;48;40;47;47;49;36;42;43;59;44;40;39;42;37;55;40;29;32;33;40;38;47;37;31;32;21;33;38;45;45;37;47;37;38;32;34;36;30;31;26;19;18;25;16;27;7;15;6;6;3;1;6;2;2;1;2;0;0
088005;Ispica;101;132;128;116;121;143;161;140;159;147;154;151;159;162;155;165;157;171;189;204;196;189;180;179;163;188;190;180;185;190;198;184;178;186;177;222;211;200;192;229;224;218;215;226;237;224;168;208;191;198;220;218;196;185;189;186;186;191;189;171;167;175;205;191;191;193;151;157;130;127;156;167;173;133;120;132;124;99;83;99;92;97;97;76;66;58;56;45;26;31;22;30;12;8;6;2;4;6;1;1;0
088006;Modica;516;546;577;566;563;574;555;568;548;543;586;602;614;572;597;562;627;598;667;607;594;680;659;734;656;685;647;668;672;684;654;664;663;682;719;764;790;824;745;781;760;768;801;796;733;738;796;775;760;797;725;765;653;697;592;715;617;651;586;627;618;559;662;629;631;554;497;469;468;467;514;569;552;485;416;438;426;378;385;394;393;368;362;316;286;297;258;208;194;165;139;92;51;33;23;24;27;16;8;8;5
088007;Monterosso Almo;20;13;24;25;24;29;21;24;34;37;28;35;39;24;27;43;36;24;31;34;25;40;27;37;37;45;28;38;32;36;29;32;40;34;44;38;43;44;49;40;34;45;42;60;53;52;40;50;52;47;37;50;49;38;39;33;45;40;31;40;41;29;40;47;48;34;38;29;30;24;21;38;41;41;45;32;40;47;34;31;29;19;18;31;21;29;15;17;15;12;16;5;5;0;3;3;3;0;0;1;0
088008;Pozzallo;193;182;209;206;183;212;170;167;227;170;191;204;216;224;209;179;194;197;227;231;234;244;232;269;248;264;252;261;261;275;280;246;263;232;254;297;296;269;291;267;296;278;249;275;259;257;278;276;238;259;253;240;250;239;254;238;248;254;258;221;199;249;251;260;242;200;208;178;136;172;177;204;177;164;148;108;124;121;110;118;95;101;82;80;56;77;47;42;38;29;26;26;17;2;7;10;6;4;1;4;2
088009;Ragusa;597;593;599;607;629;623;605;569;628;622;646;651;605;595;668;687;692;720;736;762;768;749;712;772;807;743;740;757;803;798;816;859;858;886;921;986;1003;1068;1106;1048;1008;1022;1029;1002;1064;1061;1043;1075;1048;1035;1071;1012;1030;986;941;953;881;980;879;805;791;876;905;980;1037;827;725;664;682;623;700;795;849;803;710;698;677;648;585;586;570;535;535;465;393;378;348;309;237;204;183;132;77;40;30;39;39;26;19;10;8
088010;Santa Croce Camerina;73;66;86;67;52;64;59;77;80;75;81;71;78;86;76;100;87;104;84;96;95;106;103;113;91;91;100;96;90;92;98;107;111;101;103;112;120;128;120;113;123;136;118;143;123;117;137;107;115;111;119;140;102;92;98;116;108;122;95;101;100;89;123;100;128;93;86;97;80;81;84;98;85;90;73;84;77;79;67;56;51;68;47;57;46;35;24;35;24;15;10;12;4;6;4;0;2;2;1;1;0
088011;Scicli;210;202;230;275;214;234;237;264;222;249;218;256;258;238;268;261;272;258;278;300;320;270;279;296;279;267;260;279;282;304;295;304;272;308;323;334;339;369;359;353;335;356;407;394;405;372;367;350;329;346;330;330;316;283;320;311;302;285;277;296;298;308;291;333;314;326;268;241;231;267;260;304;294;269;237;231;234;199;236;220;201;196;172;162;140;117;120;92;82;72;80;50;23;15;8;9;8;8;7;4;3
088012;Vittoria;547;583;626;657;622;628;642;628;631;688;663;660;692;723;736;734;697;726;826;820;746;821;754;781;769;717;751;734;716;767;730;758;767;782;792;863;798;888;822;843;900;794;849;821;850;907;849;791;847;805;799;823;816;693;688;689;701;687;643;608;617;655;685;657;708;617;502;479;501;495;511;567;553;491;402;485;448;429;391;357;359;369;317;332;244;205;190;160;157;128;101;87;44;26;31;28;17;10;4;5;5
;Totale;2657;2752;2916;2928;2804;2942;2880;2906;3021;2995;3051;3088;3160;3107;3271;3264;3335;3339;3620;3639;3504;3686;3477;3702;3649;3573;3513;3579;3575;3720;3659;3753;3678;3845;3934;4256;4242;4445;4343;4296;4375;4286;4414;4451;4461;4465;4413;4316;4270;4281;4233;4266;4106;3817;3728;3828;3696;3828;3530;3370;3354;3481;3781;3769;3903;3359;2889;2744;2695;2715;2846;3265;3238;2963;2585;2663;2569;2390;2246;2201;2167;2140;1945;1826;1491;1444;1260;1107;896;801;679;510;270;150;140;129;130;86;51;37;27
Territorio/Età;;0;1;2;3;4;5;6;7;8;9;10;11;12;13;14;15;16;17;18;19;20;21;22;23;24;25;26;27;28;29;30;31;32;33;34;35;36;37;38;39;40;41;42;43;44;45;46;47;48;49;50;51;52;53;54;55;56;57;58;59;60;61;62;63;64;65;66;67;68;69;70;71;72;73;74;75;76;77;78;79;80;81;82;83;84;85;86;87;88;89;90;91;92;93;94;95;96;97;98;99;100
Codice comune;Comune;Maschi
088001;Acate;35;44;41;49;46;49;45;51;58;40;45;45;49;47;58;43;54;56;47;52;35;57;43;55;46;61;46;63;54;60;52;47;48;49;55;53;44;55;57;64;54;51;54;57;66;62;64;52;45;54;60;61;40;62;32;44;45;44;39;50;39;33;48;53;51;43;30;30;38;37;36;40;43;34;20;26;28;29;24;26;20;29;12;24;16;13;13;7;1;7;4;5;1;0;0;0;1;0;0;0;0
088002;Chiaramonte Gulfi;35;29;23;23;26;32;33;28;59;28;25;38;38;38;37;50;44;54;51;53;49;32;42;46;46;52;44;50;29;54;51;47;40;42;47;53;49;45;46;59;61;59;54;61;60;63;50;62;71;60;52;60;59;71;39;47;71;66;50;41;42;56;58;34;44;27;48;28;24;32;28;41;40;43;46;33;30;28;26;25;33;31;33;28;17;23;21;17;8;15;12;6;5;0;2;2;1;0;1;0;2
088003;Comiso;123;149;120;133;128;150;136;163;165;146;141;137;160;154;165;166;188;155;182;177;153;195;166;178;174;163;175;139;164;158;171;178;167;181;171;198;199;197;204;176;193;187;200;206;229;232;225;194;201;205;212;186;208;167;189;172;158;163;165;134;138;162;185;150;159;148;116;131;138;119;110;146;152;116;109;125;120;92;92;72;89;98;69;76;50;55;38;49;32;18;17;15;9;6;3;3;2;4;1;0;0
088004;Giarratana;9;10;15;19;8;17;9;15;9;15;17;19;17;16;19;11;14;17;13;19;18;15;19;12;25;18;17;15;12;24;17;29;12;18;23;13;18;23;17;16;11;21;20;29;20;22;24;21;14;23;20;30;19;16;16;27;16;24;27;15;14;16;14;17;23;20;17;21;7;15;14;18;20;19;17;20;13;15;15;14;10;14;14;9;8;11;8;8;0;5;1;3;0;1;2;1;0;1;0;0;0
088005;Ispica;53;77;62;61;58;74;88;76;76;85;82;73;84;76;83;86;78;92;96;108;100;107;95;95;81;94;101;94;93;100;106;93;89;95;82;112;107;103;95;105;108;103;123;110;103;113;94;108;90;93;103;85;93;82;104;93;107;104;101;73;89;97;92;88;87;88;70;76;66;57;68;75;75;63;67;58;56;44;43;45;32;39;47;31;30;28;25;17;13;12;9;11;4;5;1;0;0;0;1;1;0
088006;Modica;249;260;308;282;289;301;299;285;265;283;294;306;319;288;301;294;302;299;329;324;310;355;322;357;321;353;309;365;316;345;326;334;322;316;347;376;397;395;384;387;383;389;392;362;358;345;401;367;375;363;352;371;343;320;297;358;308;315;267;295;282;255;321;284;307;242;256;208;212;214;261;272;242;215;191;183;199;182;183;156;154;163;148;128;122;110;84;71;82;55;49;45;21;11;6;7;13;5;1;0;3
088007;Monterosso Almo;8;9;12;13;10;18;11;14;16;17;12;14;20;14;21;22;17;14;15;18;11;18;14;18;21;23;13;22;17;25;10;18;22;16;25;13;21;20;25;21;18;32;27;35;26;24;20;28;26;24;15;26;21;18;20;18;21;21;13;14;17;15;27;25;24;13;18;15;11;9;8;17;20;19;19;13;18;20;16;17;17;6;7;13;10;10;5;10;7;2;8;0;1;0;1;0;1;0;0;0;0
088008;Pozzallo;100;98;105;116;100;119;91;82;123;92;109;100;121;114;99;97;99;99;117;123;129;130;99;144;117;138;123;118;122;137;138;132;143;136;112;162;154;137;152;132;150;147;139;119;129;122;129;147;104;112;118;109;126;114;124;117;109;110;115;108;102;121;117;138;131;93;115;90;73;88;90;105;85;76;75;43;57;56;53;52;31;39;40;38;18;32;20;17;12;6;9;5;5;0;3;4;0;1;0;1;1
088009;Ragusa;318;319;312;304;310;316;333;296;303;310;317;357;322;300;361;342;366;375;372;397;404;372;396;399;417;388;390;368;418;397;406;440;422;438;483;456;489;551;545;521;496;501;510;480;518;530;520;542;491;529;498;479;492;459;464;455;422;468;392;385;380;446;421;421;472;384;348;297;322;277;306;357;365;361;309;316;311;283;235;239;244;223;197;202;164;141;135;109;86;61;57;56;26;11;11;10;9;5;5;1;3
088010;Santa Croce Camerina;39;37;36;35;27;37;31;42;45;44;44;42;49;45;34;45;48;56;43;55;49;53;55;60;36;52;60;50;44;48;54;50;61;48;67;56;68;50;60;58;54;69;61;74;63;55;66;51;58;62;56;65;49;37;52;55;60;59;45;45;45;50;65;45;55;46;40;49;38;46;45;49;41;37;33;40;30;42;22;19;13;24;22;23;16;16;10;12;10;6;2;5;1;2;2;0;1;1;0;1;0
088011;Scicli;115;109;121;137;101;118;101;134;124;130;97;134;130;131;135;131;124;139;145;166;166;143;148;161;144;144;127;134;142;169;157;158;136;138;147;176;166;203;195;187;141;151;207;188;191;194;180;180;161;169;179;152;160;139;142;140;143;143;135;134;147;147;148;157;149;166;107;116;104;133;122;143;132;108;108;107;107;87;109;99;82;83;70;70;58;49;54;36;36;33;31;12;8;5;2;2;3;3;3;2;0
088012;Vittoria;305;283;319;311;333;337;334;310;325;360;375;344;348;379;386;372;345;413;425;428;345;442;406;407;399;348;373;350;350;373;372;358;371;397;398;413;402;427;416;433;433;415;435;386;395;414;424;387;410;414;403;394;398;337;332;317;365;312;340;290;294;304;326;314;335;303;248;240;249;250;226;249;250;233;194;224;194;186;176;154;151;153;142;144;113;81;76;66;58;47;39;32;10;9;14;7;4;1;1;3;0
;Totale;1389;1424;1474;1483;1436;1568;1511;1496;1568;1550;1558;1609;1657;1602;1699;1659;1679;1769;1835;1920;1769;1919;1805;1932;1827;1834;1778;1768;1761;1890;1860;1884;1833;1874;1957;2081;2114;2206;2196;2159;2102;2125;2222;2107;2158;2176;2197;2139;2046;2108;2068;2018;2008;1822;1811;1843;1825;1829;1689;1584;1589;1702;1822;1726;1837;1573;1413;1301;1282;1277;1314;1512;1465;1324;1188;1188;1163;1064;994;918;876;902;801;786;622;569;489;419;345;267;238;195;91;50;47;36;35;21;13;9;9
Territorio/Età;;0;1;2;3;4;5;6;7;8;9;10;11;12;13;14;15;16;17;18;19;20;21;22;23;24;25;26;27;28;29;30;31;32;33;34;35;36;37;38;39;40;41;42;43;44;45;46;47;48;49;50;51;52;53;54;55;56;57;58;59;60;61;62;63;64;65;66;67;68;69;70;71;72;73;74;75;76;77;78;79;80;81;82;83;84;85;86;87;88;89;90;91;92;93;94;95;96;97;98;99;100
Codice comune;Comune;Femmine
088001;Acate;45;45;47;41;31;38;40;36;39;47;46;49;39;44;62;56;54;58;51;60;42;50;59;32;53;37;48;53;53;54;41;68;53;61;48;50;49;51;64;45;73;64;62;63;59;50;58;53;55;60;46;55;57;50;46;43;50;54;45;44;52;42;53;49;56;41;40;27;36;39;39;33;46;32;24;40;37;27;19;20;34;22;33;28;21;19;15;19;7;11;6;4;3;2;4;0;2;3;2;1;0
088002;Chiaramonte Gulfi;21;25;30;20;31;28;31;24;23;29;38;28;35;41;33;39;42;39;42;50;45;40;42;45;49;51;49;46;48;49;40;50;37;45;49;39;42;48;40;41;64;60;69;73;62;49;67;55;60;56;60;58;63;51;60;55;49;43;41;46;51;50;54;39;46;40;25;41;41;39;39;52;39;45;47;50;35;41;51;37;45;42;36;36;27;37;30;25;13;21;14;7;4;5;2;5;7;0;0;0;1
088003;Comiso;123;124;143;115;112;114;127;141;133;149;157;137;144;127;146;154;155;144;180;161;168;183;152;139;185;175;154;183;156;158;175;165;155;213;185;216;224;220;218;206;212;204;216;226;221;234;224;219;222;206;206;209;223;163;202;184;198;193;192;157;169;165;181;209;201;179;124;141;139;160;133;166;149;180;141;144;131;141;109;124;126;134;106;96;90;76;69;55;55;58;43;33;12;6;11;2;9;6;4;2;1
088004;Giarratana;9;9;18;9;14;7;9;11;6;10;15;5;17;16;15;14;22;18;16;13;16;15;8;14;21;16;12;17;18;17;12;15;14;25;23;18;17;16;13;15;27;23;29;19;20;25;23;28;22;19;23;29;25;24;23;15;21;31;13;14;18;17;26;21;24;17;14;11;14;18;24;27;25;18;30;17;25;17;19;22;20;17;12;10;10;14;8;19;7;10;5;3;3;0;4;1;2;0;2;0;0
088005;Ispica;48;55;66;55;63;69;73;64;83;62;72;78;75;86;72;79;79;79;93;96;96;82;85;84;82;94;89;86;92;90;92;91;89;91;95;110;104;97;97;124;116;115;92;116;134;111;74;100;101;105;117;133;103;103;85;93;79;87;88;98;78;78;113;103;104;105;81;81;64;70;88;92;98;70;53;74;68;55;40;54;60;58;50;45;36;30;31;28;13;19;13;19;8;3;5;2;4;6;0;0;0
088006;Modica;267;286;269;284;274;273;256;283;283;260;292;296;295;284;296;268;325;299;338;283;284;325;337;377;335;332;338;303;356;339;328;330;341;366;372;388;393;429;361;394;377;379;409;434;375;393;395;408;385;434;373;394;310;377;295;357;309;336;319;332;336;304;341;345;324;312;241;261;256;253;253;297;310;270;225;255;227;196;202;238;239;205;214;188;164;187;174;137;112;110;90;47;30;22;17;17;14;11;7;8;2
088007;Monterosso Almo;12;4;12;12;14;11;10;10;18;20;16;21;19;10;6;21;19;10;16;16;14;22;13;19;16;22;15;16;15;11;19;14;18;18;19;25;22;24;24;19;16;13;15;25;27;28;20;22;26;23;22;24;28;20;19;15;24;19;18;26;24;14;13;22;24;21;20;14;19;15;13;21;21;22;26;19;22;27;18;14;12;13;11;18;11;19;10;7;8;10;8;5;4;0;2;3;2;0;0;1;0
088008;Pozzallo;93;84;104;90;83;93;79;85;104;78;82;104;95;110;110;82;95;98;110;108;105;114;133;125;131;126;129;143;139;138;142;114;120;96;142;135;142;132;139;135;146;131;110;156;130;135;149;129;134;147;135;131;124;125;130;121;139;144;143;113;97;128;134;122;111;107;93;88;63;84;87;99;92;88;73;65;67;65;57;66;64;62;42;42;38;45;27;25;26;23;17;21;12;2;4;6;6;3;1;3;1
088009;Ragusa;279;274;287;303;319;307;272;273;325;312;329;294;283;295;307;345;326;345;364;365;364;377;316;373;390;355;350;389;385;401;410;419;436;448;438;530;514;517;561;527;512;521;519;522;546;531;523;533;557;506;573;533;538;527;477;498;459;512;487;420;411;430;484;559;565;443;377;367;360;346;394;438;484;442;401;382;366;365;350;347;326;312;338;263;229;237;213;200;151;143;126;76;51;29;19;29;30;21;14;9;5
088010;Santa Croce Camerina;34;29;50;32;25;27;28;35;35;31;37;29;29;41;42;55;39;48;41;41;46;53;48;53;55;39;40;46;46;44;44;57;50;53;36;56;52;78;60;55;69;67;57;69;60;62;71;56;57;49;63;75;53;55;46;61;48;63;50;56;55;39;58;55;73;47;46;48;42;35;39;49;44;53;40;44;47;37;45;37;38;44;25;34;30;19;14;23;14;9;8;7;3;4;2;0;1;1;1;0;0
088011;Scicli;95;93;109;138;113;116;136;130;98;119;121;122;128;107;133;130;148;119;133;134;154;127;131;135;135;123;133;145;140;135;138;146;136;170;176;158;173;166;164;166;194;205;200;206;214;178;187;170;168;177;151;178;156;144;178;171;159;142;142;162;151;161;143;176;165;160;161;125;127;134;138;161;162;161;129;124;127;112;127;121;119;113;102;92;82;68;66;56;46;39;49;38;15;10;6;7;5;5;4;2;3
088012;Vittoria;242;300;307;346;289;291;308;318;306;328;288;316;344;344;350;362;352;313;401;392;401;379;348;374;370;369;378;384;366;394;358;400;396;385;394;450;396;461;406;410;467;379;414;435;455;493;425;404;437;391;396;429;418;356;356;372;336;375;303;318;323;351;359;343;373;314;254;239;252;245;285;318;303;258;208;261;254;243;215;203;208;216;175;188;131;124;114;94;99;81;62;55;34;17;17;21;13;9;3;2;5
;Totale;1268;1328;1442;1445;1368;1374;1369;1410;1453;1445;1493;1479;1503;1505;1572;1605;1656;1570;1785;1719;1735;1767;1672;1770;1822;1739;1735;1811;1814;1830;1799;1869;1845;1971;1977;2175;2128;2239;2147;2137;2273;2161;2192;2344;2303;2289;2216;2177;2224;2173;2165;2248;2098;1995;1917;1985;1871;1999;1841;1786;1765;1779;1959;2043;2066;1786;1476;1443;1413;1438;1532;1753;1773;1639;1397;1475;1406;1326;1252;1283;1291;1238;1144;1040;869;875;771;688;551;534;441;315;179;100;93;93;95;65;38;28;18

"Ricostruzione della popolazione intercensuaria - Popolazione al 1° gennaio per età"
"Cittadinanza italiana - Anno: 2013 - Provincia: Ragusa"
Territorio/Età;;0;1;2;3;4;5;6;7;8;9;10;11;12;13;14;15;16;17;18;19;20;21;22;23;24;25;26;27;28;29;30;31;32;33;34;35;36;37;38;39;40;41;42;43;44;45;46;47;48;49;50;51;52;53;54;55;56;57;58;59;60;61;62;63;64;65;66;67;68;69;70;71;72;73;74;75;76;77;78;79;80;81;82;83;84;85;86;87;88;89;90;91;92;93;94;95;96;97;98;99;100
Codice comune;Comune;Totale
088001;Acate;68;77;91;87;92;77;87;83;88;96;86;91;93;89;93;120;99;105;113;98;113;77;106;99;86;100;91;91;117;103;112;93;112;98;107;100;106;97;106;121;110;127;119;118;118;125;115;122;104;99;112;104;113;97;113;75;88;92;99;82;92;90;75;98;101;105;83;69;57;73;74;77;73;86;65;45;66;64;53;41;44;50;49;39;51;35;30;23;23;8;17;8;7;3;1;3;0;3;3;1;1
088002;Chiaramonte Gulfi;45;55;49;52;43;57;60;64;51;84;57;65;67;73;79;71;88;86;93;94;102;94;74;85;90;96;101;90;97;78;103;89;91;75;90;97;91;89;97;82;102;121;121;127;136;122;115;116;116;133;116;114;119;122;121;100;102;120;109;91;86;93;106;111;72;88;67;69;69;65;66;67;90;77;85;92;81;63;68;71;61;73;71;61;58;39;57;47;33;19;30;19;10;7;5;3;4;6;0;1;1
088003;Comiso;237;247;273;262;242;238;262;259;306;296;292;293;274;302;278;315;317;347;305;364;341;312;383;319;319;362;339;332;319;320;309;344;344;316;391;356;412;418;418;420;377;407;392;422;425;444;458;449;413;426;414;414;396;426;332;390;353;350;353;351;289;304;324;358;357;355;325;238;266;271;275;239;305;291;289;244;256;243;222;197;186;199;221;166;155;126;116;88;89;76;70;43;33;17;6;10;3;10;8;4;2
088004;Giarratana;24;18;18;31;28;22;24;19;27;15;25;32;24;34;32;32;25;37;35;31;32;36;31;27;27;48;35;31;32;28;38;27;39;29;40;44;31;37;40;30;32;37;44;48;47;39;47;48;49;36;41;41;59;46;40;39;42;37;54;41;29;30;33;39;38;47;38;29;33;21;33;36;44;44;36;46;36;37;30;33;35;28;30;25;19;16;21;16;25;6;13;6;4;2;0;2;2;1;1;2;0
088005;Ispica;118;102;134;123;119;117;143;159;140;159;144;154;152;163;163;154;168;162;171;188;207;193;194;182;179;163;185;186;172;184;195;201;182;180;188;177;221;210;196;198;229;220;221;213;228;236;229;170;210;194;201;220;216;197;186;188;191;184;187;188;170;166;175;205;190;194;194;151;157;129;125;158;166;169;129;119;127;121;97;82;91;95;90;89;69;65;53;51;43;20;25;18;27;11;6;5;0;3;4;2;0
088006;Modica;507;516;551;581;559;561;569;555;573;546;538;579;605;614;573;597;561;623;598;669;605;592;674;660;730;654;687;636;670;673;684;653;656;660;682;717;765;789;826;748;772;753;761;805;791;733;738;800;775;753;795;722;763;654;695;593;710;619;645;583;618;616;558;656;626;624;549;491;455;466;460;505;560;541;471;403;431;404;365;372;380;371;350;343;287;268;274;234;187;163;138;116;76;42;26;19;19;20;13;5;6
088007;Monterosso Almo;17;20;12;23;26;24;28;21;24;33;37;28;34;39;25;27;43;36;25;31;35;26;40;27;37;36;44;25;36;33;34;28;33;34;35;44;39;42;44;47;39;33;46;42;58;52;52;40;50;51;47;36;47;48;38;39;33;46;40;31;40;41;29;41;46;48;34;38;30;30;24;21;38;40;40;44;32;40;46;33;30;23;18;18;28;21;26;15;16;13;10;13;4;5;0;2;2;1;0;0;1
088008;Pozzallo;192;195;181;211;209;184;213;171;165;228;172;195;200;216;222;215;183;196;198;228;232;238;243;236;279;248;268;247;259;257;279;285;251;265;236;252;300;297;265;291;268;298;273;245;278;265;255;276;275;240;255;252;244;251;240;252;238;245;254;252;219;198;245;246;257;244;199;207;178;135;167;177;202;173;159;143;105;122;114;110;110;89;95;77;74;51;68;38;35;36;28;18;20;14;1;4;6;4;4;1;4
088009;Ragusa;539;591;600;605;609;629;623;605;572;628;623;649;646;601;600;659;685;685;715;734;759;761;751;706;765;788;739;735;748;782;793;804;853;847;867;919;981;999;1065;1099;1035;1008;1028;1031;1003;1057;1047;1032;1072;1033;1036;1067;1000;1018;973;938;948;877;970;870;800;790;861;896;970;1023;819;707;662;677;614;695;774;833;781;693;673;662;628;563;564;537;497;504;429;351;337;306;257;209;162;140;97;60;30;18;22;29;19;12;5
088010;Santa Croce Camerina;60;73;72;82;68;54;67;62;78;79;80;85;72;82;85;76;105;88;107;89;98;98;107;104;117;94;93;107;100;91;96;105;107;117;107;107;110;125;132;126;117;131;139;118;146;128;124;141;106;118;114;121;143;107;93;98;120;107;122;96;102;99;91;125;102;131;94;85;96;80;80;85;97;83;91;74;85;73;77;65;55;45;63;43;54;38;32;17;28;20;11;7;8;2;6;3;0;1;1;1;1
088011;Scicli;201;208;206;226;270;213;233;237;267;224;248;221;256;264;238;269;261;274;261;281;301;321;274;281;290;273;263;255;279;277;306;294;303;268;308;320;332;346;368;358;357;345;358;408;395;406;376;365;354;334;341;331;329;318;284;316;310;304;287;281;299;298;308;295;327;313;324;266;240;228;261;253;304;285;266;233;223;226;194;231;211;191;180;158;149;129;106;106;76;70;60;67;43;20;12;6;7;6;6;5;5
088012;Vittoria;591;550;579;625;648;618;620;643;622;629;684;651;661;691;722;730;731;690;724;821;812;738;802;744;768;748;702;743;712;698;757;717;752;759;774;773;853;789;880;811;836;891;778;835;812;846;903;841;787;843;798;794;820;811;679;679;688;701;680;633;601;609;646;680;646;686;604;492;460;489;486;500;551;540;477;384;469;427;409;369;339;341;350;295;298;216;185;172;132;138;111;85;76;34;23;20;23;12;5;2;4
;Totale;2599;2652;2766;2908;2913;2794;2929;2878;2913;3017;2986;3043;3084;3168;3110;3265;3266;3329;3345;3628;3637;3486;3679;3470;3687;3610;3547;3478;3541;3524;3706;3640;3723;3648;3825;3906;4241;4238;4437;4331;4274;4371;4280;4412;4437;4453;4459;4400;4311;4260;4270;4216;4249;4095;3794;3707;3823;3682;3800;3499;3345;3334;3451;3750;3732;3858;3330;2842;2703;2664;2665;2813;3204;3162;2889;2520;2584;2482;2303;2167;2106;2042;2014;1818;1671;1355;1305;1113;944;778;675;540;405;217;116;95;88;96;64;36;30
Territorio/Età;;0;1;2;3;4;5;6;7;8;9;10;11;12;13;14;15;16;17;18;19;20;21;22;23;24;25;26;27;28;29;30;31;32;33;34;35;36;37;38;39;40;41;42;43;44;45;46;47;48;49;50;51;52;53;54;55;56;57;58;59;60;61;62;63;64;65;66;67;68;69;70;71;72;73;74;75;76;77;78;79;80;81;82;83;84;85;86;87;88;89;90;91;92;93;94;95;96;97;98;99;100
Codice comune;Comune;Maschi
088001;Acate;41;35;45;41;50;46;50;43;53;56;39;45;44;49;48;58;44;52;58;48;53;35;57;43;55;48;57;44;63;51;59;50;43;42;45;53;54;48;54;57;64;56;52;57;56;66;65;64;52;45;53;60;59;40;63;31;44;43;44;39;50;37;33;46;52;50;43;29;30;37;36;38;40;42;33;20;26;28;27;23;25;17;27;10;23;15;11;10;6;1;6;2;5;1;0;0;0;1;0;0;0
088002;Chiaramonte Gulfi;23;35;26;23;24;27;32;34;27;60;28;24;39;38;38;38;50;45;54;52;53;50;33;44;45;45;51;43;51;29;54;49;44;40;42;47;51;48;48;43;61;60;60;57;63;60;64;50;61;72;60;53;61;59;69;40;46;71;65;50;40;42;57;57;33;41;27;46;28;24;28;28;39;38;42;45;32;29;27;22;24;30;28;29;25;15;21;19;14;6;13;9;6;4;0;2;2;1;0;1;1
088003;Comiso;128;125;148;120;129;127;150;135;164;164;146;139;137;161;154;166;162;188;159;185;178;151;196;167;179;176;163;175;138;167;155;172;175;163;178;173;200;194;198;202;176;194;185;203;201;228;227;225;195;203;209;210;189;206;167;189;172;155;163;161;133;136;159;181;150;157;147;114;127;133;117;109;139;145;115;107;116;114;85;88;67;80;90;68;70;46;49;34;40;27;15;12;10;6;4;2;2;2;2;1;0
088004;Giarratana;8;9;10;14;19;8;17;10;15;9;15;17;19;17;16;17;11;15;17;14;19;19;15;19;12;25;18;17;16;11;22;16;26;14;17;22;13;19;23;17;16;11;21;19;28;20;22;25;21;14;23;18;30;20;16;16;27;16;23;28;15;12;16;14;17;22;20;15;21;7;15;14;17;20;19;16;20;12;14;15;13;9;14;14;9;7;9;8;7;0;5;1;1;0;0;0;1;0;1;0;0
088005;Ispica;61;55;78;59;63;55;73;87;76;76;83;82;75;85;75;84;88;80;92;94;110;96;109;94;96;82;91;99;93;90;102;105;92;91;97;84;109;107;97;99;108;106;104;120;111;102;115;94;111;91;95;103;84;94;82;102;96;105;102;100;72;89;98;92;86;89;89;72;76;63;56;68;72;73;60;67;54;55;44;41;40;33;37;42;26;30;26;25;16;11;11;8;8;3;3;1;0;0;0;2;0
088006;Modica;254;249;266;309;275;287;297;300;286;264;282;291;308;319;289;302;294;299;299;329;324;307;351;325;354;321;354;306;369;312;351;328;329;325;318;345;377;396;398;384;383;380;382;393;359;357;352;405;368;371;359;350;369;341;321;299;356;309;311;262;290;285;254;318;281;300;239;255;197;209;210;255;264;236;208;183;180;186;174;176;147;145;152;139;111;111;99;74;64;69;39;40;36;17;7;6;5;11;3;0;1
088007;Monterosso Almo;10;8;9;12;13;10;18;11;14;16;17;12;15;20;14;21;22;17;15;16;18;12;17;14;18;20;23;12;20;17;24;10;18;20;17;25;13;20;21;25;21;18;32;26;33;25;24;20;28;25;24;14;24;21;18;20;18;21;21;13;14;17;15;28;25;25;13;17;16;11;9;9;17;20;19;19;13;18;21;15;17;13;6;7;12;9;8;5;9;6;2;6;0;1;0;1;0;0;0;0;0
088008;Pozzallo;100;100;97;106;119;101;118;91;82;124;92;110;99;120;112;100;100;103;98;119;125;129;132;101;150;114;138;123;117;121;138;139;132;145;138;113;164;155;140;147;131;150;143;136;121;131;120;127;144;106;109;119;110;128;113;124;118;108;108;111;106;101;119;117;139;133;93;114;90;73;83;92;104;84;74;72;41;55;51;54;47;29;35;37;32;16;26;14;14;12;6;7;4;3;0;1;3;0;1;0;1
088009;Ragusa;261;315;322;312;303;309;315;334;297;303;314;317;354;320;305;354;344;364;372;375;396;400;375;391;396;410;384;390;358;408;394;399;436;413;428;478;449;488;547;544;515;496;505;515;480;514;521;516;539;484;527;495;475;488;454;460;454;418;461;386;384;377;436;418;422;462;377;339;294;321;274;306;347;358;352;297;302;303;274;222;224;227;198;182;182;141;119;114;84;76;46;40;40;22;8;8;4;6;3;3;2
088010;Santa Croce Camerina;28;40;40;35;36;26;37;34;43;45;44;45;43;50;44;34;47;48;58;46;57;48;54;55;59;37;53;63;53;45;50;58;52;61;52;68;58;69;52;63;61;58;69;62;78;66;61;68;51;59;65;57;65;52;38;50;57;59;60;46;47;44;51;66;47;55;46;39;48;39;46;45;49;40;37;33;40;28;40;21;18;10;22;19;21;12;14;9;9;9;4;1;4;1;2;2;0;0;0;0;1
088011;Scicli;90;116;112;121;137;100;119;101;135;126;128;97;136;132;132;135;130;124;140;148;167;167;145;148;157;142;145;126;133;138;164;158;158;133;142;143;177;172;203;196;190;146;152;205;188;191;195;179;183;166;164;178;152;160;138;139;140;143;144;137;137;148;146;151;155;150;166;108;116;104;128;119;144;129;105;105;103;104;86;104;93;75;74;63;62;54;44;46;29;31;30;27;7;7;4;1;2;3;2;3;1
088012;Vittoria;295;304;278;319;311;333;333;336;304;322;355;369;346;347;378;383;372;341;410;421;424;342;434;401;401;386;340;366;339;340;363;362;354;364;393;391;410;398;421;400;431;429;405;425;384;392;411;420;383;408;407;400;391;395;329;328;318;366;307;334;288;289;300;323;309;324;298;245;230;243;242;220;242;242;223;185;216;183;177;158;146;143;145;133;125;98;74;71;53;48;38;35;26;5;8;7;5;3;1;0;1
;Totale;1299;1391;1431;1471;1479;1429;1559;1516;1496;1565;1543;1548;1615;1658;1605;1692;1664;1676;1772;1847;1924;1756;1918;1802;1922;1806;1817;1764;1750;1729;1876;1846;1859;1811;1867;1942;2075;2114;2202;2177;2157;2104;2110;2218;2102;2152;2177;2193;2136;2044;2095;2057;2009;2004;1808;1798;1846;1814;1809;1667;1576;1577;1684;1811;1716;1808;1558;1393;1273;1264;1244;1303;1474;1427;1287;1149;1143;1115;1020;939;861;811;828;743;698;554;500;429;345;296;215;188;147;70;36;31;24;27;13;10;8
Territorio/Età;;0;1;2;3;4;5;6;7;8;9;10;11;12;13;14;15;16;17;18;19;20;21;22;23;24;25;26;27;28;29;30;31;32;33;34;35;36;37;38;39;40;41;42;43;44;45;46;47;48;49;50;51;52;53;54;55;56;57;58;59;60;61;62;63;64;65;66;67;68;69;70;71;72;73;74;75;76;77;78;79;80;81;82;83;84;85;86;87;88;89;90;91;92;93;94;95;96;97;98;99;100
Codice comune;Comune;Femmine
088001;Acate;27;42;46;46;42;31;37;40;35;40;47;46;49;40;45;62;55;53;55;50;60;42;49;56;31;52;34;47;54;52;53;43;69;56;62;47;52;49;52;64;46;71;67;61;62;59;50;58;52;54;59;44;54;57;50;44;44;49;55;43;42;53;42;52;49;55;40;40;27;36;38;39;33;44;32;25;40;36;26;18;19;33;22;29;28;20;19;13;17;7;11;6;2;2;1;3;0;2;3;1;1
088002;Chiaramonte Gulfi;22;20;23;29;19;30;28;30;24;24;29;41;28;35;41;33;38;41;39;42;49;44;41;41;45;51;50;47;46;49;49;40;47;35;48;50;40;41;49;39;41;61;61;70;73;62;51;66;55;61;56;61;58;63;52;60;56;49;44;41;46;51;49;54;39;47;40;23;41;41;38;39;51;39;43;47;49;34;41;49;37;43;43;32;33;24;36;28;19;13;17;10;4;3;5;1;2;5;0;0;0
088003;Comiso;109;122;125;142;113;111;112;124;142;132;146;154;137;141;124;149;155;159;146;179;163;161;187;152;140;186;176;157;181;153;154;172;169;153;213;183;212;224;220;218;201;213;207;219;224;216;231;224;218;223;205;204;207;220;165;201;181;195;190;190;156;168;165;177;207;198;178;124;139;138;158;130;166;146;174;137;140;129;137;109;119;119;131;98;85;80;67;54;49;49;55;31;23;11;2;8;1;8;6;3;2
088004;Giarratana;16;9;8;17;9;14;7;9;12;6;10;15;5;17;16;15;14;22;18;17;13;17;16;8;15;23;17;14;16;17;16;11;13;15;23;22;18;18;17;13;16;26;23;29;19;19;25;23;28;22;18;23;29;26;24;23;15;21;31;13;14;18;17;25;21;25;18;14;12;14;18;22;27;24;17;30;16;25;16;18;22;19;16;11;10;9;12;8;18;6;8;5;3;2;0;2;1;1;0;2;0
088005;Ispica;57;47;56;64;56;62;70;72;64;83;61;72;77;78;88;70;80;82;79;94;97;97;85;88;83;81;94;87;79;94;93;96;90;89;91;93;112;103;99;99;121;114;117;93;117;134;114;76;99;103;106;117;132;103;104;86;95;79;85;88;98;77;77;113;104;105;105;79;81;66;69;90;94;96;69;52;73;66;53;41;51;62;53;47;43;35;27;26;27;9;14;10;19;8;3;4;0;3;4;0;0
088006;Modica;253;267;285;272;284;274;272;255;287;282;256;288;297;295;284;295;267;324;299;340;281;285;323;335;376;333;333;330;301;361;333;325;327;335;364;372;388;393;428;364;389;373;379;412;432;376;386;395;407;382;436;372;394;313;374;294;354;310;334;321;328;331;304;338;345;324;310;236;258;257;250;250;296;305;263;220;251;218;191;196;233;226;198;204;176;157;175;160;123;94;99;76;40;25;19;13;14;9;10;5;5
088007;Monterosso Almo;7;12;3;11;13;14;10;10;10;17;20;16;19;19;11;6;21;19;10;15;17;14;23;13;19;16;21;13;16;16;10;18;15;14;18;19;26;22;23;22;18;15;14;16;25;27;28;20;22;26;23;22;23;27;20;19;15;25;19;18;26;24;14;13;21;23;21;21;14;19;15;12;21;20;21;25;19;22;25;18;13;10;12;11;16;12;18;10;7;7;8;7;4;4;0;1;2;1;0;0;1
088008;Pozzallo;92;95;84;105;90;83;95;80;83;104;80;85;101;96;110;115;83;93;100;109;107;109;111;135;129;134;130;124;142;136;141;146;119;120;98;139;136;142;125;144;137;148;130;109;157;134;135;149;131;134;146;133;134;123;127;128;120;137;146;141;113;97;126;129;118;111;106;93;88;62;84;85;98;89;85;71;64;67;63;56;63;60;60;40;42;35;42;24;21;24;22;11;16;11;1;3;3;4;3;1;3
088009;Ragusa;278;276;278;293;306;320;308;271;275;325;309;332;292;281;295;305;341;321;343;359;363;361;376;315;369;378;355;345;390;374;399;405;417;434;439;441;532;511;518;555;520;512;523;516;523;543;526;516;533;549;509;572;525;530;519;478;494;459;509;484;416;413;425;478;548;561;442;368;368;356;340;389;427;475;429;396;371;359;354;341;340;310;299;322;247;210;218;192;173;133;116;100;57;38;22;10;18;23;16;9;3
088010;Santa Croce Camerina;32;33;32;47;32;28;30;28;35;34;36;40;29;32;41;42;58;40;49;43;41;50;53;49;58;57;40;44;47;46;46;47;55;56;55;39;52;56;80;63;56;73;70;56;68;62;63;73;55;59;49;64;78;55;55;48;63;48;62;50;55;55;40;59;55;76;48;46;48;41;34;40;48;43;54;41;45;45;37;44;37;35;41;24;33;26;18;8;19;11;7;6;4;1;4;1;0;1;1;1;0
088011;Scicli;111;92;94;105;133;113;114;136;132;98;120;124;120;132;106;134;131;150;121;133;134;154;129;133;133;131;118;129;146;139;142;136;145;135;166;177;155;174;165;162;167;199;206;203;207;215;181;186;171;168;177;153;177;158;146;177;170;161;143;144;162;150;162;144;172;163;158;158;124;124;133;134;160;156;161;128;120;122;108;127;118;116;106;95;87;75;62;60;47;39;30;40;36;13;8;5;5;3;4;2;4
088012;Vittoria;296;246;301;306;337;285;287;307;318;307;329;282;315;344;344;347;359;349;314;400;388;396;368;343;367;362;362;377;373;358;394;355;398;395;381;382;443;391;459;411;405;462;373;410;428;454;492;421;404;435;391;394;429;416;350;351;370;335;373;299;313;320;346;357;337;362;306;247;230;246;244;280;309;298;254;199;253;244;232;211;193;198;205;162;173;118;111;101;79;90;73;50;50;29;15;13;18;9;4;2;3
;Totale;1300;1261;1335;1437;1434;1365;1370;1362;1417;1452;1443;1495;1469;1510;1505;1573;1602;1653;1573;1781;1713;1730;1761;1668;1765;1804;1730;1714;1791;1795;1830;1794;1864;1837;1958;1964;2166;2124;2235;2154;2117;2267;2170;2194;2335;2301;2282;2207;2175;2216;2175;2159;2240;2091;1986;1909;1977;1868;1991;1832;1769;1757;1767;1939;2016;2050;1772;1449;1430;1400;1421;1510;1730;1735;1602;1371;1441;1367;1283;1228;1245;1231;1186;1075;973;801;805;684;599;482;460;352;258;147;80;64;64;69;51;26;22

"Ricostruzione della popolazione intercensuaria - Popolazione al 1° gennaio per età"
"Cittadinanza italiana - Anno: 2014 - Provincia: Ragusa"
Territorio/Età;;0;1;2;3;4;5;6;7;8;9;10;11;12;13;14;15;16;17;18;19;20;21;22;23;24;25;26;27;28;29;30;31;32;33;34;35;36;37;38;39;40;41;42;43;44;45;46;47;48;49;50;51;52;53;54;55;56;57;58;59;60;61;62;63;64;65;66;67;68;69;70;71;72;73;74;75;76;77;78;79;80;81;82;83;84;85;86;87;88;89;90;91;92;93;94;95;96;97;98;99;100
Codice comune;Comune;Totale
088001;Acate;79;68;78;92;89;91;78;85;83;90;98;86;89;92;89;93;119;99;107;115;96;112;75;106;96;85;97;93;88;107;100;112;93;113;96;103;97;104;99;107;116;107;128;119;118;120;123;117;121;104;98;112;103;111;96;111;74;88;93;94;82;90;90;73;96;102;105;79;70;56;71;72;75;72;84;65;45;64;63;49;39;43;46;46;37;43;29;27;23;22;8;14;6;6;3;1;1;0;3;3;1
088002;Chiaramonte Gulfi;43;44;57;51;53;43;57;60;64;52;83;58;64;66;72;79;71;86;87;94;89;102;93;75;82;88;89;101;91;93;74;107;90;90;74;87;94;93;91;95;82;102;119;118;129;136;121;113;115;117;133;118;114;120;121;123;101;102;119;108;91;85;97;106;110;70;87;66;68;65;64;67;65;88;73;83;89;79;61;68;70;58;69;67;61;56;30;53;41;30;18;24;14;9;4;3;3;4;6;0;2
088003;Comiso;243;241;253;270;264;237;238;262;257;301;299;290;291;270;300;274;314;319;349;308;359;336;311;383;315;316;362;336;322;315;316;309;346;340;309;392;356;413;415;416;418;376;405;393;417;424;441;452;445;409;420;413;413;396;421;325;389;350;346;347;341;290;304;319;353;354;346;322;233;259;262;270;229;296;280;279;233;245;235;214;186;175;180;205;155;137;112;99;79;72;72;56;33;31;15;3;6;3;6;3;3
088004;Giarratana;17;22;19;14;32;27;22;26;20;27;16;25;33;26;35;31;31;26;36;35;31;31;36;31;27;27;47;39;33;30;29;38;25;41;31;39;44;29;37;40;30;32;37;45;50;47;39;46;48;49;36;44;41;59;44;40;38;42;36;52;41;29;30;33;39;38;45;38;29;33;20;32;35;43;44;36;44;35;35;30;31;33;28;27;24;18;16;20;14;20;6;11;3;3;3;0;1;2;0;0;2
088005;Ispica;96;118;109;134;126;116;117;146;161;143;156;144;155;153;163;160;153;170;163;169;189;209;192;196;185;178;158;183;184;174;180;193;196;178;181;184;174;218;212;191;199;230;218;220;213;226;233;227;170;216;192;200;219;215;197;186;189;190;184;184;188;171;167;172;203;192;196;191;149;153;127;129;152;162;164;129;116;125;119;98;80;85;85;86;80;66;60;49;44;38;19;19;10;18;7;5;4;0;3;2;0
088006;Modica;446;496;513;545;568;555;557;565;551;576;544;537;575;604;608;571;595;560;621;591;661;596;593;671;657;710;652;689;631;663;670;677;653;654;656;672;703;757;788;825;739;773;755;758;805;779;732;732;792;770;747;794;719;758;658;690;594;704;614;642;575;618;613;554;649;624;618;541;482;454;455;447;500;548;527;456;386;426;397;353;355;363;350;334;325;263;244;251;203;151;136;124;96;58;33;26;13;14;13;5;6
088007;Monterosso Almo;16;18;20;12;22;27;24;28;20;24;31;37;28;34;40;25;27;43;34;25;31;34;27;40;24;37;33;40;22;37;30;32;26;32;32;38;43;40;41;44;47;39;31;44;41;57;54;52;41;50;48;47;35;47;45;37;39;32;45;40;31;40;41;29;41;45;44;34;39;30;30;23;20;38;36;40;44;31;38;46;29;28;21;18;18;28;17;25;13;17;13;8;13;3;4;0;2;1;0;0;0
088008;Pozzallo;169;190;192;181;210;205;183;210;167;164;229;168;194;196;219;222;213;181;199;200;231;236;239;245;235;276;247;267;244;255;248;282;279;248;261;239;254;292;292;266;287;265;297;271;242;277;270;258;274;272;244;255;251;241;249;239;248;235;242;254;250;217;195;244;243;258;242;195;205;171;132;162;176;196;174;158;139;102;112;109;105;103;83;91;71;68;50;57;31;31;24;25;15;17;13;1;3;5;4;4;1
088009;Ragusa;538;527;596;598;594;608;625;622;604;574;632;623;651;642;601;604;653;680;682;715;739;758;756;739;698;754;774;730;721;738;779;791;798;846;845;865;919;973;993;1066;1087;1034;1006;1027;1032;1004;1054;1046;1020;1067;1032;1019;1056;991;1010;964;936;936;871;964;856;795;782;849;887;953;1012;810;693;660;663;591;677;759;814;752;678;653;647;604;536;538;516;467;465;397;321;302;278;226;177;140;117;67;40;25;18;14;22;14;10
088010;Santa Croce Camerina;60;55;71;69;79;69;56;67;63;79;78;79;84;71;83;84;76;106;90;111;88;102;100;103;105;118;94;89;109;106;88;96;105;107;117;102;107;106;126;132;125;116;134;134;117;150;131;129;135;109;118;118;125;144;110;93;99;123;106;124;99;103;98;94;125;105;130;92;85;96;78;83;83;96;82;89;72;80;72;75;63;49;43;56;41;48;31;31;15;25;17;9;5;4;1;6;3;0;0;1;2
088011;Scicli;183;205;208;210;229;274;214;237;236;266;225;254;222;257;268;237;268;263;274;262;284;302;323;273;278;291;269;259;252;276;277;300;296;301;266;314;323;335;345;370;358;359;345;363;404;396;405;380;376;355;338;342;332;328;320;290;316;310;303;284;280;298;297;306;292;330;311;322;263;233;222;256;245;298;280;261;227;215;221;189;226;197;183;168;146;138;112;94;92;64;59;45;54;33;18;7;5;5;4;5;4
088012;Vittoria;574;595;542;573;626;645;609;616;638;621;627;679;648;663;690;724;735;729;688;717;824;807;734;802;736;763;735;695;731;708;687;749;709;742;751;763;773;845;787;877;802;828;884;766;828;803;838;902;835;783;840;794;784;813;803;679;672;681;698;681;621;590;604;639;671;636;668;592;475;452;485;475;489;535;522;465;382;451;409;397;339;315;318;322;268;268;203;167;149;116;118;95;68;53;25;17;12;17;8;2;3
;Totale;2464;2579;2658;2749;2892;2897;2780;2924;2864;2917;3018;2980;3034;3074;3168;3104;3255;3262;3330;3342;3622;3625;3479;3664;3438;3643;3557;3521;3428;3502;3478;3686;3616;3692;3619;3798;3887;4205;4226;4429;4290;4261;4359;4258;4396;4419;4441;4454;4372;4301;4246;4256;4192;4223;4074;3777;3695;3793;3657;3774;3455;3326;3318;3418;3709;3707;3804;3282;2791;2662;2609;2607;2746;3131;3080;2813;2455;2506;2409;2232;2059;1987;1922;1887;1691;1530;1225;1175;982;812;667;570;434;302;166;94;71;65;69;39;34
Territorio/Età;;0;1;2;3;4;5;6;7;8;9;10;11;12;13;14;15;16;17;18;19;20;21;22;23;24;25;26;27;28;29;30;31;32;33;34;35;36;37;38;39;40;41;42;43;44;45;46;47;48;49;50;51;52;53;54;55;56;57;58;59;60;61;62;63;64;65;66;67;68;69;70;71;72;73;74;75;76;77;78;79;80;81;82;83;84;85;86;87;88;89;90;91;92;93;94;95;96;97;98;99;100
Codice comune;Comune;Maschi
088001;Acate;46;42;36;46;42;48;46;49;45;55;57;39;45;43;49;48;58;44;52;58;48;55;33;56;41;54;46;57;44;60;48;59;50;44;39;43;52;52;48;54;54;65;56;53;58;56;66;66;64;53;46;53;60;58;40;62;31;44;45;40;39;49;37;32;43;53;50;43;29;30;36;36;37;38;41;33;20;24;28;23;21;24;16;26;10;18;10;10;10;5;1;5;0;4;1;0;0;0;1;0;0
088002;Chiaramonte Gulfi;20;25;36;26;23;24;27;31;34;27;59;27;24;39;38;38;38;50;45;55;49;53;50;35;42;45;40;50;43;47;29;56;50;45;39;40;46;53;48;45;42;62;59;60;58;64;59;62;50;61;72;60;53;61;59;69;41;47;70;64;49;40;44;59;56;32;40;27;45;27;24;28;27;39;35;43;43;32;28;28;22;20;28;27;29;23;11;20;17;13;5;13;7;6;2;0;2;2;1;0;2
088003;Comiso;130;131;130;149;121;128;127;149;135;161;166;146;138;134;161;151;163;164;186;158;183;174;151;197;166;174;173;162;167;136;162;155;172;174;164;176;172;200;195;198;199;176;190;185;202;201;229;222;225;192;198;208;210;190;206;164;189;169;153;163;157;135;137;159;177;148;152;143;112;121;127;115;104;136;138;113;100;107;112;82;80;61;72;84;65;61;40;40;31;30;26;12;12;10;6;2;0;2;1;1;1
088004;Giarratana;8;8;10;8;14;18;8;18;11;15;10;15;17;21;18;16;16;11;15;17;14;19;19;15;19;12;25;18;18;15;12;22;14;26;15;18;22;11;20;23;17;16;11;22;21;28;20;22;25;21;14;25;18;30;19;16;15;27;15;23;28;15;12;16;14;17;21;20;15;21;7;14;13;17;20;19;15;19;12;14;14;12;9;13;13;9;7;9;7;5;0;4;1;1;0;0;0;1;0;0;0
088005;Ispica;45;62;59;77;61;62;57;75;88;76;75;84;81;77;87;75;83;90;81;90;93;109;96;111;96;95;76;92;94;97;90;101;101;92;91;96;84;109;109;96;99;110;107;104;118;108;100;114;94;113;92;93;101;82;92;81;103;95;104;101;99;73;89;94;90;88;92;87;70;73;62;58;64;70;69;58;65;55;54;46;41;38;29;36;37;25;28;23;23;14;11;7;3;5;2;2;1;0;0;0;0
088006;Modica;225;247;247;264;301;270;285;294;298;288;264;281;288;309;315;288;301;294;299;296;323;316;307;347;323;342;321;351;306;366;310;343;329;330;323;316;337;373;396;395;381;386;380;381;390;355;354;350;401;366;368;358;347;366;343;320;299;353;306;311;258;292;283;250;316;279;298;237;250;197;203;206;249;256;230;199;175;177;181;168;167;137;131;139;131;103;104;90;61;48;58;32;33;26;13;8;3;4;7;1;0
088007;Monterosso Almo;6;9;8;8;11;14;10;18;11;14;14;17;12;15;21;14;21;22;17;15;16;18;12;18;14;18;19;23;12;20;15;24;10;16;18;18;25;14;19;21;25;21;17;29;26;33;27;24;21;28;24;24;13;24;19;18;20;18;21;21;13;14;17;15;28;25;21;13;18;15;11;8;8;17;20;19;19;13;18;21;14;15;13;6;7;11;6;7;4;8;6;2;6;0;0;0;1;0;0;0;0
088008;Pozzallo;90;96;98;99;107;116;101;115;90;81;124;89;110;98;118;112;99;99;105;101;120;127;130;132;102;149;118;137;119;115;115;138;134;131;142;139;113;159;151;141;144;129;149;141;135;119;134;118;125;144;109;109;119;110;127;110;121;117;106;108;111;104;100;118;116;140;132;94;113;86;69;78;91;101;83;76;68;40;50;48;50;44;28;33;33;31;18;21;11;10;6;6;5;5;1;0;0;2;0;1;0
088009;Ragusa;267;256;319;320;303;304;306;315;332;299;302;315;319;351;319;309;348;344;360;373;378;395;398;370;383;386;407;372;381;353;407;394;396;433;412;424;478;448;486;549;536;513;494;503;517;480;513;527;505;536;483;522;490;469;481;452;458;446;414;457;379;380;374;430;411;412;460;367;331;293;315;262;295;339;345;334;289;292;295;263;210;212;216;183;166;167;124;109;96;74;61;40;29;25;15;8;9;3;3;2;1
088010;Santa Croce Camerina;33;26;40;39;36;35;27;37;34;45;45;42;44;43;51;43;35;47;50;59;46;59;48;53;57;57;38;51;63;54;43;50;58;54;61;48;68;56;66;50;62;61;60;65;62;79;68;65;64;53;58;65;58;67;54;38;50;59;58;63;46;47;45;52;65;50;53;46;38;48;37;47;43;48;39;34;32;38;27;38;22;13;9;21;17;17;11;13;9;7;7;3;1;2;0;2;2;0;0;0;1
088011;Scicli;90;94;117;114;122;139;101;121;100;136;126;131;98;138;135;131;134;131;125;141;149;166;168;146;148;157;139;142;124;133;136;159;156;156;133;145;142;176;173;202;195;191;148;155;204;190;190;197;190;184;166;164;175;152;159;142;139;142;142;142;135;136;146;147;148;156;150;164;106;112;102;125;113;139;124;106;101;96;101;82;100;84;71;68;57;54;45;38;39;24;26;19;18;5;8;4;1;0;1;1;2
088012;Vittoria;306;297;295;274;317;310;329;332;330;300;320;352;361;346;344;380;387;372;340;407;418;421;338;433;396;401;384;335;361;334;337;361;357;344;359;392;391;409;397;417;397;422;432;399;418;381;383;412;420;382;407;406;392;386;389;329;321;313;366;306;324;282;286;294;316;306;315;290;236;225;242;236;215;237;231;216;183;207;174;172;138;131;132;133;119;109;91;65;60;45;38;32;25;17;3;5;6;3;2;0;1
;Totale;1266;1293;1395;1424;1458;1468;1424;1554;1508;1497;1562;1538;1537;1614;1656;1605;1683;1668;1675;1770;1837;1912;1750;1913;1787;1890;1786;1790;1732;1730;1704;1862;1827;1845;1796;1855;1930;2060;2108;2191;2151;2152;2103;2097;2209;2094;2143;2179;2184;2133;2037;2087;2036;1995;1988;1801;1787;1830;1800;1799;1638;1567;1570;1666;1780;1706;1784;1531;1363;1248;1235;1213;1259;1437;1375;1250;1110;1100;1080;985;879;791;754;769;684;628;495;445;368;283;245;175;140;106;51;31;25;17;16;6;8
Territorio/Età;;0;1;2;3;4;5;6;7;8;9;10;11;12;13;14;15;16;17;18;19;20;21;22;23;24;25;26;27;28;29;30;31;32;33;34;35;36;37;38;39;40;41;42;43;44;45;46;47;48;49;50;51;52;53;54;55;56;57;58;59;60;61;62;63;64;65;66;67;68;69;70;71;72;73;74;75;76;77;78;79;80;81;82;83;84;85;86;87;88;89;90;91;92;93;94;95;96;97;98;99;100
Codice comune;Comune;Femmine
088001;Acate;33;26;42;46;47;43;32;36;38;35;41;47;44;49;40;45;61;55;55;57;48;57;42;50;55;31;51;36;44;47;52;53;43;69;57;60;45;52;51;53;62;42;72;66;60;64;57;51;57;51;52;59;43;53;56;49;43;44;48;54;43;41;53;41;53;49;55;36;41;26;35;36;38;34;43;32;25;40;35;26;18;19;30;20;27;25;19;17;13;17;7;9;6;2;2;1;1;0;2;3;1
088002;Chiaramonte Gulfi;23;19;21;25;30;19;30;29;30;25;24;31;40;27;34;41;33;36;42;39;40;49;43;40;40;43;49;51;48;46;45;51;40;45;35;47;48;40;43;50;40;40;60;58;71;72;62;51;65;56;61;58;61;59;62;54;60;55;49;44;42;45;53;47;54;38;47;39;23;38;40;39;38;49;38;40;46;47;33;40;48;38;41;40;32;33;19;33;24;17;13;11;7;3;2;3;1;2;5;0;0
088003;Comiso;113;110;123;121;143;109;111;113;122;140;133;144;153;136;139;123;151;155;163;150;176;162;160;186;149;142;189;174;155;179;154;154;174;166;145;216;184;213;220;218;219;200;215;208;215;223;212;230;220;217;222;205;203;206;215;161;200;181;193;184;184;155;167;160;176;206;194;179;121;138;135;155;125;160;142;166;133;138;123;132;106;114;108;121;90;76;72;59;48;42;46;44;21;21;9;1;6;1;5;2;2
088004;Giarratana;9;14;9;6;18;9;14;8;9;12;6;10;16;5;17;15;15;15;21;18;17;12;17;16;8;15;22;21;15;15;17;16;11;15;16;21;22;18;17;17;13;16;26;23;29;19;19;24;23;28;22;19;23;29;25;24;23;15;21;29;13;14;18;17;25;21;24;18;14;12;13;18;22;26;24;17;29;16;23;16;17;21;19;14;11;9;9;11;7;15;6;7;2;2;3;0;1;1;0;0;2
088005;Ispica;51;56;50;57;65;54;60;71;73;67;81;60;74;76;76;85;70;80;82;79;96;100;96;85;89;83;82;91;90;77;90;92;95;86;90;88;90;109;103;95;100;120;111;116;95;118;133;113;76;103;100;107;118;133;105;105;86;95;80;83;89;98;78;78;113;104;104;104;79;80;65;71;88;92;95;71;51;70;65;52;39;47;56;50;43;41;32;26;21;24;8;12;7;13;5;3;3;0;3;2;0
088006;Modica;221;249;266;281;267;285;272;271;253;288;280;256;287;295;293;283;294;266;322;295;338;280;286;324;334;368;331;338;325;297;360;334;324;324;333;356;366;384;392;430;358;387;375;377;415;424;378;382;391;404;379;436;372;392;315;370;295;351;308;331;317;326;330;304;333;345;320;304;232;257;252;241;251;292;297;257;211;249;216;185;188;226;219;195;194;160;140;161;142;103;78;92;63;32;20;18;10;10;6;4;6
088007;Monterosso Almo;10;9;12;4;11;13;14;10;9;10;17;20;16;19;19;11;6;21;17;10;15;16;15;22;10;19;14;17;10;17;15;8;16;16;14;20;18;26;22;23;22;18;14;15;15;24;27;28;20;22;24;23;22;23;26;19;19;14;24;19;18;26;24;14;13;20;23;21;21;15;19;15;12;21;16;21;25;18;20;25;15;13;8;12;11;17;11;18;9;9;7;6;7;3;4;0;1;1;0;0;0
088008;Pozzallo;79;94;94;82;103;89;82;95;77;83;105;79;84;98;101;110;114;82;94;99;111;109;109;113;133;127;129;130;125;140;133;144;145;117;119;100;141;133;141;125;143;136;148;130;107;158;136;140;149;128;135;146;132;131;122;129;127;118;136;146;139;113;95;126;127;118;110;101;92;85;63;84;85;95;91;82;71;62;62;61;55;59;55;58;38;37;32;36;20;21;18;19;10;12;12;1;3;3;4;3;1
088009;Ragusa;271;271;277;278;291;304;319;307;272;275;330;308;332;291;282;295;305;336;322;342;361;363;358;369;315;368;367;358;340;385;372;397;402;413;433;441;441;525;507;517;551;521;512;524;515;524;541;519;515;531;549;497;566;522;529;512;478;490;457;507;477;415;408;419;476;541;552;443;362;367;348;329;382;420;469;418;389;361;352;341;326;326;300;284;299;230;197;193;182;152;116;100;88;42;25;17;9;11;19;12;9
088010;Santa Croce Camerina;27;29;31;30;43;34;29;30;29;34;33;37;40;28;32;41;41;59;40;52;42;43;52;50;48;61;56;38;46;52;45;46;47;53;56;54;39;50;60;82;63;55;74;69;55;71;63;64;71;56;60;53;67;77;56;55;49;64;48;61;53;56;53;42;60;55;77;46;47;48;41;36;40;48;43;55;40;42;45;37;41;36;34;35;24;31;20;18;6;18;10;6;4;2;1;4;1;0;0;1;1
088011;Scicli;93;111;91;96;107;135;113;116;136;130;99;123;124;119;133;106;134;132;149;121;135;136;155;127;130;134;130;117;128;143;141;141;140;145;133;169;181;159;172;168;163;168;197;208;200;206;215;183;186;171;172;178;157;176;161;148;177;168;161;142;145;162;151;159;144;174;161;158;157;121;120;131;132;159;156;155;126;119;120;107;126;113;112;100;89;84;67;56;53;40;33;26;36;28;10;3;4;5;3;4;2
088012;Vittoria;268;298;247;299;309;335;280;284;308;321;307;327;287;317;346;344;348;357;348;310;406;386;396;369;340;362;351;360;370;374;350;388;352;398;392;371;382;436;390;460;405;406;452;367;410;422;455;490;415;401;433;388;392;427;414;350;351;368;332;375;297;308;318;345;355;330;353;302;239;227;243;239;274;298;291;249;199;244;235;225;201;184;186;189;149;159;112;102;89;71;80;63;43;36;22;12;6;14;6;2;2
;Totale;1198;1286;1263;1325;1434;1429;1356;1370;1356;1420;1456;1442;1497;1460;1512;1499;1572;1594;1655;1572;1785;1713;1729;1751;1651;1753;1771;1731;1696;1772;1774;1824;1789;1847;1823;1943;1957;2145;2118;2238;2139;2109;2256;2161;2187;2325;2298;2275;2188;2168;2209;2169;2156;2228;2086;1976;1908;1963;1857;1975;1817;1759;1748;1752;1929;2001;2020;1751;1428;1414;1374;1394;1487;1694;1705;1563;1345;1406;1329;1247;1180;1196;1168;1118;1007;902;730;730;614;529;422;395;294;196;115;63;46;48;53;33;26

"Ricostruzione della popolazione intercensuaria - Popolazione al 1° gennaio per età"
"Cittadinanza italiana - Anno: 2015 - Provincia: Ragusa"
Territorio/Età;;0;1;2;3;4;5;6;7;8;9;10;11;12;13;14;15;16;17;18;19;20;21;22;23;24;25;26;27;28;29;30;31;32;33;34;35;36;37;38;39;40;41;42;43;44;45;46;47;48;49;50;51;52;53;54;55;56;57;58;59;60;61;62;63;64;65;66;67;68;69;70;71;72;73;74;75;76;77;78;79;80;81;82;83;84;85;86;87;88;89;90;91;92;93;94;95;96;97;98;99;100
Codice comune;Comune;Totale
088001;Acate;89;79;66;79;90;87;90;77;84;83;90;96;87;90;92;91;92;116;99;107;115;95;108;77;103;94;84;89;91;82;106;96;112;92;110;94;103;96;97;96;107;115;107;128;118;119;120;123;119;118;101;100;115;102;108;97;108;73;89;90;93;80;92;89;73;94;100;100;78;69;56;68;73;72;68;83;61;43;62;61;48;38;35;45;42;32;41;26;23;20;20;8;11;3;5;3;1;0;0;3;4
088002;Chiaramonte Gulfi;46;43;45;58;50;56;45;55;59;63;53;84;58;64;69;74;79;73;85;87;95;88;102;93;75;79;91;86;99;92;93;73;108;89;91;72;87;99;92;90;96;82;101;120;115;129;136;121;112;116;120;133;116;113;119;120;123;101;98;118;106;90;85;100;104;111;69;89;67;68;63;62;67;64;88;74;81;86;77;58;67;68;53;69;60;56;54;28;46;35;24;14;21;9;4;4;3;2;2;4;0
088003;Comiso;238;241;240;262;270;263;237;239;256;260;298;300;291;291;273;304;274;317;322;349;304;353;338;311;381;318;314;357;336;319;315;320;305;344;340;310;388;358;417;413;412;414;373;404;389;412;426;440;455;442;407;417;414;413;401;423;323;386;348;345;349;336;287;301;317;349;354;343;314;225;253;254;258;223;286;265;272;220;236;217;200;175;169;165;187;139;123;103;88;67;63;59;48;31;21;9;2;5;0;6;4
088004;Giarratana;17;15;21;19;13;32;28;21;26;19;28;16;25;31;26;35;31;31;26;36;34;30;29;36;32;26;26;46;35;34;30;30;38;26;41;30;38;42;28;38;41;31;33;35;44;48;47;40;44;48;49;36;44;41;59;44;39;39;42;38;52;41;28;30;32;39;37;45;36;27;33;20;32;37;42;43;33;43;36;35;28;32;33;24;27;21;18;16;19;12;14;6;9;2;3;2;0;1;2;0;2
088005;Ispica;123;94;119;106;134;132;117;119;148;159;144;153;144;154;155;162;162;156;170;160;169;186;211;189;196;186;177;155;180;185;166;179;194;197;184;189;181;172;221;207;188;200;232;218;217;212;229;229;228;171;216;193;200;223;212;193;189;193;188;184;185;189;169;169;173;204;186;192;191;145;153;123;127;154;160;160;131;112;119;114;97;81;81;81;79;69;63;50;45;43;32;16;16;8;14;7;4;3;0;0;2
088006;Modica;398;446;491;510;538;559;548;554;561;546;576;545;528;575;606;606;570;598;562;618;593;661;596;591;664;653;705;645;681;628;641;666;672;650;643;643;669;692;749;779;817;723;763;757;758;797;772;734;730;795;771;744;793;715;757;652;689;590;700;609;634;573;611;608;550;648;611;614;532;476;450;443;431;492;536;516;446;375;408;380;334;344;336;334;318;300;236;225;215;179;133;106;99;82;43;30;19;11;11;9;8
088007;Monterosso Almo;23;15;18;20;13;21;27;28;29;20;24;32;37;28;35;38;25;27;43;35;25;30;33;28;39;24;36;34;38;22;35;29;31;26;32;33;40;44;41;40;42;46;39;33;44;40;55;52;52;43;50;48;47;35;47;45;37;38;32;46;40;30;40;40;29;39;45;44;34;39;30;28;24;17;38;34;39;41;31;39;42;28;28;18;16;12;27;14;23;11;14;11;6;13;1;3;0;1;0;0;0
088008;Pozzallo;201;169;188;187;181;204;206;179;208;167;164;228;171;190;194;221;219;212;182;198;197;230;232;235;239;228;272;238;263;235;257;247;280;280;251;260;233;247;294;289;263;289;264;296;268;240;276;270;254;269;273;242;254;250;238;250;239;246;235;240;254;249;218;192;243;243;255;244;192;206;163;134;157;170;196;169;150;134;97;106;105;99;91;78;84;63;58;45;53;24;27;19;20;11;14;9;1;3;3;4;4
088009;Ragusa;530;540;525;594;606;601;603;623;619;609;576;633;629;653;637;601;610;651;679;675;710;738;756;754;735;689;744;764;726;706;733;776;788;795;839;845;871;926;979;1002;1065;1083;1032;1006;1021;1031;1007;1051;1042;1012;1067;1028;1010;1054;987;1002;953;933;922;859;956;850;787;777;836;880;951;1004;801;680;654;652;580;666;746;784;732;663;625;624;581;515;508;486;432;418;358;294;280;239;193;155;110;92;53;32;16;10;10;16;14
088010;Santa Croce Camerina;50;61;55;72;68;80;69;58;65;64;82;78;79;84;74;85;89;77;108;93;112;87;101;104;107;109;116;91;93;108;103;86;97;110;105;117;101;107;104;123;134;124;119;132;137;120;150;132;127;140;110;120;121;125;145;116;94;97;123;103;124;98;104;97;92;126;102;128;90;88;97;76;76;81;93;78;88;69;78;71;73;61;45;45;49;39;41;26;26;13;24;14;8;4;3;1;4;2;0;0;1
088011;Scicli;198;181;208;211;209;232;276;215;243;239;264;223;257;224;256;268;235;270;264;272;262;287;301;319;275;271;287;274;263;255;281;279;303;297;306;266;318;321;336;349;377;358;360;344;366;405;393;407;379;376;349;336;344;337;331;323;290;317;307;304;284;282;295;292;301;293;330;311;320;265;225;221;259;238;293;274;253;220;208;208;185;216;184;172;158;128;121;105;85;85;51;51;36;47;23;14;4;4;3;5;4
088012;Vittoria;551;570;595;549;572;626;646;608;616;638;620;628;680;646;664;687;721;734;729;690;716;820;807;722;798;728;753;733;697;723;698;678;740;699;739;741;762;763;841;790;872;803;826;885;765;830;797;835;899;836;779;833;793;784;803;797;677;664;672;699;678;611;583;599;635;663;628;662;575;464;448;483;465;480;524;496;457;362;439;397;385;313;298;297;295;239;228;173;149;134;97;104;72;51;42;21;15;8;12;5;5
;Totale;2464;2454;2571;2667;2744;2893;2892;2776;2914;2867;2919;3016;2986;3030;3081;3172;3107;3262;3269;3320;3332;3605;3614;3459;3644;3405;3605;3512;3502;3389;3458;3459;3668;3605;3681;3600;3791;3867;4199;4216;4414;4268;4249;4358;4242;4383;4408;4434;4441;4366;4292;4230;4251;4192;4207;4062;3761;3677;3756;3635;3755;3429;3299;3294;3385;3689;3668;3776;3230;2752;2625;2564;2549;2694;3070;2976;2743;2368;2416;2310;2145;1970;1861;1814;1747;1516;1368;1105;1052;862;692;563;456;353;226;135;69;50;43;52;48
Territorio/Età;;0;1;2;3;4;5;6;7;8;9;10;11;12;13;14;15;16;17;18;19;20;21;22;23;24;25;26;27;28;29;30;31;32;33;34;35;36;37;38;39;40;41;42;43;44;45;46;47;48;49;50;51;52;53;54;55;56;57;58;59;60;61;62;63;64;65;66;67;68;69;70;71;72;73;74;75;76;77;78;79;80;81;82;83;84;85;86;87;88;89;90;91;92;93;94;95;96;97;98;99;100
Codice comune;Comune;Maschi
088001;Acate;50;44;42;37;45;40;49;46;49;46;55;55;40;45;43;49;47;57;44;54;57;47;54;34;54;39;55;40;55;44;60;48;61;49;43;38;41;53;49;48;55;54;66;57;53;60;56;65;66;62;52;47;55;60;57;41;60;31;45;42;40;39;51;36;32;42;51;49;42;29;29;34;36;36;35;41;30;19;23;26;22;20;19;15;23;8;18;9;10;8;5;1;4;0;3;1;0;0;0;1;0
088002;Chiaramonte Gulfi;24;21;25;37;24;24;26;27;30;34;28;59;27;24;40;39;38;38;49;45;56;49;53;50;35;40;46;41;48;44;48;29;55;50;45;39;41;48;52;46;48;41;60;59;57;58;65;60;60;51;62;73;60;53;61;58;69;41;44;69;62;49;40;47;58;57;32;41;28;45;26;24;29;26;39;35;41;42;32;27;27;22;17;28;24;26;22;10;15;14;9;4;12;3;3;2;0;1;0;1;0
088003;Comiso;121;129;129;135;148;120;128;128;145;134;158;164;146;139;137;164;150;164;165;185;155;180;173;154;197;168;173;171;160;165;137;162;152;170;176;163;176;174;202;198;196;197;176;190;182;198;201;225;225;223;194;196;209;209;195;207;164;186;168;152;164;155;136;136;157;176;149;151;137;107;117;125;109;101;130;128;110;93;100;103;79;70;58;62;75;59;55;35;36;26;24;20;10;10;5;3;1;0;0;1;1
088004;Giarratana;9;8;7;10;7;14;18;8;18;11;15;10;15;16;21;18;16;16;11;15;17;13;17;19;15;18;12;25;17;17;14;12;22;15;25;15;18;20;10;20;24;17;17;9;21;21;29;21;20;25;21;14;25;17;30;19;16;16;27;17;23;29;15;12;16;14;17;21;20;15;21;6;14;15;16;19;18;15;19;12;11;14;12;9;13;13;9;7;9;6;5;0;3;1;1;0;0;0;1;0;0
088005;Ispica;60;43;61;58;77;64;65;59;75;90;76;74;84;81;80;87;74;86;92;81;87;94;112;96;111;96;95;74;93;95;91;89;103;101;94;97;94;82;112;105;97;99;112;105;103;118;110;99;114;94;114;92;95;103;80;88;82;104;92;105;102;100;74;90;97;92;84;88;86;67;73;59;57;65;68;68;58;63;52;53;44;41;37;28;31;30;22;21;21;21;10;10;5;2;4;3;1;1;0;0;0
088006;Modica;192;228;242;248;261;293;267;283;293;295;287;264;275;286;309;315;288;302;294;296;298;323;317;305;346;322;342;317;344;305;354;313;337;326;324;314;318;333;371;389;384;373;379;380;383;385;350;354;351;404;366;364;357;343;365;341;319;294;349;301;310;257;287;282;247;316;274;296;232;247;193;197;193;245;249;224;196;166;170;169;160;163;119;122;132;120;95;93;71;51;39;43;22;28;19;12;5;2;3;6;2
088007;Monterosso Almo;15;5;9;8;9;10;14;11;19;11;14;14;17;12;15;19;14;21;22;17;15;15;18;12;16;15;18;19;21;12;19;15;23;11;16;19;19;25;15;19;20;24;21;16;29;25;31;27;24;23;28;24;24;14;24;19;18;20;18;21;21;13;14;17;15;26;25;21;13;18;15;10;8;7;17;19;19;18;13;18;20;13;15;12;5;5;11;5;6;4;5;4;1;6;0;0;0;0;0;0;0
088008;Pozzallo;95;90;94;95;100;102;116;100;115;91;82;124;91;107;96;118;110;99;100;103;98;120;124;130;127;101;143;116;136;117;117;116;140;135;133;145;138;110;156;151;139;144;129;150;139;135;118;132;119;123;144;108;108;115;110;125;109;122;119;105;108;109;103;97;117;113;137;133;90;113;81;71;75;87;103;79;70;65;36;48;45;47;37;25;30;28;28;18;18;10;9;4;5;4;4;1;0;0;1;0;0
088009;Ragusa;271;267;257;318;322;310;302;302;313;335;300;305;319;322;350;319;313;345;348;353;368;379;394;395;369;375;379;396;365;369;350;405;395;389;430;413;428;482;454;487;545;537;509;494;499;518;482;515;525;499;535;485;515;491;468;476;451;456;436;406;452;376;373;370;423;409;410;455;364;323;294;302;255;288;337;326;320;281;273;286;253;200;196;199;167;142;151;110;97;80;63;53;26;22;16;12;5;5;2;3;3
088010;Santa Croce Camerina;28;32;27;40;38;35;35;28;35;34;47;44;41;43;45;53;46;36;47;52;63;45;60;49;55;59;55;38;53;63;51;42;50;61;53;65;49;68;57;65;51;62;63;59;67;64;80;70;64;68;54;59;68;58;67;58;38;50;58;55;62;46;48;45;49;67;49;53;46;39;48;37;42;42;47;38;34;30;38;26;35;21;12;11;20;16;15;8;12;8;6;5;3;1;2;0;0;1;0;0;0
088011;Scicli;113;88;96;115;113;123;142;104;123;100;136;125;132;98;138;136;130;134;132;125;140;151;164;167;149;145;154;142;143;126;135;138;164;159;159;133;149;139;175;174;203;196;191;149;158;205;189;193;196;191;183;166;164;179;153;159;142;140;139;143;142;137;135;143;146;148;155;149;163;108;106;101;127;112;137;120;102;97;90;94;81;95;80;64;62;48;44;42;34;32;19;19;17;15;4;6;3;1;0;2;1
088012;Vittoria;288;304;297;300;273;317;310;327;332;331;298;320;353;361;346;342;381;387;371;340;405;416;425;331;430;391;395;382;337;357;330;328;354;349;343;354;388;389;406;396;414;397;420;436;402;422;379;382;412;421;379;403;405;390;384;386;328;320;307;366;306;316;276;284;291;311;299;311;279;231;224;240;227;207;231;218;212;169;200;168;163;125;120;123;120;104;91;76;59;52;34;30;23;20;12;3;4;4;2;1;1
;Totale;1266;1259;1286;1401;1417;1452;1472;1423;1547;1512;1496;1558;1540;1534;1620;1659;1607;1685;1675;1666;1759;1832;1911;1742;1904;1769;1867;1761;1772;1714;1706;1697;1856;1815;1841;1795;1859;1923;2059;2098;2176;2141;2143;2104;2093;2209;2090;2143;2176;2184;2132;2031;2085;2032;1994;1977;1796;1780;1802;1782;1792;1626;1552;1559;1648;1771;1682;1768;1500;1342;1227;1206;1172;1231;1409;1315;1210;1058;1046;1030;940;831;722;698;702;599;561;434;388;312;228;193;131;112;73;43;19;15;9;15;8
Territorio/Età;;0;1;2;3;4;5;6;7;8;9;10;11;12;13;14;15;16;17;18;19;20;21;22;23;24;25;26;27;28;29;30;31;32;33;34;35;36;37;38;39;40;41;42;43;44;45;46;47;48;49;50;51;52;53;54;55;56;57;58;59;60;61;62;63;64;65;66;67;68;69;70;71;72;73;74;75;76;77;78;79;80;81;82;83;84;85;86;87;88;89;90;91;92;93;94;95;96;97;98;99;100
Codice comune;Comune;Femmine
088001;Acate;39;35;24;42;45;47;41;31;35;37;35;41;47;45;49;42;45;59;55;53;58;48;54;43;49;55;29;49;36;38;46;48;51;43;67;56;62;43;48;48;52;61;41;71;65;59;64;58;53;56;49;53;60;42;51;56;48;42;44;48;53;41;41;53;41;52;49;51;36;40;27;34;37;36;33;42;31;24;39;35;26;18;16;30;19;24;23;17;13;12;15;7;7;3;2;2;1;0;0;2;4
088002;Chiaramonte Gulfi;22;22;20;21;26;32;19;28;29;29;25;25;31;40;29;35;41;35;36;42;39;39;49;43;40;39;45;45;51;48;45;44;53;39;46;33;46;51;40;44;48;41;41;61;58;71;71;61;52;65;58;60;56;60;58;62;54;60;54;49;44;41;45;53;46;54;37;48;39;23;37;38;38;38;49;39;40;44;45;31;40;46;36;41;36;30;32;18;31;21;15;10;9;6;1;2;3;1;2;3;0
088003;Comiso;117;112;111;127;122;143;109;111;111;126;140;136;145;152;136;140;124;153;157;164;149;173;165;157;184;150;141;186;176;154;178;158;153;174;164;147;212;184;215;215;216;217;197;214;207;214;225;215;230;219;213;221;205;204;206;216;159;200;180;193;185;181;151;165;160;173;205;192;177;118;136;129;149;122;156;137;162;127;136;114;121;105;111;103;112;80;68;68;52;41;39;39;38;21;16;6;1;5;0;5;3
088004;Giarratana;8;7;14;9;6;18;10;13;8;8;13;6;10;15;5;17;15;15;15;21;17;17;12;17;17;8;14;21;18;17;16;18;16;11;16;15;20;22;18;18;17;14;16;26;23;27;18;19;24;23;28;22;19;24;29;25;23;23;15;21;29;12;13;18;16;25;20;24;16;12;12;14;18;22;26;24;15;28;17;23;17;18;21;15;14;8;9;9;10;6;9;6;6;1;2;2;0;1;1;0;2
088005;Ispica;63;51;58;48;57;68;52;60;73;69;68;79;60;73;75;75;88;70;78;79;82;92;99;93;85;90;82;81;87;90;75;90;91;96;90;92;87;90;109;102;91;101;120;113;114;94;119;130;114;77;102;101;105;120;132;105;107;89;96;79;83;89;95;79;76;112;102;104;105;78;80;64;70;89;92;92;73;49;67;61;53;40;44;53;48;39;41;29;24;22;22;6;11;6;10;4;3;2;0;0;2
088006;Modica;206;218;249;262;277;266;281;271;268;251;289;281;253;289;297;291;282;296;268;322;295;338;279;286;318;331;363;328;337;323;287;353;335;324;319;329;351;359;378;390;433;350;384;377;375;412;422;380;379;391;405;380;436;372;392;311;370;296;351;308;324;316;324;326;303;332;337;318;300;229;257;246;238;247;287;292;250;209;238;211;174;181;217;212;186;180;141;132;144;128;94;63;77;54;24;18;14;9;8;3;6
088007;Monterosso Almo;8;10;9;12;4;11;13;17;10;9;10;18;20;16;20;19;11;6;21;18;10;15;15;16;23;9;18;15;17;10;16;14;8;15;16;14;21;19;26;21;22;22;18;17;15;15;24;25;28;20;22;24;23;21;23;26;19;18;14;25;19;17;26;23;14;13;20;23;21;21;15;18;16;10;21;15;20;23;18;21;22;15;13;6;11;7;16;9;17;7;9;7;5;7;1;3;0;1;0;0;0
088008;Pozzallo;106;79;94;92;81;102;90;79;93;76;82;104;80;83;98;103;109;113;82;95;99;110;108;105;112;127;129;122;127;118;140;131;140;145;118;115;95;137;138;138;124;145;135;146;129;105;158;138;135;146;129;134;146;135;128;125;130;124;116;135;146;140;115;95;126;130;118;111;102;93;82;63;82;83;93;90;80;69;61;58;60;52;54;53;54;35;30;27;35;14;18;15;15;7;10;8;1;3;2;4;4
088009;Ragusa;259;273;268;276;284;291;301;321;306;274;276;328;310;331;287;282;297;306;331;322;342;359;362;359;366;314;365;368;361;337;383;371;393;406;409;432;443;444;525;515;520;546;523;512;522;513;525;536;517;513;532;543;495;563;519;526;502;477;486;453;504;474;414;407;413;471;541;549;437;357;360;350;325;378;409;458;412;382;352;338;328;315;312;287;265;276;207;184;183;159;130;102;84;70;37;20;11;5;8;13;11
088010;Santa Croce Camerina;22;29;28;32;30;45;34;30;30;30;35;34;38;41;29;32;43;41;61;41;49;42;41;55;52;50;61;53;40;45;52;44;47;49;52;52;52;39;47;58;83;62;56;73;70;56;70;62;63;72;56;61;53;67;78;58;56;47;65;48;62;52;56;52;43;59;53;75;44;49;49;39;34;39;46;40;54;39;40;45;38;40;33;34;29;23;26;18;14;5;18;9;5;3;1;1;4;1;0;0;1
088011;Scicli;85;93;112;96;96;109;134;111;120;139;128;98;125;126;118;132;105;136;132;147;122;136;137;152;126;126;133;132;120;129;146;141;139;138;147;133;169;182;161;175;174;162;169;195;208;200;204;214;183;185;166;170;180;158;178;164;148;177;168;161;142;145;160;149;155;145;175;162;157;157;119;120;132;126;156;154;151;123;118;114;104;121;104;108;96;80;77;63;51;53;32;32;19;32;19;8;1;3;3;3;3
088012;Vittoria;263;266;298;249;299;309;336;281;284;307;322;308;327;285;318;345;340;347;358;350;311;404;382;391;368;337;358;351;360;366;368;350;386;350;396;387;374;374;435;394;458;406;406;449;363;408;418;453;487;415;400;430;388;394;419;411;349;344;365;333;372;295;307;315;344;352;329;351;296;233;224;243;238;273;293;278;245;193;239;229;222;188;178;174;175;135;137;97;90;82;63;74;49;31;30;18;11;4;10;4;4
;Totale;1198;1195;1285;1266;1327;1441;1420;1353;1367;1355;1423;1458;1446;1496;1461;1513;1500;1577;1594;1654;1573;1773;1703;1717;1740;1636;1738;1751;1730;1675;1752;1762;1812;1790;1840;1805;1932;1944;2140;2118;2238;2127;2106;2254;2149;2174;2318;2291;2265;2182;2160;2199;2166;2160;2213;2085;1965;1897;1954;1853;1963;1803;1747;1735;1737;1918;1986;2008;1730;1410;1398;1358;1377;1463;1661;1661;1533;1310;1370;1280;1205;1139;1139;1116;1045;917;807;671;664;550;464;370;325;241;153;92;50;35;34;37;40

"Ricostruzione della popolazione intercensuaria - Popolazione al 1° gennaio per età"
"Cittadinanza italiana - Anno: 2016 - Provincia: Ragusa"
Territorio/Età;;0;1;2;3;4;5;6;7;8;9;10;11;12;13;14;15;16;17;18;19;20;21;22;23;24;25;26;27;28;29;30;31;32;33;34;35;36;37;38;39;40;41;42;43;44;45;46;47;48;49;50;51;52;53;54;55;56;57;58;59;60;61;62;63;64;65;66;67;68;69;70;71;72;73;74;75;76;77;78;79;80;81;82;83;84;85;86;87;88;89;90;91;92;93;94;95;96;97;98;99;100
Codice comune;Comune;Totale
088001;Acate;71;88;80;65;82;90;89;91;78;87;86;90;95;86;92;91;89;93;119;102;109;115;93;109;75;102;98;85;91;87;87;104;95;111;89;113;93;100;98;96;97;109;119;107;126;119;119;118;123;115;116;103;96;115;104;108;94;109;73;88;92;91;81;93;88;73;91;95;100;77;66;53;67;72;66;66;81;59;38;60;62;46;35;33;43;37;29;35;22;20;17;15;7;8;3;4;2;1;0;0;5
088002;Chiaramonte Gulfi;57;46;40;46;59;48;55;45;54;59;62;51;81;59;65;67;71;80;71;85;87;93;88;100;93;73;79;89;86;99;93;89;71;106;86;91;73;84;95;91;87;96;80;101;119;112;128;133;120;108;116;117;134;118;116;119;120;122;102;97;117;108;90;83;99;104;112;69;88;67;64;62;62;63;62;86;71;79;80;76;56;62;61;50;65;53;52;45;26;43;32;20;13;16;9;2;4;1;1;2;3
088003;Comiso;242;237;242;235;253;273;260;244;240;254;263;300;302;292;296;277;307;281;316;322;349;298;354;338;304;373;313;310;357;334;311;313;322;297;348;336;312;386;350;415;410;415;416;376;409;387;415;428;440;459;444;407;418;414;411;396;420;324;388;340;341;348;331;282;299;310;344;352;342;314;223;249;247;251;223;277;254;263;220;223;208;192;162;159;153;168;121;113;93;76;52;47;49;40;18;13;6;2;3;0;6
088004;Giarratana;13;17;15;21;18;16;31;28;21;27;17;28;15;25;31;25;35;31;32;27;39;35;28;30;37;32;26;25;41;34;29;28;30;39;24;42;30;39;43;28;36;40;29;32;35;44;49;47;41;45;47;49;36;46;42;58;44;39;40;41;38;52;41;28;30;32;36;37;45;35;27;32;20;31;37;43;43;31;42;36;35;27;30;30;23;24;18;16;13;18;9;11;5;8;1;1;2;0;1;0;0
088005;Ispica;116;122;92;120;108;132;128;118;117;146;161;142;154;147;151;155;163;163;157;167;163;166;186;206;192;190;188;171;152;175;178;164;174;193;201;179;191;178;169;221;203;186;199;234;221;215;213;234;235;229;171;216;196;201;223;211;188;190;192;185;182;186;192;171;167;170;205;187;189;184;143;147;120;120;150;156;155;127;109;116;105;92;78;71;70;74;58;53;44;32;33;29;11;15;5;11;6;3;2;1;2
088006;Modica;403;399;454;484;509;528;547;537;554;555;547;579;547;533;582;613;604;575;596;560;620;591;660;595;595;670;648;700;642;678;619;641;661;676;651;638;640;676;685;748;777;814;720;765;751;758;793;775;736;728;800;763;747;792;710;754;648;687;588;701;610;634;574;609;611;543;646;608;608;531;459;440;436;425;479;522;505;433;366;395;360;325;332;316;313;290;266;206;198;178;154;111;87;76;63;32;20;14;8;7;12
088007;Monterosso Almo;18;22;14;18;20;13;21;27;28;29;20;24;31;37;28;35;38;25;27;41;33;25;31;36;29;39;24;36;34;36;24;37;26;30;23;32;31;39;42;41;39;41;47;40;33;43;38;55;52;51;44;50;50;45;34;46;45;38;39;32;46;39;30;41;38;29;39;45;43;33;34;29;28;24;15;37;33;38;39;31;37;40;24;26;17;11;8;23;12;22;9;12;9;3;12;0;2;0;1;0;0
088008;Pozzallo;168;201;164;190;183;181;208;206;178;207;167;167;230;174;189;194;219;220;215;180;199;200;232;233;236;238;223;269;235;264;235;255;248;276;280;256;255;233;240;288;287;263;290;260;289;267;242;269;264;254;268;277;241;248;247;234;244;235;241;231;238;252;245;220;192;241;243;254;239;191;200;161;131;158;164;187;164;145;123;94;101;105;95;82;71;74;56;51;35;48;20;25;16;18;13;6;7;0;2;3;7
088009;Ragusa;524;531;548;528;594;603;606;600;625;618;610;580;634;633;658;636;604;611;648;681;678;712;740;752;756;727;680;737;750;723;683;720;785;793;801;851;845;876;932;980;1006;1078;1079;1035;1004;1015;1030;1008;1049;1032;1013;1066;1026;1005;1053;973;1008;948;922;919;855;951;839;774;771;831;870;944;1004;793;671;641;633;565;643;731;762;707;644;608;609;553;483;472;442;397;376;323;253;228;210;160;126;86;63;41;28;15;3;4;17
088010;Santa Croce Camerina;61;53;61;58;79;66;78;71;58;69;64;80;79;78;82;75;86;89;82;103;91;115;87;100;101;108;110;118;91;90;109;103;86;105;110;106;118;103;108;101;127;132;131;116;131;141;117;149;133;128;138;111;119;123;129;144;115;94;96;124;101;121;100;107;99;90;127;101;125;90;83;96;74;73;76;89;77;87;66;73;68;72;60;39;39;47;38;34;20;24;13;19;9;5;3;2;1;2;1;0;0
088011;Scicli;187;197;182;209;217;207;230;274;214;242;241;259;225;255;221;257;269;236;273;269;273;263;286;299;313;273;275;287;274;259;257;284;275;299;293;303;265;314;323;335;350;374;355;364;347;366;409;393;405;376;374;351;336;345;340;328;320;289;317;307;300;286;282;298;287;294;285;331;307;312;264;223;216;254;230;284;265;248;215;201;199;177;204;172;158;142;118;111;95;71;74;43;43;27;36;21;12;5;4;2;3
088012;Vittoria;542;542;570;588;546;569;624;634;605;614;636;622;627;677;643;671;688;718;741;720;686;705;813;799;716;797;718;748;720;687;728;696;676;734;701;737;732;751;765;836;782;873;795;818;880;773;829;788;827;901;831;777;831;789;789;802;789;670;656;668;693;675;606;579;597;629;657;619;656;568;459;438;477;455;471;513;484;435;345;421;376;360;293;283;280;268;211;206;149;125;114;86;86;52;44;29;16;7;7;8;5
;Totale;2402;2455;2462;2562;2668;2726;2877;2875;2772;2907;2874;2922;3020;2996;3038;3096;3173;3122;3277;3257;3327;3318;3598;3597;3447;3622;3382;3575;3473;3466;3353;3434;3449;3659;3607;3684;3585;3779;3850;4180;4201;4421;4260;4248;4345;4240;4382;4397;4425;4426;4362;4287;4230;4241;4198;4173;4035;3745;3654;3733;3613;3743;3411;3285;3278;3346;3655;3642;3746;3195;2693;2571;2511;2491;2616;2991;2894;2652;2287;2334;2216;2051;1857;1733;1674;1585;1351;1216;960;885;737;578;461;354;270;162;106;50;33;27;60
Territorio/Età;;0;1;2;3;4;5;6;7;8;9;10;11;12;13;14;15;16;17;18;19;20;21;22;23;24;25;26;27;28;29;30;31;32;33;34;35;36;37;38;39;40;41;42;43;44;45;46;47;48;49;50;51;52;53;54;55;56;57;58;59;60;61;62;63;64;65;66;67;68;69;70;71;72;73;74;75;76;77;78;79;80;81;82;83;84;85;86;87;88;89;90;91;92;93;94;95;96;97;98;99;100
Codice comune;Comune;Maschi
088001;Acate;39;51;46;41;37;46;40;48;46;50;46;54;54;40;46;42;47;49;58;47;57;56;47;54;34;52;40;54;40;52;47;60;46;61;47;44;39;40;55;48;50;57;58;67;57;53;60;56;65;63;60;54;45;54;61;57;39;61;31;44;43;38;40;52;36;32;39;48;49;41;26;29;34;36;32;34;38;30;17;21;26;20;17;18;14;20;6;17;8;8;6;4;0;3;0;2;0;0;0;0;0
088002;Chiaramonte Gulfi;27;23;19;26;37;23;23;26;26;30;33;28;57;28;24;39;37;39;35;49;44;55;50;52;50;34;40;45;41;48;45;47;28;53;48;48;39;40;44;51;46;48;40;60;58;54;58;64;59;58;51;61;74;61;55;62;58;68;41;43;69;64;49;39;47;58;58;32;39;28;42;25;25;26;26;38;34;39;41;31;27;25;18;17;25;23;23;17;10;14;13;7;5;8;3;1;2;0;0;0;1
088003;Comiso;125;120;131;124;132;150;116;129;129;141;136;160;164;147;142;139;166;153;162;165;183;153;176;175;151;193;165;169;172;156;161;138;165;148;169;173;163;177;166;199;197;197;197;179;193;184;198;203;226;227;225;195;197;209;208;190;206;165;188;161;150;164;152;134;135;155;173;146;152;137;104;116;122;105;102;122;121;109;93;93;98;76;63;53;59;67;48;49;30;31;19;17;18;7;6;4;2;1;0;0;1
088004;Giarratana;6;9;8;7;9;8;13;18;8;19;9;15;9;15;16;20;18;16;17;12;17;18;13;17;20;15;18;11;23;17;14;12;12;22;13;25;15;18;19;10;18;22;15;16;9;21;22;29;22;20;24;21;14;25;18;29;19;16;16;26;17;23;28;15;12;16;13;18;21;19;15;20;6;14;15;16;19;17;15;20;13;10;12;11;9;11;11;9;5;8;4;5;0;3;1;1;0;0;0;0;0
088005;Ispica;57;60;43;62;59;78;63;65;57;75;90;74;75;87;80;81;89;75;86;91;83;84;96;110;98;110;98;88;70;91;90;90;88;101;106;92;99;90;82;113;102;97;101;112;106;102;119;113;103;115;95;114;95;97;103;80;86;83;106;90;104;101;102;74;89;94;93;85;86;80;67;69;57;53;62;63;66;58;61;51;49;42;39;31;22;27;26;17;16;14;14;10;6;5;1;1;2;1;1;0;0
088006;Modica;194;191;232;238;246;255;286;263;286;289;294;289;265;273;287;312;313;291;302;293;300;297;321;317;308;352;314;343;314;341;302;355;310;339;326;321;311;325;327;370;389;386;371;382;380;384;383;352;353;348;407;363;364;355;338;364;341;318;295;350;301;309;258;287;282;244;314;269;293;232;234;188;195;187;239;243;219;190;160;164;157;157;159;112;112;121;101;80;84;57;44;30;36;16;18;13;8;4;1;2;6
088007;Monterosso Almo;8;15;5;9;8;9;10;13;11;19;11;14;14;17;12;15;19;14;21;22;15;15;15;19;12;16;14;18;19;20;14;21;13;22;10;16;17;20;23;16;18;19;24;21;16;28;24;31;27;24;24;28;25;22;14;22;19;19;21;18;21;20;13;15;15;15;26;24;20;13;15;15;10;8;6;16;18;18;17;13;17;19;12;13;11;3;4;8;4;5;3;4;4;1;6;0;0;0;0;0;0
088008;Pozzallo;90;95;88;97;91;102;103;117;100;116;90;81;124;93;106;97;117;110;101;100;101;100;120;125;130;126;100;141;115;136;119;113;113;138;138;135;141;138;110;150;148;141;143;127;145;137;135;116;129;119;123;146;107;104;114;107;120;109;117;115;105;107;106;103;95;115;111;135;130;90;111;79;69;75;82;94;77;68;58;35;45;46;44;34;21;25;23;23;14;16;8;7;3;4;4;2;0;0;0;1;0
088009;Ragusa;270;269;271;257;312;319;313;303;301;309;338;302;306;321;325;349;322;311;344;348;359;364;385;391;393;362;366;378;389;365;352;339;409;403;391;434;413;427;482;453;488;550;529;511;496;497;517;483;509;518;499;538;484;512;491;458;480;449;450;432;405;447;371;366;365;421;407;407;455;357;317;289;290;246;275;325;315;308;271;260;273;241;187;175;170;150;127;133;91;74;70;51;37;17;16;10;11;5;2;1;3
088010;Santa Croce Camerina;27;32;32;26;44;38;34;35;29;39;35;46;44;39;43;45;53;47;39;45;50;66;45;60;48;53;59;53;40;53;62;52;43;53;59;52;64;51;72;56;65;49;68;59;59;70;62;78;73;66;68;55;58;69;60;66;58;39;51;59;53;60;46;49;46;49;68;48;51;46;38;47;35;41;40;46;38;35;28;36;24;33;20;11;9;19;15;13;7;10;8;6;2;2;1;2;0;0;1;0;0
088011;Scicli;93;116;91;97;120;112;121;140;103;121;100;132;126;130;97;138;137;131;136;135;125;142;149;162;165;147;149;153;140;139;125;140;139;164;155;157;133;147;141;176;173;202;196;192;150;159;208;188;191;196;191;184;165;166;181;152;157;141;140;139;141;144;138;137;141;139;146;154;145;156;107;106;97;124;106;132;115;100;94;86;89;76;92;72;61;53;46;37;38;28;26;13;15;10;13;4;5;3;1;0;1
088012;Vittoria;290;282;303;295;300;269;317;305;323;334;334;299;321;353;358;350;345;381;388;366;336;401;414;418;325;431;386;390;370;334;361;333;329;353;350;343;354;385;391;405;390;416;393;412;430;408;422;376;381;413;418;379;403;404;396;383;380;320;315;308;362;306;313;275;285;286;308;292;306;274;229;217;237;218;198;228;211;196;161;190;157;155;116;113;114;113;89;82;65;54;44;30;19;17;17;6;2;1;4;1;1
;Totale;1226;1263;1269;1279;1395;1409;1439;1462;1419;1542;1516;1494;1559;1543;1536;1627;1663;1617;1689;1673;1670;1751;1831;1900;1734;1891;1749;1843;1733;1752;1692;1700;1695;1857;1812;1840;1788;1858;1912;2047;2084;2184;2135;2138;2099;2097;2208;2089;2138;2167;2185;2138;2031;2078;2039;1970;1963;1788;1771;1785;1771;1783;1616;1546;1548;1624;1756;1658;1747;1473;1305;1200;1177;1133;1183;1357;1271;1168;1016;1000;975;900;779;660;627;632;519;485;372;319;259;184;145;93;86;46;32;15;10;5;13
Territorio/Età;;0;1;2;3;4;5;6;7;8;9;10;11;12;13;14;15;16;17;18;19;20;21;22;23;24;25;26;27;28;29;30;31;32;33;34;35;36;37;38;39;40;41;42;43;44;45;46;47;48;49;50;51;52;53;54;55;56;57;58;59;60;61;62;63;64;65;66;67;68;69;70;71;72;73;74;75;76;77;78;79;80;81;82;83;84;85;86;87;88;89;90;91;92;93;94;95;96;97;98;99;100
Codice comune;Comune;Femmine
088001;Acate;32;37;34;24;45;44;49;43;32;37;40;36;41;46;46;49;42;44;61;55;52;59;46;55;41;50;58;31;51;35;40;44;49;50;42;69;54;60;43;48;47;52;61;40;69;66;59;62;58;52;56;49;51;61;43;51;55;48;42;44;49;53;41;41;52;41;52;47;51;36;40;24;33;36;34;32;43;29;21;39;36;26;18;15;29;17;23;18;14;12;11;11;7;5;3;2;2;1;0;0;5
088002;Chiaramonte Gulfi;30;23;21;20;22;25;32;19;28;29;29;23;24;31;41;28;34;41;36;36;43;38;38;48;43;39;39;44;45;51;48;42;43;53;38;43;34;44;51;40;41;48;40;41;61;58;70;69;61;50;65;56;60;57;61;57;62;54;61;54;48;44;41;44;52;46;54;37;49;39;22;37;37;37;36;48;37;40;39;45;29;37;43;33;40;30;29;28;16;29;19;13;8;8;6;1;2;1;1;2;2
088003;Comiso;117;117;111;111;121;123;144;115;111;113;127;140;138;145;154;138;141;128;154;157;166;145;178;163;153;180;148;141;185;178;150;175;157;149;179;163;149;209;184;216;213;218;219;197;216;203;217;225;214;232;219;212;221;205;203;206;214;159;200;179;191;184;179;148;164;155;171;206;190;177;119;133;125;146;121;155;133;154;127;130;110;116;99;106;94;101;73;64;63;45;33;30;31;33;12;9;4;1;3;0;5
088004;Giarratana;7;8;7;14;9;8;18;10;13;8;8;13;6;10;15;5;17;15;15;15;22;17;15;13;17;17;8;14;18;17;15;16;18;17;11;17;15;21;24;18;18;18;14;16;26;23;27;18;19;25;23;28;22;21;24;29;25;23;24;15;21;29;13;13;18;16;23;19;24;16;12;12;14;17;22;27;24;14;27;16;22;17;18;19;14;13;7;7;8;10;5;6;5;5;0;0;2;0;1;0;0
088005;Ispica;59;62;49;58;49;54;65;53;60;71;71;68;79;60;71;74;74;88;71;76;80;82;90;96;94;80;90;83;82;84;88;74;86;92;95;87;92;88;87;108;101;89;98;122;115;113;94;121;132;114;76;102;101;104;120;131;102;107;86;95;78;85;90;97;78;76;112;102;103;104;76;78;63;67;88;93;89;69;48;65;56;50;39;40;48;47;32;36;28;18;19;19;5;10;4;10;4;2;1;1;2
088006;Modica;209;208;222;246;263;273;261;274;268;266;253;290;282;260;295;301;291;284;294;267;320;294;339;278;287;318;334;357;328;337;317;286;351;337;325;317;329;351;358;378;388;428;349;383;371;374;410;423;383;380;393;400;383;437;372;390;307;369;293;351;309;325;316;322;329;299;332;339;315;299;225;252;241;238;240;279;286;243;206;231;203;168;173;204;201;169;165;126;114;121;110;81;51;60;45;19;12;10;7;5;6
088007;Monterosso Almo;10;7;9;9;12;4;11;14;17;10;9;10;17;20;16;20;19;11;6;19;18;10;16;17;17;23;10;18;15;16;10;16;13;8;13;16;14;19;19;25;21;22;23;19;17;15;14;24;25;27;20;22;25;23;20;24;26;19;18;14;25;19;17;26;23;14;13;21;23;20;19;14;18;16;9;21;15;20;22;18;20;21;12;13;6;8;4;15;8;17;6;8;5;2;6;0;2;0;1;0;0
088008;Pozzallo;78;106;76;93;92;79;105;89;78;91;77;86;106;81;83;97;102;110;114;80;98;100;112;108;106;112;123;128;120;128;116;142;135;138;142;121;114;95;130;138;139;122;147;133;144;130;107;153;135;135;145;131;134;144;133;127;124;126;124;116;133;145;139;117;97;126;132;119;109;101;89;82;62;83;82;93;87;77;65;59;56;59;51;48;50;49;33;28;21;32;12;18;13;14;9;4;7;0;2;2;7
088009;Ragusa;254;262;277;271;282;284;293;297;324;309;272;278;328;312;333;287;282;300;304;333;319;348;355;361;363;365;314;359;361;358;331;381;376;390;410;417;432;449;450;527;518;528;550;524;508;518;513;525;540;514;514;528;542;493;562;515;528;499;472;487;450;504;468;408;406;410;463;537;549;436;354;352;343;319;368;406;447;399;373;348;336;312;296;297;272;247;249;190;162;154;140;109;89;69;47;31;17;10;1;3;14
088010;Santa Croce Camerina;34;21;29;32;35;28;44;36;29;30;29;34;35;39;39;30;33;42;43;58;41;49;42;40;53;55;51;65;51;37;47;51;43;52;51;54;54;52;36;45;62;83;63;57;72;71;55;71;60;62;70;56;61;54;69;78;57;55;45;65;48;61;54;58;53;41;59;53;74;44;45;49;39;32;36;43;39;52;38;37;44;39;40;28;30;28;23;21;13;14;5;13;7;3;2;0;1;2;0;0;0
088011;Scicli;94;81;91;112;97;95;109;134;111;121;141;127;99;125;124;119;132;105;137;134;148;121;137;137;148;126;126;134;134;120;132;144;136;135;138;146;132;167;182;159;177;172;159;172;197;207;201;205;214;180;183;167;171;179;159;176;163;148;177;168;159;142;144;161;146;155;139;177;162;156;157;117;119;130;124;152;150;148;121;115;110;101;112;100;97;89;72;74;57;43;48;30;28;17;23;17;7;2;3;2;2
088012;Vittoria;252;260;267;293;246;300;307;329;282;280;302;323;306;324;285;321;343;337;353;354;350;304;399;381;391;366;332;358;350;353;367;363;347;381;351;394;378;366;374;431;392;457;402;406;450;365;407;412;446;488;413;398;428;385;393;419;409;350;341;360;331;369;293;304;312;343;349;327;350;294;230;221;240;237;273;285;273;239;184;231;219;205;177;170;166;155;122;124;84;71;70;56;67;35;27;23;14;6;3;7;4
;Totale;1176;1192;1193;1283;1273;1317;1438;1413;1353;1365;1358;1428;1461;1453;1502;1469;1510;1505;1588;1584;1657;1567;1767;1697;1713;1731;1633;1732;1740;1714;1661;1734;1754;1802;1795;1844;1797;1921;1938;2133;2117;2237;2125;2110;2246;2143;2174;2308;2287;2259;2177;2149;2199;2163;2159;2203;2072;1957;1883;1948;1842;1960;1795;1739;1730;1722;1899;1984;1999;1722;1388;1371;1334;1358;1433;1634;1623;1484;1271;1334;1241;1151;1078;1073;1047;953;832;731;588;566;478;394;316;261;184;116;74;35;23;22;47

"Ricostruzione della popolazione intercensuaria - Popolazione al 1° gennaio per età"
"Cittadinanza italiana - Anno: 2017 - Provincia: Ragusa"
Territorio/Età;;0;1;2;3;4;5;6;7;8;9;10;11;12;13;14;15;16;17;18;19;20;21;22;23;24;25;26;27;28;29;30;31;32;33;34;35;36;37;38;39;40;41;42;43;44;45;46;47;48;49;50;51;52;53;54;55;56;57;58;59;60;61;62;63;64;65;66;67;68;69;70;71;72;73;74;75;76;77;78;79;80;81;82;83;84;85;86;87;88;89;90;91;92;93;94;95;96;97;98;99;100
Codice comune;Comune;Totale
088001;Acate;76;65;89;80;62;81;93;91;88;75;90;87;91;97;87;90;91;86;93;117;102;107;112;95;111;74;104;97;81;90;84;87;104;97;110;88;112;91;98;95;98;97;107;121;105;123;117;120;118;121;113;116;103;97;115;104;106;93;110;72;87;92;89;81;90;88;72;90;94;99;74;66;52;70;71;64;65;75;57;37;57;59;45;34;26;41;33;27;31;19;17;13;9;6;7;3;3;2;1;0;2
088002;Chiaramonte Gulfi;36;57;49;41;47;61;48;58;45;54;60;63;52;82;59;63;66;72;83;71;84;87;92;87;100;90;73;78;90;86;97;90;87;70;106;82;90;72;81;91;93;87;94;85;97;115;112;128;132;118;109;115;116;134;118;117;119;120;121;102;99;117;108;92;83;99;102;111;67;88;65;64;61;62;63;61;85;69;79;77;74;52;60;61;47;57;47;45;39;23;33;30;16;10;12;9;0;1;1;1;3
088003;Comiso;219;240;234;239;234;254;275;263;241;240;253;262;300;301;297;293;279;307;281;317;316;349;297;353;336;307;370;314;303;343;331;309;319;315;290;353;335;307;385;351;411;413;415;421;375;405;382;420;425;435;453;441;406;411;412;410;397;419;327;385;338;337;346;326;275;295;305;342;343;339;311;218;246;244;240;225;273;249;252;210;213;196;177;156;146;142;156;113;96;84;68;36;41;38;34;14;9;6;1;2;6
088004;Giarratana;14;13;17;14;21;18;15;31;28;20;28;17;29;15;24;31;25;35;30;32;26;37;35;28;28;35;28;25;23;40;33;29;26;29;39;22;42;30;39;47;28;35;39;29;32;34;42;48;48;41;46;46;50;37;46;42;58;45;39;40;41;37;51;41;26;30;31;36;37;43;35;27;31;19;30;36;39;42;31;39;35;35;26;29;29;21;19;16;15;10;17;9;10;5;7;1;0;2;0;1;0
088005;Ispica;101;118;128;90;119;110;127;130;118;119;144;158;147;158;147;154;157;166;161;155;165;161;164;186;199;186;183;188;163;151;173;169;160;177;192;201;176;192;178;175;221;205;184;198;231;224;216;214;236;237;226;171;218;198;201;220;215;188;186;192;184;182;186;189;167;169;174;204;188;189;185;144;147;120;117;148;154;154;126;102;113;103;87;73;68;65;64;52;48;42;28;26;23;7;12;3;9;3;2;1;1
088006;Modica;443;409;399;453;477;510;533;549;534;554;552;551;577;548;531;577;615;600;570;594;558;618;591;654;593;584;663;634;691;636;667;617;634;660;670;652;634;636;671;682;755;782;811;718;765;753;758;790;765;731;726;798;758;747;789;708;747;644;683;581;699;607;633;572;602;604;528;637;602;603;521;446;433;424;421;469;509;496;424;354;385;347;304;314;294;289;265;243;181;174;153;130;93;77;61;48;26;12;11;5;13
088007;Monterosso Almo;14;18;20;15;18;19;14;21;25;29;28;19;24;31;37;28;35;38;25;27;42;33;24;31;35;28;40;24;36;30;35;24;34;25;31;22;33;29;38;40;40;40;41;47;39;32;43;38;56;51;53;44;50;49;45;34;45;45;38;39;33;46;39;32;40;38;29;38;45;43;32;34;29;28;24;15;37;34;38;35;26;33;35;21;24;17;10;8;23;12;16;7;9;8;1;9;0;2;0;0;0
088008;Pozzallo;182;164;195;161;189;181;179;204;200;180;206;167;169;229;171;190;195;217;221;214;182;197;200;232;235;235;234;219;270;232;258;231;252;242;271;269;255;256;239;239;285;288;258;285;256;291;266;241;273;263;253;266;272;239;250;248;239;241;238;239;231;237;247;242;215;190;237;240;251;233;193;197;156;128;157;158;181;160;135;121;90;96;95;89;77;62;65;52;41;29;40;16;21;9;13;11;4;5;0;2;6
088009;Ragusa;488;513;527;551;524;599;599;602;601;622;622;610;578;638;631;657;640;605;607;650;687;670;713;731;748;756;720;674;722;751;703;685;705;781;790;788;860;842;888;925;982;1002;1077;1070;1030;1007;1018;1027;1010;1043;1025;1015;1056;1016;998;1048;971;996;940;920;920;844;949;833;776;761;822;860;937;984;786;667;624;623;555;624;718;729;682;618;580;577;527;455;438;402;358;343;284;210;190;182;131;95;72;49;31;22;9;2;15
088010;Santa Croce Camerina;68;58;50;63;58;77;67;79;70;58;69;63;79;77;79;80;73;85;93;79;101;94;114;87;104;98;111;103;113;93;91;110;104;91;109;108;106;119;101;104;104;125;129;134;118;127;141;116;148;131;127;138;115;121;120;130;141;113;93;97;119;101;118;98;103;99;90;124;98;125;87;75;97;75;69;72;87;72;84;60;73;59;71;56;39;34;44;27;31;19;20;10;18;4;3;0;3;1;1;1;0
088011;Scicli;215;190;201;182;221;217;210;228;276;216;243;241;264;227;255;219;258;270;239;274;266;272;263;286;299;313;268;270;286;276;261;254;277;282;299;293;307;267;312;327;339;350;379;361;364;347;365;410;392;410;379;373;352;333;342;343;328;320;291;311;308;304;286;282;293;286;296;289;323;305;310;270;224;211;248;227;277;263;237;209;202;187;171;198;167;152;131;103;100;88;57;58;28;37;19;31;17;10;3;4;5
088012;Vittoria;510;549;541;566;586;553;561;618;633;604;612;639;615;627;671;640;669;693;727;745;718;687;700;800;782;701;767;704;747;706;681;717;692;672;729;703;724;731;755;759;821;782;864;794;816;880;769;825;785;824;899;833;780;829;783;781;790;782;662;653;664;691;674;600;575;589;619;651;614;643;554;451;423;472;442;453;502;475;418;330;402;360;343;275;264;251;240;185;178;127;109;103;64;70;43;32;21;14;5;6;11
;Totale;2366;2394;2450;2455;2556;2680;2721;2874;2859;2771;2907;2877;2925;3030;2989;3022;3103;3174;3130;3275;3247;3312;3305;3570;3570;3407;3561;3330;3525;3434;3414;3322;3394;3441;3636;3581;3674;3572;3785;3835;4177;4206;4398;4263;4228;4338;4229;4377;4388;4405;4409;4356;4276;4211;4219;4185;4156;4006;3728;3631;3723;3595;3726;3388;3245;3248;3305;3622;3599;3694;3153;2659;2523;2476;2437;2552;2927;2818;2563;2192;2250;2104;1941;1761;1619;1533;1432;1214;1067;837;748;620;463;366;284;210;123;80;34;25;62
Territorio/Età;;0;1;2;3;4;5;6;7;8;9;10;11;12;13;14;15;16;17;18;19;20;21;22;23;24;25;26;27;28;29;30;31;32;33;34;35;36;37;38;39;40;41;42;43;44;45;46;47;48;49;50;51;52;53;54;55;56;57;58;59;60;61;62;63;64;65;66;67;68;69;70;71;72;73;74;75;76;77;78;79;80;81;82;83;84;85;86;87;88;89;90;91;92;93;94;95;96;97;98;99;100
Codice comune;Comune;Maschi
088001;Acate;44;36;51;46;40;37;48;41;45;45;52;49;54;55;41;44;42;46;49;58;47;56;53;46;56;35;55;41;53;40;52;46;60;46;60;47;44;39;40;53;50;50;57;59;65;57;52;60;55;65;62;60;54;46;55;61;55;40;61;30;43;43;37;40;51;36;31;38;48;49;39;26;28;36;36;30;33;38;28;16;20;25;20;17;12;14;19;6;16;7;7;6;2;0;3;0;1;0;0;0;0
088002;Chiaramonte Gulfi;16;25;26;19;27;38;23;25;26;26;32;34;28;58;28;23;39;37;40;36;49;43;55;49;52;47;34;40;46;41;48;43;45;27;52;47;47;39;40;44;53;46;46;44;55;56;55;56;63;58;58;51;62;74;61;56;63;58;67;41;45;70;64;50;39;47;56;58;31;40;26;42;25;25;26;26;37;33;39;40;30;23;25;18;16;21;21;20;14;9;12;11;5;3;6;3;0;1;0;0;1
088003;Comiso;109;127;121;130;123;134;152;116;130;128;143;134;160;163;152;144;139;166;153;160;160;181;154;176;175;148;191;168;163;166;156;163;140;163;145;171;176;159;175;166;197;200;196;199;177;194;184;200;204;224;223;225;197;190;207;206;191;203;166;188;160;148;163;148;127;133;152;170;141;151;135;101;114;120;100;103;121;119;104;85;92;92;66;62;47;56;60;45;38;28;27;11;13;13;7;5;3;3;0;0;1
088004;Giarratana;8;6;10;7;7;9;8;13;18;8;20;9;15;9;15;16;20;18;16;17;12;16;18;13;15;19;12;17;11;23;17;14;11;11;23;13;25;14;18;22;10;18;21;15;16;8;21;23;29;22;21;23;21;14;25;18;29;20;16;16;26;16;23;28;14;12;15;13;17;21;19;15;20;6;14;14;14;19;17;15;20;13;10;11;11;7;8;10;8;3;8;3;3;0;2;1;0;0;0;0;0
088005;Ispica;61;57;63;42;62;60;74;63;63;59;71;90;77;77;86;81;83;91;75;84;91;82;84;95;108;95;102;100;83;69;89;85;85;91;100;104;92;102;91;84;111;101;96;103;108;108;104;119;117;106;113;95;116;96;98;101;84;87;80;107;89;103;100;99;72;90;98;92;85;88;81;68;69;57;50;61;63;66;57;53;51;46;40;38;29;21;20;23;16;14;12;8;8;1;4;0;0;0;1;0;0
088006;Modica;235;198;188;233;238;246;258;288;262;288;287;296;287;266;273;282;315;311;288;300;292;301;294;321;316;304;347;310;344;312;336;302;351;307;333;324;319;309;322;326;374;394;386;367;381;382;385;380;345;351;346;407;361;365;353;339;361;338;316;291;349;298;307;259;283;276;238;309;267;291;225;223;185;188;184;233;234;212;187;154;162;146;143;147;101;99;111;90;69;72;50;39;22;30;13;11;10;4;3;1;5
088007;Monterosso Almo;8;8;14;6;9;8;9;10;11;11;18;11;14;14;17;12;15;19;14;21;23;15;15;15;18;12;16;14;18;18;19;14;19;12;22;10;18;16;19;20;15;19;19;24;21;17;29;24;31;26;24;24;28;24;22;14;22;19;19;21;19;21;20;14;15;15;15;25;24;20;12;15;15;10;8;6;16;19;18;14;10;14;15;11;11;10;2;4;8;4;4;3;3;4;1;4;0;0;0;0;0
088008;Pozzallo;86;88;94;87;94;92;102;99;114;101;115;89;81;122;91;106;98;116;112;102;99;101;100;119;125;128;125;97;140;115;133;120;111;112;133;135;135;138;139;110;147;149;138;140;125;147;136;134;118;130;119;122;141;106;106;115;111;118;111;115;115;104;106;103;100;95;112;110;134;126;91;109;77;67;76;80;93;76;64;55;32;42;41;41;30;19;22;21;16;12;15;5;4;1;2;2;1;0;0;0;1
088009;Ragusa;244;264;264;275;252;311;313;312;303;297;312;336;298;309;320;321;351;322;309;346;350;354;367;381;386;394;357;362;363;386;356;351;334;405;398;383;433;415;433;476;458;481;547;527;510;491;503;515;483;502;515;501;528;478;508;489;456;472;445;449;430;399;448;365;371;361;415;404;401;445;354;318;280;284;244;266;316;296;299;258;246;254;226;181;161;154;129;113;116;74;63;58;43;29;11;11;10;8;3;1;3
088010;Santa Croce Camerina;38;26;30;31;27;42;39;35;35;30;38;34;45;43;41;43;43;52;49;39;46;54;64;45;63;48;56;56;48;42;53;61;54;45;55;58;51;64;49;67;57;66;48;70;61;57;69;62;79;71;65;67;58;59;66;60;66;58;37;51;57;54;57;46;48;45;49;65;46;51;44;34;48;37;38;37;43;35;34;22;36;22;33;19;13;8;18;10;13;6;8;5;5;0;2;0;2;0;0;1;0
088011;Scicli;112;92;120;91;103;118;112;120;141;103;121;100;135;130;128;97;138;138;131;137;135;123;142;152;164;165;141;145;150;141;139;125;136;143;164;153;163;135;148;144;180;171;203;198;193;151;159;208;188;193;196;190;185;162;165;183;152;156;139;137;140;143;144;137;133;142;140;147;147;145;157;110;107;94;120;103;129;114;94;91;88;80;76;89;66;60;51;42;32;35;22;20;8;14;5;12;3;6;1;1;1
088012;Vittoria;271;289;281;302;292;305;264;316;306;321;332;335;296;318;347;356;349;351;385;390;363;337;398;405;409;319;412;374;395;359;331;353;326;332;353;352;333;355;387;391;399;386;414;393;412;430;405;418;376;379;413;421;383;403;402;394;376;379;316;314;305;364;303;312;273;280;280;305;292;297;265;224;207;232;212;188;222;203;186;153;174;148;143;106;105;102;104;76;69;54;47;36;23;16;13;13;6;2;1;4;1
;Totale;1232;1216;1262;1269;1274;1400;1402;1438;1454;1417;1541;1517;1490;1564;1539;1525;1632;1667;1621;1690;1667;1663;1744;1817;1887;1714;1848;1724;1814;1712;1729;1677;1672;1694;1838;1797;1836;1785;1861;1903;2051;2081;2171;2139;2124;2098;2102;2199;2088;2127;2155;2186;2134;2017;2068;2036;1966;1948;1773;1760;1778;1763;1772;1601;1526;1532;1601;1736;1633;1724;1448;1285;1175;1156;1108;1147;1321;1230;1127;956;961;905;838;740;602;571;565;460;415;318;275;205;139;111;69;62;36;24;9;8;13
Territorio/Età;;0;1;2;3;4;5;6;7;8;9;10;11;12;13;14;15;16;17;18;19;20;21;22;23;24;25;26;27;28;29;30;31;32;33;34;35;36;37;38;39;40;41;42;43;44;45;46;47;48;49;50;51;52;53;54;55;56;57;58;59;60;61;62;63;64;65;66;67;68;69;70;71;72;73;74;75;76;77;78;79;80;81;82;83;84;85;86;87;88;89;90;91;92;93;94;95;96;97;98;99;100
Codice comune;Comune;Femmine
088001;Acate;32;29;38;34;22;44;45;50;43;30;38;38;37;42;46;46;49;40;44;59;55;51;59;49;55;39;49;56;28;50;32;41;44;51;50;41;68;52;58;42;48;47;50;62;40;66;65;60;63;56;51;56;49;51;60;43;51;53;49;42;44;49;52;41;39;52;41;52;46;50;35;40;24;34;35;34;32;37;29;21;37;34;25;17;14;27;14;21;15;12;10;7;7;6;4;3;2;2;1;0;2
088002;Chiaramonte Gulfi;20;32;23;22;20;23;25;33;19;28;28;29;24;24;31;40;27;35;43;35;35;44;37;38;48;43;39;38;44;45;49;47;42;43;54;35;43;33;41;47;40;41;48;41;42;59;57;72;69;60;51;64;54;60;57;61;56;62;54;61;54;47;44;42;44;52;46;53;36;48;39;22;36;37;37;35;48;36;40;37;44;29;35;43;31;36;26;25;25;14;21;19;11;7;6;6;0;0;1;1;2
088003;Comiso;110;113;113;109;111;120;123;147;111;112;110;128;140;138;145;149;140;141;128;157;156;168;143;177;161;159;179;146;140;177;175;146;179;152;145;182;159;148;210;185;214;213;219;222;198;211;198;220;221;211;230;216;209;221;205;204;206;216;161;197;178;189;183;178;148;162;153;172;202;188;176;117;132;124;140;122;152;130;148;125;121;104;111;94;99;86;96;68;58;56;41;25;28;25;27;9;6;3;1;2;5
088004;Giarratana;6;7;7;7;14;9;7;18;10;12;8;8;14;6;9;15;5;17;14;15;14;21;17;15;13;16;16;8;12;17;16;15;15;18;16;9;17;16;21;25;18;17;18;14;16;26;21;25;19;19;25;23;29;23;21;24;29;25;23;24;15;21;28;13;12;18;16;23;20;22;16;12;11;13;16;22;25;23;14;24;15;22;16;18;18;14;11;6;7;7;9;6;7;5;5;0;0;2;0;1;0
088005;Ispica;40;61;65;48;57;50;53;67;55;60;73;68;70;81;61;73;74;75;86;71;74;79;80;91;91;91;81;88;80;82;84;84;75;86;92;97;84;90;87;91;110;104;88;95;123;116;112;95;119;131;113;76;102;102;103;119;131;101;106;85;95;79;86;90;95;79;76;112;103;101;104;76;78;63;67;87;91;88;69;49;62;57;47;35;39;44;44;29;32;28;16;18;15;6;8;3;9;3;1;1;1
088006;Modica;208;211;211;220;239;264;275;261;272;266;265;255;290;282;258;295;300;289;282;294;266;317;297;333;277;280;316;324;347;324;331;315;283;353;337;328;315;327;349;356;381;388;425;351;384;371;373;410;420;380;380;391;397;382;436;369;386;306;367;290;350;309;326;313;319;328;290;328;335;312;296;223;248;236;237;236;275;284;237;200;223;201;161;167;193;190;154;153;112;102;103;91;71;47;48;37;16;8;8;4;8
088007;Monterosso Almo;6;10;6;9;9;11;5;11;14;18;10;8;10;17;20;16;20;19;11;6;19;18;9;16;17;16;24;10;18;12;16;10;15;13;9;12;15;13;19;20;25;21;22;23;18;15;14;14;25;25;29;20;22;25;23;20;23;26;19;18;14;25;19;18;25;23;14;13;21;23;20;19;14;18;16;9;21;15;20;21;16;19;20;10;13;7;8;4;15;8;12;4;6;4;0;5;0;2;0;0;0
088008;Pozzallo;96;76;101;74;95;89;77;105;86;79;91;78;88;107;80;84;97;101;109;112;83;96;100;113;110;107;109;122;130;117;125;111;141;130;138;134;120;118;100;129;138;139;120;145;131;144;130;107;155;133;134;144;131;133;144;133;128;123;127;124;116;133;141;139;115;95;125;130;117;107;102;88;79;61;81;78;88;84;71;66;58;54;54;48;47;43;43;31;25;17;25;11;17;8;11;9;3;5;0;2;5
088009;Ragusa;244;249;263;276;272;288;286;290;298;325;310;274;280;329;311;336;289;283;298;304;337;316;346;350;362;362;363;312;359;365;347;334;371;376;392;405;427;427;455;449;524;521;530;543;520;516;515;512;527;541;510;514;528;538;490;559;515;524;495;471;490;445;501;468;405;400;407;456;536;539;432;349;344;339;311;358;402;433;383;360;334;323;301;274;277;248;229;230;168;136;127;124;88;66;61;38;21;14;6;1;12
088010;Santa Croce Camerina;30;32;20;32;31;35;28;44;35;28;31;29;34;34;38;37;30;33;44;40;55;40;50;42;41;50;55;47;65;51;38;49;50;46;54;50;55;55;52;37;47;59;81;64;57;70;72;54;69;60;62;71;57;62;54;70;75;55;56;46;62;47;61;52;55;54;41;59;52;74;43;41;49;38;31;35;44;37;50;38;37;37;38;37;26;26;26;17;18;13;12;5;13;4;1;0;1;1;1;0;0
088011;Scicli;103;98;81;91;118;99;98;108;135;113;122;141;129;97;127;122;120;132;108;137;131;149;121;134;135;148;127;125;136;135;122;129;141;139;135;140;144;132;164;183;159;179;176;163;171;196;206;202;204;217;183;183;167;171;177;160;176;164;152;174;168;161;142;145;160;144;156;142;176;160;153;160;117;117;128;124;148;149;143;118;114;107;95;109;101;92;80;61;68;53;35;38;20;23;14;19;14;4;2;3;4
088012;Vittoria;239;260;260;264;294;248;297;302;327;283;280;304;319;309;324;284;320;342;342;355;355;350;302;395;373;382;355;330;352;347;350;364;366;340;376;351;391;376;368;368;422;396;450;401;404;450;364;407;409;445;486;412;397;426;381;387;414;403;346;339;359;327;371;288;302;309;339;346;322;346;289;227;216;240;230;265;280;272;232;177;228;212;200;169;159;149;136;109;109;73;62;67;41;54;30;19;15;12;4;2;10
;Totale;1134;1178;1188;1186;1282;1280;1319;1436;1405;1354;1366;1360;1435;1466;1450;1497;1471;1507;1509;1585;1580;1649;1561;1753;1683;1693;1713;1606;1711;1722;1685;1645;1722;1747;1798;1784;1838;1787;1924;1932;2126;2125;2227;2124;2104;2240;2127;2178;2300;2278;2254;2170;2142;2194;2151;2149;2190;2058;1955;1871;1945;1832;1954;1787;1719;1716;1704;1886;1966;1970;1705;1374;1348;1320;1329;1405;1606;1588;1436;1236;1289;1199;1103;1021;1017;962;867;754;652;519;473;415;324;255;215;148;87;56;25;17;49

"Ricostruzione della popolazione intercensuaria - Popolazione al 1° gennaio per età"
"Cittadinanza italiana - Anno: 2018 - Provincia: Ragusa"
Territorio/Età;;0;1;2;3;4;5;6;7;8;9;10;11;12;13;14;15;16;17;18;19;20;21;22;23;24;25;26;27;28;29;30;31;32;33;34;35;36;37;38;39;40;41;42;43;44;45;46;47;48;49;50;51;52;53;54;55;56;57;58;59;60;61;62;63;64;65;66;67;68;69;70;71;72;73;74;75;76;77;78;79;80;81;82;83;84;85;86;87;88;89;90;91;92;93;94;95;96;97;98;99;100
Codice comune;Comune;Totale
088001;Acate;76;72;65;87;77;62;79;88;90;86;75;88;86;88;93;86;91;88;88;93;115;101;105;108;91;107;75;98;90;78;88;81;84;103;92;104;83;110;92;94;95;97;97;105;119;103;123;118;120;113;121;116;116;103;96;112;102;105;92;110;72;83;92;88;78;90;84;71;89;91;96;75;66;51;65;67;62;64;73;57;33;52;53;44;32;23;34;30;18;28;14;14;13;6;5;6;3;1;2;1;1
088002;Chiaramonte Gulfi;49;34;58;49;42;47;64;48;56;46;55;61;62;54;79;57;62;66;73;82;71;86;89;91;91;101;91;72;73;87;90;98;91;85;69;106;82;92;72;79;92;96;89;94;85;95;115;110;126;129;118;109;115;114;132;116;116;119;120;122;102;99;114;108;89;83;98;100;110;66;86;63;64;60;61;61;60;81;71;74;73;71;49;55;54;42;48;40;38;36;15;25;26;15;8;11;4;0;1;1;3
088003;Comiso;200;226;240;229;236;233;253;275;267;243;244;257;264;295;300;295;295;282;307;288;319;312;343;296;347;330;304;358;306;297;339;325;305;321;319;295;356;334;310;383;352;413;413;419;421;381;402;380;417;419;432;454;440;404;412;414;406;402;415;327;382;340;336;344;318;270;292;300;339;336;334;301;214;235;239;233;219;265;240;246;200;198;183;164;141;137;124;140;99;76;73;56;25;29;32;27;9;3;5;1;2
088004;Giarratana;14;15;13;18;13;20;19;14;30;29;19;27;17;28;15;24;31;25;36;30;31;26;36;36;28;29;35;26;26;22;37;36;28;27;29;39;20;42;27;39;43;28;33;36;28;32;34;42;47;46;42;45;44;50;37;46;40;58;43;40;40;41;38;50;41;26;30;31;36;35;42;34;27;30;17;29;35;35;41;32;39;34;33;24;26;28;20;19;11;14;6;16;8;7;5;6;1;0;2;0;1
088005;Ispica;107;107;116;125;93;122;111;132;132;118;119;146;156;144;160;148;154;153;166;160;155;165;158;164;183;193;185;181;185;157;147;168;170;156;172;186;201;178;188;178;179;217;210;185;197;230;225;216;215;235;237;228;171;216;199;201;220;214;195;188;189;180;185;189;187;169;165;171;201;186;187;183;141;147;121;117;144;146;149;122;97;109;95;79;71;58;59;54;44;42;35;22;21;20;9;9;2;7;2;1;1
088006;Modica;393;445;414;409;456;474;511;536;550;537;551;552;547;578;546;528;578;612;598;572;594;558;620;583;648;587;577;654;632;693;633;663;607;632;657;671;653;636;639;673;681;762;783;817;715;772;757;757;782;759;728;731;795;753;746;784;710;749;642;678;579;695;600;629;563;595;600;521;632;600;602;518;442;421;422;409;455;495;481;416;335;372;331;295;291;275;262;228;208;160;150;123;113;75;60;53;36;23;6;8;10
088007;Monterosso Almo;20;16;17;20;15;18;18;14;21;24;29;27;20;24;31;37;28;35;37;25;28;38;33;24;30;34;28;40;24;35;31;35;24;31;25;33;24;33;32;37;37;38;39;40;45;37;32;43;38;56;48;53;42;49;49;44;33;47;43;38;39;34;45;38;32;38;37;29;38;44;44;32;34;27;26;24;15;36;34;38;34;24;33;33;19;20;14;8;6;20;10;13;4;5;4;0;6;0;2;0;0
088008;Pozzallo;188;178;163;193;157;187;185;180;199;196;178;209;161;170;230;166;188;196;216;227;211;181;198;198;232;226;228;235;220;260;234;262;226;246;239;265;268;251;257;238;239;291;279;257;286;257;291;264;234;270;263;254;263;271;236;251;248;234;240;234;237;228;237;247;242;218;189;233;242;250;231;186;195;154;125;153;156;176;157;132;115;88;91;88;81;71;57;60;43;35;25;33;12;11;9;11;10;3;3;0;6
088009;Ragusa;495;485;511;531;550;524;595;593;605;601;622;623;612;579;634;629;648;643;606;604;640;680;672;708;730;739;744;713;662;711;740;690;686;710;777;798;793;858;845;894;922;979;1002;1079;1072;1033;1003;1016;1026;1008;1045;1022;1007;1050;1017;995;1047;965;995;936;912;912;830;940;824;769;756;814;844;924;968;773;652;609;596;539;600;695;709;662;578;563;540;499;418;409;367;321;306;232;185;160;151;101;73;50;39;23;13;7;10
088010;Santa Croce Camerina;69;69;56;50;63;57;74;67;80;70;58;68;63;78;75;76;78;74;90;94;81;106;92;118;85;106;99;107;104;115;90;96;110;104;99;107;105;113;118;102;105;110;125;125;136;120;130;139;114;151;130;125;137;116;121;125;127;142;115;92;97;119;103;116;100;100;99;86;123;97;119;84;73;93;77;65;72;88;70;77;57;68;55;69;49;38;29;41;26;23;16;19;7;13;4;3;0;2;1;1;1
088011;Scicli;209;218;194;198;183;223;218;208;227;272;217;243;240;263;228;256;218;256;271;240;271;264;268;262;281;293;312;262;266;279;276;260;251;268;280;298;291;301;269;313;325;339;350;378;363;362;348;365;413;391;406;378;374;349;335;341;341;331;320;292;310;306;302;285;281;294;288;293;287;318;297;303;267;221;204;236;222;267;250;225;199;189;175;156;187;157;137;115;84;85;75;47;46;22;30;18;22;10;6;3;6
088012;Vittoria;555;509;550;541;566;583;556;564;612;633;603;604;636;611;629;674;637;667;693;728;742;715;675;695;781;774;689;747;693;730;701;675;709;684;664;714;695;718;726;747;755;816;778;856;789;810;873;764;828;792;826;894;834;775;824;781;773;772;773;654;647;656;686;672;600;573;582;609;647;597;639;552;446;415;462;432;432;494;450;386;318;380;335;321;264;232;224;207;157;153;105;90;77;55;51;27;23;15;13;5;13
;Totale;2375;2374;2397;2450;2451;2550;2683;2719;2869;2855;2770;2905;2864;2912;3020;2976;3008;3097;3181;3143;3258;3232;3289;3283;3527;3519;3367;3493;3281;3464;3406;3389;3291;3367;3422;3616;3571;3666;3575;3777;3825;4186;4198;4391;4256;4232;4333;4214;4360;4369;4396;4409;4338;4250;4204;4210;4163;4138;3993;3711;3606;3693;3568;3706;3355;3225;3220;3258;3588;3544;3645;3104;2621;2463;2415;2365;2472;2842;2725;2467;2078;2148;1973;1827;1633;1490;1375;1263;1040;904;709;618;503;359;290;221;155;87;56;28;54
Territorio/Età;;0;1;2;3;4;5;6;7;8;9;10;11;12;13;14;15;16;17;18;19;20;21;22;23;24;25;26;27;28;29;30;31;32;33;34;35;36;37;38;39;40;41;42;43;44;45;46;47;48;49;50;51;52;53;54;55;56;57;58;59;60;61;62;63;64;65;66;67;68;69;70;71;72;73;74;75;76;77;78;79;80;81;82;83;84;85;86;87;88;89;90;91;92;93;94;95;96;97;98;99;100
Codice comune;Comune;Maschi
088001;Acate;43;42;36;48;44;39;37;46;40;46;44;50;48;51;55;41;44;42;46;49;58;46;55;53;44;53;34;53;37;51;38;49;44;58;43;55;46;44;40;40;53;51;50;54;58;64;58;54;59;52;64;64;60;54;44;53;60;55;39;61;31;39;44;38;37;51;36;32;37;45;47;39;26;27;35;33;28;33;36;28;14;19;22;19;17;10;14;17;4;14;6;5;6;2;0;3;0;1;0;0;0
088002;Chiaramonte Gulfi;29;16;25;26;20;26;40;23;24;26;26;32;32;28;56;27;23;39;37;39;36;51;45;56;50;53;46;33;37;46;45;50;44;45;27;52;47;48;38;39;45;55;49;46;43;53;55;55;57;61;57;59;50;60;73;60;56;62;58;67;41;45;67;64;48;39;46;54;57;30;40;25;42;24;25;25;25;35;33;35;36;29;24;22;18;14;19;15;19;13;3;10;9;4;3;4;1;0;1;0;1
088003;Comiso;105;115;126;116;128;120;132;152;118;130;130;145;136;158;161;151;143;141;165;157;159;158;175;153;174;171;145;190;165;164;166;151;161;141;164;147;174;175;159;173;166;196;198;198;201;180;192;183;197;202;222;224;223;195;190;209;200;195;200;167;189;161;146;161;142;124;130;152;168;138;146;127;99;108;118;95;99;114;116;101;80;90;81;61;57;46;48;55;41;29;24;23;8;8;12;5;2;0;3;0;0
088004;Giarratana;9;8;6;10;7;6;9;8;12;19;7;19;9;14;9;15;16;20;18;16;17;13;16;18;13;16;19;11;18;12;22;19;14;12;12;23;13;25;12;18;19;11;17;20;14;16;8;21;22;27;23;21;22;21;14;25;17;29;19;17;16;26;17;22;28;14;12;15;13;16;20;19;15;19;6;13;13;13;19;17;14;19;11;10;8;10;6;8;7;7;0;8;2;2;0;2;1;0;0;0;0
088005;Ispica;62;65;55;63;45;64;61;73;63;63;57;71;88;77;80;89;83;81;89;74;84;88;81;84;95;106;94;102;99;80;69;83;86;82;89;97;105;95;98;89;87;110;103;98;104;106;107;105;120;116;104;115;93;116;99;98;101;84;90;79;105;87;105;103;98;74;88;95;91;85;86;81;67;68;55;49;57;59;62;56;49;48;41;32;36;22;18;17;19;15;13;10;6;6;1;4;0;0;0;0;0
088006;Modica;203;236;201;191;239;239;247;260;288;265;286;289;295;285;267;272;283;314;313;290;302;293;304;289;320;312;300;345;311;341;312;335;293;348;307;334;324;316;312;324;327;373;391;389;363;382;385;384;374;342;350;348;404;358;364;351;340;359;337;314;289;347;295;302;252;278;276;234;306;264;291;221;219;179;185;174;226;224;204;184;139;157;140;134;133;91;88;93;77;59;56;41;35;17;25;11;7;9;3;1;2
088007;Monterosso Almo;11;8;7;14;6;9;8;9;10;10;11;18;11;14;14;17;12;15;19;14;21;20;15;15;14;17;12;17;14;18;16;19;14;17;12;23;10;17;19;19;20;14;18;18;22;18;17;30;24;31;24;24;22;27;24;21;13;23;19;19;21;20;21;19;14;14;14;15;25;23;20;12;15;13;10;8;6;16;19;18;14;9;14;14;10;10;8;2;2;6;3;3;2;2;3;0;2;0;0;0;0
088008;Pozzallo;90;83;89;93;81;94;97;103;98;112;101;116;86;80;123;88;104;97;115;116;98;96;102;100;117;119;129;124;100;134;118;134;117;112;109;133;135;135;136;140;108;152;142;135;142;127;148;135;129;117;129;119;122;143;104;105;115;111;115;111;114;114;104;105;104;102;94;112;113;132;124;87;108;77;62;74;78;88;75;61;51;31;38;40;37;27;18;19;18;12;10;12;5;1;0;2;2;1;0;0;1
088009;Ragusa;242;245;260;268;275;254;306;306;310;304;301;309;337;303;307;319;317;354;322;306;343;345;351;366;377;377;387;359;358;356;383;348;348;331;398;405;382;435;416;435;471;456;481;545;527;514;488;508;513;483;502;509;496;524;479;506;491;455;469;442;447;429;391;441;364;365;360;409;396;395;439;348;310;276;269;236;254;309;288;289;241;236;235;209;160;150;140;112;100;89;64;52;47;28;22;8;9;6;4;2;3
088010;Santa Croce Camerina;40;37;27;30;34;26;39;39;37;36;29;37;34;44;43;39;42;44;56;47;40;50;53;66;44;62;49;54;54;54;38;56;60;54;48;52;55;55;63;47;66;61;68;47;71;62;58;68;64;82;71;66;69;59;57;69;60;66;60;37;51;55;54;57;47;45;43;47;65;46;47;41;33;45;38;34;38;44;34;33;20;31;19;31;17;13;6;15;10;10;4;8;3;5;0;1;0;1;0;0;1
088011;Scicli;101;113;93;119;93;106;117;113;121;138;103;120;100;135;129;129;97;137;137;131;135;135;121;142;148;162;164;138;141;148;139;139;126;133;144;166;150;161;137;147;144;181;170;202;200;192;153;159;210;187;191;197;192;181;163;166;183;155;159;140;136;141;141;143;137;135;141;138;147;144;139;154;106;105;90;113;99;124;110;85;86;81;74;72;80;62;54;46;34;25;27;18;16;7;10;3;10;1;2;0;2
088012;Vittoria;263;270;288;282;304;292;309;268;313;305;320;326;334;293;322;350;349;347;350;385;387;363;333;395;395;408;315;397;367;390;352;331;350;319;330;345;346;333;355;381;391;397;385;410;390;405;427;400;418;382;383;409;419;383;401;402;390;365;370;311;307;298;360;302;312;270;275;274;303;285;297;264;219;201;223;206;176;217;185;167;148;164;136;134;100;88;92;89;59;62;43;40;27;21;13;7;8;3;2;1;4
;Totale;1198;1238;1213;1260;1276;1275;1402;1400;1434;1454;1415;1532;1510;1482;1566;1537;1513;1631;1667;1624;1680;1658;1651;1737;1791;1856;1694;1823;1701;1794;1698;1714;1657;1652;1683;1832;1787;1839;1785;1852;1897;2057;2072;2162;2135;2119;2096;2102;2187;2082;2120;2155;2172;2121;2012;2065;2026;1959;1935;1765;1747;1762;1745;1757;1583;1511;1515;1577;1721;1603;1696;1418;1259;1142;1116;1060;1099;1276;1181;1074;892;914;835;778;673;543;511;488;390;341;253;230;166;103;89;50;42;22;15;4;14
Territorio/Età;;0;1;2;3;4;5;6;7;8;9;10;11;12;13;14;15;16;17;18;19;20;21;22;23;24;25;26;27;28;29;30;31;32;33;34;35;36;37;38;39;40;41;42;43;44;45;46;47;48;49;50;51;52;53;54;55;56;57;58;59;60;61;62;63;64;65;66;67;68;69;70;71;72;73;74;75;76;77;78;79;80;81;82;83;84;85;86;87;88;89;90;91;92;93;94;95;96;97;98;99;100
Codice comune;Comune;Femmine
088001;Acate;33;30;29;39;33;23;42;42;50;40;31;38;38;37;38;45;47;46;42;44;57;55;50;55;47;54;41;45;53;27;50;32;40;45;49;49;37;66;52;54;42;46;47;51;61;39;65;64;61;61;57;52;56;49;52;59;42;50;53;49;41;44;48;50;41;39;48;39;52;46;49;36;40;24;30;34;34;31;37;29;19;33;31;25;15;13;20;13;14;14;8;9;7;4;5;3;3;0;2;1;1
088002;Chiaramonte Gulfi;20;18;33;23;22;21;24;25;32;20;29;29;30;26;23;30;39;27;36;43;35;35;44;35;41;48;45;39;36;41;45;48;47;40;42;54;35;44;34;40;47;41;40;48;42;42;60;55;69;68;61;50;65;54;59;56;60;57;62;55;61;54;47;44;41;44;52;46;53;36;46;38;22;36;36;36;35;46;38;39;37;42;25;33;36;28;29;25;19;23;12;15;17;11;5;7;3;0;0;1;2
088003;Comiso;95;111;114;113;108;113;121;123;149;113;114;112;128;137;139;144;152;141;142;131;160;154;168;143;173;159;159;168;141;133;173;174;144;180;155;148;182;159;151;210;186;217;215;221;220;201;210;197;220;217;210;230;217;209;222;205;206;207;215;160;193;179;190;183;176;146;162;148;171;198;188;174;115;127;121;138;120;151;124;145;120;108;102;103;84;91;76;85;58;47;49;33;17;21;20;22;7;3;2;1;2
088004;Giarratana;5;7;7;8;6;14;10;6;18;10;12;8;8;14;6;9;15;5;18;14;14;13;20;18;15;13;16;15;8;10;15;17;14;15;17;16;7;17;15;21;24;17;16;16;14;16;26;21;25;19;19;24;22;29;23;21;23;29;24;23;24;15;21;28;13;12;18;16;23;19;22;15;12;11;11;16;22;22;22;15;25;15;22;14;18;18;14;11;4;7;6;8;6;5;5;4;0;0;2;0;1
088005;Ispica;45;42;61;62;48;58;50;59;69;55;62;75;68;67;80;59;71;72;77;86;71;77;77;80;88;87;91;79;86;77;78;85;84;74;83;89;96;83;90;89;92;107;107;87;93;124;118;111;95;119;133;113;78;100;100;103;119;130;105;109;84;93;80;86;89;95;77;76;110;101;101;102;74;79;66;68;87;87;87;66;48;61;54;47;35;36;41;37;25;27;22;12;15;14;8;5;2;7;2;1;1
088006;Modica;190;209;213;218;217;235;264;276;262;272;265;263;252;293;279;256;295;298;285;282;292;265;316;294;328;275;277;309;321;352;321;328;314;284;350;337;329;320;327;349;354;389;392;428;352;390;372;373;408;417;378;383;391;395;382;433;370;390;305;364;290;348;305;327;311;317;324;287;326;336;311;297;223;242;237;235;229;271;277;232;196;215;191;161;158;184;174;135;131;101;94;82;78;58;35;42;29;14;3;7;8
088007;Monterosso Almo;9;8;10;6;9;9;10;5;11;14;18;9;9;10;17;20;16;20;18;11;7;18;18;9;16;17;16;23;10;17;15;16;10;14;13;10;14;16;13;18;17;24;21;22;23;19;15;13;14;25;24;29;20;22;25;23;20;24;24;19;18;14;24;19;18;24;23;14;13;21;24;20;19;14;16;16;9;20;15;20;20;15;19;19;9;10;6;6;4;14;7;10;2;3;1;0;4;0;2;0;0
088008;Pozzallo;98;95;74;100;76;93;88;77;101;84;77;93;75;90;107;78;84;99;101;111;113;85;96;98;115;107;99;111;120;126;116;128;109;134;130;132;133;116;121;98;131;139;137;122;144;130;143;129;105;153;134;135;141;128;132;146;133;123;125;123;123;114;133;142;138;116;95;121;129;118;107;99;87;77;63;79;78;88;82;71;64;57;53;48;44;44;39;41;25;23;15;21;7;10;9;9;8;2;3;0;5
088009;Ragusa;253;240;251;263;275;270;289;287;295;297;321;314;275;276;327;310;331;289;284;298;297;335;321;342;353;362;357;354;304;355;357;342;338;379;379;393;411;423;429;459;451;523;521;534;545;519;515;508;513;525;543;513;511;526;538;489;556;510;526;494;465;483;439;499;460;404;396;405;448;529;529;425;342;333;327;303;346;386;421;373;337;327;305;290;258;259;227;209;206;143;121;108;104;73;51;42;30;17;9;5;7
088010;Santa Croce Camerina;29;32;29;20;29;31;35;28;43;34;29;31;29;34;32;37;36;30;34;47;41;56;39;52;41;44;50;53;50;61;52;40;50;50;51;55;50;58;55;55;39;49;57;78;65;58;72;71;50;69;59;59;68;57;64;56;67;76;55;55;46;64;49;59;53;55;56;39;58;51;72;43;40;48;39;31;34;44;36;44;37;37;36;38;32;25;23;26;16;13;12;11;4;8;4;2;0;1;1;1;0
088011;Scicli;108;105;101;79;90;117;101;95;106;134;114;123;140;128;99;127;121;119;134;109;136;129;147;120;133;131;148;124;125;131;137;121;125;135;136;132;141;140;132;166;181;158;180;176;163;170;195;206;203;204;215;181;182;168;172;175;158;176;161;152;174;165;161;142;144;159;147;155;140;174;158;149;161;116;114;123;123;143;140;140;113;108;101;84;107;95;83;69;50;60;48;29;30;15;20;15;12;9;4;3;4
088012;Vittoria;292;239;262;259;262;291;247;296;299;328;283;278;302;318;307;324;288;320;343;343;355;352;342;300;386;366;374;350;326;340;349;344;359;365;334;369;349;385;371;366;364;419;393;446;399;405;446;364;410;410;443;485;415;392;423;379;383;407;403;343;340;358;326;370;288;303;307;335;344;312;342;288;227;214;239;226;256;277;265;219;170;216;199;187;164;144;132;118;98;91;62;50;50;34;38;20;15;12;11;4;9
;Totale;1177;1136;1184;1190;1175;1275;1281;1319;1435;1401;1355;1373;1354;1430;1454;1439;1495;1466;1514;1519;1578;1574;1638;1546;1736;1663;1673;1670;1580;1670;1708;1675;1634;1715;1739;1784;1784;1827;1790;1925;1928;2129;2126;2229;2121;2113;2237;2112;2173;2287;2276;2254;2166;2129;2192;2145;2137;2179;2058;1946;1859;1931;1823;1949;1772;1714;1705;1681;1867;1941;1949;1686;1362;1321;1299;1305;1373;1566;1544;1393;1186;1234;1138;1049;960;947;864;775;650;563;456;388;337;256;201;171;113;65;41;24;40

"Ricostruzione della popolazione intercensuaria - Popolazione al 1° gennaio per età"
"Cittadinanza italiana - Anno: 2019 - Provincia: Ragusa"
Territorio/Età;;0;1;2;3;4;5;6;7;8;9;10;11;12;13;14;15;16;17;18;19;20;21;22;23;24;25;26;27;28;29;30;31;32;33;34;35;36;37;38;39;40;41;42;43;44;45;46;47;48;49;50;51;52;53;54;55;56;57;58;59;60;61;62;63;64;65;66;67;68;69;70;71;72;73;74;75;76;77;78;79;80;81;82;83;84;85;86;87;88;89;90;91;92;93;94;95;96;97;98;99;100
Codice comune;Comune;Totale
088001;Acate;60;75;70;62;85;77;61;78;87;86;88;76;83;81;84;92;86;90;89;85;92;107;101;106;103;89;105;73;94;90;77;86;79;81;104;89;97;81;109;89;92;95;99;92;101;116;101;121;112;120;114;118;114;113;103;96;110;101;105;93;107;73;80;92;89;77;87;86;70;88;88;95;70;62;52;64;65;60;63;70;53;33;49;49;41;30;22;32;26;13;26;13;11;11;6;4;4;3;1;3;2
088002;Chiaramonte Gulfi;48;51;34;58;46;43;47;63;47;59;46;57;62;62;55;80;57;64;67;77;81;70;87;90;92;92;99;93;72;71;86;84;97;88;84;69;103;82;92;71;77;91;94;88;91;81;97;117;109;128;129;119;111;113;115;132;116;118;120;121;122;98;99;111;106;87;83;99;97;110;67;85;61;63;60;61;60;58;78;69;71;68;66;45;50;50;38;44;34;30;33;14;16;23;11;7;8;3;0;1;3
088003;Comiso;244;210;230;240;232;237;234;250;276;269;247;248;259;263;298;302;299;296;288;310;290;317;319;341;299;343;325;296;359;303;296;337;327;303;322;316;299;360;327;311;379;355;418;410;420;426;383;403;379;420;414;433;450;441;401;413;412;409;403;412;322;384;337;337;342;314;271;296;298;338;331;324;293;211;231;230;229;211;255;234;233;191;188;167;152;130;121;118;125;81;61;59;42;19;20;26;15;10;3;3;3
088004;Giarratana;19;15;15;13;18;13;19;19;14;30;28;19;26;17;26;15;25;31;24;38;30;32;23;36;34;28;28;34;26;27;20;35;33;27;29;30;39;20;39;27;39;41;27;33;37;27;32;34;42;47;46;43;45;43;50;36;44;40;58;43;39;39;41;39;50;41;26;30;30;36;34;42;34;27;28;15;29;31;35;40;29;38;29;30;23;25;26;17;16;10;12;6;15;7;3;1;6;1;0;2;1
088005;Ispica;101;113;105;113;125;94;126;112;130;130;118;114;143;152;147;159;146;158;157;167;162;154;163;156;160;183;192;188;174;184;160;153;161;165;157;166;183;199;176;185;176;178;213;213;185;197;232;225;216;213;232;236;226;170;217;196;202;218;216;192;189;188;183;189;188;187;170;163;170;200;182;186;182;142;141;116;116;139;147;144;117;90;100;83;74;61;54;53;40;40;34;27;17;15;12;8;7;4;3;2;0
088006;Modica;408;385;458;427;406;460;472;511;535;545;529;549;554;544;571;544;524;575;615;598;570;590;559;612;575;644;575;573;652;617;690;627;650;598;631;651;673;648;630;640;670;683;755;785;819;711;770;763;756;776;762;722;732;789;748;747;782;707;742;639;671;574;691;594;624;559;594;595;511;620;597;594;508;434;410;411;398;438;486;461;404;318;348;315;275;269;242;237;201;169;144;134;102;86;59;52;40;25;14;4;13
088007;Monterosso Almo;20;20;15;18;20;15;18;19;14;20;23;28;27;19;25;31;37;28;36;36;24;27;38;34;26;31;32;25;35;27;32;31;33;26;30;25;35;26;29;31;37;36;38;39;40;46;37;32;43;38;56;48;53;41;49;50;45;32;47;44;38;40;33;45;38;31;38;37;29;37;43;43;32;34;26;26;24;15;37;34;37;33;24;32;29;19;18;15;7;6;20;8;10;3;4;2;0;5;0;1;0
088008;Pozzallo;166;184;173;163;194;160;186;186;184;204;198;177;206;168;169;227;163;188;194;214;228;210;185;198;196;226;221;224;234;214;257;223;256;231;240;245;259;262;255;255;236;240;288;280;257;289;257;285;268;235;270;262;252;263;274;234;250;243;234;236;234;237;226;234;239;242;216;185;231;240;247;223;183;186;148;123;142;150;170;150;124;112;86;82;78;73;66;50;54;34;27;18;24;8;11;8;9;9;2;1;6
088009;Ragusa;454;487;489;524;532;553;523;598;599;609;600;616;628;614;579;634;628;649;648;602;611;644;673;661;697;714;725;722;704;645;711;725;683;678;715;790;806;779;865;841;892;919;984;997;1074;1066;1029;999;1021;1027;1007;1047;1019;1014;1048;1015;990;1041;959;985;923;918;912;826;932;816;760;746;811;824;911;950;757;644;587;575;528;583;682;694;627;545;527;499;465;390;379;327;290;256;200;151;126;123;80;59;36;33;16;6;16
088010;Santa Croce Camerina;47;66;70;55;51;59;58;77;67;80;69;58;71;63;79;73;78;78;77;91;94;85;106;97;114;89;109;100;101;109;110;93;94;108;103;96;101;104;116;118;96;102;113;126;124;136;119;127;140;115;154;133;126;134;115;122;128;126;143;116;91;95;117;99;114;96;99;101;85;125;98;117;83;76;88;77;63;72;86;70;71;56;63;51;59;46;35;26;38;20;21;15;18;8;11;3;2;0;2;1;1
088011;Scicli;195;207;214;191;194;184;228;219;209;228;273;215;243;243;262;227;255;219;256;273;241;270;263;270;262;281;292;307;255;264;272;271;255;248;268;273;290;289;302;271;311;329;343;347;377;361;363;350;365;417;390;406;378;377;345;331;341;342;331;317;291;313;305;297;283;277;289;288;289;283;313;291;301;261;217;199;226;216;257;237;217;193;180;160;148;164;145;127;101;73;74;60;44;36;17;21;13;17;6;2;6
088012;Vittoria;484;541;500;549;536;561;582;555;562;613;629;596;595;630;608;623;668;633;671;690;724;741;709;655;683;762;758;671;730;681;718;684;655;693;668;664;708;692;711;718;744;749;803;770;852;789;801;868;757;823;794;822;889;830;770;814;777;766;769;765;655;638;654;676;662;588;569;572;599;633;587;624;543;434;410;453;413;410;473;429;366;311;345;312;294;242;207;201;179;134;124;89;69;61;44;30;20;17;10;9;12
;Totale;2246;2354;2373;2413;2439;2456;2554;2687;2724;2873;2848;2753;2897;2856;2903;3007;2966;3009;3122;3181;3147;3247;3226;3256;3241;3482;3461;3306;3436;3232;3429;3349;3323;3246;3351;3414;3593;3542;3651;3557;3749;3818;4175;4180;4377;4245;4221;4324;4208;4359;4368;4389;4395;4328;4235;4186;4197;4143;4127;3963;3682;3597;3678;3539;3667;3315;3202;3198;3220;3534;3498;3574;3047;2574;2398;2350;2293;2383;2769;2632;2349;1988;2005;1825;1688;1499;1353;1247;1111;866;776;594;494;400;278;221;160;127;57;35;63
Territorio/Età;;0;1;2;3;4;5;6;7;8;9;10;11;12;13;14;15;16;17;18;19;20;21;22;23;24;25;26;27;28;29;30;31;32;33;34;35;36;37;38;39;40;41;42;43;44;45;46;47;48;49;50;51;52;53;54;55;56;57;58;59;60;61;62;63;64;65;66;67;68;69;70;71;72;73;74;75;76;77;78;79;80;81;82;83;84;85;86;87;88;89;90;91;92;93;94;95;96;97;98;99;100
Codice comune;Comune;Maschi
088001;Acate;32;40;40;36;48;44;39;37;44;39;47;45;47;45;48;55;41;43;42;46;48;54;47;56;50;40;52;34;50;40;50;36;48;40;58;40;50;45;44;38;39;53;53;47;51;57;62;56;50;60;52;61;63;57;53;44;52;58;55;40;59;32;36;43;39;37;49;36;30;36;42;45;36;27;27;34;32;29;32;35;26;14;19;20;17;16;10;14;17;1;13;6;4;6;2;0;1;0;1;0;0
088002;Chiaramonte Gulfi;22;31;16;24;25;21;26;39;22;26;26;27;33;32;28;57;27;24;38;39;40;35;51;46;56;51;51;47;34;34;47;43;48;41;44;28;51;48;46;34;37;46;54;48;46;41;53;56;56;57;60;59;60;50;61;73;60;58;62;58;68;40;45;67;63;47;38;46;52;56;31;39;24;42;23;25;25;24;34;32;34;32;25;22;20;17;14;17;13;17;13;2;5;6;2;2;4;0;0;1;1
088003;Comiso;119;112;118;127;117;128;120;134;153;118;131;132;146;135;159;163;154;144;143;167;156;158;158;174;153;170;168;140;187;163;163;165;150;160;142;163;146;174;177;159;171;166;196;197;199;203;184;192;185;196;198;223;222;222;192;189;208;200;195;199;164;190;159;145;158;141;122;134;151;169;135;139;124;96;105;113;91;95;105;112;96;80;83;73;54;54;40;44;47;36;19;18;18;4;4;11;1;2;0;1;0
088004;Giarratana;9;10;8;6;10;7;5;9;7;12;19;7;18;9;14;9;16;16;19;20;16;17;12;16;17;13;15;19;11;18;12;22;16;14;12;12;22;13;25;12;19;19;10;17;20;14;16;8;21;22;27;24;21;21;21;14;25;17;29;19;16;16;26;18;22;28;14;12;14;13;15;20;19;15;17;4;13;11;13;19;14;14;14;10;9;8;9;5;7;7;6;0;7;3;1;0;2;1;0;0;0
088005;Ispica;40;68;63;52;62;44;64;61;73;62;64;54;70;86;78;79;87;83;81;89;75;83;88;77;81;95;106;95;97;94;83;72;81;83;84;88;95;106;93;97;87;87;109;103;99;106;105;107;105;119;115;104;115;92;116;99;101;99;85;90;81;103;87;106;101;99;75;86;94;91;81;85;81;66;66;54;47;53;60;59;53;43;44;32;31;31;22;16;10;18;12;9;8;4;3;1;3;1;0;0;0
088006;Modica;218;192;240;208;190;243;239;245;259;286;260;286;290;294;282;266;268;280;315;313;290;301;291;301;287;317;303;302;347;299;337;306;332;290;346;304;341;321;313;312;325;329;370;389;389;361;380;386;384;372;344;346;350;397;356;363;354;337;353;336;309;287;343;292;299;249;279;272;229;301;261;287;219;217;173;180;167;215;217;198;178;128;141;130;123;125;77;81;80;61;51;46;36;25;14;21;8;6;6;3;2
088007;Monterosso Almo;8;11;7;7;14;6;9;8;9;9;10;10;18;10;15;14;17;12;16;18;14;21;20;15;15;14;16;10;16;15;18;15;18;14;16;12;24;10;14;18;17;19;14;18;17;22;18;17;30;24;31;24;24;21;27;24;22;13;23;20;19;21;19;21;20;13;14;14;15;24;23;19;12;15;13;10;8;6;16;19;18;14;9;14;11;10;10;9;1;2;6;2;2;1;1;1;0;2;0;0;0
088008;Pozzallo;93;91;83;91;95;82;95;96;105;101;113;100;114;88;78;120;86;105;97;114;117;100;98;102;100;115;114;127;123;100;131;109;130;116;108;112;130;131;134;135;139;110;151;146;134;145;127;144;139;129;118;128;116;124;147;102;105;112;111;112;111;115;115;104;100;106;101;91;111;113;131;117;86;101;73;61;68;75;83;70;57;48;28;32;33;34;25;15;17;14;10;7;6;2;1;0;1;1;1;0;1
088009;Ragusa;227;241;247;268;271;276;256;307;312;311;303;299;310;339;305;307;319;317;354;317;307;343;343;344;360;365;368;376;360;349;357;374;339;340;331;403;410;379;440;414;435;471;464;479;543;520;513;487;512;509;485;504;513;500;520;477;503;487;451;462;430;454;428;387;437;363;360;355;407;384;390;426;339;304;268;257;231;243;302;279;270;222;221;217;195;147;139;123;101;80;74;47;42;37;23;18;8;6;4;2;5
088010;Santa Croce Camerina;21;37;38;25;29;33;25;40;38;37;35;30;37;34;45;42;39;43;46;56;47;43;49;56;65;47;61;48;51;59;54;42;51;58;54;49;50;53;59;63;45;65;63;69;47;73;62;56;67;63;86;72;66;69;57;58;68;59;66;61;38;50;52;51;54;45;46;44;46;64;47;49;40;35;42;38;32;38;42;35;31;19;28;17;29;16;13;5;14;7;9;4;7;4;4;0;0;0;1;0;1
088011;Scicli;99;99;109;90;115;92;110;118;114;122;140;101;120;102;133;128;128;97;136;139;131;134;133;121;141;148;160;156;136;140;140;138;136;123;130;137;163;148;163;137;144;144;183;167;202;197;191;154;157;213;186;191;196;193;179;161;165;184;154;158;140;138;142;137;142;135;132;140;135;142;141;136;152;106;102;88;109;94;117;102;78;82;77;68;67;71;52;49;37;31;21;20;17;13;5;5;2;6;1;0;1
088012;Vittoria;250;256;266;284;282;300;289;307;267;313;305;315;320;329;294;316;347;345;349;347;384;384;358;324;387;387;401;302;387;357;389;340;324;342;311;329;347;346;329;354;382;383;395;378;406;391;397;421;394;416;385;381;407;419;378;394;401;385;363;365;311;301;299;356;299;306;268;270;268;295;279;287;256;208;197;218;198;163;211;177;160;144;150;126;123;94;79;85;75;49;50;37;27;24;17;7;6;5;2;2;4
;Totale;1138;1188;1235;1218;1258;1276;1277;1401;1403;1436;1453;1406;1523;1503;1479;1556;1529;1509;1636;1665;1625;1673;1648;1632;1712;1762;1815;1656;1799;1668;1781;1662;1673;1621;1636;1677;1829;1774;1837;1773;1840;1892;2062;2058;2153;2130;2108;2084;2100;2180;2087;2117;2153;2165;2107;1998;2064;2009;1947;1920;1746;1747;1751;1727;1734;1569;1498;1500;1552;1688;1576;1649;1388;1232;1106;1082;1021;1046;1232;1137;1015;840;839;761;712;623;490;463;419;323;284;198;179;129;77;66;36;30;16;9;15
Territorio/Età;;0;1;2;3;4;5;6;7;8;9;10;11;12;13;14;15;16;17;18;19;20;21;22;23;24;25;26;27;28;29;30;31;32;33;34;35;36;37;38;39;40;41;42;43;44;45;46;47;48;49;50;51;52;53;54;55;56;57;58;59;60;61;62;63;64;65;66;67;68;69;70;71;72;73;74;75;76;77;78;79;80;81;82;83;84;85;86;87;88;89;90;91;92;93;94;95;96;97;98;99;100
Codice comune;Comune;Femmine
088001;Acate;28;35;30;26;37;33;22;41;43;47;41;31;36;36;36;37;45;47;47;39;44;53;54;50;53;49;53;39;44;50;27;50;31;41;46;49;47;36;65;51;53;42;46;45;50;59;39;65;62;60;62;57;51;56;50;52;58;43;50;53;48;41;44;49;50;40;38;50;40;52;46;50;34;35;25;30;33;31;31;35;27;19;30;29;24;14;12;18;9;12;13;7;7;5;4;4;3;3;0;3;2
088002;Chiaramonte Gulfi;26;20;18;34;21;22;21;24;25;33;20;30;29;30;27;23;30;40;29;38;41;35;36;44;36;41;48;46;38;37;39;41;49;47;40;41;52;34;46;37;40;45;40;40;45;40;44;61;53;71;69;60;51;63;54;59;56;60;58;63;54;58;54;44;43;40;45;53;45;54;36;46;37;21;37;36;35;34;44;37;37;36;41;23;30;33;24;27;21;13;20;12;11;17;9;5;4;3;0;0;2
088003;Comiso;125;98;112;113;115;109;114;116;123;151;116;116;113;128;139;139;145;152;145;143;134;159;161;167;146;173;157;156;172;140;133;172;177;143;180;153;153;186;150;152;208;189;222;213;221;223;199;211;194;224;216;210;228;219;209;224;204;209;208;213;158;194;178;192;184;173;149;162;147;169;196;185;169;115;126;117;138;116;150;122;137;111;105;94;98;76;81;74;78;45;42;41;24;15;16;15;14;8;3;2;3
088004;Giarratana;10;5;7;7;8;6;14;10;7;18;9;12;8;8;12;6;9;15;5;18;14;15;11;20;17;15;13;15;15;9;8;13;17;13;17;18;17;7;14;15;20;22;17;16;17;13;16;26;21;25;19;19;24;22;29;22;19;23;29;24;23;23;15;21;28;13;12;18;16;23;19;22;15;12;11;11;16;20;22;21;15;24;15;20;14;17;17;12;9;3;6;6;8;4;2;1;4;0;0;2;1
088005;Ispica;61;45;42;61;63;50;62;51;57;68;54;60;73;66;69;80;59;75;76;78;87;71;75;79;79;88;86;93;77;90;77;81;80;82;73;78;88;93;83;88;89;91;104;110;86;91;127;118;111;94;117;132;111;78;101;97;101;119;131;102;108;85;96;83;87;88;95;77;76;109;101;101;101;76;75;62;69;86;87;85;64;47;56;51;43;30;32;37;30;22;22;18;9;11;9;7;4;3;3;2;0
088006;Modica;190;193;218;219;216;217;233;266;276;259;269;263;264;250;289;278;256;295;300;285;280;289;268;311;288;327;272;271;305;318;353;321;318;308;285;347;332;327;317;328;345;354;385;396;430;350;390;377;372;404;418;376;382;392;392;384;428;370;389;303;362;287;348;302;325;310;315;323;282;319;336;307;289;217;237;231;231;223;269;263;226;190;207;185;152;144;165;156;121;108;93;88;66;61;45;31;32;19;8;1;11
088007;Monterosso Almo;12;9;8;11;6;9;9;11;5;11;13;18;9;9;10;17;20;16;20;18;10;6;18;19;11;17;16;15;19;12;14;16;15;12;14;13;11;16;15;13;20;17;24;21;23;24;19;15;13;14;25;24;29;20;22;26;23;19;24;24;19;19;14;24;18;18;24;23;14;13;20;24;20;19;13;16;16;9;21;15;19;19;15;18;18;9;8;6;6;4;14;6;8;2;3;1;0;3;0;1;0
088008;Pozzallo;73;93;90;72;99;78;91;90;79;103;85;77;92;80;91;107;77;83;97;100;111;110;87;96;96;111;107;97;111;114;126;114;126;115;132;133;129;131;121;120;97;130;137;134;123;144;130;141;129;106;152;134;136;139;127;132;145;131;123;124;123;122;111;130;139;136;115;94;120;127;116;106;97;85;75;62;74;75;87;80;67;64;58;50;45;39;41;35;37;20;17;11;18;6;10;8;8;8;1;1;5
088009;Ragusa;227;246;242;256;261;277;267;291;287;298;297;317;318;275;274;327;309;332;294;285;304;301;330;317;337;349;357;346;344;296;354;351;344;338;384;387;396;400;425;427;457;448;520;518;531;546;516;512;509;518;522;543;506;514;528;538;487;554;508;523;493;464;484;439;495;453;400;391;404;440;521;524;418;340;319;318;297;340;380;415;357;323;306;282;270;243;240;204;189;176;126;104;84;86;57;41;28;27;12;4;11
088010;Santa Croce Camerina;26;29;32;30;22;26;33;37;29;43;34;28;34;29;34;31;39;35;31;35;47;42;57;41;49;42;48;52;50;50;56;51;43;50;49;47;51;51;57;55;51;37;50;57;77;63;57;71;73;52;68;61;60;65;58;64;60;67;77;55;53;45;65;48;60;51;53;57;39;61;51;68;43;41;46;39;31;34;44;35;40;37;35;34;30;30;22;21;24;13;12;11;11;4;7;3;2;0;1;1;0
088011;Scicli;96;108;105;101;79;92;118;101;95;106;133;114;123;141;129;99;127;122;120;134;110;136;130;149;121;133;132;151;119;124;132;133;119;125;138;136;127;141;139;134;167;185;160;180;175;164;172;196;208;204;204;215;182;184;166;170;176;158;177;159;151;175;163;160;141;142;157;148;154;141;172;155;149;155;115;111;117;122;140;135;139;111;103;92;81;93;93;78;64;42;53;40;27;23;12;16;11;11;5;2;5
088012;Vittoria;234;285;234;265;254;261;293;248;295;300;324;281;275;301;314;307;321;288;322;343;340;357;351;331;296;375;357;369;343;324;329;344;331;351;357;335;361;346;382;364;362;366;408;392;446;398;404;447;363;407;409;441;482;411;392;420;376;381;406;400;344;337;355;320;363;282;301;302;331;338;308;337;287;226;213;235;215;247;262;252;206;167;195;186;171;148;128;116;104;85;74;52;42;37;27;23;14;12;8;7;8
;Totale;1108;1166;1138;1195;1181;1180;1277;1286;1321;1437;1395;1347;1374;1353;1424;1451;1437;1500;1486;1516;1522;1574;1578;1624;1529;1720;1646;1650;1637;1564;1648;1687;1650;1625;1715;1737;1764;1768;1814;1784;1909;1926;2113;2122;2224;2115;2113;2240;2108;2179;2281;2272;2242;2163;2128;2188;2133;2134;2180;2043;1936;1850;1927;1812;1933;1746;1704;1698;1668;1846;1922;1925;1659;1342;1292;1268;1272;1337;1537;1495;1334;1148;1166;1064;976;876;863;784;692;543;492;396;315;271;201;155;124;97;41;26;48

"Ricostruzione della popolazione intercensuaria - Popolazione al 1° gennaio per età"
"Cittadinanza straniera - Anno: 2002 - Provincia: Ragusa"
Territorio/Età;;0;1;2;3;4;5;6;7;8;9;10;11;12;13;14;15;16;17;18;19;20;21;22;23;24;25;26;27;28;29;30;31;32;33;34;35;36;37;38;39;40;41;42;43;44;45;46;47;48;49;50;51;52;53;54;55;56;57;58;59;60;61;62;63;64;65;66;67;68;69;70;71;72;73;74;75;76;77;78;79;80;81;82;83;84;85;86;87;88;89;90;91;92;93;94;95;96;97;98;99;100
Codice comune;Comune;Totale
088001;Acate;8;8;7;4;2;6;4;8;2;7;0;3;2;5;2;1;2;2;4;1;2;5;4;2;4;8;8;8;13;13;15;7;17;8;13;14;14;18;10;11;7;6;11;5;5;4;6;1;3;4;8;2;1;0;3;0;2;1;2;1;1;0;1;0;0;1;0;0;0;0;0;0;0;1;1;0;0;0;0;0;0;1;0;0;0;0;0;0;0;0;0;0;0;0;0;0;0;0;0;0;0
088002;Chiaramonte Gulfi;2;1;2;0;2;3;2;2;3;3;3;3;1;5;1;0;1;2;1;1;0;1;0;0;1;2;0;4;3;4;4;2;5;4;2;4;3;4;3;6;4;4;3;1;2;1;0;3;1;1;0;2;1;0;0;0;0;0;1;1;0;0;0;0;0;0;0;0;0;0;0;0;0;0;1;0;0;0;0;0;0;0;0;0;0;0;1;0;0;0;0;0;0;0;0;0;0;0;0;0;0
088003;Comiso;26;11;15;10;15;16;12;12;18;9;11;5;6;5;1;8;0;2;3;1;3;2;4;7;8;12;16;10;25;24;18;14;15;19;21;32;22;25;14;24;21;14;14;9;9;6;6;7;5;9;6;4;2;1;5;8;1;2;2;1;3;0;1;3;2;3;1;1;1;0;1;0;2;1;2;2;0;1;1;0;1;0;0;1;0;1;0;0;0;0;0;0;0;0;0;0;0;0;0;0;0
088004;Giarratana;0;1;1;0;2;2;2;1;0;1;2;0;2;1;1;1;0;1;0;0;0;0;0;0;2;0;0;0;4;3;1;0;1;1;3;1;0;3;0;0;1;0;0;0;0;0;1;1;0;2;1;0;0;0;0;0;0;1;0;0;0;0;1;0;1;0;0;0;0;0;0;0;0;0;0;0;0;0;0;0;0;0;0;0;0;0;0;0;0;0;0;0;0;0;0;0;0;0;0;0;0
088005;Ispica;5;2;0;4;2;0;3;4;3;1;1;1;1;2;1;0;0;1;1;1;1;2;2;4;4;1;4;3;6;8;6;2;5;11;4;5;2;6;4;7;5;1;1;8;2;3;1;3;2;2;1;3;0;1;2;3;3;1;1;3;0;2;2;0;0;0;0;0;0;0;0;0;0;0;2;0;1;1;1;0;0;0;0;0;0;0;0;0;0;0;0;0;0;0;0;0;0;0;0;0;0
088006;Modica;11;8;9;16;4;9;12;9;12;4;6;7;2;2;3;4;2;2;7;7;7;5;8;2;10;13;19;15;19;21;18;26;17;19;26;16;19;18;18;13;11;12;10;14;7;9;9;7;4;8;7;6;4;4;6;5;4;1;3;0;5;1;0;1;3;1;2;1;1;1;1;0;1;0;0;0;0;2;0;0;0;0;0;1;0;1;0;0;0;0;0;0;0;0;1;0;0;0;0;0;0
088007;Monterosso Almo;0;0;0;0;0;0;0;0;0;0;1;0;0;0;0;1;0;1;0;1;0;0;0;0;0;0;0;0;0;0;0;1;0;1;0;0;0;0;0;1;1;1;0;0;0;0;0;1;1;0;0;0;0;0;0;0;0;0;0;0;0;0;0;0;0;0;0;0;0;0;0;0;0;0;0;0;0;0;0;0;0;0;0;0;0;0;0;0;0;0;0;0;0;0;0;0;0;0;0;0;0
088008;Pozzallo;2;3;1;2;3;1;3;0;2;3;2;2;0;2;2;2;0;2;1;1;1;0;2;3;1;2;7;1;0;3;6;6;2;7;7;1;4;5;7;6;0;5;6;5;4;1;2;4;2;1;1;1;0;0;1;1;2;0;0;0;1;1;1;0;0;0;0;0;0;0;0;0;0;0;0;0;0;0;0;1;0;0;0;0;0;0;0;0;0;0;0;0;0;0;0;0;0;0;0;0;0
088009;Ragusa;15;13;14;10;25;15;12;24;10;12;15;9;11;12;7;10;2;13;9;6;5;8;11;11;18;16;27;21;47;30;33;34;35;39;35;25;20;29;34;27;30;28;29;21;21;15;15;14;9;10;9;7;6;5;4;9;3;6;3;5;9;3;4;2;5;6;4;3;4;4;1;1;2;0;0;2;3;1;0;0;4;3;3;0;2;0;1;0;0;0;1;0;0;0;0;0;0;0;0;0;0
088010;Santa Croce Camerina;16;8;15;11;13;13;11;8;6;10;6;2;4;4;5;4;5;4;7;5;4;2;7;8;10;13;26;20;24;15;15;24;30;31;19;30;26;29;26;19;11;24;13;10;17;5;6;12;7;4;8;5;2;3;6;3;2;4;0;2;2;2;4;3;3;1;0;1;0;1;0;1;0;0;0;0;1;0;1;0;0;0;0;0;0;0;0;0;0;0;0;0;0;0;0;0;0;0;0;0;0
088011;Scicli;9;9;14;13;2;8;8;8;6;6;7;3;3;5;8;2;3;5;5;0;6;5;8;5;6;11;15;10;11;12;15;12;14;18;12;14;17;9;8;9;8;7;9;4;5;3;4;4;3;4;1;0;1;4;0;1;2;1;3;1;2;3;2;1;2;0;2;0;1;1;1;1;2;1;0;0;0;2;0;0;0;0;0;0;0;0;0;0;0;0;0;0;0;0;0;0;0;0;0;0;0
088012;Vittoria;28;14;16;11;17;16;12;13;16;12;7;7;7;8;2;2;5;2;4;8;4;4;11;16;22;16;35;32;35;49;41;48;70;59;75;78;62;62;42;47;35;46;29;21;17;16;17;14;12;5;10;9;6;5;3;11;3;3;2;5;2;0;7;4;3;7;3;1;3;6;2;2;2;0;0;0;1;0;1;2;1;0;1;0;0;0;0;1;1;2;0;2;0;0;0;0;0;0;0;0;0
;Totale;122;78;94;81;87;89;81;89;78;68;61;42;39;51;33;35;20;37;42;32;33;34;57;58;86;94;157;124;187;182;172;176;211;217;217;220;189;208;166;170;134;148;125;98;89;63;67;71;49;50;52;39;23;23;30;41;22;20;17;19;25;12;23;14;19;19;12;7;10;13;6;5;9;3;6;4;6;7;4;3;6;4;4;2;2;2;2;1;1;2;1;2;0;0;1;0;0;0;0;0;0
Territorio/Età;;0;1;2;3;4;5;6;7;8;9;10;11;12;13;14;15;16;17;18;19;20;21;22;23;24;25;26;27;28;29;30;31;32;33;34;35;36;37;38;39;40;41;42;43;44;45;46;47;48;49;50;51;52;53;54;55;56;57;58;59;60;61;62;63;64;65;66;67;68;69;70;71;72;73;74;75;76;77;78;79;80;81;82;83;84;85;86;87;88;89;90;91;92;93;94;95;96;97;98;99;100
Codice comune;Comune;Maschi
088001;Acate;4;4;5;1;2;3;3;3;1;5;0;1;2;3;2;0;1;1;1;0;2;3;1;1;3;2;6;4;9;7;11;6;13;7;9;12;10;12;7;10;6;6;8;5;5;1;5;1;3;3;8;1;1;0;2;0;2;0;1;1;1;0;1;0;0;1;0;0;0;0;0;0;0;1;1;0;0;0;0;0;0;1;0;0;0;0;0;0;0;0;0;0;0;0;0;0;0;0;0;0;0
088002;Chiaramonte Gulfi;0;0;1;0;1;3;1;2;2;0;3;1;1;3;0;0;1;2;1;0;0;1;0;0;0;0;0;1;1;2;2;1;3;4;1;3;2;1;2;3;3;3;1;1;2;1;0;2;0;1;0;0;1;0;0;0;0;0;0;0;0;0;0;0;0;0;0;0;0;0;0;0;0;0;0;0;0;0;0;0;0;0;0;0;0;0;1;0;0;0;0;0;0;0;0;0;0;0;0;0;0
088003;Comiso;14;5;10;5;7;7;4;11;10;5;7;2;1;3;1;5;0;2;2;0;1;0;1;4;3;3;7;3;10;12;10;5;11;15;11;26;15;18;12;21;11;8;10;6;9;2;4;3;2;6;5;1;1;0;4;5;0;1;1;1;0;0;1;2;0;1;0;0;0;0;0;0;1;0;2;1;0;1;1;0;1;0;0;1;0;0;0;0;0;0;0;0;0;0;0;0;0;0;0;0;0
088004;Giarratana;0;0;1;0;1;2;1;0;0;1;2;0;1;0;0;1;0;0;0;0;0;0;0;0;1;0;0;0;0;3;0;0;0;0;1;1;0;1;0;0;1;0;0;0;0;0;1;0;0;1;1;0;0;0;0;0;0;0;0;0;0;0;0;0;0;0;0;0;0;0;0;0;0;0;0;0;0;0;0;0;0;0;0;0;0;0;0;0;0;0;0;0;0;0;0;0;0;0;0;0;0
088005;Ispica;1;1;0;2;0;0;2;1;1;1;1;1;0;1;1;0;0;0;1;0;0;0;0;1;3;1;2;3;3;5;4;1;2;6;1;5;2;5;4;5;2;1;1;4;2;3;0;2;1;0;0;1;0;1;1;0;0;1;0;3;0;2;0;0;0;0;0;0;0;0;0;0;0;0;1;0;1;1;0;0;0;0;0;0;0;0;0;0;0;0;0;0;0;0;0;0;0;0;0;0;0
088006;Modica;7;7;4;9;3;5;7;4;7;2;4;0;1;1;2;4;0;2;4;5;5;5;2;0;5;7;9;8;9;13;12;14;10;12;19;12;12;12;9;8;6;9;2;5;5;3;6;4;3;3;4;6;1;2;2;1;2;1;2;0;1;1;0;1;1;1;1;0;0;1;0;0;1;0;0;0;0;0;0;0;0;0;0;0;0;0;0;0;0;0;0;0;0;0;1;0;0;0;0;0;0
088007;Monterosso Almo;0;0;0;0;0;0;0;0;0;0;0;0;0;0;0;1;0;1;0;0;0;0;0;0;0;0;0;0;0;0;0;0;0;0;0;0;0;0;0;0;0;1;0;0;0;0;0;1;0;0;0;0;0;0;0;0;0;0;0;0;0;0;0;0;0;0;0;0;0;0;0;0;0;0;0;0;0;0;0;0;0;0;0;0;0;0;0;0;0;0;0;0;0;0;0;0;0;0;0;0;0
088008;Pozzallo;0;2;1;1;3;1;3;0;0;2;0;2;0;1;2;1;0;0;1;0;0;0;1;1;0;1;2;1;0;1;3;1;1;5;3;1;2;2;4;4;0;4;4;2;2;1;2;1;1;1;1;1;0;0;0;0;1;0;0;0;1;1;0;0;0;0;0;0;0;0;0;0;0;0;0;0;0;0;0;0;0;0;0;0;0;0;0;0;0;0;0;0;0;0;0;0;0;0;0;0;0
088009;Ragusa;11;6;9;3;13;11;5;9;2;5;9;4;8;4;2;7;0;8;6;4;3;4;3;2;11;7;15;9;26;20;19;22;30;19;18;14;14;19;19;16;16;18;21;17;17;8;11;8;6;5;6;5;3;1;1;5;2;3;2;2;3;0;2;2;2;3;1;1;2;2;0;1;2;0;0;0;0;0;0;0;1;2;1;0;2;0;0;0;0;0;0;0;0;0;0;0;0;0;0;0;0
088010;Santa Croce Camerina;7;6;9;4;6;5;7;4;1;4;5;0;1;3;3;3;3;3;5;4;3;1;5;6;7;7;16;17;18;12;12;19;27;27;17;23;22;28;22;17;9;23;11;10;15;5;6;11;7;4;8;4;2;2;5;3;2;4;0;2;2;2;4;2;1;1;0;0;0;0;0;1;0;0;0;0;1;0;0;0;0;0;0;0;0;0;0;0;0;0;0;0;0;0;0;0;0;0;0;0;0
088011;Scicli;4;4;6;9;2;5;4;5;2;6;3;2;1;2;6;1;2;2;0;0;3;3;4;4;2;6;10;5;6;5;12;8;7;16;8;11;9;7;4;5;3;3;7;4;4;1;3;2;2;4;1;0;0;3;0;0;1;1;2;1;1;1;0;0;1;0;0;0;0;0;1;1;1;0;0;0;0;0;0;0;0;0;0;0;0;0;0;0;0;0;0;0;0;0;0;0;0;0;0;0;0
088012;Vittoria;9;7;9;7;9;8;7;9;9;5;2;2;3;3;2;2;5;0;1;2;1;2;6;9;13;8;21;20;24;35;30;40;53;49;64;67;51;53;32;42;29;42;28;16;15;13;12;10;11;3;7;6;5;3;0;7;1;1;1;2;1;0;2;1;1;3;2;1;1;5;1;0;1;0;0;0;1;0;0;1;1;0;1;0;0;0;0;1;0;1;0;1;0;0;0;0;0;0;0;0;0
;Totale;57;42;55;41;47;50;44;48;35;36;36;15;19;24;21;25;12;21;22;15;18;19;23;28;48;42;88;71;106;115;115;117;157;160;152;175;139;158;115;131;86;118;93;70;76;38;50;45;36;31;41;25;14;12;15;21;11;12;9;12;10;7;10;8;6;10;4;2;3;8;2;3;6;1;4;1;3;2;1;1;3;3;2;1;2;0;1;1;0;1;0;1;0;0;1;0;0;0;0;0;0
Territorio/Età;;0;1;2;3;4;5;6;7;8;9;10;11;12;13;14;15;16;17;18;19;20;21;22;23;24;25;26;27;28;29;30;31;32;33;34;35;36;37;38;39;40;41;42;43;44;45;46;47;48;49;50;51;52;53;54;55;56;57;58;59;60;61;62;63;64;65;66;67;68;69;70;71;72;73;74;75;76;77;78;79;80;81;82;83;84;85;86;87;88;89;90;91;92;93;94;95;96;97;98;99;100
Codice comune;Comune;Femmine
088001;Acate;4;4;2;3;0;3;1;5;1;2;0;2;0;2;0;1;1;1;3;1;0;2;3;1;1;6;2;4;4;6;4;1;4;1;4;2;4;6;3;1;1;0;3;0;0;3;1;0;0;1;0;1;0;0;1;0;0;1;1;0;0;0;0;0;0;0;0;0;0;0;0;0;0;0;0;0;0;0;0;0;0;0;0;0;0;0;0;0;0;0;0;0;0;0;0;0;0;0;0;0;0
088002;Chiaramonte Gulfi;2;1;1;0;1;0;1;0;1;3;0;2;0;2;1;0;0;0;0;1;0;0;0;0;1;2;0;3;2;2;2;1;2;0;1;1;1;3;1;3;1;1;2;0;0;0;0;1;1;0;0;2;0;0;0;0;0;0;1;1;0;0;0;0;0;0;0;0;0;0;0;0;0;0;1;0;0;0;0;0;0;0;0;0;0;0;0;0;0;0;0;0;0;0;0;0;0;0;0;0;0
088003;Comiso;12;6;5;5;8;9;8;1;8;4;4;3;5;2;0;3;0;0;1;1;2;2;3;3;5;9;9;7;15;12;8;9;4;4;10;6;7;7;2;3;10;6;4;3;0;4;2;4;3;3;1;3;1;1;1;3;1;1;1;0;3;0;0;1;2;2;1;1;1;0;1;0;1;1;0;1;0;0;0;0;0;0;0;0;0;1;0;0;0;0;0;0;0;0;0;0;0;0;0;0;0
088004;Giarratana;0;1;0;0;1;0;1;1;0;0;0;0;1;1;1;0;0;1;0;0;0;0;0;0;1;0;0;0;4;0;1;0;1;1;2;0;0;2;0;0;0;0;0;0;0;0;0;1;0;1;0;0;0;0;0;0;0;1;0;0;0;0;1;0;1;0;0;0;0;0;0;0;0;0;0;0;0;0;0;0;0;0;0;0;0;0;0;0;0;0;0;0;0;0;0;0;0;0;0;0;0
088005;Ispica;4;1;0;2;2;0;1;3;2;0;0;0;1;1;0;0;0;1;0;1;1;2;2;3;1;0;2;0;3;3;2;1;3;5;3;0;0;1;0;2;3;0;0;4;0;0;1;1;1;2;1;2;0;0;1;3;3;0;1;0;0;0;2;0;0;0;0;0;0;0;0;0;0;0;1;0;0;0;1;0;0;0;0;0;0;0;0;0;0;0;0;0;0;0;0;0;0;0;0;0;0
088006;Modica;4;1;5;7;1;4;5;5;5;2;2;7;1;1;1;0;2;0;3;2;2;0;6;2;5;6;10;7;10;8;6;12;7;7;7;4;7;6;9;5;5;3;8;9;2;6;3;3;1;5;3;0;3;2;4;4;2;0;1;0;4;0;0;0;2;0;1;1;1;0;1;0;0;0;0;0;0;2;0;0;0;0;0;1;0;1;0;0;0;0;0;0;0;0;0;0;0;0;0;0;0
088007;Monterosso Almo;0;0;0;0;0;0;0;0;0;0;1;0;0;0;0;0;0;0;0;1;0;0;0;0;0;0;0;0;0;0;0;1;0;1;0;0;0;0;0;1;1;0;0;0;0;0;0;0;1;0;0;0;0;0;0;0;0;0;0;0;0;0;0;0;0;0;0;0;0;0;0;0;0;0;0;0;0;0;0;0;0;0;0;0;0;0;0;0;0;0;0;0;0;0;0;0;0;0;0;0;0
088008;Pozzallo;2;1;0;1;0;0;0;0;2;1;2;0;0;1;0;1;0;2;0;1;1;0;1;2;1;1;5;0;0;2;3;5;1;2;4;0;2;3;3;2;0;1;2;3;2;0;0;3;1;0;0;0;0;0;1;1;1;0;0;0;0;0;1;0;0;0;0;0;0;0;0;0;0;0;0;0;0;0;0;1;0;0;0;0;0;0;0;0;0;0;0;0;0;0;0;0;0;0;0;0;0
088009;Ragusa;4;7;5;7;12;4;7;15;8;7;6;5;3;8;5;3;2;5;3;2;2;4;8;9;7;9;12;12;21;10;14;12;5;20;17;11;6;10;15;11;14;10;8;4;4;7;4;6;3;5;3;2;3;4;3;4;1;3;1;3;6;3;2;0;3;3;3;2;2;2;1;0;0;0;0;2;3;1;0;0;3;1;2;0;0;0;1;0;0;0;1;0;0;0;0;0;0;0;0;0;0
088010;Santa Croce Camerina;9;2;6;7;7;8;4;4;5;6;1;2;3;1;2;1;2;1;2;1;1;1;2;2;3;6;10;3;6;3;3;5;3;4;2;7;4;1;4;2;2;1;2;0;2;0;0;1;0;0;0;1;0;1;1;0;0;0;0;0;0;0;0;1;2;0;0;1;0;1;0;0;0;0;0;0;0;0;1;0;0;0;0;0;0;0;0;0;0;0;0;0;0;0;0;0;0;0;0;0;0
088011;Scicli;5;5;8;4;0;3;4;3;4;0;4;1;2;3;2;1;1;3;5;0;3;2;4;1;4;5;5;5;5;7;3;4;7;2;4;3;8;2;4;4;5;4;2;0;1;2;1;2;1;0;0;0;1;1;0;1;1;0;1;0;1;2;2;1;1;0;2;0;1;1;0;0;1;1;0;0;0;2;0;0;0;0;0;0;0;0;0;0;0;0;0;0;0;0;0;0;0;0;0;0;0
088012;Vittoria;19;7;7;4;8;8;5;4;7;7;5;5;4;5;0;0;0;2;3;6;3;2;5;7;9;8;14;12;11;14;11;8;17;10;11;11;11;9;10;5;6;4;1;5;2;3;5;4;1;2;3;3;1;2;3;4;2;2;1;3;1;0;5;3;2;4;1;0;2;1;1;2;1;0;0;0;0;0;1;1;0;0;0;0;0;0;0;0;1;1;0;1;0;0;0;0;0;0;0;0;0
;Totale;65;36;39;40;40;39;37;41;43;32;25;27;20;27;12;10;8;16;20;17;15;15;34;30;38;52;69;53;81;67;57;59;54;57;65;45;50;50;51;39;48;30;32;28;13;25;17;26;13;19;11;14;9;11;15;20;11;8;8;7;15;5;13;6;13;9;8;5;7;5;4;2;3;2;2;3;3;5;3;2;3;1;2;1;0;2;1;0;1;1;1;1;0;0;0;0;0;0;0;0;0

"Ricostruzione della popolazione intercensuaria - Popolazione al 1° gennaio per età"
"Cittadinanza straniera - Anno: 2003 - Provincia: Ragusa"
Territorio/Età;;0;1;2;3;4;5;6;7;8;9;10;11;12;13;14;15;16;17;18;19;20;21;22;23;24;25;26;27;28;29;30;31;32;33;34;35;36;37;38;39;40;41;42;43;44;45;46;47;48;49;50;51;52;53;54;55;56;57;58;59;60;61;62;63;64;65;66;67;68;69;70;71;72;73;74;75;76;77;78;79;80;81;82;83;84;85;86;87;88;89;90;91;92;93;94;95;96;97;98;99;100
Codice comune;Comune;Totale
088001;Acate;11;7;6;5;4;3;6;4;8;2;7;0;3;1;4;0;0;0;0;2;1;0;3;2;0;1;8;6;5;14;14;15;5;18;6;13;11;16;20;10;16;8;6;11;5;4;4;5;1;2;4;8;2;1;0;3;0;3;0;2;1;1;1;1;1;0;0;0;0;0;0;0;0;0;1;1;0;0;0;0;0;0;1;0;0;0;0;0;0;0;0;0;0;0;0;0;0;0;0;0;0
088002;Chiaramonte Gulfi;1;2;0;2;0;1;3;2;2;3;2;3;3;0;5;1;0;1;2;2;1;0;1;0;1;1;2;0;3;4;8;5;3;3;5;2;4;3;3;3;6;5;3;3;1;1;1;0;3;0;1;0;2;1;0;1;0;0;0;1;1;0;0;0;0;0;0;0;0;0;0;0;0;0;0;1;0;0;0;0;0;0;0;0;1;0;0;1;0;0;0;0;0;0;0;0;0;0;0;0;0
088003;Comiso;13;26;12;18;10;14;18;11;10;14;7;9;4;5;2;0;7;0;0;0;0;0;0;3;4;5;10;16;9;23;23;13;10;12;16;20;27;20;23;14;24;20;13;8;8;8;3;6;6;5;5;7;3;2;1;4;8;2;2;2;1;4;0;1;3;2;3;2;1;1;0;1;0;2;1;2;2;0;2;1;0;1;0;1;1;0;1;0;0;0;0;0;0;0;0;0;0;0;0;0;0
088004;Giarratana;2;1;1;2;0;2;0;3;1;1;0;1;0;1;1;1;1;0;1;0;0;0;0;0;0;2;1;0;0;3;2;1;0;2;0;2;1;0;3;0;0;0;0;0;0;0;0;1;1;1;1;1;0;0;0;0;0;0;1;0;0;0;0;2;0;0;0;0;0;0;0;0;0;0;0;0;0;0;0;0;0;0;0;0;0;0;0;0;0;1;0;0;0;0;0;0;0;0;0;0;0
088005;Ispica;4;5;3;2;3;1;2;2;4;5;2;0;0;1;1;1;1;3;1;0;0;0;3;1;3;3;0;6;2;4;8;4;5;7;11;4;6;4;8;2;8;5;0;3;5;3;2;1;4;1;2;1;1;1;0;2;3;3;1;2;4;0;2;2;0;0;0;0;0;0;0;0;0;0;0;1;0;1;1;1;0;0;0;0;0;0;0;0;0;0;0;0;0;0;0;1;0;0;0;0;0
088006;Modica;13;8;9;6;16;4;9;12;8;13;3;8;9;5;3;1;3;2;2;7;6;6;4;2;0;6;9;17;17;16;22;17;22;17;20;24;17;17;13;20;14;10;12;11;11;5;7;9;6;7;7;7;5;4;4;4;3;4;1;3;0;3;1;1;0;2;1;1;1;1;1;1;0;2;0;0;0;0;2;0;0;0;0;0;1;0;1;0;0;0;0;0;0;0;0;1;0;0;0;0;0
088007;Monterosso Almo;0;0;1;0;1;0;0;0;0;0;0;1;0;0;0;0;1;0;1;0;1;0;0;0;0;0;3;0;0;0;0;0;3;1;2;0;0;0;0;0;1;0;0;0;0;0;0;0;0;0;0;0;0;0;0;0;0;0;0;0;0;0;0;0;0;0;0;0;0;0;0;0;0;0;0;0;0;0;0;0;0;0;0;0;0;0;0;0;0;0;0;0;0;0;0;0;0;0;0;0;0
088008;Pozzallo;3;2;3;1;2;3;1;3;1;3;4;0;1;1;0;2;1;0;2;2;1;1;1;2;4;3;3;6;0;2;2;5;6;5;4;6;1;3;5;6;7;1;4;4;5;3;2;1;3;1;0;0;1;0;0;2;0;1;0;0;1;1;0;1;0;0;0;1;0;0;0;0;0;0;0;0;0;0;0;0;1;0;0;0;0;0;0;0;0;0;0;0;0;0;0;0;0;0;0;0;0
088009;Ragusa;28;12;13;15;11;27;15;12;24;10;11;13;7;7;12;4;6;2;17;4;4;0;4;15;11;18;14;25;24;45;28;30;29;33;38;31;26;16;27;32;28;31;26;28;18;23;13;12;11;7;8;7;6;6;3;4;7;4;4;2;4;8;3;5;2;4;5;3;3;4;2;1;1;2;0;0;1;1;1;0;0;2;2;2;0;2;0;1;0;0;0;1;0;0;0;0;0;0;0;0;0
088010;Santa Croce Camerina;21;17;8;16;11;13;12;11;8;6;11;7;2;2;4;3;6;5;10;9;6;3;2;6;7;9;15;27;17;22;15;20;22;31;30;17;32;27;25;27;17;11;24;13;15;16;5;6;12;8;5;8;5;2;4;6;3;2;4;0;2;3;2;4;3;3;3;1;1;0;1;0;1;0;0;0;0;1;0;1;0;0;0;1;0;0;0;0;0;0;0;0;0;0;0;0;0;0;0;0;0
088011;Scicli;9;8;7;14;13;0;7;5;8;5;5;7;1;1;3;7;3;3;3;4;0;4;5;6;4;4;10;11;8;12;10;18;15;9;15;12;15;12;9;8;7;4;4;6;3;5;2;4;3;2;4;1;0;2;4;0;1;2;1;3;1;2;3;2;1;2;0;2;0;1;1;1;1;2;1;0;0;0;2;0;0;0;0;0;0;0;0;0;0;0;0;0;0;0;0;0;0;0;0;0;0
088012;Vittoria;41;27;14;16;11;15;18;13;14;14;11;4;6;8;6;2;0;6;3;4;10;4;7;9;13;20;12;26;28;30;42;37;39;60;54;61;68;57;56;42;43;34;46;28;20;16;12;17;14;10;5;8;10;6;4;3;10;4;3;2;5;2;0;6;4;3;5;3;0;2;5;2;2;1;0;0;1;1;0;1;1;0;0;1;0;0;0;0;1;1;2;0;2;0;0;0;0;0;0;0;0
;Totale;146;115;77;97;82;83;91;78;88;76;63;53;36;32;41;22;29;22;42;34;30;18;30;46;47;72;87;140;113;175;174;165;159;198;201;192;208;175;192;164;171;129;138;115;91;84;51;62;64;44;42;48;35;25;20;29;35;25;17;17;20;24;12;25;14;16;17;13;6;9;10;6;5;9;3;5;4;4;8;4;2;3;3;5;3;2;2;2;1;2;2;1;2;0;0;2;0;0;0;0;0
Territorio/Età;;0;1;2;3;4;5;6;7;8;9;10;11;12;13;14;15;16;17;18;19;20;21;22;23;24;25;26;27;28;29;30;31;32;33;34;35;36;37;38;39;40;41;42;43;44;45;46;47;48;49;50;51;52;53;54;55;56;57;58;59;60;61;62;63;64;65;66;67;68;69;70;71;72;73;74;75;76;77;78;79;80;81;82;83;84;85;86;87;88;89;90;91;92;93;94;95;96;97;98;99;100
Codice comune;Comune;Maschi
088001;Acate;4;3;4;3;1;3;3;3;3;1;5;0;1;1;3;0;0;0;0;0;0;0;2;0;0;1;0;3;1;9;6;10;3;13;5;9;9;10;16;7;13;6;6;7;5;4;1;4;1;2;3;8;1;1;0;2;0;3;0;1;1;1;0;1;0;0;0;0;0;0;0;0;0;0;1;1;0;0;0;0;0;0;1;0;0;0;0;0;0;0;0;0;0;0;0;0;0;0;0;0;0
088002;Chiaramonte Gulfi;1;0;0;1;0;1;3;1;2;2;0;3;1;0;3;0;0;1;2;1;0;0;1;0;1;0;0;0;0;2;4;3;2;2;5;1;3;2;1;2;3;3;3;1;1;1;1;0;2;0;1;0;0;1;0;1;0;0;0;0;0;0;0;0;0;0;0;0;0;0;0;0;0;0;0;0;0;0;0;0;0;0;0;0;0;0;0;1;0;0;0;0;0;0;0;0;0;0;0;0;0
088003;Comiso;10;14;6;12;6;6;7;3;9;8;3;5;1;0;0;0;5;0;0;0;0;0;0;0;2;1;2;6;1;11;8;8;2;9;11;11;21;15;17;11;21;11;8;6;6;8;1;4;3;3;4;6;0;1;0;3;6;1;1;1;1;1;0;1;2;0;1;0;0;0;0;0;0;1;0;2;1;0;1;1;0;1;0;1;1;0;0;0;0;0;0;0;0;0;0;0;0;0;0;0;0
088004;Giarratana;0;0;0;2;0;1;0;2;0;1;0;1;0;1;0;0;1;0;0;0;0;0;0;0;0;1;0;0;0;0;2;0;0;0;0;1;1;0;1;0;0;0;0;0;0;0;0;1;0;0;1;1;0;0;0;0;0;0;0;0;0;0;0;0;0;0;0;0;0;0;0;0;0;0;0;0;0;0;0;0;0;0;0;0;0;0;0;0;0;0;0;0;0;0;0;0;0;0;0;0;0
088005;Ispica;3;1;2;1;1;0;0;1;1;3;1;0;0;0;0;1;1;3;0;0;0;0;0;0;0;3;0;4;2;1;4;3;4;4;9;2;6;4;7;2;6;3;0;3;2;2;2;0;3;1;0;0;0;1;0;1;0;0;1;0;4;0;2;0;0;0;0;0;0;0;0;0;0;0;0;0;0;1;1;0;0;0;0;0;0;0;0;0;0;0;0;0;0;0;0;0;0;0;0;0;0
088006;Modica;6;5;8;2;9;3;5;8;4;9;2;5;2;3;2;1;3;1;2;4;4;4;4;0;0;2;3;6;6;7;13;10;13;10;13;18;14;12;10;11;8;6;9;1;4;4;1;7;4;6;3;5;5;1;2;1;1;2;1;2;0;1;1;0;0;1;1;0;0;0;1;0;0;2;0;0;0;0;0;0;0;0;0;0;0;0;0;0;0;0;0;0;0;0;0;1;0;0;0;0;0
088007;Monterosso Almo;0;0;1;0;1;0;0;0;0;0;0;0;0;0;0;0;1;0;1;0;0;0;0;0;0;0;1;0;0;0;0;0;2;1;1;0;0;0;0;0;0;0;0;0;0;0;0;0;0;0;0;0;0;0;0;0;0;0;0;0;0;0;0;0;0;0;0;0;0;0;0;0;0;0;0;0;0;0;0;0;0;0;0;0;0;0;0;0;0;0;0;0;0;0;0;0;0;0;0;0;0
088008;Pozzallo;0;0;2;1;1;3;1;3;0;0;3;0;1;1;0;2;0;0;0;2;0;0;0;1;2;0;1;1;0;1;0;2;2;3;3;2;1;2;2;4;4;1;3;3;3;2;1;1;1;0;0;0;1;0;0;0;0;1;0;0;1;1;0;0;0;0;0;1;0;0;0;0;0;0;0;0;0;0;0;0;0;0;0;0;0;0;0;0;0;0;0;0;0;0;0;0;0;0;0;0;0
088009;Ragusa;19;9;6;10;5;16;12;5;9;3;5;7;3;5;4;1;3;1;12;2;1;0;2;1;1;13;6;12;9;25;18;18;18;31;19;16;16;11;17;18;17;17;16;20;14;20;8;10;8;4;4;5;4;4;1;2;4;2;2;1;2;3;0;3;2;2;3;1;1;2;2;0;1;2;0;0;0;0;0;0;0;1;1;1;0;2;0;0;0;0;0;0;0;0;0;0;0;0;0;0;0
088010;Santa Croce Camerina;9;8;6;9;4;6;4;7;5;1;5;6;0;1;3;2;6;3;9;5;4;2;0;5;5;6;9;16;16;15;11;17;17;29;25;15;25;23;24;23;16;8;23;11;15;14;5;6;11;8;5;8;4;1;3;5;3;2;4;0;2;2;2;4;2;1;3;0;0;0;0;0;1;0;0;0;0;1;0;0;0;0;0;1;0;0;0;0;0;0;0;0;0;0;0;0;0;0;0;0;0
088011;Scicli;4;4;3;6;9;0;4;4;5;1;4;3;1;0;1;6;3;3;2;0;0;1;0;2;4;0;6;6;3;6;4;11;11;4;14;8;13;6;8;4;4;2;2;4;3;4;0;4;1;2;4;1;0;0;2;0;0;1;1;2;1;1;1;0;0;1;0;0;0;0;0;1;1;1;0;0;0;0;0;0;0;0;0;0;0;0;0;0;0;0;0;0;0;0;0;0;0;0;0;0;0
088012;Vittoria;15;8;7;9;6;9;9;8;10;9;4;0;1;3;1;2;0;5;0;0;5;0;0;3;2;8;1;10;13;20;32;24;29;45;43;50;59;47;48;33;39;28;42;27;16;14;10;13;10;9;3;5;6;5;3;0;6;2;1;1;2;1;0;1;1;2;2;2;0;1;4;1;0;0;0;0;0;1;0;0;0;0;0;1;0;0;0;0;1;0;1;0;1;0;0;0;0;0;0;0;0
;Totale;71;52;45;56;43;48;48;45;48;38;32;30;11;15;17;15;23;17;28;14;14;7;9;12;17;35;29;64;51;97;102;106;103;151;148;133;168;132;151;115;131;85;112;83;69;73;30;50;44;35;28;39;21;15;11;15;20;14;11;8;14;11;6;10;7;7;10;4;1;3;7;2;3;6;1;3;1;3;2;1;0;2;2;4;1;2;0;1;1;0;1;0;1;0;0;1;0;0;0;0;0
Territorio/Età;;0;1;2;3;4;5;6;7;8;9;10;11;12;13;14;15;16;17;18;19;20;21;22;23;24;25;26;27;28;29;30;31;32;33;34;35;36;37;38;39;40;41;42;43;44;45;46;47;48;49;50;51;52;53;54;55;56;57;58;59;60;61;62;63;64;65;66;67;68;69;70;71;72;73;74;75;76;77;78;79;80;81;82;83;84;85;86;87;88;89;90;91;92;93;94;95;96;97;98;99;100
Codice comune;Comune;Femmine
088001;Acate;7;4;2;2;3;0;3;1;5;1;2;0;2;0;1;0;0;0;0;2;1;0;1;2;0;0;8;3;4;5;8;5;2;5;1;4;2;6;4;3;3;2;0;4;0;0;3;1;0;0;1;0;1;0;0;1;0;0;0;1;0;0;1;0;1;0;0;0;0;0;0;0;0;0;0;0;0;0;0;0;0;0;0;0;0;0;0;0;0;0;0;0;0;0;0;0;0;0;0;0;0
088002;Chiaramonte Gulfi;0;2;0;1;0;0;0;1;0;1;2;0;2;0;2;1;0;0;0;1;1;0;0;0;0;1;2;0;3;2;4;2;1;1;0;1;1;1;2;1;3;2;0;2;0;0;0;0;1;0;0;0;2;0;0;0;0;0;0;1;1;0;0;0;0;0;0;0;0;0;0;0;0;0;0;1;0;0;0;0;0;0;0;0;1;0;0;0;0;0;0;0;0;0;0;0;0;0;0;0;0
088003;Comiso;3;12;6;6;4;8;11;8;1;6;4;4;3;5;2;0;2;0;0;0;0;0;0;3;2;4;8;10;8;12;15;5;8;3;5;9;6;5;6;3;3;9;5;2;2;0;2;2;3;2;1;1;3;1;1;1;2;1;1;1;0;3;0;0;1;2;2;2;1;1;0;1;0;1;1;0;1;0;1;0;0;0;0;0;0;0;1;0;0;0;0;0;0;0;0;0;0;0;0;0;0
088004;Giarratana;2;1;1;0;0;1;0;1;1;0;0;0;0;0;1;1;0;0;1;0;0;0;0;0;0;1;1;0;0;3;0;1;0;2;0;1;0;0;2;0;0;0;0;0;0;0;0;0;1;1;0;0;0;0;0;0;0;0;1;0;0;0;0;2;0;0;0;0;0;0;0;0;0;0;0;0;0;0;0;0;0;0;0;0;0;0;0;0;0;1;0;0;0;0;0;0;0;0;0;0;0
088005;Ispica;1;4;1;1;2;1;2;1;3;2;1;0;0;1;1;0;0;0;1;0;0;0;3;1;3;0;0;2;0;3;4;1;1;3;2;2;0;0;1;0;2;2;0;0;3;1;0;1;1;0;2;1;1;0;0;1;3;3;0;2;0;0;0;2;0;0;0;0;0;0;0;0;0;0;0;1;0;0;0;1;0;0;0;0;0;0;0;0;0;0;0;0;0;0;0;1;0;0;0;0;0
088006;Modica;7;3;1;4;7;1;4;4;4;4;1;3;7;2;1;0;0;1;0;3;2;2;0;2;0;4;6;11;11;9;9;7;9;7;7;6;3;5;3;9;6;4;3;10;7;1;6;2;2;1;4;2;0;3;2;3;2;2;0;1;0;2;0;1;0;1;0;1;1;1;0;1;0;0;0;0;0;0;2;0;0;0;0;0;1;0;1;0;0;0;0;0;0;0;0;0;0;0;0;0;0
088007;Monterosso Almo;0;0;0;0;0;0;0;0;0;0;0;1;0;0;0;0;0;0;0;0;1;0;0;0;0;0;2;0;0;0;0;0;1;0;1;0;0;0;0;0;1;0;0;0;0;0;0;0;0;0;0;0;0;0;0;0;0;0;0;0;0;0;0;0;0;0;0;0;0;0;0;0;0;0;0;0;0;0;0;0;0;0;0;0;0;0;0;0;0;0;0;0;0;0;0;0;0;0;0;0;0
088008;Pozzallo;3;2;1;0;1;0;0;0;1;3;1;0;0;0;0;0;1;0;2;0;1;1;1;1;2;3;2;5;0;1;2;3;4;2;1;4;0;1;3;2;3;0;1;1;2;1;1;0;2;1;0;0;0;0;0;2;0;0;0;0;0;0;0;1;0;0;0;0;0;0;0;0;0;0;0;0;0;0;0;0;1;0;0;0;0;0;0;0;0;0;0;0;0;0;0;0;0;0;0;0;0
088009;Ragusa;9;3;7;5;6;11;3;7;15;7;6;6;4;2;8;3;3;1;5;2;3;0;2;14;10;5;8;13;15;20;10;12;11;2;19;15;10;5;10;14;11;14;10;8;4;3;5;2;3;3;4;2;2;2;2;2;3;2;2;1;2;5;3;2;0;2;2;2;2;2;0;1;0;0;0;0;1;1;1;0;0;1;1;1;0;0;0;1;0;0;0;1;0;0;0;0;0;0;0;0;0
088010;Santa Croce Camerina;12;9;2;7;7;7;8;4;3;5;6;1;2;1;1;1;0;2;1;4;2;1;2;1;2;3;6;11;1;7;4;3;5;2;5;2;7;4;1;4;1;3;1;2;0;2;0;0;1;0;0;0;1;1;1;1;0;0;0;0;0;1;0;0;1;2;0;1;1;0;1;0;0;0;0;0;0;0;0;1;0;0;0;0;0;0;0;0;0;0;0;0;0;0;0;0;0;0;0;0;0
088011;Scicli;5;4;4;8;4;0;3;1;3;4;1;4;0;1;2;1;0;0;1;4;0;3;5;4;0;4;4;5;5;6;6;7;4;5;1;4;2;6;1;4;3;2;2;2;0;1;2;0;2;0;0;0;0;2;2;0;1;1;0;1;0;1;2;2;1;1;0;2;0;1;1;0;0;1;1;0;0;0;2;0;0;0;0;0;0;0;0;0;0;0;0;0;0;0;0;0;0;0;0;0;0
088012;Vittoria;26;19;7;7;5;6;9;5;4;5;7;4;5;5;5;0;0;1;3;4;5;4;7;6;11;12;11;16;15;10;10;13;10;15;11;11;9;10;8;9;4;6;4;1;4;2;2;4;4;1;2;3;4;1;1;3;4;2;2;1;3;1;0;5;3;1;3;1;0;1;1;1;2;1;0;0;1;0;0;1;1;0;0;0;0;0;0;0;0;1;1;0;1;0;0;0;0;0;0;0;0
;Totale;75;63;32;41;39;35;43;33;40;38;31;23;25;17;24;7;6;5;14;20;16;11;21;34;30;37;58;76;62;78;72;59;56;47;53;59;40;43;41;49;40;44;26;32;22;11;21;12;20;9;14;9;14;10;9;14;15;11;6;9;6;13;6;15;7;9;7;9;5;6;3;4;2;3;2;2;3;1;6;3;2;1;1;1;2;0;2;1;0;2;1;1;1;0;0;1;0;0;0;0;0

"Ricostruzione della popolazione intercensuaria - Popolazione al 1° gennaio per età"
"Cittadinanza straniera - Anno: 2004 - Provincia: Ragusa"
Territorio/Età;;0;1;2;3;4;5;6;7;8;9;10;11;12;13;14;15;16;17;18;19;20;21;22;23;24;25;26;27;28;29;30;31;32;33;34;35;36;37;38;39;40;41;42;43;44;45;46;47;48;49;50;51;52;53;54;55;56;57;58;59;60;61;62;63;64;65;66;67;68;69;70;71;72;73;74;75;76;77;78;79;80;81;82;83;84;85;86;87;88;89;90;91;92;93;94;95;96;97;98;99;100
Codice comune;Comune;Totale
088001;Acate;9;12;7;7;6;4;4;6;4;8;3;7;0;3;1;3;1;0;0;2;2;0;10;7;12;9;13;14;16;17;23;25;18;13;20;11;13;15;19;17;11;20;11;10;12;6;8;4;4;3;3;4;8;3;1;0;3;0;3;0;1;2;1;1;1;1;0;0;0;0;0;0;0;0;0;1;1;0;0;0;0;0;0;1;0;0;0;0;0;0;0;0;0;0;0;0;0;0;0;0;0
088002;Chiaramonte Gulfi;6;0;1;0;2;0;0;3;1;1;3;2;3;4;0;5;1;0;3;3;2;0;1;1;3;5;1;3;2;5;8;7;6;3;3;5;4;4;4;3;3;4;6;4;3;3;4;0;0;3;0;0;0;2;1;0;1;0;0;0;1;0;0;0;0;0;0;0;0;0;0;0;0;0;0;0;0;0;0;0;0;0;0;0;0;1;0;0;0;0;0;0;0;0;0;0;0;0;0;0;0
088003;Comiso;15;15;28;13;18;11;13;20;12;10;9;6;5;3;6;2;0;8;0;0;3;0;0;3;7;9;6;10;18;19;30;25;20;12;15;23;25;30;20;26;15;31;21;12;10;9;11;2;6;7;8;4;8;5;2;4;1;5;2;1;2;0;3;0;1;3;2;3;1;0;1;0;0;1;0;2;1;2;0;0;1;0;0;0;0;1;0;0;0;0;0;1;0;0;0;0;0;0;0;0;0
088004;Giarratana;0;2;1;1;2;0;2;0;2;1;1;0;1;0;1;2;1;1;0;1;0;2;0;0;5;0;1;3;0;2;4;0;2;0;4;0;2;1;3;4;0;1;0;1;0;0;0;0;1;2;1;1;1;0;0;0;0;0;0;1;0;0;0;0;1;0;1;0;0;0;0;0;0;0;0;0;0;1;0;0;0;0;0;0;0;0;0;0;0;0;1;0;0;0;0;0;0;0;0;0;0
088005;Ispica;6;4;5;3;2;3;3;2;2;7;7;2;3;0;1;2;4;3;4;1;1;1;2;2;2;7;8;4;7;4;6;13;5;10;8;14;5;8;8;12;1;13;5;2;2;6;2;4;2;5;2;2;1;0;0;0;2;3;3;1;3;5;0;2;1;0;1;0;0;0;0;0;1;0;0;0;1;0;1;1;1;0;0;0;0;0;0;0;0;0;0;0;0;0;0;0;0;0;0;0;0
088006;Modica;10;10;8;10;6;15;4;8;13;8;14;4;9;10;8;5;1;4;4;6;8;5;10;7;3;1;13;14;28;21;21;25;20;23;16;26;23;18;17;18;25;15;12;14;11;14;10;8;11;11;6;9;9;5;5;4;3;3;4;1;3;2;4;1;2;0;2;2;1;2;1;1;1;0;2;0;0;0;0;2;0;0;0;0;0;1;0;1;0;0;0;0;0;0;0;0;1;0;0;0;0
088007;Monterosso Almo;0;0;0;1;0;0;0;0;0;0;0;0;1;0;0;0;0;0;0;0;1;1;0;0;0;0;1;2;0;0;1;0;0;2;1;1;1;0;0;0;0;1;0;2;0;1;0;0;0;0;0;0;0;0;0;0;0;0;0;0;0;0;0;0;0;0;0;0;0;0;0;0;0;0;0;0;0;0;0;0;0;0;0;0;0;0;0;0;0;0;0;0;0;0;0;0;0;0;0;0;0
088008;Pozzallo;3;2;3;3;1;3;3;1;4;3;3;3;1;1;1;0;2;0;0;1;1;1;1;1;5;6;7;6;6;2;6;2;5;8;5;5;6;2;4;8;3;8;1;3;7;5;2;1;2;2;1;3;0;1;0;1;2;0;1;0;0;0;1;0;2;0;0;0;1;0;0;1;0;0;0;1;0;0;0;0;0;1;0;0;0;0;0;0;0;0;0;0;0;0;0;0;0;0;0;0;0
088009;Ragusa;30;30;16;17;19;13;26;15;13;22;13;10;16;7;8;12;1;7;3;18;6;15;3;19;27;33;28;28;35;33;47;27;34;37;36;41;35;28;18;30;39;33;31;29;26;22;25;16;14;11;9;5;10;7;7;5;7;6;6;1;0;2;6;1;4;1;3;3;2;3;2;1;1;1;1;1;0;1;1;1;1;1;0;0;0;0;1;0;0;0;0;0;0;0;1;0;0;0;0;0;0
088010;Santa Croce Camerina;15;22;16;7;17;12;14;12;15;10;9;13;9;3;6;4;5;9;12;14;11;14;11;6;14;11;25;15;41;25;30;25;29;36;34;34;20;31;26;30;36;21;15;27;15;18;16;5;6;14;9;8;7;7;2;5;7;7;3;4;0;3;4;2;3;2;2;3;1;2;0;1;0;0;0;1;0;0;0;0;2;0;1;0;1;0;0;0;0;0;0;0;0;0;0;0;0;0;0;0;0
088011;Scicli;13;14;11;10;16;14;4;9;8;13;7;7;6;3;2;7;8;7;8;10;11;7;15;10;13;14;11;19;24;17;16;14;25;27;14;19;21;23;19;14;11;15;11;9;7;8;7;8;5;4;4;4;2;1;2;5;0;1;1;0;3;0;3;2;1;2;1;0;1;0;0;1;1;1;1;0;0;0;0;1;0;0;0;0;0;0;0;0;0;0;0;0;0;0;0;0;0;0;0;0;0
088012;Vittoria;35;42;33;16;21;12;19;20;17;18;18;12;6;9;9;5;3;3;13;11;10;27;24;17;26;38;46;29;50;54;54;58;50;49;69;65;69;62;66;64;49;45;35;50;31;22;22;13;21;17;13;7;8;10;5;2;3;8;4;4;2;5;3;0;5;2;5;3;3;0;3;3;2;1;0;0;0;2;1;0;0;0;0;0;0;0;0;0;0;0;0;0;0;0;0;0;0;0;0;0;0
;Totale;142;153;129;88;110;87;92;96;91;101;87;66;60;43;43;47;27;42;47;67;56;73;77;73;117;133;160;147;227;199;246;221;214;220;225;244;224;222;204;226;193;207;148;163;124;114;107;61;72;79;56;47;54;41;25;26;29;33;27;13;15;19;25;9;21;11;17;14;10;7;7;8;6;4;4;6;3;6;3;5;5;2;1;1;1;3;1;1;0;0;1;1;0;0;1;0;1;0;0;0;0
Territorio/Età;;0;1;2;3;4;5;6;7;8;9;10;11;12;13;14;15;16;17;18;19;20;21;22;23;24;25;26;27;28;29;30;31;32;33;34;35;36;37;38;39;40;41;42;43;44;45;46;47;48;49;50;51;52;53;54;55;56;57;58;59;60;61;62;63;64;65;66;67;68;69;70;71;72;73;74;75;76;77;78;79;80;81;82;83;84;85;86;87;88;89;90;91;92;93;94;95;96;97;98;99;100
Codice comune;Comune;Maschi
088001;Acate;6;6;3;5;4;0;4;3;2;3;1;5;0;0;1;3;0;0;0;2;0;0;7;6;9;9;10;5;12;12;18;17;13;11;17;9;8;13;12;14;9;16;8;10;7;6;6;1;3;1;3;3;8;2;1;0;2;0;3;0;0;2;1;0;1;0;0;0;0;0;0;0;0;0;0;1;1;0;0;0;0;0;0;1;0;0;0;0;0;0;0;0;0;0;0;0;0;0;0;0;0
088002;Chiaramonte Gulfi;2;0;0;0;1;0;0;3;1;1;2;0;3;2;0;3;0;0;2;3;1;0;1;1;1;4;0;0;2;2;4;2;4;2;2;5;2;3;3;1;2;2;4;4;1;3;2;0;0;2;0;0;0;0;1;0;1;0;0;0;0;0;0;0;0;0;0;0;0;0;0;0;0;0;0;0;0;0;0;0;0;0;0;0;0;0;0;0;0;0;0;0;0;0;0;0;0;0;0;0;0
088003;Comiso;7;13;16;6;12;7;5;8;3;9;5;2;3;0;0;0;0;5;0;0;0;0;0;0;3;8;1;0;7;8;15;11;10;6;9;16;14;23;15;19;13;27;11;6;7;5;8;1;4;4;4;3;7;2;1;1;1;4;2;1;2;0;1;0;1;2;0;1;0;0;0;0;0;0;0;2;1;1;0;0;1;0;0;0;0;1;0;0;0;0;0;0;0;0;0;0;0;0;0;0;0
088004;Giarratana;0;0;0;0;2;0;1;0;1;0;1;0;0;0;1;1;0;1;0;0;0;2;0;0;2;0;0;2;0;0;1;0;0;0;2;0;1;1;2;1;0;0;0;1;0;0;0;0;1;0;0;1;1;0;0;0;0;0;0;0;0;0;0;0;0;0;0;0;0;0;0;0;0;0;0;0;0;1;0;0;0;0;0;0;0;0;0;0;0;0;0;0;0;0;0;0;0;0;0;0;0
088005;Ispica;3;3;1;2;1;1;2;0;1;3;5;0;1;0;0;0;4;3;4;0;0;1;1;0;0;2;7;3;4;4;3;6;2;9;5;10;4;8;7;11;1;9;4;1;2;3;1;3;0;4;2;0;0;0;0;0;0;0;0;1;1;5;0;2;0;0;0;0;0;0;0;0;1;0;0;0;0;0;1;1;0;0;0;0;0;0;0;0;0;0;0;0;0;0;0;0;0;0;0;0;0
088006;Modica;4;4;5;8;2;8;3;5;10;4;10;3;6;2;4;3;1;4;3;6;6;4;5;7;0;1;4;6;12;9;10;13;9;14;7;14;16;15;11;16;13;9;7;10;0;3;6;1;6;5;4;4;6;5;1;2;0;1;2;1;1;1;1;1;0;0;1;1;0;0;0;1;0;0;2;0;0;0;0;0;0;0;0;0;0;0;0;0;0;0;0;0;0;0;0;0;1;0;0;0;0
088007;Monterosso Almo;0;0;0;1;0;0;0;0;0;0;0;0;0;0;0;0;0;0;0;0;1;1;0;0;0;0;0;1;0;0;0;0;0;2;1;1;1;0;0;0;0;0;0;0;0;1;0;0;0;0;0;0;0;0;0;0;0;0;0;0;0;0;0;0;0;0;0;0;0;0;0;0;0;0;0;0;0;0;0;0;0;0;0;0;0;0;0;0;0;0;0;0;0;0;0;0;0;0;0;0;0
088008;Pozzallo;3;0;0;2;1;1;3;1;3;0;0;2;0;1;1;0;2;0;0;0;1;0;1;0;2;3;1;2;1;0;3;0;1;3;4;5;3;1;3;3;3;4;1;3;5;2;1;1;2;1;0;1;0;1;0;0;0;0;1;0;0;0;1;0;0;0;0;0;1;0;0;0;0;0;0;1;0;0;0;0;0;0;0;0;0;0;0;0;0;0;0;0;0;0;0;0;0;0;0;0;0
088009;Ragusa;14;21;12;8;11;6;15;11;7;8;7;5;7;4;6;4;0;4;3;16;2;11;3;11;9;10;20;12;20;12;25;16;15;20;34;22;20;16;11;22;22;16;17;16;18;16;20;7;14;5;5;3;6;4;4;1;3;3;4;0;0;1;2;0;3;1;1;3;1;1;1;1;0;1;1;0;0;1;0;0;0;0;0;0;0;0;1;0;0;0;0;0;0;0;1;0;0;0;0;0;0
088010;Santa Croce Camerina;7;9;8;5;10;4;7;6;9;6;3;6;8;0;4;3;5;9;10;13;7;13;8;5;9;10;19;9;25;24;22;19;26;27;30;26;17;25;23;29;29;20;11;26;13;17;13;5;5;13;9;5;7;6;1;4;5;7;2;4;0;3;3;2;3;2;2;3;0;2;0;0;0;0;0;0;0;0;0;0;0;0;1;0;1;0;0;0;0;0;0;0;0;0;0;0;0;0;0;0;0
088011;Scicli;7;8;6;6;7;11;3;6;6;9;3;5;3;3;0;3;7;7;6;8;7;7;11;5;7;10;3;13;16;8;9;8;16;18;7;15;14;17;11;11;7;10;6;7;5;7;6;4;5;0;3;3;2;0;0;3;0;0;1;0;2;0;1;1;0;1;1;0;0;0;0;0;1;1;1;0;0;0;0;0;0;0;0;0;0;0;0;0;0;0;0;0;0;0;0;0;0;0;0;0;0
088012;Vittoria;19;13;12;8;11;6;11;9;10;11;11;4;1;4;2;0;3;3;12;6;7;21;16;8;20;21;29;17;35;32;37;42;33;36;52;52;60;53;52;56;37;41;31;42;28;16;19;10;16;12;12;4;6;6;5;1;0;4;2;1;1;3;1;0;1;1;3;1;2;0;2;3;1;0;0;0;0;1;1;0;0;0;0;0;0;0;0;0;0;0;0;0;0;0;0;0;0;0;0;0;0
;Totale;72;77;63;51;62;44;54;52;53;54;48;32;32;16;19;20;22;36;40;54;32;60;53;43;62;78;94;70;134;111;147;134;129;148;170;175;160;175;150;183;136;154;100;126;86;79;82;33;56;47;42;27;43;26;14;12;12;19;17;8;7;15;11;6;9;7;8;9;4;3;3;5;3;2;4;4;2;4;2;1;1;0;1;1;1;1;1;0;0;0;0;0;0;0;1;0;1;0;0;0;0
Territorio/Età;;0;1;2;3;4;5;6;7;8;9;10;11;12;13;14;15;16;17;18;19;20;21;22;23;24;25;26;27;28;29;30;31;32;33;34;35;36;37;38;39;40;41;42;43;44;45;46;47;48;49;50;51;52;53;54;55;56;57;58;59;60;61;62;63;64;65;66;67;68;69;70;71;72;73;74;75;76;77;78;79;80;81;82;83;84;85;86;87;88;89;90;91;92;93;94;95;96;97;98;99;100
Codice comune;Comune;Femmine
088001;Acate;3;6;4;2;2;4;0;3;2;5;2;2;0;3;0;0;1;0;0;0;2;0;3;1;3;0;3;9;4;5;5;8;5;2;3;2;5;2;7;3;2;4;3;0;5;0;2;3;1;2;0;1;0;1;0;0;1;0;0;0;1;0;0;1;0;1;0;0;0;0;0;0;0;0;0;0;0;0;0;0;0;0;0;0;0;0;0;0;0;0;0;0;0;0;0;0;0;0;0;0;0
088002;Chiaramonte Gulfi;4;0;1;0;1;0;0;0;0;0;1;2;0;2;0;2;1;0;1;0;1;0;0;0;2;1;1;3;0;3;4;5;2;1;1;0;2;1;1;2;1;2;2;0;2;0;2;0;0;1;0;0;0;2;0;0;0;0;0;0;1;0;0;0;0;0;0;0;0;0;0;0;0;0;0;0;0;0;0;0;0;0;0;0;0;1;0;0;0;0;0;0;0;0;0;0;0;0;0;0;0
088003;Comiso;8;2;12;7;6;4;8;12;9;1;4;4;2;3;6;2;0;3;0;0;3;0;0;3;4;1;5;10;11;11;15;14;10;6;6;7;11;7;5;7;2;4;10;6;3;4;3;1;2;3;4;1;1;3;1;3;0;1;0;0;0;0;2;0;0;1;2;2;1;0;1;0;0;1;0;0;0;1;0;0;0;0;0;0;0;0;0;0;0;0;0;1;0;0;0;0;0;0;0;0;0
088004;Giarratana;0;2;1;1;0;0;1;0;1;1;0;0;1;0;0;1;1;0;0;1;0;0;0;0;3;0;1;1;0;2;3;0;2;0;2;0;1;0;1;3;0;1;0;0;0;0;0;0;0;2;1;0;0;0;0;0;0;0;0;1;0;0;0;0;1;0;1;0;0;0;0;0;0;0;0;0;0;0;0;0;0;0;0;0;0;0;0;0;0;0;1;0;0;0;0;0;0;0;0;0;0
088005;Ispica;3;1;4;1;1;2;1;2;1;4;2;2;2;0;1;2;0;0;0;1;1;0;1;2;2;5;1;1;3;0;3;7;3;1;3;4;1;0;1;1;0;4;1;1;0;3;1;1;2;1;0;2;1;0;0;0;2;3;3;0;2;0;0;0;1;0;1;0;0;0;0;0;0;0;0;0;1;0;0;0;1;0;0;0;0;0;0;0;0;0;0;0;0;0;0;0;0;0;0;0;0
088006;Modica;6;6;3;2;4;7;1;3;3;4;4;1;3;8;4;2;0;0;1;0;2;1;5;0;3;0;9;8;16;12;11;12;11;9;9;12;7;3;6;2;12;6;5;4;11;11;4;7;5;6;2;5;3;0;4;2;3;2;2;0;2;1;3;0;2;0;1;1;1;2;1;0;1;0;0;0;0;0;0;2;0;0;0;0;0;1;0;1;0;0;0;0;0;0;0;0;0;0;0;0;0
088007;Monterosso Almo;0;0;0;0;0;0;0;0;0;0;0;0;1;0;0;0;0;0;0;0;0;0;0;0;0;0;1;1;0;0;1;0;0;0;0;0;0;0;0;0;0;1;0;2;0;0;0;0;0;0;0;0;0;0;0;0;0;0;0;0;0;0;0;0;0;0;0;0;0;0;0;0;0;0;0;0;0;0;0;0;0;0;0;0;0;0;0;0;0;0;0;0;0;0;0;0;0;0;0;0;0
088008;Pozzallo;0;2;3;1;0;2;0;0;1;3;3;1;1;0;0;0;0;0;0;1;0;1;0;1;3;3;6;4;5;2;3;2;4;5;1;0;3;1;1;5;0;4;0;0;2;3;1;0;0;1;1;2;0;0;0;1;2;0;0;0;0;0;0;0;2;0;0;0;0;0;0;1;0;0;0;0;0;0;0;0;0;1;0;0;0;0;0;0;0;0;0;0;0;0;0;0;0;0;0;0;0
088009;Ragusa;16;9;4;9;8;7;11;4;6;14;6;5;9;3;2;8;1;3;0;2;4;4;0;8;18;23;8;16;15;21;22;11;19;17;2;19;15;12;7;8;17;17;14;13;8;6;5;9;0;6;4;2;4;3;3;4;4;3;2;1;0;1;4;1;1;0;2;0;1;2;1;0;1;0;0;1;0;0;1;1;1;1;0;0;0;0;0;0;0;0;0;0;0;0;0;0;0;0;0;0;0
088010;Santa Croce Camerina;8;13;8;2;7;8;7;6;6;4;6;7;1;3;2;1;0;0;2;1;4;1;3;1;5;1;6;6;16;1;8;6;3;9;4;8;3;6;3;1;7;1;4;1;2;1;3;0;1;1;0;3;0;1;1;1;2;0;1;0;0;0;1;0;0;0;0;0;1;0;0;1;0;0;0;1;0;0;0;0;2;0;0;0;0;0;0;0;0;0;0;0;0;0;0;0;0;0;0;0;0
088011;Scicli;6;6;5;4;9;3;1;3;2;4;4;2;3;0;2;4;1;0;2;2;4;0;4;5;6;4;8;6;8;9;7;6;9;9;7;4;7;6;8;3;4;5;5;2;2;1;1;4;0;4;1;1;0;1;2;2;0;1;0;0;1;0;2;1;1;1;0;0;1;0;0;1;0;0;0;0;0;0;0;1;0;0;0;0;0;0;0;0;0;0;0;0;0;0;0;0;0;0;0;0;0
088012;Vittoria;16;29;21;8;10;6;8;11;7;7;7;8;5;5;7;5;0;0;1;5;3;6;8;9;6;17;17;12;15;22;17;16;17;13;17;13;9;9;14;8;12;4;4;8;3;6;3;3;5;5;1;3;2;4;0;1;3;4;2;3;1;2;2;0;4;1;2;2;1;0;1;0;1;1;0;0;0;1;0;0;0;0;0;0;0;0;0;0;0;0;0;0;0;0;0;0;0;0;0;0;0
;Totale;70;76;66;37;48;43;38;44;38;47;39;34;28;27;24;27;5;6;7;13;24;13;24;30;55;55;66;77;93;88;99;87;85;72;55;69;64;47;54;43;57;53;48;37;38;35;25;28;16;32;14;20;11;15;11;14;17;14;10;5;8;4;14;3;12;4;9;5;6;4;4;3;3;2;0;2;1;2;1;4;4;2;0;0;0;2;0;1;0;0;1;1;0;0;0;0;0;0;0;0;0

"Ricostruzione della popolazione intercensuaria - Popolazione al 1° gennaio per età"
"Cittadinanza straniera - Anno: 2005 - Provincia: Ragusa"
Territorio/Età;;0;1;2;3;4;5;6;7;8;9;10;11;12;13;14;15;16;17;18;19;20;21;22;23;24;25;26;27;28;29;30;31;32;33;34;35;36;37;38;39;40;41;42;43;44;45;46;47;48;49;50;51;52;53;54;55;56;57;58;59;60;61;62;63;64;65;66;67;68;69;70;71;72;73;74;75;76;77;78;79;80;81;82;83;84;85;86;87;88;89;90;91;92;93;94;95;96;97;98;99;100
Codice comune;Comune;Totale
088001;Acate;3;9;11;7;6;6;5;4;6;4;9;3;7;0;3;0;4;1;0;0;1;1;1;11;7;16;9;9;15;15;17;19;25;16;11;18;9;12;20;17;19;13;15;9;8;14;6;8;5;4;5;2;4;7;3;1;0;3;0;3;0;2;2;1;1;2;1;0;0;0;0;0;0;0;0;0;0;1;0;0;0;0;0;0;1;0;0;0;0;0;0;0;0;0;0;0;0;0;0;0;0
088002;Chiaramonte Gulfi;3;5;0;1;1;2;0;0;3;1;1;3;3;2;4;0;5;2;0;5;3;3;0;1;2;3;6;1;6;3;6;9;6;4;2;3;5;3;5;4;3;3;4;6;4;2;6;5;0;0;5;0;0;0;3;0;1;1;0;0;0;0;0;0;0;0;0;0;0;1;0;0;0;0;0;0;0;0;0;0;0;0;0;0;0;0;1;0;0;0;0;0;0;0;0;0;0;0;0;0;0
088003;Comiso;15;18;18;29;13;18;11;14;20;13;11;8;5;3;3;6;4;0;11;0;4;7;2;0;3;6;14;11;14;21;27;31;29;23;11;16;22;26;26;19;22;17;29;22;15;10;10;12;2;8;7;12;6;7;7;5;3;5;6;2;1;2;1;2;2;1;3;2;4;2;0;3;0;1;1;0;2;1;2;1;0;1;0;0;0;0;1;0;0;0;0;0;1;0;0;0;0;0;0;0;0
088004;Giarratana;2;0;2;3;0;1;0;2;0;1;1;1;0;1;0;1;3;1;1;1;0;0;1;0;1;6;0;1;3;0;2;3;1;3;0;2;0;2;1;2;4;0;0;0;0;0;0;0;0;1;2;0;0;1;0;0;0;0;0;0;1;0;0;0;0;0;0;1;0;0;0;0;0;0;0;0;0;0;1;0;0;0;0;0;0;0;0;0;0;0;0;1;0;0;0;0;0;0;0;0;0
088005;Ispica;5;6;4;5;2;3;3;3;2;2;6;8;3;3;0;2;3;3;6;3;3;3;2;2;1;4;10;10;3;11;6;9;14;11;11;9;18;4;10;8;11;2;12;5;2;2;8;2;3;2;6;3;2;3;0;0;0;3;1;2;0;3;4;1;2;1;0;1;0;0;0;0;0;1;0;0;0;1;1;1;1;1;0;0;0;0;0;0;0;0;0;0;0;0;0;0;0;0;0;0;0
088006;Modica;13;9;10;10;8;8;16;6;8;15;12;15;5;11;11;10;10;3;6;8;8;7;12;9;7;0;0;16;19;32;20;29;25;23;28;16;33;25;17;18;14;23;20;10;14;9;12;13;10;11;9;9;9;7;5;6;6;5;3;2;1;2;3;4;1;3;0;0;1;1;2;0;0;0;0;0;1;0;0;0;1;0;1;0;0;0;0;0;0;0;0;0;0;0;0;0;0;0;0;0;0
088007;Monterosso Almo;0;0;0;0;1;0;0;0;0;0;0;0;0;1;0;1;0;1;0;0;1;0;1;0;0;1;0;1;3;0;0;2;0;1;2;1;0;0;0;0;0;0;1;0;1;0;1;0;0;0;0;0;0;0;0;0;0;0;0;0;0;0;0;0;0;0;0;0;0;0;0;0;0;0;0;0;0;0;0;0;0;0;0;0;0;0;0;0;0;0;0;0;0;0;0;0;0;0;0;0;0
088008;Pozzallo;1;3;2;3;4;1;2;3;0;4;3;4;3;1;2;3;0;1;0;1;0;0;1;1;1;4;5;6;8;9;4;5;3;1;8;4;5;9;3;7;8;6;7;1;3;7;4;5;1;1;2;2;1;3;1;0;0;2;1;1;1;1;1;0;0;1;0;0;0;1;0;0;1;0;0;0;1;0;0;0;0;0;1;0;0;0;0;0;0;0;0;0;0;0;0;0;0;0;0;0;0
088009;Ragusa;32;28;30;16;18;20;16;26;15;14;23;16;11;17;9;8;12;3;12;6;21;21;23;14;26;31;40;38;34;43;41;56;18;39;41;36;42;46;30;20;31;41;32;30;27;26;22;23;20;12;9;8;5;11;7;5;7;8;6;5;2;0;2;6;2;3;1;5;4;2;2;2;1;1;1;1;1;0;0;1;1;1;1;0;0;0;0;1;0;0;0;0;0;0;0;1;0;0;0;0;0
088010;Santa Croce Camerina;15;15;23;18;8;19;14;15;12;17;10;9;14;12;3;6;11;10;14;14;18;23;20;17;15;23;20;39;28;47;39;39;32;38;36;36;37;22;34;25;34;37;20;19;32;19;14;16;5;6;17;8;10;5;3;2;5;5;7;4;4;0;2;2;2;3;1;3;3;1;2;1;0;0;0;0;0;0;0;0;0;1;0;1;0;1;0;0;0;0;0;0;0;0;0;0;0;0;0;0;0
088011;Scicli;18;14;15;11;10;15;12;5;10;11;18;7;9;7;6;4;7;6;6;7;19;15;8;20;10;20;16;15;23;25;23;12;17;25;28;18;18;25;24;24;13;11;15;10;7;6;7;7;7;6;6;6;6;2;1;1;4;2;1;1;0;3;1;5;4;2;2;1;0;1;0;0;1;1;3;1;0;0;0;0;1;0;0;0;0;0;0;0;0;0;0;0;0;0;0;0;0;0;0;0;0
088012;Vittoria;42;33;41;36;18;25;14;23;26;20;22;22;12;6;9;11;6;7;7;18;18;25;38;42;37;53;59;85;68;97;87;97;80;86;77;86;73;93;73;76;72;52;54;42;52;30;21;30;19;24;20;15;10;9;10;6;2;5;6;4;5;2;5;4;0;6;2;5;2;3;0;3;3;0;1;0;0;1;2;2;1;0;0;0;0;0;0;0;0;0;0;0;0;0;0;0;0;0;0;0;0
;Totale;149;140;156;139;89;118;93;101;102;102;116;96;72;64;50;52;65;38;63;63;96;105;109;117;110;167;179;232;224;303;272;311;250;270;255;245;262;267;243;220;231;205;209;154;165;125;111;121;72;75;88;65;53;55;40;26;28;39;31;24;15;15;21;25;14;22;10;18;14;12;6;9;6;4;6;2;5;4;6;5;5;4;3;1;1;1;2;1;0;0;0;1;1;0;0;1;0;0;0;0;0
Territorio/Età;;0;1;2;3;4;5;6;7;8;9;10;11;12;13;14;15;16;17;18;19;20;21;22;23;24;25;26;27;28;29;30;31;32;33;34;35;36;37;38;39;40;41;42;43;44;45;46;47;48;49;50;51;52;53;54;55;56;57;58;59;60;61;62;63;64;65;66;67;68;69;70;71;72;73;74;75;76;77;78;79;80;81;82;83;84;85;86;87;88;89;90;91;92;93;94;95;96;97;98;99;100
Codice comune;Comune;Maschi
088001;Acate;3;6;5;3;4;4;0;4;3;2;3;1;5;0;0;0;4;0;0;0;1;0;1;7;7;12;9;6;5;12;12;14;18;12;10;16;8;7;18;11;16;11;11;6;8;8;6;6;2;3;3;2;3;7;2;1;0;2;0;3;0;1;2;1;0;1;0;0;0;0;0;0;0;0;0;0;0;1;0;0;0;0;0;0;1;0;0;0;0;0;0;0;0;0;0;0;0;0;0;0;0
088002;Chiaramonte Gulfi;1;1;0;0;1;1;0;0;3;1;1;2;0;2;2;0;3;1;0;3;3;1;0;1;1;2;4;0;1;3;3;5;2;3;1;3;5;1;4;3;1;2;2;4;4;1;5;3;0;0;3;0;0;0;0;0;0;1;0;0;0;0;0;0;0;0;0;0;0;1;0;0;0;0;0;0;0;0;0;0;0;0;0;0;0;0;0;0;0;0;0;0;0;0;0;0;0;0;0;0;0
088003;Comiso;5;9;14;16;6;12;7;5;7;3;9;5;1;1;0;0;2;0;8;0;0;0;0;0;0;2;11;2;5;9;14;15;12;10;6;10;16;16;18;13;16;13;24;11;8;7;5;8;1;5;5;7;3;5;4;2;1;2;4;2;1;1;0;0;1;1;2;0;1;1;0;2;0;1;0;0;2;1;1;0;0;1;0;0;0;0;1;0;0;0;0;0;0;0;0;0;0;0;0;0;0
088004;Giarratana;1;0;0;0;0;1;0;1;0;1;0;1;0;0;0;1;2;0;1;0;0;0;1;0;0;3;0;0;2;0;0;0;1;1;0;1;0;2;1;1;1;0;0;0;0;0;0;0;0;1;0;0;0;1;0;0;0;0;0;0;0;0;0;0;0;0;0;0;0;0;0;0;0;0;0;0;0;0;1;0;0;0;0;0;0;0;0;0;0;0;0;0;0;0;0;0;0;0;0;0;0
088005;Ispica;3;3;3;1;2;2;1;2;0;1;3;6;0;1;0;0;0;3;6;3;0;0;2;0;0;0;3;6;1;7;4;5;6;5;11;7;14;4;10;7;10;2;8;3;1;2;4;1;3;0;5;3;0;0;0;0;0;0;0;0;0;2;4;1;2;0;0;0;0;0;0;0;0;1;0;0;0;0;1;1;1;0;0;0;0;0;0;0;0;0;0;0;0;0;0;0;0;0;0;0;0
088006;Modica;6;3;3;5;6;4;9;4;5;11;5;11;3;6;4;5;6;3;5;4;8;6;9;4;7;0;0;3;8;12;12;15;12;13;19;8;21;18;16;12;13;11;12;7;10;1;3;7;3;6;5;7;3;5;4;1;2;0;1;1;1;0;1;1;1;0;0;0;1;0;0;0;0;0;0;0;1;0;0;0;0;0;1;0;0;0;0;0;0;0;0;0;0;0;0;0;0;0;0;0;0
088007;Monterosso Almo;0;0;0;0;1;0;0;0;0;0;0;0;0;0;0;1;0;0;0;0;0;0;1;0;0;1;0;0;1;0;0;1;0;0;2;1;0;0;0;0;0;0;0;0;0;0;1;0;0;0;0;0;0;0;0;0;0;0;0;0;0;0;0;0;0;0;0;0;0;0;0;0;0;0;0;0;0;0;0;0;0;0;0;0;0;0;0;0;0;0;0;0;0;0;0;0;0;0;0;0;0
088008;Pozzallo;0;3;0;0;3;1;1;3;0;3;0;0;2;0;2;3;0;1;0;0;0;0;0;0;0;2;2;0;3;3;1;2;1;0;3;3;5;4;1;4;3;4;3;1;3;6;2;4;1;1;2;0;0;1;1;0;0;0;0;1;1;0;1;0;0;0;0;0;0;1;0;0;0;0;0;0;1;0;0;0;0;0;0;0;0;0;0;0;0;0;0;0;0;0;0;0;0;0;0;0;0
088009;Ragusa;19;13;21;10;10;11;9;15;11;8;8;10;4;8;5;7;3;3;10;6;16;15;17;10;13;13;11;27;17;26;19;32;9;20;23;35;24;30;20;12;23;21;12;18;14;18;16;16;10;12;4;3;3;5;3;3;2;4;3;4;1;0;1;2;1;2;1;1;3;1;0;1;1;0;1;1;0;0;0;0;0;0;0;0;0;0;0;1;0;0;0;0;0;0;0;1;0;0;0;0;0
088010;Santa Croce Camerina;8;7;9;10;6;12;5;8;6;10;7;3;7;11;0;5;9;10;14;11;15;17;17;15;12;15;14;32;17;29;36;29;24;32;27;30;28;19;29;22;33;30;18;13;28;16;13;13;5;5;15;7;6;5;3;1;4;4;7;2;4;0;2;1;2;3;1;2;3;0;2;0;0;0;0;0;0;0;0;0;0;0;0;1;0;1;0;0;0;0;0;0;0;0;0;0;0;0;0;0;0
088011;Scicli;5;7;8;6;5;6;9;4;7;7;8;2;5;3;6;0;5;6;6;5;12;9;8;15;7;10;11;6;16;16;11;6;9;15;18;10;15;15;17;14;10;7;12;6;5;3;6;6;5;5;2;5;5;2;0;0;4;2;0;1;0;2;1;2;1;0;1;1;0;0;0;0;0;1;2;1;0;0;0;0;0;0;0;0;0;0;0;0;0;0;0;0;0;0;0;0;0;0;0;0;0
088012;Vittoria;21;18;12;13;10;11;8;14;9;12;13;15;5;1;4;4;0;7;7;14;12;16;32;33;28;41;43;67;56;80;64;75;62;68;61;66;58;81;65;61;65;41;49;38;41;27;17;23;14;19;12;14;7;8;8;6;1;2;5;2;1;1;3;2;0;2;1;3;1;2;0;2;3;0;0;0;0;1;1;1;0;0;0;0;0;0;0;0;0;0;0;0;0;0;0;0;0;0;0;0;0
;Totale;72;70;75;64;54;65;49;60;51;59;57;56;32;33;23;26;34;34;57;46;67;64;88;85;75;101;108;149;132;197;176;199;156;179;181;190;194;197;199;160;191;142;151;107;122;89;78;87;44;57;56;48;30;39;25;14;14;17;20;16;9;7;15;10;8;9;6;7;9;6;2;5;4;3;3;2;4;3;4;2;1;1;1;1;1;1;1;1;0;0;0;0;0;0;0;1;0;0;0;0;0
Territorio/Età;;0;1;2;3;4;5;6;7;8;9;10;11;12;13;14;15;16;17;18;19;20;21;22;23;24;25;26;27;28;29;30;31;32;33;34;35;36;37;38;39;40;41;42;43;44;45;46;47;48;49;50;51;52;53;54;55;56;57;58;59;60;61;62;63;64;65;66;67;68;69;70;71;72;73;74;75;76;77;78;79;80;81;82;83;84;85;86;87;88;89;90;91;92;93;94;95;96;97;98;99;100
Codice comune;Comune;Femmine
088001;Acate;0;3;6;4;2;2;5;0;3;2;6;2;2;0;3;0;0;1;0;0;0;1;0;4;0;4;0;3;10;3;5;5;7;4;1;2;1;5;2;6;3;2;4;3;0;6;0;2;3;1;2;0;1;0;1;0;0;1;0;0;0;1;0;0;1;1;1;0;0;0;0;0;0;0;0;0;0;0;0;0;0;0;0;0;0;0;0;0;0;0;0;0;0;0;0;0;0;0;0;0;0
088002;Chiaramonte Gulfi;2;4;0;1;0;1;0;0;0;0;0;1;3;0;2;0;2;1;0;2;0;2;0;0;1;1;2;1;5;0;3;4;4;1;1;0;0;2;1;1;2;1;2;2;0;1;1;2;0;0;2;0;0;0;3;0;1;0;0;0;0;0;0;0;0;0;0;0;0;0;0;0;0;0;0;0;0;0;0;0;0;0;0;0;0;0;1;0;0;0;0;0;0;0;0;0;0;0;0;0;0
088003;Comiso;10;9;4;13;7;6;4;9;13;10;2;3;4;2;3;6;2;0;3;0;4;7;2;0;3;4;3;9;9;12;13;16;17;13;5;6;6;10;8;6;6;4;5;11;7;3;5;4;1;3;2;5;3;2;3;3;2;3;2;0;0;1;1;2;1;0;1;2;3;1;0;1;0;0;1;0;0;0;1;1;0;0;0;0;0;0;0;0;0;0;0;0;1;0;0;0;0;0;0;0;0
088004;Giarratana;1;0;2;3;0;0;0;1;0;0;1;0;0;1;0;0;1;1;0;1;0;0;0;0;1;3;0;1;1;0;2;3;0;2;0;1;0;0;0;1;3;0;0;0;0;0;0;0;0;0;2;0;0;0;0;0;0;0;0;0;1;0;0;0;0;0;0;1;0;0;0;0;0;0;0;0;0;0;0;0;0;0;0;0;0;0;0;0;0;0;0;1;0;0;0;0;0;0;0;0;0
088005;Ispica;2;3;1;4;0;1;2;1;2;1;3;2;3;2;0;2;3;0;0;0;3;3;0;2;1;4;7;4;2;4;2;4;8;6;0;2;4;0;0;1;1;0;4;2;1;0;4;1;0;2;1;0;2;3;0;0;0;3;1;2;0;1;0;0;0;1;0;1;0;0;0;0;0;0;0;0;0;1;0;0;0;1;0;0;0;0;0;0;0;0;0;0;0;0;0;0;0;0;0;0;0
088006;Modica;7;6;7;5;2;4;7;2;3;4;7;4;2;5;7;5;4;0;1;4;0;1;3;5;0;0;0;13;11;20;8;14;13;10;9;8;12;7;1;6;1;12;8;3;4;8;9;6;7;5;4;2;6;2;1;5;4;5;2;1;0;2;2;3;0;3;0;0;0;1;2;0;0;0;0;0;0;0;0;0;1;0;0;0;0;0;0;0;0;0;0;0;0;0;0;0;0;0;0;0;0
088007;Monterosso Almo;0;0;0;0;0;0;0;0;0;0;0;0;0;1;0;0;0;1;0;0;1;0;0;0;0;0;0;1;2;0;0;1;0;1;0;0;0;0;0;0;0;0;1;0;1;0;0;0;0;0;0;0;0;0;0;0;0;0;0;0;0;0;0;0;0;0;0;0;0;0;0;0;0;0;0;0;0;0;0;0;0;0;0;0;0;0;0;0;0;0;0;0;0;0;0;0;0;0;0;0;0
088008;Pozzallo;1;0;2;3;1;0;1;0;0;1;3;4;1;1;0;0;0;0;0;1;0;0;1;1;1;2;3;6;5;6;3;3;2;1;5;1;0;5;2;3;5;2;4;0;0;1;2;1;0;0;0;2;1;2;0;0;0;2;1;0;0;1;0;0;0;1;0;0;0;0;0;0;1;0;0;0;0;0;0;0;0;0;1;0;0;0;0;0;0;0;0;0;0;0;0;0;0;0;0;0;0
088009;Ragusa;13;15;9;6;8;9;7;11;4;6;15;6;7;9;4;1;9;0;2;0;5;6;6;4;13;18;29;11;17;17;22;24;9;19;18;1;18;16;10;8;8;20;20;12;13;8;6;7;10;0;5;5;2;6;4;2;5;4;3;1;1;0;1;4;1;1;0;4;1;1;2;1;0;1;0;0;1;0;0;1;1;1;1;0;0;0;0;0;0;0;0;0;0;0;0;0;0;0;0;0;0
088010;Santa Croce Camerina;7;8;14;8;2;7;9;7;6;7;3;6;7;1;3;1;2;0;0;3;3;6;3;2;3;8;6;7;11;18;3;10;8;6;9;6;9;3;5;3;1;7;2;6;4;3;1;3;0;1;2;1;4;0;0;1;1;1;0;2;0;0;0;1;0;0;0;1;0;1;0;1;0;0;0;0;0;0;0;0;0;1;0;0;0;0;0;0;0;0;0;0;0;0;0;0;0;0;0;0;0
088011;Scicli;13;7;7;5;5;9;3;1;3;4;10;5;4;4;0;4;2;0;0;2;7;6;0;5;3;10;5;9;7;9;12;6;8;10;10;8;3;10;7;10;3;4;3;4;2;3;1;1;2;1;4;1;1;0;1;1;0;0;1;0;0;1;0;3;3;2;1;0;0;1;0;0;1;0;1;0;0;0;0;0;1;0;0;0;0;0;0;0;0;0;0;0;0;0;0;0;0;0;0;0;0
088012;Vittoria;21;15;29;23;8;14;6;9;17;8;9;7;7;5;5;7;6;0;0;4;6;9;6;9;9;12;16;18;12;17;23;22;18;18;16;20;15;12;8;15;7;11;5;4;11;3;4;7;5;5;8;1;3;1;2;0;1;3;1;2;4;1;2;2;0;4;1;2;1;1;0;1;0;0;1;0;0;0;1;1;1;0;0;0;0;0;0;0;0;0;0;0;0;0;0;0;0;0;0;0;0
;Totale;77;70;81;75;35;53;44;41;51;43;59;40;40;31;27;26;31;4;6;17;29;41;21;32;35;66;71;83;92;106;96;112;94;91;74;55;68;70;44;60;40;63;58;47;43;36;33;34;28;18;32;17;23;16;15;12;14;22;11;8;6;8;6;15;6;13;4;11;5;6;4;4;2;1;3;0;1;1;2;3;4;3;2;0;0;0;1;0;0;0;0;1;1;0;0;0;0;0;0;0;0

"Ricostruzione della popolazione intercensuaria - Popolazione al 1° gennaio per età"
"Cittadinanza straniera - Anno: 2006 - Provincia: Ragusa"
Territorio/Età;;0;1;2;3;4;5;6;7;8;9;10;11;12;13;14;15;16;17;18;19;20;21;22;23;24;25;26;27;28;29;30;31;32;33;34;35;36;37;38;39;40;41;42;43;44;45;46;47;48;49;50;51;52;53;54;55;56;57;58;59;60;61;62;63;64;65;66;67;68;69;70;71;72;73;74;75;76;77;78;79;80;81;82;83;84;85;86;87;88;89;90;91;92;93;94;95;96;97;98;99;100
Codice comune;Comune;Totale
088001;Acate;19;2;8;13;4;5;7;5;4;8;5;10;3;7;0;6;2;5;2;0;0;1;0;2;8;6;17;11;7;15;13;16;13;22;13;13;16;9;12;20;19;16;16;14;8;8;17;5;8;4;4;5;2;4;8;3;1;1;3;0;3;0;2;2;1;1;2;1;0;0;0;0;0;0;0;0;0;0;1;0;0;0;0;0;0;0;0;0;0;0;0;0;0;0;0;0;0;0;0;0;0
088002;Chiaramonte Gulfi;1;4;4;0;1;1;3;0;1;2;1;1;2;3;3;4;0;5;2;0;4;3;4;0;1;3;3;5;2;6;4;5;9;9;7;4;3;4;5;5;5;3;4;7;6;4;2;6;4;0;0;5;2;0;0;4;0;1;1;1;0;0;0;0;0;0;0;0;0;0;1;0;0;0;0;0;0;0;0;0;0;0;0;0;0;0;0;1;0;0;0;0;0;0;0;0;0;0;0;0;0
088003;Comiso;20;20;17;20;31;14;17;10;12;23;14;12;4;4;4;3;8;8;0;8;2;5;6;2;2;4;6;18;17;13;24;26;26;28;26;15;15;20;23;26;17;24;17;28;22;14;7;13;14;1;11;7;13;8;4;8;7;2;3;5;2;2;5;1;2;2;0;2;2;4;2;0;3;0;1;2;0;1;1;2;1;1;1;0;0;0;0;1;0;0;0;0;0;0;0;0;0;0;0;0;0
088004;Giarratana;1;2;0;3;3;0;1;0;1;0;1;1;1;0;1;0;1;2;1;1;1;0;0;1;0;1;5;0;1;3;1;2;3;0;3;0;2;0;1;1;1;3;0;0;0;0;1;0;0;0;1;1;0;0;0;0;0;0;0;0;0;1;0;0;0;0;0;0;1;0;0;0;0;0;0;0;0;0;0;1;0;0;0;0;0;0;0;0;0;0;0;0;1;0;0;0;0;0;0;0;0
088005;Ispica;9;7;6;4;6;3;3;2;2;2;2;6;7;2;2;0;2;2;4;5;2;2;3;1;3;3;6;12;10;5;8;11;9;12;9;12;7;16;8;13;10;10;3;9;5;2;3;9;3;4;2;6;5;2;5;1;0;0;4;1;2;2;3;4;1;3;1;0;1;0;0;0;0;0;1;0;0;0;1;0;1;1;1;0;0;0;0;0;0;0;0;0;0;0;0;0;0;0;0;1;0
088006;Modica;16;11;6;9;10;8;8;16;5;7;15;13;13;5;10;12;11;11;4;6;8;9;7;17;10;8;0;0;22;18;30;18;27;28;21;24;16;36;25;15;20;13;25;23;11;16;10;12;16;10;9;9;9;9;7;8;5;5;5;2;3;1;2;2;4;1;3;3;2;1;2;3;0;0;0;0;0;2;0;1;0;1;0;1;0;0;0;0;0;0;0;0;0;0;0;0;0;0;0;0;0
088007;Monterosso Almo;0;1;0;0;0;1;0;0;0;0;0;0;0;0;1;0;1;0;1;0;0;1;1;0;0;0;1;0;1;2;0;0;3;0;1;1;1;0;0;0;0;0;0;0;0;1;0;1;0;0;0;0;0;0;0;0;0;0;0;0;0;0;0;0;0;0;0;0;0;0;0;0;0;0;0;0;0;0;0;0;0;0;0;0;0;0;0;0;0;0;0;0;0;0;0;0;0;0;0;0;0
088008;Pozzallo;7;4;3;2;5;5;3;7;3;1;5;4;8;3;2;3;3;3;0;1;1;0;2;0;3;2;5;4;8;10;7;7;9;7;4;7;4;3;11;4;8;10;6;10;2;3;6;4;5;2;0;1;2;1;3;1;0;1;2;1;0;0;0;1;1;1;0;0;0;0;1;0;0;1;0;0;1;1;0;0;0;0;0;1;0;0;0;0;0;0;0;0;0;0;0;0;0;0;0;0;0
088009;Ragusa;39;35;29;33;20;21;22;18;29;16;17;25;19;15;15;10;7;13;7;16;4;23;22;18;14;36;32;41;38;39;44;46;62;17;43;41;41;39;46;30;28;34;43;33;31;33;27;22;20;18;10;7;10;3;8;7;7;7;8;7;4;2;1;3;4;2;2;0;5;5;2;2;3;1;2;1;1;1;0;0;1;1;1;1;0;0;0;0;1;0;0;0;0;0;0;0;1;0;0;0;0
088010;Santa Croce Camerina;31;16;15;23;25;7;19;15;19;16;17;11;13;14;15;4;11;16;14;17;14;23;20;22;18;22;28;23;41;33;45;39;43;25;35;36;40;36;23;37;25;34;39;22;22;29;19;14;15;5;8;15;6;9;5;3;3;5;6;7;5;3;0;1;1;2;3;1;3;3;1;2;0;0;0;0;0;0;0;0;0;0;0;0;1;0;0;0;0;0;0;0;0;0;0;0;0;0;0;0;0
088011;Scicli;14;19;16;17;11;13;16;10;6;15;8;17;8;8;12;8;4;9;9;8;9;19;17;9;23;11;20;18;19;28;32;25;15;20;25;28;21;22;23;26;29;11;10;16;10;7;6;7;10;8;7;11;6;7;4;1;1;5;3;1;2;1;3;2;5;4;2;2;1;0;1;0;0;1;1;3;1;0;0;0;0;1;0;0;0;0;0;0;0;0;0;0;0;0;0;0;0;0;0;0;0
088012;Vittoria;45;38;37;41;40;19;23;14;25;26;20;19;27;11;3;7;13;5;13;5;20;19;29;34;39;33;51;54;84;68;94;79;91;74;76;71;88;74;93;69;71;78;51;46;42;48;34;24;26;17;21;20;13;8;6;8;6;2;6;6;3;5;2;4;4;0;4;2;5;2;3;0;3;3;0;1;0;0;1;2;2;1;0;0;0;0;0;0;0;0;0;0;0;0;0;0;0;0;0;0;0
;Totale;202;159;141;165;156;97;122;97;107;116;105;119;105;72;68;57;63;79;57;67;65;105;111;106;121;129;174;186;250;240;302;274;310;242;263;252;254;259;270;246;233;236;214;208;159;165;132;117;121;69;73;87;68;51;50;44;30;29;41;31;24;17;18;20;23;16;17;11;20;15;13;7;9;6;5;7;3;5;4;6;5;6;3;3;1;0;0;2;1;0;0;0;1;0;0;0;1;0;0;1;0
Territorio/Età;;0;1;2;3;4;5;6;7;8;9;10;11;12;13;14;15;16;17;18;19;20;21;22;23;24;25;26;27;28;29;30;31;32;33;34;35;36;37;38;39;40;41;42;43;44;45;46;47;48;49;50;51;52;53;54;55;56;57;58;59;60;61;62;63;64;65;66;67;68;69;70;71;72;73;74;75;76;77;78;79;80;81;82;83;84;85;86;87;88;89;90;91;92;93;94;95;96;97;98;99;100
Codice comune;Comune;Maschi
088001;Acate;16;2;5;7;0;3;4;0;4;5;2;5;0;5;0;1;2;5;0;0;0;1;0;0;4;6;11;9;3;6;9;9;10;17;10;12;13;8;6;18;13;14;13;10;5;8;10;5;6;2;3;3;2;3;8;2;1;0;2;0;3;0;1;2;1;0;1;0;0;0;0;0;0;0;0;0;0;0;1;0;0;0;0;0;0;0;0;0;0;0;0;0;0;0;0;0;0;0;0;0;0
088002;Chiaramonte Gulfi;1;1;2;0;0;1;1;0;0;2;1;1;1;0;3;2;0;3;1;0;3;2;1;0;1;0;2;3;0;2;4;2;5;4;3;3;3;4;2;4;3;1;3;4;4;4;1;5;3;0;0;3;1;0;0;0;0;0;1;0;0;0;0;0;0;0;0;0;0;0;1;0;0;0;0;0;0;0;0;0;0;0;0;0;0;0;0;0;0;0;0;0;0;0;0;0;0;0;0;0;0
088003;Comiso;16;6;9;15;17;7;14;5;5;9;4;8;2;0;2;0;2;5;0;6;0;0;0;0;0;0;1;12;6;6;11;14;10;13;13;5;9;14;14;16;11;18;11;24;12;7;5;7;10;0;8;5;6;5;2;4;3;0;2;4;2;1;3;0;1;1;0;2;0;1;1;0;2;0;1;1;0;1;1;1;0;1;1;0;0;0;0;1;0;0;0;0;0;0;0;0;0;0;0;0;0
088004;Giarratana;1;1;0;1;0;0;1;0;0;0;1;0;1;0;0;0;1;1;0;1;0;0;0;1;0;0;2;0;0;2;1;0;0;0;1;0;2;0;1;1;0;1;0;0;0;0;0;0;0;0;1;0;0;0;0;0;0;0;0;0;0;0;0;0;0;0;0;0;0;0;0;0;0;0;0;0;0;0;0;1;0;0;0;0;0;0;0;0;0;0;0;0;0;0;0;0;0;0;0;0;0
088005;Ispica;5;4;3;3;1;2;1;0;2;0;1;3;6;0;0;0;0;0;4;5;2;0;0;1;0;0;0;3;6;1;4;9;5;5;4;12;6;13;8;13;9;10;3;6;4;1;3;4;2;3;0;6;5;0;1;1;0;0;0;0;0;2;2;4;1;2;0;0;0;0;0;0;0;0;1;0;0;0;0;0;1;1;0;0;0;0;0;0;0;0;0;0;0;0;0;0;0;0;0;1;0
088006;Modica;11;6;1;3;6;5;4;9;3;5;12;6;10;4;6;5;5;8;4;4;4;9;6;9;6;8;0;0;3;8;11;10;14;16;13;19;9;23;18;13;14;13;13;14;6;12;2;3;7;2;6;5;7;3;5;4;1;2;0;0;2;1;0;1;1;1;0;2;1;1;1;1;0;0;0;0;0;2;0;0;0;0;0;1;0;0;0;0;0;0;0;0;0;0;0;0;0;0;0;0;0
088007;Monterosso Almo;0;1;0;0;0;1;0;0;0;0;0;0;0;0;0;0;1;0;0;0;0;0;0;0;0;0;1;0;0;0;0;0;2;0;0;1;1;0;0;0;0;0;0;0;0;0;0;1;0;0;0;0;0;0;0;0;0;0;0;0;0;0;0;0;0;0;0;0;0;0;0;0;0;0;0;0;0;0;0;0;0;0;0;0;0;0;0;0;0;0;0;0;0;0;0;0;0;0;0;0;0
088008;Pozzallo;3;0;2;0;2;3;2;4;3;1;4;1;2;2;0;3;3;1;0;1;0;0;2;0;1;0;1;0;0;4;1;2;4;2;3;3;2;3;4;0;6;2;4;5;1;3;6;2;3;2;0;1;0;0;1;1;0;1;0;0;0;0;0;1;1;1;0;0;0;0;1;0;0;0;0;0;0;1;0;0;0;0;0;0;0;0;0;0;0;0;0;0;0;0;0;0;0;0;0;0;0
088009;Ragusa;24;19;13;22;10;10;13;10;16;11;9;9;11;7;6;6;6;6;7;13;1;15;12;12;8;15;15;11;25;18;25;21;37;10;24;20;39;19;29;20;17;23;21;13;18;20;17;17;15;9;10;5;5;2;4;3;4;2;4;3;3;1;0;2;2;1;1;0;1;4;1;0;1;1;0;1;1;0;0;0;0;0;0;0;0;0;0;0;1;0;0;0;0;0;0;0;1;0;0;0;0
088010;Santa Croce Camerina;16;9;8;11;15;5;11;7;11;9;10;7;6;8;12;2;9;13;14;15;10;17;13;17;12;16;16;15;34;22;26;35;29;19;30;27;31;27;20;31;22;32;32;18;16;25;16;13;13;5;6;13;6;6;5;3;2;4;5;7;3;3;0;1;1;2;2;1;2;3;0;2;0;0;0;0;0;0;0;0;0;0;0;0;1;0;0;0;0;0;0;0;0;0;0;0;0;0;0;0;0
088011;Scicli;5;6;8;8;4;5;6;9;3;8;7;7;2;4;3;7;0;6;9;7;3;12;11;9;18;7;10;11;8;19;18;10;8;9;14;18;14;17;14;18;17;8;6;12;6;5;3;5;8;6;6;4;5;6;4;0;0;4;2;0;2;0;2;1;2;1;0;1;1;0;0;0;0;0;1;2;1;0;0;0;0;0;0;0;0;0;0;0;0;0;0;0;0;0;0;0;0;0;0;0;0
088012;Vittoria;22;19;19;14;17;11;10;8;15;9;12;10;19;3;0;3;5;0;12;5;14;10;15;26;25;23;36;35;62;54;76;55;70;58;57;51;69;58;83;63;56;68;38;42;38;38;30;19;20;13;15;12;12;5;6;7;5;1;2;5;1;2;2;2;2;0;2;2;3;1;2;0;2;3;0;0;0;0;1;1;1;0;0;0;0;0;0;0;0;0;0;0;0;0;0;0;0;0;0;0;0
;Totale;120;74;70;84;72;53;67;52;62;59;63;57;60;33;32;29;34;48;51;57;37;66;60;75;75;75;95;99;147;142;186;167;194;153;172;171;198;186;199;197;168;190;144;148;110;123;93;81;87;42;55;57;49;30;36;25;16;14;18;19;16;10;10;14;12;9;6;8;8;10;7;3;5;4;3;4;2;4;3;3;2;2;1;1;1;0;0;1;1;0;0;0;0;0;0;0;1;0;0;1;0
Territorio/Età;;0;1;2;3;4;5;6;7;8;9;10;11;12;13;14;15;16;17;18;19;20;21;22;23;24;25;26;27;28;29;30;31;32;33;34;35;36;37;38;39;40;41;42;43;44;45;46;47;48;49;50;51;52;53;54;55;56;57;58;59;60;61;62;63;64;65;66;67;68;69;70;71;72;73;74;75;76;77;78;79;80;81;82;83;84;85;86;87;88;89;90;91;92;93;94;95;96;97;98;99;100
Codice comune;Comune;Femmine
088001;Acate;3;0;3;6;4;2;3;5;0;3;3;5;3;2;0;5;0;0;2;0;0;0;0;2;4;0;6;2;4;9;4;7;3;5;3;1;3;1;6;2;6;2;3;4;3;0;7;0;2;2;1;2;0;1;0;1;0;1;1;0;0;0;1;0;0;1;1;1;0;0;0;0;0;0;0;0;0;0;0;0;0;0;0;0;0;0;0;0;0;0;0;0;0;0;0;0;0;0;0;0;0
088002;Chiaramonte Gulfi;0;3;2;0;1;0;2;0;1;0;0;0;1;3;0;2;0;2;1;0;1;1;3;0;0;3;1;2;2;4;0;3;4;5;4;1;0;0;3;1;2;2;1;3;2;0;1;1;1;0;0;2;1;0;0;4;0;1;0;1;0;0;0;0;0;0;0;0;0;0;0;0;0;0;0;0;0;0;0;0;0;0;0;0;0;0;0;1;0;0;0;0;0;0;0;0;0;0;0;0;0
088003;Comiso;4;14;8;5;14;7;3;5;7;14;10;4;2;4;2;3;6;3;0;2;2;5;6;2;2;4;5;6;11;7;13;12;16;15;13;10;6;6;9;10;6;6;6;4;10;7;2;6;4;1;3;2;7;3;2;4;4;2;1;1;0;1;2;1;1;1;0;0;2;3;1;0;1;0;0;1;0;0;0;1;1;0;0;0;0;0;0;0;0;0;0;0;0;0;0;0;0;0;0;0;0
088004;Giarratana;0;1;0;2;3;0;0;0;1;0;0;1;0;0;1;0;0;1;1;0;1;0;0;0;0;1;3;0;1;1;0;2;3;0;2;0;0;0;0;0;1;2;0;0;0;0;1;0;0;0;0;1;0;0;0;0;0;0;0;0;0;1;0;0;0;0;0;0;1;0;0;0;0;0;0;0;0;0;0;0;0;0;0;0;0;0;0;0;0;0;0;0;1;0;0;0;0;0;0;0;0
088005;Ispica;4;3;3;1;5;1;2;2;0;2;1;3;1;2;2;0;2;2;0;0;0;2;3;0;3;3;6;9;4;4;4;2;4;7;5;0;1;3;0;0;1;0;0;3;1;1;0;5;1;1;2;0;0;2;4;0;0;0;4;1;2;0;1;0;0;1;1;0;1;0;0;0;0;0;0;0;0;0;1;0;0;0;1;0;0;0;0;0;0;0;0;0;0;0;0;0;0;0;0;0;0
088006;Modica;5;5;5;6;4;3;4;7;2;2;3;7;3;1;4;7;6;3;0;2;4;0;1;8;4;0;0;0;19;10;19;8;13;12;8;5;7;13;7;2;6;0;12;9;5;4;8;9;9;8;3;4;2;6;2;4;4;3;5;2;1;0;2;1;3;0;3;1;1;0;1;2;0;0;0;0;0;0;0;1;0;1;0;0;0;0;0;0;0;0;0;0;0;0;0;0;0;0;0;0;0
088007;Monterosso Almo;0;0;0;0;0;0;0;0;0;0;0;0;0;0;1;0;0;0;1;0;0;1;1;0;0;0;0;0;1;2;0;0;1;0;1;0;0;0;0;0;0;0;0;0;0;1;0;0;0;0;0;0;0;0;0;0;0;0;0;0;0;0;0;0;0;0;0;0;0;0;0;0;0;0;0;0;0;0;0;0;0;0;0;0;0;0;0;0;0;0;0;0;0;0;0;0;0;0;0;0;0
088008;Pozzallo;4;4;1;2;3;2;1;3;0;0;1;3;6;1;2;0;0;2;0;0;1;0;0;0;2;2;4;4;8;6;6;5;5;5;1;4;2;0;7;4;2;8;2;5;1;0;0;2;2;0;0;0;2;1;2;0;0;0;2;1;0;0;0;0;0;0;0;0;0;0;0;0;0;1;0;0;1;0;0;0;0;0;0;1;0;0;0;0;0;0;0;0;0;0;0;0;0;0;0;0;0
088009;Ragusa;15;16;16;11;10;11;9;8;13;5;8;16;8;8;9;4;1;7;0;3;3;8;10;6;6;21;17;30;13;21;19;25;25;7;19;21;2;20;17;10;11;11;22;20;13;13;10;5;5;9;0;2;5;1;4;4;3;5;4;4;1;1;1;1;2;1;1;0;4;1;1;2;2;0;2;0;0;1;0;0;1;1;1;1;0;0;0;0;0;0;0;0;0;0;0;0;0;0;0;0;0
088010;Santa Croce Camerina;15;7;7;12;10;2;8;8;8;7;7;4;7;6;3;2;2;3;0;2;4;6;7;5;6;6;12;8;7;11;19;4;14;6;5;9;9;9;3;6;3;2;7;4;6;4;3;1;2;0;2;2;0;3;0;0;1;1;1;0;2;0;0;0;0;0;1;0;1;0;1;0;0;0;0;0;0;0;0;0;0;0;0;0;0;0;0;0;0;0;0;0;0;0;0;0;0;0;0;0;0
088011;Scicli;9;13;8;9;7;8;10;1;3;7;1;10;6;4;9;1;4;3;0;1;6;7;6;0;5;4;10;7;11;9;14;15;7;11;11;10;7;5;9;8;12;3;4;4;4;2;3;2;2;2;1;7;1;1;0;1;1;1;1;1;0;1;1;1;3;3;2;1;0;0;1;0;0;1;0;1;0;0;0;0;0;1;0;0;0;0;0;0;0;0;0;0;0;0;0;0;0;0;0;0;0
088012;Vittoria;23;19;18;27;23;8;13;6;10;17;8;9;8;8;3;4;8;5;1;0;6;9;14;8;14;10;15;19;22;14;18;24;21;16;19;20;19;16;10;6;15;10;13;4;4;10;4;5;6;4;6;8;1;3;0;1;1;1;4;1;2;3;0;2;2;0;2;0;2;1;1;0;1;0;0;1;0;0;0;1;1;1;0;0;0;0;0;0;0;0;0;0;0;0;0;0;0;0;0;0;0
;Totale;82;85;71;81;84;44;55;45;45;57;42;62;45;39;36;28;29;31;6;10;28;39;51;31;46;54;79;87;103;98;116;107;116;89;91;81;56;73;71;49;65;46;70;60;49;42;39;36;34;27;18;30;19;21;14;19;14;15;23;12;8;7;8;6;11;7;11;3;12;5;6;4;4;2;2;3;1;1;1;3;3;4;2;2;0;0;0;1;0;0;0;0;1;0;0;0;0;0;0;0;0

"Ricostruzione della popolazione intercensuaria - Popolazione al 1° gennaio per età"
"Cittadinanza straniera - Anno: 2007 - Provincia: Ragusa"
Territorio/Età;;0;1;2;3;4;5;6;7;8;9;10;11;12;13;14;15;16;17;18;19;20;21;22;23;24;25;26;27;28;29;30;31;32;33;34;35;36;37;38;39;40;41;42;43;44;45;46;47;48;49;50;51;52;53;54;55;56;57;58;59;60;61;62;63;64;65;66;67;68;69;70;71;72;73;74;75;76;77;78;79;80;81;82;83;84;85;86;87;88;89;90;91;92;93;94;95;96;97;98;99;100
Codice comune;Comune;Totale
088001;Acate;12;19;1;9;13;5;9;8;6;5;9;5;10;4;6;0;6;0;4;2;0;0;0;2;3;9;6;16;13;6;16;12;15;12;20;12;14;16;8;11;20;18;16;17;13;12;10;18;5;6;4;3;4;2;4;7;3;1;2;3;0;3;0;2;2;1;0;2;1;0;0;0;0;0;0;0;0;0;0;0;0;0;0;0;0;0;0;0;0;0;0;0;0;0;0;0;0;0;0;0;0
088002;Chiaramonte Gulfi;7;1;5;3;1;1;1;4;0;2;2;2;1;3;4;3;4;1;6;2;1;5;1;5;1;2;3;4;5;3;8;5;6;9;7;5;3;4;3;3;5;5;5;4;7;5;5;2;7;5;0;0;6;2;0;0;4;0;1;1;1;0;0;0;0;0;0;0;0;0;0;1;0;0;0;0;0;0;0;0;0;0;0;0;0;0;0;0;1;0;0;0;0;0;0;0;0;0;0;0;0
088003;Comiso;24;18;19;17;22;32;14;15;11;13;23;14;9;4;7;3;5;9;7;1;7;0;8;8;2;3;6;14;17;25;20;26;27;25;30;25;21;18;19;25;28;17;23;19;26;20;14;7;14;14;3;12;5;12;6;4;5;6;3;3;6;2;2;3;1;2;3;1;2;1;4;1;1;3;0;1;2;0;0;1;2;1;1;1;0;0;0;0;0;0;0;0;0;0;0;1;0;0;0;0;0
088004;Giarratana;1;2;2;2;3;4;0;0;0;1;0;1;1;1;0;1;0;1;2;1;1;2;0;0;1;0;1;7;0;1;3;1;4;2;0;3;1;3;0;0;1;0;3;0;1;0;0;1;0;0;0;2;0;0;0;0;0;0;0;0;0;0;1;0;0;0;0;0;0;1;0;0;0;0;0;0;0;0;0;0;1;0;0;0;0;0;0;0;0;0;0;0;0;1;0;0;0;0;0;0;0
088005;Ispica;19;10;15;9;5;6;3;4;3;4;2;4;6;8;2;4;2;2;4;5;7;0;2;9;1;4;2;7;13;15;8;9;12;19;14;9;17;10;15;10;16;11;12;3;12;7;5;3;10;2;5;2;5;5;2;5;4;0;0;4;1;2;2;3;4;1;2;1;0;1;0;0;1;0;0;1;0;0;0;2;0;1;0;1;0;0;0;0;0;0;0;0;0;0;0;0;0;0;0;0;1
088006;Modica;11;17;12;5;12;11;9;11;17;6;6;15;12;13;4;11;19;12;12;3;4;8;8;11;19;16;9;0;0;18;16;29;20;26;27;18;21;15;37;24;15;21;13;23;26;10;16;10;16;14;13;10;9;8;6;7;7;6;4;6;2;2;2;2;3;4;2;3;3;2;1;2;0;1;0;0;0;0;2;0;1;0;1;0;1;0;1;0;0;0;0;0;0;0;0;0;0;0;0;0;0
088007;Monterosso Almo;0;0;1;0;0;0;1;0;0;0;0;0;0;0;0;1;0;1;0;0;0;0;2;2;0;0;0;1;0;1;2;0;0;2;0;0;1;0;0;0;0;0;0;0;1;0;1;0;0;0;0;0;0;0;0;0;0;0;0;0;0;0;0;0;0;0;0;0;0;0;0;0;0;0;0;0;0;0;0;0;0;0;0;0;0;0;0;0;0;0;0;0;0;0;0;0;0;0;0;0;0
088008;Pozzallo;6;6;3;7;2;5;8;3;9;3;1;6;4;9;4;2;4;3;3;0;1;0;0;4;1;2;1;8;7;8;14;8;6;8;8;8;8;8;4;10;7;7;10;5;7;3;3;6;5;4;3;2;1;3;2;2;1;1;1;2;1;1;0;0;1;2;3;1;0;0;0;3;0;0;1;0;1;1;1;0;0;0;0;0;1;0;0;0;0;0;0;0;0;0;0;0;0;0;0;0;0
088009;Ragusa;33;41;37;30;36;22;22;22;23;27;18;17;26;20;20;17;10;8;23;11;19;9;13;17;17;20;39;34;48;34;42;48;53;69;18;46;43;41;38;46;32;27;32;45;31;33;40;28;23;18;14;8;5;8;2;6;5;8;5;8;7;4;3;1;2;5;3;2;0;4;4;2;2;3;1;2;2;1;1;0;0;1;1;0;1;0;0;0;0;1;0;0;0;0;0;0;0;0;0;0;0
088010;Santa Croce Camerina;33;30;17;15;23;27;9;19;18;20;18;19;13;13;13;16;7;12;21;11;17;17;21;18;20;17;25;27;23;43;31;48;40;43;24;32;40;41;36;29;36;26;31;40;18;18;28;17;13;15;2;9;18;5;8;7;1;3;5;5;6;3;3;0;2;2;2;2;1;3;3;1;1;0;0;0;0;0;0;0;0;0;0;1;0;1;0;0;0;0;0;0;0;0;0;0;0;0;0;0;0
088011;Scicli;29;16;18;15;20;14;15;15;11;10;14;16;20;11;11;12;10;8;10;14;9;10;17;17;11;24;14;17;18;18;37;29;31;18;18;25;22;22;24;25;29;27;13;10;14;11;8;8;9;9;8;10;14;4;7;5;2;1;4;3;1;4;1;2;3;4;3;1;1;1;0;0;1;0;1;1;2;1;0;0;0;0;1;0;0;0;0;0;0;0;0;0;0;0;0;0;0;0;0;0;0
088012;Vittoria;52;44;39;38;41;42;21;23;16;28;29;20;17;27;9;3;8;11;6;18;1;24;21;28;37;39;36;44;54;87;63;84;75;82;68;72;68;86;71;88;69;75;77;49;46;40;45;30;24;24;17;18;14;15;9;5;8;4;2;5;6;3;4;2;3;3;0;5;1;4;1;3;0;3;3;0;1;0;0;1;1;2;0;0;0;0;0;0;0;0;0;0;0;0;0;0;0;0;0;0;0
;Totale;227;204;169;150;178;169;112;124;114;119;122;119;119;113;80;73;75;68;98;68;67;75;93;121;113;136;142;179;198;259;260;299;289;315;234;255;259;264;255;271;258;234;235;215;202;159;175;130;126;111;69;76;81;64;46;48;40;30;27;40;31;24;18;15;21;24;18;18;9;17;13;13;6;10;6;5;8;3;4;4;5;5;4;3;3;1;1;0;1;1;0;0;0;1;0;1;0;0;0;0;1
Territorio/Età;;0;1;2;3;4;5;6;7;8;9;10;11;12;13;14;15;16;17;18;19;20;21;22;23;24;25;26;27;28;29;30;31;32;33;34;35;36;37;38;39;40;41;42;43;44;45;46;47;48;49;50;51;52;53;54;55;56;57;58;59;60;61;62;63;64;65;66;67;68;69;70;71;72;73;74;75;76;77;78;79;80;81;82;83;84;85;86;87;88;89;90;91;92;93;94;95;96;97;98;99;100
Codice comune;Comune;Maschi
088001;Acate;8;15;1;5;7;1;6;5;1;3;6;2;6;0;4;0;2;0;4;0;0;0;0;0;0;2;6;11;12;2;8;6;5;10;16;10;13;13;7;4;17;12;15;14;8;9;9;11;5;4;2;2;2;2;3;7;2;1;0;2;0;3;0;1;2;1;0;1;0;0;0;0;0;0;0;0;0;0;0;0;0;0;0;0;0;0;0;0;0;0;0;0;0;0;0;0;0;0;0;0;0
088002;Chiaramonte Gulfi;2;1;1;1;1;0;1;2;0;1;2;2;1;2;1;3;2;0;4;1;0;3;1;1;1;1;0;2;4;0;1;4;0;3;2;1;2;2;3;2;4;2;3;3;4;3;5;1;5;4;0;0;3;1;0;0;0;0;0;1;0;0;0;0;0;0;0;0;0;0;0;1;0;0;0;0;0;0;0;0;0;0;0;0;0;0;0;0;0;0;0;0;0;0;0;0;0;0;0;0;0
088003;Comiso;14;14;6;10;17;18;7;13;5;5;8;3;7;2;0;0;1;3;3;1;6;0;0;0;0;0;3;9;11;10;11;14;15;10;15;15;11;10;13;15;18;12;17;13;22;11;9;5;8;11;1;10;4;5;3;2;3;2;1;2;4;2;1;2;0;1;1;0;2;0;1;1;1;3;0;1;1;0;0;1;1;0;1;1;0;0;0;0;0;0;0;0;0;0;0;0;0;0;0;0;0
088004;Giarratana;1;2;1;2;1;1;0;0;0;0;0;1;0;1;0;0;0;1;1;0;1;0;0;0;0;0;0;3;0;0;2;0;0;0;0;0;1;2;0;0;1;0;1;0;1;0;0;0;0;0;0;1;0;0;0;0;0;0;0;0;0;0;0;0;0;0;0;0;0;0;0;0;0;0;0;0;0;0;0;0;1;0;0;0;0;0;0;0;0;0;0;0;0;0;0;0;0;0;0;0;0
088005;Ispica;9;6;10;4;3;1;3;1;1;2;0;3;3;5;0;0;2;0;2;5;7;0;0;0;1;0;0;0;2;8;3;5;9;10;7;4;17;9;11;10;15;10;10;3;8;5;4;2;6;1;4;0;4;4;0;2;3;0;0;0;0;0;2;2;4;1;2;0;0;0;0;0;0;0;0;1;0;0;0;1;0;1;0;0;0;0;0;0;0;0;0;0;0;0;0;0;0;0;0;0;1
088006;Modica;8;11;6;1;4;8;5;7;8;4;5;12;5;11;4;9;10;5;8;3;2;4;8;6;9;9;9;0;0;0;5;9;9;15;16;11;15;8;22;17;13;13;13;12;17;4;11;2;5;6;3;8;5;6;2;5;4;1;2;1;0;2;2;0;1;1;1;0;2;1;1;1;0;1;0;0;0;0;2;0;0;0;0;0;1;0;0;0;0;0;0;0;0;0;0;0;0;0;0;0;0
088007;Monterosso Almo;0;0;1;0;0;0;1;0;0;0;0;0;0;0;0;0;0;1;0;0;0;0;0;0;0;0;0;1;0;0;0;0;0;1;0;0;1;0;0;0;0;0;0;0;0;0;0;0;0;0;0;0;0;0;0;0;0;0;0;0;0;0;0;0;0;0;0;0;0;0;0;0;0;0;0;0;0;0;0;0;0;0;0;0;0;0;0;0;0;0;0;0;0;0;0;0;0;0;0;0;0
088008;Pozzallo;5;2;0;4;0;1;5;2;6;3;1;5;1;3;1;0;4;3;1;0;1;0;0;4;0;0;0;2;2;0;5;0;2;5;3;5;5;4;4;3;3;5;2;3;4;3;3;6;2;2;2;2;1;0;1;1;1;1;0;0;0;0;0;0;1;2;2;0;0;0;0;1;0;0;0;0;1;0;1;0;0;0;0;0;0;0;0;0;0;0;0;0;0;0;0;0;0;0;0;0;0
088009;Ragusa;11;24;22;13;23;10;10;13;14;12;10;8;9;11;11;8;7;7;10;10;12;0;6;7;9;6;14;14;15;24;19;27;23;38;8;23;17;33;18;28;20;17;22;23;10;20;25;16;18;15;8;8;4;4;2;2;2;6;1;3;4;3;2;0;1;2;2;1;0;1;3;1;0;0;1;0;2;1;0;0;0;0;0;0;0;0;0;0;0;1;0;0;0;0;0;0;0;0;0;0;0
088010;Santa Croce Camerina;12;15;10;8;11;16;6;9;8;12;10;10;9;6;8;12;5;11;16;11;14;9;14;11;14;9;17;17;14;34;20;26;34;29;18;28;30;32;27;24;29;23;29;32;16;13;23;15;12;13;2;7;16;5;5;6;1;2;4;4;6;3;3;0;2;1;2;2;1;3;3;0;1;0;0;0;0;0;0;0;0;0;0;0;0;1;0;0;0;0;0;0;0;0;0;0;0;0;0;0;0
088011;Scicli;18;4;5;8;9;5;4;5;8;4;8;12;9;5;4;3;8;5;8;9;7;4;9;11;10;20;9;4;11;9;23;16;11;8;9;14;13;15;18;15;21;17;8;3;10;6;6;5;6;8;6;8;6;4;6;4;1;0;3;2;0;3;0;1;2;1;1;0;1;1;0;0;1;0;0;1;1;1;0;0;0;0;0;0;0;0;0;0;0;0;0;0;0;0;0;0;0;0;0;0;0
088012;Vittoria;27;22;19;19;14;18;12;10;10;17;11;12;9;20;0;1;4;6;1;14;1;13;8;12;24;25;22;26;30;60;45;68;51;60;53;53;48;67;57;80;62;57;68;36;42;37;34;28;20;19;13;13;8;14;5;5;7;2;1;2;5;1;1;2;2;2;0;2;1;2;1;2;0;2;3;0;0;0;0;1;0;1;0;0;0;0;0;0;0;0;0;0;0;0;0;0;0;0;0;0;0
;Totale;115;116;82;75;90;79;60;67;61;63;61;70;59;66;33;36;45;42;58;54;51;33;46;52;68;72;80;89;101;147;142;175;159;189;147;164;173;195;180;198;203;168;188;142;142;111;129;91;87;83;41;59;53;45;27;34;24;15;12;17;19;17;11;8;15;12;11;6;7;8;9;7;3;6;4;3;5;2;3;3;2;2;1;1;1;1;0;0;0;1;0;0;0;0;0;0;0;0;0;0;1
Territorio/Età;;0;1;2;3;4;5;6;7;8;9;10;11;12;13;14;15;16;17;18;19;20;21;22;23;24;25;26;27;28;29;30;31;32;33;34;35;36;37;38;39;40;41;42;43;44;45;46;47;48;49;50;51;52;53;54;55;56;57;58;59;60;61;62;63;64;65;66;67;68;69;70;71;72;73;74;75;76;77;78;79;80;81;82;83;84;85;86;87;88;89;90;91;92;93;94;95;96;97;98;99;100
Codice comune;Comune;Femmine
088001;Acate;4;4;0;4;6;4;3;3;5;2;3;3;4;4;2;0;4;0;0;2;0;0;0;2;3;7;0;5;1;4;8;6;10;2;4;2;1;3;1;7;3;6;1;3;5;3;1;7;0;2;2;1;2;0;1;0;1;0;2;1;0;0;0;1;0;0;0;1;1;0;0;0;0;0;0;0;0;0;0;0;0;0;0;0;0;0;0;0;0;0;0;0;0;0;0;0;0;0;0;0;0
088002;Chiaramonte Gulfi;5;0;4;2;0;1;0;2;0;1;0;0;0;1;3;0;2;1;2;1;1;2;0;4;0;1;3;2;1;3;7;1;6;6;5;4;1;2;0;1;1;3;2;1;3;2;0;1;2;1;0;0;3;1;0;0;4;0;1;0;1;0;0;0;0;0;0;0;0;0;0;0;0;0;0;0;0;0;0;0;0;0;0;0;0;0;0;0;1;0;0;0;0;0;0;0;0;0;0;0;0
088003;Comiso;10;4;13;7;5;14;7;2;6;8;15;11;2;2;7;3;4;6;4;0;1;0;8;8;2;3;3;5;6;15;9;12;12;15;15;10;10;8;6;10;10;5;6;6;4;9;5;2;6;3;2;2;1;7;3;2;2;4;2;1;2;0;1;1;1;1;2;1;0;1;3;0;0;0;0;0;1;0;0;0;1;1;0;0;0;0;0;0;0;0;0;0;0;0;0;1;0;0;0;0;0
088004;Giarratana;0;0;1;0;2;3;0;0;0;1;0;0;1;0;0;1;0;0;1;1;0;2;0;0;1;0;1;4;0;1;1;1;4;2;0;3;0;1;0;0;0;0;2;0;0;0;0;1;0;0;0;1;0;0;0;0;0;0;0;0;0;0;1;0;0;0;0;0;0;1;0;0;0;0;0;0;0;0;0;0;0;0;0;0;0;0;0;0;0;0;0;0;0;1;0;0;0;0;0;0;0
088005;Ispica;10;4;5;5;2;5;0;3;2;2;2;1;3;3;2;4;0;2;2;0;0;0;2;9;0;4;2;7;11;7;5;4;3;9;7;5;0;1;4;0;1;1;2;0;4;2;1;1;4;1;1;2;1;1;2;3;1;0;0;4;1;2;0;1;0;0;0;1;0;1;0;0;1;0;0;0;0;0;0;1;0;0;0;1;0;0;0;0;0;0;0;0;0;0;0;0;0;0;0;0;0
088006;Modica;3;6;6;4;8;3;4;4;9;2;1;3;7;2;0;2;9;7;4;0;2;4;0;5;10;7;0;0;0;18;11;20;11;11;11;7;6;7;15;7;2;8;0;11;9;6;5;8;11;8;10;2;4;2;4;2;3;5;2;5;2;0;0;2;2;3;1;3;1;1;0;1;0;0;0;0;0;0;0;0;1;0;1;0;0;0;1;0;0;0;0;0;0;0;0;0;0;0;0;0;0
088007;Monterosso Almo;0;0;0;0;0;0;0;0;0;0;0;0;0;0;0;1;0;0;0;0;0;0;2;2;0;0;0;0;0;1;2;0;0;1;0;0;0;0;0;0;0;0;0;0;1;0;1;0;0;0;0;0;0;0;0;0;0;0;0;0;0;0;0;0;0;0;0;0;0;0;0;0;0;0;0;0;0;0;0;0;0;0;0;0;0;0;0;0;0;0;0;0;0;0;0;0;0;0;0;0;0
088008;Pozzallo;1;4;3;3;2;4;3;1;3;0;0;1;3;6;3;2;0;0;2;0;0;0;0;0;1;2;1;6;5;8;9;8;4;3;5;3;3;4;0;7;4;2;8;2;3;0;0;0;3;2;1;0;0;3;1;1;0;0;1;2;1;1;0;0;0;0;1;1;0;0;0;2;0;0;1;0;0;1;0;0;0;0;0;0;1;0;0;0;0;0;0;0;0;0;0;0;0;0;0;0;0
088009;Ragusa;22;17;15;17;13;12;12;9;9;15;8;9;17;9;9;9;3;1;13;1;7;9;7;10;8;14;25;20;33;10;23;21;30;31;10;23;26;8;20;18;12;10;10;22;21;13;15;12;5;3;6;0;1;4;0;4;3;2;4;5;3;1;1;1;1;3;1;1;0;3;1;1;2;3;0;2;0;0;1;0;0;1;1;0;1;0;0;0;0;0;0;0;0;0;0;0;0;0;0;0;0
088010;Santa Croce Camerina;21;15;7;7;12;11;3;10;10;8;8;9;4;7;5;4;2;1;5;0;3;8;7;7;6;8;8;10;9;9;11;22;6;14;6;4;10;9;9;5;7;3;2;8;2;5;5;2;1;2;0;2;2;0;3;1;0;1;1;1;0;0;0;0;0;1;0;0;0;0;0;1;0;0;0;0;0;0;0;0;0;0;0;1;0;0;0;0;0;0;0;0;0;0;0;0;0;0;0;0;0
088011;Scicli;11;12;13;7;11;9;11;10;3;6;6;4;11;6;7;9;2;3;2;5;2;6;8;6;1;4;5;13;7;9;14;13;20;10;9;11;9;7;6;10;8;10;5;7;4;5;2;3;3;1;2;2;8;0;1;1;1;1;1;1;1;1;1;1;1;3;2;1;0;0;0;0;0;0;1;0;1;0;0;0;0;0;1;0;0;0;0;0;0;0;0;0;0;0;0;0;0;0;0;0;0
088012;Vittoria;25;22;20;19;27;24;9;13;6;11;18;8;8;7;9;2;4;5;5;4;0;11;13;16;13;14;14;18;24;27;18;16;24;22;15;19;20;19;14;8;7;18;9;13;4;3;11;2;4;5;4;5;6;1;4;0;1;2;1;3;1;2;3;0;1;1;0;3;0;2;0;1;0;1;0;0;1;0;0;0;1;1;0;0;0;0;0;0;0;0;0;0;0;0;0;0;0;0;0;0;0
;Totale;112;88;87;75;88;90;52;57;53;56;61;49;60;47;47;37;30;26;40;14;16;42;47;69;45;64;62;90;97;112;118;124;130;126;87;91;86;69;75;73;55;66;47;73;60;48;46;39;39;28;28;17;28;19;19;14;16;15;15;23;12;7;7;7;6;12;7;12;2;9;4;6;3;4;2;2;3;1;1;1;3;3;3;2;2;0;1;0;1;0;0;0;0;1;0;1;0;0;0;0;0

"Ricostruzione della popolazione intercensuaria - Popolazione al 1° gennaio per età"
"Cittadinanza straniera - Anno: 2008 - Provincia: Ragusa"
Territorio/Età;;0;1;2;3;4;5;6;7;8;9;10;11;12;13;14;15;16;17;18;19;20;21;22;23;24;25;26;27;28;29;30;31;32;33;34;35;36;37;38;39;40;41;42;43;44;45;46;47;48;49;50;51;52;53;54;55;56;57;58;59;60;61;62;63;64;65;66;67;68;69;70;71;72;73;74;75;76;77;78;79;80;81;82;83;84;85;86;87;88;89;90;91;92;93;94;95;96;97;98;99;100
Codice comune;Comune;Totale
088001;Acate;15;14;20;3;12;12;7;10;9;6;7;8;7;8;5;6;1;7;4;4;8;4;6;11;7;9;16;18;18;25;4;18;17;20;16;23;17;27;25;12;17;25;20;19;20;13;15;14;18;5;6;4;6;5;3;4;7;3;1;2;3;0;3;0;2;2;1;0;2;1;0;0;0;0;0;0;0;0;0;0;0;0;0;0;0;0;0;0;0;0;0;0;0;0;0;0;1;0;0;0;0
088002;Chiaramonte Gulfi;6;7;1;5;4;1;2;1;4;1;3;2;8;3;4;3;4;6;2;10;5;4;5;4;12;7;8;7;12;9;10;12;11;11;11;10;3;5;8;6;7;7;6;6;7;10;6;6;7;10;5;0;2;6;3;1;0;3;0;1;2;1;1;0;0;0;0;1;0;0;0;0;1;0;0;0;0;0;0;0;0;0;0;0;0;0;0;0;0;0;0;0;0;0;0;0;0;0;0;0;0
088003;Comiso;23;25;26;25;21;26;35;16;17;18;16;23;17;11;5;7;9;12;11;14;5;19;3;17;18;5;7;17;26;24;33;27;30;31;30;35;28;29;26;29;30;28;19;30;23;25;25;17;10;18;17;3;14;6;14;6;5;7;6;5;5;5;2;2;4;1;2;5;2;2;1;4;2;0;3;0;2;1;0;0;1;2;1;1;1;0;0;0;0;0;0;0;0;0;0;0;0;0;0;0;0
088004;Giarratana;1;0;2;2;2;3;4;0;0;1;1;0;1;2;1;0;2;0;1;2;0;1;4;0;0;1;0;2;7;0;2;3;3;4;1;1;2;3;3;0;0;2;0;4;0;1;2;0;1;0;2;0;2;0;0;0;0;0;0;0;0;0;0;1;0;0;0;0;1;0;1;0;0;0;0;0;0;0;0;0;0;1;0;0;0;0;0;0;0;0;0;0;0;0;1;0;0;0;0;0;0
088005;Ispica;10;20;15;11;7;6;7;9;1;4;4;4;3;7;7;3;5;8;3;9;6;9;3;4;14;2;10;3;9;17;16;11;16;12;23;18;10;20;14;15;16;14;12;16;5;14;5;6;4;9;2;9;3;8;7;3;5;3;0;3;3;1;2;4;3;4;1;2;2;0;1;0;0;2;1;0;1;0;0;0;0;0;0;0;1;0;0;0;0;0;0;0;0;0;0;0;0;0;0;0;0
088006;Modica;25;13;11;12;5;14;13;14;13;19;11;7;18;13;13;9;17;24;17;15;8;11;20;14;15;22;22;10;3;8;18;22;37;32;36;29;25;28;20;44;26;23;27;19;28;28;11;19;14;14;18;15;10;12;8;10;8;8;7;3;5;2;2;2;2;3;4;2;3;3;1;1;2;2;0;0;0;0;0;2;0;1;0;1;0;1;0;1;0;0;0;1;0;0;0;0;0;0;0;0;0
088007;Monterosso Almo;0;0;0;1;0;0;0;1;0;0;0;0;0;0;0;0;1;0;1;0;0;0;0;2;2;1;0;1;3;0;2;2;1;0;2;0;0;4;0;0;0;0;0;0;0;1;0;1;0;0;0;0;0;0;0;0;0;0;0;0;0;0;0;0;0;0;0;0;0;0;0;0;0;0;0;0;0;0;0;0;0;0;0;0;0;0;0;0;0;0;0;0;0;0;0;0;0;0;0;0;0
088008;Pozzallo;7;3;2;3;11;4;3;8;3;7;5;1;6;4;8;4;0;4;4;4;3;5;0;4;12;1;7;5;14;9;9;19;13;6;6;9;8;9;10;6;12;9;8;7;6;7;5;4;6;10;5;3;2;3;5;1;2;2;1;2;2;2;3;0;0;3;1;2;2;2;0;0;2;0;0;0;0;1;1;1;0;0;0;0;2;2;0;0;0;0;0;0;0;0;0;0;0;0;0;0;0
088009;Ragusa;43;30;47;34;32;38;24;20;26;27;23;20;18;24;23;16;15;13;14;26;13;23;20;18;25;23;20;46;36;56;38;45;44;58;75;18;48;41;44;39;46;34;27;31;44;33;31;46;30;24;20;14;10;6;8;7;6;6;9;6;7;7;4;4;1;3;3;3;2;1;4;2;3;2;2;1;2;2;0;1;0;0;0;1;0;1;0;0;0;0;1;0;0;0;0;0;0;0;0;0;0
088010;Santa Croce Camerina;28;35;25;19;17;20;27;14;18;19;18;19;20;14;17;15;16;11;17;24;17;24;24;20;21;17;23;31;29;24;44;36;56;41;47;28;32;36;42;35;30;38;24;33;39;21;20;25;19;14;19;2;10;19;2;7;6;1;4;8;4;5;3;3;0;0;3;2;2;0;3;3;1;1;0;0;0;0;0;0;0;0;0;0;1;0;1;0;0;0;0;0;0;0;0;0;0;0;0;0;0
088011;Scicli;20;30;16;18;14;16;14;15;14;11;10;17;18;20;10;9;15;15;4;9;11;7;13;18;17;9;22;16;16;21;19;34;31;35;23;20;26;23;22;26;24;30;27;14;9;10;8;4;6;9;7;10;13;14;5;7;5;2;1;4;3;2;4;0;2;3;5;4;2;1;1;0;0;1;0;1;1;2;1;0;0;0;0;1;0;0;0;0;0;0;0;0;0;0;0;0;0;0;0;0;0
088012;Vittoria;60;57;49;40;39;41;49;23;31;22;29;32;26;16;28;11;6;15;21;15;39;19;39;43;42;66;69;61;62;73;103;79;99;94;97;77;82;76;105;73;91;74;82;73;52;54;41;47;32;25;35;23;22;17;14;8;7;9;6;3;6;6;1;4;1;1;3;1;3;1;4;0;2;0;2;3;0;0;1;0;0;0;1;0;0;0;0;0;0;0;0;0;0;0;0;0;0;0;0;0;0
;Totale;238;234;214;173;164;181;185;131;136;135;127;133;142;122;121;83;91;115;99;132;115;126;137;155;185;163;204;217;235;266;298;308;358;344;367;268;281;301;319;285;299;284;252;252;233;217;169;189;147;138;136;83;94;96;69;54;51;44;35;37;40;31;25;20;15;20;23;22;21;11;16;10;13;8;8;5;6;6;3;4;1;4;2;4;5;4;1;1;0;0;1;1;0;0;1;0;1;0;0;0;0
Territorio/Età;;0;1;2;3;4;5;6;7;8;9;10;11;12;13;14;15;16;17;18;19;20;21;22;23;24;25;26;27;28;29;30;31;32;33;34;35;36;37;38;39;40;41;42;43;44;45;46;47;48;49;50;51;52;53;54;55;56;57;58;59;60;61;62;63;64;65;66;67;68;69;70;71;72;73;74;75;76;77;78;79;80;81;82;83;84;85;86;87;88;89;90;91;92;93;94;95;96;97;98;99;100
Codice comune;Comune;Maschi
088001;Acate;7;10;16;1;7;7;2;7;5;1;3;6;2;4;1;5;1;2;0;4;3;0;0;9;0;0;6;12;10;16;0;9;10;5;12;17;12;23;18;8;8;16;12;15;16;6;11;11;10;5;3;2;4;2;2;3;7;2;1;0;2;0;3;0;1;2;1;0;1;0;0;0;0;0;0;0;0;0;0;0;0;0;0;0;0;0;0;0;0;0;0;0;0;0;0;0;1;0;0;0;0
088002;Chiaramonte Gulfi;4;2;1;1;1;1;0;1;2;1;1;1;4;2;3;1;3;5;1;6;4;1;3;3;4;2;4;0;7;5;5;4;7;4;5;4;1;3;4;2;4;4;2;3;3;4;4;5;1;5;5;0;1;3;2;0;0;0;0;0;1;0;1;0;0;0;0;0;0;0;0;0;1;0;0;0;0;0;0;0;0;0;0;0;0;0;0;0;0;0;0;0;0;0;0;0;0;0;0;0;0
088003;Comiso;13;15;17;9;9;18;17;7;13;9;6;7;4;7;3;0;4;8;5;8;5;10;0;0;2;0;0;3;19;13;13;15;17;16;13;16;18;16;13;21;17;18;13;17;13;21;13;8;6;7;13;0;11;5;5;2;3;4;2;1;3;4;2;1;3;0;1;1;1;2;0;1;1;0;3;0;1;1;0;0;1;1;0;1;1;0;0;0;0;0;0;0;0;0;0;0;0;0;0;0;0
088004;Giarratana;1;0;2;1;2;1;1;0;0;0;0;0;1;0;1;0;1;0;1;1;0;1;1;0;0;0;0;0;3;0;0;2;0;0;0;1;0;1;2;0;0;2;0;1;0;1;0;0;0;0;0;0;1;0;0;0;0;0;0;0;0;0;0;0;0;0;0;0;0;0;0;0;0;0;0;0;0;0;0;0;0;1;0;0;0;0;0;0;0;0;0;0;0;0;0;0;0;0;0;0;0
088005;Ispica;7;8;10;8;3;4;2;7;1;1;2;0;3;4;5;0;0;7;0;7;6;8;0;0;3;2;1;0;0;4;8;3;9;8;12;12;7;17;13;11;13;14;11;14;5;10;4;4;2;6;1;8;0;5;6;1;2;2;0;1;0;0;0;3;2;4;1;2;0;0;0;0;0;1;0;0;1;0;0;0;0;0;0;0;0;0;0;0;0;0;0;0;0;0;0;0;0;0;0;0;0
088006;Modica;16;10;6;6;0;7;9;11;7;9;7;5;13;6;12;7;14;13;8;8;5;5;9;10;9;10;8;9;0;1;0;7;13;15;19;17;14;16;11;25;16;16;14;16;13;16;3;11;4;2;7;4;7;5;4;2;5;4;1;2;1;0;2;2;0;1;1;1;0;2;1;1;1;1;0;0;0;0;0;2;0;0;0;0;0;1;0;0;0;0;0;1;0;0;0;0;0;0;0;0;0
088007;Monterosso Almo;0;0;0;1;0;0;0;1;0;0;0;0;0;0;0;0;0;0;1;0;0;0;0;0;0;0;0;1;2;0;0;0;0;0;1;0;0;2;0;0;0;0;0;0;0;0;0;0;0;0;0;0;0;0;0;0;0;0;0;0;0;0;0;0;0;0;0;0;0;0;0;0;0;0;0;0;0;0;0;0;0;0;0;0;0;0;0;0;0;0;0;0;0;0;0;0;0;0;0;0;0
088008;Pozzallo;2;3;1;0;5;1;0;5;2;5;5;1;5;1;3;1;0;4;3;3;0;2;0;1;6;0;3;0;4;3;1;6;2;1;4;5;5;6;7;6;2;4;5;1;3;3;4;3;6;5;4;2;2;1;0;0;1;2;1;0;0;0;0;0;0;3;1;1;1;1;0;0;0;0;0;0;0;1;0;1;0;0;0;0;0;0;0;0;0;0;0;0;0;0;0;0;0;0;0;0;0
088009;Ragusa;20;8;28;19;14;23;12;8;16;20;11;11;7;8;14;9;7;8;12;12;10;12;3;6;11;8;4;16;10;20;23;17;20;25;43;9;23;15;33;15;23;21;17;22;24;10;19;27;19;17;14;7;10;4;4;4;2;3;5;1;2;4;3;3;0;2;0;2;1;1;1;2;2;0;0;1;0;2;0;0;0;0;0;0;0;0;0;0;0;0;1;0;0;0;0;0;0;0;0;0;0
088010;Santa Croce Camerina;14;11;13;12;7;8;17;8;9;8;11;11;11;9;9;9;12;10;14;19;12;16;12;11;9;10;11;17;18;12;33;23;31;33;29;20;27;25;29;26;25;31;22;29;28;19;11;20;16;12;14;2;7;15;2;4;5;1;2;7;3;5;3;3;0;0;2;2;2;0;3;3;0;1;0;0;0;0;0;0;0;0;0;0;0;0;1;0;0;0;0;0;0;0;0;0;0;0;0;0;0
088011;Scicli;14;17;3;5;8;6;5;3;3;8;4;8;14;10;4;2;4;10;2;7;5;5;6;8;10;4;17;11;4;12;9;21;15;15;11;11;15;13;14;19;14;21;18;9;3;6;5;2;4;6;6;7;9;6;5;6;4;1;0;3;2;0;3;0;1;2;2;2;1;1;1;0;0;1;0;0;1;1;1;0;0;0;0;0;0;0;0;0;0;0;0;0;0;0;0;0;0;0;0;0;0
088012;Vittoria;24;30;26;18;19;13;22;11;14;12;17;14;17;7;22;0;4;10;12;3;23;8;12;13;18;38;35;35;33;37;65;51;77;60;66;55;57;55;77;56;74;62;59;62;36;46;36;33;30;22;28;16;11;9;13;4;7;7;3;1;2;4;1;1;1;1;2;1;1;1;2;0;1;0;1;3;0;0;1;0;0;0;1;0;0;0;0;0;0;0;0;0;0;0;0;0;0;0;0;0;0
;Totale;122;114;123;81;75;89;87;69;72;74;67;64;81;58;77;34;50;77;59;78;73;68;46;61;72;74;89;104;110;123;157;158;201;182;215;167;179;192;221;189;196;209;173;189;144;142;110;124;98;87;95;48;63;55;43;26;36;26;15;16;16;17;18;13;8;15;11;12;8;8;8;7;6;4;4;4;3;5;2;3;1;2;1;1;1;1;1;0;0;0;1;1;0;0;0;0;1;0;0;0;0
Territorio/Età;;0;1;2;3;4;5;6;7;8;9;10;11;12;13;14;15;16;17;18;19;20;21;22;23;24;25;26;27;28;29;30;31;32;33;34;35;36;37;38;39;40;41;42;43;44;45;46;47;48;49;50;51;52;53;54;55;56;57;58;59;60;61;62;63;64;65;66;67;68;69;70;71;72;73;74;75;76;77;78;79;80;81;82;83;84;85;86;87;88;89;90;91;92;93;94;95;96;97;98;99;100
Codice comune;Comune;Femmine
088001;Acate;8;4;4;2;5;5;5;3;4;5;4;2;5;4;4;1;0;5;4;0;5;4;6;2;7;9;10;6;8;9;4;9;7;15;4;6;5;4;7;4;9;9;8;4;4;7;4;3;8;0;3;2;2;3;1;1;0;1;0;2;1;0;0;0;1;0;0;0;1;1;0;0;0;0;0;0;0;0;0;0;0;0;0;0;0;0;0;0;0;0;0;0;0;0;0;0;0;0;0;0;0
088002;Chiaramonte Gulfi;2;5;0;4;3;0;2;0;2;0;2;1;4;1;1;2;1;1;1;4;1;3;2;1;8;5;4;7;5;4;5;8;4;7;6;6;2;2;4;4;3;3;4;3;4;6;2;1;6;5;0;0;1;3;1;1;0;3;0;1;1;1;0;0;0;0;0;1;0;0;0;0;0;0;0;0;0;0;0;0;0;0;0;0;0;0;0;0;0;0;0;0;0;0;0;0;0;0;0;0;0
088003;Comiso;10;10;9;16;12;8;18;9;4;9;10;16;13;4;2;7;5;4;6;6;0;9;3;17;16;5;7;14;7;11;20;12;13;15;17;19;10;13;13;8;13;10;6;13;10;4;12;9;4;11;4;3;3;1;9;4;2;3;4;4;2;1;0;1;1;1;1;4;1;0;1;3;1;0;0;0;1;0;0;0;0;1;1;0;0;0;0;0;0;0;0;0;0;0;0;0;0;0;0;0;0
088004;Giarratana;0;0;0;1;0;2;3;0;0;1;1;0;0;2;0;0;1;0;0;1;0;0;3;0;0;1;0;2;4;0;2;1;3;4;1;0;2;2;1;0;0;0;0;3;0;0;2;0;1;0;2;0;1;0;0;0;0;0;0;0;0;0;0;1;0;0;0;0;1;0;1;0;0;0;0;0;0;0;0;0;0;0;0;0;0;0;0;0;0;0;0;0;0;0;1;0;0;0;0;0;0
088005;Ispica;3;12;5;3;4;2;5;2;0;3;2;4;0;3;2;3;5;1;3;2;0;1;3;4;11;0;9;3;9;13;8;8;7;4;11;6;3;3;1;4;3;0;1;2;0;4;1;2;2;3;1;1;3;3;1;2;3;1;0;2;3;1;2;1;1;0;0;0;2;0;1;0;0;1;1;0;0;0;0;0;0;0;0;0;1;0;0;0;0;0;0;0;0;0;0;0;0;0;0;0;0
088006;Modica;9;3;5;6;5;7;4;3;6;10;4;2;5;7;1;2;3;11;9;7;3;6;11;4;6;12;14;1;3;7;18;15;24;17;17;12;11;12;9;19;10;7;13;3;15;12;8;8;10;12;11;11;3;7;4;8;3;4;6;1;4;2;0;0;2;2;3;1;3;1;0;0;1;1;0;0;0;0;0;0;0;1;0;1;0;0;0;1;0;0;0;0;0;0;0;0;0;0;0;0;0
088007;Monterosso Almo;0;0;0;0;0;0;0;0;0;0;0;0;0;0;0;0;1;0;0;0;0;0;0;2;2;1;0;0;1;0;2;2;1;0;1;0;0;2;0;0;0;0;0;0;0;1;0;1;0;0;0;0;0;0;0;0;0;0;0;0;0;0;0;0;0;0;0;0;0;0;0;0;0;0;0;0;0;0;0;0;0;0;0;0;0;0;0;0;0;0;0;0;0;0;0;0;0;0;0;0;0
088008;Pozzallo;5;0;1;3;6;3;3;3;1;2;0;0;1;3;5;3;0;0;1;1;3;3;0;3;6;1;4;5;10;6;8;13;11;5;2;4;3;3;3;0;10;5;3;6;3;4;1;1;0;5;1;1;0;2;5;1;1;0;0;2;2;2;3;0;0;0;0;1;1;1;0;0;2;0;0;0;0;0;1;0;0;0;0;0;2;2;0;0;0;0;0;0;0;0;0;0;0;0;0;0;0
088009;Ragusa;23;22;19;15;18;15;12;12;10;7;12;9;11;16;9;7;8;5;2;14;3;11;17;12;14;15;16;30;26;36;15;28;24;33;32;9;25;26;11;24;23;13;10;9;20;23;12;19;11;7;6;7;0;2;4;3;4;3;4;5;5;3;1;1;1;1;3;1;1;0;3;0;1;2;2;0;2;0;0;1;0;0;0;1;0;1;0;0;0;0;0;0;0;0;0;0;0;0;0;0;0
088010;Santa Croce Camerina;14;24;12;7;10;12;10;6;9;11;7;8;9;5;8;6;4;1;3;5;5;8;12;9;12;7;12;14;11;12;11;13;25;8;18;8;5;11;13;9;5;7;2;4;11;2;9;5;3;2;5;0;3;4;0;3;1;0;2;1;1;0;0;0;0;0;1;0;0;0;0;0;1;0;0;0;0;0;0;0;0;0;0;0;1;0;0;0;0;0;0;0;0;0;0;0;0;0;0;0;0
088011;Scicli;6;13;13;13;6;10;9;12;11;3;6;9;4;10;6;7;11;5;2;2;6;2;7;10;7;5;5;5;12;9;10;13;16;20;12;9;11;10;8;7;10;9;9;5;6;4;3;2;2;3;1;3;4;8;0;1;1;1;1;1;1;2;1;0;1;1;3;2;1;0;0;0;0;0;0;1;0;1;0;0;0;0;0;1;0;0;0;0;0;0;0;0;0;0;0;0;0;0;0;0;0
088012;Vittoria;36;27;23;22;20;28;27;12;17;10;12;18;9;9;6;11;2;5;9;12;16;11;27;30;24;28;34;26;29;36;38;28;22;34;31;22;25;21;28;17;17;12;23;11;16;8;5;14;2;3;7;7;11;8;1;4;0;2;3;2;4;2;0;3;0;0;1;0;2;0;2;0;1;0;1;0;0;0;0;0;0;0;0;0;0;0;0;0;0;0;0;0;0;0;0;0;0;0;0;0;0
;Totale;116;120;91;92;89;92;98;62;64;61;60;69;61;64;44;49;41;38;40;54;42;58;91;94;113;89;115;113;125;143;141;150;157;162;152;101;102;109;98;96;103;75;79;63;89;75;59;65;49;51;41;35;31;41;26;28;15;18;20;21;24;14;7;7;7;5;12;10;13;3;8;3;7;4;4;1;3;1;1;1;0;2;1;3;4;3;0;1;0;0;0;0;0;0;1;0;0;0;0;0;0

"Ricostruzione della popolazione intercensuaria - Popolazione al 1° gennaio per età"
"Cittadinanza straniera - Anno: 2009 - Provincia: Ragusa"
Territorio/Età;;0;1;2;3;4;5;6;7;8;9;10;11;12;13;14;15;16;17;18;19;20;21;22;23;24;25;26;27;28;29;30;31;32;33;34;35;36;37;38;39;40;41;42;43;44;45;46;47;48;49;50;51;52;53;54;55;56;57;58;59;60;61;62;63;64;65;66;67;68;69;70;71;72;73;74;75;76;77;78;79;80;81;82;83;84;85;86;87;88;89;90;91;92;93;94;95;96;97;98;99;100
Codice comune;Comune;Totale
088001;Acate;18;14;17;23;4;14;13;9;10;9;8;7;10;7;10;7;8;4;10;17;10;18;9;10;22;17;18;33;27;32;34;10;17;30;21;23;27;21;35;31;18;22;29;22;20;24;18;16;16;21;7;8;7;7;5;4;4;7;3;1;3;3;0;3;0;2;2;1;1;2;1;0;1;0;0;0;0;0;0;1;0;0;0;0;0;0;0;0;0;0;0;0;0;0;0;0;0;1;0;0;0
088002;Chiaramonte Gulfi;7;4;8;1;3;4;2;6;4;7;1;2;3;7;3;5;5;5;8;2;9;8;10;6;5;13;6;8;7;15;9;14;10;8;12;12;11;4;6;10;9;10;8;6;9;8;9;7;7;7;13;5;0;2;8;4;1;0;3;0;1;2;0;1;0;0;0;0;1;0;0;0;0;0;0;0;0;0;0;0;0;0;0;0;0;0;0;0;0;0;0;0;0;0;0;0;0;0;0;0;0
088003;Comiso;39;29;25;29;29;23;32;37;19;16;20;20;29;20;17;8;15;12;18;17;15;9;31;7;24;24;17;17;27;30;31;37;34;36;35;31;36;23;30;32;32;28;30;19;27;24;28;21;20;15;20;15;7;10;8;13;4;4;8;6;5;5;5;2;2;3;0;3;3;3;1;1;4;2;0;2;0;2;0;1;0;1;0;0;1;1;0;0;0;0;0;0;0;0;0;0;0;0;0;0;0
088004;Giarratana;1;1;2;3;2;1;2;3;0;0;2;0;0;2;2;1;0;1;0;1;1;1;1;5;2;1;1;0;3;6;0;2;3;3;6;2;1;2;0;3;0;0;2;0;4;0;1;2;0;0;0;3;0;2;0;0;0;0;0;0;0;0;0;0;1;0;0;0;0;1;0;1;0;0;0;0;0;0;0;0;0;1;1;0;0;0;0;0;0;0;0;0;0;0;0;1;0;0;0;0;0
088005;Ispica;11;7;21;15;10;7;6;7;9;2;4;6;4;3;9;7;3;6;8;2;9;10;12;2;6;18;4;15;7;9;22;22;13;19;9;18;17;11;23;18;18;16;12;11;15;6;13;9;6;8;8;2;9;5;6;7;3;3;6;1;0;3;3;2;4;4;5;1;3;2;0;1;0;0;2;1;0;1;0;0;0;0;0;0;0;1;0;0;0;0;0;0;0;0;0;0;0;0;0;0;0
088006;Modica;28;28;10;15;11;8;10;12;16;13;19;9;8;20;13;17;13;22;27;20;24;26;18;24;18;24;28;31;15;1;4;22;25;39;36;38;32;26;25;25;46;32;25;28;22;29;25;12;24;11;15;23;19;12;14;13;11;7;11;8;6;4;2;2;4;1;3;5;6;3;4;2;1;2;2;1;0;0;1;0;2;0;1;0;0;0;1;0;1;0;0;0;0;0;0;0;0;0;0;0;0
088007;Monterosso Almo;1;0;0;1;1;0;1;0;1;0;1;0;0;0;1;0;0;1;0;2;0;0;0;0;2;2;1;0;0;4;2;2;1;0;1;1;0;0;5;0;0;0;0;0;0;0;1;0;1;0;0;1;1;0;0;0;0;0;0;0;0;0;0;0;0;0;0;0;0;0;0;0;0;0;0;0;0;0;0;0;0;0;0;0;0;0;0;0;0;0;0;0;0;0;0;0;0;0;0;0;0
088008;Pozzallo;6;8;5;6;4;15;6;4;6;5;6;7;2;5;4;9;3;1;5;4;4;4;7;1;8;14;2;11;7;17;9;10;23;14;8;8;8;8;9;11;8;11;10;10;6;7;7;6;3;12;12;5;3;9;2;2;4;4;3;1;2;4;2;2;0;0;3;1;2;1;2;0;0;1;0;0;0;0;0;1;1;0;0;0;0;2;2;0;0;0;0;0;0;0;0;0;0;0;0;0;0
088009;Ragusa;45;49;32;48;34;28;40;26;29;26;30;25;21;18;29;30;20;21;17;26;27;27;35;32;28;40;35;34;58;47;69;36;57;52;63;81;20;46;49;42;43;47;44;33;36;54;37;32;49;35;29;17;25;12;10;9;6;5;5;12;5;11;9;5;4;1;2;3;3;3;1;5;2;4;3;2;1;2;2;0;1;0;0;0;0;0;1;0;0;0;0;1;0;0;0;0;0;0;0;1;0
088010;Santa Croce Camerina;34;29;38;26;20;17;21;28;15;20;19;16;21;22;15;18;15;18;9;16;20;15;27;26;24;21;21;22;31;29;23;40;30;48;40;45;23;31;33;38;37;27;39;26;31;34;21;17;24;18;10;18;1;8;18;3;7;5;1;5;10;1;6;1;3;0;0;3;1;2;0;3;3;1;1;0;0;0;0;0;0;0;0;0;0;1;0;0;0;0;0;0;0;0;0;0;0;0;0;0;0
088011;Scicli;30;22;33;19;18;16;19;17;15;15;13;11;17;18;22;11;10;18;17;12;13;21;13;15;21;21;20;25;20;21;23;28;38;32;31;27;23;28;25;25;31;25;31;27;18;11;14;10;5;7;11;8;9;12;12;6;8;6;2;0;2;3;2;5;0;3;3;4;4;1;1;1;0;0;1;1;0;1;2;1;0;0;0;0;0;0;0;0;0;0;0;0;0;0;0;0;0;0;0;0;0
088012;Vittoria;77;56;60;52;41;45;47;51;27;36;27;38;36;30;20;27;18;13;20;39;47;62;43;63;65;64;86;86;81;78;99;131;95;116;97;109;88;95;81;117;78;100;74;88;82;60;56;55;50;33;35;38;25;25;16;18;8;14;10;6;3;6;7;1;4;1;2;3;1;4;1;4;0;1;0;2;3;0;0;0;0;0;0;1;0;0;0;0;0;0;0;0;0;0;0;0;0;0;0;0;0
;Totale;297;247;251;238;177;178;199;200;151;149;150;141;151;152;145;140;110;122;139;158;179;201;206;191;225;259;239;282;283;289;325;354;346;397;359;395;286;295;321;352;320;318;304;270;270;257;230;187;205;167;160;143;106;104;99;79;56;55;52;40;37;42;36;24;22;15;20;24;25;22;11;18;11;11;9;9;4;6;5;4;4;2;2;1;1;5;4;0;1;0;0;1;0;0;0;1;0;1;0;1;0
Territorio/Età;;0;1;2;3;4;5;6;7;8;9;10;11;12;13;14;15;16;17;18;19;20;21;22;23;24;25;26;27;28;29;30;31;32;33;34;35;36;37;38;39;40;41;42;43;44;45;46;47;48;49;50;51;52;53;54;55;56;57;58;59;60;61;62;63;64;65;66;67;68;69;70;71;72;73;74;75;76;77;78;79;80;81;82;83;84;85;86;87;88;89;90;91;92;93;94;95;96;97;98;99;100
Codice comune;Comune;Maschi
088001;Acate;10;8;9;19;2;7;7;3;6;4;2;3;5;2;7;2;7;4;4;6;10;8;0;0;19;6;7;15;18;21;21;5;7;19;4;16;17;16;29;23;11;13;19;14;17;20;10;12;13;12;6;4;3;5;2;3;3;7;2;1;1;2;0;3;0;1;2;1;0;1;0;0;1;0;0;0;0;0;0;1;0;0;0;0;0;0;0;0;0;0;0;0;0;0;0;0;0;1;0;0;0
088002;Chiaramonte Gulfi;5;2;2;1;0;1;2;2;4;2;1;1;2;4;2;3;1;3;5;1;7;5;6;3;3;5;1;6;1;8;5;9;4;5;4;4;6;2;3;4;3;4;4;2;6;3;4;4;5;1;9;5;0;1;3;3;0;0;0;0;1;1;0;1;0;0;0;0;0;0;0;0;0;0;0;0;0;0;0;0;0;0;0;0;0;0;0;0;0;0;0;0;0;0;0;0;0;0;0;0;0
088003;Comiso;23;17;18;16;13;11;19;20;7;13;10;9;9;6;10;5;8;7;10;8;6;5;16;1;5;6;5;1;9;19;13;19;22;18;17;14;18;12;15;18;19;14;18;15;14;15;20;9;9;7;6;11;3;7;5;4;2;2;4;1;1;2;5;2;1;3;0;0;0;2;1;0;1;1;0;2;0;0;0;1;0;1;0;0;1;1;0;0;0;0;0;0;0;0;0;0;0;0;0;0;0
088004;Giarratana;1;1;0;3;1;1;1;0;0;0;0;0;0;2;0;1;0;0;0;1;1;1;1;1;1;0;0;0;0;3;0;0;2;0;1;0;1;0;0;2;0;0;2;0;0;0;1;0;0;0;0;0;0;1;0;0;0;0;0;0;0;0;0;0;0;0;0;0;0;0;0;0;0;0;0;0;0;0;0;0;0;1;1;0;0;0;0;0;0;0;0;0;0;0;0;0;0;0;0;0;0
088005;Ispica;10;5;7;10;7;3;4;2;7;2;1;4;0;3;4;5;0;0;6;0;6;10;10;0;2;5;4;4;1;0;9;13;4;12;8;8;13;7;19;11;11;13;12;10;10;5;8;8;4;4;6;1;8;1;3;6;1;0;5;0;0;0;0;0;3;2;4;1;3;0;0;0;0;0;1;0;0;1;0;0;0;0;0;0;0;0;0;0;0;0;0;0;0;0;0;0;0;0;0;0;0
088006;Modica;15;17;6;6;5;1;3;9;13;6;9;5;6;15;6;14;8;18;15;9;10;11;9;14;12;15;13;18;11;0;0;3;9;15;17;22;22;12;13;11;26;19;14;15;16;13;15;3;11;3;2;8;5;7;6;6;2;4;4;2;4;1;0;2;3;0;1;2;3;0;2;1;1;1;1;1;0;0;0;0;2;0;0;0;0;0;1;0;0;0;0;0;0;0;0;0;0;0;0;0;0
088007;Monterosso Almo;0;0;0;0;1;0;0;0;1;0;0;0;0;0;0;0;0;0;0;2;0;0;0;0;0;0;0;0;0;3;1;0;0;0;0;0;0;0;1;0;0;0;0;0;0;0;0;0;0;0;0;0;0;0;0;0;0;0;0;0;0;0;0;0;0;0;0;0;0;0;0;0;0;0;0;0;0;0;0;0;0;0;0;0;0;0;0;0;0;0;0;0;0;0;0;0;0;0;0;0;0
088008;Pozzallo;2;3;5;4;0;9;3;2;4;1;5;5;2;4;1;3;0;0;5;3;4;1;4;0;4;6;0;2;0;6;3;0;10;4;1;5;7;5;3;6;6;2;5;6;0;4;2;3;3;8;5;3;2;3;1;0;3;2;3;1;0;0;0;0;0;0;3;1;1;0;1;0;0;0;0;0;0;0;0;0;1;0;0;0;0;0;0;0;0;0;0;0;0;0;0;0;0;0;0;0;0
088009;Ragusa;22;26;11;30;16;11;22;15;13;15;22;13;13;6;11;18;12;9;9;17;10;18;18;10;13;14;12;14;27;15;27;19;19;25;27;44;11;21;20;31;18;22;25;16;25;27;12;19;27;22;17;9;8;9;4;4;3;2;3;6;1;3;5;3;3;0;1;0;2;1;1;2;2;2;0;1;1;0;2;0;0;0;0;0;0;0;0;0;0;0;0;1;0;0;0;0;0;0;0;1;0
088010;Santa Croce Camerina;20;14;13;13;10;7;10;16;9;10;8;10;11;12;11;9;9;13;8;13;15;8;16;14;14;7;13;7;14;17;8;26;17;27;29;27;15;26;22;25;26;22;30;23;27;21;18;8;18;13;9;14;1;5;13;2;4;4;1;3;9;0;5;1;3;0;0;2;1;2;0;3;3;0;1;0;0;0;0;0;0;0;0;0;0;0;0;0;0;0;0;0;0;0;0;0;0;0;0;0;0
088011;Scicli;12;16;18;3;6;8;7;8;3;3;8;4;7;15;10;5;4;3;12;6;9;8;9;7;9;13;9;17;13;8;14;14;22;13;13;14;12;16;14;14;21;15;22;19;11;3;9;5;3;4;6;7;6;10;5;6;6;4;1;0;1;2;0;4;0;1;2;2;2;0;1;1;0;0;1;0;0;1;1;1;0;0;0;0;0;0;0;0;0;0;0;0;0;0;0;0;0;0;0;0;0
088012;Vittoria;33;21;31;28;17;23;20;23;14;16;15;22;16;19;9;21;6;13;12;22;23;34;21;18;23;29;48;44;43;38;49;79;62;89;58;69;61;62;52;82;54;78;62;62;66;40;45;42;31;26;25;27;15;12;9;14;3;10;8;3;1;2;5;1;1;1;1;2;1;1;1;2;0;0;0;1;3;0;0;0;0;0;0;1;0;0;0;0;0;0;0;0;0;0;0;0;0;0;0;0;0
;Totale;153;130;120;133;78;82;98;100;81;72;81;76;71;88;71;86;55;70;86;88;101;109;110;68;105;106;112;128;137;138;150;187;178;227;179;223;183;179;191;227;195;202;213;182;192;151;144;113;124;100;91;89;51;61;51;48;27;35;31;17;19;13;20;17;14;8;14;11;13;7;7;9;8;4;4;5;4;2;3;3;3;2;1;1;1;1;1;0;0;0;0;1;0;0;0;0;0;1;0;1;0
Territorio/Età;;0;1;2;3;4;5;6;7;8;9;10;11;12;13;14;15;16;17;18;19;20;21;22;23;24;25;26;27;28;29;30;31;32;33;34;35;36;37;38;39;40;41;42;43;44;45;46;47;48;49;50;51;52;53;54;55;56;57;58;59;60;61;62;63;64;65;66;67;68;69;70;71;72;73;74;75;76;77;78;79;80;81;82;83;84;85;86;87;88;89;90;91;92;93;94;95;96;97;98;99;100
Codice comune;Comune;Femmine
088001;Acate;8;6;8;4;2;7;6;6;4;5;6;4;5;5;3;5;1;0;6;11;0;10;9;10;3;11;11;18;9;11;13;5;10;11;17;7;10;5;6;8;7;9;10;8;3;4;8;4;3;9;1;4;4;2;3;1;1;0;1;0;2;1;0;0;0;1;0;0;1;1;1;0;0;0;0;0;0;0;0;0;0;0;0;0;0;0;0;0;0;0;0;0;0;0;0;0;0;0;0;0;0
088002;Chiaramonte Gulfi;2;2;6;0;3;3;0;4;0;5;0;1;1;3;1;2;4;2;3;1;2;3;4;3;2;8;5;2;6;7;4;5;6;3;8;8;5;2;3;6;6;6;4;4;3;5;5;3;2;6;4;0;0;1;5;1;1;0;3;0;0;1;0;0;0;0;0;0;1;0;0;0;0;0;0;0;0;0;0;0;0;0;0;0;0;0;0;0;0;0;0;0;0;0;0;0;0;0;0;0;0
088003;Comiso;16;12;7;13;16;12;13;17;12;3;10;11;20;14;7;3;7;5;8;9;9;4;15;6;19;18;12;16;18;11;18;18;12;18;18;17;18;11;15;14;13;14;12;4;13;9;8;12;11;8;14;4;4;3;3;9;2;2;4;5;4;3;0;0;1;0;0;3;3;1;0;1;3;1;0;0;0;2;0;0;0;0;0;0;0;0;0;0;0;0;0;0;0;0;0;0;0;0;0;0;0
088004;Giarratana;0;0;2;0;1;0;1;3;0;0;2;0;0;0;2;0;0;1;0;0;0;0;0;4;1;1;1;0;3;3;0;2;1;3;5;2;0;2;0;1;0;0;0;0;4;0;0;2;0;0;0;3;0;1;0;0;0;0;0;0;0;0;0;0;1;0;0;0;0;1;0;1;0;0;0;0;0;0;0;0;0;0;0;0;0;0;0;0;0;0;0;0;0;0;0;1;0;0;0;0;0
088005;Ispica;1;2;14;5;3;4;2;5;2;0;3;2;4;0;5;2;3;6;2;2;3;0;2;2;4;13;0;11;6;9;13;9;9;7;1;10;4;4;4;7;7;3;0;1;5;1;5;1;2;4;2;1;1;4;3;1;2;3;1;1;0;3;3;2;1;2;1;0;0;2;0;1;0;0;1;1;0;0;0;0;0;0;0;0;0;1;0;0;0;0;0;0;0;0;0;0;0;0;0;0;0
088006;Modica;13;11;4;9;6;7;7;3;3;7;10;4;2;5;7;3;5;4;12;11;14;15;9;10;6;9;15;13;4;1;4;19;16;24;19;16;10;14;12;14;20;13;11;13;6;16;10;9;13;8;13;15;14;5;8;7;9;3;7;6;2;3;2;0;1;1;2;3;3;3;2;1;0;1;1;0;0;0;1;0;0;0;1;0;0;0;0;0;1;0;0;0;0;0;0;0;0;0;0;0;0
088007;Monterosso Almo;1;0;0;1;0;0;1;0;0;0;1;0;0;0;1;0;0;1;0;0;0;0;0;0;2;2;1;0;0;1;1;2;1;0;1;1;0;0;4;0;0;0;0;0;0;0;1;0;1;0;0;1;1;0;0;0;0;0;0;0;0;0;0;0;0;0;0;0;0;0;0;0;0;0;0;0;0;0;0;0;0;0;0;0;0;0;0;0;0;0;0;0;0;0;0;0;0;0;0;0;0
088008;Pozzallo;4;5;0;2;4;6;3;2;2;4;1;2;0;1;3;6;3;1;0;1;0;3;3;1;4;8;2;9;7;11;6;10;13;10;7;3;1;3;6;5;2;9;5;4;6;3;5;3;0;4;7;2;1;6;1;2;1;2;0;0;2;4;2;2;0;0;0;0;1;1;1;0;0;1;0;0;0;0;0;1;0;0;0;0;0;2;2;0;0;0;0;0;0;0;0;0;0;0;0;0;0
088009;Ragusa;23;23;21;18;18;17;18;11;16;11;8;12;8;12;18;12;8;12;8;9;17;9;17;22;15;26;23;20;31;32;42;17;38;27;36;37;9;25;29;11;25;25;19;17;11;27;25;13;22;13;12;8;17;3;6;5;3;3;2;6;4;8;4;2;1;1;1;3;1;2;0;3;0;2;3;1;0;2;0;0;1;0;0;0;0;0;1;0;0;0;0;0;0;0;0;0;0;0;0;0;0
088010;Santa Croce Camerina;14;15;25;13;10;10;11;12;6;10;11;6;10;10;4;9;6;5;1;3;5;7;11;12;10;14;8;15;17;12;15;14;13;21;11;18;8;5;11;13;11;5;9;3;4;13;3;9;6;5;1;4;0;3;5;1;3;1;0;2;1;1;1;0;0;0;0;1;0;0;0;0;0;1;0;0;0;0;0;0;0;0;0;0;0;1;0;0;0;0;0;0;0;0;0;0;0;0;0;0;0
088011;Scicli;18;6;15;16;12;8;12;9;12;12;5;7;10;3;12;6;6;15;5;6;4;13;4;8;12;8;11;8;7;13;9;14;16;19;18;13;11;12;11;11;10;10;9;8;7;8;5;5;2;3;5;1;3;2;7;0;2;2;1;0;1;1;2;1;0;2;1;2;2;1;0;0;0;0;0;1;0;0;1;0;0;0;0;0;0;0;0;0;0;0;0;0;0;0;0;0;0;0;0;0;0
088012;Vittoria;44;35;29;24;24;22;27;28;13;20;12;16;20;11;11;6;12;0;8;17;24;28;22;45;42;35;38;42;38;40;50;52;33;27;39;40;27;33;29;35;24;22;12;26;16;20;11;13;19;7;10;11;10;13;7;4;5;4;2;3;2;4;2;0;3;0;1;1;0;3;0;2;0;1;0;1;0;0;0;0;0;0;0;0;0;0;0;0;0;0;0;0;0;0;0;0;0;0;0;0;0
;Totale;144;117;131;105;99;96;101;100;70;77;69;65;80;64;74;54;55;52;53;70;78;92;96;123;120;153;127;154;146;151;175;167;168;170;180;172;103;116;130;125;125;116;91;88;78;106;86;74;81;67;69;54;55;43;48;31;29;20;21;23;18;29;16;7;8;7;6;13;12;15;4;9;3;7;5;4;0;4;2;1;1;0;1;0;0;4;3;0;1;0;0;0;0;0;0;1;0;0;0;0;0

"Ricostruzione della popolazione intercensuaria - Popolazione al 1° gennaio per età"
"Cittadinanza straniera - Anno: 2010 - Provincia: Ragusa"
Territorio/Età;;0;1;2;3;4;5;6;7;8;9;10;11;12;13;14;15;16;17;18;19;20;21;22;23;24;25;26;27;28;29;30;31;32;33;34;35;36;37;38;39;40;41;42;43;44;45;46;47;48;49;50;51;52;53;54;55;56;57;58;59;60;61;62;63;64;65;66;67;68;69;70;71;72;73;74;75;76;77;78;79;80;81;82;83;84;85;86;87;88;89;90;91;92;93;94;95;96;97;98;99;100
Codice comune;Comune;Totale
088001;Acate;23;20;14;18;25;10;16;20;17;14;13;10;11;10;12;13;9;10;7;20;24;15;27;16;24;37;25;28;43;37;41;36;17;34;44;26;28;32;24;37;34;28;24;33;23;19;29;20;21;17;22;8;10;6;10;5;6;3;6;4;1;3;3;0;3;0;1;2;1;1;2;0;0;1;0;0;0;0;0;0;0;0;0;0;0;0;0;0;0;0;0;0;0;0;0;0;0;0;0;0;0
088002;Chiaramonte Gulfi;15;7;4;9;1;3;5;2;6;6;7;1;3;3;6;4;5;5;9;7;4;11;12;14;7;8;13;5;7;13;14;11;17;15;7;11;10;10;7;9;9;10;10;7;4;7;8;7;5;7;8;12;9;0;1;7;6;2;1;3;0;2;2;0;1;0;0;1;0;1;1;0;0;0;0;0;0;0;0;0;0;0;0;0;0;0;0;0;0;0;0;0;0;0;0;0;0;0;0;0;0
088003;Comiso;34;40;26;22;31;32;22;37;35;19;17;22;25;29;22;16;12;20;12;22;27;23;17;36;20;25;32;33;21;41;34;40;43;31;40;33;32;39;21;34;39;35;28;30;19;27;28;31;23;22;15;22;14;6;9;11;15;4;5;9;6;4;4;4;2;3;3;1;2;3;2;1;2;5;1;1;2;0;0;1;1;0;0;0;0;0;1;0;0;0;0;0;0;0;0;0;0;0;0;0;0
088004;Giarratana;0;1;1;1;2;1;1;2;3;0;0;1;0;0;1;0;1;0;1;0;1;3;1;0;4;3;1;1;0;3;5;0;2;2;3;4;2;1;1;2;1;0;2;1;0;2;0;1;2;0;0;0;2;0;1;0;0;0;0;0;0;0;0;0;0;1;0;0;0;0;1;0;1;0;0;0;0;0;0;0;0;0;1;1;0;0;0;0;0;0;0;0;0;0;0;0;0;0;0;0;0
088005;Ispica;14;10;10;21;15;15;10;6;8;9;4;5;9;4;6;9;9;3;5;11;6;8;9;9;5;7;15;10;22;13;11;24;23;11;20;11;21;14;13;21;23;26;16;13;14;19;11;13;8;8;13;10;1;10;3;5;5;2;3;4;2;0;3;2;0;3;4;5;1;3;2;0;1;0;0;1;0;0;1;0;1;0;0;0;0;0;1;0;0;0;0;0;0;0;0;0;0;0;0;0;0
088006;Modica;21;28;20;8;15;9;10;10;10;16;15;19;13;9;23;14;21;13;28;30;21;25;30;29;30;19;26;32;43;17;2;5;27;27;41;39;40;33;26;26;32;47;32;28;35;25;28;26;15;25;10;15;22;17;11;16;14;11;6;13;7;10;5;1;3;4;1;4;5;5;2;6;1;0;3;3;0;0;0;2;0;2;0;1;0;0;0;1;0;0;0;0;0;0;0;0;0;0;0;0;0
088007;Monterosso Almo;0;1;0;0;1;1;0;1;0;0;0;0;0;1;0;1;0;0;1;0;2;0;0;0;0;2;2;0;0;0;3;1;2;0;0;1;1;0;0;5;0;2;0;0;0;0;0;1;0;1;0;0;1;0;0;0;0;0;0;0;0;0;0;0;0;0;0;0;0;0;0;0;0;0;0;0;0;0;0;0;0;0;0;0;0;0;0;0;0;0;0;0;0;0;0;0;0;0;0;0;0
088008;Pozzallo;7;9;9;3;13;7;15;4;4;6;5;7;6;4;3;4;7;4;4;6;5;6;5;12;2;15;15;8;12;10;16;14;10;17;15;7;10;10;11;8;12;13;11;6;7;5;7;5;8;3;7;15;4;7;8;4;1;2;6;1;3;2;4;2;3;0;0;4;2;2;1;1;0;0;1;0;0;0;0;0;0;1;0;0;0;0;2;0;0;0;0;0;0;0;0;0;0;0;0;0;0
088009;Ragusa;50;44;49;33;48;37;35;43;33;32;31;39;28;25;25;34;31;26;29;26;35;36;36;43;42;49;48;44;41;72;54;85;49;67;56;69;91;27;58;56;49;41;52;49;37;37;60;41;33;48;37;34;15;25;12;14;9;10;11;5;10;4;12;12;4;1;1;4;3;2;3;0;4;1;4;4;2;0;4;1;0;1;0;0;1;0;0;0;0;0;0;0;1;0;0;0;0;0;0;0;0
088010;Santa Croce Camerina;32;34;27;37;26;20;13;24;31;13;23;18;19;21;21;14;21;17;20;13;18;23;20;29;28;26;24;20;27;33;30;25;42;34;44;38;45;21;30;32;39;35;26;39;23;31;30;22;18;21;17;12;15;2;7;14;3;7;3;1;4;10;0;4;2;1;0;0;2;1;2;0;3;2;1;1;0;0;0;0;0;0;0;0;0;0;1;0;0;0;0;0;0;0;0;0;0;0;0;0;0
088011;Scicli;26;28;23;38;19;19;18;22;19;17;19;13;16;18;20;25;14;20;25;20;11;13;27;18;16;25;30;23;31;26;22;26;33;41;33;32;30;26;29;24;27;37;28;30;28;16;14;15;14;6;9;9;9;14;14;11;7;10;6;3;0;2;4;3;3;0;3;3;3;4;0;1;1;0;0;1;1;0;1;2;1;0;0;0;0;0;0;0;0;0;0;0;0;0;0;0;0;0;0;0;0
088012;Vittoria;79;80;60;67;56;51;50;49;57;31;46;28;44;42;33;23;36;27;31;39;53;72;84;70;79;95;88;110;105;98;97;102;130;107;129;108;114;93;101;90;113;83;99;74;88;85;60;59;60;56;38;34;38;30;26;15;17;9;12;9;7;2;4;7;1;4;0;3;2;1;2;1;3;0;1;0;2;2;1;0;0;0;0;0;0;0;0;0;0;0;0;0;0;0;0;0;0;0;0;0;0
;Totale;301;302;243;257;252;205;195;220;223;163;180;163;174;166;172;157;166;145;172;194;207;235;268;276;257;311;319;314;352;363;329;369;395;386;432;379;424;306;321;344;378;357;328;310;278;273;275;241;207;214;176;171;140;117;102;102;83;60;59;52;40;39;41;35;22;17;13;27;21;23;18;10;16;9;11;11;7;2;7;6;3;4;1;2;1;0;5;1;0;0;0;0;1;0;0;0;0;0;0;0;0
Territorio/Età;;0;1;2;3;4;5;6;7;8;9;10;11;12;13;14;15;16;17;18;19;20;21;22;23;24;25;26;27;28;29;30;31;32;33;34;35;36;37;38;39;40;41;42;43;44;45;46;47;48;49;50;51;52;53;54;55;56;57;58;59;60;61;62;63;64;65;66;67;68;69;70;71;72;73;74;75;76;77;78;79;80;81;82;83;84;85;86;87;88;89;90;91;92;93;94;95;96;97;98;99;100
Codice comune;Comune;Maschi
088001;Acate;10;12;8;9;19;7;9;12;6;8;5;4;5;5;5;8;2;8;6;9;10;13;12;2;12;30;13;12;21;26;26;21;9;21;27;9;18;19;20;29;23;16;14;22;14;17;22;13;16;14;12;7;7;3;7;3;5;3;6;2;1;1;2;0;3;0;1;2;1;0;1;0;0;1;0;0;0;0;0;0;0;0;0;0;0;0;0;0;0;0;0;0;0;0;0;0;0;0;0;0;0
088002;Chiaramonte Gulfi;4;5;3;3;1;0;2;2;2;4;2;1;1;2;3;3;3;1;2;5;1;8;7;8;4;4;6;2;5;5;9;5;10;10;4;4;3;5;2;5;4;3;3;3;1;4;3;3;4;5;1;8;7;0;1;3;3;1;0;0;0;1;1;0;1;0;0;1;0;0;0;0;0;0;0;0;0;0;0;0;0;0;0;0;0;0;0;0;0;0;0;0;0;0;0;0;0;0;0;0;0
088003;Comiso;13;25;14;16;19;15;10;22;18;7;14;11;9;9;7;10;8;13;8;13;15;11;10;17;7;7;13;16;2;17;20;19;22;20;22;17;14;16;11;17;20;20;14;17;14;14;16;21;13;10;7;6;9;2;7;5;4;2;1;4;1;0;1;4;2;1;3;1;0;0;1;1;0;2;1;1;2;0;0;0;1;0;0;0;0;0;1;0;0;0;0;0;0;0;0;0;0;0;0;0;0
088004;Giarratana;0;1;1;0;2;1;1;1;0;0;0;0;0;0;1;0;1;0;0;0;1;3;1;0;1;1;0;0;0;0;2;0;0;2;0;1;0;1;0;0;0;0;2;1;0;0;0;1;0;0;0;0;0;0;0;0;0;0;0;0;0;0;0;0;0;0;0;0;0;0;0;0;0;0;0;0;0;0;0;0;0;0;1;1;0;0;0;0;0;0;0;0;0;0;0;0;0;0;0;0;0
088005;Ispica;5;8;6;8;10;9;6;4;3;7;2;1;6;0;4;4;6;0;1;11;1;4;7;6;1;4;3;7;5;5;2;10;12;3;13;9;10;10;9;17;14;14;13;11;10;14;8;7;6;4;7;7;0;8;1;2;4;1;1;3;0;0;0;0;0;3;2;4;1;3;0;0;0;0;0;1;0;0;1;0;0;0;0;0;0;0;0;0;0;0;0;0;0;0;0;0;0;0;0;0;0
088006;Modica;9;15;12;4;6;4;2;2;7;11;6;7;8;7;16;6;17;9;22;18;11;10;15;14;17;12;18;18;25;12;0;0;6;11;21;22;25;22;11;15;15;26;18;17;18;16;13;16;4;11;3;2;7;5;6;6;7;2;3;4;1;4;2;0;2;3;0;1;2;2;0;2;0;0;2;2;0;0;0;1;0;2;0;0;0;0;0;1;0;0;0;0;0;0;0;0;0;0;0;0;0
088007;Monterosso Almo;0;0;0;0;0;1;0;0;0;0;0;0;0;1;0;0;0;0;0;0;2;0;0;0;0;0;0;0;0;0;3;0;0;0;0;0;0;0;0;1;0;0;0;0;0;0;0;0;0;0;0;0;0;0;0;0;0;0;0;0;0;0;0;0;0;0;0;0;0;0;0;0;0;0;0;0;0;0;0;0;0;0;0;0;0;0;0;0;0;0;0;0;0;0;0;0;0;0;0;0;0
088008;Pozzallo;4;5;3;3;9;2;9;1;2;4;1;6;5;2;3;1;3;1;2;6;3;3;1;9;0;6;7;2;3;0;4;6;0;8;5;2;5;6;4;2;7;8;3;3;5;0;4;1;3;3;5;7;2;2;2;1;0;2;2;1;1;0;0;0;0;0;0;4;2;1;0;0;0;0;0;0;0;0;0;0;0;1;0;0;0;0;0;0;0;0;0;0;0;0;0;0;0;0;0;0;0
088009;Ragusa;27;20;25;10;31;17;16;23;21;14;16;27;17;16;9;15;20;15;16;13;23;14;19;22;12;25;17;19;17;34;19;34;24;23;26;29;49;14;27;22;33;20;23;26;15;25;31;14;19;27;19;16;10;6;9;5;4;3;6;3;5;1;3;6;3;1;0;1;0;2;1;0;1;1;2;2;0;0;2;1;0;0;0;0;1;0;0;0;0;0;0;0;1;0;0;0;0;0;0;0;0
088010;Santa Croce Camerina;16;20;13;15;13;9;5;9;16;7;11;7;12;12;11;11;13;10;15;9;15;15;11;18;16;15;8;10;10;13;14;9;29;20;24;27;27;14;25;22;26;25;20;29;21;27;17;16;9;16;11;11;12;1;3;11;3;4;2;1;3;9;0;3;1;1;0;0;2;1;2;0;3;2;0;1;0;0;0;0;0;0;0;0;0;0;0;0;0;0;0;0;0;0;0;0;0;0;0;0;0
088011;Scicli;13;12;16;22;3;7;9;9;9;5;3;8;7;10;15;11;8;12;5;11;5;8;12;11;7;10;15;10;20;16;8;16;18;23;13;14;16;15;16;11;17;23;17;21;21;9;5;11;8;3;5;3;7;7;11;4;6;6;4;2;0;1;3;1;3;0;1;2;2;1;0;1;1;0;0;1;0;0;1;1;1;0;0;0;0;0;0;0;0;0;0;0;0;0;0;0;0;0;0;0;0
088012;Vittoria;37;34;25;36;28;21;23;21;27;16;24;13;26;20;19;12;27;12;26;22;29;34;49;38;27;39;43;60;60;53;51;51;84;70;102;65;73;64;67;58;80;56;76;58;64;63;39;46;46;31;29;24;27;18;13;10;13;3;9;8;3;0;2;5;1;1;0;1;1;1;0;1;1;0;0;0;1;2;0;0;0;0;0;0;0;0;0;0;0;0;0;0;0;0;0;0;0;0;0;0;0
;Totale;138;157;126;126;141;93;92;106;111;83;84;85;96;84;93;81;108;81;103;117;116;123;144;145;104;153;143;156;168;181;158;171;214;211;257;199;240;186;192;199;239;211;203;208;183;189;158;149;128;124;99;91;88;52;60;50;49;27;34;28;15;17;14;19;16;10;7;17;11;11;5;5;6;6;5;8;3;2;4;3;2;3;1;1;1;0;1;1;0;0;0;0;1;0;0;0;0;0;0;0;0
Territorio/Età;;0;1;2;3;4;5;6;7;8;9;10;11;12;13;14;15;16;17;18;19;20;21;22;23;24;25;26;27;28;29;30;31;32;33;34;35;36;37;38;39;40;41;42;43;44;45;46;47;48;49;50;51;52;53;54;55;56;57;58;59;60;61;62;63;64;65;66;67;68;69;70;71;72;73;74;75;76;77;78;79;80;81;82;83;84;85;86;87;88;89;90;91;92;93;94;95;96;97;98;99;100
Codice comune;Comune;Femmine
088001;Acate;13;8;6;9;6;3;7;8;11;6;8;6;6;5;7;5;7;2;1;11;14;2;15;14;12;7;12;16;22;11;15;15;8;13;17;17;10;13;4;8;11;12;10;11;9;2;7;7;5;3;10;1;3;3;3;2;1;0;0;2;0;2;1;0;0;0;0;0;0;1;1;0;0;0;0;0;0;0;0;0;0;0;0;0;0;0;0;0;0;0;0;0;0;0;0;0;0;0;0;0;0
088002;Chiaramonte Gulfi;11;2;1;6;0;3;3;0;4;2;5;0;2;1;3;1;2;4;7;2;3;3;5;6;3;4;7;3;2;8;5;6;7;5;3;7;7;5;5;4;5;7;7;4;3;3;5;4;1;2;7;4;2;0;0;4;3;1;1;3;0;1;1;0;0;0;0;0;0;1;1;0;0;0;0;0;0;0;0;0;0;0;0;0;0;0;0;0;0;0;0;0;0;0;0;0;0;0;0;0;0
088003;Comiso;21;15;12;6;12;17;12;15;17;12;3;11;16;20;15;6;4;7;4;9;12;12;7;19;13;18;19;17;19;24;14;21;21;11;18;16;18;23;10;17;19;15;14;13;5;13;12;10;10;12;8;16;5;4;2;6;11;2;4;5;5;4;3;0;0;2;0;0;2;3;1;0;2;3;0;0;0;0;0;1;0;0;0;0;0;0;0;0;0;0;0;0;0;0;0;0;0;0;0;0;0
088004;Giarratana;0;0;0;1;0;0;0;1;3;0;0;1;0;0;0;0;0;0;1;0;0;0;0;0;3;2;1;1;0;3;3;0;2;0;3;3;2;0;1;2;1;0;0;0;0;2;0;0;2;0;0;0;2;0;1;0;0;0;0;0;0;0;0;0;0;1;0;0;0;0;1;0;1;0;0;0;0;0;0;0;0;0;0;0;0;0;0;0;0;0;0;0;0;0;0;0;0;0;0;0;0
088005;Ispica;9;2;4;13;5;6;4;2;5;2;2;4;3;4;2;5;3;3;4;0;5;4;2;3;4;3;12;3;17;8;9;14;11;8;7;2;11;4;4;4;9;12;3;2;4;5;3;6;2;4;6;3;1;2;2;3;1;1;2;1;2;0;3;2;0;0;2;1;0;0;2;0;1;0;0;0;0;0;0;0;1;0;0;0;0;0;1;0;0;0;0;0;0;0;0;0;0;0;0;0;0
088006;Modica;12;13;8;4;9;5;8;8;3;5;9;12;5;2;7;8;4;4;6;12;10;15;15;15;13;7;8;14;18;5;2;5;21;16;20;17;15;11;15;11;17;21;14;11;17;9;15;10;11;14;7;13;15;12;5;10;7;9;3;9;6;6;3;1;1;1;1;3;3;3;2;4;1;0;1;1;0;0;0;1;0;0;0;1;0;0;0;0;0;0;0;0;0;0;0;0;0;0;0;0;0
088007;Monterosso Almo;0;1;0;0;1;0;0;1;0;0;0;0;0;0;0;1;0;0;1;0;0;0;0;0;0;2;2;0;0;0;0;1;2;0;0;1;1;0;0;4;0;2;0;0;0;0;0;1;0;1;0;0;1;0;0;0;0;0;0;0;0;0;0;0;0;0;0;0;0;0;0;0;0;0;0;0;0;0;0;0;0;0;0;0;0;0;0;0;0;0;0;0;0;0;0;0;0;0;0;0;0
088008;Pozzallo;3;4;6;0;4;5;6;3;2;2;4;1;1;2;0;3;4;3;2;0;2;3;4;3;2;9;8;6;9;10;12;8;10;9;10;5;5;4;7;6;5;5;8;3;2;5;3;4;5;0;2;8;2;5;6;3;1;0;4;0;2;2;4;2;3;0;0;0;0;1;1;1;0;0;1;0;0;0;0;0;0;0;0;0;0;0;2;0;0;0;0;0;0;0;0;0;0;0;0;0;0
088009;Ragusa;23;24;24;23;17;20;19;20;12;18;15;12;11;9;16;19;11;11;13;13;12;22;17;21;30;24;31;25;24;38;35;51;25;44;30;40;42;13;31;34;16;21;29;23;22;12;29;27;14;21;18;18;5;19;3;9;5;7;5;2;5;3;9;6;1;0;1;3;3;0;2;0;3;0;2;2;2;0;2;0;0;1;0;0;0;0;0;0;0;0;0;0;0;0;0;0;0;0;0;0;0
088010;Santa Croce Camerina;16;14;14;22;13;11;8;15;15;6;12;11;7;9;10;3;8;7;5;4;3;8;9;11;12;11;16;10;17;20;16;16;13;14;20;11;18;7;5;10;13;10;6;10;2;4;13;6;9;5;6;1;3;1;4;3;0;3;1;0;1;1;0;1;1;0;0;0;0;0;0;0;0;0;1;0;0;0;0;0;0;0;0;0;0;0;1;0;0;0;0;0;0;0;0;0;0;0;0;0;0
088011;Scicli;13;16;7;16;16;12;9;13;10;12;16;5;9;8;5;14;6;8;20;9;6;5;15;7;9;15;15;13;11;10;14;10;15;18;20;18;14;11;13;13;10;14;11;9;7;7;9;4;6;3;4;6;2;7;3;7;1;4;2;1;0;1;1;2;0;0;2;1;1;3;0;0;0;0;0;0;1;0;0;1;0;0;0;0;0;0;0;0;0;0;0;0;0;0;0;0;0;0;0;0;0
088012;Vittoria;42;46;35;31;28;30;27;28;30;15;22;15;18;22;14;11;9;15;5;17;24;38;35;32;52;56;45;50;45;45;46;51;46;37;27;43;41;29;34;32;33;27;23;16;24;22;21;13;14;25;9;10;11;12;13;5;4;6;3;1;4;2;2;2;0;3;0;2;1;0;2;0;2;0;1;0;1;0;1;0;0;0;0;0;0;0;0;0;0;0;0;0;0;0;0;0;0;0;0;0;0
;Totale;163;145;117;131;111;112;103;114;112;80;96;78;78;82;79;76;58;64;69;77;91;112;124;131;153;158;176;158;184;182;171;198;181;175;175;180;184;120;129;145;139;146;125;102;95;84;117;92;79;90;77;80;52;65;42;52;34;33;25;24;25;22;27;16;6;7;6;10;10;12;13;5;10;3;6;3;4;0;3;3;1;1;0;1;0;0;4;0;0;0;0;0;0;0;0;0;0;0;0;0;0

"Ricostruzione della popolazione intercensuaria - Popolazione al 1° gennaio per età"
"Cittadinanza straniera - Anno: 2011 - Provincia: Ragusa"
Territorio/Età;;0;1;2;3;4;5;6;7;8;9;10;11;12;13;14;15;16;17;18;19;20;21;22;23;24;25;26;27;28;29;30;31;32;33;34;35;36;37;38;39;40;41;42;43;44;45;46;47;48;49;50;51;52;53;54;55;56;57;58;59;60;61;62;63;64;65;66;67;68;69;70;71;72;73;74;75;76;77;78;79;80;81;82;83;84;85;86;87;88;89;90;91;92;93;94;95;96;97;98;99;100
Codice comune;Comune;Totale
088001;Acate;17;26;18;19;20;32;13;20;23;23;17;17;11;16;11;15;15;12;17;20;33;32;32;47;41;48;56;57;55;59;52;66;51;43;45;55;46;34;38;36;49;37;36;35;32;27;19;33;19;22;16;21;6;9;7;12;5;6;3;4;3;0;3;2;0;2;0;1;2;1;1;1;0;0;1;0;0;0;0;0;0;0;0;0;0;0;0;0;0;0;0;0;0;0;0;0;0;0;0;0;0
088002;Chiaramonte Gulfi;6;14;7;6;7;3;4;7;2;7;8;7;1;5;3;6;6;5;5;9;6;7;14;11;14;10;8;14;8;9;14;14;10;15;18;7;10;10;10;8;13;11;10;8;6;4;7;7;5;6;11;8;13;9;1;0;7;4;2;2;3;0;2;2;0;1;0;0;1;0;1;2;0;0;0;0;0;0;0;0;0;0;0;0;0;0;0;0;0;0;0;0;0;0;0;0;0;0;0;0;0
088003;Comiso;27;39;38;26;29;28;31;23;37;36;20;21;23;31;29;25;18;16;22;11;22;33;30;23;36;30;29;39;38;36;44;39;51;48;37;37;33;39;37;33;33;43;36;31;32;21;23;30;33;23;25;13;24;13;6;9;11;17;6;8;7;6;4;5;4;2;3;3;1;3;3;2;1;2;5;2;1;2;0;0;1;0;0;0;0;0;0;1;0;0;0;0;0;0;0;0;0;0;0;0;0
088004;Giarratana;2;0;2;1;1;2;1;1;1;3;0;0;1;0;0;2;0;1;0;1;0;2;1;1;2;6;3;3;2;1;2;6;0;1;2;3;2;2;2;1;0;1;0;4;0;1;4;0;0;2;1;0;0;1;0;1;0;0;0;0;0;0;0;0;0;0;1;0;0;0;0;1;0;1;0;0;0;0;0;0;0;0;0;1;1;0;0;0;0;0;0;0;0;0;0;0;0;0;0;0;0
088005;Ispica;18;11;12;9;18;15;15;13;9;9;10;3;5;10;8;10;12;9;3;9;11;12;7;19;13;12;11;17;10;26;15;12;25;23;16;20;18;27;16;16;24;28;32;21;16;13;15;10;15;10;6;10;9;4;7;5;4;4;4;3;3;2;1;1;2;0;3;4;5;3;1;1;0;1;0;0;0;0;0;1;0;0;0;0;0;0;0;1;0;0;0;0;0;0;0;0;0;0;0;0;0
088006;Modica;16;12;19;16;8;14;8;10;10;8;17;14;17;15;11;25;13;28;13;30;32;26;27;39;37;42;20;37;46;47;30;3;6;32;37;43;42;46;34;31;26;33;46;29;31;42;29;30;31;17;27;12;15;19;20;11;13;13;11;6;14;6;12;4;1;4;4;1;3;5;5;1;6;0;0;2;3;0;0;0;2;0;1;0;1;0;0;0;2;0;0;0;0;0;0;0;0;0;0;0;0
088007;Monterosso Almo;0;0;1;0;0;0;0;0;0;0;0;0;0;0;0;0;1;0;0;1;0;2;0;1;0;0;2;2;0;0;0;2;1;3;0;0;1;1;0;0;5;0;2;0;2;0;0;0;1;0;1;0;0;1;0;0;0;0;0;0;0;0;0;0;0;0;0;0;0;0;0;0;0;0;0;0;0;0;0;0;0;0;0;0;0;0;0;0;0;0;0;0;0;0;0;0;0;0;0;0;0
088008;Pozzallo;7;10;5;10;2;16;5;14;5;6;5;7;6;9;3;3;5;7;6;6;8;8;12;8;9;6;20;14;9;16;11;17;15;14;14;17;10;9;13;11;11;13;13;9;5;6;5;7;6;4;4;7;16;5;8;7;5;3;3;6;1;2;3;4;1;2;0;0;4;1;1;0;1;0;0;1;0;0;0;0;0;0;0;0;0;0;0;1;0;0;0;0;0;0;0;0;0;0;0;0;0
088009;Ragusa;46;57;50;61;39;53;43;38;45;38;38;32;42;36;30;30;42;37;32;39;39;54;47;50;60;59;59;67;69;58;90;68;105;57;77;73;76;92;27;64;63;60;43;55;54;40;39;61;45;40;51;37;34;18;26;16;16;10;12;9;4;10;5;12;11;4;1;1;5;4;2;1;0;3;1;5;3;1;0;4;1;0;1;0;0;0;0;0;0;0;0;0;0;1;0;0;0;0;0;0;0
088010;Santa Croce Camerina;24;35;32;23;40;27;20;16;26;30;11;23;18;17;21;21;19;23;20;23;17;17;24;24;29;26;29;32;28;29;38;39;26;39;38;41;42;43;21;37;36;34;41;23;35;24;25;29;21;17;24;19;14;12;4;6;14;2;4;2;1;4;8;1;6;2;0;0;0;1;1;2;0;3;2;1;1;0;0;0;0;0;0;0;0;0;0;1;0;0;0;0;0;0;0;0;0;0;0;0;0
088011;Scicli;41;26;30;24;40;23;22;21;23;22;19;22;15;17;21;22;26;20;23;29;20;17;23;35;21;28;37;29;30;38;31;26;31;35;40;34;37;33;32;39;26;32;37;30;31;29;19;16;17;15;7;7;9;11;12;14;11;7;9;6;4;0;2;4;3;3;0;2;3;3;3;0;1;1;0;1;1;1;0;1;2;0;0;0;0;0;0;0;0;0;0;0;0;0;0;0;0;0;0;0;0
088012;Vittoria;84;79;86;63;72;62;63;53;59;66;38;57;31;49;50;40;30;42;40;51;54;76;86;100;93;111;122;103;126;134;124;117;122;151;130;141;122;126;98;101;96;124;87;106;78;101;94;67;61;65;58;41;36;38;33;29;14;15;12;12;11;6;1;3;7;0;5;0;4;2;0;1;1;4;0;1;0;1;2;1;0;0;0;0;0;0;0;0;0;0;0;0;0;0;0;0;0;0;0;0;0
;Totale;288;309;300;258;276;275;225;216;240;248;183;203;170;205;187;199;187;200;181;229;242;286;303;358;355;378;396;414;421;453;451;409;443;461;454;471;439;462;328;377;382;416;383;351;322;308;279;290;254;221;231;175;176;140;124;110;100;81;66;58;51;36;41;38;35;20;17;12;28;23;18;12;10;15;9;13;9;5;2;7;6;0;2;1;2;0;0;4;2;0;0;0;0;1;0;0;0;0;0;0;0
Territorio/Età;;0;1;2;3;4;5;6;7;8;9;10;11;12;13;14;15;16;17;18;19;20;21;22;23;24;25;26;27;28;29;30;31;32;33;34;35;36;37;38;39;40;41;42;43;44;45;46;47;48;49;50;51;52;53;54;55;56;57;58;59;60;61;62;63;64;65;66;67;68;69;70;71;72;73;74;75;76;77;78;79;80;81;82;83;84;85;86;87;88;89;90;91;92;93;94;95;96;97;98;99;100
Codice comune;Comune;Maschi
088001;Acate;6;14;14;11;11;22;10;11;14;10;10;8;5;6;8;7;9;5;14;12;20;18;23;25;20;31;44;41;32;33;35;42;33;27;29;36;26;23;20;27;39;25;19;25;21;19;17;23;15;17;13;12;6;6;3;9;3;5;3;4;1;0;1;2;0;2;0;1;1;1;1;1;0;0;1;0;0;0;0;0;0;0;0;0;0;0;0;0;0;0;0;0;0;0;0;0;0;0;0;0;0
088002;Chiaramonte Gulfi;4;4;5;3;2;3;0;4;1;2;5;2;1;1;2;3;5;3;1;2;5;3;11;8;8;7;4;6;5;6;7;7;3;7;14;3;3;3;5;3;5;6;4;5;3;1;4;4;1;5;6;1;8;7;0;0;3;1;1;0;0;0;1;1;0;1;0;0;1;0;0;0;0;0;0;0;0;0;0;0;0;0;0;0;0;0;0;0;0;0;0;0;0;0;0;0;0;0;0;0;0
088003;Comiso;15;12;25;15;21;18;14;11;23;18;7;17;12;15;9;10;12;12;14;5;7;19;16;12;18;16;6;20;20;15;18;20;25;27;24;17;16;18;15;18;14;21;20;14;18;15;13;15;20;13;11;6;5;10;2;7;4;5;2;1;4;1;0;0;3;2;1;3;1;1;0;2;1;0;2;1;1;2;0;0;0;0;0;0;0;0;0;1;0;0;0;0;0;0;0;0;0;0;0;0;0
088004;Giarratana;0;0;1;1;0;2;1;1;0;0;0;0;0;0;0;2;0;1;0;0;0;2;1;1;1;1;1;1;1;0;1;2;0;1;2;1;1;0;2;0;0;0;0;4;0;0;0;0;0;0;1;0;0;0;0;1;0;0;0;0;0;0;0;0;0;0;0;0;0;0;0;0;0;0;0;0;0;0;0;0;0;0;0;1;1;0;0;0;0;0;0;0;0;0;0;0;0;0;0;0;0
088005;Ispica;7;3;9;4;5;10;10;5;7;4;7;2;1;6;4;8;7;6;0;4;11;2;4;12;8;6;7;5;6;10;5;4;13;11;7;14;13;13;12;12;20;16;15;16;13;9;13;8;7;7;4;5;7;3;6;3;1;3;2;1;2;0;1;0;0;0;3;2;5;1;1;0;0;0;0;0;0;0;0;1;0;0;0;0;0;0;0;0;0;0;0;0;0;0;0;0;0;0;0;0;0
088006;Modica;5;6;13;9;5;5;2;3;3;5;11;5;6;10;6;16;5;22;9;22;18;12;12;18;20;29;13;26;31;28;19;3;4;11;18;22;26;28;21;13;14;16;26;17;17;22;17;15;16;5;12;4;3;6;6;5;6;6;2;3;4;0;7;2;0;2;3;0;0;2;1;0;2;0;0;2;2;0;0;0;1;0;1;0;0;0;0;0;2;0;0;0;0;0;0;0;0;0;0;0;0
088007;Monterosso Almo;0;0;0;0;0;0;0;0;0;0;0;0;0;0;0;0;0;0;0;0;0;2;0;1;0;0;0;0;0;0;0;2;0;0;0;0;0;0;0;0;1;0;0;0;0;0;0;0;0;0;0;0;0;0;0;0;0;0;0;0;0;0;0;0;0;0;0;0;0;0;0;0;0;0;0;0;0;0;0;0;0;0;0;0;0;0;0;0;0;0;0;0;0;0;0;0;0;0;0;0;0
088008;Pozzallo;2;6;3;4;2;10;2;9;2;3;4;1;6;8;1;3;1;3;2;1;7;6;6;4;6;2;9;6;3;6;1;8;9;3;7;7;4;4;7;2;2;7;7;2;1;4;0;4;2;1;4;5;6;2;2;3;1;1;1;2;1;0;0;0;0;0;0;0;4;1;1;0;0;0;0;0;0;0;0;0;0;0;0;0;0;0;0;0;0;0;0;0;0;0;0;0;0;0;0;0;0
088009;Ragusa;24;29;26;30;10;34;18;17;25;26;18;17;28;18;18;13;21;23;18;20;21;30;19;26;29;19;29;30;35;27;45;33;47;26;28;37;33;49;11;33;21;38;21;23;27;16;27;31;17;21;28;17;17;12;5;10;6;4;4;5;2;6;1;3;5;3;0;0;1;1;2;0;0;0;1;3;2;0;0;2;1;0;0;0;0;0;0;0;0;0;0;0;0;1;0;0;0;0;0;0;0
088010;Santa Croce Camerina;11;16;17;11;16;13;9;8;11;15;6;11;8;12;12;10;15;16;14;17;11;13;14;14;15;15;17;13;13;11;18;20;13;26;24;22;26;26;14;26;26;21;31;17;27;21;22;17;16;8;17;11;12;8;1;2;12;2;2;1;1;3;7;1;5;1;0;0;0;1;1;1;0;3;2;0;1;0;0;0;0;0;0;0;0;0;0;0;0;0;0;0;0;0;0;0;0;0;0;0;0
088011;Scicli;23;13;14;17;23;6;9;11;9;10;6;5;8;8;11;16;11;11;14;10;10;8;16;15;12;16;21;14;15;24;19;12;22;21;22;15;18;17;18;21;12;19;22;18;21;23;9;6;13;8;4;3;5;7;7;12;4;6;5;4;2;0;1;3;1;3;0;0;1;2;1;0;1;1;0;1;1;0;0;1;1;0;0;0;0;0;0;0;0;0;0;0;0;0;0;0;0;0;0;0;0
088012;Vittoria;44;39;37;28;37;30;25;26;23;30;21;25;15;27;23;24;17;29;17;39;28;36;39;55;56;45;53;58;69;77;73;67;67;104;85;109;76;83;62;68;58;84;58;77;58;71;67;45;44;49;33;30;25;24;19;13;10;12;5;9;8;2;0;1;5;0;1;0;1;1;0;0;1;2;0;0;0;0;2;0;0;0;0;0;0;0;0;0;0;0;0;0;0;0;0;0;0;0;0;0;0
;Totale;141;142;164;133;132;153;100;106;118;123;95;93;90;111;94;112;103;131;103;132;138;151;161;191;193;187;204;220;230;237;241;220;236;264;260;283;242;264;187;223;212;253;223;218;206;201;189;168;151;134;133;94;94;85;51;65;50;45;27;30;25;12;19;13;19;14;8;6;15;11;8;4;5;6;6;7;7;2;2;4;3;0;1;1;1;0;0;1;2;0;0;0;0;1;0;0;0;0;0;0;0
Territorio/Età;;0;1;2;3;4;5;6;7;8;9;10;11;12;13;14;15;16;17;18;19;20;21;22;23;24;25;26;27;28;29;30;31;32;33;34;35;36;37;38;39;40;41;42;43;44;45;46;47;48;49;50;51;52;53;54;55;56;57;58;59;60;61;62;63;64;65;66;67;68;69;70;71;72;73;74;75;76;77;78;79;80;81;82;83;84;85;86;87;88;89;90;91;92;93;94;95;96;97;98;99;100
Codice comune;Comune;Femmine
088001;Acate;11;12;4;8;9;10;3;9;9;13;7;9;6;10;3;8;6;7;3;8;13;14;9;22;21;17;12;16;23;26;17;24;18;16;16;19;20;11;18;9;10;12;17;10;11;8;2;10;4;5;3;9;0;3;4;3;2;1;0;0;2;0;2;0;0;0;0;0;1;0;0;0;0;0;0;0;0;0;0;0;0;0;0;0;0;0;0;0;0;0;0;0;0;0;0;0;0;0;0;0;0
088002;Chiaramonte Gulfi;2;10;2;3;5;0;4;3;1;5;3;5;0;4;1;3;1;2;4;7;1;4;3;3;6;3;4;8;3;3;7;7;7;8;4;4;7;7;5;5;8;5;6;3;3;3;3;3;4;1;5;7;5;2;1;0;4;3;1;2;3;0;1;1;0;0;0;0;0;0;1;2;0;0;0;0;0;0;0;0;0;0;0;0;0;0;0;0;0;0;0;0;0;0;0;0;0;0;0;0;0
088003;Comiso;12;27;13;11;8;10;17;12;14;18;13;4;11;16;20;15;6;4;8;6;15;14;14;11;18;14;23;19;18;21;26;19;26;21;13;20;17;21;22;15;19;22;16;17;14;6;10;15;13;10;14;7;19;3;4;2;7;12;4;7;3;5;4;5;1;0;2;0;0;2;3;0;0;2;3;1;0;0;0;0;1;0;0;0;0;0;0;0;0;0;0;0;0;0;0;0;0;0;0;0;0
088004;Giarratana;2;0;1;0;1;0;0;0;1;3;0;0;1;0;0;0;0;0;0;1;0;0;0;0;1;5;2;2;1;1;1;4;0;0;0;2;1;2;0;1;0;1;0;0;0;1;4;0;0;2;0;0;0;1;0;0;0;0;0;0;0;0;0;0;0;0;1;0;0;0;0;1;0;1;0;0;0;0;0;0;0;0;0;0;0;0;0;0;0;0;0;0;0;0;0;0;0;0;0;0;0
088005;Ispica;11;8;3;5;13;5;5;8;2;5;3;1;4;4;4;2;5;3;3;5;0;10;3;7;5;6;4;12;4;16;10;8;12;12;9;6;5;14;4;4;4;12;17;5;3;4;2;2;8;3;2;5;2;1;1;2;3;1;2;2;1;2;0;1;2;0;0;2;0;2;0;1;0;1;0;0;0;0;0;0;0;0;0;0;0;0;0;1;0;0;0;0;0;0;0;0;0;0;0;0;0
088006;Modica;11;6;6;7;3;9;6;7;7;3;6;9;11;5;5;9;8;6;4;8;14;14;15;21;17;13;7;11;15;19;11;0;2;21;19;21;16;18;13;18;12;17;20;12;14;20;12;15;15;12;15;8;12;13;14;6;7;7;9;3;10;6;5;2;1;2;1;1;3;3;4;1;4;0;0;0;1;0;0;0;1;0;0;0;1;0;0;0;0;0;0;0;0;0;0;0;0;0;0;0;0
088007;Monterosso Almo;0;0;1;0;0;0;0;0;0;0;0;0;0;0;0;0;1;0;0;1;0;0;0;0;0;0;2;2;0;0;0;0;1;3;0;0;1;1;0;0;4;0;2;0;2;0;0;0;1;0;1;0;0;1;0;0;0;0;0;0;0;0;0;0;0;0;0;0;0;0;0;0;0;0;0;0;0;0;0;0;0;0;0;0;0;0;0;0;0;0;0;0;0;0;0;0;0;0;0;0;0
088008;Pozzallo;5;4;2;6;0;6;3;5;3;3;1;6;0;1;2;0;4;4;4;5;1;2;6;4;3;4;11;8;6;10;10;9;6;11;7;10;6;5;6;9;9;6;6;7;4;2;5;3;4;3;0;2;10;3;6;4;4;2;2;4;0;2;3;4;1;2;0;0;0;0;0;0;1;0;0;1;0;0;0;0;0;0;0;0;0;0;0;1;0;0;0;0;0;0;0;0;0;0;0;0;0
088009;Ragusa;22;28;24;31;29;19;25;21;20;12;20;15;14;18;12;17;21;14;14;19;18;24;28;24;31;40;30;37;34;31;45;35;58;31;49;36;43;43;16;31;42;22;22;32;27;24;12;30;28;19;23;20;17;6;21;6;10;6;8;4;2;4;4;9;6;1;1;1;4;3;0;1;0;3;0;2;1;1;0;2;0;0;1;0;0;0;0;0;0;0;0;0;0;0;0;0;0;0;0;0;0
088010;Santa Croce Camerina;13;19;15;12;24;14;11;8;15;15;5;12;10;5;9;11;4;7;6;6;6;4;10;10;14;11;12;19;15;18;20;19;13;13;14;19;16;17;7;11;10;13;10;6;8;3;3;12;5;9;7;8;2;4;3;4;2;0;2;1;0;1;1;0;1;1;0;0;0;0;0;1;0;0;0;1;0;0;0;0;0;0;0;0;0;0;0;1;0;0;0;0;0;0;0;0;0;0;0;0;0
088011;Scicli;18;13;16;7;17;17;13;10;14;12;13;17;7;9;10;6;15;9;9;19;10;9;7;20;9;12;16;15;15;14;12;14;9;14;18;19;19;16;14;18;14;13;15;12;10;6;10;10;4;7;3;4;4;4;5;2;7;1;4;2;2;0;1;1;2;0;0;2;2;1;2;0;0;0;0;0;0;1;0;0;1;0;0;0;0;0;0;0;0;0;0;0;0;0;0;0;0;0;0;0;0
088012;Vittoria;40;40;49;35;35;32;38;27;36;36;17;32;16;22;27;16;13;13;23;12;26;40;47;45;37;66;69;45;57;57;51;50;55;47;45;32;46;43;36;33;38;40;29;29;20;30;27;22;17;16;25;11;11;14;14;16;4;3;7;3;3;4;1;2;2;0;4;0;3;1;0;1;0;2;0;1;0;1;0;1;0;0;0;0;0;0;0;0;0;0;0;0;0;0;0;0;0;0;0;0;0
;Totale;147;167;136;125;144;122;125;110;122;125;88;110;80;94;93;87;84;69;78;97;104;135;142;167;162;191;192;194;191;216;210;189;207;197;194;188;197;198;141;154;170;163;160;133;116;107;90;122;103;87;98;81;82;55;73;45;50;36;39;28;26;24;22;25;16;6;9;6;13;12;10;8;5;9;3;6;2;3;0;3;3;0;1;0;1;0;0;3;0;0;0;0;0;0;0;0;0;0;0;0;0

"Ricostruzione della popolazione intercensuaria - Popolazione al 1° gennaio per età"
"Cittadinanza straniera - Anno: 2012 - Provincia: Ragusa"
Territorio/Età;;0;1;2;3;4;5;6;7;8;9;10;11;12;13;14;15;16;17;18;19;20;21;22;23;24;25;26;27;28;29;30;31;32;33;34;35;36;37;38;39;40;41;42;43;44;45;46;47;48;49;50;51;52;53;54;55;56;57;58;59;60;61;62;63;64;65;66;67;68;69;70;71;72;73;74;75;76;77;78;79;80;81;82;83;84;85;86;87;88;89;90;91;92;93;94;95;96;97;98;99;100
Codice comune;Comune;Totale
088001;Acate;20;19;24;24;18;23;35;15;20;25;27;19;17;12;22;11;20;19;15;25;30;55;49;41;58;58;67;63;72;77;72;65;78;59;50;57;60;52;42;41;40;52;44;42;41;33;32;23;35;20;22;18;20;6;10;7;12;7;6;5;5;4;0;3;2;0;2;0;1;2;1;1;1;0;0;2;0;0;0;0;0;0;0;0;0;0;0;0;0;0;0;0;0;0;0;0;0;0;0;0;0
088002;Chiaramonte Gulfi;15;7;14;6;6;9;3;5;9;3;7;8;7;1;5;3;6;6;5;7;8;9;10;19;19;16;13;11;15;12;11;14;15;11;16;15;9;12;11;11;11;15;12;10;10;7;5;8;7;5;5;11;8;12;9;2;0;7;4;2;2;3;0;2;2;0;1;0;0;1;0;1;2;0;0;0;0;0;0;0;0;0;0;0;0;0;0;0;0;0;0;0;0;0;0;0;0;0;0;0;0
088003;Comiso;31;28;40;41;24;28;29;34;25;40;38;21;22;23;35;31;26;21;11;19;14;27;39;36;33;44;36;38;45;38;46;42;37;50;47;36;41;36;38;36;37;32;45;38;31;34;24;25;31;32;26;26;13;24;13;8;9;12;15;5;7;7;6;4;5;4;2;2;3;1;4;4;2;1;2;5;2;1;1;0;0;1;0;0;0;0;0;0;1;0;0;0;0;0;0;0;0;0;0;0;0
088004;Giarratana;1;1;0;3;1;1;2;1;2;1;4;0;0;1;0;0;2;0;1;0;1;0;1;1;1;5;5;4;3;2;2;2;5;0;1;2;3;2;3;2;1;0;1;0;4;0;1;5;0;0;2;1;0;0;1;0;1;0;0;0;0;0;0;0;0;0;0;1;0;0;0;0;1;0;1;0;0;0;0;0;0;0;0;0;1;1;0;0;0;0;0;0;0;0;0;0;0;0;0;0;0
088005;Ispica;24;22;10;14;9;20;16;14;14;9;11;13;4;7;12;8;10;17;10;6;16;14;9;13;24;17;16;17;21;11;24;19;17;24;18;15;22;17;25;15;17;25;22;25;17;15;14;14;10;16;9;9;11;12;4;7;6;4;4;3;3;3;2;1;0;2;0;3;4;5;3;1;1;0;1;0;0;0;0;0;1;0;0;0;0;0;0;0;1;0;0;0;0;0;0;0;0;0;0;0;0
088006;Modica;3;3;2;9;10;6;12;7;5;8;6;16;12;15;13;11;23;14;29;15;28;31;25;31;39;45;45;19;32;48;44;48;31;47;41;45;41;35;42;34;25;24;31;38;28;31;40;24;28;31;16;24;13;13;21;20;11;12;14;11;6;12;6;12;5;2;4;4;1;3;5;4;0;6;0;0;2;3;0;0;0;1;0;0;0;1;0;0;0;2;0;0;0;0;0;0;0;0;0;0;0
088007;Monterosso Almo;0;1;0;1;0;0;0;0;0;0;0;0;0;0;0;0;0;1;0;0;1;0;2;0;1;0;0;1;2;0;0;0;3;1;3;0;0;0;1;0;0;4;0;2;0;2;1;0;0;1;0;1;0;0;1;0;0;0;0;0;0;0;0;0;0;0;0;0;0;0;0;0;0;0;0;0;0;0;0;0;0;0;0;0;0;0;0;0;0;0;0;0;0;0;0;0;0;0;0;0;0
088008;Pozzallo;14;5;8;7;12;3;15;7;13;5;5;5;7;6;12;2;4;6;8;9;8;8;14;14;10;13;8;21;16;16;18;14;21;15;14;15;17;15;11;14;12;12;13;16;8;3;7;6;9;7;5;5;6;17;6;7;8;5;3;5;5;2;2;4;4;1;2;0;0;5;1;1;0;0;0;0;1;0;0;0;0;0;0;0;0;0;0;0;0;0;0;0;0;0;0;0;0;0;0;0;0
088009;Ragusa;46;47;56;50;57;43;53;46;41;52;44;42;34;47;38;32;37;44;48;41;48;43;65;63;60;69;76;69;76;74;64;93;73;100;61;85;77;86;97;33;69;72;64;49;57;60;40;41;63;50;43;55;40;34;20;28;15;17;9;12;7;8;10;6;12;10;4;1;3;5;5;2;1;0;3;1;6;3;3;0;4;1;0;1;0;0;0;0;0;0;0;0;0;0;1;0;0;0;0;0;0
088010;Santa Croce Camerina;37;25;38;32;25;44;28;20;18;27;33;13;27;17;18;23;22;23;25;22;26;22;18;33;25;35;37;36;39;34;39;45;45;38;44;39;44;45;46;26;41;40;33;43;24;31;25;28;30;20;17;22;18;14;12;4;6;14;2;4;2;0;4;8;2;7;2;0;0;0;0;1;2;0;3;1;1;1;0;0;0;0;0;0;0;0;0;0;1;0;0;0;0;0;0;0;0;0;0;0;0
088011;Scicli;35;31;26;33;27;40;27;22;21;25;19;19;24;16;18;23;23;28;21;27;38;25;21;23;42;26;32;37;35;35;45;34;29;34;36;37;34;38;35;31;41;29;32;39;31;33;28;20;16;18;16;6;8;8;12;12;14;11;7;9;5;4;0;2;4;3;3;0;2;3;3;2;0;1;1;0;1;1;1;0;1;2;0;0;0;0;0;0;0;0;0;0;0;0;0;0;0;0;0;0;0
088012;Vittoria;97;83;85;86;72;77;66;66;60;62;75;48;61;36;54;52;49;37;43;51;62;62;86;104;110;120;133;140;131;148;158;129;130;135;158;140;153;129;138;100;106;91;129;94;108;79;100;90;69;64;65;56;38;40;38;30;29;15;16;13;12;10;6;1;4;8;0;5;0;4;2;0;1;1;4;0;1;0;1;2;1;1;0;0;0;0;0;0;0;0;0;0;0;0;0;0;0;0;0;0;0
;Totale;323;272;303;306;261;294;286;237;228;257;269;204;215;181;227;196;222;216;216;222;280;296;339;378;422;448;468;456;487;495;523;505;484;514;489;486;501;467;489;343;400;396;426;396;359;328;317;284;298;264;226;234;175;180;147;125;111;104;80;69;54;53;36;43;40;37;20;16;14;29;24;17;11;9;15;9;14;9;6;2;7;6;0;1;1;2;0;0;3;2;0;0;0;0;1;0;0;0;0;0;0
Territorio/Età;;0;1;2;3;4;5;6;7;8;9;10;11;12;13;14;15;16;17;18;19;20;21;22;23;24;25;26;27;28;29;30;31;32;33;34;35;36;37;38;39;40;41;42;43;44;45;46;47;48;49;50;51;52;53;54;55;56;57;58;59;60;61;62;63;64;65;66;67;68;69;70;71;72;73;74;75;76;77;78;79;80;81;82;83;84;85;86;87;88;89;90;91;92;93;94;95;96;97;98;99;100
Codice comune;Comune;Maschi
088001;Acate;9;6;14;19;11;13;23;10;10;15;12;12;8;5;7;8;10;11;8;19;20;33;28;26;27;36;42;48;52;46;42;45;52;39;32;40;39;30;29;23;30;41;31;23;29;21;24;22;25;16;17;15;11;6;6;3;9;4;5;4;5;2;0;1;2;0;2;0;1;1;1;1;1;0;0;2;0;0;0;0;0;0;0;0;0;0;0;0;0;0;0;0;0;0;0;0;0;0;0;0;0
088002;Chiaramonte Gulfi;11;5;4;4;3;4;3;1;5;1;3;5;2;1;1;2;3;5;3;1;2;7;4;14;13;9;11;5;7;7;6;8;7;6;8;12;3;5;4;6;4;6;7;4;6;4;1;4;4;1;4;6;1;7;7;0;0;3;1;1;0;0;0;1;1;0;1;0;0;1;0;0;0;0;0;0;0;0;0;0;0;0;0;0;0;0;0;0;0;0;0;0;0;0;0;0;0;0;0;0;0
088003;Comiso;13;16;12;29;14;21;20;14;13;26;19;8;17;11;19;12;10;13;9;10;3;11;25;20;19;26;20;11;22;20;25;18;20;25;28;23;19;16;18;15;19;12;22;22;14;17;19;12;15;19;17;11;7;5;9;2;7;5;5;2;1;4;1;0;0;3;2;1;3;1;1;1;2;1;0;2;1;1;1;0;0;0;0;0;0;0;0;0;1;0;0;0;0;0;0;0;0;0;0;0;0
088004;Giarratana;1;0;0;2;1;0;2;1;2;0;0;0;0;0;0;0;2;0;1;0;1;0;1;1;1;1;1;1;1;1;1;1;2;0;1;2;1;1;0;2;0;0;0;0;4;0;0;0;0;0;0;1;0;0;0;0;1;0;0;0;0;0;0;0;0;0;0;0;0;0;0;0;0;0;0;0;0;0;0;0;0;0;0;0;1;1;0;0;0;0;0;0;0;0;0;0;0;0;0;0;0
088005;Ispica;8;9;2;9;6;7;10;10;4;6;6;9;2;3;6;4;8;11;7;3;9;11;1;9;16;8;10;11;9;6;9;8;8;15;10;7;16;12;10;11;13;18;10;9;14;13;10;12;8;8;7;7;6;8;3;6;3;1;3;1;1;3;0;1;0;0;0;3;2;5;1;1;0;0;0;0;0;0;0;0;1;0;0;0;0;0;0;0;0;0;0;0;0;0;0;0;0;0;0;0;0
088006;Modica;3;0;0;7;7;5;3;3;1;3;4;12;4;5;9;6;15;6;22;11;20;16;11;14;19;25;27;11;22;30;23;25;19;28;24;28;20;23;26;23;10;13;16;24;15;16;18;15;16;17;4;11;3;3;7;5;5;4;6;2;3;4;0;7;2;1;2;3;0;0;2;0;0;2;0;0;2;2;0;0;0;0;0;0;0;0;0;0;0;2;0;0;0;0;0;0;0;0;0;0;0
088007;Monterosso Almo;0;0;0;0;0;0;0;0;0;0;0;0;0;0;0;0;0;0;0;0;0;0;2;0;1;0;0;0;0;0;0;0;2;0;0;0;0;0;0;0;0;1;0;0;0;0;1;0;0;0;0;0;0;0;0;0;0;0;0;0;0;0;0;0;0;0;0;0;0;0;0;0;0;0;0;0;0;0;0;0;0;0;0;0;0;0;0;0;0;0;0;0;0;0;0;0;0;0;0;0;0
088008;Pozzallo;12;1;6;4;5;3;9;4;8;2;2;4;1;6;11;1;3;2;4;4;1;7;9;9;3;6;4;9;8;7;6;2;9;8;4;8;7;7;6;9;2;2;6;10;1;0;4;1;4;2;1;5;5;7;4;2;4;1;1;1;2;1;0;1;0;0;0;0;0;5;1;1;0;0;0;0;0;0;0;0;0;0;0;0;0;0;0;0;0;0;0;0;0;0;0;0;0;0;0;0;0
088009;Ragusa;22;25;27;27;29;10;34;21;20;27;27;21;19;31;19;19;20;23;29;27;28;22;38;32;38;29;31;36;34;39;35;47;35;46;27;34;39;37;54;13;32;26;37;21;22;31;14;23;31;19;22;31;18;17;12;6;9;6;3;4;4;3;6;2;3;5;3;0;1;1;1;2;0;0;0;1;3;2;0;0;2;1;0;0;0;0;0;0;0;0;0;0;0;0;1;0;0;0;0;0;0
088010;Santa Croce Camerina;22;12;17;17;12;17;14;9;8;11;17;6;15;7;12;14;10;17;18;15;19;14;13;18;14;19;25;24;15;17;18;24;24;21;30;26;26;29;28;18;29;28;20;32;18;24;22;24;18;15;8;15;10;12;8;1;2;12;2;2;1;0;3;7;2;6;1;0;0;0;0;1;1;0;3;1;0;1;0;0;0;0;0;0;0;0;0;0;0;0;0;0;0;0;0;0;0;0;0;0;0
088011;Scicli;20;17;14;17;18;22;6;9;10;11;8;7;5;9;9;13;16;13;12;16;15;13;8;17;21;17;19;21;20;19;29;22;13;23;22;23;16;18;16;18;22;12;17;23;19;22;21;9;6;14;8;3;3;5;8;7;13;4;6;5;4;2;0;1;3;1;3;0;0;1;2;0;0;1;1;0;1;1;0;0;1;1;0;0;0;0;0;0;0;0;0;0;0;0;0;0;0;0;0;0;0
088012;Vittoria;45;46;39;35;33;40;31;25;27;25;33;25;27;20;29;25;28;22;31;24;45;33;39;48;59;69;57;70;73;85;91;77;76;74;108;91;119;84;89;64;73;53;87;63;75;59;67;64;47;43;49;30;28;26;26;18;14;10;12;6;9;7;2;0;1;5;0;1;0;1;1;0;0;1;2;0;0;0;0;2;0;0;0;0;0;0;0;0;0;0;0;0;0;0;0;0;0;0;0;0;0
;Totale;166;137;135;170;139;142;155;107;108;127;131;109;100;98;122;104;125;123;144;130;163;167;179;208;231;245;247;247;263;277;285;277;267;285;294;294;305;262;280;202;234;212;253;231;217;207;201;186;174;154;137;135;92;96;90;50;67;50;44;28;30;26;12;21;14;21;14;8;7;16;10;7;4;5;6;6;7;7;1;2;4;2;0;0;1;1;0;0;1;2;0;0;0;0;1;0;0;0;0;0;0
Territorio/Età;;0;1;2;3;4;5;6;7;8;9;10;11;12;13;14;15;16;17;18;19;20;21;22;23;24;25;26;27;28;29;30;31;32;33;34;35;36;37;38;39;40;41;42;43;44;45;46;47;48;49;50;51;52;53;54;55;56;57;58;59;60;61;62;63;64;65;66;67;68;69;70;71;72;73;74;75;76;77;78;79;80;81;82;83;84;85;86;87;88;89;90;91;92;93;94;95;96;97;98;99;100
Codice comune;Comune;Femmine
088001;Acate;11;13;10;5;7;10;12;5;10;10;15;7;9;7;15;3;10;8;7;6;10;22;21;15;31;22;25;15;20;31;30;20;26;20;18;17;21;22;13;18;10;11;13;19;12;12;8;1;10;4;5;3;9;0;4;4;3;3;1;1;0;2;0;2;0;0;0;0;0;1;0;0;0;0;0;0;0;0;0;0;0;0;0;0;0;0;0;0;0;0;0;0;0;0;0;0;0;0;0;0;0
088002;Chiaramonte Gulfi;4;2;10;2;3;5;0;4;4;2;4;3;5;0;4;1;3;1;2;6;6;2;6;5;6;7;2;6;8;5;5;6;8;5;8;3;6;7;7;5;7;9;5;6;4;3;4;4;3;4;1;5;7;5;2;2;0;4;3;1;2;3;0;1;1;0;0;0;0;0;0;1;2;0;0;0;0;0;0;0;0;0;0;0;0;0;0;0;0;0;0;0;0;0;0;0;0;0;0;0;0
088003;Comiso;18;12;28;12;10;7;9;20;12;14;19;13;5;12;16;19;16;8;2;9;11;16;14;16;14;18;16;27;23;18;21;24;17;25;19;13;22;20;20;21;18;20;23;16;17;17;5;13;16;13;9;15;6;19;4;6;2;7;10;3;6;3;5;4;5;1;0;1;0;0;3;3;0;0;2;3;1;0;0;0;0;1;0;0;0;0;0;0;0;0;0;0;0;0;0;0;0;0;0;0;0
088004;Giarratana;0;1;0;1;0;1;0;0;0;1;4;0;0;1;0;0;0;0;0;0;0;0;0;0;0;4;4;3;2;1;1;1;3;0;0;0;2;1;3;0;1;0;1;0;0;0;1;5;0;0;2;0;0;0;1;0;0;0;0;0;0;0;0;0;0;0;0;1;0;0;0;0;1;0;1;0;0;0;0;0;0;0;0;0;0;0;0;0;0;0;0;0;0;0;0;0;0;0;0;0;0
088005;Ispica;16;13;8;5;3;13;6;4;10;3;5;4;2;4;6;4;2;6;3;3;7;3;8;4;8;9;6;6;12;5;15;11;9;9;8;8;6;5;15;4;4;7;12;16;3;2;4;2;2;8;2;2;5;4;1;1;3;3;1;2;2;0;2;0;0;2;0;0;2;0;2;0;1;0;1;0;0;0;0;0;0;0;0;0;0;0;0;0;1;0;0;0;0;0;0;0;0;0;0;0;0
088006;Modica;0;3;2;2;3;1;9;4;4;5;2;4;8;10;4;5;8;8;7;4;8;15;14;17;20;20;18;8;10;18;21;23;12;19;17;17;21;12;16;11;15;11;15;14;13;15;22;9;12;14;12;13;10;10;14;15;6;8;8;9;3;8;6;5;3;1;2;1;1;3;3;4;0;4;0;0;0;1;0;0;0;1;0;0;0;1;0;0;0;0;0;0;0;0;0;0;0;0;0;0;0
088007;Monterosso Almo;0;1;0;1;0;0;0;0;0;0;0;0;0;0;0;0;0;1;0;0;1;0;0;0;0;0;0;1;2;0;0;0;1;1;3;0;0;0;1;0;0;3;0;2;0;2;0;0;0;1;0;1;0;0;1;0;0;0;0;0;0;0;0;0;0;0;0;0;0;0;0;0;0;0;0;0;0;0;0;0;0;0;0;0;0;0;0;0;0;0;0;0;0;0;0;0;0;0;0;0;0
088008;Pozzallo;2;4;2;3;7;0;6;3;5;3;3;1;6;0;1;1;1;4;4;5;7;1;5;5;7;7;4;12;8;9;12;12;12;7;10;7;10;8;5;5;10;10;7;6;7;3;3;5;5;5;4;0;1;10;2;5;4;4;2;4;3;1;2;3;4;1;2;0;0;0;0;0;0;0;0;0;1;0;0;0;0;0;0;0;0;0;0;0;0;0;0;0;0;0;0;0;0;0;0;0;0
088009;Ragusa;24;22;29;23;28;33;19;25;21;25;17;21;15;16;19;13;17;21;19;14;20;21;27;31;22;40;45;33;42;35;29;46;38;54;34;51;38;49;43;20;37;46;27;28;35;29;26;18;32;31;21;24;22;17;8;22;6;11;6;8;3;5;4;4;9;5;1;1;2;4;4;0;1;0;3;0;3;1;3;0;2;0;0;1;0;0;0;0;0;0;0;0;0;0;0;0;0;0;0;0;0
088010;Santa Croce Camerina;15;13;21;15;13;27;14;11;10;16;16;7;12;10;6;9;12;6;7;7;7;8;5;15;11;16;12;12;24;17;21;21;21;17;14;13;18;16;18;8;12;12;13;11;6;7;3;4;12;5;9;7;8;2;4;3;4;2;0;2;1;0;1;1;0;1;1;0;0;0;0;0;1;0;0;0;1;0;0;0;0;0;0;0;0;0;0;0;1;0;0;0;0;0;0;0;0;0;0;0;0
088011;Scicli;15;14;12;16;9;18;21;13;11;14;11;12;19;7;9;10;7;15;9;11;23;12;13;6;21;9;13;16;15;16;16;12;16;11;14;14;18;20;19;13;19;17;15;16;12;11;7;11;10;4;8;3;5;3;4;5;1;7;1;4;1;2;0;1;1;2;0;0;2;2;1;2;0;0;0;0;0;0;1;0;0;1;0;0;0;0;0;0;0;0;0;0;0;0;0;0;0;0;0;0;0
088012;Vittoria;52;37;46;51;39;37;35;41;33;37;42;23;34;16;25;27;21;15;12;27;17;29;47;56;51;51;76;70;58;63;67;52;54;61;50;49;34;45;49;36;33;38;42;31;33;20;33;26;22;21;16;26;10;14;12;12;15;5;4;7;3;3;4;1;3;3;0;4;0;3;1;0;1;0;2;0;1;0;1;0;1;1;0;0;0;0;0;0;0;0;0;0;0;0;0;0;0;0;0;0;0
;Totale;157;135;168;136;122;152;131;130;120;130;138;95;115;83;105;92;97;93;72;92;117;129;160;170;191;203;221;209;224;218;238;228;217;229;195;192;196;205;209;141;166;184;173;165;142;121;116;98;124;110;89;99;83;84;57;75;44;54;36;41;24;27;24;22;26;16;6;8;7;13;14;10;7;4;9;3;7;2;5;0;3;4;0;1;0;1;0;0;2;0;0;0;0;0;0;0;0;0;0;0;0

"Ricostruzione della popolazione intercensuaria - Popolazione al 1° gennaio per età"
"Cittadinanza straniera - Anno: 2013 - Provincia: Ragusa"
Territorio/Età;;0;1;2;3;4;5;6;7;8;9;10;11;12;13;14;15;16;17;18;19;20;21;22;23;24;25;26;27;28;29;30;31;32;33;34;35;36;37;38;39;40;41;42;43;44;45;46;47;48;49;50;51;52;53;54;55;56;57;58;59;60;61;62;63;64;65;66;67;68;69;70;71;72;73;74;75;76;77;78;79;80;81;82;83;84;85;86;87;88;89;90;91;92;93;94;95;96;97;98;99;100
Codice comune;Comune;Totale
088001;Acate;30;27;24;26;28;21;30;38;18;20;30;31;23;18;13;23;13;20;23;19;36;38;62;54;53;70;69;72;74;80;83;82;75;89;71;63;66;65;52;45;44;37;58;53;47;43;33;35;27;36;22;22;17;21;9;10;8;11;6;6;5;5;4;0;3;2;0;2;0;1;2;1;1;0;0;0;2;0;0;0;0;0;0;0;0;0;0;0;0;0;0;0;0;0;0;0;0;0;0;0;0
088002;Chiaramonte Gulfi;8;18;8;14;8;7;10;3;7;9;3;7;8;9;3;7;3;8;9;8;8;8;10;13;21;20;15;13;13;14;12;15;18;14;14;16;16;13;11;11;14;13;13;9;12;9;9;5;9;7;5;4;10;9;12;8;2;0;7;4;2;4;3;0;2;2;1;2;0;0;1;0;1;2;0;0;0;0;0;0;0;0;0;0;0;0;0;0;0;0;0;0;0;0;0;0;0;0;0;0;0
088003;Comiso;34;28;30;40;41;30;29;32;30;26;43;39;28;22;25;42;35;26;24;15;25;19;30;48;50;40;53;49;42;53;45;49;45;44;55;53;38;36;38;40;41;37;31;50;38;32;32;22;24;27;36;25;29;12;22;16;10;8;11;15;6;6;10;6;5;5;5;2;3;3;1;3;3;2;1;2;5;2;1;1;0;2;1;0;0;0;0;1;0;1;0;0;0;0;0;0;0;0;0;0;0
088004;Giarratana;1;3;2;0;3;1;1;1;1;3;1;3;0;0;1;0;0;0;0;1;0;3;0;1;1;2;7;4;4;5;2;2;4;6;1;1;2;2;2;3;3;2;0;1;0;3;0;1;5;0;0;2;1;1;0;1;0;1;0;0;0;0;0;0;0;0;0;0;1;0;0;0;0;1;0;1;0;0;0;0;0;0;0;0;0;1;1;0;0;0;0;0;0;0;0;0;0;0;0;0;0
088005;Ispica;14;28;25;12;17;13;24;19;15;17;12;10;15;5;7;16;7;9;17;12;7;16;16;8;18;23;24;17;27;22;14;24;23;20;28;17;17;25;20;29;18;21;31;23;25;18;19;15;16;13;18;12;12;10;14;3;7;6;4;3;3;3;3;2;1;0;1;0;3;4;6;3;2;1;1;1;0;0;0;0;0;1;0;0;0;0;0;0;0;1;0;0;0;0;0;0;0;0;0;0;0
088006;Modica;34;12;14;8;17;12;9;13;8;7;11;7;17;14;14;14;11;20;12;27;14;30;38;23;41;44;61;53;52;61;57;70;68;53;59;57;47;51;33;41;36;26;30;31;35;29;28;34;23;23;28;15;18;14;17;17;16;10;7;11;11;5;11;6;10;5;2;5;2;1;3;5;4;0;4;0;0;2;2;0;1;0;1;0;0;0;0;0;0;0;1;0;0;0;0;0;0;0;0;0;0
088007;Monterosso Almo;0;0;0;0;1;0;0;0;0;0;0;0;0;0;0;0;0;0;1;0;0;1;0;2;1;1;0;0;0;2;0;0;0;3;2;3;0;0;0;1;0;0;4;0;2;0;3;2;0;0;1;0;1;0;0;1;0;0;0;0;0;0;0;0;0;0;0;0;0;0;0;0;0;0;0;0;0;0;0;0;0;0;0;0;0;0;0;0;0;0;0;0;0;0;0;0;0;0;0;0;0
088008;Pozzallo;12;13;6;8;8;12;7;17;8;12;6;4;5;9;6;13;2;6;5;7;11;8;10;17;17;16;18;14;25;20;19;18;14;19;18;11;15;16;18;15;14;10;13;15;22;8;3;9;6;11;8;4;6;8;17;5;10;8;6;4;7;4;2;2;3;4;1;3;0;1;5;1;2;1;0;1;0;1;0;0;0;0;0;0;0;0;0;0;0;0;0;0;0;0;0;0;0;0;0;0;0
088009;Ragusa;56;54;53;56;56;55;47;48;45;42;54;46;45;37;46;38;35;38;45;47;45;55;56;74;76;77;86;87;81;85;88;74;98;81;100;62;88;80;93;96;33;65;73;67;54;61;57;41;40;64;54;45;51;39;35;22;27;15;17;9;15;8;8;9;7;12;9;3;1;3;3;7;2;1;0;3;2;6;3;3;0;4;1;0;1;0;0;0;0;0;0;0;0;0;0;1;0;0;0;0;0
088010;Santa Croce Camerina;47;38;30;38;36;26;43;31;24;18;30;31;12;26;19;19;21;25;24;26;29;33;23;26;34;33;42;45;42;50;44;41;56;51;50;57;48;45;46;53;36;44;46;33;44;26;33;26;33;31;21;16;24;17;15;11;6;6;14;3;5;2;0;4;6;2;7;3;0;0;1;0;1;2;0;3;1;1;1;0;3;0;0;0;0;0;0;0;1;1;0;0;0;0;0;0;0;0;0;0;0
088011;Scicli;71;38;31;24;35;27;41;28;25;21;25;17;20;22;15;19;23;24;27;24;29;42;31;25;36;46;32;38;40;40;38;45;37;34;36;39;41;35;36;36;39;43;31;32;40;32;31;28;20;16;18;16;6;9;9;11;12;15;11;7;9;3;4;0;2;4;3;3;0;2;3;4;2;0;0;1;0;1;1;1;0;1;1;0;0;0;0;0;0;0;0;0;0;0;0;0;0;0;0;0;0
088012;Vittoria;103;102;90;87;86;76;80;66;69;63;61;72;48;61;36;53;48;54;41;53;52;71;77;96;112;117;132;146;154;140;159;160;139;137;145;163;150;159;137;140;101;114;100;128;97;107;82;105;91;72;65;66;58;39;41;38;30;29;14;16;15;14;9;6;1;4;7;0;5;0;3;1;0;1;1;4;0;2;0;1;1;1;1;0;0;0;0;0;0;0;0;0;0;0;0;0;0;0;0;0;0
;Totale;410;361;313;313;336;280;321;296;250;238;276;267;221;223;185;244;198;230;228;239;256;324;353;387;460;489;539;538;554;572;561;580;577;551;579;542;528;527;486;510;379;412;430;442;416;368;330;323;294;300;276;227;233;179;191;143;128;109;97;78;78;54;54;35;40;40;36;23;15;15;28;25;18;11;7;16;10;15;8;6;5;9;5;0;1;1;1;1;1;3;1;0;0;0;0;1;0;0;0;0;0
Territorio/Età;;0;1;2;3;4;5;6;7;8;9;10;11;12;13;14;15;16;17;18;19;20;21;22;23;24;25;26;27;28;29;30;31;32;33;34;35;36;37;38;39;40;41;42;43;44;45;46;47;48;49;50;51;52;53;54;55;56;57;58;59;60;61;62;63;64;65;66;67;68;69;70;71;72;73;74;75;76;77;78;79;80;81;82;83;84;85;86;87;88;89;90;91;92;93;94;95;96;97;98;99;100
Codice comune;Comune;Maschi
088001;Acate;13;13;9;15;21;13;17;24;10;10;20;14;15;9;7;9;9;9;15;9;27;26;34;30;29;32;44;44;56;54;48;51;50;60;48;40;48;42;29;31;24;28;45;37;29;30;22;26;23;26;16;18;15;10;8;6;4;8;4;5;4;5;2;0;1;2;0;2;0;1;1;1;1;0;0;0;2;0;0;0;0;0;0;0;0;0;0;0;0;0;0;0;0;0;0;0;0;0;0;0;0
088002;Chiaramonte Gulfi;7;12;5;3;6;4;4;3;1;5;2;2;4;2;2;4;2;4;6;3;3;2;7;7;14;12;9;10;5;6;8;8;12;8;8;9;12;7;5;5;7;5;5;5;5;5;6;1;4;4;1;3;6;2;6;5;0;0;3;1;1;1;0;0;1;1;0;2;0;0;1;0;0;0;0;0;0;0;0;0;0;0;0;0;0;0;0;0;0;0;0;0;0;0;0;0;0;0;0;0;0
088003;Comiso;20;11;16;13;28;19;22;19;13;14;25;18;14;14;13;26;16;10;16;12;12;4;12;31;31;25;34;30;16;29;26;30;22;23;28;31;25;16;19;21;19;20;11;27;20;16;16;16;12;14;20;17;12;6;6;9;3;6;6;5;2;0;5;1;1;0;4;2;1;3;1;0;1;2;1;0;2;1;1;1;0;0;0;0;0;0;0;0;0;1;0;0;0;0;0;0;0;0;0;0;0
088004;Giarratana;1;2;0;0;2;1;0;1;1;3;0;0;0;0;0;0;0;0;0;1;0;3;0;1;1;2;3;0;2;1;1;1;2;2;0;1;2;1;1;1;3;1;0;0;0;3;0;0;0;0;0;0;1;0;0;0;0;1;0;0;0;0;0;0;0;0;0;0;0;0;0;0;0;0;0;0;0;0;0;0;0;0;0;0;0;1;1;0;0;0;0;0;0;0;0;0;0;0;0;0;0
088005;Ispica;6;9;11;2;11;9;10;12;11;5;7;7;11;2;4;9;4;7;10;9;2;10;12;1;13;16;9;12;18;11;9;9;11;10;17;11;8;18;15;15;12;15;22;12;11;15;16;11;13;9;11;8;9;5;9;2;6;3;1;2;1;1;3;0;1;0;0;0;3;2;5;1;2;0;1;0;0;0;0;0;0;1;0;0;0;0;0;0;0;0;0;0;0;0;0;0;0;0;0;0;0
088006;Modica;18;5;6;2;10;9;7;5;3;1;4;5;11;6;5;9;7;12;6;19;10;19;20;9;18;19;31;27;28;37;32;34;34;28;40;29;29;23;21;25;29;10;16;17;22;16;13;15;14;15;14;4;10;3;2;7;4;4;2;5;3;3;4;0;5;2;1;2;2;0;0;2;1;0;1;0;0;2;1;0;1;0;0;0;0;0;0;0;0;0;1;0;0;0;0;0;0;0;0;0;0
088007;Monterosso Almo;0;0;0;0;0;0;0;0;0;0;0;0;0;0;0;0;0;0;0;0;0;0;0;2;1;1;0;0;0;0;0;0;0;3;1;0;0;0;0;0;0;0;1;0;0;0;0;2;0;0;0;0;0;0;0;0;0;0;0;0;0;0;0;0;0;0;0;0;0;0;0;0;0;0;0;0;0;0;0;0;0;0;0;0;0;0;0;0;0;0;0;0;0;0;0;0;0;0;0;0;0
088008;Pozzallo;5;11;1;6;4;5;5;10;4;7;2;1;4;2;6;10;1;5;2;3;6;0;8;11;11;7;8;7;11;9;9;5;3;7;9;4;9;6;9;6;9;2;2;7;10;2;0;6;1;6;3;1;5;6;7;4;2;5;1;1;1;2;1;0;0;0;0;0;0;0;5;1;2;0;0;0;0;0;0;0;0;0;0;0;0;0;0;0;0;0;0;0;0;0;0;0;0;0;0;0;0
088009;Ragusa;28;25;29;27;29;29;15;32;21;21;29;30;24;22;29;20;22;23;27;29;29;28;31;42;38;47;41;39;45;42;50;41;50;41;43;28;39;38;41;56;14;28;30;40;21;23;32;17;22;35;22;21;28;17;19;12;3;8;6;4;5;5;3;6;3;4;4;2;0;1;0;2;2;0;0;0;1;3;2;0;0;2;1;0;0;0;0;0;0;0;0;0;0;0;0;1;0;0;0;0;0
088010;Santa Croce Camerina;23;21;12;18;19;14;16;16;10;8;14;17;5;14;8;12;13;12;18;19;17;22;15;19;19;19;21;32;26;25;27;20;33;32;32;40;32;28;31;32;26;30;35;20;32;19;23;23;27;19;15;8;16;10;12;7;3;2;12;2;1;1;0;3;5;2;6;2;0;0;1;0;1;1;0;3;1;0;1;0;2;0;0;0;0;0;0;0;0;0;0;0;0;0;0;0;0;0;0;0;0
088011;Scicli;41;21;17;13;16;19;23;8;10;9;10;9;8;5;8;10;13;18;13;12;19;18;13;10;24;24;21;23;25;23;23;29;25;18;24;24;27;20;17;17;22;24;14;17;24;19;21;21;10;5;14;8;3;4;5;7;7;13;3;6;5;2;2;0;1;3;1;3;0;0;1;2;0;0;0;1;0;1;1;0;0;1;1;0;0;0;0;0;0;0;0;0;0;0;0;0;0;0;0;0;0
088012;Vittoria;47;50;50;39;38;35;42;31;27;30;25;35;28;29;20;29;22;32;26;38;27;48;46;44;55;67;76;65;81;84;93;94;83;84;82;112;99;126;91;91;69;82;58;86;66;73;61;71;65;49;43;50;31;31;25;26;18;15;9;12;6;11;7;2;0;1;4;0;1;0;1;1;0;0;1;2;0;1;0;0;1;0;0;0;0;0;0;0;0;0;0;0;0;0;0;0;0;0;0;0;0
;Totale;209;180;156;138;184;157;161;161;111;113;138;138;124;105;102;138;109;132;139;154;152;180;198;207;254;271;297;289;313;321;326;322;325;316;332;329;330;325;279;300;234;245;239;268;240;221;210;209;191;182;159;138;136;94;99;85;50;65;47;43;29;31;27;12;18;15;20;15;7;7;16;10;10;3;4;6;6;8;6;1;4;4;2;0;0;1;1;0;0;1;1;0;0;0;0;1;0;0;0;0;0
Territorio/Età;;0;1;2;3;4;5;6;7;8;9;10;11;12;13;14;15;16;17;18;19;20;21;22;23;24;25;26;27;28;29;30;31;32;33;34;35;36;37;38;39;40;41;42;43;44;45;46;47;48;49;50;51;52;53;54;55;56;57;58;59;60;61;62;63;64;65;66;67;68;69;70;71;72;73;74;75;76;77;78;79;80;81;82;83;84;85;86;87;88;89;90;91;92;93;94;95;96;97;98;99;100
Codice comune;Comune;Femmine
088001;Acate;17;14;15;11;7;8;13;14;8;10;10;17;8;9;6;14;4;11;8;10;9;12;28;24;24;38;25;28;18;26;35;31;25;29;23;23;18;23;23;14;20;9;13;16;18;13;11;9;4;10;6;4;2;11;1;4;4;3;2;1;1;0;2;0;2;0;0;0;0;0;1;0;0;0;0;0;0;0;0;0;0;0;0;0;0;0;0;0;0;0;0;0;0;0;0;0;0;0;0;0;0
088002;Chiaramonte Gulfi;1;6;3;11;2;3;6;0;6;4;1;5;4;7;1;3;1;4;3;5;5;6;3;6;7;8;6;3;8;8;4;7;6;6;6;7;4;6;6;6;7;8;8;4;7;4;3;4;5;3;4;1;4;7;6;3;2;0;4;3;1;3;3;0;1;1;1;0;0;0;0;0;1;2;0;0;0;0;0;0;0;0;0;0;0;0;0;0;0;0;0;0;0;0;0;0;0;0;0;0;0
088003;Comiso;14;17;14;27;13;11;7;13;17;12;18;21;14;8;12;16;19;16;8;3;13;15;18;17;19;15;19;19;26;24;19;19;23;21;27;22;13;20;19;19;22;17;20;23;18;16;16;6;12;13;16;8;17;6;16;7;7;2;5;10;4;6;5;5;4;5;1;0;2;0;0;3;2;0;0;2;3;1;0;0;0;2;1;0;0;0;0;1;0;0;0;0;0;0;0;0;0;0;0;0;0
088004;Giarratana;0;1;2;0;1;0;1;0;0;0;1;3;0;0;1;0;0;0;0;0;0;0;0;0;0;0;4;4;2;4;1;1;2;4;1;0;0;1;1;2;0;1;0;1;0;0;0;1;5;0;0;2;0;1;0;1;0;0;0;0;0;0;0;0;0;0;0;0;1;0;0;0;0;1;0;1;0;0;0;0;0;0;0;0;0;0;0;0;0;0;0;0;0;0;0;0;0;0;0;0;0
088005;Ispica;8;19;14;10;6;4;14;7;4;12;5;3;4;3;3;7;3;2;7;3;5;6;4;7;5;7;15;5;9;11;5;15;12;10;11;6;9;7;5;14;6;6;9;11;14;3;3;4;3;4;7;4;3;5;5;1;1;3;3;1;2;2;0;2;0;0;1;0;0;2;1;2;0;1;0;1;0;0;0;0;0;0;0;0;0;0;0;0;0;1;0;0;0;0;0;0;0;0;0;0;0
088006;Modica;16;7;8;6;7;3;2;8;5;6;7;2;6;8;9;5;4;8;6;8;4;11;18;14;23;25;30;26;24;24;25;36;34;25;19;28;18;28;12;16;7;16;14;14;13;13;15;19;9;8;14;11;8;11;15;10;12;6;5;6;8;2;7;6;5;3;1;3;0;1;3;3;3;0;3;0;0;0;1;0;0;0;1;0;0;0;0;0;0;0;0;0;0;0;0;0;0;0;0;0;0
088007;Monterosso Almo;0;0;0;0;1;0;0;0;0;0;0;0;0;0;0;0;0;0;1;0;0;1;0;0;0;0;0;0;0;2;0;0;0;0;1;3;0;0;0;1;0;0;3;0;2;0;3;0;0;0;1;0;1;0;0;1;0;0;0;0;0;0;0;0;0;0;0;0;0;0;0;0;0;0;0;0;0;0;0;0;0;0;0;0;0;0;0;0;0;0;0;0;0;0;0;0;0;0;0;0;0
088008;Pozzallo;7;2;5;2;4;7;2;7;4;5;4;3;1;7;0;3;1;1;3;4;5;8;2;6;6;9;10;7;14;11;10;13;11;12;9;7;6;10;9;9;5;8;11;8;12;6;3;3;5;5;5;3;1;2;10;1;8;3;5;3;6;2;1;2;3;4;1;3;0;1;0;0;0;1;0;1;0;1;0;0;0;0;0;0;0;0;0;0;0;0;0;0;0;0;0;0;0;0;0;0;0
088009;Ragusa;28;29;24;29;27;26;32;16;24;21;25;16;21;15;17;18;13;15;18;18;16;27;25;32;38;30;45;48;36;43;38;33;48;40;57;34;49;42;52;40;19;37;43;27;33;38;25;24;18;29;32;24;23;22;16;10;24;7;11;5;10;3;5;3;4;8;5;1;1;2;3;5;0;1;0;3;1;3;1;3;0;2;0;0;1;0;0;0;0;0;0;0;0;0;0;0;0;0;0;0;0
088010;Santa Croce Camerina;24;17;18;20;17;12;27;15;14;10;16;14;7;12;11;7;8;13;6;7;12;11;8;7;15;14;21;13;16;25;17;21;23;19;18;17;16;17;15;21;10;14;11;13;12;7;10;3;6;12;6;8;8;7;3;4;3;4;2;1;4;1;0;1;1;0;1;1;0;0;0;0;0;1;0;0;0;1;0;0;1;0;0;0;0;0;0;0;1;1;0;0;0;0;0;0;0;0;0;0;0
088011;Scicli;30;17;14;11;19;8;18;20;15;12;15;8;12;17;7;9;10;6;14;12;10;24;18;15;12;22;11;15;15;17;15;16;12;16;12;15;14;15;19;19;17;19;17;15;16;13;10;7;10;11;4;8;3;5;4;4;5;2;8;1;4;1;2;0;1;1;2;0;0;2;2;2;2;0;0;0;0;0;0;1;0;0;0;0;0;0;0;0;0;0;0;0;0;0;0;0;0;0;0;0;0
088012;Vittoria;56;52;40;48;48;41;38;35;42;33;36;37;20;32;16;24;26;22;15;15;25;23;31;52;57;50;56;81;73;56;66;66;56;53;63;51;51;33;46;49;32;32;42;42;31;34;21;34;26;23;22;16;27;8;16;12;12;14;5;4;9;3;2;4;1;3;3;0;4;0;2;0;0;1;0;2;0;1;0;1;0;1;1;0;0;0;0;0;0;0;0;0;0;0;0;0;0;0;0;0;0
;Totale;201;181;157;175;152;123;160;135;139;125;138;129;97;118;83;106;89;98;89;85;104;144;155;180;206;218;242;249;241;251;235;258;252;235;247;213;198;202;207;210;145;167;191;174;176;147;120;114;103;118;117;89;97;85;92;58;78;44;50;35;49;23;27;23;22;25;16;8;8;8;12;15;8;8;3;10;4;7;2;5;1;5;3;0;1;0;0;1;1;2;0;0;0;0;0;0;0;0;0;0;0

"Ricostruzione della popolazione intercensuaria - Popolazione al 1° gennaio per età"
"Cittadinanza straniera - Anno: 2014 - Provincia: Ragusa"
Territorio/Età;;0;1;2;3;4;5;6;7;8;9;10;11;12;13;14;15;16;17;18;19;20;21;22;23;24;25;26;27;28;29;30;31;32;33;34;35;36;37;38;39;40;41;42;43;44;45;46;47;48;49;50;51;52;53;54;55;56;57;58;59;60;61;62;63;64;65;66;67;68;69;70;71;72;73;74;75;76;77;78;79;80;81;82;83;84;85;86;87;88;89;90;91;92;93;94;95;96;97;98;99;100
Codice comune;Comune;Totale
088001;Acate;50;30;30;21;28;30;25;34;38;17;21;32;35;25;21;12;30;15;22;27;27;47;48;66;67;64;83;84;84;79;88;90;92;90;98;79;66;70;67;58;51;43;37;64;54;47;47;31;32;31;38;21;23;19;21;9;11;9;11;7;5;4;5;4;0;2;2;0;1;0;1;2;1;1;0;0;0;1;0;0;0;0;0;0;0;0;0;0;0;0;0;0;0;0;0;0;0;0;0;0;0
088002;Chiaramonte Gulfi;7;8;16;7;19;7;8;13;3;6;10;3;7;6;10;4;8;5;9;11;9;9;9;12;12;18;18;14;13;14;13;13;16;18;15;12;18;16;15;7;11;13;14;12;9;10;9;9;4;9;7;5;3;10;9;11;7;2;0;8;3;2;4;3;0;2;2;1;2;0;0;1;0;1;2;0;0;0;0;0;0;0;0;0;0;0;0;0;0;0;0;0;0;0;0;0;0;0;0;0;0
088003;Comiso;28;36;29;34;41;40;36;25;32;30;24;37;40;32;23;27;44;35;26;30;24;33;23;38;56;53;46;64;55;49;60;61;55;49;47;57;57;35;44;41;49;39;37;34;45;41;33;31;21;25;25;35;21;28;15;22;17;12;8;11;16;9;5;9;5;6;6;6;1;4;3;1;3;3;3;1;2;4;2;1;1;0;1;1;0;0;0;0;0;0;0;0;0;0;0;0;0;0;0;0;0
088004;Giarratana;0;1;3;3;0;2;1;2;1;2;2;1;2;0;0;1;0;0;0;0;1;0;3;0;1;2;4;7;4;5;4;1;3;3;7;1;1;3;2;2;3;4;2;1;1;0;3;1;1;5;1;0;1;1;1;0;1;0;0;1;0;0;0;0;0;0;0;0;0;1;0;0;0;0;1;0;1;0;0;0;0;0;0;0;0;0;1;1;0;0;0;0;0;0;0;0;0;0;0;0;0
088005;Ispica;25;15;29;26;14;17;15;25;20;14;17;13;7;13;3;5;17;11;9;15;12;11;23;20;11;26;26;32;20;29;27;15;27;26;25;30;23;18;29;19;28;18;21;29;23;30;19;22;17;17;14;17;13;10;10;16;4;7;6;5;4;5;5;3;2;1;0;1;0;2;4;6;2;2;1;1;1;0;0;0;0;0;1;0;0;0;0;0;0;0;1;0;0;0;0;0;0;0;0;0;0
088006;Modica;50;37;18;18;13;23;11;11;13;9;7;12;9;17;14;15;16;10;20;14;26;23;31;38;28;45;41;70;53;46;52;58;75;68;49;63;57;47;55;36;40;38;27;28;33;32;33;26;33;23;24;30;16;24;16;18;18;14;11;8;11;11;8;11;7;11;7;2;5;2;1;2;5;4;0;4;1;0;2;2;0;2;0;2;0;1;0;0;0;0;0;0;0;0;0;0;0;0;0;0;0
088007;Monterosso Almo;0;0;0;0;0;1;2;0;0;0;0;0;0;0;0;0;0;0;0;1;0;0;1;0;1;1;1;1;0;0;2;0;0;0;3;3;3;0;0;0;2;0;0;3;0;3;1;3;2;0;0;0;0;1;0;0;1;0;0;0;0;0;0;0;0;0;0;0;0;0;0;0;1;0;0;0;0;0;0;0;0;0;0;0;0;0;0;0;0;0;0;0;0;0;0;0;0;0;0;0;0
088008;Pozzallo;12;11;13;8;7;10;12;9;17;11;9;8;7;6;8;6;10;1;9;6;6;13;8;9;18;18;18;19;16;24;24;24;16;15;20;18;11;16;14;19;16;16;11;14;21;23;10;5;7;5;14;11;5;5;11;18;6;9;8;8;5;6;4;1;2;2;2;1;3;0;0;4;1;2;1;0;2;0;2;0;0;0;0;0;0;0;1;0;0;0;0;0;0;0;0;0;0;0;0;0;0
088009;Ragusa;58;61;60;57;55;59;56;49;46;44;45;54;44;52;45;45;38;34;36;54;50;51;66;67;86;90;86;95;98;91;96;99;86;100;88;108;70;90;85;94;92;43;67;77;68;55;67;61;43;42;62;53;49;55;38;37;23;27;17;17;10;17;8;10;8;8;11;8;3;2;4;4;7;1;2;0;4;2;5;2;3;0;2;1;0;0;1;0;0;0;0;0;0;0;0;0;0;0;0;0;0
088010;Santa Croce Camerina;27;47;39;32;38;41;29;43;33;26;19;32;29;10;29;23;19;19;26;25;33;27;35;30;31;39;41;52;49;48;57;49;51;66;53;57;63;51;46;49;52;39;47;48;34;48;26;33;28;31;28;22;17;23;16;16;10;6;5;13;2;5;2;0;2;5;2;6;3;0;0;1;0;1;2;0;2;1;1;1;0;3;0;0;0;0;0;0;0;1;1;0;0;0;0;0;0;0;0;0;0
088011;Scicli;45;68;33;32;22;34;29;39;28;27;22;27;17;21;19;17;21;25;24;27;23;34;46;35;30;37;50;37;39;43;34;42;49;34;37;37;38;42;34;34;34;42;44;30;29;41;31;30;27;19;18;19;20;7;13;8;12;12;13;11;7;8;3;4;0;2;4;2;2;0;2;2;4;2;1;0;1;0;1;1;1;0;1;1;0;0;0;0;0;0;0;0;0;0;0;0;0;0;0;0;0
088012;Vittoria;89;105;108;92;84;87;78;80;67;69;67;63;71;57;60;38;54;41;60;51;57;56;83;86;102;133;129;143;156;164;146;168;167;151;146;148;169;150;163;135;139;103;114;103;126;99;109;81;111;90;73;65;64;59;37;40;40;28;26;16;16;14;16;7;6;1;3;8;1;6;0;3;1;0;2;1;3;2;2;0;1;1;1;1;0;1;0;0;0;0;0;0;0;0;0;0;0;0;0;0;0
;Totale;391;419;378;330;321;351;302;330;298;255;243;282;268;239;232;193;257;196;241;261;268;304;376;401;443;526;543;618;587;592;603;620;637;620;588;613;576;538;554;494;517;398;421;443;443;429;388;333;326;297;304;278;232;242;187;195;150;126;105;105;79;81;60;52;32;40;39;35;21;17;15;26;25;17;15;7;17;10;15;7;6;6;6;6;0;2;3;1;0;1;2;0;0;0;0;0;0;0;0;0;0
Territorio/Età;;0;1;2;3;4;5;6;7;8;9;10;11;12;13;14;15;16;17;18;19;20;21;22;23;24;25;26;27;28;29;30;31;32;33;34;35;36;37;38;39;40;41;42;43;44;45;46;47;48;49;50;51;52;53;54;55;56;57;58;59;60;61;62;63;64;65;66;67;68;69;70;71;72;73;74;75;76;77;78;79;80;81;82;83;84;85;86;87;88;89;90;91;92;93;94;95;96;97;98;99;100
Codice comune;Comune;Maschi
088001;Acate;23;13;16;7;15;21;15;19;24;9;11;19;19;17;12;5;11;10;9;17;14;35;32;37;37;36;41;55;55;59;60;54;56;60;67;55;42;51;43;33;35;23;28;48;39;30;33;22;24;25;27;16;18;16;10;8;7;4;8;4;4;3;5;1;0;1;2;0;1;0;1;1;1;1;0;0;0;1;0;0;0;0;0;0;0;0;0;0;0;0;0;0;0;0;0;0;0;0;0;0;0
088002;Chiaramonte Gulfi;2;6;10;5;7;5;5;6;3;0;6;2;2;3;2;3;6;4;4;8;2;3;2;8;6;14;10;7;8;5;6;9;7;12;8;7;9;11;8;2;5;6;6;6;5;5;5;5;1;4;4;1;1;6;2;6;4;0;0;3;1;1;1;0;0;1;1;0;2;0;0;1;0;0;0;0;0;0;0;0;0;0;0;0;0;0;0;0;0;0;0;0;0;0;0;0;0;0;0;0;0
088003;Comiso;11;21;14;15;15;25;21;18;19;15;12;22;19;20;14;18;30;20;11;23;20;17;6;17;37;37;29;45;39;18;36;38;34;27;25;31;35;23;28;22;26;20;21;12;27;20;17;15;14;13;14;17;13;12;6;7;11;4;6;6;6;5;0;4;1;3;2;5;1;1;3;1;0;1;2;1;0;1;1;1;1;0;0;0;0;0;0;0;0;0;0;0;0;0;0;0;0;0;0;0;0
088004;Giarratana;0;1;2;0;0;1;1;0;1;2;2;0;0;0;0;0;0;0;0;0;1;0;3;0;1;2;4;4;0;3;1;0;2;1;2;0;1;2;0;1;1;3;1;0;0;0;3;0;0;1;1;0;0;1;0;0;0;0;0;0;0;0;0;0;0;0;0;0;0;0;0;0;0;0;0;0;0;0;0;0;0;0;0;0;0;0;1;1;0;0;0;0;0;0;0;0;0;0;0;0;0
088005;Ispica;10;6;10;11;2;12;10;11;13;10;5;8;4;9;2;3;9;8;6;8;9;5;14;15;5;19;18;12;16;21;14;11;10;15;15;18;18;10;21;15;16;12;14;20;14;15;16;16;12;14;10;12;9;9;5;10;3;5;3;1;3;3;2;3;0;1;0;0;0;2;2;5;1;2;0;1;0;0;0;0;0;0;1;0;0;0;0;0;0;0;0;0;0;0;0;0;0;0;0;0;0
088006;Modica;27;20;7;8;4;12;7;8;5;3;1;4;7;10;6;5;10;7;13;5;17;14;19;21;12;19;19;39;25;26;34;32;40;33;26;43;28;29;25;23;23;29;10;15;18;18;16;11;16;13;15;14;6;11;4;3;8;4;5;2;4;3;3;4;0;5;2;1;2;2;0;0;2;1;0;1;0;0;2;1;0;1;0;1;0;1;0;0;0;0;0;0;0;0;0;0;0;0;0;0;0
088007;Monterosso Almo;0;0;0;0;0;0;2;0;0;0;0;0;0;0;0;0;0;0;0;0;0;0;0;0;1;1;1;0;0;0;0;0;0;0;3;1;0;0;0;0;0;0;0;1;0;0;0;0;1;0;0;0;0;0;0;0;0;0;0;0;0;0;0;0;0;0;0;0;0;0;0;0;1;0;0;0;0;0;0;0;0;0;0;0;0;0;0;0;0;0;0;0;0;0;0;0;0;0;0;0;0
088008;Pozzallo;7;5;12;2;5;5;5;6;10;5;5;1;3;5;2;6;7;1;8;2;2;8;0;7;11;12;9;9;8;10;12;11;5;3;8;10;4;9;6;9;6;11;3;3;9;10;4;0;5;1;6;4;2;4;7;7;4;1;5;2;1;1;2;1;0;0;0;0;0;0;0;4;1;2;0;0;1;0;1;0;0;0;0;0;0;0;0;0;0;0;0;0;0;0;0;0;0;0;0;0;0
088009;Ragusa;31;30;27;32;26;31;28;16;31;22;22;30;30;29;27;28;20;21;23;34;31;30;30;42;46;44;55;46;46;48;49;55;50;55;49;50;33;39;44;44;54;19;30;32;40;21;24;30;18;22;32;20;23;28;17;18;12;3;9;6;6;6;5;4;5;3;4;5;2;0;1;1;2;1;0;0;1;1;3;1;0;0;1;1;0;0;1;0;0;0;0;0;0;0;0;0;0;0;0;0;0
088010;Santa Croce Camerina;16;23;21;13;18;23;17;18;17;10;8;14;16;5;17;8;13;11;13;19;22;18;23;20;23;24;26;27;36;31;32;30;29;42;36;37;44;33;29;33;33;28;33;36;22;35;20;24;24;25;18;16;10;16;9;11;7;4;2;11;2;1;1;0;2;5;2;5;2;0;0;1;0;1;1;0;2;1;0;1;0;2;0;0;0;0;0;0;0;0;0;0;0;0;0;0;0;0;0;0;0
088011;Scicli;23;39;18;18;11;15;21;23;9;11;10;13;9;9;5;8;12;13;17;14;11;20;22;16;12;24;26;25;26;28;21;24;33;23;19;23;24;29;23;15;17;22;25;15;15;25;18;20;21;9;7;16;11;4;6;5;7;6;11;3;5;5;2;2;0;1;3;0;2;0;0;1;2;0;1;0;1;0;1;1;0;0;1;1;0;0;0;0;0;0;0;0;0;0;0;0;0;0;0;0;0
088012;Vittoria;50;46;55;53;41;39;37;40;31;28;30;28;36;34;31;21;33;17;33;34;39;31;54;48;49;70;72;82;75;86;86;97;101;97;91;89;112;99;129;89;92;72;82;60;84;66;74;61;75;66;49;43;48;33;30;24;26;17;14;10;11;5;11;5;3;0;1;4;1;2;0;1;1;0;1;1;2;1;1;0;0;1;0;0;0;1;0;0;0;0;0;0;0;0;0;0;0;0;0;0;0
;Totale;200;210;192;164;144;189;169;165;163;115;112;141;145;141;118;105;151;112;137;164;168;181;205;231;240;302;310;351;334;335;351;361;367;368;349;364;350;335;356;286;308;245;253;248;273;245;230;204;211;193;183;159;141;140;96;99;89;48;63;48;43;33;32;24;11;20;17;20;13;7;7;16;11;9;5;4;7;5;9;5;1;4;3;3;0;2;2;1;0;0;0;0;0;0;0;0;0;0;0;0;0
Territorio/Età;;0;1;2;3;4;5;6;7;8;9;10;11;12;13;14;15;16;17;18;19;20;21;22;23;24;25;26;27;28;29;30;31;32;33;34;35;36;37;38;39;40;41;42;43;44;45;46;47;48;49;50;51;52;53;54;55;56;57;58;59;60;61;62;63;64;65;66;67;68;69;70;71;72;73;74;75;76;77;78;79;80;81;82;83;84;85;86;87;88;89;90;91;92;93;94;95;96;97;98;99;100
Codice comune;Comune;Femmine
088001;Acate;27;17;14;14;13;9;10;15;14;8;10;13;16;8;9;7;19;5;13;10;13;12;16;29;30;28;42;29;29;20;28;36;36;30;31;24;24;19;24;25;16;20;9;16;15;17;14;9;8;6;11;5;5;3;11;1;4;5;3;3;1;1;0;3;0;1;0;0;0;0;0;1;0;0;0;0;0;0;0;0;0;0;0;0;0;0;0;0;0;0;0;0;0;0;0;0;0;0;0;0;0
088002;Chiaramonte Gulfi;5;2;6;2;12;2;3;7;0;6;4;1;5;3;8;1;2;1;5;3;7;6;7;4;6;4;8;7;5;9;7;4;9;6;7;5;9;5;7;5;6;7;8;6;4;5;4;4;3;5;3;4;2;4;7;5;3;2;0;5;2;1;3;3;0;1;1;1;0;0;0;0;0;1;2;0;0;0;0;0;0;0;0;0;0;0;0;0;0;0;0;0;0;0;0;0;0;0;0;0;0
088003;Comiso;17;15;15;19;26;15;15;7;13;15;12;15;21;12;9;9;14;15;15;7;4;16;17;21;19;16;17;19;16;31;24;23;21;22;22;26;22;12;16;19;23;19;16;22;18;21;16;16;7;12;11;18;8;16;9;15;6;8;2;5;10;4;5;5;4;3;4;1;0;3;0;0;3;2;1;0;2;3;1;0;0;0;1;1;0;0;0;0;0;0;0;0;0;0;0;0;0;0;0;0;0
088004;Giarratana;0;0;1;3;0;1;0;2;0;0;0;1;2;0;0;1;0;0;0;0;0;0;0;0;0;0;0;3;4;2;3;1;1;2;5;1;0;1;2;1;2;1;1;1;1;0;0;1;1;4;0;0;1;0;1;0;1;0;0;1;0;0;0;0;0;0;0;0;0;1;0;0;0;0;1;0;1;0;0;0;0;0;0;0;0;0;0;0;0;0;0;0;0;0;0;0;0;0;0;0;0
088005;Ispica;15;9;19;15;12;5;5;14;7;4;12;5;3;4;1;2;8;3;3;7;3;6;9;5;6;7;8;20;4;8;13;4;17;11;10;12;5;8;8;4;12;6;7;9;9;15;3;6;5;3;4;5;4;1;5;6;1;2;3;4;1;2;3;0;2;0;0;1;0;0;2;1;1;0;1;0;1;0;0;0;0;0;0;0;0;0;0;0;0;0;1;0;0;0;0;0;0;0;0;0;0
088006;Modica;23;17;11;10;9;11;4;3;8;6;6;8;2;7;8;10;6;3;7;9;9;9;12;17;16;26;22;31;28;20;18;26;35;35;23;20;29;18;30;13;17;9;17;13;15;14;17;15;17;10;9;16;10;13;12;15;10;10;6;6;7;8;5;7;7;6;5;1;3;0;1;2;3;3;0;3;1;0;0;1;0;1;0;1;0;0;0;0;0;0;0;0;0;0;0;0;0;0;0;0;0
088007;Monterosso Almo;0;0;0;0;0;1;0;0;0;0;0;0;0;0;0;0;0;0;0;1;0;0;1;0;0;0;0;1;0;0;2;0;0;0;0;2;3;0;0;0;2;0;0;2;0;3;1;3;1;0;0;0;0;1;0;0;1;0;0;0;0;0;0;0;0;0;0;0;0;0;0;0;0;0;0;0;0;0;0;0;0;0;0;0;0;0;0;0;0;0;0;0;0;0;0;0;0;0;0;0;0
088008;Pozzallo;5;6;1;6;2;5;7;3;7;6;4;7;4;1;6;0;3;0;1;4;4;5;8;2;7;6;9;10;8;14;12;13;11;12;12;8;7;7;8;10;10;5;8;11;12;13;6;5;2;4;8;7;3;1;4;11;2;8;3;6;4;5;2;0;2;2;2;1;3;0;0;0;0;0;1;0;1;0;1;0;0;0;0;0;0;0;1;0;0;0;0;0;0;0;0;0;0;0;0;0;0
088009;Ragusa;27;31;33;25;29;28;28;33;15;22;23;24;14;23;18;17;18;13;13;20;19;21;36;25;40;46;31;49;52;43;47;44;36;45;39;58;37;51;41;50;38;24;37;45;28;34;43;31;25;20;30;33;26;27;21;19;11;24;8;11;4;11;3;6;3;5;7;3;1;2;3;3;5;0;2;0;3;1;2;1;3;0;1;0;0;0;0;0;0;0;0;0;0;0;0;0;0;0;0;0;0
088010;Santa Croce Camerina;11;24;18;19;20;18;12;25;16;16;11;18;13;5;12;15;6;8;13;6;11;9;12;10;8;15;15;25;13;17;25;19;22;24;17;20;19;18;17;16;19;11;14;12;12;13;6;9;4;6;10;6;7;7;7;5;3;2;3;2;0;4;1;0;0;0;0;1;1;0;0;0;0;0;1;0;0;0;1;0;0;1;0;0;0;0;0;0;0;1;1;0;0;0;0;0;0;0;0;0;0
088011;Scicli;22;29;15;14;11;19;8;16;19;16;12;14;8;12;14;9;9;12;7;13;12;14;24;19;18;13;24;12;13;15;13;18;16;11;18;14;14;13;11;19;17;20;19;15;14;16;13;10;6;10;11;3;9;3;7;3;5;6;2;8;2;3;1;2;0;1;1;2;0;0;2;1;2;2;0;0;0;0;0;0;1;0;0;0;0;0;0;0;0;0;0;0;0;0;0;0;0;0;0;0;0
088012;Vittoria;39;59;53;39;43;48;41;40;36;41;37;35;35;23;29;17;21;24;27;17;18;25;29;38;53;63;57;61;81;78;60;71;66;54;55;59;57;51;34;46;47;31;32;43;42;33;35;20;36;24;24;22;16;26;7;16;14;11;12;6;5;9;5;2;3;1;2;4;0;4;0;2;0;0;1;0;1;1;1;0;1;0;1;1;0;0;0;0;0;0;0;0;0;0;0;0;0;0;0;0;0
;Totale;191;209;186;166;177;162;133;165;135;140;131;141;123;98;114;88;106;84;104;97;100;123;171;170;203;224;233;267;253;257;252;259;270;252;239;249;226;203;198;208;209;153;168;195;170;184;158;129;115;104;121;119;91;102;91;96;61;78;42;57;36;48;28;28;21;20;22;15;8;10;8;10;14;8;10;3;10;5;6;2;5;2;3;3;0;0;1;0;0;1;2;0;0;0;0;0;0;0;0;0;0

"Ricostruzione della popolazione intercensuaria - Popolazione al 1° gennaio per età"
"Cittadinanza straniera - Anno: 2015 - Provincia: Ragusa"
Territorio/Età;;0;1;2;3;4;5;6;7;8;9;10;11;12;13;14;15;16;17;18;19;20;21;22;23;24;25;26;27;28;29;30;31;32;33;34;35;36;37;38;39;40;41;42;43;44;45;46;47;48;49;50;51;52;53;54;55;56;57;58;59;60;61;62;63;64;65;66;67;68;69;70;71;72;73;74;75;76;77;78;79;80;81;82;83;84;85;86;87;88;89;90;91;92;93;94;95;96;97;98;99;100
Codice comune;Comune;Totale
088001;Acate;44;48;30;29;25;28;32;26;36;39;18;22;27;31;26;20;12;28;17;31;33;32;55;58;70;79;61;82;81;84;80;87;91;92;93;103;77;66;65;69;59;51;39;39;57;54;43;45;34;31;32;32;18;21;17;19;8;12;7;9;7;3;4;3;5;0;2;2;0;1;0;1;2;1;1;0;0;0;0;0;0;0;0;0;0;0;0;0;0;0;0;0;0;0;0;0;0;0;0;0;0
088002;Chiaramonte Gulfi;10;9;9;15;7;20;8;9;13;3;6;9;3;7;6;12;5;12;6;7;8;6;9;9;15;12;15;18;22;15;13;14;18;17;20;15;15;20;15;14;8;11;11;11;13;9;11;9;8;5;9;7;6;6;10;9;9;7;1;0;8;3;2;4;3;0;2;2;1;2;0;0;2;0;1;1;0;0;0;0;0;0;0;0;0;0;0;0;0;0;0;0;0;0;0;0;0;0;0;0;0
088003;Comiso;38;29;35;30;37;40;41;37;22;30;32;23;41;41;36;24;33;53;38;30;34;30;42;31;40;59;66;59;73;62;56;66;70;73;56;56;62;65;47;48;43;53;43;35;36;45;40;33;33;23;27;22;34;23;26;14;21;17;13;13;13;16;8;5;7;5;5;7;6;1;5;4;1;2;3;3;2;1;5;2;1;1;0;1;0;0;0;0;0;0;0;0;0;0;0;0;0;0;0;0;0
088004;Giarratana;1;0;1;2;3;0;2;1;0;0;1;2;1;2;0;0;1;2;0;0;0;1;0;1;0;1;3;2;4;4;4;5;1;3;3;5;1;1;2;3;2;2;4;2;0;2;0;3;1;1;4;1;0;1;1;1;0;1;0;0;1;0;0;0;0;0;0;0;0;0;0;0;0;0;0;1;0;1;0;0;0;0;0;0;0;0;0;1;1;0;0;0;0;0;0;0;0;0;0;0;0
088005;Ispica;25;24;18;25;23;16;18;15;22;20;11;16;13;11;12;3;6;22;13;12;18;11;15;26;26;15;32;32;37;21;30;29;19;27;25;26;35;24;21;30;21;30;18;16;29;25;29;20;24;19;17;13;21;14;10;10;15;5;7;6;5;4;6;5;4;2;1;0;1;0;2;3;6;2;2;1;2;1;0;0;0;0;0;1;0;0;0;0;0;0;0;1;0;0;0;0;0;0;0;0;0
088006;Modica;32;44;36;19;20;17;29;14;13;16;7;7;12;9;15;16;16;19;11;22;19;26;21;29;31;31;42;40;64;52;46;49;59;76;65;48;67;57;45;55;34;40;39;30;31;33;31;33;24;33;26;23;27;16;24;17;18;18;17;13;7;8;11;9;11;6;10;7;2;5;2;1;2;5;4;1;3;1;0;2;2;0;2;0;2;0;1;0;0;0;0;0;0;0;0;0;0;0;0;0;0
088007;Monterosso Almo;0;0;0;0;0;0;0;1;0;0;1;0;0;1;0;2;0;0;1;0;1;0;0;0;0;1;1;1;1;0;1;1;0;0;0;1;2;4;1;1;0;2;0;0;2;0;2;1;3;1;0;0;0;0;1;0;0;1;0;1;0;0;0;0;0;0;0;0;0;0;0;0;0;0;1;0;0;0;0;0;0;0;0;0;0;0;0;0;0;0;0;0;0;0;0;0;0;0;0;0;0
088008;Pozzallo;6;15;9;15;8;7;13;11;9;12;10;7;7;5;8;9;6;10;1;7;7;7;11;7;11;17;19;19;21;17;23;26;22;17;15;20;19;12;18;16;20;13;17;9;16;19;20;11;7;9;4;15;12;6;5;10;17;7;9;8;6;4;6;2;0;4;2;1;1;3;0;0;4;1;1;0;0;2;0;2;0;0;0;0;0;0;0;1;0;0;0;0;0;0;0;0;0;0;0;0;0
088009;Ragusa;53;53;56;58;63;55;63;57;52;44;45;45;52;43;58;47;49;38;33;41;59;53;52;74;72;91;93;98;110;100;102;95;101;88;98;90;110;76;91;82;101;87;55;67;75;72;63;64;64;46;43;61;51;50;54;35;37;25;30;17;17;11;17;9;10;8;9;13;7;3;2;3;3;7;1;3;0;4;3;4;3;3;0;2;0;0;0;1;0;0;0;1;0;0;0;0;0;0;0;0;0
088010;Santa Croce Camerina;40;26;45;43;29;35;43;27;39;30;24;21;31;29;14;27;21;17;23;27;30;36;30;37;32;32;42;48;58;54;50;56;58;63;69;50;61;64;54;45;51;50;42;48;48;33;47;27;33;26;29;25;24;15;23;16;17;10;7;6;12;1;5;2;0;3;5;2;6;2;0;0;1;0;1;2;0;1;1;1;0;0;3;0;0;0;0;0;0;0;0;0;0;0;0;0;0;0;0;0;0
088011;Scicli;34;45;65;34;33;19;35;31;41;29;26;29;30;19;23;20;17;20;23;22;28;23;40;46;38;34;33;47;48;42;43;42;45;47;36;37;43;37;45;34;34;36;45;45;35;33;40;29;31;27;20;17;22;20;7;15;8;13;12;11;11;8;7;3;4;3;2;5;0;2;0;2;2;4;2;1;0;1;0;1;1;1;0;1;1;0;0;0;0;0;0;0;0;0;0;0;0;0;0;0;0
088012;Vittoria;89;89;99;105;88;90;82;74;77;65;66;63;60;70;55;59;38;57;43;65;61;72;57;83;84;104;129;140;143;167;163;148;172;171;160;161;148;167;147;158;136;138;106;111;104;118;96;111;77;111;83;70;61;60;56;37;42;41;29;26;17;18;13;17;6;5;1;3;9;1;5;0;3;1;0;2;1;3;2;2;0;1;1;1;1;0;1;0;0;0;0;0;0;0;0;0;0;0;0;0;0
;Totale;372;382;403;375;336;327;366;303;324;288;247;244;277;268;253;239;204;278;209;264;298;297;332;401;419;476;536;586;662;618;611;618;656;674;640;612;640;593;551;555;509;513;419;413;446;443;422;386;339;332;294;286;276;232;234;183;192;157;132;110;104;76;79;59;50;36;39;42;33;20;16;14;26;23;17;15;8;15;11;14;7;6;6;6;4;0;2;3;1;0;0;2;0;0;0;0;0;0;0;0;0
Territorio/Età;;0;1;2;3;4;5;6;7;8;9;10;11;12;13;14;15;16;17;18;19;20;21;22;23;24;25;26;27;28;29;30;31;32;33;34;35;36;37;38;39;40;41;42;43;44;45;46;47;48;49;50;51;52;53;54;55;56;57;58;59;60;61;62;63;64;65;66;67;68;69;70;71;72;73;74;75;76;77;78;79;80;81;82;83;84;85;86;87;88;89;90;91;92;93;94;95;96;97;98;99;100
Codice comune;Comune;Maschi
088001;Acate;24;22;14;18;9;16;20;16;18;22;10;12;16;17;18;13;5;12;13;17;18;20;40;36;38;43;34;37;55;57;59;61;55;60;62;73;53;43;48;43;37;36;22;31;44;38;26;31;22;23;23;25;15;18;15;10;8;8;3;8;4;2;3;3;1;0;1;2;0;1;0;1;1;1;1;0;0;0;0;0;0;0;0;0;0;0;0;0;0;0;0;0;0;0;0;0;0;0;0;0;0
088002;Chiaramonte Gulfi;5;2;6;9;4;9;6;5;6;3;0;5;2;2;3;4;4;8;5;2;5;0;1;4;9;7;11;9;11;8;4;7;13;8;12;9;10;12;13;7;2;5;4;6;5;5;5;5;5;2;4;4;1;2;6;2;5;4;0;0;3;1;1;1;0;0;1;1;0;2;0;0;2;0;0;0;0;0;0;0;0;0;0;0;0;0;0;0;0;0;0;0;0;0;0;0;0;0;0;0;0
088003;Comiso;22;11;21;15;18;15;24;21;16;19;17;12;26;20;22;14;24;38;22;16;28;26;25;12;19;42;46;38;53;46;24;40;45;47;36;33;37;42;32;28;24;29;21;21;13;27;21;18;17;14;15;13;16;13;12;5;7;11;5;6;6;7;4;0;3;1;2;3;5;1;1;4;1;0;1;2;1;0;1;1;1;1;0;0;0;0;0;0;0;0;0;0;0;0;0;0;0;0;0;0;0
088004;Giarratana;1;0;1;1;0;0;1;1;0;0;1;2;0;0;0;0;0;2;0;0;0;1;0;0;0;1;2;2;3;1;3;2;0;2;1;1;0;1;1;0;1;0;3;1;0;1;0;3;0;0;0;1;0;0;1;0;0;0;0;0;0;0;0;0;0;0;0;0;0;0;0;0;0;0;0;0;0;0;0;0;0;0;0;0;0;0;0;1;1;0;0;0;0;0;0;0;0;0;0;0;0
088005;Ispica;8;9;8;8;9;4;12;10;10;14;9;8;8;7;8;2;4;13;9;8;12;7;7;17;18;11;24;19;17;19;23;14;13;11;16;14;22;19;14;23;17;19;10;11;20;16;15;17;18;14;13;10;15;9;9;5;10;3;5;3;0;3;3;2;4;0;1;0;0;0;2;1;5;1;2;0;2;0;0;0;0;0;0;1;0;0;0;0;0;0;0;0;0;0;0;0;0;0;0;0;0
088006;Modica;16;25;19;7;10;7;16;9;9;6;1;1;4;7;8;6;5;11;7;14;6;16;12;16;15;13;15;17;36;24;26;30;33;41;30;26;43;28;28;24;21;21;28;11;17;18;17;17;10;15;14;16;11;6;11;5;3;8;4;5;2;2;3;3;5;0;4;2;1;2;2;0;0;2;1;0;1;0;0;2;1;0;1;0;1;0;1;0;0;0;0;0;0;0;0;0;0;0;0;0;0
088007;Monterosso Almo;0;0;0;0;0;0;0;1;0;0;1;0;0;1;0;2;0;0;0;0;0;0;0;0;0;1;1;1;0;0;1;0;0;0;0;1;0;0;1;0;0;0;0;0;0;0;0;0;0;0;0;0;0;0;0;0;0;0;0;0;0;0;0;0;0;0;0;0;0;0;0;0;0;0;1;0;0;0;0;0;0;0;0;0;0;0;0;0;0;0;0;0;0;0;0;0;0;0;0;0;0
088008;Pozzallo;1;8;5;12;2;5;8;6;5;6;5;5;1;2;7;2;6;6;1;7;3;3;7;0;9;9;12;7;10;7;9;14;9;6;3;6;10;6;11;6;10;5;12;3;3;7;10;5;2;6;0;6;5;2;4;7;7;4;1;5;1;1;1;0;0;1;0;0;0;0;0;0;4;1;1;0;0;1;0;1;0;0;0;0;0;0;0;0;0;0;0;0;0;0;0;0;0;0;0;0;0
088009;Ragusa;30;27;27;25;33;25;30;29;19;31;25;22;29;29;33;28;31;21;21;26;38;31;31;33;43;49;43;65;59;47;56;48;57;51;55;51;51;39;39;40;52;52;25;29;29;41;24;26;27;18;21;29;19;23;25;16;17;12;2;8;6;8;6;5;4;5;3;5;4;2;0;0;1;2;1;0;0;1;2;3;2;0;0;1;0;0;0;1;0;0;0;0;0;0;0;0;0;0;0;0;0
088010;Santa Croce Camerina;17;14;23;22;11;17;24;15;17;16;9;11;13;15;9;15;7;10;13;13;23;26;17;22;18;24;24;29;31;39;34;33;38;36;43;34;40;46;35;30;33;32;30;33;36;21;35;19;23;22;25;16;17;9;17;9;11;7;5;2;10;1;1;1;0;2;5;2;5;1;0;0;1;0;1;1;0;1;1;0;0;0;2;0;0;0;0;0;0;0;0;0;0;0;0;0;0;0;0;0;0
088011;Scicli;11;23;37;19;19;11;16;21;25;9;11;11;14;9;11;7;8;11;12;15;14;12;22;22;16;17;20;23;32;28;28;26;27;31;26;19;28;23;30;23;15;18;24;25;18;19;23;16;19;20;10;7;19;11;3;7;5;7;6;9;5;5;5;2;2;1;1;4;0;2;0;0;1;2;0;1;0;1;0;1;1;0;0;1;1;0;0;0;0;0;0;0;0;0;0;0;0;0;0;0;0
088012;Vittoria;42;47;45;51;49;44;38;35;36;26;28;27;27;35;36;31;22;36;24;36;42;48;30;54;46;48;70;77;86;81;88;89;98;101;103;100;90;113;99;127;89;91;77;77;61;77;66;75;59;74;59;45;39;45;31;30;26;27;18;14;10;12;6;12;4;3;0;1;5;1;2;0;1;1;0;1;1;2;1;1;0;0;1;0;0;0;1;0;0;0;0;0;0;0;0;0;0;0;0;0;0
;Totale;177;188;206;187;164;153;195;169;161;152;117;116;140;144;155;124;116;168;127;154;189;190;192;216;231;265;302;324;393;357;355;364;388;394;387;367;384;372;351;351;301;308;256;248;246;270;242;232;202;208;184;172;157;138;134;96;99;91;49;60;47;42;33;29;23;13;18;20;20;12;7;6;17;10;9;5;5;6;5;9;5;1;4;3;2;0;2;2;1;0;0;0;0;0;0;0;0;0;0;0;0
Territorio/Età;;0;1;2;3;4;5;6;7;8;9;10;11;12;13;14;15;16;17;18;19;20;21;22;23;24;25;26;27;28;29;30;31;32;33;34;35;36;37;38;39;40;41;42;43;44;45;46;47;48;49;50;51;52;53;54;55;56;57;58;59;60;61;62;63;64;65;66;67;68;69;70;71;72;73;74;75;76;77;78;79;80;81;82;83;84;85;86;87;88;89;90;91;92;93;94;95;96;97;98;99;100
Codice comune;Comune;Femmine
088001;Acate;20;26;16;11;16;12;12;10;18;17;8;10;11;14;8;7;7;16;4;14;15;12;15;22;32;36;27;45;26;27;21;26;36;32;31;30;24;23;17;26;22;15;17;8;13;16;17;14;12;8;9;7;3;3;2;9;0;4;4;1;3;1;1;0;4;0;1;0;0;0;0;0;1;0;0;0;0;0;0;0;0;0;0;0;0;0;0;0;0;0;0;0;0;0;0;0;0;0;0;0;0
088002;Chiaramonte Gulfi;5;7;3;6;3;11;2;4;7;0;6;4;1;5;3;8;1;4;1;5;3;6;8;5;6;5;4;9;11;7;9;7;5;9;8;6;5;8;2;7;6;6;7;5;8;4;6;4;3;3;5;3;5;4;4;7;4;3;1;0;5;2;1;3;3;0;1;1;1;0;0;0;0;0;1;1;0;0;0;0;0;0;0;0;0;0;0;0;0;0;0;0;0;0;0;0;0;0;0;0;0
088003;Comiso;16;18;14;15;19;25;17;16;6;11;15;11;15;21;14;10;9;15;16;14;6;4;17;19;21;17;20;21;20;16;32;26;25;26;20;23;25;23;15;20;19;24;22;14;23;18;19;15;16;9;12;9;18;10;14;9;14;6;8;7;7;9;4;5;4;4;3;4;1;0;4;0;0;2;2;1;1;1;4;1;0;0;0;1;0;0;0;0;0;0;0;0;0;0;0;0;0;0;0;0;0
088004;Giarratana;0;0;0;1;3;0;1;0;0;0;0;0;1;2;0;0;1;0;0;0;0;0;0;1;0;0;1;0;1;3;1;3;1;1;2;4;1;0;1;3;1;2;1;1;0;1;0;0;1;1;4;0;0;1;0;1;0;1;0;0;1;0;0;0;0;0;0;0;0;0;0;0;0;0;0;1;0;1;0;0;0;0;0;0;0;0;0;0;0;0;0;0;0;0;0;0;0;0;0;0;0
088005;Ispica;17;15;10;17;14;12;6;5;12;6;2;8;5;4;4;1;2;9;4;4;6;4;8;9;8;4;8;13;20;2;7;15;6;16;9;12;13;5;7;7;4;11;8;5;9;9;14;3;6;5;4;3;6;5;1;5;5;2;2;3;5;1;3;3;0;2;0;0;1;0;0;2;1;1;0;1;0;1;0;0;0;0;0;0;0;0;0;0;0;0;0;1;0;0;0;0;0;0;0;0;0
088006;Modica;16;19;17;12;10;10;13;5;4;10;6;6;8;2;7;10;11;8;4;8;13;10;9;13;16;18;27;23;28;28;20;19;26;35;35;22;24;29;17;31;13;19;11;19;14;15;14;16;14;18;12;7;16;10;13;12;15;10;13;8;5;6;8;6;6;6;6;5;1;3;0;1;2;3;3;1;2;1;0;0;1;0;1;0;1;0;0;0;0;0;0;0;0;0;0;0;0;0;0;0;0
088007;Monterosso Almo;0;0;0;0;0;0;0;0;0;0;0;0;0;0;0;0;0;0;1;0;1;0;0;0;0;0;0;0;1;0;0;1;0;0;0;0;2;4;0;1;0;2;0;0;2;0;2;1;3;1;0;0;0;0;1;0;0;1;0;1;0;0;0;0;0;0;0;0;0;0;0;0;0;0;0;0;0;0;0;0;0;0;0;0;0;0;0;0;0;0;0;0;0;0;0;0;0;0;0;0;0
088008;Pozzallo;5;7;4;3;6;2;5;5;4;6;5;2;6;3;1;7;0;4;0;0;4;4;4;7;2;8;7;12;11;10;14;12;13;11;12;14;9;6;7;10;10;8;5;6;13;12;10;6;5;3;4;9;7;4;1;3;10;3;8;3;5;3;5;2;0;3;2;1;1;3;0;0;0;0;0;0;0;1;0;1;0;0;0;0;0;0;0;1;0;0;0;0;0;0;0;0;0;0;0;0;0
088009;Ragusa;23;26;29;33;30;30;33;28;33;13;20;23;23;14;25;19;18;17;12;15;21;22;21;41;29;42;50;33;51;53;46;47;44;37;43;39;59;37;52;42;49;35;30;38;46;31;39;38;37;28;22;32;32;27;29;19;20;13;28;9;11;3;11;4;6;3;6;8;3;1;2;3;2;5;0;3;0;3;1;1;1;3;0;1;0;0;0;0;0;0;0;1;0;0;0;0;0;0;0;0;0
088010;Santa Croce Camerina;23;12;22;21;18;18;19;12;22;14;15;10;18;14;5;12;14;7;10;14;7;10;13;15;14;8;18;19;27;15;16;23;20;27;26;16;21;18;19;15;18;18;12;15;12;12;12;8;10;4;4;9;7;6;6;7;6;3;2;4;2;0;4;1;0;1;0;0;1;1;0;0;0;0;0;1;0;0;0;1;0;0;1;0;0;0;0;0;0;0;0;0;0;0;0;0;0;0;0;0;0
088011;Scicli;23;22;28;15;14;8;19;10;16;20;15;18;16;10;12;13;9;9;11;7;14;11;18;24;22;17;13;24;16;14;15;16;18;16;10;18;15;14;15;11;19;18;21;20;17;14;17;13;12;7;10;10;3;9;4;8;3;6;6;2;6;3;2;1;2;2;1;1;0;0;0;2;1;2;2;0;0;0;0;0;0;1;0;0;0;0;0;0;0;0;0;0;0;0;0;0;0;0;0;0;0
088012;Vittoria;47;42;54;54;39;46;44;39;41;39;38;36;33;35;19;28;16;21;19;29;19;24;27;29;38;56;59;63;57;86;75;59;74;70;57;61;58;54;48;31;47;47;29;34;43;41;30;36;18;37;24;25;22;15;25;7;16;14;11;12;7;6;7;5;2;2;1;2;4;0;3;0;2;0;0;1;0;1;1;1;0;1;0;1;1;0;0;0;0;0;0;0;0;0;0;0;0;0;0;0;0
;Totale;195;194;197;188;172;174;171;134;163;136;130;128;137;124;98;115;88;110;82;110;109;107;140;185;188;211;234;262;269;261;256;254;268;280;253;245;256;221;200;204;208;205;163;165;200;173;180;154;137;124;110;114;119;94;100;87;93;66;83;50;57;34;46;30;27;23;21;22;13;8;9;8;9;13;8;10;3;9;6;5;2;5;2;3;2;0;0;1;0;0;0;2;0;0;0;0;0;0;0;0;0

"Ricostruzione della popolazione intercensuaria - Popolazione al 1° gennaio per età"
"Cittadinanza straniera - Anno: 2016 - Provincia: Ragusa"
Territorio/Età;;0;1;2;3;4;5;6;7;8;9;10;11;12;13;14;15;16;17;18;19;20;21;22;23;24;25;26;27;28;29;30;31;32;33;34;35;36;37;38;39;40;41;42;43;44;45;46;47;48;49;50;51;52;53;54;55;56;57;58;59;60;61;62;63;64;65;66;67;68;69;70;71;72;73;74;75;76;77;78;79;80;81;82;83;84;85;86;87;88;89;90;91;92;93;94;95;96;97;98;99;100
Codice comune;Comune;Totale
088001;Acate;42;41;42;30;30;25;27;34;23;38;37;19;25;27;32;25;22;15;28;22;39;34;30;66;66;80;84;70;95;91;91;79;88;97;94;99;105;88;64;67;72;66;51;47;43;60;54;43;43;37;30;31;30;19;22;18;19;7;12;9;8;6;5;4;3;5;0;2;3;0;1;0;0;2;1;1;0;0;0;0;0;0;0;0;0;0;0;0;0;0;0;0;0;0;0;0;0;0;0;0;0
088002;Chiaramonte Gulfi;15;9;9;9;15;6;20;6;8;13;4;6;11;5;8;7;16;9;16;14;12;16;6;18;10;18;15;22;15;31;18;20;16;16;20;16;17;16;20;16;15;10;10;11;14;16;8;10;10;8;4;8;8;6;6;11;9;9;7;1;0;8;3;2;4;3;0;1;2;1;1;0;0;2;0;1;1;0;0;0;0;0;0;0;0;0;0;0;0;0;0;0;0;0;0;0;0;0;0;0;0
088003;Comiso;35;33;28;36;30;34;38;41;40;23;31;33;26;43;43;40;26;39;64;43;38;47;44;47;38;51;71;67;64;83;69;66;75;79;83;68;55;71;66;57;50;47;53;48;40;41;53;45;35;40;27;30;22;35;26;24;14;22;19;13;12;14;17;8;3;6;5;5;4;5;1;5;4;1;1;3;2;1;2;5;2;1;1;0;2;0;0;0;0;0;0;0;0;0;0;0;0;0;0;0;0
088004;Giarratana;0;1;0;1;2;2;0;2;0;1;0;1;1;1;1;0;0;0;1;0;0;0;0;0;1;0;1;3;2;3;3;4;4;1;1;3;5;2;1;2;3;1;2;3;2;0;2;0;3;1;0;3;1;0;1;1;1;0;1;0;0;1;0;0;0;0;0;0;0;0;0;0;0;0;0;0;1;0;1;0;0;0;0;0;0;0;0;0;1;1;0;0;0;0;0;0;0;0;0;0;0
088005;Ispica;31;25;24;22;22;23;17;17;14;20;20;12;13;14;12;12;4;10;27;20;19;24;17;17;32;31;25;36;36;41;32;31;38;29;32;34;38;33;32;25;31;25;29;18;17;29;31;28;18;28;21;16;14;23;13;12;9;14;5;7;4;5;2;4;5;4;4;1;0;0;0;2;3;5;2;2;1;2;1;0;0;0;0;0;1;0;0;0;0;0;0;0;1;0;0;0;0;0;0;0;0
088006;Modica;29;31;39;32;21;29;23;34;18;16;18;11;10;13;12;14;16;15;23;11;23;21;28;23;31;36;32;38;47;60;54;45;47;58;74;59;50;61;53;43;54;42;42;43;29;34;35;30;33;24;32;27;21;29;15;24;16;18;19;14;17;8;8;12;12;11;6;11;7;2;4;3;1;2;4;4;0;3;1;0;2;1;0;2;1;2;0;1;0;0;0;0;0;0;0;0;0;0;0;0;0
088007;Monterosso Almo;0;0;0;0;0;0;0;0;1;0;0;1;0;0;1;0;2;0;0;1;0;1;0;0;0;0;1;0;0;1;0;1;1;0;0;0;1;2;5;1;2;0;2;0;0;2;0;1;1;3;2;0;1;0;0;2;0;0;1;0;1;0;0;1;0;0;0;0;0;0;0;0;0;0;0;1;0;0;0;0;0;0;0;0;0;0;0;0;0;0;0;0;0;0;0;0;0;0;0;0;0
088008;Pozzallo;7;6;17;8;14;8;3;12;10;8;10;12;7;6;5;8;8;6;11;5;9;8;11;11;7;11;17;17;24;22;15;22;24;24;15;12;22;15;11;17;16;19;12;17;9;15;18;17;11;8;9;5;11;14;5;7;11;14;9;9;6;5;4;5;2;0;1;3;1;2;3;0;0;3;1;3;0;0;2;0;2;0;0;0;0;0;0;0;1;0;0;0;0;0;0;0;0;0;0;0;0
088009;Ragusa;61;60;59;57;59;63;57;61;55;53;47;44;42;52;44;68;48;50;41;47;50;55;59;57;88;73;86;100;92;107;106;112;107;104;93;109;100;117;86;95;94;104;88;58;71;72;72;65;60;65;51;48;57;52;49;53;39;37;23;29;17;19;12;17;11;11;7;9;13;6;2;2;0;6;5;1;3;0;4;3;4;3;3;0;2;0;0;0;1;0;0;0;1;0;0;0;0;0;0;0;0
088010;Santa Croce Camerina;36;41;27;44;43;31;32;42;27;36;26;23;24;30;26;17;22;18;20;28;30;40;39;32;39;38;36;52;56;65;59;50;57;56;60;68;48;65;62;54;47;49;59;41;43;49;33;47;28;30;23;32;24;24;18;24;16;16;10;9;7;11;1;5;3;0;3;5;2;6;1;0;0;1;0;1;2;0;1;2;2;0;0;3;0;0;0;0;0;0;0;0;0;0;0;0;0;0;0;0;0
088011;Scicli;40;35;46;62;36;35;20;33;30;42;29;27;31;28;22;23;19;18;19;28;25;34;26;37;48;32;35;33;53;51;47;45;49;47;48;40;46;47;36;50;37;40;37;44;47;35;35;38;29;33;26;22;20;25;22;5;16;4;14;11;12;12;8;7;2;4;2;2;5;1;1;0;2;2;3;2;1;0;1;0;2;1;1;0;1;1;0;0;0;0;0;0;0;0;0;0;0;0;0;0;0
088012;Vittoria;84;90;91;96;105;88;91;82;76;76;68;61;60;59;67;64;56;42;52;51;59;68;79;68;95;96;115;140;133;143;165;162;152;171;172;161;151;157;171;141;157;139;142;106;112;102;120;93;107;74;110;74;70;58;57;53;39;40;38;29;26;16;19;13;18;6;5;0;3;9;1;5;0;2;1;0;2;1;3;2;1;0;1;0;1;1;0;1;0;0;0;0;0;0;0;0;0;0;0;0;0
;Totale;380;372;382;397;377;344;328;364;302;326;290;250;250;278;273;278;239;222;302;270;304;348;339;376;455;466;518;578;617;698;659;637;658;682;692;669;638;674;607;568;578;542;527;436;427;455;461;417;378;351;335;296;279;285;234;234;189;181;158;131;110;105;79;78;63;50;33;39;40;32;15;17;10;26;18;19;13;7;16;12;15;6;6;5;8;4;0;2;3;1;0;0;2;0;0;0;0;0;0;0;0
Territorio/Età;;0;1;2;3;4;5;6;7;8;9;10;11;12;13;14;15;16;17;18;19;20;21;22;23;24;25;26;27;28;29;30;31;32;33;34;35;36;37;38;39;40;41;42;43;44;45;46;47;48;49;50;51;52;53;54;55;56;57;58;59;60;61;62;63;64;65;66;67;68;69;70;71;72;73;74;75;76;77;78;79;80;81;82;83;84;85;86;87;88;89;90;91;92;93;94;95;96;97;98;99;100
Codice comune;Comune;Maschi
088001;Acate;25;22;22;14;20;9;16;20;14;21;21;11;14;17;19;16;14;10;13;16;21;16;20;42;38;41;47;39;49;60;61;59;58;63;66;69;75;64;43;49;48;42;36;28;33;45;37;26;30;23;22;22;25;16;19;16;11;7;9;4;7;3;3;3;3;1;0;1;3;0;1;0;0;1;1;1;0;0;0;0;0;0;0;0;0;0;0;0;0;0;0;0;0;0;0;0;0;0;0;0;0
088002;Chiaramonte Gulfi;7;5;2;6;9;4;9;4;4;6;4;0;7;3;3;5;6;8;11;12;8;13;0;6;5;11;9;17;9;20;10;12;10;12;12;9;9;10;12;12;9;2;4;5;7;8;5;4;7;6;2;4;4;1;1;7;2;5;4;0;0;3;1;1;1;0;0;1;1;0;1;0;0;2;0;0;0;0;0;0;0;0;0;0;0;0;0;0;0;0;0;0;0;0;0;0;0;0;0;0;0
088003;Comiso;26;21;12;23;15;17;17;25;25;16;21;18;15;28;24;28;17;29;50;28;27;40;39;30;19;30;53;47;42;59;53;38;50;50;56;46;35;45;42;39;30;29;31;25;26;18;32;27;19;21;18;18;14;17;17;13;7;8;11;7;5;7;7;4;0;3;1;2;2;5;1;1;4;1;0;1;1;0;0;1;1;1;1;0;0;0;0;0;0;0;0;0;0;0;0;0;0;0;0;0;0
088004;Giarratana;0;1;0;1;1;0;0;1;0;1;0;1;1;0;0;0;0;0;1;0;0;0;0;0;0;0;1;2;2;2;1;3;2;0;0;1;1;0;1;1;0;0;0;2;1;0;1;0;3;0;0;0;1;0;0;1;0;0;0;0;0;0;0;0;0;0;0;0;0;0;0;0;0;0;0;0;0;0;0;0;0;0;0;0;0;0;0;0;1;1;0;0;0;0;0;0;0;0;0;0;0
088005;Ispica;13;8;10;10;7;9;4;11;9;9;15;9;7;8;8;8;2;7;17;17;13;19;11;9;21;20;18;27;22;22;26;23;20;21;16;24;24;20;25;18;21;20;18;9;13;20;22;14;15;21;15;12;11;16;8;9;5;9;3;5;1;0;2;3;2;4;1;1;0;0;0;2;1;4;1;2;0;2;0;0;0;0;0;0;1;0;0;0;0;0;0;0;0;0;0;0;0;0;0;0;0
088006;Modica;13;16;22;17;7;17;11;20;12;10;7;3;2;5;9;8;8;5;16;7;14;6;18;14;17;17;13;13;23;33;26;26;30;32;40;29;28;36;28;26;25;26;21;29;10;16;20;16;18;10;14;12;14;11;5;11;3;4;8;3;7;2;2;3;5;5;0;4;2;1;2;3;0;0;1;1;0;1;0;0;2;1;0;1;1;1;0;1;0;0;0;0;0;0;0;0;0;0;0;0;0
088007;Monterosso Almo;0;0;0;0;0;0;0;0;1;0;0;1;0;0;1;0;2;0;0;0;0;0;0;0;0;0;1;0;0;0;0;1;0;0;0;0;1;0;0;1;1;0;0;0;0;0;0;0;0;0;0;0;1;0;0;0;0;0;0;0;0;0;0;0;0;0;0;0;0;0;0;0;0;0;0;1;0;0;0;0;0;0;0;0;0;0;0;0;0;0;0;0;0;0;0;0;0;0;0;0;0
088008;Pozzallo;2;1;10;4;11;2;2;8;6;5;4;6;5;1;2;7;2;6;6;5;9;5;6;6;0;7;9;11;10;10;7;9;12;11;7;3;7;8;5;12;6;9;5;12;3;3;7;9;4;3;6;0;4;5;2;6;8;6;6;1;4;1;1;1;0;0;1;1;0;1;0;0;0;3;1;3;0;0;1;0;1;0;0;0;0;0;0;0;0;0;0;0;0;0;0;0;0;0;0;0;0
088009;Ragusa;31;33;32;30;28;30;26;29;29;20;32;23;22;30;28;38;30;32;27;30;32;38;36;33;41;45;48;49;61;58;58;67;57;58;57;61;57;54;47;40;44;53;53;27;30;28;40;27;24;27;22;20;27;21;23;24;15;16;11;2;8;5;10;6;6;4;5;3;6;3;1;0;0;3;1;1;0;0;1;2;3;2;0;0;1;0;0;0;1;0;0;0;0;0;0;0;0;0;0;0;0
088010;Santa Croce Camerina;23;16;15;22;23;14;16;23;15;16;13;9;12;12;13;11;13;7;11;16;14;31;30;20;25;19;27;32;36;40;43;35;36;39;36;44;35;43;45;38;33;34;37;30;32;38;20;36;20;21;20;27;16;16;9;17;9;10;7;6;3;9;1;1;2;0;2;5;2;5;1;0;0;1;0;1;1;0;1;2;0;0;0;2;0;0;0;0;0;0;0;0;0;0;0;0;0;0;0;0;0
088011;Scicli;11;11;22;35;21;20;12;16;20;27;10;10;12;13;12;10;8;10;11;16;19;18;13;21;20;14;16;20;29;36;28;30;30;29;32;28;27;31;23;35;24;19;19;25;26;19;23;21;17;21;19;11;7;21;13;2;8;2;8;5;9;5;5;5;2;2;0;1;4;0;1;0;0;1;2;0;1;0;1;0;1;1;0;0;1;1;0;0;0;0;0;0;0;0;0;0;0;0;0;0;0
088012;Vittoria;42;45;50;44;54;49;44;38;36;34;28;25;28;28;31;43;31;26;34;29;31;46;48;36;59;53;56;75;69;84;84;94;88;97;106;103;92;97;114;94;127;93;96;74;75;60;78;65;74;56;71;53;44;37;42;27;29;26;25;18;14;10;13;6;13;4;3;0;1;5;1;2;0;1;1;0;1;1;1;1;1;0;0;0;0;0;0;1;0;0;0;0;0;0;0;0;0;0;0;0;0
;Totale;193;179;197;206;196;171;157;195;171;165;155;116;125;145;150;174;133;140;197;176;188;232;221;217;245;257;298;332;352;424;397;397;393;412;428;417;391;408;385;365;368;327;320;266;256;255;285;245;231;209;209;179;168;161;139;133;97;93;92;51;58;45;45;33;34;23;13;19;21;20;9;8;5;17;8;11;4;4;5;6;9;5;1;3;4;2;0;2;2;1;0;0;0;0;0;0;0;0;0;0;0
Territorio/Età;;0;1;2;3;4;5;6;7;8;9;10;11;12;13;14;15;16;17;18;19;20;21;22;23;24;25;26;27;28;29;30;31;32;33;34;35;36;37;38;39;40;41;42;43;44;45;46;47;48;49;50;51;52;53;54;55;56;57;58;59;60;61;62;63;64;65;66;67;68;69;70;71;72;73;74;75;76;77;78;79;80;81;82;83;84;85;86;87;88;89;90;91;92;93;94;95;96;97;98;99;100
Codice comune;Comune;Femmine
088001;Acate;17;19;20;16;10;16;11;14;9;17;16;8;11;10;13;9;8;5;15;6;18;18;10;24;28;39;37;31;46;31;30;20;30;34;28;30;30;24;21;18;24;24;15;19;10;15;17;17;13;14;8;9;5;3;3;2;8;0;3;5;1;3;2;1;0;4;0;1;0;0;0;0;0;1;0;0;0;0;0;0;0;0;0;0;0;0;0;0;0;0;0;0;0;0;0;0;0;0;0;0;0
088002;Chiaramonte Gulfi;8;4;7;3;6;2;11;2;4;7;0;6;4;2;5;2;10;1;5;2;4;3;6;12;5;7;6;5;6;11;8;8;6;4;8;7;8;6;8;4;6;8;6;6;7;8;3;6;3;2;2;4;4;5;5;4;7;4;3;1;0;5;2;1;3;3;0;0;1;1;0;0;0;0;0;1;1;0;0;0;0;0;0;0;0;0;0;0;0;0;0;0;0;0;0;0;0;0;0;0;0
088003;Comiso;9;12;16;13;15;17;21;16;15;7;10;15;11;15;19;12;9;10;14;15;11;7;5;17;19;21;18;20;22;24;16;28;25;29;27;22;20;26;24;18;20;18;22;23;14;23;21;18;16;19;9;12;8;18;9;11;7;14;8;6;7;7;10;4;3;3;4;3;2;0;0;4;0;0;1;2;1;1;2;4;1;0;0;0;2;0;0;0;0;0;0;0;0;0;0;0;0;0;0;0;0
088004;Giarratana;0;0;0;0;1;2;0;1;0;0;0;0;0;1;1;0;0;0;0;0;0;0;0;0;1;0;0;1;0;1;2;1;2;1;1;2;4;2;0;1;3;1;2;1;1;0;1;0;0;1;0;3;0;0;1;0;1;0;1;0;0;1;0;0;0;0;0;0;0;0;0;0;0;0;0;0;1;0;1;0;0;0;0;0;0;0;0;0;0;0;0;0;0;0;0;0;0;0;0;0;0
088005;Ispica;18;17;14;12;15;14;13;6;5;11;5;3;6;6;4;4;2;3;10;3;6;5;6;8;11;11;7;9;14;19;6;8;18;8;16;10;14;13;7;7;10;5;11;9;4;9;9;14;3;7;6;4;3;7;5;3;4;5;2;2;3;5;0;1;3;0;3;0;0;0;0;0;2;1;1;0;1;0;1;0;0;0;0;0;0;0;0;0;0;0;0;0;1;0;0;0;0;0;0;0;0
088006;Modica;16;15;17;15;14;12;12;14;6;6;11;8;8;8;3;6;8;10;7;4;9;15;10;9;14;19;19;25;24;27;28;19;17;26;34;30;22;25;25;17;29;16;21;14;19;18;15;14;15;14;18;15;7;18;10;13;13;14;11;11;10;6;6;9;7;6;6;7;5;1;2;0;1;2;3;3;0;2;1;0;0;0;0;1;0;1;0;0;0;0;0;0;0;0;0;0;0;0;0;0;0
088007;Monterosso Almo;0;0;0;0;0;0;0;0;0;0;0;0;0;0;0;0;0;0;0;1;0;1;0;0;0;0;0;0;0;1;0;0;1;0;0;0;0;2;5;0;1;0;2;0;0;2;0;1;1;3;2;0;0;0;0;2;0;0;1;0;1;0;0;1;0;0;0;0;0;0;0;0;0;0;0;0;0;0;0;0;0;0;0;0;0;0;0;0;0;0;0;0;0;0;0;0;0;0;0;0;0
088008;Pozzallo;5;5;7;4;3;6;1;4;4;3;6;6;2;5;3;1;6;0;5;0;0;3;5;5;7;4;8;6;14;12;8;13;12;13;8;9;15;7;6;5;10;10;7;5;6;12;11;8;7;5;3;5;7;9;3;1;3;8;3;8;2;4;3;4;2;0;0;2;1;1;3;0;0;0;0;0;0;0;1;0;1;0;0;0;0;0;0;0;1;0;0;0;0;0;0;0;0;0;0;0;0
088009;Ragusa;30;27;27;27;31;33;31;32;26;33;15;21;20;22;16;30;18;18;14;17;18;17;23;24;47;28;38;51;31;49;48;45;50;46;36;48;43;63;39;55;50;51;35;31;41;44;32;38;36;38;29;28;30;31;26;29;24;21;12;27;9;14;2;11;5;7;2;6;7;3;1;2;0;3;4;0;3;0;3;1;1;1;3;0;1;0;0;0;0;0;0;0;1;0;0;0;0;0;0;0;0
088010;Santa Croce Camerina;13;25;12;22;20;17;16;19;12;20;13;14;12;18;13;6;9;11;9;12;16;9;9;12;14;19;9;20;20;25;16;15;21;17;24;24;13;22;17;16;14;15;22;11;11;11;13;11;8;9;3;5;8;8;9;7;7;6;3;3;4;2;0;4;1;0;1;0;0;1;0;0;0;0;0;0;1;0;0;0;2;0;0;1;0;0;0;0;0;0;0;0;0;0;0;0;0;0;0;0;0
088011;Scicli;29;24;24;27;15;15;8;17;10;15;19;17;19;15;10;13;11;8;8;12;6;16;13;16;28;18;19;13;24;15;19;15;19;18;16;12;19;16;13;15;13;21;18;19;21;16;12;17;12;12;7;11;13;4;9;3;8;2;6;6;3;7;3;2;0;2;2;1;1;1;0;0;2;1;1;2;0;0;0;0;1;0;1;0;0;0;0;0;0;0;0;0;0;0;0;0;0;0;0;0;0
088012;Vittoria;42;45;41;52;51;39;47;44;40;42;40;36;32;31;36;21;25;16;18;22;28;22;31;32;36;43;59;65;64;59;81;68;64;74;66;58;59;60;57;47;30;46;46;32;37;42;42;28;33;18;39;21;26;21;15;26;10;14;13;11;12;6;6;7;5;2;2;0;2;4;0;3;0;1;0;0;1;0;2;1;0;0;1;0;1;1;0;0;0;0;0;0;0;0;0;0;0;0;0;0;0
;Totale;187;193;185;191;181;173;171;169;131;161;135;134;125;133;123;104;106;82;105;94;116;116;118;159;210;209;220;246;265;274;262;240;265;270;264;252;247;266;222;203;210;215;207;170;171;200;176;172;147;142;126;117;111;124;95;101;92;88;66;80;52;60;34;45;29;27;20;20;19;12;6;9;5;9;10;8;9;3;11;6;6;1;5;2;4;2;0;0;1;0;0;0;2;0;0;0;0;0;0;0;0

"Ricostruzione della popolazione intercensuaria - Popolazione al 1° gennaio per età"
"Cittadinanza straniera - Anno: 2017 - Provincia: Ragusa"
Territorio/Età;;0;1;2;3;4;5;6;7;8;9;10;11;12;13;14;15;16;17;18;19;20;21;22;23;24;25;26;27;28;29;30;31;32;33;34;35;36;37;38;39;40;41;42;43;44;45;46;47;48;49;50;51;52;53;54;55;56;57;58;59;60;61;62;63;64;65;66;67;68;69;70;71;72;73;74;75;76;77;78;79;80;81;82;83;84;85;86;87;88;89;90;91;92;93;94;95;96;97;98;99;100
Codice comune;Comune;Totale
088001;Acate;48;45;45;42;34;32;24;23;31;23;37;35;19;21;27;32;24;32;19;35;27;54;38;34;72;74;84;87;79;107;103;91;85;87;102;103;93;103;89;68;69;67;69;57;51;47;64;53;41;42;38;30;33;29;22;22;19;17;7;11;8;6;6;7;3;3;5;0;2;3;0;1;0;0;2;1;1;0;0;0;0;0;0;0;0;0;0;0;0;0;0;0;0;0;0;0;0;0;0;0;0
088002;Chiaramonte Gulfi;12;13;11;7;10;13;6;19;4;10;10;4;5;9;5;7;9;14;11;22;16;8;20;11;18;10;18;14;22;17;32;17;19;18;19;19;15;16;14;18;15;16;10;11;11;13;17;10;7;9;7;4;7;8;6;6;9;9;9;7;1;0;8;3;1;4;3;1;1;2;1;1;0;1;1;0;1;0;0;0;0;0;0;0;0;0;0;0;0;0;0;0;0;0;0;0;0;0;0;0;0
088003;Comiso;41;36;35;27;31;27;34;37;38;39;22;32;33;29;35;46;47;31;82;77;52;41;49;52;54;42;58;71;76;68;89;76;70;84;85;91;65;59;80;64;49;53;45;54;51;41;43;50;44;34;39;27;32;24;37;25;25;14;17;20;13;13;14;14;8;2;5;6;5;4;6;1;5;3;1;1;3;1;1;1;6;2;1;1;0;1;0;0;0;0;0;0;0;0;0;0;0;0;0;0;0
088004;Giarratana;4;2;1;0;1;2;2;0;1;0;1;1;1;1;1;1;0;0;0;1;0;1;1;1;1;1;2;1;3;4;5;2;4;4;1;1;3;5;2;1;2;3;1;2;2;2;0;1;0;2;2;1;2;1;0;1;1;0;0;1;0;0;1;0;0;0;0;0;0;0;0;0;0;0;0;0;0;1;0;1;0;0;0;0;0;0;0;0;0;1;1;0;0;0;0;0;0;0;0;0;0
088005;Ispica;33;30;25;24;23;21;23;15;16;15;21;21;14;13;13;10;13;3;28;37;21;26;31;17;22;33;30;30;39;42;46;36;38;42;35;35;39;41;35;31;25;31;28;31;19;18;29;32;28;21;29;24;16;17;23;17;13;9;14;6;8;4;5;2;4;5;4;4;1;0;0;2;2;2;5;2;2;1;2;1;0;0;0;0;0;2;0;0;0;0;0;0;0;0;0;0;0;0;0;0;0
088006;Modica;33;33;30;35;32;22;29;26;37;20;19;20;16;13;18;12;16;21;17;21;10;23;23;30;27;27;39;33;34;47;56;54;42;43;58;66;58;52;58;55;45;55;45;39;42;32;37;32;31;27;26;34;27;21;29;14;23;17;16;19;14;20;9;7;13;11;12;5;11;8;2;4;2;1;3;4;4;0;3;1;0;2;1;0;2;1;2;0;1;0;0;0;0;0;0;0;0;0;0;0;0
088007;Monterosso Almo;0;0;0;0;0;0;0;0;0;1;0;0;1;0;0;1;0;2;0;0;1;0;1;0;0;0;1;1;1;0;1;0;1;1;0;0;0;0;3;3;2;2;0;1;0;0;2;0;1;1;3;2;0;2;0;1;4;0;0;1;0;1;0;0;2;0;0;0;0;0;0;0;0;0;0;0;1;0;0;0;0;0;0;0;0;0;0;0;0;0;0;0;0;0;0;0;0;0;0;0;0
088008;Pozzallo;5;8;4;13;6;13;6;4;12;6;6;12;8;7;5;6;8;7;7;9;7;8;7;9;12;7;8;17;15;28;25;16;22;30;24;16;11;23;18;14;15;12;20;10;16;10;14;17;15;12;6;10;3;8;12;4;6;8;15;8;9;6;5;2;6;1;0;2;3;1;1;2;1;1;3;1;3;0;0;1;0;2;0;0;0;0;0;0;0;1;0;0;0;0;0;0;0;0;0;0;0
088009;Ragusa;47;65;56;63;62;63;65;58;60;60;55;46;45;42;50;50;72;55;79;55;63;59;61;60;70;98;85;94;107;99;118;115;120;108;118;101;116;104;120;91;104;93;108;85;59;73;70;67;66;61;63;54;50;56;50;52;52;41;38;27;31;18;20;11;18;12;13;7;9;12;6;3;2;2;6;5;2;3;0;4;3;4;3;1;0;2;0;0;0;1;0;0;0;1;0;0;0;0;0;0;0
088010;Santa Croce Camerina;46;33;40;23;40;39;29;33;37;29;34;25;27;22;32;25;20;20;20;20;30;32;41;38;36;46;42;40;57;61;66;56;57;63;58;61;64;49;58;59;50;46;47;55;38;45;51;31;45;28;33;22;35;23;25;20;24;15;13;11;8;7;13;2;6;3;0;3;5;1;7;1;0;0;1;0;1;2;0;2;2;2;0;0;3;0;0;0;0;0;0;0;0;0;0;0;0;0;0;0;0
088011;Scicli;53;39;40;47;61;38;32;21;34;29;40;28;26;29;23;26;21;18;23;16;27;25;33;28;37;49;37;43;36;59;54;51;47;50;42;51;40;51;49;37;47;40;41;36;42;43;34;32;40;31;31;29;21;22;26;25;3;13;5;14;11;11;11;8;7;1;4;2;3;5;2;1;1;2;2;4;2;1;0;1;0;2;1;1;0;1;1;0;0;0;0;0;0;0;0;0;0;0;0;0;0
088012;Vittoria;84;85;92;94;102;109;93;92;77;75;75;72;66;64;60;72;69;64;66;83;66;79;85;87;76;112;116;139;161;151;156;179;185;168;174;184;167;171;146;186;147;156;137;144;103;107;101;125;90;109;74;109;69;65;49;57;49;38;43;31;28;28;17;18;10;17;6;4;0;3;9;1;5;0;2;1;0;2;2;2;2;1;0;1;0;1;1;0;1;0;0;0;0;0;0;0;0;0;0;0;0
;Totale;406;389;379;375;402;379;343;328;347;307;320;296;261;250;269;288;299;267;352;376;320;356;390;367;425;499;520;570;630;683;751;693;690;698;716;728;671;674;672;627;570;574;551;525;434;431;462;450;408;377;351;346;295;276;279;244;228;181;177;156;131;114;109;74;78;59;52;34;40;39;34;17;18;12;26;19;20;11;8;14;13;15;6;4;5;8;4;0;2;3;1;0;0;1;0;0;0;0;0;0;0
Territorio/Età;;0;1;2;3;4;5;6;7;8;9;10;11;12;13;14;15;16;17;18;19;20;21;22;23;24;25;26;27;28;29;30;31;32;33;34;35;36;37;38;39;40;41;42;43;44;45;46;47;48;49;50;51;52;53;54;55;56;57;58;59;60;61;62;63;64;65;66;67;68;69;70;71;72;73;74;75;76;77;78;79;80;81;82;83;84;85;86;87;88;89;90;91;92;93;94;95;96;97;98;99;100
Codice comune;Comune;Maschi
088001;Acate;29;26;23;23;16;20;9;14;19;14;19;20;11;12;17;19;16;20;11;20;18;33;19;20;44;40;48;47;49;60;70;61;67;60;67;75;68;72;64;47;50;47;46;40;32;36;48;37;24;29;25;22;24;24;19;20;15;11;7;8;4;5;3;5;3;3;1;0;1;3;0;1;0;0;1;1;1;0;0;0;0;0;0;0;0;0;0;0;0;0;0;0;0;0;0;0;0;0;0;0;0
088002;Chiaramonte Gulfi;7;7;5;2;7;9;4;9;3;5;4;4;0;5;3;3;6;6;10;18;16;5;16;3;7;6;12;8;18;11;20;11;11;12;13;10;8;8;9;10;12;9;2;5;6;6;8;6;3;7;5;2;4;4;1;3;5;2;4;4;0;0;3;1;1;1;0;0;1;1;0;1;0;1;1;0;0;0;0;0;0;0;0;0;0;0;0;0;0;0;0;0;0;0;0;0;0;0;0;0;0
088003;Comiso;20;26;21;11;20;14;17;15;23;25;15;22;17;16;22;27;35;20;74;64;39;29;42;43;36;20;37;50;56;43;64;55;40;61;54;64;42;39;51;42;35;34;27;31;27;26;20;32;26;20;22;20;20;14;19;16;13;6;6;12;7;6;8;4;4;0;2;2;2;1;5;1;1;3;1;0;1;0;0;0;2;1;1;1;0;0;0;0;0;0;0;0;0;0;0;0;0;0;0;0;0
088004;Giarratana;1;2;1;0;1;1;0;0;1;0;1;1;1;1;0;0;0;0;0;1;0;1;0;0;0;1;0;1;2;3;4;1;3;2;0;0;1;1;0;1;1;0;0;0;1;1;0;1;0;2;0;1;0;1;0;0;1;0;0;0;0;0;0;0;0;0;0;0;0;0;0;0;0;0;0;0;0;0;0;0;0;0;0;0;0;0;0;0;0;1;1;0;0;0;0;0;0;0;0;0;0
088005;Ispica;18;12;9;9;11;6;10;4;11;10;9;15;10;6;8;8;8;1;26;27;17;16;25;12;12;22;20;22;30;27;25;31;29;22;26;18;25;28;23;24;17;21;21;18;10;14;21;25;13;17;22;17;13;12;15;10;11;5;9;4;5;1;0;2;4;2;4;1;1;0;0;1;2;1;4;1;2;0;2;0;0;0;0;0;0;1;0;0;0;0;0;0;0;0;0;0;0;0;0;0;0
088006;Modica;15;15;16;18;16;8;15;13;22;14;13;8;5;4;6;11;10;11;8;13;7;14;7;18;15;14;19;12;12;23;32;27;22;27;33;33;27;27;33;29;27;26;26;19;29;11;17;18;15;14;10;16;11;14;11;4;13;3;3;7;3;8;3;2;3;4;6;0;3;2;1;2;2;0;0;1;1;0;1;0;0;2;1;0;1;1;1;0;1;0;0;0;0;0;0;0;0;0;0;0;0
088007;Monterosso Almo;0;0;0;0;0;0;0;0;0;1;0;0;1;0;0;1;0;2;0;0;0;0;0;0;0;0;0;1;0;0;0;0;1;0;0;0;0;0;1;0;2;1;0;0;0;0;0;0;0;0;0;0;0;1;0;0;0;0;0;0;0;0;0;0;0;0;0;0;0;0;0;0;0;0;0;0;1;0;0;0;0;0;0;0;0;0;0;0;0;0;0;0;0;0;0;0;0;0;0;0;0
088008;Pozzallo;2;2;0;6;2;9;2;2;8;4;4;4;4;4;1;2;6;3;7;4;7;7;4;4;7;1;5;7;10;15;14;7;9;15;12;8;2;8;11;7;11;3;10;5;12;4;3;7;7;4;3;6;0;4;5;1;5;5;5;6;1;4;1;1;2;0;0;1;1;0;0;0;0;0;3;1;2;0;0;0;0;1;0;0;0;0;0;0;0;0;0;0;0;0;0;0;0;0;0;0;0
088009;Ragusa;25;31;29;34;34;32;30;27;27;30;21;32;24;19;29;31;42;33;60;38;40;37;41;39;38;46;49;52;57;66;66;61;74;58;67;62;63;60;58;51;44;45;54;52;29;32;27;36;27;25;27;26;22;27;20;23;24;15;16;13;4;8;4;9;6;6;4;5;3;7;3;2;0;1;3;1;2;0;0;1;2;3;2;0;0;1;0;0;0;1;0;0;0;0;0;0;0;0;0;0;0
088010;Santa Croce Camerina;27;19;16;13;19;23;13;17;21;15;15;14;11;12;13;14;14;14;9;13;18;17;29;28;22;30;22;30;36;38;42;41;40;41;39;38;43;35;38;44;36;33;32;34;27;31;39;19;36;18;24;19;29;17;17;12;17;9;9;8;5;4;10;2;1;2;0;2;5;1;5;1;0;0;1;0;1;1;0;1;2;0;0;0;2;0;0;0;0;0;0;0;0;0;0;0;0;0;0;0;0
088011;Scicli;24;12;13;22;35;23;19;13;15;17;28;10;11;13;12;16;9;8;15;10;16;20;17;12;20;19;18;20;21;29;36;31;31;30;25;34;28;31;32;25;32;27;20;17;23;21;18;20;23;18;20;20;10;9;22;14;0;8;3;7;5;8;5;5;5;1;1;0;1;4;0;1;1;0;1;2;0;1;0;1;0;1;1;0;0;1;1;0;0;0;0;0;0;0;0;0;0;0;0;0;0
088012;Vittoria;42;42;48;49;49;57;54;47;39;38;33;32;29;30;29;35;46;40;48;62;43;41;57;54;44;67;62;67;91;75;92;98;110;103;97;109;110;107;92;130;96;120;92;97;68;71;59;82;63;73;54;72;50;43;32;43;24;27;29;20;19;15;11;13;5;14;4;2;0;1;5;1;2;0;1;1;0;1;1;0;1;1;0;0;0;0;0;0;1;0;0;0;0;0;0;0;0;0;0;0;0
;Totale;210;194;181;187;210;202;173;161;189;173;162;162;124;122;140;167;192;158;268;270;221;220;257;233;245;266;292;317;382;390;465;424;437;431;433;451;417;416;412;410;363;366;330;318;264;253;260;283;237;227;212;221;183;170;161;146;128;91;91;89;53;59;48;44;34;33;22;13;18;20;19;11;8;6;16;8;11;3;4;3;7;9;5;1;3;4;2;0;2;2;1;0;0;0;0;0;0;0;0;0;0
Territorio/Età;;0;1;2;3;4;5;6;7;8;9;10;11;12;13;14;15;16;17;18;19;20;21;22;23;24;25;26;27;28;29;30;31;32;33;34;35;36;37;38;39;40;41;42;43;44;45;46;47;48;49;50;51;52;53;54;55;56;57;58;59;60;61;62;63;64;65;66;67;68;69;70;71;72;73;74;75;76;77;78;79;80;81;82;83;84;85;86;87;88;89;90;91;92;93;94;95;96;97;98;99;100
Codice comune;Comune;Femmine
088001;Acate;19;19;22;19;18;12;15;9;12;9;18;15;8;9;10;13;8;12;8;15;9;21;19;14;28;34;36;40;30;47;33;30;18;27;35;28;25;31;25;21;19;20;23;17;19;11;16;16;17;13;13;8;9;5;3;2;4;6;0;3;4;1;3;2;0;0;4;0;1;0;0;0;0;0;1;0;0;0;0;0;0;0;0;0;0;0;0;0;0;0;0;0;0;0;0;0;0;0;0;0;0
088002;Chiaramonte Gulfi;5;6;6;5;3;4;2;10;1;5;6;0;5;4;2;4;3;8;1;4;0;3;4;8;11;4;6;6;4;6;12;6;8;6;6;9;7;8;5;8;3;7;8;6;5;7;9;4;4;2;2;2;3;4;5;3;4;7;5;3;1;0;5;2;0;3;3;1;0;1;1;0;0;0;0;0;1;0;0;0;0;0;0;0;0;0;0;0;0;0;0;0;0;0;0;0;0;0;0;0;0
088003;Comiso;21;10;14;16;11;13;17;22;15;14;7;10;16;13;13;19;12;11;8;13;13;12;7;9;18;22;21;21;20;25;25;21;30;23;31;27;23;20;29;22;14;19;18;23;24;15;23;18;18;14;17;7;12;10;18;9;12;8;11;8;6;7;6;10;4;2;3;4;3;3;1;0;4;0;0;1;2;1;1;1;4;1;0;0;0;1;0;0;0;0;0;0;0;0;0;0;0;0;0;0;0
088004;Giarratana;3;0;0;0;0;1;2;0;0;0;0;0;0;0;1;1;0;0;0;0;0;0;1;1;1;0;2;0;1;1;1;1;1;2;1;1;2;4;2;0;1;3;1;2;1;1;0;0;0;0;2;0;2;0;0;1;0;0;0;1;0;0;1;0;0;0;0;0;0;0;0;0;0;0;0;0;0;1;0;1;0;0;0;0;0;0;0;0;0;0;0;0;0;0;0;0;0;0;0;0;0
088005;Ispica;15;18;16;15;12;15;13;11;5;5;12;6;4;7;5;2;5;2;2;10;4;10;6;5;10;11;10;8;9;15;21;5;9;20;9;17;14;13;12;7;8;10;7;13;9;4;8;7;15;4;7;7;3;5;8;7;2;4;5;2;3;3;5;0;0;3;0;3;0;0;0;1;0;1;1;1;0;1;0;1;0;0;0;0;0;1;0;0;0;0;0;0;0;0;0;0;0;0;0;0;0
088006;Modica;18;18;14;17;16;14;14;13;15;6;6;12;11;9;12;1;6;10;9;8;3;9;16;12;12;13;20;21;22;24;24;27;20;16;25;33;31;25;25;26;18;29;19;20;13;21;20;14;16;13;16;18;16;7;18;10;10;14;13;12;11;12;6;5;10;7;6;5;8;6;1;2;0;1;3;3;3;0;2;1;0;0;0;0;1;0;1;0;0;0;0;0;0;0;0;0;0;0;0;0;0
088007;Monterosso Almo;0;0;0;0;0;0;0;0;0;0;0;0;0;0;0;0;0;0;0;0;1;0;1;0;0;0;1;0;1;0;1;0;0;1;0;0;0;0;2;3;0;1;0;1;0;0;2;0;1;1;3;2;0;1;0;1;4;0;0;1;0;1;0;0;2;0;0;0;0;0;0;0;0;0;0;0;0;0;0;0;0;0;0;0;0;0;0;0;0;0;0;0;0;0;0;0;0;0;0;0;0
088008;Pozzallo;3;6;4;7;4;4;4;2;4;2;2;8;4;3;4;4;2;4;0;5;0;1;3;5;5;6;3;10;5;13;11;9;13;15;12;8;9;15;7;7;4;9;10;5;4;6;11;10;8;8;3;4;3;4;7;3;1;3;10;2;8;2;4;1;4;1;0;1;2;1;1;2;1;1;0;0;1;0;0;1;0;1;0;0;0;0;0;0;0;1;0;0;0;0;0;0;0;0;0;0;0
088009;Ragusa;22;34;27;29;28;31;35;31;33;30;34;14;21;23;21;19;30;22;19;17;23;22;20;21;32;52;36;42;50;33;52;54;46;50;51;39;53;44;62;40;60;48;54;33;30;41;43;31;39;36;36;28;28;29;30;29;28;26;22;14;27;10;16;2;12;6;9;2;6;5;3;1;2;1;3;4;0;3;0;3;1;1;1;1;0;1;0;0;0;0;0;0;0;1;0;0;0;0;0;0;0
088010;Santa Croce Camerina;19;14;24;10;21;16;16;16;16;14;19;11;16;10;19;11;6;6;11;7;12;15;12;10;14;16;20;10;21;23;24;15;17;22;19;23;21;14;20;15;14;13;15;21;11;14;12;12;9;10;9;3;6;6;8;8;7;6;4;3;3;3;3;0;5;1;0;1;0;0;2;0;0;0;0;0;0;1;0;1;0;2;0;0;1;0;0;0;0;0;0;0;0;0;0;0;0;0;0;0;0
088011;Scicli;29;27;27;25;26;15;13;8;19;12;12;18;15;16;11;10;12;10;8;6;11;5;16;16;17;30;19;23;15;30;18;20;16;20;17;17;12;20;17;12;15;13;21;19;19;22;16;12;17;13;11;9;11;13;4;11;3;5;2;7;6;3;6;3;2;0;3;2;2;1;2;0;0;2;1;2;2;0;0;0;0;1;0;1;0;0;0;0;0;0;0;0;0;0;0;0;0;0;0;0;0
088012;Vittoria;42;43;44;45;53;52;39;45;38;37;42;40;37;34;31;37;23;24;18;21;23;38;28;33;32;45;54;72;70;76;64;81;75;65;77;75;57;64;54;56;51;36;45;47;35;36;42;43;27;36;20;37;19;22;17;14;25;11;14;11;9;13;6;5;5;3;2;2;0;2;4;0;3;0;1;0;0;1;1;2;1;0;0;1;0;1;1;0;0;0;0;0;0;0;0;0;0;0;0;0;0
;Totale;196;195;198;188;192;177;170;167;158;134;158;134;137;128;129;121;107;109;84;106;99;136;133;134;180;233;228;253;248;293;286;269;253;267;283;277;254;258;260;217;207;208;221;207;170;178;202;167;171;150;139;125;112;106;118;98;100;90;86;67;78;55;61;30;44;26;30;21;22;19;15;6;10;6;10;11;9;8;4;11;6;6;1;3;2;4;2;0;0;1;0;0;0;1;0;0;0;0;0;0;0

"Ricostruzione della popolazione intercensuaria - Popolazione al 1° gennaio per età"
"Cittadinanza straniera - Anno: 2018 - Provincia: Ragusa"
Territorio/Età;;0;1;2;3;4;5;6;7;8;9;10;11;12;13;14;15;16;17;18;19;20;21;22;23;24;25;26;27;28;29;30;31;32;33;34;35;36;37;38;39;40;41;42;43;44;45;46;47;48;49;50;51;52;53;54;55;56;57;58;59;60;61;62;63;64;65;66;67;68;69;70;71;72;73;74;75;76;77;78;79;80;81;82;83;84;85;86;87;88;89;90;91;92;93;94;95;96;97;98;99;100
Codice comune;Comune;Totale
088001;Acate;48;50;45;41;41;34;31;25;24;32;23;38;39;17;21;32;31;28;39;27;42;36;54;41;42;80;78;92;97;87;108;107;102;88;87;98;102;94;105;88;75;70;67;65;58;48;50;65;53;45;43;37;30;28;30;19;21;21;16;7;11;8;6;6;7;3;3;5;0;2;3;0;1;0;0;1;1;0;0;0;0;0;0;0;0;0;0;0;0;0;0;0;0;0;0;0;0;0;0;0;0
088002;Chiaramonte Gulfi;7;9;13;8;8;8;13;6;16;3;13;8;2;4;7;3;8;9;20;19;14;17;12;15;13;17;11;24;17;19;16;24;14;17;12;20;19;16;15;12;17;12;16;10;10;9;12;13;10;8;7;4;4;7;8;6;4;7;9;9;6;1;0;7;3;1;2;4;1;1;2;1;1;0;1;1;0;1;0;0;0;0;0;0;0;0;0;0;0;0;0;0;0;0;0;0;0;0;0;0;0
088003;Comiso;48;42;34;39;24;37;30;35;35;34;40;25;31;33;30;36;47;52;61;53;34;31;23;36;35;39;42;42;67;71;58;81;75;60;80;77;84;64;51;72;59;47;52;48;51;51;38;39;48;43;33;43;27;36;26;33;24;27;11;14;20;15;14;13;14;5;4;6;7;4;2;5;1;5;2;1;1;2;1;0;1;6;2;1;1;0;1;0;0;0;0;0;0;0;0;0;0;0;0;0;0
088004;Giarratana;1;2;4;1;0;1;2;2;0;1;0;1;1;1;1;1;1;0;0;0;2;0;1;1;1;2;2;1;1;2;3;4;2;3;3;2;1;3;5;2;1;2;3;1;2;1;2;0;1;0;2;2;2;2;1;0;2;0;0;0;2;0;0;1;0;0;0;0;0;0;0;0;0;0;0;0;0;0;1;0;1;0;0;0;0;0;0;0;0;0;1;1;0;0;0;0;0;0;0;0;0
088005;Ispica;21;35;32;24;25;28;21;22;15;16;17;21;20;15;16;15;12;14;19;30;35;21;25;31;22;24;33;30;36;40;44;48;38;43;39;39;38;38;41;39;31;26;29;29;32;19;20;29;32;29;26;30;22;16;19;22;17;13;9;14;6;9;3;4;3;6;4;4;2;1;3;0;2;2;2;5;2;2;0;1;1;0;0;0;0;0;1;0;0;0;0;0;0;0;0;0;0;0;0;0;0
088006;Modica;39;39;32;33;36;31;25;27;28;40;23;19;22;16;16;21;19;17;26;18;26;13;24;20;30;30;32;39;37;35;48;57;52;41;34;56;53;61;46;50;57;40;52;45;41;41;34;35;34;30;34;22;33;27;27;28;18;25;16;15;20;17;19;9;9;14;11;12;6;10;9;2;4;2;1;5;4;4;0;3;0;0;2;1;0;2;1;2;0;1;0;0;0;1;0;0;0;0;0;0;0
088007;Monterosso Almo;0;0;0;0;0;0;0;0;0;0;1;0;1;1;0;0;1;0;2;0;0;1;0;1;0;0;1;1;1;2;0;1;2;1;1;0;0;0;0;4;3;2;2;0;1;0;0;2;0;1;1;1;2;0;1;0;1;2;1;0;1;0;1;0;0;2;0;0;0;0;0;0;0;0;0;0;0;0;0;0;0;0;0;0;0;0;0;0;0;0;0;0;0;0;0;0;0;0;0;0;0
088008;Pozzallo;17;6;10;4;12;5;11;7;5;10;7;5;9;10;7;5;7;9;8;6;15;12;5;7;7;15;7;11;15;16;29;21;16;26;25;21;20;13;19;18;12;13;10;19;9;15;5;15;22;14;12;7;9;3;7;10;4;6;7;14;6;8;6;5;2;5;1;0;3;1;1;1;2;1;0;3;1;2;0;0;2;0;1;0;0;0;0;0;0;0;0;0;0;0;0;0;0;0;0;0;0
088009;Ragusa;87;50;72;58;60;63;62;66;57;55;65;56;45;49;43;50;53;79;84;96;70;69;78;70;72;82;104;95;104;114;101;124;117;124;113;116;104;108;104;124;95;104;94;101;83;65;72;63;67;66;67;66;50;49;52;53;43;56;43;41;32;32;19;19;11;17;14;13;8;8;12;7;3;2;1;6;7;3;3;2;4;3;2;3;1;1;3;0;0;0;1;0;0;0;1;0;0;0;0;0;0
088010;Santa Croce Camerina;42;45;31;40;25;38;32;29;32;36;25;34;23;24;23;32;30;19;16;22;26;26;37;40;34;34;46;45;40;55;63;71;54;60;63;59;58;66;46;58;60;54;43;46;55;39;46;49;32;44;29;34;22;31;24;24;20;22;15;13;12;8;6;12;2;5;1;0;3;4;1;6;1;0;0;1;0;1;2;0;1;2;1;0;0;1;0;0;0;0;0;0;0;0;0;0;0;0;0;0;0
088011;Scicli;48;49;41;39;49;52;37;34;21;35;30;38;29;25;32;23;25;20;23;20;21;29;28;28;33;38;42;34;44;38;59;56;53;48;49;43;45;36;55;48;39;48;44;38;35;39;41;39;33;39;32;33;29;22;20;26;22;3;13;5;14;10;10;10;8;8;1;4;2;3;5;2;1;0;2;2;3;2;1;0;1;0;2;2;1;0;1;1;0;0;0;0;0;0;0;0;0;0;0;0;0
088012;Vittoria;113;80;91;97;99;108;103;86;89;80;70;76;75;63;70;54;73;78;77;75;103;80;102;94;91;87;123;135;161;174;172;171;179;188;175;177;185;166;164;149;186;147;161;148;145;101;106;102;128;91;107;79;107;75;62;45;58;44;37;43;32;31;28;19;19;11;17;5;4;0;4;9;1;6;0;2;1;1;2;1;2;1;1;0;1;1;1;1;0;1;0;0;0;0;0;0;0;0;0;0;0
;Totale;471;407;405;384;379;405;367;339;322;342;314;321;297;258;266;272;307;325;375;366;388;335;389;384;380;448;521;549;620;653;701;765;704;699;681;708;709;665;651;664;635;565;573;550;522;428;426;451;460;410;393;358;337;296;277;266;234;226;177;175;162;139;112;105;78;77;58;53;36;34;42;33;17;18;9;27;20;18;10;7;13;12;11;7;4;5;8;4;0;2;2;1;0;1;1;0;0;0;0;0;0
Territorio/Età;;0;1;2;3;4;5;6;7;8;9;10;11;12;13;14;15;16;17;18;19;20;21;22;23;24;25;26;27;28;29;30;31;32;33;34;35;36;37;38;39;40;41;42;43;44;45;46;47;48;49;50;51;52;53;54;55;56;57;58;59;60;61;62;63;64;65;66;67;68;69;70;71;72;73;74;75;76;77;78;79;80;81;82;83;84;85;86;87;88;89;90;91;92;93;94;95;96;97;98;99;100
Codice comune;Comune;Maschi
088001;Acate;27;31;28;20;23;18;20;11;13;19;14;20;22;10;14;17;16;19;29;15;19;23;35;19;27;51;40;56;52;57;64;73;68;67;61;67;76;68;73;64;52;50;45;43;42;30;37;45;38;27;31;24;23;21;25;15;20;17;11;6;8;4;5;3;5;3;3;1;0;1;3;0;1;0;0;1;1;0;0;0;0;0;0;0;0;0;0;0;0;0;0;0;0;0;0;0;0;0;0;0;0
088002;Chiaramonte Gulfi;4;7;7;4;2;6;7;4;7;2;5;4;2;0;3;1;3;6;12;18;10;13;6;12;4;6;5;16;12;14;8;15;8;9;8;14;10;10;8;7;9;11;9;2;2;4;6;5;6;3;5;2;3;3;4;2;1;3;2;4;3;0;0;3;1;1;1;0;0;1;1;0;1;0;1;1;0;0;0;0;0;0;0;0;0;0;0;0;0;0;0;0;0;0;0;0;0;0;0;0;0
088003;Comiso;21;18;23;24;8;22;18;19;15;21;25;16;20;17;16;21;29;40;51;43;17;17;14;24;21;24;18;20;49;45;31;56;53;33;57;48;54;39;30;44;38;33;33;29;29;28;22;16;28;26;19;24;20;21;16;15;15;13;5;5;12;7;7;7;4;1;2;2;2;1;1;4;1;1;2;1;0;1;0;0;0;2;1;1;1;0;0;0;0;0;0;0;0;0;0;0;0;0;0;0;0
088004;Giarratana;0;1;3;1;0;1;1;0;0;1;0;1;1;1;1;0;0;0;0;0;1;0;1;0;0;1;1;0;1;1;3;2;2;2;1;0;0;1;1;0;1;1;0;0;0;1;1;0;1;0;2;0;2;1;1;0;1;0;0;0;1;0;0;0;0;0;0;0;0;0;0;0;0;0;0;0;0;0;0;0;0;0;0;0;0;0;0;0;0;0;1;1;0;0;0;0;0;0;0;0;0
088005;Ispica;9;19;15;8;10;14;7;10;5;11;11;9;14;11;8;9;9;7;13;28;25;18;15;24;14;13;22;21;25;29;30;25;30;29;21;29;21;23;30;26;22;18;20;21;19;11;17;21;24;13;18;22;16;13;12;17;10;10;5;9;4;5;0;0;3;4;2;4;1;1;1;0;1;2;1;4;1;2;0;1;0;0;0;0;0;0;1;0;0;0;0;0;0;0;0;0;0;0;0;0;0
088006;Modica;24;17;14;17;20;15;10;15;14;23;15;13;9;5;5;8;11;11;15;8;18;6;13;7;15;17;15;19;16;15;24;31;25;21;21;33;27;28;22;26;31;22;26;24;22;28;12;15;18;14;15;7;17;11;18;10;5;14;3;3;6;4;8;3;4;3;4;6;0;3;2;1;2;2;0;1;1;1;0;1;0;0;2;1;0;1;1;1;0;1;0;0;0;0;0;0;0;0;0;0;0
088007;Monterosso Almo;0;0;0;0;0;0;0;0;0;0;1;0;0;1;0;0;1;0;2;0;0;0;0;0;0;0;0;0;1;0;0;0;0;1;0;0;0;0;0;1;0;2;1;0;0;0;0;0;0;0;0;0;0;0;0;0;0;0;0;0;0;0;0;0;0;0;0;0;0;0;0;0;0;0;0;0;0;0;0;0;0;0;0;0;0;0;0;0;0;0;0;0;0;0;0;0;0;0;0;0;0
088008;Pozzallo;9;2;5;0;6;2;8;4;2;7;4;3;3;4;4;1;3;7;4;6;7;9;4;3;2;8;1;5;6;10;15;12;6;10;13;10;9;3;7;10;6;9;2;9;5;10;3;5;10;7;4;3;6;0;3;5;2;5;5;5;4;1;3;1;1;2;0;0;1;1;0;0;0;0;0;3;1;1;0;0;0;0;0;0;0;0;0;0;0;0;0;0;0;0;0;0;0;0;0;0;0
088009;Ragusa;36;26;30;31;33;35;33;32;28;24;35;23;28;24;21;30;33;44;57;77;48;46;46;46;48;48;47;53;55;59;67;69;61;74;62;64;64;59;58;61;51;45;46;51;50;32;32;23;34;27;24;29;24;20;24;21;21;26;17;17;16;5;8;4;8;6;7;4;6;3;8;3;2;0;1;3;2;3;0;1;1;2;1;2;0;1;1;0;0;0;1;0;0;0;0;0;0;0;0;0;0
088010;Santa Croce Camerina;25;26;20;17;15;18;19;13;18;21;14;16;12;9;13;12;17;12;13;12;16;14;20;29;22;20;32;25;30;36;36;50;40;43;42;39;35;45;34;40;43;38;30;31;35;27;30;38;20;36;20;23;19;26;18;15;14;16;9;9;9;5;3;9;2;1;0;0;2;4;1;4;1;0;0;1;0;1;1;0;1;2;0;0;0;0;0;0;0;0;0;0;0;0;0;0;0;0;0;0;0
088011;Scicli;22;20;14;15;23;30;24;20;13;14;19;27;11;10;17;11;15;9;15;13;13;19;18;13;15;20;18;17;21;19;28;35;33;30;28;27;32;24;34;30;27;30;26;18;17;20;21;24;20;23;18;21;20;12;9;21;13;0;7;3;7;5;7;5;5;6;1;1;0;1;4;0;1;0;0;1;1;0;1;0;1;0;1;1;0;0;1;1;0;0;0;0;0;0;0;0;0;0;0;0;0
088012;Vittoria;62;42;44;54;51;50;51;50;44;43;37;35;37;28;31;27;37;54;56;58;73;51;52;64;57;50;74;71;81;102;91;105;96;118;107;101;107;108;96;99;133;94;121;98;97;65;65;61;83;64;70;59;72;54;42;28;43;21;26;30;20;20;15;13;14;5;14;3;2;0;1;5;1;3;0;1;1;0;1;1;0;1;1;0;0;1;0;0;0;1;0;0;0;0;0;0;0;0;0;0;0
;Totale;239;209;203;191;191;211;198;178;159;186;180;167;159;120;133;137;174;209;267;278;247;216;224;241;225;258;273;303;349;387;397;473;422;437;421;432;435;408;393;408;413;353;359;326;318;256;246;253;282;240;226;214;222;182;172;149;145;125;90;91;90;56;56;48;47;32;34;21;14;16;22;17;11;8;5;17;8;9;3;4;3;7;6;5;1;3;4;2;0;2;2;1;0;0;0;0;0;0;0;0;0
Territorio/Età;;0;1;2;3;4;5;6;7;8;9;10;11;12;13;14;15;16;17;18;19;20;21;22;23;24;25;26;27;28;29;30;31;32;33;34;35;36;37;38;39;40;41;42;43;44;45;46;47;48;49;50;51;52;53;54;55;56;57;58;59;60;61;62;63;64;65;66;67;68;69;70;71;72;73;74;75;76;77;78;79;80;81;82;83;84;85;86;87;88;89;90;91;92;93;94;95;96;97;98;99;100
Codice comune;Comune;Femmine
088001;Acate;21;19;17;21;18;16;11;14;11;13;9;18;17;7;7;15;15;9;10;12;23;13;19;22;15;29;38;36;45;30;44;34;34;21;26;31;26;26;32;24;23;20;22;22;16;18;13;20;15;18;12;13;7;7;5;4;1;4;5;1;3;4;1;3;2;0;0;4;0;1;0;0;0;0;0;0;0;0;0;0;0;0;0;0;0;0;0;0;0;0;0;0;0;0;0;0;0;0;0;0;0
088002;Chiaramonte Gulfi;3;2;6;4;6;2;6;2;9;1;8;4;0;4;4;2;5;3;8;1;4;4;6;3;9;11;6;8;5;5;8;9;6;8;4;6;9;6;7;5;8;1;7;8;8;5;6;8;4;5;2;2;1;4;4;4;3;4;7;5;3;1;0;4;2;0;1;4;1;0;1;1;0;0;0;0;0;1;0;0;0;0;0;0;0;0;0;0;0;0;0;0;0;0;0;0;0;0;0;0;0
088003;Comiso;27;24;11;15;16;15;12;16;20;13;15;9;11;16;14;15;18;12;10;10;17;14;9;12;14;15;24;22;18;26;27;25;22;27;23;29;30;25;21;28;21;14;19;19;22;23;16;23;20;17;14;19;7;15;10;18;9;14;6;9;8;8;7;6;10;4;2;4;5;3;1;1;0;4;0;0;1;1;1;0;1;4;1;0;0;0;1;0;0;0;0;0;0;0;0;0;0;0;0;0;0
088004;Giarratana;1;1;1;0;0;0;1;2;0;0;0;0;0;0;0;1;1;0;0;0;1;0;0;1;1;1;1;1;0;1;0;2;0;1;2;2;1;2;4;2;0;1;3;1;2;0;1;0;0;0;0;2;0;1;0;0;1;0;0;0;1;0;0;1;0;0;0;0;0;0;0;0;0;0;0;0;0;0;1;0;1;0;0;0;0;0;0;0;0;0;0;0;0;0;0;0;0;0;0;0;0
088005;Ispica;12;16;17;16;15;14;14;12;10;5;6;12;6;4;8;6;3;7;6;2;10;3;10;7;8;11;11;9;11;11;14;23;8;14;18;10;17;15;11;13;9;8;9;8;13;8;3;8;8;16;8;8;6;3;7;5;7;3;4;5;2;4;3;4;0;2;2;0;1;0;2;0;1;0;1;1;1;0;0;0;1;0;0;0;0;0;0;0;0;0;0;0;0;0;0;0;0;0;0;0;0
088006;Modica;15;22;18;16;16;16;15;12;14;17;8;6;13;11;11;13;8;6;11;10;8;7;11;13;15;13;17;20;21;20;24;26;27;20;13;23;26;33;24;24;26;18;26;21;19;13;22;20;16;16;19;15;16;16;9;18;13;11;13;12;14;13;11;6;5;11;7;6;6;7;7;1;2;0;1;4;3;3;0;2;0;0;0;0;0;1;0;1;0;0;0;0;0;1;0;0;0;0;0;0;0
088007;Monterosso Almo;0;0;0;0;0;0;0;0;0;0;0;0;1;0;0;0;0;0;0;0;0;1;0;1;0;0;1;1;0;2;0;1;2;0;1;0;0;0;0;3;3;0;1;0;1;0;0;2;0;1;1;1;2;0;1;0;1;2;1;0;1;0;1;0;0;2;0;0;0;0;0;0;0;0;0;0;0;0;0;0;0;0;0;0;0;0;0;0;0;0;0;0;0;0;0;0;0;0;0;0;0
088008;Pozzallo;8;4;5;4;6;3;3;3;3;3;3;2;6;6;3;4;4;2;4;0;8;3;1;4;5;7;6;6;9;6;14;9;10;16;12;11;11;10;12;8;6;4;8;10;4;5;2;10;12;7;8;4;3;3;4;5;2;1;2;9;2;7;3;4;1;3;1;0;2;0;1;1;2;1;0;0;0;1;0;0;2;0;1;0;0;0;0;0;0;0;0;0;0;0;0;0;0;0;0;0;0
088009;Ragusa;51;24;42;27;27;28;29;34;29;31;30;33;17;25;22;20;20;35;27;19;22;23;32;24;24;34;57;42;49;55;34;55;56;50;51;52;40;49;46;63;44;59;48;50;33;33;40;40;33;39;43;37;26;29;28;32;22;30;26;24;16;27;11;15;3;11;7;9;2;5;4;4;1;2;0;3;5;0;3;1;3;1;1;1;1;0;2;0;0;0;0;0;0;0;1;0;0;0;0;0;0
088010;Santa Croce Camerina;17;19;11;23;10;20;13;16;14;15;11;18;11;15;10;20;13;7;3;10;10;12;17;11;12;14;14;20;10;19;27;21;14;17;21;20;23;21;12;18;17;16;13;15;20;12;16;11;12;8;9;11;3;5;6;9;6;6;6;4;3;3;3;3;0;4;1;0;1;0;0;2;0;0;0;0;0;0;1;0;0;0;1;0;0;1;0;0;0;0;0;0;0;0;0;0;0;0;0;0;0
088011;Scicli;26;29;27;24;26;22;13;14;8;21;11;11;18;15;15;12;10;11;8;7;8;10;10;15;18;18;24;17;23;19;31;21;20;18;21;16;13;12;21;18;12;18;18;20;18;19;20;15;13;16;14;12;9;10;11;5;9;3;6;2;7;5;3;5;3;2;0;3;2;2;1;2;0;0;2;1;2;2;0;0;0;0;1;1;1;0;0;0;0;0;0;0;0;0;0;0;0;0;0;0;0
088012;Vittoria;51;38;47;43;48;58;52;36;45;37;33;41;38;35;39;27;36;24;21;17;30;29;50;30;34;37;49;64;80;72;81;66;83;70;68;76;78;58;68;50;53;53;40;50;48;36;41;41;45;27;37;20;35;21;20;17;15;23;11;13;12;11;13;6;5;6;3;2;2;0;3;4;0;3;0;1;0;1;1;0;2;0;0;0;1;0;1;1;0;0;0;0;0;0;0;0;0;0;0;0;0
;Totale;232;198;202;193;188;194;169;161;163;156;134;154;138;138;133;135;133;116;108;88;141;119;165;143;155;190;248;246;271;266;304;292;282;262;260;276;274;257;258;256;222;212;214;224;204;172;180;198;178;170;167;144;115;114;105;117;89;101;87;84;72;83;56;57;31;45;24;32;22;18;20;16;6;10;4;10;12;9;7;3;10;5;5;2;3;2;4;2;0;0;0;0;0;1;1;0;0;0;0;0;0

"Ricostruzione della popolazione intercensuaria - Popolazione al 1° gennaio per età"
"Cittadinanza straniera - Anno: 2019 - Provincia: Ragusa"
Territorio/Età;;0;1;2;3;4;5;6;7;8;9;10;11;12;13;14;15;16;17;18;19;20;21;22;23;24;25;26;27;28;29;30;31;32;33;34;35;36;37;38;39;40;41;42;43;44;45;46;47;48;49;50;51;52;53;54;55;56;57;58;59;60;61;62;63;64;65;66;67;68;69;70;71;72;73;74;75;76;77;78;79;80;81;82;83;84;85;86;87;88;89;90;91;92;93;94;95;96;97;98;99;100
Codice comune;Comune;Totale
088001;Acate;48;42;54;48;43;42;33;34;21;25;28;22;35;36;17;20;31;33;30;41;38;45;42;60;45;51;89;78;99;102;87;110;108;95;91;92;97;100;96;101;93;70;71;64;65;61;48;51;65;53;43;44;34;25;28;28;20;18;20;16;7;9;8;5;5;6;3;3;3;1;2;3;0;1;0;0;1;1;0;0;0;0;0;0;0;0;0;0;0;0;0;0;0;0;0;0;0;0;0;0;0
088002;Chiaramonte Gulfi;14;8;11;15;8;11;8;13;7;13;3;12;9;2;5;7;5;9;18;32;23;16;22;12;15;14;20;10;21;19;21;15;26;18;16;9;17;17;14;14;12;17;9;14;9;10;9;10;14;11;9;8;4;4;8;9;5;5;8;8;9;6;1;0;7;4;1;2;1;1;1;2;1;1;0;1;1;0;1;0;0;0;0;0;0;0;0;0;0;0;0;0;0;0;0;0;0;0;0;0;0
088003;Comiso;46;52;44;35;41;27;44;33;33;37;33;40;27;35;37;35;39;52;60;58;53;43;41;30;45;47;54;51;50;77;71;59;94;88;65;80;78;87;64;49;67;58;51;65;53;54;58;39;41;53;48;35;47;35;37;26;34;27;28;17;13;20;17;15;13;12;5;4;7;6;3;3;5;1;4;2;1;0;1;1;0;1;6;2;1;1;0;1;0;0;0;0;0;0;0;0;0;0;0;0;0
088004;Giarratana;2;1;3;2;1;0;2;2;2;0;1;0;1;1;1;1;1;1;0;0;0;2;0;1;1;1;2;1;1;1;2;2;4;5;2;3;2;1;3;4;3;2;2;3;0;2;1;2;0;1;0;5;2;2;1;1;1;1;0;0;0;1;0;0;1;0;0;0;0;0;0;0;0;0;0;0;0;0;0;1;0;1;0;0;0;0;0;0;0;0;0;0;0;0;0;0;0;0;0;0;0
088005;Ispica;37;21;31;30;25;21;24;24;22;15;18;14;18;19;16;17;15;11;25;32;29;37;25;30;31;25;26;38;33;37;41;48;48;43;43;40;37;44;38;43;36;34;26;35;32;33;18;22;28;32;31;27;30;21;18;19;25;16;15;9;13;6;10;2;5;3;5;3;4;1;3;3;1;1;2;2;5;2;2;0;1;1;0;0;0;0;0;1;0;0;0;0;0;0;0;0;0;0;0;0;0
088006;Modica;17;41;38;31;28;28;30;24;27;28;40;25;18;23;17;16;22;19;22;25;23;22;16;26;22;33;29;33;38;38;27;45;52;47;36;30;52;44;56;43;45;51;37;47;43;41;37;31;34;36;32;33;20;30;26;27;27;18;21;17;16;21;15;19;10;9;11;11;13;8;12;9;2;4;3;1;5;4;4;0;3;1;0;2;1;0;1;1;1;0;1;0;0;0;1;0;0;0;0;0;0
088007;Monterosso Almo;0;0;0;0;0;0;0;0;0;0;0;1;0;1;1;1;0;1;0;1;0;0;1;0;1;0;0;1;2;1;2;0;1;1;2;1;0;0;0;0;3;2;1;2;0;1;0;0;3;0;1;1;0;2;0;2;0;0;2;0;0;1;0;1;0;0;1;1;0;0;0;0;0;0;0;0;0;0;0;0;0;0;0;0;0;0;0;0;0;0;0;0;0;0;0;0;0;0;0;0;0
088008;Pozzallo;13;12;9;9;5;12;7;10;10;5;8;8;5;11;8;10;6;7;12;13;7;13;10;5;8;8;14;8;11;14;14;26;19;15;21;22;25;20;16;18;16;12;11;12;17;10;12;6;13;20;14;9;8;9;4;8;12;5;6;8;12;5;7;6;6;2;6;1;1;3;0;1;1;2;1;0;3;1;2;1;0;2;0;1;0;1;1;0;0;0;0;0;0;0;0;0;0;0;0;0;0
088009;Ragusa;55;79;56;67;55;61;58;62;58;56;56;62;53;51;52;48;53;53;79;87;91;70;68;90;69;78;72;84;95;100;106;110;122;116;127;106;109;104;103;102;117;94;98;91;100;82;68;74;66;67;55;59;62;43;47;54;48;41;46;42;39;35;30;21;19;9;16;12;15;12;10;10;6;4;1;2;6;7;3;3;1;4;3;2;3;1;0;3;0;0;0;1;0;0;0;1;0;0;0;0;0
088010;Santa Croce Camerina;33;42;44;30;37;30;37;33;32;31;36;26;36;25;25;25;34;31;23;23;24;26;26;42;46;36;41;46;43;36;57;57;67;51;58;62;62;56;62;42;60;59;52;45;43;51;42;45;44;35;44;28;33;20;31;23;23;23;17;15;12;11;9;6;13;4;5;3;0;3;4;1;4;1;0;0;1;0;1;2;0;1;2;1;0;0;1;0;0;0;0;0;0;0;0;0;0;0;0;0;0
088011;Scicli;39;44;52;45;39;56;47;39;33;27;34;30;38;32;26;33;23;28;23;26;24;27;30;31;34;37;42;52;37;49;43;66;54;52;56;48;43;48;39;50;52;38;49;48;35;34;39;39;40;33;40;33;30;30;21;17;25;19;1;13;4;13;12;9;10;7;9;1;5;2;4;5;2;1;0;2;2;3;2;2;0;1;0;2;2;1;0;1;1;0;0;0;0;0;0;0;0;0;0;0;0
088012;Vittoria;93;117;86;93;97;94;110;104;91;90;80;70;82;72;63;75;54;72;80;81;78;109;82;109;101;101;93;118;135;170;180;177;171;185;200;179;177;182;161;165;153;197;149;152;148;135;101;102;98;123;91;103;76;100;76;57;43;56;44;37;39;35;30;26;18;18;9;18;6;4;0;4;9;1;6;0;2;1;1;2;2;2;1;1;0;1;0;1;0;0;1;0;0;0;0;0;0;0;0;0;0
;Totale;397;459;428;405;379;382;400;378;336;327;337;310;322;308;268;288;283;317;372;419;390;410;363;436;418;431;482;520;565;644;651;715;766;716;717;672;699;703;652;631;657;634;556;578;545;514;433;421;446;464;408;385;346;321;297;271;263;229;208;182;164;163;139;110;107;74;71;59;55;41;39;41;31;17;17;10;27;19;17;12;7;14;12;11;7;5;3;8;2;0;2;1;0;0;1;1;0;0;0;0;0
Territorio/Età;;0;1;2;3;4;5;6;7;8;9;10;11;12;13;14;15;16;17;18;19;20;21;22;23;24;25;26;27;28;29;30;31;32;33;34;35;36;37;38;39;40;41;42;43;44;45;46;47;48;49;50;51;52;53;54;55;56;57;58;59;60;61;62;63;64;65;66;67;68;69;70;71;72;73;74;75;76;77;78;79;80;81;82;83;84;85;86;87;88;89;90;91;92;93;94;95;96;97;98;99;100
Codice comune;Comune;Maschi
088001;Acate;22;23;33;29;21;25;17;21;8;12;15;15;19;20;11;12;17;17;20;28;19;22;26;38;21;30;57;41;63;57;56;65;71;64;67;65;70;75;67;69;69;48;49;40;43;43;28;37;43;37;26;31;22;20;20;24;16;17;16;12;6;7;5;4;3;4;3;3;0;1;1;3;0;1;0;0;1;1;0;0;0;0;0;0;0;0;0;0;0;0;0;0;0;0;0;0;0;0;0;0;0
088002;Chiaramonte Gulfi;9;4;8;7;4;4;7;7;4;5;2;5;3;2;1;3;3;4;15;24;22;11;15;6;12;4;8;5;14;14;15;10;18;9;8;6;12;9;9;7;7;9;8;8;2;1;3;5;5;7;3;6;2;3;4;5;2;2;4;2;4;3;0;0;3;1;1;1;0;0;1;1;0;1;0;1;1;0;0;0;0;0;0;0;0;0;0;0;0;0;0;0;0;0;0;0;0;0;0;0;0
088003;Comiso;22;24;22;23;27;10;26;20;18;17;19;25;19;25;22;21;24;33;48;47;43;28;25;17;28;27;33;25;26;56;45;36;62;62;39;57;50;57;40;29;43;36;37;45;35;32;31;22;20;35;28;21;29;28;22;17;19;16;15;7;5;12;9;8;6;3;1;2;2;2;0;2;4;1;1;2;1;0;0;0;0;0;2;1;1;1;0;0;0;0;0;0;0;0;0;0;0;0;0;0;0
088004;Giarratana;0;0;1;2;1;0;1;1;0;0;1;0;1;1;1;1;0;0;0;0;0;1;0;1;0;0;1;1;0;1;2;2;2;3;1;1;0;0;1;1;1;1;1;0;0;0;1;1;0;1;0;4;0;2;1;1;0;1;0;0;0;0;0;0;0;0;0;0;0;0;0;0;0;0;0;0;0;0;0;0;0;0;0;0;0;0;0;0;0;0;0;0;0;0;0;0;0;0;0;0;0
088005;Ispica;16;9;16;14;9;9;13;9;11;7;11;10;9;11;11;8;9;8;17;25;27;25;21;19;24;14;15;22;23;24;30;36;26;34;30;22;27;25;24;31;22;23;19;22;22;20;11;19;20;24;14;19;22;15;15;12;17;9;10;4;9;4;5;0;0;3;4;1;4;1;2;1;0;0;2;1;4;1;2;0;1;0;0;0;0;0;0;1;0;0;0;0;0;0;0;0;0;0;0;0;0
088006;Modica;8;25;17;15;16;18;13;11;14;15;23;15;12;9;5;5;9;11;14;14;10;14;7;15;8;18;17;15;19;17;13;22;31;24;20;16;31;21;24;22;24;26;21;24;22;20;25;13;16;18;13;15;8;16;9;18;11;6;12;3;3;8;4;7;2;4;2;4;6;0;4;2;1;2;2;0;1;1;1;0;1;0;0;2;1;0;1;1;1;0;1;0;0;0;0;0;0;0;0;0;0
088007;Monterosso Almo;0;0;0;0;0;0;0;0;0;0;0;1;0;0;1;0;0;1;0;1;0;0;0;0;0;0;0;1;1;1;0;0;0;0;1;0;0;0;0;0;1;0;1;1;0;0;0;0;1;0;0;0;0;0;0;1;0;0;0;0;0;0;0;0;0;0;0;1;0;0;0;0;0;0;0;0;0;0;0;0;0;0;0;0;0;0;0;0;0;0;0;0;0;0;0;0;0;0;0;0;0
088008;Pozzallo;9;6;4;5;1;6;4;6;4;2;6;4;3;5;3;7;1;3;10;8;6;5;7;2;3;5;6;1;5;5;9;11;10;5;9;11;15;9;5;8;8;5;8;4;8;5;7;3;3;9;7;4;4;5;1;4;5;2;5;5;5;3;0;3;3;1;2;0;1;1;0;0;0;0;0;0;3;1;1;0;0;0;0;0;0;0;1;0;0;0;0;0;0;0;0;0;0;0;0;0;0
088009;Ragusa;24;30;30;30;29;32;31;31;30;28;26;36;22;30;27;22;35;32;46;64;72;51;40;52;45;46;39;39;53;52;53;71;66;61;71;57;56;63;56;54;59;49;44;44;51;49;32;34;25;33;20;18;27;20;21;24;18;20;22;15;18;15;4;9;6;6;5;6;4;7;4;6;3;2;0;1;3;3;3;0;0;1;2;1;2;0;0;1;0;0;0;1;0;0;0;0;0;0;0;0;0
088010;Santa Croce Camerina;15;25;25;19;16;17;19;20;15;17;20;15;17;14;9;15;15;16;15;15;13;15;12;24;30;24;22;31;25;25;35;35;46;37;42;41;41;35;40;32;41;43;35;32;29;33;29;31;34;23;35;20;24;17;25;17;16;16;13;9;8;8;5;3;10;4;1;2;0;2;4;1;3;1;0;0;1;0;1;1;0;1;2;0;0;0;0;0;0;0;0;0;0;0;0;0;0;0;0;0;0
088011;Scicli;17;20;24;16;15;26;27;25;18;15;15;19;25;13;10;18;10;17;14;19;14;16;20;17;14;16;17;21;18;23;22;34;34;32;33;28;24;34;25;33;32;24;30;27;19;17;23;20;26;20;24;18;19;21;10;8;20;10;0;7;2;7;5;6;5;5;6;1;2;0;2;4;0;1;0;0;1;1;0;1;0;1;0;1;1;0;0;1;1;0;0;0;0;0;0;0;0;0;0;0;0
088012;Vittoria;50;67;45;48;52;47;52;57;52;43;42;37;41;38;27;35;28;38;58;56;56;72;47;55;67;67;54;64;69;85;103;97;104;101;128;106;99;107;103;99;105;138;99;112;95;91;63;60;57;80;62;67;56;66;56;37;27;39;20;25;30;22;19;14;12;13;5;15;3;2;0;1;5;1;3;0;1;1;0;1;1;0;1;1;0;0;0;0;0;0;1;0;0;0;0;0;0;0;0;0;0
;Totale;192;233;225;208;191;194;210;208;174;161;180;182;171;168;128;147;151;180;257;301;282;260;220;246;252;251;269;266;316;360;383;419;470;432;449;410;425;435;394;385;412;402;352;359;326;311;253;245;250;287;232;223;213;213;184;168;151;138;117;89;90;89;56;54;50;44;30;36;22;16;18;21;16;10;8;5;17;9;8;3;3;3;7;6;5;1;2;4;2;0;2;1;0;0;0;0;0;0;0;0;0
Territorio/Età;;0;1;2;3;4;5;6;7;8;9;10;11;12;13;14;15;16;17;18;19;20;21;22;23;24;25;26;27;28;29;30;31;32;33;34;35;36;37;38;39;40;41;42;43;44;45;46;47;48;49;50;51;52;53;54;55;56;57;58;59;60;61;62;63;64;65;66;67;68;69;70;71;72;73;74;75;76;77;78;79;80;81;82;83;84;85;86;87;88;89;90;91;92;93;94;95;96;97;98;99;100
Codice comune;Comune;Femmine
088001;Acate;26;19;21;19;22;17;16;13;13;13;13;7;16;16;6;8;14;16;10;13;19;23;16;22;24;21;32;37;36;45;31;45;37;31;24;27;27;25;29;32;24;22;22;24;22;18;20;14;22;16;17;13;12;5;8;4;4;1;4;4;1;2;3;1;2;2;0;0;3;0;1;0;0;0;0;0;0;0;0;0;0;0;0;0;0;0;0;0;0;0;0;0;0;0;0;0;0;0;0;0;0
088002;Chiaramonte Gulfi;5;4;3;8;4;7;1;6;3;8;1;7;6;0;4;4;2;5;3;8;1;5;7;6;3;10;12;5;7;5;6;5;8;9;8;3;5;8;5;7;5;8;1;6;7;9;6;5;9;4;6;2;2;1;4;4;3;3;4;6;5;3;1;0;4;3;0;1;1;1;0;1;1;0;0;0;0;0;1;0;0;0;0;0;0;0;0;0;0;0;0;0;0;0;0;0;0;0;0;0;0
088003;Comiso;24;28;22;12;14;17;18;13;15;20;14;15;8;10;15;14;15;19;12;11;10;15;16;13;17;20;21;26;24;21;26;23;32;26;26;23;28;30;24;20;24;22;14;20;18;22;27;17;21;18;20;14;18;7;15;9;15;11;13;10;8;8;8;7;7;9;4;2;5;4;3;1;1;0;3;0;0;0;1;1;0;1;4;1;0;0;0;1;0;0;0;0;0;0;0;0;0;0;0;0;0
088004;Giarratana;2;1;2;0;0;0;1;1;2;0;0;0;0;0;0;0;1;1;0;0;0;1;0;0;1;1;1;0;1;0;0;0;2;2;1;2;2;1;2;3;2;1;1;3;0;2;0;1;0;0;0;1;2;0;0;0;1;0;0;0;0;1;0;0;1;0;0;0;0;0;0;0;0;0;0;0;0;0;0;1;0;1;0;0;0;0;0;0;0;0;0;0;0;0;0;0;0;0;0;0;0
088005;Ispica;21;12;15;16;16;12;11;15;11;8;7;4;9;8;5;9;6;3;8;7;2;12;4;11;7;11;11;16;10;13;11;12;22;9;13;18;10;19;14;12;14;11;7;13;10;13;7;3;8;8;17;8;8;6;3;7;8;7;5;5;4;2;5;2;5;0;1;2;0;0;1;2;1;1;0;1;1;1;0;0;0;1;0;0;0;0;0;0;0;0;0;0;0;0;0;0;0;0;0;0;0
088006;Modica;9;16;21;16;12;10;17;13;13;13;17;10;6;14;12;11;13;8;8;11;13;8;9;11;14;15;12;18;19;21;14;23;21;23;16;14;21;23;32;21;21;25;16;23;21;21;12;18;18;18;19;18;12;14;17;9;16;12;9;14;13;13;11;12;8;5;9;7;7;8;8;7;1;2;1;1;4;3;3;0;2;1;0;0;0;0;0;0;0;0;0;0;0;0;1;0;0;0;0;0;0
088007;Monterosso Almo;0;0;0;0;0;0;0;0;0;0;0;0;0;1;0;1;0;0;0;0;0;0;1;0;1;0;0;0;1;0;2;0;1;1;1;1;0;0;0;0;2;2;0;1;0;1;0;0;2;0;1;1;0;2;0;1;0;0;2;0;0;1;0;1;0;0;1;0;0;0;0;0;0;0;0;0;0;0;0;0;0;0;0;0;0;0;0;0;0;0;0;0;0;0;0;0;0;0;0;0;0
088008;Pozzallo;4;6;5;4;4;6;3;4;6;3;2;4;2;6;5;3;5;4;2;5;1;8;3;3;5;3;8;7;6;9;5;15;9;10;12;11;10;11;11;10;8;7;3;8;9;5;5;3;10;11;7;5;4;4;3;4;7;3;1;3;7;2;7;3;3;1;4;1;0;2;0;1;1;2;1;0;0;0;1;1;0;2;0;1;0;1;0;0;0;0;0;0;0;0;0;0;0;0;0;0;0
088009;Ragusa;31;49;26;37;26;29;27;31;28;28;30;26;31;21;25;26;18;21;33;23;19;19;28;38;24;32;33;45;42;48;53;39;56;55;56;49;53;41;47;48;58;45;54;47;49;33;36;40;41;34;35;41;35;23;26;30;30;21;24;27;21;20;26;12;13;3;11;6;11;5;6;4;3;2;1;1;3;4;0;3;1;3;1;1;1;1;0;2;0;0;0;0;0;0;0;1;0;0;0;0;0
088010;Santa Croce Camerina;18;17;19;11;21;13;18;13;17;14;16;11;19;11;16;10;19;15;8;8;11;11;14;18;16;12;19;15;18;11;22;22;21;14;16;21;21;21;22;10;19;16;17;13;14;18;13;14;10;12;9;8;9;3;6;6;7;7;4;6;4;3;4;3;3;0;4;1;0;1;0;0;1;0;0;0;0;0;0;1;0;0;0;1;0;0;1;0;0;0;0;0;0;0;0;0;0;0;0;0;0
088011;Scicli;22;24;28;29;24;30;20;14;15;12;19;11;13;19;16;15;13;11;9;7;10;11;10;14;20;21;25;31;19;26;21;32;20;20;23;20;19;14;14;17;20;14;19;21;16;17;16;19;14;13;16;15;11;9;11;9;5;9;1;6;2;6;7;3;5;2;3;0;3;2;2;1;2;0;0;2;1;2;2;1;0;0;0;1;1;1;0;0;0;0;0;0;0;0;0;0;0;0;0;0;0
088012;Vittoria;43;50;41;45;45;47;58;47;39;47;38;33;41;34;36;40;26;34;22;25;22;37;35;54;34;34;39;54;66;85;77;80;67;84;72;73;78;75;58;66;48;59;50;40;53;44;38;42;41;43;29;36;20;34;20;20;16;17;24;12;9;13;11;12;6;5;4;3;3;2;0;3;4;0;3;0;1;0;1;1;1;2;0;0;0;1;0;1;0;0;0;0;0;0;0;0;0;0;0;0;0
;Totale;205;226;203;197;188;188;190;170;162;166;157;128;151;140;140;141;132;137;115;118;108;150;143;190;166;180;213;254;249;284;268;296;296;284;268;262;274;268;258;246;245;232;204;219;219;203;180;176;196;177;176;162;133;108;113;103;112;91;91;93;74;74;83;56;57;30;41;23;33;25;21;20;15;7;9;5;10;10;9;9;4;11;5;5;2;4;1;4;0;0;0;0;0;0;1;1;0;0;0;0;0
